$MeshFormat
2.2 0 8
$EndMeshFormat
$PhysicalNames
3
1 1 "outer_walls"
1 3 "dummy_obstacle_boundary"
2 5 "domain"
$EndPhysicalNames
$Nodes
3932
1 -0.487938524157182 0.0684040286651338 0
2 -0.3 1.89859319002877e-17 0
3 0.3 1.89859319002877e-17 0
4 0.487938524157182 0.0684040286651338 0
5 0.487938524157182 0.953909469194603 0
6 -0.487938524157182 0.953909469194603 0
7 -0.16 0.810716257423132 0
8 -0.159 0.800951160398923 0
9 -0.158 0.796263075028997 0
10 -0.157 0.79276416605078 0
11 -0.156 0.790125484021295 0
12 -0.155 0.788378361573946 0
13 -0.154 0.786759592439449 0
14 -0.153 0.7852083267289121 0
15 -0.152 0.783654530427621 0
16 -0.151 0.782118656008285 0
17 -0.15 0.780543215901314 0
18 -0.149 0.778855659276081 0
19 -0.148 0.777030175571354 0
20 -0.147 0.774677239207573 0
21 -0.146 0.771699594015311 0
22 -0.145 0.768804216353506 0
23 -0.144 0.765970776942886 0
24 -0.143 0.763034178708505 0
25 -0.142 0.758821742444012 0
26 -0.141 0.746054688531112 0
27 -0.14 0.73972794286677 0
28 -0.139 0.735813560262767 0
29 -0.138 0.732909240639668 0
30 -0.137 0.730470031003836 0
31 -0.136 0.7283518602475429 0
32 -0.135 0.726491345130326 0
33 -0.134 0.724778542716307 0
34 -0.133 0.723230691378894 0
35 -0.132 0.721733490639644 0
36 -0.131 0.7203147251725039 0
37 -0.13 0.719020748377871 0
38 -0.129 0.717744455398533 0
39 -0.128 0.716559466132529 0
40 -0.127 0.715454972400421 0
41 -0.126 0.714413178470144 0
42 -0.125 0.713379335868245 0
43 -0.124 0.7124088211724 0
44 -0.123 0.711452993775852 0
45 -0.122 0.710572413639336 0
46 -0.121 0.709693293693774 0
47 -0.12 0.708858712079285 0
48 -0.119 0.708048015892363 0
49 -0.118 0.70726024114228 0
50 -0.117 0.7065159638428939 0
51 -0.116 0.705805211386205 0
52 -0.115 0.7051076697739 0
53 -0.114 0.704456775129873 0
54 -0.113 0.703831074545629 0
55 -0.112 0.703221830628396 0
56 -0.111 0.702641011188325 0
57 -0.11 0.702087011415794 0
58 -0.109 0.701554581430314 0
59 -0.108 0.701023302787271 0
60 -0.107 0.700535925732628 0
61 -0.106 0.7000485486779841 0
62 -0.105 0.699595787128162 0
63 -0.104 0.699151462176845 0
64 -0.103 0.698716253290012 0
65 -0.102 0.698298820028835 0
66 -0.101 0.697890056675848 0
67 -0.1 0.6975161994545021 0
68 -0.099 0.697142342233156 0
69 -0.098 0.696770779806875 0
70 -0.097 0.696418838835452 0
71 -0.096 0.696084951443549 0
72 -0.095 0.695751064051647 0
73 -0.094 0.695423580961345 0
74 -0.093 0.695108087515154 0
75 -0.092 0.694792594068963 0
76 -0.091 0.694484278261381 0
77 -0.09 0.694185480727987 0
78 -0.089 0.693908815047051 0
79 -0.08799999999999999 0.6936321493661149 0
80 -0.08699999999999999 0.693355483685179 0
81 -0.08599999999999999 0.693090455941469 0
82 -0.08500000000000001 0.692843942997236 0
83 -0.08400000000000001 0.692605485791617 0
84 -0.083 0.692367028585997 0
85 -0.082 0.692157173995394 0
86 -0.081 0.691957638682449 0
87 -0.08 0.6917581033695041 0
88 -0.079 0.691570999360863 0
89 -0.078 0.691408265281804 0
90 -0.077 0.691245531202746 0
91 -0.076 0.691083589722062 0
92 -0.075 0.690931949604797 0
93 -0.074 0.690809495311882 0
94 -0.073 0.6906874572316321 0
95 -0.07199999999999999 0.69057257730094 0
96 -0.07099999999999999 0.690462113771301 0
97 -0.07000000000000001 0.69035903878319 0
98 -0.06900000000000001 0.690261127389751 0
99 -0.068 0.690163215996312 0
100 -0.067 0.690065304602872 0
101 -0.066 0.689993044424037 0
102 -0.065 0.6899506866609399 0
103 -0.064 0.689908328897843 0
104 -0.063 0.689865971134745 0
105 -0.062 0.689827251853774 0
106 -0.061 0.689793284607248 0
107 -0.06 0.689778002045048 0
108 -0.059 0.689762719482848 0
109 -0.058 0.689752650229735 0
110 -0.057 0.689751488156194 0
111 -0.056 0.689750326082652 0
112 -0.055 0.6897526947143811 0
113 -0.054 0.689757129749565 0
114 -0.053 0.6897652156733129 0
115 -0.052 0.68979073474959 0
116 -0.051 0.6898199977802431 0
117 -0.05 0.6898597740849211 0
118 -0.049 0.6898995503896 0
119 -0.048 0.689943102285281 0
120 -0.047 0.689992808468248 0
121 -0.046 0.690042514651215 0
122 -0.045 0.690099369219015 0
123 -0.044 0.6901804519571469 0
124 -0.043 0.690264543785625 0
125 -0.042 0.690348635614103 0
126 -0.041 0.690433396758921 0
127 -0.04 0.690542841901122 0
128 -0.039 0.69066418132416 0
129 -0.038 0.690785520747199 0
130 -0.037 0.6909068601702369 0
131 -0.036 0.691033952952714 0
132 -0.035 0.691185508863443 0
133 -0.034 0.691342166662081 0
134 -0.033 0.69149882446072 0
135 -0.032 0.691655482259359 0
136 -0.031 0.691834736841214 0
137 -0.03 0.692030422859113 0
138 -0.029 0.69223137287375 0
139 -0.028 0.692457387751727 0
140 -0.027 0.692703466789379 0
141 -0.026 0.692953386574587 0
142 -0.025 0.693235186185763 0
143 -0.024 0.693516204863043 0
144 -0.023 0.693812942210575 0
145 -0.022 0.6941312736259641 0
146 -0.021 0.694449516237968 0
147 -0.02 0.694765944300521 0
148 -0.019 0.695086074020338 0
149 -0.018 0.695411898392116 0
150 -0.017 0.695731550991318 0
151 -0.016 0.6960511033447629 0
152 -0.015 0.696370655698207 0
153 -0.014 0.696682377739574 0
154 -0.013 0.696985423328958 0
155 -0.012 0.697288468918342 0
156 -0.011 0.697541968747872 0
157 -0.01 0.6977858450586431 0
158 -0.008999999999999999 0.697989608575705 0
159 -0.008 0.69818073554286 0
160 -0.007 0.698318825290801 0
161 -0.006 0.6984446280196011 0
162 -0.005 0.698529434940432 0
163 -0.004 0.698592965206595 0
164 -0.003 0.698656495472759 0
165 -0.002 0.698720025738922 0
166 -0.001 0.698783556005085 0
167 0 0.698845807591618 0
168 0.001 0.698904538213309 0
169 0.002 0.698953770043977 0
170 0.003 0.699003001874645 0
171 0.004 0.699052233705314 0
172 0.005 0.699101813071045 0
173 0.006 0.699105405618342 0
174 0.007 0.699056153129621 0
175 0.008 0.699020748554694 0
176 0.008999999999999999 0.698926903119573 0
177 0.01 0.698787464823225 0
178 0.011 0.698626886339364 0
179 0.012 0.6984640547136139 0
180 0.013 0.698266863508591 0
181 0.014 0.698070159273013 0
182 0.015 0.697855139724709 0
183 0.016 0.697619802891244 0
184 0.017 0.697394626521144 0
185 0.018 0.697153179533226 0
186 0.019 0.69691240623904 0
187 0.02 0.696671632944854 0
188 0.021 0.696430859650668 0
189 0.022 0.6961900863564821 0
190 0.023 0.695961763825851 0
191 0.024 0.695756461484063 0
192 0.025 0.6955511591422751 0
193 0.026 0.695363979235186 0
194 0.027 0.6952067981410121 0
195 0.028 0.695059017755228 0
196 0.029 0.694924533514814 0
197 0.03 0.694790049274401 0
198 0.031 0.694678824630979 0
199 0.032 0.694580815628821 0
200 0.033 0.694482806626663 0
201 0.034 0.694407387255869 0
202 0.035 0.694341010087844 0
203 0.036 0.6942772953907 0
204 0.037 0.6942261928619869 0
205 0.038 0.694187202479045 0
206 0.039 0.694148212096104 0
207 0.04 0.694109221713163 0
208 0.041 0.694079425922432 0
209 0.042 0.6940770716515809 0
210 0.043 0.694075545149746 0
211 0.044 0.694074018647911 0
212 0.045 0.694074626650603 0
213 0.046 0.694077093722135 0
214 0.047 0.694088571463411 0
215 0.048 0.694105343097342 0
216 0.049 0.6941360061867839 0
217 0.05 0.694167928538225 0
218 0.051 0.694202501873897 0
219 0.052 0.694241337372427 0
220 0.053 0.694292510967497 0
221 0.054 0.6943519632491441 0
222 0.055 0.694411415530791 0
223 0.056 0.6944708678124391 0
224 0.057 0.694533677995534 0
225 0.058 0.694593430973345 0
226 0.059 0.694652027389166 0
227 0.06 0.6947269740876481 0
228 0.061 0.694805312720769 0
229 0.062 0.69488121217378 0
230 0.063 0.69495804232917 0
231 0.064 0.695079115062031 0
232 0.065 0.695205611832387 0
233 0.066 0.69533949656434 0
234 0.067 0.695479687144688 0
235 0.068 0.695629321753737 0
236 0.06900000000000001 0.695791915341573 0
237 0.07000000000000001 0.695954792632319 0
238 0.07099999999999999 0.6961502887954359 0
239 0.07199999999999999 0.696353539103195 0
240 0.073 0.69658137358959 0
241 0.074 0.696814491513416 0
242 0.075 0.697055906188233 0
243 0.076 0.697313080493249 0
244 0.077 0.697600076993818 0
245 0.078 0.6978927497991509 0
246 0.079 0.698187735038541 0
247 0.08 0.698509653458087 0
248 0.081 0.6988421458352569 0
249 0.082 0.699176324702215 0
250 0.083 0.699537500090368 0
251 0.08400000000000001 0.699901209228425 0
252 0.08500000000000001 0.700270323366079 0
253 0.08599999999999999 0.700649151546007 0
254 0.08699999999999999 0.701044078322734 0
255 0.08799999999999999 0.701442137574697 0
256 0.089 0.701840161367533 0
257 0.09 0.702243440731659 0
258 0.091 0.702657153146943 0
259 0.092 0.703073242633535 0
260 0.093 0.703500391804478 0
261 0.094 0.703937161670769 0
262 0.095 0.704389199250737 0
263 0.096 0.704855881031231 0
264 0.097 0.705325534447661 0
265 0.098 0.705799573915497 0
266 0.099 0.706276063961309 0
267 0.1 0.706785352593753 0
268 0.101 0.707297877473325 0
269 0.102 0.707844382239264 0
270 0.103 0.708384303935206 0
271 0.104 0.708963348049895 0
272 0.105 0.709558548743778 0
273 0.106 0.710167469616792 0
274 0.107 0.710825986545088 0
275 0.108 0.711503035269784 0
276 0.109 0.712195150690635 0
277 0.11 0.712922568045574 0
278 0.111 0.713696451568457 0
279 0.112 0.7144845221078679 0
280 0.113 0.715296002253851 0
281 0.114 0.716185637221786 0
282 0.115 0.7170797069661 0
283 0.116 0.718030995886215 0
284 0.117 0.7190182877790841 0
285 0.118 0.720065499771906 0
286 0.119 0.721124251366099 0
287 0.12 0.722276422703197 0
288 0.121 0.72344928201624 0
289 0.122 0.724722569017958 0
290 0.123 0.72607942043023 0
291 0.124 0.727556762619249 0
292 0.125 0.729080996164207 0
293 0.126 0.730729557518546 0
294 0.127 0.732507859162446 0
295 0.128 0.734465120524033 0
296 0.129 0.736696093187348 0
297 0.13 0.7392539521286901 0
298 0.131 0.74248665343432 0
299 0.132 0.74769037348282 0
300 0.133 0.773099757295004 0
301 0.134 0.776881194153812 0
302 0.135 0.780685802812186 0
303 0.136 0.785226469043191 0
304 0.137 0.788968354720777 0
305 0.138 0.791397751794198 0
306 0.139 0.793465856094004 0
307 0.14 0.795459514122459 0
308 0.141 0.79739282198196 0
309 0.142 0.799321999783595 0
310 0.143 0.801295381236022 0
311 0.144 0.803365227762402 0
312 0.145 0.8062900986552 0
313 0.146 0.809898032563402 0
314 0.147 0.815573166110515 0
315 -0.4409538931180164 0.05130302149889764 0
316 -0.3939692620788481 0.0342020143326605 0
317 -0.3469846310394197 0.01710100716632867 0
318 -0.2500000000001174 1.89859319002877e-17 0
319 -0.2000000000002311 1.89859319002877e-17 0
320 -0.1500000000003737 1.89859319002877e-17 0
321 -0.1000000000005164 1.89859319002877e-17 0
322 -0.05000000000064833 1.89859319002877e-17 0
323 -7.803202528577913e-13 1.89859319002877e-17 0
324 0.04999999999934812 1.89859319002877e-17 0
325 0.09999999999948395 1.89859319002877e-17 0
326 0.1499999999996155 1.89859319002877e-17 0
327 0.1999999999997399 1.89859319002877e-17 0
328 0.2499999999998682 1.89859319002877e-17 0
329 0.3469846310391919 0.01710100716624576 0
330 0.3939692620783508 0.03420201433247951 0
331 0.4409538931177612 0.05130302149880476 0
332 0.487938524157182 0.1175987753611281 0
333 0.487938524157182 0.16679352205715 0
334 0.487938524157182 0.2159882687531085 0
335 0.487938524157182 0.2651830154490152 0
336 0.487938524157182 0.3143777621449266 0
337 0.487938524157182 0.3635725088408213 0
338 0.487938524157182 0.4127672555367376 0
339 0.487938524157182 0.4619620022326527 0
340 0.487938524157182 0.5111567489286027 0
341 0.487938524157182 0.5603514956248272 0
342 0.487938524157182 0.6095462423210951 0
343 0.487938524157182 0.6587409890173053 0
344 0.487938524157182 0.7079357357135105 0
345 0.487938524157182 0.7571304824097157 0
346 0.487938524157182 0.8063252291059211 0
347 0.487938524157182 0.8555199758021311 0
348 0.487938524157182 0.9047147224983585 0
349 0.4391446717415831 0.953909469194603 0
350 0.3903508193259539 0.953909469194603 0
351 0.341556966910342 0.953909469194603 0
352 0.2927631144947432 0.953909469194603 0
353 0.2439692620791443 0.953909469194603 0
354 0.1951754096635498 0.953909469194603 0
355 0.1463815572479987 0.953909469194603 0
356 0.09758770483244755 0.953909469194603 0
357 0.04879385241689621 0.953909469194603 0
358 1.290523243824282e-12 0.953909469194603 0
359 -0.0487938524145014 0.953909469194603 0
360 -0.09758770483032153 0.953909469194603 0
361 -0.1463815572461982 0.953909469194603 0
362 -0.1951754096620746 0.953909469194603 0
363 -0.2439692620779511 0.953909469194603 0
364 -0.2927631144938276 0.953909469194603 0
365 -0.3415569669097041 0.953909469194603 0
366 -0.3903508193255806 0.953909469194603 0
367 -0.4391446717414009 0.953909469194603 0
368 -0.487938524157182 0.9047147224986213 0
369 -0.487938524157182 0.8555199758025963 0
370 -0.487938524157182 0.806325229106658 0
371 -0.487938524157182 0.757130482410674 0
372 -0.487938524157182 0.7079357357148274 0
373 -0.487938524157182 0.6587409890188434 0
374 -0.487938524157182 0.6095462423230038 0
375 -0.487938524157182 0.5603514956270536 0
376 -0.487938524157182 0.5111567489311368 0
377 -0.487938524157182 0.4619620022349024 0
378 -0.487938524157182 0.412767255538627 0
379 -0.487938524157182 0.363572508842419 0
380 -0.487938524157182 0.3143777621462157 0
381 -0.487938524157182 0.2651830154500127 0
382 -0.487938524157182 0.2159882687538095 0
383 -0.487938524157182 0.1667935220576013 0
384 -0.487938524157182 0.1175987753613761 0
385 0.103142857142945 0.8148793220123188 0
386 0.05928571428592645 0.8141854779141232 0
387 0.0154285714289118 0.8134916338159277 0
388 -0.0284285714282253 0.8127977897177302 0
389 -0.07228571428548378 0.8121039456195308 0
390 -0.1161428571427509 0.8114101015213313 0
391 -0.03242494623006285 0.6906804880072859 0
392 0.02938541365404961 0.6940254381933275 0
393 -0.02324425197536345 0.6928036684992538 0
394 0.03850775903757012 0.6932827709942513 0
395 0.05059546629393937 0.6932931368270027 0
396 0.02136598719949569 0.6954346849721792 0
397 0.05954005632653271 0.693731777181257 0
398 -0.001422561662642002 0.6978138745515058 0
399 -0.1449675235253408 0.7421851827575585 0
400 -0.01524590122053354 0.695382195717643 0
401 0.01237950902365677 0.6974255972834408 0
402 -0.04647811419512528 0.689137937399358 0
403 -0.05650100638520839 0.6888848817156386 0
404 -0.1528632684018121 0.7820025106276104 0
405 -0.00841152951582916 0.6972530122767068 0
406 0.00454066987597656 0.6981752262163383 0
407 0.1392255813941798 0.7822861904567029 0
408 -0.02830476487690834 0.6914805649531526 0
409 -0.1479439291517959 0.7694159675152998 0
410 0.02538435191357834 0.6945564316850011 0
411 -0.1359208992992657 0.724784905454851 0
412 -0.03643521737163429 0.6901166977042422 0
413 0.1260200701057699 0.04277383834255277 0
414 -0.1232504607998105 0.04300827745698896 0
415 -0.06760807776281166 0.6893225165850323 0
416 0.4497998004853747 0.3867962065152494 0
417 0.07269502272462322 0.6955861443930953 0
418 0.08689664909573977 0.6999775506154455 0
419 -0.01919048576984548 0.6940490535480409 0
420 0.01730440902039218 0.6964607034971865 0
421 -0.446357635049649 0.3988474594707951 0
422 -0.0846466838307314 0.6917972481196838 0
423 -0.09677240650325825 0.695194698805877 0
424 -0.07669442535066716 0.6903027228318195 0
425 -0.1582824128383562 0.7906989538327466 0
426 0.1376378059176668 0.7439455470156001 0
427 0.00841887988781905 0.698109424579079 0
428 0.4476047325288866 0.5350917728600286 0
429 0.118412143898178 0.7186554018658959 0
430 -0.4453346237857775 0.5357541222790951 0
431 0.1296403982291649 0.7331126343940866 0
432 0.1253209151855233 0.7264068956008204 0
433 -0.004383364733148139 0.6976832088073818 0
434 -0.01219797542980794 0.6963174153739711 0
435 0.001542011898428726 0.6981065807967274 0
436 -0.4441538601143294 0.6801219563220875 0
437 0.4501416002468913 0.6842949147999874 0
438 -0.445931245994783 0.2418016783540695 0
439 0.4454726121369977 0.2403670494189152 0
440 -0.1502922833981901 0.7770371871135527 0
441 -0.1409152696305376 0.7333821403583208 0
442 -0.3130457612460252 0.9122877498049059 0
443 0.3171675078040229 0.9129286347646939 0
444 -0.1465524967740176 0.7605284037991465 0
445 -0.1560683397433731 0.7863703727199702 0
446 0.1407717787013736 0.7912482600665627 0
447 -0.3538562498175002 0.0705040019982312 0
448 0.3554351801620346 0.07101165786281054 0
449 0.03137965775850052 0.6937834019960963 0
450 -0.4419309764774833 0.7817715072616429 0
451 0.448774097808505 0.7807199245112399 0
452 -0.03033219189728859 0.6910829257209864 0
453 -0.02625687247615276 0.6919488329444525 0
454 0.02739582545125681 0.694313600761492 0
455 0.02322473749841526 0.6948660918719848 0
456 -0.02461339114212944 0.04264019608446948 0
457 -0.2236472059845293 0.04315103668785519 0
458 0.2290425683393841 0.04213401971875981 0
459 -0.02123485249992334 0.69344450501649 0
460 0.01524298168287274 0.696881178819319 0
461 0.019295601180949 0.6959439949126934 0
462 -0.01722671888813349 0.6947185312268372 0
463 0.1320507148941192 0.7365597818998749 0
464 0.1339549470428716 0.7328021767296595 0
465 -0.01022214893007597 0.6968137924154956 0
466 0.01044222270316466 0.6977670080205717 0
467 -0.006381754123378935 0.69755130553977 0
468 0.1274833538116493 0.7295056537449157 0
469 0.128682197816972 0.7259376024211528 0
470 0.1215105581642336 0.7220012331075267 0
471 0.006463323119545055 0.6982669694954456 0
472 0.2204766866600662 0.917738072690053 0
473 -0.2182435710865568 0.9180335143241295 0
474 -0.1372055072603362 0.8460750382611355 0
475 0.125345188579614 0.8432436264290805 0
476 -0.4496658514068086 0.1409602409095938 0
477 0.4484749551870866 0.1443533247132421 0
478 0.1550652091267344 0.8526300244478687 0
479 0.1752837731719388 0.8243237280510454 0
480 0.1466423100331255 0.8044309471953603 0
481 0.1440960556848606 0.7993820951956352 0
482 -0.05496116833690411 0.8488132768382056 0
483 0.1391411913911151 0.7734280205382268 0
484 0.1400987649861361 0.7516982924250343 0
485 0.145817165724585 0.7479604086719076 0
486 0.1441072756798736 0.7386533641918348 0
487 0.1525060561535084 0.7430271097191787 0
488 0.03335547742456288 0.8489123217151526 0
489 0.450570858095057 0.8818899970195611 0
490 -0.4453346237857401 0.8801173491506089 0
491 0.126275729048644 0.7228139332882276 0
492 0.1300599703759807 0.7225519350499884 0
493 0.106021930012973 0.709017170739388 0
494 0.09690888753234429 0.7042204118515047 0
495 0.1112976055125771 0.7120511083204859 0
496 0.114305513235901 0.7148946968505632 0
497 0.1279274916234167 0.719413392144677 0
498 0.1318112039764676 0.719120321747767 0
499 0.1295929995312736 0.7159152844366315 0
500 0.1338261999244637 0.7154560815652223 0
501 0.1081424360638783 0.7102585540375315 0
502 0.1040157394197445 0.7077850022534067 0
503 0.1009591024720128 0.7061663114964265 0
504 0.1164344760224813 0.7164646332102138 0
505 0.09489037015010758 0.7032996014854395 0
506 0.09898440106233154 0.7050680921592218 0
507 0.1346707162125109 0.7233117613218552 0
508 0.1256168473562584 0.7163292410749879 0
509 0.1564948990023179 0.8100950640284164 0
510 -0.1454131092242547 0.7518099157570642 0
511 0.1375756116320733 0.8759153385569095 0
512 0.151273210341477 0.8076126159984134 0
513 0.1571888154274924 0.804158337248425 0
514 0.1639695779896544 0.8077465581910266 0
515 0.1629698949022526 0.8002346480868874 0
516 0.1720234164810897 0.8033504753934093 0
517 0.1556878082018034 0.7975616029411507 0
518 0.1618935739533235 0.7925877383578592 0
519 0.1544735754295889 0.7895807323644271 0
520 0.160580121324222 0.7846723964264072 0
521 0.1532931118776188 0.7516502492220773 0
522 0.1605596102667731 0.7466426281450361 0
523 0.1687826810580371 0.7862728450425288 0
524 0.1531720168293073 0.7819022351607274 0
525 0.159281898614748 0.7765262276775664 0
526 -0.1120442910057125 0.9150469563555361 0
527 0.09748760334426898 0.8782732462367668 0
528 0.1510846726441668 0.7739546572801302 0
529 0.1573010022414359 0.7681687647154077 0
530 0.1669642712364957 0.7705946913831581 0
531 0.1499475490779502 0.7655894922063025 0
532 0.1616661023512126 0.7551376196846987 0
533 0.1692900007883918 0.7504529627596033 0
534 0.147394586846651 0.7869891750879757 0
535 0.1486340798349503 0.7938402605502773 0
536 0.1420747238558778 0.7956407573951833 0
537 0.1615670399689353 0.8159504635516496 0
538 0.1748081962803226 0.8731616148859731 0
539 -0.02352223030257198 0.9169453953503661 0
540 0.1455520258990639 0.7802059873245022 0
541 -0.1421726317158871 0.7365573150506406 0
542 0.1501336210522358 0.7993541854587749 0
543 -0.1488384619160196 0.7722075128101282 0
544 -0.1507641436213855 0.7700303998618384 0
545 -0.1499423654497458 0.7670369488372942 0
546 -0.1533986734517269 0.7679684310787357 0
547 -0.151634251069122 0.773042144661082 0
548 -0.2622940757623513 0.9111526461651213 0
549 -0.171871999729666 0.8064022752859896 0
550 -0.2895132059990175 0.8763283836734124 0
551 -0.171078294186187 0.8184764037610269 0
552 -0.1805050215246866 0.8119833355883901 0
553 -0.1805254324756058 0.8021464121480162 0
554 -0.1833472693426437 0.8238427873398205 0
555 -0.1891417773599537 0.8066726173484915 0
556 -0.1887470357909962 0.7957326413004107 0
557 -0.1983310049471431 0.8011182207966301 0
558 -0.198031616343516 0.7890772381172102 0
559 -0.209171239032073 0.7949279615348889 0
560 -0.2090664517230124 0.7814632370054962 0
561 -0.1443204187037946 0.7338265199158182 0
562 -0.2218150936202183 0.7875269380472989 0
563 -0.2215841524057305 0.7727810663143174 0
564 -0.2360522057087463 0.7801132405939688 0
565 -0.2352857864114937 0.7632561738457919 0
566 -0.2184921615801138 0.7570771658425963 0
567 -0.2338871497369023 0.7468457546165512 0
568 -0.2165508548275292 0.7396423177328947 0
569 -0.1172682070678769 0.7051778068615855 0
570 -0.1090507256433012 0.7004309076595067 0
571 -0.1223806455132608 0.7092527154709316 0
572 -0.1286023062343914 0.7149148840677348 0
573 -0.2321674867028252 0.7308050699698906 0
574 -0.131439289759058 0.7189343459591724 0
575 -0.2181363552738707 0.7239502194244009 0
576 -0.2313039062297282 0.714996640223403 0
577 -0.2172568115591244 0.708397984028753 0
578 -0.2300581685290378 0.6992730236895631 0
579 -0.2165147771246159 0.6926461696083074 0
580 -0.228967344099013 0.6834756921127063 0
581 -0.2152097894712929 0.6765915718374537 0
582 -0.2278662922365556 0.6674968942309839 0
583 -0.2134176302815635 0.6606642198699216 0
584 -0.226695366028906 0.6511280498139781 0
585 -0.2117535452306243 0.6435753375745303 0
586 -0.2255157882943669 0.6341466686704902 0
587 -0.20969911959804 0.6259043971306486 0
588 -0.2245485195693616 0.6156987234571689 0
589 -0.2076475587488181 0.6082499553276453 0
590 -0.1931329157566015 0.6172865765705257 0
591 -0.1903529678923537 0.6006671451381155 0
592 -0.2056299076049016 0.5900044442098309 0
593 -0.1883945322572702 0.5828738942155927 0
594 -0.1730379991670232 0.593249172546965 0
595 -0.1713947379830274 0.5761469012682894 0
596 -0.1570398211530182 0.586332952486291 0
597 -0.1550680632530406 0.5697537647316018 0
598 -0.1418371815260363 0.5796755365958222 0
599 -0.139281516865943 0.5635429656887951 0
600 -0.1263609795325152 0.5732756577313747 0
601 -0.1237445833472141 0.5573889674376955 0
602 -0.1105316671873127 0.5675464483440108 0
603 -0.1082722060562663 0.5513543043243102 0
604 -0.09507694890384949 0.5613446438913641 0
605 -0.09288671662097184 0.5452322922173275 0
606 -0.07991495395728471 0.5555535120648407 0
607 -0.07754311070031966 0.5391381537421385 0
608 -0.0647143338162971 0.5493929288547977 0
609 -0.06214289225287318 0.5329553244377135 0
610 -0.04908345430702519 0.5431970631623471 0
611 -0.04655423222073943 0.5268407738551586 0
612 -0.03310808243336397 0.5371161851676165 0
613 -0.03067679620981667 0.5202631224638418 0
614 -0.01719603358269971 0.5309805749345836 0
615 -0.01444659150173378 0.5135720250980291 0
616 -0.001109599508990236 0.5246432916555002 0
617 0.002270711898207405 0.506850875011981 0
618 0.01625038755602876 0.5182379341659583 0
619 -0.07499696702488155 0.5232074269782008 0
620 0.0196650325131554 0.4996772479652667 0
621 0.03452193055440467 0.5114378758730117 0
622 0.03775775453615859 0.4921868462734 0
623 -0.0143999216227276 0.4969623032448625 0
624 -0.1365280084970421 0.5438935006536357 0
625 0.05346995966362851 0.5045430576296086 0
626 0.05694802753433224 0.4840111064857633 0
627 -0.02220954458175878 0.5473636590858898 0
628 0.03037642164399448 0.5316720463876994 0
629 0.074177131224839 0.4978689394257256 0
630 0.07732067603688619 0.4756063982878038 0
631 0.0593736595386725 0.4618094702187892 0
632 0.08087360217628559 0.4525571995995448 0
633 0.06160901080452166 0.437967877044284 0
634 0.08455820825616171 0.4282407543657083 0
635 -0.2033920922503994 0.5713224391632127 0
636 -0.06873892195095212 0.5644488880411893 0
637 0.09475243732206368 0.4897028565370619 0
638 0.09160705739336686 0.5121989211933322 0
639 0.06365859112012337 0.4124096373506708 0
640 0.08843957845355691 0.4022798120332074 0
641 -0.1058951383360419 0.698878130815782 0
642 -0.1019691413213673 0.6971694856713793 0
643 0.112318190998379 0.5042036465493052 0
644 0.1085563412372926 0.5260365012583776 0
645 -0.112079396283375 0.7019800495294826 0
646 -0.1253791391260756 0.7120005249589761 0
647 -0.1137486061912546 0.5849727119718421 0
648 0.128984142464502 0.5190386046033466 0
649 0.12565545749669 0.5401339100806926 0
650 0.06629272205211512 0.3856238673239888 0
651 0.09248898536206297 0.3749738778060088 0
652 0.1146933993757655 0.3924209821993448 0
653 0.1483022591800433 0.5331368347859786 0
654 0.1439168842855155 0.5539640311805334 0
655 0.1232483317622521 0.5607956448036189 0
656 0.1385349195888303 0.5735588559950582 0
657 0.157385654534419 0.5680837303951678 0
658 0.1206093308165393 0.5804812553901323 0
659 0.1342358504889222 0.591261952781909 0
660 0.1192484537805095 0.5973216428439703 0
661 0.1192922031520743 0.3637253811114286 0
662 0.1308686252953657 0.6070423531994233 0
663 0.1174049203978507 0.6120319285979391 0
664 0.06991138256127269 0.3576776353227024 0
665 0.04360589053592295 0.3695227707396421 0
666 0.1281946112825994 0.6213181245552875 0
667 0.1414255315218337 0.616909611301212 0
668 0.1155900872024138 0.6254602990258155 0
669 0.1056426295239836 0.6173998244602483 0
670 0.1039836974143267 0.6290976095345441 0
671 0.07984679042223145 0.6975614621965474 0
672 0.094924780562424 0.6224019023943873 0
673 0.08281148309451586 0.69849449733498 0
674 0.1126856781030281 0.636397954176091 0
675 0.07682655966627978 0.6964828944365431 0
676 0.09370580617259962 0.6343030275729959 0
677 0.08547987826868569 0.6269043917153678 0
678 0.08378303931207179 0.6366269312296839 0
679 0.07638671158139167 0.6306401383964604 0
680 0.07508179336139194 0.6401615294912193 0
681 0.06801266345462423 0.6342811756289255 0
682 0.06553326212743189 0.6944342114370297 0
683 0.06855703836967915 0.6947672853462011 0
684 0.06685352622366525 0.6430202474882533 0
685 0.06025380906323043 0.6376932900060122 0
686 0.05879766095679764 0.6457941109057854 0
687 0.05276756377345043 0.6408962109856365 0
688 0.08194471335650839 0.6454038557041666 0
689 0.05241071783595799 0.6485116163887464 0
690 0.04599896301297458 0.6450347896972218 0
691 0.04449107759955985 0.6932002736837166 0
692 0.0475990433871629 0.6932878596368524 0
693 0.04155332834932157 0.6930870114372795 0
694 0.04664883391480965 0.6362951257831482 0
695 0.03955306781325563 0.6396148336446343 0
696 0.03862425804879707 0.647078078277584 0
697 0.0327008368619089 0.6427103770796327 0
698 0.03211774098459836 0.6506579876335344 0
699 0.02648586227865956 0.645935127718786 0
700 0.02563339431997085 0.652539903280547 0
701 0.02048339650173197 0.6487236406159979 0
702 0.01988031432714662 0.6549541170817843 0
703 0.01467596782268557 0.6514600016938767 0
704 0.0152677028873805 0.6451864770047255 0
705 0.009596223110042851 0.6480601848520469 0
706 0.009118508298072894 0.6541444165131989 0
707 0.00413175980032356 0.650905235681988 0
708 0.004317576965464988 0.6446709739232648 0
709 -0.001252947653545461 0.6476938400110505 0
710 0.004082069288452813 0.6567384655451081 0
711 -0.001154881262336123 0.6413580488140588 0
712 -0.006908071904901253 0.6444863531422061 0
713 -0.006771177260537102 0.6378160332849829 0
714 -0.01262724499327564 0.6410768767723067 0
715 -0.01254220597025575 0.6475671881783724 0
716 -0.01813229334164955 0.6444247604422981 0
717 -0.01802078585254908 0.6505564975496529 0
718 -0.02330930051808741 0.64767683363954 0
719 0.03322750240926446 0.6351114566963612 0
720 0.06904626122176356 0.6250367823312398 0
721 -0.02326631299329052 0.653605258196752 0
722 -0.02836759487184989 0.6509017328307598 0
723 -0.02854019413818394 0.6449761189244205 0
724 -0.0334546207287305 0.6480680332284336 0
725 -0.01275742058313578 0.6340572763843647 0
726 -0.03328763671942992 0.6545436653227183 0
727 -0.03823066886028791 0.6511827736968687 0
728 -0.03865289126192192 0.6453441120525656 0
729 -0.04362737841038095 0.6487092012076496 0
730 -0.006274423720707729 0.6305615204533881 0
731 -0.04413817327404275 0.6426366763156497 0
732 -0.04905008858833632 0.6462113076593001 0
733 -0.04869082390712946 0.6523496196676623 0
734 -0.05380848440199067 0.6494938260645082 0
735 -0.05463102529773586 0.6438352565845857 0
736 -0.05935865552791193 0.6475094622365735 0
737 -0.05824706819309994 0.6534892322068668 0
738 -0.06389793975042474 0.6522718660491611 0
739 0.02473342563022583 0.6584484434948527 0
740 -0.202250369579849 0.6704058481251933 0
741 -0.06500222929199714 0.6455658918317752 0
742 -0.06952992275159126 0.6494907813755255 0
743 0.046628051765497 0.3401816564739507 0
744 0.01877819161526624 0.3537093300884973 0
745 -0.06935433474701037 0.6554763882003813 0
746 -0.0743051896444621 0.6534443291687024 0
747 0.1424614145174881 0.3823817695948051 0
748 0.1473272030612022 0.3521248020849549 0
749 0.05735958870863711 0.6530003449174281 0
750 -0.0752128896879864 0.6472016577796342 0
751 -0.07968119228798526 0.6511847672345203 0
752 -0.07850273147131677 0.6572109378081101 0
753 -0.09079511106109803 0.6934434684533306 0
754 -0.08374385398528261 0.6555891859424651 0
755 -0.09379159154156136 0.6943244341659806 0
756 -0.08774062304696102 0.692610771850755 0
757 -0.08546452143865982 0.6495696419011238 0
758 -0.08914624939293325 0.6540936304118006 0
759 -0.01314359031805356 0.6263641732257793 0
760 -0.005314016506529186 0.6224705244802796 0
761 -0.09136500583427211 0.6484246083637225 0
762 -0.09542518109567645 0.6540078879744328 0
763 -0.08217338138167891 0.6609766371661475 0
764 -0.2412671636648758 0.6242307080771216 0
765 -0.2426464555575773 0.6744346178210122 0
766 -0.2462697566687819 0.7217315218325089 0
767 0.02239491176607309 0.3221479917515646 0
768 -0.006402781705545481 0.3374788369843081 0
769 -0.09779507622361948 0.6466264222411896 0
770 -0.1024596435794251 0.6517644975489107 0
771 -0.09292049342564482 0.6415911975085528 0
772 -0.1008213911116112 0.6584545237128572 0
773 -0.1071002676699383 0.6566859007033524 0
774 -0.1053584145188075 0.6629190727275964 0
775 -0.1114115343822204 0.6614761168285321 0
776 -0.1137489473295784 0.6550130187163263 0
777 -0.1184316316835845 0.6602997738435941 0
778 0.1726652320155858 0.3724258346381012 0
779 0.1772718315667808 0.3396390728837978 0
780 -0.1093456144447799 0.6672883993516786 0
781 -0.1209124975607955 0.6533851362220847 0
782 -0.1262552712049584 0.6595085600780808 0
783 -0.00281408854754692 0.3033518287233379 0
784 -0.03219322195556501 0.3160813905568449 0
785 0.02710915073685835 0.2902309597741308 0
786 -0.1036864218524779 0.6686432806608555 0
787 -0.1002170964734976 0.6394385043916664 0
788 -0.1073410621498976 0.6725005514301474 0
789 -0.2516340036850994 0.7711080380409371 0
790 -0.02843830592501133 0.2826384300847874 0
791 -0.0600120821829143 0.2965076055053948 0
792 -0.06188669674886114 0.3319279094896022 0
793 -0.09062626760954008 0.3114901656059361 0
794 -0.09278153738808455 0.3453788999108931 0
795 -0.1212938274229353 0.3257346605943556 0
796 -0.1241458654066138 0.358579624523034 0
797 -0.1518528983077642 0.3396067783770627 0
798 -0.1548007036862714 0.3725736109884283 0
799 -0.1827512621872909 0.3533621988069009 0
800 -0.178949192535432 0.3187021724858241 0
801 -0.1849182456256015 0.3868152306094186 0
802 -0.01323309072605336 0.6178919634412302 0
803 -0.004618193161174025 0.6136117898014322 0
804 -0.1025024333010632 0.6735314291769036 0
805 0.202945152242174 0.3601644949243269 0
806 0.2089199174108587 0.327883176233928 0
807 0.1800286591436003 0.3060278474904787 0
808 0.2146599934365401 0.2926430294761043 0
809 -0.1288446466264403 0.6515675430534196 0
810 -0.1056251826722583 0.6775429634103397 0
811 -0.1102662052461548 0.6763448303727203 0
812 -0.134668861268804 0.6583212790544841 0
813 -0.01831675679070768 0.6562083323183587 0
814 -0.2120014205428151 0.3334746966883774 0
815 -0.2081176955754913 0.2965902727153811 0
816 -0.08619807194874586 0.277288403697463 0
817 -0.1013164057322787 0.6777970164571259 0
818 -0.1088906882067036 0.680621270219735 0
819 -0.1129327409513855 0.6798101375098736 0
820 -0.09414596119077208 0.6337866790347515 0
821 0.1984061236133815 0.3937598902876782 0
822 -0.2036103136377548 0.7164431854638652 0
823 0.1848040972938041 0.268961116717601 0
824 0.2286637686337223 0.3820441579955957 0
825 0.2238007260640836 0.4148424300782965 0
826 -0.1112326460859984 0.6842008361436301 0
827 -0.1154176153145587 0.6831251057599435 0
828 -0.1966297900155821 0.7758217814200711 0
829 -0.2104442150607841 0.8102467115894603 0
830 0.2192945203743799 0.2543367215589677 0
831 -0.0128878919210837 0.6087398509076867 0
832 -0.004293014319373526 0.604015637687815 0
833 -0.02124738991072564 0.6135240853053709 0
834 -0.1141725608296075 0.6869040565944387 0
835 -0.1179146173354383 0.6861781672946003 0
836 -0.092901180365765 0.3812791274639521 0
837 -0.1374426877710031 0.6495894204079489 0
838 -0.1312561814274544 0.6426550103900525 0
839 -0.1027474384923897 0.631597603327908 0
840 -0.1583252832724455 0.4049851816647165 0
841 -0.1871457360378267 0.4186585700199992 0
842 -0.1075937111479059 0.6841765593274072 0
843 0.03784003899274871 0.6534228765374173 0
844 -0.1433874606214518 0.6566553857567341 0
845 -0.1404526498357112 0.6653278080356357 0
846 -0.2433753474592857 0.3125491150708471 0
847 -0.2403921778382139 0.2742943652587685 0
848 -0.09843752526237019 0.6750468776864966 0
849 -0.09746367528810718 0.6785720033946149 0
850 -0.09487323211473098 0.676188729740266 0
851 -0.09366961051862581 0.6799943577362307 0
852 -0.0915167287003192 0.6773400744876692 0
853 -0.08067255641767627 0.6909736324614777 0
854 -0.09051713561759429 0.6804433034521489 0
855 -0.08845370941324794 0.6782495069445579 0
856 -0.09649460409857666 0.6824579225558435 0
857 -0.08769130066291021 0.6814702142813491 0
858 -0.08566899753351648 0.6791952814341233 0
859 -0.02104994237570568 0.6036373900232606 0
860 -0.03002118422526743 0.6089581425722886 0
861 0.2548838719769031 0.4033000672286419 0
862 0.2498417816962092 0.4369245805843046 0
863 0.1065520094725638 0.5694726996172311 0
864 -0.1165324229553852 0.6896851002807765 0
865 -0.1203840281049238 0.6891923048652867 0
866 0.008702392894339741 0.6599184425959974 0
867 0.003921137412243863 0.6621546996351075 0
868 0.00789333369463029 0.6649682520803013 0
869 0.003850455065525918 0.6668402504479958 0
870 0.007430557302015072 0.6692753609281749 0
871 0.003793197642873271 0.6711993558841931 0
872 0.006992290382909658 0.6732597417427222 0
873 0.00375075111482209 0.6748747532139117 0
874 0.006746240337108775 0.676801895714823 0
875 0.009807872677079651 0.6753710646378762 0
876 0.003729003156317211 0.678264671890938 0
877 0.0009092111508661642 0.676640600334634 0
878 0.0008711807324285573 0.6797177133819395 0
879 -0.001711745502531162 0.6781957729803693 0
880 0.003325712165787828 0.6810283995555535 0
881 -0.001726598323170559 0.6814470590197542 0
882 -0.004161484022593816 0.6797266713694585 0
883 -0.00433609626961992 0.6824245407162752 0
884 -0.006525047155865322 0.6810391013177044 0
885 -0.006544639503144242 0.6835952742303222 0
886 -0.008776540392657033 0.6823130047137429 0
887 -0.008720467868449506 0.6797535474987511 0
888 -0.01101280171470839 0.6810711486589984 0
889 -0.004433404330968801 0.6849112495503148 0
890 -0.01096214765956281 0.6785033003974533 0
891 -0.01320058535325294 0.6798401915639143 0
892 -0.01320215296980653 0.6823428441453007 0
893 -0.01537697096736365 0.6811853169248635 0
894 -0.01547511388427809 0.6786573118916205 0
895 -0.01763682836315668 0.680059600696391 0
896 -0.01777255214729843 0.6774705174655457 0
897 -0.01991213974645082 0.6787631030536492 0
898 -0.02012273981444568 0.676209363552626 0
899 -0.02233657375880782 0.677546071984423 0
900 -0.006572387752110948 0.6859911869613046 0
901 -0.004700528924665196 0.6871404632442664 0
902 -0.02245347302711723 0.6748206600661395 0
903 -0.02486284879334402 0.676485433766931 0
904 -0.04143792182604342 0.6895139849372809 0
905 -0.02449756427773921 0.6788542524186993 0
906 -0.02709417043606147 0.677995309323945 0
907 -0.02733665325842482 0.6753335212660523 0
908 -0.02960830333242726 0.6769453047276529 0
909 -0.01987498271629115 0.6813092832884563 0
910 -0.02990256685597499 0.6742017423301874 0
911 -0.03211084790785276 0.6758927355768851 0
912 -0.03180198454624748 0.6785560317909789 0
913 -0.03424722189056413 0.6775246665085541 0
914 -0.03463219535658363 0.6749056077078933 0
915 -0.03671471909858486 0.6765665592991335 0
916 -0.05144384433645164 0.6889317978483301 0
917 -0.03716934171244689 0.6738593016077101 0
918 -0.03934716454026037 0.6756263577162805 0
919 -0.03979043348522893 0.6728271524211477 0
920 -0.04197389281065542 0.6746385661588119 0
921 -0.04148718908255292 0.6772989438377808 0
922 -0.04411376083564447 0.6764107386082966 0
923 -0.04460927638477117 0.6736844832508919 0
924 -0.04675740983566943 0.6755472142180127 0
925 -0.06149147427386337 0.6889910426321181 0
926 -0.06456215806231086 0.6889708227914403 0
927 -0.04733232420255464 0.6727791574447067 0
928 -0.04940427704971101 0.674723390173632 0
929 -0.006428691885895205 0.6881612515355193 0
930 -0.03622794850667015 0.6789579160163339 0
931 -0.004779614081174339 0.689132426442016 0
932 -0.003057615301101608 0.6882876911310822 0
933 -0.04880859383584268 0.6772878460649951 0
934 -0.05141488634191435 0.6765641668435164 0
935 -0.05206718185807028 0.6739686394165408 0
936 -0.05400400631296891 0.6757332383638304 0
937 -0.05473339536304232 0.6732223276075802 0
938 -0.05673713611602296 0.6750020647793492 0
939 -0.07745052545192245 0.6624279772422881 0
940 -0.01762494001226581 0.6749102465031609 0
941 -0.05363740780051451 0.6781709548713556 0
942 -0.05753590139209242 0.6723474413058262 0
943 -0.05954858167535527 0.6744294285747446 0
944 -0.05871772056568529 0.6767866062745874 0
945 -0.06149021828256249 0.6764241559877961 0
946 -0.04362602615147343 0.6789074960080136 0
947 -0.0623308192779834 0.6738191255822586 0
948 -0.06417988679376291 0.6759054112361889 0
949 -0.07250704169454228 0.6898366878421497 0
950 -0.003177857560720216 0.6901520917274749 0
951 -0.001465886408303784 0.6893732248632319 0
952 -0.06345615361202524 0.6787998756468628 0
953 -0.06603010529577411 0.6780548793015886 0
954 -0.006469065162821479 0.6899906911034581 0
955 -0.00802029326499186 0.6891726957848771 0
956 0.009509065520680485 0.6786396707351277 0
957 0.01235450152952141 0.6773851302352165 0
958 0.0120302568643156 0.6804066437723683 0
959 0.01468039890154452 0.679237038962108 0
960 0.01437095941742829 0.6819886531487916 0
961 0.01683871150227477 0.6809277201969233 0
962 0.01651360998298971 0.6834802262911907 0
963 0.01881422511336926 0.6825156422513344 0
964 0.01421319971542994 0.684487289145185 0
965 0.01925713473203232 0.6799763618239599 0
966 0.02125715771520618 0.6815619997437979 0
967 0.02168224888559338 0.6789506845700045 0
968 0.0238515436982842 0.6805715890667987 0
969 0.02421478768306306 0.6778603774958656 0
970 0.02647013479748095 0.6795653971176148 0
971 0.02194225533543442 0.6760700303575944 0
972 0.02686707820179569 0.6768028112931357 0
973 0.02910340366321801 0.6785736435907382 0
974 0.02873464743291857 0.6812564522787385 0
975 0.03130257040374645 0.6803395896658938 0
976 0.03183327115653917 0.6776699047888795 0
977 0.03399062179191507 0.6794301568356321 0
978 0.0346224946887273 0.6766397932497601 0
979 0.03701807631116196 0.6789099135452942 0
980 0.03744895982262018 0.6755281055481807 0
981 0.03982322494619706 0.677550518589641 0
982 0.040439331047962 0.6744223524861808 0
983 0.04286005211271594 0.6765531443065704 0
984 0.02343719204779804 0.6833330760632325 0
985 0.03324511741118533 0.6820679026236559 0
986 0.04240518748415056 0.6795624490659421 0
987 0.04527837307150087 0.6786907935182611 0
988 0.04591045190198953 0.6756792541119975 0
989 0.04814507824470147 0.6778661256471761 0
990 0.0543750949549857 0.6936041778842187 0
991 0.01617381507131511 0.6858315562151616 0
992 0.01420188702212765 0.6867464945162465 0
993 0.04747865768135408 0.680738028835477 0
994 0.05028820653099769 0.6800085440400766 0
995 0.05110717544699296 0.6771458534575292 0
996 0.05320022681243523 0.6793610583531463 0
997 0.05410809970343709 0.676389543551787 0
998 0.05630653125802132 0.6786921279013912 0
999 0.05720110213658177 0.6756554358452502 0
1000 0.05948903754237111 0.6780290037934856 0
1001 0.06056846423023958 0.6747035766492493 0
1002 0.06289986443537186 0.6772926958185264 0
1003 0.06395580842989071 0.6738819169317073 0
1004 0.06633873468780992 0.6765891464350001 0
1005 0.06752613959329434 0.672978355107043 0
1006 0.06997196677195464 0.6757985473127928 0
1007 0.06858534425791515 0.6789353463796264 0
1008 0.07209353224676728 0.6789373230130789 0
1009 0.07356666611150255 0.6751912090633569 0
1010 0.07596227203055846 0.6779821941655693 0
1011 0.077327655489106 0.6744098027214378 0
1012 0.07981119443260319 0.6774164751407922 0
1013 0.08126146265273229 0.6736182146491094 0
1014 0.08380700408641742 0.67673763488934 0
1015 0.0854132337392632 0.6727664542563323 0
1016 0.08812865689132673 0.6761002260081601 0
1017 0.08985723219686642 0.6718787310545338 0
1018 0.09277127018334097 0.6754690171903226 0
1019 0.1312722618457975 0.7118214280505708 0
1020 0.1360415330717098 0.7112896577962882 0
1021 0.1330612575708424 0.7067668220673707 0
1022 0.1386023967128514 0.7063037319539961 0
1023 0.1352911855806586 0.7012165974525584 0
1024 0.1420779060221453 0.7005699218581399 0
1025 0.1381229590341864 0.694643870371099 0
1026 0.1461626152878667 0.6936178329613153 0
1027 0.1310573504426417 0.6957912087220705 0
1028 0.1338332198838583 0.6890326157287331 0
1029 0.150032847631963 0.7022297678995284 0
1030 0.155490757293703 0.6927944974214995 0
1031 0.0911044174689617 0.6798330710355451 0
1032 0.09560497124858588 0.6790883666839395 0
1033 0.09753136086588865 0.6747652985573529 0
1034 0.1609874315888228 0.7019333601176374 0
1035 0.1666522211466635 0.6913262337624985 0
1036 0.1725726038544246 0.7019047494268481 0
1037 0.1792224868247325 0.6901845579629491 0
1038 0.1859666070857441 0.7026229608106725 0
1039 0.1933050446184359 0.6900355896319901 0
1040 0.2014942214290019 0.7031001572471777 0
1041 0.2096143397331423 0.688964646453615 0
1042 0.2187048723065288 0.7047764472707185 0
1043 0.2272118739071484 0.6880412249315686 0
1044 0.2377339695153913 0.7057020599354815 0
1045 0.2478163833936922 0.6869387329364949 0
1046 0.217182725809621 0.6731514437968997 0
1047 0.2588105661085424 0.7053130046888018 0
1048 0.2480121672888399 0.7248399024805507 0
1049 0.2697849594721598 0.6855870182446908 0
1050 0.09417764609847401 0.6832819780046885 0
1051 0.09084848073001213 0.7016024139361 0
1052 0.09821624477409688 0.6826845657537119 0
1053 0.08258049706584934 0.6808492990234196 0
1054 0.270778645075085 0.7241243662353335 0
1055 0.2583721056010979 0.7451489142464207 0
1056 0.06181108792462869 0.6801926847664129 0
1057 0.07487432410462633 0.6813309753507886 0
1058 0.09645390102697507 0.6870655070116659 0
1059 0.1007913750155558 0.6861193834406373 0
1060 0.05546467316766186 0.6813835641766725 0
1061 0.09304461205386401 0.6865314854155962 0
1062 0.1591741839455805 0.6820044270509512 0
1063 0.2837620037946671 0.7446459228090522 0
1064 0.01590437370173256 0.6879571021148208 0
1065 0.01415109700541547 0.6888613976798169 0
1066 0.01246136242264157 0.6877520946132487 0
1067 0.01236842113304287 0.689685596209393 0
1068 0.01081313465765101 0.6886826794346482 0
1069 0.01073760193924006 0.6905563772378914 0
1070 0.009218040765667675 0.689566977860563 0
1071 0.04941529517006206 0.6826495348063453 0
1072 0.04699188381042091 0.6833609103879495 0
1073 0.2699143942214925 0.7671306660520116 0
1074 0.009038211849010071 0.6913144115154317 0
1075 0.007666939127281103 0.6904025616615552 0
1076 0.09951498940731862 0.689963942489128 0
1077 0.103491523729423 0.6892594909797571 0
1078 0.1053859984120635 0.6845840585252118 0
1079 0.250340565104457 0.2794844535063523 0
1080 -0.08488482074981142 0.6818601060232746 0
1081 -0.08301035447286906 0.6799683083269301 0
1082 -0.06688509010211358 0.6754594460572768 0
1083 -0.06855615491833421 0.6775698896161281 0
1084 -0.1337733246345636 0.7216316207943053 0
1085 -0.08975258347922743 0.6828973482554448 0
1086 0.01668300677914902 0.3816854433962343 0
1087 0.004247197481491511 0.6094397776288406 0
1088 0.004778212657027132 0.5991799665246476 0
1089 0.01374913094455341 0.6050318728631395 0
1090 0.01434001945967964 0.5941109574622661 0
1091 0.02373486883506818 0.6002994766281632 0
1092 -0.001574860009656912 0.6910580469734955 0
1093 -0.1492499271433449 0.6637830250005438 0
1094 -0.1460240201386117 0.6720638859671776 0
1095 -0.09650054046344721 0.6253850862176872 0
1096 0.1889644683568878 0.2309473562814894 0
1097 -0.1219105663245821 0.6854082455424739 0
1098 -0.1243781075196336 0.6887726385108708 0
1099 -0.1224292781419118 0.6928742870900705 0
1100 -0.1266589555788613 0.6922110051268465 0
1101 -0.08215711108129904 0.6827597599617707 0
1102 -0.08054907290811157 0.6807405701962352 0
1103 -0.0677123905852153 0.6799688007751987 0
1104 -0.1252351747548051 0.6958689120768824 0
1105 -0.1290511993163898 0.6953884738099286 0
1106 -0.05536251991412861 0.6701981887723454 0
1107 -0.08109218145834904 0.6781632001555183 0
1108 0.0002775167374123964 0.6691190168324829 0
1109 0.2552078598534741 0.2389340068009721 0
1110 -0.2033088805230718 0.2579161738190934 0
1111 -0.236944315063013 0.2346106364051205 0
1112 -0.08776425685373736 0.6279385528581813 0
1113 -0.08993015899174794 0.6188373517371921 0
1114 -0.08054638095287381 0.6216229284922341 0
1115 0.07832781359708565 0.6705718078129512 0
1116 0.2816157761992181 0.4244600544947196 0
1117 0.2761463207320733 0.4589932504049817 0
1118 0.2848368120524299 0.3887121601277398 0
1119 0.007572872449427686 0.6920511656934237 0
1120 0.006204944099288527 0.6912025858021741 0
1121 0.05509236144904817 0.6729054216148338 0
1122 0.02442336162694352 0.588767954756251 0
1123 0.03434576963038355 0.5952646937634315 0
1124 0.2971294887068001 0.7671022069279073 0
1125 -0.03767908894860934 0.6709165848991889 0
1126 -0.1192040227363846 0.7067530401750464 0
1127 -0.1408316808041733 0.6402970481972381 0
1128 0.04861357815891241 0.6850053885120546 0
1129 0.0465482467339102 0.6856534493320995 0
1130 -0.03938936560928187 0.6897352707252814 0
1131 -0.1992635170646659 0.2178524337395132 0
1132 -0.2140674345984832 0.4016666017894258 0
1133 -0.2156801320242335 0.4329995630524094 0
1134 -0.2426246760092731 0.4162621221743127 0
1135 -0.2443889856149924 0.4478915817868015 0
1136 -0.2716337456719509 0.4307048285760124 0
1137 -0.272837284256882 0.4627289665926929 0
1138 0.1020385623260279 0.6928080015450802 0
1139 0.1059277524308843 0.6923863312985215 0
1140 -0.1150311652914915 0.7038650836572582 0
1141 0.1352487499045831 0.5007601541317114 0
1142 -0.1337847438819548 0.6327634534129181 0
1143 -0.1617135473640796 0.4366652520263014 0
1144 0.03469755692250927 0.6738850976896791 0
1145 -0.05351256420671753 0.6889327103648948 0
1146 0.01569248432836325 0.6898849542977895 0
1147 0.01738007270191655 0.689133608292155 0
1148 -0.1548530203704113 0.6707620423621015 0
1149 -0.1516284895413349 0.6791644876598478 0
1150 -0.1584317570901918 0.6622219306713478 0
1151 -0.01517245602647715 0.6834555379750469 0
1152 -0.008067366213883572 0.6908391761612078 0
1153 -0.009538518274415307 0.6900270615155368 0
1154 -0.006752650489447799 0.691781434854893 0
1155 -0.0266894999401369 0.6805800357820717 0
1156 -0.113102834442913 0.6902754204085814 0
1157 0.01272814889962676 0.6737866915231747 0
1158 -0.09980400836807757 0.6963291053336552 0
1159 -0.05951266896936815 0.6889167578062358 0
1160 -0.02971277057176812 0.5982685090869275 0
1161 -0.03926420662336103 0.6049723745670166 0
1162 0.2088538184353464 0.7181194847515683 0
1163 0.06367665668310236 0.6942362215926952 0
1164 -0.07062149285487636 0.689425009282105 0
1165 -0.0700604502443868 0.6796202374569718 0
1166 -0.07104187540115098 0.6774787323092829 0
1167 0.08481482129347998 0.6992370787637439 0
1168 -0.1037741909280283 0.698016963017937 0
1169 -0.08279226908337911 0.6913978374856988 0
1170 0.3086576919879685 0.4461977801503667 0
1171 0.3025091077280544 0.4805260406223839 0
1172 0.2707338226110851 0.4927822168969453 0
1173 0.2958044481223103 0.5138279610003208 0
1174 0.2646918448008906 0.5250856325690945 0
1175 0.2892154432104653 0.5454097899581095 0
1176 0.2607618289435824 0.556702365187884 0
1177 0.09286919120189646 0.7024225027663142 0
1178 0.05258076023160507 0.6933086095402912 0
1179 -0.04943002275044076 0.6891617235031657 0
1180 -0.0584814592444178 0.6692728524559317 0
1181 -0.1274539142718282 0.6988242168676985 0
1182 -0.1313783582360126 0.6985784672380944 0
1183 0.01233039619753749 0.6912711224386922 0
1184 -0.07966236607774245 0.6829898400284595 0
1185 0.03506831938921276 0.5830707340061257 0
1186 0.04585887025599411 0.5901499105764586 0
1187 0.0464164112370548 0.577062760282424 0
1188 0.2831874067493709 0.5756244993158943 0
1189 -0.3012391390028254 0.4453888439618525 0
1190 -0.3013585318280415 0.4776106469812951 0
1191 -0.2982141132037036 0.4107094964028694 0
1192 -0.06925220699581582 0.6817032758798579 0
1193 -0.06693683736036921 0.6821818920276393 0
1194 0.3114955814957209 0.7430946316502274 0
1195 -0.07464361592494409 0.6899335847443939 0
1196 -0.1331552562642622 0.6948292687867237 0
1197 -0.1355171204569279 0.6983797502360547 0
1198 -0.133091524437529 0.7023893484444071 0
1199 -0.1377669578997983 0.7020238508648029 0
1200 0.05663556174008451 0.6936344436261718 0
1201 -0.08299707971948868 0.6122698754724908 0
1202 -0.04343124189015071 0.6893998192804804 0
1203 -0.1603783671336428 0.6776715181509296 0
1204 -0.1577489563790626 0.6860663144821945 0
1205 -0.1660138847977428 0.6845234901616732 0
1206 -0.1628612161582316 0.6926391749085237 0
1207 -0.1151718245603063 0.6926953183087758 0
1208 0.006119443395335968 0.6927795861842424 0
1209 0.127508231867667 0.7080451462585157 0
1210 -0.1357854757085111 0.7057188619595449 0
1211 -0.1401265162708716 0.7056322816874216 0
1212 0.2577214117216475 0.6662235807872533 0
1213 0.2811908276244749 0.6647678045229362 0
1214 0.1387045427108205 0.6309804866200193 0
1215 0.1523848973290554 0.6265203907592247 0
1216 0.08640393450350281 0.6161458662900814 0
1217 -0.2762188800999206 0.2912211168760754 0
1218 -0.2410582559527603 0.6044581417305539 0
1219 -0.260189381717072 0.6143408549945737 0
1220 -0.2589615540570451 0.591208477048345 0
1221 -0.2799895387554864 0.6011616304882862 0
1222 -0.2805875797353918 0.625278059463855 0
1223 -0.3025483960501107 0.6119650513916935 0
1224 -0.3033833329703176 0.6392497783965463 0
1225 -0.3268396615632025 0.6241129752827301 0
1226 -0.3256998930135178 0.595466164299456 0
1227 -0.3276480339172534 0.6523296942003938 0
1228 -0.2178050686053107 0.4651532281749122 0
1229 -0.03886207093756284 0.639027970735159 0
1230 -0.04487153181915723 0.6360745272873445 0
1231 -0.04032824969666014 0.6696777996212955 0
1232 0.05789769165674133 0.5845814081972001 0
1233 0.2424253403038911 0.7646859613189312 0
1234 0.2561712826183974 0.7888371748411176 0
1235 -0.02751113575577364 0.6724365072587478 0
1236 -0.004290204550867375 0.6768175663231477 0
1237 -0.1714693662844364 0.691396308760671 0
1238 -0.1680441777550177 0.7001935642668686 0
1239 -0.09254308335692429 0.6737669388294429 0
1240 0.00621938046197016 0.6895122382247899 0
1241 0.009261976237653813 0.687251654616666 0
1242 -0.0841527261897828 0.6842127188635255 0
1243 -0.08641593568794215 0.6760762964218756 0
1244 0.09802790780479984 0.693351721435258 0
1245 0.1041205844475274 0.6960560971925105 0
1246 0.1082382764883984 0.6954130335333888 0
1247 0.02200269713631818 0.4797274984336819 0
1248 0.004802147083391194 0.6919736662893392 0
1249 0.3128658789314589 0.5658637214069805 0
1250 -0.003198938997308495 0.5952956980035568 0
1251 -0.168881716022294 0.5584912442860591 0
1252 -0.1054884099060741 0.6227232133124856 0
1253 -0.04342374578218681 0.5094487480448879 0
1254 0.05845486798911196 0.5705626111261506 0
1255 0.07365035762422903 0.3300883618783411 0
1256 -0.1092042369964098 0.5326095644505481 0
1257 -0.07141845628341539 0.6814758930774809 0
1258 0.01469736191223077 0.5834918527528867 0
1259 0.1849903758713314 0.6776183304810905 0
1260 0.152244372540854 0.2468851638511626 0
1261 0.1576482195125106 0.2075972891643338 0
1262 -0.009487456347358656 0.6914966940876708 0
1263 -0.01089902928819795 0.690757885069232 0
1264 -0.12624598172757 0.68501214575526 0
1265 -0.1376506371984607 0.7095766112755539 0
1266 -0.1423973776563805 0.7092470938222446 0
1267 0.00475196217091617 0.6935033161337776 0
1268 -0.01098982679344726 0.6892122025006137 0
1269 -0.01234032404256534 0.690066788152513 0
1270 0.01719380292098242 0.6909227006733425 0
1271 0.01876008553756483 0.6902325686786394 0
1272 -0.3319615297615353 0.4603788245368221 0
1273 0.2872756281080696 0.2646343899730432 0
1274 0.2926979156800932 0.2226529036685505 0
1275 0.008804462355012047 0.6928611653597498 0
1276 0.06486540314417857 0.670086833915534 0
1277 0.04802831018620812 0.6873702323897756 0
1278 0.04999902357431178 0.6866286514755755 0
1279 0.04602632969325227 0.6876849422754243 0
1280 0.04462558292809441 0.6863480660075043 0
1281 -0.1402550831490316 0.7128320815966633 0
1282 -0.1446651099683477 0.7128284857003891 0
1283 0.2392457402940611 0.5059311383558747 0
1284 -0.3529476185617345 0.6085258077690214 0
1285 0.1915505357373269 0.1902946078547147 0
1286 -0.1171455356757319 0.6791483030213453 0
1287 0.08675134638015164 0.6681816432444295 0
1288 0.09182578037809067 0.6671502137717118 0
1289 -0.1121219133485154 0.6931080866408927 0
1290 0.1207125344252469 0.2232578016502315 0
1291 -0.1470292831777969 0.7090754702756732 0
1292 -0.1495602376580706 0.7130185398533329 0
1293 -0.1464927834212657 0.717437234017866 0
1294 -0.1519521558867412 0.7175678307908058 0
1295 0.0442646793356501 0.6882319148261274 0
1296 0.04285513936672337 0.6870338313452647 0
1297 0.004619185317143292 0.6381789984951701 0
1298 -0.2334174899367629 0.1936476482339851 0
1299 -0.2716253492238273 0.2113005280473667 0
1300 0.1517931764280698 0.7347147068768993 0
1301 0.1066734432279126 0.6987007641682004 0
1302 0.1104634657840409 0.6988316077462988 0
1303 0.1122168411304031 0.6947452232608989 0
1304 0.1146815357225392 0.698108160784578 0
1305 -0.2518900656344156 0.7904079519762377 0
1306 -0.2700162508888109 0.78038396249343 0
1307 -0.0003491941471815775 0.6593620410080105 0
1308 -0.1423146907640496 0.7016270771431414 0
1309 -0.1376859935929001 0.6943208923491651 0
1310 0.168293988765462 0.7405330269881955 0
1311 -0.07068000504963035 0.6833607669892821 0
1312 -0.07264223280916948 0.6831614176125365 0
1313 -0.1427601031889505 0.7306317200667298 0
1314 -0.1464196195083671 0.7308473183831312 0
1315 -0.07369867166724384 0.6154524320734139 0
1316 -0.1796973938617844 0.7918636900594508 0
1317 -0.01226177890595176 0.6916431342628747 0
1318 -0.01362998000390324 0.6908590662049616 0
1319 -0.2780954822886225 0.5764368599029701 0
1320 0.01901271550619042 0.6885859214569476 0
1321 0.02029858624358834 0.6896589471957384 0
1322 -0.03783702865343982 0.6676588677102279 0
1323 -0.04103748957326587 0.6662462964575111 0
1324 0.1132247746292834 0.7017380424901655 0
1325 0.1262221923727181 0.1839877448674422 0
1326 0.08813424584593695 0.1999418182037936 0
1327 -0.05604999706034314 0.6668883147395162 0
1328 -0.1443895397590624 0.6302077323205491 0
1329 0.336399789905846 0.4687100431393435 0
1330 -0.1951560673418657 0.1766105426388506 0
1331 0.003496694525030062 0.6927762638672215 0
1332 0.00335264513358081 0.6911218596244023 0
1333 0.2551948575627113 0.5846774348587916 0
1334 -0.1239661685210845 0.6991984536344691 0
1335 0.1779488819644365 0.7446360004434089 0
1336 -0.01374305069427843 0.6893445613447975 0
1337 -0.01504098519945664 0.6902193812277695 0
1338 -0.1259007356436336 0.7017687448593605 0
1339 -0.1136016419658109 0.6954962433298465 0
1340 -0.3326420640969233 0.4941012428311856 0
1341 -0.07594894051106983 0.6062897833750861 0
1342 -0.02307148483307031 0.6596614200891695 0
1343 -0.01834651835453452 0.6614020832748848 0
1344 0.003423532075049996 0.6941894170109473 0
1345 0.3273795905634413 0.7685381495430281 0
1346 -0.1481039867702128 0.7344036586047609 0
1347 -0.1506676037673122 0.7308198667643105 0
1348 -0.1527255691664549 0.7352743539449771 0
1349 -0.1556751245384652 0.7308321721846555 0
1350 -0.1581671481333818 0.735706810036697 0
1351 -0.1618419738746687 0.7308160813608158 0
1352 -0.1645491697005514 0.7365193848418448 0
1353 -0.1686379279231487 0.7310035066371796 0
1354 -0.171923134843249 0.7376155131170673 0
1355 -0.1663531100244736 0.7435142978032757 0
1356 -0.1750871003989978 0.7446953679659345 0
1357 -0.1701391501455988 0.750803305406075 0
1358 0.231172251776157 0.7866617692005415 0
1359 -0.07380328009172889 0.6811092469650046 0
1360 0.1387425330374886 0.7155675883922283 0
1361 -0.001305382361607966 0.6874512720870684 0
1362 0.2384241544709127 0.812332051595323 0
1363 0.2704640242982741 0.8136827329551579 0
1364 -0.03952037883110752 0.5934605592680164 0
1365 -0.02923426381637453 0.5872155421700747 0
1366 -0.05950243954180195 0.6658694789758682 0
1367 0.02005882025841125 0.6912256400179231 0
1368 0.02156245540843797 0.6906873549079543 0
1369 0.02183460843727324 0.6891062563725706 0
1370 0.0230831854982605 0.6901692409827934 0
1371 0.02338583664646584 0.6885972669772391 0
1372 0.02459944870980108 0.6896619680062243 0
1373 0.0249480593212663 0.6880626255840118 0
1374 0.02626088417552581 0.689391237518568 0
1375 0.02657366867755187 0.6875032493693115 0
1376 0.02781497815645873 0.6886763948643371 0
1377 0.09418087183741616 0.1602788959422732 0
1378 0.0562346604824178 0.1762040535554399 0
1379 0.04970649348140919 0.688503638671625 0
1380 0.0513705790533938 0.6880884720239577 0
1381 0.04261311468813513 0.6890343453993591 0
1382 0.0411492163755185 0.6876702720824729 0
1383 0.04091237987618629 0.6893861554599875 0
1384 0.03553999177451193 0.6932888752321977 0
1385 0.03955743868683528 0.688275516076904 0
1386 0.0333635317851327 0.6935231231637471 0
1387 0.03982811438107071 0.6864924799967188 0
1388 0.03815295454067204 0.6871645324596882 0
1389 0.03801836263447911 0.6891158288369558 0
1390 0.03650655060021097 0.6878468616116212 0
1391 -0.180361759591749 0.7380832966659603 0
1392 -0.1840253490557865 0.7463894188372509 0
1393 0.006012357657193363 0.6943484287893189 0
1394 0.343249249514432 0.7413443170105324 0
1395 0.1354182256780744 0.4111431631046571 0
1396 -0.1365229584073354 0.6225120796699342 0
1397 0.03838270384098567 0.6852702696240178 0
1398 0.2341926614787383 0.5675192780002085 0
1399 0.2309991975644791 0.5923318585716535 0
1400 0.1491729675629782 0.6404550010610006 0
1401 0.1638820768562747 0.6364981501610794 0
1402 0.1672915554713161 0.6209545766716522 0
1403 0.1800881671168383 0.6323539527179878 0
1404 0.04322167422141624 0.6018979748375308 0
1405 0.1167323012618614 0.6939621407822926 0
1406 0.1036234612470731 0.6994105137053577 0
1407 0.002221327091823563 0.6934977510440652 0
1408 0.01225783729789661 0.6150541491212483 0
1409 -0.1775586231108988 0.6992651928230347 0
1410 -0.1318936263551816 0.7061732456848909 0
1411 -0.3327981908840698 0.8771293588349609 0
1412 -0.3037067794005453 0.6672085162063334 0
1413 -0.3280261788334921 0.6807266638913689 0
1414 -0.03875912514371395 0.6319051343437579 0
1415 -0.045542423051156 0.6289488246185515 0
1416 -0.0151698415001603 0.6886539281331517 0
1417 -0.01660853947358749 0.6897884954960009 0
1418 -0.01663045952748174 0.6879762195703163 0
1419 -0.01797956299267906 0.6888588096417845 0
1420 -0.01808126030363091 0.6872181362432417 0
1421 -0.01942206348444073 0.6881537058432843 0
1422 -0.01932345767035847 0.6897056612325247 0
1423 -0.02073719310053277 0.6890483974552111 0
1424 -0.02086955888918888 0.6874841899792961 0
1425 -0.02217304915880273 0.6884145513127387 0
1426 -0.02233594630281291 0.6868569777769316 0
1427 -0.02379027929822515 0.6880245658529205 0
1428 -0.02383856045687154 0.6862217584121439 0
1429 -0.02521846073086781 0.6871946163838857 0
1430 -0.07194622154779022 0.6849703804536686 0
1431 -0.07375634143019186 0.6847279643339649 0
1432 -0.0700361573639319 0.6852950591883471 0
1433 0.02762038706323163 0.690276435258865 0
1434 0.02893172666008305 0.6897275181905408 0
1435 0.02940977426776348 0.688185796783178 0
1436 0.0304712577881099 0.6895068220907395 0
1437 0.03098484606755054 0.6877254776910308 0
1438 -0.1694171369137556 0.6762380306753848 0
1439 0.05967221211535129 0.1348898539281566 0
1440 0.02324645081648258 0.1520742693437068 0
1441 -0.1102884806624772 0.6909874620783747 0
1442 -0.1094322517895477 0.6935637377568957 0
1443 -0.1077836526593832 0.6917674206363383 0
1444 -0.1653966495452125 0.7247006220276934 0
1445 -0.172778120676016 0.7245600153401545 0
1446 -0.2682212045775092 0.1682781626120461 0
1447 -0.307885739253226 0.1861343774679633 0
1448 0.3425942920920478 0.432336450197101 0
1449 -0.1612364442660923 0.2014294649093144 0
1450 -0.1630472814229772 0.7500947086678674 0
1451 -0.1649736634610916 0.7570852939697056 0
1452 -0.1726683799737312 0.757847887881217 0
1453 -0.1681623068874512 0.7632822297897 0
1454 -0.363955384904926 0.4760722258861298 0
1455 0.03632530889189062 0.689521586828939 0
1456 0.1173729662328247 0.701782275561968 0
1457 0.1150344962122913 0.7049776172129288 0
1458 -0.01484061413387575 0.6915633035225963 0
1459 0.08820575898259503 0.662954213597325 0
1460 0.09395007409110279 0.6619628124170127 0
1461 -0.3034288354141853 0.6949137798756928 0
1462 -0.3282475322639827 0.7089274438387951 0
1463 0.1053665632566638 0.7015415369497908 0
1464 0.04556967721856386 0.6894226571395892 0
1465 -0.0139827884473846 0.6592478654189217 0
1466 -0.01476166895836926 0.6638784907759662 0
1467 -0.08081823297295271 0.6656242748728602 0
1468 -0.07634252286317289 0.6668366306520908 0
1469 -0.0854240534086661 0.6644917870661022 0
1470 -0.1562778234148966 0.1605331021351888 0
1471 -0.1228429777467273 0.1850098147761301 0
1472 -0.253793936234513 0.5653575035119831 0
1473 -0.1070872957572664 0.6939970612896528 0
1474 -0.1055798668338414 0.6923855889239552 0
1475 -0.0232177390510177 0.6895236903040689 0
1476 -0.3522505397490608 0.5777287172849506 0
1477 0.3062023766995172 0.5963508541345068 0
1478 0.3369519969014014 0.5866679208621226 0
1479 0.3314217731751737 0.6177100001834621 0
1480 0.3626929184759708 0.608082384667792 0
1481 0.3567485571907759 0.6411676956506622 0
1482 0.3435496880371334 0.5559198517139664 0
1483 -0.1086122244943358 0.6955539421852924 0
1484 -0.03033714395781875 0.6711707297689232 0
1485 -0.02773770322193575 0.6693327712747348 0
1486 -0.04121913720008485 0.6797518276129436 0
1487 -0.04310969843570535 0.6811656298088838 0
1488 -0.04107670552236427 0.6820183201914605 0
1489 -0.04269878400237716 0.6833990936293468 0
1490 -0.04455331580747553 0.6826099342688819 0
1491 -0.04095226378009331 0.6840927921361437 0
1492 -0.04427978395811899 0.6844274910698809 0
1493 -0.04586195636163699 0.6838407331523025 0
1494 0.2202792953727892 0.7668286823125926 0
1495 -0.0713689639851189 0.6244886977779875 0
1496 -0.06437439225937104 0.6187498005557279 0
1497 -0.2697613302124995 0.8021886851702705 0
1498 -0.2915975734658904 0.7907015084427633 0
1499 0.002135556350277012 0.6948460697702727 0
1500 0.0009632816961149443 0.6941204237822329 0
1501 -0.01381764825081342 0.6877939675915496 0
1502 -0.02532152085932594 0.6855209699303749 0
1503 -0.02666060618209658 0.6865181796761959 0
1504 -0.0265108829066862 0.6880847042493243 0
1505 -0.02792850103647752 0.687483244166106 0
1506 -0.02812725324010305 0.6859140156004406 0
1507 -0.02939464324608228 0.6869135891848708 0
1508 -0.02962990032247485 0.6853461228541631 0
1509 -0.03091118050686195 0.6863512812358834 0
1510 -0.03115494779892474 0.6847373316497098 0
1511 -0.03246774693605679 0.6857736109455361 0
1512 -0.03271073491785901 0.6841410238033859 0
1513 -0.03399737063841673 0.6852145673371546 0
1514 -0.03368792524224743 0.6867919248327905 0
1515 -0.03519976469988282 0.6862725830527877 0
1516 -0.03553558945970927 0.6846700984237307 0
1517 -0.03671643147244024 0.6857913199456621 0
1518 -0.03441304748515316 0.6903660832165798 0
1519 -0.02393225643798643 0.6844550944764816 0
1520 -0.1518447541834893 0.6386441758609497 0
1521 -0.1560166087486873 0.6274299595764099 0
1522 -0.1641572774637072 0.6369850614424676 0
1523 0.3720490161882226 0.4560185007907324 0
1524 -0.0913972568150683 0.6090255257371235 0
1525 -0.1547861995198506 0.740468131923691 0
1526 0.02427949336261448 0.6910151602389194 0
1527 -0.0455430105733363 0.6854681661512171 0
1528 -0.04722132173401056 0.6852060278716249 0
1529 -0.04747375561687951 0.6833690312993427 0
1530 -0.04876372916730577 0.6845414445427032 0
1531 -0.04906916414522276 0.6828448766651813 0
1532 -0.05031846331526003 0.6840310647396372 0
1533 0.03508462612505638 0.5699399072915817 0
1534 -0.1546136376498668 0.7127318403015903 0
1535 0.3257807338169901 0.2490596980731374 0
1536 0.3324408718325485 0.2064840440884144 0
1537 0.2976159329111726 0.1795376339385583 0
1538 0.319240241590749 0.2909466350386763 0
1539 0.05182522337331137 0.6553831826137155 0
1540 0.01888033836288502 0.192598667406542 0
1541 -0.01354237810769214 0.1690894003478834 0
1542 0.06890153145554881 0.6690570090286532 0
1543 0.06583160530530906 0.665929348615697 0
1544 0.07049448603719223 0.6646960796177788 0
1545 -0.2677925959440426 0.7603619355860505 0
1546 0.1790106360642141 0.7558237161340335 0
1547 0.2098216691615306 0.7854428709511547 0
1548 -0.175250001472181 0.7645508512883064 0
1549 -0.1705591957508215 0.769718169967482 0
1550 0.1666953037017973 0.7129903653312891 0
1551 0.01953378850096022 0.6606368800046207 0
1552 0.0239817537136372 0.6636984534217329 0
1553 0.02872484182510285 0.661756086211336 0
1554 -0.05299254554180589 0.6679656669628941 0
1555 -0.05342118919403609 0.6643887318948414 0
1556 -0.1159845118040728 0.648368360084373 0
1557 0.01567053800446697 0.6915877631859306 0
1558 0.01697255293999201 0.6924653315273817 0
1559 0.0156874059493292 0.6930932431071095 0
1560 -0.158898521356853 0.755041735057733 0
1561 0.08884352584490869 0.531196588787332 0
1562 -0.04417036983812715 0.6860662962654507 0
1563 -0.003191023579947231 0.6919378185496522 0
1564 0.02126771059252612 0.6921645492698432 0
1565 0.01995163528226646 0.6926661209720523 0
1566 0.009723864690421302 0.6817438054340592 0
1567 0.131256376910619 0.1449691134354328 0
1568 0.05197630948119398 0.6862507463229324 0
1569 0.05313740568718344 0.6877401330151971 0
1570 0.0525726028957447 0.6894222374839574 0
1571 0.05436277850589828 0.6894167868100037 0
1572 0.05491571988859881 0.6875158462672279 0
1573 0.05608801324438926 0.6889696634769615 0
1574 0.05670040167054461 0.6872233821934187 0
1575 0.05785889403982407 0.6886608751297774 0
1576 0.05853096683973375 0.6869230484532898 0
1577 0.05972543949318346 0.6884077491267686 0
1578 0.06042702586851584 0.6866235224588741 0
1579 0.06160756831892579 0.6881500241756537 0
1580 0.06237080604593092 0.6863464297645515 0
1581 0.06363193015909331 0.6882129436328001 0
1582 0.06443739039804117 0.6860328348115676 0
1583 0.0656481199924988 0.6877198619410173 0
1584 0.06505040184067165 0.6895755647000944 0
1585 0.06674090688742336 0.6892303738256285 0
1586 0.0676648545688967 0.6875103093652253 0
1587 0.06863173805783442 0.6893346118496085 0
1588 0.06967515195692971 0.68731618051987 0
1589 0.07075696702745031 0.6890296839411625 0
1590 0.06097756984217024 0.6896806374071477 0
1591 0.06156573085443694 0.6939772370434897 0
1592 0.06998160364396451 0.6907704316152833 0
1593 0.07174834681240168 0.6905719447494297 0
1594 0.07274223344593732 0.6889098378909718 0
1595 0.07360591900112122 0.6907969228658832 0
1596 0.07471676097635123 0.6888851405788327 0
1597 0.07579115613345294 0.6905938004741293 0
1598 0.07678231159584528 0.6888039917630137 0
1599 0.07791802075487964 0.6905722803181154 0
1600 0.07893379028299687 0.6886903083728306 0
1601 0.07994896879250517 0.6904855418710283 0
1602 0.08113693869076194 0.6886199985543818 0
1603 0.08212904919804818 0.6908037121572663 0
1604 0.07066882672662993 0.6951889599461794 0
1605 0.08347080248847248 0.6884927828439158 0
1606 0.08464555566644461 0.6905988420875098 0
1607 0.08360489463426712 0.6925928191730298 0
1608 0.08575612335001966 0.6925685037256615 0
1609 0.07884970190970672 0.6921445263942961 0
1610 0.08474784948488998 0.694343735676911 0
1611 0.08667876240150918 0.6943114783244969 0
1612 0.08789213148045298 0.6926501977408347 0
1613 0.0886823576837959 0.6947401426798765 0
1614 0.08277637450711356 0.694615771016207 0
1615 0.07489645587899182 0.6923000482687672 0
1616 0.0747153231573052 0.6960532039298686 0
1617 -0.03968907047661919 0.5810714199004945 0
1618 -0.05011335490611218 0.5880305260728411 0
1619 -0.3536050457021003 0.6664821263239761 0
1620 -0.3621658976902116 0.4398645246406894 0
1621 0.1890830398039307 0.7491587765265479 0
1622 -0.122807621838122 0.7019786900800856 0
1623 -0.1211176944336181 0.6997469109805119 0
1624 -0.03704619310357607 0.684228393751162 0
1625 -0.2757689216575691 0.5502265538157018 0
1626 -0.2525741072674391 0.537840560349924 0
1627 0.01954110455252559 0.6656831074043024 0
1628 0.0009153468936487731 0.6954446601998303 0
1629 -0.0002085157076894 0.6947570741730404 0
1630 -0.1365575966381006 0.7132787619948099 0
1631 -0.1384343058933021 0.7160840482290787 0
1632 -0.1183680548394925 0.1448935609845566 0
1633 -0.01828417430760348 0.6658230733323394 0
1634 -0.0731042587079931 0.6639724969736966 0
1635 -0.03821836299373996 0.6639969576188777 0
1636 -0.04181436951967065 0.6625188826298727 0
1637 -0.01953022749199934 0.6305190367018648 0
1638 -0.1897361714939822 0.7387946888982504 0
1639 0.03212229833432231 0.6889380070254286 0
1640 0.03263730376616801 0.6872834024931123 0
1641 0.03178759040793414 0.6904557302100762 0
1642 -0.1354043452750461 0.4243975605850321 0
1643 -0.137278308153666 0.4518843561326112 0
1644 -0.1143633653093633 0.4420136027250106 0
1645 -0.1157739725810759 0.4668359590296386 0
1646 -0.09245635919020467 0.456570869627911 0
1647 -0.1383083876854012 0.4774189459071708 0
1648 -0.04996950364648003 0.6856158582604963 0
1649 -0.05149610971317148 0.6851822570878099 0
1650 -0.05190043598674774 0.6835957192076669 0
1651 -0.05306748421693629 0.6847945409747141 0
1652 -0.05351790361269186 0.6832051223146728 0
1653 -0.05457207297524701 0.6843737098392629 0
1654 -0.05516084020034367 0.6827962493574209 0
1655 -0.05622904985281704 0.6842303623020274 0
1656 -0.0568576635800707 0.6823509798123537 0
1657 -0.05802958257567789 0.6836706563717271 0
1658 -0.05759857410360614 0.685284554032588 0
1659 -0.05909490141519104 0.6848589177843845 0
1660 -0.05971247886619117 0.6832724035027284 0
1661 -0.06071917610988008 0.6847685836368801 0
1662 0.06103863222063932 0.6676065241516067 0
1663 0.2975317137051396 0.690954114851514 0
1664 0.1368231724778686 0.6446676392881804 0
1665 -0.030622856106936 0.6880625086646285 0
1666 0.1117123111806359 0.7052758600267981 0
1667 -0.1241269172742712 0.7044969598921241 0
1668 0.1457378543561833 0.6534811443089843 0
1669 0.1346768713831523 0.6576842247721836 0
1670 -0.1166376395388038 0.6950428318773946 0
1671 -0.1153366038263932 0.6972531679888316 0
1672 -0.1130970842827979 0.6978050322477984 0
1673 0.1834576658001548 0.6152924996794825 0
1674 0.1975060947064941 0.6272417898270182 0
1675 -0.2492787925217026 0.8129775337584525 0
1676 -0.3816087674660325 0.5915853387219034 0
1677 0.09007379365709309 0.6927086208903406 0
1678 0.09102853753656455 0.6947223621480269 0
1679 0.08992582969042487 0.6965260888171818 0
1680 0.09196175397090632 0.6966427462740072 0
1681 0.08884469871590366 0.7007751240673293 0
1682 -0.06145151817133487 0.6829286890687003 0
1683 -0.06249862130460408 0.6843187134579566 0
1684 0.07012349019673088 0.5784187232060993 0
1685 -0.07224638154792937 0.6682570701397519 0
1686 -0.07577038274475559 0.6712220610540339 0
1687 0.07750645087377672 0.6864517936691339 0
1688 0.003303241485736825 0.695551846295436 0
1689 -0.1620189531490009 0.7971375451862148 0
1690 0.02978566089868867 0.6865125383265706 0
1691 0.02203073065693498 0.6873941971848176 0
1692 -0.1349199075093158 0.690357909912435 0
1693 0.08587448201903376 0.6884167325984263 0
1694 0.2198490877749941 0.4503714765654722 0
1695 0.05721848550601424 0.6902908867823373 0
1696 -0.06917056928447128 0.6657673178233392 0
1697 0.0003125868322978692 0.6885922954710373 0
1698 0.0004927748784836043 0.6866137926594751 0
1699 0.1767401079530504 0.7335624276691579 0
1700 0.09239279181601595 0.6927051016544827 0
1701 -0.1051073768009297 0.6944584124667694 0
1702 -0.1034126034889716 0.6931776464545705 0
1703 -0.104064583064047 0.6908928650616859 0
1704 -0.1021145433999696 0.6915429317379834 0
1705 -0.102564874551314 0.6893518099867282 0
1706 -0.1003974659912018 0.6902662816304619 0
1707 -0.1009977708807198 0.6877538707486229 0
1708 -0.09881544748166471 0.6884367999325158 0
1709 -0.09822428438413058 0.690494682307398 0
1710 -0.09676532950200023 0.6890592399679172 0
1711 -0.09637156741674782 0.6909836074931974 0
1712 -0.09490866323644172 0.6896708767475339 0
1713 -0.0952618050027788 0.6876816402274086 0
1714 -0.09338398981703962 0.6883982996980409 0
1715 -0.09317700399643974 0.6905336812062707 0
1716 -0.09158454778092158 0.6890766906723532 0
1717 0.04321209285021025 0.6852029837249339 0
1718 0.06593498773581216 0.6908581594920826 0
1719 -0.1448329316475991 0.7276880055470325 0
1720 -0.1399326163462027 0.6897375157148335 0
1721 -0.1367216744534457 0.6852295234377341 0
1722 -0.02057479111961517 0.6905149351489498 0
1723 -0.01929467203281705 0.6911201731487084 0
1724 -0.06328680859612813 0.6273844849367345 0
1725 -0.07306178352317905 0.6863449677646841 0
1726 -0.07481536548873538 0.6864020844651786 0
1727 -0.07559841491278613 0.6844305270750655 0
1728 -0.0766367044252038 0.6859069356452304 0
1729 -0.03080069023345586 0.6679006492378787 0
1730 0.02797607191351642 0.6666096216499484 0
1731 0.0324588797802461 0.6648952550158057 0
1732 -0.09370413608816235 0.6863200281762063 0
1733 0.06654617406764632 0.6609216948069532 0
1734 0.07214447724904889 0.6596963215380929 0
1735 0.254486610771182 0.8384488051672281 0
1736 0.2261331888348381 0.8377874439871112 0
1737 0.05920677934467139 0.6850076616754199 0
1738 0.06449221720920384 0.6911814572698122 0
1739 0.06855885156328399 0.6854995054170814 0
1740 -0.07848571644849014 0.6789434975817807 0
1741 -0.1229879769299643 0.6658699002126546 0
1742 -0.1812531391095615 0.68941845025416 0
1743 -0.1876876414646971 0.6977474057374575 0
1744 -0.02102548275051885 0.6859280885533705 0
1745 0.2112848011630779 0.5755769561069003 0
1746 0.2133591963463129 0.5519610571486578 0
1747 0.1028025211987217 0.7022697288375461 0
1748 0.1011163105620954 0.7001948092536027 0
1749 0.06935779301863471 0.592339894910612 0
1750 0.002165646750005732 0.6877846623189252 0
1751 -0.05399300132717266 0.6858555371237897 0
1752 -0.1830530259623347 0.7083726365363826 0
1753 -0.09153644166597386 0.4285552657430883 0
1754 -0.06962698861123058 0.4460467126115149 0
1755 -0.06618967177751138 0.4215041223603697 0
1756 -0.04574313667236627 0.4367086988557102 0
1757 -0.04248439360631592 0.4114908877536345 0
1758 -0.02223110873979036 0.4273611760419878 0
1759 -0.06200168062005688 0.6858655502659214 0
1760 -0.06351884018682705 0.6855821487650846 0
1761 0.2635206447416473 0.6454101385442963 0
1762 0.112904336307874 0.2621480366212535 0
1763 0.1137844899905909 0.7078477110005252 0
1764 0.116624151497654 0.7078290966039859 0
1765 0.02853715662825397 0.6911879859284108 0
1766 0.0274012850794038 0.6916833944323352 0
1767 0.1137730373010264 0.6901674980546806 0
1768 0.1187452134465103 0.6892782386283614 0
1769 0.1151840543560405 0.6845764642645265 0
1770 0.1218909465019229 0.6839417988321608 0
1771 0.1171257528021377 0.6783604974925043 0
1772 0.1244886689883805 0.6774303280563148 0
1773 0.1196735577293339 0.6716226523687447 0
1774 0.1122773818891353 0.6728490634589394 0
1775 0.1147509714692702 0.6658901579826044 0
1776 0.07383090882569113 0.6871359628803413 0
1777 -0.07179387813229479 0.4706550454505896 0
1778 -0.09767407075431894 0.6922563699923456 0
1779 -0.1939167865903198 0.7481281588769259 0
1780 -0.01528467243265484 0.668637551051369 0
1781 -0.01145459800963113 0.6663918522702204 0
1782 -0.01172144824107198 0.6703112652387322 0
1783 -0.03145911172450436 0.6829954433194262 0
1784 -0.2789523177708038 0.3300339267667807 0
1785 -0.3122768692387758 0.3087880298982935 0
1786 -0.1016239564320505 0.6933276976673319 0
1787 -0.164046016780798 0.7686145344960735 0
1788 -0.1657361812405568 0.7743470743145777 0
1789 -0.1734010073564742 0.7767875919706362 0
1790 -0.1676831157554221 0.7801811808393961 0
1791 -0.1626067592065863 0.7789443795327921 0
1792 -0.1639035146075587 0.7835678691613965 0
1793 0.03749279276366552 0.6905983205161412 0
1794 0.107312369282409 0.6674413258571117 0
1795 0.1098073007110455 0.6601907304043974 0
1796 -0.1146422860368194 0.6994611058478782 0
1797 0.04205155217907267 0.6905174358184709 0
1798 0.04069231277606446 0.6908524372770275 0
1799 0.338782095005825 0.1624905903662435 0
1800 0.3028662495768343 0.1352377709922368 0
1801 0.3601791019704838 0.7703247708846085 0
1802 0.3379092142217771 0.802812183466128 0
1803 0.3796334760822985 0.7366986842867196 0
1804 0.3591171053741109 0.2756552685101101 0
1805 0.3520186575271161 0.3180784778416292 0
1806 0.08159879626009639 0.5863994506333774 0
1807 -0.0363749458777802 0.6872735984358518 0
1808 -0.03779931225002689 0.68684702000267 0
1809 -0.04418112642499857 0.6649488793084259 0
1810 0.08564431807011881 0.6959588422855347 0
1811 0.05344623415230366 0.6907786194919036 0
1812 0.05202880789647016 0.6909571687498698 0
1813 -0.008134266578376919 0.6686002616222931 0
1814 0.1434659402549852 0.6654533321825904 0
1815 -0.1182042092337172 0.490930425496202 0
1816 -0.1399975446988923 0.5013139717741729 0
1817 -0.1595876613152729 0.4882795959974291 0
1818 -0.1610068675322049 0.5118744196074041 0
1819 -0.1804800871163474 0.4992778072173041 0
1820 -0.06324197715844393 0.6825789467289414 0
1821 -0.04778391637579759 0.6816057855553436 0
1822 -0.1923390853213923 0.1356465128820099 0
1823 -0.03307741431837619 0.6823263686493439 0
1824 -0.0603589264931039 0.6812916281014105 0
1825 0.0167944925260172 0.6938876398214419 0
1826 0.01558886737110277 0.6944467952960902 0
1827 0.01435414819789195 0.6935611890801897 0
1828 -0.1116299126882597 0.6303359915647685 0
1829 -0.1165159036229516 0.6207158057765162 0
1830 -0.1677550131858614 0.716584776011765 0
1831 -0.1548294862951957 0.6939587374575977 0
1832 0.04077610374524551 0.4231946916832367 0
1833 -0.04655298677473714 0.6866048258904587 0
1834 0.01437494592222639 0.6949913005306327 0
1835 0.01326970249378946 0.6943500200097286 0
1836 0.104687150839061 0.7038680926933181 0
1837 -0.3968516451994899 0.4561453078727525 0
1838 0.3922785001338931 0.3017582814539422 0
1839 0.0899303135048652 0.6569537219277635 0
1840 0.09713934974692046 0.6558625657497229 0
1841 -0.3676440892143156 0.5198781464915877 0
1842 -0.1382997605979597 0.7284716392066413 0
1843 -0.1201263269704992 0.7021957472362944 0
1844 0.2425968536737476 0.6502942983239917 0
1845 -0.02769404236963873 0.6889439764782248 0
1846 -0.02640229080522984 0.6895002564138958 0
1847 -0.03934554005864133 0.6246159334678705 0
1848 -0.04795731361325122 0.620415494721522 0
1849 0.0708714880494821 0.6921122875161994 0
1850 0.09089272155940192 0.6982331833380737 0
1851 0.09278687371847207 0.6984356970256942 0
1852 0.0939683373745494 0.6968058685732095 0
1853 0.09480371004772895 0.6987009932606597 0
1854 0.0009518504128417492 0.6926914505852002 0
1855 -0.01736586038466438 0.2086363233395762 0
1856 -0.07600872953840418 0.6875480801541577 0
1857 -0.07755416935869933 0.6873709567340566 0
1858 -0.07864093184652594 0.6906236069175491 0
1859 0.3901060856602994 0.6309851476248834 0
1860 0.03326066697354572 0.6900906073928127 0
1861 -0.07907719324274956 0.6762327120909749 0
1862 -0.06303386068138991 0.6869431679443356 0
1863 -0.06448821891267725 0.6867114868174038 0
1864 -0.06502269155806246 0.685352966750128 0
1865 -0.06596218484407251 0.6865369780568918 0
1866 -0.02870272522036991 0.5751077270433699 0
1867 0.2871635255652883 0.8411361522998303 0
1868 -0.04563878233563976 0.6610930545593131 0
1869 -0.04957905712024858 0.6810298825177851 0
1870 -0.007618440018879289 0.66459091623959 0
1871 0.07172808549012791 0.5640175414890795 0
1872 0.05852120187194587 0.5554012284068299 0
1873 -0.02793968906415271 0.6657731923155538 0
1874 -0.03128071093115068 0.6641532110373284 0
1875 -0.2892730934439647 0.8176958194956856 0
1876 -0.3158274355748674 0.8036055494024447 0
1877 -0.3128541613004844 0.7766232582205547 0
1878 -0.3426593645648717 0.7878053479670284 0
1879 0.06941356378119447 0.6922995505238818 0
1880 -0.02557786229977119 0.4518390058975719 0
1881 -0.002999610311641294 0.4428802942538776 0
1882 -0.3037405693181886 0.7223057995882907 0
1883 -0.05855702973175479 0.6863277284869055 0
1884 -0.1819644692933474 0.5223467838383427 0
1885 -0.2014923399900722 0.5101241575193173 0
1886 -0.02834876402002665 0.6842955917996923 0
1887 0.1029770557908525 0.4436627857384052 0
1888 0.1067924744737704 0.7036491414305815 0
1889 0.114938075236178 0.7101345931092387 0
1890 0.1178706607332149 0.7108060821150973 0
1891 0.119487474517238 0.7077637715356497 0
1892 0.121180114363405 0.7107515984106965 0
1893 -0.118624815391759 0.700361597382873 0
1894 0.03615240544233653 0.6910735181102112 0
1895 -0.008166605521980059 0.1295921096034193 0
1896 -0.09604076778872607 0.6926946554964211 0
1897 0.08386922995967805 0.6579489774163287 0
1898 0.3835314662125026 0.6682026908671843 0
1899 0.1924727577477297 0.644889420916654 0
1900 -0.0374726598182397 0.6881472744834899 0
1901 -0.304211237400993 0.1420069816007777 0
1902 -0.3454198676738142 0.1610855245418462 0
1903 -0.3488616696387024 0.2057504123388629 0
1904 -0.2616014629526521 0.1262777514717786 0
1905 0.15373095542877 0.662756086116672 0
1906 -0.0665201029873726 0.6851730385477179 0
1907 -0.06740256548000859 0.6863720728340725 0
1908 0.0890409731019364 0.6983057786253746 0
1909 -0.1685935331964002 0.7853144037415888 0
1910 0.1899422838024281 0.7617503704544536 0
1911 0.1197031629693113 0.7133135657138481 0
1912 0.0846755349009293 0.6860872842552616 0
1913 0.3727765650273188 0.189452783586642 0
1914 -0.09133126216407073 0.6907924057158765 0
1915 -0.09010146319934456 0.6897298886415603 0
1916 -0.09021240527700326 0.6880237874078188 0
1917 -0.08861629131610133 0.6889280461834604 0
1918 -0.0921882459170269 0.6919267213783007 0
1919 -0.08880410429667468 0.6869239278472792 0
1920 -0.0871548322607167 0.6876826737518387 0
1921 -0.08690334552461439 0.689380336361437 0
1922 -0.0855821402859958 0.688388817580701 0
1923 -0.000229487928621059 0.6960299653265689 0
1924 -0.001326703231039776 0.6953767654561431 0
1925 -0.001324252511158918 0.6940777621720795 0
1926 -0.002453749752321549 0.694723694332144 0
1927 -0.002439538877038543 0.6959869551178732 0
1928 -0.003568818005370142 0.695376548081263 0
1929 -0.03884254590319418 0.6877610238808806 0
1930 -0.03916314645147192 0.6864098966531202 0
1931 -0.04019513799269533 0.6873885583326134 0
1932 0.08773925506575948 0.685849936911119 0
1933 -0.0616850869701196 0.6684278370883769 0
1934 0.01135448614078465 0.6677224133438466 0
1935 -0.08400668039877879 0.6686191187273947 0
1936 0.00238354942913003 0.6857328016836394 0
1937 0.2621730956538065 0.1518898235655492 0
1938 -0.1646045396945228 0.7877190530894076 0
1939 0.1696834054347303 0.6028908666364104 0
1940 0.396942794375493 0.5951950980948596 0
1941 -0.09935194721760411 0.6860217878728675 0
1942 -0.1017840826360604 0.6852928754735748 0
1943 -0.3159231004981862 0.3477119476471578 0
1944 -0.3491823059257974 0.3262546065529823 0
1945 -0.3511447747666936 0.3644598768612348 0
1946 -0.08725136931451906 0.6855493865313396 0
1947 -0.0572427579881123 0.6866965504853774 0
1948 -0.0508426303813786 0.6334291758495381 0
1949 -0.3819107024833893 0.345425773353658 0
1950 -0.3840485196697502 0.3037319308043223 0
1951 0.01320639511218688 0.6955888207710018 0
1952 0.01212000422374731 0.6949410462897461 0
1953 0.3645540861969505 0.4921997811452684 0
1954 0.06803582021133502 0.6554815633176226 0
1955 -0.07640910443010002 0.6769630911678997 0
1956 -0.06856208573726236 0.6695675163994745 0
1957 -0.1594577324761499 0.7824576293710117 0
1958 -0.1583413663960219 0.7782318226890467 0
1959 0.4020500314377409 0.4854921077444062 0
1960 -0.1434971512490365 0.5972369651102704 0
1961 0.2644584133254234 0.8702875684590328 0
1962 -0.06931136724479812 0.6332775908180905 0
1963 0.1450445411652864 0.7304330076921546 0
1964 0.151664837148029 0.7265312797083858 0
1965 0.1236115263640682 0.3359573105157291 0
1966 -0.008572532504682533 0.6720541649887487 0
1967 -0.1047932281831473 0.6888052853027681 0
1968 -0.03919817585751681 0.5677949356104108 0
1969 -0.03278175383357663 0.6356879800748969 0
1970 -0.08833761443785695 0.6678125800213564 0
1971 -0.09006100760345302 0.663026545262792 0
1972 -0.09236634946605041 0.6665565440461567 0
1973 0.00408950343400942 0.6868665688184159 0
1974 0.377904423334974 0.4180505882679273 0
1975 0.3454157956382077 0.3937026536244078 0
1976 -0.1747036167327427 0.8318210878052549 0
1977 -0.1880933845958879 0.8386485592257669 0
1978 -0.1696456176655665 0.8496875661959145 0
1979 -0.1926719820696649 0.859596001230003 0
1980 -0.207705254425293 0.8438927270717911 0
1981 -0.1735116439936706 0.8784566480827777 0
1982 -0.05018594745816255 0.1856543355717683 0
1983 -0.05119088706516096 0.6868312252454134 0
1984 -0.0898295425705681 0.6912713876270635 0
1985 0.1002796152627364 0.7025629601254019 0
1986 0.09889310013469535 0.7007517476395121 0
1987 0.0994437770101632 0.69849308128694 0
1988 0.09588303683421519 0.6972353343709763 0
1989 0.1173790724417286 0.6584291102807973 0
1990 -0.03586845941326704 0.6830056174695467 0
1991 -0.03770701802925288 0.682352327572283 0
1992 0.3779419725700306 0.8044243571990681 0
1993 0.3594513632768753 0.83949492633027 0
1994 -0.2420269878755671 0.3835632879583682 0
1995 -0.05234828894080817 0.6819721722939525 0
1996 -0.1855777248300298 0.7296961162425986 0
1997 -0.1374924627208701 0.6733970874748596 0
1998 -0.04525947861610783 0.6707305998972074 0
1999 0.0328642198754361 0.6914625196577919 0
2000 -0.1567996402398225 0.74982116101757 0
2001 -0.02482419790378811 0.6704707447714893 0
2002 0.05638046835838603 0.6598664269129367 0
2003 0.05062798129449383 0.6613943670257967 0
2004 0.05553030765335101 0.6857089446503366 0
2005 -0.03840784676041984 0.6602278803211549 0
2006 0.07064788972116515 0.6851662142600814 0
2007 -0.1684251941005428 0.624776396155042 0
2008 -0.1779945786542821 0.6352967619180322 0
2009 -0.1730350717948199 0.6473037605216385 0
2010 0.02531383676486004 0.6862859867774354 0
2011 0.02699717631601688 0.6856707561179598 0
2012 -0.07828812069697122 0.6858835618132872 0
2013 -0.07917557919754802 0.6873189043324597 0
2014 -0.3820693673289043 0.6239701453941672 0
2015 -0.4130077787410125 0.6075202968495751 0
2016 -0.2779749482082695 0.6801709535170928 0
2017 -0.153505728636252 0.7546607665075369 0
2018 -0.156191870585119 0.7587370953247714 0
2019 0.1100842145829486 0.7078244239259766 0
2020 -0.1349192506427446 0.7163057105665418 0
2021 -0.1334667792854423 0.7137848226281489 0
2022 -0.1365289730958617 0.7189912217897479 0
2023 -0.1398910599451337 0.7188954578955573 0
2024 -0.202763862950891 0.5340910284294169 0
2025 -0.2496471662724093 0.8677728610624076 0
2026 -0.2741058118497413 0.5227589055652788 0
2027 -0.2486741403824017 0.5112578623672744 0
2028 -0.3001675796380305 0.5393475419264241 0
2029 0.001273194330015874 0.6272320978315734 0
2030 0.0315160336357297 0.6919207786154695 0
2031 -0.1859261866131871 0.6454874384457755 0
2032 -0.1816829162451732 0.6569045523887161 0
2033 0.3801674936352382 0.3794384964217308 0
2034 -0.00107134957680594 0.6854287372502537 0
2035 0.3495529071179178 0.6796313381899516 0
2036 -0.3444077732059649 0.819308432846098 0
2037 -0.374153072294363 0.8014146508090649 0
2038 -0.3716182650388433 0.7640790966571224 0
2039 -0.3778744185884336 0.8365995008368463 0
2040 -0.1592849957703196 0.6149736618119863 0
2041 -0.1608744993383524 0.7862161028932351 0
2042 0.1119550775018103 0.6523213662337763 0
2043 -0.1236535049452242 0.2291722135836235 0
2044 0.07391178585587237 0.6540547017329991 0
2045 -0.1080275226010719 0.612705097018724 0
2046 -0.1189427065685194 0.6094762272393814 0
2047 0.08903553645426457 0.6906188739573335 0
2048 -0.05566965576946949 0.6809948284374007 0
2049 -0.05744453857824865 0.6805131775724482 0
2050 -0.1867382998516488 0.7563446654303021 0
2051 -0.1985582941393916 0.7576661280228691 0
2052 0.02100676637264579 0.6935616192429669 0
2053 0.02228972969951891 0.6930796227495334 0
2054 0.01981828856727993 0.6938796939035374 0
2055 -0.3112042621565813 0.2700291015826817 0
2056 -0.1084413420650847 0.6893915466353462 0
2057 0.0131251317541058 0.2317239726095385 0
2058 0.09726466508000439 0.666627553331276 0
2059 0.09296076043952742 0.6499145331508972 0
2060 0.1002117633290102 0.6478918540762351 0
2061 -0.06295672792826792 0.6647943586563755 0
2062 -0.0605524361283443 0.6620137212283709 0
2063 -0.003612080383555244 0.6941236683619498 0
2064 -0.004712929064768998 0.694777537537583 0
2065 -0.004730093866398834 0.6935035359473724 0
2066 -0.005867629031254045 0.6941776084745872 0
2067 -0.005806924866689177 0.6954356208175848 0
2068 -0.006974121544183966 0.6948691494012552 0
2069 0.2663743761079622 0.1082500978110458 0
2070 0.2216984467964862 0.1238329735599241 0
2071 -0.013164667056555 0.6848469253726077 0
2072 -0.04965606288283784 0.6870122800948867 0
2073 -0.1179255439555288 0.7023610768591385 0
2074 -0.0541797643155581 0.2254100457112219 0
2075 -0.179911517074931 0.4753187876667696 0
2076 0.04615656486803697 0.6571123485391169 0
2077 0.04558931367497945 0.6634554456491744 0
2078 0.04958466499936268 0.6664657266844358 0
2079 0.04524519906177958 0.6690253588861789 0
2080 0.04155511047459925 0.6657042988302242 0
2081 -0.1494846037457212 0.721573287067762 0
2082 -0.1537525410639613 0.721854062349316 0
2083 0.3134424746497114 0.3304125334703766 0
2084 -0.02551054413471015 0.6837077708011604 0
2085 -0.1383436057958525 0.7213752225761811 0
2086 -0.1414605212630965 0.7216536033511056 0
2087 -0.1397348266982793 0.7242315915402006 0
2088 -0.1271941674609796 0.7043157839585474 0
2089 -0.1257972154840907 0.7065896510386374 0
2090 -0.02397783494078626 0.6826289398357166 0
2091 -0.02245485172207869 0.6834848886938195 0
2092 0.04020811783307701 0.6846164050479775 0
2093 0.03868512938190889 0.6832154152579241 0
2094 0.0367564989552757 0.6838396012536109 0
2095 -0.112484840860064 0.6995074036539656 0
2096 -0.111132047965199 0.6981278469085562 0
2097 -0.08176152513693551 0.6752276457945522 0
2098 -0.1687387814619103 0.7906304681191798 0
2099 -0.143026309276653 0.6942665900109156 0
2100 -0.1455623902298415 0.6893647832554368 0
2101 0.02821644095956876 0.6924571306039075 0
2102 0.02940286143557721 0.6919548337105127 0
2103 0.1059638926546564 0.7054962960683994 0
2104 0.1078515400103133 0.7055207487152702 0
2105 -0.01174677797351409 0.6738229756173467 0
2106 0.03507745668145887 0.6883596608971614 0
2107 0.03523148087357729 0.6868163719193445 0
2108 0.004508958085177078 0.684656845150676 0
2109 0.006097302210828758 0.6858667235758988 0
2110 -0.221642180868425 0.5783942186039599 0
2111 -0.07993008860855894 0.6859646749275601 0
2112 -0.08082237937144679 0.687356708692247 0
2113 -0.07998904796954574 0.6886654131016489 0
2114 -0.08155490471456101 0.6888034197866221 0
2115 -0.08245484980559145 0.6873082310446298 0
2116 -0.1192683022837232 0.6979428103927445 0
2117 0.06536352704070021 0.6923385149607806 0
2118 0.06689233121232056 0.6922582903529158 0
2119 -0.01819721286109163 0.5813724141978061 0
2120 -0.01700089449578956 0.5693577562760401 0
2121 -0.006387259676200737 0.575513805258494 0
2122 -0.005022937625806752 0.5617793567773715 0
2123 -0.1916098691629201 0.6872583768980187 0
2124 -0.1842112148022198 0.6801328894108545 0
2125 0.06308990794468157 0.6842936195010765 0
2126 0.0653735659073664 0.683922772999724 0
2127 0.03727151108299417 0.6917899657996436 0
2128 0.03846098722416 0.6914410921737405 0
2129 -0.008709218708442275 0.6772346224452983 0
2130 0.1662562274319543 0.7296615316359355 0
2131 0.1271763630330308 0.6705930386266217 0
2132 0.1321839570640688 0.6763487786803548 0
2133 0.04918514933970545 0.671157849982037 0
2134 -0.07962588545546605 0.6731481238804592 0
2135 0.01217551220512129 0.6937237972920107 0
2136 0.01104395370621471 0.6942908939999569 0
2137 0.01098991194248202 0.6955525331066237 0
2138 0.009926691415817248 0.6949201894777789 0
2139 0.009922230272492259 0.6960975127244926 0
2140 0.008853854914131255 0.6955228665177418 0
2141 -0.08545818556769083 0.6898941773789142 0
2142 -0.08420535390513642 0.6890800118742342 0
2143 -0.08653294896652564 0.690970836678987 0
2144 -0.005663092713297862 0.6708194160651213 0
2145 -0.09916565122039227 0.6918190783577599 0
2146 -0.09891536571672987 0.6934186970387596 0
2147 0.1916414623115276 0.5604916784949168 0
2148 0.1934021897365502 0.5372402044995928 0
2149 0.0001267522728394255 0.4191395553711389 0
2150 -0.01666218923461427 0.6862819102963407 0
2151 -0.01837422096751332 0.6855258493493334 0
2152 -0.1336608081101089 0.7089056063296881 0
2153 -0.1303932971125463 0.7091117345988207 0
2154 -0.02044988513107907 0.6917806229444066 0
2155 -0.02165454343073626 0.6912785018066133 0
2156 0.006520822869278456 0.6841448155103964 0
2157 -0.3872745551853841 0.1806904339470988 0
2158 -0.3792664288536657 0.1386657573848511 0
2159 -0.09031394632971279 0.6863352020606155 0
2160 0.01799269491786287 0.6933711119024181 0
2161 0.01774130368785704 0.6945752608269127 0
2162 0.1206208558594449 0.6518985734861165 0
2163 0.09360933851438298 0.7000641574543938 0
2164 0.09543925502785136 0.700484719874152 0
2165 0.07592064748394721 0.6636502637669405 0
2166 -0.01916137321226064 0.6698488170128357 0
2167 -0.05824158347222042 0.6877443329309622 0
2168 0.302800423242462 0.6598736541058118 0
2169 -0.1225611738683228 0.680546188184453 0
2170 -0.1282390034829649 0.6801764780008215 0
2171 -0.1245215296483316 0.6755396955759916 0
2172 -0.04805149980570632 0.6698021117451594 0
2173 0.2494735888966588 0.6083696506678433 0
2174 0.08160511375657578 0.6929988325265548 0
2175 0.08093859728259284 0.6945992263890243 0
2176 0.08171232743108525 0.6959153834660436 0
2177 0.2122078550051312 0.6402664754807948 0
2178 -0.01935381209465132 0.6923099073323306 0
2179 -0.01819343131043161 0.6917667532941598 0
2180 -0.01843962881561225 0.6931322021597054 0
2181 -0.01725098858848773 0.6925131343510336 0
2182 -0.1000161504953102 0.6645248259575289 0
2183 -0.1521762179300673 0.764534482318213 0
2184 -0.155778764718166 0.7654359047511778 0
2185 -0.1565950211101276 0.7686622836568958 0
2186 0.09647674359968435 0.6905468908719783 0
2187 -0.1234499345768648 0.7067494515896794 0
2188 0.1015277728061337 0.7039701591582126 0
2189 0.1031025144186501 0.7057747567338106 0
2190 0.3775851804377737 0.1453699910029345 0
2191 -0.2181481590977609 0.5543348565355269 0
2192 -0.06444514065942694 0.6610347082517171 0
2193 0.09529593455262569 0.6950625057086711 0
2194 -0.05607326098150599 0.6789953735973449 0
2195 -0.09480985675770721 0.6915570764695933 0
2196 0.0009463039394758708 0.6965897685733475 0
2197 0.3248135365269171 0.7134690429600143 0
2198 0.08803843595089084 0.6966835541331178 0
2199 0.08724049593210791 0.6980851780003923 0
2200 0.08587147305317244 0.6833338693110754 0
2201 -0.1211637176885747 0.7043185496198795 0
2202 -0.007180097372076451 0.6934025127497557 0
2203 -0.008180541541691193 0.69435178816873 0
2204 -0.008026872231813599 0.6955779195317888 0
2205 -0.009192040667377947 0.6950362621180379 0
2206 -0.00934980375654366 0.693892108353344 0
2207 -0.01035227759803589 0.6945364996053824 0
2208 -0.01051126030583895 0.6933524560028221 0
2209 -0.01149817659722722 0.6940430031713899 0
2210 -0.04053595141102283 0.6859203640314708 0
2211 -0.04150101510596192 0.6870391658963944 0
2212 -0.04181855065100441 0.6855828364601158 0
2213 -0.06168136406848701 0.6872617859579684 0
2214 -0.09982035937899122 0.6834393613203027 0
2215 -0.1025628440534055 0.6826270546236054 0
2216 -0.06673175519951824 0.6876099715299345 0
2217 -0.06790031933479287 0.68746759463961 0
2218 -0.1624339188466928 0.7628833653999552 0
2219 -0.06331212877883556 0.3952499104774656 0
2220 -0.0382065638149575 0.3842901900462983 0
2221 -0.1607135563581136 0.7750171169360175 0
2222 -0.1567921479127629 0.7746385586211095 0
2223 -0.1550495026986274 0.7775931383569025 0
2224 0.4243840541391443 0.618568396491183 0
2225 -0.2014436157619564 0.7384960575779485 0
2226 0.0160398064306015 0.663117966430029 0
2227 -0.08786124690800948 0.6905211156666078 0
2228 -0.3957780564316731 0.4148706722740815 0
2229 -0.2056576700039429 0.7010594820266396 0
2230 0.01110600148051839 0.6930436378796982 0
2231 0.03334871145009811 0.6603094128275999 0
2232 -0.3251288080396062 0.7328211042071247 0
2233 -0.3536547149861197 0.7267872052134924 0
2234 -0.007408686992938894 0.4645440977314055 0
2235 0.03420805090269093 0.6911604676210876 0
2236 0.2012275481113023 0.7544629545885407 0
2237 0.1998189636128324 0.7398423558741826 0
2238 0.2159771747258931 0.7454543698748282 0
2239 -0.1243012235824218 0.7088722916014601 0
2240 -0.1269179683804814 0.708775314495419 0
2241 0.1982999256051072 0.6069402854029857 0
2242 0.07978785631384858 0.5994266362822877 0
2243 0.09323211131462111 0.5966895587167523 0
2244 0.06856815445158246 0.6043692027453601 0
2245 0.2169595698327595 0.8039060137666701 0
2246 0.1979762199787059 0.7997242743260402 0
2247 0.1929767950847112 0.7850998898904207 0
2248 0.08408517847386709 0.6960456115322536 0
2249 -0.1064870484142013 0.6958548773492335 0
2250 -0.1078190733734977 0.6973312015680907 0
2251 -0.1046139656711005 0.6963088569139209 0
2252 -0.1034133901945543 0.6951341930140886 0
2253 0.008079012377225515 0.6853153274219778 0
2254 -0.4161814236168278 0.3246573970776496 0
2255 0.03955876158350781 0.6898769693897592 0
2256 0.1221298344508691 0.6937204849166179 0
2257 -0.1518766929303404 0.7494203671501336 0
2258 -0.04860803106783391 0.6860839416920097 0
2259 -0.04839532979210177 0.6872524197369725 0
2260 0.06934057310100906 0.683225595418239 0
2261 -0.3596114467148618 0.9107570435846759 0
2262 -0.3000610205873646 0.09646020775183645 0
2263 -0.06199594064909312 0.6350941365551754 0
2264 -0.1187593702123488 0.7042107892355219 0
2265 0.112358024731987 0.7100838549630667 0
2266 -0.09576663803509898 0.6855779669358765 0
2267 -0.06808385972288042 0.6850353049910731 0
2268 -0.09350804471838187 0.6827400219370149 0
2269 -0.02215433904120084 0.6817733956361738 0
2270 -0.02774310796745384 0.6617653931669767 0
2271 0.1447895410278688 0.7232405858796218 0
2272 0.1505779521544354 0.7183462482322509 0
2273 0.08488865154706621 0.6973833355147994 0
2274 -0.1563500185477145 0.7807036693714801 0
2275 -0.1108131536617585 0.6002419927929492 0
2276 -0.1228756939691449 0.5977178498512644 0
2277 -0.1000132696277132 0.5919325734426356 0
2278 0.09830071203015235 0.7025244722270548 0
2279 -0.1616278842867805 0.7937082104273783 0
2280 0.04418184516627455 0.6899362051120075 0
2281 0.04534051561954393 0.6909321470179128 0
2282 0.04666014542547248 0.6905164346195365 0
2283 0.04298178385831104 0.6915429788479869 0
2284 0.04629330139484633 0.6919785775355188 0
2285 0.04760730276901087 0.6915611511646206 0
2286 0.04801135325340771 0.6902625122808235 0
2287 0.0490697644392671 0.6913252428463115 0
2288 0.06837094346154571 0.6912990728244643 0
2289 0.3867815354173388 0.5196564147981372 0
2290 -0.1212168338991285 0.5138659560226559 0
2291 -0.1018142546573118 0.5030285449882032 0
2292 -0.03179076349046042 0.6598944977958323 0
2293 0.008852724105654535 0.6967814276677329 0
2294 0.00785988999380526 0.6961114025503818 0
2295 0.007787726257245537 0.6949232372637743 0
2296 -0.07142206021797005 0.6866005098134267 0
2297 -0.07238320019627011 0.6877853071220721 0
2298 0.03155520262611446 0.6690907008399437 0
2299 0.02749479129731672 0.6706973567220009 0
2300 0.03570603786926318 0.6679003376662409 0
2301 -0.003705699999627774 0.6967154360931559 0
2302 -0.05953167720135418 0.6872794059732195 0
2303 -0.06533842070686811 0.6879584467841227 0
2304 -0.07376952293761826 0.6877361664781694 0
2305 -0.198774665939122 0.8261197286240334 0
2306 0.1045729115126339 0.6747957313073255 0
2307 0.1097764170536039 0.6797839965800806 0
2308 -0.3792282903757884 0.5568435245842464 0
2309 0.01408705824250753 0.6908524759828207 0
2310 -0.03051154460631187 0.618747532766837 0
2311 -0.03912383580302144 0.6149594029039105 0
2312 -0.04631283674962606 0.6110013396845243 0
2313 -0.05011687025549644 0.6016639627384833 0
2314 -0.05980359153042317 0.5946818264749236 0
2315 -0.0608045436550704 0.5829815280719817 0
2316 -0.07108064894740743 0.5897191649559983 0
2317 0.07037513779423994 0.6937403411334427 0
2318 0.07192149074402923 0.6932609275307523 0
2319 0.0638772602205553 0.6926174051552693 0
2320 0.06304310379941415 0.6915463215583044 0
2321 -0.01405590742206764 0.6718525439827179 0
2322 -0.03606947061550315 0.6884954318462319 0
2323 0.01666609140295688 0.6950229549228292 0
2324 -0.06060931919077964 0.6862414151574738 0
2325 0.03050755852306121 0.6910076825895797 0
2326 -0.06555493852094907 0.6804071607011668 0
2327 -0.1775099831146347 0.7168787445081585 0
2328 -0.1729534476557993 0.7082898578230803 0
2329 -0.1886527701387268 0.7185014631297514 0
2330 -0.164132919696632 0.7073254742341537 0
2331 -0.02792115014592581 0.6567286612337014 0
2332 0.05099030294689474 0.6897592380623989 0
2333 -0.0687755378452739 0.6609326787258339 0
2334 -0.000113343607734385 0.6972338928233502 0
2335 -0.001255796392983118 0.6966456762855397 0
2336 0.04469364854451509 0.6818027307668649 0
2337 -0.03936988121469922 0.6807534711282776 0
2338 -0.03099228485755503 0.4720256889642063 0
2339 -0.06000010630199757 0.6040931014542577 0
2340 -0.02762448844970106 0.6904115278334194 0
2341 -0.02876362209785157 0.6896654760240821 0
2342 0.399041386030995 0.8371156617352091 0
2343 0.3798810054548234 0.87618224887033 0
2344 -0.04525738124199691 0.6869811914072861 0
2345 -0.04392984346475804 0.6874644671120077 0
2346 -0.04486424024162104 0.688220576796424 0
2347 0.05921612284554346 0.6901611658579425 0
2348 0.05823408543785697 0.6915248514875865 0
2349 0.05669804411768524 0.6917607986629726 0
2350 0.0595492677504656 0.6915836698802316 0
2351 0.05572023462838092 0.6905788076698791 0
2352 0.05534584643576021 0.6920093471856621 0
2353 -0.1109075477337656 0.6952199386130703 0
2354 0.0233114139951634 0.6685221803661127 0
2355 0.01924081635427832 0.6702419000267589 0
2356 0.07687627819345262 0.6924722071370646 0
2357 0.0781067195252069 0.6941021714991685 0
2358 0.07564543718098063 0.6939789770132094 0
2359 0.07410726956858153 0.6937216758225568 0
2360 0.07329606970589203 0.6925904985706399 0
2361 -0.07798946405140809 0.6305853920766183 0
2362 -0.08523320582631649 0.6372237542524238 0
2363 -0.07097556357704507 0.6880651553464793 0
2364 -0.0714541246371754 0.6723453645006824 0
2365 -0.1655874179039176 0.7947572758837669 0
2366 -0.1699135953501038 0.7954349996720061 0
2367 0.1040662740133112 0.5477609139295132 0
2368 0.1231736238428918 0.7140247210355037 0
2369 0.1206265988043085 0.716023324246486 0
2370 -0.1311012210160914 0.6075050494608376 0
2371 0.042053438416633 0.6820364227295661 0
2372 -0.1313267199099813 0.6668419991590501 0
2373 0.2998621944588675 0.6272124024017819 0
2374 0.08021004399106757 0.6958148888059182 0
2375 -0.04986875696029109 0.6663665409919537 0
2376 -0.05011791234648105 0.6614391880403795 0
2377 -0.05454217260169364 0.6604007761083327 0
2378 -0.05615962056492661 0.6858834212015069 0
2379 -0.05598701382704525 0.6872052004851237 0
2380 -0.07520397972400332 0.6390878668942334 0
2381 -0.1254182527095336 0.6360102512180696 0
2382 -0.06558542284375184 0.6839197201597843 0
2383 -0.0700356547191706 0.6870279942294508 0
2384 -0.0695933102461445 0.6884708432888877 0
2385 -0.09719051159165162 0.6937710630495012 0
2386 -0.095862402196667 0.6941360431714851 0
2387 0.04314608517428069 0.6517123727653535 0
2388 0.02199204062882661 0.6943576087671208 0
2389 0.02708233379849226 0.692889689496252 0
2390 0.02615367410782225 0.6919913883916345 0
2391 -0.2809613861104512 0.6522087640056311 0
2392 0.01213169987548143 0.6831719848420029 0
2393 0.05851987667465647 0.6808386522767559 0
2394 -0.1164058331283259 0.7008294088920395 0
2395 0.07661511372297937 0.6951180167966513 0
2396 0.002091827308751997 0.6960784443200488 0
2397 0.003129198517473286 0.6969604133838706 0
2398 0.004283015687859555 0.6963143855036152 0
2399 -0.142515914624233 0.6797032467630503 0
2400 -0.2761012919465314 0.8452971029182579 0
2401 0.02595298978876844 0.6934130718262558 0
2402 0.02500250154834027 0.6926583179430302 0
2403 -0.1596621613245701 0.7002369445937349 0
2404 -0.1523963992130948 0.700697460335412 0
2405 -0.002454358940623701 0.697156854013268 0
2406 0.08868475448495688 0.5608480500836872 0
2407 -0.03219834513250105 0.6873404571463928 0
2408 -0.03341568968496973 0.6882945766936421 0
2409 -0.03204464806959856 0.6887647300530118 0
2410 -0.03096607045933938 0.6892463148090191 0
2411 -0.03476525745527649 0.6878298179179871 0
2412 0.06516723457411717 0.6794182045824436 0
2413 -0.01151580700049612 0.6953587045897706 0
2414 -0.01252470030434262 0.6947423505885451 0
2415 -0.01260545836025052 0.6936243094942425 0
2416 -0.01357801489635849 0.6942927499329017 0
2417 -0.01360833128883296 0.6932364914834587 0
2418 -0.01458665715769175 0.6938500702061727 0
2419 -0.01346480155395119 0.6954519987090092 0
2420 0.1091115580601184 0.703863008406719 0
2421 0.0008120281304640006 0.6823527834211683 0
2422 -0.1320260671646212 0.7159265000794403 0
2423 -0.1306021548251783 0.7139272215346788 0
2424 0.06940941601897098 0.5203542046566113 0
2425 -0.06052606664806011 0.6789578701145945 0
2426 -0.03292264217836451 0.6896122108370398 0
2427 0.062409433515712 0.6893684469626434 0
2428 -0.4274440891041012 0.4368367178881245 0
2429 -0.4372043280997351 0.4708023810090222 0
2430 -0.03495475540269923 0.689174844077902 0
2431 0.01423997684617462 0.6582929262204806 0
2432 -0.2783362807539647 0.7097632426274043 0
2433 -0.2597301431363249 0.6950425059584346 0
2434 -0.07689131799942805 0.6885686374315929 0
2435 -0.07847443742790898 0.6887328878725029 0
2436 0.05055714744503915 0.6911171165820329 0
2437 0.05150719741687392 0.6923383936215524 0
2438 0.05287444814383468 0.6920314074322308 0
2439 -0.1619957431956605 0.5348867451688056 0
2440 0.0183691026988772 0.6849840635839968 0
2441 0.02076299259166934 0.6840072702079869 0
2442 -0.1425263413933861 0.5245048521777895 0
2443 -0.02524997964248331 0.688724445851286 0
2444 -0.02519110186012164 0.6901990666341253 0
2445 -0.1105175460690298 0.6998675753801322 0
2446 -0.1094896256767589 0.6984949987938441 0
2447 -0.01594536597199517 0.6910374226073216 0
2448 -0.1261025080289571 0.3954777311191089 0
2449 0.07852980559656676 0.6814173360897554 0
2450 0.08082225369853938 0.6837816707165724 0
2451 -0.1487578429335012 0.763907440183063 0
2452 0.02609420061267122 0.6821428134984431 0
2453 0.00403525143743754 0.6890405394181355 0
2454 0.1259458653394304 0.6354510778578693 0
2455 0.245154733514945 0.4722205747284688 0
2456 0.2165207160434395 0.48234647994599 0
2457 0.1917287508059488 0.4633181749188841 0
2458 0.1881256206796 0.4951218557501267 0
2459 0.1662034457458217 0.4753413625179315 0
2460 0.1694681497740982 0.4476051963774939 0
2461 0.1464317261340678 0.4549403852667969 0
2462 0.1902769739726799 0.5841858992678238 0
2463 0.06248456405922221 0.6928612553970865 0
2464 0.06159842433753281 0.6918701596073691 0
2465 0.03558137730390766 0.6815875662138785 0
2466 -0.05263273719297423 0.6862779167450035 0
2467 -0.05369701598348224 0.6873098867678854 0
2468 -0.05241666475818577 0.6875984907494783 0
2469 -0.3979612907790406 0.2305565737757457 0
2470 0.05245111884198529 0.6822709542521868 0
2471 0.01856425671726126 0.6920107982787962 0
2472 -0.00870260733458177 0.6847321100407305 0
2473 -0.01102591313989413 0.6835204187615896 0
2474 -0.01094580746197078 0.6857405625381509 0
2475 -0.009382654314668228 0.6866850257604667 0
2476 0.05598800892044009 0.5989013670625266 0
2477 0.05897309610457208 0.6110506319183394 0
2478 0.04540582854874022 0.6159889501934361 0
2479 -0.03310206571257054 0.6700147671512984 0
2480 -0.08393087201148015 0.6906352104856616 0
2481 -0.2819036373167926 0.3710388166108241 0
2482 0.1745070755390072 0.7223014885988087 0
2483 0.1845525735972796 0.7245540027139501 0
2484 0.1594459558769849 0.4982779459870834 0
2485 -0.09812899027268202 0.6948602704620076 0
2486 -0.0995466417422943 0.6949111025418726 0
2487 0.001978572771115764 0.6897392003141256 0
2488 -0.4095081561975303 0.8174880417720631 0
2489 0.05408074289118769 0.6650692131461924 0
2490 -0.0984506910171795 0.6697671720316698 0
2491 -0.1590517805784203 0.7448826611203716 0
2492 0.1825752559191943 0.798269938936949 0
2493 0.1864364937643269 0.8113188477341591 0
2494 0.2016329264445199 0.815729745114208 0
2495 0.1886338567648627 0.8267034950126982 0
2496 -0.1617909835071466 0.7195751410899111 0
2497 0.006659405798158284 0.6801454415562268 0
2498 -0.004928549259868526 0.6911019151941719 0
2499 0.1695147350768778 0.5482756666757482 0
2500 -0.186965815490086 0.7834782372560982 0
2501 -0.1860872973441584 0.7729707815678826 0
2502 -0.1784195260293031 0.7826293697030386 0
2503 0.02431869629645358 0.6720913828035686 0
2504 0.0417447626784486 0.6918241754733587 0
2505 0.04041225759978073 0.6922327704937971 0
2506 0.04270340577295229 0.6925834185874745 0
2507 -0.0461852940243628 0.6780847176564021 0
2508 -0.2074917033900714 0.7683124950393917 0
2509 -0.2805114051268304 0.7348850166769689 0
2510 -0.09524297335792238 0.6616611663046134 0
2511 -0.03886373340339375 0.6784561498869149 0
2512 0.02289921272451912 0.6917299139053101 0
2513 0.0237157401337011 0.6930600566695678 0
2514 -0.1506934137022198 0.7611394979664656 0
2515 -0.02942928900293093 0.6798604621252962 0
2516 -0.02876196537917106 0.6820795510765943 0
2517 -0.09465256580258935 0.6932816645611143 0
2518 0.1062674353035286 0.6038434392187698 0
2519 -0.02902691779816247 0.6883885895391377 0
2520 -0.06378687522294121 0.3656434487926062 0
2521 -0.0456622401826963 0.6806050330617969 0
2522 -0.02444526851804759 0.6644183143969598 0
2523 -0.03396100673170704 0.6802274353933248 0
2524 0.2226683297969996 0.6173995353828069 0
2525 -0.01737369763120084 0.6823491613303059 0
2526 -0.2169649831347797 0.8660009581302065 0
2527 -0.4146544041791377 0.6452511245491283 0
2528 -0.04954202611278413 0.4603455638408112 0
2529 -0.05363771001486101 0.4810545148105448 0
2530 -0.07258920843013478 0.4900536780120051 0
2531 -0.09438430017235633 0.4823870901461157 0
2532 -0.02187723045137802 0.689957353904514 0
2533 -0.02278092761511713 0.6908435701274012 0
2534 0.1927559782140226 0.4280846605992102 0
2535 0.09711296789359707 0.6990678399664486 0
2536 -0.2451023899624671 0.4788974258943479 0
2537 -0.08238064216530645 0.684691481811686 0
2538 0.02014870114257431 0.6864088893928298 0
2539 0.1069693832494688 0.5892570689094025 0
2540 -0.03944202277833498 0.6848151680075993 0
2541 0.01092872845796696 0.69677437462078 0
2542 0.01205411943933546 0.6962730404795405 0
2543 -0.08670147229697911 0.672127910388953 0
2544 -0.04611113256733802 0.6880097178799248 0
2545 -0.05140840492513783 0.6573455187001584 0
2546 0.07233281658814356 0.5500657844374671 0
2547 0.05828322730201241 0.5387758272560831 0
2548 0.04358808369779777 0.5449662432340738 0
2549 0.1134613848928989 0.7122413704756589 0
2550 0.1158202919921129 0.7124014647243625 0
2551 0.1104928488095045 0.710660758334425 0
2552 0.01432593382392848 0.6961868970026559 0
2553 0.1781753781198585 0.7666722193407726 0
2554 -0.1133904508821399 0.7010496791493291 0
2555 0.005830520234500585 0.5686435373709832 0
2556 0.007658628572303598 0.5534871511370058 0
2557 0.01954258332102099 0.5637015603000463 0
2558 0.02000263128274275 0.5487555704472533 0
2559 -0.006152811220454629 0.5446631923390282 0
2560 0.03100728616545249 0.6731204974515862 0
2561 0.05758495861858672 0.692787084223375 0
2562 0.058930393092543 0.6926718924552846 0
2563 0.2165799386424694 0.5268982362742428 0
2564 -0.08315998073241558 0.5704069928514254 0
2565 0.03261241115423762 0.6926489946506853 0
2566 -0.08287795092755139 0.6897137953688588 0
2567 -0.04292111790350442 0.6537879822013777 0
2568 -0.09933627427300405 0.846998162392641 0
2569 -0.08482495441579316 0.8822067986144889 0
2570 0.004547594712668737 0.6949859287184297 0
2571 0.005495109589028598 0.6959133999742907 0
2572 0.005157471632065379 0.697217903308169 0
2573 0.006217412837275824 0.6967341956158326 0
2574 -0.009041320027375167 0.6962616815890793 0
2575 -0.1968476078181439 0.654103888659901 0
2576 0.07678347577866149 0.6837095576063168 0
2577 -0.006873935049071833 0.6503070459328285 0
2578 0.01559332240166757 0.6957329821040895 0
2579 0.04147932654019888 0.6605539690734176 0
2580 -0.3214507654690997 0.5633408688082634 0
2581 -0.4465296966757552 0.7306595353745245 0
2582 -0.4075213459083593 0.7078748429794626 0
2583 -0.2605533966052601 0.6390847915446018 0
2584 0.02553895481740338 0.6907682496489034 0
2585 -0.01228860901502784 0.6537000100736301 0
2586 -0.009483250600589558 0.6580592274312198 0
2587 -0.03505120757170371 0.3527672852161192 0
2588 -0.001753003890526114 0.6538532638294191 0
2589 -0.1563491071988631 0.7837160042047507 0
2590 -0.004718638208015183 0.6960013602654647 0
2591 0.05035218699479089 0.2157541230298097 0
2592 0.04362831521727585 0.2574469072083171 0
2593 0.08136436280088113 0.2392195058536865 0
2594 0.07956995860732374 0.2741939052704734 0
2595 0.1070001935957367 0.2931814760220899 0
2596 0.1443353952679171 0.2874287079367506 0
2597 -0.1495553487408808 0.7572145357062186 0
2598 0.0001991695195077671 0.6904806962844369 0
2599 -0.0840592342279575 0.6876297457616791 0
2600 -0.02203912446889416 0.6677505053615806 0
2601 -0.008239110613079186 0.6922743069011024 0
2602 0.2767770642097946 0.6024875059130593 0
2603 -0.1286477855721992 0.7069457110967196 0
2604 -0.1283406594689513 0.7108424757035361 0
2605 0.1020517553395437 0.6392771993803197 0
2606 0.09172476841706312 0.6999058277005517 0
2607 0.09008252693166532 0.6997394862166879 0
2608 0.4496832840734329 0.7322415562536693 0
2609 0.03959850041338334 0.6806116167494138 0
2610 -0.03107033396442437 0.6271070183892374 0
2611 -0.157892572861168 0.7882203180248826 0
2612 -0.05265680865963339 0.5608132011147305 0
2613 -0.07540071927212402 0.6888618436351954 0
2614 0.0413248502599125 0.6703710336780416 0
2615 0.06028901339077243 0.6925780292515696 0
2616 0.1067617958723269 0.7069549379326492 0
2617 0.01354872940294108 0.6923253940796518 0
2618 0.06203544780714382 0.6573912906415583 0
2619 0.1245950363082511 0.7194736763910569 0
2620 -0.07483837162947281 0.04220876195320207 0
2621 -0.09846596453795731 0.08122840971935856 0
2622 -0.1437504145380332 0.08160671638264871 0
2623 -0.1728994278052164 0.04353164900403815 0
2624 -0.05225537597906636 0.08100539414182661 0
2625 -0.1928810997965687 0.08933994435969614 0
2626 0.118139205409299 0.7154828244166248 0
2627 -0.1057818232829582 0.6974294788247606 0
2628 -0.1321164087286819 0.7114919858976034 0
2629 -0.07886079094479943 0.1215754526130195 0
2630 0.03079644565221966 0.6827865696503386 0
2631 0.03232861538155896 0.6842248708172516 0
2632 0.02813007279187663 0.6837597861102331 0
2633 0.03376884430142871 0.692393567940534 0
2634 0.03512250621085685 0.6920606874811515 0
2635 -0.06623381137482759 0.6887648909488873 0
2636 3.291103519958519e-05 0.664431353500134 0
2637 -0.4110085027145113 0.9070004904923404 0
2638 -0.1746044580611386 0.6106895400078233 0
2639 -0.1782047544694899 0.771078849840545 0
2640 0.01328011818419321 0.69670438853936 0
2641 -0.05079859345383331 0.6791070953089268 0
2642 0.03173525364287033 0.6062848090017097 0
2643 0.03434083143197812 0.6185777366045631 0
2644 0.02261454368833338 0.6116828980181895 0
2645 0.02405499133207338 0.62235447512363 0
2646 -0.1397343629230721 0.7305704163856168 0
2647 -0.1648978951102828 0.2421917456433529 0
2648 -0.1385549153500902 0.2683891586685494 0
2649 0.0007362761592615646 0.6732322372427781 0
2650 -0.118882204458297 0.6924286665680234 0
2651 -0.03168119039511417 0.6809812767105258 0
2652 0.1396801338392334 0.7265764772702312 0
2653 0.07435264890588962 0.6835875838685763 0
2654 0.3087614568440791 0.08986757944781057 0
2655 -0.07607980103327316 0.6798689822461786 0
2656 -0.07812360314172864 0.6814830558879152 0
2657 -0.07773087697673831 0.6838743073626887 0
2658 0.02236987532294728 0.6855471566811505 0
2659 0.2814319124830516 0.3055842618602704 0
2660 0.2751326745842956 0.3471793370126867 0
2661 -0.2190442339992085 0.826766532510554 0
2662 -0.2301238360796271 0.8449419284885203 0
2663 -0.07439425540189241 0.6746730966433306 0
2664 -0.006836051948947272 0.6959890740677817 0
2665 0.1753178231281322 0.04205879778299511 0
2666 0.1510477216987172 0.08119514945239589 0
2667 0.1073626637007367 0.08148993307919199 0
2668 0.1968622208574795 0.08348890246092494 0
2669 0.07889375319505869 0.0454632580943951 0
2670 0.02887031290423337 0.04534198505735959 0
2671 0.05722276767424656 0.08626251809025016 0
2672 0.1722362978472588 0.1235445204824683 0
2673 -0.05065098209342576 0.6879265200521363 0
2674 0.4109757383928578 0.7040461783575931 0
2675 -0.1713755356814357 0.281446383449738 0
2676 0.1244722336371391 0.7107865669350021 0
2677 0.2363423268314425 0.7431807093461057 0
2678 0.4505446898552586 0.340971162314696 0
2679 0.4490141934787319 0.4333354600079161 0
2680 0.07419279642422977 0.9147247196945708 0
2681 0.1170944407690235 0.9136768051336929 0
2682 0.02644423928314435 0.917668833507905 0
2683 -0.1126057299559498 0.6715854849804566 0
2684 -0.115577860930655 0.6661414889064757 0
2685 -0.1193350078671221 0.6715439782262841 0
2686 -0.03949431486031078 0.6830030367344868 0
2687 -0.1341977891591431 0.718615982368077 0
2688 -0.02635639793906384 0.6907548938760452 0
2689 0.1503235122807076 0.5859256236416868 0
2690 -0.01806606856076597 0.6904084150992563 0
2691 -0.05636836916736268 0.6221143110654994 0
2692 -0.03736347858419176 0.5532057602403222 0
2693 -0.02526108681338747 0.6922364637398257 0
2694 -0.1595338015428569 0.6492441262635825 0
2695 0.01235913334373567 0.6856499194994106 0
2696 0.4359338131625823 0.5785808983995777 0
2697 -0.137054204450912 0.7265763070115169 0
2698 0.1688849517371887 0.4069197249913216 0
2699 -0.08134763551826965 0.6436880931142293 0
2700 -0.1296549551369248 0.7017307025221948 0
2701 0.4463620587026076 0.4880488094977578 0
2702 0.4397200806362638 0.2928449061409535 0
2703 0.03725477006401286 0.663647191814233 0
2704 0.006712769465748462 0.6955474013013907 0
2705 -0.0006693405977087114 0.08489829294407109 0
2706 0.04850130312514482 0.6925091913640793 0
2707 -0.1787924450649861 0.9162796163472449 0
2708 0.02635579435465918 0.694413097584843 0
2709 0.2649237180946258 0.9134485570899809 0
2710 -0.09733648347528673 0.576874012514105 0
2711 -0.08583869443557586 0.5862525837385117 0
2712 0.09705455100676397 0.7013082214964033 0
2713 0.4018346229550204 0.2601679751547073 0
2714 0.0528349580337445 0.6697052044975399 0
2715 -0.02223800484622843 0.6931138041505531 0
2716 -0.3306720934473128 0.5295598421534552 0
2717 0.06381620776779648 0.6506838739453531 0
2718 0.131089319910894 0.7290162171509231 0
2719 0.0159142482875822 0.4585903909760138 0
2720 -0.4096949492399954 0.749122687558453 0
2721 0.2713719464193687 0.06547264241528299 0
2722 -0.1661461301716659 0.8007989757489304 0
2723 0.08898106525825063 0.6435463081206636 0
2724 0.02434042088027424 0.6947796127803529 0
2725 0.02471127194491484 0.6937572388984403 0
2726 0.03039283045157881 0.6938886258060071 0
2727 0.03081755572439277 0.6929337226862404 0
2728 0.09375843104477508 0.5798017194972129 0
2729 -0.2722247984113182 0.04660800114680503 0
2730 -0.00583959908466321 0.6966374396780987 0
2731 -0.08697113908013204 0.2060325008188312 0
2732 -0.01822840104370882 0.6943813394763065 0
2733 -0.06394055947414645 0.6879627222651742 0
2734 -0.06276436954598665 0.6880839255337186 0
2735 -0.02022578480574523 0.6937659301317876 0
2736 -0.01623390645273416 0.6950569310758535 0
2737 -0.01641576078810419 0.6940788701709316 0
2738 -0.03136035738592084 0.6908992042398975 0
2739 -0.02374011254294663 0.2469067551856021 0
2740 0.0284113651614979 0.6941716392149964 0
2741 0.1392193084128123 0.7863706904780836 0
2742 -0.3515668510873493 0.2506943208275985 0
2743 0.09416915400320044 0.701765953548586 0
2744 -0.1881271022947045 0.4491880639197939 0
2745 0.1292837798225009 0.702359630430053 0
2746 0.1244111287001022 0.703524536628904 0
2747 0.01830298491277506 0.696218862072659 0
2748 0.3015715031076235 0.8128837196951071 0
2749 0.02029816376208999 0.6956889367546883 0
2750 -0.06144887797777302 0.6577538577412098 0
2751 -0.1457249723171533 0.7466945658852453 0
2752 -0.1495535843330045 0.7444797077444443 0
2753 -0.149295874972927 0.738995942957531 0
2754 -0.01864245878750681 0.6376102244751691 0
2755 -0.02725708729030433 0.6916261123580292 0
2756 -0.3137778356720331 0.8411813676316245 0
2757 0.0230187750730577 0.6938878645089283 0
2758 0.3285270759930797 0.5024827704084391 0
2759 -0.448818456302403 0.5851548346486247 0
2760 -0.1561246966779595 0.7066153445758923 0
2761 0.2439135392027292 0.3171248995314926 0
2762 0.01630047211016087 0.6966752139401999 0
2763 -0.1033296170356737 0.6967871130394355 0
2764 -0.1019544830384445 0.6957480826321389 0
2765 0.1004474114505545 0.695668486411761 0
2766 -0.4384161614373783 0.1902925546072172 0
2767 0.4481093841900759 0.1928084592940379 0
2768 -0.08627835231010346 0.6836381941737479 0
2769 0.07940602828322266 0.6948917320726228 0
2770 0.07883676430079661 0.6960579681318636 0
2771 -0.4030815821164904 0.08218137695142291 0
2772 0.4048104917235229 0.08064966722649355 0
2773 -0.1220784500734018 0.6965834672950976 0
2774 0.08093917254228594 0.6970113508657797 0
2775 0.08229636136047749 0.6972364999391707 0
2776 0.0573769102347701 0.6835695464945993 0
2777 0.01538001349079632 0.6676074522138467 0
2778 0.1755013587807544 0.6482454549726735 0
2779 -0.02932443964739637 0.6912964451784146 0
2780 0.08791473621788365 0.6992415666415346 0
2781 -0.1079220809105375 0.6999135888561626 0
2782 -0.1466589124829809 0.7563466737280387 0
2783 0.06992769913467184 0.6493663786294617 0
2784 -0.07165946813717158 0.689057970919157 0
2785 -0.01313944223859544 0.6767784592207439 0
2786 -0.2731176685340007 0.4933948582123067 0
2787 0.0908453551197608 0.6842779108381913 0
2788 0.003549931902197254 0.6981014251665616 0
2789 0.002551169856320042 0.6980557710027031 0
2790 -0.07374715214880292 0.6779706589795899 0
2791 -0.0687744458582297 0.6864487317703053 0
2792 0.1366855581581515 0.7373784336858815 0
2793 -0.003333499868210096 0.6978042394481334 0
2794 0.03959591340344058 0.4480964553251423 0
2795 0.04361717073813252 0.673350982950786 0
2796 0.1513579353225507 0.6734601063952588 0
2797 -0.003986664809665486 0.6674079005732109 0
2798 -0.06502973206837638 0.6733200954281228 0
2799 -0.06238350355569107 0.6805411517317431 0
2800 -0.01922600875230302 0.6836746575402394 0
2801 -0.1414310441209848 0.7275577270385047 0
2802 0.04880247899978407 0.6748247454707169 0
2803 -0.022478023672314 0.6920416288494973 0
2804 -0.01027926469222487 0.695676196965925 0
2805 -0.2282170898616361 0.5282792780784235 0
2806 0.1594289614441265 0.7212664997251639 0
2807 0.04030794266701533 0.6316101018631654 0
2808 0.04806314915904625 0.6283524038209907 0
2809 -0.06959443947813665 0.6750358436155911 0
2810 0.05849173423592985 0.6937172203297368 0
2811 -0.1305662532244396 0.6748352932592347 0
2812 -0.01123445797569624 0.374060247063917 0
2813 -0.04112302424517957 0.6882954395496436 0
2814 -0.04256879659407092 0.6879497900102521 0
2815 -0.04284370649310479 0.6865393695391302 0
2816 0.01928833222333253 0.4337462121094982 0
2817 -0.03973771071850273 0.6886261396374093 0
2818 0.1396478510545852 0.7781092030739749 0
2819 0.259298266088753 0.1958573147197999 0
2820 0.01595849168828671 0.6726008155314658 0
2821 0.01886340950981329 0.6740947205479877 0
2822 -0.2285393123180501 0.8119381937645491 0
2823 -0.1021442354105011 0.4055799584967639 0
2824 -0.01290786608879551 0.8489985349375575 0
2825 0.000507751972064897 0.6981049915512285 0
2826 -0.1495658081368934 0.7748362919716661 0
2827 -0.1515883690658101 0.7752878249491433 0
2828 0.04833371555861306 0.5244287252240362 0
2829 -0.02425016276185322 0.6925100151837073 0
2830 -0.02453460620243433 0.6914497031746916 0
2831 0.08168046381832499 0.6981137853139818 0
2832 -0.02545671215081891 0.6348621576636561 0
2833 -0.03747985221448327 0.6899685048532189 0
2834 -0.002594958714984922 0.6934297570737212 0
2835 -0.001330002721654971 0.6926730978937159 0
2836 0.07878020766378387 0.697157470704421 0
2837 -0.04813628249879687 0.6796200600275415 0
2838 -0.1313853168328957 0.6861730164820034 0
2839 0.200552650825976 0.7711524789525527 0
2840 0.07396330992892362 0.6683452276678816 0
2841 0.1016180077006471 0.6624973802794136 0
2842 0.01506777142168284 0.6762184412902708 0
2843 -0.1342783620106671 0.6796567203074457 0
2844 -0.1110635667480358 0.687815717789145 0
2845 -0.04044800373316794 0.6895245122516097 0
2846 -0.07019061106206219 0.6441714054965701 0
2847 0.01771695186501082 0.6871773286593807 0
2848 0.05153442511351201 0.6933874159406572 0
2849 -0.01120253267543415 0.6964994245018958 0
2850 -0.1327917821348256 0.7198689771595599 0
2851 0.03950805199235811 0.6932469968003473 0
2852 -0.1469086707569666 0.7664753204559347 0
2853 0.03751398720523311 0.6933548457198171 0
2854 0.03645513584354865 0.6933738197344114 0
2855 0.04713024192565114 0.6889188719423941 0
2856 -0.05051797212640303 0.5755908979088624 0
2857 0.04944701180920178 0.6933076769755414 0
2858 -0.08980902017016576 0.6931388460586219 0
2859 -0.05635022077982854 0.2619304685031212 0
2860 0.119507016460897 0.7197333782979043 0
2861 0.1202799216375317 0.718081028162704 0
2862 0.1216659051009609 0.719746696152475 0
2863 -0.06865815604142297 0.6893591561505372 0
2864 0.08200730344025364 0.6639151101291757 0
2865 -0.05549794870693743 0.6888854859170452 0
2866 -0.04745895012904163 0.6891140502839521 0
2867 0.04222215002918079 0.3971687159235587 0
2868 0.1879046096851273 0.6618841123440248 0
2869 0.1705704862867893 0.664296083008216 0
2870 -0.03834102357745348 0.689034435848914 0
2871 -0.09074644750667293 0.6922083703112482 0
2872 0.2059713323533706 0.6585913657129816 0
2873 0.007434798253963868 0.6937006278836945 0
2874 -0.02200663733767972 0.6232858102212131 0
2875 -0.0575010063852189 0.688886043789171 0
2876 -0.1421043122991537 0.7161813581345096 0
2877 -0.01858884416078474 0.4022824761184904 0
2878 -0.0354003998944818 0.6902307065100839 0
2879 0.225386259349308 0.724905694408466 0
2880 -0.2590767521098141 0.661173040217258 0
2881 0.007445138680589904 0.6982003343443264 0
2882 0.007763458060407397 0.697217221647442 0
2883 0.009372476010205652 0.6977159944295243 0
2884 0.08582755287348905 0.6995950898642673 0
2885 0.08572190870619821 0.6984096906084446 0
2886 -0.08674312668254831 0.6922889854462295 0
2887 -0.0444319386371428 0.689270409159163 0
2888 0.05091358322241203 0.6845262670007832 0
2889 0.05302617410800671 0.6843523266356054 0
2890 0.1248663122478544 0.6982100222460723 0
2891 0.1030164378689516 0.7071921440754272 0
2892 -0.048506040501549 0.6890782560387985 0
2893 0.06895679145686687 0.6935900903933609 0
2894 -0.08572419585965221 0.692010559932742 0
2895 -0.02960735985497551 0.6903435572371881 0
2896 0.4434348795636475 0.8337799694780317 0
2897 0.1001515942447942 0.7040661212951274 0
2898 0.04654070187271779 0.6931994083798237 0
2899 0.07370357303607104 0.6958249389107721 0
2900 -0.05852769411861222 0.6888814973577695 0
2901 0.07576873655392952 0.6962077093805871 0
2902 0.07545542277701277 0.6952231544389773 0
2903 -0.301983346533592 0.7486457131223397 0
2904 -0.01166606111162599 0.6928089368662238 0
2905 0.01137611592451223 0.6977001629743437 0
2906 0.06759053884941776 0.6946613732074784 0
2907 0.3667980210787932 0.2329417827546659 0
2908 0.2334861828879832 0.8643940760947095 0
2909 0.2061133933018192 0.8605329710841411 0
2910 -0.05691205949371634 0.6879151634625984 0
2911 -0.07966141743375489 0.6907798763891556 0
2912 0.06463349371250228 0.6935778815567403 0
2913 0.1448288181579559 0.6019931809119099 0
2914 -0.04243476985067036 0.6895078750066719 0
2915 -0.2493422879907674 0.7538337443981767 0
2916 -0.05042016398500322 0.688968511788804 0
2917 -0.134882474580174 0.723132461989368 0
2918 -0.06958213810911271 0.6894781521475536 0
2919 -0.05449907693287842 0.6889075919925627 0
2920 -0.05492595967094557 0.6879181753578734 0
2921 0.05367641607886883 0.6928583178307819 0
2922 0.01022133378147334 0.6716101265303027 0
2923 -0.06351823358487249 0.6890122112665714 0
2924 -0.09176748428332768 0.6937804442242103 0
2925 -0.1357764221347956 0.7213874526858743 0
2926 -0.07563106695585976 0.690143440630962 0
2927 -0.05243253430211506 0.6887372765066698 0
2928 -0.2253940892965519 0.4974389960890273 0
2929 -0.08370588169042835 0.6916228666701554 0
2930 -0.00738587127592491 0.6974565768302148 0
2931 -0.06051170304868711 0.6889604190968073 0
2932 -0.03173459472487513 0.6899082860069816 0
2933 0.0666022136513794 0.6945260505351861 0
2934 0.06725464571959469 0.6936039605554086 0
2935 0.06060069844802386 0.6828621580125664 0
2936 -0.005421844759305564 0.6976470366582715 0
2937 0.08380862519896655 0.6988721319082594 0
2938 -0.1109287403916061 0.7013952047529097 0
2939 0.0344658123453217 0.6933357751935573 0
2940 -0.3410418634860786 0.1159275707851489 0
2941 -0.1298083845516252 0.7160962934558868 0
2942 -0.130703998919211 0.717528039647375 0
2943 -0.1099614501092674 0.7009541094935802 0
2944 0.07167588916980006 0.6953865318903494 0
2945 -0.1131700366687094 0.7025851729129157 0
2946 -0.1144804713155828 0.7022136835133517 0
2947 -0.1263763073558916 0.6253354795971091 0
2948 -0.1282969677860351 0.7128947573541077 0
2949 0.3437150300037317 0.118923301264614 0
2950 0.05410639988243653 0.6918623965300872 0
2951 0.1555692254562729 0.7108476231677431 0
2952 0.1476663068366346 0.7108669769606339 0
2953 -0.08380866234803308 0.165058794861072 0
2954 -0.2742124718053409 0.251441221626157 0
2955 0.02980483075592421 0.6562371315285401 0
2956 -0.09277711950818612 0.6940677394055679 0
2957 0.04550213654356267 0.6932098360202968 0
2958 -0.2289237875134625 0.1527009725084367 0
2959 -0.1544135795202876 0.745814405791242 0
2960 0.07198737754667511 0.6827114994149106 0
2961 0.06259570662188681 0.6940540281378704 0
2962 -0.09870966569031298 0.6959695832238637 0
2963 -0.1006569579239629 0.695605939688163 0
2964 -0.001915677198605922 0.6752019022913893 0
2965 -0.07596451853203801 0.6823109762410922 0
2966 0.05543572693973865 0.6933521387285624 0
2967 -0.1048744496356659 0.6984635854405237 0
2968 0.04994631508824435 0.6923151263694201 0
2969 0.02675970587443475 0.6386170746635721 0
2970 0.02662906943598958 0.6308841426050498 0
2971 0.01957561550916788 0.6347896037211627 0
2972 0.05690264803074517 0.6684492432035216 0
2973 0.0695929657245693 0.6948388974655126 0
2974 0.04498270019300286 0.6921796070291546 0
2975 -0.1069217161542268 0.6993936427351183 0
2976 0.07775432725051497 0.6968774319062815 0
2977 0.01715475571017535 0.6783024606165959 0
2978 0.1293894182547472 0.6832751704579604 0
2979 0.06061585778949598 0.6937860743097316 0
2980 -0.08167280276576085 0.6911913803548454 0
2981 -0.08144195808673563 0.6901496398556886 0
2982 -0.08698397824097627 0.6594380246774387 0
2983 0.1618640565850046 0.1671140713487584 0
2984 -0.07773707958985848 0.6904574287452211 0
2985 0.1598030224304024 0.6500578059055527 0
2986 -0.07360564390787293 0.6898828128030254 0
2987 -0.07425867084104606 0.6888878467828938 0
2988 -0.1139363346551567 0.7033903579518056 0
2989 -0.1160105339706569 0.7026553065362047 0
2990 -0.1539476595218656 0.783606947508651 0
2991 -0.004020429568019504 0.6623691170643403 0
2992 0.06119966707093472 0.6293576202839278 0
2993 -0.1507236525882109 0.7788658343956849 0
2994 -0.08873959950804652 0.6929044568027988 0
2995 -0.08860508687869506 0.6916597777016321 0
2996 -0.1008974317753087 0.6967098115759477 0
2997 -0.02142341256138922 0.6924167357586054 0
2998 0.08990940374622941 0.7011291448516788 0
2999 -0.1273268089685349 0.714107795840808 0
3000 0.09186019253154377 0.701999536672784 0
3001 -0.1838113778218362 0.5441573127728248 0
3002 0.003656986264517626 0.6187125308611943 0
3003 0.0093508188461756 0.6255224705166 0
3004 0.2230072790856534 0.2126783628494449 0
3005 0.3565306289901539 0.7130554495288725 0
3006 -0.1182643798560081 0.7059045486140733 0
3007 0.1050136472980016 0.7083979667114351 0
3008 0.1082824820371158 0.4188131633040068 0
3009 0.1042583698458989 0.6799790344376878 0
3010 0.02068000087425576 0.6946525490580605 0
3011 -0.2122367960636941 0.3678526463321262 0
3012 0.1132603560845371 0.713953263181848 0
3013 -0.1686456358155007 0.6587952692763874 0
3014 0.1810557488872078 0.9155802583191364 0
3015 0.08787078729078834 0.700374372153328 0
3016 0.1195618660290056 0.6977111038625795 0
3017 0.001877978374360085 0.6913851597829583 0
3018 0.1173473970225881 0.7176663373852002 0
3019 0.1160072696801102 0.7145100883612703 0
3020 0.005500003171057986 0.6982826203860369 0
3021 -0.1085056053440722 0.6381377785083618 0
3022 -0.07366659849514784 0.6590007957732159 0
3023 0.00879526436531166 0.6942719671786196 0
3024 -0.03454874238012709 0.6665351676702785 0
3025 0.001888962804372542 0.6972052540249445 0
3026 0.09378574307104091 0.7029851222551173 0
3027 0.09572421961308671 0.7022636901903194 0
3028 0.0256854500509255 0.684387766653586 0
3029 0.09624412500337699 0.3474098785162441 0
3030 -0.07931968542058081 0.6897393543244972 0
3031 0.004922873643133647 0.6905701778717681 0
3032 0.1070821363243514 0.7096127169046752 0
3033 0.1083973995046539 0.7088469889013855 0
3034 0.08669161024033659 0.6797818645374548 0
3035 -0.1161054457311876 0.7044191737550316 0
3036 0.02067237956073348 0.6420667233522399 0
3037 -0.0325086664145547 0.6731384081625299 0
3038 -0.1212564615365836 0.7084031575997607 0
3039 -0.05007743661001953 0.6719778154581684 0
3040 -0.005101109425591733 0.6582435307994237 0
3041 0.0723894951263461 0.6945397162387306 0
3042 0.09630416545292139 0.6115347621431101 0
3043 0.1230418284267796 0.7076459697976665 0
3044 0.08623261465289279 0.6511749853305041 0
3045 0.09590164303943956 0.7036665028581788 0
3046 0.09694671994302219 0.7029375838985219 0
3047 -0.0595299097116607 0.5167597363346806 0
3048 -0.1193989912667418 0.6951919016663275 0
3049 0.297179020782201 0.7193746563496122 0
3050 -0.02364178250099757 0.6416463543103703 0
3051 0.007697473903364957 0.6886632808760162 0
3052 0.104889071220081 0.6538463024997018 0
3053 -0.08550111679534846 0.6866976725809777 0
3054 0.238306047437932 0.5414119160344447 0
3055 -0.1264587266998182 0.7130692278231795 0
3056 -0.1518302081983157 0.780486595257569 0
3057 0.07758003974711915 0.6212717816235649 0
3058 0.1515917912997848 0.3212546952674077 0
3059 -0.2442858524618945 0.3483025599064697 0
3060 -0.06041371632025095 0.671656294168414 0
3061 0.09806918705596067 0.4672867061286768 0
3062 0.07792717489788788 0.6587579817077904 0
3063 -0.1778967756579039 0.7523011091392444 0
3064 -0.4494185912752077 0.6310559072852104 0
3065 -0.1430415047572932 0.7246260424185484 0
3066 -0.1450548141181526 0.7214809891315357 0
3067 0.413072627752878 0.9103161017952779 0
3068 0.312396607581518 0.4086083462816226 0
3069 0.0539536170251162 0.6331868649452486 0
3070 -0.002862303358285683 0.6861709434394229 0
3071 0.4101056267960055 0.4478489680184261 0
3072 -0.09560386691874558 0.6729125405363622 0
3073 -0.2451038452021709 0.08381968574862173 0
3074 -0.1170830180429119 0.6988481258742781 0
3075 -0.1202407988628656 0.7075414130406174 0
3076 -0.1206050294602492 0.7061499483308475 0
3077 -0.09094025181212874 0.5289141363598928 0
3078 0.003990655634142374 0.4894563510698034 0
3079 -0.1210858948326879 0.5425653063578423 0
3080 -0.419769925761094 0.2762304585447952 0
3081 -0.1523829627358457 0.5532399365741415 0
3082 -0.0199807123040204 0.592497485872361 0
3083 -0.1858590444585126 0.5644112426324188 0
3084 -0.1547216775464018 0.7851281804623499 0
3085 -0.1944374347312202 0.6346851893829129 0
3086 0.1019988502920559 0.7066398528767195 0
3087 0.004098793198884478 0.6973179546462179 0
3088 0.05040355506690045 0.311795037450427 0
3089 -0.01102273249738281 0.6623043665169683 0
3090 -0.07962951520409314 0.6694916753154013 0
3091 -0.02807162529811648 0.5059057585098782 0
3092 0.100003620398248 0.7055568019581004 0
3093 0.144405347533023 0.7913127759699861 0
3094 0.01033859670719132 0.5362684610686486 0
3095 0.06106349251985317 0.6213147369210801 0
3096 0.3475951499041695 0.3546275694918046 0
3097 0.339889762412524 0.8756799384656441 0
3098 0.1017281619561791 0.6979149025909119 0
3099 -0.02394859239649592 0.690475517396588 0
3100 -0.04969776296617522 0.6400566749854368 0
3101 -0.1243125471540222 0.7110808092691975 0
3102 -0.1258314598537352 0.7104706833727628 0
3103 0.09791174014718429 0.7046939764045512 0
3104 0.08363598675010578 0.6976097896937652 0
3105 0.1478254817462329 0.8064694599603235 0
3106 0.1493033290684283 0.803520659673657 0
3107 0.03859871673941738 0.470736961285465 0
3108 -0.01240292713814116 0.6884638691467794 0
3109 0.08117871149533742 0.5738970969818912 0
3110 -0.03347164598961799 0.6905002285027935 0
3111 0.1718802868765053 0.5202602512202221 0
3112 0.04498319946876558 0.6842563824128892 0
3113 -0.03616257017095753 0.6811425391303224 0
3114 -0.03360986319759302 0.642068890644619 0
3115 0.0375779839894308 0.6715047410544179 0
3116 0.0494469677967618 0.6900082669709506 0
3117 -0.08371761890212254 0.677155840231221 0
3118 -0.01959215003335899 0.6865599438266827 0
3119 0.07139337888071126 0.6721953249037207 0
3120 0.03673939799763831 0.6860235963706907 0
3121 -0.09056759745999371 0.5985845547577764 0
3122 -0.08934613231569435 0.6747357475050486 0
3123 0.3204967640668593 0.5345765507635087 0
3124 -0.328545634885573 0.4238385841563582 0
3125 -0.1608210873146759 0.463125833608346 0
3126 0.009963862909916034 0.6416517094661256 0
3127 0.01092826380180709 0.6346076960120561 0
3128 -0.09880568526793189 0.6158753268877499 0
3129 -0.4493627469026472 0.8320729980655605 0
3130 -0.3566419393177498 0.4031692333346465 0
3131 0.2363788339504326 0.6698970243367121 0
3132 -0.02682417886855561 0.6848811958413488 0
3133 0.04151651224447563 0.6858514929491857 0
3134 0.1174836162720195 0.483725936604993 0
3135 -0.02478677616400532 0.6734153581902622 0
3136 0.1998280713451714 0.6750409147367669 0
3137 0.1223123805815956 0.7232360342526325 0
3138 0.1237180808754057 0.7241189806922963 0
3139 -0.03430362438153399 0.6835608812617459 0
3140 0.004811681782122519 0.2687164755976189 0
3141 0.149656498897801 0.6846518264696968 0
3142 -0.3993110171363657 0.493929320759287 0
3143 -0.2234111546991287 0.596983528664573 0
3144 -0.01098535175610232 0.6875385492674003 0
3145 0.02066506839731226 0.6882308423205807 0
3146 -0.1608931443502942 0.7901412159028269 0
3147 0.02231535046760977 0.6953129054563233 0
3148 -0.005706731466183805 0.6739264951395779 0
3149 0.12019943357947 0.7040622853161187 0
3150 0.032336204925642 0.693662558048204 0
3151 -0.1943440550374344 0.7062202379186742 0
3152 -0.1961402919734567 0.7276016665696055 0
3153 -0.05073217913163273 0.6823844036709802 0
3154 -0.09484298675518624 0.6946803271711069 0
3155 -0.04246973145079859 0.6717605962126192 0
3156 -0.04580055673265777 0.1476058883336682 0
3157 -0.2001494574862366 0.4866652544464709 0
3158 -0.03809751731549502 0.6853463232885618 0
3159 -0.05861175282734789 0.6818596538347179 0
3160 0.02819239645728659 0.6869961378128023 0
3161 -0.1232630134858108 0.7101462141580736 0
3162 0.4045861650721582 0.5519714880561382 0
3163 0.05835709000668182 0.671800710131352 0
3164 0.110334716860841 0.6862098250546262 0
3165 0.06163872544625396 0.6627579837812003 0
3166 -0.0002329153286436541 0.6933323687469104 0
3167 -0.4114323945699112 0.3691247731304853 0
3168 -0.3006419741530894 0.5857560424569648 0
3169 -0.3094112118738413 0.2277208954305124 0
3170 -0.4477852743329943 0.09641805666715508 0
3171 0.4472188237464334 0.096911906256058 0
3172 0.4186908257301243 0.6585703515805749 0
3173 -0.2071762862949136 0.7292266893537428 0
3174 -0.3020106248990083 0.5094621729449909 0
3175 -0.04548090427353785 0.6891300875175166 0
3176 -0.1757268573442962 0.6675031883241751 0
3177 0.1698970758119862 0.7601882818692298 0
3178 0.1747518009304321 0.7775390445654435 0
3179 0.06875031368045567 0.6153987713388281 0
3180 0.06388298591219062 0.6819606014185096 0
3181 -0.01514436933215147 0.6854157561106869 0
3182 0.004423726479703935 0.5892354171128787 0
3183 -0.2412600660409962 0.6417980702794385 0
3184 0.1412990358075236 0.6875615608622166 0
3185 -0.1254593019563656 0.8745014391472338 0
3186 -0.0152054407110953 0.6870770993650845 0
3187 0.04049472758829208 0.6933510852734037 0
3188 -0.4120204786103698 0.8579861949403318 0
3189 -0.01733919303569969 0.6936504234026862 0
3190 0.0249199546421351 0.57721810900195 0
3191 0.4160218715674381 0.7553290404568075 0
3192 0.4078805253980585 0.2153154689275903 0
3193 0.03276714840146137 0.5559952974034077 0
3194 -0.02349073658635024 0.6918057619044429 0
3195 -0.1581411964534821 0.7245522317563159 0
3196 0.03327336208883509 0.6269637416783513 0
3197 -0.1099118636480224 0.6968615304775985 0
3198 0.04580538988707135 0.5623213412907445 0
3199 -0.2032583763397589 0.6858060868935265 0
3200 -0.1091361561826479 0.6503568699130533 0
3201 -0.06536991282748082 0.6677326524914838 0
3202 0.06651670068936663 0.6857473030663043 0
3203 0.02626109689727833 0.1175434087819208 0
3204 0.122887092859223 0.7173076393284996 0
3205 0.3671267495286336 0.5764698262316162 0
3206 -0.1481365869684817 0.3063290652852367 0
3207 -0.006487523795289218 0.6784569490660231 0
3208 -0.245089100705323 0.7055549664210461 0
3209 0.07168738146928494 0.6871719965479981 0
3210 -0.2430223850456806 0.6902929003741278 0
3211 -0.410058043485645 0.5728899541001092 0
3212 0.3647800267024725 0.9156851380854876 0
3213 0.1151848756185553 0.7158099945275895 0
3214 -0.1479192813001085 0.6194361582968919 0
3215 -0.247074719568008 0.7376652685049394 0
3216 -0.05698003837026026 0.6632229297469401 0
3217 0.1086029283310525 0.644313918254666 0
3218 -0.1045171669567675 0.6846503149013536 0
3219 -0.105657074892685 0.6818935641532393 0
3220 -0.1079476069113772 0.6987674121296626 0
3221 0.1221380824178681 0.6645118144112685 0
3222 -0.0224670868540308 0.6852379039026744 0
3223 0.01103222691628393 0.6868507353011091 0
3224 -0.1513935557605439 0.6559342197929778 0
3225 -0.206041443366412 0.7499707172712169 0
3226 -0.1047558764851787 0.6448246809118183 0
3227 -0.1028145898570139 0.6977977270095197 0
3228 0.3095922024107681 0.04486363122726544 0
3229 -0.1463648324048739 0.6477666312726813 0
3230 -0.02995217088200344 0.683562659947395 0
3231 -0.02709305161991442 0.6828685087886339 0
3232 -0.0005302880970427506 0.6345309766073843 0
3233 -0.1645754624446331 0.6688653299100543 0
3234 -0.173821246060966 0.7869259049750563 0
3235 -0.005656571646343587 0.6926960238591811 0
3236 -0.01989300406556578 0.6732681004430581 0
3237 -0.1518762079181495 0.7260103491168253 0
3238 0.02369809341413411 0.6868369024264777 0
3239 -0.04626703686889718 0.6824061034675335 0
3240 -0.3520855454681344 0.694582532594931 0
3241 -0.3814554020431272 0.6820793912007517 0
3242 -0.00260553965456459 0.6838062473735519 0
3243 -0.08277595702776408 0.6721413096626199 0
3244 0.1121970919878211 0.7132687968685029 0
3245 -0.1154216514387429 0.6756888630396096 0
3246 0.01957345271816473 0.6949332002780598 0
3247 -0.01563311760323533 0.6764284255044876 0
3248 -0.187417692080613 0.6689142324979799 0
3249 0.1083182399294869 0.7072239981984818 0
3250 -0.03487135077097585 0.6624256613356002 0
3251 -0.3536658749610354 0.638237595565634 0
3252 0.01015677545949215 0.6847915437925429 0
3253 0.1272590885315928 0.7132787899767153 0
3254 -0.07206012329976984 0.5776976423871713 0
3255 0.03160653313588666 0.6860635370043329 0
3256 -0.01444254423828483 0.6957370799230755 0
3257 -0.05399874254817376 0.6814828813589699 0
3258 -0.06409006808194577 0.6841505150206201 0
3259 0.1080782348710216 0.7012745987270476 0
3260 -0.1455626448670425 0.7372705183621876 0
3261 0.1334748157939875 0.7399248736328733 0
3262 0.1594584880511166 0.7381793936016137 0
3263 0.22378060401539 0.6547443920404441 0
3264 -0.2395089863947698 0.6592061344725342 0
3265 0.07613362777617723 0.6479179639635103 0
3266 -0.1487184216189723 0.6959986755483197 0
3267 -0.07700433097838331 0.6743968743876598 0
3268 -0.1765733596863371 0.7309387976515174 0
3269 0.22499972341527 0.1711407058062652 0
3270 -0.1234361476638117 0.6454338788005003 0
3271 0.1931977954534733 0.7143168299879822 0
3272 -0.1368953930527322 0.7230926143379158 0
3273 0.1690436620192078 0.5864599964668331 0
3274 -0.1189899017037268 0.6828812019605633 0
3275 0.1271907005749741 0.4367761117132133 0
3276 0.1433965306889697 0.7971902308111687 0
3277 0.1462037975022609 0.7975838004149925 0
3278 -0.2672806320154574 0.4024557103444774 0
3279 -0.03515714852421471 0.6719911772926626 0
3280 0.05754930172000253 0.6937384622157882 0
3281 0.1264000154480906 0.690434842617231 0
3282 -0.05266834838737022 0.6711968801979177 0
3283 0.05380190301513992 0.6860978549814397 0
3284 -0.1458438020928971 0.763983224017907 0
3285 -0.3210511903374123 0.3835205820612695 0
3286 -0.1306429362259627 0.6916902238527609 0
3287 0.1702554394393927 0.6794464659767497 0
3288 0.09439891471519758 0.6711139138887083 0
3289 -0.2880600896744643 0.7688175729442949 0
3290 -0.0972842990793413 0.686846687953438 0
3291 -0.08460329387319611 0.2428773864407635 0
3292 -0.2626427827709589 0.7284074018783318 0
3293 -0.09181447804875731 0.6870756273469487 0
3294 -0.1744843574081222 0.6831629711545237 0
3295 0.03494720023873377 0.6898966203435667 0
3296 0.04343937841431925 0.6932848092506136 0
3297 -0.06043007115033706 0.6415862029740934 0
3298 -0.06600403385473282 0.6395108296016822 0
3299 -0.06717046572882911 0.6839523473807252 0
3300 -0.03844204828024372 0.6900375826997547 0
3301 0.1418800448241255 0.7935607414965943 0
3302 -0.1571894018178593 0.6010417027535416 0
3303 0.08223692273313719 0.6862733079727598 0
3304 0.05746907314861417 0.6856865166934129 0
3305 0.0821362517389604 0.6692313677045358 0
3306 0.06113904353036471 0.6850266782824976 0
3307 0.07339367231540839 0.6947296997583148 0
3308 -0.06872610572977148 0.6834517811774111 0
3309 0.14593407889807 0.8014987451427283 0
3310 -0.06788659486453556 0.6727180266060384 0
3311 0.04141482535916123 0.6226155474720682 0
3312 0.05240633039040975 0.6202873668378037 0
3313 -0.1153747157161733 0.291071844333833 0
3314 -0.4059899991992157 0.5330738936586336 0
3315 -0.1062145778497747 0.6902974126264502 0
3316 -0.01218763096394365 0.5987621822118627 0
3317 0.07569282465729621 0.6871185176673976 0
3318 0.0392355741926178 0.6922429448696925 0
3319 0.06816683123169459 0.6928269114963119 0
3320 0.01945810637955805 0.6772976738890615 0
3321 0.05185503716211871 0.6736881030957405 0
3322 0.01420460594320884 0.6972081857529135 0
3323 -0.06317245604581438 0.6711910515442758 0
3324 0.2363254970677584 0.3510994252886219 0
3325 -0.1538698387568635 0.7800224552148538 0
3326 -0.01677753806789834 0.68447691615312 0
3327 0.0613041260198469 0.6929399127850973 0
3328 -0.08931879007812379 0.6849388684908007 0
3329 -0.00933499969465606 0.697220787983126 0
3330 0.09798176053248484 0.6964900912039353 0
3331 0.07994248173546931 0.686799717549755 0
3332 -0.07974872045841189 0.5964814640511746 0
3333 0.1714492683816867 0.7945975352420814 0
3334 0.002871352914939216 0.6833795764485485 0
3335 0.1610178000846166 0.6723926337095696 0
3336 0.3840417946831566 0.340886121321139 0
3337 0.09676213698148639 0.119775857716107 0
3338 -0.1446961131390731 0.7054015465222442 0
3339 -0.08359802605812638 0.6859302988895024 0
3340 0.04382079516261781 0.6923701982810033 0
3341 0.08689416963195939 0.6905749713534173 0
3342 -0.09176251808967101 0.6846568961991716 0
3343 0.0185459299156331 0.6952331204829656 0
3344 -0.04249415137943757 0.6585003104060272 0
3345 -0.103503830229389 0.6870894103306352 0
3346 0.1051691129736079 0.7069368898075281 0
3347 0.03450502376698959 0.683810796251148 0
3348 0.02988608323517003 0.6930226388986226 0
3349 -0.159793128268059 0.766250189553047 0
3350 0.1097074928792243 0.6919383105158355 0
3351 -0.02556493852106168 0.6913133712891242 0
3352 0.0989022777787858 0.7038030173051699 0
3353 -0.1977755667262168 0.8124383045971355 0
3354 -0.0935572360416433 0.6933390730230721 0
3355 0.1392825508780767 0.7325329460966346 0
3356 -0.129775649504792 0.5870106993324925 0
3357 -0.2584136128070707 0.7120999277435451 0
3358 0.1002281623662948 0.6788542901037499 0
3359 0.1009533328052246 0.6704611415191871 0
3360 0.1204246986297502 0.7208985865336996 0
3361 0.07450344967255992 0.6949219416456166 0
3362 0.05634002757037107 0.6927087624853487 0
3363 -0.03762179273344909 0.6557450577554605 0
3364 -0.0874966064965479 0.6916102974688423 0
3365 -0.1493525721618986 0.753213347101259 0
3366 0.3529123241547589 0.5244404477942601 0
3367 0.1555121124322054 0.611215158500564 0
3368 0.05490184486828516 0.6837431983841513 0
3369 0.1871989224830498 0.7376278187447884 0
3370 0.1549804486763888 0.7599370694269771 0
3371 0.1467191144672664 0.7575074453732569 0
3372 0.1390234753284918 0.7603176995875522 0
3373 -0.3467287528992692 0.2881749865091858 0
3374 0.09322954260924457 0.6947766388276255 0
3375 -0.1172138201875198 0.7037648306494964 0
3376 0.03020340804791173 0.6847958988873639 0
3377 0.1091398412967366 0.7110012042675238 0
3378 -0.10025691984858 0.693769912911733 0
3379 -0.07438100826398004 0.6831342297210095 0
3380 0.2050718011872895 0.8346181849285333 0
3381 -0.1593656283241074 0.7709934252378852 0
3382 -0.1547323137063604 0.7714786401452991 0
3383 0.009946965903373359 0.6936064620513651 0
3384 -0.1068730716116204 0.6983599732146828 0
3385 -0.1401591199651788 0.6981259599803776 0
3386 -0.08043992834047571 0.6898518893198482 0
3387 0.3217533492022832 0.8420357281823103 0
3388 -0.19879490731588 0.55366337590668 0
3389 -0.07303059128575354 0.6888644653245778 0
3390 -0.09774408760680992 0.6845914951022176 0
3391 0.005757612008968468 0.687803598777461 0
3392 0.09273679155417969 0.7012030679380512 0
3393 -0.1930312850225087 0.7661247632895447 0
3394 0.091101545687422 0.6907997076047303 0
3395 0.09051207322244774 0.6880438039363131 0
3396 0.1229503644774645 0.4610613031759277 0
3397 -0.09774971025598042 0.6958237638947993 0
3398 -0.1831544468756173 0.7650256568343301 0
3399 0.07766003279201449 0.6957636086470358 0
3400 0.06604657891065482 0.6934564848996768 0
3401 -0.072014242833897 0.6795309537576659 0
3402 0.1915181192673119 0.8467494691138635 0
3403 -0.01543193623007789 0.6944329978868216 0
3404 -0.01560737334446429 0.6934317483993842 0
3405 -0.3751808943450139 0.8735131677760286 0
3406 -0.08542241567810806 0.6910718904128472 0
3407 -0.04315848533507865 0.6685240133082827 0
3408 -0.1537829766447628 0.1203398713730378 0
3409 -0.01068409080314234 0.6920921553852648 0
3410 -0.02539719663536367 0.6675491056240637 0
3411 -0.02206137912274203 0.6714098646041282 0
3412 -0.3146435888138074 0.04926107632621635 0
3413 0.2805157391420511 0.7048857896970586 0
3414 -0.05273820233732027 0.6802128477797551 0
3415 -0.09258337162688142 0.6930267823359811 0
3416 0.4139122115418018 0.4052140771900514 0
3417 0.1189610533543811 0.7171817832153822 0
3418 -0.007708498975236168 0.6965612225885351 0
3419 0.06721526539174905 0.6817099178730863 0
3420 -0.02036793919459521 0.6928312130653727 0
3421 0.2559685248630219 0.3744670295306572 0
3422 0.3112592775192364 0.3662409790954006 0
3423 0.03362796708872844 0.6886725890052832 0
3424 -0.0272832047532618 0.5623757576210575 0
3425 0.0007778789189877174 0.6845289584335046 0
3426 -0.08710654851281682 0.6444109875652346 0
3427 -0.05583753533715508 0.6374656039712518 0
3428 -0.1063658581683251 0.6866823055707642 0
3429 0.2843282875236831 0.7896041517671581 0
3430 -0.01598403710587357 0.6922361756902773 0
3431 -0.0682219997855314 0.6003131528568444 0
3432 -0.06498996160717758 0.6823591348469085 0
3433 -0.01252075634748888 0.6867874480674916 0
3434 -0.2350136432258396 0.7961890917033518 0
3435 -0.4506017689318038 0.3443414358784372 0
3436 -0.009472927264275777 0.6883699749287395 0
3437 -0.09044586443875358 0.670853757957793 0
3438 -0.1268635641851218 0.670634065998402 0
3439 -0.1547959821645972 0.8280310758279659 0
3440 0.320976951817072 0.6814050149719175 0
3441 -0.1796150430937171 0.7590840295894004 0
3442 -0.1513145943482981 0.7093408037463881 0
3443 -0.000405630659662298 0.6981564245045575 0
3444 0.1740339640559345 0.8422787386589445 0
3445 0.1588946297244368 0.8301041004422183 0
3446 0.1735936059872867 0.8132660965502549 0
3447 0.02967535807449685 0.6758659036571357 0
3448 0.007378675347608302 0.6869801170536041 0
3449 0.142335173594205 0.7882992793311026 0
3450 0.1428382400350905 0.7846017580950868 0
3451 -0.05497125661605698 0.6568025240017917 0
3452 0.0202655086581599 0.4087145698196056 0
3453 0.03622972547102403 0.6922496842058914 0
3454 -0.147796717872085 0.9005683529095523 0
3455 -0.05916625306243814 0.6801414054025299 0
3456 0.01875573538493223 0.6941692012874697 0
3457 -0.04704993267077483 0.6567582480225069 0
3458 0.0485094716643019 0.6934692154521197 0
3459 -0.2391916044920401 0.5838402801967895 0
3460 0.1395692746611363 0.7210715783576849 0
3461 -0.1392688910881879 0.7265791736835365 0
3462 -0.1581285343275416 0.7855009201450928 0
3463 -0.4013810838496431 0.7827751968116693 0
3464 0.1869778153517924 0.7744137883431031 0
3465 0.2366621829915073 0.08170979265487817 0
3466 0.1413749528477823 0.677085364866521 0
3467 -0.002709728881846518 0.6716178280240933 0
3468 0.0885519033422645 0.6822341500028466 0
3469 0.03368942280181147 0.6858842598790515 0
3470 0.1972757590263235 0.5165163778530719 0
3471 0.178764451138297 0.7127335303061099 0
3472 0.08000319108316944 0.6525430776425498 0
3473 -0.0255314903698945 0.6820926518241289 0
3474 0.08643080528698444 0.6970385664906843 0
3475 -0.1120140498879643 0.7008414715101443 0
3476 -0.1298231756136691 0.7043478544012141 0
3477 -0.09989400619059705 0.6805060469890392 0
3478 -0.09569555909102229 0.6951694169287329 0
3479 0.4540787979891421 0.6390857562899248 0
3480 0.08069328535656849 0.6980076795339306 0
3481 0.0175371397492745 0.6955788152684615 0
3482 0.07945024187618263 0.8466348487408905 0
3483 0.0748786173168355 0.671911102176428 0
3484 -0.1470636943875434 0.7015645324795344 0
3485 0.1319104066426469 0.7257712227599296 0
3486 0.1510714824955159 0.4316708101856918 0
3487 0.2992260460673613 0.8759194298769152 0
3488 0.1453333242870901 0.7701830376402332 0
3489 -0.0999374142389229 0.6047275117728264 0
3490 0.09353022397303065 0.689773392157446 0
3491 0.4111817424535902 0.1680956197263804 0
3492 -0.06104185770239143 0.6880914127465713 0
3493 0.1357239855624134 0.7189054662769515 0
3494 -0.01470402071429313 0.6928108425327443 0
3495 -0.06543177405499538 0.6891606257864273 0
3496 -0.08836691363287619 0.5136285670582417 0
3497 -0.1214776424099829 0.7070734433338915 0
3498 0.02441110014074278 0.6750683100285704 0
3499 0.01172905964941582 0.6638186592238579 0
3500 -0.04368315485102726 0.6885094930604537 0
3501 0.0645686825046073 0.6945066082961766 0
3502 -0.2952249446412822 0.5630215733820648 0
3503 -0.04928337100082889 0.6882472510569765 0
3504 -0.1505910679655769 0.8652159883299189 0
3505 0.015281564933801 0.639660441911262 0
3506 -0.05638736862730563 0.4991164962191484 0
3507 -0.04307366330470629 0.6851336614905611 0
3508 0.1798327985558082 0.7862714285171644 0
3509 -0.04726945398354935 0.6875387762731249 0
3510 -0.08303297669473418 0.6884894379720863 0
3511 0.1071743763306618 0.6888240713960135 0
3512 0.07988159727818848 0.693469195363144 0
3513 -0.1430006982093604 0.7191297285061147 0
3514 0.006818036543213516 0.6974445343274819 0
3515 -0.2355117855318356 0.8272439697262993 0
3516 0.02729571836270968 0.6739410436593328 0
3517 -0.18080773192327 0.622832125078588 0
3518 -0.1278622595769847 0.6887718059455484 0
3519 0.02886709196251035 0.6931666990505885 0
3520 -0.0559647976167706 0.6881617813876559 0
3521 -0.05498309507596322 0.6866003562103723 0
3522 0.4154326013665928 0.3635245762732953 0
3523 -0.2669974521730576 0.8235509602904174 0
3524 -0.01450201841693943 0.6947981717509447 0
3525 -0.2577532635345988 0.6792347562437113 0
3526 -0.1484504457544072 0.7278558971289891 0
3527 -0.01345275780122519 0.6920717153656315 0
3528 -0.05599890458999425 0.6126661972555228 0
3529 -0.004813829356951974 0.6969368963004745 0
3530 -0.4537621120400707 0.2954687146030591 0
3531 0.1394652521416782 0.7892568672781448 0
3532 -0.03467461500316835 0.6820525683808567 0
3533 0.3709912924420045 0.5456916057188236 0
3534 -0.06246509049114556 0.6890327271881969 0
3535 0.08670143067106154 0.6990306447838351 0
3536 0.1009266246103497 0.704978870242765 0
3537 -0.2241698561572493 0.1175569733941086 0
3538 -0.004457811804330233 0.6923823227862521 0
3539 0.1251222235034962 0.6572369130749651 0
3540 -0.1200162658562852 0.6761050163119569 0
3541 -0.07752772389053816 0.6894761634412782 0
3542 -0.05123926419676861 0.6809412803142799 0
3543 0.1233614756103692 0.7217717416235238 0
3544 -0.06833823025965474 0.6884438742707087 0
3545 0.06175707960632601 0.6716159123558899 0
3546 0.04138251287115107 0.6561022669323984 0
3547 -0.1424849802842164 0.6855154819388503 0
3548 -0.1470395269974891 0.6841764146288372 0
3549 0.166072154632787 0.7791210410190209 0
3550 0.1530870469671849 0.8022462014133008 0
3551 0.198726761853024 0.7273331800800567 0
3552 -0.02882659717589672 0.6397307826584252 0
3553 -0.3850291285314285 0.7297412892085994 0
3554 0.4125962383677378 0.7975090615472467 0
3555 -0.1085536530847491 0.6868014557774834 0
3556 0.00998556018840268 0.6970473391859244 0
3557 -0.00244208409429516 0.6980302978449178 0
3558 -0.05184963849109747 0.6268154299754715 0
3559 -0.2014392494042188 0.8878483840075799 0
3560 0.3274074797733597 0.6494404595001584 0
3561 0.07138639506274547 0.6944305602249186 0
3562 -0.172334877493328 0.7822955384607641 0
3563 0.1580739590363374 0.7302169025570284 0
3564 0.1189676316563736 0.6434075401164292 0
3565 0.1416550235448452 0.7111288099541128 0
3566 0.1438334385437348 0.7167036312960888 0
3567 0.02784431579659405 0.6934116351223054 0
3568 0.03804354081125692 0.692438216599858 0
3569 0.09482552405923352 0.6927027084425769 0
3570 -0.1033886952566755 0.6799415653602773 0
3571 -0.4125469506229909 0.6767291775226523 0
3572 0.0286617429023561 0.6855470234509859 0
3573 -0.189366159206965 0.8160008033480043 0
3574 -0.151497499008076 0.6883291654857886 0
3575 0.1039464438043348 0.706610350469094 0
3576 0.07817467491016841 0.6105093063310995 0
3577 0.1175081181568097 0.7133028050662406 0
3578 0.0304775720292286 0.6920829763511596 0
3579 0.01000542209736611 0.6922509184123866 0
3580 -0.02989220845000032 0.6893075948678912 0
3581 -0.1537834894178503 0.7746818558250311 0
3582 -0.116961726168461 0.6393283916008333 0
3583 -0.03390437802019374 0.6894286735043815 0
3584 -0.03067846387154168 0.6902167143987452 0
3585 -0.06845515754487698 0.9176309044620898 0
3586 0.03953832331746822 0.6911750037678197 0
3587 0.1095020108211168 0.7096597797363829 0
3588 0.2097525955952808 0.7311310169978203 0
3589 -0.03433635984263878 0.4921020797374401 0
3590 -0.1405535675025144 0.6119999478470775 0
3591 0.1099860591237636 0.7117661579317288 0
3592 0.01530532600495727 0.6299858892762961 0
3593 0.1788386204431126 0.8062436236832865 0
3594 -0.1469619401036973 0.7245849265664291 0
3595 0.101934349854447 0.7053182632857178 0
3596 -0.03767648528984054 0.6802625745840075 0
3597 0.08323733629032554 0.6840650862558177 0
3598 0.4122638444812281 0.1212736908338356 0
3599 -0.1346904459921589 0.7114075576251608 0
3600 -0.3359222835259712 0.7586955375592244 0
3601 0.07871689353660273 0.6844320151263067 0
3602 0.2172886122558701 0.8206836299871719 0
3603 0.134912787636798 0.6690000182361243 0
3604 -0.1268613905869231 0.7118555338425124 0
3605 -0.102308498199571 0.5184093537759085 0
3606 0.08678054849901246 0.6068612259526662 0
3607 -0.2353220996000809 0.5664116306086012 0
3608 -0.1224720391190538 0.7079612859251234 0
3609 -0.06397108051336688 0.6811939581555908 0
3610 -0.05786471988683693 0.6590255278722889 0
3611 -0.119529411170349 0.7054793966899419 0
3612 -0.3829995074728826 0.6554582600927181 0
3613 0.2070398348889558 0.887934766103839 0
3614 0.03751516462455955 0.6583977906313276 0
3615 -0.0665134381183404 0.6098887329685239 0
3616 0.04655209000827823 0.6728076382803433 0
3617 0.0520077941719386 0.8820704698951121 0
3618 -0.04633210304234686 0.6673159833796618 0
3619 0.06741742170611283 0.6837985338632099 0
3620 -0.1431757000270676 0.7389352397592891 0
3621 0.1043913554955712 0.7054169110136075 0
3622 -0.1642903535394851 0.7913912446845118 0
3623 -0.0660041563086939 0.670905868493879 0
3624 -0.07204636941343166 0.6755007392096953 0
3625 -0.1148560336468449 0.7009255568437658 0
3626 0.1933927043472856 0.1537677969423767 0
3627 -0.1965115224017507 0.6956183178948634 0
3628 -0.09356020641126885 0.6922538344369458 0
3629 -0.05705484222046837 0.6305838504400404 0
3630 -0.007939430208624469 0.6875395258610379 0
3631 -0.03702840185581004 0.6891148665626574 0
3632 0.08887928009315715 0.6997027711422559 0
3633 0.1444324207065345 0.794854761106367 0
3634 -0.01072834324980903 0.6761903886554149 0
3635 0.135616116771596 0.6826606981191571 0
3636 0.03540619917510822 0.6852039413558622 0
3637 -0.0287032008024314 0.69065202040702 0
3638 -0.000279852077060254 0.6918805681541952 0
3639 0.07687710332951861 0.3028380376562076 0
3640 -0.07917155862682042 0.6846445422291323 0
3641 0.1096400796391059 0.705812192353743 0
3642 0.09085324439017067 0.7006680844781282 0
3643 -0.05587627155303707 0.6770479726631695 0
3644 -0.03583621939452079 0.6894540007907124 0
3645 -0.1022787714382987 0.6944107786572769 0
3646 -0.04797258303448529 0.6882769063808306 0
3647 -0.1088820735692969 0.6993942210681463 0
3648 0.0620810796825827 0.6906301820169919 0
3649 0.005397424744070864 0.6825036975350908 0
3650 -0.01716352052444475 0.6913476782575356 0
3651 -0.4519643062510692 0.9178291489785539 0
3652 -0.006818095141766895 0.6762365091213929 0
3653 0.00512823483961982 0.6320144478925567 0
3654 0.07303758423945976 0.6937019022475299 0
3655 0.08048288618700486 0.6919803616624579 0
3656 -0.05442345388739681 0.6799713772089652 0
3657 -0.3842500439974442 0.266775383015323 0
3658 0.02146483944097028 0.6733381593044511 0
3659 -0.01984254743620983 0.6851662871362583 0
3660 -0.01647366009015168 0.6930784630313035 0
3661 -0.0823915817140442 0.6905334578179375 0
3662 0.2703422743907541 0.6261132818506365 0
3663 0.1810649794421575 0.8188810748376888 0
3664 0.002224342836197108 0.3973068971436477 0
3665 -0.1802183916891489 0.724115027374436 0
3666 0.09160469552459388 0.7010757861451231 0
3667 0.01337860196825858 0.6975513511584251 0
3668 -0.009450277185535476 0.6927486186079937 0
3669 0.1350744123275718 0.7281898915797813 0
3670 -0.08413191899280648 0.6045302406787303 0
3671 0.07863828963396034 0.6669119613359882 0
3672 0.01305613690514484 0.6703985529034366 0
3673 -0.3485238586498161 0.8489049262505133 0
3674 0.01901924645127801 0.6931992130680509 0
3675 -0.104657056889654 0.6974664229492146 0
3676 0.1438757877650179 0.7641788337597709 0
3677 0.140074755754343 0.7682414697641575 0
3678 -0.1524481920176954 0.7777106987303911 0
3679 0.007756217656441093 0.6831074385417155 0
3680 -0.05912546208550154 0.6881928074001614 0
3681 0.004059390264059554 0.8839600157392814 0
3682 0.1745366524050422 0.5672832050606011 0
3683 0.1104659771730161 0.7017197153227144 0
3684 -0.1175449109917148 0.6968557675599153 0
3685 0.4525277902196931 0.9183880410441555 0
3686 -0.08435671912312298 0.6743043092543265 0
3687 0.1070811010280825 0.7083172142896451 0
3688 -0.09161613207900138 0.6928771573406142 0
3689 -0.0195155301360899 0.6932176612474473 0
3690 0.2290368944316866 0.6381258902381512 0
3691 0.1002882094388668 0.3204504911366667 0
3692 -0.1939521553116695 0.6780040998472417 0
3693 0.02384632190236526 0.6940738398841825 0
3694 -0.05799787547121957 0.6787864056800638 0
3695 -0.06624836666228111 0.6638005922934618 0
3696 0.02514136217873499 0.691692240995011 0
3697 0.08812212032329841 0.6886237984138474 0
3698 0.01124267392991693 0.6918745760507741 0
3699 0.01466957595942735 0.6922840130871404 0
3700 0.04047831574105124 0.6829145690565257 0
3701 -0.07332143106810232 0.5069001688367561 0
3702 -0.02111934194005207 0.6843760847010405 0
3703 -0.02083227122817684 0.6828480047162661 0
3704 -0.1283354440788839 0.6162574315984758 0
3705 0.04709990999307962 0.6924909157486056 0
3706 0.127026103369961 0.6483909947659573 0
3707 0.1623882788029024 0.7628215636817417 0
3708 -0.02451597773623058 0.6289435057439927 0
3709 -0.01688915164631116 0.6721475781892819 0
3710 -0.08954593932682969 0.6922365677002729 0
3711 -0.06558436619598179 0.6574938997936607 0
3712 -0.09135532367384379 0.6584503622153249 0
3713 0.007083875919226041 0.6966227564938323 0
3714 -0.08163852821117087 0.6860150255909605 0
3715 -0.07157113068459438 0.6898734164057259 0
3716 0.03168357125649909 0.5453472893681086 0
3717 0.07959139937892096 0.6966358487110085 0
3718 -0.04207813701847618 0.6845131385690004 0
3719 -0.100572579204968 0.6924628928257998 0
3720 -0.03527098759387635 0.6585854566740096 0
3721 0.02676986541843601 0.6937194311018072 0
3722 -0.1221646482819886 0.7057576705532845 0
3723 -0.04699158442334459 0.6884229260932609 0
3724 0.01714573598165042 0.6209489657304559 0
3725 -0.007493180942074712 0.5874150295932014 0
3726 -0.4290512235000026 0.5065467648574002 0
3727 0.03171216013006642 0.6929802669204456 0
3728 0.1493413711331228 0.9053285879247051 0
3729 -0.0007627161010178743 0.6835127570996465 0
3730 -0.0605776871019024 0.6874132069157712 0
3731 -0.08558700289469286 0.6851091491595307 0
3732 -0.1265603134502384 0.5303713670726452 0
3733 -0.05282064340165976 0.6536443050176632 0
3734 -0.04202436500188576 0.6887936751920767 0
3735 -0.003717193669843293 0.6930754205437895 0
3736 -0.08260806776060045 0.4064773675408047 0
3737 -0.1377748429178754 0.7250529184056042 0
3738 -0.1624653456758939 0.7722430377461384 0
3739 -0.02196095976298693 0.6797006488926682 0
3740 0.04249904225046065 0.6934488938044258 0
3741 -0.09422429315044634 0.6844404342176744 0
3742 0.07300697607829076 0.6851604231786168 0
3743 0.04840691261972367 0.689046573315472 0
3744 -0.03715053395524247 0.1129354275272009 0
3745 -0.0600501760182008 0.6881423349897944 0
3746 0.2404056451796254 0.8916628257125015 0
3747 -0.1318124289347662 0.5973676409387161 0
3748 0.0607163937716818 0.6910526780404148 0
3749 -0.4138788940176838 0.118578768268929 0
3750 0.02411212730647505 0.6852370359014724 0
3751 -0.05394918574023407 0.688233635123533 0
3752 -0.1597799364261615 0.7593860992405608 0
3753 -0.05154335490630396 0.6880421750266343 0
3754 0.07221645796786255 0.6918401646036904 0
3755 -0.3511527083327348 0.5497932426534579 0
3756 -0.1546302633501632 0.7819423032456543 0
3757 -0.2376110784122859 0.5504447658168916 0
3758 -0.118645640301009 0.1099288022145242 0
3759 0.1314887223485594 0.1103577482583243 0
3760 -0.05073171746103861 0.6694618030712185 0
3761 -0.02411304559132895 0.680913131654278 0
3762 0.1212823413578514 0.7010580447231285 0
3763 0.006003752655375932 0.697599668552713 0
3764 0.05385752362902441 0.2865328574951351 0
3765 -0.05320159299814693 0.6881623999024923 0
3766 0.3790627324989313 0.6982522787316809 0
3767 0.01314458645248075 0.6933090852169085 0
3768 -0.2652495533938244 0.7445064207640948 0
3769 0.1487722788605237 0.5142947581456684 0
3770 0.2835432728916412 0.6446754562850926 0
3771 -0.1505583151593711 0.6094560950091004 0
3772 0.1425099548689918 0.4792915752777142 0
3773 -0.1492451165777965 0.7052628237254511 0
3774 0.01170573288127462 0.6970170186169711 0
3775 0.03768773795000695 0.6815647259941366 0
3776 -0.03841799783712006 0.6839861413711571 0
3777 -0.0155338785354143 0.5571079444198773 0
3778 0.212874706284304 0.5055684122004195 0
3779 -0.02432349231211011 0.6893947161658596 0
3780 -0.1118189055495934 0.6967980317272158 0
3781 0.08705102151552462 0.6957107984018169 0
3782 0.1288052655948691 0.6638052018242326 0
3783 0.1060095174369984 0.7079248358961291 0
3784 0.003075761728337997 0.5792282044954505 0
3785 -0.0763146539245057 0.6894806170042102 0
3786 0.05459629872095592 0.6909291915375071 0
3787 -0.008803337657106886 0.6748305589058999 0
3788 -0.00744919242209258 0.6611134316103086 0
3789 -0.06721750853821627 0.6885052837443149 0
3790 -0.04734799820886441 0.6638854765723528 0
3791 -0.04199060895195269 0.8834230266313385 0
3792 -0.1566491720223704 0.7179755127483318 0
3793 -0.1602295950137514 0.7132123374636923 0
3794 0.08551104150426449 0.5464292693472702 0
3795 0.06323089553453448 0.6934286623505201 0
3796 0.04406915258900971 0.6912403767720724 0
3797 0.3903632226658105 0.7736854159031236 0
3798 -0.01397057633962082 0.6863842393014842 0
3799 0.2272126365117638 0.7542073462186021 0
3800 0.0963556963450707 0.6433110968493858 0
3801 -0.1605814815913356 0.7402182571451761 0
3802 -0.1739789667385207 0.7986972033065729 0
3803 0.4164035333350331 0.3279970095008052 0
3804 -0.1480951557234362 0.7494788065605805 0
3805 0.2445405412425719 0.6287128024769236 0
3806 -0.1807965428125315 0.7772243974746601 0
3807 0.05352906553303594 0.693694666485715 0
3808 0.09779406748629778 0.7036358923373606 0
3809 0.0009543374013215301 0.6974480975539197 0
3810 0.2122038233006269 0.594312822700315 0
3811 -0.2204498261753524 0.8004240696958858 0
3812 0.03428761664973039 0.6708162531028351 0
3813 -0.4137003781801841 0.153837551023538 0
3814 0.1827473523335949 0.5994239571307769 0
3815 -0.1328315283792794 0.7176845379050345 0
3816 -0.1446436478007438 0.6981375992781859 0
3817 -0.1964982863652957 0.4690813335519866 0
3818 0.01229137090224998 0.6925894850539098 0
3819 -0.08810289404890455 0.6836275901834676 0
3820 -0.2074177611912297 0.7586111778225919 0
3821 0.03236719340154501 0.6754362393674082 0
3822 -0.008149269902496354 0.6862369621558849 0
3823 0.05800824338944244 0.6647498782390916 0
3824 0.03398179830556421 0.6874055149922971 0
3825 0.06984441850882313 0.6811039364197882 0
3826 0.06723985639373091 0.6905013721437812 0
3827 0.04182699876486967 0.6840263591539433 0
3828 -0.1527102292143316 0.7584409138294859 0
3829 -0.08665607798918451 0.4990383236968348 0
3830 -0.01301398174353453 0.6962077522950956 0
3831 0.3787619453616582 0.1074456616381376 0
3832 0.1442044693241222 0.7059070136385646 0
3833 0.1178480590317365 0.7054404536146577 0
3834 -0.1110687751968865 0.6442032162036879 0
3835 -0.01464974193535271 0.6743240060567879 0
3836 0.4580547427210466 0.6012265578253215 0
3837 -0.09639103249998959 0.6665895309359979 0
3838 -0.08910409541520442 0.6904307382402461 0
3839 0.07379427996382451 0.5365077080927937 0
3840 0.03895528208820933 0.6679058632905366 0
3841 0.0006872865574123367 0.6916094687016976 0
3842 -0.1195011834104205 0.6295664918790583 0
3843 0.06361938719951721 0.6900869856430565 0
3844 0.1108553109200847 0.7093551363806051 0
3845 0.1667218920292214 0.7215549713227993 0
3846 0.03705597433847523 0.6926565274200355 0
3847 0.06811271175864525 0.6939105043278401 0
3848 -0.09430014794960714 0.6700744140562371 0
3849 0.01746753790943111 0.6759902004794148 0
3850 -0.1147133095998615 0.4204950166331719 0
3851 -0.006817846863399269 0.6968651875222559 0
3852 0.08286036617672632 0.6961664186707163 0
3853 -0.4574555857386415 0.4981895643775697 0
3854 0.1018775339074268 0.6825480380341939 0
3855 -0.1542643934489145 0.7618174703833045 0
3856 -0.1580358645435832 0.7626169281097128 0
3857 -0.1734941407388154 0.7924920938814273 0
3858 -0.01265666038062226 0.6926507515564044 0
3859 -0.06892839208359848 0.6875718076397925 0
3860 0.2734700731805176 0.02816010363512588 0
3861 0.01667509625664535 0.6959135213356002 0
3862 -0.159223553001009 0.7927792759960633 0
3863 0.08457399869916334 0.6983024052978024 0
3864 0.006900830745303528 0.4736275319579427 0
3865 0.1578783020649614 0.5976969652314809 0
3866 0.03412529736158578 0.6558050398316839 0
3867 0.1145719093212719 0.7135584365769548 0
3868 -0.09147700072337039 0.6824561098329501 0
3869 -0.2512767207541939 0.836964059374059 0
3870 -0.05513595908220704 0.6854299163260553 0
3871 0.04941185138177792 0.6091166451243432 0
3872 0.4151818027764146 0.8690566581293857 0
3873 0.04335387560899873 0.6834649757576395 0
3874 0.310719032189511 0.7879884101316473 0
3875 0.03835746671671258 0.6123017204867446 0
3876 0.1719862721898441 0.4279375197574182 0
3877 -0.3750286573632491 0.7076173492833786 0
3878 -0.1090373931182747 0.2604568901467355 0
3879 -0.03425672506637711 0.6886654408055795 0
3880 0.0220839415217164 0.6710484056252227 0
3881 -0.1285749276335446 0.7089188089736238 0
3882 0.4174769046317464 0.5160521185912936 0
3883 0.02117000543768402 0.6278783401321809 0
3884 0.05458789685835799 0.6927372756318624 0
3885 -0.3725258773531625 0.1009729539659047 0
3886 -0.1346136582318379 0.7200990509595129 0
3887 -0.06681187953517111 0.6893302080610286 0
3888 -0.01256694662746426 0.695569046423378 0
3889 -0.08074187589651666 0.6845089976462165 0
3890 0.1030742774354308 0.7044363186203687 0
3891 0.07684930116824215 0.6939361623912056 0
3892 -0.007293323177613057 0.6547360193044668 0
3893 0.169180842206592 0.8186894559273237 0
3894 -0.042828465637561 0.688832130509987 0
3895 -0.1486875687991767 0.539498638723436 0
3896 -0.05961568832345716 0.6858713885927917 0
3897 0.02949406382527367 0.6906539882596704 0
3898 0.07199916162397656 0.6451165298931112 0
3899 -0.07492651556610226 0.6879667806441612 0
3900 -0.1066247942931445 0.6885417691986081 0
3901 -0.2841335289623398 0.7518851575401017 0
3902 -0.2297178091320632 0.890161672737889 0
3903 0.07536212832700588 0.6853617435174483 0
3904 0.01526676113924042 0.5734253869213064 0
3905 -0.03032131324437739 0.6819124290617029 0
3906 0.002404187382601036 0.6923557208098178 0
3907 -0.3784195662773706 0.3807999212416487 0
3908 -0.01344186269571888 0.4802010483685534 0
3909 -0.06075877815933339 0.5726543068656863 0
3910 -0.1010830609773906 0.6945479208730214 0
3911 -0.04760942467044655 0.6865371982928382 0
3912 0.05533725123307202 0.6264997985618103 0
3913 0.006986912908537807 0.6946299238095446 0
3914 -0.07836901335468403 0.6897950575124041 0
3915 -0.008448171901876573 0.6933657241679143 0
3916 0.02421504678616232 0.6920938547113862 0
3917 0.1286129454738202 0.3094209702475778 0
3918 -0.177041628756067 0.6758653554358951 0
3919 -0.0357834870250382 0.6692257027978276 0
3920 0.02838638177803506 0.6159102677079473 0
3921 0.04836891998446836 0.6517995957329434 0
3922 0.07854653889145211 0.6953262975567192 0
3923 0.1441518130552042 0.7751761811714134 0
3924 0.1118962863836961 0.7082959650351058 0
3925 -0.06186594580567475 0.6881862477369853 0
3926 -0.4595352903803731 0.4365635819878572 0
3927 -0.02101122855413878 0.6637328545178856 0
3928 0.04312607347314934 0.6904741335190914 0
3929 -0.1300023948831993 0.7118454531592491 0
3930 0.03858411054642841 0.6904680233477929 0
3931 0.03510754069865452 0.6910478233890043 0
3932 0.02664288735144047 0.6908528381974721 0
$EndNodes
$Elements
7864
1 1 2 1 1 1 315
2 1 2 1 1 315 316
3 1 2 1 1 316 317
4 1 2 1 1 317 2
5 1 2 1 2 2 318
6 1 2 1 2 318 319
7 1 2 1 2 319 320
8 1 2 1 2 320 321
9 1 2 1 2 321 322
10 1 2 1 2 322 323
11 1 2 1 2 323 324
12 1 2 1 2 324 325
13 1 2 1 2 325 326
14 1 2 1 2 326 327
15 1 2 1 2 327 328
16 1 2 1 2 328 3
17 1 2 1 3 3 329
18 1 2 1 3 329 330
19 1 2 1 3 330 331
20 1 2 1 3 331 4
21 1 2 1 4 4 332
22 1 2 1 4 332 333
23 1 2 1 4 333 334
24 1 2 1 4 334 335
25 1 2 1 4 335 336
26 1 2 1 4 336 337
27 1 2 1 4 337 338
28 1 2 1 4 338 339
29 1 2 1 4 339 340
30 1 2 1 4 340 341
31 1 2 1 4 341 342
32 1 2 1 4 342 343
33 1 2 1 4 343 344
34 1 2 1 4 344 345
35 1 2 1 4 345 346
36 1 2 1 4 346 347
37 1 2 1 4 347 348
38 1 2 1 4 348 5
39 1 2 1 5 5 349
40 1 2 1 5 349 350
41 1 2 1 5 350 351
42 1 2 1 5 351 352
43 1 2 1 5 352 353
44 1 2 1 5 353 354
45 1 2 1 5 354 355
46 1 2 1 5 355 356
47 1 2 1 5 356 357
48 1 2 1 5 357 358
49 1 2 1 5 358 359
50 1 2 1 5 359 360
51 1 2 1 5 360 361
52 1 2 1 5 361 362
53 1 2 1 5 362 363
54 1 2 1 5 363 364
55 1 2 1 5 364 365
56 1 2 1 5 365 366
57 1 2 1 5 366 367
58 1 2 1 5 367 6
59 1 2 1 6 6 368
60 1 2 1 6 368 369
61 1 2 1 6 369 370
62 1 2 1 6 370 371
63 1 2 1 6 371 372
64 1 2 1 6 372 373
65 1 2 1 6 373 374
66 1 2 1 6 374 375
67 1 2 1 6 375 376
68 1 2 1 6 376 377
69 1 2 1 6 377 378
70 1 2 1 6 378 379
71 1 2 1 6 379 380
72 1 2 1 6 380 381
73 1 2 1 6 381 382
74 1 2 1 6 382 383
75 1 2 1 6 383 384
76 1 2 1 6 384 1
77 1 2 3 7 7 8
78 1 2 3 8 8 9
79 1 2 3 9 9 10
80 1 2 3 10 10 11
81 1 2 3 11 11 12
82 1 2 3 12 12 13
83 1 2 3 13 13 14
84 1 2 3 14 14 15
85 1 2 3 15 15 16
86 1 2 3 16 16 17
87 1 2 3 17 17 18
88 1 2 3 18 18 19
89 1 2 3 19 19 20
90 1 2 3 20 20 21
91 1 2 3 21 21 22
92 1 2 3 22 22 23
93 1 2 3 23 23 24
94 1 2 3 24 24 25
95 1 2 3 25 25 26
96 1 2 3 26 26 27
97 1 2 3 27 27 28
98 1 2 3 28 28 29
99 1 2 3 29 29 30
100 1 2 3 30 30 31
101 1 2 3 31 31 32
102 1 2 3 32 32 33
103 1 2 3 33 33 34
104 1 2 3 34 34 35
105 1 2 3 35 35 36
106 1 2 3 36 36 37
107 1 2 3 37 37 38
108 1 2 3 38 38 39
109 1 2 3 39 39 40
110 1 2 3 40 40 41
111 1 2 3 41 41 42
112 1 2 3 42 42 43
113 1 2 3 43 43 44
114 1 2 3 44 44 45
115 1 2 3 45 45 46
116 1 2 3 46 46 47
117 1 2 3 47 47 48
118 1 2 3 48 48 49
119 1 2 3 49 49 50
120 1 2 3 50 50 51
121 1 2 3 51 51 52
122 1 2 3 52 52 53
123 1 2 3 53 53 54
124 1 2 3 54 54 55
125 1 2 3 55 55 56
126 1 2 3 56 56 57
127 1 2 3 57 57 58
128 1 2 3 58 58 59
129 1 2 3 59 59 60
130 1 2 3 60 60 61
131 1 2 3 61 61 62
132 1 2 3 62 62 63
133 1 2 3 63 63 64
134 1 2 3 64 64 65
135 1 2 3 65 65 66
136 1 2 3 66 66 67
137 1 2 3 67 67 68
138 1 2 3 68 68 69
139 1 2 3 69 69 70
140 1 2 3 70 70 71
141 1 2 3 71 71 72
142 1 2 3 72 72 73
143 1 2 3 73 73 74
144 1 2 3 74 74 75
145 1 2 3 75 75 76
146 1 2 3 76 76 77
147 1 2 3 77 77 78
148 1 2 3 78 78 79
149 1 2 3 79 79 80
150 1 2 3 80 80 81
151 1 2 3 81 81 82
152 1 2 3 82 82 83
153 1 2 3 83 83 84
154 1 2 3 84 84 85
155 1 2 3 85 85 86
156 1 2 3 86 86 87
157 1 2 3 87 87 88
158 1 2 3 88 88 89
159 1 2 3 89 89 90
160 1 2 3 90 90 91
161 1 2 3 91 91 92
162 1 2 3 92 92 93
163 1 2 3 93 93 94
164 1 2 3 94 94 95
165 1 2 3 95 95 96
166 1 2 3 96 96 97
167 1 2 3 97 97 98
168 1 2 3 98 98 99
169 1 2 3 99 99 100
170 1 2 3 100 100 101
171 1 2 3 101 101 102
172 1 2 3 102 102 103
173 1 2 3 103 103 104
174 1 2 3 104 104 105
175 1 2 3 105 105 106
176 1 2 3 106 106 107
177 1 2 3 107 107 108
178 1 2 3 108 108 109
179 1 2 3 109 109 110
180 1 2 3 110 110 111
181 1 2 3 111 111 112
182 1 2 3 112 112 113
183 1 2 3 113 113 114
184 1 2 3 114 114 115
185 1 2 3 115 115 116
186 1 2 3 116 116 117
187 1 2 3 117 117 118
188 1 2 3 118 118 119
189 1 2 3 119 119 120
190 1 2 3 120 120 121
191 1 2 3 121 121 122
192 1 2 3 122 122 123
193 1 2 3 123 123 124
194 1 2 3 124 124 125
195 1 2 3 125 125 126
196 1 2 3 126 126 127
197 1 2 3 127 127 128
198 1 2 3 128 128 129
199 1 2 3 129 129 130
200 1 2 3 130 130 131
201 1 2 3 131 131 132
202 1 2 3 132 132 133
203 1 2 3 133 133 134
204 1 2 3 134 134 135
205 1 2 3 135 135 136
206 1 2 3 136 136 137
207 1 2 3 137 137 138
208 1 2 3 138 138 139
209 1 2 3 139 139 140
210 1 2 3 140 140 141
211 1 2 3 141 141 142
212 1 2 3 142 142 143
213 1 2 3 143 143 144
214 1 2 3 144 144 145
215 1 2 3 145 145 146
216 1 2 3 146 146 147
217 1 2 3 147 147 148
218 1 2 3 148 148 149
219 1 2 3 149 149 150
220 1 2 3 150 150 151
221 1 2 3 151 151 152
222 1 2 3 152 152 153
223 1 2 3 153 153 154
224 1 2 3 154 154 155
225 1 2 3 155 155 156
226 1 2 3 156 156 157
227 1 2 3 157 157 158
228 1 2 3 158 158 159
229 1 2 3 159 159 160
230 1 2 3 160 160 161
231 1 2 3 161 161 162
232 1 2 3 162 162 163
233 1 2 3 163 163 164
234 1 2 3 164 164 165
235 1 2 3 165 165 166
236 1 2 3 166 166 167
237 1 2 3 167 167 168
238 1 2 3 168 168 169
239 1 2 3 169 169 170
240 1 2 3 170 170 171
241 1 2 3 171 171 172
242 1 2 3 172 172 173
243 1 2 3 173 173 174
244 1 2 3 174 174 175
245 1 2 3 175 175 176
246 1 2 3 176 176 177
247 1 2 3 177 177 178
248 1 2 3 178 178 179
249 1 2 3 179 179 180
250 1 2 3 180 180 181
251 1 2 3 181 181 182
252 1 2 3 182 182 183
253 1 2 3 183 183 184
254 1 2 3 184 184 185
255 1 2 3 185 185 186
256 1 2 3 186 186 187
257 1 2 3 187 187 188
258 1 2 3 188 188 189
259 1 2 3 189 189 190
260 1 2 3 190 190 191
261 1 2 3 191 191 192
262 1 2 3 192 192 193
263 1 2 3 193 193 194
264 1 2 3 194 194 195
265 1 2 3 195 195 196
266 1 2 3 196 196 197
267 1 2 3 197 197 198
268 1 2 3 198 198 199
269 1 2 3 199 199 200
270 1 2 3 200 200 201
271 1 2 3 201 201 202
272 1 2 3 202 202 203
273 1 2 3 203 203 204
274 1 2 3 204 204 205
275 1 2 3 205 205 206
276 1 2 3 206 206 207
277 1 2 3 207 207 208
278 1 2 3 208 208 209
279 1 2 3 209 209 210
280 1 2 3 210 210 211
281 1 2 3 211 211 212
282 1 2 3 212 212 213
283 1 2 3 213 213 214
284 1 2 3 214 214 215
285 1 2 3 215 215 216
286 1 2 3 216 216 217
287 1 2 3 217 217 218
288 1 2 3 218 218 219
289 1 2 3 219 219 220
290 1 2 3 220 220 221
291 1 2 3 221 221 222
292 1 2 3 222 222 223
293 1 2 3 223 223 224
294 1 2 3 224 224 225
295 1 2 3 225 225 226
296 1 2 3 226 226 227
297 1 2 3 227 227 228
298 1 2 3 228 228 229
299 1 2 3 229 229 230
300 1 2 3 230 230 231
301 1 2 3 231 231 232
302 1 2 3 232 232 233
303 1 2 3 233 233 234
304 1 2 3 234 234 235
305 1 2 3 235 235 236
306 1 2 3 236 236 237
307 1 2 3 237 237 238
308 1 2 3 238 238 239
309 1 2 3 239 239 240
310 1 2 3 240 240 241
311 1 2 3 241 241 242
312 1 2 3 242 242 243
313 1 2 3 243 243 244
314 1 2 3 244 244 245
315 1 2 3 245 245 246
316 1 2 3 246 246 247
317 1 2 3 247 247 248
318 1 2 3 248 248 249
319 1 2 3 249 249 250
320 1 2 3 250 250 251
321 1 2 3 251 251 252
322 1 2 3 252 252 253
323 1 2 3 253 253 254
324 1 2 3 254 254 255
325 1 2 3 255 255 256
326 1 2 3 256 256 257
327 1 2 3 257 257 258
328 1 2 3 258 258 259
329 1 2 3 259 259 260
330 1 2 3 260 260 261
331 1 2 3 261 261 262
332 1 2 3 262 262 263
333 1 2 3 263 263 264
334 1 2 3 264 264 265
335 1 2 3 265 265 266
336 1 2 3 266 266 267
337 1 2 3 267 267 268
338 1 2 3 268 268 269
339 1 2 3 269 269 270
340 1 2 3 270 270 271
341 1 2 3 271 271 272
342 1 2 3 272 272 273
343 1 2 3 273 273 274
344 1 2 3 274 274 275
345 1 2 3 275 275 276
346 1 2 3 276 276 277
347 1 2 3 277 277 278
348 1 2 3 278 278 279
349 1 2 3 279 279 280
350 1 2 3 280 280 281
351 1 2 3 281 281 282
352 1 2 3 282 282 283
353 1 2 3 283 283 284
354 1 2 3 284 284 285
355 1 2 3 285 285 286
356 1 2 3 286 286 287
357 1 2 3 287 287 288
358 1 2 3 288 288 289
359 1 2 3 289 289 290
360 1 2 3 290 290 291
361 1 2 3 291 291 292
362 1 2 3 292 292 293
363 1 2 3 293 293 294
364 1 2 3 294 294 295
365 1 2 3 295 295 296
366 1 2 3 296 296 297
367 1 2 3 297 297 298
368 1 2 3 298 298 299
369 1 2 3 299 299 300
370 1 2 3 300 300 301
371 1 2 3 301 301 302
372 1 2 3 302 302 303
373 1 2 3 303 303 304
374 1 2 3 304 304 305
375 1 2 3 305 305 306
376 1 2 3 306 306 307
377 1 2 3 307 307 308
378 1 2 3 308 308 309
379 1 2 3 309 309 310
380 1 2 3 310 310 311
381 1 2 3 311 311 312
382 1 2 3 312 312 313
383 1 2 3 313 313 314
384 1 2 3 314 314 385
385 1 2 3 314 385 386
386 1 2 3 314 386 387
387 1 2 3 314 387 388
388 1 2 3 314 388 389
389 1 2 3 314 389 390
390 1 2 3 314 390 7
391 2 2 5 1 902 3135 3411
392 2 2 5 1 2701 1959 3071
393 2 2 5 1 1179 2916 3503
394 2 2 5 1 2575 2032 3248
395 2 2 5 1 745 2333 3022
396 2 2 5 1 1491 2210 2212
397 2 2 5 1 2397 2788 2789
398 2 2 5 1 2395 675 2901
399 2 2 5 1 2842 2820 3849
400 2 2 5 1 460 2552 2578
401 2 2 5 1 3223 1241 3252
402 2 2 5 1 549 551 552
403 2 2 5 1 926 2303 2733
404 2 2 5 1 2538 1320 2847
405 2 2 5 1 3138 3137 3543
406 2 2 5 1 2171 2685 3540
407 2 2 5 1 2028 2716 3174
408 2 2 5 1 568 2225 3225
409 2 2 5 1 2422 2423 2941
410 2 2 5 1 423 2385 2386
411 2 2 5 1 2632 2011 3028
412 2 2 5 1 2157 2469 2766
413 2 2 5 1 2335 398 2405
414 2 2 5 1 2474 2472 2475
415 2 2 5 1 2358 2902 3361
416 2 2 5 1 1768 1770 3281
417 2 2 5 1 2082 3195 3792
418 2 2 5 1 1169 2480 3661
419 2 2 5 1 2634 1384 2939
420 2 2 5 1 2108 3334 3649
421 2 2 5 1 2219 836 2520
422 2 2 5 1 1164 2363 2384
423 2 2 5 1 2473 2472 2474
424 2 2 5 1 419 2180 2732
425 2 2 5 1 1727 1728 2657
426 2 2 5 1 1868 2376 3457
427 2 2 5 1 495 2265 2549
428 2 2 5 1 177 176 2883
429 2 2 5 1 3293 1732 3342
430 2 2 5 1 836 794 2520
431 2 2 5 1 1663 2197 3049
432 2 2 5 1 1830 2330 3793
433 2 2 5 1 1486 921 2511
434 2 2 5 1 475 314 3445
435 2 2 5 1 2492 516 3333
436 2 2 5 1 2609 2371 3700
437 2 2 5 1 544 547 3382
438 2 2 5 1 2834 1563 2835
439 2 2 5 1 1822 2625 3408
440 2 2 5 1 2604 3102 3604
441 2 2 5 1 2548 628 2828
442 2 2 5 1 402 2544 3175
443 2 2 5 1 1571 2351 3786
444 2 2 5 1 2042 3217 3564
445 2 2 5 1 2862 2861 3204
446 2 2 5 1 2679 2701 3071
447 2 2 5 1 2159 3293 3342
448 2 2 5 1 768 744 2812
449 2 2 5 1 2265 495 2551
450 2 2 5 1 2134 1686 3267
451 2 2 5 1 2716 1340 3174
452 2 2 5 1 2249 1701 2251
453 2 2 5 1 2322 1807 2411
454 2 2 5 1 822 2329 3152
455 2 2 5 1 2625 2622 3408
456 2 2 5 1 408 2340 2755
457 2 2 5 1 2981 2114 3386
458 2 2 5 1 782 1741 2372
459 2 2 5 1 2031 2575 3085
460 2 2 5 1 1615 2356 2358
461 2 2 5 1 2328 1238 2330
462 2 2 5 1 628 2558 3094
463 2 2 5 1 1695 2347 2348
464 2 2 5 1 3034 1031 3468
465 2 2 5 1 2655 1359 2965
466 2 2 5 1 3235 2498 3538
467 2 2 5 1 1241 2253 3252
468 2 2 5 1 2329 822 3151
469 2 2 5 1 828 2508 3393
470 2 2 5 1 2036 1876 2756
471 2 2 5 1 1728 2012 2657
472 2 2 5 1 3466 3184 3635
473 2 2 5 1 2388 396 3010
474 2 2 5 1 655 863 2367
475 2 2 5 1 2558 628 3716
476 2 2 5 1 1154 2498 3235
477 2 2 5 1 2301 433 3529
478 2 2 5 1 2469 438 2766
479 2 2 5 1 1146 1557 2309
480 2 2 5 1 2388 455 3147
481 2 2 5 1 1691 2538 2658
482 2 2 5 1 1316 556 2500
483 2 2 5 1 1638 2225 3152
484 2 2 5 1 2633 2634 2939
485 2 2 5 1 702 1551 2431
486 2 2 5 1 2527 436 3064
487 2 2 5 1 444 24 3284
488 2 2 5 1 2437 395 2968
489 2 2 5 1 2024 2191 2805
490 2 2 5 1 2317 1604 2973
491 2 2 5 1 2552 1834 2578
492 2 2 5 1 2177 1674 2524
493 2 2 5 1 537 514 3446
494 2 2 5 1 2993 3056 3678
495 2 2 5 1 2574 465 2804
496 2 2 5 1 1737 2776 2935
497 2 2 5 1 2337 1486 2511
498 2 2 5 1 423 2386 3478
499 2 2 5 1 1686 2134 3090
500 2 2 5 1 1154 2202 2601
501 2 2 5 1 1571 1573 2351
502 2 2 5 1 2243 3042 3606
503 2 2 5 1 3402 538 3444
504 2 2 5 1 1417 2447 3650
505 2 2 5 1 654 653 2499
506 2 2 5 1 2752 1525 2753
507 2 2 5 1 2709 1961 3487
508 2 2 5 1 647 2275 2276
509 2 2 5 1 2559 2122 3777
510 2 2 5 1 2407 1665 2409
511 2 2 5 1 2239 571 3161
512 2 2 5 1 2592 785 3140
513 2 2 5 1 2359 2358 3361
514 2 2 5 1 2504 2283 2506
515 2 2 5 1 722 721 2331
516 2 2 5 1 1033 2306 3358
517 2 2 5 1 2254 1949 3167
518 2 2 5 1 1409 1238 2328
519 2 2 5 1 2797 1108 3467
520 2 2 5 1 2264 569 3006
521 2 2 5 1 2225 568 3173
522 2 2 5 1 546 544 3382
523 2 2 5 1 2571 1393 2704
524 2 2 5 1 2999 2948 3055
525 2 2 5 1 1996 1638 3152
526 2 2 5 1 2916 2673 3503
527 2 2 5 1 2193 1244 3330
528 2 2 5 1 3055 2948 3604
529 2 2 5 1 2250 2446 3197
530 2 2 5 1 2058 2841 3359
531 2 2 5 1 2038 2233 3600
532 2 2 5 1 2275 647 2277
533 2 2 5 1 2452 2632 3028
534 2 2 5 1 2409 1665 2410
535 2 2 5 1 2256 1768 3281
536 2 2 5 1 1674 2241 2524
537 2 2 5 1 657 654 2499
538 2 2 5 1 2529 2338 3589
539 2 2 5 1 2144 2797 3467
540 2 2 5 1 1551 2226 2431
541 2 2 5 1 548 442 550
542 2 2 5 1 1988 2193 3330
543 2 2 5 1 3106 480 3309
544 2 2 5 1 2057 2592 3140
545 2 2 5 1 2521 1821 2837
546 2 2 5 1 2690 1417 3650
547 2 2 5 1 2195 1715 3628
548 2 2 5 1 1078 2307 3164
549 2 2 5 1 27 26 399
550 2 2 5 1 2496 1830 3793
551 2 2 5 1 2890 2256 3281
552 2 2 5 1 2879 2238 3588
553 2 2 5 1 1876 1875 2756
554 2 2 5 1 1796 2394 3074
555 2 2 5 1 1460 1840 2841
556 2 2 5 1 2508 2051 3393
557 2 2 5 1 2556 2122 2559
558 2 2 5 1 535 517 542
559 2 2 5 1 2243 2518 3042
560 2 2 5 1 590 591 2638
561 2 2 5 1 455 2388 2757
562 2 2 5 1 1316 2500 2502
563 2 2 5 1 2316 2711 3254
564 2 2 5 1 2864 2165 3062
565 2 2 5 1 2151 2800 3326
566 2 2 5 1 2423 572 2941
567 2 2 5 1 508 2368 3253
568 2 2 5 1 2806 2272 2951
569 2 2 5 1 726 722 2331
570 2 2 5 1 2267 1432 3308
571 2 2 5 1 2674 1898 3172
572 2 2 5 1 886 2472 2473
573 2 2 5 1 2254 3167 3435
574 2 2 5 1 2250 2627 3384
575 2 2 5 1 590 2638 3517
576 2 2 5 1 504 2626 3018
577 2 2 5 1 2483 2482 3471
578 2 2 5 1 401 2542 2640
579 2 2 5 1 3101 2239 3161
580 2 2 5 1 813 717 2585
581 2 2 5 1 433 2301 2793
582 2 2 5 1 2162 2042 3564
583 2 2 5 1 1898 2674 3766
584 2 2 5 1 674 668 2454
585 2 2 5 1 2570 1393 2571
586 2 2 5 1 2861 2369 3204
587 2 2 5 1 2201 2264 3611
588 2 2 5 1 2453 1332 2487
589 2 2 5 1 2575 585 3085
590 2 2 5 1 2685 2171 3438
591 2 2 5 1 421 2228 2428
592 2 2 5 1 436 373 3064
593 2 2 5 1 2547 2548 2828
594 2 2 5 1 2031 2032 2575
595 2 2 5 1 1815 1645 2531
596 2 2 5 1 1792 1791 1957
597 2 2 5 1 2114 2113 3386
598 2 2 5 1 1566 2392 3252
599 2 2 5 1 2322 2411 2430
600 2 2 5 1 1730 2299 2354
601 2 2 5 1 1260 823 2596
602 2 2 5 1 2197 1663 3440
603 2 2 5 1 1386 2565 2633
604 2 2 5 1 1712 1715 2195
605 2 2 5 1 1161 860 2311
606 2 2 5 1 2058 1460 2841
607 2 2 5 1 3178 3464 3508
608 2 2 5 1 693 2504 2506
609 2 2 5 1 2291 1815 2531
610 2 2 5 1 1797 2283 2504
611 2 2 5 1 2504 693 2505
612 2 2 5 1 1563 1092 2835
613 2 2 5 1 2706 2287 2968
614 2 2 5 1 1112 2361 2362
615 2 2 5 1 2165 2864 3671
616 2 2 5 1 1465 813 2585
617 2 2 5 1 1875 2400 2756
618 2 2 5 1 1847 2310 2610
619 2 2 5 1 2334 398 2335
620 2 2 5 1 2912 1163 3795
621 2 2 5 1 484 485 3371
622 2 2 5 1 794 792 2520
623 2 2 5 1 2422 2941 2942
624 2 2 5 1 2210 1491 2540
625 2 2 5 1 3056 3325 3678
626 2 2 5 1 566 568 3225
627 2 2 5 1 2228 421 3167
628 2 2 5 1 792 784 2587
629 2 2 5 1 2604 2240 3102
630 2 2 5 1 3333 523 3508
631 2 2 5 1 2292 726 2331
632 2 2 5 1 1157 2820 2842
633 2 2 5 1 1178 2437 2438
634 2 2 5 1 571 2239 3608
635 2 2 5 1 751 757 2699
636 2 2 5 1 848 804 2490
637 2 2 5 1 2480 1169 2929
638 2 2 5 1 823 807 2596
639 2 2 5 1 2340 2688 2755
640 2 2 5 1 2180 419 3689
641 2 2 5 1 534 519 535
642 2 2 5 1 746 745 3022
643 2 2 5 1 549 552 553
644 2 2 5 1 2599 3053 3339
645 2 2 5 1 2544 2346 3175
646 2 2 5 1 2763 1168 3675
647 2 2 5 1 3141 3184 3466
648 2 2 5 1 443 2709 3487
649 2 2 5 1 836 2219 3736
650 2 2 5 1 2345 2814 3500
651 2 2 5 1 1841 2308 3314
652 2 2 5 1 1615 1597 2356
653 2 2 5 1 2587 768 2812
654 2 2 5 1 2406 863 2728
655 2 2 5 1 391 2426 2932
656 2 2 5 1 986 2336 2371
657 2 2 5 1 2965 1359 3379
658 2 2 5 1 2466 1983 2468
659 2 2 5 1 1830 2328 2330
660 2 2 5 1 540 407 2818
661 2 2 5 1 986 2371 2609
662 2 2 5 1 1733 1543 3165
663 2 2 5 1 2893 2317 2973
664 2 2 5 1 485 521 3371
665 2 2 5 1 2198 2199 3474
666 2 2 5 1 2593 1762 2594
667 2 2 5 1 2528 2338 2529
668 2 2 5 1 1971 1972 2510
669 2 2 5 1 1566 3252 3679
670 2 2 5 1 2270 1342 2522
671 2 2 5 1 1721 2399 2843
672 2 2 5 1 3052 2060 3217
673 2 2 5 1 1813 1870 2797
674 2 2 5 1 721 1342 2331
675 2 2 5 1 1130 2817 2870
676 2 2 5 1 2367 863 2406
677 2 2 5 1 2719 2794 3107
678 2 2 5 1 1695 1575 2347
679 2 2 5 1 427 2293 2883
680 2 2 5 1 1016 1031 3034
681 2 2 5 1 1706 2145 3719
682 2 2 5 1 771 820 2362
683 2 2 5 1 1927 2335 2405
684 2 2 5 1 1550 2806 2951
685 2 2 5 1 1694 2455 2456
686 2 2 5 1 2354 2299 2503
687 2 2 5 1 2841 1794 3359
688 2 2 5 1 2126 3180 3419
689 2 2 5 1 434 2413 2849
690 2 2 5 1 649 655 2367
691 2 2 5 1 966 984 2441
692 2 2 5 1 3500 2814 3894
693 2 2 5 1 2846 2380 3298
694 2 2 5 1 2820 2821 3849
695 2 2 5 1 2277 647 2710
696 2 2 5 1 2440 2538 2847
697 2 2 5 1 2019 1666 3924
698 2 2 5 1 2262 2729 3073
699 2 2 5 1 486 2792 3355
700 2 2 5 1 365 366 2261
701 2 2 5 1 2125 2935 3180
702 2 2 5 1 1359 2655 2790
703 2 2 5 1 2229 3199 3627
704 2 2 5 1 2395 2901 2902
705 2 2 5 1 1885 2805 2928
706 2 2 5 1 2250 2249 2627
707 2 2 5 1 1694 2456 2457
708 2 2 5 1 1256 2290 3605
709 2 2 5 1 1164 2384 2918
710 2 2 5 1 1473 1701 2249
711 2 2 5 1 2491 1355 3801
712 2 2 5 1 1682 1820 2799
713 2 2 5 1 860 2310 2311
714 2 2 5 1 2594 1762 2595
715 2 2 5 1 2330 1238 2403
716 2 2 5 1 960 964 2392
717 2 2 5 1 2303 926 3495
718 2 2 5 1 750 751 2699
719 2 2 5 1 1547 2246 2247
720 2 2 5 1 668 666 2454
721 2 2 5 1 2880 3183 3264
722 2 2 5 1 2773 1099 3048
723 2 2 5 1 2305 829 3353
724 2 2 5 1 2857 2706 2968
725 2 2 5 1 2432 2016 2433
726 2 2 5 1 2035 2197 3440
727 2 2 5 1 2457 2460 2534
728 2 2 5 1 2337 1991 2686
729 2 2 5 1 1824 1682 2799
730 2 2 5 1 1406 1463 1747
731 2 2 5 1 361 2707 3454
732 2 2 5 1 2376 2545 3457
733 2 2 5 1 1494 2236 2238
734 2 2 5 1 740 2575 3248
735 2 2 5 1 570 2445 3647
736 2 2 5 1 2563 1283 3054
737 2 2 5 1 2160 1558 2471
738 2 2 5 1 1807 1515 2411
739 2 2 5 1 2052 2388 3010
740 2 2 5 1 2431 2226 3499
741 2 2 5 1 2833 2870 3631
742 2 2 5 1 2261 366 2637
743 2 2 5 1 2196 2396 3025
744 2 2 5 1 2290 1256 3732
745 2 2 5 1 2310 1847 2311
746 2 2 5 1 2307 1769 3164
747 2 2 5 1 2368 508 3204
748 2 2 5 1 738 2750 3711
749 2 2 5 1 2870 2833 3300
750 2 2 5 1 2006 2960 3742
751 2 2 5 1 3334 880 3649
752 2 2 5 1 2394 1796 3625
753 2 2 5 1 2201 1843 2264
754 2 2 5 1 1763 1889 2265
755 2 2 5 1 548 550 2025
756 2 2 5 1 2424 2547 2828
757 2 2 5 1 738 737 2750
758 2 2 5 1 2397 2789 3025
759 2 2 5 1 538 478 3444
760 2 2 5 1 2869 1259 3287
761 2 2 5 1 2513 2402 2725
762 2 2 5 1 2401 410 2725
763 2 2 5 1 2307 1078 3009
764 2 2 5 1 2287 2436 2968
765 2 2 5 1 1968 2612 2692
766 2 2 5 1 1525 1348 2753
767 2 2 5 1 534 535 3093
768 2 2 5 1 2765 1245 3098
769 2 2 5 1 2326 952 3609
770 2 2 5 1 866 2431 3499
771 2 2 5 1 3195 2496 3792
772 2 2 5 1 2362 2361 2380
773 2 2 5 1 2266 856 3741
774 2 2 5 1 1339 1289 2353
775 2 2 5 1 1475 2532 2533
776 2 2 5 1 1442 1483 2353
777 2 2 5 1 1857 2434 2435
778 2 2 5 1 1908 1850 2607
779 2 2 5 1 812 782 2372
780 2 2 5 1 2453 1240 3031
781 2 2 5 1 2293 427 2882
782 2 2 5 1 2413 2804 2849
783 2 2 5 1 2309 1557 3699
784 2 2 5 1 2369 2368 3204
785 2 2 5 1 1247 2719 3107
786 2 2 5 1 3440 2168 3560
787 2 2 5 1 2441 984 2658
788 2 2 5 1 625 2424 2828
789 2 2 5 1 1439 2671 3337
790 2 2 5 1 2492 3333 3508
791 2 2 5 1 904 2813 2845
792 2 2 5 1 2723 2059 3044
793 2 2 5 1 683 2893 2973
794 2 2 5 1 1828 3021 3582
795 2 2 5 1 447 2262 2940
796 2 2 5 1 1932 2787 3395
797 2 2 5 1 1060 998 2393
798 2 2 5 1 2265 1889 2549
799 2 2 5 1 2694 1150 3013
800 2 2 5 1 1404 1186 2476
801 2 2 5 1 3076 2201 3611
802 2 2 5 1 953 952 2326
803 2 2 5 1 3271 2483 3471
804 2 2 5 1 1320 2538 3145
805 2 2 5 1 3033 2019 3587
806 2 2 5 1 1379 1380 2332
807 2 2 5 1 1955 2663 2790
808 2 2 5 1 856 2214 3477
809 2 2 5 1 1688 1344 2570
810 2 2 5 1 519 517 535
811 2 2 5 1 2869 1905 2985
812 2 2 5 1 1056 1002 2412
813 2 2 5 1 2446 2250 3220
814 2 2 5 1 2497 1566 3679
815 2 2 5 1 444 2451 2514
816 2 2 5 1 2398 1688 2570
817 2 2 5 1 647 602 2710
818 2 2 5 1 2196 1628 2396
819 2 2 5 1 1747 1463 1836
820 2 2 5 1 1885 2024 2805
821 2 2 5 1 2169 1286 3274
822 2 2 5 1 880 2497 3649
823 2 2 5 1 1667 1622 2201
824 2 2 5 1 880 876 2497
825 2 2 5 1 1324 1457 1666
826 2 2 5 1 1491 2212 3718
827 2 2 5 1 1908 2607 3632
828 2 2 5 1 296 431 463
829 2 2 5 1 2677 2238 2879
830 2 2 5 1 2170 2838 2843
831 2 2 5 1 2406 2728 3109
832 2 2 5 1 2611 425 3146
833 2 2 5 1 2614 2079 2795
834 2 2 5 1 1053 2200 3597
835 2 2 5 1 569 2264 3375
836 2 2 5 1 1969 2610 2832
837 2 2 5 1 688 2723 3044
838 2 2 5 1 2499 653 3111
839 2 2 5 1 1228 2744 3817
840 2 2 5 1 1342 2270 2331
841 2 2 5 1 2258 1528 3911
842 2 2 5 1 1869 2641 2837
843 2 2 5 1 1290 1762 2593
844 2 2 5 1 1694 2457 2534
845 2 2 5 1 2443 1427 3779
846 2 2 5 1 1487 1490 2521
847 2 2 5 1 772 762 2510
848 2 2 5 1 618 628 3094
849 2 2 5 1 744 1086 2812
850 2 2 5 1 2133 2714 3321
851 2 2 5 1 2436 2287 3116
852 2 2 5 1 1283 1174 3054
853 2 2 5 1 428 341 2696
854 2 2 5 1 3134 3396 3772
855 2 2 5 1 176 427 2883
856 2 2 5 1 986 987 2336
857 2 2 5 1 2863 2384 3544
858 2 2 5 1 1618 1364 2313
859 2 2 5 1 1771 1769 2307
860 2 2 5 1 2510 1972 3837
861 2 2 5 1 1244 2193 3569
862 2 2 5 1 1790 1788 1791
863 2 2 5 1 623 3589 3908
864 2 2 5 1 1614 1610 2248
865 2 2 5 1 2464 2615 3748
866 2 2 5 1 2795 2079 3616
867 2 2 5 1 2380 750 2699
868 2 2 5 1 2008 3085 3517
869 2 2 5 1 2252 1702 3645
870 2 2 5 1 2194 941 3656
871 2 2 5 1 1752 1409 2328
872 2 2 5 1 1543 1662 3165
873 2 2 5 1 1530 1528 2258
874 2 2 5 1 2435 2434 3541
875 2 2 5 1 1027 2890 3281
876 2 2 5 1 1065 1146 2309
877 2 2 5 1 1161 2311 2312
878 2 2 5 1 1642 840 2448
879 2 2 5 1 3649 2497 3679
880 2 2 5 1 514 516 3446
881 2 2 5 1 2462 2241 3814
882 2 2 5 1 2172 2375 3618
883 2 2 5 1 1057 1010 2449
884 2 2 5 1 1240 2453 3391
885 2 2 5 1 1792 1957 2041
886 2 2 5 1 2800 2525 3326
887 2 2 5 1 2164 1853 2535
888 2 2 5 1 395 2437 2848
889 2 2 5 1 2839 2247 3464
890 2 2 5 1 2797 1870 2991
891 2 2 5 1 1207 1670 2650
892 2 2 5 1 1509 1665 2407
893 2 2 5 1 2144 1813 2797
894 2 2 5 1 1978 1976 3439
895 2 2 5 1 2886 2143 2894
896 2 2 5 1 1780 2321 3709
897 2 2 5 1 2053 1564 2512
898 2 2 5 1 2445 2938 3475
899 2 2 5 1 2561 1200 3362
900 2 2 5 1 623 3091 3589
901 2 2 5 1 2520 792 2587
902 2 2 5 1 1121 2714 2972
903 2 2 5 1 1701 1702 2252
904 2 2 5 1 1842 2646 2801
905 2 2 5 1 2510 762 3712
906 2 2 5 1 2025 550 2400
907 2 2 5 1 1666 1457 1763
908 2 2 5 1 405 2574 3418
909 2 2 5 1 1845 2341 2519
910 2 2 5 1 2333 745 3711
911 2 2 5 1 1071 994 2470
912 2 2 5 1 2297 2784 3389
913 2 2 5 1 2406 1871 2546
914 2 2 5 1 2784 949 3389
915 2 2 5 1 3135 2001 3411
916 2 2 5 1 2777 1934 3499
917 2 2 5 1 2542 1951 2640
918 2 2 5 1 2239 3101 3102
919 2 2 5 1 2262 447 3412
920 2 2 5 1 1384 2634 3453
921 2 2 5 1 726 2292 3720
922 2 2 5 1 2214 856 3390
923 2 2 5 1 2236 1494 2839
924 2 2 5 1 466 177 2883
925 2 2 5 1 2743 505 3026
926 2 2 5 1 1957 1958 2274
927 2 2 5 1 385 314 475
928 2 2 5 1 2854 1384 3453
929 2 2 5 1 1604 2317 3561
930 2 2 5 1 2734 2213 3925
931 2 2 5 1 1406 1301 1463
932 2 2 5 1 1245 1301 1406
933 2 2 5 1 1162 1042 2879
934 2 2 5 1 2638 594 3302
935 2 2 5 1 2817 1929 2870
936 2 2 5 1 3564 2454 3706
937 2 2 5 1 2670 2671 2705
938 2 2 5 1 1715 1918 3628
939 2 2 5 1 3146 425 3862
940 2 2 5 1 1704 1706 3719
941 2 2 5 1 784 768 2587
942 2 2 5 1 2385 423 2485
943 2 2 5 1 1975 3068 3422
944 2 2 5 1 1985 1747 2188
945 2 2 5 1 1938 1792 2041
946 2 2 5 1 1694 862 2455
947 2 2 5 1 2395 2357 3399
948 2 2 5 1 1355 1352 3801
949 2 2 5 1 1432 1311 3308
950 2 2 5 1 2538 2441 2658
951 2 2 5 1 984 968 2452
952 2 2 5 1 2233 2232 3600
953 2 2 5 1 804 786 2490
954 2 2 5 1 863 658 2539
955 2 2 5 1 3142 1841 3314
956 2 2 5 1 2706 692 3705
957 2 2 5 1 3339 3053 3731
958 2 2 5 1 2391 1222 2583
959 2 2 5 1 2542 401 3774
960 2 2 5 1 1649 1983 2466
961 2 2 5 1 516 2492 3593
962 2 2 5 1 1429 1427 2443
963 2 2 5 1 2439 1251 3001
964 2 2 5 1 1233 1358 1494
965 2 2 5 1 2612 610 2692
966 2 2 5 1 2379 2378 3521
967 2 2 5 1 1969 1414 2610
968 2 2 5 1 1631 1630 2020
969 2 2 5 1 2526 2025 2662
970 2 2 5 1 2205 2574 2804
971 2 2 5 1 1796 1672 2095
972 2 2 5 1 2152 1410 2153
973 2 2 5 1 2364 1956 3310
974 2 2 5 1 2553 530 3177
975 2 2 5 1 2362 2380 2699
976 2 2 5 1 2380 1962 3298
977 2 2 5 1 2041 2611 3146
978 2 2 5 1 1138 1245 2765
979 2 2 5 1 1994 2481 3059
980 2 2 5 1 2868 1259 2869
981 2 2 5 1 1477 2373 2602
982 2 2 5 1 1112 1114 2361
983 2 2 5 1 2344 1562 2345
984 2 2 5 1 863 2539 2728
985 2 2 5 1 1615 2358 2359
986 2 2 5 1 2202 1154 3235
987 2 2 5 1 2745 1209 2746
988 2 2 5 1 2507 2521 2837
989 2 2 5 1 2566 2114 2981
990 2 2 5 1 491 3138 3543
991 2 2 5 1 2296 1432 2383
992 2 2 5 1 1058 2186 3490
993 2 2 5 1 1848 2691 3528
994 2 2 5 1 1338 1334 1622
995 2 2 5 1 1359 2790 3401
996 2 2 5 1 1475 2533 3099
997 2 2 5 1 1722 2155 2532
998 2 2 5 1 647 2276 3356
999 2 2 5 1 1430 1432 2296
1000 2 2 5 1 2688 453 2755
1001 2 2 5 1 2676 1209 3253
1002 2 2 5 1 1505 1845 2519
1003 2 2 5 1 921 918 2511
1004 2 2 5 1 820 1112 2362
1005 2 2 5 1 2146 1778 2385
1006 2 2 5 1 1564 1368 2512
1007 2 2 5 1 3163 1662 3545
1008 2 2 5 1 2004 2776 3304
1009 2 2 5 1 2306 1033 3359
1010 2 2 5 1 2327 1752 2328
1011 2 2 5 1 2303 1863 2733
1012 2 2 5 1 2445 570 2943
1013 2 2 5 1 2146 2385 2485
1014 2 2 5 1 2197 2035 3005
1015 2 2 5 1 1207 1156 1289
1016 2 2 5 1 2711 2564 3254
1017 2 2 5 1 1071 2470 2888
1018 2 2 5 1 1057 2449 2576
1019 2 2 5 1 2515 1155 2516
1020 2 2 5 1 1154 954 2498
1021 2 2 5 1 1748 1747 1985
1022 2 2 5 1 2702 1838 2713
1023 2 2 5 1 508 497 2619
1024 2 2 5 1 524 519 534
1025 2 2 5 1 2804 465 2849
1026 2 2 5 1 2480 2566 3661
1027 2 2 5 1 1547 2247 2839
1028 2 2 5 1 1021 1209 2745
1029 2 2 5 1 470 2862 3543
1030 2 2 5 1 1379 2332 3116
1031 2 2 5 1 2313 2312 3528
1032 2 2 5 1 922 946 2507
1033 2 2 5 1 2547 2424 3839
1034 2 2 5 1 2253 1241 3448
1035 2 2 5 1 3236 902 3411
1036 2 2 5 1 1461 2016 2432
1037 2 2 5 1 2662 2025 3869
1038 2 2 5 1 2375 2172 3760
1039 2 2 5 1 1494 1358 1547
1040 2 2 5 1 2610 2874 3708
1041 2 2 5 1 1042 1044 2879
1042 2 2 5 1 2016 2880 3525
1043 2 2 5 1 2166 1780 3709
1044 2 2 5 1 1790 1791 1792
1045 2 2 5 1 2964 1236 3148
1046 2 2 5 1 1060 2393 2776
1047 2 2 5 1 2330 2403 2760
1048 2 2 5 1 2938 2445 2943
1049 2 2 5 1 3399 2357 3922
1050 2 2 5 1 1787 3349 3381
1051 2 2 5 1 2825 2334 3809
1052 2 2 5 1 686 684 2717
1053 2 2 5 1 1338 2088 2700
1054 2 2 5 1 2641 933 2837
1055 2 2 5 1 2192 2333 3711
1056 2 2 5 1 1889 1890 2550
1057 2 2 5 1 1076 1138 1244
1058 2 2 5 1 1957 1791 1958
1059 2 2 5 1 1667 2201 3722
1060 2 2 5 1 2862 470 3360
1061 2 2 5 1 2350 2347 3748
1062 2 2 5 1 526 361 3454
1063 2 2 5 1 2556 2559 3094
1064 2 2 5 1 2776 2393 2935
1065 2 2 5 1 2909 2908 3613
1066 2 2 5 1 591 594 2638
1067 2 2 5 1 496 3019 3213
1068 2 2 5 1 438 2469 3080
1069 2 2 5 1 2814 2345 2815
1070 2 2 5 1 2590 2301 3529
1071 2 2 5 1 2946 2989 3625
1072 2 2 5 1 1224 1222 2391
1073 2 2 5 1 21 20 543
1074 2 2 5 1 1558 1270 2471
1075 2 2 5 1 1828 3582 3842
1076 2 2 5 1 1389 1385 2255
1077 2 2 5 1 1453 1451 2218
1078 2 2 5 1 1423 1722 2532
1079 2 2 5 1 1121 2972 3163
1080 2 2 5 1 1483 1473 2249
1081 2 2 5 1 703 702 2431
1082 2 2 5 1 2257 2752 3804
1083 2 2 5 1 2229 579 3199
1084 2 2 5 1 437 2674 3172
1085 2 2 5 1 906 1155 2515
1086 2 2 5 1 1339 2353 3780
1087 2 2 5 1 1958 2222 2223
1088 2 2 5 1 2400 1875 3523
1089 2 2 5 1 2436 2437 2968
1090 2 2 5 1 465 2574 3329
1091 2 2 5 1 1695 2348 2349
1092 2 2 5 1 398 2334 3443
1093 2 2 5 1 2480 422 3406
1094 2 2 5 1 1986 1985 2278
1095 2 2 5 1 1184 1102 2656
1096 2 2 5 1 1843 1893 2073
1097 2 2 5 1 1836 2103 3621
1098 2 2 5 1 1286 2169 3540
1099 2 2 5 1 888 886 2473
1100 2 2 5 1 2191 2024 3388
1101 2 2 5 1 1265 1210 2152
1102 2 2 5 1 2502 1789 3562
1103 2 2 5 1 2425 1824 2799
1104 2 2 5 1 2392 964 2695
1105 2 2 5 1 1622 1623 1843
1106 2 2 5 1 410 2401 2708
1107 2 2 5 1 2340 408 3637
1108 2 2 5 1 1432 2267 2791
1109 2 2 5 1 1549 1453 1787
1110 2 2 5 1 1821 2521 3239
1111 2 2 5 1 2399 1997 2843
1112 2 2 5 1 2696 341 3836
1113 2 2 5 1 2790 2663 3624
1114 2 2 5 1 407 540 3450
1115 2 2 5 1 1618 2313 2314
1116 2 2 5 1 2615 2350 3748
1117 2 2 5 1 2268 851 3868
1118 2 2 5 1 2645 2643 3196
1119 2 2 5 1 2551 495 3591
1120 2 2 5 1 495 2549 3244
1121 2 2 5 1 3445 537 3893
1122 2 2 5 1 2284 2898 2957
1123 2 2 5 1 2241 2462 3810
1124 2 2 5 1 2577 709 2588
1125 2 2 5 1 1671 1339 1672
1126 2 2 5 1 2858 753 2871
1127 2 2 5 1 1851 2163 2606
1128 2 2 5 1 2372 1741 3438
1129 2 2 5 1 1483 2249 2250
1130 2 2 5 1 1671 1796 3074
1131 2 2 5 1 2008 2031 3085
1132 2 2 5 1 2152 2153 2628
1133 2 2 5 1 1666 1763 3924
1134 2 2 5 1 2989 1140 3035
1135 2 2 5 1 2028 2580 2716
1136 2 2 5 1 1685 1956 2364
1137 2 2 5 1 3316 3082 3725
1138 2 2 5 1 1552 1730 2354
1139 2 2 5 1 2426 2409 2932
1140 2 2 5 1 364 442 548
1141 2 2 5 1 2196 3025 3809
1142 2 2 5 1 2020 2021 2422
1143 2 2 5 1 2774 671 3717
1144 2 2 5 1 1918 1914 2871
1145 2 2 5 1 1777 2528 2529
1146 2 2 5 1 2089 1667 2187
1147 2 2 5 1 2353 1483 3197
1148 2 2 5 1 1444 2496 3195
1149 2 2 5 1 2248 1810 2273
1150 2 2 5 1 856 2266 3390
1151 2 2 5 1 2507 946 2521
1152 2 2 5 1 2016 2391 2880
1153 2 2 5 1 1209 1019 3253
1154 2 2 5 1 2523 912 2651
1155 2 2 5 1 912 2515 2651
1156 2 2 5 1 946 1487 2521
1157 2 2 5 1 2400 550 2756
1158 2 2 5 1 1207 1289 1339
1159 2 2 5 1 1058 1076 2186
1160 2 2 5 1 2363 1164 2784
1161 2 2 5 1 2805 2191 3757
1162 2 2 5 1 1186 1232 2476
1163 2 2 5 1 1645 1646 2531
1164 2 2 5 1 1050 1058 1061
1165 2 2 5 1 1823 2523 2651
1166 2 2 5 1 1918 2871 3688
1167 2 2 5 1 2851 394 3318
1168 2 2 5 1 2602 2373 3662
1169 2 2 5 1 572 2423 2948
1170 2 2 5 1 1410 1198 3476
1171 2 2 5 1 1679 1850 1908
1172 2 2 5 1 2813 2817 2845
1173 2 2 5 1 397 2562 2615
1174 2 2 5 1 2247 2246 2492
1175 2 2 5 1 2626 504 3019
1176 2 2 5 1 1778 1711 1896
1177 2 2 5 1 1671 1672 1796
1178 2 2 5 1 1525 2752 2959
1179 2 2 5 1 1140 2946 2988
1180 2 2 5 1 1614 2248 3852
1181 2 2 5 1 2513 2725 3693
1182 2 2 5 1 1322 1635 3024
1183 2 2 5 1 771 2362 3426
1184 2 2 5 1 1843 2073 2264
1185 2 2 5 1 893 1151 2525
1186 2 2 5 1 2170 1264 2838
1187 2 2 5 1 1265 2152 3599
1188 2 2 5 1 1210 1198 1410
1189 2 2 5 1 20 19 2826
1190 2 2 5 1 1381 1295 2280
1191 2 2 5 1 810 804 817
1192 2 2 5 1 1560 2000 2017
1193 2 2 5 1 2788 2397 3087
1194 2 2 5 1 1958 2223 2274
1195 2 2 5 1 1181 1104 1334
1196 2 2 5 1 1281 1265 1630
1197 2 2 5 1 2053 2512 2513
1198 2 2 5 1 2468 1983 3753
1199 2 2 5 1 2744 1143 3125
1200 2 2 5 1 2451 444 3284
1201 2 2 5 1 1862 2213 2734
1202 2 2 5 1 788 786 804
1203 2 2 5 1 2339 2313 3528
1204 2 2 5 1 2319 2912 3795
1205 2 2 5 1 563 566 2508
1206 2 2 5 1 1527 1562 2344
1207 2 2 5 1 12 11 2611
1208 2 2 5 1 2035 3440 3560
1209 2 2 5 1 941 2194 3643
1210 2 2 5 1 1228 1133 2744
1211 2 2 5 1 3589 2338 3908
1212 2 2 5 1 505 2743 3027
1213 2 2 5 1 1158 2486 2962
1214 2 2 5 1 2705 2671 3203
1215 2 2 5 1 864 834 1156
1216 2 2 5 1 2554 645 2945
1217 2 2 5 1 1451 1450 1560
1218 2 2 5 1 2841 1840 3052
1219 2 2 5 1 2671 2667 3337
1220 2 2 5 1 2452 974 2632
1221 2 2 5 1 1927 1924 2335
1222 2 2 5 1 484 426 485
1223 2 2 5 1 958 960 2392
1224 2 2 5 1 642 2764 2996
1225 2 2 5 1 3581 2827 3678
1226 2 2 5 1 2075 2744 3125
1227 2 2 5 1 1442 1473 1483
1228 2 2 5 1 1099 2650 3048
1229 2 2 5 1 1289 1441 1442
1230 2 2 5 1 1549 1787 1788
1231 2 2 5 1 1338 1622 1667
1232 2 2 5 1 1897 2864 3062
1233 2 2 5 1 869 1108 2636
1234 2 2 5 1 2356 1609 2357
1235 2 2 5 1 1622 1843 2201
1236 2 2 5 1 1289 1442 2353
1237 2 2 5 1 864 1207 2650
1238 2 2 5 1 3111 653 3769
1239 2 2 5 1 3344 2567 3363
1240 2 2 5 1 488 3617 3681
1241 2 2 5 1 1144 2560 3812
1242 2 2 5 1 1879 1849 2317
1243 2 2 5 1 2164 2535 2712
1244 2 2 5 1 2368 2676 3253
1245 2 2 5 1 2020 1630 2021
1246 2 2 5 1 2508 566 3820
1247 2 2 5 1 2089 2187 2239
1248 2 2 5 1 2344 2345 2346
1249 2 2 5 1 1168 2763 3227
1250 2 2 5 1 1787 3381 3738
1251 2 2 5 1 2486 2485 2962
1252 2 2 5 1 1681 2607 2998
1253 2 2 5 1 808 1079 2761
1254 2 2 5 1 851 854 3868
1255 2 2 5 1 2711 2316 3332
1256 2 2 5 1 1118 2660 3422
1257 2 2 5 1 1963 486 3355
1258 2 2 5 1 856 851 2268
1259 2 2 5 1 625 629 2424
1260 2 2 5 1 474 1978 3439
1261 2 2 5 1 826 818 842
1262 2 2 5 1 840 798 2448
1263 2 2 5 1 1816 2290 2442
1264 2 2 5 1 3396 2461 3772
1265 2 2 5 1 1149 1094 2399
1266 2 2 5 1 864 1156 1207
1267 2 2 5 1 2524 2241 3810
1268 2 2 5 1 1219 764 2583
1269 2 2 5 1 2437 1178 2848
1270 2 2 5 1 1738 1718 2117
1271 2 2 5 1 456 323 2670
1272 2 2 5 1 3178 2553 3464
1273 2 2 5 1 2550 1890 3577
1274 2 2 5 1 2873 1275 3023
1275 2 2 5 1 2117 2118 3400
1276 2 2 5 1 1056 2412 3180
1277 2 2 5 1 292 432 468
1278 2 2 5 1 2019 3033 3249
1279 2 2 5 1 873 877 2649
1280 2 2 5 1 3095 2477 3179
1281 2 2 5 1 1957 2274 2589
1282 2 2 5 1 2630 985 2631
1283 2 2 5 1 670 674 2605
1284 2 2 5 1 2218 1451 3752
1285 2 2 5 1 2041 1957 3462
1286 2 2 5 1 2465 2094 3347
1287 2 2 5 1 2573 2571 2704
1288 2 2 5 1 2832 2610 3708
1289 2 2 5 1 2118 2288 3319
1290 2 2 5 1 1709 1711 1778
1291 2 2 5 1 2574 2204 3418
1292 2 2 5 1 2156 2108 3649
1293 2 2 5 1 1725 2296 2297
1294 2 2 5 1 1483 2250 3197
1295 2 2 5 1 2175 1614 2176
1296 2 2 5 1 2972 1662 3163
1297 2 2 5 1 788 804 810
1298 2 2 5 1 2329 1996 3152
1299 2 2 5 1 1181 1334 1338
1300 2 2 5 1 2880 2583 3183
1301 2 2 5 1 747 778 2698
1302 2 2 5 1 2384 2863 2918
1303 2 2 5 1 717 715 2585
1304 2 2 5 1 550 442 1411
1305 2 2 5 1 984 2452 3028
1306 2 2 5 1 1770 2978 3281
1307 2 2 5 1 1061 1058 3490
1308 2 2 5 1 1834 1826 2578
1309 2 2 5 1 2532 2155 2533
1310 2 2 5 1 2668 2070 2672
1311 2 2 5 1 2844 826 3555
1312 2 2 5 1 2912 2117 3400
1313 2 2 5 1 1610 1810 2248
1314 2 2 5 1 1631 2020 2022
1315 2 2 5 1 2226 2777 3499
1316 2 2 5 1 2284 2957 2974
1317 2 2 5 1 2348 2347 2350
1318 2 2 5 1 1752 2327 2329
1319 2 2 5 1 2352 2966 3884
1320 2 2 5 1 1488 2337 2686
1321 2 2 5 1 2444 2830 3351
1322 2 2 5 1 1791 1788 2221
1323 2 2 5 1 750 2380 2846
1324 2 2 5 1 2449 1053 2450
1325 2 2 5 1 2198 3474 3781
1326 2 2 5 1 2385 1896 2386
1327 2 2 5 1 1778 1896 2385
1328 2 2 5 1 2040 2638 3302
1329 2 2 5 1 2615 2464 3327
1330 2 2 5 1 642 2763 2764
1331 2 2 5 1 2278 1985 3352
1332 2 2 5 1 2175 2176 2374
1333 2 2 5 1 1607 1610 1614
1334 2 2 5 1 406 2572 3020
1335 2 2 5 1 3349 2185 3381
1336 2 2 5 1 2308 1841 3755
1337 2 2 5 1 2714 1121 3321
1338 2 2 5 1 2610 2310 2874
1339 2 2 5 1 956 1566 2497
1340 2 2 5 1 1787 1453 2218
1341 2 2 5 1 780 774 786
1342 2 2 5 1 2576 2449 3601
1343 2 2 5 1 802 759 2874
1344 2 2 5 1 1129 1128 1277
1345 2 2 5 1 2679 339 2701
1346 2 2 5 1 2200 1053 3034
1347 2 2 5 1 878 880 2421
1348 2 2 5 1 1386 2633 2939
1349 2 2 5 1 2565 1999 2633
1350 2 2 5 1 3613 2908 3746
1351 2 2 5 1 2042 3052 3217
1352 2 2 5 1 1952 1951 2542
1353 2 2 5 1 1664 1668 1669
1354 2 2 5 1 1911 2368 2369
1355 2 2 5 1 1348 1346 2753
1356 2 2 5 1 542 3106 3309
1357 2 2 5 1 1539 749 2002
1358 2 2 5 1 2233 2038 3553
1359 2 2 5 1 1251 2439 3081
1360 2 2 5 1 818 810 3219
1361 2 2 5 1 1715 1914 1918
1362 2 2 5 1 497 491 2619
1363 2 2 5 1 1072 1071 1128
1364 2 2 5 1 2646 1313 2801
1365 2 2 5 1 2623 2622 2625
1366 2 2 5 1 2413 434 3888
1367 2 2 5 1 2517 755 3154
1368 2 2 5 1 885 900 2472
1369 2 2 5 1 1935 3090 3243
1370 2 2 5 1 3019 496 3867
1371 2 2 5 1 1326 1290 2593
1372 2 2 5 1 19 440 2826
1373 2 2 5 1 1820 3258 3432
1374 2 2 5 1 1442 1443 1473
1375 2 2 5 1 457 319 2623
1376 2 2 5 1 2776 2004 3368
1377 2 2 5 1 2989 3035 3375
1378 2 2 5 1 1803 2674 3191
1379 2 2 5 1 1777 1754 2528
1380 2 2 5 1 829 2305 2661
1381 2 2 5 1 950 1563 2498
1382 2 2 5 1 2619 2862 3204
1383 2 2 5 1 780 786 788
1384 2 2 5 1 3473 1155 3761
1385 2 2 5 1 2966 2352 3362
1386 2 2 5 1 1281 1630 1631
1387 2 2 5 1 682 2912 3400
1388 2 2 5 1 944 3643 3694
1389 2 2 5 1 2079 2078 2133
1390 2 2 5 1 2029 3002 3003
1391 2 2 5 1 2297 2296 2363
1392 2 2 5 1 2153 1410 2603
1393 2 2 5 1 1850 1851 2606
1394 2 2 5 1 849 851 856
1395 2 2 5 1 486 426 2792
1396 2 2 5 1 1250 3316 3725
1397 2 2 5 1 1762 1260 2596
1398 2 2 5 1 3494 1458 3527
1399 2 2 5 1 1259 2868 3136
1400 2 2 5 1 2577 2588 3892
1401 2 2 5 1 1210 1410 2152
1402 2 2 5 1 1080 1101 1242
1403 2 2 5 1 2280 1464 2281
1404 2 2 5 1 876 874 2497
1405 2 2 5 1 2484 2458 3111
1406 2 2 5 1 1921 2141 2143
1407 2 2 5 1 2505 693 3187
1408 2 2 5 1 2324 2302 3730
1409 2 2 5 1 854 857 1085
1410 2 2 5 1 1738 2117 2319
1411 2 2 5 1 1539 2002 2003
1412 2 2 5 1 2454 1664 3706
1413 2 2 5 1 759 1637 2874
1414 2 2 5 1 2449 2450 3601
1415 2 2 5 1 2403 1831 2404
1416 2 2 5 1 826 842 3555
1417 2 2 5 1 2223 3581 3678
1418 2 2 5 1 1894 1793 2127
1419 2 2 5 1 1982 2074 2731
1420 2 2 5 1 1836 1888 2103
1421 2 2 5 1 1883 1947 2167
1422 2 2 5 1 2312 1848 3528
1423 2 2 5 1 1092 951 2598
1424 2 2 5 1 1395 747 2698
1425 2 2 5 1 2778 2869 2985
1426 2 2 5 1 2598 3017 3841
1427 2 2 5 1 2819 3004 3269
1428 2 2 5 1 2249 2251 2627
1429 2 2 5 1 689 749 1539
1430 2 2 5 1 1473 1474 1701
1431 2 2 5 1 1181 1338 2700
1432 2 2 5 1 1367 1565 2471
1433 2 2 5 1 1094 845 1997
1434 2 2 5 1 3043 1891 3149
1435 2 2 5 1 1414 1847 2610
1436 2 2 5 1 627 2559 3777
1437 2 2 5 1 1928 2301 2590
1438 2 2 5 1 1911 2369 2626
1439 2 2 5 1 940 3709 3835
1440 2 2 5 1 317 2 3412
1441 2 2 5 1 760 803 3002
1442 2 2 5 1 1465 2585 2586
1443 2 2 5 1 1679 1680 1850
1444 2 2 5 1 2624 456 2705
1445 2 2 5 1 385 475 3482
1446 2 2 5 1 505 3027 3045
1447 2 2 5 1 1996 2329 3665
1448 2 2 5 1 663 666 668
1449 2 2 5 1 2077 2078 2079
1450 2 2 5 1 517 513 3550
1451 2 2 5 1 660 662 663
1452 2 2 5 1 1560 2017 2018
1453 2 2 5 1 1551 739 1552
1454 2 2 5 1 1766 1765 2101
1455 2 2 5 1 2516 1886 3230
1456 2 2 5 1 2477 2244 3179
1457 2 2 5 1 558 828 2500
1458 2 2 5 1 1774 1771 2307
1459 2 2 5 1 658 659 660
1460 2 2 5 1 2558 2556 3094
1461 2 2 5 1 2116 1623 2773
1462 2 2 5 1 1592 1849 1879
1463 2 2 5 1 2060 2605 3217
1464 2 2 5 1 2862 2619 3543
1465 2 2 5 1 2960 2653 3742
1466 2 2 5 1 1595 1615 2360
1467 2 2 5 1 2251 1701 2252
1468 2 2 5 1 3003 3127 3653
1469 2 2 5 1 2472 900 3822
1470 2 2 5 1 2299 2298 2560
1471 2 2 5 1 2334 2196 3809
1472 2 2 5 1 2398 2570 2571
1473 2 2 5 1 2664 2067 2730
1474 2 2 5 1 460 2578 2762
1475 2 2 5 1 3318 394 3568
1476 2 2 5 1 1613 1679 2198
1477 2 2 5 1 2481 1191 3285
1478 2 2 5 1 1627 1552 2354
1479 2 2 5 1 1725 1430 2296
1480 2 2 5 1 3104 2775 3852
1481 2 2 5 1 1430 1311 1432
1482 2 2 5 1 1628 1499 2396
1483 2 2 5 1 1198 2700 3476
1484 2 2 5 1 1584 1718 1738
1485 2 2 5 1 655 656 658
1486 2 2 5 1 2694 1520 3229
1487 2 2 5 1 954 931 2498
1488 2 2 5 1 1029 2952 3832
1489 2 2 5 1 1741 2685 3438
1490 2 2 5 1 845 812 2372
1491 2 2 5 1 2481 1784 3059
1492 2 2 5 1 2436 1812 2437
1493 2 2 5 1 1854 3166 3638
1494 2 2 5 1 2537 1101 3889
1495 2 2 5 1 606 636 2564
1496 2 2 5 1 1610 1611 1810
1497 2 2 5 1 1547 2245 2246
1498 2 2 5 1 689 686 749
1499 2 2 5 1 3617 2682 3681
1500 2 2 5 1 2365 2098 3622
1501 2 2 5 1 975 985 2630
1502 2 2 5 1 1560 1450 2000
1503 2 2 5 1 1487 1488 1489
1504 2 2 5 1 992 1066 2695
1505 2 2 5 1 1686 1685 2364
1506 2 2 5 1 2095 2096 2445
1507 2 2 5 1 946 1486 1487
1508 2 2 5 1 479 3444 3445
1509 2 2 5 1 1592 1593 1849
1510 2 2 5 1 2179 1723 2690
1511 2 2 5 1 1666 2420 3683
1512 2 2 5 1 3544 2217 3789
1513 2 2 5 1 2077 2003 2078
1514 2 2 5 1 1591 2463 2961
1515 2 2 5 1 1031 1050 2787
1516 2 2 5 1 1599 1609 2356
1517 2 2 5 1 2561 2562 2810
1518 2 2 5 1 2006 2260 2960
1519 2 2 5 1 1826 1825 2323
1520 2 2 5 1 1072 1128 1129
1521 2 2 5 1 1751 2466 2467
1522 2 2 5 1 1551 1552 1627
1523 2 2 5 1 2402 2401 2725
1524 2 2 5 1 2349 2348 2561
1525 2 2 5 1 2036 2756 3673
1526 2 2 5 1 1383 1797 1798
1527 2 2 5 1 1467 939 1468
1528 2 2 5 1 1607 1608 1610
1529 2 2 5 1 1627 2354 2355
1530 2 2 5 1 2928 1228 3157
1531 2 2 5 1 2410 1665 3580
1532 2 2 5 1 1152 1154 2601
1533 2 2 5 1 444 2514 2597
1534 2 2 5 1 2660 1118 3421
1535 2 2 5 1 680 678 688
1536 2 2 5 1 556 558 2500
1537 2 2 5 1 396 2388 3147
1538 2 2 5 1 2017 2000 2257
1539 2 2 5 1 1012 1053 2449
1540 2 2 5 1 2830 3099 3194
1541 2 2 5 1 1104 1099 2773
1542 2 2 5 1 1129 1277 1279
1543 2 2 5 1 2248 2273 3104
1544 2 2 5 1 2656 2655 2965
1545 2 2 5 1 1295 1464 2280
1546 2 2 5 1 1192 1103 1193
1547 2 2 5 1 2717 684 2783
1548 2 2 5 1 862 1117 2455
1549 2 2 5 1 1408 1089 2644
1550 2 2 5 1 1357 1355 1450
1551 2 2 5 1 2457 2456 2458
1552 2 2 5 1 2029 3003 3653
1553 2 2 5 1 1853 1988 2535
1554 2 2 5 1 1383 1381 1797
1555 2 2 5 1 1584 1585 1718
1556 2 2 5 1 1094 1997 2399
1557 2 2 5 1 1295 1279 1464
1558 2 2 5 1 702 739 1551
1559 2 2 5 1 815 1110 2675
1560 2 2 5 1 817 848 849
1561 2 2 5 1 475 527 3482
1562 2 2 5 1 1597 1599 2356
1563 2 2 5 1 2182 772 2510
1564 2 2 5 1 1715 1716 1914
1565 2 2 5 1 1427 1475 3779
1566 2 2 5 1 1669 3603 3782
1567 2 2 5 1 1184 2656 2657
1568 2 2 5 1 443 352 2709
1569 2 2 5 1 1709 1710 1711
1570 2 2 5 1 439 2702 2713
1571 2 2 5 1 2500 828 2501
1572 2 2 5 1 763 939 1467
1573 2 2 5 1 1570 1811 1812
1574 2 2 5 1 2408 2409 2426
1575 2 2 5 1 834 826 2844
1576 2 2 5 1 2013 1857 2435
1577 2 2 5 1 2285 2706 3705
1578 2 2 5 1 1763 1764 1889
1579 2 2 5 1 2752 2751 3804
1580 2 2 5 1 2935 1056 3180
1581 2 2 5 1 1914 1915 1984
1582 2 2 5 1 1932 3395 3697
1583 2 2 5 1 1277 1278 1379
1584 2 2 5 1 2422 2021 2423
1585 2 2 5 1 1242 1101 2537
1586 2 2 5 1 1921 1922 2141
1587 2 2 5 1 422 2480 2929
1588 2 2 5 1 774 772 2182
1589 2 2 5 1 1573 1695 2351
1590 2 2 5 1 2348 2350 2562
1591 2 2 5 1 2557 1533 3190
1592 2 2 5 1 2281 2282 2284
1593 2 2 5 1 1344 1267 2570
1594 2 2 5 1 1826 2323 2578
1595 2 2 5 1 1455 1389 1793
1596 2 2 5 1 993 1071 1072
1597 2 2 5 1 1004 1007 2412
1598 2 2 5 1 2858 2871 3710
1599 2 2 5 1 2495 479 3663
1600 2 2 5 1 1794 1774 2306
1601 2 2 5 1 1845 1846 2340
1602 2 2 5 1 666 1214 2454
1603 2 2 5 1 1622 1334 1623
1604 2 2 5 1 2406 2546 3794
1605 2 2 5 1 1431 1430 1725
1606 2 2 5 1 1293 1282 2876
1607 2 2 5 1 1468 1685 1686
1608 2 2 5 1 2029 760 3002
1609 2 2 5 1 2251 2763 3675
1610 2 2 5 1 1570 1571 1811
1611 2 2 5 1 366 367 2637
1612 2 2 5 1 1312 1311 1430
1613 2 2 5 1 2113 2013 2435
1614 2 2 5 1 2619 491 3543
1615 2 2 5 1 1257 1192 1311
1616 2 2 5 1 1406 1747 1748
1617 2 2 5 1 2569 526 3185
1618 2 2 5 1 1730 2298 2299
1619 2 2 5 1 2347 1590 3748
1620 2 2 5 1 1000 1056 2393
1621 2 2 5 1 1760 1759 1862
1622 2 2 5 1 575 577 822
1623 2 2 5 1 390 474 3439
1624 2 2 5 1 1389 2255 3930
1625 2 2 5 1 763 752 939
1626 2 2 5 1 524 534 540
1627 2 2 5 1 1575 1577 2347
1628 2 2 5 1 1577 1590 2347
1629 2 2 5 1 540 2818 3923
1630 2 2 5 1 1850 2606 2607
1631 2 2 5 1 669 668 670
1632 2 2 5 1 2100 3266 3574
1633 2 2 5 1 1789 2502 3806
1634 2 2 5 1 849 850 851
1635 2 2 5 1 1883 1658 1947
1636 2 2 5 1 2198 1908 2199
1637 2 2 5 1 1633 1780 2166
1638 2 2 5 1 2535 1988 3330
1639 2 2 5 1 2964 3148 3467
1640 2 2 5 1 445 2589 3084
1641 2 2 5 1 1214 1664 2454
1642 2 2 5 1 2522 2600 3410
1643 2 2 5 1 1165 1103 1192
1644 2 2 5 1 867 869 2636
1645 2 2 5 1 2769 2357 3512
1646 2 2 5 1 2279 3146 3862
1647 2 2 5 1 2419 153 3256
1648 2 2 5 1 1514 2407 2408
1649 2 2 5 1 1641 1999 2030
1650 2 2 5 1 1865 1863 2303
1651 2 2 5 1 869 868 870
1652 2 2 5 1 1055 1233 2677
1653 2 2 5 1 1750 2453 2487
1654 2 2 5 1 2946 1140 2989
1655 2 2 5 1 1455 1793 1894
1656 2 2 5 1 670 668 674
1657 2 2 5 1 1982 2731 2953
1658 2 2 5 1 867 866 868
1659 2 2 5 1 2005 3344 3363
1660 2 2 5 1 2146 3378 3719
1661 2 2 5 1 1706 1709 2145
1662 2 2 5 1 1882 1461 2432
1663 2 2 5 1 1461 1412 2016
1664 2 2 5 1 1364 1161 2313
1665 2 2 5 1 457 2623 2625
1666 2 2 5 1 644 649 2367
1667 2 2 5 1 871 870 872
1668 2 2 5 1 996 1060 2470
1669 2 2 5 1 1833 2344 2544
1670 2 2 5 1 450 2581 2720
1671 2 2 5 1 1623 1334 2773
1672 2 2 5 1 698 696 843
1673 2 2 5 1 1726 1725 2304
1674 2 2 5 1 702 700 739
1675 2 2 5 1 1603 1607 2174
1676 2 2 5 1 3219 810 3570
1677 2 2 5 1 1037 1035 3287
1678 2 2 5 1 1851 1853 2163
1679 2 2 5 1 3080 2469 3657
1680 2 2 5 1 1962 1724 2263
1681 2 2 5 1 851 852 854
1682 2 2 5 1 1487 1486 1488
1683 2 2 5 1 1862 1759 2213
1684 2 2 5 1 628 2548 3716
1685 2 2 5 1 993 994 1071
1686 2 2 5 1 1489 1488 1491
1687 2 2 5 1 1565 1564 2052
1688 2 2 5 1 806 808 2761
1689 2 2 5 1 1833 1527 2344
1690 2 2 5 1 909 2269 3739
1691 2 2 5 1 1603 2174 3655
1692 2 2 5 1 1642 2448 3850
1693 2 2 5 1 1796 2095 2554
1694 2 2 5 1 873 872 874
1695 2 2 5 1 710 866 867
1696 2 2 5 1 1857 1856 2434
1697 2 2 5 1 1843 1623 1893
1698 2 2 5 1 543 20 2826
1699 2 2 5 1 1566 958 2392
1700 2 2 5 1 867 868 869
1701 2 2 5 1 994 996 2470
1702 2 2 5 1 2618 1733 3165
1703 2 2 5 1 1766 2101 2389
1704 2 2 5 1 3521 2378 3870
1705 2 2 5 1 1798 1797 2504
1706 2 2 5 1 992 991 1064
1707 2 2 5 1 2216 1865 2303
1708 2 2 5 1 1812 1811 2438
1709 2 2 5 1 1557 1270 1558
1710 2 2 5 1 1065 1064 1146
1711 2 2 5 1 1880 2338 2528
1712 2 2 5 1 998 1000 2393
1713 2 2 5 1 2349 2561 3362
1714 2 2 5 1 1659 1658 1883
1715 2 2 5 1 1702 1704 1786
1716 2 2 5 1 1002 1004 2412
1717 2 2 5 1 2073 1893 2394
1718 2 2 5 1 1641 1860 1999
1719 2 2 5 1 871 873 2649
1720 2 2 5 1 721 813 1342
1721 2 2 5 1 964 962 991
1722 2 2 5 1 1206 1204 1831
1723 2 2 5 1 1010 1012 2449
1724 2 2 5 1 952 945 2425
1725 2 2 5 1 1960 3356 3747
1726 2 2 5 1 1559 1558 1825
1727 2 2 5 1 2030 1999 2565
1728 2 2 5 1 2759 430 3211
1729 2 2 5 1 1433 1434 1765
1730 2 2 5 1 869 870 871
1731 2 2 5 1 672 670 676
1732 2 2 5 1 1222 1219 2583
1733 2 2 5 1 1873 2270 2522
1734 2 2 5 1 3193 2548 3198
1735 2 2 5 1 1527 1492 1562
1736 2 2 5 1 1747 1836 3890
1737 2 2 5 1 1938 2041 3146
1738 2 2 5 1 1726 2304 3899
1739 2 2 5 1 2624 2705 3744
1740 2 2 5 1 2405 398 3557
1741 2 2 5 1 1433 1765 1766
1742 2 2 5 1 2306 1774 2307
1743 2 2 5 1 1349 3195 3237
1744 2 2 5 1 2889 2470 3368
1745 2 2 5 1 1490 1489 1492
1746 2 2 5 1 663 669 2518
1747 2 2 5 1 1495 1724 1962
1748 2 2 5 1 649 654 655
1749 2 2 5 1 2970 2645 3196
1750 2 2 5 1 3211 430 3314
1751 2 2 5 1 1494 1547 2839
1752 2 2 5 1 1983 1648 2072
1753 2 2 5 1 2467 2466 2468
1754 2 2 5 1 1633 1466 1780
1755 2 2 5 1 1342 813 1343
1756 2 2 5 1 946 921 1486
1757 2 2 5 1 2486 1158 2963
1758 2 2 5 1 1515 1514 2411
1759 2 2 5 1 1808 1807 1900
1760 2 2 5 1 1722 1723 2154
1761 2 2 5 1 1214 1400 1664
1762 2 2 5 1 1493 1492 1527
1763 2 2 5 1 871 872 873
1764 2 2 5 1 1076 1244 2186
1765 2 2 5 1 1904 2262 3073
1766 2 2 5 1 1935 1467 3090
1767 2 2 5 1 970 974 2452
1768 2 2 5 1 2581 436 2582
1769 2 2 5 1 2752 2257 2959
1770 2 2 5 1 1932 2200 3468
1771 2 2 5 1 2399 1721 3547
1772 2 2 5 1 3802 1316 3857
1773 2 2 5 1 1649 1648 1983
1774 2 2 5 1 1711 1712 2195
1775 2 2 5 1 1748 1985 1986
1776 2 2 5 1 324 2669 2670
1777 2 2 5 1 1528 1527 1833
1778 2 2 5 1 873 874 876
1779 2 2 5 1 355 356 2681
1780 2 2 5 1 854 855 857
1781 2 2 5 1 1595 1597 1615
1782 2 2 5 1 3180 2412 3419
1783 2 2 5 1 1343 1466 1633
1784 2 2 5 1 2295 2873 3023
1785 2 2 5 1 1289 1156 1441
1786 2 2 5 1 800 815 2675
1787 2 2 5 1 389 482 2568
1788 2 2 5 1 1811 1571 3786
1789 2 2 5 1 2851 2505 3187
1790 2 2 5 1 2830 2444 3099
1791 2 2 5 1 2112 2013 2113
1792 2 2 5 1 1907 1865 2216
1793 2 2 5 1 2141 2142 2480
1794 2 2 5 1 2052 2053 2388
1795 2 2 5 1 2297 2363 2784
1796 2 2 5 1 1900 1807 2322
1797 2 2 5 1 2318 2360 3654
1798 2 2 5 1 2808 3311 3312
1799 2 2 5 1 1917 1921 2227
1800 2 2 5 1 2440 2441 2538
1801 2 2 5 1 1101 1184 3889
1802 2 2 5 1 2746 1209 3043
1803 2 2 5 1 1844 1212 3131
1804 2 2 5 1 900 901 929
1805 2 2 5 1 549 553 3802
1806 2 2 5 1 1505 1504 1845
1807 2 2 5 1 2095 1672 2096
1808 2 2 5 1 1782 1966 2105
1809 2 2 5 1 2314 2313 2339
1810 2 2 5 1 1723 1422 2690
1811 2 2 5 1 1166 2790 3624
1812 2 2 5 1 2787 1932 3468
1813 2 2 5 1 1706 1708 1709
1814 2 2 5 1 1412 1224 2391
1815 2 2 5 1 2487 1332 3017
1816 2 2 5 1 675 2395 3399
1817 2 2 5 1 2167 2875 2900
1818 2 2 5 1 885 889 900
1819 2 2 5 1 1727 2657 2965
1820 2 2 5 1 1651 1649 2466
1821 2 2 5 1 456 2670 2705
1822 2 2 5 1 1577 1579 1590
1823 2 2 5 1 1873 2522 3410
1824 2 2 5 1 2360 2318 3754
1825 2 2 5 1 710 706 866
1826 2 2 5 1 2408 2407 2409
1827 2 2 5 1 933 924 2507
1828 2 2 5 1 1178 2438 2921
1829 2 2 5 1 2426 391 3110
1830 2 2 5 1 1381 2280 3928
1831 2 2 5 1 2809 2364 3310
1832 2 2 5 1 922 921 946
1833 2 2 5 1 968 970 2452
1834 2 2 5 1 929 931 954
1835 2 2 5 1 450 371 2581
1836 2 2 5 1 1595 2360 3754
1837 2 2 5 1 1777 2529 2530
1838 2 2 5 1 153 2419 3830
1839 2 2 5 1 1728 1726 1856
1840 2 2 5 1 1573 1575 1695
1841 2 2 5 1 2903 1877 3600
1842 2 2 5 1 1161 2312 2313
1843 2 2 5 1 1957 2589 3462
1844 2 2 5 1 733 729 2567
1845 2 2 5 1 1587 1589 1592
1846 2 2 5 1 974 975 2630
1847 2 2 5 1 1357 1450 1451
1848 2 2 5 1 478 475 3445
1849 2 2 5 1 473 363 548
1850 2 2 5 1 924 922 2507
1851 2 2 5 1 2470 1060 3368
1852 2 2 5 1 450 2488 3129
1853 2 2 5 1 1367 1368 1564
1854 2 2 5 1 2145 1778 2146
1855 2 2 5 1 1896 2195 2517
1856 2 2 5 1 721 717 813
1857 2 2 5 1 3152 2225 3173
1858 2 2 5 1 2217 2216 3789
1859 2 2 5 1 1079 2659 2761
1860 2 2 5 1 3277 542 3309
1861 2 2 5 1 1332 2453 3031
1862 2 2 5 1 1324 1456 1457
1863 2 2 5 1 1552 1553 1730
1864 2 2 5 1 677 676 678
1865 2 2 5 1 1730 1731 2298
1866 2 2 5 1 2710 2564 2711
1867 2 2 5 1 2239 2187 3608
1868 2 2 5 1 553 556 1316
1869 2 2 5 1 2948 2604 3604
1870 2 2 5 1 1749 2242 2244
1871 2 2 5 1 2518 2243 2539
1872 2 2 5 1 693 2506 3740
1873 2 2 5 1 2304 2297 3389
1874 2 2 5 1 1599 1601 1609
1875 2 2 5 1 1581 1583 1584
1876 2 2 5 1 1798 2504 2505
1877 2 2 5 1 786 2182 2490
1878 2 2 5 1 1511 1509 2407
1879 2 2 5 1 2275 2277 3489
1880 2 2 5 1 1751 1651 2466
1881 2 2 5 1 1146 1147 1270
1882 2 2 5 1 2301 2405 2793
1883 2 2 5 1 874 956 2497
1884 2 2 5 1 638 644 1561
1885 2 2 5 1 2009 2694 3013
1886 2 2 5 1 964 992 2695
1887 2 2 5 1 1380 1569 1570
1888 2 2 5 1 2429 377 3926
1889 2 2 5 1 2003 2002 2489
1890 2 2 5 1 507 2652 3669
1891 2 2 5 1 945 944 2425
1892 2 2 5 1 1845 1504 1846
1893 2 2 5 1 929 901 931
1894 2 2 5 1 674 2454 3564
1895 2 2 5 1 442 365 2261
1896 2 2 5 1 2174 1614 2175
1897 2 2 5 1 912 908 2515
1898 2 2 5 1 1825 2160 2161
1899 2 2 5 1 857 858 1080
1900 2 2 5 1 1923 2196 2334
1901 2 2 5 1 1712 1714 1715
1902 2 2 5 1 900 889 901
1903 2 2 5 1 3004 1285 3269
1904 2 2 5 1 2566 2981 3661
1905 2 2 5 1 2588 3040 3892
1906 2 2 5 1 1102 1740 2656
1907 2 2 5 1 1514 1511 2407
1908 2 2 5 1 848 2490 3072
1909 2 2 5 1 1115 2840 3671
1910 2 2 5 1 857 1080 2768
1911 2 2 5 1 2248 3104 3852
1912 2 2 5 1 2631 3255 3376
1913 2 2 5 1 2396 1688 2397
1914 2 2 5 1 2821 971 3320
1915 2 2 5 1 377 2429 3853
1916 2 2 5 1 2875 2167 2910
1917 2 2 5 1 3068 1118 3422
1918 2 2 5 1 1507 1505 2519
1919 2 2 5 1 2157 2766 3813
1920 2 2 5 1 878 876 880
1921 2 2 5 1 2613 1195 2926
1922 2 2 5 1 2430 1518 2878
1923 2 2 5 1 2373 2168 3770
1924 2 2 5 1 908 906 2515
1925 2 2 5 1 905 3739 3761
1926 2 2 5 1 1368 1370 2512
1927 2 2 5 1 1890 1892 1911
1928 2 2 5 1 1603 1606 1607
1929 2 2 5 1 658 656 659
1930 2 2 5 1 2232 2903 3600
1931 2 2 5 1 1119 1275 2873
1932 2 2 5 1 2160 2471 3674
1933 2 2 5 1 956 958 1566
1934 2 2 5 1 679 678 680
1935 2 2 5 1 3176 3013 3233
1936 2 2 5 1 2288 2118 3826
1937 2 2 5 1 660 659 662
1938 2 2 5 1 1069 1067 1183
1939 2 2 5 1 964 991 992
1940 2 2 5 1 2769 2374 2770
1941 2 2 5 1 1423 1422 1722
1942 2 2 5 1 992 1064 1065
1943 2 2 5 1 3162 2289 3882
1944 2 2 5 1 2277 3121 3489
1945 2 2 5 1 881 878 2421
1946 2 2 5 1 663 662 666
1947 2 2 5 1 2536 1228 2928
1948 2 2 5 1 2838 1721 2843
1949 2 2 5 1 1917 1920 1921
1950 2 2 5 1 3455 2425 3694
1951 2 2 5 1 2387 690 3921
1952 2 2 5 1 2056 1441 2844
1953 2 2 5 1 906 905 1155
1954 2 2 5 1 1557 1558 1559
1955 2 2 5 1 1587 1592 2288
1956 2 2 5 1 2568 482 2569
1957 2 2 5 1 2186 1244 3569
1958 2 2 5 1 2076 2003 2077
1959 2 2 5 1 1080 1081 1101
1960 2 2 5 1 319 320 2623
1961 2 2 5 1 1499 1688 2396
1962 2 2 5 1 2168 2373 3560
1963 2 2 5 1 952 2799 3609
1964 2 2 5 1 1398 1333 1399
1965 2 2 5 1 960 961 962
1966 2 2 5 1 1101 1102 1184
1967 2 2 5 1 2087 3272 3737
1968 2 2 5 1 2022 2020 2687
1969 2 2 5 1 1947 2379 2910
1970 2 2 5 1 1110 2647 2675
1971 2 2 5 1 2398 2571 2572
1972 2 2 5 1 2427 1581 3843
1973 2 2 5 1 931 950 2498
1974 2 2 5 1 1559 1825 1826
1975 2 2 5 1 2440 963 2441
1976 2 2 5 1 958 959 960
1977 2 2 5 1 1146 1270 1557
1978 2 2 5 1 950 1092 1563
1979 2 2 5 1 1565 2052 2054
1980 2 2 5 1 577 579 2229
1981 2 2 5 1 1008 1057 2960
1982 2 2 5 1 963 966 2441
1983 2 2 5 1 1960 2370 3590
1984 2 2 5 1 1630 1265 3599
1985 2 2 5 1 655 654 656
1986 2 2 5 1 414 2620 2621
1987 2 2 5 1 960 962 964
1988 2 2 5 1 874 875 956
1989 2 2 5 1 1103 953 2326
1990 2 2 5 1 956 957 958
1991 2 2 5 1 1613 1678 1679
1992 2 2 5 1 1665 1507 2519
1993 2 2 5 1 11 10 425
1994 2 2 5 1 2358 2395 2902
1995 2 2 5 1 2416 2419 3524
1996 2 2 5 1 1951 1834 2552
1997 2 2 5 1 2147 1745 2462
1998 2 2 5 1 1245 1246 1301
1999 2 2 5 1 2764 2963 2996
2000 2 2 5 1 1425 1423 2532
2001 2 2 5 1 3544 2384 3859
2002 2 2 5 1 982 2614 2795
2003 2 2 5 1 2567 727 3363
2004 2 2 5 1 1083 953 1103
2005 2 2 5 1 1468 1634 1685
2006 2 2 5 1 811 810 818
2007 2 2 5 1 3618 2375 3790
2008 2 2 5 1 715 712 2577
2009 2 2 5 1 930 913 2523
2010 2 2 5 1 2636 2797 2991
2011 2 2 5 1 1683 1661 1759
2012 2 2 5 1 2651 2515 3905
2013 2 2 5 1 431 294 468
2014 2 2 5 1 696 690 2387
2015 2 2 5 1 1436 1639 1641
2016 2 2 5 1 1370 1526 2512
2017 2 2 5 1 596 598 1960
2018 2 2 5 1 822 577 2229
2019 2 2 5 1 2591 1326 2593
2020 2 2 5 1 3182 1250 3725
2021 2 2 5 1 849 856 3477
2022 2 2 5 1 1923 1628 2196
2023 2 2 5 1 996 998 1060
2024 2 2 5 1 1469 1467 1935
2025 2 2 5 1 1367 1564 1565
2026 2 2 5 1 2476 2244 2477
2027 2 2 5 1 530 2553 3178
2028 2 2 5 1 2675 2648 3206
2029 2 2 5 1 2301 1927 2405
2030 2 2 5 1 2868 2872 3136
2031 2 2 5 1 1450 1355 2491
2032 2 2 5 1 1670 1339 1671
2033 2 2 5 1 1882 2432 2509
2034 2 2 5 1 1657 1655 1658
2035 2 2 5 1 729 727 2567
2036 2 2 5 1 1253 3506 3589
2037 2 2 5 1 885 883 889
2038 2 2 5 1 581 740 3199
2039 2 2 5 1 362 363 473
2040 2 2 5 1 641 2627 2967
2041 2 2 5 1 1697 2487 2598
2042 2 2 5 1 2240 2604 3881
2043 2 2 5 1 1825 2161 2323
2044 2 2 5 1 2154 1723 2178
2045 2 2 5 1 1119 1074 1275
2046 2 2 5 1 1151 892 2071
2047 2 2 5 1 895 893 2525
2048 2 2 5 1 397 2615 2979
2049 2 2 5 1 600 602 647
2050 2 2 5 1 3295 1860 3423
2051 2 2 5 1 1000 1002 1056
2052 2 2 5 1 1846 2444 2688
2053 2 2 5 1 1653 1651 1751
2054 2 2 5 1 936 934 941
2055 2 2 5 1 1468 1686 3090
2056 2 2 5 1 1370 1372 1526
2057 2 2 5 1 909 895 2525
2058 2 2 5 1 629 638 2424
2059 2 2 5 1 987 989 993
2060 2 2 5 1 353 354 472
2061 2 2 5 1 1499 1344 1688
2062 2 2 5 1 428 3162 3882
2063 2 2 5 1 1517 1515 1807
2064 2 2 5 1 987 993 2336
2065 2 2 5 1 2366 2722 3802
2066 2 2 5 1 2894 2143 3406
2067 2 2 5 1 2317 1849 2318
2068 2 2 5 1 681 680 684
2069 2 2 5 1 2139 2137 2541
2070 2 2 5 1 3582 2381 3842
2071 2 2 5 1 3124 3130 3285
2072 2 2 5 1 553 1316 3802
2073 2 2 5 1 948 945 952
2074 2 2 5 1 2598 2487 3017
2075 2 2 5 1 9 1689 2279
2076 2 2 5 1 1886 2516 3231
2077 2 2 5 1 1374 1376 1433
2078 2 2 5 1 2509 2432 3292
2079 2 2 5 1 913 912 2523
2080 2 2 5 1 1152 954 1154
2081 2 2 5 1 962 963 2440
2082 2 2 5 1 1267 1208 1393
2083 2 2 5 1 1380 1570 2332
2084 2 2 5 1 979 981 2609
2085 2 2 5 1 3018 2626 3417
2086 2 2 5 1 697 696 698
2087 2 2 5 1 1035 1062 3287
2088 2 2 5 1 893 892 1151
2089 2 2 5 1 446 3093 3301
2090 2 2 5 1 1532 1530 1648
2091 2 2 5 1 1722 1422 1723
2092 2 2 5 1 819 818 826
2093 2 2 5 1 1669 1668 1814
2094 2 2 5 1 2644 2645 3724
2095 2 2 5 1 975 977 985
2096 2 2 5 1 1138 1139 1245
2097 2 2 5 1 1143 1642 1643
2098 2 2 5 1 1271 1367 2471
2099 2 2 5 1 685 684 686
2100 2 2 5 1 1985 2188 2897
2101 2 2 5 1 2361 1962 2380
2102 2 2 5 1 1509 1507 1665
2103 2 2 5 1 1561 644 2367
2104 2 2 5 1 1475 1425 2532
2105 2 2 5 1 1647 1645 1815
2106 2 2 5 1 2271 1963 2652
2107 2 2 5 1 1997 845 2372
2108 2 2 5 1 1398 1399 1745
2109 2 2 5 1 1008 1010 1057
2110 2 2 5 1 663 668 669
2111 2 2 5 1 1232 1749 2476
2112 2 2 5 1 1441 1156 2844
2113 2 2 5 1 1816 1815 2290
2114 2 2 5 1 687 686 689
2115 2 2 5 1 1997 2372 2811
2116 2 2 5 1 1685 1696 1956
2117 2 2 5 1 2363 2383 2384
2118 2 2 5 1 2332 2436 3116
2119 2 2 5 1 1004 1006 1007
2120 2 2 5 1 943 938 944
2121 2 2 5 1 2596 807 3058
2122 2 2 5 1 1279 1277 2855
2123 2 2 5 1 2573 2704 3713
2124 2 2 5 1 1643 1644 1645
2125 2 2 5 1 1513 1511 1514
2126 2 2 5 1 1503 1429 1504
2127 2 2 5 1 754 752 763
2128 2 2 5 1 1270 1271 2471
2129 2 2 5 1 2101 2102 3519
2130 2 2 5 1 3662 2373 3770
2131 2 2 5 1 2043 2731 3291
2132 2 2 5 1 2484 1141 3772
2133 2 2 5 1 1191 2481 3278
2134 2 2 5 1 951 1697 2598
2135 2 2 5 1 2 2729 3412
2136 2 2 5 1 1114 1495 2361
2137 2 2 5 1 884 883 885
2138 2 2 5 1 528 524 540
2139 2 2 5 1 712 709 2577
2140 2 2 5 1 581 583 740
2141 2 2 5 1 1663 3049 3413
2142 2 2 5 1 1528 1833 3911
2143 2 2 5 1 2606 2163 3392
2144 2 2 5 1 1149 3548 3574
2145 2 2 5 1 981 983 986
2146 2 2 5 1 2277 2710 2711
2147 2 2 5 1 1780 1782 2321
2148 2 2 5 1 660 663 2518
2149 2 2 5 1 2067 2064 2590
2150 2 2 5 1 886 885 2472
2151 2 2 5 1 2748 1802 3387
2152 2 2 5 1 1702 1786 3645
2153 2 2 5 1 650 639 2867
2154 2 2 5 1 1665 2519 3580
2155 2 2 5 1 882 881 883
2156 2 2 5 1 1393 1208 2873
2157 2 2 5 1 1271 1321 1367
2158 2 2 5 1 2025 2400 3869
2159 2 2 5 1 928 924 933
2160 2 2 5 1 1788 1787 3738
2161 2 2 5 1 879 878 881
2162 2 2 5 1 1442 1441 1443
2163 2 2 5 1 2463 1591 3327
2164 2 2 5 1 2543 1243 3122
2165 2 2 5 1 1741 2684 2685
2166 2 2 5 1 915 913 930
2167 2 2 5 1 955 954 1152
2168 2 2 5 1 718 717 721
2169 2 2 5 1 1581 1584 3843
2170 2 2 5 1 1155 905 3761
2171 2 2 5 1 655 658 863
2172 2 2 5 1 699 698 700
2173 2 2 5 1 1378 1326 2591
2174 2 2 5 1 1153 1152 1262
2175 2 2 5 1 1076 1077 1138
2176 2 2 5 1 1427 1425 1475
2177 2 2 5 1 877 876 878
2178 2 2 5 1 1399 2173 2524
2179 2 2 5 1 2630 2631 3376
2180 2 2 5 1 2004 3283 3368
2181 2 2 5 1 707 706 710
2182 2 2 5 1 3090 2134 3243
2183 2 2 5 1 716 715 717
2184 2 2 5 1 345 451 2608
2185 2 2 5 1 841 840 1143
2186 2 2 5 1 1658 1655 2378
2187 2 2 5 1 2117 1718 2118
2188 2 2 5 1 1176 1333 1398
2189 2 2 5 1 1067 1065 2309
2190 2 2 5 1 399 3260 3620
2191 2 2 5 1 2205 2204 2574
2192 2 2 5 1 1700 3490 3569
2193 2 2 5 1 2742 1903 3169
2194 2 2 5 1 1436 1641 2325
2195 2 2 5 1 2016 1412 2391
2196 2 2 5 1 2560 2298 3812
2197 2 2 5 1 920 918 921
2198 2 2 5 1 1267 1393 2570
2199 2 2 5 1 1123 1404 2642
2200 2 2 5 1 337 416 2678
2201 2 2 5 1 1262 1152 2601
2202 2 2 5 1 970 973 974
2203 2 2 5 1 2064 1928 2590
2204 2 2 5 1 678 676 2723
2205 2 2 5 1 911 908 912
2206 2 2 5 1 1686 2364 2663
2207 2 2 5 1 2204 2068 2664
2208 2 2 5 1 2055 2742 3169
2209 2 2 5 1 827 826 834
2210 2 2 5 1 1012 1014 1053
2211 2 2 5 1 414 321 2620
2212 2 2 5 1 2989 2394 3625
2213 2 2 5 1 701 700 702
2214 2 2 5 1 2568 2569 3185
2215 2 2 5 1 2888 2470 2889
2216 2 2 5 1 3099 2533 3194
2217 2 2 5 1 2009 1522 2694
2218 2 2 5 1 715 2577 2585
2219 2 2 5 1 1099 865 2650
2220 2 2 5 1 1759 1661 2324
2221 2 2 5 1 2386 2517 3154
2222 2 2 5 1 1421 1419 1422
2223 2 2 5 1 512 3106 3550
2224 2 2 5 1 1029 2951 2952
2225 2 2 5 1 2320 2319 2463
2226 2 2 5 1 1741 777 2684
2227 2 2 5 1 3328 2159 3342
2228 2 2 5 1 966 968 984
2229 2 2 5 1 2419 3256 3524
2230 2 2 5 1 1613 2198 3781
2231 2 2 5 1 2102 2325 3578
2232 2 2 5 1 1058 1059 1076
2233 2 2 5 1 1760 1862 1863
2234 2 2 5 1 2521 1490 3239
2235 2 2 5 1 1740 2655 2656
2236 2 2 5 1 934 933 2641
2237 2 2 5 1 1280 1279 1295
2238 2 2 5 1 1411 3405 3673
2239 2 2 5 1 2216 2303 2635
2240 2 2 5 1 856 2268 3741
2241 2 2 5 1 1206 1831 2403
2242 2 2 5 1 1648 1530 2258
2243 2 2 5 1 2378 1655 3870
2244 2 2 5 1 2102 3348 3519
2245 2 2 5 1 778 821 2698
2246 2 2 5 1 1985 2897 3352
2247 2 2 5 1 2543 3122 3437
2248 2 2 5 1 2626 3019 3577
2249 2 2 5 1 1725 2297 2304
2250 2 2 5 1 1277 1128 1278
2251 2 2 5 1 499 497 508
2252 2 2 5 1 3258 2382 3432
2253 2 2 5 1 979 2609 3775
2254 2 2 5 1 1256 3079 3732
2255 2 2 5 1 676 670 2605
2256 2 2 5 1 2729 2262 3412
2257 2 2 5 1 695 690 696
2258 2 2 5 1 903 899 905
2259 2 2 5 1 974 2630 2632
2260 2 2 5 1 2732 2180 3189
2261 2 2 5 1 2445 2446 3647
2262 2 2 5 1 2101 1765 2102
2263 2 2 5 1 2332 1812 2436
2264 2 2 5 1 897 895 909
2265 2 2 5 1 2112 2113 2114
2266 2 2 5 1 1382 1381 1383
2267 2 2 5 1 2302 2324 3896
2268 2 2 5 1 1880 2234 2338
2269 2 2 5 1 606 608 636
2270 2 2 5 1 2320 3648 3843
2271 2 2 5 1 1856 1726 3899
2272 2 2 5 1 2670 2669 2671
2273 2 2 5 1 752 746 3022
2274 2 2 5 1 1296 1295 1381
2275 2 2 5 1 1818 1816 2442
2276 2 2 5 1 706 703 2431
2277 2 2 5 1 2459 2458 2484
2278 2 2 5 1 2562 397 2810
2279 2 2 5 1 1664 1400 1668
2280 2 2 5 1 985 2465 3347
2281 2 2 5 1 2088 1667 2089
2282 2 2 5 1 604 606 2564
2283 2 2 5 1 323 324 2670
2284 2 2 5 1 1302 1304 1324
2285 2 2 5 1 1337 1318 1458
2286 2 2 5 1 786 774 2182
2287 2 2 5 1 2137 1952 2542
2288 2 2 5 1 445 12 2611
2289 2 2 5 1 324 325 2669
2290 2 2 5 1 1495 1496 1724
2291 2 2 5 1 773 772 774
2292 2 2 5 1 2325 2102 3897
2293 2 2 5 1 2284 2282 2285
2294 2 2 5 1 2068 2067 2664
2295 2 2 5 1 1838 2702 3803
2296 2 2 5 1 1050 1052 1058
2297 2 2 5 1 817 804 848
2298 2 2 5 1 1091 2642 2644
2299 2 2 5 1 2611 2041 3462
2300 2 2 5 1 1780 1781 1782
2301 2 2 5 1 1907 2216 2217
2302 2 2 5 1 835 834 864
2303 2 2 5 1 2351 2349 2352
2304 2 2 5 1 548 2025 3902
2305 2 2 5 1 2787 1061 3395
2306 2 2 5 1 1991 2337 3596
2307 2 2 5 1 1100 1099 1104
2308 2 2 5 1 2344 2346 2544
2309 2 2 5 1 2281 1464 2282
2310 2 2 5 1 1986 2278 2712
2311 2 2 5 1 1883 2167 2302
2312 2 2 5 1 1845 2340 2341
2313 2 2 5 1 1343 1465 1466
2314 2 2 5 1 1176 1188 1333
2315 2 2 5 1 2043 3291 3878
2316 2 2 5 1 3111 2458 3470
2317 2 2 5 1 1408 2644 3724
2318 2 2 5 1 2127 1793 2128
2319 2 2 5 1 1987 2535 3330
2320 2 2 5 1 566 3225 3820
2321 2 2 5 1 1269 1263 1317
2322 2 2 5 1 2052 1564 2053
2323 2 2 5 1 2209 2207 2413
2324 2 2 5 1 3045 3027 3046
2325 2 2 5 1 1928 1927 2301
2326 2 2 5 1 1031 1032 1050
2327 2 2 5 1 1983 2072 2673
2328 2 2 5 1 1473 1443 1474
2329 2 2 5 1 2584 1374 3932
2330 2 2 5 1 1632 2629 2953
2331 2 2 5 1 1951 2552 2640
2332 2 2 5 1 2417 3494 3527
2333 2 2 5 1 1590 1579 2427
2334 2 2 5 1 1981 2707 3559
2335 2 2 5 1 930 2523 3113
2336 2 2 5 1 1293 2876 3513
2337 2 2 5 1 742 738 745
2338 2 2 5 1 2892 3503 3646
2339 2 2 5 1 775 774 780
2340 2 2 5 1 412 3631 3644
2341 2 2 5 1 1884 1818 2439
2342 2 2 5 1 3292 2432 3357
2343 2 2 5 1 1238 1206 2403
2344 2 2 5 1 1782 1813 1966
2345 2 2 5 1 751 746 752
2346 2 2 5 1 2535 1986 2712
2347 2 2 5 1 1579 1581 2427
2348 2 2 5 1 1896 1711 2195
2349 2 2 5 1 2457 2458 2459
2350 2 2 5 1 1947 2378 2379
2351 2 2 5 1 2522 1342 3927
2352 2 2 5 1 2612 1968 2856
2353 2 2 5 1 2437 1812 2438
2354 2 2 5 1 2439 1818 2442
2355 2 2 5 1 1587 2288 3826
2356 2 2 5 1 891 888 892
2357 2 2 5 1 2491 1525 2959
2358 2 2 5 1 2654 448 2949
2359 2 2 5 1 2801 2087 3461
2360 2 2 5 1 3182 3725 3784
2361 2 2 5 1 2187 1667 3722
2362 2 2 5 1 506 2897 3092
2363 2 2 5 1 710 1307 2588
2364 2 2 5 1 2146 2485 2486
2365 2 2 5 1 1728 1856 1857
2366 2 2 5 1 1451 1560 3752
2367 2 2 5 1 1174 1175 1176
2368 2 2 5 1 2664 2730 3851
2369 2 2 5 1 1172 1174 1283
2370 2 2 5 1 1570 1569 1571
2371 2 2 5 1 2357 1609 3512
2372 2 2 5 1 1399 2524 3810
2373 2 2 5 1 3206 2648 3313
2374 2 2 5 1 1419 1417 2690
2375 2 2 5 1 736 734 737
2376 2 2 5 1 732 729 733
2377 2 2 5 1 1629 1628 1923
2378 2 2 5 1 1379 1278 1380
2379 2 2 5 1 2072 2258 2259
2380 2 2 5 1 700 698 2955
2381 2 2 5 1 639 1832 2867
2382 2 2 5 1 1188 1477 2602
2383 2 2 5 1 1245 1406 3098
2384 2 2 5 1 1404 2476 3871
2385 2 2 5 1 1931 1929 2817
2386 2 2 5 1 2077 2080 2579
2387 2 2 5 1 1701 1474 1702
2388 2 2 5 1 1390 1389 1455
2389 2 2 5 1 1514 2408 2411
2390 2 2 5 1 1143 840 1642
2391 2 2 5 1 2617 2309 3699
2392 2 2 5 1 1592 1589 1593
2393 2 2 5 1 1722 2154 2155
2394 2 2 5 1 3224 2694 3229
2395 2 2 5 1 950 951 1092
2396 2 2 5 1 724 722 726
2397 2 2 5 1 2536 2027 2786
2398 2 2 5 1 981 986 2609
2399 2 2 5 1 2180 2181 3189
2400 2 2 5 1 1487 1489 1490
2401 2 2 5 1 1960 598 3356
2402 2 2 5 1 2290 1815 2291
2403 2 2 5 1 441 1313 2646
2404 2 2 5 1 2561 2348 2562
2405 2 2 5 1 1431 1725 1726
2406 2 2 5 1 1172 1173 1174
2407 2 2 5 1 1584 1583 1585
2408 2 2 5 1 2409 2410 2932
2409 2 2 5 1 931 932 950
2410 2 2 5 1 1970 1935 2543
2411 2 2 5 1 2505 2851 3318
2412 2 2 5 1 2074 2739 2859
2413 2 2 5 1 801 798 840
2414 2 2 5 1 2203 2068 2204
2415 2 2 5 1 1089 1091 2644
2416 2 2 5 1 409 21 543
2417 2 2 5 1 2163 1853 2164
2418 2 2 5 1 1522 1520 2694
2419 2 2 5 1 2434 1856 2613
2420 2 2 5 1 526 2569 3585
2421 2 2 5 1 1150 2694 3224
2422 2 2 5 1 1880 1881 2234
2423 2 2 5 1 2442 2290 3732
2424 2 2 5 1 796 794 836
2425 2 2 5 1 705 703 706
2426 2 2 5 1 1646 1754 1777
2427 2 2 5 1 1683 1759 1760
2428 2 2 5 1 1146 1064 1147
2429 2 2 5 1 1500 1499 1628
2430 2 2 5 1 9 8 1689
2431 2 2 5 1 2990 2589 3756
2432 2 2 5 1 1567 2672 2983
2433 2 2 5 1 3643 2194 3694
2434 2 2 5 1 1643 1645 1647
2435 2 2 5 1 2605 674 3217
2436 2 2 5 1 1312 1430 1431
2437 2 2 5 1 714 712 715
2438 2 2 5 1 2085 2022 2925
2439 2 2 5 1 1825 1558 2160
2440 2 2 5 1 3127 3003 3592
2441 2 2 5 1 1808 1900 1929
2442 2 2 5 1 1750 1973 2453
2443 2 2 5 1 1850 1680 1851
2444 2 2 5 1 1756 1880 2528
2445 2 2 5 1 558 560 828
2446 2 2 5 1 1257 1311 1312
2447 2 2 5 1 2386 1896 2517
2448 2 2 5 1 1504 1429 2443
2449 2 2 5 1 2188 1747 3890
2450 2 2 5 1 669 670 672
2451 2 2 5 1 1407 1344 1499
2452 2 2 5 1 1372 1374 2584
2453 2 2 5 1 2178 2180 3689
2454 2 2 5 1 3311 2478 3312
2455 2 2 5 1 2087 2085 3272
2456 2 2 5 1 2374 2774 3717
2457 2 2 5 1 381 438 3530
2458 2 2 5 1 1165 1192 1257
2459 2 2 5 1 1697 1750 2487
2460 2 2 5 1 1105 1104 1181
2461 2 2 5 1 2100 2099 3266
2462 2 2 5 1 372 436 2581
2463 2 2 5 1 1999 1860 2235
2464 2 2 5 1 1824 2425 3455
2465 2 2 5 1 1610 1608 1611
2466 2 2 5 1 1331 1267 1344
2467 2 2 5 1 443 3097 3212
2468 2 2 5 1 2374 2176 2774
2469 2 2 5 1 1270 1147 1271
2470 2 2 5 1 1233 1234 1358
2471 2 2 5 1 624 2442 3732
2472 2 2 5 1 2078 2489 2714
2473 2 2 5 1 1411 2261 3405
2474 2 2 5 1 1641 1639 1860
2475 2 2 5 1 1884 2439 3001
2476 2 2 5 1 1135 1133 1228
2477 2 2 5 1 2562 2350 2615
2478 2 2 5 1 2607 1681 3632
2479 2 2 5 1 1914 1716 1915
2480 2 2 5 1 944 938 3643
2481 2 2 5 1 2705 1895 3744
2482 2 2 5 1 1647 1815 1816
2483 2 2 5 1 892 888 2473
2484 2 2 5 1 1643 1642 1644
2485 2 2 5 1 466 2541 2905
2486 2 2 5 1 2543 1935 3243
2487 2 2 5 1 1517 1807 1808
2488 2 2 5 1 1905 2869 3335
2489 2 2 5 1 347 489 2896
2490 2 2 5 1 600 647 3356
2491 2 2 5 1 1917 2227 3838
2492 2 2 5 1 1490 1492 1493
2493 2 2 5 1 2300 1731 2703
2494 2 2 5 1 991 2440 2847
2495 2 2 5 1 1248 1208 1267
2496 2 2 5 1 1068 1067 1069
2497 2 2 5 1 1120 1119 1208
2498 2 2 5 1 1754 1756 2528
2499 2 2 5 1 2291 2531 3829
2500 2 2 5 1 798 796 2448
2501 2 2 5 1 2620 456 2624
2502 2 2 5 1 2589 2990 3084
2503 2 2 5 1 1070 1069 1074
2504 2 2 5 1 1930 2210 2540
2505 2 2 5 1 2094 2465 3775
2506 2 2 5 1 547 543 2826
2507 2 2 5 1 991 962 2440
2508 2 2 5 1 372 373 436
2509 2 2 5 1 3024 1635 3250
2510 2 2 5 1 375 376 430
2511 2 2 5 1 1044 1048 2879
2512 2 2 5 1 1098 865 1099
2513 2 2 5 1 941 934 2641
2514 2 2 5 1 1503 1504 1505
2515 2 2 5 1 550 1411 2756
2516 2 2 5 1 1075 1074 1119
2517 2 2 5 1 1110 1131 2647
2518 2 2 5 1 1532 1648 1649
2519 2 2 5 1 1079 1273 2659
2520 2 2 5 1 479 3445 3893
2521 2 2 5 1 1657 1658 1659
2522 2 2 5 1 2141 1922 2142
2523 2 2 5 1 2805 2027 2928
2524 2 2 5 1 1362 1736 3602
2525 2 2 5 1 2488 450 3463
2526 2 2 5 1 2066 2064 2067
2527 2 2 5 1 1374 1433 3932
2528 2 2 5 1 1367 1321 1368
2529 2 2 5 1 1715 1714 1716
2530 2 2 5 1 1244 1138 2765
2531 2 2 5 1 1709 1708 1710
2532 2 2 5 1 849 848 850
2533 2 2 5 1 340 341 428
2534 2 2 5 1 1964 1963 2271
2535 2 2 5 1 355 2681 3728
2536 2 2 5 1 2251 2252 2763
2537 2 2 5 1 1433 1376 1434
2538 2 2 5 1 1317 1263 3409
2539 2 2 5 1 1093 845 1094
2540 2 2 5 1 1342 1343 3927
2541 2 2 5 1 3247 940 3835
2542 2 2 5 1 1108 2649 3467
2543 2 2 5 1 1455 1894 3295
2544 2 2 5 1 1669 1814 3603
2545 2 2 5 1 1198 1182 2700
2546 2 2 5 1 399 2751 2752
2547 2 2 5 1 1066 1065 1067
2548 2 2 5 1 1493 1527 1528
2549 2 2 5 1 1192 1193 3308
2550 2 2 5 1 1340 1190 3174
2551 2 2 5 1 2324 1661 3896
2552 2 2 5 1 1204 1149 3574
2553 2 2 5 1 2445 2096 2446
2554 2 2 5 1 1417 1337 2447
2555 2 2 5 1 2390 2389 2401
2556 2 2 5 1 437 2608 2674
2557 2 2 5 1 2600 2522 3927
2558 2 2 5 1 428 2696 3162
2559 2 2 5 1 28 27 541
2560 2 2 5 1 1083 1103 1165
2561 2 2 5 1 2199 1908 2780
2562 2 2 5 1 358 539 2682
2563 2 2 5 1 2722 549 3802
2564 2 2 5 1 602 604 2710
2565 2 2 5 1 1711 1710 1712
2566 2 2 5 1 2167 1947 2910
2567 2 2 5 1 1921 1920 1922
2568 2 2 5 1 1324 1666 3683
2569 2 2 5 1 1436 2325 3897
2570 2 2 5 1 1421 1422 1423
2571 2 2 5 1 2140 2139 2293
2572 2 2 5 1 1646 1777 2531
2573 2 2 5 1 1023 1021 2745
2574 2 2 5 1 1513 1514 1515
2575 2 2 5 1 1114 1315 1495
2576 2 2 5 1 1999 2235 2633
2577 2 2 5 1 1016 1018 1031
2578 2 2 5 1 2033 1975 3096
2579 2 2 5 1 1607 1606 1608
2580 2 2 5 1 1756 1758 1880
2581 2 2 5 1 1926 1924 1927
2582 2 2 5 1 2286 2282 2855
2583 2 2 5 1 2071 2473 2474
2584 2 2 5 1 770 762 772
2585 2 2 5 1 821 825 2534
2586 2 2 5 1 1388 1385 1389
2587 2 2 5 1 636 608 2612
2588 2 2 5 1 1191 3124 3285
2589 2 2 5 1 1645 1644 1646
2590 2 2 5 1 1183 2309 2617
2591 2 2 5 1 2739 790 2859
2592 2 2 5 1 2543 3243 3686
2593 2 2 5 1 851 850 852
2594 2 2 5 1 2802 2133 3321
2595 2 2 5 1 2595 1762 2596
2596 2 2 5 1 962 961 963
2597 2 2 5 1 3342 1732 3741
2598 2 2 5 1 2416 2414 2419
2599 2 2 5 1 1749 2244 2476
2600 2 2 5 1 594 595 596
2601 2 2 5 1 416 338 2679
2602 2 2 5 1 960 959 961
2603 2 2 5 1 1033 3288 3359
2604 2 2 5 1 993 989 994
2605 2 2 5 1 933 2507 2837
2606 2 2 5 1 343 344 437
2607 2 2 5 1 3295 1894 3931
2608 2 2 5 1 2223 2222 3581
2609 2 2 5 1 1341 3332 3431
2610 2 2 5 1 2002 749 2618
2611 2 2 5 1 948 952 953
2612 2 2 5 1 796 836 2448
2613 2 2 5 1 3199 740 3692
2614 2 2 5 1 2274 2223 3325
2615 2 2 5 1 2281 2284 2974
2616 2 2 5 1 3122 1239 3437
2617 2 2 5 1 2640 2552 3322
2618 2 2 5 1 364 365 442
2619 2 2 5 1 928 933 934
2620 2 2 5 1 2209 2413 2414
2621 2 2 5 1 2282 1464 2855
2622 2 2 5 1 943 944 945
2623 2 2 5 1 958 957 959
2624 2 2 5 1 1846 2443 2444
2625 2 2 5 1 1148 1094 1149
2626 2 2 5 1 860 833 2310
2627 2 2 5 1 874 872 875
2628 2 2 5 1 1526 1372 2584
2629 2 2 5 1 1190 1137 2786
2630 2 2 5 1 985 977 2465
2631 2 2 5 1 1844 3131 3263
2632 2 2 5 1 1601 1603 3655
2633 2 2 5 1 327 458 2665
2634 2 2 5 1 2743 1177 3392
2635 2 2 5 1 437 344 2608
2636 2 2 5 1 2533 2155 2803
2637 2 2 5 1 1337 1458 2447
2638 2 2 5 1 1243 2543 3686
2639 2 2 5 1 956 875 957
2640 2 2 5 1 421 2428 3926
2641 2 2 5 1 1552 739 1553
2642 2 2 5 1 645 2554 3475
2643 2 2 5 1 2659 2083 2660
2644 2 2 5 1 915 930 2511
2645 2 2 5 1 1200 2561 3280
2646 2 2 5 1 2138 2137 2139
2647 2 2 5 1 587 589 590
2648 2 2 5 1 1924 1923 2335
2649 2 2 5 1 2665 458 2668
2650 2 2 5 1 2306 3009 3358
2651 2 2 5 1 1827 1826 1834
2652 2 2 5 1 2554 2945 2946
2653 2 2 5 1 920 921 922
2654 2 2 5 1 25 24 444
2655 2 2 5 1 1362 1735 1736
2656 2 2 5 1 2525 1151 3326
2657 2 2 5 1 3709 2321 3835
2658 2 2 5 1 911 912 913
2659 2 2 5 1 638 1561 2424
2660 2 2 5 1 2723 676 3800
2661 2 2 5 1 1855 1540 2057
2662 2 2 5 1 2095 2445 3475
2663 2 2 5 1 529 531 3370
2664 2 2 5 1 566 567 568
2665 2 2 5 1 2235 1860 3295
2666 2 2 5 1 436 2527 3571
2667 2 2 5 1 1211 1210 1265
2668 2 2 5 1 2953 2629 3156
2669 2 2 5 1 2685 2683 3245
2670 2 2 5 1 2425 944 3694
2671 2 2 5 1 1183 1067 2309
2672 2 2 5 1 986 983 987
2673 2 2 5 1 2471 1565 3674
2674 2 2 5 1 1633 2166 2600
2675 2 2 5 1 1835 1834 1951
2676 2 2 5 1 2207 2205 2804
2677 2 2 5 1 672 676 677
2678 2 2 5 1 2606 3392 3666
2679 2 2 5 1 2636 1108 2797
2680 2 2 5 1 2962 2485 3397
2681 2 2 5 1 1679 1678 1680
2682 2 2 5 1 612 614 627
2683 2 2 5 1 563 565 566
2684 2 2 5 1 3167 421 3435
2685 2 2 5 1 2340 1846 2688
2686 2 2 5 1 918 915 2511
2687 2 2 5 1 905 899 3739
2688 2 2 5 1 2481 1994 3278
2689 2 2 5 1 1063 1054 3049
2690 2 2 5 1 801 840 841
2691 2 2 5 1 2780 418 3535
2692 2 2 5 1 825 862 1694
2693 2 2 5 1 1269 1317 1318
2694 2 2 5 1 884 885 886
2695 2 2 5 1 1149 2399 3548
2696 2 2 5 1 3283 2889 3368
2697 2 2 5 1 2073 2394 2989
2698 2 2 5 1 424 3541 3785
2699 2 2 5 1 977 979 2465
2700 2 2 5 1 508 2619 3204
2701 2 2 5 1 2078 2003 2489
2702 2 2 5 1 1117 1172 2455
2703 2 2 5 1 336 2678 2702
2704 2 2 5 1 360 361 526
2705 2 2 5 1 1749 1806 2242
2706 2 2 5 1 854 852 855
2707 2 2 5 1 1153 1262 1263
2708 2 2 5 1 690 689 3921
2709 2 2 5 1 2904 1317 3409
2710 2 2 5 1 1278 1128 2888
2711 2 2 5 1 3312 2478 3871
2712 2 2 5 1 1444 1830 2496
2713 2 2 5 1 1746 1745 2147
2714 2 2 5 1 821 2534 2698
2715 2 2 5 1 2027 2536 2928
2716 2 2 5 1 882 883 884
2717 2 2 5 1 929 954 955
2718 2 2 5 1 608 610 2612
2719 2 2 5 1 2080 2079 2614
2720 2 2 5 1 2079 2133 3616
2721 2 2 5 1 1939 3273 3814
2722 2 2 5 1 974 973 975
2723 2 2 5 1 378 379 421
2724 2 2 5 1 1679 1908 2198
2725 2 2 5 1 1492 1489 3507
2726 2 2 5 1 535 542 3277
2727 2 2 5 1 2565 1386 3150
2728 2 2 5 1 1958 2221 2222
2729 2 2 5 1 2130 1310 3262
2730 2 2 5 1 1871 2406 3109
2731 2 2 5 1 2141 2480 3406
2732 2 2 5 1 1307 867 2636
2733 2 2 5 1 1266 1265 1281
2734 2 2 5 1 1396 3590 3704
2735 2 2 5 1 1730 1553 1731
2736 2 2 5 1 2145 2146 3719
2737 2 2 5 1 825 1694 2534
2738 2 2 5 1 337 338 416
2739 2 2 5 1 1007 1006 1008
2740 2 2 5 1 1008 2960 3825
2741 2 2 5 1 1836 1463 1888
2742 2 2 5 1 1782 2105 2321
2743 2 2 5 1 2283 1797 3928
2744 2 2 5 1 2178 2179 2180
2745 2 2 5 1 2185 546 3382
2746 2 2 5 1 903 905 906
2747 2 2 5 1 3201 3323 3623
2748 2 2 5 1 1539 2003 2076
2749 2 2 5 1 2572 2571 2573
2750 2 2 5 1 955 1152 1153
2751 2 2 5 1 1909 1792 1938
2752 2 2 5 1 1300 486 1963
2753 2 2 5 1 2383 1432 2791
2754 2 2 5 1 1385 1383 2255
2755 2 2 5 1 1087 1089 1408
2756 2 2 5 1 1672 1339 3780
2757 2 2 5 1 413 2665 2666
2758 2 2 5 1 2226 1627 2777
2759 2 2 5 1 879 881 882
2760 2 2 5 1 891 892 893
2761 2 2 5 1 2298 1731 2300
2762 2 2 5 1 2751 510 3804
2763 2 2 5 1 1399 1333 2173
2764 2 2 5 1 2480 2142 2566
2765 2 2 5 1 596 597 598
2766 2 2 5 1 2153 2604 3929
2767 2 2 5 1 870 868 1934
2768 2 2 5 1 1533 2557 3193
2769 2 2 5 1 1568 1278 2888
2770 2 2 5 1 2370 1960 3747
2771 2 2 5 1 2077 2079 2080
2772 2 2 5 1 3085 590 3517
2773 2 2 5 1 1108 871 2649
2774 2 2 5 1 838 2381 3270
2775 2 2 5 1 3013 1150 3233
2776 2 2 5 1 1477 1479 2373
2777 2 2 5 1 2203 2204 2205
2778 2 2 5 1 2541 2137 2542
2779 2 2 5 1 1789 1788 1790
2780 2 2 5 1 1468 939 1634
2781 2 2 5 1 2057 2591 2592
2782 2 2 5 1 1147 1064 2847
2783 2 2 5 1 658 660 2539
2784 2 2 5 1 2778 2868 2869
2785 2 2 5 1 763 1467 1469
2786 2 2 5 1 2637 367 3651
2787 2 2 5 1 2465 979 3775
2788 2 2 5 1 710 867 1307
2789 2 2 5 1 1273 1538 2659
2790 2 2 5 1 399 26 2751
2791 2 2 5 1 591 593 594
2792 2 2 5 1 1954 1733 2618
2793 2 2 5 1 1117 1171 1172
2794 2 2 5 1 2561 2810 3280
2795 2 2 5 1 3345 1967 3428
2796 2 2 5 1 2647 2043 2648
2797 2 2 5 1 3464 2247 3508
2798 2 2 5 1 2707 473 3559
2799 2 2 5 1 2074 1855 2739
2800 2 2 5 1 2621 2624 2629
2801 2 2 5 1 2872 2177 3263
2802 2 2 5 1 2621 2620 2624
2803 2 2 5 1 2674 2608 3191
2804 2 2 5 1 2319 2117 2912
2805 2 2 5 1 2053 2513 2757
2806 2 2 5 1 618 621 628
2807 2 2 5 1 2684 2683 2685
2808 2 2 5 1 3113 2523 3532
2809 2 2 5 1 877 878 879
2810 2 2 5 1 1197 1182 1198
2811 2 2 5 1 1890 1911 3577
2812 2 2 5 1 1943 1784 2481
2813 2 2 5 1 1640 3255 3469
2814 2 2 5 1 638 643 644
2815 2 2 5 1 2652 507 3460
2816 2 2 5 1 1615 2359 2360
2817 2 2 5 1 1495 1962 2361
2818 2 2 5 1 1691 2658 3238
2819 2 2 5 1 3070 889 3242
2820 2 2 5 1 314 537 3445
2821 2 2 5 1 2951 2272 2952
2822 2 2 5 1 1538 2083 2659
2823 2 2 5 1 473 548 3902
2824 2 2 5 1 782 777 1741
2825 2 2 5 1 869 871 1108
2826 2 2 5 1 677 678 679
2827 2 2 5 1 2033 3096 3336
2828 2 2 5 1 2820 2355 2821
2829 2 2 5 1 829 2661 2822
2830 2 2 5 1 2673 2072 3503
2831 2 2 5 1 568 573 575
2832 2 2 5 1 1709 1778 2145
2833 2 2 5 1 2269 909 3703
2834 2 2 5 1 2136 1952 2137
2835 2 2 5 1 322 456 2620
2836 2 2 5 1 2523 1823 3532
2837 2 2 5 1 707 710 2588
2838 2 2 5 1 695 696 697
2839 2 2 5 1 1320 1147 2847
2840 2 2 5 1 873 876 877
2841 2 2 5 1 870 1934 2922
2842 2 2 5 1 745 738 3711
2843 2 2 5 1 1091 1123 2642
2844 2 2 5 1 2421 880 3334
2845 2 2 5 1 936 941 3643
2846 2 2 5 1 1057 2576 2653
2847 2 2 5 1 1551 1627 2226
2848 2 2 5 1 740 583 2575
2849 2 2 5 1 843 696 2387
2850 2 2 5 1 1027 1023 2745
2851 2 2 5 1 2474 2475 3144
2852 2 2 5 1 1438 3176 3233
2853 2 2 5 1 3097 2343 3212
2854 2 2 5 1 2285 2287 2706
2855 2 2 5 1 857 855 858
2856 2 2 5 1 363 364 548
2857 2 2 5 1 2538 1691 3145
2858 2 2 5 1 1422 1419 2690
2859 2 2 5 1 2576 1687 3903
2860 2 2 5 1 469 432 491
2861 2 2 5 1 1538 1805 2083
2862 2 2 5 1 2501 828 3393
2863 2 2 5 1 2343 3067 3212
2864 2 2 5 1 1863 1862 2733
2865 2 2 5 1 926 2733 2923
2866 2 2 5 1 2925 2022 3886
2867 2 2 5 1 2739 2057 3140
2868 2 2 5 1 2572 406 3087
2869 2 2 5 1 2592 2593 2594
2870 2 2 5 1 1316 2502 3234
2871 2 2 5 1 833 802 2874
2872 2 2 5 1 413 2666 2667
2873 2 2 5 1 10 9 3862
2874 2 2 5 1 2455 1283 2456
2875 2 2 5 1 1794 2306 3359
2876 2 2 5 1 1290 1260 1762
2877 2 2 5 1 1123 1186 1404
2878 2 2 5 1 2156 3649 3679
2879 2 2 5 1 8 7 2722
2880 2 2 5 1 2733 1862 2734
2881 2 2 5 1 1776 3742 3903
2882 2 2 5 1 320 414 2623
2883 2 2 5 1 2067 2590 2730
2884 2 2 5 1 705 706 707
2885 2 2 5 1 598 599 600
2886 2 2 5 1 2163 2164 2743
2887 2 2 5 1 3528 1496 3615
2888 2 2 5 1 2387 2076 3546
2889 2 2 5 1 1135 1228 2536
2890 2 2 5 1 1449 1471 2043
2891 2 2 5 1 414 2621 2622
2892 2 2 5 1 2071 2474 3433
2893 2 2 5 1 1607 1614 2174
2894 2 2 5 1 610 612 2692
2895 2 2 5 1 2733 2734 2923
2896 2 2 5 1 594 596 3302
2897 2 2 5 1 952 2425 2799
2898 2 2 5 1 1978 474 3504
2899 2 2 5 1 2066 2067 2068
2900 2 2 5 1 2896 489 3872
2901 2 2 5 1 612 627 2692
2902 2 2 5 1 1301 1302 3259
2903 2 2 5 1 1923 2334 2335
2904 2 2 5 1 2397 1688 2398
2905 2 2 5 1 2714 2489 2972
2906 2 2 5 1 644 648 649
2907 2 2 5 1 2796 3141 3466
2908 2 2 5 1 1548 1453 1549
2909 2 2 5 1 2355 2354 3880
2910 2 2 5 1 2666 2668 2672
2911 2 2 5 1 2462 1745 3810
2912 2 2 5 1 2081 1293 3066
2913 2 2 5 1 2166 3236 3411
2914 2 2 5 1 844 812 845
2915 2 2 5 1 1452 1451 1453
2916 2 2 5 1 1038 3271 3471
2917 2 2 5 1 1131 1449 2647
2918 2 2 5 1 866 706 2431
2919 2 2 5 1 2000 2491 2959
2920 2 2 5 1 353 472 2709
2921 2 2 5 1 2688 2444 3351
2922 2 2 5 1 356 2680 2681
2923 2 2 5 1 2076 2077 2579
2924 2 2 5 1 2515 2516 3905
2925 2 2 5 1 467 2730 2936
2926 2 2 5 1 1055 1073 1233
2927 2 2 5 1 2287 2286 3116
2928 2 2 5 1 2175 2374 2769
2929 2 2 5 1 2966 990 3884
2930 2 2 5 1 2855 1277 3743
2931 2 2 5 1 2023 2022 2085
2932 2 2 5 1 1880 1758 1881
2933 2 2 5 1 2674 1803 3766
2934 2 2 5 1 673 2775 3104
2935 2 2 5 1 2935 2125 3306
2936 2 2 5 1 3195 2082 3237
2937 2 2 5 1 732 733 734
2938 2 2 5 1 2098 1938 3622
2939 2 2 5 1 1469 1935 1970
2940 2 2 5 1 2126 3419 3619
2941 2 2 5 1 1176 1175 1188
2942 2 2 5 1 883 881 3242
2943 2 2 5 1 2750 737 3610
2944 2 2 5 1 1465 2586 3089
2945 2 2 5 1 2516 1155 3231
2946 2 2 5 1 1203 1149 1204
2947 2 2 5 1 521 3370 3371
2948 2 2 5 1 679 680 681
2949 2 2 5 1 1174 1173 1175
2950 2 2 5 1 1540 1378 2591
2951 2 2 5 1 724 726 727
2952 2 2 5 1 3871 2478 3875
2953 2 2 5 1 716 717 718
2954 2 2 5 1 649 653 654
2955 2 2 5 1 1481 1898 2035
2956 2 2 5 1 1921 2143 2227
2957 2 2 5 1 568 575 3173
2958 2 2 5 1 2552 460 3322
2959 2 2 5 1 454 194 2708
2960 2 2 5 1 1685 1634 1696
2961 2 2 5 1 697 698 699
2962 2 2 5 1 3051 3391 3448
2963 2 2 5 1 413 326 2665
2964 2 2 5 1 3875 2643 3920
2965 2 2 5 1 1080 858 1081
2966 2 2 5 1 2076 2387 3921
2967 2 2 5 1 1740 1955 2655
2968 2 2 5 1 2815 1562 3507
2969 2 2 5 1 1232 1684 1749
2970 2 2 5 1 822 2229 3151
2971 2 2 5 1 2627 641 3384
2972 2 2 5 1 2363 2296 2383
2973 2 2 5 1 2118 2934 3400
2974 2 2 5 1 320 321 414
2975 2 2 5 1 322 323 456
2976 2 2 5 1 2647 2648 2675
2977 2 2 5 1 2182 2510 3837
2978 2 2 5 1 627 614 2559
2979 2 2 5 1 701 702 703
2980 2 2 5 1 325 326 413
2981 2 2 5 1 481 3277 3309
2982 2 2 5 1 718 721 722
2983 2 2 5 1 1101 1081 1102
2984 2 2 5 1 2148 2147 2499
2985 2 2 5 1 714 715 716
2986 2 2 5 1 788 810 811
2987 2 2 5 1 742 745 746
2988 2 2 5 1 1413 1412 1461
2989 2 2 5 1 3394 3395 3490
2990 2 2 5 1 909 2525 2800
2991 2 2 5 1 361 362 2707
2992 2 2 5 1 2342 2896 3872
2993 2 2 5 1 2264 2073 3375
2994 2 2 5 1 2579 2080 2703
2995 2 2 5 1 699 700 701
2996 2 2 5 1 1780 1466 1781
2997 2 2 5 1 2264 3006 3611
2998 2 2 5 1 1775 1774 1794
2999 2 2 5 1 2492 2246 2493
3000 2 2 5 1 2031 2009 2032
3001 2 2 5 1 362 473 2707
3002 2 2 5 1 1199 1198 1210
3003 2 2 5 1 2643 2645 3920
3004 2 2 5 1 1533 3193 3198
3005 2 2 5 1 780 2683 2684
3006 2 2 5 1 604 2564 2710
3007 2 2 5 1 22 21 409
3008 2 2 5 1 1761 3662 3770
3009 2 2 5 1 1074 1069 3579
3010 2 2 5 1 336 337 2678
3011 2 2 5 1 2306 2307 3009
3012 2 2 5 1 2560 1144 3821
3013 2 2 5 1 575 576 577
3014 2 2 5 1 485 426 486
3015 2 2 5 1 1449 2043 2647
3016 2 2 5 1 459 145 2715
3017 2 2 5 1 399 2753 3260
3018 2 2 5 1 1227 1224 1412
3019 2 2 5 1 1174 1176 3054
3020 2 2 5 1 510 2782 3365
3021 2 2 5 1 736 737 738
3022 2 2 5 1 2548 1872 3198
3023 2 2 5 1 1383 1798 2255
3024 2 2 5 1 340 428 2701
3025 2 2 5 1 370 371 450
3026 2 2 5 1 1343 813 1465
3027 2 2 5 1 2870 1900 3631
3028 2 2 5 1 1172 1171 1173
3029 2 2 5 1 1627 2355 2777
3030 2 2 5 1 2054 2052 3010
3031 2 2 5 1 2442 624 3895
3032 2 2 5 1 318 457 2729
3033 2 2 5 1 1137 1135 2536
3034 2 2 5 1 2885 2199 3535
3035 2 2 5 1 1926 1927 1928
3036 2 2 5 1 2103 2104 2616
3037 2 2 5 1 2403 2404 2760
3038 2 2 5 1 1031 2787 3468
3039 2 2 5 1 1743 1752 3151
3040 2 2 5 1 652 1395 3008
3041 2 2 5 1 681 684 685
3042 2 2 5 1 1761 1212 1844
3043 2 2 5 1 931 901 932
3044 2 2 5 1 1695 2349 2351
3045 2 2 5 1 685 686 687
3046 2 2 5 1 2794 2719 2816
3047 2 2 5 1 1629 1923 1924
3048 2 2 5 1 793 792 794
3049 2 2 5 1 687 689 690
3050 2 2 5 1 1334 1104 2773
3051 2 2 5 1 2093 2609 3700
3052 2 2 5 1 1133 841 2744
3053 2 2 5 1 744 665 1086
3054 2 2 5 1 1193 2382 3299
3055 2 2 5 1 698 843 3866
3056 2 2 5 1 1738 2319 2320
3057 2 2 5 1 574 2850 3815
3058 2 2 5 1 1137 2536 2786
3059 2 2 5 1 1141 3134 3772
3060 2 2 5 1 2050 1392 3063
3061 2 2 5 1 751 752 754
3062 2 2 5 1 2461 3275 3486
3063 2 2 5 1 2774 2775 2831
3064 2 2 5 1 1541 1540 1855
3065 2 2 5 1 875 872 2922
3066 2 2 5 1 1553 739 2955
3067 2 2 5 1 1914 1984 2871
3068 2 2 5 1 1500 1628 1629
3069 2 2 5 1 1879 2317 2893
3070 2 2 5 1 2453 1973 3391
3071 2 2 5 1 1655 1653 3870
3072 2 2 5 1 3127 2971 3505
3073 2 2 5 1 2518 669 3042
3074 2 2 5 1 600 601 602
3075 2 2 5 1 1458 1318 3527
3076 2 2 5 1 2460 2459 2461
3077 2 2 5 1 795 794 796
3078 2 2 5 1 3201 1933 3323
3079 2 2 5 1 3166 2835 3638
3080 2 2 5 1 1763 1457 1764
3081 2 2 5 1 993 1072 2336
3082 2 2 5 1 1462 1461 1882
3083 2 2 5 1 577 578 579
3084 2 2 5 1 1193 1103 2326
3085 2 2 5 1 2057 1540 2591
3086 2 2 5 1 803 1087 3002
3087 2 2 5 1 2583 764 3183
3088 2 2 5 1 897 909 3739
3089 2 2 5 1 1797 1381 3928
3090 2 2 5 1 2498 1563 3538
3091 2 2 5 1 338 339 2679
3092 2 2 5 1 1724 1496 2691
3093 2 2 5 1 2920 2467 3751
3094 2 2 5 1 3236 2166 3709
3095 2 2 5 1 325 413 2669
3096 2 2 5 1 3430 2181 3650
3097 2 2 5 1 2650 1670 3048
3098 2 2 5 1 2366 3802 3857
3099 2 2 5 1 1568 2888 2889
3100 2 2 5 1 2393 1056 2935
3101 2 2 5 1 2408 2426 3583
3102 2 2 5 1 1129 1279 1280
3103 2 2 5 1 950 932 951
3104 2 2 5 1 1277 1379 3743
3105 2 2 5 1 1141 2484 3769
3106 2 2 5 1 1982 1855 2074
3107 2 2 5 1 2823 836 3736
3108 2 2 5 1 1495 1315 1496
3109 2 2 5 1 1592 1879 2288
3110 2 2 5 1 2680 527 2681
3111 2 2 5 1 1407 1499 1500
3112 2 2 5 1 3332 2316 3431
3113 2 2 5 1 2671 1439 3203
3114 2 2 5 1 1570 1812 2332
3115 2 2 5 1 371 372 2581
3116 2 2 5 1 2113 2435 3030
3117 2 2 5 1 1440 1378 1540
3118 2 2 5 1 1839 1897 3044
3119 2 2 5 1 1692 2838 3286
3120 2 2 5 1 1782 1781 1813
3121 2 2 5 1 1046 2872 3263
3122 2 2 5 1 1403 1899 2778
3123 2 2 5 1 1050 1061 2787
3124 2 2 5 1 1331 1344 1407
3125 2 2 5 1 3189 2181 3660
3126 2 2 5 1 2614 982 3115
3127 2 2 5 1 1966 1813 2144
3128 2 2 5 1 3051 1240 3391
3129 2 2 5 1 2955 698 3866
3130 2 2 5 1 1491 1488 2686
3131 2 2 5 1 2574 405 3329
3132 2 2 5 1 2212 2815 3507
3133 2 2 5 1 1207 1339 1670
3134 2 2 5 1 585 587 3085
3135 2 2 5 1 1956 1696 3201
3136 2 2 5 1 1488 1486 2337
3137 2 2 5 1 1802 1993 3387
3138 2 2 5 1 2680 357 2682
3139 2 2 5 1 3344 1868 3457
3140 2 2 5 1 629 637 638
3141 2 2 5 1 1177 2743 3026
3142 2 2 5 1 1248 1267 1331
3143 2 2 5 1 1905 1668 2985
3144 2 2 5 1 191 455 2724
3145 2 2 5 1 1120 1208 1248
3146 2 2 5 1 2154 2178 3420
3147 2 2 5 1 1743 3151 3627
3148 2 2 5 1 1668 1400 2985
3149 2 2 5 1 590 589 591
3150 2 2 5 1 2581 2582 2720
3151 2 2 5 1 2666 2665 2668
3152 2 2 5 1 1761 1844 3805
3153 2 2 5 1 763 1469 2982
3154 2 2 5 1 2103 1888 2104
3155 2 2 5 1 2519 2341 3580
3156 2 2 5 1 2712 2278 3046
3157 2 2 5 1 1075 1119 1120
3158 2 2 5 1 916 2673 2916
3159 2 2 5 1 2477 3312 3871
3160 2 2 5 1 2240 2239 3102
3161 2 2 5 1 2727 3348 3578
3162 2 2 5 1 1947 1658 2378
3163 2 2 5 1 373 374 3064
3164 2 2 5 1 1274 1109 2819
3165 2 2 5 1 1546 2553 3177
3166 2 2 5 1 345 346 451
3167 2 2 5 1 321 322 2620
3168 2 2 5 1 1068 1069 1070
3169 2 2 5 1 602 603 604
3170 2 2 5 1 2761 2660 3324
3171 2 2 5 1 665 650 2867
3172 2 2 5 1 2794 631 3107
3173 2 2 5 1 1070 1074 1075
3174 2 2 5 1 1641 2030 2325
3175 2 2 5 1 491 432 3138
3176 2 2 5 1 2072 1648 2258
3177 2 2 5 1 525 524 528
3178 2 2 5 1 1209 2676 3043
3179 2 2 5 1 2093 2094 3775
3180 2 2 5 1 2008 1522 2009
3181 2 2 5 1 462 149 2732
3182 2 2 5 1 1547 1358 2245
3183 2 2 5 1 1034 1550 2951
3184 2 2 5 1 579 580 581
3185 2 2 5 1 2133 2078 2714
3186 2 2 5 1 1809 3618 3790
3187 2 2 5 1 1855 2057 2739
3188 2 2 5 1 2633 2235 2634
3189 2 2 5 1 356 357 2680
3190 2 2 5 1 2639 1789 3806
3191 2 2 5 1 344 345 2608
3192 2 2 5 1 709 707 2588
3193 2 2 5 1 2685 3245 3540
3194 2 2 5 1 1911 1892 2368
3195 2 2 5 1 2071 892 2473
3196 2 2 5 1 992 1065 1066
3197 2 2 5 1 1157 875 2922
3198 2 2 5 1 439 335 2702
3199 2 2 5 1 2140 2293 2294
3200 2 2 5 1 3435 380 3530
3201 2 2 5 1 791 784 792
3202 2 2 5 1 2098 2365 2366
3203 2 2 5 1 1280 1295 1296
3204 2 2 5 1 2564 636 3254
3205 2 2 5 1 680 688 3265
3206 2 2 5 1 1382 1383 1385
3207 2 2 5 1 1066 1067 1068
3208 2 2 5 1 2592 2591 2593
3209 2 2 5 1 375 430 2759
3210 2 2 5 1 1021 1019 1209
3211 2 2 5 1 146 459 2735
3212 2 2 5 1 1296 1381 1382
3213 2 2 5 1 2043 1471 2731
3214 2 2 5 1 318 319 457
3215 2 2 5 1 327 328 458
3216 2 2 5 1 449 198 2726
3217 2 2 5 1 1393 2873 3913
3218 2 2 5 1 1132 841 1133
3219 2 2 5 1 150 462 2736
3220 2 2 5 1 358 359 539
3221 2 2 5 1 2979 2615 3327
3222 2 2 5 1 1635 2005 3250
3223 2 2 5 1 1724 2691 3629
3224 2 2 5 1 2637 490 3188
3225 2 2 5 1 2213 1759 2324
3226 2 2 5 1 1025 1023 1027
3227 2 2 5 1 604 605 606
3228 2 2 5 1 2500 2501 3806
3229 2 2 5 1 1982 2953 3156
3230 2 2 5 1 788 811 2683
3231 2 2 5 1 335 336 2702
3232 2 2 5 1 1817 1816 1818
3233 2 2 5 1 1585 1587 3826
3234 2 2 5 1 2138 2139 2140
3235 2 2 5 1 3275 2461 3396
3236 2 2 5 1 1302 1324 3683
3237 2 2 5 1 1787 2218 3349
3238 2 2 5 1 194 193 2708
3239 2 2 5 1 1390 1455 2106
3240 2 2 5 1 2534 2460 3876
3241 2 2 5 1 2231 1553 2955
3242 2 2 5 1 2176 1614 3852
3243 2 2 5 1 2415 2414 2416
3244 2 2 5 1 1646 1753 1754
3245 2 2 5 1 811 818 819
3246 2 2 5 1 2396 2397 3025
3247 2 2 5 1 392 196 2740
3248 2 2 5 1 1593 1595 3754
3249 2 2 5 1 3346 2616 3783
3250 2 2 5 1 594 593 595
3251 2 2 5 1 1048 1055 2677
3252 2 2 5 1 1987 1986 2535
3253 2 2 5 1 1481 2035 3560
3254 2 2 5 1 438 3080 3530
3255 2 2 5 1 1388 1389 1390
3256 2 2 5 1 2692 627 3424
3257 2 2 5 1 1929 1900 2870
3258 2 2 5 1 2345 1562 2815
3259 2 2 5 1 1195 2613 2987
3260 2 2 5 1 2034 3070 3242
3261 2 2 5 1 2635 2303 3495
3262 2 2 5 1 370 450 3129
3263 2 2 5 1 1205 1204 1206
3264 2 2 5 1 1398 1745 1746
3265 2 2 5 1 2320 2463 2464
3266 2 2 5 1 1559 1826 1827
3267 2 2 5 1 1766 2389 2390
3268 2 2 5 1 1864 1863 1865
3269 2 2 5 1 2545 733 3457
3270 2 2 5 1 2089 2240 2603
3271 2 2 5 1 2 318 2729
3272 2 2 5 1 529 528 531
3273 2 2 5 1 2659 2660 2761
3274 2 2 5 1 1777 2530 2531
3275 2 2 5 1 326 327 2665
3276 2 2 5 1 762 758 3712
3277 2 2 5 1 450 2720 3463
3278 2 2 5 1 1773 1771 1774
3279 2 2 5 1 2417 2416 2418
3280 2 2 5 1 797 796 798
3281 2 2 5 1 2864 1287 3305
3282 2 2 5 1 841 1143 2744
3283 2 2 5 1 1661 1659 3896
3284 2 2 5 1 2318 1849 3754
3285 2 2 5 1 1518 2430 3583
3286 2 2 5 1 606 607 608
3287 2 2 5 1 2333 2192 3695
3288 2 2 5 1 865 864 2650
3289 2 2 5 1 145 144 2715
3290 2 2 5 1 420 184 2762
3291 2 2 5 1 523 3178 3508
3292 2 2 5 1 2388 2053 2757
3293 2 2 5 1 633 631 2794
3294 2 2 5 1 821 824 825
3295 2 2 5 1 3218 3345 3428
3296 2 2 5 1 2376 1868 3790
3297 2 2 5 1 2115 2599 3339
3298 2 2 5 1 2669 2667 2671
3299 2 2 5 1 520 519 524
3300 2 2 5 1 484 3371 3372
3301 2 2 5 1 3014 355 3728
3302 2 2 5 1 357 358 2682
3303 2 2 5 1 461 186 2747
3304 2 2 5 1 1793 1389 3930
3305 2 2 5 1 1846 1504 2443
3306 2 2 5 1 2539 2243 2728
3307 2 2 5 1 1449 1470 1471
3308 2 2 5 1 1156 834 2844
3309 2 2 5 1 1172 1283 2455
3310 2 2 5 1 2234 1881 2719
3311 2 2 5 1 1368 1369 1370
3312 2 2 5 1 2087 2801 3065
3313 2 2 5 1 2746 3043 3149
3314 2 2 5 1 2018 2017 3828
3315 2 2 5 1 2020 2422 3815
3316 2 2 5 1 2288 1879 3319
3317 2 2 5 1 2760 2404 3773
3318 2 2 5 1 3460 1360 3566
3319 2 2 5 1 825 861 862
3320 2 2 5 1 1571 1572 1573
3321 2 2 5 1 1143 1643 3125
3322 2 2 5 1 368 369 490
3323 2 2 5 1 316 447 2771
3324 2 2 5 1 2580 2028 3502
3325 2 2 5 1 2649 877 2964
3326 2 2 5 1 155 154 434
3327 2 2 5 1 187 461 2749
3328 2 2 5 1 596 595 597
3329 2 2 5 1 374 375 2759
3330 2 2 5 1 1424 1423 1425
3331 2 2 5 1 2336 1072 3112
3332 2 2 5 1 2450 3303 3331
3333 2 2 5 1 2892 1179 3503
3334 2 2 5 1 1434 1436 3897
3335 2 2 5 1 1700 3394 3490
3336 2 2 5 1 2136 2137 2138
3337 2 2 5 1 799 798 801
3338 2 2 5 1 583 585 2575
3339 2 2 5 1 1347 1349 3237
3340 2 2 5 1 1819 1818 1884
3341 2 2 5 1 1930 1929 1931
3342 2 2 5 1 448 330 2772
3343 2 2 5 1 2285 2286 2287
3344 2 2 5 1 3369 2483 3551
3345 2 2 5 1 2413 2207 2804
3346 2 2 5 1 192 191 2724
3347 2 2 5 1 608 609 610
3348 2 2 5 1 785 2592 3764
3349 2 2 5 1 1889 1764 1890
3350 2 2 5 1 2775 673 2831
3351 2 2 5 1 614 616 2559
3352 2 2 5 1 770 772 773
3353 2 2 5 1 1294 1293 2081
3354 2 2 5 1 1506 1505 1507
3355 2 2 5 1 418 2780 3015
3356 2 2 5 1 148 419 2732
3357 2 2 5 1 2492 2493 3593
3358 2 2 5 1 2178 1723 2179
3359 2 2 5 1 419 147 2735
3360 2 2 5 1 149 148 2732
3361 2 2 5 1 351 352 443
3362 2 2 5 1 400 151 2736
3363 2 2 5 1 749 686 2717
3364 2 2 5 1 1814 1905 2796
3365 2 2 5 1 2489 2002 3823
3366 2 2 5 1 2640 3322 3667
3367 2 2 5 1 1686 2663 3267
3368 2 2 5 1 1841 1340 2716
3369 2 2 5 1 1194 1063 3049
3370 2 2 5 1 1835 1951 1952
3371 2 2 5 1 1650 1649 1651
3372 2 2 5 1 2210 1931 2211
3373 2 2 5 1 2660 2083 3422
3374 2 2 5 1 198 197 2726
3375 2 2 5 1 688 678 2723
3376 2 2 5 1 1085 3328 3342
3377 2 2 5 1 1827 1834 1835
3378 2 2 5 1 1131 1330 1449
3379 2 2 5 1 152 151 400
3380 2 2 5 1 9 2279 3862
3381 2 2 5 1 2199 2885 3474
3382 2 2 5 1 2294 2293 2882
3383 2 2 5 1 518 517 519
3384 2 2 5 1 330 331 2772
3385 2 2 5 1 1080 1242 2768
3386 2 2 5 1 315 316 2771
3387 2 2 5 1 3096 1975 3422
3388 2 2 5 1 196 195 2740
3389 2 2 5 1 2089 2239 2240
3390 2 2 5 1 1943 2481 3285
3391 2 2 5 1 148 147 419
3392 2 2 5 1 150 149 462
3393 2 2 5 1 341 342 3836
3394 2 2 5 1 184 183 2762
3395 2 2 5 1 666 667 1214
3396 2 2 5 1 819 826 827
3397 2 2 5 1 2012 1857 2013
3398 2 2 5 1 2000 1450 2491
3399 2 2 5 1 453 140 2755
3400 2 2 5 1 2448 836 2823
3401 2 2 5 1 2070 2668 3465
3402 2 2 5 1 676 2605 3800
3403 2 2 5 1 146 145 459
3404 2 2 5 1 1338 1667 2088
3405 2 2 5 1 1336 1318 1337
3406 2 2 5 1 339 340 2701
3407 2 2 5 1 1271 1320 1321
3408 2 2 5 1 2589 445 3462
3409 2 2 5 1 1370 1371 1372
3410 2 2 5 1 1953 2289 3366
3411 2 2 5 1 1666 2019 3641
3412 2 2 5 1 147 146 2735
3413 2 2 5 1 2206 2205 2207
3414 2 2 5 1 529 3370 3707
3415 2 2 5 1 1358 1362 2245
3416 2 2 5 1 3288 2058 3359
3417 2 2 5 1 2337 2511 3596
3418 2 2 5 1 2208 2207 2209
3419 2 2 5 1 183 182 460
3420 2 2 5 1 138 137 2779
3421 2 2 5 1 185 184 420
3422 2 2 5 1 1634 939 3022
3423 2 2 5 1 2118 1718 3826
3424 2 2 5 1 714 716 2754
3425 2 2 5 1 2484 3111 3769
3426 2 2 5 1 1983 2673 3753
3427 2 2 5 1 1660 1659 1661
3428 2 2 5 1 509 512 513
3429 2 2 5 1 1356 1355 1357
3430 2 2 5 1 1516 1515 1517
3431 2 2 5 1 185 420 2747
3432 2 2 5 1 2358 2356 3891
3433 2 2 5 1 2645 2644 3920
3434 2 2 5 1 1333 1188 2602
3435 2 2 5 1 1736 2909 3380
3436 2 2 5 1 3121 1524 3489
3437 2 2 5 1 1906 1865 1907
3438 2 2 5 1 1134 1133 1135
3439 2 2 5 1 140 139 2755
3440 2 2 5 1 334 439 2767
3441 2 2 5 1 1426 1425 1427
3442 2 2 5 1 187 186 461
3443 2 2 5 1 189 188 396
3444 2 2 5 1 3568 2853 3846
3445 2 2 5 1 151 150 2736
3446 2 2 5 1 684 680 3898
3447 2 2 5 1 2069 1937 2070
3448 2 2 5 1 859 1160 3082
3449 2 2 5 1 396 188 2749
3450 2 2 5 1 1416 1337 1417
3451 2 2 5 1 2759 2015 3064
3452 2 2 5 1 2382 1193 3432
3453 2 2 5 1 1459 1287 2864
3454 2 2 5 1 1699 1310 2130
3455 2 2 5 1 598 597 599
3456 2 2 5 1 1418 1417 1419
3457 2 2 5 1 2782 2597 3365
3458 2 2 5 1 652 747 1395
3459 2 2 5 1 1440 1540 1541
3460 2 2 5 1 490 3129 3188
3461 2 2 5 1 1803 3005 3766
3462 2 2 5 1 352 353 2709
3463 2 2 5 1 2655 1955 2790
3464 2 2 5 1 1573 1574 1575
3465 2 2 5 1 157 156 465
3466 2 2 5 1 3002 1408 3003
3467 2 2 5 1 1428 1427 1429
3468 2 2 5 1 1537 1274 2819
3469 2 2 5 1 183 460 2762
3470 2 2 5 1 2457 2459 2460
3471 2 2 5 1 381 382 438
3472 2 2 5 1 334 335 439
3473 2 2 5 1 144 143 393
3474 2 2 5 1 1754 1755 1756
3475 2 2 5 1 193 192 410
3476 2 2 5 1 1420 1419 1421
3477 2 2 5 1 1800 1537 1937
3478 2 2 5 1 2143 2886 3364
3479 2 2 5 1 1508 1507 1509
3480 2 2 5 1 2677 1233 3799
3481 2 2 5 1 1502 1429 1503
3482 2 2 5 1 1593 1594 1595
3483 2 2 5 1 186 185 2747
3484 2 2 5 1 316 317 447
3485 2 2 5 1 329 330 448
3486 2 2 5 1 347 348 489
3487 2 2 5 1 1372 1373 1374
3488 2 2 5 1 3580 2895 3584
3489 2 2 5 1 188 187 2749
3490 2 2 5 1 197 196 392
3491 2 2 5 1 1541 1855 1982
3492 2 2 5 1 191 190 455
3493 2 2 5 1 2777 2355 2820
3494 2 2 5 1 1585 1586 1587
3495 2 2 5 1 2769 2770 3922
3496 2 2 5 1 2102 1765 3897
3497 2 2 5 1 3177 530 3707
3498 2 2 5 1 2729 457 3073
3499 2 2 5 1 1434 1435 1436
3500 2 2 5 1 180 179 401
3501 2 2 5 1 438 382 2766
3502 2 2 5 1 1832 633 2794
3503 2 2 5 1 193 410 2708
3504 2 2 5 1 1268 1263 1269
3505 2 2 5 1 2760 1534 3793
3506 2 2 5 1 2211 1931 2813
3507 2 2 5 1 1756 1757 1758
3508 2 2 5 1 144 393 2715
3509 2 2 5 1 2672 2070 3626
3510 2 2 5 1 2549 1889 2550
3511 2 2 5 1 778 805 821
3512 2 2 5 1 378 421 3926
3513 2 2 5 1 195 194 454
3514 2 2 5 1 657 2499 3682
3515 2 2 5 1 195 454 2740
3516 2 2 5 1 1510 1509 1511
3517 2 2 5 1 1652 1651 1653
3518 2 2 5 1 1380 1568 1569
3519 2 2 5 1 1324 1304 1456
3520 2 2 5 1 935 934 936
3521 2 2 5 1 333 334 2767
3522 2 2 5 1 2637 3188 3405
3523 2 2 5 1 2390 2401 2402
3524 2 2 5 1 1098 1099 1100
3525 2 2 5 1 1208 1119 2873
3526 2 2 5 1 2111 2013 2112
3527 2 2 5 1 1193 3299 3308
3528 2 2 5 1 2459 2484 3772
3529 2 2 5 1 1575 1576 1577
3530 2 2 5 1 383 476 2766
3531 2 2 5 1 1687 2576 3601
3532 2 2 5 1 1954 2618 2717
3533 2 2 5 1 1785 1784 1943
3534 2 2 5 1 775 780 2684
3535 2 2 5 1 136 135 2738
3536 2 2 5 1 1538 1804 1805
3537 2 2 5 1 159 158 405
3538 2 2 5 1 828 560 2508
3539 2 2 5 1 1226 2580 3168
3540 2 2 5 1 3217 674 3564
3541 2 2 5 1 1469 1971 2982
3542 2 2 5 1 1261 1260 1290
3543 2 2 5 1 3579 1069 3698
3544 2 2 5 1 1529 1528 1530
3545 2 2 5 1 390 389 2568
3546 2 2 5 1 410 192 2724
3547 2 2 5 1 773 774 775
3548 2 2 5 1 2116 2773 3048
3549 2 2 5 1 2177 2524 3690
3550 2 2 5 1 178 177 466
3551 2 2 5 1 2242 1806 2243
3552 2 2 5 1 2246 2245 2494
3553 2 2 5 1 382 383 2766
3554 2 2 5 1 3590 2370 3704
3555 2 2 5 1 1682 1661 1683
3556 2 2 5 1 1915 1917 3838
3557 2 2 5 1 3442 2760 3773
3558 2 2 5 1 2541 466 3556
3559 2 2 5 1 477 333 2767
3560 2 2 5 1 1885 1884 2024
3561 2 2 5 1 1727 1726 1728
3562 2 2 5 1 2180 2179 2181
3563 2 2 5 1 137 452 2779
3564 2 2 5 1 1546 1910 2553
3565 2 2 5 1 780 788 2683
3566 2 2 5 1 616 618 3094
3567 2 2 5 1 515 513 517
3568 2 2 5 1 1883 2302 3896
3569 2 2 5 1 2245 1362 3602
3570 2 2 5 1 1374 1375 1376
3571 2 2 5 1 547 2826 2827
3572 2 2 5 1 3132 1886 3231
3573 2 2 5 1 2547 1872 2548
3574 2 2 5 1 2909 538 3402
3575 2 2 5 1 383 384 476
3576 2 2 5 1 2745 2746 2890
3577 2 2 5 1 332 333 477
3578 2 2 5 1 1577 1578 1579
3579 2 2 5 1 1675 1305 3434
3580 2 2 5 1 894 893 895
3581 2 2 5 1 2469 1903 2742
3582 2 2 5 1 1214 1215 1400
3583 2 2 5 1 2310 833 2874
3584 2 2 5 1 2086 2085 2087
3585 2 2 5 1 101 2635 3495
3586 2 2 5 1 3255 2631 3469
3587 2 2 5 1 11 425 2611
3588 2 2 5 1 1512 1511 1513
3589 2 2 5 1 354 355 3014
3590 2 2 5 1 311 310 3309
3591 2 2 5 1 2211 2813 2814
3592 2 2 5 1 1467 1468 3090
3593 2 2 5 1 1136 1135 1137
3594 2 2 5 1 166 165 398
3595 2 2 5 1 1436 1437 1639
3596 2 2 5 1 1654 1653 1655
3597 2 2 5 1 2414 2413 3888
3598 2 2 5 1 1064 991 2847
3599 2 2 5 1 176 175 427
3600 2 2 5 1 1531 1530 1532
3601 2 2 5 1 2391 2583 2880
3602 2 2 5 1 914 913 915
3603 2 2 5 1 1749 1684 1806
3604 2 2 5 1 3266 1831 3574
3605 2 2 5 1 737 3451 3610
3606 2 2 5 1 161 160 467
3607 2 2 5 1 197 392 2726
3608 2 2 5 1 2202 2068 2203
3609 2 2 5 1 169 168 435
3610 2 2 5 1 172 171 406
3611 2 2 5 1 29 441 2646
3612 2 2 5 1 2774 2176 2775
3613 2 2 5 1 1595 1596 1597
3614 2 2 5 1 827 834 835
3615 2 2 5 1 2731 1471 2953
3616 2 2 5 1 2588 1307 3040
3617 2 2 5 1 1354 1352 1355
3618 2 2 5 1 1096 823 1260
3619 2 2 5 1 1401 1403 2778
3620 2 2 5 1 174 173 471
3621 2 2 5 1 2467 2920 3521
3622 2 2 5 1 1579 1580 1581
3623 2 2 5 1 3404 3430 3494
3624 2 2 5 1 923 922 924
3625 2 2 5 1 907 906 908
3626 2 2 5 1 1273 1535 1538
3627 2 2 5 1 994 995 996
3628 2 2 5 1 1494 2238 3799
3629 2 2 5 1 1827 2617 3699
3630 2 2 5 1 1702 1703 1704
3631 2 2 5 1 312 311 480
3632 2 2 5 1 141 140 453
3633 2 2 5 1 1731 2231 2703
3634 2 2 5 1 1656 1655 1657
3635 2 2 5 1 1034 1036 1550
3636 2 2 5 1 2987 2304 3389
3637 2 2 5 1 1587 1588 1589
3638 2 2 5 1 581 582 583
3639 2 2 5 1 862 1116 1117
3640 2 2 5 1 1217 846 1784
3641 2 2 5 1 424 2984 3541
3642 2 2 5 1 360 526 3585
3643 2 2 5 1 163 162 433
3644 2 2 5 1 838 1142 2381
3645 2 2 5 1 2433 2016 3525
3646 2 2 5 1 2605 2060 3800
3647 2 2 5 1 2280 2281 3796
3648 2 2 5 1 413 2667 2669
3649 2 2 5 1 2011 2632 3572
3650 2 2 5 1 1746 2147 2148
3651 2 2 5 1 1128 1071 2888
3652 2 2 5 1 1544 2165 2840
3653 2 2 5 1 610 611 612
3654 2 2 5 1 887 886 888
3655 2 2 5 1 1581 1582 1583
3656 2 2 5 1 3325 2223 3678
3657 2 2 5 1 1237 1206 1238
3658 2 2 5 1 2446 2096 3197
3659 2 2 5 1 656 654 657
3660 2 2 5 1 1937 1537 2819
3661 2 2 5 1 896 895 897
3662 2 2 5 1 2506 2283 3340
3663 2 2 5 1 1329 1953 2758
3664 2 2 5 1 1611 1613 3781
3665 2 2 5 1 2770 2374 3717
3666 2 2 5 1 791 792 793
3667 2 2 5 1 600 599 601
3668 2 2 5 1 1325 1290 1326
3669 2 2 5 1 374 2759 3064
3670 2 2 5 1 1082 953 1083
3671 2 2 5 1 3129 2488 3188
3672 2 2 5 1 540 534 3450
3673 2 2 5 1 490 369 3129
3674 2 2 5 1 1915 1916 1917
3675 2 2 5 1 3164 3350 3511
3676 2 2 5 1 1597 1598 1599
3677 2 2 5 1 2486 2963 3910
3678 2 2 5 1 1014 1016 3034
3679 2 2 5 1 1031 1018 1032
3680 2 2 5 1 910 908 911
3681 2 2 5 1 139 138 408
3682 2 2 5 1 2963 1158 2996
3683 2 2 5 1 1233 1494 3799
3684 2 2 5 1 1403 1674 1899
3685 2 2 5 1 917 915 918
3686 2 2 5 1 898 897 899
3687 2 2 5 1 143 142 2829
3688 2 2 5 1 1292 1282 1293
3689 2 2 5 1 1311 1192 3308
3690 2 2 5 1 2840 1115 3483
3691 2 2 5 1 1464 1279 2855
3692 2 2 5 1 844 845 1093
3693 2 2 5 1 566 565 567
3694 2 2 5 1 175 174 2881
3695 2 2 5 1 937 936 938
3696 2 2 5 1 2820 1157 3672
3697 2 2 5 1 2635 101 3887
3698 2 2 5 1 155 434 2849
3699 2 2 5 1 2299 2560 3516
3700 2 2 5 1 835 864 865
3701 2 2 5 1 1182 1181 2700
3702 2 2 5 1 919 918 920
3703 2 2 5 1 135 391 2738
3704 2 2 5 1 199 198 449
3705 2 2 5 1 2840 2165 3671
3706 2 2 5 1 1086 665 2867
3707 2 2 5 1 927 924 928
3708 2 2 5 1 3796 2283 3928
3709 2 2 5 1 2612 2856 3909
3710 2 2 5 1 2432 2433 3357
3711 2 2 5 1 947 945 948
3712 2 2 5 1 963 965 966
3713 2 2 5 1 414 2622 2623
3714 2 2 5 1 2832 2754 3050
3715 2 2 5 1 2329 2327 3665
3716 2 2 5 1 444 2597 2782
3717 2 2 5 1 1449 1330 1470
3718 2 2 5 1 708 707 709
3719 2 2 5 1 448 2654 3228
3720 2 2 5 1 1093 1094 1148
3721 2 2 5 1 2220 2812 2877
3722 2 2 5 1 2706 2857 3458
3723 2 2 5 1 975 976 977
3724 2 2 5 1 2608 451 3191
3725 2 2 5 1 987 988 989
3726 2 2 5 1 942 938 943
3727 2 2 5 1 737 734 3733
3728 2 2 5 1 1944 1943 1945
3729 2 2 5 1 793 794 795
3730 2 2 5 1 638 637 643
3731 2 2 5 1 2300 2703 3840
3732 2 2 5 1 996 997 998
3733 2 2 5 1 2333 1634 3022
3734 2 2 5 1 1897 1459 2864
3735 2 2 5 1 1138 1077 1139
3736 2 2 5 1 1301 1246 1302
3737 2 2 5 1 890 888 891
3738 2 2 5 1 2628 2153 3929
3739 2 2 5 1 3324 2660 3421
3740 2 2 5 1 2763 2252 2764
3741 2 2 5 1 346 347 2896
3742 2 2 5 1 1188 1249 1477
3743 2 2 5 1 1226 1476 2580
3744 2 2 5 1 3110 1518 3583
3745 2 2 5 1 492 491 497
3746 2 2 5 1 3001 1251 3083
3747 2 2 5 1 2699 757 3426
3748 2 2 5 1 3648 2427 3843
3749 2 2 5 1 1001 999 3163
3750 2 2 5 1 2103 2616 3346
3751 2 2 5 1 2609 2093 3775
3752 2 2 5 1 1245 1139 1246
3753 2 2 5 1 1712 1713 1714
3754 2 2 5 1 1902 1447 1903
3755 2 2 5 1 2317 2318 3561
3756 2 2 5 1 1394 1194 2197
3757 2 2 5 1 2022 2687 3886
3758 2 2 5 1 902 899 903
3759 2 2 5 1 1471 1470 1632
3760 2 2 5 1 137 136 452
3761 2 2 5 1 2730 467 3851
3762 2 2 5 1 1076 1059 1077
3763 2 2 5 1 3477 2215 3570
3764 2 2 5 1 2604 2153 3881
3765 2 2 5 1 1599 1600 1601
3766 2 2 5 1 1840 2060 3052
3767 2 2 5 1 1050 1032 1052
3768 2 2 5 1 427 175 2881
3769 2 2 5 1 2438 1811 2950
3770 2 2 5 1 170 169 2789
3771 2 2 5 1 2707 1981 3454
3772 2 2 5 1 139 408 2755
3773 2 2 5 1 2513 2512 3916
3774 2 2 5 1 694 690 695
3775 2 2 5 1 1779 1392 2050
3776 2 2 5 1 156 155 2849
3777 2 2 5 1 1377 1326 1378
3778 2 2 5 1 408 138 2779
3779 2 2 5 1 711 709 712
3780 2 2 5 1 977 978 979
3781 2 2 5 1 1404 3871 3875
3782 2 2 5 1 704 703 705
3783 2 2 5 1 2143 2141 3406
3784 2 2 5 1 2763 642 3227
3785 2 2 5 1 568 567 573
3786 2 2 5 1 2155 2154 2997
3787 2 2 5 1 1704 1705 1706
3788 2 2 5 1 1100 1104 1105
3789 2 2 5 1 998 999 1000
3790 2 2 5 1 393 143 2829
3791 2 2 5 1 3286 2838 3518
3792 2 2 5 1 1216 3057 3576
3793 2 2 5 1 2448 2823 3850
3794 2 2 5 1 2642 3875 3920
3795 2 2 5 1 441 561 1313
3796 2 2 5 1 2109 2156 2253
3797 2 2 5 1 468 432 469
3798 2 2 5 1 2157 1903 2469
3799 2 2 5 1 2404 1831 3266
3800 2 2 5 1 2032 2009 3013
3801 2 2 5 1 1027 2745 2890
3802 2 2 5 1 1058 1052 1059
3803 2 2 5 1 472 354 3014
3804 2 2 5 1 2063 1928 2064
3805 2 2 5 1 979 980 981
3806 2 2 5 1 966 967 968
3807 2 2 5 1 2493 2495 3663
3808 2 2 5 1 1647 1816 1817
3809 2 2 5 1 664 650 665
3810 2 2 5 1 22 409 2852
3811 2 2 5 1 2065 2064 2066
3812 2 2 5 1 2910 2379 3520
3813 2 2 5 1 2776 1737 3304
3814 2 2 5 1 164 163 2793
3815 2 2 5 1 2479 1484 3037
3816 2 2 5 1 3164 1767 3350
3817 2 2 5 1 2927 2468 3753
3818 2 2 5 1 1917 1919 1920
3819 2 2 5 1 801 841 1132
3820 2 2 5 1 602 601 603
3821 2 2 5 1 1646 1644 1753
3822 2 2 5 1 1401 2778 2985
3823 2 2 5 1 1829 2947 3704
3824 2 2 5 1 1841 2716 3755
3825 2 2 5 1 1974 1448 1975
3826 2 2 5 1 2657 2012 3640
3827 2 2 5 1 1148 1149 1203
3828 2 2 5 1 169 435 2789
3829 2 2 5 1 3242 881 3729
3830 2 2 5 1 2346 2345 3500
3831 2 2 5 1 1800 1937 2069
3832 2 2 5 1 1706 1707 1708
3833 2 2 5 1 2371 2336 3873
3834 2 2 5 1 659 656 2689
3835 2 2 5 1 639 633 1832
3836 2 2 5 1 1626 2027 2805
3837 2 2 5 1 135 134 391
3838 2 2 5 1 2300 3115 3812
3839 2 2 5 1 1000 1001 1002
3840 2 2 5 1 1283 2563 3778
3841 2 2 5 1 1842 2801 3461
3842 2 2 5 1 644 643 648
3843 2 2 5 1 1117 1170 1171
3844 2 2 5 1 389 388 482
3845 2 2 5 1 612 613 614
3846 2 2 5 1 388 387 2824
3847 2 2 5 1 1163 2912 3501
3848 2 2 5 1 2362 2699 3426
3849 2 2 5 1 1439 1378 1440
3850 2 2 5 1 387 386 488
3851 2 2 5 1 968 969 970
3852 2 2 5 1 1611 1612 1613
3853 2 2 5 1 1040 1042 1162
3854 2 2 5 1 1601 1602 1603
3855 2 2 5 1 3019 504 3213
3856 2 2 5 1 409 543 544
3857 2 2 5 1 1007 1008 3825
3858 2 2 5 1 452 136 2738
3859 2 2 5 1 2512 1526 3916
3860 2 2 5 1 728 727 729
3861 2 2 5 1 857 2768 3819
3862 2 2 5 1 1973 2108 2109
3863 2 2 5 1 1105 1181 1182
3864 2 2 5 1 2088 2089 2603
3865 2 2 5 1 528 540 3923
3866 2 2 5 1 3290 1941 3390
3867 2 2 5 1 1784 846 3059
3868 2 2 5 1 981 982 983
3869 2 2 5 1 2971 2969 3036
3870 2 2 5 1 604 603 605
3871 2 2 5 1 1729 1484 2479
3872 2 2 5 1 1002 1003 1004
3873 2 2 5 1 970 972 973
3874 2 2 5 1 3259 1302 3683
3875 2 2 5 1 628 621 2828
3876 2 2 5 1 2402 2513 3916
3877 2 2 5 1 3005 2035 3766
3878 2 2 5 1 2423 2021 2628
3879 2 2 5 1 313 312 3105
3880 2 2 5 1 465 156 2849
3881 2 2 5 1 2642 1404 3875
3882 2 2 5 1 2356 2357 3891
3883 2 2 5 1 1008 1009 1010
3884 2 2 5 1 1087 1408 3002
3885 2 2 5 1 2322 2430 3644
3886 2 2 5 1 2458 2456 3778
3887 2 2 5 1 1971 2510 3712
3888 2 2 5 1 872 870 2922
3889 2 2 5 1 2315 2314 2316
3890 2 2 5 1 1925 1924 1926
3891 2 2 5 1 2450 1053 3597
3892 2 2 5 1 1636 1323 1809
3893 2 2 5 1 163 433 2793
3894 2 2 5 1 3011 1994 3059
3895 2 2 5 1 2293 2139 3556
3896 2 2 5 1 1953 1959 2289
3897 2 2 5 1 2071 3433 3798
3898 2 2 5 1 825 824 861
3899 2 2 5 1 1004 1005 1006
3900 2 2 5 1 141 453 2693
3901 2 2 5 1 723 722 724
3902 2 2 5 1 171 170 2788
3903 2 2 5 1 1937 2819 3269
3904 2 2 5 1 3311 2643 3875
3905 2 2 5 1 575 822 3173
3906 2 2 5 1 614 615 616
3907 2 2 5 1 2589 2274 3756
3908 2 2 5 1 795 796 797
3909 2 2 5 1 951 1361 1697
3910 2 2 5 1 1750 1936 1973
3911 2 2 5 1 606 605 607
3912 2 2 5 1 575 573 576
3913 2 2 5 1 731 729 732
3914 2 2 5 1 2094 1397 3120
3915 2 2 5 1 2785 2105 3634
3916 2 2 5 1 1933 1180 3060
3917 2 2 5 1 459 2715 2997
3918 2 2 5 1 560 563 2508
3919 2 2 5 1 1618 2314 2315
3920 2 2 5 1 1697 1698 1750
3921 2 2 5 1 713 712 714
3922 2 2 5 1 649 648 653
3923 2 2 5 1 2114 2566 3510
3924 2 2 5 1 692 2706 3458
3925 2 2 5 1 859 833 860
3926 2 2 5 1 821 805 824
3927 2 2 5 1 2147 2462 3682
3928 2 2 5 1 1096 1260 1261
3929 2 2 5 1 1366 1180 1933
3930 2 2 5 1 1189 1137 1190
3931 2 2 5 1 2970 2969 2971
3932 2 2 5 1 463 431 464
3933 2 2 5 1 2254 3435 3530
3934 2 2 5 1 608 607 609
3935 2 2 5 1 1261 1290 1325
3936 2 2 5 1 160 159 2930
3937 2 2 5 1 1040 1162 3271
3938 2 2 5 1 1092 2598 3638
3939 2 2 5 1 1902 1903 2157
3940 2 2 5 1 743 665 744
3941 2 2 5 1 1885 2928 3157
3942 2 2 5 1 982 980 3115
3943 2 2 5 1 545 2451 2852
3944 2 2 5 1 2209 2414 2415
3945 2 2 5 1 168 167 2825
3946 2 2 5 1 33 32 411
3947 2 2 5 1 1743 1409 1752
3948 2 2 5 1 2261 2637 3405
3949 2 2 5 1 862 861 1116
3950 2 2 5 1 1217 1784 1785
3951 2 2 5 1 2119 2120 2121
3952 2 2 5 1 1851 1852 1853
3953 2 2 5 1 2995 2227 3364
3954 2 2 5 1 820 1095 1112
3955 2 2 5 1 2257 2000 2959
3956 2 2 5 1 1411 442 2261
3957 2 2 5 1 1395 2698 3486
3958 2 2 5 1 810 817 3570
3959 2 2 5 1 1538 1535 1804
3960 2 2 5 1 2084 3132 3231
3961 2 2 5 1 2017 2257 3365
3962 2 2 5 1 1446 1901 1904
3963 2 2 5 1 351 443 3212
3964 2 2 5 1 1151 2071 3181
3965 2 2 5 1 406 171 2788
3966 2 2 5 1 587 590 3085
3967 2 2 5 1 2277 2711 3121
3968 2 2 5 1 2503 2299 3516
3969 2 2 5 1 2373 1479 3560
3970 2 2 5 1 616 617 618
3971 2 2 5 1 1664 1669 3706
3972 2 2 5 1 831 802 833
3973 2 2 5 1 1365 1866 2119
3974 2 2 5 1 610 609 611
3975 2 2 5 1 1754 1753 1755
3976 2 2 5 1 583 584 585
3977 2 2 5 1 741 738 742
3978 2 2 5 1 2295 2294 2704
3979 2 2 5 1 1085 857 3819
3980 2 2 5 1 739 700 2955
3981 2 2 5 1 1603 1605 1606
3982 2 2 5 1 815 847 1110
3983 2 2 5 1 1329 1523 1953
3984 2 2 5 1 1881 1758 2149
3985 2 2 5 1 2341 2340 3637
3986 2 2 5 1 750 746 751
3987 2 2 5 1 656 657 2689
3988 2 2 5 1 1544 1734 2165
3989 2 2 5 1 3506 2529 3589
3990 2 2 5 1 1132 1133 1134
3991 2 2 5 1 23 22 2852
3992 2 2 5 1 159 405 2930
3993 2 2 5 1 539 3585 3791
3994 2 2 5 1 1466 1465 3089
3995 2 2 5 1 999 1121 3163
3996 2 2 5 1 1272 1190 1340
3997 2 2 5 1 1227 1412 1413
3998 2 2 5 1 435 168 2825
3999 2 2 5 1 451 346 2896
4000 2 2 5 1 29 28 441
4001 2 2 5 1 591 592 593
4002 2 2 5 1 7 549 2722
4003 2 2 5 1 1472 1625 1626
4004 2 2 5 1 1398 1746 3054
4005 2 2 5 1 2121 2122 2555
4006 2 2 5 1 1010 1011 1012
4007 2 2 5 1 1888 1463 3259
4008 2 2 5 1 2220 2587 2812
4009 2 2 5 1 735 734 736
4010 2 2 5 1 1542 1544 2840
4011 2 2 5 1 1975 1448 3068
4012 2 2 5 1 900 929 3630
4013 2 2 5 1 1129 1280 3112
4014 2 2 5 1 2008 2009 2031
4015 2 2 5 1 2555 2556 2557
4016 2 2 5 1 688 3044 3472
4017 2 2 5 1 2428 2429 3926
4018 2 2 5 1 1110 1111 1131
4019 2 2 5 1 131 130 412
4020 2 2 5 1 2238 2677 3799
4021 2 2 5 1 401 2640 3667
4022 2 2 5 1 2617 1827 3767
4023 2 2 5 1 1805 1804 1838
4024 2 2 5 1 3191 3554 3797
4025 2 2 5 1 1536 1274 1537
4026 2 2 5 1 2601 2202 3915
4027 2 2 5 1 162 161 2936
4028 2 2 5 1 1112 1113 1114
4029 2 2 5 1 2476 2477 3871
4030 2 2 5 1 881 2421 3729
4031 2 2 5 1 1617 1618 2856
4032 2 2 5 1 1300 1963 1964
4033 2 2 5 1 1899 2177 2872
4034 2 2 5 1 1902 2157 2158
4035 2 2 5 1 618 620 621
4036 2 2 5 1 1220 1319 1472
4037 2 2 5 1 868 866 3499
4038 2 2 5 1 901 889 3070
4039 2 2 5 1 577 576 578
4040 2 2 5 1 1977 1980 2305
4041 2 2 5 1 1591 2979 3327
4042 2 2 5 1 1131 1298 1330
4043 2 2 5 1 2105 2785 3835
4044 2 2 5 1 2162 3564 3706
4045 2 2 5 1 1259 1037 3287
4046 2 2 5 1 206 205 394
4047 2 2 5 1 174 471 2881
4048 2 2 5 1 1477 1478 1479
4049 2 2 5 1 1102 1107 1740
4050 2 2 5 1 142 141 2693
4051 2 2 5 1 759 725 1637
4052 2 2 5 1 579 578 580
4053 2 2 5 1 733 2545 3733
4054 2 2 5 1 1775 1794 1795
4055 2 2 5 1 1114 1201 1315
4056 2 2 5 1 2130 3262 3563
4057 2 2 5 1 1325 1326 1377
4058 2 2 5 1 1012 1013 1014
4059 2 2 5 1 3249 3033 3687
4060 2 2 5 1 2765 1987 3330
4061 2 2 5 1 797 798 799
4062 2 2 5 1 1626 2026 2027
4063 2 2 5 1 2460 2461 3486
4064 2 2 5 1 3265 688 3472
4065 2 2 5 1 1958 1791 2221
4066 2 2 5 1 1736 1735 2908
4067 2 2 5 1 2822 1675 3434
4068 2 2 5 1 1901 1447 1902
4069 2 2 5 1 585 586 587
4070 2 2 5 1 416 2679 3416
4071 2 2 5 1 2778 1899 2868
4072 2 2 5 1 3246 3343 3456
4073 2 2 5 1 1756 1755 1757
4074 2 2 5 1 2654 2069 2721
4075 2 2 5 1 1048 2677 2879
4076 2 2 5 1 1817 1818 1819
4077 2 2 5 1 1785 1943 1944
4078 2 2 5 1 132 131 2878
4079 2 2 5 1 2412 1007 3419
4080 2 2 5 1 544 543 547
4081 2 2 5 1 455 190 3147
4082 2 2 5 1 1421 1423 1424
4083 2 2 5 1 30 29 2646
4084 2 2 5 1 2736 462 2737
4085 2 2 5 1 1211 1265 1266
4086 2 2 5 1 660 2518 2539
4087 2 2 5 1 545 2183 2451
4088 2 2 5 1 485 486 487
4089 2 2 5 1 142 2693 2829
4090 2 2 5 1 1087 1088 1089
4091 2 2 5 1 1799 1537 1800
4092 2 2 5 1 2415 2416 2417
4093 2 2 5 1 3567 454 3721
4094 2 2 5 1 3020 2572 3763
4095 2 2 5 1 1962 2263 3298
4096 2 2 5 1 3181 2150 3326
4097 2 2 5 1 2203 2205 2206
4098 2 2 5 1 178 466 2905
4099 2 2 5 1 3016 2890 3762
4100 2 2 5 1 100 99 415
4101 2 2 5 1 2788 170 2789
4102 2 2 5 1 1269 1318 1336
4103 2 2 5 1 1440 1541 1895
4104 2 2 5 1 1454 1841 3142
4105 2 2 5 1 482 388 2824
4106 2 2 5 1 1014 1015 1016
4107 2 2 5 1 2024 1884 3001
4108 2 2 5 1 387 488 2824
4109 2 2 5 1 1368 1321 1369
4110 2 2 5 1 1736 2908 2909
4111 2 2 5 1 2256 2890 3016
4112 2 2 5 1 980 1144 3115
4113 2 2 5 1 1377 1378 1439
4114 2 2 5 1 2174 2175 3512
4115 2 2 5 1 2390 2584 3932
4116 2 2 5 1 1134 1135 1136
4117 2 2 5 1 121 120 402
4118 2 2 5 1 1089 1090 1091
4119 2 2 5 1 161 467 2936
4120 2 2 5 1 1446 1299 1447
4121 2 2 5 1 1413 1461 1462
4122 2 2 5 1 1173 1171 2758
4123 2 2 5 1 1160 1365 3082
4124 2 2 5 1 1271 1147 1320
4125 2 2 5 1 2641 1869 3542
4126 2 2 5 1 1554 2375 3760
4127 2 2 5 1 399 2752 2753
4128 2 2 5 1 1086 2867 3452
4129 2 2 5 1 1350 1348 1525
4130 2 2 5 1 1633 2600 3927
4131 2 2 5 1 1048 1054 1055
4132 2 2 5 1 2485 423 3397
4133 2 2 5 1 2475 2472 3822
4134 2 2 5 1 3270 2381 3582
4135 2 2 5 1 1470 1330 1822
4136 2 2 5 1 218 217 395
4137 2 2 5 1 1613 1677 1678
4138 2 2 5 1 1503 1505 1506
4139 2 2 5 1 1740 1861 1955
4140 2 2 5 1 2447 3430 3650
4141 2 2 5 1 201 200 1386
4142 2 2 5 1 1153 1263 1268
4143 2 2 5 1 227 226 397
4144 2 2 5 1 3252 2253 3679
4145 2 2 5 1 1160 860 1161
4146 2 2 5 1 666 662 667
4147 2 2 5 1 1904 1901 2262
4148 2 2 5 1 525 528 529
4149 2 2 5 1 3582 3021 3834
4150 2 2 5 1 808 830 1079
4151 2 2 5 1 2330 2760 3793
4152 2 2 5 1 2691 3558 3629
4153 2 2 5 1 2971 3127 3592
4154 2 2 5 1 1446 1447 1901
4155 2 2 5 1 189 396 3147
4156 2 2 5 1 1044 1047 1048
4157 2 2 5 1 1415 1230 1948
4158 2 2 5 1 2626 2369 3417
4159 2 2 5 1 801 1132 3011
4160 2 2 5 1 1091 1122 1123
4161 2 2 5 1 757 754 758
4162 2 2 5 1 664 665 743
4163 2 2 5 1 127 126 2845
4164 2 2 5 1 803 832 1087
4165 2 2 5 1 467 160 2930
4166 2 2 5 1 226 225 2810
4167 2 2 5 1 2629 1632 3758
4168 2 2 5 1 2106 3295 3423
4169 2 2 5 1 1773 1774 1775
4170 2 2 5 1 1971 1970 1972
4171 2 2 5 1 1808 1929 1930
4172 2 2 5 1 1800 2069 2654
4173 2 2 5 1 2152 2628 3599
4174 2 2 5 1 412 2833 3631
4175 2 2 5 1 2702 2678 3803
4176 2 2 5 1 640 651 652
4177 2 2 5 1 767 744 768
4178 2 2 5 1 2164 2712 3027
4179 2 2 5 1 939 752 3022
4180 2 2 5 1 581 580 582
4181 2 2 5 1 730 760 2029
4182 2 2 5 1 1136 1137 1189
4183 2 2 5 1 2817 1130 2845
4184 2 2 5 1 130 129 2833
4185 2 2 5 1 636 2612 3909
4186 2 2 5 1 433 162 2936
4187 2 2 5 1 2212 2211 2815
4188 2 2 5 1 2644 2642 3920
4189 2 2 5 1 1637 725 2754
4190 2 2 5 1 1550 2482 3845
4191 2 2 5 1 1229 1414 1969
4192 2 2 5 1 1760 1863 1864
4193 2 2 5 1 2237 3369 3551
4194 2 2 5 1 1188 1175 1249
4195 2 2 5 1 587 588 589
4196 2 2 5 1 2757 2513 3693
4197 2 2 5 1 1944 1945 1949
4198 2 2 5 1 1117 1116 1170
4199 2 2 5 1 1110 847 1111
4200 2 2 5 1 2493 2494 2495
4201 2 2 5 1 3079 624 3732
4202 2 2 5 1 3662 1761 3805
4203 2 2 5 1 2059 1839 3044
4204 2 2 5 1 111 110 403
4205 2 2 5 1 2334 2825 3443
4206 2 2 5 1 1454 1340 1841
4207 2 2 5 1 612 611 613
4208 2 2 5 1 3348 2102 3578
4209 2 2 5 1 1536 1799 1913
4210 2 2 5 1 1298 1111 1299
4211 2 2 5 1 2478 3311 3875
4212 2 2 5 1 1131 1111 1298
4213 2 2 5 1 2135 1952 2136
4214 2 2 5 1 1790 1792 1909
4215 2 2 5 1 285 284 429
4216 2 2 5 1 1839 1459 1897
4217 2 2 5 1 2173 1333 2602
4218 2 2 5 1 1631 2022 2023
4219 2 2 5 1 394 2853 3568
4220 2 2 5 1 1 315 3170
4221 2 2 5 1 331 4 3171
4222 2 2 5 1 2517 2195 3628
4223 2 2 5 1 537 3446 3893
4224 2 2 5 1 249 248 2831
4225 2 2 5 1 2227 2995 3838
4226 2 2 5 1 1911 2626 3577
4227 2 2 5 1 1542 2840 3119
4228 2 2 5 1 916 2927 3753
4229 2 2 5 1 1536 1537 1799
4230 2 2 5 1 1203 1204 1205
4231 2 2 5 1 1617 1364 1618
4232 2 2 5 1 2206 2207 2208
4233 2 2 5 1 2169 2171 3540
4234 2 2 5 1 246 245 2836
4235 2 2 5 1 2189 2891 3086
4236 2 2 5 1 384 1 3170
4237 2 2 5 1 4 332 3171
4238 2 2 5 1 2663 1955 3267
4239 2 2 5 1 1532 1649 1650
4240 2 2 5 1 1968 1617 2856
4241 2 2 5 1 539 359 3585
4242 2 2 5 1 1513 1515 1516
4243 2 2 5 1 814 3011 3059
4244 2 2 5 1 1313 1719 2801
4245 2 2 5 1 1123 1185 1186
4246 2 2 5 1 1987 2765 3098
4247 2 2 5 1 1882 2509 2903
4248 2 2 5 1 632 634 1887
4249 2 2 5 1 3273 2462 3814
4250 2 2 5 1 1157 2922 3672
4251 2 2 5 1 2695 1066 3223
4252 2 2 5 1 2066 2068 2202
4253 2 2 5 1 830 823 1096
4254 2 2 5 1 1913 1799 2190
4255 2 2 5 1 671 2774 3480
4256 2 2 5 1 1763 2265 3924
4257 2 2 5 1 1325 1377 1567
4258 2 2 5 1 1903 1447 3169
4259 2 2 5 1 884 886 887
4260 2 2 5 1 1549 1788 1789
4261 2 2 5 1 614 613 615
4262 2 2 5 1 3245 1286 3540
4263 2 2 5 1 2285 2282 2286
4264 2 2 5 1 204 203 2854
4265 2 2 5 1 1079 1109 1273
4266 2 2 5 1 2211 2814 2815
4267 2 2 5 1 1798 2505 3586
4268 2 2 5 1 891 893 894
4269 2 2 5 1 808 807 823
4270 2 2 5 1 2672 1567 3759
4271 2 2 5 1 3451 737 3733
4272 2 2 5 1 697 699 2969
4273 2 2 5 1 1894 2127 3453
4274 2 2 5 1 806 779 807
4275 2 2 5 1 2721 458 3860
4276 2 2 5 1 1190 2786 3174
4277 2 2 5 1 783 768 784
4278 2 2 5 1 1620 2228 3130
4279 2 2 5 1 1535 1274 1536
4280 2 2 5 1 3250 2005 3720
4281 2 2 5 1 2762 2578 3861
4282 2 2 5 1 2112 2114 2115
4283 2 2 5 1 536 3301 3633
4284 2 2 5 1 1964 2271 2272
4285 2 2 5 1 1298 1299 1446
4286 2 2 5 1 847 846 1217
4287 2 2 5 1 1096 1261 1285
4288 2 2 5 1 1637 2754 2832
4289 2 2 5 1 2691 1496 3528
4290 2 2 5 1 219 218 2848
4291 2 2 5 1 1758 1757 2877
4292 2 2 5 1 1833 2544 3509
4293 2 2 5 1 790 784 791
4294 2 2 5 1 879 882 1236
4295 2 2 5 1 457 2625 3073
4296 2 2 5 1 1357 1451 1452
4297 2 2 5 1 1434 1376 1435
4298 2 2 5 1 128 127 1130
4299 2 2 5 1 767 783 785
4300 2 2 5 1 31 30 1842
4301 2 2 5 1 1217 1785 2055
4302 2 2 5 1 2035 1898 3766
4303 2 2 5 1 1974 1975 2033
4304 2 2 5 1 1497 1305 1675
4305 2 2 5 1 1199 1210 1211
4306 2 2 5 1 1819 1884 1885
4307 2 2 5 1 659 2689 2913
4308 2 2 5 1 1273 1274 1535
4309 2 2 5 1 1571 1569 1572
4310 2 2 5 1 2266 3290 3390
4311 2 2 5 1 3424 627 3777
4312 2 2 5 1 1242 3339 3731
4313 2 2 5 1 616 615 617
4314 2 2 5 1 449 2726 2727
4315 2 2 5 1 1336 1337 1416
4316 2 2 5 1 1471 1632 2953
4317 2 2 5 1 839 787 3021
4318 2 2 5 1 123 122 2887
4319 2 2 5 1 754 763 2982
4320 2 2 5 1 179 178 2905
4321 2 2 5 1 791 793 816
4322 2 2 5 1 957 875 1157
4323 2 2 5 1 3162 1940 3205
4324 2 2 5 1 217 216 2857
4325 2 2 5 1 202 201 2939
4326 2 2 5 1 401 179 2905
4327 2 2 5 1 1197 1198 1199
4328 2 2 5 1 1809 1323 3407
4329 2 2 5 1 730 2029 3232
4330 2 2 5 1 1387 1385 1388
4331 2 2 5 1 959 957 2842
4332 2 2 5 1 207 206 2851
4333 2 2 5 1 1416 1417 1418
4334 2 2 5 1 758 754 2982
4335 2 2 5 1 928 934 935
4336 2 2 5 1 755 2517 3354
4337 2 2 5 1 120 119 2866
4338 2 2 5 1 1893 1623 2116
4339 2 2 5 1 815 846 847
4340 2 2 5 1 705 707 708
4341 2 2 5 1 254 253 418
4342 2 2 5 1 1907 2217 2791
4343 2 2 5 1 817 849 3477
4344 2 2 5 1 1657 1659 1660
4345 2 2 5 1 1242 2537 3339
4346 2 2 5 1 911 913 914
4347 2 2 5 1 1049 1045 1212
4348 2 2 5 1 1186 1187 1232
4349 2 2 5 1 1171 1170 1329
4350 2 2 5 1 2813 1931 2817
4351 2 2 5 1 3066 1293 3513
4352 2 2 5 1 941 2641 3414
4353 2 2 5 1 3115 2300 3840
4354 2 2 5 1 2949 448 3831
4355 2 2 5 1 2210 2211 2212
4356 2 2 5 1 2002 2618 3165
4357 2 2 5 1 761 758 762
4358 2 2 5 1 1418 1419 1420
4359 2 2 5 1 808 823 830
4360 2 2 5 1 205 204 2853
4361 2 2 5 1 1424 1425 1426
4362 2 2 5 1 1493 1528 1529
4363 2 2 5 1 815 814 846
4364 2 2 5 1 2883 2293 3556
4365 2 2 5 1 124 123 1202
4366 2 2 5 1 2826 440 2827
4367 2 2 5 1 920 922 923
4368 2 2 5 1 485 487 521
4369 2 2 5 1 963 961 965
4370 2 2 5 1 379 380 3435
4371 2 2 5 1 119 118 2892
4372 2 2 5 1 1391 1996 3268
4373 2 2 5 1 2197 1194 3049
4374 2 2 5 1 630 626 631
4375 2 2 5 1 618 617 620
4376 2 2 5 1 520 524 525
4377 2 2 5 1 173 172 3020
4378 2 2 5 1 1446 1904 2958
4379 2 2 5 1 3742 2653 3903
4380 2 2 5 1 2381 1142 2947
4381 2 2 5 1 652 661 747
4382 2 2 5 1 3488 483 3677
4383 2 2 5 1 527 2680 3617
4384 2 2 5 1 1539 2076 3921
4385 2 2 5 1 447 317 3412
4386 2 2 5 1 1997 2811 2843
4387 2 2 5 1 903 906 907
4388 2 2 5 1 743 744 767
4389 2 2 5 1 1930 1931 2210
4390 2 2 5 1 396 2749 3010
4391 2 2 5 1 2824 488 3681
4392 2 2 5 1 621 625 2828
4393 2 2 5 1 778 779 805
4394 2 2 5 1 1079 830 1109
4395 2 2 5 1 99 98 2863
4396 2 2 5 1 1221 1219 1222
4397 2 2 5 1 1624 1517 3158
4398 2 2 5 1 800 799 814
4399 2 2 5 1 1728 1857 2012
4400 2 2 5 1 32 31 2697
4401 2 2 5 1 118 117 1179
4402 2 2 5 1 2715 393 2803
4403 2 2 5 1 621 622 625
4404 2 2 5 1 2428 1837 2429
4405 2 2 5 1 1370 1369 1371
4406 2 2 5 1 2227 2143 3364
4407 2 2 5 1 1838 1804 2713
4408 2 2 5 1 1746 2563 3054
4409 2 2 5 1 3420 2178 3689
4410 2 2 5 1 1273 1109 1274
4411 2 2 5 1 1944 1949 1950
4412 2 2 5 1 110 109 2875
4413 2 2 5 1 2703 2080 3840
4414 2 2 5 1 681 685 2992
4415 2 2 5 1 2398 2572 3087
4416 2 2 5 1 554 1977 2305
4417 2 2 5 1 1692 1721 2838
4418 2 2 5 1 621 620 622
4419 2 2 5 1 1394 2197 3005
4420 2 2 5 1 103 102 926
4421 2 2 5 1 31 1842 2697
4422 2 2 5 1 2214 2215 3477
4423 2 2 5 1 1426 1427 1428
4424 2 2 5 1 133 132 1518
4425 2 2 5 1 1506 1507 1508
4426 2 2 5 1 1832 2794 2816
4427 2 2 5 1 2410 3580 3584
4428 2 2 5 1 1428 1429 1502
4429 2 2 5 1 747 748 778
4430 2 2 5 1 209 208 693
4431 2 2 5 1 2544 402 3723
4432 2 2 5 1 469 491 492
4433 2 2 5 1 1380 1278 1568
4434 2 2 5 1 220 219 1178
4435 2 2 5 1 1926 1928 2063
4436 2 2 5 1 2550 3019 3867
4437 2 2 5 1 115 114 2927
4438 2 2 5 1 98 97 2918
4439 2 2 5 1 1176 1398 3054
4440 2 2 5 1 1950 1949 2254
4441 2 2 5 1 109 108 2900
4442 2 2 5 1 1235 1485 2001
4443 2 2 5 1 1795 1794 2841
4444 2 2 5 1 125 124 2914
4445 2 2 5 1 1554 1555 2375
4446 2 2 5 1 748 661 1965
4447 2 2 5 1 114 113 1145
4448 2 2 5 1 1593 1589 1594
4449 2 2 5 1 2426 3110 3583
4450 2 2 5 1 790 791 2859
4451 2 2 5 1 1878 2037 2038
4452 2 2 5 1 240 239 417
4453 2 2 5 1 2819 1109 3004
4454 2 2 5 1 672 677 1216
4455 2 2 5 1 113 112 2919
4456 2 2 5 1 253 252 2884
4457 2 2 5 1 2280 3796 3928
4458 2 2 5 1 228 227 2979
4459 2 2 5 1 112 111 2865
4460 2 2 5 1 36 35 2850
4461 2 2 5 1 2824 3681 3791
4462 2 2 5 1 131 412 2878
4463 2 2 5 1 215 214 692
4464 2 2 5 1 1025 1027 1028
4465 2 2 5 1 1899 1674 2177
4466 2 2 5 1 2821 2355 3658
4467 2 2 5 1 108 107 1159
4468 2 2 5 1 19 18 440
4469 2 2 5 1 2687 2020 3815
4470 2 2 5 1 2093 1397 2094
4471 2 2 5 1 1372 1371 1373
4472 2 2 5 1 487 486 1300
4473 2 2 5 1 3507 1489 3718
4474 2 2 5 1 471 173 3020
4475 2 2 5 1 1479 1480 1481
4476 2 2 5 1 1508 1509 1510
4477 2 2 5 1 1585 1583 1586
4478 2 2 5 1 1329 1170 1448
4479 2 2 5 1 117 116 2916
4480 2 2 5 1 224 223 1200
4481 2 2 5 1 591 589 592
4482 2 2 5 1 97 96 1164
4483 2 2 5 1 971 2821 3658
4484 2 2 5 1 806 807 808
4485 2 2 5 1 1902 2158 2940
4486 2 2 5 1 1516 1517 1624
4487 2 2 5 1 634 633 639
4488 2 2 5 1 948 953 1082
4489 2 2 5 1 769 762 770
4490 2 2 5 1 701 703 704
4491 2 2 5 1 1729 2479 3024
4492 2 2 5 1 1972 1970 3437
4493 2 2 5 1 235 234 2906
4494 2 2 5 1 640 639 650
4495 2 2 5 1 1814 1668 1905
4496 2 2 5 1 214 213 2898
4497 2 2 5 1 172 406 3020
4498 2 2 5 1 725 714 2754
4499 2 2 5 1 71 70 423
4500 2 2 5 1 800 814 815
4501 2 2 5 1 1953 1523 1959
4502 2 2 5 1 1477 1249 1478
4503 2 2 5 1 2719 1881 2816
4504 2 2 5 1 2954 2055 3169
4505 2 2 5 1 651 650 664
4506 2 2 5 1 1629 1924 1925
4507 2 2 5 1 82 81 2894
4508 2 2 5 1 994 989 995
4509 2 2 5 1 2700 2088 3476
4510 2 2 5 1 1650 1651 1652
4511 2 2 5 1 1280 1717 3112
4512 2 2 5 1 943 945 947
4513 2 2 5 1 2716 2580 3755
4514 2 2 5 1 511 478 538
4515 2 2 5 1 1431 1726 1727
4516 2 2 5 1 1232 1254 1684
4517 2 2 5 1 805 779 806
4518 2 2 5 1 767 768 783
4519 2 2 5 1 458 328 3860
4520 2 2 5 1 1106 1327 1554
4521 2 2 5 1 1620 1837 2228
4522 2 2 5 1 1523 1448 1974
4523 2 2 5 1 1543 1276 1662
4524 2 2 5 1 640 650 651
4525 2 2 5 1 695 697 719
4526 2 2 5 1 1083 1165 1166
4527 2 2 5 1 1244 2765 3330
4528 2 2 5 1 104 103 2923
4529 2 2 5 1 126 125 904
4530 2 2 5 1 1510 1511 1512
4531 2 2 5 1 1864 1865 1906
4532 2 2 5 1 1116 861 1118
4533 2 2 5 1 83 82 422
4534 2 2 5 1 252 251 1167
4535 2 2 5 1 59 58 570
4536 2 2 5 1 783 784 790
4537 2 2 5 1 18 17 2993
4538 2 2 5 1 153 152 3256
4539 2 2 5 1 1257 1312 1359
4540 2 2 5 1 3470 2458 3778
4541 2 2 5 1 1171 1329 2758
4542 2 2 5 1 410 2724 2725
4543 2 2 5 1 1016 1017 1018
4544 2 2 5 1 1189 1190 1272
4545 2 2 5 1 3091 1253 3589
4546 2 2 5 1 1757 2220 2877
4547 2 2 5 1 1132 1994 3011
4548 2 2 5 1 3273 1939 3865
4549 2 2 5 1 1462 1882 2232
4550 2 2 5 1 2083 1805 3096
4551 2 2 5 1 634 639 640
4552 2 2 5 1 1407 1500 1854
4553 2 2 5 1 107 106 2931
4554 2 2 5 1 3346 3575 3621
4555 2 2 5 1 3301 3093 3633
4556 2 2 5 1 679 681 720
4557 2 2 5 1 1481 1859 1898
4558 2 2 5 1 250 249 673
4559 2 2 5 1 1053 1014 3034
4560 2 2 5 1 797 799 800
4561 2 2 5 1 724 727 728
4562 2 2 5 1 2789 435 3025
4563 2 2 5 1 609 607 619
4564 2 2 5 1 1223 1222 1224
4565 2 2 5 1 778 748 779
4566 2 2 5 1 2208 2209 2904
4567 2 2 5 1 1374 1373 1375
4568 2 2 5 1 251 250 2937
4569 2 2 5 1 1660 1661 1682
4570 2 2 5 1 342 343 3479
4571 2 2 5 1 894 895 896
4572 2 2 5 1 2217 3544 3859
4573 2 2 5 1 116 115 916
4574 2 2 5 1 708 709 711
4575 2 2 5 1 2947 1829 3842
4576 2 2 5 1 987 983 988
4577 2 2 5 1 1699 2130 2482
4578 2 2 5 1 1248 1331 1332
4579 2 2 5 1 975 973 976
4580 2 2 5 1 2276 2046 2370
4581 2 2 5 1 572 2948 2999
4582 2 2 5 1 1881 2149 2816
4583 2 2 5 1 652 651 661
4584 2 2 5 1 2140 2294 2295
4585 2 2 5 1 1519 2090 2091
4586 2 2 5 1 2467 2468 3765
4587 2 2 5 1 134 133 3110
4588 2 2 5 1 765 2880 3264
4589 2 2 5 1 1901 1902 2940
4590 2 2 5 1 687 690 694
4591 2 2 5 1 231 230 1163
4592 2 2 5 1 84 83 2929
4593 2 2 5 1 299 426 484
4594 2 2 5 1 2549 3012 3244
4595 2 2 5 1 1443 1441 2056
4596 2 2 5 1 2779 452 2895
4597 2 2 5 1 223 222 2966
4598 2 2 5 1 2887 2346 3500
4599 2 2 5 1 632 631 633
4600 2 2 5 1 617 615 623
4601 2 2 5 1 733 2567 3457
4602 2 2 5 1 1993 2342 2343
4603 2 2 5 1 1742 2123 2124
4604 2 2 5 1 1673 1402 1939
4605 2 2 5 1 1930 2540 3158
4606 2 2 5 1 1748 1986 1987
4607 2 2 5 1 896 897 898
4608 2 2 5 1 349 350 3067
4609 2 2 5 1 1573 1572 1574
4610 2 2 5 1 625 626 629
4611 2 2 5 1 34 33 2917
4612 2 2 5 1 273 272 493
4613 2 2 5 1 2063 2064 2065
4614 2 2 5 1 694 695 2807
4615 2 2 5 1 1436 1435 1437
4616 2 2 5 1 1529 1530 1531
4617 2 2 5 1 800 2675 3206
4618 2 2 5 1 1272 1454 1620
4619 2 2 5 1 1757 2219 2220
4620 2 2 5 1 2220 2520 2587
4621 2 2 5 1 106 105 925
4622 2 2 5 1 203 202 1384
4623 2 2 5 1 76 75 2924
4624 2 2 5 1 1652 1653 1654
4625 2 2 5 1 629 630 637
4626 2 2 5 1 907 908 910
4627 2 2 5 1 1822 1330 2958
4628 2 2 5 1 3739 2269 3761
4629 2 2 5 1 791 816 2859
4630 2 2 5 1 951 932 1361
4631 2 2 5 1 3631 2322 3644
4632 2 2 5 1 718 722 723
4633 2 2 5 1 247 246 671
4634 2 2 5 1 2352 2349 3362
4635 2 2 5 1 3008 1395 3275
4636 2 2 5 1 274 273 3032
4637 2 2 5 1 2634 1894 3453
4638 2 2 5 1 747 661 748
4639 2 2 5 1 1330 1298 2958
4640 2 2 5 1 1639 1437 1640
4641 2 2 5 1 629 626 630
4642 2 2 5 1 1800 2654 2949
4643 2 2 5 1 2247 2492 3508
4644 2 2 5 1 632 633 634
4645 2 2 5 1 842 818 3219
4646 2 2 5 1 887 888 890
4647 2 2 5 1 2149 1758 2877
4648 2 2 5 1 579 581 3199
4649 2 2 5 1 1498 1876 1877
4650 2 2 5 1 1799 1800 2949
4651 2 2 5 1 3370 531 3371
4652 2 2 5 1 241 240 2899
4653 2 2 5 1 1549 1789 2639
4654 2 2 5 1 1299 2954 3169
4655 2 2 5 1 914 915 917
4656 2 2 5 1 1213 1212 1761
4657 2 2 5 1 2540 1491 2686
4658 2 2 5 1 1895 2705 3203
4659 2 2 5 1 1457 1456 3833
4660 2 2 5 1 1915 1716 1916
4661 2 2 5 1 2119 1866 2120
4662 2 2 5 1 583 582 584
4663 2 2 5 1 2850 2687 3815
4664 2 2 5 1 935 936 937
4665 2 2 5 1 890 891 2785
4666 2 2 5 1 80 79 756
4667 2 2 5 1 1804 1535 2907
4668 2 2 5 1 1288 1460 2058
4669 2 2 5 1 474 2568 3185
4670 2 2 5 1 74 73 755
4671 2 2 5 1 255 254 3015
4672 2 2 5 1 2584 2390 3696
4673 2 2 5 1 213 212 2957
4674 2 2 5 1 1731 1553 2231
4675 2 2 5 1 479 2495 3444
4676 2 2 5 1 1654 1655 1656
4677 2 2 5 1 2738 391 2932
4678 2 2 5 1 304 303 2741
4679 2 2 5 1 1966 2144 3148
4680 2 2 5 1 244 243 675
4681 2 2 5 1 239 238 2944
4682 2 2 5 1 898 899 902
4683 2 2 5 1 799 801 3011
4684 2 2 5 1 1252 839 1828
4685 2 2 5 1 3366 2289 3533
4686 2 2 5 1 664 743 1255
4687 2 2 5 1 917 918 919
4688 2 2 5 1 245 244 2976
4689 2 2 5 1 386 385 3482
4690 2 2 5 1 2792 426 3261
4691 2 2 5 1 831 833 859
4692 2 2 5 1 625 622 626
4693 2 2 5 1 1536 1913 2907
4694 2 2 5 1 2232 1882 2903
4695 2 2 5 1 2367 2406 3794
4696 2 2 5 1 2618 749 2717
4697 2 2 5 1 1272 1340 1454
4698 2 2 5 1 1682 1683 1820
4699 2 2 5 1 2038 2720 3553
4700 2 2 5 1 1307 2636 2991
4701 2 2 5 1 1575 1574 1576
4702 2 2 5 1 2631 985 3347
4703 2 2 5 1 2267 1907 2791
4704 2 2 5 1 1828 839 3021
4705 2 2 5 1 891 894 2785
4706 2 2 5 1 199 449 3150
4707 2 2 5 1 2012 2013 2111
4708 2 2 5 1 2829 2693 2830
4709 2 2 5 1 1075 1120 1240
4710 2 2 5 1 2934 2118 3319
4711 2 2 5 1 233 232 682
4712 2 2 5 1 2027 2026 2786
4713 2 2 5 1 1132 1134 1994
4714 2 2 5 1 3485 507 3669
4715 2 2 5 1 923 924 927
4716 2 2 5 1 1906 1907 2267
4717 2 2 5 1 230 229 2961
4718 2 2 5 1 1535 1536 2907
4719 2 2 5 1 2190 1799 2949
4720 2 2 5 1 222 221 990
4721 2 2 5 1 1008 1006 1009
4722 2 2 5 1 1948 1230 3100
4723 2 2 5 1 95 94 949
4724 2 2 5 1 75 74 2956
4725 2 2 5 1 2262 1901 2940
4726 2 2 5 1 1266 1281 1282
4727 2 2 5 1 81 80 2886
4728 2 2 5 1 513 512 3550
4729 2 2 5 1 2557 2556 2558
4730 2 2 5 1 1043 1041 1046
4731 2 2 5 1 2109 2108 2156
4732 2 2 5 1 229 228 1591
4733 2 2 5 1 445 2611 3462
4734 2 2 5 1 77 76 753
4735 2 2 5 1 212 211 691
4736 2 2 5 1 2555 2122 2556
4737 2 2 5 1 1568 2889 3283
4738 2 2 5 1 2121 2120 2122
4739 2 2 5 1 1220 1472 3459
4740 2 2 5 1 1072 1129 3112
4741 2 2 5 1 622 620 1247
4742 2 2 5 1 2397 2398 3087
4743 2 2 5 1 2389 2101 3567
4744 2 2 5 1 1351 1353 1444
4745 2 2 5 1 1068 1070 1241
4746 2 2 5 1 1489 1491 3718
4747 2 2 5 1 1205 1206 1237
4748 2 2 5 1 852 850 1239
4749 2 2 5 1 1757 1755 2219
4750 2 2 5 1 85 84 1169
4751 2 2 5 1 1968 2692 3424
4752 2 2 5 1 1702 1474 1703
4753 2 2 5 1 2490 3837 3848
4754 2 2 5 1 711 712 713
4755 2 2 5 1 2142 1922 2599
4756 2 2 5 1 1233 1073 1234
4757 2 2 5 1 1636 1809 1868
4758 2 2 5 1 732 734 735
4759 2 2 5 1 1925 1926 2834
4760 2 2 5 1 1577 1576 1578
4761 2 2 5 1 1561 2367 3794
4762 2 2 5 1 1365 2119 3082
4763 2 2 5 1 236 235 683
4764 2 2 5 1 406 2788 3087
4765 2 2 5 1 79 78 2994
4766 2 2 5 1 2631 3347 3469
4767 2 2 5 1 2001 2600 3411
4768 2 2 5 1 234 233 2933
4769 2 2 5 1 1676 1284 2014
4770 2 2 5 1 2594 2595 3639
4771 2 2 5 1 270 269 2891
4772 2 2 5 1 3067 2343 3872
4773 2 2 5 1 1173 2758 3123
4774 2 2 5 1 728 729 731
4775 2 2 5 1 3072 2490 3848
4776 2 2 5 1 1712 1710 1713
4777 2 2 5 1 1813 1781 1870
4778 2 2 5 1 742 746 750
4779 2 2 5 1 1106 1554 3282
4780 2 2 5 1 1292 1293 1294
4781 2 2 5 1 521 522 532
4782 2 2 5 1 329 448 3228
4783 2 2 5 1 1391 1638 1996
4784 2 2 5 1 937 938 942
4785 2 2 5 1 94 93 2986
4786 2 2 5 1 391 134 3110
4787 2 2 5 1 563 564 565
4788 2 2 5 1 2339 3528 3615
4789 2 2 5 1 2753 1346 3260
4790 2 2 5 1 1136 1189 1191
4791 2 2 5 1 412 130 2833
4792 2 2 5 1 1400 1215 1401
4793 2 2 5 1 1579 1578 1580
4794 2 2 5 1 200 199 3150
4795 2 2 5 1 1472 1319 1625
4796 2 2 5 1 243 242 2901
4797 2 2 5 1 1439 1440 3203
4798 2 2 5 1 1329 1448 1523
4799 2 2 5 1 736 738 741
4800 2 2 5 1 238 237 1604
4801 2 2 5 1 593 592 635
4802 2 2 5 1 1452 1453 1548
4803 2 2 5 1 1298 1446 2958
4804 2 2 5 1 2463 2319 3795
4805 2 2 5 1 86 85 2980
4806 2 2 5 1 613 611 1253
4807 2 2 5 1 1696 1634 2333
4808 2 2 5 1 1939 1402 3367
4809 2 2 5 1 2780 1908 3632
4810 2 2 5 1 1587 1586 1588
4811 2 2 5 1 2673 916 3753
4812 2 2 5 1 460 182 3322
4813 2 2 5 1 1595 1594 1596
4814 2 2 5 1 1626 1625 2026
4815 2 2 5 1 87 86 853
4816 2 2 5 1 1993 2343 3097
4817 2 2 5 1 55 54 2945
4818 2 2 5 1 776 775 777
4819 2 2 5 1 88 87 2911
4820 2 2 5 1 1214 667 1215
4821 2 2 5 1 242 241 1616
4822 2 2 5 1 69 68 2962
4823 2 2 5 1 585 584 586
4824 2 2 5 1 1444 1445 1830
4825 2 2 5 1 482 2824 3791
4826 2 2 5 1 3067 350 3212
4827 2 2 5 1 427 2881 2882
4828 2 2 5 1 695 719 2807
4829 2 2 5 1 1089 1088 1090
4830 2 2 5 1 1973 1936 2108
4831 2 2 5 1 1837 1454 3142
4832 2 2 5 1 89 88 1858
4833 2 2 5 1 1039 1037 1259
4834 2 2 5 1 2462 3273 3682
4835 2 2 5 1 996 995 997
4836 2 2 5 1 2505 3318 3586
4837 2 2 5 1 859 860 1160
4838 2 2 5 1 90 89 2984
4839 2 2 5 1 1328 1127 1520
4840 2 2 5 1 91 90 424
4841 2 2 5 1 2290 2291 3605
4842 2 2 5 1 1647 1817 3125
4843 2 2 5 1 605 603 1256
4844 2 2 5 1 1258 3784 3904
4845 2 2 5 1 92 91 2926
4846 2 2 5 1 6 368 3651
4847 2 2 5 1 1111 847 2954
4848 2 2 5 1 1697 1361 1698
4849 2 2 5 1 78 77 2858
4850 2 2 5 1 237 236 2973
4851 2 2 5 1 3395 1061 3490
4852 2 2 5 1 1581 1580 1582
4853 2 2 5 1 68 67 1158
4854 2 2 5 1 2015 2759 3211
4855 2 2 5 1 1421 1424 3118
4856 2 2 5 1 966 965 967
4857 2 2 5 1 367 6 3651
4858 2 2 5 1 1087 832 1088
4859 2 2 5 1 587 586 588
4860 2 2 5 1 73 72 3154
4861 2 2 5 1 38 37 2942
4862 2 2 5 1 1299 1111 2954
4863 2 2 5 1 630 631 632
4864 2 2 5 1 1091 1090 1122
4865 2 2 5 1 63 62 2967
4866 2 2 5 1 1130 2870 3300
4867 2 2 5 1 93 92 1195
4868 2 2 5 1 1166 1165 3401
4869 2 2 5 1 847 1217 2954
4870 2 2 5 1 597 595 1251
4871 2 2 5 1 302 301 2818
4872 2 2 5 1 61 60 2975
4873 2 2 5 1 2148 2499 3111
4874 2 2 5 1 1746 2148 2563
4875 2 2 5 1 1835 1952 2135
4876 2 2 5 1 2220 2219 2520
4877 2 2 5 1 1114 1113 1201
4878 2 2 5 1 790 2739 3140
4879 2 2 5 1 1750 1698 1936
4880 2 2 5 1 439 2713 3192
4881 2 2 5 1 977 976 978
4882 2 2 5 1 1282 1281 2876
4883 2 2 5 1 1269 1336 3108
4884 2 2 5 1 1315 1201 1341
4885 2 2 5 1 751 754 757
4886 2 2 5 1 947 948 2798
4887 2 2 5 1 777 775 2684
4888 2 2 5 1 1611 1608 1612
4889 2 2 5 1 1521 1520 1522
4890 2 2 5 1 1597 1596 1598
4891 2 2 5 1 2179 2690 3650
4892 2 2 5 1 2754 716 3050
4893 2 2 5 1 453 2688 3351
4894 2 2 5 1 648 643 1141
4895 2 2 5 1 998 997 999
4896 2 2 5 1 190 189 3147
4897 2 2 5 1 1366 1933 2061
4898 2 2 5 1 468 469 2718
4899 2 2 5 1 521 487 522
4900 2 2 5 1 431 468 2718
4901 2 2 5 1 2221 1788 3738
4902 2 2 5 1 601 599 624
4903 2 2 5 1 713 714 725
4904 2 2 5 1 1082 1083 2809
4905 2 2 5 1 2897 506 3352
4906 2 2 5 1 208 207 3187
4907 2 2 5 1 968 967 969
4908 2 2 5 1 1261 1325 2983
4909 2 2 5 1 2616 3249 3687
4910 2 2 5 1 2772 331 3171
4911 2 2 5 1 1217 2055 2954
4912 2 2 5 1 640 652 3008
4913 2 2 5 1 1112 1095 1113
4914 2 2 5 1 66 65 642
4915 2 2 5 1 2204 2664 3418
4916 2 2 5 1 1123 1122 1185
4917 2 2 5 1 979 978 980
4918 2 2 5 1 518 519 520
4919 2 2 5 1 2727 2030 3727
4920 2 2 5 1 2603 2240 3881
4921 2 2 5 1 2369 2861 3417
4922 2 2 5 1 1830 2327 2328
4923 2 2 5 1 2305 1980 2661
4924 2 2 5 1 1225 1224 1227
4925 2 2 5 1 1618 2315 2856
4926 2 2 5 1 405 158 3329
4927 2 2 5 1 822 3152 3173
4928 2 2 5 1 1643 1647 3125
4929 2 2 5 1 560 562 563
4930 2 2 5 1 2420 1888 3259
4931 2 2 5 1 1859 1480 1940
4932 2 2 5 1 122 121 3175
4933 2 2 5 1 397 226 2810
4934 2 2 5 1 39 38 2941
4935 2 2 5 1 258 257 1051
4936 2 2 5 1 1867 1363 2748
4937 2 2 5 1 1097 865 1098
4938 2 2 5 1 60 59 2781
4939 2 2 5 1 1926 2063 2834
4940 2 2 5 1 1503 1506 3132
4941 2 2 5 1 2228 1837 2428
4942 2 2 5 1 2715 2803 2997
4943 2 2 5 1 2554 2095 3475
4944 2 2 5 1 58 57 2943
4945 2 2 5 1 1096 1285 3004
4946 2 2 5 1 1897 3062 3472
4947 2 2 5 1 970 969 972
4948 2 2 5 1 2559 616 3094
4949 2 2 5 1 1000 999 1001
4950 2 2 5 1 2811 2372 3438
4951 2 2 5 1 3146 2279 3622
4952 2 2 5 1 315 2771 3170
4953 2 2 5 1 1358 1234 1362
4954 2 2 5 1 409 545 2852
4955 2 2 5 1 1599 1598 1600
4956 2 2 5 1 948 1082 2798
4957 2 2 5 1 2511 930 3596
4958 2 2 5 1 1960 3590 3771
4959 2 2 5 1 1917 1916 1919
4960 2 2 5 1 1002 1001 1003
4961 2 2 5 1 830 1096 3004
4962 2 2 5 1 789 1306 1545
4963 2 2 5 1 1469 1970 1971
4964 2 2 5 1 35 34 1084
4965 2 2 5 1 3469 3347 3636
4966 2 2 5 1 498 497 499
4967 2 2 5 1 64 63 1168
4968 2 2 5 1 67 66 2996
4969 2 2 5 1 1160 1161 1364
4970 2 2 5 1 2793 2405 3557
4971 2 2 5 1 2364 2809 3624
4972 2 2 5 1 2713 1804 2907
4973 2 2 5 1 33 411 2917
4974 2 2 5 1 1900 2322 3631
4975 2 2 5 1 981 980 982
4976 2 2 5 1 65 64 3227
4977 2 2 5 1 1004 1003 1005
4978 2 2 5 1 257 256 2998
4979 2 2 5 1 206 394 2851
4980 2 2 5 1 272 271 3007
4981 2 2 5 1 1229 1969 3114
4982 2 2 5 1 2756 1411 3673
4983 2 2 5 1 62 61 641
4984 2 2 5 1 1187 1185 1533
4985 2 2 5 1 1102 1081 1107
4986 2 2 5 1 1325 1567 2983
4987 2 2 5 1 910 911 3037
4988 2 2 5 1 23 2852 3284
4989 2 2 5 1 2007 1522 2008
4990 2 2 5 1 2743 2164 3027
4991 2 2 5 1 1369 1321 3145
4992 2 2 5 1 2907 1913 3192
4993 2 2 5 1 3191 451 3554
4994 2 2 5 1 1950 2254 3080
4995 2 2 5 1 1742 2124 3294
4996 2 2 5 1 2607 2606 3642
4997 2 2 5 1 1479 1478 1480
4998 2 2 5 1 1752 2329 3151
4999 2 2 5 1 1478 1249 1482
5000 2 2 5 1 1620 1454 1837
5001 2 2 5 1 218 395 2848
5002 2 2 5 1 256 255 1681
5003 2 2 5 1 2153 2603 3881
5004 2 2 5 1 1871 1254 1872
5005 2 2 5 1 2030 2565 3727
5006 2 2 5 1 984 3028 3750
5007 2 2 5 1 1704 1703 1705
5008 2 2 5 1 1354 1355 1356
5009 2 2 5 1 2323 2161 3481
5010 2 2 5 1 394 205 2853
5011 2 2 5 1 1186 1185 1187
5012 2 2 5 1 3430 1458 3494
5013 2 2 5 1 2224 1940 2696
5014 2 2 5 1 781 777 782
5015 2 2 5 1 1817 1819 2075
5016 2 2 5 1 1831 1204 3574
5017 2 2 5 1 1083 1166 2809
5018 2 2 5 1 806 2761 3324
5019 2 2 5 1 1237 1238 1409
5020 2 2 5 1 809 782 812
5021 2 2 5 1 1795 2841 3052
5022 2 2 5 1 2420 1666 3641
5023 2 2 5 1 201 1386 2939
5024 2 2 5 1 1294 2081 2082
5025 2 2 5 1 1714 1732 3293
5026 2 2 5 1 837 812 844
5027 2 2 5 1 1548 1549 2639
5028 2 2 5 1 1519 2091 3222
5029 2 2 5 1 662 659 2913
5030 2 2 5 1 731 732 3100
5031 2 2 5 1 1386 200 3150
5032 2 2 5 1 1057 2653 2960
5033 2 2 5 1 741 742 2846
5034 2 2 5 1 927 928 3039
5035 2 2 5 1 3027 2712 3046
5036 2 2 5 1 2135 2136 2230
5037 2 2 5 1 1513 1516 3139
5038 2 2 5 1 157 465 3329
5039 2 2 5 1 858 855 1243
5040 2 2 5 1 1714 1713 1732
5041 2 2 5 1 303 302 407
5042 2 2 5 1 2394 1893 3074
5043 2 2 5 1 1285 1261 2983
5044 2 2 5 1 2806 1550 3845
5045 2 2 5 1 2578 2323 3861
5046 2 2 5 1 3123 2758 3366
5047 2 2 5 1 3474 1810 3781
5048 2 2 5 1 16 15 404
5049 2 2 5 1 1390 2106 2107
5050 2 2 5 1 2165 1734 3062
5051 2 2 5 1 2015 2014 2527
5052 2 2 5 1 1887 634 3008
5053 2 2 5 1 1563 2834 3735
5054 2 2 5 1 2774 2831 3480
5055 2 2 5 1 1601 1600 1602
5056 2 2 5 1 1162 2879 3588
5057 2 2 5 1 1895 1541 3156
5058 2 2 5 1 596 1960 3302
5059 2 2 5 1 1048 1047 1054
5060 2 2 5 1 2742 2055 3373
5061 2 2 5 1 1590 2427 3648
5062 2 2 5 1 2546 1872 2547
5063 2 2 5 1 2872 1046 3136
5064 2 2 5 1 402 120 2866
5065 2 2 5 1 3498 971 3658
5066 2 2 5 1 1109 830 3004
5067 2 2 5 1 1010 1009 1011
5068 2 2 5 1 166 398 3443
5069 2 2 5 1 3012 2549 3867
5070 2 2 5 1 1779 2050 2051
5071 2 2 5 1 2069 2070 3465
5072 2 2 5 1 1532 1650 3153
5073 2 2 5 1 1175 1173 3123
5074 2 2 5 1 2243 1806 2728
5075 2 2 5 1 2600 2166 3411
5076 2 2 5 1 1920 1919 1946
5077 2 2 5 1 2209 2415 2904
5078 2 2 5 1 395 217 2857
5079 2 2 5 1 462 2732 3189
5080 2 2 5 1 54 53 2988
5081 2 2 5 1 2713 2907 3192
5082 2 2 5 1 2995 1984 3838
5083 2 2 5 1 2680 2682 3617
5084 2 2 5 1 942 943 3060
5085 2 2 5 1 2724 455 3693
5086 2 2 5 1 2199 2780 3535
5087 2 2 5 1 284 283 3018
5088 2 2 5 1 1232 1187 1254
5089 2 2 5 1 1122 1090 1258
5090 2 2 5 1 2549 2550 3867
5091 2 2 5 1 814 799 3011
5092 2 2 5 1 415 99 2863
5093 2 2 5 1 2072 2259 3503
5094 2 2 5 1 1130 127 2845
5095 2 2 5 1 1476 1676 2308
5096 2 2 5 1 1708 1707 1941
5097 2 2 5 1 549 7 551
5098 2 2 5 1 2411 2408 3879
5099 2 2 5 1 1706 1705 1707
5100 2 2 5 1 2302 2167 3680
5101 2 2 5 1 1751 2467 3521
5102 2 2 5 1 1012 1011 1013
5103 2 2 5 1 2408 3583 3879
5104 2 2 5 1 807 779 3058
5105 2 2 5 1 3378 2486 3910
5106 2 2 5 1 877 879 2964
5107 2 2 5 1 705 708 3126
5108 2 2 5 1 1262 2601 3668
5109 2 2 5 1 846 814 3059
5110 2 2 5 1 1088 832 1250
5111 2 2 5 1 957 1157 2842
5112 2 2 5 1 1954 2717 2783
5113 2 2 5 1 1738 2320 3843
5114 2 2 5 1 1463 1301 3259
5115 2 2 5 1 1525 2491 3801
5116 2 2 5 1 369 370 3129
5117 2 2 5 1 1280 1296 1717
5118 2 2 5 1 1518 132 2878
5119 2 2 5 1 57 56 2938
5120 2 2 5 1 2026 1625 2028
5121 2 2 5 1 1382 1385 1387
5122 2 2 5 1 3057 3179 3576
5123 2 2 5 1 1820 1683 3258
5124 2 2 5 1 757 758 761
5125 2 2 5 1 280 279 3012
5126 2 2 5 1 2530 2529 3506
5127 2 2 5 1 1435 1376 3160
5128 2 2 5 1 477 3491 3598
5129 2 2 5 1 2657 2656 2965
5130 2 2 5 1 2105 1966 3787
5131 2 2 5 1 1481 1480 1859
5132 2 2 5 1 1786 1704 3719
5133 2 2 5 1 2464 2463 3327
5134 2 2 5 1 1521 2007 2040
5135 2 2 5 1 903 907 3135
5136 2 2 5 1 2284 2285 3705
5137 2 2 5 1 2150 1420 2151
5138 2 2 5 1 3 329 3228
5139 2 2 5 1 2749 461 3246
5140 2 2 5 1 1851 1680 1852
5141 2 2 5 1 1221 1222 1223
5142 2 2 5 1 227 397 2979
5143 2 2 5 1 635 592 2110
5144 2 2 5 1 126 904 2845
5145 2 2 5 1 3116 2286 3743
5146 2 2 5 1 2066 2202 3235
5147 2 2 5 1 2818 483 3923
5148 2 2 5 1 1212 1045 3131
5149 2 2 5 1 1657 1660 3159
5150 2 2 5 1 1160 1364 1365
5151 2 2 5 1 259 258 3000
5152 2 2 5 1 1014 1013 1015
5153 2 2 5 1 1226 1284 1476
5154 2 2 5 1 348 5 3685
5155 2 2 5 1 476 384 3170
5156 2 2 5 1 332 477 3171
5157 2 2 5 1 961 959 2977
5158 2 2 5 1 829 2822 3811
5159 2 2 5 1 1196 1182 1197
5160 2 2 5 1 1268 1269 3108
5161 2 2 5 1 1740 1107 1861
5162 2 2 5 1 1989 1795 2042
5163 2 2 5 1 455 2757 3693
5164 2 2 5 1 2065 3235 3538
5165 2 2 5 1 5 349 3685
5166 2 2 5 1 2139 2541 3556
5167 2 2 5 1 803 802 831
5168 2 2 5 1 1016 1015 1017
5169 2 2 5 1 1684 1254 1871
5170 2 2 5 1 632 1887 3061
5171 2 2 5 1 1365 1617 1866
5172 2 2 5 1 2796 1062 3141
5173 2 2 5 1 1178 219 2848
5174 2 2 5 1 2621 2629 3758
5175 2 2 5 1 920 923 3155
5176 2 2 5 1 3571 2527 3612
5177 2 2 5 1 634 640 3008
5178 2 2 5 1 2222 3381 3382
5179 2 2 5 1 2811 2170 2843
5180 2 2 5 1 403 110 2875
5181 2 2 5 1 2952 2272 3566
5182 2 2 5 1 2912 682 3501
5183 2 2 5 1 1866 1617 1968
5184 2 2 5 1 1925 2834 2835
5185 2 2 5 1 393 2829 3194
5186 2 2 5 1 2086 2087 3065
5187 2 2 5 1 3096 1805 3336
5188 2 2 5 1 720 681 2992
5189 2 2 5 1 1351 1444 3195
5190 2 2 5 1 1993 1992 2342
5191 2 2 5 1 1281 1631 2876
5192 2 2 5 1 3082 2119 3725
5193 2 2 5 1 694 2807 2808
5194 2 2 5 1 111 403 2865
5195 2 2 5 1 2853 204 2854
5196 2 2 5 1 3503 2259 3646
5197 2 2 5 1 589 588 3143
5198 2 2 5 1 983 982 2795
5199 2 2 5 1 724 728 3114
5200 2 2 5 1 3373 1950 3657
5201 2 2 5 1 1893 2116 3074
5202 2 2 5 1 719 697 2969
5203 2 2 5 1 989 988 2802
5204 2 2 5 1 532 533 3177
5205 2 2 5 1 1708 1941 3290
5206 2 2 5 1 1472 1626 3757
5207 2 2 5 1 761 762 769
5208 2 2 5 1 1142 1328 1396
5209 2 2 5 1 398 165 3557
5210 2 2 5 1 1519 1502 2084
5211 2 2 5 1 809 837 838
5212 2 2 5 1 1603 1602 1605
5213 2 2 5 1 2447 1458 3430
5214 2 2 5 1 803 831 832
5215 2 2 5 1 1420 1421 3118
5216 2 2 5 1 742 750 2846
5217 2 2 5 1 789 1545 2915
5218 2 2 5 1 3296 2506 3340
5219 2 2 5 1 2866 119 2892
5220 2 2 5 1 1055 1054 1063
5221 2 2 5 1 271 270 502
5222 2 2 5 1 3355 464 3669
5223 2 2 5 1 2678 416 3522
5224 2 2 5 1 1698 1361 2034
5225 2 2 5 1 2666 2672 3759
5226 2 2 5 1 1814 2796 3466
5227 2 2 5 1 723 724 3114
5228 2 2 5 1 180 401 3667
5229 2 2 5 1 121 402 3175
5230 2 2 5 1 704 705 3126
5231 2 2 5 1 1006 1005 3119
5232 2 2 5 1 1313 1314 1719
5233 2 2 5 1 1029 1034 2951
5234 2 2 5 1 1541 1982 3156
5235 2 2 5 1 1336 1416 1501
5236 2 2 5 1 767 785 3088
5237 2 2 5 1 2019 3249 3641
5238 2 2 5 1 2823 1753 3850
5239 2 2 5 1 56 55 645
5240 2 2 5 1 515 517 518
5241 2 2 5 1 3021 787 3226
5242 2 2 5 1 838 1127 1142
5243 2 2 5 1 2045 2046 2275
5244 2 2 5 1 2023 2085 2086
5245 2 2 5 1 3044 1897 3472
5246 2 2 5 1 2821 3320 3849
5247 2 2 5 1 1400 1401 2985
5248 2 2 5 1 760 802 803
5249 2 2 5 1 2163 2743 3392
5250 2 2 5 1 1517 1808 3158
5251 2 2 5 1 2375 1555 2376
5252 2 2 5 1 418 253 2884
5253 2 2 5 1 2242 2243 3606
5254 2 2 5 1 2091 2090 2269
5255 2 2 5 1 1403 1673 1674
5256 2 2 5 1 760 759 802
5257 2 2 5 1 1069 1183 3698
5258 2 2 5 1 1613 1612 1677
5259 2 2 5 1 1890 1891 1892
5260 2 2 5 1 1142 1396 2947
5261 2 2 5 1 1201 1113 1524
5262 2 2 5 1 2582 436 3571
5263 2 2 5 1 1418 1420 2150
5264 2 2 5 1 1639 1640 3423
5265 2 2 5 1 1202 123 2887
5266 2 2 5 1 607 605 3077
5267 2 2 5 1 1124 1063 1194
5268 2 2 5 1 2599 2115 3510
5269 2 2 5 1 598 600 3356
5270 2 2 5 1 728 731 1229
5271 2 2 5 1 1252 1829 2045
5272 2 2 5 1 2450 3331 3601
5273 2 2 5 1 785 783 3140
5274 2 2 5 1 1554 1327 1555
5275 2 2 5 1 2871 1984 3710
5276 2 2 5 1 2106 1455 3295
5277 2 2 5 1 1801 1394 1803
5278 2 2 5 1 1559 1827 3699
5279 2 2 5 1 118 1179 2892
5280 2 2 5 1 1220 1221 1319
5281 2 2 5 1 1965 661 3029
5282 2 2 5 1 2366 2365 2722
5283 2 2 5 1 1365 1364 1617
5284 2 2 5 1 3398 2050 3441
5285 2 2 5 1 1345 1194 1394
5286 2 2 5 1 1500 1629 3166
5287 2 2 5 1 1476 1284 1676
5288 2 2 5 1 3113 1991 3596
5289 2 2 5 1 1990 1624 1991
5290 2 2 5 1 264 263 494
5291 2 2 5 1 773 775 776
5292 2 2 5 1 558 559 560
5293 2 2 5 1 1502 1503 3132
5294 2 2 5 1 2273 1810 3474
5295 2 2 5 1 889 883 3242
5296 2 2 5 1 474 390 2568
5297 2 2 5 1 2740 454 3567
5298 2 2 5 1 1977 1979 1980
5299 2 2 5 1 2887 122 3175
5300 2 2 5 1 1049 1212 1213
5301 2 2 5 1 2868 1899 2872
5302 2 2 5 1 114 1145 2927
5303 2 2 5 1 15 14 2990
5304 2 2 5 1 1662 1276 3545
5305 2 2 5 1 2451 2183 2514
5306 2 2 5 1 24 23 3284
5307 2 2 5 1 2696 1940 3162
5308 2 2 5 1 820 839 1095
5309 2 2 5 1 1871 1872 2546
5310 2 2 5 1 1783 1512 1823
5311 2 2 5 1 1737 2935 3306
5312 2 2 5 1 2875 109 2900
5313 2 2 5 1 1745 1399 3810
5314 2 2 5 1 2042 1795 3052
5315 2 2 5 1 2127 2128 3568
5316 2 2 5 1 260 259 1177
5317 2 2 5 1 2138 2140 3023
5318 2 2 5 1 1252 1828 1829
5319 2 2 5 1 2803 2155 2997
5320 2 2 5 1 1086 3452 3664
5321 2 2 5 1 1859 1940 2224
5322 2 2 5 1 2731 2074 3291
5323 2 2 5 1 2050 3063 3441
5324 2 2 5 1 2767 439 3192
5325 2 2 5 1 1035 1030 1062
5326 2 2 5 1 1448 1170 3068
5327 2 2 5 1 1606 1605 1693
5328 2 2 5 1 2429 1837 3142
5329 2 2 5 1 225 224 3280
5330 2 2 5 1 2502 2500 3806
5331 2 2 5 1 651 664 3029
5332 2 2 5 1 2184 546 2185
5333 2 2 5 1 1424 1426 1744
5334 2 2 5 1 533 522 1310
5335 2 2 5 1 154 153 3830
5336 2 2 5 1 1218 1219 1220
5337 2 2 5 1 708 711 1297
5338 2 2 5 1 152 400 3256
5339 2 2 5 1 263 262 3045
5340 2 2 5 1 1606 1693 3341
5341 2 2 5 1 1220 1219 1221
5342 2 2 5 1 1387 1388 1397
5343 2 2 5 1 1586 1583 3202
5344 2 2 5 1 713 725 730
5345 2 2 5 1 882 884 3207
5346 2 2 5 1 1428 1502 1519
5347 2 2 5 1 727 726 3363
5348 2 2 5 1 611 609 3047
5349 2 2 5 1 1235 2001 3135
5350 2 2 5 1 1321 1320 3145
5351 2 2 5 1 1594 1589 3209
5352 2 2 5 1 1766 2390 3932
5353 2 2 5 1 1235 910 1484
5354 2 2 5 1 1817 2075 3125
5355 2 2 5 1 1236 882 3207
5356 2 2 5 1 761 769 771
5357 2 2 5 1 902 903 3135
5358 2 2 5 1 3130 1945 3285
5359 2 2 5 1 1163 230 2961
5360 2 2 5 1 1512 1513 3139
5361 2 2 5 1 1720 1309 2099
5362 2 2 5 1 2376 1555 2377
5363 2 2 5 1 1120 1248 3031
5364 2 2 5 1 1909 1938 2098
5365 2 2 5 1 887 890 2129
5366 2 2 5 1 124 1202 2914
5367 2 2 5 1 959 2842 2977
5368 2 2 5 1 17 16 3056
5369 2 2 5 1 2336 3112 3873
5370 2 2 5 1 776 781 1556
5371 2 2 5 1 673 249 2831
5372 2 2 5 1 2401 2389 3721
5373 2 2 5 1 2070 1937 3269
5374 2 2 5 1 2509 3768 3901
5375 2 2 5 1 1770 1772 2978
5376 2 2 5 1 2863 98 2918
5377 2 2 5 1 1375 2010 2011
5378 2 2 5 1 2338 2234 3908
5379 2 2 5 1 350 351 3212
5380 2 2 5 1 1229 731 1230
5381 2 2 5 1 1485 1484 1729
5382 2 2 5 1 1125 919 1231
5383 2 2 5 1 1170 1116 3068
5384 2 2 5 1 1055 1063 1073
5385 2 2 5 1 1803 1394 3005
5386 2 2 5 1 896 898 940
5387 2 2 5 1 1873 1729 1874
5388 2 2 5 1 1980 2526 2662
5389 2 2 5 1 693 208 3187
5390 2 2 5 1 730 725 759
5391 2 2 5 1 783 790 3140
5392 2 2 5 1 50 49 3006
5393 2 2 5 1 102 101 3495
5394 2 2 5 1 2270 1874 2292
5395 2 2 5 1 1674 1673 2241
5396 2 2 5 1 2236 1621 2237
5397 2 2 5 1 133 1518 3110
5398 2 2 5 1 2825 167 3443
5399 2 2 5 1 631 626 3107
5400 2 2 5 1 1821 1531 1869
5401 2 2 5 1 3374 1700 3569
5402 2 2 5 1 669 672 3042
5403 2 2 5 1 1414 1415 1847
5404 2 2 5 1 748 1965 3058
5405 2 2 5 1 1302 1303 1304
5406 2 2 5 1 1047 1045 1049
5407 2 2 5 1 3276 536 3633
5408 2 2 5 1 527 511 2681
5409 2 2 5 1 108 1159 2900
5410 2 2 5 1 771 787 820
5411 2 2 5 1 661 651 3029
5412 2 2 5 1 2969 699 3036
5413 2 2 5 1 2790 1166 3401
5414 2 2 5 1 592 589 3143
5415 2 2 5 1 553 555 556
5416 2 2 5 1 907 910 1235
5417 2 2 5 1 203 1384 2854
5418 2 2 5 1 554 2305 3573
5419 2 2 5 1 1772 2131 2132
5420 2 2 5 1 97 1164 2918
5421 2 2 5 1 1229 1230 1414
5422 2 2 5 1 2600 2001 3410
5423 2 2 5 1 1506 1508 1886
5424 2 2 5 1 1447 1299 3169
5425 2 2 5 1 879 1236 2964
5426 2 2 5 1 1878 2038 3600
5427 2 2 5 1 1322 1231 1323
5428 2 2 5 1 1635 1323 1636
5429 2 2 5 1 1145 113 2919
5430 2 2 5 1 2244 2242 3576
5431 2 2 5 1 1179 117 2916
5432 2 2 5 1 1521 1522 2007
5433 2 2 5 1 1223 1224 1225
5434 2 2 5 1 1328 1520 1521
5435 2 2 5 1 637 630 3061
5436 2 2 5 1 730 759 760
5437 2 2 5 1 779 748 3058
5438 2 2 5 1 3768 1545 3901
5439 2 2 5 1 2161 2160 3456
5440 2 2 5 1 417 239 2944
5441 2 2 5 1 2037 2036 2039
5442 2 2 5 1 1345 1801 1802
5443 2 2 5 1 2737 462 3189
5444 2 2 5 1 265 264 3103
5445 2 2 5 1 3218 1942 3345
5446 2 2 5 1 919 920 3155
5447 2 2 5 1 1998 927 2172
5448 2 2 5 1 1223 1225 1226
5449 2 2 5 1 269 268 3086
5450 2 2 5 1 603 601 3079
5451 2 2 5 1 911 914 3037
5452 2 2 5 1 1414 1230 1415
5453 2 2 5 1 533 1335 1546
5454 2 2 5 1 1070 1075 3051
5455 2 2 5 1 2864 3305 3671
5456 2 2 5 1 699 701 3036
5457 2 2 5 1 2625 1822 3537
5458 2 2 5 1 164 2793 3557
5459 2 2 5 1 671 246 2836
5460 2 2 5 1 1531 1532 3153
5461 2 2 5 1 735 736 3297
5462 2 2 5 1 3248 3176 3918
5463 2 2 5 1 1044 1043 1045
5464 2 2 5 1 112 2865 2919
5465 2 2 5 1 2048 1656 2049
5466 2 2 5 1 732 735 3100
5467 2 2 5 1 1401 1402 1403
5468 2 2 5 1 1510 1512 1783
5469 2 2 5 1 1371 1369 1691
5470 2 2 5 1 917 919 1125
5471 2 2 5 1 1523 1974 3071
5472 2 2 5 1 1272 1620 3124
5473 2 2 5 1 1516 1624 1990
5474 2 2 5 1 490 2637 3651
5475 2 2 5 1 1847 1848 2311
5476 2 2 5 1 1227 1413 1619
5477 2 2 5 1 252 1167 2884
5478 2 2 5 1 3168 2580 3502
5479 2 2 5 1 48 47 3075
5480 2 2 5 1 1376 1375 3160
5481 2 2 5 1 2275 2046 2276
5482 2 2 5 1 1249 1175 3123
5483 2 2 5 1 2062 2061 2192
5484 2 2 5 1 464 431 2718
5485 2 2 5 1 1443 2056 3315
5486 2 2 5 1 1106 942 1180
5487 2 2 5 1 1405 1768 2256
5488 2 2 5 1 1920 1946 3053
5489 2 2 5 1 955 3436 3630
5490 2 2 5 1 2316 2314 3431
5491 2 2 5 1 500 499 1019
5492 2 2 5 1 1877 1876 1878
5493 2 2 5 1 932 901 3070
5494 2 2 5 1 116 916 2916
5495 2 2 5 1 532 522 533
5496 2 2 5 1 1569 1568 3283
5497 2 2 5 1 928 935 3039
5498 2 2 5 1 1656 1657 3159
5499 2 2 5 1 1854 3638 3841
5500 2 2 5 1 103 926 2923
5501 2 2 5 1 1847 1415 1848
5502 2 2 5 1 267 266 3092
5503 2 2 5 1 635 2110 2191
5504 2 2 5 1 2311 1848 2312
5505 2 2 5 1 809 812 837
5506 2 2 5 1 1384 202 2939
5507 2 2 5 1 595 593 3083
5508 2 2 5 1 2002 3165 3823
5509 2 2 5 1 664 1255 3029
5510 2 2 5 1 47 46 3038
5511 2 2 5 1 207 2851 3187
5512 2 2 5 1 52 51 3035
5513 2 2 5 1 576 573 766
5514 2 2 5 1 129 128 3300
5515 2 2 5 1 472 3613 3746
5516 2 2 5 1 2059 2723 3800
5517 2 2 5 1 2976 675 3399
5518 2 2 5 1 1676 2014 2015
5519 2 2 5 1 106 925 2931
5520 2 2 5 1 261 260 3026
5521 2 2 5 1 692 214 2898
5522 2 2 5 1 1116 1118 3068
5523 2 2 5 1 2983 2672 3626
5524 2 2 5 1 904 125 2914
5525 2 2 5 1 1375 1373 2010
5526 2 2 5 1 716 718 3050
5527 2 2 5 1 2877 2812 3664
5528 2 2 5 1 2040 2007 2638
5529 2 2 5 1 1042 1041 1043
5530 2 2 5 1 781 782 809
5531 2 2 5 1 1327 1180 1366
5532 2 2 5 1 3864 3078 3908
5533 2 2 5 1 1093 1148 1150
5534 2 2 5 1 1046 1041 3136
5535 2 2 5 1 1772 1771 1773
5536 2 2 5 1 1066 1068 3223
5537 2 2 5 1 1062 1030 3141
5538 2 2 5 1 2829 2830 3194
5539 2 2 5 1 1945 1943 3285
5540 2 2 5 1 743 767 3088
5541 2 2 5 1 1498 1877 3289
5542 2 2 5 1 923 927 1998
5543 2 2 5 1 3415 1918 3688
5544 2 2 5 1 1519 2084 2090
5545 2 2 5 1 2992 685 3069
5546 2 2 5 1 2065 2066 3235
5547 2 2 5 1 1356 1357 3063
5548 2 2 5 1 1142 1127 1328
5549 2 2 5 1 1424 1744 3118
5550 2 2 5 1 599 597 3081
5551 2 2 5 1 1366 2061 2062
5552 2 2 5 1 2123 3199 3692
5553 2 2 5 1 1440 1895 3203
5554 2 2 5 1 1336 1501 3108
5555 2 2 5 1 776 777 781
5556 2 2 5 1 619 607 3077
5557 2 2 5 1 1263 1262 3409
5558 2 2 5 1 1288 2058 3288
5559 2 2 5 1 409 544 545
5560 2 2 5 1 2270 2292 2331
5561 2 2 5 1 2922 1934 3672
5562 2 2 5 1 1203 1205 1438
5563 2 2 5 1 2446 3220 3647
5564 2 2 5 1 937 942 1106
5565 2 2 5 1 2422 2942 3815
5566 2 2 5 1 969 967 971
5567 2 2 5 1 1403 1402 1673
5568 2 2 5 1 2037 2039 2488
5569 2 2 5 1 1490 1493 3239
5570 2 2 5 1 1853 1852 1988
5571 2 2 5 1 1529 1531 1821
5572 2 2 5 1 44 43 3101
5573 2 2 5 1 1485 1729 1873
5574 2 2 5 1 916 115 2927
5575 2 2 5 1 1873 1874 2270
5576 2 2 5 1 816 793 3313
5577 2 2 5 1 101 100 3887
5578 2 2 5 1 588 586 764
5579 2 2 5 1 1387 1397 2092
5580 2 2 5 1 1377 1439 3337
5581 2 2 5 1 1235 1484 1485
5582 2 2 5 1 254 418 3015
5583 2 2 5 1 1159 107 2931
5584 2 2 5 1 422 82 2894
5585 2 2 5 1 1470 1822 3408
5586 2 2 5 1 630 632 3061
5587 2 2 5 1 1437 1435 1690
5588 2 2 5 1 1650 1652 1995
5589 2 2 5 1 1681 3015 3632
5590 2 2 5 1 1095 839 1252
5591 2 2 5 1 1753 2823 3736
5592 2 2 5 1 884 887 3207
5593 2 2 5 1 805 806 3324
5594 2 2 5 1 1484 910 3037
5595 2 2 5 1 1854 1500 3166
5596 2 2 5 1 556 557 558
5597 2 2 5 1 1200 223 2966
5598 2 2 5 1 1032 1018 1033
5599 2 2 5 1 2748 1363 3429
5600 2 2 5 1 1169 84 2929
5601 2 2 5 1 1226 1225 1284
5602 2 2 5 1 1216 677 3057
5603 2 2 5 1 2921 2438 2950
5604 2 2 5 1 1770 1769 1771
5605 2 2 5 1 3149 1456 3762
5606 2 2 5 1 3241 3571 3612
5607 2 2 5 1 1030 1026 3141
5608 2 2 5 1 1802 1992 1993
5609 2 2 5 1 1654 1656 2048
5610 2 2 5 1 797 800 3206
5611 2 2 5 1 593 635 3083
5612 2 2 5 1 677 679 3057
5613 2 2 5 1 499 508 3253
5614 2 2 5 1 1167 251 2937
5615 2 2 5 1 955 1153 3436
5616 2 2 5 1 2045 1829 2046
5617 2 2 5 1 1678 1677 1700
5618 2 2 5 1 615 613 3091
5619 2 2 5 1 609 619 3047
5620 2 2 5 1 2014 1284 3251
5621 2 2 5 1 51 50 569
5622 2 2 5 1 2172 927 3039
5623 2 2 5 1 492 497 498
5624 2 2 5 1 943 947 3060
5625 2 2 5 1 1635 1636 2005
5626 2 2 5 1 1322 1323 1635
5627 2 2 5 1 2015 2527 3064
5628 2 2 5 1 1218 764 1219
5629 2 2 5 1 525 529 530
5630 2 2 5 1 1125 1231 1322
5631 2 2 5 1 769 770 3226
5632 2 2 5 1 53 52 1140
5633 2 2 5 1 1660 1682 1824
5634 2 2 5 1 965 961 2977
5635 2 2 5 1 1783 1823 2651
5636 2 2 5 1 3393 2050 3398
5637 2 2 5 1 2691 1848 3558
5638 2 2 5 1 2632 2630 3376
5639 2 2 5 1 59 570 2781
5640 2 2 5 1 1874 1729 3024
5641 2 2 5 1 283 282 504
5642 2 2 5 1 838 837 1127
5643 2 2 5 1 1990 1991 3113
5644 2 2 5 1 1040 1039 1041
5645 2 2 5 1 2488 2039 3188
5646 2 2 5 1 286 285 2860
5647 2 2 5 1 720 2992 3095
5648 2 2 5 1 2376 2377 2545
5649 2 2 5 1 240 417 2899
5650 2 2 5 1 1013 1011 1115
5651 2 2 5 1 2111 3714 3889
5652 2 2 5 1 1038 1039 1040
5653 2 2 5 1 3197 2096 3780
5654 2 2 5 1 795 797 3206
5655 2 2 5 1 1017 1015 1287
5656 2 2 5 1 1734 1954 2044
5657 2 2 5 1 2062 2192 2750
5658 2 2 5 1 1040 1041 1042
5659 2 2 5 1 2770 2836 2976
5660 2 2 5 1 623 615 3091
5661 2 2 5 1 2799 1820 3609
5662 2 2 5 1 582 580 765
5663 2 2 5 1 1631 2023 2876
5664 2 2 5 1 2800 2151 3659
5665 2 2 5 1 1742 1409 1743
5666 2 2 5 1 3585 2569 3791
5667 2 2 5 1 980 978 1144
5668 2 2 5 1 262 261 505
5669 2 2 5 1 1042 1043 1044
5670 2 2 5 1 2946 2945 2988
5671 2 2 5 1 719 2969 2970
5672 2 2 5 1 2898 213 2957
5673 2 2 5 1 1506 1886 3132
5674 2 2 5 1 81 2886 2894
5675 2 2 5 1 620 617 3078
5676 2 2 5 1 2346 2887 3175
5677 2 2 5 1 429 284 3018
5678 2 2 5 1 3201 1696 3695
5679 2 2 5 1 1044 1045 1047
5680 2 2 5 1 1692 1720 1721
5681 2 2 5 1 2737 3189 3660
5682 2 2 5 1 1444 1353 1445
5683 2 2 5 1 820 787 839
5684 2 2 5 1 1887 3275 3396
5685 2 2 5 1 1405 2256 3016
5686 2 2 5 1 1482 3123 3366
5687 2 2 5 1 1106 1180 1327
5688 2 2 5 1 2580 1476 3755
5689 2 2 5 1 2654 2721 3228
5690 2 2 5 1 2298 2300 3812
5691 2 2 5 1 1878 1876 2036
5692 2 2 5 1 1335 1310 1699
5693 2 2 5 1 1760 1864 3258
5694 2 2 5 1 3237 2081 3594
5695 2 2 5 1 1544 1733 1734
5696 2 2 5 1 2477 3095 3312
5697 2 2 5 1 1401 1215 1402
5698 2 2 5 1 1781 1466 3089
5699 2 2 5 1 2833 129 3300
5700 2 2 5 1 995 989 2802
5701 2 2 5 1 988 983 2795
5702 2 2 5 1 1049 1213 1663
5703 2 2 5 1 567 565 2915
5704 2 2 5 1 685 687 3069
5705 2 2 5 1 1520 1127 3229
5706 2 2 5 1 2099 1309 3385
5707 2 2 5 1 2803 393 3194
5708 2 2 5 1 1629 1925 3166
5709 2 2 5 1 2011 2010 3028
5710 2 2 5 1 1582 2125 2126
5711 2 2 5 1 1861 1107 2097
5712 2 2 5 1 1034 1035 1036
5713 2 2 5 1 83 422 2929
5714 2 2 5 1 41 40 2999
5715 2 2 5 1 250 673 2937
5716 2 2 5 1 3415 3354 3628
5717 2 2 5 1 1009 1006 3119
5718 2 2 5 1 2686 1991 3776
5719 2 2 5 1 287 286 3360
5720 2 2 5 1 3541 2434 3785
5721 2 2 5 1 1588 1739 2006
5722 2 2 5 1 588 764 1218
5723 2 2 5 1 2683 811 3245
5724 2 2 5 1 675 243 2901
5725 2 2 5 1 266 265 506
5726 2 2 5 1 2533 2803 3194
5727 2 2 5 1 2689 657 3273
5728 2 2 5 1 2942 574 3815
5729 2 2 5 1 2215 1942 3218
5730 2 2 5 1 701 704 3036
5731 2 2 5 1 1591 228 2979
5732 2 2 5 1 1683 1760 3258
5733 2 2 5 1 2140 2295 3023
5734 2 2 5 1 273 493 3032
5735 2 2 5 1 1974 2033 3416
5736 2 2 5 1 1821 1869 2837
5737 2 2 5 1 2597 2017 3365
5738 2 2 5 1 1005 1003 1276
5739 2 2 5 1 2468 2927 3765
5740 2 2 5 1 1255 743 3088
5741 2 2 5 1 477 2767 3491
5742 2 2 5 1 771 769 787
5743 2 2 5 1 1959 1523 3071
5744 2 2 5 1 819 827 1286
5745 2 2 5 1 1460 1459 1839
5746 2 2 5 1 275 274 501
5747 2 2 5 1 672 1216 3042
5748 2 2 5 1 1237 1409 1742
5749 2 2 5 1 553 552 555
5750 2 2 5 1 1718 1585 3826
5751 2 2 5 1 182 181 3322
5752 2 2 5 1 1775 1795 1989
5753 2 2 5 1 1268 3108 3144
5754 2 2 5 1 999 997 1121
5755 2 2 5 1 1691 1369 3145
5756 2 2 5 1 2663 2364 3624
5757 2 2 5 1 37 36 574
5758 2 2 5 1 211 210 3296
5759 2 2 5 1 1944 1950 3373
5760 2 2 5 1 2392 2695 3252
5761 2 2 5 1 1345 1394 1801
5762 2 2 5 1 1583 1582 3202
5763 2 2 5 1 617 623 3078
5764 2 2 5 1 1922 1920 3053
5765 2 2 5 1 1247 620 3078
5766 2 2 5 1 2766 476 3813
5767 2 2 5 1 552 551 554
5768 2 2 5 1 2055 1785 3373
5769 2 2 5 1 2836 245 2976
5770 2 2 5 1 1849 1593 3754
5771 2 2 5 1 643 637 3134
5772 2 2 5 1 1742 1743 2123
5773 2 2 5 1 3010 2749 3246
5774 2 2 5 1 2116 3048 3684
5775 2 2 5 1 740 3248 3692
5776 2 2 5 1 421 379 3435
5777 2 2 5 1 3093 446 3449
5778 2 2 5 1 461 2747 3343
5779 2 2 5 1 42 41 3055
5780 2 2 5 1 565 564 789
5781 2 2 5 1 626 622 3107
5782 2 2 5 1 448 2772 3831
5783 2 2 5 1 1830 1445 2327
5784 2 2 5 1 128 1130 3300
5785 2 2 5 1 835 865 1097
5786 2 2 5 1 2048 2049 2194
5787 2 2 5 1 2727 2726 3348
5788 2 2 5 1 1864 1906 2382
5789 2 2 5 1 1180 942 3060
5790 2 2 5 1 3416 2033 3522
5791 2 2 5 1 1542 1543 1544
5792 2 2 5 1 1151 3181 3326
5793 2 2 5 1 2812 1086 3664
5794 2 2 5 1 268 267 503
5795 2 2 5 1 25 444 2782
5796 2 2 5 1 1036 1037 1038
5797 2 2 5 1 343 437 3479
5798 2 2 5 1 1253 611 3047
5799 2 2 5 1 2073 2989 3375
5800 2 2 5 1 667 662 2913
5801 2 2 5 1 1005 1276 1542
5802 2 2 5 1 679 720 3057
5803 2 2 5 1 1318 1317 3527
5804 2 2 5 1 683 235 2906
5805 2 2 5 1 605 1256 3077
5806 2 2 5 1 459 2997 3420
5807 2 2 5 1 1604 237 2973
5808 2 2 5 1 1765 1434 3897
5809 2 2 5 1 1196 1309 1692
5810 2 2 5 1 531 528 3488
5811 2 2 5 1 1589 1588 3209
5812 2 2 5 1 2439 2442 3895
5813 2 2 5 1 1516 1990 3139
5814 2 2 5 1 2768 1946 3819
5815 2 2 5 1 2813 904 3734
5816 2 2 5 1 1663 1213 2168
5817 2 2 5 1 1574 1572 2004
5818 2 2 5 1 1806 1684 3109
5819 2 2 5 1 1097 1264 2169
5820 2 2 5 1 2560 3447 3516
5821 2 2 5 1 1861 2097 2134
5822 2 2 5 1 2682 539 3681
5823 2 2 5 1 1248 1332 3031
5824 2 2 5 1 850 848 3072
5825 2 2 5 1 158 157 3329
5826 2 2 5 1 1973 2109 3391
5827 2 2 5 1 2810 225 3280
5828 2 2 5 1 1240 1120 3031
5829 2 2 5 1 1524 3128 3489
5830 2 2 5 1 1769 1767 3164
5831 2 2 5 1 80 756 2886
5832 2 2 5 1 2499 2147 3682
5833 2 2 5 1 40 39 572
5834 2 2 5 1 2092 1397 2093
5835 2 2 5 1 2906 234 2933
5836 2 2 5 1 1019 499 3253
5837 2 2 5 1 3491 2190 3598
5838 2 2 5 1 1578 1576 1737
5839 2 2 5 1 222 990 2966
5840 2 2 5 1 2418 2416 3524
5841 2 2 5 1 2044 1954 2783
5842 2 2 5 1 1189 1272 3124
5843 2 2 5 1 1734 1733 1954
5844 2 2 5 1 2051 2508 3820
5845 2 2 5 1 1582 1580 2125
5846 2 2 5 1 1808 1930 3158
5847 2 2 5 1 1534 2760 3442
5848 2 2 5 1 1659 1883 3896
5849 2 2 5 1 1878 2036 2037
5850 2 2 5 1 3784 2555 3904
5851 2 2 5 1 687 694 3069
5852 2 2 5 1 1802 2748 3874
5853 2 2 5 1 77 753 2858
5854 2 2 5 1 1359 1312 3379
5855 2 2 5 1 49 48 1126
5856 2 2 5 1 2482 1550 3471
5857 2 2 5 1 1105 1182 1196
5858 2 2 5 1 1772 2132 2978
5859 2 2 5 1 498 499 500
5860 2 2 5 1 3124 1620 3130
5861 2 2 5 1 1288 1459 1460
5862 2 2 5 1 1840 1839 2059
5863 2 2 5 1 1877 2903 3289
5864 2 2 5 1 2315 2316 3254
5865 2 2 5 1 1588 1586 1739
5866 2 2 5 1 2648 2043 3878
5867 2 2 5 1 403 2875 2910
5868 2 2 5 1 2726 392 3348
5869 2 2 5 1 441 541 561
5870 2 2 5 1 2998 2607 3642
5871 2 2 5 1 1193 2326 3432
5872 2 2 5 1 1195 92 2926
5873 2 2 5 1 2074 2859 3291
5874 2 2 5 1 1802 1801 1992
5875 2 2 5 1 2838 1264 3518
5876 2 2 5 1 755 73 3154
5877 2 2 5 1 1038 1037 1039
5878 2 2 5 1 728 1229 3114
5879 2 2 5 1 1858 88 2911
5880 2 2 5 1 1650 1995 3153
5881 2 2 5 1 212 691 2957
5882 2 2 5 1 907 1235 3135
5883 2 2 5 1 1596 1594 1776
5884 2 2 5 1 2924 75 2956
5885 2 2 5 1 1462 2232 2233
5886 2 2 5 1 2982 1971 3712
5887 2 2 5 1 753 76 2924
5888 2 2 5 1 1919 1916 2159
5889 2 2 5 1 1288 1287 1459
5890 2 2 5 1 1241 1070 3051
5891 2 2 5 1 2151 1420 3118
5892 2 2 5 1 1544 1543 1733
5893 2 2 5 1 1616 241 2899
5894 2 2 5 1 718 723 3050
5895 2 2 5 1 3828 2514 3855
5896 2 2 5 1 708 1297 3126
5897 2 2 5 1 1768 1767 1769
5898 2 2 5 1 244 675 2976
5899 2 2 5 1 1097 1098 1264
5900 2 2 5 1 1732 1713 2266
5901 2 2 5 1 233 682 2933
5902 2 2 5 1 376 377 3853
5903 2 2 5 1 74 755 2956
5904 2 2 5 1 2169 2170 2171
5905 2 2 5 1 2742 3373 3657
5906 2 2 5 1 1898 1859 3172
5907 2 2 5 1 1840 2059 2060
5908 2 2 5 1 1526 2584 3696
5909 2 2 5 1 586 584 3183
5910 2 2 5 1 2874 1637 3708
5911 2 2 5 1 949 94 2986
5912 2 2 5 1 2230 2136 3383
5913 2 2 5 1 229 1591 2961
5914 2 2 5 1 563 562 564
5915 2 2 5 1 2321 2105 3835
5916 2 2 5 1 1141 643 3134
5917 2 2 5 1 613 1253 3091
5918 2 2 5 1 1600 1598 1687
5919 2 2 5 1 1941 1942 2214
5920 2 2 5 1 1322 3024 3919
5921 2 2 5 1 3128 2045 3489
5922 2 2 5 1 276 275 3377
5923 2 2 5 1 1136 1191 3278
5924 2 2 5 1 411 32 2697
5925 2 2 5 1 85 1169 2980
5926 2 2 5 1 238 1604 2944
5927 2 2 5 1 2557 3190 3904
5928 2 2 5 1 2736 2737 3403
5929 2 2 5 1 622 1247 3107
5930 2 2 5 1 3592 3724 3883
5931 2 2 5 1 2603 1410 3476
5932 2 2 5 1 1191 1189 3124
5933 2 2 5 1 756 79 2994
5934 2 2 5 1 1256 603 3079
5935 2 2 5 1 342 3479 3836
5936 2 2 5 1 395 2857 2968
5937 2 2 5 1 242 1616 2901
5938 2 2 5 1 1690 1435 3160
5939 2 2 5 1 1124 1194 1345
5940 2 2 5 1 1716 1714 3293
5941 2 2 5 1 1391 1356 1392
5942 2 2 5 1 1017 1287 1288
5943 2 2 5 1 1029 1030 1034
5944 2 2 5 1 1753 1644 3850
5945 2 2 5 1 533 1546 3177
5946 2 2 5 1 1542 1276 1543
5947 2 2 5 1 1687 3317 3903
5948 2 2 5 1 2919 2865 2920
5949 2 2 5 1 1291 1282 1292
5950 2 2 5 1 1684 1871 3109
5951 2 2 5 1 2527 2014 3612
5952 2 2 5 1 1994 1134 3278
5953 2 2 5 1 1460 1839 1840
5954 2 2 5 1 1361 932 3070
5955 2 2 5 1 1482 1249 3123
5956 2 2 5 1 1165 1257 3401
5957 2 2 5 1 2061 1933 3201
5958 2 2 5 1 1660 1824 3159
5959 2 2 5 1 1043 1046 3131
5960 2 2 5 1 923 1998 3155
5961 2 2 5 1 1638 1392 1779
5962 2 2 5 1 1075 1240 3051
5963 2 2 5 1 2046 1829 3704
5964 2 2 5 1 1989 2042 2162
5965 2 2 5 1 1060 2776 3368
5966 2 2 5 1 2134 2097 3243
5967 2 2 5 1 1068 1241 3223
5968 2 2 5 1 1693 1605 1912
5969 2 2 5 1 2109 2253 3448
5970 2 2 5 1 3155 1998 3407
5971 2 2 5 1 224 1200 3280
5972 2 2 5 1 1693 1912 1932
5973 2 2 5 1 2202 2203 3915
5974 2 2 5 1 637 3061 3134
5975 2 2 5 1 2852 2451 3284
5976 2 2 5 1 2704 2294 3713
5977 2 2 5 1 1313 561 1314
5978 2 2 5 1 3009 1078 3854
5979 2 2 5 1 87 853 2911
5980 2 2 5 1 2567 3344 3457
5981 2 2 5 1 1251 595 3083
5982 2 2 5 1 1392 1356 3063
5983 2 2 5 1 1134 1136 3278
5984 2 2 5 1 1984 1915 3838
5985 2 2 5 1 2679 3071 3416
5986 2 2 5 1 2084 1502 3132
5987 2 2 5 1 545 546 2183
5988 2 2 5 1 2126 2125 3180
5989 2 2 5 1 3162 3205 3533
5990 2 2 5 1 2627 2251 3675
5991 2 2 5 1 1353 1352 1354
5992 2 2 5 1 976 973 3447
5993 2 2 5 1 1230 731 3100
5994 2 2 5 1 1894 2634 3931
5995 2 2 5 1 1961 2709 3746
5996 2 2 5 1 2572 2573 3763
5997 2 2 5 1 533 1310 1335
5998 2 2 5 1 2947 1396 3704
5999 2 2 5 1 859 3082 3316
6000 2 2 5 1 1546 1621 1910
6001 2 2 5 1 1941 1707 1942
6002 2 2 5 1 2668 458 3465
6003 2 2 5 1 2006 1739 2260
6004 2 2 5 1 1039 1259 3136
6005 2 2 5 1 2341 2895 3580
6006 2 2 5 1 66 642 2996
6007 2 2 5 1 1705 1703 1967
6008 2 2 5 1 493 272 3007
6009 2 2 5 1 1810 1611 3781
6010 2 2 5 1 1932 1912 2200
6011 2 2 5 1 14 13 3084
6012 2 2 5 1 1735 1867 1961
6013 2 2 5 1 1341 3431 3615
6014 2 2 5 1 641 61 2975
6015 2 2 5 1 1118 861 3421
6016 2 2 5 1 1307 2991 3040
6017 2 2 5 1 2110 592 3143
6018 2 2 5 1 601 624 3079
6019 2 2 5 1 70 69 3397
6020 2 2 5 1 2279 1689 2365
6021 2 2 5 1 1388 1390 3120
6022 2 2 5 1 2770 2976 3399
6023 2 2 5 1 2255 1798 3586
6024 2 2 5 1 3049 1054 3413
6025 2 2 5 1 2628 2021 3599
6026 2 2 5 1 855 852 3122
6027 2 2 5 1 380 381 3530
6028 2 2 5 1 91 424 2926
6029 2 2 5 1 2127 3568 3846
6030 2 2 5 1 3303 2450 3597
6031 2 2 5 1 3131 1046 3263
6032 2 2 5 1 597 1251 3081
6033 2 2 5 1 588 1218 3143
6034 2 2 5 1 2193 3374 3569
6035 2 2 5 1 78 2858 2994
6036 2 2 5 1 843 2387 3546
6037 2 2 5 1 3142 3314 3726
6038 2 2 5 1 1734 2044 3062
6039 2 2 5 1 2357 2769 3922
6040 2 2 5 1 2424 1561 3839
6041 2 2 5 1 236 683 2973
6042 2 2 5 1 46 45 571
6043 2 2 5 1 2434 2613 3785
6044 2 2 5 1 1910 2236 2839
6045 2 2 5 1 1872 1254 3198
6046 2 2 5 1 2585 2577 3892
6047 2 2 5 1 2124 3248 3918
6048 2 2 5 1 1699 2482 2483
6049 2 2 5 1 624 599 3081
6050 2 2 5 1 3151 2229 3627
6051 2 2 5 1 2360 2359 3654
6052 2 2 5 1 570 58 2943
6053 2 2 5 1 417 2944 3041
6054 2 2 5 1 2735 459 3420
6055 2 2 5 1 545 544 546
6056 2 2 5 1 852 1239 3122
6057 2 2 5 1 2395 2358 3891
6058 2 2 5 1 1292 1294 1534
6059 2 2 5 1 518 520 523
6060 2 2 5 1 1609 1601 3655
6061 2 2 5 1 853 86 2980
6062 2 2 5 1 1638 1779 2225
6063 2 2 5 1 2592 2594 3764
6064 2 2 5 1 93 1195 2986
6065 2 2 5 1 1710 1708 3290
6066 2 2 5 1 1199 1211 1308
6067 2 2 5 1 1081 858 3117
6068 2 2 5 1 1397 1388 3120
6069 2 2 5 1 1533 1185 3190
6070 2 2 5 1 1887 3008 3275
6071 2 2 5 1 2314 2339 3431
6072 2 2 5 1 793 795 3313
6073 2 2 5 1 1360 3460 3493
6074 2 2 5 1 1720 2099 2100
6075 2 2 5 1 1296 1382 3133
6076 2 2 5 1 2689 3273 3865
6077 2 2 5 1 1653 1751 3870
6078 2 2 5 1 89 1858 2984
6079 2 2 5 1 45 44 3161
6080 2 2 5 1 1349 1348 1350
6081 2 2 5 1 2784 1164 3715
6082 2 2 5 1 3317 1776 3903
6083 2 2 5 1 424 90 2984
6084 2 2 5 1 1940 1480 3205
6085 2 2 5 1 3414 2641 3542
6086 2 2 5 1 1823 1512 3139
6087 2 2 5 1 1036 1035 1037
6088 2 2 5 1 3115 1144 3812
6089 2 2 5 1 68 1158 2962
6090 2 2 5 1 2214 1942 2215
6091 2 2 5 1 1391 1392 1638
6092 2 2 5 1 1819 1885 3157
6093 2 2 5 1 2613 2926 3785
6094 2 2 5 1 1315 1341 3615
6095 2 2 5 1 1772 1773 2131
6096 2 2 5 1 2200 3034 3468
6097 2 2 5 1 1474 1443 3315
6098 2 2 5 1 2599 1922 3053
6099 2 2 5 1 1405 1303 1767
6100 2 2 5 1 1681 255 3015
6101 2 2 5 1 736 741 3297
6102 2 2 5 1 1354 1356 1391
6103 2 2 5 1 1196 1197 1309
6104 2 2 5 1 2082 2081 3237
6105 2 2 5 1 1870 1781 3089
6106 2 2 5 1 1362 1363 1735
6107 2 2 5 1 13 12 445
6108 2 2 5 1 561 541 3260
6109 2 2 5 1 1077 1059 1078
6110 2 2 5 1 1770 1771 1772
6111 2 2 5 1 1675 3515 3869
6112 2 2 5 1 1677 1612 2047
6113 2 2 5 1 423 70 3397
6114 2 2 5 1 1028 1027 3281
6115 2 2 5 1 2111 2112 3714
6116 2 2 5 1 2814 2813 3734
6117 2 2 5 1 2030 2727 3578
6118 2 2 5 1 1406 1748 3098
6119 2 2 5 1 1959 2701 3882
6120 2 2 5 1 1022 1021 1023
6121 2 2 5 1 3607 1472 3757
6122 2 2 5 1 1608 1606 3341
6123 2 2 5 1 1351 1350 1352
6124 2 2 5 1 2271 3460 3566
6125 2 2 5 1 2880 765 3525
6126 2 2 5 1 2236 2237 2238
6127 2 2 5 1 789 564 1305
6128 2 2 5 1 2832 3050 3552
6129 2 2 5 1 1250 832 3316
6130 2 2 5 1 430 376 3853
6131 2 2 5 1 824 805 3324
6132 2 2 5 1 2025 2526 3902
6133 2 2 5 1 2859 816 3291
6134 2 2 5 1 1184 2657 3640
6135 2 2 5 1 400 2736 3403
6136 2 2 5 1 2541 2542 3774
6137 2 2 5 1 2557 2558 3193
6138 2 2 5 1 2054 3246 3456
6139 2 2 5 1 1351 1352 1353
6140 2 2 5 1 1239 850 3072
6141 2 2 5 1 854 1085 3868
6142 2 2 5 1 2963 2764 3910
6143 2 2 5 1 1024 1023 1025
6144 2 2 5 1 1521 2040 3214
6145 2 2 5 1 816 3313 3878
6146 2 2 5 1 2871 753 3688
6147 2 2 5 1 1869 1531 3153
6148 2 2 5 1 3126 1297 3127
6149 2 2 5 1 3238 2658 3750
6150 2 2 5 1 215 692 3458
6151 2 2 5 1 2146 2486 3378
6152 2 2 5 1 694 2808 3069
6153 2 2 5 1 689 1539 3921
6154 2 2 5 1 530 3178 3549
6155 2 2 5 1 1005 1542 3119
6156 2 2 5 1 1692 1309 1720
6157 2 2 5 1 3523 1675 3869
6158 2 2 5 1 2086 3065 3066
6159 2 2 5 1 43 42 646
6160 2 2 5 1 1084 34 2917
6161 2 2 5 1 1045 1043 3131
6162 2 2 5 1 831 859 3316
6163 2 2 5 1 1158 67 2996
6164 2 2 5 1 64 1168 3227
6165 2 2 5 1 1964 2272 2806
6166 2 2 5 1 1735 1961 2908
6167 2 2 5 1 2169 1264 2170
6168 2 2 5 1 2142 2599 3510
6169 2 2 5 1 1805 1838 3336
6170 2 2 5 1 2758 1953 3366
6171 2 2 5 1 2857 216 3458
6172 2 2 5 1 1051 257 2998
6173 2 2 5 1 1347 1346 1348
6174 2 2 5 1 1231 3155 3407
6175 2 2 5 1 1832 2816 3452
6176 2 2 5 1 3271 1162 3551
6177 2 2 5 1 2091 2269 3703
6178 2 2 5 1 2171 2170 2811
6179 2 2 5 1 2516 3230 3905
6180 2 2 5 1 1739 1586 3202
6181 2 2 5 1 1789 1790 3562
6182 2 2 5 1 1034 1030 1035
6183 2 2 5 1 3498 2503 3516
6184 2 2 5 1 2493 2246 2494
6185 2 2 5 1 1231 919 3155
6186 2 2 5 1 1925 2835 3166
6187 2 2 5 1 795 3206 3313
6188 2 2 5 1 1375 2011 3160
6189 2 2 5 1 3178 523 3549
6190 2 2 5 1 789 1305 1306
6191 2 2 5 1 887 2129 3207
6192 2 2 5 1 1567 1377 3337
6193 2 2 5 1 765 3210 3525
6194 2 2 5 1 2292 1874 3250
6195 2 2 5 1 734 733 3733
6196 2 2 5 1 1258 1090 3182
6197 2 2 5 1 1456 1304 3016
6198 2 2 5 1 1168 63 2967
6199 2 2 5 1 1073 1063 1124
6200 2 2 5 1 1776 1594 3209
6201 2 2 5 1 62 641 2967
6202 2 2 5 1 2893 683 3847
6203 2 2 5 1 3794 2546 3839
6204 2 2 5 1 1113 1095 3128
6205 2 2 5 1 2230 3383 3579
6206 2 2 5 1 1020 1019 1021
6207 2 2 5 1 1347 1348 1349
6208 2 2 5 1 2658 984 3750
6209 2 2 5 1 1062 2796 3335
6210 2 2 5 1 2884 1167 2885
6211 2 2 5 1 2049 1656 3159
6212 2 2 5 1 60 2781 2975
6213 2 2 5 1 2368 1892 2676
6214 2 2 5 1 1727 2965 3379
6215 2 2 5 1 2430 2411 3879
6216 2 2 5 1 2075 1819 3157
6217 2 2 5 1 560 559 562
6218 2 2 5 1 691 211 3296
6219 2 2 5 1 1735 1363 1867
6220 2 2 5 1 440 2993 3678
6221 2 2 5 1 635 2191 3388
6222 2 2 5 1 2456 1283 3778
6223 2 2 5 1 3246 461 3343
6224 2 2 5 1 642 65 3227
6225 2 2 5 1 1858 2911 3030
6226 2 2 5 1 2720 2038 3463
6227 2 2 5 1 282 281 3213
6228 2 2 5 1 1493 1529 3239
6229 2 2 5 1 565 789 2915
6230 2 2 5 1 949 2784 3715
6231 2 2 5 1 1252 2045 3128
6232 2 2 5 1 1343 1633 3927
6233 2 2 5 1 2728 1806 3109
6234 2 2 5 1 2957 691 2974
6235 2 2 5 1 2709 472 3746
6236 2 2 5 1 3092 2897 3536
6237 2 2 5 1 447 2940 3885
6238 2 2 5 1 1431 1727 3379
6239 2 2 5 1 2034 1361 3070
6240 2 2 5 1 1416 1418 3186
6241 2 2 5 1 1312 1431 3379
6242 2 2 5 1 2786 2026 3174
6243 2 2 5 1 3380 2909 3402
6244 2 2 5 1 57 2938 2943
6245 2 2 5 1 3490 2186 3569
6246 2 2 5 1 2779 2895 3637
6247 2 2 5 1 2873 2295 3913
6248 2 2 5 1 1768 1769 1770
6249 2 2 5 1 256 1681 2998
6250 2 2 5 1 2997 2154 3420
6251 2 2 5 1 2816 2149 3452
6252 2 2 5 1 458 2721 3465
6253 2 2 5 1 2830 2693 3351
6254 2 2 5 1 1890 1764 1891
6255 2 2 5 1 938 936 3643
6256 2 2 5 1 2230 3698 3818
6257 2 2 5 1 3001 3083 3388
6258 2 2 5 1 1306 1305 1497
6259 2 2 5 1 3199 2123 3627
6260 2 2 5 1 3196 2643 3311
6261 2 2 5 1 2738 2932 3584
6262 2 2 5 1 3287 1062 3335
6263 2 2 5 1 475 511 527
6264 2 2 5 1 2201 3076 3722
6265 2 2 5 1 1498 1875 1876
6266 2 2 5 1 1266 1282 1291
6267 2 2 5 1 858 1243 3117
6268 2 2 5 1 1988 1852 2193
6269 2 2 5 1 3015 2780 3632
6270 2 2 5 1 1357 1452 3063
6271 2 2 5 1 2060 2059 3800
6272 2 2 5 1 1678 1700 3374
6273 2 2 5 1 578 576 3208
6274 2 2 5 1 2104 1888 2420
6275 2 2 5 1 3526 3237 3594
6276 2 2 5 1 2653 2576 3903
6277 2 2 5 1 521 532 3370
6278 2 2 5 1 1275 1074 3579
6279 2 2 5 1 35 1084 2850
6280 2 2 5 1 1302 1246 1303
6281 2 2 5 1 2937 673 3104
6282 2 2 5 1 2901 1616 2902
6283 2 2 5 1 1187 1533 3198
6284 2 2 5 1 2113 3030 3386
6285 2 2 5 1 2693 453 3351
6286 2 2 5 1 1349 1350 1351
6287 2 2 5 1 2906 2933 2934
6288 2 2 5 1 1332 1331 3906
6289 2 2 5 1 2325 2030 3578
6290 2 2 5 1 69 2962 3397
6291 2 2 5 1 475 478 511
6292 2 2 5 1 2867 1832 3452
6293 2 2 5 1 2807 719 3196
6294 2 2 5 1 2351 2352 3786
6295 2 2 5 1 2493 3446 3593
6296 2 2 5 1 440 18 2993
6297 2 2 5 1 1820 3432 3609
6298 2 2 5 1 1748 1987 3098
6299 2 2 5 1 809 838 3270
6300 2 2 5 1 1090 1088 3182
6301 2 2 5 1 1910 2839 3464
6302 2 2 5 1 2704 1393 3913
6303 2 2 5 1 1562 1492 3507
6304 2 2 5 1 2831 248 3480
6305 2 2 5 1 3676 3488 3677
6306 2 2 5 1 3307 2359 3361
6307 2 2 5 1 2389 3567 3721
6308 2 2 5 1 1025 1028 3184
6309 2 2 5 1 1478 1482 3205
6310 2 2 5 1 787 769 3226
6311 2 2 5 1 1122 1258 3190
6312 2 2 5 1 580 578 3210
6313 2 2 5 1 2479 3037 3279
6314 2 2 5 1 2032 3013 3176
6315 2 2 5 1 1546 1335 1621
6316 2 2 5 1 837 844 3229
6317 2 2 5 1 3040 2991 3788
6318 2 2 5 1 1185 1122 3190
6319 2 2 5 1 281 280 496
6320 2 2 5 1 2026 2028 3174
6321 2 2 5 1 2237 1621 3369
6322 2 2 5 1 844 1093 3224
6323 2 2 5 1 770 773 3200
6324 2 2 5 1 1636 1868 3344
6325 2 2 5 1 1970 2543 3437
6326 2 2 5 1 2150 3181 3186
6327 2 2 5 1 756 2994 2995
6328 2 2 5 1 2044 2783 3265
6329 2 2 5 1 1227 1619 3251
6330 2 2 5 1 1696 2333 3695
6331 2 2 5 1 1041 1039 3136
6332 2 2 5 1 285 429 2860
6333 2 2 5 1 2308 1676 3211
6334 2 2 5 1 1859 2224 3172
6335 2 2 5 1 3363 726 3720
6336 2 2 5 1 1680 1678 3374
6337 2 2 5 1 2703 2231 3614
6338 2 2 5 1 1717 1296 3133
6339 2 2 5 1 1107 1081 3117
6340 2 2 5 1 258 1051 3000
6341 2 2 5 1 1088 1250 3182
6342 2 2 5 1 1864 2382 3258
6343 2 2 5 1 1095 1252 3128
6344 2 2 5 1 2136 2138 3383
6345 2 2 5 1 3592 3003 3724
6346 2 2 5 1 832 831 3316
6347 2 2 5 1 1946 2768 3731
6348 2 2 5 1 558 557 559
6349 2 2 5 1 502 270 2891
6350 2 2 5 1 2807 3196 3311
6351 2 2 5 1 167 166 3443
6352 2 2 5 1 1842 30 2646
6353 2 2 5 1 1304 1303 1405
6354 2 2 5 1 2898 2284 3705
6355 2 2 5 1 2986 1195 2987
6356 2 2 5 1 104 2923 3534
6357 2 2 5 1 2586 2585 3892
6358 2 2 5 1 1390 2107 3120
6359 2 2 5 1 645 55 2945
6360 2 2 5 1 1773 1775 3221
6361 2 2 5 1 216 215 3458
6362 2 2 5 1 1426 1428 3222
6363 2 2 5 1 2524 2173 3805
6364 2 2 5 1 2945 54 2988
6365 2 2 5 1 71 423 3478
6366 2 2 5 1 1036 1038 3471
6367 2 2 5 1 1755 1753 3736
6368 2 2 5 1 720 3095 3179
6369 2 2 5 1 2978 1028 3281
6370 2 2 5 1 1918 3415 3628
6371 2 2 5 1 1866 1968 3424
6372 2 2 5 1 2503 3498 3658
6373 2 2 5 1 853 2980 2981
6374 2 2 5 1 1991 1624 3776
6375 2 2 5 1 3381 2185 3382
6376 2 2 5 1 3141 1026 3184
6377 2 2 5 1 509 514 537
6378 2 2 5 1 1892 1891 3043
6379 2 2 5 1 2357 2395 3891
6380 2 2 5 1 2271 2652 3460
6381 2 2 5 1 1565 2054 3674
6382 2 2 5 1 1243 855 3122
6383 2 2 5 1 1524 1113 3128
6384 2 2 5 1 1223 1226 3168
6385 2 2 5 1 776 1556 3200
6386 2 2 5 1 2183 546 2184
6387 2 2 5 1 573 567 3215
6388 2 2 5 1 1785 1944 3373
6389 2 2 5 1 247 671 3480
6390 2 2 5 1 1148 1203 3233
6391 2 2 5 1 1582 2126 3202
6392 2 2 5 1 2419 2414 3888
6393 2 2 5 1 899 897 3739
6394 2 2 5 1 574 36 2850
6395 2 2 5 1 2827 440 3678
6396 2 2 5 1 231 1163 3501
6397 2 2 5 1 1480 1478 3205
6398 2 2 5 1 2263 1724 3629
6399 2 2 5 1 1225 1227 3251
6400 2 2 5 1 2017 2597 3828
6401 2 2 5 1 925 105 3534
6402 2 2 5 1 719 2970 3196
6403 2 2 5 1 1418 2150 3186
6404 2 2 5 1 3391 2109 3448
6405 2 2 5 1 1588 2006 3209
6406 2 2 5 1 271 502 3007
6407 2 2 5 1 1018 1017 3288
6408 2 2 5 1 1178 2921 3807
6409 2 2 5 1 1024 1026 1029
6410 2 2 5 1 1910 1621 2236
6411 2 2 5 1 1561 3794 3839
6412 2 2 5 1 1632 1470 3408
6413 2 2 5 1 2720 2582 3553
6414 2 2 5 1 1038 1040 3271
6415 2 2 5 1 1254 1187 3198
6416 2 2 5 1 2941 38 2942
6417 2 2 5 1 1396 1328 3214
6418 2 2 5 1 1382 1387 3133
6419 2 2 5 1 2923 2734 3534
6420 2 2 5 1 2808 2807 3311
6421 2 2 5 1 3159 1824 3455
6422 2 2 5 1 248 247 3480
6423 2 2 5 1 2150 2151 3326
6424 2 2 5 1 682 232 3501
6425 2 2 5 1 2377 1555 3216
6426 2 2 5 1 1319 1221 3168
6427 2 2 5 1 3150 449 3727
6428 2 2 5 1 2579 2703 3614
6429 2 2 5 1 1183 2617 3818
6430 2 2 5 1 441 28 541
6431 2 2 5 1 817 3477 3570
6432 2 2 5 1 1572 1569 3283
6433 2 2 5 1 2138 3023 3383
6434 2 2 5 1 2115 2114 3510
6435 2 2 5 1 1405 1767 1768
6436 2 2 5 1 1508 1510 3230
6437 2 2 5 1 3148 2144 3467
6438 2 2 5 1 2667 2666 3759
6439 2 2 5 1 56 645 2938
6440 2 2 5 1 3231 1155 3473
6441 2 2 5 1 538 3014 3728
6442 2 2 5 1 3025 435 3809
6443 2 2 5 1 1501 1416 3186
6444 2 2 5 1 1713 1710 3290
6445 2 2 5 1 1955 1861 3267
6446 2 2 5 1 72 71 3478
6447 2 2 5 1 1854 3017 3906
6448 2 2 5 1 1456 3016 3762
6449 2 2 5 1 2272 2271 3566
6450 2 2 5 1 2213 2324 3730
6451 2 2 5 1 2785 894 3247
6452 2 2 5 1 3014 538 3613
6453 2 2 5 1 3095 2992 3912
6454 2 2 5 1 2354 2503 3880
6455 2 2 5 1 3639 3088 3764
6456 2 2 5 1 2005 1636 3344
6457 2 2 5 1 1916 1716 3293
6458 2 2 5 1 1605 1602 3303
6459 2 2 5 1 1362 1234 1363
6460 2 2 5 1 3454 1981 3504
6461 2 2 5 1 1306 1497 1498
6462 2 2 5 1 220 1178 3807
6463 2 2 5 1 1221 1223 3168
6464 2 2 5 1 2747 420 3481
6465 2 2 5 1 2033 3336 3522
6466 2 2 5 1 279 278 3244
6467 2 2 5 1 2148 3111 3470
6468 2 2 5 1 1413 1462 3240
6469 2 2 5 1 1366 2062 3216
6470 2 2 5 1 1498 1497 1875
6471 2 2 5 1 1373 1371 3238
6472 2 2 5 1 1164 96 3715
6473 2 2 5 1 2461 2459 3772
6474 2 2 5 1 1827 1835 3767
6475 2 2 5 1 1310 522 3262
6476 2 2 5 1 209 693 3740
6477 2 2 5 1 894 896 3247
6478 2 2 5 1 289 288 3137
6479 2 2 5 1 1934 2777 3672
6480 2 2 5 1 500 1019 1020
6481 2 2 5 1 925 3534 3925
6482 2 2 5 1 1933 3060 3323
6483 2 2 5 1 1860 1639 3423
6484 2 2 5 1 3208 2433 3210
6485 2 2 5 1 2490 2182 3837
6486 2 2 5 1 556 555 557
6487 2 2 5 1 2423 2628 3929
6488 2 2 5 1 2103 3346 3621
6489 2 2 5 1 2971 3036 3505
6490 2 2 5 1 392 2740 3519
6491 2 2 5 1 1545 1306 3289
6492 2 2 5 1 898 902 3236
6493 2 2 5 1 711 713 3232
6494 2 2 5 1 3210 2433 3525
6495 2 2 5 1 2184 2185 3349
6496 2 2 5 1 1428 1519 3222
6497 2 2 5 1 3154 72 3478
6498 2 2 5 1 2890 2746 3762
6499 2 2 5 1 404 15 2990
6500 2 2 5 1 2308 3211 3314
6501 2 2 5 1 3587 2019 3844
6502 2 2 5 1 2028 1625 3502
6503 2 2 5 1 2854 3453 3846
6504 2 2 5 1 3081 2439 3895
6505 2 2 5 1 232 231 3501
6506 2 2 5 1 3725 2121 3784
6507 2 2 5 1 2108 1936 3334
6508 2 2 5 1 1033 1018 3288
6509 2 2 5 1 811 819 3245
6510 2 2 5 1 713 730 3232
6511 2 2 5 1 2110 3143 3459
6512 2 2 5 1 1867 2748 3387
6513 2 2 5 1 2701 428 3882
6514 2 2 5 1 770 3200 3226
6515 2 2 5 1 1177 259 3000
6516 2 2 5 1 3299 2267 3308
6517 2 2 5 1 976 3447 3821
6518 2 2 5 1 2975 2781 3220
6519 2 2 5 1 1387 2092 3133
6520 2 2 5 1 764 586 3183
6521 2 2 5 1 2629 2624 3744
6522 2 2 5 1 1029 1026 1030
6523 2 2 5 1 559 557 829
6524 2 2 5 1 3310 1956 3623
6525 2 2 5 1 2993 17 3056
6526 2 2 5 1 861 824 3421
6527 2 2 5 1 16 404 3056
6528 2 2 5 1 1216 3576 3606
6529 2 2 5 1 2021 1630 3599
6530 2 2 5 1 1049 1663 3413
6531 2 2 5 1 2595 2596 3917
6532 2 2 5 1 1703 1474 3315
6533 2 2 5 1 896 940 3247
6534 2 2 5 1 2222 2221 3381
6535 2 2 5 1 3048 1670 3684
6536 2 2 5 1 2721 2069 3465
6537 2 2 5 1 3370 532 3707
6538 2 2 5 1 2483 3271 3551
6539 2 2 5 1 2730 2590 3529
6540 2 2 5 1 2661 1980 2662
6541 2 2 5 1 2215 3218 3219
6542 2 2 5 1 1349 1351 3195
6543 2 2 5 1 1744 1426 3222
6544 2 2 5 1 2698 2534 3876
6545 2 2 5 1 1879 2893 3319
6546 2 2 5 1 973 972 3447
6547 2 2 5 1 1327 1366 3216
6548 2 2 5 1 3216 2062 3610
6549 2 2 5 1 2652 1963 3355
6550 2 2 5 1 538 2909 3613
6551 2 2 5 1 2921 990 3807
6552 2 2 5 1 2958 1904 3537
6553 2 2 5 1 3057 720 3179
6554 2 2 5 1 1127 837 3229
6555 2 2 5 1 1852 1680 3374
6556 2 2 5 1 3446 516 3593
6557 2 2 5 1 1640 1437 3255
6558 2 2 5 1 1993 3097 3387
6559 2 2 5 1 3017 1332 3906
6560 2 2 5 1 1584 1738 3843
6561 2 2 5 1 1510 1783 3230
6562 2 2 5 1 773 776 3200
6563 2 2 5 1 1676 2015 3211
6564 2 2 5 1 1328 1521 3214
6565 2 2 5 1 648 1141 3769
6566 2 2 5 1 1652 1654 3257
6567 2 2 5 1 278 277 495
6568 2 2 5 1 308 307 536
6569 2 2 5 1 1196 1692 3286
6570 2 2 5 1 761 771 3426
6571 2 2 5 1 3130 2228 3907
6572 2 2 5 1 2495 3380 3402
6573 2 2 5 1 1555 1327 3216
6574 2 2 5 1 824 3324 3421
6575 2 2 5 1 95 949 3715
6576 2 2 5 1 584 582 3264
6577 2 2 5 1 1001 3163 3545
6578 2 2 5 1 1848 1415 3558
6579 2 2 5 1 2882 2881 3514
6580 2 2 5 1 1904 3073 3537
6581 2 2 5 1 298 297 3261
6582 2 2 5 1 1619 3240 3241
6583 2 2 5 1 1255 3088 3639
6584 2 2 5 1 1698 2034 3425
6585 2 2 5 1 1284 1225 3251
6586 2 2 5 1 3305 1115 3671
6587 2 2 5 1 3354 2517 3628
6588 2 2 5 1 1524 3121 3670
6589 2 2 5 1 1529 1821 3239
6590 2 2 5 1 1297 711 3232
6591 2 2 5 1 2930 405 3418
6592 2 2 5 1 1268 3144 3436
6593 2 2 5 1 914 917 3279
6594 2 2 5 1 1003 1001 3545
6595 2 2 5 1 691 3296 3340
6596 2 2 5 1 940 898 3236
6597 2 2 5 1 3100 735 3427
6598 2 2 5 1 3403 2737 3404
6599 2 2 5 1 2948 2423 3929
6600 2 2 5 1 2744 2075 3817
6601 2 2 5 1 2010 1373 3238
6602 2 2 5 1 917 1125 3279
6603 2 2 5 1 844 3224 3229
6604 2 2 5 1 2895 452 3584
6605 2 2 5 1 2622 2621 3758
6606 2 2 5 1 1345 1802 3874
6607 2 2 5 1 940 3236 3709
6608 2 2 5 1 2796 1905 3335
6609 2 2 5 1 3143 1218 3459
6610 2 2 5 1 1485 1873 3410
6611 2 2 5 1 2531 2530 3829
6612 2 2 5 1 990 221 3807
6613 2 2 5 1 2049 3159 3455
6614 2 2 5 1 1407 1854 3906
6615 2 2 5 1 2097 1107 3117
6616 2 2 5 1 1612 1608 3341
6617 2 2 5 1 1886 1508 3230
6618 2 2 5 1 2917 411 3272
6619 2 2 5 1 488 386 3482
6620 2 2 5 1 487 1300 3262
6621 2 2 5 1 2208 2904 3409
6622 2 2 5 1 464 2718 3669
6623 2 2 5 1 2719 1247 3864
6624 2 2 5 1 3343 2747 3481
6625 2 2 5 1 935 937 3282
6626 2 2 5 1 1314 561 1346
6627 2 2 5 1 1257 1359 3401
6628 2 2 5 1 53 1140 2988
6629 2 2 5 1 501 274 3032
6630 2 2 5 1 105 104 3534
6631 2 2 5 1 1346 561 3260
6632 2 2 5 1 3188 2039 3405
6633 2 2 5 1 1809 3407 3618
6634 2 2 5 1 827 835 3274
6635 2 2 5 1 1153 1268 3436
6636 2 2 5 1 509 314 512
6637 2 2 5 1 1052 1032 3358
6638 2 2 5 1 3371 531 3676
6639 2 2 5 1 2056 2844 3555
6640 2 2 5 1 1949 1945 3907
6641 2 2 5 1 3322 181 3667
6642 2 2 5 1 1093 1150 3224
6643 2 2 5 1 1084 2917 2925
6644 2 2 5 1 1861 2134 3267
6645 2 2 5 1 1977 1978 1979
6646 2 2 5 1 3192 1913 3491
6647 2 2 5 1 1371 1691 3238
6648 2 2 5 1 3041 2318 3654
6649 2 2 5 1 3313 2648 3878
6650 2 2 5 1 283 504 3018
6651 2 2 5 1 3446 2493 3663
6652 2 2 5 1 466 2883 3556
6653 2 2 5 1 1097 2169 3274
6654 2 2 5 1 3343 2161 3456
6655 2 2 5 1 2120 1866 3424
6656 2 2 5 1 1054 1047 3413
6657 2 2 5 1 1314 1346 1347
6658 2 2 5 1 2131 1773 3221
6659 2 2 5 1 576 766 3208
6660 2 2 5 1 2132 3466 3635
6661 2 2 5 1 900 3630 3822
6662 2 2 5 1 1557 1559 3699
6663 2 2 5 1 1936 1698 3425
6664 2 2 5 1 1020 1021 1022
6665 2 2 5 1 2891 269 3086
6666 2 2 5 1 1456 3149 3833
6667 2 2 5 1 2051 2050 3393
6668 2 2 5 1 971 967 3320
6669 2 2 5 1 1203 1438 3233
6670 2 2 5 1 1100 1105 3286
6671 2 2 5 1 937 1106 3282
6672 2 2 5 1 2377 3216 3610
6673 2 2 5 1 1264 1098 3518
6674 2 2 5 1 3066 3065 3594
6675 2 2 5 1 1150 1148 3233
6676 2 2 5 1 494 263 3045
6677 2 2 5 1 3232 2029 3653
6678 2 2 5 1 3218 842 3219
6679 2 2 5 1 1022 1023 1024
6680 2 2 5 1 2566 2142 3510
6681 2 2 5 1 500 1020 1360
6682 2 2 5 1 1556 781 3270
6683 2 2 5 1 1751 3521 3870
6684 2 2 5 1 1287 1015 3305
6685 2 2 5 1 1969 2832 3552
6686 2 2 5 1 1966 3148 3787
6687 2 2 5 1 3446 479 3893
6688 2 2 5 1 1479 1481 3560
6689 2 2 5 1 522 487 3262
6690 2 2 5 1 1980 1979 2526
6691 2 2 5 1 1285 2983 3626
6692 2 2 5 1 1028 2978 3635
6693 2 2 5 1 1654 2048 3257
6694 2 2 5 1 264 494 3103
6695 2 2 5 1 3436 2475 3630
6696 2 2 5 1 2896 2342 3554
6697 2 2 5 1 2294 2882 3713
6698 2 2 5 1 2115 3339 3714
6699 2 2 5 1 2798 1082 3310
6700 2 2 5 1 3248 2124 3692
6701 2 2 5 1 2384 2383 3859
6702 2 2 5 1 3405 2039 3673
6703 2 2 5 1 1047 1049 3413
6704 2 2 5 1 1906 2267 3299
6705 2 2 5 1 260 1177 3026
6706 2 2 5 1 572 39 2941
6707 2 2 5 1 2777 2820 3672
6708 2 2 5 1 741 2846 3298
6709 2 2 5 1 2119 2121 3725
6710 2 2 5 1 2586 3040 3788
6711 2 2 5 1 2037 2488 3463
6712 2 2 5 1 165 164 3557
6713 2 2 5 1 1619 1413 3240
6714 2 2 5 1 359 360 3585
6715 2 2 5 1 1948 3100 3427
6716 2 2 5 1 2415 2417 3858
6717 2 2 5 1 1779 2051 3225
6718 2 2 5 1 2676 1892 3043
6719 2 2 5 1 2974 691 3340
6720 2 2 5 1 1433 1766 3932
6721 2 2 5 1 2934 3319 3847
6722 2 2 5 1 1576 1574 3304
6723 2 2 5 1 2292 3250 3720
6724 2 2 5 1 1304 1405 3016
6725 2 2 5 1 3482 527 3617
6726 2 2 5 1 3023 1275 3383
6727 2 2 5 1 1205 1237 3294
6728 2 2 5 1 2495 2494 3380
6729 2 2 5 1 1534 3792 3793
6730 2 2 5 1 766 3215 3292
6731 2 2 5 1 1082 2809 3310
6732 2 2 5 1 422 2894 3406
6733 2 2 5 1 1560 2018 3752
6734 2 2 5 1 2234 3864 3908
6735 2 2 5 1 766 573 3215
6736 2 2 5 1 2054 3010 3246
6737 2 2 5 1 277 276 3591
6738 2 2 5 1 1024 1025 1026
6739 2 2 5 1 1437 1690 3255
6740 2 2 5 1 1200 2966 3362
6741 2 2 5 1 765 580 3210
6742 2 2 5 1 2044 3265 3472
6743 2 2 5 1 781 809 3270
6744 2 2 5 1 1140 52 3035
6745 2 2 5 1 1360 3565 3566
6746 2 2 5 1 1624 3158 3776
6747 2 2 5 1 3037 914 3279
6748 2 2 5 1 2791 2217 3859
6749 2 2 5 1 3071 1974 3416
6750 2 2 5 1 1352 1350 3801
6751 2 2 5 1 1323 1231 3407
6752 2 2 5 1 2094 3120 3636
6753 2 2 5 1 1580 1578 3306
6754 2 2 5 1 3078 623 3908
6755 2 2 5 1 1995 1652 3257
6756 2 2 5 1 3148 3652 3787
6757 2 2 5 1 3341 1693 3697
6758 2 2 5 1 3348 392 3519
6759 2 2 5 1 1913 2190 3491
6760 2 2 5 1 530 529 3707
6761 2 2 5 1 2801 1719 3065
6762 2 2 5 1 1775 1989 3221
6763 2 2 5 1 2241 1673 3814
6764 2 2 5 1 967 965 3320
6765 2 2 5 1 3251 1619 3612
6766 2 2 5 1 2553 1910 3464
6767 2 2 5 1 1946 3328 3819
6768 2 2 5 1 416 3416 3522
6769 2 2 5 1 2121 2555 3784
6770 2 2 5 1 2014 3251 3612
6771 2 2 5 1 1462 2233 3240
6772 2 2 5 1 2768 1242 3731
6773 2 2 5 1 1115 1011 3483
6774 2 2 5 1 1874 3024 3250
6775 2 2 5 1 2767 3192 3491
6776 2 2 5 1 1934 868 3499
6777 2 2 5 1 2289 3162 3533
6778 2 2 5 1 1354 1391 3268
6779 2 2 5 1 947 2798 3323
6780 2 2 5 1 3039 935 3282
6781 2 2 5 1 1912 1605 3303
6782 2 2 5 1 3097 443 3487
6783 2 2 5 1 2936 2730 3529
6784 2 2 5 1 567 2915 3215
6785 2 2 5 1 286 2860 3360
6786 2 2 5 1 2289 1959 3882
6787 2 2 5 1 3144 3108 3433
6788 2 2 5 1 2967 2627 3675
6789 2 2 5 1 514 515 516
6790 2 2 5 1 262 505 3045
6791 2 2 5 1 2891 2189 3575
6792 2 2 5 1 1998 2172 3618
6793 2 2 5 1 2563 2148 3470
6794 2 2 5 1 2638 2007 3517
6795 2 2 5 1 2697 1842 3461
6796 2 2 5 1 480 311 3309
6797 2 2 5 1 2259 2258 3911
6798 2 2 5 1 997 995 3321
6799 2 2 5 1 3119 2840 3483
6800 2 2 5 1 2469 2742 3657
6801 2 2 5 1 492 498 507
6802 2 2 5 1 735 3297 3427
6803 2 2 5 1 268 503 3086
6804 2 2 5 1 2352 2950 3786
6805 2 2 5 1 288 287 470
6806 2 2 5 1 2899 417 3307
6807 2 2 5 1 514 513 515
6808 2 2 5 1 1237 1742 3294
6809 2 2 5 1 2225 1779 3225
6810 2 2 5 1 510 3365 3804
6811 2 2 5 1 1017 1288 3288
6812 2 2 5 1 2004 1572 3283
6813 2 2 5 1 454 2708 3721
6814 2 2 5 1 541 27 3620
6815 2 2 5 1 1211 1266 3338
6816 2 2 5 1 2234 2719 3864
6817 2 2 5 1 990 2921 3884
6818 2 2 5 1 2083 3096 3422
6819 2 2 5 1 2216 2635 3789
6820 2 2 5 1 2266 1713 3290
6821 2 2 5 1 1015 1013 3305
6822 2 2 5 1 1121 997 3321
6823 2 2 5 1 569 50 3006
6824 2 2 5 1 1693 1932 3697
6825 2 2 5 1 2555 2557 3904
6826 2 2 5 1 266 506 3092
6827 2 2 5 1 368 490 3651
6828 2 2 5 1 3065 1719 3594
6829 2 2 5 1 1438 1205 3294
6830 2 2 5 1 3427 2263 3629
6831 2 2 5 1 47 3038 3075
6832 2 2 5 1 1177 3000 3392
6833 2 2 5 1 3459 1472 3607
6834 2 2 5 1 1670 1671 3684
6835 2 2 5 1 3269 1285 3626
6836 2 2 5 1 400 3403 3524
6837 2 2 5 1 534 3449 3450
6838 2 2 5 1 3559 473 3902
6839 2 2 5 1 1032 1033 3358
6840 2 2 5 1 1803 3191 3797
6841 2 2 5 1 2159 1916 3293
6842 2 2 5 1 1663 2168 3440
6843 2 2 5 1 2001 1485 3410
6844 2 2 5 1 3134 3061 3396
6845 2 2 5 1 1291 1292 3442
6846 2 2 5 1 2895 2341 3637
6847 2 2 5 1 3268 1996 3665
6848 2 2 5 1 1402 1215 3367
6849 2 2 5 1 505 261 3026
6850 2 2 5 1 1598 1596 3317
6851 2 2 5 1 2133 2802 3616
6852 2 2 5 1 37 574 2942
6853 2 2 5 1 890 2785 3634
6854 2 2 5 1 3383 1275 3579
6855 2 2 5 1 2652 3355 3669
6856 2 2 5 1 1941 2214 3390
6857 2 2 5 1 2885 2273 3474
6858 2 2 5 1 1972 3437 3848
6859 2 2 5 1 1767 1303 3350
6860 2 2 5 1 3053 1946 3731
6861 2 2 5 1 1353 1354 3268
6862 2 2 5 1 1013 1115 3305
6863 2 2 5 1 680 3265 3898
6864 2 2 5 1 2881 471 3514
6865 2 2 5 1 3121 2711 3332
6866 2 2 5 1 2834 2063 3735
6867 2 2 5 1 1737 1576 3304
6868 2 2 5 1 2024 3001 3388
6869 2 2 5 1 2417 2418 3494
6870 2 2 5 1 1292 1534 3442
6871 2 2 5 1 3003 1408 3724
6872 2 2 5 1 2125 1580 3306
6873 2 2 5 1 463 464 2792
6874 2 2 5 1 3183 584 3264
6875 2 2 5 1 3007 502 3346
6876 2 2 5 1 1445 1353 3268
6877 2 2 5 1 437 3172 3479
6878 2 2 5 1 2168 1213 3770
6879 2 2 5 1 2365 1689 2722
6880 2 2 5 1 3019 2550 3577
6881 2 2 5 1 557 555 3353
6882 2 2 5 1 3126 3127 3505
6883 2 2 5 1 2614 3115 3840
6884 2 2 5 1 2695 3223 3252
6885 2 2 5 1 2404 3266 3484
6886 2 2 5 1 582 765 3264
6887 2 2 5 1 51 569 3035
6888 2 2 5 1 3486 2698 3876
6889 2 2 5 1 506 265 3103
6890 2 2 5 1 534 3093 3449
6891 2 2 5 1 511 538 3728
6892 2 2 5 1 969 971 3498
6893 2 2 5 1 2545 2377 3451
6894 2 2 5 1 3036 704 3505
6895 2 2 5 1 1286 827 3274
6896 2 2 5 1 926 102 3495
6897 2 2 5 1 819 1286 3245
6898 2 2 5 1 1309 1197 3385
6899 2 2 5 1 3061 1887 3396
6900 2 2 5 1 489 348 3685
6901 2 2 5 1 3430 3404 3660
6902 2 2 5 1 1946 1919 3328
6903 2 2 5 1 1218 1220 3459
6904 2 2 5 1 2735 3420 3689
6905 2 2 5 1 2359 3307 3654
6906 2 2 5 1 2932 2410 3584
6907 2 2 5 1 965 2977 3320
6908 2 2 5 1 2802 988 3616
6909 2 2 5 1 2128 3318 3568
6910 2 2 5 1 3394 2047 3395
6911 2 2 5 1 2045 2275 3489
6912 2 2 5 1 2956 755 3354
6913 2 2 5 1 2175 2769 3512
6914 2 2 5 1 3060 947 3323
6915 2 2 5 1 2370 2046 3704
6916 2 2 5 1 2382 1906 3299
6917 2 2 5 1 3297 741 3298
6918 2 2 5 1 452 2738 3584
6919 2 2 5 1 3083 635 3388
6920 2 2 5 1 3035 569 3375
6921 2 2 5 1 40 572 2999
6922 2 2 5 1 1201 1524 3670
6923 2 2 5 1 1687 1598 3317
6924 2 2 5 1 1967 1703 3315
6925 2 2 5 1 1909 2098 3234
6926 2 2 5 1 49 1126 3006
6927 2 2 5 1 3117 1243 3686
6928 2 2 5 1 2771 447 3885
6929 2 2 5 1 44 3101 3161
6930 2 2 5 1 2018 3828 3855
6931 2 2 5 1 578 3208 3210
6932 2 2 5 1 1574 2004 3304
6933 2 2 5 1 3296 210 3740
6934 2 2 5 1 2616 2104 3249
6935 2 2 5 1 2189 3086 3595
6936 2 2 5 1 2433 3208 3357
6937 2 2 5 1 1602 1600 3331
6938 2 2 5 1 1215 667 3367
6939 2 2 5 1 2070 3269 3626
6940 2 2 5 1 3024 2479 3919
6941 2 2 5 1 1626 2805 3757
6942 2 2 5 1 1098 1100 3518
6943 2 2 5 1 1139 1077 3511
6944 2 2 5 1 2444 2443 3779
6945 2 2 5 1 451 2896 3554
6946 2 2 5 1 2061 3201 3695
6947 2 2 5 1 3165 1662 3823
6948 2 2 5 1 3255 1690 3376
6949 2 2 5 1 1578 1737 3306
6950 2 2 5 1 3334 1936 3425
6951 2 2 5 1 2645 2970 3883
6952 2 2 5 1 1625 1319 3502
6953 2 2 5 1 2286 2855 3743
6954 2 2 5 1 995 2802 3321
6955 2 2 5 1 2920 2379 3521
6956 2 2 5 1 2785 3247 3835
6957 2 2 5 1 515 518 3333
6958 2 2 5 1 403 2910 3520
6959 2 2 5 1 835 1097 3274
6960 2 2 5 1 377 378 3926
6961 2 2 5 1 474 3185 3504
6962 2 2 5 1 1550 1036 3471
6963 2 2 5 1 3714 2537 3889
6964 2 2 5 1 494 3045 3046
6965 2 2 5 1 972 969 3498
6966 2 2 5 1 3837 1972 3848
6967 2 2 5 1 1011 1009 3483
6968 2 2 5 1 2032 3176 3248
6969 2 2 5 1 1078 3164 3511
6970 2 2 5 1 3372 3371 3676
6971 2 2 5 1 2167 2900 3680
6972 2 2 5 1 1699 2483 3369
6973 2 2 5 1 2772 3171 3598
6974 2 2 5 1 46 571 3038
6975 2 2 5 1 503 267 3092
6976 2 2 5 1 3444 478 3445
6977 2 2 5 1 525 530 3549
6978 2 2 5 1 181 180 3667
6979 2 2 5 1 417 3041 3307
6980 2 2 5 1 1126 48 3075
6981 2 2 5 1 1981 1978 3504
6982 2 2 5 1 1246 1139 3350
6983 2 2 5 1 1144 978 3821
6984 2 2 5 1 1707 1705 3345
6985 2 2 5 1 419 2735 3689
6986 2 2 5 1 312 480 3105
6987 2 2 5 1 2342 1992 3554
6988 2 2 5 1 1105 1196 3286
6989 2 2 5 1 472 3014 3613
6990 2 2 5 1 2076 2579 3546
6991 2 2 5 1 1126 3075 3076
6992 2 2 5 1 2304 2987 3899
6993 2 2 5 1 1948 3427 3629
6994 2 2 5 1 2990 14 3084
6995 2 2 5 1 1942 1707 3345
6996 2 2 5 1 2193 1852 3374
6997 2 2 5 1 2886 756 3364
6998 2 2 5 1 1024 1029 3832
6999 2 2 5 1 1197 1199 3385
7000 2 2 5 1 3658 2355 3880
7001 2 2 5 1 489 3067 3872
7002 2 2 5 1 1596 1776 3317
7003 2 2 5 1 2582 3241 3877
7004 2 2 5 1 1497 1675 3523
7005 2 2 5 1 1009 3119 3483
7006 2 2 5 1 3149 1891 3833
7007 2 2 5 1 1415 1948 3558
7008 2 2 5 1 1801 1803 3797
7009 2 2 5 1 3279 1125 3919
7010 2 2 5 1 2920 2865 3520
7011 2 2 5 1 1319 3168 3502
7012 2 2 5 1 1548 2639 3398
7013 2 2 5 1 1335 1699 3369
7014 2 2 5 1 2047 1612 3341
7015 2 2 5 1 2860 2861 2862
7016 2 2 5 1 757 761 3426
7017 2 2 5 1 1919 2159 3328
7018 2 2 5 1 3319 2893 3847
7019 2 2 5 1 2860 429 2861
7020 2 2 5 1 3073 2625 3537
7021 2 2 5 1 433 2936 3529
7022 2 2 5 1 3144 2475 3436
7023 2 2 5 1 2038 2037 3463
7024 2 2 5 1 3108 1501 3433
7025 2 2 5 1 2135 2230 3818
7026 2 2 5 1 1308 1211 3338
7027 2 2 5 1 929 955 3630
7028 2 2 5 1 3050 723 3552
7029 2 2 5 1 501 3032 3033
7030 2 2 5 1 3282 1554 3760
7031 2 2 5 1 2007 2008 3517
7032 2 2 5 1 1822 2958 3537
7033 2 2 5 1 1306 1498 3289
7034 2 2 5 1 3431 2339 3615
7035 2 2 5 1 2383 2791 3859
7036 2 2 5 1 3382 547 3581
7037 2 2 5 1 3056 404 3325
7038 2 2 5 1 2187 3497 3608
7039 2 2 5 1 275 501 3377
7040 2 2 5 1 1939 3367 3865
7041 2 2 5 1 2835 1092 3638
7042 2 2 5 1 3701 3496 3829
7043 2 2 5 1 1600 1687 3331
7044 2 2 5 1 1305 564 3434
7045 2 2 5 1 1202 2887 3500
7046 2 2 5 1 310 481 3309
7047 2 2 5 1 1829 1828 3842
7048 2 2 5 1 520 525 3549
7049 2 2 5 1 2268 3342 3741
7050 2 2 5 1 41 2999 3055
7051 2 2 5 1 408 2779 3637
7052 2 2 5 1 2379 2920 3520
7053 2 2 5 1 3302 1960 3771
7054 2 2 5 1 641 2975 3384
7055 2 2 5 1 2208 3409 3668
7056 2 2 5 1 1241 3051 3448
7057 2 2 5 1 1026 1025 3184
7058 2 2 5 1 2931 925 3492
7059 2 2 5 1 1990 3113 3532
7060 2 2 5 1 504 282 3213
7061 2 2 5 1 949 2986 3389
7062 2 2 5 1 2869 3287 3335
7063 2 2 5 1 2708 2401 3721
7064 2 2 5 1 2097 3117 3686
7065 2 2 5 1 1616 2899 3361
7066 2 2 5 1 509 513 514
7067 2 2 5 1 667 2913 3367
7068 2 2 5 1 1644 1642 3850
7069 2 2 5 1 523 520 3549
7070 2 2 5 1 309 308 3276
7071 2 2 5 1 3263 2177 3690
7072 2 2 5 1 1984 2995 3710
7073 2 2 5 1 1995 3257 3414
7074 2 2 5 1 2911 853 3386
7075 2 2 5 1 518 523 3333
7076 2 2 5 1 2798 3310 3623
7077 2 2 5 1 2865 403 3520
7078 2 2 5 1 2228 3167 3907
7079 2 2 5 1 3312 3095 3912
7080 2 2 5 1 554 1976 1977
7081 2 2 5 1 2010 3238 3750
7082 2 2 5 1 418 2884 3535
7083 2 2 5 1 3595 2188 3890
7084 2 2 5 1 3257 2048 3656
7085 2 2 5 1 2171 2811 3438
7086 2 2 5 1 646 42 3055
7087 2 2 5 1 3080 2254 3530
7088 2 2 5 1 96 95 3715
7089 2 2 5 1 328 3 3860
7090 2 2 5 1 704 3126 3505
7091 2 2 5 1 1912 3303 3597
7092 2 2 5 1 2933 682 3400
7093 2 2 5 1 1705 1967 3345
7094 2 2 5 1 2509 3292 3768
7095 2 2 5 1 2430 2878 3644
7096 2 2 5 1 3171 477 3598
7097 2 2 5 1 2174 3512 3655
7098 2 2 5 1 2353 3197 3780
7099 2 2 5 1 2927 1145 3765
7100 2 2 5 1 2173 2602 3662
7101 2 2 5 1 3303 1602 3331
7102 2 2 5 1 415 2863 3544
7103 2 2 5 1 3307 3041 3654
7104 2 2 5 1 1379 3116 3743
7105 2 2 5 1 3407 1998 3618
7106 2 2 5 1 1266 1291 3338
7107 2 2 5 1 3157 1228 3817
7108 2 2 5 1 2088 2603 3476
7109 2 2 5 1 3101 646 3102
7110 2 2 5 1 2921 2950 3884
7111 2 2 5 1 2375 2376 3790
7112 2 2 5 1 2764 3645 3910
7113 2 2 5 1 3414 3257 3656
7114 2 2 5 1 2806 2130 3563
7115 2 2 5 1 3222 2091 3702
7116 2 2 5 1 3030 2911 3386
7117 2 2 5 1 619 3077 3496
7118 2 2 5 1 2649 2964 3467
7119 2 2 5 1 1077 1078 3511
7120 2 2 5 1 1662 2972 3823
7121 2 2 5 1 3646 3509 3723
7122 2 2 5 1 2970 2971 3883
7123 2 2 5 1 2938 645 3475
7124 2 2 5 1 299 298 426
7125 2 2 5 1 1720 2100 3547
7126 2 2 5 1 506 3103 3352
7127 2 2 5 1 1258 3182 3784
7128 2 2 5 1 3230 1783 3905
7129 2 2 5 1 1496 1315 3615
7130 2 2 5 1 516 515 3333
7131 2 2 5 1 1961 1867 3487
7132 2 2 5 1 3668 2601 3915
7133 2 2 5 1 3698 1183 3818
7134 2 2 5 1 2080 2614 3840
7135 2 2 5 1 1234 1073 3429
7136 2 2 5 1 1073 1124 3429
7137 2 2 5 1 2882 3514 3713
7138 2 2 5 1 756 2995 3364
7139 2 2 5 1 210 209 3740
7140 2 2 5 1 3148 1236 3652
7141 2 2 5 1 496 280 3012
7142 2 2 5 1 532 3177 3707
7143 2 2 5 1 1796 2554 3625
7144 2 2 5 1 307 306 3301
7145 2 2 5 1 2902 1616 3361
7146 2 2 5 1 1556 3582 3834
7147 2 2 5 1 1875 1497 3523
7148 2 2 5 1 3106 542 3550
7149 2 2 5 1 3041 2944 3561
7150 2 2 5 1 3481 420 3861
7151 2 2 5 1 301 300 483
7152 2 2 5 1 43 646 3101
7153 2 2 5 1 429 3018 3417
7154 2 2 5 1 3167 1949 3907
7155 2 2 5 1 13 445 3084
7156 2 2 5 1 3241 2582 3571
7157 2 2 5 1 2919 2920 3751
7158 2 2 5 1 758 2982 3712
7159 2 2 5 1 434 154 3830
7160 2 2 5 1 2884 2885 3535
7161 2 2 5 1 2924 2956 3415
7162 2 2 5 1 3277 3276 3633
7163 2 2 5 1 1253 3047 3506
7164 2 2 5 1 2986 2987 3389
7165 2 2 5 1 766 3292 3357
7166 2 2 5 1 564 562 3434
7167 2 2 5 1 1276 1003 3545
7168 2 2 5 1 2084 3231 3473
7169 2 2 5 1 2482 2130 3845
7170 2 2 5 1 1700 1677 3394
7171 2 2 5 1 2235 3295 3931
7172 2 2 5 1 1675 2822 3515
7173 2 2 5 1 1300 1964 3563
7174 2 2 5 1 2764 2252 3645
7175 2 2 5 1 3017 1854 3841
7176 2 2 5 1 3534 2734 3925
7177 2 2 5 1 2987 2613 3899
7178 2 2 5 1 2253 2156 3679
7179 2 2 5 1 3099 2444 3779
7180 2 2 5 1 2565 3150 3727
7181 2 2 5 1 853 2981 3386
7182 2 2 5 1 2320 2464 3648
7183 2 2 5 1 2903 2509 3901
7184 2 2 5 1 547 2827 3581
7185 2 2 5 1 1964 2806 3563
7186 2 2 5 1 2934 2933 3400
7187 2 2 5 1 2961 2463 3795
7188 2 2 5 1 1965 3691 3917
7189 2 2 5 1 2897 2188 3536
7190 2 2 5 1 2265 2551 3844
7191 2 2 5 1 1867 3387 3487
7192 2 2 5 1 2090 2084 3473
7193 2 2 5 1 1989 2162 3539
7194 2 2 5 1 2189 3595 3890
7195 2 2 5 1 2925 2917 3272
7196 2 2 5 1 2978 2132 3635
7197 2 2 5 1 3546 2579 3614
7198 2 2 5 1 3074 2116 3684
7199 2 2 5 1 909 2800 3703
7200 2 2 5 1 3172 2224 3479
7201 2 2 5 1 276 3377 3591
7202 2 2 5 1 1677 2047 3394
7203 2 2 5 1 2381 2947 3842
7204 2 2 5 1 1721 1720 3547
7205 2 2 5 1 1239 3072 3848
7206 2 2 5 1 3062 2044 3472
7207 2 2 5 1 420 2762 3861
7208 2 2 5 1 415 3544 3789
7209 2 2 5 1 1199 1308 3385
7210 2 2 5 1 2107 3469 3636
7211 2 2 5 1 2748 3429 3874
7212 2 2 5 1 2039 2036 3673
7213 2 2 5 1 2096 1672 3780
7214 2 2 5 1 221 220 3807
7215 2 2 5 1 2479 3279 3919
7216 2 2 5 1 3208 766 3357
7217 2 2 5 1 1979 1978 1981
7218 2 2 5 1 723 3114 3552
7219 2 2 5 1 1977 1976 1978
7220 2 2 5 1 683 2906 3847
7221 2 2 5 1 1621 1335 3369
7222 2 2 5 1 2908 1961 3746
7223 2 2 5 1 1719 1314 3526
7224 2 2 5 1 2181 2179 3650
7225 2 2 5 1 3256 400 3524
7226 2 2 5 1 842 3218 3428
7227 2 2 5 1 2569 482 3791
7228 2 2 5 1 3497 2187 3722
7229 2 2 5 1 2514 2183 3855
7230 2 2 5 1 2494 2245 3602
7231 2 2 5 1 2975 3220 3384
7232 2 2 5 1 2809 1166 3624
7233 2 2 5 1 2158 3749 3885
7234 2 2 5 1 2085 2925 3272
7235 2 2 5 1 3365 2257 3804
7236 2 2 5 1 3185 3454 3504
7237 2 2 5 1 571 45 3161
7238 2 2 5 1 1363 1234 3429
7239 2 2 5 1 3514 471 3763
7240 2 2 5 1 3105 480 3106
7241 2 2 5 1 2149 2877 3664
7242 2 2 5 1 2081 3066 3594
7243 2 2 5 1 2315 3254 3909
7244 2 2 5 1 1452 1548 3441
7245 2 2 5 1 3012 279 3244
7246 2 2 5 1 3030 2435 3914
7247 2 2 5 1 3 3228 3860
7248 2 2 5 1 1303 1246 3350
7249 2 2 5 1 2238 2237 3588
7250 2 2 5 1 479 3446 3663
7251 2 2 5 1 3114 1969 3552
7252 2 2 5 1 1476 2308 3755
7253 2 2 5 1 2878 412 3644
7254 2 2 5 1 2194 2049 3694
7255 2 2 5 1 2132 2131 3603
7256 2 2 5 1 2104 2420 3641
7257 2 2 5 1 2613 1856 3899
7258 2 2 5 1 2054 3456 3674
7259 2 2 5 1 1950 3080 3657
7260 2 2 5 1 3185 526 3454
7261 2 2 5 1 2501 3393 3398
7262 2 2 5 1 2161 3343 3481
7263 2 2 5 1 1100 3286 3518
7264 2 2 5 1 407 302 2818
7265 2 2 5 1 3260 541 3620
7266 2 2 5 1 2944 1604 3561
7267 2 2 5 1 3423 1640 3824
7268 2 2 5 1 972 3498 3516
7269 2 2 5 1 3254 636 3909
7270 2 2 5 1 2639 2501 3398
7271 2 2 5 1 2323 3481 3861
7272 2 2 5 1 2191 2110 3607
7273 2 2 5 1 2062 2750 3610
7274 2 2 5 1 2107 2106 3824
7275 2 2 5 1 2200 1912 3597
7276 2 2 5 1 3377 501 3587
7277 2 2 5 1 3522 3336 3803
7278 2 2 5 1 1956 3201 3623
7279 2 2 5 1 512 3105 3106
7280 2 2 5 1 2192 2061 3695
7281 2 2 5 1 2206 2208 3668
7282 2 2 5 1 2991 1870 3788
7283 2 2 5 1 2418 3403 3404
7284 2 2 5 1 3681 539 3791
7285 2 2 5 1 2390 2402 3696
7286 2 2 5 1 619 3496 3701
7287 2 2 5 1 3067 489 3685
7288 2 2 5 1 2086 3066 3513
7289 2 2 5 1 2860 2862 3360
7290 2 2 5 1 2120 3424 3777
7291 2 2 5 1 2661 2662 3515
7292 2 2 5 1 2548 3193 3716
7293 2 2 5 1 1739 3202 3619
7294 2 2 5 1 1877 1878 3600
7295 2 2 5 1 2158 2157 3813
7296 2 2 5 1 3749 2771 3885
7297 2 2 5 1 2913 2689 3865
7298 2 2 5 1 2417 3527 3858
7299 2 2 5 1 2128 1793 3930
7300 2 2 5 1 310 309 481
7301 2 2 5 1 3262 1300 3563
7302 2 2 5 1 1868 1809 3790
7303 2 2 5 1 3181 2071 3798
7304 2 2 5 1 2129 890 3634
7305 2 2 5 1 2048 2194 3656
7306 2 2 5 1 2273 2885 3863
7307 2 2 5 1 2554 2946 3625
7308 2 2 5 1 2099 3385 3816
7309 2 2 5 1 2899 3307 3361
7310 2 2 5 1 1534 1294 3792
7311 2 2 5 1 469 492 3485
7312 2 2 5 1 2219 1755 3736
7313 2 2 5 1 829 557 3353
7314 2 2 5 1 3176 1438 3918
7315 2 2 5 1 2981 2980 3661
7316 2 2 5 1 2681 511 3728
7317 2 2 5 1 3089 2586 3788
7318 2 2 5 1 3554 1992 3797
7319 2 2 5 1 1308 3338 3484
7320 2 2 5 1 1341 1201 3670
7321 2 2 5 1 3403 2418 3524
7322 2 2 5 1 3452 2149 3664
7323 2 2 5 1 1297 3232 3653
7324 2 2 5 1 3294 2124 3918
7325 2 2 5 1 3275 1395 3486
7326 2 2 5 1 2718 469 3485
7327 2 2 5 1 349 3067 3685
7328 2 2 5 1 2822 2661 3515
7329 2 2 5 1 2047 3341 3697
7330 2 2 5 1 3437 1239 3848
7331 2 2 5 1 3447 972 3516
7332 2 2 5 1 1078 1059 3854
7333 2 2 5 1 1965 3029 3691
7334 2 2 5 1 2526 3559 3902
7335 2 2 5 1 305 304 3531
7336 2 2 5 1 2474 3144 3433
7337 2 2 5 1 3266 2099 3816
7338 2 2 5 1 2725 2724 3693
7339 2 2 5 1 988 2795 3616
7340 2 2 5 1 3419 2260 3619
7341 2 2 5 1 3548 2100 3574
7342 2 2 5 1 2594 3639 3764
7343 2 2 5 1 2885 1167 3863
7344 2 2 5 1 1637 2832 3708
7345 2 2 5 1 3179 2244 3576
7346 2 2 5 1 2540 2686 3776
7347 2 2 5 1 435 2825 3809
7348 2 2 5 1 3220 2781 3647
7349 2 2 5 1 2260 1739 3619
7350 2 2 5 1 2124 2123 3692
7351 2 2 5 1 2279 2365 3622
7352 2 2 5 1 2995 2994 3710
7353 2 2 5 1 3376 1690 3572
7354 2 2 5 1 2937 3104 3863
7355 2 2 5 1 2260 3419 3825
7356 2 2 5 1 2386 3154 3478
7357 2 2 5 1 2781 570 3647
7358 2 2 5 1 3042 1216 3606
7359 2 2 5 1 3466 2132 3603
7360 2 2 5 1 3460 507 3493
7361 2 2 5 1 463 2792 3261
7362 2 2 5 1 3158 2540 3776
7363 2 2 5 1 501 3033 3587
7364 2 2 5 1 3297 2263 3427
7365 2 2 5 1 552 554 3573
7366 2 2 5 1 2866 2892 3646
7367 2 2 5 1 2792 464 3355
7368 2 2 5 1 3063 1452 3441
7369 2 2 5 1 3350 1139 3511
7370 2 2 5 1 1717 3133 3827
7371 2 2 5 1 3228 2721 3860
7372 2 2 5 1 3202 2126 3619
7373 2 2 5 1 1556 3270 3582
7374 2 2 5 1 2421 3334 3425
7375 2 2 5 1 3339 2537 3714
7376 2 2 5 1 1331 1407 3906
7377 2 2 5 1 3077 1256 3605
7378 2 2 5 1 2960 2260 3825
7379 2 2 5 1 2596 3058 3917
7380 2 2 5 1 2123 1743 3627
7381 2 2 5 1 2984 1858 3914
7382 2 2 5 1 2634 2235 3931
7383 2 2 5 1 2597 2514 3828
7384 2 2 5 1 2876 2023 3513
7385 2 2 5 1 1619 3241 3612
7386 2 2 5 1 3691 2595 3917
7387 2 2 5 1 2231 2955 3866
7388 2 2 5 1 1895 3156 3744
7389 2 2 5 1 1744 3222 3702
7390 2 2 5 1 3127 1297 3653
7391 2 2 5 1 2263 3297 3298
7392 2 2 5 1 1316 3234 3857
7393 2 2 5 1 2281 2974 3796
7394 2 2 5 1 1995 3414 3542
7395 2 2 5 1 1347 3237 3526
7396 2 2 5 1 3332 1341 3670
7397 2 2 5 1 2956 3354 3415
7398 2 2 5 1 3243 2097 3686
7399 2 2 5 1 3449 2741 3450
7400 2 2 5 1 500 1360 3493
7401 2 2 5 1 306 305 446
7402 2 2 5 1 1501 3186 3798
7403 2 2 5 1 542 517 3550
7404 2 2 5 1 1052 3358 3854
7405 2 2 5 1 2112 2115 3714
7406 2 2 5 1 1314 1347 3526
7407 2 2 5 1 2012 2111 3640
7408 2 2 5 1 3156 2629 3744
7409 2 2 5 1 281 496 3213
7410 2 2 5 1 842 3428 3555
7411 2 2 5 1 2746 3149 3762
7412 2 2 5 1 449 2727 3727
7413 2 2 5 1 2775 2176 3852
7414 2 2 5 1 3170 2771 3749
7415 2 2 5 1 2327 1445 3665
7416 2 2 5 1 401 2905 3774
7417 2 2 5 1 2063 2065 3735
7418 2 2 5 1 3792 2496 3793
7419 2 2 5 1 653 648 3769
7420 2 2 5 1 3547 2100 3548
7421 2 2 5 1 100 415 3887
7422 2 2 5 1 3409 1262 3668
7423 2 2 5 1 1445 3268 3665
7424 2 2 5 1 2276 2370 3747
7425 2 2 5 1 2343 2342 3872
7426 2 2 5 1 3220 2250 3384
7427 2 2 5 1 467 2930 3851
7428 2 2 5 1 3479 2224 3836
7429 2 2 5 1 471 3020 3763
7430 2 2 5 1 3221 1989 3539
7431 2 2 5 1 3634 2105 3787
7432 2 2 5 1 495 277 3591
7433 2 2 5 1 2023 2086 3513
7434 2 2 5 1 2151 3118 3659
7435 2 2 5 1 290 289 3138
7436 2 2 5 1 2005 3363 3720
7437 2 2 5 1 2506 3296 3740
7438 2 2 5 1 3492 3730 3745
7439 2 2 5 1 2318 3041 3561
7440 2 2 5 1 3029 1255 3691
7441 2 2 5 1 2215 3219 3570
7442 2 2 5 1 2090 3473 3761
7443 2 2 5 1 2122 2120 3777
7444 2 2 5 1 3447 2560 3821
7445 2 2 5 1 3028 2010 3750
7446 2 2 5 1 1835 2135 3767
7447 2 2 5 1 2237 3551 3588
7448 2 2 5 1 2940 2158 3885
7449 2 2 5 1 2056 3555 3900
7450 2 2 5 1 2930 3418 3851
7451 2 2 5 1 3139 1990 3532
7452 2 2 5 1 2418 3404 3494
7453 2 2 5 1 1891 1764 3833
7454 2 2 5 1 3484 3266 3816
7455 2 2 5 1 2259 3509 3646
7456 2 2 5 1 3205 1482 3533
7457 2 2 5 1 1482 3366 3533
7458 2 2 5 1 1236 3207 3652
7459 2 2 5 1 2750 2192 3711
7460 2 2 5 1 1213 1761 3770
7461 2 2 5 1 1790 1909 3562
7462 2 2 5 1 3093 535 3633
7463 2 2 5 1 498 500 3493
7464 2 2 5 1 2269 2090 3761
7465 2 2 5 1 2697 3461 3737
7466 2 2 5 1 3076 3497 3722
7467 2 2 5 1 2295 2704 3913
7468 2 2 5 1 2980 1169 3661
7469 2 2 5 1 2130 2806 3845
7470 2 2 5 1 470 287 3360
7471 2 2 5 1 3021 3226 3834
7472 2 2 5 1 3429 1124 3874
7473 2 2 5 1 3039 3282 3760
7474 2 2 5 1 2915 1545 3768
7475 2 2 5 1 3153 1995 3542
7476 2 2 5 1 3047 619 3701
7477 2 2 5 1 1590 3648 3748
7478 2 2 5 1 1548 3398 3441
7479 2 2 5 1 3133 2092 3827
7480 2 2 5 1 2972 2489 3823
7481 2 2 5 1 2399 3547 3548
7482 2 2 5 1 3118 1744 3659
7483 2 2 5 1 2800 3659 3702
7484 2 2 5 1 411 2697 3737
7485 2 2 5 1 3120 2107 3636
7486 2 2 5 1 1396 3214 3590
7487 2 2 5 1 402 2866 3723
7488 2 2 5 1 3033 3032 3687
7489 2 2 5 1 2900 1159 3680
7490 2 2 5 1 3565 2952 3566
7491 2 2 5 1 1317 2904 3858
7492 2 2 5 1 2222 3382 3581
7493 2 2 5 1 1673 1939 3814
7494 2 2 5 1 2184 3349 3856
7495 2 2 5 1 1350 1525 3801
7496 2 2 5 1 2190 2949 3831
7497 2 2 5 1 1823 3139 3532
7498 2 2 5 1 3272 411 3737
7499 2 2 5 1 2110 3459 3607
7500 2 2 5 1 2305 3353 3573
7501 2 2 5 1 2905 2541 3774
7502 2 2 5 1 930 3113 3596
7503 2 2 5 1 1992 1801 3797
7504 2 2 5 1 2092 2093 3700
7505 2 2 5 1 2931 3492 3745
7506 2 2 5 1 3392 3000 3666
7507 2 2 5 1 3451 2377 3610
7508 2 2 5 1 3519 2740 3567
7509 2 2 5 1 3184 1028 3635
7510 2 2 5 1 3088 785 3764
7511 2 2 5 1 3356 2276 3747
7512 2 2 5 1 3137 470 3543
7513 2 2 5 1 476 3170 3749
7514 2 2 5 1 3337 2667 3759
7515 2 2 5 1 3558 1948 3629
7516 2 2 5 1 2861 429 3417
7517 2 2 5 1 2904 2415 3858
7518 2 2 5 1 3075 3038 3497
7519 2 2 5 1 692 2898 3705
7520 2 2 5 1 3032 493 3687
7521 2 2 5 1 3576 2242 3606
7522 2 2 5 1 303 407 2741
7523 2 2 5 1 304 2741 3531
7524 2 2 5 1 2573 3514 3763
7525 2 2 5 1 1844 3263 3690
7526 2 2 5 1 2429 3142 3726
7527 2 2 5 1 3621 2189 3890
7528 2 2 5 1 3434 562 3811
7529 2 2 5 1 1764 1457 3833
7530 2 2 5 1 1690 3160 3572
7531 2 2 5 1 3395 2047 3697
7532 2 2 5 1 2203 2206 3915
7533 2 2 5 1 2224 2696 3836
7534 2 2 5 1 3076 3075 3497
7535 2 2 5 1 3385 1308 3816
7536 2 2 5 1 1732 2266 3741
7537 2 2 5 1 492 507 3485
7538 2 2 5 1 1475 3099 3779
7539 2 2 5 1 1869 3153 3542
7540 2 2 5 1 2181 3430 3660
7541 2 2 5 1 1202 3500 3894
7542 2 2 5 1 3273 657 3682
7543 2 2 5 1 2546 2547 3839
7544 2 2 5 1 1145 2919 3751
7545 2 2 5 1 3338 1291 3773
7546 2 2 5 1 278 495 3244
7547 2 2 5 1 2808 3312 3912
7548 2 2 5 1 2420 3259 3683
7549 2 2 5 1 2741 407 3450
7550 2 2 5 1 3347 2094 3636
7551 2 2 5 1 2206 3668 3915
7552 2 2 5 1 3541 2984 3914
7553 2 2 5 1 2950 2352 3884
7554 2 2 5 1 1051 2998 3642
7555 2 2 5 1 1783 2651 3905
7556 2 2 5 1 2924 3415 3688
7557 2 2 5 1 1125 1322 3919
7558 2 2 5 1 2173 3662 3805
7559 2 2 5 1 3058 1965 3917
7560 2 2 5 1 3536 2188 3595
7561 2 2 5 1 3496 3077 3605
7562 2 2 5 1 555 552 3573
7563 2 2 5 1 559 829 3811
7564 2 2 5 1 3000 1051 3666
7565 2 2 5 1 2994 2858 3710
7566 2 2 5 1 503 3092 3536
7567 2 2 5 1 2800 3702 3703
7568 2 2 5 1 3484 3338 3773
7569 2 2 5 1 843 3546 3614
7570 2 2 5 1 2530 3701 3829
7571 2 2 5 1 904 2914 3734
7572 2 2 5 1 288 470 3137
7573 2 2 5 1 753 2924 3688
7574 2 2 5 1 3186 3181 3798
7575 2 2 5 1 1870 3089 3788
7576 2 2 5 1 2495 3402 3444
7577 2 2 5 1 2856 2315 3909
7578 2 2 5 1 3318 2128 3586
7579 2 2 5 1 502 2891 3575
7580 2 2 5 1 3488 528 3923
7581 2 2 5 1 3603 2131 3782
7582 2 2 5 1 3648 2464 3748
7583 2 2 5 1 1163 2961 3795
7584 2 2 5 1 978 976 3821
7585 2 2 5 1 1159 2931 3745
7586 2 2 5 1 3160 2011 3572
7587 2 2 5 1 2977 2842 3849
7588 2 2 5 1 3323 2798 3623
7589 2 2 5 1 3404 2737 3660
7590 2 2 5 1 3331 1687 3601
7591 2 2 5 1 1294 2082 3792
7592 2 2 5 1 1084 2925 3886
7593 2 2 5 1 2687 2850 3886
7594 2 2 5 1 1719 3526 3594
7595 2 2 5 1 1059 1052 3854
7596 2 2 5 1 671 2836 3717
7597 2 2 5 1 3555 3428 3900
7598 2 2 5 1 1671 3074 3684
7599 2 2 5 1 3509 2544 3723
7600 2 2 5 1 2974 3340 3796
7601 2 2 5 1 1168 2967 3675
7602 2 2 5 1 2866 3646 3723
7603 2 2 5 1 2632 3376 3572
7604 2 2 5 1 2172 3039 3760
7605 2 2 5 1 2106 3423 3824
7606 2 2 5 1 2034 3242 3729
7607 2 2 5 1 3506 3047 3701
7608 2 2 5 1 3007 3346 3783
7609 2 2 5 1 2040 3302 3771
7610 2 2 5 1 3112 1717 3873
7611 2 2 5 1 3367 2913 3865
7612 2 2 5 1 3121 3332 3670
7613 2 2 5 1 3320 2977 3849
7614 2 2 5 1 2853 2854 3846
7615 2 2 5 1 1126 3076 3611
7616 2 2 5 1 562 559 3811
7617 2 2 5 1 1020 1022 3565
7618 2 2 5 1 2530 3506 3701
7619 2 2 5 1 2098 2366 3857
7620 2 2 5 1 1124 1345 3874
7621 2 2 5 1 2501 2639 3806
7622 2 2 5 1 2906 2934 3847
7623 2 2 5 1 3586 2128 3930
7624 2 2 5 1 2783 684 3898
7625 2 2 5 1 425 10 3862
7626 2 2 5 1 493 3007 3783
7627 2 2 5 1 2526 1979 3559
7628 2 2 5 1 3315 2056 3900
7629 2 2 5 1 3104 2273 3863
7630 2 2 5 1 3006 1126 3611
7631 2 2 5 1 3428 1967 3900
7632 2 2 5 1 2950 1811 3786
7633 2 2 5 1 2926 424 3785
7634 2 2 5 1 2604 2948 3929
7635 2 2 5 1 3086 503 3595
7636 2 2 5 1 3207 2129 3652
7637 2 2 5 1 3234 2502 3562
7638 2 2 5 1 3509 2259 3911
7639 2 2 5 1 3346 502 3575
7640 2 2 5 1 488 3482 3617
7641 2 2 5 1 1567 3337 3759
7642 2 2 5 1 2049 3455 3694
7643 2 2 5 1 3652 2129 3787
7644 2 2 5 1 314 313 512
7645 2 2 5 1 2971 3592 3883
7646 2 2 5 1 2992 3069 3912
7647 2 2 5 1 1909 3234 3562
7648 2 2 5 1 494 3046 3808
7649 2 2 5 1 3046 2278 3808
7650 2 2 5 1 3387 3097 3487
7651 2 2 5 1 3249 2104 3641
7652 2 2 5 1 1360 1020 3565
7653 2 2 5 1 3353 555 3573
7654 2 2 5 1 3553 2582 3877
7655 2 2 5 1 1167 2937 3863
7656 2 2 5 1 2255 3586 3930
7657 2 2 5 1 404 2990 3756
7658 2 2 5 1 3241 3240 3877
7659 2 2 5 1 3040 2586 3892
7660 2 2 5 1 3690 2524 3805
7661 2 2 5 1 3418 2664 3851
7662 2 2 5 1 3680 1159 3745
7663 2 2 5 1 1858 3030 3914
7664 2 2 5 1 2914 1202 3894
7665 2 2 5 1 3289 2903 3901
7666 2 2 5 1 1247 3078 3864
7667 2 2 5 1 3193 2558 3716
7668 2 2 5 1 1776 3209 3742
7669 2 2 5 1 3352 3103 3808
7670 2 2 5 1 3408 2622 3758
7671 2 2 5 1 3325 404 3756
7672 2 2 5 1 507 498 3493
7673 2 2 5 1 3102 646 3604
7674 2 2 5 1 3069 2808 3912
7675 2 2 5 1 297 296 463
7676 2 2 5 1 3291 816 3878
7677 2 2 5 1 646 3055 3604
7678 2 2 5 1 2183 2184 3855
7679 2 2 5 1 3214 2040 3771
7680 2 2 5 1 3539 2162 3706
7681 2 2 5 1 2131 3221 3782
7682 2 2 5 1 1640 3469 3824
7683 2 2 5 1 3724 2645 3883
7684 2 2 5 1 2545 3451 3733
7685 2 2 5 1 3696 2402 3916
7686 2 2 5 1 3419 1007 3825
7687 2 2 5 1 1255 3639 3691
7688 2 2 5 1 3425 2034 3729
7689 2 2 5 1 1632 3408 3758
7690 2 2 5 1 535 3277 3633
7691 2 2 5 1 2075 3157 3817
7692 2 2 5 1 3209 2006 3742
7693 2 2 5 1 3551 1162 3588
7694 2 2 5 1 3292 3215 3768
7695 2 2 5 1 3456 2160 3674
7696 2 2 5 1 3453 2127 3846
7697 2 2 5 1 1291 3442 3773
7698 2 2 5 1 3449 446 3531
7699 2 2 5 1 3038 571 3608
7700 2 2 5 1 3575 2189 3621
7701 2 2 5 1 308 536 3276
7702 2 2 5 1 3734 2914 3894
7703 2 2 5 1 1945 3130 3907
7704 2 2 5 1 1051 3642 3666
7705 2 2 5 1 483 3488 3923
7706 2 2 5 1 3492 2213 3730
7707 2 2 5 1 3358 3009 3854
7708 2 2 5 1 3469 2107 3824
7709 2 2 5 1 624 3081 3895
7710 2 2 5 1 531 3488 3676
7711 2 2 5 1 3314 430 3726
7712 2 2 5 1 3226 3200 3834
7713 2 2 5 1 3190 1258 3904
7714 2 2 5 1 3726 430 3853
7715 2 2 5 1 2065 3538 3735
7716 2 2 5 1 2291 3496 3605
7717 2 2 5 1 3336 1838 3803
7718 2 2 5 1 3432 2326 3609
7719 2 2 5 1 3730 2302 3745
7720 2 2 5 1 554 551 1976
7721 2 2 5 1 1979 1981 3559
7722 2 2 5 1 3103 494 3808
7723 2 2 5 1 536 307 3301
7724 2 2 5 1 2212 3507 3718
7725 2 2 5 1 3380 2494 3602
7726 2 2 5 1 3234 2098 3857
7727 2 2 5 1 483 300 3677
7728 2 2 5 1 1545 3289 3901
7729 2 2 5 1 2718 3485 3669
7730 2 2 5 1 291 290 432
7731 2 2 5 1 3433 1501 3798
7732 2 2 5 1 3381 2221 3738
7733 2 2 5 1 2230 3579 3698
7734 2 2 5 1 1022 1024 3832
7735 2 2 5 1 481 3276 3277
7736 2 2 5 1 2101 3519 3567
7737 2 2 5 1 2822 3434 3811
7738 2 2 5 1 2092 3700 3827
7739 2 2 5 1 2836 2770 3717
7740 2 2 5 1 3349 2218 3856
7741 2 2 5 1 3221 3539 3782
7742 2 2 5 1 3265 2783 3898
7743 2 2 5 1 2617 3767 3818
7744 2 2 5 1 3225 2051 3820
7745 2 2 5 1 2678 3522 3803
7746 2 2 5 1 1814 3466 3603
7747 2 2 5 1 3659 1744 3702
7748 2 2 5 1 1669 3539 3706
7749 2 2 5 1 3200 1556 3834
7750 2 2 5 1 3497 3038 3608
7751 2 2 5 1 941 3414 3656
7752 2 2 5 1 2563 3470 3778
7753 2 2 5 1 3538 1563 3735
7754 2 2 5 1 3639 2595 3691
7755 2 2 5 1 503 3536 3595
7756 2 2 5 1 2850 1084 3886
7757 2 2 5 1 1308 3484 3816
7758 2 2 5 1 3514 2573 3713
7759 2 2 5 1 3642 2606 3666
7760 2 2 5 1 3687 493 3783
7761 2 2 5 1 2551 3377 3587
7762 2 2 5 1 1085 3342 3868
7763 2 2 5 1 3215 2915 3768
7764 2 2 5 1 2191 3607 3757
7765 2 2 5 1 1526 3696 3916
7766 2 2 5 1 3378 1786 3719
7767 2 2 5 1 2233 3553 3877
7768 2 2 5 1 3565 1022 3832
7769 2 2 5 1 3328 1085 3819
7770 2 2 5 1 3512 1609 3655
7771 2 2 5 1 3340 2283 3796
7772 2 2 5 1 2018 3855 3856
7773 2 2 5 1 289 3137 3138
7774 2 2 5 1 1184 3640 3889
7775 2 2 5 1 3752 2018 3856
7776 2 2 5 1 1938 3146 3622
7777 2 2 5 1 3240 2233 3877
7778 2 2 5 1 2129 3634 3787
7779 2 2 5 1 1836 3621 3890
7780 2 2 5 1 496 3012 3867
7781 2 2 5 1 2404 3484 3773
7782 2 2 5 1 1438 3294 3918
7783 2 2 5 1 3377 2551 3591
7784 2 2 5 1 2302 3680 3745
7785 2 2 5 1 3640 2111 3889
7786 2 2 5 1 2460 3486 3876
7787 2 2 5 1 3515 2662 3869
7788 2 2 5 1 1145 3751 3765
7789 2 2 5 1 3598 2190 3831
7790 2 2 5 1 2814 3734 3894
7791 2 2 5 1 3461 2087 3737
7792 2 2 5 1 3492 925 3925
7793 2 2 5 1 3527 1317 3858
7794 2 2 5 1 2741 3449 3531
7795 2 2 5 1 2421 3425 3729
7796 2 2 5 1 481 309 3276
7797 2 2 5 1 2435 3541 3914
7798 2 2 5 1 2278 3352 3808
7799 2 2 5 1 3749 2158 3813
7800 2 2 5 1 3372 3676 3677
7801 2 2 5 1 3590 3214 3771
7802 2 2 5 1 3702 2091 3703
7803 2 2 5 1 3342 2268 3868
7804 2 2 5 1 551 7 3439
7805 2 2 5 1 3700 2371 3827
7806 2 2 5 1 843 3614 3866
7807 2 2 5 1 2772 3598 3831
7808 2 2 5 1 3614 2231 3866
7809 2 2 5 1 2429 3726 3853
7810 2 2 5 1 1976 551 3439
7811 2 2 5 1 476 3749 3813
7812 2 2 5 1 2400 3523 3869
7813 2 2 5 1 3496 2291 3829
7814 2 2 5 1 3855 2184 3856
7815 2 2 5 1 1833 3509 3911
7816 2 2 5 1 3630 2475 3822
7817 2 2 5 1 1717 3827 3873
7818 2 2 5 1 293 292 468
7819 2 2 5 1 1967 3315 3900
7820 2 2 5 1 297 463 3261
7821 2 2 5 1 3767 2135 3818
7822 2 2 5 1 1844 3690 3805
7823 2 2 5 1 2213 3492 3925
7824 2 2 5 1 1786 3378 3910
7825 2 2 5 1 2952 3565 3832
7826 2 2 5 1 2551 3587 3844
7827 2 2 5 1 3583 2430 3879
7828 2 2 5 1 415 3789 3887
7829 2 2 5 1 3751 2467 3765
7830 2 2 5 1 2274 3325 3756
7831 2 2 5 1 306 446 3301
7832 2 2 5 1 295 294 431
7833 2 2 5 1 3539 1669 3782
7834 2 2 5 1 3638 2598 3841
7835 2 2 5 1 2770 3399 3922
7836 2 2 5 1 434 3830 3888
7837 2 2 5 1 1736 3380 3602
7838 2 2 5 1 2503 3658 3880
7839 2 2 5 1 3789 2635 3887
7840 2 2 5 1 2218 3752 3856
7841 2 2 5 1 446 305 3531
7842 2 2 5 1 3830 2419 3888
7843 2 2 5 1 3827 2371 3873
7844 2 2 5 1 3645 1786 3910
7845 2 2 5 1 2616 3687 3783
7846 2 2 5 1 2265 3844 3924
7847 2 2 5 1 432 290 3138
7848 2 2 5 1 3844 2019 3924
7849 2 2 5 1 510 25 2782
7850 2 2 5 1 292 291 432
7851 2 2 5 1 294 293 468
7852 2 2 5 1 296 295 431
7853 2 2 5 1 299 484 3372
7854 2 2 5 1 300 3372 3677
7855 2 2 5 1 7 390 3439
7856 2 2 5 1 1689 8 2722
7857 2 2 5 1 26 25 510
7858 2 2 5 1 26 510 2751
7859 2 2 5 1 27 399 3620
7860 2 2 5 1 426 298 3261
7861 2 2 5 1 300 299 3372
7862 2 2 5 1 301 483 2818
7863 2 2 5 1 512 313 3105
7864 2 2 5 1 314 509 537
$EndElements
