$MeshFormat
2.2 0 8
$EndMeshFormat
$PhysicalNames
4
1 1 "outer_walls"
1 2 "receiver_edges"
1 3 "torso_boundary"
2 5 "domain"
$EndPhysicalNames
$Nodes
7195
1 -0.487938524157182 0.0684040286651338 0
2 -0.3 0 0
3 0.3 0 0
4 0.487938524157182 0.0684040286651338 0
5 0.487938524157182 0.995448640910515 0
6 -0.487938524157182 0.995448640910515 0
7 -0.1 0 0
8 0.1 0 0
9 -0.16 0.810716257423132 0
10 -0.14 0.73972794286677 0
11 -0.1 0.6975161994545021 0
12 0.1 0.706785352593753 0
13 0.124 0.727556762619249 0
14 0.14 0.795459514122459 0
15 0.147 0.815573166110515 0
16 -0.4691446717414967 0.06156362579863241 0
17 -0.4503508193258239 0.05472322293213556 0
18 -0.4315569669101714 0.04788282006564609 0
19 -0.4127631144944992 0.04104241719914943 0
20 -0.393969262078848 0.03420201433266046 0
21 -0.3751754096630854 0.0273616114661309 0
22 -0.356381557247301 0.02052120859959346 0
23 -0.3375877048315435 0.01368080573306574 0
24 -0.3187938524157783 0.006840402866535263 0
25 -0.2882352941176796 0 0
26 -0.2764705882353592 0 0
27 -0.2647058823530388 0 0
28 -0.2529411764707183 0 0
29 -0.2411764705883979 0 0
30 -0.2294117647060775 0 0
31 -0.217647058823757 0 0
32 -0.2058823529414366 0 0
33 -0.1941176470590904 0 0
34 -0.1823529411767005 0 0
35 -0.1705882352943192 0 0
36 -0.1588235294119289 0 0
37 -0.1470588235295479 0 0
38 -0.1352941176471574 0 0
39 -0.1235294117647713 0 0
40 -0.1117647058823858 0 0
41 -0.0800000000000439 0 0
42 -0.06000000000009214 0 0
43 -0.04000000000014908 0 0
44 -0.02000000000021147 0 0
45 -2.65745758731839e-13 0 0
46 0.01999999999978633 0 0
47 0.03999999999983783 0 0
48 0.05999999999989372 0 0
49 0.07999999999994525 0 0
50 0.111764705882329 0 0
51 0.1235294117646635 0 0
52 0.1352941176469817 0 0
53 0.1470588235292999 0 0
54 0.158823529411618 0 0
55 0.1705882352939362 0 0
56 0.1823529411762544 0 0
57 0.1941176470585727 0 0
58 0.2058823529409316 0 0
59 0.2176470588233136 0 0
60 0.2294117647056942 0 0
61 0.2411764705880823 0 0
62 0.252941176470467 0 0
63 0.2647058823528484 0 0
64 0.2764705882352335 0 0
65 0.2882352941176162 0 0
66 0.31879385241568 0.006840402866499489 0
67 0.3375877048313873 0.0136808057330089 0
68 0.3563815572470362 0.02052120859949705 0
69 0.3751754096626856 0.02736161146598541 0
70 0.3939692620783529 0.03420201433248025 0
71 0.4127631144941501 0.04104241719902238 0
72 0.4315569669099019 0.04788282006554798 0
73 0.4503508193256365 0.05472322293206734 0
74 0.4691446717414094 0.06156362579860061 0
75 0.487938524157182 0.08028921600159156 0
76 0.487938524157182 0.09217440333805203 0
77 0.487938524157182 0.1040595906745048 0
78 0.487938524157182 0.1159447780109567 0
79 0.487938524157182 0.1278299653474178 0
80 0.487938524157182 0.13971515268388 0
81 0.487938524157182 0.1516003400203421 0
82 0.487938524157182 0.1634855273568043 0
83 0.487938524157182 0.1753707146932665 0
84 0.487938524157182 0.1872559020297287 0
85 0.487938524157182 0.1991410893661904 0
86 0.487938524157182 0.2110262767026273 0
87 0.487938524157182 0.2229114640390539 0
88 0.487938524157182 0.2347966513754911 0
89 0.487938524157182 0.246681838711953 0
90 0.487938524157182 0.2585670260484152 0
91 0.487938524157182 0.2704522133848677 0
92 0.487938524157182 0.2823374007212955 0
93 0.487938524157182 0.2942225880577241 0
94 0.487938524157182 0.3061077753941774 0
95 0.487938524157182 0.3179929627306346 0
96 0.487938524157182 0.3298781500670671 0
97 0.487938524157182 0.3417633374034938 0
98 0.487938524157182 0.3536485247399396 0
99 0.487938524157182 0.3655337120764018 0
100 0.487938524157182 0.377418899412864 0
101 0.487938524157182 0.3893040867493087 0
102 0.487938524157182 0.4011892740857354 0
103 0.487938524157182 0.4130744614221685 0
104 0.487938524157182 0.4249596487586262 0
105 0.487938524157182 0.4368448360950885 0
106 0.487938524157182 0.4487300234315451 0
107 0.487938524157182 0.460615210767977 0
108 0.487938524157182 0.4725003981044036 0
109 0.487938524157182 0.4843855854408506 0
110 0.487938524157182 0.496270772777312 0
111 0.487938524157182 0.5081559601137486 0
112 0.487938524157182 0.5200411474501753 0
113 0.487938524157182 0.5319263347866235 0
114 0.487938524157182 0.5438115221231213 0
115 0.487938524157182 0.5556967094596191 0
116 0.487938524157182 0.5675818967961168 0
117 0.487938524157182 0.5794670841326145 0
118 0.487938524157182 0.5913522714691124 0
119 0.487938524157182 0.6032374588056101 0
120 0.487938524157182 0.6151226461421079 0
121 0.487938524157182 0.6270078334786057 0
122 0.487938524157182 0.6388930208151034 0
123 0.487938524157182 0.65077820815161 0
124 0.487938524157182 0.6626633954881662 0
125 0.487938524157182 0.6745485828247351 0
126 0.487938524157182 0.6864337701612679 0
127 0.487938524157182 0.6983189574977656 0
128 0.487938524157182 0.7102041448342635 0
129 0.487938524157182 0.7220893321707612 0
130 0.487938524157182 0.733974519507259 0
131 0.487938524157182 0.7458597068437568 0
132 0.487938524157182 0.7577448941802545 0
133 0.487938524157182 0.7696300815167523 0
134 0.487938524157182 0.7815152688532599 0
135 0.487938524157182 0.7934004561898172 0
136 0.487938524157182 0.8052856435263862 0
137 0.487938524157182 0.8171708308629168 0
138 0.487938524157182 0.8290560181994145 0
139 0.487938524157182 0.8409412055359123 0
140 0.487938524157182 0.8528263928724102 0
141 0.487938524157182 0.8647115802089083 0
142 0.487938524157182 0.8765967675454061 0
143 0.487938524157182 0.888481954881904 0
144 0.487938524157182 0.900367142218402 0
145 0.487938524157182 0.9122523295548998 0
146 0.487938524157182 0.924137516891426 0
147 0.487938524157182 0.9360227042279949 0
148 0.487938524157182 0.9479078915645234 0
149 0.487938524157182 0.9597930789010213 0
150 0.487938524157182 0.9716782662375192 0
151 0.487938524157182 0.9835634535740171 0
152 0.4760375845436213 0.995448640910515 0
153 0.4641366449300605 0.995448640910515 0
154 0.4522357053164998 0.995448640910515 0
155 0.4403347657029391 0.995448640910515 0
156 0.4284338260893784 0.995448640910515 0
157 0.4165328864758137 0.995448640910515 0
158 0.404631946862236 0.995448640910515 0
159 0.3927310072486692 0.995448640910515 0
160 0.3808300676350921 0.995448640910515 0
161 0.3689291280215248 0.995448640910515 0
162 0.3570281884079617 0.995448640910515 0
163 0.3451272487944099 0.995448640910515 0
164 0.3332263091808492 0.995448640910515 0
165 0.3213253695672885 0.995448640910515 0
166 0.3094244299537278 0.995448640910515 0
167 0.2975234903401671 0.995448640910515 0
168 0.2856225507266064 0.995448640910515 0
169 0.2737216111130456 0.995448640910515 0
170 0.2618206714994848 0.995448640910515 0
171 0.2499197318859241 0.995448640910515 0
172 0.2380187922723633 0.995448640910515 0
173 0.2261178526588026 0.995448640910515 0
174 0.2142169130452419 0.995448640910515 0
175 0.2023159734316811 0.995448640910515 0
176 0.1904150338181315 0.995448640910515 0
177 0.1785140942045814 0.995448640910515 0
178 0.166613154591033 0.995448640910515 0
179 0.1547122149774816 0.995448640910515 0
180 0.1428112753639346 0.995448640910515 0
181 0.1309103357503818 0.995448640910515 0
182 0.1190093961368362 0.995448640910515 0
183 0.107108456523282 0.995448640910515 0
184 0.09520751690973767 0.995448640910515 0
185 0.08330657729618296 0.995448640910515 0
186 0.07140563768263919 0.995448640910515 0
187 0.05950469806908448 0.995448640910515 0
188 0.0476037584555406 0.995448640910515 0
189 0.03570281884198256 0.995448640910515 0
190 0.02380187922842181 0.995448640910515 0
191 0.01190093961486099 0.995448640910515 0
192 1.289413020799657e-12 0.995448640910515 0
193 -0.01190093961232824 0.995448640910515 0
194 -0.02380187922593224 0.995448640910515 0
195 -0.03570281883954163 0.995448640910515 0
196 -0.04760375845314313 0.995448640910515 0
197 -0.05950469806675507 0.995448640910515 0
198 -0.0714056376803538 0.995448640910515 0
199 -0.08330657729396851 0.995448640910515 0
200 -0.09520751690759699 0.995448640910515 0
201 -0.1071084565212255 0.995448640910515 0
202 -0.1190093961348538 0.995448640910515 0
203 -0.1309103357484823 0.995448640910515 0
204 -0.1428112753621108 0.995448640910515 0
205 -0.1547122149757392 0.995448640910515 0
206 -0.1666131545893675 0.995448640910515 0
207 -0.178514094202996 0.995448640910515 0
208 -0.1904150338166246 0.995448640910515 0
209 -0.2023159734302531 0.995448640910515 0
210 -0.2142169130438815 0.995448640910515 0
211 -0.2261178526575098 0.995448640910515 0
212 -0.2380187922711383 0.995448640910515 0
213 -0.2499197318847667 0.995448640910515 0
214 -0.2618206714983952 0.995448640910515 0
215 -0.2737216111120236 0.995448640910515 0
216 -0.285622550725652 0.995448640910515 0
217 -0.2975234903392805 0.995448640910515 0
218 -0.3094244299529086 0.995448640910515 0
219 -0.3213253695665371 0.995448640910515 0
220 -0.3332263091801654 0.995448640910515 0
221 -0.3451272487937935 0.995448640910515 0
222 -0.3570281884074221 0.995448640910515 0
223 -0.3689291280210503 0.995448640910515 0
224 -0.3808300676346785 0.995448640910515 0
225 -0.392731007248307 0.995448640910515 0
226 -0.4046319468619352 0.995448640910515 0
227 -0.4165328864755496 0.995448640910515 0
228 -0.4284338260891486 0.995448640910515 0
229 -0.4403347657027605 0.995448640910515 0
230 -0.4522357053163619 0.995448640910515 0
231 -0.4641366449299712 0.995448640910515 0
232 -0.4760375845435751 0.995448640910515 0
233 -0.487938524157182 0.9835634535740176 0
234 -0.487938524157182 0.9716782662375265 0
235 -0.487938524157182 0.9597930789010848 0
236 -0.487938524157182 0.9479078915646587 0
237 -0.487938524157182 0.9360227042282325 0
238 -0.487938524157182 0.9241375168918063 0
239 -0.487938524157182 0.9122523295553803 0
240 -0.487938524157182 0.9003671422189513 0
241 -0.487938524157182 0.8884819548824729 0
242 -0.487938524157182 0.8765967675459757 0
243 -0.487938524157182 0.8647115802094795 0
244 -0.487938524157182 0.8528263928730178 0
245 -0.487938524157182 0.840941205536556 0
246 -0.487938524157182 0.8290560182000943 0
247 -0.487938524157182 0.8171708308636676 0
248 -0.487938524157182 0.8052856435272415 0
249 -0.487938524157182 0.7934004561908153 0
250 -0.487938524157182 0.7815152688543892 0
251 -0.487938524157182 0.7696300815179631 0
252 -0.487938524157182 0.757744894181519 0
253 -0.487938524157182 0.7458597068450573 0
254 -0.487938524157182 0.7339745195086195 0
255 -0.487938524157182 0.7220893321721933 0
256 -0.487938524157182 0.7102041448357588 0
257 -0.487938524157182 0.6983189574992971 0
258 -0.487938524157182 0.6864337701628354 0
259 -0.487938524157182 0.6745485828263803 0
260 -0.487938524157182 0.6626633954899541 0
261 -0.487938524157182 0.6507782081535152 0
262 -0.487938524157182 0.6388930208170533 0
263 -0.487938524157182 0.6270078334805915 0
264 -0.487938524157182 0.615122646144141 0
265 -0.487938524157182 0.603237458807715 0
266 -0.487938524157182 0.5913522714712889 0
267 -0.487938524157182 0.5794670841348315 0
268 -0.487938524157182 0.5675818967983697 0
269 -0.487938524157182 0.555696709461908 0
270 -0.487938524157182 0.5438115221254758 0
271 -0.487938524157182 0.5319263347890497 0
272 -0.487938524157182 0.5200411474525741 0
273 -0.487938524157182 0.5081559601160708 0
274 -0.487938524157182 0.4962707727795277 0
275 -0.487938524157182 0.484385585443017 0
276 -0.487938524157182 0.4725003981065198 0
277 -0.487938524157182 0.4606152107700225 0
278 -0.487938524157182 0.4487300234335253 0
279 -0.487938524157182 0.4368448360970281 0
280 -0.487938524157182 0.4249596487605307 0
281 -0.487938524157182 0.4130744614240246 0
282 -0.487938524157182 0.4011892740874689 0
283 -0.487938524157182 0.3893040867509004 0
284 -0.487938524157182 0.3774188994143681 0
285 -0.487938524157182 0.3655337120778709 0
286 -0.487938524157182 0.3536485247413736 0
287 -0.487938524157182 0.3417633374048763 0
288 -0.487938524157182 0.3298781500683791 0
289 -0.487938524157182 0.3179929627318817 0
290 -0.487938524157182 0.3061077753953846 0
291 -0.487938524157182 0.2942225880588873 0
292 -0.487938524157182 0.28233740072238 0
293 -0.487938524157182 0.2704522133858231 0
294 -0.487938524157182 0.2585670260492546 0
295 -0.487938524157182 0.2466818387127246 0
296 -0.487938524157182 0.2347966513762273 0
297 -0.487938524157182 0.2229114640397299 0
298 -0.487938524157182 0.2110262767032326 0
299 -0.487938524157182 0.1991410893667351 0
300 -0.487938524157182 0.1872559020302378 0
301 -0.487938524157182 0.1753707146937404 0
302 -0.487938524157182 0.163485527357243 0
303 -0.487938524157182 0.1516003400207455 0
304 -0.487938524157182 0.1397151526842197 0
305 -0.487938524157182 0.1278299653476513 0
306 -0.487938524157182 0.1159447780111235 0
307 -0.487938524157182 0.104059590674626 0
308 -0.487938524157182 0.09217440333812854 0
309 -0.487938524157182 0.0802892160016313 0
310 -0.157142857142862 0.8005750696293832 0
311 -0.1542857142857181 0.7904338818356135 0
312 -0.1514285714286019 0.780292694041942 0
313 -0.148571428571458 0.7701515062481723 0
314 -0.1457142857142948 0.7600103184543344 0
315 -0.1428571428571389 0.7498691306605221 0
316 -0.1320000000000123 0.7312855941843294 0
317 -0.1240000000000343 0.722843245501899 0
318 -0.1160000000000641 0.7144008968194768 0
319 -0.1080000000000429 0.7059585481370009 0
320 -0.08823529411767464 0.6980614437568097 0
321 -0.0764705882353427 0.6986066880591175 0
322 -0.06470588235301848 0.6991519323614251 0
323 -0.05294117647069752 0.6996971766637325 0
324 -0.04117647058837853 0.7002424209660398 0
325 -0.02941176470605956 0.7007876652683471 0
326 -0.017647058823746 0.7013329095706542 0
327 -0.005882352941427027 0.7018781538729615 0
328 0.005882352940925165 0.7024233981752703 0
329 0.01764705882330789 0.7029686424775805 0
330 0.02941176470569551 0.703513886779891 0
331 0.04117647058807425 0.7040591310822011 0
332 0.05294117647045904 0.7046043753845115 0
333 0.06470588235284455 0.7051496196868219 0
334 0.07647058823522901 0.7056948639891322 0
335 0.08823529411761485 0.7062401082914426 0
336 0.1079999999999829 0.7137091559355702 0
337 0.1159999999999651 0.7206329592773868 0
338 0.1266666666666639 0.7388738878697723 0
339 0.1293333333333401 0.7501910131203475 0
340 0.1320000000000017 0.7615081383708612 0
341 0.1346666666666694 0.7728252636214006 0
342 0.1373333333333517 0.7841423888720017 0
343 0.1434999999999933 0.8055163401164677 0
344 0.1351923076923275 0.8153863619302314 0
345 0.1233846153846659 0.8151995577499479 0
346 0.1115769230769935 0.8150127535696642 0
347 0.09976923076932792 0.8148259493893807 0
348 0.08796153846166643 0.8146391452090972 0
349 0.07615384615401073 0.8144523410288138 0
350 0.0643461538463493 0.8142655368485304 0
351 0.05253846153869297 0.8140787326682469 0
352 0.04073076923103221 0.8138919284879635 0
353 0.02892307692337583 0.8137051243076802 0
354 0.01711538461572176 0.8135183201273968 0
355 0.005307692308060136 0.8133315159471133 0
356 -0.00649999999959025 0.81314471176683 0
357 -0.01830769230731644 0.8129579075865455 0
358 -0.03011538461504221 0.812771103406261 0
359 -0.04192307692276803 0.8125842992259765 0
360 -0.05373076923049389 0.812397495045692 0
361 -0.06553846153821224 0.8122106908654076 0
362 -0.07734615384593785 0.8120238866851232 0
363 -0.08915384615366312 0.8118370825048387 0
364 -0.1009615384613891 0.8116502783245542 0
365 -0.1127692307691163 0.8114634741442697 0
366 -0.1245769230768455 0.8112766699639852 0
367 -0.1363846153845475 0.811089865783701 0
368 -0.1481923076922746 0.8109030616034165 0
369 0.131567269512444 0.009100098439592329 0
370 0.4774301859214969 0.3596097176244256 0
371 0.035779582650036 0.6937891747549043 0
372 -0.1304953766155323 0.01100262846398388 0
373 -0.0706369618829763 0.6889189897165291 0
374 -0.4775996823655061 0.3582347260320785 0
375 0.4767701389820382 0.4414499477955924 0
376 -0.4789218580649107 0.4428354405707433 0
377 0.2110788758356585 0.01116899226752222 0
378 -0.2128098000533446 0.009720743357497988 0
379 0.477547627619619 0.2759349795603148 0
380 -0.4791083558468092 0.2783254763728824 0
381 0.4779809521083868 0.512767427436696 0
382 0.1178853413434246 0.7113002935707506 0
383 0.010939324764958 0.01779401030737015 0
384 -0.4776107603105332 0.5144309983625276 0
385 -0.1113112884266616 0.6948091705654483 0
386 0.477848038758433 0.5854293417666872 0
387 -0.4799750631345937 0.5853960901864271 0
388 0.4778496253202652 0.6569726677862784 0
389 -0.4776456499950943 0.6567208018217346 0
390 0.1539594667922645 0.8075136642002456 0
391 0.1348315666963066 0.7311905842827928 0
392 -0.1497483650162119 0.7419281466360897 0
393 0.4776456499950378 0.7280319258390101 0
394 -0.1673706363034649 0.8031572150899825 0
395 0.09435073384972548 0.6968869024104382 0
396 -0.4776455447613693 0.7161346568218514 0
397 0.4774781133614028 0.2170314738508523 0
398 -0.4763872323748156 0.2168392403522503 0
399 0.4769093516227423 0.7885504747359826 0
400 0.3146644463729014 0.9856158816992771 0
401 -0.4783726254952481 0.7755718498162398 0
402 -0.3284343313040307 0.9854365103707924 0
403 -0.477972374882391 0.8355877332007947 0
404 0.477871112538497 0.8469819132399234 0
405 0.2712504830830347 0.01175127424304721 0
406 -0.270316151563792 0.01226351448413714 0
407 -0.2680585553127194 0.98506808179731 0
408 0.2553606027368338 0.9852622145154598 0
409 -0.07000000000006802 0.01732050807564323 0
410 0.3589795453851851 0.03923906277245234 0
411 -0.359879101694095 0.03863277563877543 0
412 0.3632613866165164 0.9851822102145933 0
413 -0.01233958199494485 0.6915721019503546 0
414 -0.3748444975066384 0.9858288446025818 0
415 0.4758847634100538 0.1683973008123315 0
416 -0.4760445361493804 0.1684631440701625 0
417 -0.2199320993823704 0.9855424175905398 0
418 0.2082418139630034 0.9851559345954806 0
419 -0.4780881752809298 0.8825304321901766 0
420 -0.1725727369399608 0.9854459160957713 0
421 0.4776359274202856 0.8938115304606474 0
422 0.1624629125840691 0.9861545068139842 0
423 -0.1186516089428101 0.821036940564734 0
424 -0.07160449896237145 0.8223442459495023 0
425 -0.0245018488950146 0.8224611760796035 0
426 0.02243095523893583 0.8247822935402149 0
427 0.07001418646107693 0.8245403795619257 0
428 0.117264214799025 0.8247268803564524 0
429 -0.1011706275729384 0.9851421742466721 0
430 -0.0535691222872768 0.9851201392346107 0
431 -0.005961772732395156 0.985112321450749 0
432 0.04165328864876158 0.9851421248762753 0
433 0.08973642017634977 0.9852142531592052 0
434 0.4088091227534099 0.9870675386159712 0
435 0.1426491055258907 0.7648679485732763 0
436 -0.1537021893392504 0.8181227893604478 0
437 0.06906346253408485 0.01368704333517054 0
438 -0.4223830875323348 0.9849198136876639 0
439 -0.1371199827054245 0.9852359836410685 0
440 0.1250033409819552 0.9858895200906932 0
441 0.4778549324738894 0.6920219196854275 0
442 0.4781236981713116 0.5500232459897201 0
443 0.4776488733845676 0.6210808361323723 0
444 0.4772257048643203 0.4076628016992528 0
445 0.4769647917922623 0.4807905147745581 0
446 0.4776456499950968 0.3239355563988509 0
447 0.1642956585771606 0.01219192826831325 0
448 -0.4779374695507124 0.6210938846060097 0
449 -0.4783454790068858 0.5491884041205002 0
450 -0.4776456499950383 0.4784429917747685 0
451 -0.4799806828301059 0.4069622544378249 0
452 -0.4776565192083801 0.3120657299663278 0
453 -0.1643613326490825 0.01038134131435696 0
454 -0.4780039641265499 0.9188518273011981 0
455 -0.1596227682076938 0.7731898795501758 0
456 -0.1353112884266106 0.7201362166128612 0
457 0.4180201058270472 0.06026566520923299 0
458 -0.4162360780478358 0.0607385722593278 0
459 0.4785975012035228 0.1346281765949258 0
460 -0.4769222321662835 0.1332259429885143 0
461 0.4776456499950122 0.9300801105597106 0
462 -0.1702940231431883 0.8130907100601938 0
463 -0.177653896469309 0.8057107536471129 0
464 -0.1805912190415904 0.8157494705313646 0
465 -0.187993331598712 0.8083126388085017 0
466 -0.1908953533153747 0.8186082097110774 0
467 -0.1980042303131003 0.8110748412224866 0
468 -0.2012314992118536 0.821341506301738 0
469 -0.2089950140625923 0.8119410364657653 0
470 -0.2117737238649928 0.8237474629651642 0
471 -0.2193140483428259 0.8162678404930199 0
472 -0.2222760357712017 0.8266855222095485 0
473 -0.2298798184232398 0.8189281936148239 0
474 -0.2269040081210589 0.808446027302516 0
475 -0.237496740380268 0.8111106994803203 0
476 -0.2341963720290111 0.8005127856061285 0
477 -0.2450771629300276 0.8032521457906634 0
478 -0.2420776869635825 0.7927006351725634 0
479 -0.2527736259907865 0.7953885989663825 0
480 -0.2497740137862509 0.784825466612489 0
481 -0.2600453657767127 0.7870719229839696 0
482 -0.257386730429378 0.7768155452182901 0
483 -0.2639920864414284 0.7982533689367954 0
484 -0.2676804140612606 0.7790609149306802 0
485 -0.2654587989948969 0.7691778126901523 0
486 -0.2759019928815021 0.7715703070670634 0
487 -0.2733308868884802 0.7613245005472029 0
488 -0.2837660261484894 0.7636922237752342 0
489 -0.2810323627947097 0.7532685679617954 0
490 -0.2919161570346259 0.756166402921151 0
491 -0.2888581257703018 0.7453126919817663 0
492 -0.2945217654690082 0.7668114136536689 0
493 -0.2328687214264445 0.829431970661152 0
494 -0.2996405728627867 0.7480595303941745 0
495 -0.2962674995841338 0.7368898124978278 0
496 -0.2838208855384332 0.7347666141671598 0
497 -0.2929093323763564 0.7261491337486634 0
498 -0.282242897647486 0.7233032693764778 0
499 -0.2900362044690946 0.7152067444192456 0
500 -0.2794875725195648 0.7123324095990711 0
501 -0.2870409893862143 0.7042807766402519 0
502 -0.276429617709574 0.701405553495826 0
503 -0.2839665255484176 0.6933361844561624 0
504 -0.2732537710827786 0.690468598197683 0
505 -0.2808492488552378 0.6823608011048569 0
506 -0.2700925682255692 0.6794849605404085 0
507 -0.27771975846019 0.6713478108255897 0
508 -0.2665857150052 0.6685609643090971 0
509 -0.274523808315864 0.6603146852452191 0
510 -0.2633383520253901 0.6575343148775008 0
511 -0.2713483079136574 0.6492414749952067 0
512 -0.2601340182771167 0.6464274014144222 0
513 -0.2681836710128455 0.6380998451580218 0
514 -0.2569297838714163 0.6352812926617337 0
515 -0.2650096589071019 0.6269209098986345 0
516 -0.2537070819154323 0.6240869763551522 0
517 -0.2618202577950784 0.615691830658196 0
518 -0.2504747272862069 0.6128517483359325 0
519 -0.2586192023814451 0.6044239410808397 0
520 -0.2472230082023861 0.6015690677093229 0
521 -0.2554072290645425 0.5931022670181646 0
522 -0.243973775112889 0.5902510397595745 0
523 -0.2524803499966471 0.5816255535795208 0
524 -0.2407006277054775 0.5788131417164102 0
525 -0.2492959862418584 0.5701143617840223 0
526 -0.2373518332317479 0.5672870728944934 0
527 -0.2459076431442777 0.5585276310423956 0
528 -0.233929861634511 0.5556421311050442 0
529 -0.2425760381964644 0.5467840287385649 0
530 -0.2304790843108935 0.5438615181120026 0
531 -0.2390197245933227 0.5350083483808582 0
532 -0.2269583857980058 0.5319632708550477 0
533 -0.2356536312149079 0.522942089789459 0
534 -0.2234317903044306 0.5199063159997485 0
535 -0.2322272477225575 0.5107917577529629 0
536 -0.2198688264754422 0.5077177259586521 0
537 -0.228401197729468 0.498602883150062 0
538 -0.216174704620002 0.4954189775280164 0
539 -0.2248223529615459 0.4861956592520201 0
540 -0.2124965144709615 0.4829480025922882 0
541 -0.2211603070275101 0.4736514670574428 0
542 -0.208780217810881 0.4703363902255937 0
543 -0.2181065382378689 0.4608184721447378 0
544 -0.205070359319244 0.457572809084602 0
545 -0.2139773451714257 0.4480481637106924 0
546 -0.2012116232457557 0.444675636811958 0
547 -0.2106843399125733 0.4349330956105593 0
548 -0.1974384094747363 0.4319611268187041 0
549 -0.1879848287992485 0.4414995806851352 0
550 -0.1841158560355104 0.4286771638443969 0
551 -0.1746307351289716 0.4382845119377584 0
552 -0.1706804653925315 0.4254386370487869 0
553 -0.1798371563469287 0.4148406767950332 0
554 -0.1611562627034363 0.4350242171857512 0
555 -0.1573338922555323 0.4215742002250778 0
556 -0.1476298182997625 0.4316363151059704 0
557 -0.1436321259641951 0.4186534058983938 0
558 -0.1339933957712398 0.4283731133965331 0
559 -0.1299253606083682 0.415531302674351 0
560 -0.1203222362730907 0.4250705600643859 0
561 -0.1162303766361591 0.4122192302913096 0
562 -0.1066587966959998 0.4217303691587413 0
563 -0.1025664560197027 0.4088641910113306 0
564 -0.09302343387067004 0.418361173872857 0
565 -0.08903581070185881 0.4051087052634291 0
566 -0.07944921909444527 0.4149271870852759 0
567 -0.07539705928559878 0.4021081683419945 0
568 -0.06590321342188717 0.411619361229738 0
569 -0.06201126175545492 0.3982707334347997 0
570 -0.0524359050311681 0.408201466359744 0
571 -0.04856281917029143 0.3948807172832819 0
572 -0.03900354326910983 0.404848126957256 0
573 -0.03512866564146593 0.3915923125609289 0
574 -0.02616155688203145 0.4013708051702957 0
575 -0.02185166687557294 0.3883251537540028 0
576 -0.01240476458289858 0.4004999866193866 0
577 -0.008400844140579079 0.38594708920813 0
578 0.001055060004474872 0.3952114017676436 0
579 0.004833453184644463 0.382292162585105 0
580 0.01411771642629602 0.3917260083646952 0
581 0.01800733438960161 0.3792116025406224 0
582 0.02722695764545867 0.3884998885322441 0
583 0.0310859026806484 0.3759905709135923 0
584 0.04027640501723209 0.3853580821849534 0
585 0.04408578357663934 0.3726731691888633 0
586 0.0532635219172605 0.3821454101414121 0
587 0.05707620595953422 0.369626402979286 0
588 0.06620116001232913 0.3789755577430955 0
589 0.06993277394367103 0.366235566239809 0
590 0.07907065103954354 0.3757645252660607 0
591 0.08278402192959344 0.3630709289988723 0
592 0.09189048648713993 0.3725934768205943 0
593 0.09546657125949964 0.3600600604278943 0
594 0.1046535061449295 0.3694770985932901 0
595 -0.1135382935997011 0.4010748873140543 0
596 0.1083009766266361 0.3570170611417175 0
597 0.1174324221794776 0.3663987453944826 0
598 0.1135787852990068 0.3783922061089048 0
599 0.1262959141294301 0.3751763401061282 0
600 0.1301578363136913 0.3632106109600272 0
601 0.1391239268265206 0.372653564097332 0
602 0.1428871661483747 0.3602320678249762 0
603 0.1336836968881004 0.3861045480107661 0
604 0.1477705749272249 0.3823413286468543 0
605 0.1443945421199518 0.3946574585134229 0
606 0.1572151357793417 0.3913724417292906 0
607 0.1534901204730016 0.4037375664549865 0
608 -0.0458553350068415 0.3823313596865981 0
609 0.1665020755691797 0.4003156212294844 0
610 0.1624281336170267 0.4128818039641942 0
611 0.1748464524426682 0.409907519556451 0
612 0.1708535373964849 0.4223962424598506 0
613 0.1836023904288187 0.4190101008572852 0
614 0.1879480485281108 0.4062597718706555 0
615 0.1796484613033581 0.4314214149199359 0
616 0.08651393798099644 0.350420049385366 0
617 0.1925810757993784 0.4282611152506652 0
618 0.188210172694918 0.4405979568978906 0
619 0.1760641096817064 0.4435088191583643 0
620 0.1846559004475745 0.4525374700871244 0
621 0.1967356044753045 0.4496344082494306 0
622 0.193203824655806 0.4614876136462114 0
623 0.1728318760161953 0.4551902006530229 0
624 0.2046619157558106 0.4591147966508395 0
625 0.2016344930866378 0.4704746537257536 0
626 0.02103883616946603 0.3675539585854848 0
627 0.01204322929482131 0.4039929222168636 0
628 0.2139661917885873 0.4672260489953187 0
629 0.2102460871535721 0.4792341124182394 0
630 0.2225477221909878 0.4759602537946822 0
631 0.2187192245644894 0.4880383178512819 0
632 -0.05712777220994721 0.4210474665595431 0
633 0.2305451506560005 0.4851774646450109 0
634 0.2269989666348411 0.4969442232302758 0
635 0.2338571910758547 0.4722901178142587 0
636 0.2152358018096575 0.4997693305276076 0
637 0.2235616466647227 0.5085446416390641 0
638 0.2353075486192843 0.5057193528304442 0
639 0.2318782651650956 0.5172924839127232 0
640 -0.2134196794784642 0.5294442100648511 0
641 0.243590173836594 0.5144926754075728 0
642 0.2401694170469938 0.5260350923235138 0
643 -0.2241198490197722 0.438595856395699 0
644 -0.1107006591501171 0.4348471904752851 0
645 0.2118156020376989 0.5113794059877953 0
646 -0.2404217216069136 0.5022234376692544 0
647 0.2518496320829671 0.5232322625079502 0
648 0.2484624779690189 0.5347298056529243 0
649 -0.2591185727923759 0.5621491334697524 0
650 0.2600906273721877 0.5319313602685087 0
651 0.2566775062826445 0.5433976017543012 0
652 0.2450911609435956 0.546192401329443 0
653 0.253285497630919 0.5548203123298769 0
654 0.2648557292738908 0.5520502554693706 0
655 0.2614639899470158 0.5634395355727232 0
656 -0.2699908608999483 0.6072916308167734 0
657 0.2730060873401147 0.5606935994475217 0
658 0.269625870967122 0.572058413050019 0
659 0.2417414513613878 0.5575905490204843 0
660 -0.2822950694175201 0.6521515717441536 0
661 0.2811443396231764 0.5693127265099207 0
662 0.2777686205425099 0.580650067062214 0
663 0.2892574568932815 0.5779056755690346 0
664 0.285865354697869 0.5892301545760308 0
665 0.2926543292854913 0.5665843066164302 0
666 0.2744071337511438 0.5919705880980402 0
667 0.2824970863985231 0.6005330172702349 0
668 -0.2948421291994366 0.6961673706993968 0
669 0.2710546314416499 0.6032626801402965 0
670 0.2791434757912683 0.6118050743827294 0
671 0.2905710979663382 0.6090896416802658 0
672 0.287211609916499 0.6203468519948818 0
673 -0.229706407229548 0.5759887163526997 0
674 0.2986327208103681 0.6176367887141172 0
675 0.2952669381234184 0.6288817153726233 0
676 0.2838538929039167 0.6315912917149756 0
677 0.2918964380776617 0.6401077131004345 0
678 -0.3071710508756451 0.7396582154143645 0
679 0.2805061651419273 0.642818487932188 0
680 0.2885284279689989 0.6513235986896443 0
681 0.2999081274364407 0.6486270513877332 0
682 0.2965395898410522 0.6598071301555783 0
683 0.285178057277706 0.6624929844456147 0
684 0.2931687403613461 0.6709888927624013 0
685 0.3052063385705631 0.6686706131832327 0
686 0.3009584326621745 0.6798101946670445 0
687 0.2898151228372405 0.6821266042281645 0
688 0.2977607829608803 0.6906700148169262 0
689 0.3087778398223326 0.6883015916269797 0
690 0.3056858720010965 0.6991485208801289 0
691 0.2944284758226774 0.7017635591729353 0
692 0.3023680987621192 0.7102076621746825 0
693 0.2910886575959598 0.7128228185431771 0
694 0.2990090647363179 0.7212737217018504 0
695 0.3100552013991532 0.7188941916403035 0
696 0.3068924121669597 0.7297904911279183 0
697 0.2956307243528158 0.7323676451328093 0
698 0.3035421308349803 0.7408654112225622 0
699 0.3148524845818605 0.7382417320794331 0
700 0.3114625756232481 0.7493368869001684 0
701 0.3001626867125545 0.751956644061605 0
702 0.3080605724754015 0.7604194557228283 0
703 0.2967773763408331 0.7630275017945555 0
704 0.3046717182064427 0.7714928125803711 0
705 0.293398970223122 0.7741006846941783 0
706 0.3012790839100493 0.7825792612869306 0
707 0.3125757333870687 0.7799714101062132 0
708 0.3091743744404578 0.7910515490220903 0
709 0.2978809815445792 0.7936572487038338 0
710 0.3057715042460241 0.8021257565588276 0
711 0.2944799774095833 0.804717238634643 0
712 0.157578635049705 0.8175687669334055 0
713 0.3023671401590671 0.8132032986873391 0
714 0.2910968662134579 0.8157757461578397 0
715 0.31367191321544 0.81061310819076 0
716 0.3102555065493281 0.8217100246707207 0
717 -0.2044263202948592 0.8314202854945664 0
718 0.3214390076241178 0.8192509845697501 0
719 0.3181332042441403 0.8302531197530953 0
720 0.06336064480735536 0.3926214973195396 0
721 -0.2418942199556773 0.6200990244908547 0
722 0.3293353668945019 0.827798803534972 0
723 0.3260421772025902 0.8388034135078377 0
724 0.2635172177497588 0.5204503026578662 0
725 0.337288117515091 0.8363240573666513 0
726 0.3396797619765097 0.8245189666018242 0
727 0.1644913720554801 0.8094819432537204 0
728 0.1680434729434101 0.8196334270810955 0
729 0.333974597343333 0.8473663068794925 0
730 0.3225025132264143 0.8494411993993541 0
731 -0.2557561850626767 0.6657287633877007 0
732 0.3452613981100197 0.8448561803495251 0
733 0.1614165791348498 0.8276579144867414 0
734 0.1717029962699148 0.8298760697800796 0
735 0.1648787385576173 0.8380297476166478 0
736 0.1753564765838988 0.8402495990273569 0
737 0.1682873779089077 0.8485399541747833 0
738 0.1789596114170044 0.8507309045562225 0
739 0.1718499895847863 0.85906593378163 0
740 0.1826091295078325 0.861254664766023 0
741 -0.2544733135471747 0.764709454007691 0
742 0.1750695460788569 0.811483782638732 0
743 0.3419246617028662 0.8559370954354706 0
744 0.3532303243240765 0.853425983113693 0
745 0.3498843585825053 0.8645233565319863 0
746 -0.1517574173015089 0.4443364869361726 0
747 0.3612435701333211 0.8619775484540441 0
748 0.1752620957430701 0.8697036743302561 0
749 0.1862511720565691 0.8718439751198335 0
750 0.2842736326257408 0.7650382889510428 0
751 0.3638638803657362 0.8500586077028112 0
752 0.3227886228502874 0.7467250280586771 0
753 -0.2202693880723485 0.4252126049769831 0
754 -0.2328512349183846 0.4280170588480353 0
755 -0.2296312233614979 0.4154385764051738 0
756 -0.2427094307047705 0.4187354475444783 0
757 -0.2391189483323336 0.4058249577310314 0
758 -0.25221078538268 0.4091405318396711 0
759 -0.248561366232028 0.3961914222125998 0
760 -0.2616198755783259 0.3995198805793883 0
761 -0.2579683254638234 0.3865489433732062 0
762 -0.2710279674521455 0.3898701895645248 0
763 -0.2673711567409084 0.3768854796495984 0
764 -0.2804280307191036 0.3802396540959448 0
765 -0.2768043776260558 0.367247414547933 0
766 -0.2637055336388096 0.3638809948530652 0
767 -0.2731755851987979 0.3541932263844967 0
768 -0.260017334246338 0.3508192292150216 0
769 -0.2695620643848071 0.3410763429090412 0
770 -0.2562930295569034 0.3376377022744513 0
771 -0.2659190428958088 0.3278554203767421 0
772 -0.2525866750454342 0.3243744875720738 0
773 -0.2622622652986343 0.3145637503097383 0
774 -0.2488939217118867 0.3110983155702254 0
775 -0.2585904402971371 0.3012697738829083 0
776 -0.2452229119982038 0.2977929405952424 0
777 -0.2549204724082835 0.2879813583225111 0
778 -0.2415782015939136 0.2845042243566565 0
779 -0.2839990391251098 0.3931968429532836 0
780 -0.2512958768008406 0.2747081048550811 0
781 -0.2381795384315258 0.2714527004355055 0
782 -0.2655145281071816 0.2776901511350153 0
783 -0.2475713420935816 0.2614770414559657 0
784 -0.2343810879265764 0.2580322322840399 0
785 -0.2439860114010485 0.248277212392737 0
786 -0.2308077279870799 0.2446425125291143 0
787 -0.2403305733846943 0.2350982437200777 0
788 -0.2271221120016068 0.2317204710131235 0
789 -0.2176713181798898 0.2413392293198271 0
790 -0.2140592486623727 0.2284084906376876 0
791 -0.2047402408366671 0.2381472265905782 0
792 -0.2011172520546112 0.2251202197752946 0
793 -0.1916739790756301 0.2349598239691147 0
794 -0.1881591413201304 0.2217953120507394 0
795 -0.1786743209125479 0.2316630633120121 0
796 -0.1752620069835019 0.2179772566347734 0
797 -0.1656234075012009 0.2282796922529144 0
798 -0.2104387363213791 0.2155446045968952 0
799 -0.162195905651023 0.2144721198847154 0
800 -0.1524755877482737 0.224898872945368 0
801 -0.148909665072072 0.2114355316832704 0
802 -0.1392190393582461 0.2215798969285055 0
803 -0.1356269808101983 0.2080461961277451 0
804 -0.1258923332215808 0.2181931772527133 0
805 -0.1223030902722302 0.2045750907896953 0
806 -0.1125092740803984 0.2147079335302397 0
807 -0.1088917311196292 0.2010358154816241 0
808 -0.09900641057957438 0.2112623819621067 0
809 -0.2792482583033348 0.3320708165215552 0
810 -0.1585184939808927 0.2017543891839837 0
811 -0.2933824685833511 0.3835997061217898 0
812 -0.2969356942355731 0.3964412207618285 0
813 -0.3062454489010497 0.3869123501598626 0
814 -0.3098287836084224 0.3996366989564399 0
815 -0.09539298488993321 0.1974770866627368 0
816 -0.08546289522398638 0.2074863163757886 0
817 -0.105419663721165 0.187462883519944 0
818 -0.08162489053835734 0.1935660229797673 0
819 -0.07142891709524581 0.2040066356401722 0
820 -0.3190118227791983 0.3902258036172958 0
821 -0.3225652888380326 0.4028551526478575 0
822 -0.116157237084217 0.2286793710950483 0
823 -0.1696062065099175 0.2426655807484687 0
824 -0.06760054983968369 0.1899573366122389 0
825 -0.05730546883224078 0.2003846260942689 0
826 -0.3316805138621823 0.3935196517076848 0
827 -0.3352127476789415 0.4060303550474798 0
828 -0.2356560003966125 0.3075816429612476 0
829 -0.06123663581000175 0.2144896527592535 0
830 -0.04701369060797867 0.2109177394752148 0
831 -0.04298186304426516 0.1966886190281212 0
832 -0.03265717271371615 0.2073071405275153 0
833 -0.02861093513916178 0.1929743542387035 0
834 -0.01826666034869713 0.2035102662935373 0
835 -0.01390240794077892 0.1886538533896054 0
836 -0.00380200477967343 0.199704903121396 0
837 0.0007516273882811702 0.184947927562036 0
838 0.01064873960584076 0.1960721577941078 0
839 0.01489064023600638 0.1819600447123853 0
840 0.02495367215844803 0.1925212068004843 0
841 0.02908684792728941 0.1788645518175432 0
842 0.03920478340050012 0.1890252864038595 0
843 0.04324202117353838 0.1751464559855706 0
844 0.05329139207491983 0.185396915213003 0
845 0.05735608096658425 0.1719522602794104 0
846 0.06727314021405559 0.1817538660404519 0
847 0.07121465298777394 0.1685074965906099 0
848 0.08095858629108429 0.1782049217076832 0
849 0.08487368698774736 0.1651635466299856 0
850 0.09448280956332963 0.1748003033513157 0
851 0.09829347470678597 0.1615188949790388 0
852 0.1078797552434143 0.1713415571515947 0
853 0.1116781245880543 0.1581283542378967 0
854 0.1211993298813603 0.1679454239225518 0
855 0.1174769991134186 0.1811418464344549 0
856 0.1307395919320321 0.1777677575505878 0
857 0.134467468450878 0.1646591522622526 0
858 0.1438997600786636 0.1744080381620541 0
859 0.1475764512676793 0.1613599529137238 0
860 0.1569796123301558 0.1710433537801567 0
861 0.1533605705242971 0.1840693327355656 0
862 0.1663940086730678 0.1806685901911431 0
863 0.1700057864264842 0.1677556512501016 0
864 0.1793545367423598 0.1773537834124915 0
865 0.175777588291191 0.1902100246409285 0
866 0.1886754986971177 0.1868888489199332 0
867 0.1851238230894992 0.1997016291413203 0
868 0.197993729493898 0.1963716888196617 0
869 0.2015494410822565 0.1835631891801986 0
870 0.2107117624660048 0.193194940103268 0
871 0.2072576978175312 0.2058449791785483 0
872 0.2199320263740117 0.2027069925045435 0
873 0.2165035545925937 0.2152826951858992 0
874 0.229259090562779 0.2120424368895401 0
875 0.2257459273638234 0.2246693191177833 0
876 0.238436907532587 0.2214326560671906 0
877 0.2348684984670223 0.2338676325057668 0
878 0.2475260312173576 0.2307692604004264 0
879 0.2444134342500636 0.2432538989762069 0
880 0.2566489129441059 0.2401056717601135 0
881 0.253612411009412 0.252655727053108 0
882 0.2656957153295277 0.2493910785685341 0
883 0.262232557316418 0.2617632799152337 0
884 0.2745818394693827 0.2585759533420033 0
885 0.2780649338902761 0.246231330682162 0
886 0.2711132150594515 0.270906512487387 0
887 0.2834718618075841 0.267752842945512 0
888 0.2800268769899638 0.2800012211098828 0
889 0.2923287362152837 0.276868474584 0
890 0.289061014061295 0.2888998230745174 0
891 0.3011725013503239 0.285911483769035 0
892 0.2979333506622437 0.2978731969919738 0
893 0.2140552583492327 0.1803711037269372 0
894 0.3099602648903413 0.2949264003262445 0
895 0.3065786310303766 0.3069860487903809 0
896 0.3133953228878607 0.2831375605657836 0
897 0.3186800399617624 0.3039334037819179 0
898 0.3153029613402798 0.3159407718148721 0
899 0.3273697046637021 0.3128564122952809 0
900 0.323999844911127 0.3248308272796751 0
901 0.3119672850042337 0.3279400042134859 0
902 0.3206707477833131 0.3367888937464541 0
903 0.3326721337290165 0.3336807985166655 0
904 0.3293132606763199 0.3456174027184338 0
905 0.3173667857319617 0.3487006849479062 0
906 0.3260677588397851 0.3578776231869228 0
907 0.3379213278051336 0.3544968487051047 0
908 0.3348567595591248 0.3667577102674507 0
909 0.268385034165653 0.2836664260179844 0
910 0.2231814645931596 0.2372675587346217 0
911 0.3141425118326372 0.3610336276774611 0
912 0.06315629043940205 0.1947145660895693 0
913 0.3465270483615131 0.3633000160391021 0
914 0.3432162259101808 0.3749955551278863 0
915 -0.05110796867126921 0.2249795847063389 0
916 -0.3442692054981989 0.3967568823539993 0
917 -0.3477320182807458 0.4091869446159178 0
918 -0.3387599137644042 0.4184431287100454 0
919 -0.3512072727380978 0.4216063719110253 0
920 -0.3422954920173554 0.4307700659804217 0
921 -0.3546329287688586 0.4338776685625088 0
922 -0.3458033361927949 0.4429924696946458 0
923 -0.3580622479830798 0.4461036710358549 0
924 -0.3492755078010377 0.4551205702717634 0
925 -0.3407765712565627 0.3842859042370237 0
926 0.00655982804974272 0.2105641143024214 0
927 -0.3619992754146302 0.4579869082499358 0
928 -0.3528287943377746 0.4671302033887531 0
929 -0.3654687306318951 0.4699741890621474 0
930 -0.3562915549151821 0.4790806215413645 0
931 0.3550569916419591 0.37201192893256 0
932 0.3517661249639161 0.3837494863487868 0
933 -0.02384435558897327 0.1773351502686085 0
934 -0.3682913395728189 0.4820996366276171 0
935 -0.3595499983674653 0.4910271651352058 0
936 0.2511266210298525 0.2183230044514581 0
937 -0.3715318737429232 0.4939978391222948 0
938 -0.3629461544449693 0.5028326686293159 0
939 -0.3532999441904519 0.3874923325765175 0
940 -0.3498498663781487 0.3750935486101932 0
941 0.35833717160396 0.3601795751009164 0
942 0.3401127518157789 0.3868079136320032 0
943 0.3485088711503118 0.3954723884062207 0
944 0.3368628617618517 0.3985622506139833 0
945 0.3452823120928988 0.4072023385330104 0
946 0.357011578927904 0.4042198512524125 0
947 0.353769003990946 0.4158765613504876 0
948 0.3420273513879681 0.4189091583624394 0
949 0.3505360918012277 0.4275475648666344 0
950 0.01866020381493966 0.1678430816787541 0
951 -0.2645825280247005 0.6989341812339246 0
952 -0.2536160801770144 0.2384916846048465 0
953 -0.2498707836686712 0.2253012331873119 0
954 -0.2632273996156849 0.2286534278135097 0
955 -0.259441432510102 0.2153496621634758 0
956 -0.2729083529473335 0.2187251048056068 0
957 -0.268986265119076 0.2051795495110258 0
958 -0.2827022423419083 0.2086869382106588 0
959 -0.2787138663999062 0.1949485907863887 0
960 -0.2925695276590686 0.1985414129327981 0
961 -0.2963402181516773 0.2121608644574844 0
962 -0.3062615033555565 0.2021430970792795 0
963 -0.3099672430536734 0.215662830653637 0
964 -0.3198090053150607 0.2057434719730169 0
965 -0.3235060041571454 0.2190900572110556 0
966 -0.3332077961035045 0.2093020216446371 0
967 -0.3368639649006459 0.2225007088945773 0
968 -0.2886637786835814 0.1847215211501466 0
969 -0.2746742975614478 0.1810910118548913 0
970 -0.3464881322435769 0.2127897766957496 0
971 -0.3500448417885443 0.2259290993565542 0
972 -0.3433854148458493 0.2000061394409416 0
973 0.05972147883479108 0.1595534174346691 0
974 -0.3748291621914082 0.5058056731274164 0
975 -0.3663293451160171 0.5145664767848899 0
976 0.3622582617006765 0.4245154444958457 0
977 0.3590374983004022 0.4361678794022582 0
978 0.3387989272642083 0.430597642839502 0
979 0.3668572046213122 0.3689991352115949 0
980 0.3701397691584832 0.3571864821855724 0
981 -0.2847478986052731 0.1708026734960985 0
982 -0.2707441724955144 0.1671956642019852 0
983 0.3578639897263358 0.8731133601760084 0
984 0.3466183208927682 0.8757789796095998 0
985 0.1865228299398534 0.8431988581225208 0
986 -0.3563035085944413 0.2031010954865931 0
987 -0.3781075654770678 0.5175578549422483 0
988 -0.3696447034821549 0.5262790630133566 0
989 0.3692269843168465 0.8705790994002057 0
990 -0.3622934405788344 0.3783147098453057 0
991 -0.3588818115118875 0.3659299131914795 0
992 -0.3531513074621387 0.1901847471511444 0
993 -0.3813856388943074 0.5292384766673786 0
994 -0.3729893538333431 0.5379052836468472 0
995 0.1020690652238021 0.1482229631492758 0
996 -0.3671502099311532 0.4363193840543745 0
997 0.1788793478019526 0.8802651092839546 0
998 0.1677990891892836 0.8781670718283224 0
999 0.1899275520959777 0.882401091845596 0
1000 0.1973051960563799 0.8739459734179067 0
1001 0.2009843774537132 0.8846330403626923 0
1002 0.2084192688436408 0.8760404210657344 0
1003 0.2121297477504988 0.8867929843850521 0
1004 -0.2807600946361482 0.1568264455555841 0
1005 -0.2668466044873643 0.1533266178116685 0
1006 -0.2768598494439229 0.1429995582700851 0
1007 -0.2630226165553428 0.139510525531195 0
1008 0.1402362558138923 0.4089144574877459 0
1009 -0.3546090409625234 0.5116394142364689 0
1010 0.3707369556038119 0.4331352951624304 0
1011 0.3675173676407565 0.4447696442109104 0
1012 0.3658337121477055 0.8817277546104023 0
1013 -0.3846759604892239 0.5408475504134609 0
1014 -0.3762853777276733 0.5494756321913712 0
1015 -0.3646309358610945 0.5465559371053534 0
1016 -0.367922905715648 0.5580939078355023 0
1017 -0.3795394228746368 0.5610104071647566 0
1018 -0.3712154178495677 0.5695900025499412 0
1019 -0.3827819302819311 0.5725017875577336 0
1020 -0.3745096194566127 0.5810526723418504 0
1021 -0.3860610836095011 0.5839552121003363 0
1022 -0.377784347823781 0.5924842284037455 0
1023 0.2195877035696586 0.8781597146548933 0
1024 0.2233156383903052 0.8889622695093873 0
1025 -0.3371669707549569 0.4520521475956668 0
1026 0.3772578314706439 0.8791623966266628 0
1027 -0.3712706421450439 0.369147186922984 0
1028 -0.3678615374331732 0.3567872596895761 0
1029 -0.377853956146594 0.473074089180953 0
1030 0.3786370478209976 0.3659103798738912 0
1031 0.3819163065479887 0.3541734775267599 0
1032 -0.3894583362009698 0.595362964160717 0
1033 -0.3811734976023919 0.6038624473811558 0
1034 -0.3695870138114639 0.6009975127688418 0
1035 -0.3726743242197258 0.6124044085280352 0
1036 -0.3843662589891181 0.6152332144232269 0
1037 -0.375886650894696 0.6237471656299958 0
1038 -0.3874559347034855 0.6265739723708992 0
1039 -0.3790316316669158 0.6350762623353556 0
1040 -0.3906836557016293 0.6378619812979159 0
1041 -0.3822488312242242 0.6463583216890907 0
1042 -0.3939012270529396 0.6491652637604949 0
1043 -0.3857021860479034 0.6575509636523224 0
1044 -0.3660578770354533 0.193083051844464 0
1045 0.1922544612125815 0.8926649152224424 0
1046 0.373832006116411 0.890356801910075 0
1047 0.3791880932526113 0.4417419331136745 0
1048 0.3759719105326261 0.4533601984906824 0
1049 0.3643145084351518 0.4563912860515806 0
1050 0.3727730879957528 0.4649644486472738 0
1051 0.3611234980597631 0.4679976508197517 0
1052 0.3695703651960223 0.4765582375446334 0
1053 0.3579351424842039 0.4795881520548815 0
1054 0.3663842216049761 0.4881559665212054 0
1055 0.3779943404881776 0.4851241964418302 0
1056 0.3748224337487247 0.4967063385940143 0
1057 -0.3970479360998201 0.6603979016182419 0
1058 -0.3889546062773431 0.6687810359224825 0
1059 -0.3405505061157095 0.2355794465846623 0
1060 -0.3536033790986995 0.2389621240939233 0
1061 -0.2729083698708695 0.129211007096646 0
1062 -0.2591335177013191 0.1258837723757824 0
1063 -0.2869598535169516 0.1326120563575826 0
1064 -0.2495135894031023 0.1358055842001159 0
1065 -0.2456576922299966 0.1225149893221678 0
1066 0.2308173341070459 0.8802482341452604 0
1067 0.2345493645732807 0.8911309715498064 0
1068 -0.356281522243307 0.5551819856093442 0
1069 -0.3624093004315011 0.1796580179958801 0
1070 -0.2040539179384459 0.4924237568982802 0
1071 -0.3442284316077201 0.248544136799605 0
1072 -0.357162537133615 0.2518927354721266 0
1073 -0.2362422444342111 0.1322023874992219 0
1074 -0.2324270458356802 0.1193193496279158 0
1075 -0.2231120572845285 0.1289453666376328 0
1076 -0.2194027168937591 0.1161444322606328 0
1077 -0.2101564233646549 0.1256713087912647 0
1078 -0.2064870200290753 0.1129716193572023 0
1079 -0.1972988267746285 0.1224584613225606 0
1080 -0.1936764277038148 0.1097933365605297 0
1081 -0.1845158744921003 0.1192450196641052 0
1082 -0.1809132393401504 0.1066332960266452 0
1083 -0.2285465522001495 0.106850149126318 0
1084 0.3548065755757178 0.4911946715586509 0
1085 -0.171792616583462 0.1160495421181787 0
1086 -0.1682019516274542 0.1034875115953077 0
1087 -0.1591050154098731 0.1128780289380549 0
1088 -0.1555579036168717 0.1003326552090518 0
1089 -0.1464323710676256 0.1097204148035019 0
1090 -0.1428595477233974 0.097128683579943 0
1091 -0.1336822923529789 0.1065961363903006 0
1092 -0.3478553523686324 0.2614313335870543 0
1093 -0.3608016539224066 0.2644310733919057 0
1094 -0.3700292839018957 0.2552612986719051 0
1095 -0.3735888737574087 0.2677801795126516 0
1096 -0.3827186075126022 0.2586101431857687 0
1097 -0.3862562984524511 0.2709042522142221 0
1098 -0.3802207610794661 0.3600239923129687 0
1099 -0.3836158929684639 0.3722916613228898 0
1100 0.3851587668064993 0.8876813700637346 0
1101 0.3882202215038385 0.8757916054626005 0
1102 -0.3867112160815128 0.5087433603611223 0
1103 0.387626771942651 0.4503340519972446 0
1104 0.3908433007739522 0.438739017450611 0
1105 0.2833086301102208 0.8076151138318433 0
1106 -0.3741492620259567 0.6549832536472039 0
1107 0.2270612871361629 0.8694311215562061 0
1108 0.3007777413272859 0.5751770138519782 0
1109 0.3863860983977961 0.493674928865358 0
1110 0.3832121444143149 0.5052250443665823 0
1111 0.3463266682659957 0.4826208336510791 0
1112 -0.3612187138523651 0.6095319197491682 0
1113 -0.400455533348527 0.6716907872077722 0
1114 -0.3922059878084309 0.6800215430519383 0
1115 -0.1954393697516708 0.8006633769934659 0
1116 -0.2827699054422657 0.11858780938892 0
1117 -0.2362362824421195 0.3929668319413098 0
1118 0.3818390645546571 0.8989742571823999 0
1119 0.370356649858084 0.9016048172698721 0
1120 -0.3759598128845159 0.1829524166626051 0
1121 0.3041667944601804 0.5638482327776428 0
1122 0.3123076864929846 0.5724309883949952 0
1123 -0.2972810707607336 0.1221035691445017 0
1124 0.3904387788785373 0.3629688530308158 0
1125 0.393599174524186 0.3511538255150806 0
1126 0.2420870710503356 0.8823989517743662 0
1127 0.2458239460393048 0.8933215753155896 0
1128 0.2382847310167601 0.9020136134084511 0
1129 0.2494118994113846 0.9040558740704194 0
1130 0.3930965457252376 0.8959010918807239 0
1131 -0.3723551167850184 0.1689334293760294 0
1132 -0.3943407596558038 0.5754040744873198 0
1133 -0.4040360219577071 0.6830949784586995 0
1134 -0.3953705995511082 0.6912181815442978 0
1135 -0.3840949199468431 0.6883907959236555 0
1136 -0.3872704639851223 0.6995658972424004 0
1137 -0.3986989221826749 0.7025484759885192 0
1138 -0.3904870273729189 0.7107625573047511 0
1139 -0.4017153854936013 0.7135669271061963 0
1140 -0.3936385128247941 0.7219052812970956 0
1141 -0.4049359095784857 0.7247439554392026 0
1142 -0.3968224366098715 0.7330751782205739 0
1143 -0.376020834306224 0.6967373316964084 0
1144 -0.2461747067884633 0.4317700560249861 0
1145 -0.3953043566609236 0.2619308348245134 0
1146 -0.3987269463069899 0.2743039505712548 0
1147 -0.1772392557536709 0.09409189001828207 0
1148 0.385177272476875 0.3424822466701686 0
1149 0.3969003167867953 0.3394641085528796 0
1150 0.3885038986234109 0.3308098313866192 0
1151 0.400138546047466 0.3277658342172733 0
1152 0.391775689611536 0.3191163734675829 0
1153 0.4034918104780455 0.3160950283035533 0
1154 0.3951221288964176 0.3074313843127739 0
1155 0.2571167237724495 0.8954442287899586 0
1156 0.2609772561801483 0.9082318276899742 0
1157 0.3947818196355973 0.5022093432488957 0
1158 0.3915918435953644 0.5137416975354681 0
1159 0.380034661846825 0.5167614423012826 0
1160 0.388411822477632 0.5252668912807055 0
1161 -0.1300364438040999 0.09373656941192533 0
1162 -0.1207052938887549 0.1034565173416199 0
1163 -0.392514491056191 0.3632116635623645 0
1164 -0.3959002280113774 0.3753866244538546 0
1165 -0.4080715215244347 0.7359019028512379 0
1166 -0.3999652412129331 0.744210993710913 0
1167 -0.3888969923989255 0.7413613060764491 0
1168 -0.391937385014235 0.7525487804788288 0
1169 -0.403144349652273 0.7553621562036237 0
1170 -0.3950683107849542 0.7636940842030822 0
1171 -0.3837546937536143 0.760308510594472 0
1172 -0.3869175167830473 0.7716239230621158 0
1173 -0.3981936931335198 0.7747824335910816 0
1174 -0.3901075913586602 0.7830733711979823 0
1175 -0.3789685619139257 0.7796137021981698 0
1176 -0.3820519928997773 0.7913315337219685 0
1177 -0.3932643241868402 0.7942791202906753 0
1178 -0.3851537320048782 0.8025766232161518 0
1179 -0.373914085324151 0.7997206231254137 0
1180 -0.3770400241338927 0.8108755840374462 0
1181 -0.3657929729509323 0.808048104282914 0
1182 -0.3689144398730584 0.8191730357161855 0
1183 -0.3801474907137286 0.822049892087886 0
1184 -0.3720375801820879 0.8303259378071047 0
1185 -0.3608073960354746 0.82742972480195 0
1186 -0.3639212640928494 0.8385938013225319 0
1187 -0.3527112614230622 0.8356874762977126 0
1188 -0.3558018678225534 0.8468516131128621 0
1189 -0.3670325731230168 0.8497653505433634 0
1190 -0.3588956026846315 0.8580413891790318 0
1191 -0.3476656194345978 0.8551296755849729 0
1192 -0.3701462764017728 0.8609634557847482 0
1193 -0.3507553740537374 0.8663091928045976 0
1194 -0.3395303300767637 0.8634109355191445 0
1195 -0.3426224979415562 0.8745723877665359 0
1196 -0.3314042567009726 0.8716841748043054 0
1197 -0.3344627810002317 0.8827967376505743 0
1198 -0.3232803933131532 0.8799378536568209 0
1199 -0.3455360271802197 0.8858972945137631 0
1200 -0.3263599033873802 0.8910055958283851 0
1201 -0.3151711121275179 0.8881425989771248 0
1202 -0.3121001921629089 0.8770487677900063 0
1203 -0.304025394180905 0.8852571215113401 0
1204 -0.3070713201188707 0.8963618660717756 0
1205 -0.2959021042445073 0.8934520472219221 0
1206 -0.2989758379397384 0.9045816304208283 0
1207 -0.2877769691569147 0.901658842308821 0
1208 -0.3009783555962404 0.8741786437556298 0
1209 -0.3520297935449987 0.2758576431390947 0
1210 0.3783989264788051 0.910246230952989 0
1211 0.3668899726442112 0.9128730775548468 0
1212 0.3999681146975705 0.5222589575306047 0
1213 0.396783677112134 0.5337709236080372 0
1214 0.3852451694457214 0.53677305259573 0
1215 0.3936093408882801 0.5452646906077125 0
1216 0.3431783760668761 0.4942054773952245 0
1217 0.3347118768832452 0.4856468150814348 0
1218 0.3992715893449726 0.4473170641276875 0
1219 0.4024791811394273 0.4357453686511189 0
1220 -0.3864033013554765 0.1727773737820689 0
1221 -0.3992285131285141 0.6294458595337273 0
1222 -0.3907476131129084 0.1881345924541277 0
1223 0.4068058720757133 0.3043822202245803 0
1224 0.3983569659969267 0.2956988632472697 0
1225 0.3820819397670879 0.5482661795175116 0
1226 0.3904414291127212 0.5567394431982771 0
1227 0.2418156090357342 0.9127517914093822 0
1228 0.4019600933677578 0.5537480820343735 0
1229 0.3987959716470525 0.565209666076312 0
1230 0.3872877482957751 0.5682051034306738 0
1231 0.395635361509505 0.576664146594573 0
1232 0.3841468455830492 0.5796591552993023 0
1233 0.392474632391563 0.5881060478058859 0
1234 0.3810066117902249 0.5910988441832703 0
1235 0.3893246404233504 0.5995385160369727 0
1236 0.3778669754599335 0.6025248776762053 0
1237 0.3861741643559635 0.6109513701551021 0
1238 0.3747290206012033 0.613930866303652 0
1239 0.3830317750773411 0.6223486925207871 0
1240 0.3944729025309662 0.6193745431389732 0
1241 0.3913301844126199 0.6307689176594592 0
1242 0.3798978872073613 0.6337395071329875 0
1243 0.3881872263076073 0.6421467085118883 0
1244 0.3767676456226868 0.6451152874399824 0
1245 0.3850462541526689 0.653515727483677 0
1246 0.3964686546954481 0.6505507783639279 0
1247 0.3933216877082858 0.6619208030964595 0
1248 0.3819139755398318 0.664879666743077 0
1249 0.3901812213644396 0.6732729871313716 0
1250 0.378784873005621 0.6762294334599624 0
1251 0.3870413761721026 0.6846167032448855 0
1252 0.3984340508468469 0.6816647086577506 0
1253 0.3952944848392106 0.6930064393111011 0
1254 0.3839057302266748 0.6959606435869562 0
1255 0.3921553352045716 0.7043440247889846 0
1256 0.4035464088221406 0.7013951774375624 0
1257 0.4004009996388566 0.7127334984702871 0
1258 -0.3554256557111569 0.3535494885885109 0
1259 0.2685152834124383 0.8979209471992047 0
1260 0.2723132240295759 0.908602316956441 0
1261 0.3890168674157341 0.7156802611081536 0
1262 0.3972560937023661 0.7240657215382693 0
1263 -0.2908643504369143 0.9128067011275943 0
1264 -0.279679435774604 0.9098814887954587 0
1265 -0.276593548231622 0.8987499481927564 0
1266 -0.2685268678900542 0.9069394115112388 0
1267 -0.2654724417769497 0.8958576520452014 0
1268 -0.2574118789155818 0.9040126591959311 0
1269 -0.3020734296356121 0.915723687629816 0
1270 0.4021101334001937 0.3598699544200864 0
1271 -0.3825460282570092 0.1587550291804013 0
1272 -0.2544032883873806 0.8929580811935358 0
1273 -0.246340360012642 0.9010929042244606 0
1274 -0.249347608610591 0.9121599212476459 0
1275 -0.2382587902419149 0.9092363621984038 0
1276 -0.2352975876910515 0.8981733264853863 0
1277 -0.2272035737673161 0.9062949867574563 0
1278 -0.22424265351287 0.8952718407234312 0
1279 -0.2161790975607728 0.9033599045179629 0
1280 0.3155787613557886 0.5615615927342237 0
1281 0.4101028993542233 0.292644755384839 0
1282 0.4017075378559287 0.2839666625339561 0
1283 0.4134019689121149 0.2809136340772541 0
1284 0.4048460411735987 0.2721581259645905 0
1285 0.3931944675159998 0.2751535413135608 0
1286 0.396159858005653 0.2633049552161225 0
1287 0.4083663825943089 0.2600276319928271 0
1288 0.3996309679786508 0.251042205612851 0
1289 0.3871863229845372 0.2543509223420335 0
1290 0.3907447814166135 0.241829126025116 0
1291 0.3781069735931591 0.2452158821295581 0
1292 0.381524344302411 0.2325277186405634 0
1293 0.3944337974996697 0.2292430149786426 0
1294 0.3851067574534833 0.219590847686023 0
1295 0.3719519981111296 0.2229424045265403 0
1296 0.3756109563002557 0.2097059501441933 0
1297 0.3621846175192123 0.2131855707206967 0
1298 0.3658760861002354 0.1996795049168502 0
1299 0.379531562266745 0.1962063411410234 0
1300 0.3697185793558644 0.185966520362373 0
1301 0.3558064675953738 0.1894622951592521 0
1302 0.3591614552166199 0.1760129269372175 0
1303 0.3453417376630695 0.1790807613891056 0
1304 0.3739728406692499 0.1718298557114724 0
1305 0.3497651182466696 0.164249730917562 0
1306 0.3350713810267967 0.1683026623326422 0
1307 0.3386405386915735 0.1536874730851357 0
1308 0.3243812676314693 0.1575535922362511 0
1309 0.3286771948899716 0.1430098482985588 0
1310 0.3138506807555242 0.1467294770272978 0
1311 0.3181755670766516 0.1320345310280335 0
1312 0.303194457442825 0.1356731506864736 0
1313 0.307547805996697 0.1209803977736856 0
1314 0.2927610454782521 0.1246319853288143 0
1315 0.2969156109283716 0.1100969159515438 0
1316 0.2824074493620722 0.1136375245210467 0
1317 0.343686847838702 0.1394366982368803 0
1318 0.2798772312935733 0.8183771213990202 0
1319 0.2721223689702265 0.8102739494838926 0
1320 -0.213200411101084 0.8923797223893414 0
1321 -0.2051653741944185 0.9004444872814279 0
1322 -0.2081320072420998 0.9114358412880889 0
1323 -0.1971118425763758 0.9085043308633428 0
1324 -0.1941505866747375 0.8974873299445352 0
1325 -0.1861034638952701 0.9055544196496698 0
1326 -0.1831832627553008 0.8944534080127382 0
1327 -0.1751240965500359 0.9025904976476851 0
1328 -0.1722130888461265 0.891500193772359 0
1329 -0.1641514851485548 0.8996557971124687 0
1330 -0.1612085917486032 0.8886849831450104 0
1331 -0.1531435287744032 0.8967453115740009 0
1332 -0.1561022293731527 0.9077694837667313 0
1333 -0.145041441517226 0.904833078068971 0
1334 -0.1421215335960428 0.8937169646914611 0
1335 -0.1339336367892749 0.9018878806935829 0
1336 -0.1309401056883223 0.8907164191969443 0
1337 -0.1227384307827848 0.8989188704242311 0
1338 -0.1197330194267482 0.8876760172215736 0
1339 -0.11148889442957 0.8958899872829391 0
1340 -0.1145172059800804 0.9071660310879919 0
1341 -0.1032319535175024 0.9041352386623291 0
1342 -0.1002144085214492 0.8928533789392596 0
1343 -0.09193038382556552 0.9011072176512196 0
1344 -0.08891491170591675 0.8897879564997756 0
1345 -0.08060334524604043 0.8980616355632628 0
1346 -0.08363828950714926 0.9094025699845593 0
1347 -0.07229084513528472 0.9063645292642871 0
1348 -0.06925421571448551 0.89500220237314 0
1349 -0.06092745035152048 0.9033169593678767 0
1350 -0.05789017924722042 0.8919422149636369 0
1351 -0.04954957633918772 0.9002640168813305 0
1352 -0.05259486110688612 0.9116512577146305 0
1353 -0.04120393741784086 0.9085960905586119 0
1354 -0.03816118761893449 0.8971969425464529 0
1355 -0.02980551032585113 0.9055290289431404 0
1356 -0.02676103178092908 0.894119758849073 0
1357 -0.01839881118394278 0.9024609770840564 0
1358 -0.0153518015419202 0.8910506239904661 0
1359 -0.006985498980036586 0.8993991936531857 0
1360 -0.01002976193280163 0.9107987472096573 0
1361 0.001386405142414635 0.9077383005524926 0
1362 0.0044380964074689 0.8963212961602383 0
1363 0.01281271761286688 0.9046768274841832 0
1364 0.01586405001250554 0.8932441931610449 0
1365 0.02423911318298875 0.9015968479583003 0
1366 0.02728801894153259 0.8901665576808453 0
1367 0.03566503033824342 0.898520078104514 0
1368 0.009768162021916243 0.9160825418574091 0
1369 0.4039364181226012 0.5851298935154721 0
1370 -0.1170276789874488 0.09033500952294922 0
1371 -0.1074976027329455 0.1002616890664194 0
1372 -0.1034220641865737 0.6862191259181426 0
1373 -0.1145459613989963 0.6835561419195666 0
1374 -0.106590998632713 0.6750952850373306 0
1375 -0.1180197291295581 0.6723818686343214 0
1376 -0.1099726019333549 0.6640750563550365 0
1377 -0.121424484601993 0.6610800008429933 0
1378 -0.1120580050553931 0.6514290451236255 0
1379 -0.1246646595285065 0.6494633593483501 0
1380 -0.1166037431459348 0.6409648572003643 0
1381 -0.1330008878641138 0.658304059997682 0
1382 -0.1282725262427598 0.6381036601612051 0
1383 -0.1199811839937197 0.6293855111137867 0
1384 -0.1087327065553493 0.6317344194832236 0
1385 -0.111721184866147 0.6204853612557285 0
1386 -0.09988172400269336 0.6233416406323813 0
1387 -0.103262706091152 0.6116693224133135 0
1388 -0.09094236354462105 0.6148548096086441 0
1389 -0.09471871669162155 0.6028063178767622 0
1390 -0.08231436411525364 0.6060125878468989 0
1391 -0.08617514072513692 0.5938371877488589 0
1392 -0.07406730341248663 0.5967678763952184 0
1393 -0.07765592948500645 0.5847561501541139 0
1394 -0.06550772835701708 0.5876868339608514 0
1395 -0.06906747194691618 0.5756629927018275 0
1396 -0.0568803109679111 0.5785964345918888 0
1397 -0.08121640028478518 0.5727738127377755 0
1398 -0.06042793178221115 0.5665640411220352 0
1399 -0.04821242226699791 0.5694993895043138 0
1400 -0.05177568099114789 0.557431056358506 0
1401 -0.03954735787712498 0.5604075965337602 0
1402 -0.03600697203143209 0.5724439862044669 0
1403 -0.02735651051829166 0.5633903828723132 0
1404 -0.02385483976789874 0.5753943341474608 0
1405 -0.01521255931998758 0.5663620999961902 0
1406 -0.01870778838680226 0.5543433729796139 0
1407 -0.006181252425538392 0.5572182970809252 0
1408 -0.003021021348097617 0.5692922551627905 0
1409 0.006126243304660378 0.560319460426622 0
1410 0.009124038279032328 0.5722462146941227 0
1411 0.01762278703546917 0.5633239157734047 0
1412 0.02103931201502856 0.5752287488342682 0
1413 0.02959294097868251 0.5663348598394589 0
1414 0.02686910442902917 0.5544771531463357 0
1415 0.03827783861173901 0.5574771005751522 0
1416 0.04154011073511185 0.5693374351062302 0
1417 0.05013645351815101 0.5604436120913978 0
1418 0.04677163915773243 0.548603759953522 0
1419 0.05851760731892654 0.5523030021837947 0
1420 0.06201510189165296 0.5635267600873819 0
1421 0.07051782602917656 0.5548081121463171 0
1422 0.07385453073345989 0.566417951853438 0
1423 0.06663525842134198 0.542380906537152 0
1424 0.0823293547428848 0.5577309412732008 0
1425 0.08563182633318145 0.5693637826687554 0
1426 0.0940553069906796 0.560720381754498 0
1427 0.0972878235136754 0.5723209729663596 0
1428 0.08894634946488808 0.5808809043083704 0
1429 0.1005325048925852 0.5837913807079094 0
1430 0.1088363111731536 0.5752986203972209 0
1431 0.1121037229653882 0.5864625913578599 0
1432 -0.1150937651712097 0.6088952755026278 0
1433 -0.009591528162370695 0.5451502626873249 0
1434 0.1203124235320169 0.5782161746850873 0
1435 0.1235605650395952 0.5893190225133449 0
1436 0.1317362412620521 0.5811356787397384 0
1437 0.134884067446625 0.5924515788065783 0
1438 0.1285698970741845 0.5698217955377439 0
1439 0.09225020539210479 0.5923120897538647 0
1440 0.0125159903184087 0.5840980385537117 0
1441 0.1269548426092301 0.6020486488460925 0
1442 0.1387481641655026 0.6037601903849237 0
1443 0.146321099673515 0.5954195609836253 0
1444 0.14945909668345 0.6066636173876016 0
1445 0.1415704927253271 0.6148869091730227 0
1446 0.1525445167827093 0.6178350491041367 0
1447 0.160602224945573 0.6095727069252386 0
1448 0.1636865072145064 0.6207512756354232 0
1449 -0.07022886541305387 0.6086652539415877 0
1450 0.1718110150512748 0.6124829096368619 0
1451 0.1748598688429844 0.6236627670587542 0
1452 0.1667696612254734 0.6319198937344169 0
1453 0.177914269089188 0.6347987768986334 0
1454 0.1699081060827273 0.6429960664036285 0
1455 0.1809691539433228 0.6458493090581436 0
1456 0.172957355495128 0.653983892288887 0
1457 0.183993812689957 0.6568487137365402 0
1458 0.1920220886636564 0.6487292535131761 0
1459 0.1950541369757653 0.659734352791544 0
1460 0.187025847897966 0.6678440955181238 0
1461 0.1980660063363346 0.6707309558017185 0
1462 0.1829872934115241 0.6153928104690143 0
1463 0.1799389092491734 0.6042052335832793 0
1464 0.1900654131845077 0.6788372066387143 0
1465 0.2010763898143422 0.6817141525794834 0
1466 0.193088831512354 0.6897962642842592 0
1467 0.203861895757476 0.6924556383118865 0
1468 0.1960713056216938 0.7007046906604228 0
1469 0.2067719801366061 0.703513565662349 0
1470 0.1990960951523433 0.7116706021018617 0
1471 0.2099726478273571 0.7146783678325634 0
1472 0.2021086494791831 0.7225988073997961 0
1473 0.1619496385648339 0.6511676016413921 0
1474 0.2130411998148475 0.7254623980779794 0
1475 0.2051243515549209 0.7334747821091245 0
1476 0.2160351252888301 0.7363212786017779 0
1477 0.2081230401617951 0.7443389353394371 0
1478 0.2030918067484027 0.6516030775372943 0
1479 0.2190104442921636 0.747172142594733 0
1480 0.1911798173030578 0.6071056686366596 0
1481 0.1880913288860124 0.5958923356122185 0
1482 0.2121765606642272 0.6844970398578187 0
1483 0.2111129527749838 0.7551598723257837 0
1484 0.2219807892680176 0.7580050580557706 0
1485 0.2208811776305367 0.7168101369036395 0
1486 -0.139258117179032 0.08442891356817833 0
1487 -0.2000601573712481 0.9195467603313414 0
1488 -0.2928916805153687 0.1075387191712089 0
1489 -0.307277328975614 0.1106171894572962 0
1490 0.1821193256667961 0.6868455589925015 0
1491 0.3315256963656998 0.497214422310784 0
1492 0.323087069056755 0.488669026576014 0
1493 -0.3966213105522686 0.1626429311895787 0
1494 -0.1500099388875516 0.1223251019601394 0
1495 -0.300587054055153 0.4088110083535618 0
1496 0.03871135914926718 0.8871039046807097 0
1497 0.04707450091210109 0.8954491886390615 0
1498 0.04403041987535283 0.9068586847864598 0
1499 0.05543837690192899 0.9037837328081354 0
1500 0.0584736497195352 0.8923909810316585 0
1501 0.06682275003809379 0.900709637929794 0
1502 0.06985149046614658 0.88934198289475 0
1503 0.07817327334772046 0.8976581606020939 0
1504 0.07515813575169683 0.9090041796547933 0
1505 0.08648210857589439 0.9059430872022478 0
1506 0.08949334170259556 0.8946250647895285 0
1507 0.09815188152402522 0.9024788089103082 0
1508 0.1007986327596598 0.8915980514916647 0
1509 0.09482971815229153 0.9141262125613122 0
1510 0.1060555560046985 0.9111632113964904 0
1511 0.3858781451153864 0.7270035293240438 0
1512 0.3941115919356966 0.7353880182823533 0
1513 0.4054912111536398 0.7324535284835295 0
1514 0.402346426055082 0.7437777751782885 0
1515 0.3909671864740472 0.7467116605640631 0
1516 0.3991959196731307 0.7550992066283283 0
1517 0.3878234675744463 0.7580338762810197 0
1518 0.3960454310749634 0.7664177812505398 0
1519 0.4105858192843538 0.7522110215704503 0
1520 -0.2011551195804556 0.1354001318460643 0
1521 -0.3891429222909316 0.3510089254957548 0
1522 -0.4013922505519895 0.3542021922694921 0
1523 0.3846785753456599 0.7693527747785032 0
1524 0.3929010579436779 0.7777354186520636 0
1525 -0.4077107925411634 0.265198544526884 0
1526 -0.4115745493449158 0.2777764627431072 0
1527 0.2799106296049399 0.8998725178264181 0
1528 0.2837294136587336 0.9108112824507222 0
1529 0.2760997273294324 0.8888873916582433 0
1530 -0.147748553527195 0.9158321865602956 0
1531 0.2864273585366392 0.09934483042441652 0
1532 0.2721604528636956 0.1028598026921525 0
1533 0.2883815233779226 0.1390717447835331 0
1534 -0.4085763161186333 0.6631925020539786 0
1535 0.3203454071221156 0.1719880180479484 0
1536 -0.04424600777985963 0.9199927692323475 0
1537 -0.4780775910287706 0.9538504852328735 0
1538 0.4465553886231668 0.9852979878145964 0
1539 0.2765151290449156 0.9196202145698578 0
1540 0.2876212676014978 0.9218220499116324 0
1541 -0.241276006494189 0.9203016161854845 0
1542 0.2140880313353096 0.7659720370029042 0
1543 0.3749277630441237 0.9215253589204805 0
1544 0.3634065368308233 0.924149777271201 0
1545 0.4108884260385495 0.4442969911214887 0
1546 0.4140904104536719 0.4327427425140436 0
1547 -0.2939237091553513 0.9239949808003587 0
1548 -0.305182758727334 0.9269165243813415 0
1549 0.2299043173407861 0.7500092144091562 0
1550 -0.4133936638476997 0.7167504401568974 0
1551 0.1030470534483888 0.9224389061549966 0
1552 0.1142193908268474 0.9195219223493424 0
1553 -0.1038047131113853 0.08706237901299672 0
1554 -0.09408686369159303 0.09699472463591559 0
1555 -0.0979415357712537 0.1103712503608041 0
1556 -0.08427697566809172 0.1071346058742613 0
1557 -0.08037428510245126 0.09352042454269395 0
1558 -0.07039390365669254 0.1038055520904123 0
1559 -0.06638466796039004 0.08981081743215542 0
1560 -0.0560632128718514 0.1005391150000105 0
1561 -0.1692382551823152 0.880202437013164 0
1562 0.2686923369734394 0.8209415014656394 0
1563 0.2609811316238928 0.8129267037996507 0
1564 0.4117078026462057 0.3253296986371129 0
1565 0.2951967350792165 0.9129948886915403 0
1566 0.299043782941858 0.9240263817500052 0
1567 -0.3927091288818521 0.148362143587981 0
1568 -0.3386570621709802 0.2712143313998685 0
1569 -0.3421692457604859 0.2837489693224589 0
1570 0.1714982833578991 0.8012871464661218 0
1571 -0.05196681184449865 0.08598147028727907 0
1572 -0.04133669131567669 0.09707080005675961 0
1573 -0.4043350372560846 0.2528384894577514 0
1574 -0.4167117035943851 0.2560814487808842 0
1575 0.1991241684421794 0.5985649167552474 0
1576 0.1962253353330927 0.5875207137833157 0
1577 0.3664262509071601 0.6055157419135706 0
1578 0.3074719153278349 0.5536164068504172 0
1579 0.1943271874100624 0.7307159074876424 0
1580 -0.4133541972937294 0.2437355179929284 0
1581 -0.3909499384678917 0.2837386692843831 0
1582 0.2762482414065134 0.08871087693109182 0
1583 0.2621495730257895 0.09236046502182604 0
1584 0.2582726336544171 0.1060583776607089 0
1585 0.2485738006703623 0.09583899331251378 0
1586 0.2446793565967257 0.1091832860906105 0
1587 0.2351803864892089 0.09920431491874383 0
1588 0.2388505322627874 0.08620099927483357 0
1589 0.2258239503340885 0.08943565284452275 0
1590 0.2221133796500716 0.1023182014704548 0
1591 0.2128731110442008 0.09269424428335804 0
1592 0.2091618517559983 0.1053874692112861 0
1593 0.2000799403834082 0.0957881913238679 0
1594 0.2037250094085417 0.08325657049837519 0
1595 0.1910794838769624 0.0863217984122592 0
1596 0.1873977610467178 0.09880533686808915 0
1597 0.1784535048029716 0.08932554287574847 0
1598 0.1947519166412149 0.0739370268254165 0
1599 0.2913745952705985 0.9328635896657935 0
1600 0.2328752730375824 0.7608809788457451 0
1601 -0.1280197722104999 0.8794404353047682 0
1602 -0.3034309754324727 0.09628018525573785 0
1603 -0.2882877378627254 0.09268613310002952 0
1604 -0.3785779974862781 0.1440262399808955 0
1605 0.2753439538125195 0.8293264303988228 0
1606 0.4056891565493708 0.4241936206564983 0
1607 0.4172993470021265 0.4211922275335264 0
1608 0.1747514256829693 0.1017758616319076 0
1609 0.1658435876470425 0.09230154723056634 0
1610 0.4218978507518092 0.2896212662259857 0
1611 -0.2624300274985872 0.8848135647838996 0
1612 -0.4069273144819359 0.1522829809970462 0
1613 -0.02371801091224945 0.8827045676674194 0
1614 0.3400691101947751 0.5057844363529984 0
1615 -0.2314960620242961 0.7893231057673407 0
1616 0.355384556987997 0.9154928232603877 0
1617 0.3519212059586752 0.9267389955066353 0
1618 0.2904106244664446 0.08511687754069877 0
1619 0.3815340507159046 0.780666258624487 0
1620 0.3897595902790008 0.7890531482644312 0
1621 0.4011146307388949 0.786141332031558 0
1622 0.3979867080357418 0.7974555829335187 0
1623 0.409358535324905 0.7945382944921163 0
1624 0.40622295615781 0.8058638623423767 0
1625 0.4176284314425357 0.8029212391806443 0
1626 0.4144721369376658 0.8142732652399205 0
1627 0.4258915025501439 0.8113271871647574 0
1628 0.4227308850223235 0.8226884066064368 0
1629 0.42072515575918 0.7916456960538254 0
1630 0.2034367975264129 0.7633052062008396 0
1631 0.01891146297160158 0.8818253779307963 0
1632 0.1849433667335728 0.5846305142491277 0
1633 0.1926470585604758 0.5763998448721876 0
1634 0.1816981766119074 0.5733512355371516 0
1635 -0.06031838581512737 0.114712052645229 0
1636 -0.478031978665021 0.09798155780053097 0
1637 0.4798867802624447 0.09830625650544314 0
1638 -0.2474969921299132 0.3477106221808657 0
1639 -0.3188510568957966 0.1000821649088141 0
1640 -0.2969943227578526 0.9352171855153777 0
1641 -0.3474342583671641 0.1755429808608782 0
1642 0.1561711849553784 0.8458143480513659 0
1643 0.3199001994013536 0.5002385474835552 0
1644 0.3114661894882916 0.4916927328019485 0
1645 0.3146534927571223 0.4800998016496248 0
1646 0.3030053118638942 0.4831321176107007 0
1647 0.306204717018457 0.4715099442130826 0
1648 0.2945103316941374 0.4745599711617017 0
1649 0.2977269579996144 0.4629019132279937 0
1650 -0.2211896988117839 0.884311473021767 0
1651 0.3028810341096797 0.935084696067854 0
1652 0.3237948070810344 0.5697829932732209 0
1653 0.3263467839128793 0.5596615754304257 0
1654 0.1621365752835172 0.1048015081657434 0
1655 0.153249811062883 0.09535051097494064 0
1656 0.1569317163904035 0.08284900199188373 0
1657 0.1441475943451405 0.08590772204873122 0
1658 0.1478423147379983 0.07325362428437884 0
1659 0.1348932133338316 0.07625426126784053 0
1660 0.1310559552447596 0.08919409666713346 0
1661 0.1216135678400053 0.07928511956379092 0
1662 -0.3292607586636463 0.2804694497697021 0
1663 -0.3323031497729798 0.2927578590536005 0
1664 -0.3450821000026103 0.2976631699554047 0
1665 0.2575484845350492 0.8234987234461659 0
1666 0.2498635045624771 0.8155116490469633 0
1667 0.1819453601477142 0.8033522859325877 0
1668 -0.3980369076183685 0.3420474752194277 0
1669 -0.4101833531771238 0.3452450434969815 0
1670 0.3733174412929099 0.7722937190223962 0
1671 0.1894376927476275 0.5650887677429804 0
1672 0.1784915404199835 0.5620060993892201 0
1673 -0.4258305195961684 0.2469428620876941 0
1674 -0.4225305533895721 0.2345214305162562 0
1675 0.1112873060528866 0.9307291702662803 0
1676 0.1225624966630143 0.9276895263382074 0
1677 0.1000000533972849 0.933756248194488 0
1678 0.1252016322269688 0.9169153161346723 0
1679 0.1337790824246009 0.9247286404859361 0
1680 -0.4030440267350908 0.138683753362061 0
1681 0.4224879459135343 0.441272951903852 0
1682 0.4192911378068697 0.4528218323493201 0
1683 -0.03717823352569306 0.08205863837322733 0
1684 -0.02605947178573301 0.09335470555616324 0
1685 0.07195108704394081 0.6945082367351593 0
1686 0.3836208811035636 0.3102053564918872 0
1687 0.3714382766696441 0.9328167685344833 0
1688 0.3829719881301509 0.9301875760947831 0
1689 0.4113082331346718 0.8256291231798559 0
1690 0.4195669548818448 0.8340513775126143 0
1691 0.2860028990328732 0.4659605956615812 0
1692 0.289231957043414 0.4542667994310066 0
1693 0.1176429939900972 0.09258117844969189 0
1694 0.1080506016030324 0.08250457368075956 0
1695 0.1120836516024523 0.06907816659467328 0
1696 0.09835268463253123 0.07220589979535037 0
1697 0.09408674675885205 0.08585979749344548 0
1698 0.08417551101087591 0.07519155359032316 0
1699 0.07971927419670585 0.08934202598899693 0
1700 0.06945230760597679 0.07819774696955359 0
1701 0.06484261956788388 0.0928103424533272 0
1702 0.05438389661883521 0.08143618711998696 0
1703 0.04976714451271039 0.09629450328401747 0
1704 -0.4108029671606809 0.166144036617254 0
1705 0.2657812425712175 0.07890452841989301 0
1706 -0.308276463734174 0.9381683106765945 0
1707 -0.316479488441351 0.9298372055201125 0
1708 0.3866033260247236 0.800379815535228 0
1709 -0.2574500179443263 0.1634528509713228 0
1710 -0.3198205879956463 0.2899279526707592 0
1711 -0.3162632637406572 0.2771080282875888 0
1712 -0.3235533807046512 0.302879617704983 0
1713 0.2411736118091274 0.7524897385106515 0
1714 -0.2291876726253506 0.2810245496856643 0
1715 0.3421183455618865 0.1932635099052179 0
1716 0.3586254904851947 0.2264306307935664 0
1717 -0.4068609724887207 0.3331142848081948 0
1718 -0.4189617041339814 0.336314950200827 0
1719 -0.4222645909265876 0.3483493010664732 0
1720 -0.4309789707384692 0.3394629237511905 0
1721 -0.4277091634232658 0.3275148721630804 0
1722 -0.4208257741365001 0.1562000071364117 0
1723 -0.424453041960287 0.1696926902731496 0
1724 0.0391356498381456 0.08479107115448992 0
1725 0.03458823987557108 0.09973124553093221 0
1726 -0.2027984091818677 0.1003628491244166 0
1727 -0.02385534000297193 0.2180633321216051 0
1728 0.4341587712565857 0.8197429087320438 0
1729 0.03576133887859001 0.2031490322427279 0
1730 0.2956172770888351 0.9438067866136686 0
1731 0.2072066309160016 0.07083642816475889 0
1732 0.1983454136259375 0.06164458850012665 0
1733 0.2106247370650843 0.0585595697111877 0
1734 -0.08347635397563247 0.4279044792031355 0
1735 0.06539235856862124 0.5751129186669548 0
1736 0.1308296347574869 0.9359278291470996 0
1737 0.1420869762721531 0.9328739986587752 0
1738 -0.4290489042873047 0.2592459045907886 0
1739 -0.3603577960013602 0.4120351908704477 0
1740 0.2639629735256075 0.801031835711037 0
1741 0.4089051973791968 0.4126443268866525 0
1742 0.4205127853494431 0.4096560666917642 0
1743 0.1381186863546385 0.1522544321963212 0
1744 -0.02993764835642983 0.4143235692235225 0
1745 -0.05305603849066379 0.5906385037418382 0
1746 -0.2987598675002848 0.08150056431081024 0
1747 -0.2834685032708155 0.07803159823110446 0
1748 0.2464368632413618 0.8260336200419374 0
1749 0.2387009309376563 0.8177297471756818 0
1750 0.02442101697987786 0.5870532699193579 0
1751 0.01597727775686571 0.5958620670307975 0
1752 0.02778252256892865 0.5987774953231273 0
1753 0.01940374026936303 0.6075455272432932 0
1754 0.03112783328949677 0.6104291847017362 0
1755 0.02280074271823275 0.6191200919432349 0
1756 0.0345061217743886 0.6220078363647905 0
1757 0.0110693765207666 0.6162939514218576 0
1758 0.01447519433833495 0.6278427858730267 0
1759 0.00275363613164983 0.6250442254273688 0
1760 0.006161876093890772 0.636582130136397 0
1761 -0.005559173190358925 0.6337722219321069 0
1762 0.04277204807233318 0.6133435649412295 0
1763 0.04612707189621832 0.6247942225374951 0
1764 0.0179210936185187 0.6393110591605404 0
1765 0.1882706952303815 0.7084722998775465 0
1766 0.3794790540522952 0.9414932353735348 0
1767 0.3910175871016607 0.9388614064878511 0
1768 -0.277364314192012 0.2318580830622476 0
1769 -0.3282960153442602 0.8605772602212927 0
1770 0.2285490500129641 0.5288497383421001 0
1771 0.2322576420509589 0.1994370863696422 0
1772 0.1898870625622 0.4736989652379165 0
1773 -0.3672315076171511 0.6322570883568186 0
1774 -0.3026825566815888 0.3742132504528113 0
1775 0.1270302414923731 0.1909310911614812 0
1776 0.2510006919694909 0.2654361082577106 0
1777 -0.3477688821412134 0.4880377515635739 0
1778 0.1722455121480605 0.2030570319880538 0
1779 0.05240526187895106 0.9151882013570245 0
1780 0.1569773057161299 0.4262002325171084 0
1781 0.03643905189031211 0.3975645281854713 0
1782 -0.0189226921751481 0.3764240231527958 0
1783 0.1339202147541553 0.3507712296192657 0
1784 0.146662296326721 0.3477557930313143 0
1785 0.1376570787130732 0.3382286378964742 0
1786 0.150412206417534 0.3352003911139593 0
1787 0.1413998167122504 0.3256580463188682 0
1788 0.1541666280194391 0.3226357550680719 0
1789 0.14515608762931 0.3130741419447351 0
1790 0.1631646676943618 0.3321720205611105 0
1791 0.1669093970758723 0.3196412921227978 0
1792 0.1758532802512742 0.3291284580197623 0
1793 0.1795978805039811 0.3166539227990698 0
1794 0.1885073926103285 0.3261056923045328 0
1795 0.1323380206792228 0.3161081922593246 0
1796 0.1361120529767815 0.3034585182277519 0
1797 0.1232341053799398 0.306513894799019 0
1798 0.1270712870701974 0.293731537644374 0
1799 0.1140687773181306 0.2968615824452422 0
1800 0.1399530654245293 0.2907964728410515 0
1801 0.1179535956898743 0.2839715720679973 0
1802 0.1048362435614483 0.2871472841239097 0
1803 0.1087011247464751 0.2742100458761426 0
1804 0.09550927765411565 0.2773727765579628 0
1805 0.1922482927781161 0.3136656039525736 0
1806 0.2011168515839623 0.3231163862911196 0
1807 0.1974130677638235 0.3354870996270867 0
1808 0.2099493873956909 0.332499205387679 0
1809 0.09938487049745559 0.2643746253143763 0
1810 0.08612521538354491 0.2675316961285733 0
1811 0.08223338456728529 0.2806083361160329 0
1812 0.07276275443101991 0.2707168925885383 0
1813 0.06884770738959008 0.2839025792412283 0
1814 0.05932764829008567 0.273903178781103 0
1815 0.0553944343916562 0.2871897900656548 0
1816 0.04582934406275847 0.2771255617926943 0
1817 0.04188873475507401 0.2904723232817298 0
1818 0.0322724951495271 0.2803630880747693 0
1819 0.02835528379929205 0.293722204719355 0
1820 0.01867653899091837 0.2836265476731342 0
1821 0.014743826117601 0.2970188099456029 0
1822 0.005025168975805598 0.286899121635093 0
1823 0.001104559445015391 0.3003110973075822 0
1824 -0.008652147056642901 0.2901732487497309 0
1825 -0.0125708996965714 0.3036114447761274 0
1826 -0.02233159959165456 0.2934760478772747 0
1827 -0.02632246004372809 0.3069018200618709 0
1828 -0.03602295332082241 0.2967976253886508 0
1829 -0.03999228466446782 0.3101915029657727 0
1830 -0.04961641336532216 0.3002362278885174 0
1831 -0.05360185191164407 0.313523048332556 0
1832 -0.06320699827608212 0.303571376839624 0
1833 -0.06718781753137763 0.3168167729872142 0
1834 -0.07680970290956335 0.306749452933253 0
1835 -0.08075106018885936 0.3201060416984196 0
1836 -0.09036357729345434 0.3100272908166215 0
1837 -0.09429264146683813 0.3233758268157542 0
1838 -0.1038655970294791 0.3134032681033011 0
1839 -0.1076673558310453 0.3265323893805685 0
1840 -0.1173330695824324 0.3166831419654151 0
1841 -0.120735593786993 0.3299422005249872 0
1842 -0.1307449210166547 0.3198920766720979 0
1843 -0.1342523042119733 0.3333332329699826 0
1844 -0.1442037360667902 0.3231828325460032 0
1845 -0.148096208125601 0.3364331697109889 0
1846 0.1126033250991679 0.2612513884699009 0
1847 -0.1265739583631692 0.3066024365200047 0
1848 -0.1577039609135894 0.3264262714237207 0
1849 -0.1615983074571444 0.3396476696558453 0
1850 0.2062873537278882 0.3448012659093689 0
1851 0.2187519975406181 0.3418318299917776 0
1852 0.2150996335968973 0.3540664479029506 0
1853 0.2274851329072299 0.3511146159386264 0
1854 0.2238593915809357 0.363288072528323 0
1855 0.2363236578075722 0.360217025242984 0
1856 0.2325874401680823 0.3724481629994606 0
1857 0.2449990628055194 0.3693820384652855 0
1858 0.2412668841466986 0.3815648712648943 0
1859 0.2399790954241033 0.3480383293366154 0
1860 0.2534661033986534 0.3786565079806758 0
1861 0.249868557685351 0.3906820661132442 0
1862 0.2620059747524437 0.3877827768343401 0
1863 -0.07249563946380196 0.2936090683126379 0
1864 0.1032904777607035 0.2513632040081131 0
1865 0.2584433972246986 0.3997449336914729 0
1866 0.2705256651983965 0.3968568054974208 0
1867 0.2137668714573369 0.3200491536879266 0
1868 0.1833391486593008 0.3041955127999385 0
1869 0.2463325354928414 0.4026290642700781 0
1870 0.03818071529443205 0.3037652092030792 0
1871 -0.171119052553783 0.329655474976896 0
1872 -0.1750124678189373 0.3428797903451376 0
1873 -0.1672506359451765 0.3164249221708315 0
1874 -0.165504407289042 0.3528689901703232 0
1875 -0.178913004035215 0.3560980419312312 0
1876 0.1165101881952068 0.2482676766985283 0
1877 -0.09750805456120246 0.3367525350836683 0
1878 0.2548774203167787 0.4116625748762682 0
1879 0.06328661515455046 0.260696509507006 0
1880 0.2428042673386251 0.4145533344400197 0
1881 0.2513525105748872 0.4235390950622946 0
1882 0.2027881589063162 0.3570212070643071 0
1883 0.009029844312866256 0.2734949361186382 0
1884 -0.0999265792694959 0.2999847126007142 0
1885 0.2948715387407964 0.3099719991598271 0
1886 0.2957964700527866 0.2646438108968586 0
1887 0.2831738841040056 0.7044080306885616 0
1888 -0.3496059141088006 0.8245681418139605 0
1889 0.306694260958244 0.6261772076994008 0
1890 0.1960030560968246 0.3012187074861897 0
1891 0.1870852381692609 0.2917324662724823 0
1892 0.1997651476556154 0.2887358386191098 0
1893 0.1908347684932128 0.2792470579162934 0
1894 -0.362780097979139 0.7967659717632565 0
1895 0.2724834515931447 0.6343109246629064 0
1896 -0.3629479872011548 0.5781641762228239 0
1897 0.2629671236831307 0.5947221008604877 0
1898 0.2596286116015872 0.6059865678827976 0
1899 0.2515483717217997 0.5974735301142483 0
1900 0.248221212159214 0.6087116408332567 0
1901 0.2691459880200825 0.6455099172901424 0
1902 0.1139817757436101 0.1941361320761927 0
1903 0.2572360084301256 0.3658005266856428 0
1904 -0.1883955690020324 0.3461121757297979 0
1905 -0.1911760766746537 0.886530345826148 0
1906 -0.1963385372731034 0.9851565907983582 0
1907 0.1830762483725281 0.9840931751302696 0
1908 -0.3825355826469621 0.7190304156441716 0
1909 -0.244417478309856 0.9854198544495892 0
1910 0.3307472046315205 0.3008869069311542 0
1911 -0.2339823985379346 0.4759728702252835 0
1912 0.2319743514213108 0.9850810553894132 0
1913 -0.2680903596261295 0.7499233685143751 0
1914 -0.3930826172061979 0.5322172463055894 0
1915 0.3705264973944752 0.6678485673502188 0
1916 0.368491437157948 0.6367433500572037 0
1917 -0.4762456511641605 0.7511920380032628 0
1918 -0.4777303658248451 0.7989793056606606 0
1919 0.3737154769293984 0.5397883639140757 0
1920 -0.4783735836420827 0.6926944865230542 0
1921 0.3776488037193826 0.7186297393819405 0
1922 0.4778623617962646 0.7636561353062219 0
1923 0.4288990281062937 0.4181981791863948 0
1924 0.4321097670171727 0.4066658289795627 0
1925 0.3204355201409853 0.5810435989341715 0
1926 0.3795992517113654 0.7496511142558242 0
1927 0.4771782470152602 0.3830872400200441 0
1928 0.3170860834970081 0.6964323229626203 0
1929 0.3674027690550707 0.6791792891794124 0
1930 0.3591591683706844 0.6708196806089002 0
1931 0.4047368705094005 0.6589570910162191 0
1932 0.08862797457716179 0.3848672362722966 0
1933 0.3261853339631188 0.7356068937378875 0
1934 0.408329627860957 0.530770951346158 0
1935 0.4115160807927019 0.5192717680977232 0
1936 0.4198709241041518 0.5277720829023865 0
1937 0.4230494851791032 0.5162944604842179 0
1938 0.2470142845548443 0.5029636164145055 0
1939 -0.0662251450819035 0.8836425262594558 0
1940 0.4102952896042783 0.5622076612696014 0
1941 0.370174680161083 0.7835873499801932 0
1942 0.2042448900030887 0.6097743467015063 0
1943 0.4117972534124669 0.7097905761430341 0
1944 0.1065419429721156 0.01039984926142222 0
1945 0.2798367735960115 0.7154623863850919 0
1946 0.2719496352133606 0.7070620835490127 0
1947 -0.2516866223453211 0.5383536502819231 0
1948 0.3396925672799663 0.9851014867390836 0
1949 0.1902142695730849 0.008980382786397952 0
1950 0.4783264036821174 0.252142857817778 0
1951 0.4760108792715997 0.3009039802697249 0
1952 0.01793237151658857 0.985377944963937 0
1953 0.06545419085387714 0.985156219678456 0
1954 -0.02977705600676885 0.9851141785441946 0
1955 -0.07737744362226419 0.9851189509668794 0
1956 0.1815823883962319 0.212524555980707 0
1957 0.1687201459740077 0.2158874590678576 0
1958 0.3302779458384641 0.4219540482991886 0
1959 -0.08616229923322893 0.6265597714408805 0
1960 0.4775866075374805 0.8705902150118715 0
1961 -0.4776462284277354 0.8587681114057095 0
1962 -0.4760490306386885 0.383506583084375 0
1963 -0.1056553739637282 0.01119390875442399 0
1964 -0.3496426577003224 0.9847467383516697 0
1965 -0.4466466135974463 0.9858314992685016 0
1966 -0.3991723606547075 0.9846434165294005 0
1967 -0.04510445044886858 0.2866372321011031 0
1968 0.01244446907383084 0.6920422432681053 0
1969 -0.03291102114330798 0.6910910242243983 0
1970 0.4771989831391606 0.9548466032012261 0
1971 -0.3963963011467652 0.8054848356468189 0
1972 0.4027691511881883 0.6277942404655001 0
1973 0.0615234707646857 0.8810056635778812 0
1974 0.07291056668814762 0.8779626197077259 0
1975 0.2355272366964445 0.009702842822546862 0
1976 -0.1889417628873838 0.009549456039566553 0
1977 -0.2352941176472378 0.01018853416214168 0
1978 -0.04309228202653748 0.5482971400737795 0
1979 -0.05540421097993529 0.545298553579638 0
1980 -0.04665758963211668 0.5360717056793832 0
1981 -0.05912705602596413 0.5330650572751192 0
1982 -0.05021458799691374 0.5237577254918708 0
1983 -0.06282651580449231 0.520724172535957 0
1984 -0.05380767182290611 0.511302451455995 0
1985 -0.06648666123635068 0.5082656786615258 0
1986 -0.07549412058699229 0.5177204721671056 0
1987 -0.07919101816555763 0.5052244152036026 0
1988 -0.08817649799115854 0.5147135081932657 0
1989 -0.05744050292370901 0.4988403945095087 0
1990 -0.04475441059412369 0.5018786236041177 0
1991 -0.09192449361311564 0.5021660753245888 0
1992 -0.1009254016268339 0.5116748963143192 0
1993 -0.1047665298352737 0.4990889768881601 0
1994 -0.1137622345010866 0.508661654744905 0
1995 -0.1099406950577008 0.5211558648763085 0
1996 -0.122636059968597 0.5181650668233021 0
1997 -0.118736563595472 0.5307340210498652 0
1998 -0.1317330356423894 0.5276537855121176 0
1999 -0.135943809179866 0.5152614922967872 0
2000 -0.1276382567156232 0.5401260495314943 0
2001 -0.1405943795957974 0.5371522118789668 0
2002 -0.1364405829640392 0.5494803450987381 0
2003 -0.1490651507911692 0.5464659644622811 0
2004 -0.1451575728491728 0.5587149591000529 0
2005 -0.1578003836811588 0.555469794915233 0
2006 -0.1540668679950618 0.5676329799603311 0
2007 -0.04839671570810437 0.4893615516565443 0
2008 -0.03569325297597686 0.4924386124988264 0
2009 -0.1664405464848145 0.5645654417224302 0
2010 -0.1627176008553901 0.5767052801961509 0
2011 -0.03937108574484607 0.4798470160237969 0
2012 -0.0266303552266847 0.4829846102071239 0
2013 -0.1620460618168019 0.5433743155978821 0
2014 -0.09564673025419368 0.48949809629207 0
2015 -0.1748197712782384 0.5737999900925389 0
2016 -0.1712619678412949 0.5856832127793576 0
2017 -0.1086073750587185 0.4864070751533316 0
2018 -0.02295746799532982 0.4954753250789642 0
2019 -0.01391447487577037 0.486077889537706 0
2020 -0.01755705043283051 0.473539378430935 0
2021 -0.004866688218760127 0.4767184825635011 0
2022 -0.001263769845466604 0.4891988421753677 0
2023 0.00775727176497426 0.4798933292191118 0
2024 0.01124050074102312 0.4923596065194594 0
2025 0.02022490630502896 0.4830758742602622 0
2026 0.01677118463941358 0.4706239330040659 0
2027 0.02928355099542763 0.4738021929761386 0
2028 0.03258593976403678 0.4862663608322528 0
2029 0.04175485877886904 0.4769419112126146 0
2030 0.03828546684513172 0.4645650632284972 0
2031 0.05075618794550606 0.4677683574010291 0
2032 0.05422463741718312 0.4800741885725244 0
2033 0.06316404442163587 0.4709772227740999 0
2034 0.06660441516349826 0.4832309969850107 0
2035 0.07549892979182227 0.4741719251391986 0
2036 0.07891342550285425 0.486357575218243 0
2037 0.08779390670408099 0.477326188944578 0
2038 0.09116484077051487 0.489480774741585 0
2039 0.08439042501606438 0.4651344020517892 0
2040 0.09667700323117129 0.4682987524987997 0
2041 0.09327477880556814 0.4560939978987153 0
2042 0.1055354104980466 0.4592878897246974 0
2043 0.1021736244440969 0.4470436209583853 0
2044 0.0473130832054974 0.455349175620502 0
2045 0.08984404683859755 0.4438390791465605 0
2046 -0.008452050851581639 0.4641226554168446 0
2047 0.1089197225954568 0.4714558381712527 0
2048 0.11774820104239 0.4624915368451424 0
2049 0.1210964596366178 0.4746016431191278 0
2050 -0.09521979420866419 0.8219695979215143 0
2051 -0.04783138615465832 0.8226770992621462 0
2052 -0.0002261570544224823 0.8236164950624711 0
2053 0.04647283821920362 0.8242110920766058 0
2054 0.09302938303459754 0.8244330782769518 0
2055 0.1451870754948354 0.9220430899078124 0
2056 0.1533400002315845 0.9298815995475121 0
2057 -0.06528154207079784 0.2285332752864659 0
2058 -0.1430350371450014 0.2355259742343935 0
2059 -0.3644567176186504 0.3443720502343999 0
2060 -0.0307035035610768 0.1083429279189145 0
2061 -0.1255575715867303 0.6814701416401781 0
2062 0.2838762983437944 0.9434341224581212 0
2063 -0.05565946882095613 0.9230553762731037 0
2064 -0.04730717179704757 0.9314081460348466 0
2065 -0.05871982317304669 0.9344715243896352 0
2066 0.4149437494656077 0.6984370998279927 0
2067 0.4232070226788954 0.7068459081694691 0
2068 0.4263540427799903 0.6954752837047038 0
2069 -0.4045240071939266 0.7971596413450475 0
2070 -0.4076709090062679 0.8083889382682805 0
2071 -0.4158232397829661 0.8000228420724042 0
2072 -0.4189821137642658 0.8112778327271046 0
2073 -0.4108102447495752 0.8196408675342727 0
2074 -0.4221432480421795 0.8225414796223124 0
2075 -0.4139541545207523 0.8309153992025925 0
2076 -0.4253082276021312 0.8338234028019419 0
2077 -0.4171052365482895 0.8422083502961547 0
2078 -0.4284764498625465 0.8451227700191312 0
2079 -0.4202621042827248 0.853520557269051 0
2080 -0.431163770327566 0.856369140510874 0
2081 -0.4233410543449617 0.8648367709278536 0
2082 -0.1062646202805118 0.9154180137378245 0
2083 -0.116746034592871 0.8764133101370201 0
2084 -0.276291605898263 0.629766504649943 0
2085 -0.2697813077110913 0.7191918520416927 0
2086 -0.2887515317290624 0.674174946605387 0
2087 0.3203079952356929 0.7884020758492662 0
2088 0.3054254810116474 0.3518573816170503 0
2089 -0.008987088065710261 0.6222407040196015 0
2090 -0.01730310160069512 0.6309663186995194 0
2091 0.2875007551309847 0.8910467777293519 0
2092 0.2836886003626197 0.8800673244730288 0
2093 -0.01831359351029951 0.2801985942676963 0
2094 0.2540536514461501 0.8344279508486256 0
2095 -0.2497415272842052 0.643821414769253 0
2096 -0.4271529493904223 0.802919200977702 0
2097 -0.05199891607280593 0.4768044358355521 0
2098 -0.3792742320867681 0.2459877658244841 0
2099 -0.2636579126978068 0.5846333491713823 0
2100 0.3750133069379021 0.2575313573350955 0
2101 -0.310826572680612 0.7508722104535392 0
2102 -0.3181433724933609 0.7424089719725595 0
2103 -0.321224132262395 0.7531815414805753 0
2104 -0.3290265818303444 0.7450817782993387 0
2105 -0.3257418630491559 0.7342430775148057 0
2106 -0.332007175736774 0.7563630649650992 0
2107 -0.323960977821442 0.7649521113916766 0
2108 -0.4239772564584582 0.7916558804645488 0
2109 0.05762960241583354 0.4922902609636061 0
2110 0.09081159853056942 0.5490449821334081 0
2111 -0.2768315005851569 0.7825021140090508 0
2112 -0.2715520600355034 0.9180743059515271 0
2113 0.2161493904134226 0.8974367789728159 0
2114 -0.1785042867871058 0.4513992890791605 0
2115 -0.2279223101091926 0.142208819125503 0
2116 0.1836463721966141 0.1112519652937323 0
2117 -0.2251987327347718 0.8372689772708279 0
2118 -0.2358633862394976 0.8400094640506159 0
2119 0.1829602024300093 0.1645196967623655 0
2120 0.2183241629429445 0.1151320142506854 0
2121 -0.2477407434421445 0.8142159960860853 0
2122 0.03627368501526322 0.2670619570905741 0
2123 0.3121658655715698 0.1062395096871239 0
2124 -0.09827255807636337 0.5909481112932249 0
2125 -0.1833622092491583 0.8255294009004022 0
2126 0.4313968919285072 0.5247889094351673 0
2127 0.4345748190387744 0.5133160428696967 0
2128 0.4262332356494323 0.5048242186738365 0
2129 -0.3399888979085233 0.7478964583018849 0
2130 -0.178042818286018 0.9136017611132401 0
2131 -0.131726342612566 0.6265729689216372 0
2132 -0.140025815402028 0.6353284872288045 0
2133 0.4251825288217388 0.2779081706185865 0
2134 -0.1846359827924856 0.2087767874674104 0
2135 0.3066760538867805 0.9151763117510499 0
2136 -0.1133511013828579 0.07713738344335842 0
2137 -0.1001122079719628 0.07378660804794981 0
2138 0.4771989510823906 0.1933516619925775 0
2139 -0.4770400586185205 0.1933705746803727 0
2140 -0.4785543757838657 0.2410746349428532 0
2141 -0.1956570481379376 0.2483794444711751 0
2142 -0.3195208397243901 0.9410506799411538 0
2143 -0.3275457174414126 0.9328323687278308 0
2144 -0.175361706225045 0.1287035483109532 0
2145 -0.1320285797209265 0.1947336587445125 0
2146 0.06056139267292624 0.3575745754850655 0
2147 0.1009308624395619 0.3002663947495302 0
2148 -0.3947080705908776 0.3299188529625726 0
2149 -0.08832644402838702 0.1206370627181667 0
2150 -0.2916685747212173 0.9852061158886701 0
2151 -0.236005963910156 0.5983576346658138 0
2152 0.3727753985148261 0.5826901427083091 0
2153 0.138814183592746 0.06350777523381312 0
2154 0.1515043604200196 0.06065817131912846 0
2155 -0.101938817427241 0.1238699059922048 0
2156 0.064937008350543 0.297170027645127 0
2157 -0.01595869684159084 0.3169407355380836 0
2158 -0.04395378729669896 0.3237034547455655 0
2159 -0.1377533028415812 0.3467739051558473 0
2160 -0.07261274206724716 0.3902030942818689 0
2161 -0.07113169544951523 0.3302230454256749 0
2162 -0.1250272094757454 0.8682111806502899 0
2163 0.3082809753676018 0.5032701755047007 0
2164 0.1867757585989054 0.553559009184567 0
2165 0.1753726376650183 0.5505762094624621 0
2166 -0.2948243489734085 0.1603727634730613 0
2167 -0.01385273739822472 0.64253416841078 0
2168 -0.02561289237613988 0.6397298078611341 0
2169 0.4308660027047151 0.4498295553453158 0
2170 0.3982177411055012 0.216413800175486 0
2171 0.4073980319470463 0.2259229363319395 0
2172 0.4112186327915947 0.2132933724699969 0
2173 0.4202815412406042 0.2228152339057201 0
2174 0.4240870999828134 0.2101929492660286 0
2175 0.4150067063218262 0.2006614113547927 0
2176 0.4279107734557833 0.1975320182236207 0
2177 0.4187994392340191 0.1879127823061033 0
2178 0.0987913146571025 0.4347388793267009 0
2179 0.03476707994261298 0.4521274706502863 0
2180 0.1779759724062691 0.2250675052288616 0
2181 -0.1137534089524132 0.8651420772210942 0
2182 -0.2216119596636808 0.5512958500632705 0
2183 -0.09235477161310719 0.1341753300830031 0
2184 -0.1060095942187476 0.1374434253875342 0
2185 -0.1398140114663769 0.4048450070969051 0
2186 0.2353580177545653 0.8284962907794108 0
2187 0.227657760184146 0.8202115377384682 0
2188 -0.1096409101301548 0.06416286566808937 0
2189 0.2309374937822896 0.8093937573174852 0
2190 0.3619682681579355 0.775231959962482 0
2191 -0.433496226224092 0.8254400479288494 0
2192 0.4346251252812669 0.7038886914119591 0
2193 0.4314721054671822 0.7152586847517791 0
2194 -0.1806126944259952 0.3196706731864978 0
2195 -0.1767640309978326 0.306498315159885 0
2196 0.1650678038545943 0.2283123365755081 0
2197 -0.3123462418094147 0.1254864622554159 0
2198 0.437776622914221 0.6925164317943847 0
2199 0.3679403483989637 0.9441202274102547 0
2200 -0.4359298112144263 0.8677013732403928 0
2201 -0.42675870356694 0.8761735475097632 0
2202 -0.4152039848981006 0.8731546999082412 0
2203 -0.4183861260162105 0.8845790878101991 0
2204 -0.4297940703889738 0.8875328442246804 0
2205 -0.421506802801859 0.8959531742228041 0
2206 -0.4101210430808416 0.8930189048160082 0
2207 -0.413240563026935 0.9043676779695353 0
2208 -0.4018485078297228 0.9014394340691357 0
2209 -0.4049859877063325 0.91277872887934 0
2210 -0.416379282722993 0.9157536185953756 0
2211 -0.3935824071327776 0.9098381991721685 0
2212 -0.396730270308064 0.9211886601670966 0
2213 -0.3853251290795821 0.9182459719042975 0
2214 -0.388467676363405 0.9295921225281638 0
2215 -0.3998288197376193 0.9325856020686466 0
2216 -0.4329247710979192 0.8989010975639107 0
2217 -0.3769910832156641 0.9266835489352272 0
2218 0.01126147132407588 0.3103219072884636 0
2219 -0.4342773715621503 0.3513482370580169 0
2220 -0.02151290152203108 0.07805718016865762 0
2221 -0.03304768717518607 0.06644435127950321 0
2222 -0.3801113202874687 0.9380300091205311 0
2223 -0.09768083060198397 0.6651650667085161 0
2224 0.06457850213132493 0.8696287424678203 0
2225 0.207313774741855 0.5906448437268812 0
2226 -0.3302531160120377 0.9446163966535006 0
2227 0.07596093322667903 0.866580469222369 0
2228 0.1391153321776503 0.9441476151587649 0
2229 -0.1832587040283288 0.5828331691578832 0
2230 -0.1797254976734511 0.5945762502390246 0
2231 -0.1922965714016218 0.3593182622448472 0
2232 0.3046926029233692 0.01634522343114761 0
2233 -0.3046926029234144 0.01634522343117656 0
2234 0.2950916847497173 0.882240336297076 0
2235 0.2774937528733836 0.4573256589194218 0
2236 0.4377551823184925 0.5018397979019116 0
2237 0.4317775690479442 0.1847936627409702 0
2238 0.4225653118858699 0.1750625448986676 0
2239 0.1711849022442943 0.8882158746653191 0
2240 0.1601353094158023 0.8864855896352247 0
2241 -0.02123123325982632 0.4609239391803656 0
2242 0.4373214387591483 0.8083701943004771 0
2243 0.2912649428054875 0.8712716443219168 0
2244 0.1082843625298053 0.9420372954863394 0
2245 0.3340292996981623 0.7436824369710685 0
2246 -0.1788698416570592 0.561852933248117 0
2247 0.2342410369138911 0.4055455521460958 0
2248 0.2686166223635785 0.7180698518198672 0
2249 0.2632796852224858 0.4202101687238896 0
2250 -0.4785819420445869 0.3355244417261499 0
2251 0.2438713143677149 0.763729112147603 0
2252 0.05432515894613047 0.6162317731626412 0
2253 0.05760311536123425 0.627627474233904 0
2254 0.04946738042490942 0.6361362129993395 0
2255 0.06090013521068931 0.6389488335927981 0
2256 0.06896906542052161 0.6304716083099571 0
2257 0.07216438858280165 0.6417529216985904 0
2258 0.08028685710486716 0.6330873745478431 0
2259 0.08343215789144311 0.6444324946835192 0
2260 0.09148310445378084 0.6358311929897706 0
2261 0.09465251741457903 0.6470474274165519 0
2262 0.05277587337056561 0.6474069800463887 0
2263 0.1025570346258851 0.6387927494939873 0
2264 0.1057516259358275 0.6497680552808826 0
2265 -0.06260601243274024 0.07531963983320712 0
2266 -0.160405388067937 0.5886144219379706 0
2267 0.408143327296473 0.8369852508650357 0
2268 0.4164002119108807 0.8454147090318692 0
2269 0.4278304592958895 0.8424800618838365 0
2270 0.4246653264900591 0.8538536395756445 0
2271 0.09698414883525149 0.9451035895301061 0
2272 0.009579796960016675 0.6480675143288668 0
2273 0.3067981430822396 0.946147546212575 0
2274 0.3375131180044535 0.7328992022701435 0
2275 0.178532689564768 0.7930425994076701 0
2276 0.4339247912588829 0.2863541245422563 0
2277 0.4384155752354911 0.2742837495009936 0
2278 0.2171937377464205 0.4551972424603722 0
2279 0.2798713797029297 0.8690970779076073 0
2280 0.08655701684972147 0.6556262400861321 0
2281 0.2607296021528936 0.7096887882738914 0
2282 0.2640569868468631 0.6986911772911035 0
2283 -0.409886304241832 0.2312698914085418 0
2284 -0.4190476168723323 0.2220318067839027 0
2285 -0.1409156545431525 0.5706786952094292 0
2286 -0.4353327153936596 0.7945465153240496 0
2287 -0.4321482689194066 0.7832497683649953 0
2288 0.1609968394160979 0.3789688246698779 0
2289 0.224341405965355 0.8309821897108056 0
2290 0.3588322165152228 0.7865050748803065 0
2291 0.1887481503700206 0.795254938335485 0
2292 0.08235732940496043 0.4984664647100588 0
2293 0.09447484785162465 0.5015723431633897 0
2294 0.1025598942236292 0.05879454885761599 0
2295 0.3883545452213466 0.9839646207594639 0
2296 0.1495145046771054 0.1078830226157621 0
2297 0.3560390981846631 0.682127614580007 0
2298 0.3478052785096167 0.673775365922342 0
2299 0.1837316458768227 0.5420992547526928 0
2300 0.1721847606325606 0.5391032348619507 0
2301 -0.3904821619565177 0.8983764374022798 0
2302 0.4237284825618177 0.3981210667580102 0
2303 0.435323959725178 0.3951361340821032 0
2304 0.3167067445750417 0.5118017250712799 0
2305 0.3051061991194983 0.514829253940109 0
2306 -0.1223929192998978 0.5526279242043812 0
2307 0.04390818876326867 0.0696117612155072 0
2308 0.1524870320769621 0.1489332785859128 0
2309 -0.02905591541714509 0.6281402198599522 0
2310 -0.03735655615952356 0.6369420221193175 0
2311 0.3979786051816961 0.4906695120826629 0
2312 0.4357149945565795 0.1718851557605688 0
2313 0.4263181620526035 0.1619931616080514 0
2314 0.3870795495834186 0.374934015303226 0
2315 -0.1916476985179986 0.5917657790565041 0
2316 -0.1881341456840496 0.6034363792629484 0
2317 -0.177375540256204 0.606433092830489 0
2318 -0.1854010739727441 0.6152058791053194 0
2319 -0.1965993943238825 0.6122236142936386 0
2320 -0.1931131063103203 0.6237638944809418 0
2321 -0.1816168932874147 0.6266447794506986 0
2322 -0.189655090097637 0.6352057596143289 0
2323 -0.2013190334286617 0.6323411521490248 0
2324 -0.1978064848325872 0.643753119716157 0
2325 -0.1862978061559109 0.6465583666150621 0
2326 -0.194596108147131 0.6551109127296475 0
2327 -0.1830443385835143 0.6578488710906971 0
2328 -0.1912209087496761 0.6663277053808991 0
2329 -0.1797915178736673 0.6690188171905804 0
2330 -0.1878026653239409 0.677362867170612 0
2331 -0.1991855443553247 0.674977982262743 0
2332 -0.1956256460012706 0.6857679832190812 0
2333 -0.1845887125303501 0.6883406863159538 0
2334 -0.1924186670001869 0.6965739617621773 0
2335 -0.20334661454663 0.6939815274630081 0
2336 -0.2001741601213975 0.7047259401608421 0
2337 -0.2111275679158055 0.7021060248942906 0
2338 -0.2079000606597033 0.7128495065227842 0
2339 -0.1969615270813769 0.7154592094076526 0
2340 -0.2046355261280766 0.7235263065860389 0
2341 -0.2155486530635309 0.7209650000372485 0
2342 -0.2123643413582105 0.7316509394709728 0
2343 -0.2014840903814146 0.7341724569100962 0
2344 -0.2091584977700428 0.7422427684711272 0
2345 -0.2231976639279955 0.729084735559973 0
2346 -0.198438864917971 0.7447870395651278 0
2347 -0.1814004384791624 0.6992096721385052 0
2348 -0.2143296256728691 0.691469591266472 0
2349 -0.2059728322230595 0.7527754126658293 0
2350 -0.1735903241804622 0.6910445152055333 0
2351 -0.2063902920536933 0.6521896299348268 0
2352 -0.1908555694654122 0.7368022714425048 0
2353 -0.2264202724309425 0.7184013896649388 0
2354 -0.1953388499196886 0.7553125893551846 0
2355 -0.21673161435933 0.7502803042069851 0
2356 -0.2028177976856662 0.7632497261926044 0
2357 0.2528396756883224 0.7013181560149264 0
2358 0.2561774913105911 0.6903344432162016 0
2359 -0.3429870695414699 0.7592414965750147 0
2360 -0.05039852648735743 0.9426920010782399 0
2361 -0.03893277771256726 0.9397418551635883 0
2362 -0.06183187278478714 0.9457285680343844 0
2363 0.3020198687160506 0.3644069833705506 0
2364 0.2801829461646639 0.9856353887351765 0
2365 -0.1053666785538766 0.5335963723907713 0
2366 0.337893861000266 0.4740852099226632 0
2367 0.4761706388043107 0.8217414741399109 0
2368 0.1989058528969577 0.5571483371203958 0
2369 0.376853986534167 0.3337225791963404 0
2370 -0.4316518009429585 0.2253999063552087 0
2371 0.2910661708001251 0.4862747712533234 0
2372 -0.1694114103896251 0.3660934372443137 0
2373 0.4361075696311041 0.850913566747491 0
2374 0.4330613903075591 0.8627869885787895 0
2375 0.2203406798861646 0.3754091714749059 0
2376 0.1111550004073981 0.4379754249483017 0
2377 -0.3518615106599224 0.3414692707420056 0
2378 -0.2720609287493805 0.3047122256003745 0
2379 0.180559069630751 0.53056744996187 0
2380 0.1689527171419947 0.5275668403048308 0
2381 0.1605649076836063 0.5361406701750081 0
2382 0.1573033495823301 0.524559588379081 0
2383 0.148862491130187 0.5331866748005889 0
2384 0.1456032247564297 0.5215482580911805 0
2385 0.1542300509605093 0.5134660487947104 0
2386 0.1371327261986781 0.5302101829983199 0
2387 0.1769666772100706 0.5190957317259314 0
2388 0.08639292278312094 0.4315019133076415 0
2389 0.133856748825066 0.5185190627181867 0
2390 -0.3428614501159449 0.3503597414800886 0
2391 0.07499049938683795 0.1041839636041878 0
2392 0.4330379990796412 0.2197123975417725 0
2393 -0.1704319815809525 0.7018877118401212 0
2394 0.04381829897772838 0.4429459971377334 0
2395 0.2166773254206849 0.8227439943892302 0
2396 0.3394242048690019 0.3097922585111999 0
2397 0.3427971275852083 0.2978267536746699 0
2398 -0.3140923378368758 0.2288933025414042 0
2399 -0.09635927695825565 0.06059642174435835 0
2400 0.27426346207313 0.4690343022417385 0
2401 0.1136138054783462 0.6415663158552219 0
2402 0.1161727131109747 0.6526531523818432 0
2403 0.1077704910421158 0.4256366178766507 0
2404 -0.2340638223213369 0.7265441122871993 0
2405 -0.4343156989107353 0.1599255998322793 0
2406 -0.4308743621091244 0.1464636492199877 0
2407 0.00229858806602158 0.5016091546215597 0
2408 0.01476616845402516 0.5047831637789923 0
2409 -0.03390998544248204 0.6484963512779425 0
2410 -0.0456346401741838 0.6457335531024564 0
2411 -0.3114453389388117 0.9487767672087123 0
2412 0.1088618465225118 0.6606712792279772 0
2413 0.119154835310661 0.663531578872584 0
2414 0.1299038124093425 0.4656770302450108 0
2415 0.1257315734679034 0.6456119395658165 0
2416 0.4294120788241432 0.4933508351274936 0
2417 0.2307116405700164 0.4174708375344689 0
2418 -0.4035538456038069 0.3209509408229603 0
2419 -0.4378265134071611 0.1732518063911622 0
2420 0.3319329635374391 0.5783243370827278 0
2421 0.3285454868751847 0.589646546712684 0
2422 -0.3739088935703426 0.9153154910366375 0
2423 0.2717397577895131 0.5291486733523107 0
2424 -0.01204893079075513 0.4514152641985114 0
2425 -0.1922221309518327 0.765769793058709 0
2426 0.440936925138056 0.4903728938985868 0
2427 0.1427117173783344 0.051119571422561 0
2428 0.155348268094458 0.0483626162621857 0
2429 0.4293406923528223 0.2321529958660231 0
2430 0.203528245748856 0.2762753546543854 0
2431 0.212439819332291 0.2857514043638974 0
2432 0.1232304571617224 0.203432002216914 0
2433 0.1089110277732233 0.20772742208167 0
2434 -0.3782717480281826 0.8526751319731561 0
2435 0.1254124990748494 0.5269646017826837 0
2436 0.4391977151362839 0.1592210074083178 0
2437 0.4300499409582595 0.1487941646409324 0
2438 0.4163420422422342 0.1519220842724036 0
2439 0.4203307325709257 0.1381185955890884 0
2440 0.405738020341055 0.1414695392490627 0
2441 0.4101146378342318 0.1268830299209431 0
2442 0.4250100965223206 0.1238561997675505 0
2443 0.3949471033573323 0.1304731882199502 0
2444 0.3995204755973923 0.1153286636703311 0
2445 0.3094134841379148 0.4598835788010967 0
2446 0.4404773216778295 0.4152059239160265 0
2447 -0.09939645094980244 0.476720874838452 0
2448 -0.112437660774522 0.4737133709346653 0
2449 0.1945942074914735 0.2667517651659353 0
2450 0.1818525235360167 0.269739461033174 0
2451 0.2018471368085326 0.04953406197171945 0
2452 0.214018988500545 0.04647681447362775 0
2453 -0.05517109162765307 0.2389125934378395 0
2454 -0.06911600649786044 0.2424604278107198 0
2455 -0.1626735967447415 0.6937749959766761 0
2456 0.2936030233262752 0.3550526577189684 0
2457 0.1400059265073095 0.5727622277532434 0
2458 -0.1900770354344857 0.3097277187455111 0
2459 -0.1862239850837565 0.2965858744046683 0
2460 -0.1729333679345676 0.2933531515072476 0
2461 -0.4386878905944338 0.848551964433924 0
2462 0.2538729812504094 0.1195496716940898 0
2463 0.2358336817343304 0.7717781273958033 0
2464 0.1332229245621838 0.4777414129882091 0
2465 0.2517838373143742 0.7557239582872777 0
2466 -0.01491749211480205 0.105149866322031 0
2467 -0.0200620966293433 0.1197619208925672 0
2468 -0.1720899023459759 0.6607490095462738 0
2469 -0.1847736137286809 0.7578768292890961 0
2470 -0.2017588290697739 0.3493528656698529 0
2471 -0.3612005454471486 0.3325232065101957 0
2472 -0.2281912038921879 0.8476709871578417 0
2473 -0.2389125189904596 0.8504003918413476 0
2474 -0.2466142159483379 0.8426775647575921 0
2475 0.3838917241799639 0.1190016661633616 0
2476 0.388588505869062 0.1034059869773341 0
2477 0.3725602606173777 0.1072000050041716 0
2478 0.4419326485777638 0.2289851948870368 0
2479 -0.2554054386810024 0.2018958411676158 0
2480 -0.3656245124568007 0.9237255289338233 0
2481 -0.387067499417481 0.3844467583348654 0
2482 -0.3992657399896432 0.3874960607875482 0
2483 0.02135677001076821 0.6507187089812971 0
2484 -0.3905223845498621 0.3964879421186478 0
2485 -0.4026555621632015 0.3995470611183899 0
2486 -0.4113512717945834 0.3906308649673112 0
2487 -0.4147114577316869 0.4025847284290956 0
2488 -0.4233535943607274 0.3937625903114388 0
2489 -0.4266738425309494 0.4056364949894625 0
2490 -0.4180845737989007 0.4144481290297837 0
2491 -0.4299901596801236 0.4174640738298848 0
2492 -0.4214462427216211 0.4262405430935998 0
2493 -0.4332794513202115 0.429233275003027 0
2494 -0.4247879815783618 0.4379766432890652 0
2495 -0.4365934503602825 0.4409274740925476 0
2496 -0.4281232335391836 0.4496619910170894 0
2497 -0.4163174170317747 0.4467064527198788 0
2498 -0.4196609836031414 0.4583946844487681 0
2499 -0.4314348382253466 0.461335667857517 0
2500 -0.4230029536264344 0.470048992970949 0
2501 -0.4349447168416966 0.4729497047612806 0
2502 -0.4260509298772061 0.4817503548596578 0
2503 -0.4382306377665711 0.4845739161368606 0
2504 -0.4293260003628894 0.4933507100627169 0
2505 -0.4352880976354875 0.3968336691592024 0
2506 -0.4095256972625761 0.4232900420075077 0
2507 -0.4412957798497582 0.4961931390937953 0
2508 -0.4328733935397469 0.5048954841883199 0
2509 -0.4437358661322717 0.4640891826022414 0
2510 0.3144246364674936 0.9372823184960459 0
2511 0.3182888693824035 0.9483853210769807 0
2512 0.09954146544849027 0.6269726602473767 0
2513 -0.4134661329354865 0.4800686977688496 0
2514 -0.3510228274114156 0.7506916007390002 0
2515 -0.3479157116095064 0.7396371750664152 0
2516 -0.4381064311527266 0.2502550240689227 0
2517 -0.441682164584056 0.2627611381378846 0
2518 -0.4396537446466418 0.3306562719002477 0
2519 -0.4364301668847211 0.3187737318126522 0
2520 0.04509555144881537 0.1111409996681112 0
2521 0.03015836923156418 0.1144311410076253 0
2522 -0.2660224735945656 0.4124445966068465 0
2523 -0.07783517315322359 0.179459740625787 0
2524 0.2574414707110951 0.7206939427850455 0
2525 0.4304243982074434 0.298234813016462 0
2526 -0.3302476299188696 0.4272802676696233 0
2527 0.2611424233771749 0.6370331347810505 0
2528 0.2578549823680388 0.6482025371061215 0
2529 0.2498409781273871 0.6397417889985438 0
2530 0.2466571051963067 0.6509917160945276 0
2531 0.2385962690873432 0.642457909156442 0
2532 0.2352425942586177 0.6535265789127133 0
2533 -0.3690278055604466 0.2066480158042381 0
2534 0.1722633730211184 0.3415844608637698 0
2535 -0.3415341469680545 0.8327901342322711 0
2536 -0.3384509758023843 0.8217145205708398 0
2537 -0.3304087865304967 0.8298971744600929 0
2538 -0.3273359610175986 0.8188680264980027 0
2539 -0.3193264884747979 0.827015561884026 0
2540 -0.3162778020903232 0.8160136728333751 0
2541 -0.3082953585936607 0.824149408201771 0
2542 -0.3242552704355583 0.8078738671063439 0
2543 -0.3132222032618874 0.8050355739747217 0
2544 0.1257738865235354 0.2581313532711912 0
2545 0.1649917331771532 0.6620859425054657 0
2546 -0.3728323309625111 0.6855854200021879 0
2547 -0.3647825906435299 0.6939155666887912 0
2548 -0.3615932045599657 0.6827932654736194 0
2549 -0.3535618230392428 0.6911069341077818 0
2550 -0.3503746325979105 0.6799997564446905 0
2551 -0.3423609423589715 0.6883139011964152 0
2552 -0.3391684745581335 0.6772157490283521 0
2553 -0.345575607370967 0.699260764858421 0
2554 -0.3343750342718605 0.6965853347585417 0
2555 0.426949827584419 0.3865906050608848 0
2556 0.4388934699293069 0.3837091376876641 0
2557 -0.3112440594994403 0.8352374516744604 0
2558 -0.3002912898403389 0.8322619679572256 0
2559 -0.297307441606537 0.8212809930508691 0
2560 -0.28935135204569 0.8293836337874209 0
2561 -0.2927531386045514 0.8403160402550808 0
2562 0.4429012150195953 0.7123044680543842 0
2563 0.4397428329420064 0.7236876007794211 0
2564 0.4282241311464686 0.5362547785452101 0
2565 0.439736246889707 0.5332731730000517 0
2566 0.4365631421875765 0.5447131751470996 0
2567 0.3509183527681957 0.6624722712713238 0
2568 -0.396347494276417 0.5437830335635563 0
2569 -0.4047291735212011 0.5351945150786505 0
2570 -0.4079853297683638 0.5467267367599007 0
2571 -0.416347726500413 0.5381620244895217 0
2572 -0.4195931723920159 0.5496857354359056 0
2573 -0.4279397792619493 0.5411224369457052 0
2574 -0.4311841694406743 0.5526224259937473 0
2575 -0.4395178383082048 0.5440758746255376 0
2576 -0.4427468524148729 0.5555661663793792 0
2577 -0.4344272152533099 0.5641077172862357 0
2578 0.3705559316213349 0.5512670824937984 0
2579 0.3621952577822894 0.5427964048046512 0
2580 0.3998937659637299 0.8285739618231431 0
2581 0.1052713802690133 0.9534065207362353 0
2582 -0.0701521873119897 0.9375236698129478 0
2583 -0.07322286343052024 0.9489211043536768 0
2584 0.04099011367975797 0.9182698104683273 0
2585 0.04936587883534498 0.9266088170203056 0
2586 0.03794653981376112 0.9296877070403906 0
2587 0.04632269047693954 0.9380308786451523 0
2588 0.03489740834308785 0.9411151649497715 0
2589 0.05774248418963283 0.9349526613792234 0
2590 0.05470112653609244 0.9463808212230751 0
2591 -0.01230759951115014 0.8796346772690691 0
2592 -0.02067402130634857 0.8712927007919093 0
2593 -0.009265601704540867 0.8682212250161667 0
2594 -0.08156071745425512 0.9405797065764632 0
2595 -0.03208078817981294 0.8743604204136958 0
2596 -0.02903755489335003 0.86295266111807 0
2597 -0.04043814775810119 0.8660220339033591 0
2598 0.4059142217189967 0.6164018678709605 0
2599 0.4142140391687304 0.6248238294363896 0
2600 0.417360812883793 0.6134225724152652 0
2601 0.4256629247029171 0.6218503572911711 0
2602 0.4288118447760318 0.6104446099194113 0
2603 0.4369542575558271 0.6188303021148163 0
2604 0.4338935361250914 0.6302583434933848 0
2605 0.440078940912831 0.6074138093409556 0
2606 0.2547956365947369 0.7666844266940793 0
2607 -0.3529797410631256 0.5436466271827376 0
2608 -0.3446114995800174 0.5522781012379639 0
2609 -0.3413052123868708 0.540713108474705 0
2610 -0.3329180284824388 0.5493716319765185 0
2611 -0.3296044645551783 0.5377715541308606 0
2612 -0.3212240629797381 0.5464662495325525 0
2613 -0.3178603689814491 0.5348306373289555 0
2614 -0.3245573392705662 0.5580669362886662 0
2615 -0.3128662056678242 0.5551572594655405 0
2616 -0.3161804519204966 0.5667020881368459 0
2617 -0.3045379470532942 0.563819883073196 0
2618 -0.3078804260381124 0.5753289359344456 0
2619 -0.3194749327497262 0.5781919337237384 0
2620 -0.3111385407861945 0.586790492884224 0
2621 -0.3011901306865001 0.5522742540323836 0
2622 -0.3227275054060971 0.5896405551886832 0
2623 -0.3144273666057462 0.5981979860536213 0
2624 -0.3261323616004919 0.6010250044193138 0
2625 -0.3177839860225196 0.6095396738163698 0
2626 -0.3294029380975652 0.6123725006000117 0
2627 -0.3210711104507989 0.6208480435259003 0
2628 -0.3324645730755076 0.623692777271608 0
2629 -0.3243275293957336 0.6320256381870194 0
2630 -0.3356676266976784 0.6349364009415204 0
2631 -0.3282094255774439 0.6435415107404698 0
2632 0.3071641305337521 0.8324988944548309 0
2633 0.3280188413454457 0.390617993922431 0
2634 -0.216877258916494 0.4122491604191832 0
2635 0.02728201859989667 0.0710622917857513 0
2636 0.2227756204057918 0.05544057174946473 0
2637 0.3739798123465395 0.4215371145309417 0
2638 0.3945081858030611 0.9275509222928007 0
2639 0.40255873377971 0.9362263597474674 0
2640 0.4060467146551741 0.9249088181266978 0
2641 0.4141027484594309 0.9335899367723695 0
2642 0.417591855741511 0.9222668737647024 0
2643 0.425655469069219 0.9309523158430593 0
2644 0.4291425925523221 0.9196267799976194 0
2645 0.42216011181394 0.9422802468129776 0
2646 0.4337230014719189 0.9396416086439434 0
2647 0.3996486276221741 0.9475775722546055 0
2648 0.4210798727684287 0.9109433786865649 0
2649 0.4326275251677951 0.9083030581698798 0
2650 0.4245642155553285 0.899625735916828 0
2651 0.4361119451357661 0.8969810056771166 0
2652 0.4441799106950406 0.9056626868183831 0
2653 -0.2733692527470473 0.089328215045776 0
2654 -0.2687494081288361 0.07487558108340765 0
2655 -0.2786604411009155 0.06351813333610747 0
2656 -0.2639769403503218 0.06072474089933845 0
2657 -0.2544211017186598 0.0717384498621729 0
2658 -0.2497175064541995 0.05813569983937592 0
2659 -0.240574188425449 0.06860458317330237 0
2660 -0.2359787530715459 0.05545601532169213 0
2661 -0.227126060488507 0.06579618314989127 0
2662 -0.2227621696502128 0.05312050760894496 0
2663 -0.2142225182981806 0.06309799408574034 0
2664 -0.2099677269407907 0.05082891709328797 0
2665 -0.2015671272954559 0.06055666546091261 0
2666 -0.1974349243802096 0.048528799488716 0
2667 -0.1890395569393922 0.05860357170081924 0
2668 -0.1849695217956101 0.04630746139446693 0
2669 -0.1766909667829022 0.05629568519179251 0
2670 -0.06371645825366358 0.1757825495276332 0
2671 0.4294983170510908 0.6841003338582512 0
2672 0.4409268973631451 0.6811355141217371 0
2673 0.432644039973369 0.672715702472739 0
2674 -0.1175620439825254 0.9184484363527234 0
2675 0.3301664141978399 0.7545903310030201 0
2676 0.4319267127427424 0.5990235016674215 0
2677 0.4433842969088055 0.5960403924354416 0
2678 0.4350930856507334 0.5876083626077631 0
2679 0.2046212400381829 0.8656127663973419 0
2680 -0.1362672523481129 0.8711945113446495 0
2681 -0.133302896094513 0.8600719770142036 0
2682 -0.1443917392818626 0.8630562991673534 0
2683 0.4302235898397169 0.9509803962840105 0
2684 -0.3471958703719107 0.6688854845342048 0
2685 0.3438912729043398 0.9181000221416473 0
2686 0.00397692324752675 0.593020471313062 0
2687 -0.08463535124413873 0.9519966889530835 0
2688 -0.0929589797837852 0.9435883590400431 0
2689 -0.3814170636265387 0.8638800715198602 0
2690 -0.373250505567613 0.8721972082773537 0
2691 -0.1216322598332902 0.4833728266530481 0
2692 -0.03773993550318863 0.5268234667342374 0
2693 -0.1759037267089791 0.79552025917262 0
2694 -0.2111468708279599 0.9224875541368923 0
2695 -0.203023430229835 0.9306514419110095 0
2696 -0.214166795164254 0.9336155670569788 0
2697 -0.2059606158550335 0.9417289197360077 0
2698 -0.1948202988646245 0.938809860043965 0
2699 -0.2168329323930132 0.9446970509767894 0
2700 -0.3128670234172161 0.6291538649969646 0
2701 -0.3010221950047225 0.7179516197796572 0
2702 0.4302245667240739 0.3750782886839418 0
2703 0.4421778697068838 0.3722000611964807 0
2704 0.4334617314743348 0.3635559922464314 0
2705 0.2657348024944029 0.4603896214477674 0
2706 0.1194748414829814 0.3193634013560969 0
2707 0.444889764294424 0.3605309606439246 0
2708 0.4366007598489398 0.3520063276482945 0
2709 0.4480078372436241 0.3489756128011686 0
2710 -0.06772272852394426 0.5423186780575802 0
2711 0.4440806041005952 0.6697501090577611 0
2712 -0.4419339262467237 0.4203072658500314 0
2713 0.4398850310819508 0.34025129630503 0
2714 0.1565687634754082 0.8761827621008722 0
2715 0.1491112659877702 0.8844872218059839 0
2716 0.1453708424902848 0.873966198455209 0
2717 0.1378601040883412 0.882314852928002 0
2718 0.1341925301087602 0.8713817330327708 0
2719 -0.3263016123005819 0.5260873170888206 0
2720 -0.3144685468780274 0.5231201364280912 0
2721 -0.2496983581967244 0.8531057127449718 0
2722 -0.2571421713551219 0.8457221037514909 0
2723 -0.441199999894296 0.8904701295148125 0
2724 -0.4443685694399545 0.9018598689227997 0
2725 0.2994216792218274 0.9549881331860683 0
2726 -0.1726550821920175 0.04401020616765824 0
2727 -0.1643980359303481 0.05411449130191955 0
2728 -0.160398334392987 0.04169016827406447 0
2729 -0.1521464121676833 0.05181616988613042 0
2730 -0.3060770633625949 0.6067585162300095 0
2731 -0.1434728249304208 0.6237879379650011 0
2732 -0.3229869070884682 0.5143247828840256 0
2733 -0.3110665420241784 0.5113158038403006 0
2734 -0.3025252342754487 0.5202000372983552 0
2735 -0.2991377986979507 0.5082991153334278 0
2736 -0.3076893405818558 0.4993869790408166 0
2737 -0.2956202546196511 0.4963813046194841 0
2738 -0.304292623882162 0.4873543753851126 0
2739 -0.2921007649610832 0.4843162813835775 0
2740 -0.3008850848598075 0.4752119011716219 0
2741 -0.2885674936452572 0.4721640794866964 0
2742 -0.2974257691312464 0.4629858981303411 0
2743 -0.2869964892911203 0.5054113593396365 0
2744 -0.2850006833940016 0.4599155050327577 0
2745 -0.2797743821275465 0.4813390586841547 0
2746 -0.2938936842971757 0.4506988995239856 0
2747 0.03126657945110376 0.4396129181497146 0
2748 -0.4459747416401068 0.5670399692044089 0
2749 -0.4376561154735769 0.575570772225741 0
2750 0.446566928321222 0.5846261317120135 0
2751 -0.3913600524804998 0.3177222282964314 0
2752 -0.1951643374877681 0.5800583225162261 0
2753 -0.2056538981814159 0.3625378820512491 0
2754 -0.1962161108766413 0.3724884172629513 0
2755 0.3395714099983438 0.66542721641749 0
2756 0.3426833839721406 0.6541256607472943 0
2757 -0.3158668921335205 0.192677730896969 0
2758 -0.1059869633800295 0.05143819289107174 0
2759 0.3773383821330153 0.09124473159158226 0
2760 0.3610145100904211 0.09508464840920297 0
2761 -0.4282472716601537 0.2128397615267361 0
2762 0.4215091782836722 0.8653197677078606 0
2763 0.1856993213777823 0.813535531366835 0
2764 0.2034798528093836 0.5026347046758327 0
2765 -0.4445484427294212 0.5076935879762569 0
2766 -0.2994766711781375 0.5839806223628703 0
2767 0.1545893649469817 0.6591265382374814 0
2768 0.1570862911615987 0.6701685063848312 0
2769 0.4413504465436303 0.9487527773978442 0
2770 0.08592834608727021 0.5098766744833343 0
2771 -0.1414912185911832 0.8520400341085559 0
2772 -0.15246427037592 0.8550591381620347 0
2773 -0.3131269223402615 0.4783469079734513 0
2774 -0.04199202443467701 0.951203506464612 0
2775 -0.03068738244493047 0.9476207810120343 0
2776 0.2874356873507598 0.8603191672283496 0
2777 -0.1977706771333857 0.9499347712574848 0
2778 -0.1866046003028496 0.9470098903681019 0
2779 -0.443520485336114 0.7861443914568931 0
2780 -0.4403315923803282 0.7748540725374521 0
2781 -0.2814021094063131 0.4475670912051757 0
2782 -0.2724635649676717 0.4568716114438072 0
2783 0.396729279401499 0.8399158196551355 0
2784 0.3884900155761809 0.8315143077795992 0
2785 0.3589297599464859 0.5538417845157759 0
2786 -0.3392506654030821 0.3382291502816481 0
2787 -0.3301719703779455 0.3471743192198114 0
2788 0.1024680801856953 0.5521123841637282 0
2789 0.0742757310690539 0.06375322479214969 0
2790 0.2261467331483326 0.04328489357752648 0
2791 0.2350900725433282 0.05242334728283543 0
2792 0.4464420458252557 0.9378023310677601 0
2793 0.3454791272553884 0.7414928140153304 0
2794 0.4424140144599695 0.2949817063475748 0
2795 -0.4467066358038193 0.7974544086193907 0
2796 0.1296680082234937 0.2452119536463504 0
2797 0.1389102275870037 0.2550504077565339 0
2798 -0.01722372574907859 0.06225835244819491 0
2799 0.2385030802619011 0.03998683753690317 0
2800 -0.2928463062117955 0.5609507235992506 0
2801 -0.2894729860757885 0.5493565302568535 0
2802 -0.04218220201700626 0.6572534446214277 0
2803 -0.05390455641512055 0.6544988311322132 0
2804 -0.03043085718804311 0.6599882272172212 0
2805 0.1564343218179215 0.9190926306972719 0
2806 0.1645622492664884 0.9268561050428334 0
2807 0.1615752577959287 0.9380033268931409 0
2808 0.1727983889448941 0.9349497538334745 0
2809 0.1698274505320372 0.9461970688264396 0
2810 0.18105816988262 0.9431248302107524 0
2811 0.184016322717088 0.931873919969243 0
2812 0.1922755968845372 0.940048728151937 0
2813 0.1952241482853537 0.9288067404594812 0
2814 0.2034858115096301 0.9369788032502192 0
2815 0.2004650531099119 0.9479191547400458 0
2816 0.2116793429512049 0.9447936656685543 0
2817 0.2143374927346722 0.9341780495287273 0
2818 0.2229399029702953 0.9420367095184693 0
2819 -0.4078456756677743 0.4554546468318589 0
2820 0.2652848387182833 0.7290467859785553 0
2821 0.244985127352232 0.6929652796694181 0
2822 0.1678111947056881 0.7910287656793962 0
2823 0.1749224983128822 0.7826681077181858 0
2824 0.4445406246069441 0.8599245953237357 0
2825 0.4408329683237311 0.1944213028504365 0
2826 -0.4408721811962144 0.2161804383587494 0
2827 0.06762920771802736 0.8582467758028878 0
2828 0.05623926249946013 0.8612935573524858 0
2829 -0.4198701700740917 0.5035429890540047 0
2830 0.07901485021873245 0.8552022385250875 0
2831 0.08734461537577223 0.8635381571671388 0
2832 0.446494359852925 0.6279854916916057 0
2833 0.2476442896897248 0.0490802171839829 0
2834 -0.3211698172500921 0.7969059481169068 0
2835 -0.05735032055963457 0.6429793549146079 0
2836 -0.06562460584243049 0.6517454242590948 0
2837 0.4475849824350681 0.848060415864534 0
2838 0.4476657206026785 0.8943326088797163 0
2839 -0.2430220520659557 0.860677054876021 0
2840 -0.2372975057459693 0.7158548301125971 0
2841 -0.2604837009539361 0.8559282038163506 0
2842 -0.3068576120918031 0.2867231357911427 0
2843 -0.3032040114439342 0.2737427744529605 0
2844 0.2401635697372272 0.6002139313922233 0
2845 0.2368395300637983 0.6114259492564449 0
2846 0.2202279761019424 0.9531095222595987 0
2847 0.2313542745263344 0.9501918793792055 0
2848 -0.1481371199738793 0.03934517578528458 0
2849 0.07778987686299824 0.6213055873889652 0
2850 0.4482237636517062 0.3918725182662053 0
2851 0.1242283404872648 0.4860488981117377 0
2852 0.1121248523063523 0.671443348317567 0
2853 0.1228109473317075 0.6741071994089962 0
2854 0.09908765186640447 0.540501138860171 0
2855 0.3759869959369953 0.9528068394681712 0
2856 0.3645866524799402 0.9552981400147088 0
2857 -0.3101613192443713 0.7941035016964166 0
2858 0.2221306010499719 0.4084515204533631 0
2859 -0.03782404225896481 0.8540959860255326 0
2860 -0.04879533087661239 0.8576873321203236 0
2861 0.2741087303251876 0.3849571250929106 0
2862 0.2825057764969678 0.393635703569942 0
2863 0.2162011674996592 0.2733162088119518 0
2864 0.2250790117105364 0.2827790490601825 0
2865 -0.04084623296483025 0.6253304491532414 0
2866 -0.03249075682334383 0.6164816800608521 0
2867 0.3026932754609474 0.8734393508900377 0
2868 0.3065340820488461 0.884414179628728 0
2869 0.3141540188813648 0.8756068703827469 0
2870 0.31798110130875 0.8864504855821234 0
2871 -0.244913116315137 0.04504548676579315 0
2872 -0.0961036194055595 0.9548188646697064 0
2873 -0.1043513189933056 0.9466194119998133 0
2874 -0.1075907549882039 0.9575528425249094 0
2875 -0.1157971405502393 0.9497558431353395 0
2876 -0.02902209089079297 0.05039368730219478 0
2877 0.3506405249917108 0.7781570802700585 0
2878 0.4386541575785504 0.30708858636633 0
2879 -0.1823607674863065 0.2834723629532161 0
2880 -0.1691026165164478 0.2802422913125059 0
2881 0.276063274066067 0.8581581794115191 0
2882 -0.4529274503768314 0.4991126937845814 0
2883 -0.0249216011805055 0.4482126923786914 0
2884 0.01297912698828355 0.6595095036481348 0
2885 0.02470693318839198 0.6620928477035491 0
2886 -0.4441802653946079 0.1502071015174427 0
2887 -0.4408422776477556 0.1367936280525805 0
2888 0.2320040849536114 0.8392733484433069 0
2889 0.005897810649208935 0.5139448871661466 0
2890 0.01828938165977112 0.5170818702847622 0
2891 0.3399022346371151 0.5862817569938723 0
2892 0.3371447326907495 0.598381764445221 0
2893 0.2747662762227078 0.5175463374799858 0
2894 0.1462987850039472 0.03874611924025427 0
2895 0.1330828116948557 0.04035806711897147 0
2896 0.1896945947118625 0.05254796304717668 0
2897 0.0510505351598358 0.6047365900345784 0
2898 -0.4319632921942248 0.3850411146011057 0
2899 -0.4438192657515383 0.3881086479229925 0
2900 0.4453700315113128 0.1457749488510484 0
2901 0.3294789274527526 0.6554609703623485 0
2902 0.3344478772417368 0.6457817840457437 0
2903 0.4455992349232992 0.8167953945696784 0
2904 0.4487627828166388 0.8054084410779716 0
2905 0.4380589876709522 0.2414874439572833 0
2906 0.4492746693886955 0.4988634141019445 0
2907 0.348342778759608 0.7301606099427111 0
2908 0.3410336121101796 0.7219993054738025 0
2909 -0.02606809933182882 0.8514565141413029 0
2910 -0.3345007622705787 0.5924841539739916 0
2911 -0.2863297376470449 0.818502725040017 0
2912 -0.3625192681786148 0.9123924295773371 0
2913 0.2482913717975097 0.6819809268904629 0
2914 -0.4063388142193192 0.2186433909063868 0
2915 0.3475091466788146 0.7894217087100569 0
2916 0.3556935848802665 0.7977686605802116 0
2917 -0.3541342742747334 0.7616769384573786 0
2918 -0.3456985400251146 0.7711229293636299 0
2919 -0.4261290923470138 0.5726423448267115 0
2920 -0.4293704811546512 0.5840861446091077 0
2921 -0.4408768907139356 0.5870103154128306 0
2922 -0.4326046760090321 0.5955109925426636 0
2923 -0.4440962174216528 0.5984272222628169 0
2924 -0.4358242574827055 0.6069172823298019 0
2925 -0.4243497998265048 0.6040079709036008 0
2926 -0.4275667929059069 0.6154013181369165 0
2927 -0.4390319028311875 0.618303229985947 0
2928 -0.4307886219440673 0.626775354960051 0
2929 -0.4422344651742703 0.6296788201493559 0
2930 -0.4339050248780505 0.6381637382460342 0
2931 -0.4454214419776044 0.6410457676628363 0
2932 -0.4370950340504851 0.6495255003889493 0
2933 -0.4483359395949478 0.6524820541061876 0
2934 -0.4403429181712444 0.6608618821207038 0
2935 -0.4514967985356563 0.6638423387574235 0
2936 -0.4435475893279098 0.6722079472672166 0
2937 0.2820015884152139 0.7769022452181135 0
2938 -0.3322196832866296 0.799721425423501 0
2939 0.4326126485625059 0.4818830399201467 0
2940 0.4441216430956295 0.4789000808144325 0
2941 0.09393711232363193 0.9564747304302992 0
2942 0.2378286946861119 0.7419581341517127 0
2943 -0.2035110540459615 0.5889681202672876 0
2944 0.1417610224469472 0.4689101988019772 0
2945 0.1388910722469322 0.4568904652080369 0
2946 0.1452508192586607 0.4808595413052411 0
2947 0.2434793548585428 0.588975214861259 0
2948 -0.1254997215780392 0.47063409828923 0
2949 -0.1346742303542172 0.4803316919278637 0
2950 -0.159659904017649 0.2901049820613603 0
2951 -0.1558286590839968 0.276981262079695 0
2952 -0.3266367195485669 0.334546551593081 0
2953 -0.3175171376091417 0.343865641655432 0
2954 -0.3138652154416496 0.3311183947476249 0
2955 0.2685154843847483 0.8669137350735069 0
2956 0.415363594517182 0.3895654734548646 0
2957 0.3100612290389665 0.6149241970211031 0
2958 0.4382545846131533 0.5761956620367874 0
2959 0.4497306786977427 0.5732157727911678 0
2960 0.1557413814828527 0.2192471063387394 0
2961 0.3960624310768738 0.458893552033145 0
2962 0.1921413224900581 0.5335901680105807 0
2963 0.2594172878377439 0.6792239553817413 0
2964 0.2133734781513527 0.8334793852476006 0
2965 0.1780957498565208 0.9544078453977681 0
2966 0.3473697768468549 0.9068533024894503 0
2967 0.3361265389566765 0.909246757434949 0
2968 0.2000493228416938 0.6405578702374902 0
2969 -0.05044204947456989 0.6659829055925469 0
2970 0.2625846170938489 0.4720432598330992 0
2971 -0.02751142912735723 0.9365998257888923 0
2972 -0.01913125590446111 0.9449588964025168 0
2973 -0.02248028985985613 0.9566251168850711 0
2974 -0.01081589476564741 0.9532739685663324 0
2975 -0.1517231004443992 0.6325623299549931 0
2976 0.1743978605159428 0.2947482200694533 0
2977 -0.007694618249234631 0.9419333214990919 0
2978 0.000684856079608331 0.9503168053347505 0
2979 0.4357921016044957 0.6613264711635866 0
2980 0.4472345037662459 0.6583588608354232 0
2981 -0.2737983693267541 0.0492119551490707 0
2982 -0.2891765505089645 0.05215788115673515 0
2983 -0.1303803859759527 0.848948931390432 0
2984 -0.4289628207461116 0.771954234838868 0
2985 -0.4371376061672585 0.7635559494634532 0
2986 -0.4481470159004334 0.7665457317073084 0
2987 -0.4452560849914052 0.7551632264450128 0
2988 0.4513190834510135 0.6043173330376401 0
2989 0.08874315610503683 0.9368646716887437 0
2990 -0.2784379251607452 0.8265344815394161 0
2991 0.3446904563304304 0.6850705481606558 0
2992 0.3529134856293531 0.6934190271087242 0
2993 -0.2181083527866845 0.04089157556878531 0
2994 -0.433929387070643 0.7522710523120445 0
2995 -0.4420560014933912 0.7440318736386896 0
2996 0.1408484382895747 0.8266146710968978 0
2997 0.04049317577866196 0.1257538645365316 0
2998 0.0228365141917381 0.1295421457076654 0
2999 0.03216064929502112 0.05621532545586852 0
3000 -0.3246351926450093 0.9215052545807552 0
3001 -0.3895168324842062 0.855593479175131 0
3002 -0.1399942933418002 0.04880944423462461 0
3003 0.1736602540977257 0.5817579701828325 0
3004 0.3270521243927413 0.4336538964804276 0
3005 0.3185634925294358 0.425020932399333 0
3006 0.3355855345798161 0.442276229432512 0
3007 -0.0930452644291169 0.04733034507093215 0
3008 -0.3590018136026554 0.7424246739255882 0
3009 -0.3558388151492089 0.7315366128570983 0
3010 -0.09642060917623554 0.1474220197341343 0
3011 -0.1100027375211772 0.1508537779326797 0
3012 -0.08256629533468343 0.1433318594581312 0
3013 -0.1195742054750723 0.1407595376879751 0
3014 -0.1235108830341895 0.1540439219192923 0
3015 -0.199695260867897 0.7736821572684951 0
3016 -0.2102852533664516 0.7711834221530568 0
3017 0.3135395635771544 0.5234150892842823 0
3018 0.3024323462540112 0.5259904999453568 0
3019 0.07747767223880107 0.4406561669590787 0
3020 0.07399481629780744 0.4282434045121398 0
3021 0.08296217590481426 0.4190760850404741 0
3022 0.1292890370800329 0.5386647487447687 0
3023 0.1869871540109858 0.920663251917279 0
3024 0.351451177138884 0.3067446149935674 0
3025 0.3548656898644748 0.294771946255204 0
3026 0.3461446796069966 0.2857950865776161 0
3027 0.1155864360064735 0.6817551884575725 0
3028 0.1260511318156408 0.6846499133484814 0
3029 -0.1595515257999872 0.7045872079063412 0
3030 -0.1672759610511264 0.712656813757819 0
3031 -0.1517223060718974 0.6964670672548079 0
3032 -0.1547852016912031 0.6856160933457993 0
3033 0.16685321060255 0.9574907557320534 0
3034 -0.3126592923091474 0.2641799119119678 0
3035 -0.2995656634522804 0.2606874606130212 0
3036 -0.0864222667110103 0.4798482134684536 0
3037 -0.0901623490856104 0.4670041621379947 0
3038 0.318078905097287 0.6234574550043593 0
3039 0.1671545488191783 0.5590430585634698 0
3040 -0.1995059991704984 0.2998150490254004 0
3041 -0.2033783058730836 0.3129394896499648 0
3042 0.4480645382569197 0.541725288612704 0
3043 0.4512402647989148 0.5302940723807382 0
3044 0.0903925699385914 0.8521647169889527 0
3045 0.09870683423106819 0.8604743897526876 0
3046 -0.05913092029531553 0.252731682737296 0
3047 -0.04518362266046685 0.2492852350367694 0
3048 -0.07300808313150946 0.2562374127393218 0
3049 -0.08293242542384449 0.2460481622689955 0
3050 -0.08675095952855434 0.2596841841915011 0
3051 0.1510625934694476 0.6483565237486875 0
3052 0.4094727775019188 0.1783293089788806 0
3053 0.1223046776306395 0.5156639976395607 0
3054 -0.4482896770905361 0.3219363975448807 0
3055 -0.4450848727982238 0.3100910337454019 0
3056 -0.4331651575438659 0.3069256677933857 0
3057 -0.4418090097547628 0.2982030894726878 0
3058 0.2062700023447316 0.7739408904499796 0
3059 0.280713188383412 0.4456033696783182 0
3060 0.2924268696353797 0.4426082713501008 0
3061 0.3506706096431454 0.5457331210086839 0
3062 0.3538326082809277 0.534310102128287 0
3063 0.3422336632831222 0.5373510053525654 0
3064 -0.1189960529303007 0.9605662426896322 0
3065 -0.1268953769332898 0.9521513403417259 0
3066 -0.3377802889186347 0.7073560783827542 0
3067 -0.06401926066461984 0.9566596456758301 0
3068 0.1415712792968372 0.8931528001662593 0
3069 0.1302813292680577 0.8909213828446119 0
3070 0.121671429295333 0.6335720326914644 0
3071 0.1931578577478536 0.0405700138243866 0
3072 0.4531919663498686 0.07378017077821725 0
3073 -0.4545905987554593 0.07259719400545644 0
3074 0.1584564877505547 0.1173793170692078 0
3075 0.1459377854580806 0.1205781067720758 0
3076 0.4514068218527035 0.3374991741710068 0
3077 0.04029199467805414 0.4305001893929783 0
3078 -0.3264382903215331 0.7048087957980199 0
3079 -0.3232301684255177 0.6938263916553959 0
3080 0.1204165764063933 0.4288113603752983 0
3081 0.4505905172504877 0.2382012328958207 0
3082 0.3794948398094583 0.1343778275143033 0
3083 -0.1686525472543597 0.06719086022007649 0
3084 -0.3352920632874593 0.9249532011630018 0
3085 -0.18977780051579 0.9577455094994825 0
3086 -0.1784135932432085 0.9551776713754412 0
3087 -0.1753714501725975 0.943990811702825 0
3088 -0.1671352181758545 0.9522318299081591 0
3089 -0.1641623687689268 0.9410226990596492 0
3090 -0.2009375420698997 0.9612727335171541 0
3091 -0.4501220005787041 0.2536462006825757 0
3092 0.4525013372154193 0.6779426582395641 0
3093 -0.1558783576211659 0.9492311866634415 0
3094 -0.1584252746135361 0.9597155442257735 0
3095 0.1856958957674519 0.2574890323541736 0
3096 0.1729072139832725 0.2605381712145624 0
3097 0.4054724799839716 0.1002186336186853 0
3098 0.3255485342168721 0.9396313245554443 0
3099 0.3297732192091932 0.9506319630584101 0
3100 -0.2451108826381109 0.7238414792154504 0
3101 -0.2417428785875451 0.7346669621761006 0
3102 0.2343574697181092 0.9393349659084944 0
3103 0.2426257369077941 0.9471316581051902 0
3104 0.2395608887411287 0.9579711895902534 0
3105 0.250870492648241 0.9549083594133034 0
3106 0.2538764299265499 0.9438592875397618 0
3107 0.05968345429257665 0.8496981701213483 0
3108 0.04806958638557086 0.8533457315317003 0
3109 -0.3063405220050069 0.453802170078734 0
3110 -0.3028245858562311 0.4414959569772888 0
3111 0.1017411497765089 0.8491332930130941 0
3112 -0.1359125179473862 0.03688437203870394 0
3113 0.1171043505215356 0.4164371419158226 0
3114 0.3522934734154455 0.7191749386985247 0
3115 0.1100355094011119 0.8574337793707454 0
3116 -0.4549744963632012 0.6751111367926075 0
3117 -0.4467919951564794 0.6835336098896412 0
3118 -0.4354023934331802 0.6806370163706156 0
3119 -0.4385963856291857 0.6919684096409938 0
3120 -0.4499976915008262 0.6948615231116074 0
3121 -0.4417868410109787 0.7032921722734045 0
3122 0.2105978763911234 0.643593934596266 0
3123 -0.4515121235741384 0.3337280262411086 0
3124 0.453696089318391 0.3685920689492138 0
3125 -0.4537087373837231 0.3013922488150433 0
3126 -0.4504923451605242 0.2893955143069072 0
3127 -0.1386202542702751 0.8409757254242424 0
3128 -0.4567819444609541 0.6452662676318608 0
3129 0.3415814105712752 0.6963590389044143 0
3130 0.1640566204380074 0.7806993854887111 0
3131 0.1712175470419657 0.7722561153503784 0
3132 0.449834860363823 0.303712359649531 0
3133 0.4540471523330727 0.2918552050199447 0
3134 0.3582957747883118 0.2827178460034461 0
3135 0.3495338299071951 0.2736461065144736 0
3136 0.1587662276956277 0.03614498183481052 0
3137 0.1021901372835238 0.9645724250199615 0
3138 0.1135863837873029 0.9616790304083678 0
3139 -0.2151015269075472 0.3525862366154517 0
3140 -0.218991192766581 0.3657278018817522 0
3141 0.2182303026728898 0.4207485807551672 0
3142 0.227116484672009 0.4294565137405587 0
3143 -0.2071488277505315 0.781607749351908 0
3144 0.4467625338810731 0.2505111780332963 0
3145 0.03544039399558504 0.1403353866212011 0
3146 0.2513310531339088 0.03642701778280123 0
3147 0.2608816227652556 0.04596641572856013 0
3148 -0.4373444234932973 0.2040710943019331 0
3149 -0.4238175758113434 0.2019317779710219 0
3150 -0.449943666813317 0.2070768973199353 0
3151 -0.4002058995984303 0.3088679803017105 0
3152 -0.4501197113424132 0.6208525105091023 0
3153 -0.1816976189603278 0.7682510362215602 0
3154 0.3197755022711741 0.6847526810993876 0
3155 -0.1941717580290845 0.06839761112234856 0
3156 0.1981364029500254 0.9176315549471383 0
3157 0.1072087506081958 0.2383278039397928 0
3158 0.09391005688827526 0.2414444123636975 0
3159 0.4511811826301931 0.7207272509769233 0
3160 0.4480225630526045 0.7321120836814674 0
3161 0.4365810277080248 0.7350691045524786 0
3162 0.4448591417573979 0.743502773457332 0
3163 0.454338666005858 0.7093402276631158 0
3164 0.4563071065813809 0.740544370299909 0
3165 0.453140912679777 0.7519361977818222 0
3166 0.4416942294852441 0.7548921350308486 0
3167 0.4499725407999388 0.763325888354058 0
3168 0.4385288563361702 0.7662732850543943 0
3169 0.4468034331971938 0.7747110467890117 0
3170 -0.01568393116005924 0.4386458925292177 0
3171 -0.002859122526690862 0.4419078592959199 0
3172 0.01947478071647126 0.1032644260020584 0
3173 -0.451076832277304 0.5470258041784252 0
3174 -0.4477128245237274 0.5360842406447623 0
3175 -0.4536546648581017 0.706370441326361 0
3176 -0.4451008554186049 0.7144458890991758 0
3177 -0.4526221663052207 0.8935222339626164 0
3178 -0.329123131862727 0.7887585183636154 0
3179 0.009165522437834882 0.5263245583072993 0
3180 0.3445374674382258 0.8005225734337588 0
3181 -0.2172524894877788 0.07727870308207942 0
3182 0.3537687454836849 0.7668942183686931 0
3183 -0.4378572836159171 0.28558314717946 0
3184 -0.1932037388473048 0.0367404245256311 0
3185 -0.4549164414849983 0.7890325069567417 0
3186 -0.453373460130517 0.2193897918760984 0
3187 -0.006412443627749377 0.4290725521097511 0
3188 -0.4532696088771626 0.2655040098291643 0
3189 0.2608704197641927 0.4322709366826238 0
3190 -0.2527895225807826 0.7319652062413822 0
3191 0.1314625941023101 0.6366968438380194 0
3192 -0.2937395423223159 0.2834424681018546 0
3193 -0.297767353961547 0.2990671725608864 0
3194 0.4381564514895633 0.9594577060422809 0
3195 0.4495828976895043 0.9570484296778485 0
3196 0.4266944455086583 0.9622879090136649 0
3197 -0.2676624371504903 0.8488679048427811 0
3198 -0.2713162054943535 0.85899924021291 0
3199 0.4481378250409781 0.1696614630045062 0
3200 -0.09662246169908446 0.2495863086525459 0
3201 -0.1004935420636168 0.2630789542430763 0
3202 -0.1101889790587272 0.2531017790972557 0
3203 -0.1140414275528745 0.2664916352236867 0
3204 -0.1237955137839805 0.2565648051693236 0
3205 -0.1277158976490232 0.2699943880037023 0
3206 0.3221229746660567 0.9595284803972612 0
3207 0.3433565047954751 0.5758796635898829 0
3208 0.05529449613167137 0.1224361497454171 0
3209 0.198403388500549 0.2542511461052249 0
3210 0.2622650066111066 0.9520706327919664 0
3211 -0.1379392869375297 0.2601722870262323 0
3212 0.2371243614722028 0.6846155961786311 0
3213 0.233817519109465 0.6955866672434122 0
3214 -0.2447069807207515 0.08210820099533389 0
3215 0.2832461047770296 0.4341587268623888 0
3216 0.2627841572709357 0.7585967296432462 0
3217 -0.470828321652312 0.9860666844474536 0
3218 0.4696255416265303 0.9854099478141427 0
3219 -0.4272128285469663 0.6890713925585663 0
3220 -0.4405870179615093 0.3761284936147229 0
3221 -0.4287711081565078 0.3726741318832699 0
3222 -0.4523206188389942 0.3793615618831931 0
3223 -0.4556063924194242 0.3910450911754932 0
3224 0.3658170894053758 0.0788605486268826 0
3225 0.3493441317327422 0.08291931279163747 0
3226 -0.1742368070975793 0.7604298162184879 0
3227 0.02174739897770597 0.5292410855652528 0
3228 0.03056680404561701 0.5201880088246758 0
3229 -0.003443315838369017 0.523367263171037 0
3230 0.4282145684039159 0.3434147308785604 0
3231 -0.1329648126413427 0.1440449156803029 0
3232 -0.1368251968082233 0.1573637499017375 0
3233 -0.1462447395079437 0.1472716335368102 0
3234 -0.1500403078465817 0.1605003432858826 0
3235 0.4558690875848063 0.8565125371452091 0
3236 0.4526813887326488 0.8678180040532081 0
3237 0.3337070657706122 0.961755880990538 0
3238 -0.4534881178705137 0.7467538514258734 0
3239 0.1336563129371933 0.6767257057278426 0
3240 0.1361920538806632 0.6874324317772336 0
3241 -0.3437919331567199 0.6265426602293831 0
3242 -0.3472998063158941 0.6379215914931651 0
3243 -0.4247091965187715 0.5296060104272946 0
3244 0.3447034804891702 0.09895643489672587 0
3245 -0.1593645805661206 0.1504788959239819 0
3246 -0.1632265133595855 0.1633862905568756 0
3247 -0.1724543199620573 0.153582999439235 0
3248 -0.1763107191845184 0.1664351759420828 0
3249 -0.1532387574422199 0.1738843295782858 0
3250 -0.3845486300824475 0.8751270752737423 0
3251 -0.4224800462104557 0.6352038803970916 0
3252 -0.03508256276035938 0.1232145954492148 0
3253 -0.02487952278942972 0.1347130708827869 0
3254 -0.04039833984895031 0.1364531651955813 0
3255 -0.009742297053563708 0.1310733047453759 0
3256 -0.01453757871930534 0.1459516126370922 0
3257 -0.4557050937970112 0.9048622792979414 0
3258 -0.4475173667351683 0.9132750867775058 0
3259 -0.3359496401567483 0.6661720934941077 0
3260 -0.1441136310862934 0.02754845243142268 0
3261 -0.4490854502282433 0.3677026513458018 0
3262 0.2647221241587948 0.8560116089277203 0
3263 -0.4523775309725087 0.5899361879644177 0
3264 0.1645224702881506 0.05801676534726657 0
3265 -0.1235701855890416 0.9407527673696819 0
3266 0.455748704965952 0.9030188827652461 0
3267 0.357167517248562 0.7381522976572357 0
3268 0.1818773113236581 0.7743414280855265 0
3269 0.1779383539178517 0.7639729376343213 0
3270 0.1674202669887458 0.7618469998253896 0
3271 0.174568946719218 0.7536925785530684 0
3272 0.1638089627808702 0.7513176776773014 0
3273 0.1706772723562924 0.7433292932477611 0
3274 0.1606321549232637 0.740726600732601 0
3275 0.1670871910938388 0.7325191327900106 0
3276 0.1559940492921421 0.7302734330462773 0
3277 0.1634895005379229 0.7218798900832974 0
3278 0.1526202734401065 0.7198422554042224 0
3279 0.1598430028797798 0.7113646300344927 0
3280 0.1494763151816355 0.7085676955361757 0
3281 0.1567298040994179 0.7005423942833056 0
3282 0.0988788815854747 0.5115361185219817 0
3283 -0.178534161277621 0.2703982944876434 0
3284 -0.1922029138351203 0.2734221573874842 0
3285 0.4457436811609256 0.2165271702317826 0
3286 -0.2492425544249656 0.7421404453974516 0
3287 -0.416110473412389 0.6124971856062428 0
3288 -0.4128798145995403 0.6011054152628867 0
3289 0.1427390203430528 0.6582993176792836 0
3290 0.1502135630323948 0.02724817914003401 0
3291 -0.2551511854941222 0.1125991645148856 0
3292 -0.1854972556597734 0.1566913228385388 0
3293 -0.1893489690832031 0.1695226674210605 0
3294 -0.198532750413621 0.1597799380913138 0
3295 -0.2023848912109659 0.172610838168301 0
3296 -0.1801605398657574 0.179263375087106 0
3297 -0.1552041398397029 0.6210194466531824 0
3298 -0.1469184044294848 0.6122014190123106 0
3299 0.1368320683451265 0.5614314118485699 0
3300 0.1738498762929007 0.155630748467859 0
3301 0.1866286119608049 0.1518370011206842 0
3302 0.176081141789506 0.1418737793745324 0
3303 0.190043856037481 0.1389312087821179 0
3304 0.1989231664403727 0.1485592994718733 0
3305 -0.3629180675108495 0.2296015281642357 0
3306 0.101259867749704 0.6688109158371414 0
3307 0.2571828271662374 0.8647980907829518 0
3308 -0.1482355443343569 0.6440312917321752 0
3309 -0.3361053084441246 0.3267131113123328 0
3310 -0.3049097965365706 0.3403561825455981 0
3311 0.08036214911343706 0.5895301910319806 0
3312 0.2213313332805239 0.2951662949000856 0
3313 0.2338996082380313 0.2922039424633628 0
3314 0.2301945451828135 0.3045281618063926 0
3315 0.2426894622620623 0.3015896517686082 0
3316 0.2390012521879026 0.3138451859122277 0
3317 0.2514228225422731 0.310918923313261 0
3318 0.2476511991011004 0.3232076698244764 0
3319 0.2601344341402069 0.320215053115199 0
3320 0.2563479951307943 0.3324464857739035 0
3321 0.2687824019502986 0.3294505401777363 0
3322 0.2648292468456738 0.3413846134714958 0
3323 0.2636044864163956 0.3082240964190851 0
3324 -0.03229942581219496 0.5844585894833201 0
3325 -0.0199443573086877 0.5873810289067481 0
3326 0.1069759160320406 0.8687901537970825 0
3327 0.1154502281518026 0.1448736161411701 0
3328 0.105870411282548 0.1349585272653244 0
3329 0.09239557437296125 0.1383081349797836 0
3330 0.1194716938776199 0.1308518734296766 0
3331 0.1097528064573658 0.1209533402735669 0
3332 0.02774029011709887 0.4270001581257794 0
3333 -0.3090148590909086 0.8660044418065344 0
3334 -0.2985642502575243 0.8629658853574412 0
3335 -0.2891510232092262 0.8703680178704657 0
3336 -0.2384938898730828 0.7452485891173 0
3337 -0.1773288357671249 0.7500355325938806 0
3338 0.3488276024334774 0.216729582109783 0
3339 0.3451161592041763 0.2295875862596171 0
3340 0.3355257826554587 0.2202892914037963 0
3341 0.3318655071633711 0.2329726635836283 0
3342 0.3224121278482854 0.2237520685660073 0
3343 0.3188692814431531 0.2367139735697963 0
3344 0.3094071977306637 0.227259133115874 0
3345 0.3128959658599569 0.2142205219179597 0
3346 0.2998067580882037 0.2177299701726241 0
3347 0.3031417592086872 0.2047713725641733 0
3348 0.2900832131194629 0.2081694873848755 0
3349 0.2935311271103849 0.1950507233592373 0
3350 0.2803132915747962 0.1984827818567226 0
3351 0.283682895149895 0.1853632621578499 0
3352 0.2704722591398858 0.1887425906187618 0
3353 0.2738513550723535 0.1755565147306606 0
3354 0.2606610312670924 0.1789348312194473 0
3355 0.263950457385807 0.1657692735671608 0
3356 0.2508114572756349 0.1690897108579514 0
3357 0.3275819155316005 0.2455626893397884 0
3358 0.2541851437350549 0.1558877356849655 0
3359 0.2412055023738983 0.1591172945395494 0
3360 0.2877420716805315 0.1715773191466184 0
3361 0.244609408215548 0.1460548326312695 0
3362 0.2315447926293492 0.1493220598518821 0
3363 0.3540150922267546 0.2406201622385337 0
3364 0.2287930217540985 0.6029457960459061 0
3365 0.225443278407817 0.6140144389922407 0
3366 0.2335609832984521 0.5489939298597044 0
3367 0.2302208948451632 0.5603682673873951 0
3368 0.2219759874321185 0.5517835302935513 0
3369 0.2187081355109211 0.5631561488274019 0
3370 0.226871083103111 0.5717042636725777 0
3371 -0.3022456537976815 0.8021919910773097 0
3372 0.03618098315925225 0.5900548687338077 0
3373 0.07368038141513295 0.5073426248099834 0
3374 0.2788890160077125 0.4053634456046503 0
3375 0.2909174149022573 0.4023892977799828 0
3376 0.2944886880256408 0.3906521449219135 0
3377 0.3029088146389423 0.3995174587993742 0
3378 -0.2112033158126337 0.3393835960126859 0
3379 0.348076951899812 0.3186555941126772 0
3380 0.1556559943550937 0.3572606738428558 0
3381 -0.2102478909955763 0.881448904595882 0
3382 -0.2177867555366221 0.8733764155115586 0
3383 -0.2073023693034092 0.870554885293783 0
3384 -0.3658733013774554 0.3905143733206754 0
3385 -0.3401812827773603 0.7915686054903508 0
3386 0.2658707114006224 0.656711971424589 0
3387 0.2057523657826706 0.8252788992186095 0
3388 0.2090890644198423 0.8148137063043945 0
3389 0.3670071373448545 0.2916930808530246 0
3390 0.3394034129277638 0.898194186474581 0
3391 -0.08442006583840002 0.5272382242079048 0
3392 0.06289959341299267 0.6073493247104378 0
3393 -0.3680982425126009 0.7050132275133733 0
3394 -0.3939463765524389 0.4084941887579128 0
3395 0.1675550962234943 0.9156663636453418 0
3396 0.3251267884145997 0.5203429934962271 0
3397 0.3219154659544147 0.5318607432154459 0
3398 0.2478057276603202 0.4347693380817251 0
3399 -0.3708000716375879 0.9038806634008563 0
3400 -0.3478851625078979 0.5638115022553181 0
3401 0.4372755342436558 0.4267167595253153 0
3402 0.4488474855370156 0.4237942541791822 0
3403 0.4455877596160555 0.4355638049378595 0
3404 -0.1463645649950481 0.2868606102995617 0
3405 0.3147302482477232 0.634710954523429 0
3406 0.3330226419600089 0.08687087863376688 0
3407 0.3376024445093622 0.07088600540459296 0
3408 0.3213589525961834 0.0748086563903045 0
3409 0.3259370970312707 0.05877189493825356 0
3410 0.3097046161741087 0.06277516058863286 0
3411 0.4523384767078727 0.4119765063653823 0
3412 0.4603753569279003 0.4207550504560134 0
3413 0.001357926543941891 0.6567437514022618 0
3414 0.004744750974470891 0.6681707048226599 0
3415 -0.006819663216836335 0.6654018532637462 0
3416 -0.4112133623678197 0.5582409313142366 0
3417 0.1908554827621359 0.2217756373968524 0
3418 0.2710644604968815 0.4807491680242942 0
3419 0.3633267600113418 0.6169445571158974 0
3420 -0.3279389690600824 0.6744250162209647 0
3421 -0.4177903601191391 0.581173153734142 0
3422 -0.1591963070258748 0.6422632038031459 0
3423 -0.3581066718145776 0.5981627083273593 0
3424 0.2764499891044569 0.5493025636803801 0
3425 0.1643484909403066 0.4465124552701015 0
3426 0.3570658730679848 0.946101232427069 0
3427 -0.4016409529300796 0.5234613009917886 0
3428 0.3106095148035123 0.3732571579072878 0
3429 -0.4555911381131332 0.6013505563854613 0
3430 0.4110405080350656 0.6362087277175135 0
3431 0.3170093190969689 0.5923186399531493 0
3432 -0.4305683365631554 0.7413369562395796 0
3433 0.2170329620863695 0.7767530249793084 0
3434 0.2091930978608311 0.7846693217672274 0
3435 0.219962743034693 0.7875081869204713 0
3436 0.2964297257568639 0.5062365937817552 0
3437 -0.4494631080839532 0.8820102869496838 0
3438 0.2769300732642905 0.211684075522639 0
3439 0.3724762082419665 0.9639303527236832 0
3440 0.3844761153802212 0.9616429571821294 0
3441 0.3526612704539387 0.4594372360126793 0
3442 0.4522530341371707 0.9143513875578246 0
3443 -0.4026173452455437 0.8279920296220173 0
3444 0.345787948222094 0.6428099124412764 0
3445 0.3375535151621442 0.634457924658653 0
3446 0.3972840641458037 0.4156370583115552 0
3447 0.4004946936695771 0.4040645520492137 0
3448 0.06610205217283693 0.9432915828427438 0
3449 0.06300293364396964 0.9544487773332746 0
3450 0.05157263402173998 0.9574925881066948 0
3451 0.02651872962528114 0.9327534618388956 0
3452 -0.2857195095931775 0.9322612934865815 0
3453 -0.2887950380955132 0.9435094155686855 0
3454 -0.2775540290272928 0.9405486900322768 0
3455 -0.2805855609818824 0.9518201569159545 0
3456 -0.2693253394640566 0.94884771404679 0
3457 -0.2723609607298426 0.9601482358814059 0
3458 -0.2610837254506349 0.9570128524346133 0
3459 -0.2580688271972618 0.9458330888309592 0
3460 -0.2497887859398777 0.9539958561552146 0
3461 -0.2470393523696778 0.9426681646787478 0
3462 -0.3464833210586969 0.8135047596879128 0
3463 0.0448730609545748 0.8644054944760008 0
3464 0.0365242299646928 0.8560774794494572 0
3465 0.4211144336700728 0.4847842041403301 0
3466 0.2668775500261831 0.5089323776885701 0
3467 0.2306818101750862 0.9107280344799772 0
3468 0.3616874159086038 0.3484136739969537 0
3469 -0.03451334941383429 0.8422937184465452 0
3470 0.4212211889886311 0.6757051679122625 0
3471 0.3236870812214365 0.777296192016903 0
3472 -0.1556092904590267 0.3629864983916886 0
3473 -0.1599922460431025 0.3761213341446686 0
3474 -0.1463849616872394 0.3735752125134648 0
3475 -0.1733604229186448 0.3793588475878176 0
3476 -0.1640018325431573 0.3894038096975743 0
3477 -0.08980699073296813 0.9321213043825058 0
3478 0.4267875906952506 0.5791736213832734 0
3479 -0.1269911671829085 0.1674519337854933 0
3480 -0.1964163886275447 0.4670561782183411 0
3481 -0.1054633022381428 0.8733814233859231 0
3482 -0.1024456949097158 0.8620749847657297 0
3483 -0.11077398320879 0.8538631819081914 0
3484 -0.09937426021837371 0.8510102138637904 0
3485 -0.09109856531826294 0.8590573128471096 0
3486 -0.08793956794868041 0.8482691622424088 0
3487 -0.07973033676194624 0.8560466762788155 0
3488 0.02347352286289979 0.9441867247967571 0
3489 0.03184940865950274 0.9525589486548629 0
3490 0.0150965599246347 0.9358273623313758 0
3491 0.3059978106790935 0.2401674405383268 0
3492 -0.2220930841811491 0.6995119989204699 0
3493 -0.2253523557811436 0.6888195912964031 0
3494 -0.233090709032899 0.6969137543839585 0
3495 -0.2363563229520785 0.6861422731546769 0
3496 -0.2293099594331827 0.6776544512137105 0
3497 -0.2918582766232624 0.95465903337686 0
3498 -0.2175771081278082 0.8450807935108446 0
3499 0.0204331852084206 0.9556323964651933 0
3500 0.02880486106580413 0.9640193886518762 0
3501 0.2969916973753493 0.3432372748862477 0
3502 0.0907101662868843 0.1872159179409512 0
3503 -0.3323601449028629 0.9133839173244211 0
3504 0.2074426172733905 0.6326774813595633 0
3505 0.3831528757364613 0.07533578622033396 0
3506 0.1690600443313949 0.2728271588322264 0
3507 -0.0443853228600514 0.6137901459684997 0
3508 -0.05267877363689481 0.6225581956625388 0
3509 0.3888525774183377 0.4070611242742638 0
3510 -0.2523783702990752 0.9232655757941783 0
3511 -0.4044830823462188 0.4437376350925187 0
3512 -0.3959958651664087 0.4530668945895722 0
3513 -0.3925854085331699 0.440830779052207 0
3514 -0.3988674137825281 0.4655242963961889 0
3515 0.12496162312846 0.3412844668964848 0
3516 0.1535643009746143 0.4727598700316391 0
3517 0.1572183352551909 0.4840724312511324 0
3518 -0.3832463151110218 0.8332536884296778 0
3519 -0.08279417452912344 0.8672932472928878 0
3520 0.2984188422957081 0.4115387923570831 0
3521 0.430013349675403 0.5677146565811413 0
3522 0.1044317972263338 0.4132398998984962 0
3523 0.08751896538333262 0.5373427203594981 0
3524 0.1365644511550763 0.2004639387396421 0
3525 0.1329051606147966 0.2137525402791328 0
3526 -0.1025117150957491 0.03900016137065732 0
3527 0.02226918132073386 0.4488382313211757 0
3528 0.2417536458915653 0.4815321686937053 0
3529 -0.04486309294600902 0.05462018353373289 0
3530 -0.04127973430381431 0.03887937236865719 0
3531 0.1415219756605195 0.8618269409681264 0
3532 -0.03408294158538879 0.4577528638208125 0
3533 -0.03785698826569674 0.4449820624713366 0
3534 0.2141864817732711 0.6545174332002819 0
3535 0.4284849456736624 0.2662135121555878 0
3536 -0.2541122298643747 0.8337946616598938 0
3537 -0.1586833474795228 0.9187946853377824 0
3538 -0.3569868666750146 0.7734001858083239 0
3539 -0.005463349867754048 0.07410607182951376 0
3540 -0.001279760131672527 0.05922107908846053 0
3541 -0.3373524815558336 0.3718763786799433 0
3542 -0.07141645559773407 0.8642359625141774 0
3543 -0.2115139122303891 0.1628833881305459 0
3544 -0.215457515735658 0.1757547761899041 0
3545 -0.2246447729793085 0.1659562116276835 0
3546 -0.2286140081265002 0.1789062432908855 0
3547 -0.206348373974209 0.1847039481235704 0
3548 -0.152891921882704 0.9380752225754516 0
3549 0.3220937155886995 0.9283689843647991 0
3550 0.4404406474900039 0.7970588286882647 0
3551 0.4652634570188621 0.9130478920758828 0
3552 -0.156577800712865 0.7152776174149352 0
3553 -0.1640412062055097 0.7251395947568587 0
3554 -0.1749076552393857 0.7209830542748082 0
3555 -0.0002587988703705877 0.1420171086910263 0
3556 -0.06766715250876769 0.8517119932111648 0
3557 -0.04687463785936338 0.4545863631315288 0
3558 0.2171723266340379 0.03439130648504066 0
3559 -0.002846619574769196 0.9628811171512723 0
3560 -0.1228038083637892 0.06776410334263624 0
3561 0.4391154540736546 0.8849973428933633 0
3562 -0.2513139743008928 0.882263781852958 0
3563 -0.3311881976030439 0.245268291468488 0
3564 0.3373527926766564 0.2767797617243616 0
3565 0.06911747179064109 0.9318032402960468 0
3566 0.2348068672937048 0.1362630610792858 0
3567 -0.4567435173047064 0.7176156927656178 0
3568 0.4518917136015008 0.7941086911615396 0
3569 0.4602121467796367 0.8024492765648399 0
3570 0.3215473147177058 0.4136609440233975 0
3571 -0.08750014652873671 0.964385598848765 0
3572 0.2150014383221809 0.433351009077291 0
3573 0.3154481347897095 0.436744733240557 0
3574 0.1671023340440785 0.702877247338686 0
3575 0.1635325331774969 0.6923709426301041 0
3576 -0.07720476186384979 0.4701709245749637 0
3577 -0.08133055834075843 0.4567747026857244 0
3578 0.254010625292217 0.4634200594383182 0
3579 -0.4590007556359106 0.5386876539060589 0
3580 -0.4561847982867112 0.5270106139818425 0
3581 -0.1084263128739837 0.8418728721239878 0
3582 -0.3247284389933425 0.6633529092796656 0
3583 -0.3167360106546336 0.671643050476592 0
3584 -0.3135012977321174 0.6606133237721303 0
3585 -0.4274821359865525 0.1329206232110024 0
3586 -0.4376600915081208 0.1229086116433693 0
3587 -0.4236870154480621 0.1189475471304778 0
3588 -0.4343730844795258 0.1084135054130457 0
3589 -0.4191900270966319 0.104126326991787 0
3590 -0.4480396326435567 0.1130397762580708 0
3591 0.431510509214755 0.3316617342084161 0
3592 -0.2992137899444326 0.7913019652535468 0
3593 -0.3071648234134565 0.782745448733297 0
3594 -0.2915621517505251 0.799724024800597 0
3595 -0.2250994429410088 0.9364128572683474 0
3596 0.3599955759060374 0.3156970504587955 0
3597 -0.3212144133406769 0.3562796080506373 0
3598 0.07047064049187698 0.4158204539449185 0
3599 -0.3448245133686088 0.7287694992432849 0
3600 -0.117929579207788 0.2798257751727523 0
3601 -0.238788373277569 0.9508432093167155 0
3602 -0.397209130906078 0.2279752239522737 0
3603 0.4019756178144952 0.1556833303643051 0
3604 -0.09122457369362807 0.273236928995546 0
3605 -0.2811097421715226 0.5580726605116637 0
3606 -0.2777002677600826 0.5464299068170473 0
3607 -0.2844951002268429 0.5696450512386938 0
3608 -0.2860817886089913 0.53768080340771 0
3609 -0.2738369539063529 0.5342707614649385 0
3610 0.1272158610009735 0.1025532103928275 0
3611 -0.2422357433449945 0.964424829655765 0
3612 -0.230409718876394 0.9595840766066044 0
3613 -0.05668301853897606 0.04319518601862041 0
3614 -0.2688235669089564 0.4444379890560565 0
3615 -0.2598228083130324 0.4538268170020812 0
3616 -0.277854826771764 0.4350709728605465 0
3617 -0.2634931884320628 0.4662596284500776 0
3618 -0.3526370597074908 0.7208155234187098 0
3619 0.1319159636820536 0.7215501207255361 0
3620 0.04919758734557265 0.05387502022551226 0
3621 0.03796705660916995 0.04117366608274867 0
3622 0.1428672699699835 0.2425859453702568 0
3623 0.1524753254101666 0.5447185723074317 0
3624 -0.09967730736798305 0.1604125438574457 0
3625 0.1134621123167335 0.4040916944404526 0
3626 -0.0232620197211834 0.03262352685329745 0
3627 -0.248184270674016 0.7132682577280081 0
3628 -0.3153801013920181 0.7020659920309295 0
3629 -0.4622623216530333 0.2928811300799933 0
3630 -0.3670342362018522 0.7347689827944517 0
3631 -0.2068804937690811 0.5772328681772396 0
3632 -0.1987112991028419 0.5684248124661645 0
3633 0.2898345628315678 0.3677898209621484 0
3634 -0.3839980618236959 0.4509228802818931 0
3635 0.31564753784743 0.2010776121763473 0
3636 0.08242138208258734 0.843990982373951 0
3637 0.2575438174355281 0.1924526967089189 0
3638 0.1650575899611368 0.4758709311641065 0
3639 0.1683580173142588 0.4867088156308286 0
3640 -0.06310297662270635 0.2662829972800099 0
3641 0.2038488519182346 0.1193464835484774 0
3642 -0.3879699437009266 0.3054949977979415 0
3643 -0.3790394161010803 0.3144521239586268 0
3644 -0.3755299128117221 0.3023413852372937 0
3645 -0.3668238091696723 0.3111831744298033 0
3646 0.2535513240645069 0.8540376152605855 0
3647 0.09770381829621261 0.2284694669003443 0
3648 0.08442233146349755 0.2314941319646135 0
3649 0.08825574058233855 0.218405263831905 0
3650 0.07490062058047411 0.2214210128633292 0
3651 0.07098029307878476 0.2346539273299668 0
3652 0.06133004638586526 0.2245572883585966 0
3653 0.05745438050658107 0.2378427125107758 0
3654 0.04764255987379595 0.2277722858853396 0
3655 0.04383501715645139 0.2410922298414545 0
3656 0.03386135678194074 0.2309541977493476 0
3657 0.03012677021266184 0.244355227497651 0
3658 0.02000693572202793 0.2342352639552852 0
3659 0.01634406105700006 0.2476472173638501 0
3660 0.006083034058677679 0.2375171449349209 0
3661 0.002525363825500464 0.250951263074328 0
3662 -0.007857678695317311 0.2408641027598061 0
3663 0.2816280247287948 0.3583738080706245 0
3664 0.2835874403426147 0.849561572301643 0
3665 0.2949841364071105 0.8515417989306941 0
3666 -0.13856126272185 0.4674940126268253 0
3667 -0.147713946633783 0.4772836739796805 0
3668 -0.1278083610450342 0.4583276044687796 0
3669 -0.1438416935483182 0.4900536796184387 0
3670 -0.1567971671302255 0.4870449404499331 0
3671 -0.1529498340763175 0.4997069915346375 0
3672 -0.1658182582423359 0.4967180673305314 0
3673 -0.1619831006572323 0.5092769599627861 0
3674 -0.1747281220385468 0.5063150719042385 0
3675 -0.1696626116422757 0.4842758580387749 0
3676 -0.1709335606455058 0.5187669924798491 0
3677 -0.1835553363123902 0.5158408348532533 0
3678 -0.1798038174184851 0.5281737320176805 0
3679 -0.3936375538830171 0.2151773788494432 0
3680 -0.0113340503943158 0.2542687279198504 0
3681 0.2585152655481104 0.143353518564101 0
3682 -0.1296086120703826 0.9630669474445092 0
3683 -0.1196132746827037 0.9729679831630037 0
3684 0.0395179825262911 0.8451899705542184 0
3685 0.02813117872334046 0.8477661185230299 0
3686 0.02508141377525622 0.8590845166929215 0
3687 0.01671553564187749 0.8507362392487103 0
3688 0.01363008945438482 0.8621167717077415 0
3689 0.005287747715453163 0.8537726312572325 0
3690 0.4595649727233536 0.3458565149521891 0
3691 -0.06896906148915467 0.6403197586190841 0
3692 -0.07730160531113592 0.649008542654814 0
3693 -0.07386662513213361 0.6604945034910439 0
3694 -0.4618686887555352 0.2569546487131403 0
3695 0.3854185083702467 0.8427587624322191 0
3696 0.3772047188169467 0.8343384902529918 0
3697 0.3935788238316254 0.8512393054171976 0
3698 0.3802717038752547 0.8231083740911577 0
3699 0.368901633496199 0.8260288944651135 0
3700 0.3720578516779767 0.8146672321248183 0
3701 0.3608307450032618 0.8173817353056234 0
3702 0.2582631810030793 0.9649247314510823 0
3703 0.2705095289487248 0.9605871031415487 0
3704 -0.08374495598430076 0.05598007006257036 0
3705 -0.2754387639618019 0.8157122438542493 0
3706 -0.2862289870295743 0.3578747533296194 0
3707 0.1253523535838311 0.5584065433689314 0
3708 -0.4307249485694654 0.09322913943895861 0
3709 0.2447343871097447 0.06092816153996543 0
3710 0.08372170085767679 0.6009054717247551 0
3711 0.0949756110573521 0.6038285130455285 0
3712 0.4582822393048877 0.7716116565988124 0
3713 0.1131245039936152 0.8463051037213944 0
3714 0.1213111595782568 0.8542664134258759 0
3715 0.1247146125451804 0.8429006080147381 0
3716 -0.4589828678077748 0.2446571201182521 0
3717 0.1807245309873403 0.04319906054519247 0
3718 0.218608034573658 0.6361094334597152 0
3719 0.1841442690749096 0.7567267589484723 0
3720 -0.1685364943537682 0.03238527706941027 0
3721 -0.1440538617096447 0.06222599311464079 0
3722 0.4256461276006019 0.2445298755528489 0
3723 0.1738061510686373 0.7244912540595566 0
3724 -0.4027946520156397 0.2060961185505569 0
3725 0.2141139075174267 0.1299484986855841 0
3726 0.2095493136190651 0.4117699590517852 0
3727 0.2134302466219487 0.3994624193409761 0
3728 -0.2440696811929228 0.6943243488781086 0
3729 -0.3186007423642326 0.7129622192252769 0
3730 -0.004391381445018643 0.1573577662906589 0
3731 -0.445913773368295 0.1955012368133945 0
3732 0.4468014245659442 0.3158408366269088 0
3733 0.4587540753094854 0.3113006774316125 0
3734 -0.4539620480772754 0.140681680248708 0
3735 -0.4572375536607947 0.1537080280466155 0
3736 -0.1669175104795185 0.7526422900308658 0
3737 0.01237428053407803 0.5388176259042712 0
3738 -0.4594513578474453 0.3252301789225953 0
3739 0.1839256774393714 0.03142246844763116 0
3740 0.1965025275131196 0.02871042367824437 0
3741 0.370267869574522 0.2799322893455979 0
3742 0.2380992567613566 0.1725075859810778 0
3743 -0.3010317042824069 0.3276630727455927 0
3744 -0.3122504793755585 0.6910480751890133 0
3745 -0.09288819903267755 0.2360042357507851 0
3746 -0.1287434588910144 0.1302610883887379 0
3747 -0.2290961376083722 0.876533973754584 0
3748 0.1747237403889358 0.9656347899895318 0
3749 0.1868066175374578 0.9638993710500899 0
3750 0.1577936366196383 0.9068901047352634 0
3751 -0.457865456263354 0.8004328404504066 0
3752 -0.4498696686207524 0.8087906946533194 0
3753 -0.4610163182911549 0.8117942218122585 0
3754 -0.4530482485745353 0.8201548135560119 0
3755 -0.3151097517524981 0.4447425452325394 0
3756 -0.09473935464753339 0.4544114732705422 0
3757 0.07708918086361799 0.5194555146693108 0
3758 0.06501220838890748 0.5163882056374449 0
3759 0.059740274405762 0.5957084704148294 0
3760 -0.1579555743180273 0.5218550725989477 0
3761 -0.170113967447788 0.7423717451505558 0
3762 -0.3498020697328273 0.6066671010208944 0
3763 0.3515679002141835 0.5841953396669516 0
3764 0.3241163762723087 0.8076162835459155 0
3765 -0.4238837165380617 0.6776146731780366 0
3766 -0.3762191582372887 0.8836422506968962 0
3767 -0.4143856606069212 0.1793898248533151 0
3768 -0.4288650381391889 0.6578965522475739 0
3769 -0.3699347830282924 0.7458431039106486 0
3770 -0.4336105442942709 0.7116838942472988 0
3771 -0.3818159787391478 0.4054612284574365 0
3772 -0.385172833740531 0.4174274364009886 0
3773 0.459485474025294 0.538456507287753 0
3774 0.4573575748752526 0.551128969872086 0
3775 0.3140507462960941 0.04633237388955 0
3776 0.2985575498882184 0.05055190248945887 0
3777 -0.3061051332538894 0.8548137749496952 0
3778 0.2404168550307303 0.673624160852997 0
3779 0.2294610847724683 0.6760564670343886 0
3780 0.325628380927043 0.8777890594945262 0
3781 -0.283894651063846 0.03745510894193905 0
3782 0.235055536553337 0.3263573725838243 0
3783 0.4583537878166651 0.9222408856323838 0
3784 0.3551364887430152 0.6085716636904701 0
3785 0.2464173011490904 0.2893210336207421 0
3786 -0.4045178649702173 0.6096093508433855 0
3787 0.2004883488174577 0.5150204152146532 0
3788 0.2088267543983074 0.523048436733519 0
3789 0.1924746933716488 0.5068984779108308 0
3790 0.04135440880312367 0.6446517175586808 0
3791 0.0446847943783049 0.6559195052430854 0
3792 0.05607308609583236 0.6586620928724158 0
3793 0.04802044506084266 0.6671195887128691 0
3794 0.05935818931491424 0.6698460129928108 0
3795 0.05104367734275615 0.6777201849809236 0
3796 0.03930656845631068 0.6754848049639293 0
3797 0.008384056339643054 0.8424721192353619 0
3798 -0.003085986286781135 0.8455392598424203 0
3799 0.3920684184144801 0.3954582832695409 0
3800 0.3803999609828571 0.3984654166445603 0
3801 -0.1553594877597978 0.8661165496793185 0
3802 -0.1633868915230231 0.8579732711659327 0
3803 -0.1604676576442307 0.8471588148442923 0
3804 -0.171258436750468 0.8500448964515672 0
3805 -0.1741655216780058 0.8608126811876172 0
3806 -0.1820243369030602 0.8528875345144838 0
3807 -0.1849566865838949 0.8636124797825698 0
3808 -0.1927733303550488 0.8556922381579742 0
3809 -0.1681822870932217 0.8393797793887982 0
3810 -0.1897423994507048 0.8451965724413265 0
3811 -0.2681926265620896 0.03619607346960792 0
3812 -0.1920344380310918 0.5255317914292665 0
3813 -0.1885140950143285 0.5373867409942715 0
3814 0.1310288234752791 0.5072891337854727 0
3815 -0.1479600598657958 0.731196798934076 0
3816 0.1528778249060612 0.7493048534786104 0
3817 0.06731578503911186 0.6614316624848662 0
3818 0.07056548752047036 0.6724865838507146 0
3819 0.4358753425563013 0.4703247357383045 0
3820 0.4473361970501946 0.4674197713950767 0
3821 0.4556398098749424 0.4759275986335643 0
3822 0.4588193623751816 0.4644495938286272 0
3823 0.4504877659152415 0.4559624296154912 0
3824 0.1030634369931301 0.4923306463552358 0
3825 0.1486665806865732 0.4926021451103564 0
3826 0.1290741478768254 0.6949897513245543 0
3827 -0.2123254712765164 0.3020747164235528 0
3828 -0.2161017085754872 0.3151296062826066 0
3829 -0.2090609520182454 0.2885356518365321 0
3830 0.2417756415027695 0.6312315581705314 0
3831 0.1679685853706892 0.6731755349185644 0
3832 0.2459238083718591 0.8626643834626835 0
3833 -0.3595053090934818 0.9008624691847237 0
3834 0.4268599583789224 0.3103920488645808 0
3835 -0.1834704823245147 0.9657265959108556 0
3836 0.359009914196797 0.9666057958455601 0
3837 0.07939719599200736 0.4073884714993283 0
3838 -0.3334308494911905 0.8410510030459948 0
3839 0.3566498291748229 0.3275963490965118 0
3840 0.458408255121344 0.8451648408683298 0
3841 0.2609478370080318 0.8756966779021462 0
3842 0.4592282662874472 0.8916815844386068 0
3843 -0.109328196996921 0.9267121554378127 0
3844 0.1348578126021003 0.2683281908144038 0
3845 0.3214955494262806 0.612213382083186 0
3846 -0.3696219816270352 0.6744522118900054 0
3847 0.2644288030606338 0.6257932144865862 0
3848 -0.4225132220052647 0.7495573709900105 0
3849 -0.1974447841446813 0.5130680643631685 0
3850 0.3453548087465115 0.5258420942681723 0
3851 0.3569744036975727 0.5228214696984177 0
3852 0.09252350412848094 0.8833271730766369 0
3853 0.211874124818823 0.7946379906338377 0
3854 0.1952713117053149 0.4941403275968915 0
3855 0.1054840566570488 0.6968527759909887 0
3856 0.35086546898363 0.89558555906111 0
3857 0.425056996965274 0.5477162195867811 0
3858 0.2648679560778383 0.9409307024037887 0
3859 0.2563085529688759 0.9324976540801393 0
3860 0.4635399126226378 0.7489282194416211 0
3861 -0.08922028449527686 0.03405131381669181 0
3862 0.3488872733734443 0.631435181808909 0
3863 0.3406639717206361 0.6231157189956381 0
3864 0.337543727689383 0.9416868904820185 0
3865 0.430261752254769 0.7578368126087579 0
3866 0.4270878424090472 0.7691813976198013 0
3867 -0.05485063817275188 0.8805659607433904 0
3868 0.3674990391779646 0.5623000149992975 0
3869 -0.07534408214698486 0.917738781260596 0
3870 -0.3436485656864406 0.6578493682199185 0
3871 0.4129276579462063 0.9019106267217653 0
3872 0.4158512222696323 0.8895754663044582 0
3873 0.3653802508761857 0.6481398026835732 0
3874 -0.1501432695767005 0.2999889172062872 0
3875 -0.000896985551165682 0.8765630502306615 0
3876 0.1160878595171182 0.05567909692201412 0
3877 0.1066730544606541 0.04541605125680775 0
3878 0.09335657390112695 0.04852381021470128 0
3879 0.09741813854140574 0.03548759275733754 0
3880 0.1104460047066856 0.0323454149484894 0
3881 0.08416600193699759 0.03727336970910167 0
3882 0.4090645232582953 0.6049965172426389 0
3883 0.4063404394490542 0.4992453152332694 0
3884 -0.1725564572877041 0.9328233925776465 0
3885 0.2581261717720074 0.5748120882619615 0
3886 -0.3496544659274723 0.5320676898388097 0
3887 -0.2472342095101944 0.683138937523169 0
3888 0.1278455217215531 0.9472193869526024 0
3889 0.1361387812433595 0.9554698754689455 0
3890 0.3979863293627999 0.9162464709431136 0
3891 0.2285262106689661 0.2706461156080044 0
3892 0.2195894225913595 0.26123814955591 0
3893 -0.3213972254231642 0.9103791815135105 0
3894 0.1001286849908258 0.6876992481095784 0
3895 0.08959004411629452 0.6871778234991244 0
3896 -0.4152658326204794 0.08834118803804077 0
3897 -0.4033700531173521 0.1000430497195082 0
3898 -0.3988891685306304 0.08412590897400175 0
3899 -0.3869547509348091 0.09576027489686628 0
3900 -0.3825519097966996 0.07926600014810625 0
3901 -0.3705852233507503 0.09139102548624548 0
3902 -0.3749866944750456 0.1074871552025646 0
3903 -0.3589676493768062 0.1033127314946756 0
3904 -0.3544847215152302 0.08744304836943627 0
3905 -0.3631559913612181 0.1191034193118446 0
3906 -0.3476326296590022 0.1149691524033463 0
3907 -0.3516664272484125 0.1302842594931326 0
3908 0.442433613521074 0.8281836333268106 0
3909 0.4554355662559622 0.8256732756136712 0
3910 0.4218917370633149 0.3662636423248671 0
3911 0.1235100110541619 0.4412009798107183 0
3912 0.1334240112860164 0.4323524632162031 0
3913 -0.2239414306297564 0.3417706615603334 0
3914 -0.02213454958449353 0.542234436558833 0
3915 -0.3551300759110194 0.6607510558879397 0
3916 0.3411442692852767 0.2646230084338804 0
3917 0.3299312629371693 0.2677952170826423 0
3918 0.3529659633453309 0.2615218192060826 0
3919 -0.3649601906761253 0.8806447703616717 0
3920 0.2048874726141005 0.1709324268435446 0
3921 -0.1774436404463315 0.3921679374029915 0
3922 0.3027974994106138 0.9041772979697803 0
3923 0.3159367552691533 0.9056540580890999 0
3924 0.1874740484284597 0.2456799409264065 0
3925 0.438941713176652 0.6499324400480093 0
3926 0.4275082392019368 0.6529478398627299 0
3927 0.4499119517518527 0.6474669444003078 0
3928 -0.02113017960271766 0.243427424184532 0
3929 -0.02438582273144384 0.2567427802937433 0
3930 0.3747089211457582 0.7297578031732372 0
3931 0.1969103544181694 0.6295192019789297 0
3932 0.1474039823515726 0.9523711197240146 0
3933 0.1444317401434567 0.9637282686854723 0
3934 0.1333379462877096 0.966636453586492 0
3935 0.141218599311324 0.9750157156074843 0
3936 -0.4601892363179495 0.3709134927778256 0
3937 -0.457392247421865 0.3582246033740131 0
3938 -0.4124402803885052 0.3122365669611352 0
3939 -0.4080282146987929 0.2996773469327939 0
3940 -0.3184814858813103 0.4571030462025172 0
3941 0.3821611554559089 0.8541804484179629 0
3942 0.2291011538309169 0.07684456647255303 0
3943 0.1146469328779787 0.5239805536890495 0
3944 0.2542860711995674 0.7315181547765892 0
3945 0.2464162167317117 0.7231159120290186 0
3946 -0.3735245896190862 0.335565828200503 0
3947 -0.408897729031681 0.8504745809655609 0
3948 0.3100157334274327 0.8634009338422398 0
3949 0.1600436718508504 0.263242460036186 0
3950 -0.1277066246103663 0.04621311515811852 0
3951 -0.1228552857664652 0.0323702873418896 0
3952 0.07443596292727168 0.951465150545833 0
3953 0.07146513076964714 0.9630788908468171 0
3954 -0.2328408566839447 0.9711399923284649 0
3955 -0.2221127083253965 0.9673103018560236 0
3956 -0.4628745493937781 0.8968055385242064 0
3957 0.3427478607933803 0.7700550316565492 0
3958 -0.4673729032528687 0.5317453498073121 0
3959 -0.07352914509564987 0.4830557101727814 0
3960 0.4580558652785566 0.5820066907268857 0
3961 0.4606718333149721 0.5705995152328369 0
3962 0.2911359443508087 0.8407986239658181 0
3963 -0.2826267539275763 0.5258906885749438 0
3964 -0.2708277638168722 0.5228833170172678 0
3965 0.463293398323927 0.5275368809951408 0
3966 0.4545099232911989 0.5188668198317258 0
3967 -0.3104491912190857 0.4323194279875144 0
3968 -0.2976285096344127 0.4298329272684642 0
3969 0.05633382120443438 0.4463057019179714 0
3970 -0.1687394168740236 0.6718523045548104 0
3971 -0.1620274684806026 0.6633723332370178 0
3972 -0.4592614502457964 0.9166607535861471 0
3973 -0.4502463943049935 0.9248940027851759 0
3974 -0.4391648792795926 0.9217549232152282 0
3975 -0.4423161404432008 0.9331775886442613 0
3976 -0.4538840172655763 0.9360982994777335 0
3977 -0.4454245499994333 0.9446035789302908 0
3978 -0.4340871231398409 0.9415930462977489 0
3979 -0.4372395247761705 0.9530261979634519 0
3980 -0.4257838389002362 0.9500465788108805 0
3981 -0.4485850057344973 0.9560377749421145 0
3982 -0.4226367783997204 0.938619856962051 0
3983 -0.4143296393353636 0.9470686210046898 0
3984 -0.4174743453045898 0.9584957403738442 0
3985 -0.406000042312722 0.9555227827599855 0
3986 -0.4402421527502532 0.9647618968071401 0
3987 -0.4512085366444838 0.9670813093483963 0
3988 -0.4092033699821854 0.966789719687509 0
3989 -0.3977312886565428 0.9637831151570824 0
3990 -0.3945201910915919 0.9525447479252501 0
3991 -0.3862541143132111 0.9609130328044002 0
3992 -0.2512123808653464 0.4631190090552614 0
3993 -0.2549746652434132 0.4755405946786827 0
3994 -0.03631354084209826 0.6051193502878489 0
3995 -0.02423637295134063 0.6079278334094723 0
3996 -0.3347758583919402 0.5173574517990474 0
3997 -0.3315289735797368 0.5055230568844077 0
3998 0.157208024266189 0.7892212797972962 0
3999 0.03398077275957132 0.5325400907370235 0
4000 0.04351970057760016 0.5229170772462998 0
4001 0.03958729263769387 0.5108655775050758 0
4002 -0.1439325702013569 0.6883350923444517 0
4003 -0.1408155361016229 0.6991649951745617 0
4004 -0.1475668688557994 0.6772508902823053 0
4005 0.1637890452800826 0.2505386541592277 0
4006 0.1563540436752663 0.2758036882912321 0
4007 0.2644533447523379 0.03310502700394656 0
4008 0.2529990633484985 0.02230791190994911 0
4009 0.1102816672830023 0.973714546900563 0
4010 0.3582957547127111 0.8295321053126428 0
4011 -0.1964313544313076 0.7836828032314479 0
4012 0.06147919643400272 0.4250220040174958 0
4013 0.05780241150480019 0.4125143150073487 0
4014 0.01673685437311155 0.9661230240678683 0
4015 0.216612885261847 0.1669437533153367 0
4016 0.3479509062869421 0.5564018307525236 0
4017 0.2956298370297183 0.4314499251482317 0
4018 -0.3652561391962261 0.7643823301714664 0
4019 0.1482268940568264 0.5644095357698848 0
4020 0.1513621225826079 0.5757844050497676 0
4021 0.3787814073523523 0.2893293621764856 0
4022 0.006289665851525205 0.4326173698287462 0
4023 0.3295940782381006 0.0414838649636296 0
4024 -0.2174118026202758 0.7790140986032543 0
4025 -0.2208640378086514 0.7686798266199626 0
4026 -0.2141995712451776 0.7894160886142606 0
4027 0.2621008496349925 0.7397247824381085 0
4028 0.2731362436991426 0.737352777014154 0
4029 -0.3090642658539432 0.2511124701930911 0
4030 -0.2958706646882219 0.2476880403856727 0
4031 -0.2859913481182976 0.2575142417878993 0
4032 -0.4363243550018514 0.7225913181124556 0
4033 0.2002132481182646 0.2422523165868142 0
4034 0.3282104221805865 0.667827447037177 0
4035 0.278618166386133 0.5061742085139046 0
4036 0.4584090276125045 0.6552543418408685 0
4037 0.4588529019037373 0.6438136816102489 0
4038 0.02129526568397412 0.04430387362830879 0
4039 -0.2994017011630513 0.04075814880534787 0
4040 -0.3050921651377296 0.05565553927245946 0
4041 -0.314979152889781 0.04311561129820033 0
4042 -0.3220408543100316 0.05998928843381319 0
4043 0.3195913797187941 0.660481171623244 0
4044 -0.4504745606043728 0.7358841671340492 0
4045 -0.4609053606870247 0.7389857428651458 0
4046 -0.1279983065912317 0.8386520626878715 0
4047 -0.1354514574611992 0.8302065405348141 0
4048 -0.3847513872867799 0.2243555165139652 0
4049 -0.04991196797285839 0.4412430886732402 0
4050 -0.3512225925751227 0.9089565131187336 0
4051 0.2027595431862226 0.835703708778632 0
4052 0.2096575022914113 0.8458935516535556 0
4053 0.194848125607994 0.8277961026633968 0
4054 -0.3370571085680005 0.1260924163879516 0
4055 -0.3408335965589769 0.1412267955010562 0
4056 -0.3551194896221269 0.1468686147728113 0
4057 -0.2212191450125735 0.8550272953142014 0
4058 -0.1446087960655172 0.9461998330606309 0
4059 -0.1419472309919939 0.9349460281395645 0
4060 0.4587507150798632 0.2473944330533725 0
4061 0.4553917127963956 0.2593046494672094 0
4062 0.4625840591109482 0.2355349444911158 0
4063 -0.06801722031284453 0.4604801314099045 0
4064 -0.07158755453497868 0.4474217508249567 0
4065 0.2769723367295136 0.3381846343255068 0
4066 0.2802663292905115 0.3259741723996536 0
4067 0.2654960101004881 0.76928612827811 0
4068 0.2577241312266085 0.7776343674019282 0
4069 0.1539963178100743 0.7786055328500902 0
4070 0.4614612401671663 0.4528432531079665 0
4071 -0.02276206504204711 0.8403976232172857 0
4072 -0.2646801450462418 0.8669290140810573 0
4073 -0.268025072661645 0.8235831073316557 0
4074 0.4346875743495054 0.9701140039505181 0
4075 0.05439201841550029 0.03891981394736636 0
4076 -0.0744883627287285 0.1656725029321211 0
4077 -0.05995924437946343 0.1616835180432153 0
4078 -0.0490639057128092 0.1715911714964805 0
4079 0.2838549979160169 0.5253647202869478 0
4080 0.4622020824795398 0.7176491728955831 0
4081 0.2745706878668958 0.04317016530516798 0
4082 0.277197676138776 0.02669700051499817 0
4083 0.4657235250652562 0.7066981692943353 0
4084 0.4573447849059966 0.6979938897061375 0
4085 0.3259923702217221 0.9706818123628156 0
4086 0.3143885124232018 0.9684495418627609 0
4087 0.2677611535861885 0.97176792182629 0
4088 0.2788578928842789 0.9679292421979975 0
4089 -0.1574503924375836 0.8368639425753425 0
4090 -0.200396193497936 0.848661187690774 0
4091 -0.04054913505922161 0.432507431134471 0
4092 0.2571906855432157 0.4517149769837572 0
4093 0.2453805327426203 0.4547936821954983 0
4094 0.08988496775702177 0.9663556573108869 0
4095 0.1008849882934194 0.4013857622001169 0
4096 0.1189474605185417 0.5053591793097278 0
4097 0.2153901266099056 0.5744897446282659 0
4098 0.2240433767843703 0.582744594868318 0
4099 0.1989917236748163 0.7814259473337841 0
4100 -0.3102747461734143 0.318460346864596 0
4101 -0.1524859457465859 0.4649765752171237 0
4102 -0.1587178741480021 0.6094266826338064 0
4103 -0.247064681516321 0.4512537890367025 0
4104 -0.2146485058113782 0.5861746680515261 0
4105 -0.2117163812391289 0.5977852524495774 0
4106 0.2704669896155897 0.0557105698900022 0
4107 0.4628137514355349 0.3341743912141972 0
4108 -0.3058908182063331 0.6689348298871096 0
4109 -0.3027605848820293 0.657866257106953 0
4110 -0.3103220822086253 0.6494101736853646 0
4111 -0.2990790859282831 0.6466206096566827 0
4112 -0.4594590460539016 0.9581634786773683 0
4113 -0.279382277438411 0.8508826228426805 0
4114 0.2593270230303868 0.4838207195811354 0
4115 -0.4580677839989696 0.1976232475797053 0
4116 -0.4557914083826315 0.1854613476004999 0
4117 -0.2648317282670976 0.4329513279684382 0
4118 -0.4374131057024109 0.5163511189262779 0
4119 0.1102368840820716 0.5437823575634271 0
4120 0.4690590413135666 0.4601877033062157 0
4121 0.190056822920894 0.9100682369858096 0
4122 0.2010463643593109 0.9074365194896311 0
4123 0.2105591938089983 0.9155413530637672 0
4124 -0.4650045784406753 0.8222957123034427 0
4125 -0.4577044987606431 0.8328475806085694 0
4126 -0.462523106580647 0.6669952410085741 0
4127 -0.4660947071246946 0.6778206232360129 0
4128 0.2341920578695464 0.9213182057816255 0
4129 0.02341157766969966 0.2205483508433035 0
4130 0.07985302605320724 0.2089797210691397 0
4131 -0.2622804194694797 0.9676313021289059 0
4132 -0.2734363350482527 0.9734272000065427 0
4133 0.1527476431642206 0.6885441704437262 0
4134 0.03661161404708844 0.4181502931032575 0
4135 0.2872244801440838 0.4222487569878267 0
4136 0.1047877610933356 0.8377949106091348 0
4137 0.1339536668192656 0.9014312033381767 0
4138 0.1226809759705274 0.8995878263788203 0
4139 0.1192779364673515 0.8887927265813813 0
4140 0.05138154461922792 0.213616884247094 0
4141 -0.3320958375145843 0.04603041512772561 0
4142 -0.3394154038856728 0.06403080297217902 0
4143 -0.3271429903051601 0.07680245315686191 0
4144 -0.4562286156520307 0.5106168225249881 0
4145 -0.4650532971521683 0.5012194486108034 0
4146 -0.4612775920591168 0.4905484062865158 0
4147 0.1636601578703385 0.9682184929273451 0
4148 0.3472856614035146 0.7588099478298558 0
4149 0.3581547455201837 0.7559861878530756 0
4150 -0.1652333878271217 0.8297514415008354 0
4151 -0.4614100815209845 0.6977589067576351 0
4152 0.02193707722800942 0.1453730875104113 0
4153 -0.3793736374664348 0.1240669994989954 0
4154 0.2306357636674651 0.2589496804201322 0
4155 0.4236893130717967 0.9734774139382961 0
4156 0.4157201359811942 0.9650386092261068 0
4157 -0.2759557240872316 0.8695214547320111 0
4158 -0.2381049078928909 0.4602066380711762 0
4159 0.1704850115178469 0.904726571226136 0
4160 0.1546663898693166 0.1294412506676527 0
4161 0.1424834101129615 0.1328072295368274 0
4162 0.1691824728091184 0.1274403915483471 0
4163 0.08871777167870452 0.02470669089576302 0
4164 -0.3899633725556873 0.9737841362059467 0
4165 -0.3778014488758741 0.9690012560411603 0
4166 -0.3748329947158903 0.957861357826076 0
4167 -0.3662819694191699 0.9662395419411864 0
4168 -0.3632538142356129 0.9550276901093446 0
4169 -0.3549507998260877 0.9635100255539351 0
4170 -0.3518803306196532 0.9521428855908691 0
4171 -0.3435871700058821 0.9605733092419882 0
4172 -0.3601793088056122 0.9436446659843909 0
4173 -0.3486721134325714 0.9406776149292766 0
4174 0.005203380018193863 0.1276438480010237 0
4175 -0.04568432945972688 0.1577473330132708 0
4176 -0.05713279870751985 0.1481309764966542 0
4177 -0.2379786669855549 0.1690125746902952 0
4178 -0.2412153617872943 0.1829316702052146 0
4179 -0.2324685807244695 0.192093446870674 0
4180 0.4701637966167761 0.341825327070332 0
4181 -0.2973151921640632 0.3147051391730973 0
4182 -0.00388784569846425 0.2270095690558262 0
4183 0.2423147754833032 0.8525486193845057 0
4184 0.1832321181391927 0.4977545411180965 0
4185 -0.003200730820352107 0.6764189150199931 0
4186 -0.01492179290843419 0.6735156440086915 0
4187 -0.4596834209206421 0.2792572992854533 0
4188 0.1292086199151103 0.6270721131516406 0
4189 0.1182716818210992 0.6223734288142926 0
4190 -0.3446886915379779 0.1561075763190193 0
4191 -0.3301374379872544 0.1521129097312817 0
4192 0.2719875969054592 0.4974884630880917 0
4193 0.3369100854657088 0.7925317412002523 0
4194 -0.2647951274191594 0.8125564953114056 0
4195 -0.2722752856290574 0.5662401801800295 0
4196 0.1448986065815809 0.6260198651704139 0
4197 -0.2478262615926873 0.7534062021422573 0
4198 -0.235311197122456 0.7560186669255338 0
4199 0.1339684462403871 0.2319148526464411 0
4200 0.4700548851162273 0.5352555228283986 0
4201 0.1111115063113109 0.2232049781371623 0
4202 -0.1660556008318043 0.6193516004126882 0
4203 -0.2106466931611826 0.5661413253115783 0
4204 -0.2028114186273743 0.5570390575128108 0
4205 -0.3605215216594294 0.2976658446460331 0
4206 -0.3703754558431084 0.2892360143317474 0
4207 0.2172609938208692 0.6060371904934236 0
4208 -0.1677603556661837 0.4027854456159897 0
4209 -0.4625838709239926 0.9699687022189341 0
4210 0.2812247430947979 0.9563835568705301 0
4211 0.3066115159820014 0.3883619564482604 0
4212 -0.2287442248908213 0.7778533231396698 0
4213 0.1443343298358264 0.6793997430088752 0
4214 -0.4335707842994385 0.2726219298057953 0
4215 0.04453888257786581 0.02733701686866945 0
4216 0.3543326232315324 0.5744390104423962 0
4217 0.3710696933061373 0.06312585011355419 0
4218 -0.3966595575831036 0.06809920554721557 0
4219 -0.3801840537466936 0.06268659941437278 0
4220 -0.4205700754496131 0.9702240224567225 0
4221 0.3449585356273654 0.2522227774690814 0
4222 0.1385608303729314 0.697079413109285 0
4223 0.1324447163917672 0.7052836083062084 0
4224 0.4303325964421881 0.8752860731565157 0
4225 0.2233413955751958 0.4419696563941493 0
4226 -0.4636784477011986 0.5932737184408388 0
4227 -0.4597937365384506 0.5817508363160825 0
4228 -0.467076152793902 0.604855145657611 0
4229 0.1971232970783486 0.8451419509228356 0
4230 -0.2649398505953982 0.5425713673208276 0
4231 -0.4622239762579521 0.5500852367297986 0
4232 -0.08632121163561997 0.6592316424784458 0
4233 -0.0810318709412137 0.6702575136365136 0
4234 -0.08902523139037495 0.6462785517720895 0
4235 -0.07027451845597875 0.6717010966697505 0
4236 0.3879689001131207 0.05804844987936928 0
4237 -0.01910083346025383 0.1614172460427205 0
4238 -0.4727525105678592 0.8146242626493506 0
4239 0.2704213033631273 0.780164388651976 0
4240 0.2229484267217782 0.9191441082914562 0
4241 -0.4734027167943624 0.49362304569393 0
4242 0.1326326938284298 0.8513533269072876 0
4243 0.1358157353965837 0.8398936606531558 0
4244 -0.2961657528649186 0.7804193925004714 0
4245 0.1744359935312232 0.2383396229026854 0
4246 0.1710640987039639 0.9773175775177553 0
4247 0.03423773168327125 0.1541030058612632 0
4248 0.3280823023110237 0.9015643871755412 0
4249 -0.05438433242318863 0.02813382483477858 0
4250 0.3153123195079111 0.3949287669189184 0
4251 -0.3336344268861652 0.1670463392969714 0
4252 -0.3201357921426042 0.163539618638485 0
4253 -0.3164643099304233 0.1509018163790926 0
4254 -0.334152971029361 0.18171844917572 0
4255 -0.1503946551976279 0.6005732201024594 0
4256 -0.1385753738489508 0.603366580557073 0
4257 -0.1420131734234023 0.5916388001589594 0
4258 -0.1301548996394304 0.5944535867203029 0
4259 0.2777020498211267 0.3713297606972055 0
4260 0.03101099943100595 0.8359428623889756 0
4261 0.09376404430662212 0.206766654894989 0
4262 0.2141274313500697 0.616849594578649 0
4263 0.1452912990461023 0.9038499593647142 0
4264 0.4635267967406356 0.7910773804897833 0
4265 -0.1814555147146905 0.1436457160152608 0
4266 0.3498795578757737 0.7039708819275636 0
4267 0.36138888037596 0.7014748675354957 0
4268 0.3384025505246697 0.7073286642703447 0
4269 -0.2602737700056013 0.739863776752396 0
4270 -0.1569625767513464 0.7340913385928497 0
4271 0.4187707533716812 0.8777062123754235 0
4272 0.4100333499807896 0.8681825919350185 0
4273 0.4070744831166538 0.8799931005157667 0
4274 -0.3372935603438603 0.7803122145764203 0
4275 -0.348484762750266 0.7827837434466026 0
4276 0.2010461790137993 0.4025341018688505 0
4277 0.2048055964752266 0.3903033891071889 0
4278 0.1923636532437936 0.3934065975256827 0
4279 0.1961666872053112 0.3810820272945581 0
4280 0.1838101102196428 0.3840639139815894 0
4281 0.1874952660737365 0.3717916086867458 0
4282 0.02275896235543675 0.4137681425298914 0
4283 0.4715291188498847 0.8005919299649303 0
4284 0.4685072334060331 0.8109031609462214 0
4285 -0.2074543522983462 0.1498525221978263 0
4286 -0.3262912181274408 0.7771653128604598 0
4287 -0.4629645683520696 0.3368557708105582 0
4288 0.086291432609521 0.6126609538714411 0
4289 0.4660223965130064 0.8656364250308772 0
4290 0.4609795802900014 0.8762914435145892 0
4291 -0.1550758273146229 0.1369427828353828 0
4292 0.002498192632688093 0.420511306476838 0
4293 -0.009479370754903075 0.41557096137206 0
4294 -0.271120610010283 0.8336817016688315 0
4295 0.09342320473718826 0.01149704348869187 0
4296 -0.2833686355603091 0.2939822519461684 0
4297 0.09604855610270234 0.5286151606738745 0
4298 0.3571121099260526 0.5957702553949557 0
4299 0.1622871159915707 0.024334147682217 0
4300 0.4643465129006183 0.4092449378469649 0
4301 0.2228403311029049 0.799854105111617 0
4302 0.230796937020888 0.7903276891435936 0
4303 0.4750093293011233 0.7158712495831037 0
4304 0.1618002965856495 0.4574290377962711 0
4305 0.1510188131084422 0.4488356529193054 0
4306 -0.1335621731104423 0.5826312770248976 0
4307 -0.1216763145473138 0.5854866107121333 0
4308 -0.1250453611706869 0.5735568274058604 0
4309 -0.1131370284321634 0.5764537039846701 0
4310 0.2925737363674267 0.06686134176171926 0
4311 0.298196814590094 0.3779742716580121 0
4312 0.3649609005015387 0.7211552586851933 0
4313 -0.4660965565945774 0.2675803940028119 0
4314 -0.2744411159688491 0.5789839374664282 0
4315 -0.05678328049787418 0.6110991743142421 0
4316 -0.175725812948492 0.5403236101706137 0
4317 0.2910210994290716 0.9638721504675734 0
4318 -0.170977631331811 0.7707266302211899 0
4319 -0.1784742859715895 0.7782069040852587 0
4320 -0.1680417794241271 0.7808761602266233 0
4321 0.2465192354161351 0.9239587796835256 0
4322 -0.4673534925406473 0.3050666795573941 0
4323 -0.100206713317167 0.02449278828395992 0
4324 -0.09400189840301393 0.01088196419418489 0
4325 -0.1130198422600991 0.02209098316702814 0
4326 -0.4738612722638119 0.2594447429338769 0
4327 0.1750934549057104 0.3747611181082317 0
4328 0.1787123656051202 0.3624929616800305 0
4329 -0.3466379623704382 0.9718815808803515 0
4330 -0.3357739849788924 0.9687565205953963 0
4331 0.390394572013847 0.8625893733503764 0
4332 0.4424715472492541 0.2626439703894226 0
4333 0.4515824669059068 0.2709757944444708 0
4334 0.465665108711249 0.2698848435263168 0
4335 0.4590951201808314 0.2812973260658085 0
4336 -0.4666869426063897 0.1436549431580619 0
4337 -0.2010299600362251 0.5346254631319136 0
4338 0.1441209908257658 0.848805540167247 0
4339 0.1468041621490458 0.8371525442245771 0
4340 0.2609704597361133 0.7887836980124641 0
4341 0.2497311953531286 0.7857637811606443 0
4342 0.2702623962016987 0.7914059551564532 0
4343 0.2519960448626309 0.7970796840861443 0
4344 -0.3603003870794641 0.7843891950466899 0
4345 0.1235282558561012 0.1158778995141697 0
4346 -0.4369308604324357 0.06634377928173996 0
4347 -0.4672774745904767 0.7916700256425043 0
4348 -0.4617714717192144 0.7799230093574363 0
4349 -0.2796600510207969 0.2806665692907268 0
4350 0.06677724669256926 0.5291531070429231 0
4351 -0.4743127358064748 0.2953211844095961 0
4352 -0.2331022765701892 0.155814641311867 0
4353 0.2500488932989911 0.7434718088344001 0
4354 0.1137909213360258 0.1059623917330759 0
4355 0.09998375898614875 0.1106672175819984 0
4356 0.4122953465882295 0.2477230384233411 0
4357 -0.1164670945989103 0.5644200051778332 0
4358 -0.104535148496121 0.5673542876165046 0
4359 -0.1084588282349054 0.5553512642888225 0
4360 -0.09598431023591809 0.5582253123306599 0
4361 -0.013324733339974 0.5330730136784467 0
4362 0.1258518044973437 0.4074049774666231 0
4363 0.1230670153370261 0.3953820426150119 0
4364 -0.4545944657036423 0.3456788793521759 0
4365 -0.4666318073060024 0.348853259871219 0
4366 -0.4634683727559084 0.1308910187148632 0
4367 -0.4724400090101713 0.1215484863987218 0
4368 -0.3327431008385829 0.9568936737826773 0
4369 -0.3239866454866367 0.9658016107453872 0
4370 -0.1199674332558111 0.2431141238998621 0
4371 0.3802842096143318 0.9728984285544993 0
4372 0.3923637505278436 0.9716052488419149 0
4373 0.008188418299458848 0.6796434229521662 0
4374 0.4680156379650547 0.7367798655086281 0
4375 0.1714199828543487 0.03374398227769334 0
4376 0.1744572440111041 0.02217274591102862 0
4377 -0.4755694634376047 0.668455984942731 0
4378 0.3304997028575261 0.6994416177043579 0
4379 0.327167246190774 0.7105689200953431 0
4380 -0.468383579867594 0.07928423340657512 0
4381 -0.457420197364656 0.09031973933931237 0
4382 -0.4699058663303018 0.1562227682564572 0
4383 -0.460864421012946 0.1662327549119283 0
4384 0.1276645730268627 0.8286705470697761 0
4385 -0.1317757180131192 0.2832859183158992 0
4386 -0.1245736127260497 0.1166638439408915 0
4387 -0.2034396460660527 0.8589216362204446 0
4388 -0.3898387979052568 0.2022725412802476 0
4389 -0.4672789049720832 0.1782085598414108 0
4390 0.4356178345458858 0.06672329452444332 0
4391 0.4390990222684333 0.08471469418283195 0
4392 0.4542204469208964 0.09140933365946718 0
4393 0.442117512143239 0.1011692059943079 0
4394 0.4556320816079357 0.107330839438982 0
4395 0.4450983739720514 0.1161999585719214 0
4396 0.457396076561377 0.1219602805288529 0
4397 0.4672768467548986 0.1146507704399611 0
4398 0.4664414047731502 0.0810658094569293 0
4399 0.4234381716130428 0.09632578697229695 0
4400 0.04747367589106872 0.1503748118805736 0
4401 0.07458192169819344 0.6099628386089837 0
4402 0.1267648053283121 0.6149427788792725 0
4403 0.1168361632492594 0.6095751844405227 0
4404 0.1079819888835424 0.618667313140387 0
4405 0.26160444734264 0.8437188396309403 0
4406 -0.100642320183022 0.5459264727034668 0
4407 -0.08830321679647776 0.5486528579329335 0
4408 -0.009180832249644194 0.1735790152779584 0
4409 0.4009187473829677 0.9795893329048756 0
4410 0.4314942784715311 0.9814125003307842 0
4411 -0.3535191791929378 0.3088961060617934 0
4412 -0.342268878602638 0.3088679720883499 0
4413 0.31690913416507 0.6713287862427535 0
4414 0.3299960277198195 0.8893666617522042 0
4415 -0.3551434072747088 0.6293826581425508 0
4416 -0.3587358536916997 0.6408232209172018 0
4417 -0.1835892334976791 0.5495442444772203 0
4418 -0.3803353227472887 0.4380746998504196 0
4419 -0.4247837121375876 0.7197265242573995 0
4420 0.4674014612028798 0.7796265567587454 0
4421 0.2278191077587965 0.6451210168076509 0
4422 -0.1875273273131593 0.2600709053838042 0
4423 -0.2010904461675706 0.2630059177252547 0
4424 -0.1739679793345637 0.2565804601618646 0
4425 -0.3596202271853828 0.2853749213493894 0
4426 -0.05938747265990139 0.05977151525790512 0
4427 0.2077422758486829 0.5662304161928323 0
4428 0.2702761313682029 0.7495829440535345 0
4429 0.2809390562650221 0.745759832840906 0
4430 -0.0504491447311935 0.12523778902355 0
4431 -0.4157505455995967 0.6861158503365117 0
4432 -0.4188269219009692 0.6974419988878775 0
4433 0.05582117455690913 0.5254612735026355 0
4434 0.05244161659456894 0.5135264390130142 0
4435 0.04697038039889809 0.5365130778904779 0
4436 -0.4649210598912625 0.749612823232758 0
4437 0.1401648138114565 0.6693899348263379 0
4438 0.2693417933629452 0.3617682334467767 0
4439 -0.08911047915897231 0.2216128650000489 0
4440 -0.4255339590951028 0.3604357254226787 0
4441 0.1771856437523996 0.05530004271666651 0
4442 0.2404152542808375 0.1225076957160409 0
4443 -0.358010163163764 0.1638266197258751 0
4444 -0.4466070752978546 0.2762793159839926 0
4445 -0.4253977015137532 0.28255487125493 0
4446 0.3310844599968082 0.9206626612593423 0
4447 -0.3484068117346703 0.8972040072847556 0
4448 0.2729499482077538 0.7613234412444243 0
4449 0.1017642618699322 0.02238054278869643 0
4450 0.1147390513655408 0.02070387714292423 0
4451 0.1239893269727741 0.03059595218896145 0
4452 0.1200723588604331 0.04302449337679573 0
4453 0.1375568408258923 0.02910475345299142 0
4454 0.1425706272942643 0.01700229195893495 0
4455 0.2684854127439922 0.9285721158832485 0
4456 0.259190011071286 0.9209536050150853 0
4457 -0.2424330105490028 0.7644775891317726 0
4458 -0.2581795781701558 0.7551043332766013 0
4459 -0.2716533877322983 0.7379105441690632 0
4460 0.04812460336529405 0.501497671521921 0
4461 -0.346585373505286 0.5953053485065541 0
4462 -0.3315874248732518 0.1098233547299282 0
4463 0.2528708734655157 0.3444387026272355 0
4464 -0.1537257234757037 0.3987650282329333 0
4465 0.3281480341754158 0.10242508127873 0
4466 0.3395705209789566 0.1141180931376014 0
4467 -0.2092222653067267 0.2513924201731578 0
4468 -0.2139563761264427 0.2648847344383084 0
4469 0.4551875628288297 0.3244279936748872 0
4470 0.4433987341618493 0.3279808740878861 0
4471 -0.141940999793599 0.2735179856155699 0
4472 -0.151691676002449 0.2636506406547773 0
4473 -0.1472984220237492 0.2499607144855863 0
4474 -0.1605998402258761 0.2532560481809648 0
4475 -0.1771589208291474 0.8717911478758031 0
4476 -0.1881317526442722 0.8749624499405657 0
4477 -0.158277000578234 0.8774106538078581 0
4478 -0.2959990159726069 0.8515657534746955 0
4479 -0.1335429651630741 0.2463735393608217 0
4480 -0.3676857278899447 0.8925504431343766 0
4481 0.1708852120489075 0.3874586805789713 0
4482 0.4465438629481108 0.1307435881048189 0
4483 0.4580891362869741 0.1367826484883859 0
4484 0.4589112751883456 0.1519509773589836 0
4485 0.4699398215797703 0.1450181713590514 0
4486 0.4688092637969828 0.1581685046155623 0
4487 0.1608385177568176 0.6809288573941111 0
4488 -0.2782126100828369 0.1040234762294351 0
4489 -0.0004139548666786106 0.5358673167867233 0
4490 -0.01616115225547851 0.5205050056525917 0
4491 0.4216234608743423 0.07809547524155844 0
4492 0.4027671699251381 0.07204903331907767 0
4493 0.07849142923719839 0.6641279919813738 0
4494 0.08244548646122465 0.6769607395497331 0
4495 0.07237204192192595 0.683576462745435 0
4496 0.08993011729902245 0.6667984203666641 0
4497 -0.253733779910092 0.1493822659315924 0
4498 0.4199279361171606 0.3344991276027862 0
4499 0.4166612907290616 0.3459926477608419 0
4500 -0.2614736772746268 0.177566699221311 0
4501 0.01072527635530677 0.07092265762475122 0
4502 0.006860717351578291 0.08825481296564414 0
4503 0.3836886367296761 0.3867211657192522 0
4504 0.3719466098556583 0.3897961857511031 0
4505 0.02351288835314476 0.9748848663698475 0
4506 0.03716991338921499 0.9740668591603805 0
4507 -0.4122712318383009 0.674654023341437 0
4508 -0.2550157647207203 0.6905099887545628 0
4509 -0.387677472343296 0.8863912060322752 0
4510 -0.3958087936063374 0.8781777127613782 0
4511 0.1968671188454603 0.4151994167437171 0
4512 -0.2241105485722068 0.5951338677349013 0
4513 -0.2197857654174068 0.606892918875384 0
4514 0.2721360016286676 0.4369284251296731 0
4515 0.205514774563855 0.4248089413099982 0
4516 0.2023405117225843 0.4388074782169015 0
4517 0.1387859255074824 0.6448180678999595 0
4518 0.1324112371226731 0.6542138918446231 0
4519 0.3655384076179553 0.2486615273559463 0
4520 -0.2643688427259583 0.7298121959192324 0
4521 0.2781543070576006 0.1276783628983105 0
4522 0.273167191804543 0.1409947274516715 0
4523 0.2838962109221471 0.1536019862819402 0
4524 0.2991560012284974 0.1498587395452405 0
4525 0.3100751385685019 0.1608220549744367 0
4526 0.3047484552077223 0.1755364307327814 0
4527 0.3177856030980004 0.1869420231122232 0
4528 -0.3915158278227867 0.1119617336271957 0
4529 -0.133078915051472 0.6905301811496383 0
4530 -0.1300157480056224 0.7011664448854256 0
4531 -0.4013712793339668 0.5982260435143456 0
4532 -0.2050551970251979 0.275557569926987 0
4533 0.3167978792060405 0.02853030639270829 0
4534 -0.1221711390122673 0.2932036266034931 0
4535 0.1816348006615964 0.1308644879614822 0
4536 0.1915406500632462 0.1269207851827996 0
4537 -0.4076558795597762 0.6209871503676485 0
4538 0.1613401353854173 0.1393229077952385 0
4539 0.3954593810219534 0.3838196552685214 0
4540 0.399113356893768 0.3722688602705456 0
4541 0.4043833325626329 0.8924405621626985 0
4542 0.4337758070142448 0.2535871038015842 0
4543 0.2346266528859125 0.8605377626679065 0
4544 0.3563701363521422 0.110795113053149 0
4545 0.1774352606409976 0.4775361851230782 0
4546 0.2224078783918447 0.1397403960589228 0
4547 0.2191518754771959 0.153387630312681 0
4548 -0.06490825469530004 0.6203950483978906 0
4549 -0.07754639792643517 0.6181027165779317 0
4550 -0.1204747098357135 0.9295660822021805 0
4551 -0.1287625681337434 0.9213258701838065 0
4552 0.2325173371107068 0.6651716384195863 0
4553 0.2216331382445045 0.6688041628231068 0
4554 0.2435160045526673 0.6622978878092347 0
4555 -0.4473241401163904 0.1631153871882293 0
4556 0.3376026061284101 0.9729122146537234 0
4557 0.3455692593197591 0.9641901344713409 0
4558 0.3492301934061628 0.9751417533813804 0
4559 -0.163816957244885 0.7626272251248953 0
4560 -0.1569644022108631 0.7556797813305473 0
4561 0.1413925338940771 0.7527347228247645 0
4562 0.1374365067438436 0.7416836404465174 0
4563 0.145617720289583 0.7341820994558192 0
4564 -0.3571713792907068 0.9323037190919332 0
4565 -0.2345483657052727 0.4474274150563058 0
4566 -0.1562580759716316 0.03014081782372858 0
4567 -0.1536947409634647 0.01897153828658753 0
4568 -0.334666717388849 0.7684923091747561 0
4569 -0.3140791880512053 0.7721825602018468 0
4570 0.4465798533956924 0.2832913176535081 0
4571 0.4658410996434695 0.29243989731169 0
4572 -0.463609539207857 0.2095287488397463 0
4573 -0.4656219825024415 0.2225783101253106 0
4574 -0.4562309822456068 0.2319619490428959 0
4575 -0.4440973872533285 0.2287222118216464 0
4576 0.07533727179542837 0.6529275483173913 0
4577 -0.1310698642376432 0.5615797926993824 0
4578 0.0507556325430485 0.1365833190294605 0
4579 0.06522330729922329 0.1331021363365319 0
4580 0.06995257584015227 0.1190631256005009 0
4581 0.4446292511933461 0.1819313689531084 0
4582 0.4535665269537139 0.1915808698512436 0
4583 0.4571776091835751 0.1791770829312455 0
4584 0.4496379660276626 0.2039806667925271 0
4585 0.4630490083854331 0.2012237764729848 0
4586 0.4583861267965534 0.2132391671048686 0
4587 -0.1424038500401668 0.01628713552821439 0
4588 0.2335210923097543 0.6225904287447431 0
4589 -0.4110215642368777 0.9782161912423369 0
4590 -0.4317136991402102 0.975660529943628 0
4591 0.3681851502651058 0.1227308848731193 0
4592 0.3614018811726776 0.1393650380249224 0
4593 0.3749828843847698 0.148972024587793 0
4594 0.235252176925779 0.5802776987087626 0
4595 0.1478938221587763 0.6374773325466256 0
4596 0.3607737106808848 0.1539896161301591 0
4597 0.4044603058122673 0.9689887632157694 0
4598 0.3960768850813436 0.9592273144073028 0
4599 -0.400655598351841 0.1764789270573767 0
4600 -0.4053702748876796 0.1887717419599348 0
4601 0.2826564050886408 0.4951086133999301 0
4602 0.1514133877290905 0.8561962225520042 0
4603 -0.01861965463935876 0.6626170253029399 0
4604 0.1649029400169424 0.3665060676084503 0
4605 -0.2055557228202118 0.03887848799067423 0
4606 -0.2011745857464095 0.02743967789404013 0
4607 -0.1890454355985405 0.02546583614021538 0
4608 -0.2134080689488656 0.02957062097439024 0
4609 -0.2260277927582255 0.03104316641181009 0
4610 -0.2196994822330918 0.02021195899899413 0
4611 -0.2312872109261708 0.04299065780479741 0
4612 -0.2396384838968651 0.03286511105469191 0
4613 -0.2534450149945308 0.03479099916594174 0
4614 -0.2470025754973431 0.02147198673593491 0
4615 -0.1809203306504251 0.03461019339337688 0
4616 -0.1767363618066015 0.0227290004604958 0
4617 -0.4083975734099514 0.1149425947307798 0
4618 0.4348272533764911 0.319602384104708 0
4619 0.3151302730096862 0.2490978111357174 0
4620 0.3021613503103068 0.2527937315531917 0
4621 0.3098232231648209 0.2615894340928058 0
4622 0.2927742427554028 0.2434792047642941 0
4623 0.2673240819307542 0.2020955654607856 0
4624 0.03575339803210986 0.4988112339289257 0
4625 0.3185831826284354 0.3828352341955596 0
4626 0.3227651420353346 0.3700124005591549 0
4627 0.1688030257730206 0.3538710606916929 0
4628 -0.2082940539998225 0.6093881283567398 0
4629 -0.2165835613829428 0.6180353833122506 0
4630 -0.2294142028866498 0.6162076627885114 0
4631 -0.2248054041745095 0.6266121468047363 0
4632 -0.2130373688873962 0.6294749688608894 0
4633 -0.2214037816292754 0.6379194276468169 0
4634 -0.2324011138561097 0.6354138017713807 0
4635 -0.2290581520066969 0.6463555836200944 0
4636 -0.2179306396008586 0.6492007427921296 0
4637 -0.2261203839862286 0.6576064668609143 0
4638 -0.2362643613746128 0.6545228611141746 0
4639 -0.233119597832231 0.6661250942632096 0
4640 -0.2145300333727258 0.6607261825358106 0
4641 -0.2027261670661591 0.6637605926736081 0
4642 -0.2105336561014086 0.6720427759159844 0
4643 0.08035139227090618 0.1297100183065333 0
4644 0.07709377033635276 0.1424158741280814 0
4645 0.08524515331350954 0.1147768056965941 0
4646 0.03310029942653361 0.6532745615802208 0
4647 -0.1139709739735695 0.5433040394429679 0
4648 -0.4277857180093828 0.1820479488654677 0
4649 -0.4070631682109913 0.6943427493877692 0
4650 -0.2633236746851967 0.1002891845613595 0
4651 -0.2587903418218729 0.08568546666865645 0
4652 -0.2479641965234894 0.09707081748233698 0
4653 -0.2346804190656169 0.0907015137191779 0
4654 0.02966392689610577 0.6419809594249876 0
4655 0.2477581333467663 0.1825674407158117 0
4656 -0.3382277917201008 0.6038232818702468 0
4657 -0.3429362693463838 0.5838981391713096 0
4658 0.3053025368857877 0.07914455609645597 0
4659 0.316801271164198 0.09086561501531862 0
4660 -0.3727345370993995 0.4147471111163488 0
4661 0.2175651599473838 0.3075841723454092 0
4662 0.05950093349076203 0.6951534514721971 0
4663 0.04767355881024433 0.6947891456010049 0
4664 0.1106999821352545 0.8982472902752735 0
4665 0.002875752466771544 0.548253947596182 0
4666 -0.209647933405412 0.6408131735166407 0
4667 0.4717990312323426 0.419469809365109 0
4668 0.4684948152223739 0.3981637029501582 0
4669 0.4685086946109338 0.4305833453940345 0
4670 0.4565359535637548 0.4005454183747668 0
4671 0.4599286544659988 0.3895363163913866 0
4672 0.4509991932131895 0.3803329056887007 0
4673 0.4644165568901009 0.378032962842458 0
4674 0.4651504764411687 0.364589289927989 0
4675 0.4758823591559232 0.3713103695971575 0
4676 0.160607966188642 0.07033465307070377 0
4677 0.1679945206120541 0.04579457483063585 0
4678 0.4537246147308654 0.4443427373995356 0
4679 0.4650482608038675 0.4416141445979746 0
4680 -0.1729028050676329 0.7320972422438788 0
4681 -0.1830254968404413 0.7289226873132227 0
4682 -0.1857265852472199 0.7181096916372149 0
4683 -0.1463692285293054 0.833668653253631 0
4684 0.1505693647066068 0.232610231428891 0
4685 -0.03403672093301537 0.1665723237051802 0
4686 -0.03200576926385586 0.1499719634326298 0
4687 -0.1323184084854489 0.02476091909440633 0
4688 0.2051891338365762 0.03756480567983218 0
4689 0.2083574785027781 0.02501158106957048 0
4690 0.2200046022958642 0.02194699301298687 0
4691 0.1990829320655785 0.01698046439203937 0
4692 0.2290862698518291 0.03116686755098898 0
4693 0.2406510693645415 0.02795477056525487 0
4694 -0.2836744607067627 0.8079177879498938 0
4695 0.04930234284642479 0.1995020647896174 0
4696 0.2523382644523419 0.08228540701625252 0
4697 0.3335999984516765 0.5288687960665928 0
4698 0.3304624344362229 0.5399107472752325 0
4699 0.3197145979358121 0.5421169522330902 0
4700 0.311104484947713 0.5342441411590464 0
4701 0.2992304505833768 0.5370037314611074 0
4702 -0.2320293351209465 0.2942643289036718 0
4703 -0.2395144120927428 0.3208562206659907 0
4704 0.3316732126600483 0.1829330757293732 0
4705 0.286559376872272 0.2212713943949923 0
4706 0.2734295228300101 0.2245502054744814 0
4707 0.4368750813384262 0.207061084151028 0
4708 -0.4459782990703888 0.3547922997205532 0
4709 0.37533129838994 0.3777922797844033 0
4710 -0.4569228710517847 0.3133298550229572 0
4711 -0.08887827860263411 0.1698667781865217 0
4712 -0.139837896667994 0.5027133823018201 0
4713 -0.4291397335108681 0.2943835432037691 0
4714 -0.1900937385951811 0.09717455880329028 0
4715 -0.1991410584565987 0.08782762901747009 0
4716 -0.2127511287399867 0.0909403551053464 0
4717 -0.185803135202191 0.08515770994606664 0
4718 -0.1733649806239721 0.08138372194853158 0
4719 -0.2047876805900752 0.6208965438013897 0
4720 -0.3568803081011781 0.3997388427708067 0
4721 -0.370766539804277 0.6437165780059795 0
4722 0.3750141639689183 0.9842342131362309 0
4723 0.4544201992355964 0.2260744043284602 0
4724 0.1034646924299152 0.88006653771649 0
4725 -0.3930252004891219 0.6067180346051507 0
4726 0.3907854211715816 0.1452230944448183 0
4727 0.385398865267748 0.1604754172039285 0
4728 -0.2275804773912564 0.7477868349913293 0
4729 -0.2566436369218831 0.4226411071429581 0
4730 -0.1153532365289419 0.1270546425778403 0
4731 -0.1646248344301307 0.09094563311646253 0
4732 -0.160439216208528 0.07841060606124549 0
4733 -0.1561268266535313 0.06552470131922782 0
4734 -0.1831464942115094 0.07094607590373078 0
4735 -0.4348661671211526 0.237927752302642 0
4736 -0.4206690725968268 0.2689131936170648 0
4737 0.3485541726154915 0.5143238391827281 0
4738 0.3601612423194808 0.5113110293811498 0
4739 -0.2198408593918796 0.3281759490775692 0
4740 -0.006730234447351993 0.5108946000800165 0
4741 -0.3515858404845202 0.793897130444155 0
4742 0.1308638232870361 0.1403273493733548 0
4743 0.4525750568802296 0.5624336472032114 0
4744 -0.06147628029414836 0.5996363830319744 0
4745 -0.1518309400178589 0.08793296122034233 0
4746 -0.2747267722296782 0.4028297053734091 0
4747 -0.279839398438277 0.4156989613240139 0
4748 -0.2876140427412541 0.4061277617292746 0
4749 -0.09706050221930293 0.4313525106901255 0
4750 -0.08625229641368072 0.4424870836543794 0
4751 -0.2415712546711604 0.1096101222414474 0
4752 -0.287554648853024 0.5812629900249193 0
4753 -0.280245277577802 0.5904572936233795 0
4754 -0.2911951247857553 0.5927272195246883 0
4755 -0.2840143676380001 0.6018208903535089 0
4756 -0.294629573565795 0.6041022411011283 0
4757 -0.2873984514177171 0.6131193942707707 0
4758 -0.2980167193705707 0.615405911992315 0
4759 -0.2907003552014247 0.624365284971516 0
4760 -0.3011922147220359 0.6265570968814052 0
4761 -0.2942774912480877 0.6353359966051492 0
4762 -0.09701352127455484 0.5240613610180681 0
4763 0.1788418278201365 0.9125190875271545 0
4764 0.1823719299617174 0.9013125077203925 0
4765 0.2563390482966935 0.6172590359412715 0
4766 -0.3383241813540863 0.9793720642135038 0
4767 -0.35818783365608 0.974802771097468 0
4768 -0.1417358933520484 0.1333209826856768 0
4769 0.4276451422285488 0.4614856265469925 0
4770 0.416064196946794 0.4645004800894564 0
4771 0.1294422986725902 0.05330208870565167 0
4772 -0.2070590435890907 0.3257678243047031 0
4773 -0.2437022977818465 0.3340259401118071 0
4774 -0.1652525096691531 0.4475116289235329 0
4775 -0.1670123694701958 0.4614346306620028 0
4776 -0.1829187363663437 0.4662568026065715 0
4777 0.2964354280890487 0.2307166898337412 0
4778 0.2832333263065637 0.2340560263917678 0
4779 0.2355786610668542 0.4379360907149342 0
4780 0.2323642219665302 0.450398758373402 0
4781 0.2275692649789723 0.4625572978405507 0
4782 -0.04329794300268026 0.4194480914448674 0
4783 -0.4506714098110715 0.1271879724502642 0
4784 0.2415294174996837 0.7937956780623749 0
4785 0.2163592906390578 0.0801154939496645 0
4786 0.05346071802133735 0.5722528203547422 0
4787 0.05672474238596702 0.5839811072055184 0
4788 0.06849133536937584 0.5867747777218976 0
4789 -0.07011842820475669 0.4241393357863169 0
4790 0.1695688892139594 0.07988400585524368 0
4791 -0.1244745430551266 0.437642246029326 0
4792 -0.1159307879891251 0.448196173662139 0
4793 -0.138276247493978 0.4406789901904258 0
4794 -0.1999837879684739 0.6005945456144492 0
4795 -0.3637610858021258 0.6210451698957575 0
4796 -0.1307452582909752 0.4931219002290114 0
4797 0.1607638151125622 0.770346419573285 0
4798 0.4332994901204351 0.5561960623508975 0
4799 -0.149477170308083 0.8442943847280164 0
4800 -0.4201264152306264 0.6658341645585356 0
4801 -0.4170251421193973 0.6548282434045199 0
4802 0.416423342917331 0.2352376100515512 0
4803 -0.2868756399031818 0.2221185961082043 0
4804 -0.3007469243284986 0.2255094303059303 0
4805 -0.1264816623564868 0.08081755626006026 0
4806 -0.1354549837621973 0.07161211329755354 0
4807 -0.03733074469177594 0.2214309931258848 0
4808 0.1035828389138502 0.5947537646334147 0
4809 -0.3090895326712013 0.6799812448732281 0
4810 -0.1490551589105359 0.5122806987702094 0
4811 -0.1446892825780554 0.5248192513427551 0
4812 0.1965755383502882 0.8165742977458932 0
4813 0.2019170656794675 0.8068322625379136 0
4814 0.06215913879275117 0.679951637439788 0
4815 -0.4640382949574151 0.382381793145594 0
4816 -0.4671643666967587 0.393869386875447 0
4817 -0.4584805441056526 0.4027569253490689 0
4818 -0.4470759749440599 0.3997964344215006 0
4819 -0.450407864395065 0.4114400171533577 0
4820 -0.4623585094186805 0.4146891950691574 0
4821 -0.4539941673092502 0.4228985717761371 0
4822 -0.466209334780554 0.4264615465194934 0
4823 -0.4572886945060926 0.4345077010537578 0
4824 -0.4385616442387348 0.4085796592339065 0
4825 -0.2191134796138726 0.9563109664051465 0
4826 0.4679201249761606 0.2235518210749041 0
4827 0.47464217082486 0.2341813433866701 0
4828 0.1610745555956739 0.1590534703085814 0
4829 0.1573871068467052 0.7598950710042782 0
4830 -0.3636358247059071 0.4241643846978003 0
4831 0.3446718015484319 0.3305969216347713 0
4832 0.3694160741848036 0.7102798568129811 0
4833 0.2383688167844315 0.8714265106419326 0
4834 0.2231141136888101 0.8591211263494999 0
4835 -0.1991366145322866 0.8782329639796889 0
4836 -0.1801835594886359 0.883239997073463 0
4837 -0.1668571868636382 0.5311894538926503 0
4838 0.1594821013237481 0.3448239811393861 0
4839 -0.1473291270767252 0.8743193189739904 0
4840 0.4188290419543318 0.7607978123593744 0
4841 0.4156579005326828 0.7720720941440276 0
4842 -0.178792127936297 0.8424974718639318 0
4843 -0.1392317119913838 0.8824779786191146 0
4844 -0.1891270820153324 0.7073460187221081 0
4845 -0.1936283430367187 0.7260855646580836 0
4846 -0.3171275731317144 0.8577447539103803 0
4847 -0.314077473565529 0.8465977513935159 0
4848 0.3527082279135141 0.808868945758485 0
4849 0.3421826619494262 0.8122238380513922 0
4850 0.1793925920087171 0.396902017457139 0
4851 -0.3977097964864774 0.5868679888107493 0
4852 -0.406110142921155 0.5782886250163883 0
4853 -0.4027561362036568 0.5668269872610697 0
4854 -0.3791841334315184 0.8950440648322474 0
4855 0.185204977739089 0.6975869211255065 0
4856 -0.371401684974732 0.4482534100190879 0
4857 -0.3747281270511867 0.4608191135925999 0
4858 0.2346271104974075 0.186027725103719 0
4859 0.1822289736887925 0.07695417036076702 0
4860 -0.4047009040038365 0.3663713080730264 0
4861 -0.4080488346174478 0.3784943941092388 0
4862 -0.4167637172244041 0.3695672019339851 0
4863 0.1254891290931239 0.06618441804796393 0
4864 0.363925726051118 0.8061337658674299 0
4865 -0.3975179419699462 0.4203299693761313 0
4866 0.1168743918136971 0.6934110574811403 0
4867 -0.2685832105461017 0.1150990690278381 0
4868 -0.2671201287047815 0.4787080098848175 0
4869 -0.258363417345189 0.4875891759266038 0
4870 -0.2461908730070871 0.4826287736284066 0
4871 -0.270792049034677 0.4907686429218622 0
4872 -0.2619940871186222 0.498986893082205 0
4873 -0.2749110417917189 0.5025260816320207 0
4874 0.02424834389842837 0.5422540003995332 0
4875 -0.4373722010123169 0.3638469231741738 0
4876 0.1252962767856283 0.1546980546889245 0
4877 -0.4031424088531896 0.2868828873938352 0
4878 0.05999048114801186 0.1076548473925936 0
4879 -0.08669954222999317 0.9207629869677647 0
4880 -0.4452398926608976 0.4319596298239828 0
4881 -0.4486299342542455 0.4435985358543648 0
4882 -0.4603523836954272 0.4464940585003141 0
4883 -0.452178620143075 0.4552242493408699 0
4884 -0.4639422754881825 0.4581231461188542 0
4885 -0.4558489672687439 0.4667186593767388 0
4886 -0.4686595805781034 0.4705664957535365 0
4887 -0.4477296723387568 0.4757144337218832 0
4888 -0.4597602126614911 0.4780246047942001 0
4889 -0.475236826304464 0.4603476232499426 0
4890 0.08974930734538675 0.1000792385845614 0
4891 -0.1362354470964035 0.2966328159012827 0
4892 -0.03204334752475427 0.5049339529778407 0
4893 0.1366231724801535 0.4893079759384148 0
4894 0.1599280723787155 0.49492479638769 0
4895 0.2551265551490218 0.0697199052695192 0
4896 -0.1564397501923365 0.2390978138079493 0
4897 0.3834424635095242 0.8117320835573715 0
4898 0.1757935064971812 0.923754746989221 0
4899 0.1358065054503126 0.4444008717321235 0
4900 0.1462726071867804 0.4356219076095902 0
4901 0.1429089451842114 0.4238183753686155 0
4902 0.1304013904319247 0.419502073369525 0
4903 -0.4399990480391338 0.4525503634913983 0
4904 -0.1487937113404662 0.707175988951303 0
4905 -0.3685823029476396 0.9351732759836049 0
4906 -0.0387147451634739 0.6685690900380511 0
4907 -0.0472424761653942 0.6775068295951816 0
4908 -0.02682484983988598 0.6711311262005064 0
4909 -0.02230344655539477 0.6831000776439746 0
4910 -0.05857410568073602 0.674130052037694 0
4911 -0.05514038116797994 0.6860688513179879 0
4912 -0.06211441016682821 0.6630921355303905 0
4913 0.1849424006101872 0.338443281691078 0
4914 0.2639111281103009 0.2150194651215548 0
4915 -0.2739480642084156 0.8044522279681028 0
4916 -0.2738035800042986 0.7938588842539969 0
4917 -0.3594706520527625 0.216343477210941 0
4918 -0.1364735158870672 0.6468214003565891 0
4919 -0.1443877679826854 0.6559929972818909 0
4920 -0.1403792970039913 0.6681423226124601 0
4921 -0.1783376776975196 0.6381112624013098 0
4922 -0.4222256612741387 0.7088267193353978 0
4923 -0.416167498241905 0.7277726750384722 0
4924 -0.07909165840982357 0.232132266125756 0
4925 0.2199620767894637 0.812059054009616 0
4926 -0.0117056111257978 0.5783430728274661 0
4927 -0.007905076536910138 0.5902057705748449 0
4928 0.1402381489567979 0.1874569113656344 0
4929 0.1497968774192701 0.1970451626221516 0
4930 -0.313480223749095 0.4120406292399178 0
4931 0.05147425494820608 0.3005551042791104 0
4932 0.06113887908938415 0.3104015944245532 0
4933 0.07441337296490751 0.3070894570115615 0
4934 0.07060835906446518 0.320219497389566 0
4935 0.0574230706288293 0.3235203057252461 0
4936 0.08378673284879304 0.3169437250010219 0
4937 0.06739040254721891 0.3329156226405617 0
4938 0.05401184538958959 0.3363310961578613 0
4939 0.04429000951647016 0.3268081531289888 0
4940 0.04050653327158828 0.3398817513914725 0
4941 0.03102429703445774 0.3301664619277268 0
4942 0.02717699153460883 0.3429305034381832 0
4943 0.01770124585775743 0.3334677101741748 0
4944 0.01376189985929747 0.3462496459167932 0
4945 0.004325632080726699 0.3368100174265989 0
4946 0.0004741477443004533 0.3500319494866054 0
4947 -0.009039370576914649 0.3402372473712245 0
4948 -0.01295390386264227 0.3530420574622216 0
4949 -0.02248347603323705 0.3435935525434264 0
4950 -0.02623408550508057 0.3569675565404773 0
4951 -0.03591176938498176 0.3470619317443778 0
4952 -0.03968423106985679 0.3603915997131579 0
4953 -0.04937391554905841 0.3504853782577738 0
4954 -0.05315452115265502 0.3638229604541258 0
4955 -0.0628608361887705 0.353884826984868 0
4956 -0.06664014057583138 0.3672568704222187 0
4957 -0.07635724383532463 0.3573055471817835 0
4958 -0.08038333852538856 0.3700876753151996 0
4959 -0.08992028962697347 0.3606172154333326 0
4960 -0.09379772329110887 0.3740006916593148 0
4961 -0.1034367490372843 0.3641147678826032 0
4962 -0.1073749730014854 0.3769176498554979 0
4963 -0.1169321751425481 0.3675904685773119 0
4964 -0.1134095264448667 0.3539094131797735 0
4965 -0.1224343491882247 0.3804063031286105 0
4966 0.03728446146767721 0.3520994016120385 0
4967 -0.002478737410087917 0.362161849645408 0
4968 -0.09663261117088286 0.3858975597135397 0
4969 -0.1271172621075046 0.357477674642699 0
4970 -0.08643953953719255 0.3472172774247019 0
4971 -0.05908482716847788 0.3404707712068109 0
4972 -0.03214332295501765 0.3336725361474702 0
4973 -0.005611200657887651 0.3269981289241012 0
4974 0.02141856394558556 0.3202765577984769 0
4975 -0.1240330641713785 0.3434405553134122 0
4976 0.08770066367086239 0.3036935122142615 0
4977 0.09701925167195358 0.3134382299579941 0
4978 0.09328969859171289 0.3264687405220725 0
4979 0.1061872579570024 0.3234618646890347 0
4980 0.1027061212051201 0.3357030032443544 0
4981 0.0805193522669326 0.3295347643689996 0
4982 -0.1419130570186549 0.3603708239499012 0
4983 -0.1322111130775459 0.3706309340249168 0
4984 -0.1372651120838715 0.3832129156848506 0
4985 -0.1276222141863815 0.3939740901953842 0
4986 -0.3310872155619223 0.5810518645084015 0
4987 -0.3394797562405001 0.5724501310819086 0
4988 0.09783549862856102 0.658120389702558 0
4989 0.1914200224768758 0.7196121282977499 0
4990 -0.2433611030064456 0.8901130029953237 0
4991 -0.2402047705945893 0.8794876398524856 0
4992 -0.2471925161087592 0.8717521296084552 0
4993 -0.1492274542461264 0.581370198822044 0
4994 -0.0145537028716781 0.8485224170920356 0
4995 -0.01120462248049887 0.8379866659885473 0
4996 -0.2233484042239933 0.218820895451683 0
4997 -0.2181016419666112 0.2062540304015201 0
4998 -0.2319463903323672 0.2069202206673571 0
4999 -0.2044509318535011 0.2044201713507205 0
5000 -0.2675007664834026 0.2416640920504638 0
5001 -0.1623837618913194 0.6312135253520745 0
5002 -0.3803149246747523 0.4851236987079158 0
5003 -0.3890208092486444 0.4762390739550493 0
5004 -0.392097958647083 0.4881459536754383 0
5005 -0.4011815388312699 0.4784410713208973 0
5006 -0.4041159423617526 0.4903735314438626 0
5007 -0.3953691344610346 0.4997861430280188 0
5008 -0.4074194528720405 0.5017801550419619 0
5009 -0.398563441528714 0.5114869709839901 0
5010 -0.4105956349146365 0.5138698793936234 0
5011 -0.4243966489702395 0.5170523312295624 0
5012 -0.4167081047472443 0.4918110730385089 0
5013 -0.3834757116331189 0.496933778003701 0
5014 -0.1679824669556073 0.1400442359714032 0
5015 -0.4156764328732928 0.3242949745313927 0
5016 0.118046820261025 0.8650666196967072 0
5017 0.1155980005226978 0.8774048323492553 0
5018 0.1974576197565486 0.741196874778564 0
5019 0.1874488541071936 0.7383040209321765 0
5020 0.2007114291829885 0.7521863036731152 0
5021 0.1056192015127642 0.563776307462903 0
5022 0.179043278651683 0.6759504221939472 0
5023 0.1712901768045875 0.6839736001505538 0
5024 -0.1693110191616061 0.5975110375824977 0
5025 0.2429122424576378 0.8056622345540545 0
5026 -0.425503618489655 0.6465554217134261 0
5027 0.2454901029354341 0.9355861669691706 0
5028 -0.4768365991615407 0.2046693335887128 0
5029 0.1118847826172317 0.4831765320497122 0
5030 0.1000315011023065 0.4804007615041623 0
5031 0.2888886648711855 0.7545622740429376 0
5032 0.4134708570990703 0.5507637026506055 0
5033 -0.4428324958825718 0.3426111063372155 0
5034 -0.3666101794717775 0.07531595660546023 0
5035 -0.1844659508825771 0.9854989637857505 0
5036 -0.1897611162334457 0.9757146477366718 0
5037 -0.2019663454743143 0.9733389706639619 0
5038 -0.2081191074273046 0.9850613828543706 0
5039 -0.0446577024644368 0.5815328749920459 0
5040 -0.2734221204112801 0.887993568715832 0
5041 -0.2846081198731119 0.8904943065808634 0
5042 -0.2810012493979108 0.8798848280577093 0
5043 -0.2812980091409944 0.8617967670961382 0
5044 -0.07724583576653095 0.2698895427188305 0
5045 -0.06796310490590803 0.2800209478817881 0
5046 -0.2325131100447539 0.9837613041139315 0
5047 0.3368774072235425 0.5173372309929506 0
5048 -0.1890636760463794 0.7760050455812466 0
5049 -0.1846625692760001 0.7871934797828095 0
5050 0.09570186545706671 0.871805408498043 0
5051 0.1218948937759465 0.2710855525778449 0
5052 -0.1836411157080874 0.935814840734401 0
5053 0.2866097317083464 0.7962505714806926 0
5054 0.2902223583613922 0.7849724647167962 0
5055 -0.2559888422910006 0.9856700107978728 0
5056 -0.2514950965830297 0.974541450906003 0
5057 -0.2943368538266609 0.8102824441366485 0
5058 0.1961441726862127 0.9849945897973471 0
5059 0.2022710610492819 0.9754826995560875 0
5060 0.2139006200824096 0.9751140654602448 0
5061 0.2061929793758525 0.9663900553261177 0
5062 0.2200775060264785 0.9850904159045625 0
5063 0.2266575690067911 0.9733268805701144 0
5064 0.2392382145751599 0.9748085602887723 0
5065 0.2438909852868801 0.9848972570276897 0
5066 0.2496143918992993 0.9745582268717569 0
5067 0.1904999423220951 0.9749156578340193 0
5068 -0.1220826554493196 0.8569879512547249 0
5069 0.3634483904954482 0.3037480384210863 0
5070 0.2796263140745673 0.5375793579670649 0
5071 -0.3747567003083512 0.3813601420961335 0
5072 0.3685561677712731 0.324622079249497 0
5073 0.03291493267983765 0.5782127516708642 0
5074 0.0447152322110729 0.5812673275920621 0
5075 -0.106383437783412 0.2393817395593153 0
5076 -0.129635674204655 0.2322443471285574 0
5077 0.2499374653587622 0.5661933275088097 0
5078 0.2466814377225205 0.5775723560728132 0
5079 -0.3542553042765872 0.920647956043972 0
5080 0.01633713226347275 0.6709220878074345 0
5081 0.01983384288828982 0.6823076947847594 0
5082 -0.0008228460202675546 0.689459550728945 0
5083 0.0278228090708817 0.6733995380921552 0
5084 0.2864889330067595 0.693321119774007 0
5085 0.2785604268314259 0.6849003954890743 0
5086 0.2818692768227111 0.6737053626178958 0
5087 0.2738679866983874 0.6652158689007968 0
5088 -0.336463860034226 0.8522452487676413 0
5089 -0.3252935610699413 0.849375296660283 0
5090 0.202468221648878 0.7912038340160478 0
5091 -0.2567598005074106 0.8208772409249087 0
5092 -0.04033781235263947 0.5935074185532387 0
5093 0.2225418544150475 0.3294034784310171 0
5094 -0.3154967550871797 0.3777327827955557 0
5095 -0.2308436762510474 0.7371711984449492 0
5096 -0.1978141862895952 0.336056044826966 0
5097 0.2202412431946854 0.5201274789347591 0
5098 0.2169318948982138 0.5316798813166344 0
5099 0.2042516236290474 0.5355921460238627 0
5100 0.2139560934354035 0.5435229113500152 0
5101 -0.01038711582619398 0.01676511591945307 0
5102 -0.002085444909468138 0.03281410691348165 0
5103 0.0493318301256957 0.394562200726165 0
5104 -0.3768409912341206 0.3477507694977128 0
5105 0.2842767228245865 0.7347826021227762 0
5106 -0.2030001698344226 0.7930548331322036 0
5107 -0.2115387922830371 0.8003197776012614 0
5108 -0.2227284458045136 0.7973540528701079 0
5109 -0.04987791062473108 0.2626428768114162 0
5110 0.1964619741024825 0.7707006434527179 0
5111 0.2036659569530483 0.2183064757690767 0
5112 0.2669042105605582 0.4086062074518193 0
5113 0.2757377033126382 0.4159066767039084 0
5114 -0.4134898006307933 0.3574614598040015 0
5115 -0.3776177857909891 0.6660703725047532 0
5116 0.2449525938960253 0.6199591839688838 0
5117 0.07831728560403968 0.2937953159448612 0
5118 -0.3792160847235081 0.7079255134447812 0
5119 -0.3715698640078598 0.7160284487807896 0
5120 0.1814554505888219 0.4643715866775533 0
5121 -0.2797839193018605 0.9849610659580403 0
5122 0.4340435354832791 0.4384391327002972 0
5123 0.07683503385584836 0.3880264585406251 0
5124 0.1410378354192799 0.5418328625916797 0
5125 0.277182889417954 0.6540121381138291 0
5126 0.262496731140543 0.6678084796813701 0
5127 -0.2926110410836502 0.8822724941663217 0
5128 -0.05182803107676771 0.8692033517179012 0
5129 -0.3028240567140372 0.5954261796927569 0
5130 -0.3879236545829783 0.5523934019644665 0
5131 0.2253758758613249 0.540429730701605 0
5132 -0.3857458669183635 0.7301971151527245 0
5133 -0.2248281236523205 0.8656988320926274 0
5134 0.2375021474328765 0.2799678372891172 0
5135 0.2676176591375401 0.9838060375283921 0
5136 -0.2442641585105733 0.9313418199785866 0
5137 -0.2552822821496972 0.9344670413075011 0
5138 0.4570153620377729 0.4327755561607666 0
5139 0.2189783483884703 0.5940262530856226 0
5140 -0.3569404782158657 0.7020085416082149 0
5141 0.4151384795175428 0.3135498587402055 0
5142 -0.340802721107744 0.4641018870126845 0
5143 0.2290955777553559 0.3845080551956737 0
5144 0.1009114987787092 0.3814069156533964 0
5145 0.2048962520708273 0.3106352050914316 0
5146 -0.3822137994680543 0.9067834712914143 0
5147 0.08362781663085518 0.696360013347774 0
5148 -0.4257744431607694 0.7607145790220875 0
5149 -0.4176156592481959 0.7691257224899519 0
5150 -0.4207902733293771 0.7803984105395771 0
5151 0.2240505001780786 0.6872733942112802 0
5152 0.2239792046206822 0.6982181574988974 0
5153 0.2294867419471182 0.7079018793948991 0
5154 0.2414815203566008 0.7041528004066328 0
5155 0.2383200687102397 0.7148685088718366 0
5156 0.249439989332227 0.712276311245304 0
5157 0.2360914731152763 0.7254192844712543 0
5158 0.2777391992778668 0.2925147687554793 0
5159 0.3273354672603822 0.9831100482507127 0
5160 -0.2961318499268677 0.5724980343722291 0
5161 -0.1956961374517294 0.2863543005028735 0
5162 -0.09629104459675875 0.6361015213842189 0
5163 0.07163282914290631 0.5983718457021473 0
5164 -0.1403840326181169 0.3098553864624503 0
5165 -0.309501352890956 0.618043851240494 0
5166 0.2677356930487546 0.6145291771035277 0
5167 0.3283676576958354 0.5087865592846323 0
5168 0.3531853607338253 0.3395799910433586 0
5169 0.2392732527953926 0.4263859016023356 0
5170 -0.4126451468497759 0.7888188964790648 0
5171 -0.3298961914780958 0.7155518720020377 0
5172 0.06379557034242339 0.912098546370314 0
5173 0.0721372752614233 0.9203648941061855 0
5174 0.2550205103448162 0.2987843544786108 0
5175 0.3412379361021635 0.3425851964849764 0
5176 0.272744840874061 0.8475851777275413 0
5177 0.347326212767678 0.4392202648378573 0
5178 0.08428609927627734 0.8749043425105912 0
5179 0.05973728493734709 0.4586933822932849 0
5180 -0.4777124677692582 0.7638503775557031 0
5181 0.02301111378949494 0.08633775084393787 0
5182 0.001956764530771983 0.1031271079442491 0
5183 0.2724482755815669 0.317307071224436 0
5184 0.2753141965857757 0.3049832904491847 0
5185 0.3135378152608584 0.6036180923362711 0
5186 -0.1606899119443766 0.9852022595653207 0
5187 -0.1666131545893658 0.9748932436512219 0
5188 -0.15479469197667 0.9751663241650628 0
5189 -0.1488484945978172 0.9852228021530381 0
5190 -0.1436753717288764 0.9752885475141579 0
5191 0.266296066395034 0.5834070326155149 0
5192 -0.4303765304427515 0.7003807644905897 0
5193 0.07711309159716059 0.5780134210418995 0
5194 -0.4776524012669922 0.7874695560685387 0
5195 0.1144524548518227 0.4502658065380352 0
5196 -0.3179982496582155 0.7853102149954237 0
5197 -0.2322319918708521 0.8873152094721629 0
5198 0.06406285317229388 0.6501939789698669 0
5199 0.3441501373382486 0.4508686810553533 0
5200 0.3325118140392201 0.453936918509672 0
5201 0.32399579538861 0.4453451571933352 0
5202 0.1500937585213893 0.9837443833690741 0
5203 0.2311830039559855 0.3388454817220009 0
5204 0.2436352067276257 0.3357323973403835 0
5205 0.2490009777697831 0.3567415589228318 0
5206 0.4018388476728962 0.8596495212993275 0
5207 -0.09987281117716637 0.3505730248223576 0
5208 0.1759967688804294 0.6649814335269213 0
5209 -0.4783149074576331 0.7043104981139129 0
5210 -0.4665314839572587 0.7089408938290138 0
5211 -0.4674183232045158 0.7219765706657142 0
5212 -0.4778738397338199 0.7276133577180088 0
5213 -0.4780033395049968 0.7387496146269679 0
5214 -0.2440770617447331 0.514067347916648 0
5215 0.3251522351126103 0.6009660338084943 0
5216 0.3054668677612762 0.5950551743218619 0
5217 0.3331934717227123 0.6099823343723922 0
5218 0.4440339415381176 0.4035954948589578 0
5219 0.1733858269952321 0.06753683115218001 0
5220 0.07688200316335739 0.190917241149918 0
5221 -0.1651687473318431 0.2670474901338997 0
5222 -0.3680954429757225 0.7760632612025884 0
5223 -0.3595784557572952 0.5666903059607065 0
5224 -0.3512843988730199 0.5753049429948948 0
5225 -0.2573812097946555 0.2516932789787705 0
5226 -0.271335349350583 0.2547926871789568 0
5227 -0.4320280118067018 0.6691753726237801 0
5228 0.151846447212216 0.3697103559083746 0
5229 -0.2521513544404089 0.7021998350123846 0
5230 -0.2605524992116692 0.7104071726602628 0
5231 -0.4144797368678979 0.5697237727704649 0
5232 -0.1291849603556464 0.6702813934345009 0
5233 0.2656250133786715 0.3754166278733259 0
5234 0.2859974414484139 0.3807515414146553 0
5235 0.1370261022709502 0.9127604497229811 0
5236 -0.3717867793073119 0.946501174508761 0
5237 0.37890365593024 0.5597399302071628 0
5238 0.3400489318438296 0.7815663567807083 0
5239 -0.3576857355105634 0.816345742599114 0
5240 0.3736515504355229 0.6564999312146774 0
5241 0.3367451403296594 0.6763486226252194 0
5242 0.3321347392342368 0.6875199214931227 0
5243 0.4461064702223272 0.5103421540937467 0
5244 0.4576134269988906 0.5073678144650958 0
5245 0.4607829722033608 0.4958990323740424 0
5246 0.4689820293737102 0.5045092270024196 0
5247 0.4718412573778106 0.4930329848392933 0
5248 0.4641382646194088 0.4843318733940399 0
5249 -0.3133177938717914 0.9186411072156693 0
5250 0.3764602147327085 0.7609799126133125 0
5251 0.3687380821072362 0.753046007549231 0
5252 0.3698579810907831 0.7410075225150856 0
5253 0.2384119797657415 0.56894686873572 0
5254 0.3030658317684091 0.9854149790466764 0
5255 0.2918298741189883 0.9854118696951188 0
5256 0.2691332576425165 0.2370144045840389 0
5257 -0.4542362455176074 0.5585178524185015 0
5258 -0.4658458988144721 0.5614325472364807 0
5259 -0.3512505151943882 0.4998610692866963 0
5260 -0.3399050333347025 0.6465890678552899 0
5261 0.3844270745116699 0.4619256980975331 0
5262 0.3928505768170585 0.4704903309495095 0
5263 0.4044764418643073 0.4674517563134619 0
5264 0.401251084682347 0.4790417985319454 0
5265 0.4127984296922734 0.4761546030856757 0
5266 0.3811999776194437 0.4735343977530238 0
5267 0.2086667947305776 0.2981819371343538 0
5268 0.37564635250549 0.6875610995055391 0
5269 0.3725673817746088 0.6988419401365886 0
5270 0.2157852293421871 0.8675044836508153 0
5271 0.2119578395530917 0.8568868695807015 0
5272 -0.3263281763674639 0.4148884855544464 0
5273 -0.4193477891700123 0.6238886324532891 0
5274 -0.4109499434053865 0.6322610961692651 0
5275 -0.40235610155139 0.6406716264780347 0
5276 0.0607606570497361 0.9235027267548499 0
5277 -0.3052808855294585 0.8131590138791156 0
5278 -0.08634752935899581 0.2967963493689718 0
5279 -0.09573412359009816 0.2866133282768905 0
5280 0.1628314637589745 0.1935749221599593 0
5281 -0.4496753272656556 0.4875917626835886 0
5282 -0.405777975360988 0.8392119789182388 0
5283 0.3824192589540851 0.4301572623089285 0
5284 -0.3097202109345145 0.466145465534451 0
5285 -0.3217939802126258 0.4694707084464989 0
5286 -0.3250393325740699 0.4816433751108246 0
5287 0.3220458178371038 0.2919807444839813 0
5288 -0.3664534481458631 0.2426235369471524 0
5289 0.4185949482519873 0.3013126814110285 0
5290 0.2681986746739389 0.1167592049872473 0
5291 -0.1878463466544687 0.7473927630625198 0
5292 0.2116510039366807 0.3662145229037921 0
5293 0.3360446700403171 0.3217248384289461 0
5294 -0.1707564249471538 0.5523324464263846 0
5295 0.2869572262315508 0.2555227870367697 0
5296 0.1939431522932557 0.3477331137668871 0
5297 0.2099667691696463 0.2521642023508502 0
5298 0.3716200235819496 0.6253444477364904 0
5299 -0.1253268404837501 0.9849492018950645 0
5300 0.2418154513375783 0.2089406225304222 0
5301 -0.1130720853227295 0.985149722225334 0
5302 -0.1066446567994714 0.9749597065942687 0
5303 -0.09456994914041246 0.9749199183914978 0
5304 0.4334258490490065 0.7464503762334 0
5305 0.42514856630123 0.7380185231541787 0
5306 0.4283005315916223 0.7266571437030369 0
5307 -0.4776758475552723 0.644844691337578 0
5308 -0.4675047808740774 0.6506284006061257 0
5309 -0.4777277630566213 0.632963299010649 0
5310 -0.4675878805541141 0.6271083699671529 0
5311 0.351707274567513 0.5027808441591834 0
5312 0.3825205129121728 0.738253274685768 0
5313 -0.0891646599506403 0.9851483913585733 0
5314 -0.08335584516666139 0.9748120227253616 0
5315 -0.07145558940260807 0.9751005215593641 0
5316 0.2135949674677 0.2277228921487671 0
5317 0.1130733614644879 0.9851504590050254 0
5318 0.1020333245705643 0.9850157042480003 0
5319 -0.3034829645259906 0.9851667833071516 0
5320 -0.2979347301722761 0.9751180388658884 0
5321 -0.3094995714025782 0.9758157868102988 0
5322 -0.3057983286978587 0.9666878732050552 0
5323 -0.3155820886076343 0.9856005313364694 0
5324 0.3664842067764795 0.8379845031888131 0
5325 0.1579567971279642 0.3101332940625239 0
5326 -0.2275883395372197 0.3553615718862335 0
5327 -0.2309640884005237 0.3686563353763366 0
5328 -0.2228815138217654 0.3788441784412845 0
5329 -0.2095613618966245 0.3756689099754709 0
5330 -0.20014568505269 0.3856383331625048 0
5331 0.3406820563505286 0.9294261019183799 0
5332 -0.1785226047863225 0.4937727473124192 0
5333 -0.1810500553742529 0.4805491766069852 0
5334 0.3049525699943911 0.2740504262823016 0
5335 -0.2567978875902713 0.7214143606343379 0
5336 0.4776846772804491 0.6804416522774628 0
5337 0.469841389977077 0.6858884041247337 0
5338 0.4655125951285078 0.6755018906157549 0
5339 0.4775700744980167 0.66869067696962 0
5340 0.2922472864891965 0.743455319798611 0
5341 0.4030627766325698 0.8172195252745775 0
5342 -0.1969522614240436 0.2132333592167018 0
5343 0.477645649995034 0.6448356144833565 0
5344 0.4778550678238738 0.6326050258635824 0
5345 0.4676153072122897 0.6266167195013068 0
5346 0.4676220049354551 0.6154720972870562 0
5347 0.4574773866631917 0.6216937555553854 0
5348 0.4582756324209641 0.6325601401748202 0
5349 0.4776845344334792 0.6092579675625969 0
5350 0.4679861789510849 0.6042388557215671 0
5351 0.4777853458640753 0.597492459336323 0
5352 0.466351888470407 0.5917336800534923 0
5353 0.4783812408646422 0.5735291116061384 0
5354 0.4783416597557608 0.5616862702831226 0
5355 0.4688190930590281 0.556259780816394 0
5356 0.3783821628615751 0.7919681114181317 0
5357 -0.1918475972200063 0.9276636960821409 0
5358 -0.06548008630086818 0.9851656402069595 0
5359 -0.05954722746301003 0.9752857944531531 0
5360 -0.04763892879587622 0.9748909305255655 0
5361 -0.05535065275942028 0.9653012298929862 0
5362 -0.04242999464547279 0.9634175412693273 0
5363 -0.0359287684149576 0.9746822742538349 0
5364 0.4775336479259704 0.3128496490840103 0
5365 0.259807247327481 0.2746680531488134 0
5366 0.4666742477515121 0.5161661809186951 0
5367 0.4095166086550842 0.9135379933024805 0
5368 0.1043725794975586 0.1842129720578148 0
5369 0.3655161753995495 0.4129225588039991 0
5370 0.3034024095468408 0.3189118697840879 0
5371 0.3428278421971901 0.8869962815157395 0
5372 -0.4029164184020287 0.9440401452138334 0
5373 0.4031510977108803 0.510755161897111 0
5374 0.3033182967491292 0.6374113111448182 0
5375 0.3112161167797938 0.6453888293393117 0
5376 0.3227793161876766 0.6432618281372201 0
5377 -0.4309263111740521 0.9301729725080716 0
5378 -0.4195207805953408 0.9271709166233948 0
5379 0.07013170200278564 0.4953582461225841 0
5380 -0.412013490933421 0.8617137640680215 0
5381 -0.3339546876233602 0.4397740214535591 0
5382 -0.1844854763148937 0.3328702896851654 0
5383 -0.1257634404653507 0.9101454172590868 0
5384 -0.2898387329625113 0.3707206492872712 0
5385 -0.2991925710647846 0.3617711656723048 0
5386 0.2264123595099972 0.3169177187311787 0
5387 0.4353424923405922 0.7776010196196155 0
5388 -0.2021794923621261 0.8894206256695038 0
5389 0.1574822782738042 0.5983723786718689 0
5390 0.3390672741204982 0.2070016561658315 0
5391 0.3760330534587275 0.5711939519794553 0
5392 0.4200464387676504 0.7182000777670507 0
5393 0.3807850320876292 0.7072894109692673 0
5394 -0.4581289187679234 0.6123269889151419 0
5395 0.4274576978080418 0.8873619727206175 0
5396 0.4419659685766426 0.8736722766981115 0
5397 -0.3445067748006484 0.476090780041573 0
5398 0.3588607993614713 0.9042279119687291 0
5399 0.3623431798698794 0.8929628857048363 0
5400 -0.3222968697718992 0.8381957065197289 0
5401 -0.2928025793071157 0.4180660677040571 0
5402 0.4787248038071852 0.7517425711704803 0
5403 0.3768781076720789 0.5282859866413481 0
5404 -0.2866103397310524 0.7886501607070938 0
5405 0.4070987771004408 0.5736907465790775 0
5406 -0.3311844401730664 0.6855220304333052 0
5407 -0.04347475297731686 0.8774663356612413 0
5408 -0.0351188133647179 0.8857882200325 0
5409 -0.3025505331899097 0.1885129016538655 0
5410 -0.3128834603191188 0.1781204804353511 0
5411 0.4776464740120254 0.8350000391069607 0
5412 0.4673625637237263 0.8290574447030573 0
5413 0.4166811661074807 0.539261073645 0
5414 0.3079309368713898 0.6571231433354747 0
5415 0.1489634560261887 0.3005804804777395 0
5416 0.2939520251913679 0.5977956073868629 0
5417 0.1431184356023723 0.5841111723180485 0
5418 -0.1931430164645462 0.1821642758294005 0
5419 -0.1843845745501891 0.1943509744650644 0
5420 -0.1702502323620805 0.1897504887007523 0
5421 -0.3446012675289474 0.8439591918402425 0
5422 -0.04170340879959403 0.9851174673965393 0
5423 -0.02462467569392676 0.9751501379514085 0
5424 -0.01800709778146687 0.9851655735998588 0
5425 -0.01235352045453215 0.9737561927949006 0
5426 -4.9020996028451e-05 0.9747770238055702 0
5427 0.005742072069022211 0.9852663875363674 0
5428 0.0303521150047386 0.8787622168399687 0
5429 0.0004404343818628681 0.5811814875650312 0
5430 -0.004197250134621047 0.6019149862405887 0
5431 -0.4360741186517658 0.9103114698390294 0
5432 0.2496299956633563 0.8736688604859488 0
5433 -0.002086847614538292 0.6452851213397675 0
5434 0.422452916949739 0.633232784358489 0
5435 -0.1452831243681389 0.1982488637139177 0
5436 -0.1420787096529245 0.1848500981084426 0
5437 -0.1290517606350988 0.1812999113917524 0
5438 -0.1560855489116487 0.1874440383044237 0
5439 -0.1724047559591591 0.2036334283114147 0
5440 -0.1188313650778651 0.1911679083530869 0
5441 0.2723110989490777 0.8778718848979286 0
5442 0.2647210936686597 0.8867481177818501 0
5443 -0.3995169463181541 0.8167015897050878 0
5444 0.07730726143078465 0.9852444598017618 0
5445 0.05355368610840775 0.985719720395009 0
5446 0.05770629317202253 0.9763017387018934 0
5447 -0.3032810254474287 0.7726627454566978 0
5448 -0.3041196279158558 0.761090930980294 0
5449 0.1944209786139371 0.2091002264593756 0
5450 -0.281815654958077 0.8386490152143998 0
5451 -0.1828422719576775 0.369289112504138 0
5452 0.4581885438167431 0.9851434924420769 0
5453 0.4641142578542601 0.9749183034703972 0
5454 0.4769822212674619 0.9760800523283786 0
5455 0.4707675032570203 0.96515342551038 0
5456 0.4526903284310291 0.9754931799650013 0
5457 0.1514533246591906 0.009309833084027615 0
5458 0.4243660023119187 0.6643377656315744 0
5459 -0.2683809660485076 0.5541725872536389 0
5460 -0.2620490193083793 0.5733212021344654 0
5461 0.05012429539576352 0.8840507390511234 0
5462 0.3948329688062227 0.8087935950120679 0
5463 -0.1134566408608087 0.1642318773898437 0
5464 0.0007215959743752177 0.4546840700918695 0
5465 -0.4597245871840925 0.9838040590101376 0
5466 0.299336191711664 0.8239274604053179 0
5467 0.4671845935411189 0.4722835202957709 0
5468 0.4051391270726133 0.5422632373153145 0
5469 -0.4761473914175203 0.5961088422320027 0
5470 -0.4782562571955756 0.5754839649245902 0
5471 -0.4780963153019083 0.5374563830611825 0
5472 -0.4776471018844594 0.4309047571750247 0
5473 -0.4776888554243929 0.370337489755517 0
5474 0.2937035521489154 0.5181197242691413 0
5475 -0.0811008526423331 0.6376160303106262 0
5476 -0.1005526988969909 0.6472744988410506 0
5477 -0.2313708388843608 0.07857006694107066 0
5478 -0.4362884556818066 0.5325790155231747 0
5479 0.4776464740120268 0.8587675593013628 0
5480 0.4773842989038777 0.2639644165982362 0
5481 0.4180849408884794 0.6870813945999299 0
5482 0.01968105012207806 0.8387741878061281 0
5483 0.01082277911730088 0.830930587324569 0
5484 0.03518878756188425 0.8243722171472811 0
5485 -0.4757181744055138 0.4176193806503178 0
5486 -0.3278311930995819 0.5695636504760195 0
5487 -0.4776971131029355 0.8469883165049762 0
5488 -0.4673669611701723 0.852853651111632 0
5489 -0.4673651284101403 0.8647012230537086 0
5490 -0.4572535118727721 0.8590504796734307 0
5491 -0.4573248899980614 0.8467793866708224 0
5492 -0.4563528470105614 0.8723450073151559 0
5493 -0.447149315434406 0.8643851680312877 0
5494 -0.467332958196339 0.8409800631258829 0
5495 -0.4678701701476586 0.8769801352087028 0
5496 -0.4781343840998218 0.3235136906633134 0
5497 -0.4570503988127717 0.5701232883893739 0
5498 -0.3867799608507501 0.9851424577710285 0
5499 0.2752640540992607 0.6960127508632887 0
5500 -0.01605535552772305 0.9336021885572201 0
5501 -0.024436482528353 0.9252425662007454 0
5502 -0.004629488950400303 0.9305328217849564 0
5503 0.4524823807200155 0.4873824822027684 0
5504 0.4780966712256884 0.8817242101231741 0
5505 0.2467884299923042 0.7746901237800019 0
5506 0.3600534005004286 0.9353057464345698 0
5507 -0.08208808531706538 0.6886726306405366 0
5508 0.4767416211520333 0.906340159958568 0
5509 0.4669851017653001 0.8987840999455494 0
5510 0.4774547071727063 0.9186489515610794 0
5511 -0.477963840963422 0.8944240391426417 0
5512 -0.4772263735059213 0.9069284082860182 0
5513 0.3622746790272892 0.6595005355875361 0
5514 -0.006185880628876807 0.85684817968889 0
5515 0.442919716654265 0.5218233128232137 0
5516 0.1557797329736626 0.6290413906319233 0
5517 -0.4777228087261788 0.9302204486580714 0
5518 -0.477730595671704 0.9419890180971883 0
5519 -0.4681327714525914 0.9495959070436261 0
5520 -0.4662159826275993 0.9366660624616924 0
5521 -0.4762667892694405 0.9669578879033539 0
5522 -0.1766994728221504 0.01062762683022229 0
5523 0.4076757038463943 0.4558802793390933 0
5524 0.451152452114759 0.8829993658567492 0
5525 0.275819588100695 0.6230684897874856 0
5526 0.4775708399046382 0.9421313175576631 0
5527 0.4680692648248397 0.9476183815698725 0
5528 0.3558344991560293 0.4478091652617732 0
5529 -0.02210581695679066 0.6512294203163682 0
5530 0.2238103256057441 0.01034001317710726 0
5531 -0.3362074628542804 0.5609189491165566 0
5532 0.4548915248257039 0.5930704278261666 0
5533 -0.2011202699016135 0.00970806079142098 0
5534 0.4676395162881813 0.9366541711904925 0
5535 0.4578364401731635 0.9425843437346508 0
5536 0.4188997382698781 0.9534781982075474 0
5537 0.4256826335337602 0.4297603322272382 0
5538 -0.421105379948974 0.5925977254838629 0
5539 -0.1069966867084985 0.8216902520861767 0
5540 -0.1015396178048096 0.831788328968004 0
5541 -0.08967963770647028 0.8314917080646371 0
5542 -0.1132829133809645 0.8304582429718028 0
5543 -0.0834456193311949 0.8220244896590958 0
5544 -0.077178817533823 0.83337578432825 0
5545 -0.06524150052864044 0.8325123692183284 0
5546 -0.05966682123996953 0.822498347123343 0
5547 -0.05374672947482143 0.832813297111592 0
5548 -0.06011845904543851 0.8429786579872122 0
5549 -0.04757344216699209 0.8449979524974885 0
5550 -0.04174169090690417 0.8328833079564206 0
5551 -0.01261697660064174 0.822202199172841 0
5552 0.05826817931120588 0.8243912565791072 0
5553 0.05239220206174133 0.8322269542685202 0
5554 0.08136041025413 0.8244945578661521 0
5555 0.1057543543021434 0.8265311362898303 0
5556 -0.258246856499651 0.6783202262059762 0
5557 -0.2301920007987705 0.9173419869026092 0
5558 -0.2134797706806534 0.3887768470530831 0
5559 -0.2040914004282552 0.3987692445565781 0
5560 0.3996193629186969 0.6391764252811551 0
5561 0.391665615727247 0.8201569745896526 0
5562 0.3896101138644198 0.4820891941040549 0
5563 0.3635816116857831 0.3809267433912344 0
5564 0.07135959456816451 0.846082194240523 0
5565 -0.4778077917634713 0.8707147082689587 0
5566 0.2975643428927585 0.9749044827675044 0
5567 -0.1123395411381043 0.9380258681498012 0
5568 -0.1434100523989506 0.8219588463958862 0
5569 -0.003941761331129411 0.8879799000853816 0
5570 0.205667969189135 0.6621936033547924 0
5571 0.3147208078088142 0.8413373606840288 0
5572 0.3120280247694219 0.851840846874084 0
5573 -0.2199805061940531 0.7397008424804811 0
5574 -0.01763628194781217 0.8598810354803192 0
5575 -0.1176532507690612 0.4960732532699534 0
5576 0.386447524667708 0.9188942949934248 0
5577 0.06267671389190942 0.8365274646201977 0
5578 -0.07526868796147126 0.2180435018645808 0
5579 -0.07716926809172592 0.8447771725528634 0
5580 0.4015822593229109 0.6703132411560109 0
5581 0.2193699603394489 0.9085507464558765 0
5582 -0.2590072623338388 0.04735082588152131 0
5583 -0.1026758396198753 0.2252747544829239 0
5584 0.4236516276453669 0.5906019349555507 0
5585 0.3654012495491097 0.7640720008948649 0
5586 0.02119150720079319 0.9130124210956502 0
5587 0.329249427479987 0.7230389499757193 0
5588 0.3695643485699579 0.594056314415329 0
5589 -0.3662878011424053 0.5895993370579778 0
5590 0.2259945670700478 0.9303258298708162 0
5591 0.3392131906386527 0.867243181614761 0
5592 -0.4380047422532362 0.8791166317829824 0
5593 0.2249339185647278 0.7688296958798781 0
5594 0.2386613836908981 0.4939822157798571 0
5595 0.007476367026358352 0.8849032749487118 0
5596 0.4374021564021527 0.9284466508294887 0
5597 -0.03588161037309368 0.9283178112359135 0
5598 0.08347692923217698 0.9172333058224696 0
5599 0.272884602441657 0.9486724771787994 0
5600 0.3643263279208576 0.6904339730076277 0
5601 0.4078796194251362 0.647585198946111 0
5602 -0.3918621523265544 0.2494827959343468 0
5603 0.06481846149574555 0.05108966179204529 0
5604 0.3976205725850033 0.6079686455713238 0
5605 0.2109897624597177 0.554811456971014 0
5606 0.3217737118188317 0.866768982965661 0
5607 0.4205066317822858 0.602019127787553 0
5608 0.26823998731621 0.5405683020819894 0
5609 0.289343556496413 0.5455174810201925 0
5610 0.2826021074426446 0.4770969777186034 0
5611 -0.09414773778448239 0.870327909088621 0
5612 0.1839968322158264 0.8317069537493968 0
5613 0.07373361659053947 0.3540806385421608 0
5614 -0.04650752462002154 0.888870615138092 0
5615 0.4086378797235448 0.7211250578924498 0
5616 0.1309108371570571 0.2810830611823825 0
5617 -0.4228377914447885 0.5611704879378834 0
5618 -0.07757283894280365 0.8867152472569686 0
5619 -0.0316518751203798 0.2835594870585711 0
5620 0.4606305525891815 0.7604090457191252 0
5621 -0.4471320243265025 0.6096962983980451 0
5622 -0.3663836067584995 0.1353285648330604 0
5623 0.3192837651404595 0.7577088125259221 0
5624 0.3002497742091038 0.4942324823408741 0
5625 0.4460300128457331 0.7009326074422886 0
5626 0.08118746263835479 0.886322221876788 0
5627 0.455872029354514 0.6666286181680996 0
5628 -0.06704681678429431 0.9261024570944005 0
5629 0.253079914710114 0.6285029860578112 0
5630 -0.3899152386863132 0.5204508683753528 0
5631 0.4407276950507734 0.9170106488584554 0
5632 0.3752388575131596 0.8032894815679273 0
5633 -0.03280548326531992 0.3793935139618211 0
5634 -0.1399332757296178 0.1710445077592728 0
5635 0.03261648059634899 0.909934638686039 0
5636 0.3350177733150399 0.5680664867979198 0
5637 0.3182408782437828 0.7271295908536974 0
5638 0.4590152364894017 0.7288845672895584 0
5639 0.4108931001090275 0.9447553333421737 0
5640 -0.4131136449519109 0.5266394965123173 0
5641 0.4132358948121272 0.8567911683313169 0
5642 -0.4490141635741519 0.5785565836308485 0
5643 0.4066858987475331 0.6900534431226852 0
5644 -0.04141851468338559 0.235398280159708 0
5645 0.3877808775291149 0.9502682208622658 0
5646 -0.2745516917862426 0.9292869736341822 0
5647 0.3297063428391547 0.8592811580333453 0
5648 0.002164905727042813 0.8651635372253859 0
5649 -0.4288372727201787 0.9620358277259444 0
5650 0.1935343569312618 0.8636539323832395 0
5651 0.007596834971655271 0.6046865069624129 0
5652 0.4013004049065448 0.9046076592945271 0
5653 0.3178273186463754 0.468536319097301 0
5654 -0.1871302037535457 0.5034415610858844 0
5655 -0.4013577155778115 0.7859934054693009 0
5656 0.2019352403783611 0.1350155645113297 0
5657 0.2847752765967293 0.5577840474726499 0
5658 -0.3201875150439021 0.8688473163098418 0
5659 0.4309961003322421 0.831114839491186 0
5660 0.2548497543588392 0.5861603871310473 0
5661 0.2646868597321755 0.8317468118944389 0
5662 0.4290088240277077 0.8000149314815644 0
5663 0.2063437102905006 0.9259151606906242 0
5664 -0.1767152614080446 0.6801001641646774 0
5665 -0.1857297041934716 0.7982589942621623 0
5666 0.4570424770164143 0.8138420591526585 0
5667 0.4049877308209169 0.8483326290999802 0
5668 -0.380878948814334 0.7491289934967138 0
5669 0.3128118136241039 0.7076697602337571 0
5670 -0.1653462704186611 0.791523716574479 0
5671 0.1985072801775863 0.4823306411309048 0
5672 0.375279478803831 0.3011492989401118 0
5673 0.4137382784866522 0.7408775254133382 0
5674 -0.1752418285910348 0.6495028361036044 0
5675 0.2982233251648336 0.8624767148572188 0
5676 -0.06397725405765442 0.9147048934958157 0
5677 -0.4556176483605035 0.6321175339280199 0
5678 -0.3200605864325308 0.6827480600267724 0
5679 0.4771780823876642 0.5259447514955324 0
5680 0.3670412046637375 0.7948754073823667 0
5681 -0.3619738835970188 0.8692723435930133 0
5682 -0.3808969047980802 0.677217928166595 0
5683 -0.1939044569878573 0.3228386733998013 0
5684 0.3653510790579007 0.5313017900642267 0
5685 0.3498160434191998 0.3514258835617353 0
5686 0.04326241176589322 0.9494169751929551 0
5687 0.3540229543510343 0.6511473543292048 0
5688 0.2913351136163307 0.9020158899153417 0
5689 0.03945015861641069 0.6017517782438403 0
5690 0.2876899355624333 0.8287546705144084 0
5691 -0.4246546728050542 0.9073255642848799 0
5692 -0.04565891684254753 0.1115195466822797 0
5693 -0.06515337366594434 0.1273238260747053 0
5694 0.1543948578083026 0.5871396716881889 0
5695 0.2804061307630798 0.9308234729825827 0
5696 0.3020369593381959 0.6063532502434137 0
5697 -0.04119560060282068 0.5143983660155359 0
5698 -0.02865092571886559 0.5175151803008421 0
5699 -0.3353338924808902 0.8107011961521449 0
5700 0.2284076840109595 0.9615547209055306 0
5701 -0.07843025721110158 0.929147664924023 0
5702 -0.215634802242993 0.1041577623558897 0
5703 0.4147082880949938 0.5078038897367058 0
5704 0.3106772130883781 0.9571382819253236 0
5705 0.4007729832224483 0.5965490589832957 0
5706 -0.410670783074439 0.4679887316229186 0
5707 -0.0949629975384236 0.9124194756616075 0
5708 0.2317849747414147 0.5915305814936819 0
5709 -0.08446395905015786 0.3334951931799084 0
5710 0.3495021804447239 0.4710392431858489 0
5711 -0.3163543213624087 0.4904707490724258 0
5712 -0.1634441572398119 0.3032650719324184 0
5713 -0.07538852895562509 0.9596305701699255 0
5714 0.3413328746086524 0.9536865282110008 0
5715 0.0660281219503451 0.6188247677358147 0
5716 -0.4096371479849771 0.589702675850777 0
5717 0.4121194588373432 0.4011038742053527 0
5718 0.2103561891536874 0.6726561303433938 0
5719 0.1265924816648428 0.4535953869409662 0
5720 0.2252747964938871 0.7279954042386737 0
5721 -0.1611812878064864 0.4746065978327434 0
5722 0.4220116886846267 0.7493711658215229 0
5723 0.120390523264637 0.2349727367621277 0
5724 0.3940696325459299 0.4271821594875542 0
5725 -0.3247969057746704 0.136413063147009 0
5726 -0.4277866742047997 0.9187482441776631 0
5727 -0.4579349752772996 0.6861952034950978 0
5728 0.1503575824280622 0.9410698104529647 0
5729 0.1673814893609261 0.4344216744625324 0
5730 -0.4060736015797917 0.4114490197864701 0
5731 0.3008877407165829 0.4513043149955976 0
5732 0.2071803001908888 0.2639206347948653 0
5733 0.04021510007831187 0.9611356826716708 0
5734 -0.3995466829686252 0.5553227025521423 0
5735 -0.4562981183150994 0.7578960047292824 0
5736 -0.2431138529416431 0.8320583601267237 0
5737 0.448749845317133 0.6893961141949962 0
5738 -0.2478155879701016 0.5261213663520145 0
5739 -0.256869970595869 0.5182893081604703 0
5740 -0.2609961248716525 0.5304149617662401 0
5741 -0.2553512712791198 0.5501823641239447 0
5742 0.2428669041369759 0.8360363108963775 0
5743 0.3105376243139449 0.9262275171118101 0
5744 -0.2530634536667393 0.6545881709748038 0
5745 0.004194410639640119 0.4673841000149351 0
5746 -0.4385082359227472 0.805844960012316 0
5747 -0.1084810540700005 0.8846349910472528 0
5748 0.0720917943444868 0.4619563534264782 0
5749 -0.04910285752094457 0.6341920643075245 0
5750 -0.195956733247494 0.8669961088958377 0
5751 0.4186189847420896 0.3778158710168085 0
5752 0.2552838339620185 0.511743949765734 0
5753 -0.3882673562016712 0.8137717588402983 0
5754 -0.2827205325972155 0.9210470977479781 0
5755 -0.2512809709895019 0.3613163693363882 0
5756 0.09364497926731856 0.841458909003427 0
5757 -0.3926112321404312 0.8668457190112556 0
5758 0.08869808056110309 0.6244636014140474 0
5759 -0.2073821416979246 0.422446317793617 0
5760 0.02956597819206356 0.9213481013044085 0
5761 0.3262732966520516 0.4771044846974771 0
5762 -0.2855016920328643 0.66317517616719 0
5763 -0.3583957964132828 0.6716924821809798 0
5764 0.1687168002626537 0.6013010744699974 0
5765 0.4485782915421975 0.9253246703950995 0
5766 -0.4364438995117448 0.8368246350808064 0
5767 -0.03283823084255168 0.9169204936018743 0
5768 0.42512039476695 0.3547994155936487 0
5769 0.1704679990470198 0.5704328271657192 0
5770 0.1704015832874315 0.7135883819364706 0
5771 -0.1803592992646243 0.7395662933624216 0
5772 -0.4510601907353982 0.7777423099130388 0
5773 0.3898582723982489 0.9075157275074399 0
5774 -0.2187902445700153 0.7102579296765483 0
5775 0.2314348313078731 0.1122058136364009 0
5776 0.2377489035965737 0.3935824929957961 0
5777 -0.2731132520664168 0.6185613618810712 0
5778 0.1528213233212062 0.8953616671639327 0
5779 -0.2194373826371428 0.1883394523858226 0
5780 0.3186938152532607 0.9178076221600078 0
5781 -0.01027674927994874 0.498499063863326 0
5782 -0.2667871177402079 0.5959969133404724 0
5783 -0.2785822784982247 0.6412259471394283 0
5784 -0.4063064592415032 0.7665027386370058 0
5785 0.05320014447063554 0.8726777136688908 0
5786 -0.2439625565930147 0.6325352743973709 0
5787 0.1892285350087239 0.5202632355998899 0
5788 0.3165770153412215 0.7993601746195292 0
5789 0.2673524331271797 0.6876097650416806 0
5790 -0.2391327510386422 0.7821790568967285 0
5791 0.3336085810721631 0.4103504788084837 0
5792 0.3087343619765849 0.3399203149029975 0
5793 -0.2917262850686774 0.6852116614935051 0
5794 -0.3039221603455458 0.7288530584820934 0
5795 0.4392559180157357 0.8395426488853754 0
5796 0.4178853851748068 0.4962892165150319 0
5797 -0.1867905945961163 0.382427825532986 0
5798 -0.3751334359187949 0.8415003753946455 0
5799 -0.361311703919004 0.5349587382329891 0
5800 0.04897613676531944 0.9686265293076894 0
5801 0.1195635987174468 0.9389767924981984 0
5802 0.4037675680120121 0.3925087595844249 0
5803 -0.3001957786426538 0.9459157806026873 0
5804 0.4168852525454281 0.7295461055566272 0
5805 -0.3548122301280285 0.5867477964315733 0
5806 0.4074180826017874 0.7635237734542799 0
5807 -0.2898629810530169 0.2705143488821474 0
5808 0.3159261226488927 0.7688629699319838 0
5809 0.0105293783315796 0.8734961639633531 0
5810 0.3543920856362515 0.8843608034462827 0
5811 -0.3619503389820908 0.7535694222743219 0
5812 -0.1823930115484403 0.2458181775510941 0
5813 0.195076072187669 0.5448360521889978 0
5814 0.2764776355446811 0.7264227787558739 0
5815 -0.3538353521982333 0.8774780451506776 0
5816 0.1211972659339156 0.3538509210233392 0
5817 0.412219006856893 0.5935796730664925 0
5818 -0.1517457621985084 0.3498468428390991 0
5819 0.2369048071126953 0.5375685138553536 0
5820 -0.3274564090647151 0.2322116366748791 0
5821 -0.2604470410480623 0.9151055273963726 0
5822 0.1893810594737148 0.9514735827039664 0
5823 -0.2547200091667479 0.3740082838776581 0
5824 -0.153898436764743 0.3132124444749603 0
5825 -0.1665453851876351 0.1766939496949211 0
5826 0.3734773917018001 0.3454730396200155 0
5827 0.1898936114871687 0.8533995722593121 0
5828 -0.2390938609679012 0.6091624632339655 0
5829 0.1768375553208711 0.5930067274828 0
5830 0.1100791200761716 0.3909973663931576 0
5831 0.2877146120664842 0.7238222692147991 0
5832 0.226912562466732 0.739177403293375 0
5833 0.4098265979598871 0.6786937438876924 0
5834 -0.4200419697246491 0.3816950496343915 0
5835 -0.4303177192967975 0.8141807069707259 0
5836 -0.3060294336277725 0.5319227193151388 0
5837 0.2696239847371467 0.4488552427129348 0
5838 -0.0596908454237824 0.3861052337266088 0
5839 0.2214312849153616 0.8417406325232162 0
5840 0.1889705680343552 0.6376937223980427 0
5841 -0.1942902722072564 0.1466990532823929 0
5842 0.3602334063039955 0.6283892263646619 0
5843 0.1922076664280853 0.1740844646824307 0
5844 0.4042568772586967 0.7748653571649698 0
5845 0.4095613963083751 0.4876974415981526 0
5846 -0.2191646209569592 0.914395598604927 0
5847 -0.2856328962800213 0.775607601952097 0
5848 0.2045611661612806 0.5782588491925368 0
5849 -0.1476001198480681 0.9566517666809139 0
5850 -0.02144063217024161 0.913853012754154 0
5851 -0.4768718866024126 0.5621920681742069 0
5852 -0.4144335194166727 0.7579902861344384 0
5853 0.01815131946516065 0.9244196872408152 0
5854 -0.3944921570099699 0.8362884442126481 0
5855 -0.3095172759711095 0.5435833085529175 0
5856 0.3393771339830592 0.5477509697724418 0
5857 0.1067098871076017 0.5035927944907137 0
5858 -0.1703799288670304 0.9643830575279215 0
5859 -0.2827423671330432 0.3452553173720413 0
5860 0.1608944016298408 0.7993351675907179 0
5861 -0.2834935216607186 0.9631963977920028 0
5862 -0.2978745076137553 0.707100246715002 0
5863 0.02621352510647633 0.6305477900815756 0
5864 0.04177574348116901 0.875724204484443 0
5865 -0.009569560091932994 0.08998809812565985 0
5866 -0.1908645241259493 0.39519163866013 0
5867 -0.1932248274148521 0.4075689634173194 0
5868 0.368510619985137 0.5198084131985811 0
5869 0.09176868702283189 0.925469497410874 0
5870 0.07105207248424379 0.9745242133076247 0
5871 0.2270584824847173 0.8998037357293855 0
5872 -0.3368687768564647 0.7369768357113241 0
5873 -0.3349553751417937 0.258122670429123 0
5874 0.03343458106336537 0.8674139466822839 0
5875 -0.391148097761272 0.5639098934979146 0
5876 -0.4081154538884785 0.9241836752518795 0
5877 -0.4692348249433392 0.7716950323806275 0
5878 -0.2134679589552883 0.7607372401131542 0
5879 0.4507059299682522 0.8365861921999543 0
5880 -0.4245326312014767 0.315638232232158 0
5881 0.1639773355794893 0.5475908854493242 0
5882 0.2471073245172048 0.00999091790334939 0
5883 -0.07167055163245484 0.5299477070583949 0
5884 0.3410652291733926 0.4625060704003173 0
5885 -0.1662643462584205 0.8690511234549488 0
5886 -0.2652185993767743 0.1917304065446549 0
5887 0.298939406117228 0.8932086941427239 0
5888 -0.1890504515582511 0.916557599813012 0
5889 0.1270851635038539 0.8803398599514605 0
5890 -0.3210463371939165 0.02539480631275037 0
5891 -0.1198293649526558 0.8462954590786949 0
5892 -0.01946997953695482 0.5079705213255967 0
5893 -0.3406685131799786 0.6152773771752204 0
5894 0.1286515743433229 0.3287095034750961 0
5895 -0.02073011748899553 0.6193623073946817 0
5896 0.2038191954554838 0.8965706461376819 0
5897 -0.09804026660461197 0.9237320363347179 0
5898 0.1706747339426828 0.3071933716198215 0
5899 0.1106062342587827 0.6303240833737882 0
5900 0.1588939257458201 0.6401598014511123 0
5901 -0.01304584172429195 0.9221982232176855 0
5902 -0.4070086002491695 0.8815559659650759 0
5903 -0.3196633773222689 0.5024332495042498 0
5904 -0.34388191807737 0.09931314478672096 0
5905 0.4218025217112147 0.5591892174924069 0
5906 0.2068735032315097 0.4910256107914529 0
5907 0.3261211789359662 0.6320019480231018 0
5908 0.2533877778670229 0.8845464020083098 0
5909 -0.178113683774664 0.7100152510879094 0
5910 0.02199300670004192 0.8704440996880064 0
5911 -0.3282227746970021 0.3810544657272772 0
5912 0.1780799836694965 0.2822725416935515 0
5913 0.3716805925551647 0.508253523040636 0
5914 -0.2757342609962485 0.3183624831384739 0
5915 0.1593581392923246 0.2064275833522872 0
5916 -0.3146676720241238 0.7315654622471253 0
5917 0.4129686857051512 0.6673323190173954 0
5918 0.421099744048463 0.2564053148223257 0
5919 0.1963959475237513 0.1083530986373996 0
5920 0.3018123917924794 0.03382909323096354 0
5921 0.3520848335586347 0.6200525731394169 0
5922 -0.3101386683582785 0.9074847896684803 0
5923 -0.004643104541403002 0.2768312034398828 0
5924 -0.01035446554696781 0.6539685566726439 0
5925 0.2973110073322692 0.586478455375596 0
5926 0.04788141185327289 0.3136931759486288 0
5927 0.116561432068981 0.950313353271387 0
5928 0.03788873915020369 0.6333531231611447 0
5929 -0.3858612128069101 0.3388681022979123 0
5930 0.1656197525195862 0.5163712592184556 0
5931 0.1741602567903432 0.5073450151680798 0
5932 0.09539252928508608 0.4223659493771209 0
5933 0.1942152341746514 0.6182598853704658 0
5934 -0.001644577791952846 0.9191353590368628 0
5935 -0.3959281242222872 0.6181138679618077 0
5936 -0.3520946622161795 0.6181268685997363 0
5937 0.03636640606530494 0.664505627912451 0
5938 -0.2616859293512198 0.2645656404417019 0
5939 -0.3471826167513612 0.3194100635360694 0
5940 -0.4129524394094061 0.4350007654271091 0
5941 0.1643051683722441 0.86769047194726 0
5942 -0.3380004384326718 0.5291432440309262 0
5943 0.02577777269713749 0.4613722111576659 0
5944 0.1859761889997317 0.06467004922325285 0
5945 -0.2047831898614383 0.07187053602727397 0
5946 -0.4112246483930918 0.9356114695207491 0
5947 0.08056280912225749 0.2446168432688095 0
5948 0.3265990466864207 0.7660190996424794 0
5949 -0.1351747154158711 0.6150059076236376 0
5950 -0.3987870414476199 0.8899831756846766 0
5951 0.1955407022520693 0.1614794445660183 0
5952 0.2705940237429985 0.6764106378520931 0
5953 0.4153759097731268 0.5821622725950709 0
5954 0.02268850817099279 0.2703346564394897 0
5955 0.07743114621003801 0.9401360313396329 0
5956 -0.4452312169129983 0.09814727216944473 0
5957 -0.1670259902680662 0.9106489132480504 0
5958 0.4414256647522703 0.5648273797229083 0
5959 -0.2555402709627664 0.8064864897411284 0
5960 0.110152516041595 0.3099842279994861 0
5961 0.1586112925223869 0.9492849449844011 0
5962 0.4168969352039811 0.2689377316051952 0
5963 -0.03032473741824458 0.4703949628213527 0
5964 0.1851132898483365 0.7848737316045926 0
5965 -0.3433857315207526 0.8024573010816375 0
5966 0.4448809111787806 0.5535040871514845 0
5967 0.003717992063629874 0.9388868065728071 0
5968 -0.03087321669141452 0.5513245957643754 0
5969 0.07910046299653353 0.5461128189335172 0
5970 -0.2149187609561522 0.8343349094199384 0
5971 -0.1868078713164894 0.57111074339118 0
5972 -0.3463938187467612 0.3627132940755473 0
5973 0.006743327788831388 0.9274807631373709 0
5974 0.3632603900619295 0.4997337288758066 0
5975 -0.3579710233468334 0.5232978286108303 0
5976 0.1429225603126039 0.5104882979668275 0
5977 -0.09631422567932513 0.6776728075984475 0
5978 0.1654157775317746 0.2852786774461397 0
5979 0.2278178598092788 0.7795982315122577 0
5980 -0.02033135863099809 0.4241176034096765 0
5981 -0.2399782072118472 0.8217610240825615 0
5982 0.0809921721983389 0.4529296841262733 0
5983 0.1171024217071089 0.5668064162283257 0
5984 -0.3281691148455825 0.4936608111799241 0
5985 -0.07262527808330879 0.563649998012109 0
5986 0.2596820599158539 0.4979197796937248 0
5987 -0.08971666822875873 0.5819355590899444 0
5988 0.1461969613815658 0.2099560005125293 0
5989 -0.0971835755665143 0.881592077321249 0
5990 0.01207390806652594 0.9472590755764045 0
5991 0.2960533577307233 0.5552936075614544 0
5992 -0.2899797034190075 0.4388593569024296 0
5993 -0.06391097234761933 0.5545904561080723 0
5994 0.04792271388273603 0.592988769044427 0
5995 -0.150218582294232 0.8855592018019057 0
5996 0.09000125649412008 0.2545087710765236 0
5997 -0.3256587610798876 0.2676647794346825 0
5998 0.3001970875468012 0.3311519838300632 0
5999 0.3856451196561269 0.4185960584213616 0
6000 -0.1234114919907729 0.6177768251733885 0
6001 -0.3913812684333482 0.8250095671496025 0
6002 -0.06081465110287815 0.6316232267860491 0
6003 0.4161140408007076 0.6559627678985059 0
6004 -0.2269550179532628 0.4027047720308055 0
6005 -0.312132962067771 0.2999387127962161 0
6006 -0.0006998674986920013 0.6134995810351472 0
6007 -0.1938831479161905 0.8284614934783852 0
6008 -0.2690191760238481 0.2910503883629507 0
6009 -0.2858593472408805 0.3085260692729356 0
6010 -0.2833658303042995 0.4934571214301225 0
6011 -0.07008406752407835 0.4957514996009589 0
6012 -0.3230462404473761 0.3224174014410218 0
6013 -0.07277018935367544 0.3439285279905612 0
6014 -0.3605132730311187 0.0583256819845313 0
6015 0.1710212264788515 0.1141611455995099 0
6016 -0.2077143901201401 0.5044166048790582 0
6017 0.3571338783807836 0.6397774712808048 0
6018 -0.08282996930369842 0.4926143554804607 0
6019 0.2256008659342707 0.3965054712705766 0
6020 -0.1367936121585507 0.9129193452923514 0
6021 0.008807167161074114 0.9582781986045856 0
6022 -0.1883518734475507 0.1320926690821604 0
6023 0.09158795291621885 0.2904806032844263 0
6024 -0.2297012156599982 0.7076905855806872 0
6025 -0.3304090315860349 0.1948402395054786 0
6026 0.2303807493273825 0.6336824293482577 0
6027 0.3340752779475761 0.2888890375952303 0
6028 -0.09192755573551264 0.1836951399271832 0
6029 -0.2760699068785535 0.4692096488303852 0
6030 0.3088846903586283 0.5837506451386252 0
6031 0.3841237563244153 0.2663379983117438 0
6032 0.04516459790915049 0.4892121956185772 0
6033 -0.1066254196254899 0.6000275733755089 0
6034 -0.354618949917434 0.8051698349764982 0
6035 0.2194258883005974 0.06762550143441916 0
6036 -0.2819699859274481 0.2446550501359601 0
6037 0.4185551498900235 0.5707200193078199 0
6038 0.04983628229659164 0.2639751550057418 0
6039 -0.303411685122726 0.8434654566174454 0
6040 -0.0286942403293973 0.4356193827977856 0
6041 -0.4671493108102571 0.638821427080231 0
6042 -0.1030634189556158 0.4644409481056956 0
6043 -0.3183031731465997 0.8992447982703983 0
6044 -0.2550270499245197 0.4410937665726052 0
6045 -0.03864739869652079 0.1818973844034369 0
6046 0.1038840550032571 0.09627573292058877 0
6047 -0.4094848245633639 0.777603601200997 0
6048 -0.4416705203250694 0.81712980045211 0
6049 -0.05321927406319719 0.1860502811936966 0
6050 0.3294197676192602 0.4655333253675403 0
6051 0.4661977107747859 0.1870029023838029 0
6052 0.4761352292073592 0.2056304485452909 0
6053 0.124873020647831 0.9585245787841797 0
6054 0.3615233063428213 0.2708644472819716 0
6055 0.1979303042526495 0.9587590285497726 0
6056 0.2786160475339917 0.07508899116029918 0
6057 0.3602477539508797 0.3925752404976858 0
6058 -0.370968893703009 0.7883191701171752 0
6059 0.1307325671198787 0.6646450552718464 0
6060 -0.3915263198917023 0.9410109680539329 0
6061 0.4192638781893093 0.6446018710809086 0
6062 0.03731270531189421 0.2173772319005794 0
6063 -0.2364616293881864 0.2216612533640934 0
6064 0.06630246638234241 0.2122418643169193 0
6065 0.3103773017468755 0.8953576833160654 0
6066 -0.2457763118785923 0.3836572752518831 0
6067 -0.2241940527637322 0.7582716638351757 0
6068 -0.2460896294585247 0.2119988013154007 0
6069 0.03457035946063997 0.3169422717274353 0
6070 -0.2467429492315293 0.7743297304806995 0
6071 0.06117001903042042 0.5044005746780922 0
6072 -0.3784194253628289 0.3934461628300809 0
6073 -0.1920177038575404 0.454743382747628 0
6074 0.1655913562909412 0.5900936408469293 0
6075 0.2514956949244408 0.6708156054451738 0
6076 0.02422893562402183 0.6931529495529546 0
6077 -0.4776752724281784 0.609258355191106 0
6078 0.3682937177227673 0.2360663876141181 0
6079 -0.1628276127817 0.1255999955905572 0
6080 0.3772011114514293 0.4099945037090845 0
6081 -0.1808650674718633 0.9246570908051394 0
6082 0.4306816660159266 0.6416390552954691 0
6083 0.3523133988884473 0.2032203531629385 0
6084 -0.2005879553470926 0.4798550118282838 0
6085 0.3225677129320753 0.1172383059767051 0
6086 0.402141863285378 0.2034606578330867 0
6087 0.388979543133806 0.2063466128829085 0
6088 -0.03438356151153493 0.5391581409344414 0
6089 -0.08586293498883799 0.8785435275676767 0
6090 -0.3663528423946663 0.6634584495335147 0
6091 0.441760217679297 0.6392894693856868 0
6092 0.3029150151301696 0.843784112799512 0
6093 -0.2184749625564493 0.5402088881846262 0
6094 -0.1267630848962633 0.5056661249442964 0
6095 0.1220582508467906 0.9693339086965542 0
6096 -0.4450458288119764 0.8286731538893171 0
6097 -0.2233822770213067 0.5637877911548034 0
6098 0.08047111964305202 0.928547834788249 0
6099 -0.2108259962987247 0.5164295602084571 0
6100 -0.3292893832104377 0.9021534196480048 0
6101 0.1785731947705234 0.8216534999467904 0
6102 0.09417577490231416 0.6772494411216798 0
6103 0.4673276991203161 0.8528635060574619 0
6104 -0.09038068072804317 0.08364892648691281 0
6105 -0.0765640831940087 0.07967716022254874 0
6106 0.1783754649334364 0.01076260829974071 0
6107 0.2600855670892691 0.227670875693211 0
6108 -0.2407491227910357 0.7050419352826239 0
6109 -0.2315421575223396 0.7662245405234883 0
6110 -0.05738512688358668 0.3268208003134478 0
6111 0.4243516989427494 0.4731887815868177 0
6112 0.3835785112259338 0.1833186630953156 0
6113 0.3930239633856072 0.1936520185852505 0
6114 0.1555990472709039 0.9605105153078491 0
6115 -0.2634481615504345 0.9262852886614305 0
6116 -0.3832412790802239 0.9493771101607028 0
6117 0.1859762646618121 0.6265545273623067 0
6118 0.2546819791331887 0.6594574316689774 0
6119 -0.07450420761296056 0.8754743400510467 0
6120 -0.3863345525544206 0.8444172449499594 0
6121 -0.4154697507361947 0.2098772083239553 0
6122 -0.2978102462586281 0.5406854365779181 0
6123 -0.07446625680898758 0.1174624473819001 0
6124 0.3687205317613796 0.4013289594431409 0
6125 -0.477645649995039 0.2288540577079786 0
6126 -0.2221341755448361 0.925453318026554 0
6127 -0.06316647496074496 0.8723929813249333 0
6128 0.2592122923380797 0.01087545853024128 0
6129 -0.1158177401168031 0.1777277450579579 0
6130 0.143356832080262 0.2221346077115513 0
6131 0.08838525190260524 0.1520420241282908 0
6132 -0.1375295945462114 0.1198145946948747 0
6133 0.4778097128715913 0.2882799943895098 0
6134 0.465986734893904 0.3028970895620125 0
6135 0.4124521366259842 0.7832870078667616 0
6136 -0.1557881892588999 0.6534040656975055 0
6137 0.477284498771688 0.1811248661008292 0
6138 0.1504018210968101 0.797502642165998 0
6139 0.3542517393074621 0.06744498109015484 0
6140 0.4070845343565027 0.3807225194854003 0
6141 -0.298451741984189 0.1745184281539629 0
6142 -0.4676746295277077 0.9243626264599976 0
6143 0.2269171502891052 0.1259662465711533 0
6144 -0.356713813422436 0.8889617631292819 0
6145 -0.07196326623360727 0.1524666388179497 0
6146 0.3491475944670236 0.9376475527775341 0
6147 0.2387746206773059 0.7825509278799534 0
6148 0.04568567396640416 0.4075669754289041 0
6149 0.09195999877634392 0.4102208949898724 0
6150 0.1138099160414125 0.5554512061782202 0
6151 0.1524933174730085 0.9712927932852438 0
6152 0.02466044669180912 0.3069606681570378 0
6153 -0.101137549041616 0.9351331892241156 0
6154 0.4238852159721201 0.7804256098009082 0
6155 -0.4473782299968652 0.8408726475068289 0
6156 -0.4010359448282582 0.4320742315407081 0
6157 0.02082286879790749 0.2064792966171702 0
6158 0.01323736956030942 0.4581802713726875 0
6159 -0.4111985848196514 0.7469425094798625 0
6160 0.43909397251564 0.4587590414869274 0
6161 -0.2760585279650285 0.2674549795747453 0
6162 -0.4008484225324594 0.2404363539906952 0
6163 -0.06024797594104492 0.8611058696641841 0
6164 -0.3694619460122173 0.4025972033684851 0
6165 0.4423264580344818 0.4473368853656834 0
6166 -0.04303344817081576 0.4672862167232958 0
6167 -0.1113350165125311 0.1136129748799634 0
6168 -0.04574333243710686 0.3372326364200906 0
6169 -0.233112327154006 0.5870577087267872 0
6170 -0.1657142911134948 0.6828788534765036 0
6171 0.4321036812369449 0.788763593586056 0
6172 0.3514198193464537 0.1261091836563826 0
6173 0.3258209149700084 0.2107271049698407 0
6174 0.3293949131016797 0.6211805891345691 0
6175 -0.2664499828236955 0.9375207656977211 0
6176 -0.2142364177345649 0.1386564099510692 0
6177 0.3650683586374154 0.3365679520337794 0
6178 0.1616940063950107 0.297694418600151 0
6179 0.08576968010370639 0.948220301326157 0
6180 -0.004060259260651252 0.1171240016014922 0
6181 0.02418165240621125 0.4005845478946682 0
6182 0.07668424430473297 0.2576365381254485 0
6183 -0.2331961558703654 0.928324270153667 0
6184 -0.3338185276733309 0.3594703316528115 0
6185 0.2169256296454556 0.3874215140131392 0
6186 -0.4055438801930583 0.6519169207865558 0
6187 -0.2905940786754749 0.1465514835234752 0
6188 -0.3004499704680047 0.1357717100881625 0
6189 -0.03612026291930168 0.8225402655845656 0
6190 -0.3463386264442169 0.5204722530999519 0
6191 0.3209399213175009 0.4569865462972934 0
6192 -0.0253991429855892 0.5298848739765654 0
6193 0.0888506627872577 0.06172035901916728 0
6194 0.009713292029789069 0.4453225161235185 0
6195 -0.3976068311010486 0.8474033521055562 0
6196 0.0955998494472399 0.1248956740173001 0
6197 -0.477487544296784 0.6811743346216628 0
6198 -0.1421923164419817 0.4541896560065067 0
6199 -0.2764790393849507 0.02458410188473512 0
6200 0.3013372112588351 0.09513471745259294 0
6201 0.02706479547841207 0.5078900206361624 0
6202 0.4672775716646076 0.6625013432720523 0
6203 0.1427657142059701 0.7239966573283237 0
6204 0.06868763493612567 0.4496993232427174 0
6205 0.4435533311251197 0.7858190603596698 0
6206 -0.0301639811593626 0.3201440920823568 0
6207 0.02347264167650739 0.4955896462728299 0
6208 -0.1613690961834019 0.9299754365763654 0
6209 -0.4470676393598823 0.2411950430061558 0
6210 -0.07058319679750753 0.05024163403897514 0
6211 -0.06878598979289233 0.03336010938978932 0
6212 0.2495975018417598 0.4891702167653676 0
6213 -0.3336593342747787 0.7262027884470721 0
6214 -0.400729440465701 0.858630938795949 0
6215 0.3256666067636061 0.2801223525395543 0
6216 -0.1316137631756673 0.05850389103295672 0
6217 0.4552431625287029 0.7828257320262602 0
6218 -0.4476532757387679 0.5186952017964718 0
6219 -0.0124371300078966 0.6107761375541003 0
6220 0.4035320900280362 0.2383928429885193 0
6221 -0.1268011143651188 0.606133645095547 0
6222 0.007753530497256107 0.3235683653116022 0
6223 -0.3758964844430097 0.4264693778497362 0
6224 -0.3824350087417033 0.3266294408680449 0
6225 0.05052804595504189 0.34897295693894 0
6226 0.1159056588450439 0.3319782487427692 0
6227 0.4158457482116634 0.1122517207446891 0
6228 0.2082501062474147 0.3782868657156155 0
6229 0.3330644150345804 0.1285204670957243 0
6230 -0.3220105559604476 0.2547143561310732 0
6231 0.3988587132967459 0.8713168289239869 0
6232 0.3124369394616845 0.4483765495823313 0
6233 -0.3373330099739131 0.8940306354308081 0
6234 0.2545158107402365 0.2056369280303926 0
6235 -0.002404774629742094 0.3135997342576995 0
6236 -0.01923334137066841 0.3302643821011104 0
6237 -0.2943563194098353 0.5289366395837545 0
6238 0.174448372605219 0.6947977830669274 0
6239 0.05916143838265481 0.06652738930789162 0
6240 -0.1458985295841087 0.7195003658429536 0
6241 0.4102539578145133 0.3685458722442284 0
6242 0.2633210011542094 0.130068333922814 0
6243 -0.169757129496096 0.9217502132763706 0
6244 -0.150358697097222 0.9268525330296378 0
6245 0.01082194951240841 0.3585903555623455 0
6246 0.08241394807940791 0.9588286673612492 0
6247 -0.4652061736492945 0.5191496993738111 0
6248 -0.4776456499950386 0.1100021843428747 0
6249 -0.4665905803115727 0.1040595906746261 0
6250 -0.4038959237155267 0.8700131334183202 0
6251 0.1624706120296052 0.5787771819448652 0
6252 0.4589084291536298 0.9642824241275916 0
6253 0.1121720188021772 0.3445322677008734 0
6254 0.380219499997243 0.3220590391348241 0
6255 0.3983818412057146 0.1693822191780215 0
6256 -0.117647792835231 0.01018811038037331 0
6257 0.01880715430116705 0.4361622127135841 0
6258 0.4771406142723891 0.7032767517968919 0
6259 0.2302355424967154 0.8498400492014548 0
6260 -0.07890396212795604 0.130416179670215 0
6261 -0.2218885019955091 0.6692131577153253 0
6262 -0.06096825396757704 0.4863899375481692 0
6263 -0.4192126150685506 0.7387320491893844 0
6264 -0.3246569470623907 0.3686273028138521 0
6265 0.1526857862387441 0.2881231298008228 0
6266 -0.4160751958429778 0.2903620487730851 0
6267 -0.4172276774350182 0.1426029952763344 0
6268 -0.3412833540859344 0.7180593670807128 0
6269 -0.4205635355310809 0.3032039009827212 0
6270 0.3945321745724511 0.08814550721701271 0
6271 -0.4139764553282237 0.6435728648248156 0
6272 -0.118393307491113 0.5972565682628321 0
6273 -0.04817488509733807 0.0706992997608091 0
6274 -0.03023273271084454 0.9649359572887771 0
6275 0.06713407727311349 0.2477440127736513 0
6276 0.404956135726873 0.3480189630531072 0
6277 0.01043470596033675 0.2259748886183515 0
6278 -0.3430264800910797 0.5086369858835457 0
6279 0.1995287883389809 0.3691230021539864 0
6280 -0.4781111100721531 0.3472667903375438 0
6281 0.06716884876981774 0.4047674038845293 0
6282 0.3039530271456294 0.4398709677580275 0
6283 0.140363407263722 0.09865187712954354 0
6284 -0.1131243289202469 0.3032408387403566 0
6285 0.1593225513727552 0.5674276307667747 0
6286 0.3801955234853827 0.8675618475323316 0
6287 0.1368826428011081 0.9854191690638597 0
6288 0.3717937090234149 0.3129451568746874 0
6289 -0.0867401720428656 0.0701364263058766 0
6290 -0.1047337715676328 0.2764337176778273 0
6291 -0.2908589953583645 0.5171776521501463 0
6292 -0.3720415566187167 0.2199913477582754 0
6293 0.4083300707962523 0.3366988560191838 0
6294 0.08706948467335503 0.3973426346297979 0
6295 -0.03053387647997972 0.01435334747012798 0
6296 0.06519292308585425 0.4373569047902688 0
6297 -0.4103206204850125 0.7055795518104429 0
6298 -0.2396553729223213 0.6755498211528835 0
6299 -0.06459630716059359 0.4735272375449444 0
6300 -0.1987214236176145 0.1938869968132658 0
6301 0.3093935967715416 0.4177741949129381 0
6302 0.3071209596396497 0.428773968372282 0
6303 -0.1913847484779546 0.4895262610712972 0
6304 -0.2067897446541302 0.6832273059382685 0
6305 -0.351724500323873 0.6497005678821812 0
6306 -0.3887573227103672 0.4292010823450318 0
6307 -0.3703771351685219 0.3233998742306687 0
6308 -0.08317759343509462 0.3820392974676657 0
6309 0.07557495351228952 0.8349833406650471 0
6310 -0.1380619485030985 0.7099634168238442 0
6311 0.3443792777708882 0.05207936375509184 0
6312 -0.05560035467410841 0.4640792776082727 0
6313 -0.3323099645921219 0.6550303698494794 0
6314 0.1560890410978634 0.5560044693600619 0
6315 0.2511466139670108 0.4748028004292786 0
6316 -0.1583243376876984 0.6747210796534395 0
6317 -0.220039775313107 0.1529043406016564 0
6318 0.05367551965063282 0.250941995709666 0
6319 -0.3460239154120873 0.9285147062865244 0
6320 -0.08183513446316049 0.2833610275924441 0
6321 -0.008598147745454818 0.2138754793358138 0
6322 -0.3182802970293068 0.2418501639088228 0
6323 0.1907173517528521 0.3598297060180837 0
6324 0.2235496509348788 0.6567655791953632 0
6325 -0.3208977293332095 0.6519865128781432 0
6326 0.143734368379695 0.2785850411486235 0
6327 0.4125092921171394 0.1653954415500549 0
6328 0.2321193852344668 0.06455836165220553 0
6329 -0.3882797523803317 0.2370455709453341 0
6330 -0.3163151668956063 0.6399707899417506 0
6331 -0.3056755107366424 0.6378414219612194 0
6332 -0.36287787661629 0.9854971871172622 0
6333 -0.2865017368299305 0.9747581966464538 0
6334 0.01045156923151031 0.1541209355778973 0
6335 0.4666223666455939 0.3209418676086407 0
6336 0.05275991769210172 0.4340266477791837 0
6337 0.181801380316101 0.3505582190156658 0
6338 0.1814843293031609 0.8902891113118738 0
6339 0.1475711197062411 0.2657966838935841 0
6340 -0.3408047615063612 0.94900224764574 0
6341 -0.3118367300203209 0.3653502499768875 0
6342 -0.2788575969993758 0.5143367421684687 0
6343 0.4675990707388403 0.2561341615935981 0
6344 -0.3396787715716698 0.496807314569074 0
6345 -0.2361110746139462 0.9393719841795438 0
6346 0.3720011358288111 0.8586649037379311 0
6347 0.4060304150809625 0.1909129534968187 0
6348 -0.01606198906906962 0.5991182753486665 0
6349 -0.109942929319176 0.588342473294064 0
6350 -0.1024966203361354 0.174024875494157 0
6351 -0.1599145533143824 0.7449324249672165 0
6352 0.2482707162013573 0.1332412228691221 0
6353 -0.3148061282377932 0.08673747712586083 0
6354 -0.1535346059939149 0.5341427116289138 0
6355 -0.1190146020517178 0.05540430501894409 0
6356 0.1871312233262833 0.4854101770151751 0
6357 -0.114998972960056 0.4614690848943923 0
6358 0.02681459874331833 0.0288497706917731 0
6359 -0.08539021387360664 0.02101327981046165 0
6360 -0.3867440388698429 0.4632743913327093 0
6361 -0.3222854631094313 0.9519956545392461 0
6362 -0.2277258369526339 0.9478700241255243 0
6363 -0.3628098456919153 0.6522388543123367 0
6364 0.3442770459858311 0.6109478124037266 0
6365 -0.01723381465364057 0.2305106562122459 0
6366 0.1368206512943646 0.1114193425939599 0
6367 -0.01185979266836126 0.04703944544226595 0
6368 0.1513111459593269 0.2536851030805445 0
6369 -0.2148802707744732 0.9754518718338147 0
6370 -0.2445511452478173 0.6629926454947708 0
6371 -0.1186297023910211 0.7030490928849185 0
6372 -0.4785999389534539 0.9785974620343098 0
6373 -0.1651206110109714 0.02189446222329793 0
6374 -0.0002165006556300035 0.8349426406598793 0
6375 -0.4773605334714948 0.5257916521410761 0
6376 -0.02819891638933843 0.5962520826648823 0
6377 0.2447529942347459 0.1958437499098178 0
6378 0.01347395571127182 0.1162981498420698 0
6379 0.4233286565418463 0.3225058086929682 0
6380 0.04910513472040856 0.4212967374548613 0
6381 -0.3886700814186708 0.1343072770136701 0
6382 0.2225714697227829 0.6247871697744104 0
6383 -0.1272645494960012 0.7122742766079899 0
6384 -0.1014121980242835 0.5792544280765644 0
6385 0.1446899338389828 0.5531798919911256 0
6386 0.413892281082133 0.3575631527028972 0
6387 -0.05863293384794149 0.2899678429544182 0
6388 -0.3083859095906567 0.3528266844025632 0
6389 0.04009153222190749 0.2541701081855225 0
6390 0.4781800950725716 0.1217860878139832 0
6391 0.2435014661119304 0.4671472504298951 0
6392 -0.4601179586816815 0.8851993875861432 0
6393 0.1234288050970306 0.2234941729971807 0
6394 0.0151089788240962 0.4239557882183724 0
6395 -0.1089365869279215 0.2898836665120056 0
6396 0.3745222676023548 0.8463309526221213 0
6397 -0.2470528126105435 0.009752624947478103 0
6398 -0.1958474625703034 0.5475869035219441 0
6399 -0.1911061877952912 0.5592597824362394 0
6400 0.3253198074936718 0.4019739481746525 0
6401 -0.2180339739397072 0.6804044788910272 0
6402 0.2324778513965049 0.2464371093581426 0
6403 -0.2086469294444076 0.9527943280695994 0
6404 -0.4660094753548562 0.9069394311659487 0
6405 0.177692597650184 0.7055179125472855 0
6406 -0.2941439429561744 0.066928895734474 0
6407 0.387018915465821 0.2986146950709423 0
6408 -0.05418056983008714 0.2764185946477757 0
6409 -0.3223015894413466 0.7235794154409417 0
6410 0.02980697322681077 0.9857237757598138 0
6411 -0.4781258864063922 0.3960660089810106 0
6412 -0.1220889023543741 0.692269299332721 0
6413 0.3286854813763119 0.196990830343139 0
6414 0.291737076732381 0.3225463448541257 0
6415 0.1472098406341669 0.7865885874777812 0
6416 -0.3960373061695431 0.29670498689806 0
6417 0.4610454671216886 0.1670999835841316 0
6418 -0.3491564428766248 0.7100990984732194 0
6419 -0.3757036575753068 0.2338357941601829 0
6420 -0.3603410621101281 0.7129859296493504 0
6421 0.02647236454874635 0.2574137288680242 0
6422 0.4781158424103581 0.7754408626015978 0
6423 0.1171914088891264 0.9087872879727792 0
6424 0.4680365999574195 0.353600385248119 0
6425 -0.3050012888491609 0.2384307179370678 0
6426 -0.3112437334576933 0.7209510732093335 0
6427 0.4342821282407259 0.1360411446450044 0
6428 0.4701540119013068 0.2443591296284155 0
6429 -0.2407382575114163 0.1454812549560898 0
6430 -0.0410980537260329 0.2732352354552188 0
6431 -0.4779316314195086 0.1814915517519977 0
6432 0.0837960918283262 0.975502508144738 0
6433 -0.3752031198629046 0.727156482490114 0
6434 0.4313775515394566 0.1124548960340397 0
6435 -0.4706669615083744 0.285179321021549 0
6436 0.3481860141821753 0.6010726651872181 0
6437 0.1332136305740429 0.5502231144711801 0
6438 -0.4564927808314722 0.9474289492069619 0
6439 -0.09284691652299526 0.5702399399058247 0
6440 -0.3636442853403266 0.7239507381017951 0
6441 -0.3081805521619796 0.7100479968698641 0
6442 -0.08020846015146491 0.5391309604103025 0
6443 -0.221992585280617 0.2548870256105127 0
6444 0.355953713875067 0.8419768193085453 0
6445 -0.1478606575884653 0.07502254809686471 0
6446 -0.336353773957665 0.484953350817958 0
6447 0.2607195128621388 0.3532996398498217 0
6448 -0.4678839145554841 0.2363897312846029 0
6449 -0.0532925828136874 0.9536847505849423 0
6450 0.1840507819601092 0.7276292905268124 0
6451 0.3031482448878465 0.9654739044198557 0
6452 -0.3781687386853869 0.7381927529893353 0
6453 -0.1394882899028844 0.9237413492819677 0
6454 -0.03512231133177598 0.6792335795358516 0
6455 0.1291017563771135 0.8621092284712553 0
6456 0.3516541092726027 0.9857527461143671 0
6457 0.4787440658689218 0.7402963202977261 0
6458 -0.4686708419991804 0.4386943308462961 0
6459 0.2048815877504891 0.6219819017559591 0
6460 -0.05874301640111368 0.4502098278476743 0
6461 -0.09278095229116991 0.536188856045194 0
6462 -0.04872537922291257 0.6022984959829403 0
6463 -0.4782250090149607 0.146611984767018 0
6464 0.09882759836114341 0.3478953453943823 0
6465 0.3901654599590748 0.2867435685463543 0
6466 -0.1105377343287754 0.3401916863841279 0
6467 -0.3689998746015 0.1551580774164612 0
6468 0.06997638620513991 0.03802034538440793 0
6469 -0.4130414158047742 0.1289345778158112 0
6470 -0.08434285879621363 0.5610617790682597 0
6471 0.3312588172157167 0.3786711346174142 0
6472 0.07924063623255359 0.05006346181859551 0
6473 -0.4276151791381547 0.7306324358956592 0
6474 -0.305076082429912 0.6991109068433199 0
6475 0.01277191846407692 0.2606786711460746 0
6476 -0.1513546063170103 0.3859023613780934 0
6477 -0.372724056570805 0.7566720276514963 0
6478 0.4565576233297302 0.3570241387537673 0
6479 -0.4702217120183146 0.2489300804741902 0
6480 -0.1159102618875578 0.04373381885667213 0
6481 0.2126724489890369 0.4438370475912645 0
6482 0.1195547187423684 0.01014695598578853 0
6483 -0.3418905569475128 0.03109686070687982 0
6484 0.08992845821058978 0.3386669065356237 0
6485 -0.3814431799990385 0.2116371738692295 0
6486 -0.4679473005980397 0.317650100994834 0
6487 -0.1312580380683198 0.932058659742844 0
6488 -0.2429853140565199 0.1986421910592625 0
6489 -0.06145830334263438 0.4350575505241644 0
6490 0.4480362092395466 0.6154578892581554 0
6491 -0.1305405609338968 0.8207470287040121 0
6492 0.2802300665376154 0.839098983414112 0
6493 -0.01410025365702761 0.9626258012611498 0
6494 -0.3776911619340859 0.04514465208753028 0
6495 0.2732219739236444 0.3498917836240003 0
6496 0.4784134020912926 0.4546871444800136 0
6497 -0.3787704627708204 0.1963942979831294 0
6498 -0.3758124966020846 0.7679240882565631 0
6499 -0.2956560623998785 0.3492789530485344 0
6500 -0.4781603403330787 0.5031048362634796 0
6501 -0.07257844184436135 0.6291968877300033 0
6502 -0.4014183912172001 0.9734433157644551 0
6503 0.2420450463398799 0.07342290020422154 0
6504 0.3477590087895122 0.8327818962369147 0
6505 -0.3143737305489261 0.9597048785292828 0
6506 0.3744578160241602 0.04599542119182552 0
6507 -0.0009608338657780456 0.2639639092100971 0
6508 0.1050752479360291 0.6789114597952135 0
6509 -0.2531262637764837 0.9642579502978534 0
6510 -0.3019367854848363 0.6881472239674435 0
6511 -0.4609456897897975 0.1161338675139336 0
6512 0.2229190353257825 0.1901672420977032 0
6513 -0.3830536936931775 0.2927717939512162 0
6514 0.01499693512714109 0.5515009330601536 0
6515 -0.01434322037118461 0.2673835724069789 0
6516 -0.208611852820313 0.5469469294205892 0
6517 -0.3330201712401762 0.4729104463388736 0
6518 0.005196971162679115 0.169968128516615 0
6519 -0.0759925623380278 0.5517711562421208 0
6520 -0.1366166971758327 0.6793350035772556 0
6521 0.0361863465425664 0.545310863783674 0
6522 -0.2115118805296579 0.9644977309155242 0
6523 0.3961320105019346 0.8838540931682517 0
6524 0.2176178984497409 0.7066571271720292 0
6525 0.1215216453940957 0.5468285932609969 0
6526 -0.4392474284184965 0.7332127947467015 0
6527 -0.2914900716604774 0.2351826284077439 0
6528 -0.292258928980742 0.3365875814789259 0
6529 -0.4782086928828111 0.824088643420272 0
6530 0.3684475281788528 0.9746284885754548 0
6531 -0.1759117190408604 0.8325318710018604 0
6532 0.1870930192559492 0.01983818225251369 0
6533 -0.2182401695643759 0.5755212035298618 0
6534 0.3619609284259475 0.5847713108798172 0
6535 0.3502426933908225 0.8208845812111469 0
6536 -0.07327098218522068 0.06518774095351383 0
6537 -0.3402785868289378 0.905352954272661 0
6538 0.285132326874837 0.3466679755166311 0
6539 0.1638531844618966 0.8966007527151241 0
6540 0.4780492713213786 0.07551089791841542 0
6541 -0.2576276634978977 0.01239946407882583 0
6542 0.03151864218632706 0.6839560170328238 0
6543 0.1396289717494206 0.7140282135924476 0
6544 -0.1012841037034598 0.4436555037041057 0
6545 0.1004194574044095 0.2165081360004651 0
6546 0.2435889528605196 0.7334012473874787 0
6547 0.07716354995911559 0.3418035260529993 0
6548 -0.4479388541893481 0.7251280301753333 0
6549 0.0972475460636333 0.6153492000404284 0
6550 -0.3432387678805094 0.9169682080348857 0
6551 0.0008633504284118436 0.408393168542352 0
6552 -0.2658701518100549 0.5103900751917627 0
6553 0.2825844971251811 0.01160115975235027 0
6554 0.293140426057343 0.009899085871678551 0
6555 -0.283132724956947 0.0121042178704857 0
6556 -0.29411764705884 0.01018853416214168 0
6557 -0.2333289636286959 0.02173741205243135 0
6558 0.3317983189514674 0.8156740124533101 0
6559 -0.1542880346239252 0.7250411431083347 0
6560 0.3525306461513791 0.9554180301443687 0
6561 0.151566964681998 0.8266394619661293 0
6562 -0.09280643381765342 0.6881455210436949 0
6563 0.4786883783617962 0.3357434959313889 0
6564 -0.02981272867910036 0.8319698808622135 0
6565 0.4686192559325099 0.5792101918281423 0
6566 -0.3295986220171974 0.460710641141023 0
6567 -0.4420995875772448 0.08338554593649818 0
6568 0.1510619735834576 0.4151510516522648 0
6569 0.4077987553877475 0.9559568693452392 0
6570 0.2863712482386448 0.3013739046512776 0
6571 0.2885001698745786 0.3348101014941527 0
6572 -0.3103309914078622 0.07126903633904659 0
6573 0.1809403052789365 0.7165518778742369 0
6574 0.1159828946721844 0.8352150019267431 0
6575 0.3817520805114901 0.2777082268461674 0
6576 -0.1325565573177185 0.9741856450648806 0
6577 0.2840267397472384 0.05330200373364877 0
6578 -0.4425868558241369 0.9754662266596709 0
6579 0.20027574142738 0.2300876330498574 0
6580 0.3646358861702448 0.5730941926473313 0
6581 -0.2239755725181726 0.08703356160181924 0
6582 -0.3778187902143388 0.2795838406792541 0
6583 0.3360967890055904 0.8784530379961275 0
6584 -0.1864534394472711 0.8354770648058073 0
6585 0.1060138414436795 0.6058536453173443 0
6586 -0.2885746153279459 0.3229858603884301 0
6587 -0.2987608372096499 0.6771937722807306 0
6588 0.1331842699810273 0.125310300203344 0
6589 0.2287802132890956 0.1630092290497639 0
6590 0.0415640863277521 0.8337000020822478 0
6591 0.2493321403786671 0.8440833254045635 0
6592 -0.1344548445798738 0.9431103953654556 0
6593 0.2683547497969641 0.153796959685451 0
6594 -0.2523344942377133 0.1886224322398127 0
6595 0.06389814218573861 0.3452797359695981 0
6596 -0.0279715784118675 0.269997523289312 0
6597 0.3343274731190904 0.8041534538724907 0
6598 0.283501444194946 0.3136927971230841 0
6599 -0.04408897281125569 0.6889733137171985 0
6600 -0.2259903408152385 0.2681894308705134 0
6601 0.1514490622424745 0.462021332310389 0
6602 -0.450052805968316 0.1746772884032445 0
6603 0.2259557390080662 0.1766379633496042 0
6604 0.01112791620628718 0.9755428943941045 0
6605 -0.3205326955879224 0.976264203966963 0
6606 0.2075669490080619 0.1576603603735879 0
6607 0.1148419957035004 0.5980021428514297 0
6608 -0.1371938352887175 0.9541309149374526 0
6609 -0.1723650121319109 0.4734246131494155 0
6610 -0.2955670944602958 0.6662049760528874 0
6611 0.1618542672443477 0.8565963141287861 0
6612 0.287400056591871 0.03808671914468297 0
6613 -0.1006179772986755 0.9655321988004648 0
6614 0.31797062558981 0.2706201121706914 0
6615 0.4209907419530788 0.9855626518199767 0
6616 0.191632410484391 0.8057211889707014 0
6617 0.478914717507173 0.8097599831625752 0
6618 -0.4346356266136374 0.9863211442003388 0
6619 0.2311380482683575 0.01999021597599488 0
6620 0.09959997676200794 0.1962074900882343 0
6621 -0.2143001200660323 0.8626942527550963 0
6622 -0.08566568657397863 0.1565287238310506 0
6623 0.4683441667460854 0.8408095837699987 0
6624 -0.3652412706893128 0.276422091286613 0
6625 -0.314842099746302 0.7604558709015864 0
6626 0.09791629097031712 0.9749073876156478 0
6627 0.468615216467098 0.7684860440989694 0
6628 0.117956603567078 0.5354526006596767 0
6629 0.2865753113851472 0.9756826443342536 0
6630 0.4688522262205839 0.8863921852245725 0
6631 -0.1971936909250401 0.8385038364965897 0
6632 -0.4586934047980941 0.7285364519275915 0
6633 -0.1731111888077129 0.8226456434732612 0
6634 0.2662842240176382 0.2962830328854796 0
6635 0.2172867808905437 0.9640180310602774 0
6636 0.4789871528223327 0.428720773749808 0
6637 0.1936700100800544 0.759571117281555 0
6638 -0.292402725048703 0.655084383165178 0
6639 0.1334822666004686 0.3981543882872872 0
6640 0.3051397233554723 0.1910447430411321 0
6641 0.1875241443263673 0.2333780859624463 0
6642 0.3447059543253575 0.03273419852944799 0
6643 -0.3380986145153215 0.9367660892343121 0
6644 0.2515828022229377 0.9139903755736773 0
6645 -0.4689701495645873 0.804124279526905 0
6646 0.212036050910192 0.8048219003555955 0
6647 -0.2246985311820341 0.01030977476184419 0
6648 -0.3262034397023899 0.4484727163716736 0
6649 0.4782950473923636 0.3947889743789732 0
6650 0.07707125184004524 0.5335155952219688 0
6651 0.08556960389393312 0.5275294340887566 0
6652 -0.4412413944798077 0.1843192859474572 0
6653 -0.2531961509883909 0.5064637713850535 0
6654 -0.2080946067025869 0.8417955243937258 0
6655 0.04746605336937308 0.3609380842465434 0
6656 0.1220759858890677 0.7027066014108003 0
6657 -0.1782985999068635 0.9761078623916906 0
6658 -0.2321399897840201 0.8582254100999596 0
6659 -0.3701372668693331 0.9765853860514536 0
6660 0.2338032843726808 0.7998066928378251 0
6661 0.1071005479883266 0.5321316033908698 0
6662 0.3647381687629812 0.7313569086535125 0
6663 -0.4680132690528465 0.6160984907521017 0
6664 -0.3412021130413858 0.08257044508976352 0
6665 0.4779164795087674 0.4668440819548231 0
6666 0.05878267714357556 0.5359887667327651 0
6667 0.3224849727433192 0.2584652246222117 0
6668 0.4792984054150689 0.5012353131842648 0
6669 -0.2360805983023362 0.8687291733806887 0
6670 -0.4675325908002691 0.3626072156861106 0
6671 0.1444670635509697 0.7755806414531485 0
6672 -0.09519544807306796 0.8406649980515946 0
6673 0.2574643867338248 0.2874132124497757 0
6674 0.3727763877126896 0.2687114840776155 0
6675 -0.4662605600086225 0.1893193936983502 0
6676 -0.2208487703304147 0.2901699022486146 0
6677 -0.2928344677242429 0.02441185505250174 0
6678 0.1528837830497884 0.8663978659581835 0
6679 -0.3222779924119406 0.4358783931211108 0
6680 0.2195354946025932 0.6778574388539976 0
6681 0.2007475085655445 0.8560737722205003 0
6682 -0.3980486177476801 0.05088197302344956 0
6683 -0.211123973416918 0.8524416329816787 0
6684 0.4681017560394092 0.6500290500496393 0
6685 0.1774410404178537 0.7355126822332219 0
6686 0.176860439398098 0.2505170843114111 0
6687 0.05986010359574231 0.9648096264447968 0
6688 -0.4252827512912601 0.07773189905437675 0
6689 -0.4590261559513471 0.6562816937215474 0
6690 0.08155288967212038 0.01537969458600777 0
6691 -0.4193724936830717 0.1909857531366534 0
6692 0.04323963863720603 0.6854887029489263 0
6693 0.4680070866820014 0.1276606521479073 0
6694 -0.1023199221435585 0.6567527102606501 0
6695 -0.3585268390736978 0.3205523436445495 0
6696 0.1295854534043536 0.9767959160083215 0
6697 0.3402968885224349 0.2418926390528874 0
6698 -0.4679670382746691 0.759698659196242 0
6699 0.2755589689715606 0.1640604106823662 0
6700 -0.4676212339834056 0.5729374319033643 0
6701 -0.2453839808212081 0.1593167136095887 0
6702 0.3582973306420258 0.7116401098749996 0
6703 0.2949688545008012 0.1837144956875238 0
6704 -0.3177655396989735 0.4229310319567776 0
6705 0.07359723014589113 0.1554835993603477 0
6706 0.4460556489928889 0.9668676358375821 0
6707 0.03399038770187342 0.3639103671684052 0
6708 -0.2884664738861091 0.6440045143894387 0
6709 0.2757934500166029 0.8007050764897591 0
6710 0.4690422076409235 0.5448321592082037 0
6711 -0.3070404321338426 0.1645802287152544 0
6712 -0.1235294654438082 0.01888611750321324 0
6713 -0.4686510171372145 0.6889934711909254 0
6714 0.06231084917506258 0.1462521930282774 0
6715 -0.447928308451519 0.8535008863879636 0
6716 -0.2246040275569889 0.3034389178590738 0
6717 0.4675180098523583 0.1765604271624681 0
6718 -0.3033401159226723 0.1498015634742821 0
6719 0.08724199806866091 0.8337188600542915 0
6720 0.4678395075559008 0.09860961511420743 0
6721 -0.2178159863600688 0.8069116859352881 0
6722 -0.4785566147429223 0.08590630016388318 0
6723 -0.2539973073149212 0.8640161673090555 0
6724 0.05115589935457836 0.01358521491245445 0
6725 -0.4691091584248954 0.4832264168941544 0
6726 0.3259847743573844 0.9109870972237879 0
6727 -0.1514123215449461 0.665480614794103 0
6728 -0.07449546163141166 0.4355412186281549 0
6729 0.3969982024724362 0.1813400751637921 0
6730 0.2089637394470175 0.9558315762673943 0
6731 0.2799177190279532 0.786879798792099 0
6732 0.1288738712493054 0.02022762333661107 0
6733 0.4784032888813308 0.1553879317527004 0
6734 -0.258738811019712 0.8754497616211498 0
6735 -0.07671988311220559 0.6796755946496184 0
6736 0.1155352570089223 0.4944925315922666 0
6737 -0.2493060331751206 0.1734838234895908 0
6738 0.2486284865706653 0.2781996529284828 0
6739 0.2593987737774993 0.7494200446513135 0
6740 0.4126249562898757 0.9762251449364914 0
6741 -0.2364989088087592 0.4899793950808359 0
6742 0.2142538173956663 0.6948514039018269 0
6743 0.1612586597890522 0.2387611303034838 0
6744 0.29712357552148 0.1622793061362035 0
6745 0.1117199626172035 0.7041275394971671 0
6746 0.1628596950388592 0.5053463624941097 0
6747 0.4683788504797017 0.6965460698864563 0
6748 -0.2695367106478656 0.8777583362788448 0
6749 -0.2283678950711261 0.3167497209557643 0
6750 -0.193621941681488 0.4202113033164177 0
6751 0.1403921128353788 0.4995883855719586 0
6752 -0.2492777848179169 0.6735585122115667 0
6753 0.1711627388856849 0.4968149333513464 0
6754 -0.352445138189037 0.07353718700427407 0
6755 0.1518822083208413 0.5026639476035426 0
6756 -0.239132188884077 0.643539331777397 0
6757 -0.3051679952614302 0.4200637166136887 0
6758 0.2106831695355438 0.1440519582356631 0
6759 0.4785035076258449 0.08675205628763691 0
6760 0.1110190831923268 0.5134317420916754 0
6761 -0.2079942581192102 0.01962185614268622 0
6762 -0.2948986376150592 0.9649305851926925 0
6763 -0.1627394188213266 0.8205295502640004 0
6764 0.4594153978859045 0.953620411875796 0
6765 0.1723461016912351 0.9876925082566077 0
6766 -0.3246719092236809 0.1747992861516613 0
6767 0.2465135911809618 0.9651602471939851 0
6768 0.02401242104088856 0.3552223720472084 0
6769 -0.4713266049180284 0.4501821614464149 0
6770 0.3078704872299255 0.9759686418574656 0
6771 0.3637829470878359 0.2596612239960492 0
6772 -0.1520799254807821 0.008485007562531142 0
6773 0.1282253262995575 0.496594789039105 0
6774 -0.02292257464469063 0.6935767557315458 0
6775 0.1987655173874285 0.5255592781399583 0
6776 0.1269991956473192 0.7129332669516735 0
6777 0.1808169693759758 0.7458830205104203 0
6778 -0.2743734642710535 0.7289968951347252 0
6779 0.3269784141935842 0.7962086381433158 0
6780 0.3199713801715283 0.7162986090905366 0
6781 0.1707187792101582 0.4657790853179672 0
6782 0.4781767129933632 0.1088928497598427 0
6783 0.2093844350792925 0.5998095101525363 0
6784 -0.2642382977106839 0.6875435909865111 0
6785 -0.2029509715978374 0.5238198178395314 0
6786 -0.1126801470324498 0.0333337487207986 0
6787 -0.3483424023772727 0.3304549565072332 0
6788 0.04649112719830279 0.1631707047389431 0
6789 0.008358787014073934 0.3709223888025261 0
6790 0.2397728119594458 0.268689523793436 0
6791 -0.2448930451093344 0.471493577131762 0
6792 0.03204377884697512 0.1660124817689153 0
6793 -0.2356771471078726 0.344767742513029 0
6794 0.03230111180825453 0.01391931713727851 0
6795 -0.2319382601302195 0.3307444668376902 0
6796 0.2539431794064492 0.80644242143957 0
6797 -0.181826100800049 0.4025109323782927 0
6798 0.1571997412625171 0.4383183845557276 0
6799 0.4784851759060061 0.3482634955626143 0
6800 -0.3247768631668801 0.1217554601351585 0
6801 -0.3984100658139701 0.1255099531842121 0
6802 0.1088717619229046 0.6881377457882807 0
6803 0.2890552290273118 0.5344083495040822 0
6804 -0.154937968389839 0.764331742141625 0
6805 -0.2393470196676412 0.3583286465429519 0
6806 0.4801651511956013 0.965510285235705 0
6807 -0.1596810990103541 0.7834407303471961 0
6808 0.2897162367981718 0.02187468908218175 0
6809 -0.0377877802236451 0.2590285743139644 0
6810 -0.2819197192802109 0.7989206171359368 0
6811 -0.4104666776146619 0.07580735477459254 0
6812 0.3301311568943553 0.7850082471775561 0
6813 -0.1749980800551227 0.7866626997199355 0
6814 -0.2244558090421877 0.9766411775445549 0
6815 -0.4690504012942515 0.5431179257197012 0
6816 -0.2376142462457566 0.7731185817748399 0
6817 0.4580084247002382 0.931773683724396 0
6818 -0.2229160213170169 0.7865921337989268 0
6819 -0.1399715167753598 0.964349195602856 0
6820 -0.2494441931458269 0.4946452411287264 0
6821 0.2572873920630302 0.05785142447207844 0
6822 -0.03396221519810565 0.2450486539838215 0
6823 -0.4580400369709152 0.7696841151195204 0
6824 0.4680577192325514 0.6384100386138255 0
6825 -0.005653584853744967 0.3736140690062847 0
6826 0.3555802486370163 0.2516260930734384 0
6827 -0.02978208186649776 0.2314989235845357 0
6828 -0.1928923222445341 0.7923663348786447 0
6829 0.2444347862661138 0.4449042153587294 0
6830 0.3267549876361454 0.6775554916995321 0
6831 -0.4525500928348304 0.976430359301128 0
6832 -0.06868611891318913 0.139625060116866 0
6833 -0.2340533636006829 0.3803202655555806 0
6834 -0.1656744496620817 0.415125283530635 0
6835 0.2423273201205118 0.2560705998109155 0
6836 -0.2428785156111216 0.3715922097464611 0
6837 0.01108864566828992 0.8211928399939763 0
6838 -0.2271713912209541 0.4645433369122962 0
6839 0.1834351572799969 0.5110523805026377 0
6840 0.2650225719321454 0.02094733444043647 0
6841 -0.1503468547565191 0.9667744859379466 0
6842 -0.2704146966723825 0.7090485162382621 0
6843 0.1875936992146027 0.8223851743216616 0
6844 -0.05670946509724291 0.852067083397206 0
6845 -0.2246992207959855 0.3901598656762655 0
6846 0.255178715231029 0.4411824564376675 0
6847 -0.4799930202952045 0.287077194117059 0
6848 -0.06672363072029161 0.9668657401336128 0
6849 0.285423861093421 0.5131008248894271 0
6850 -0.4797028816760712 0.2509396646225799 0
6851 0.2745640815736805 0.9386287454068429 0
6852 0.3589050813979588 0.9762916106879839 0
6853 0.151254380835258 0.7681166977552509 0
6854 0.3332102293134554 0.7738181086305176 0
6855 -0.1537279200263308 0.4106323238518087 0
6856 0.1487580297702482 0.9128625475307902 0
6857 0.4805635319957975 0.1452699544821799 0
6858 -0.4325792298075329 0.193142849505988 0
6859 0.3121501159042467 0.4065656841977273 0
6860 0.1561675258957779 0.8350588032690922 0
6861 -0.4689040137457394 0.9597072922152311 0
6862 -0.016730094309309 0.364429519175398 0
6863 0.2103584526155704 0.9052327835835097 0
6864 0.3103254494982629 0.6785727733638797 0
6865 0.193050125605649 0.8367095148473563 0
6866 -0.2152697222616977 0.400120475379098 0
6867 -0.2857650192774087 0.4278020815073839 0
6868 0.4584804839766398 0.6110556720260394 0
6869 -0.4695039547443645 0.3296515722705909 0
6870 0.1810054055934294 0.9733489110082092 0
6871 0.2725206416199686 0.4269424636952852 0
6872 -0.2793554266186961 0.7438778068676895 0
6873 0.4030977104875618 0.05312151598783652 0
6874 0.2593494334031696 0.9760687970426309 0
6875 -0.0179712080245515 0.8308012093288712 0
6876 -0.4799883039266885 0.1575429336889944 0
6877 0.3566320857729244 0.564453376181731 0
6878 -0.2036081541860473 0.8039226337245925 0
6879 -0.4687063254912487 0.7330152159217662 0
6880 -0.3320337527781067 0.3136278503827589 0
6881 0.4648375806842348 0.8201095129268324 0
6882 -0.4697510431860402 0.8893843657982649 0
6883 -0.03256206507574542 0.4252032156020646 0
6884 0.1907081919296117 0.7489780160207171 0
6885 0.28623749133248 0.4114893938866904 0
6886 -0.4696332224438265 0.4056005088287659 0
6887 -0.1657283653877542 0.6521559631567055 0
6888 0.2974258865040149 0.8335838707570544 0
6889 0.05093142406765954 0.8424482329337992 0
6890 0.4683628462276378 0.7254946603748402 0
6891 0.1096776535299478 0.8876365231728722 0
6892 0.2750284965424648 0.7705428984687335 0
6893 0.01576364794013061 0.05801561807256451 0
6894 0.2214916043702472 0.2497765836423838 0
6895 0.2189323709670987 0.8506327491485923 0
6896 -0.2252690944423065 0.4526825822936112 0
6897 -0.2052712537942875 0.4100933481148646 0
6898 0.3412888469659118 0.7505669254208824 0
6899 0.2900158553339737 0.9519498836342922 0
6900 -0.4105824166687432 0.9878711945895754 0
6901 0.2868756860605809 0.5030817487355667 0
6902 0.2046502296342228 0.5470273980418879 0
6903 -0.2718261805451659 0.4244348412350312 0
6904 0.4600512963630741 0.8354582674310024 0
6905 0.3312499325851244 0.93171292581242 0
6906 -0.3472741532681336 0.04821501744558157 0
6907 0.320288139216645 0.8957459919486006 0
6908 0.1415888325284361 0.007082444696510978 0
6909 -0.04952996022416599 0.01289295658588862 0
6910 -0.03052543837854343 0.3674158548974091 0
6911 0.06103193920753348 0.02656791213360823 0
6912 0.4796715583802502 0.5381471090733341 0
6913 0.4097170305251865 0.08679643060499326 0
6914 -0.2622518497408964 0.9772676091273269 0
6915 0.2995575431761403 0.4223571275556723 0
6916 -0.3032979341859182 0.9563176725194091 0
6917 -0.2483409667934841 0.8245414565760346 0
6918 -0.1243671777310032 0.8295167276338667 0
6919 0.3368830098934203 0.7623099073638839 0
6920 -0.1975456088869535 0.5005752496595377 0
6921 0.05464220322127938 0.6870540177399578 0
6922 0.3343996407745277 0.2550935926667486 0
6923 0.4419446690201344 0.9773214179623178 0
6924 -0.4687697034391324 0.8315763294269878 0
6925 0.4691917338053521 0.281567408170728 0
6926 0.4596827860718709 0.6868240985768714 0
6927 0.4684798557924487 0.2127158987336313 0
6928 -0.4783923829332755 0.07508948080717116 0
6929 -0.01938681066155387 0.4105008497651376 0
6930 0.2141657235263047 0.5838033136181631 0
6931 -0.2341673690766156 0.6259023429084207 0
6932 0.2376901701706739 0.9302670581356575 0
6933 0.3709229853098749 0.1601370836793771 0
6934 -0.2173498848234816 0.2780603065011032 0
6935 -0.04428573405147013 0.3704831926290708 0
6936 0.4700476690320322 0.5674749840700464 0
6937 0.3527975365512781 0.747259851539367 0
6938 -0.2615713294302731 0.02469256356438851 0
6939 -0.4687712417925333 0.5102667245215509 0
6940 -0.169154706385304 0.6411575256128308 0
6941 -0.08074691388621276 0.04177872492831037 0
6942 -0.3302482267092756 0.09377687934117657 0
6943 -0.1419563335058688 0.3933398805176333 0
6944 0.4797999269445296 0.2424323641840615 0
6945 -0.479109232533137 0.4690928037553276 0
6946 0.2300056042249553 0.7184348473849586 0
6947 -0.2627071339177088 0.8302770092820808 0
6948 -0.2295987931233767 0.6056204242290859 0
6949 0.3460699397285064 0.566344227666905 0
6950 -0.1957065364572686 0.01848766641926129 0
6951 0.03273409671858257 0.4077994928338853 0
6952 0.2155286290943395 0.9247056931189195 0
6953 -0.2127940555752623 0.5562315203902995 0
6954 0.1462358357743721 0.7430641075520732 0
6955 -0.2407081424361206 0.9763989047550561 0
6956 -0.05779104422961853 0.373811704802079 0
6957 0.2114539658577329 0.239878531085549 0
6958 -0.1557401117258851 0.4544897955490678 0
6959 0.470262350402376 0.7564352247756065 0
6960 -0.06570972634538068 0.6814501868496281 0
6961 0.3184858111268523 0.8581600598043984 0
6962 0.4682789311525535 0.9257152490324527 0
6963 0.2675047601537111 0.9164158643373853 0
6964 0.3873523590464849 0.1721422465077578 0
6965 0.3287615130306556 0.5500137464622652 0
6966 0.09712675427403764 0.3913218947803813 0
6967 0.2797482196127564 0.7548709373746842 0
6968 0.4366486268437046 0.1245375293980769 0
6969 0.006019679866334736 0.9674733490869648 0
6970 0.4505324627997219 0.1587416760413975 0
6971 0.3372540083761804 0.5580398061470802 0
6972 0.1873340585428235 0.7671142592702815 0
6973 -0.4697965901903531 0.09151028427698554 0
6974 -0.1112987369296688 0.9665562617736431 0
6975 0.1485010433219442 0.7581978834804468 0
6976 -0.1399177769523381 0.7275707157361369 0
6977 0.1034426249604423 0.52113239276717 0
6978 0.05692373308056885 0.40219895281698 0
6979 -0.07004928404282709 0.3782506460026068 0
6980 -0.1724241591653338 0.6295393687546598 0
6981 -0.4552843124011894 0.1036102859523219 0
6982 0.1984438685086475 0.5687230675261118 0
6983 0.3185551176072846 0.9766358312981361 0
6984 -0.08470802359857346 0.3946649120088668 0
6985 -0.4591687067994951 0.9284792619962746 0
6986 0.4792237611313295 0.9867380903104189 0
6987 -0.4792237611312894 0.9867380903103912 0
6988 -0.03443356184166936 0.95652143459599 0
6989 0.2755648044688651 0.9769964691688779 0
6990 0.4685406318770147 0.3113079840057245 0
6991 -0.2881269804898792 0.848125186321896 0
6992 -0.4596739202222486 0.6219482001755887 0
6993 -0.4706562147430347 0.6985396512829083 0
6994 -0.2433086976379255 0.4419242092327929 0
6995 -0.3189561956332719 0.3122365273278486 0
6996 0.1270119301146299 0.907492391298766 0
6997 0.1219267060318997 0.3848740575469358 0
6998 0.1187683890540215 0.2136257571610397 0
6999 -0.01081740271782349 0.6823882028517453 0
7000 0.4808903251678323 0.7993430498581027 0
7001 -0.4454325358713552 0.8735941998153985 0
7002 0.4701878103347805 0.8760602428648689 0
7003 0.2414845484390093 0.01798933183541902 0
7004 -0.4787424139579765 0.2676025579960019 0
7005 -0.106003327651158 0.4544346367273751 0
7006 0.3458589716895615 0.7128352903901921 0
7007 0.3004770628063029 0.5471073486255799 0
7008 -0.3808299751419469 0.9781427155090637 0
7009 0.2366985598938537 0.4596916067899359 0
7010 -0.09973726869782143 0.397130994584974 0
7011 0.07575140853909679 0.02593917600734319 0
7012 0.4809680037943178 0.4190170550903971 0
7013 -0.1931826573235929 0.9667596914656251 0
7014 0.4702878926664354 0.4491261437411317 0
7015 -0.1758206175673984 0.6184279694187274 0
7016 -0.4793321707589616 0.8083070975444335 0
7017 -0.1411764705883526 0.006911599015469831 0
7018 0.4810190804074994 0.4903281791090821 0
7019 0.3613431725036087 0.747090373422799 0
7020 -0.4437985466873388 0.5273237572661159 0
7021 0.2784484936517313 0.4864209614520437 0
7022 -0.3065807277239447 0.3088405794068054 0
7023 0.1253010805679149 0.8712236319727411 0
7024 -0.2645130058161765 0.8390862603306496 0
7025 -0.4690747804275296 0.3747238022382994 0
7026 -0.4690791947248387 0.659682607738181 0
7027 -0.1115755129522674 0.3882256451578343 0
7028 0.3184101630515452 0.6517826166155247 0
7029 0.1472034938723574 0.6985410375405019 0
7030 -0.1254260512993974 0.4055289035144008 0
7031 0.2675154242028215 0.06720324016357547 0
7032 0.3351768073651202 0.7154531445550188 0
7033 0.04765768882680024 0.9782011562787361 0
7034 0.2708782842832552 0.8385674255764397 0
7035 0.01181475884547582 0.1391128082779725 0
7036 0.4706843621758527 0.329758579247356 0
7037 0.1780831708861743 0.4888227738057869 0
7038 -0.2644355575940973 0.7604569093283849 0
7039 0.3300699140171331 0.8700512801342793 0
7040 0.3595840855994796 0.05399553858711166 0
7041 -0.0845306742227892 0.8395988478825401 0
7042 0.2000537253533329 0.007241638125936154 0
7043 -0.1544639488523039 0.8278124040478799 0
7044 0.3572531992922247 0.7273689783238644 0
7045 -0.4324928885577274 0.524492865138779 0
7046 -0.2733086986530857 0.8422165523509976 0
7047 -0.4793806111278681 0.3031702225583541 0
7048 -0.05506853301020526 0.1369421335594799 0
7049 -0.2242317117521136 0.0974513916532998 0
7050 -0.4794023453365291 0.4872854935263858 0
7051 0.1544730116956072 0.01855936650391594 0
7052 0.2677686406123969 0.4891806881064231 0
7053 0.3182275378567371 0.5521836015916795 0
7054 -0.3122313098707523 0.1380943309906443 0
7055 0.1904823076725909 0.7777330991830579 0
7056 0.1965254085444017 0.968124334160537 0
7057 -0.3294103677423137 0.9751261819784086 0
7058 -0.4108406497602645 0.1991128359004457 0
7059 -0.2241766403937586 0.5838018521313243 0
7060 0.1488353441611577 0.6682232287594189 0
7061 0.1938115743832891 0.9017975009476293 0
7062 0.1192692482456733 0.978401632049251 0
7063 0.2339441922077987 0.7338052050597084 0
7064 0.01300683093949914 0.03370261993565749 0
7065 0.1527684252159242 0.6774529011981926 0
7066 -0.469831275618497 0.5847367899965566 0
7067 0.4696626641972195 0.388721839316604 0
7068 -0.2848736360374479 0.6328495890377321 0
7069 0.2189169134591758 0.6472659984211433 0
7070 0.3505591616981918 0.1499007250491155 0
7071 -0.08665215111588674 0.6796034937774726 0
7072 0.08033211157412773 0.6876982237428459 0
7073 -0.207182731409466 0.08229887121608245 0
7074 0.0904988797730211 0.5190726631251585 0
7075 -0.4401263525643389 0.8589375385322183 0
7076 0.4506921265295076 0.948178820088963 0
7077 0.4793580736942519 0.2258880528562496 0
7078 -0.09443894734714391 0.6544615180220446 0
7079 0.09742088026104258 0.8329522921402199 0
7080 0.3215783072209351 0.7038916691311349 0
7081 -0.1677701193582411 0.6092448728278765 0
7082 0.2134130996297003 0.6258427367673185 0
7083 -0.06898023961915459 0.8410243512140758 0
7084 -0.03955412333201978 0.02515958343005871 0
7085 0.1802353734658443 0.1205614271925711 0
7086 0.1969587721814701 0.7981156522178982 0
7087 -0.28167469238358 0.6216488929153454 0
7088 0.1738758714977832 0.896228963527769 0
7089 0.2358563846372683 0.9663360321721899 0
7090 -0.1950179295532817 0.07865274245958336 0
7091 -0.1293403874510563 0.447371070267843 0
7092 0.3031965660046585 0.8547858952167637 0
7093 -0.1907140723905549 0.4759301851790807 0
7094 -0.3239474907990001 0.1848485318524004 0
7095 0.3475846239209078 0.946729009120973 0
7096 0.1414628655136224 0.7046999936169238 0
7097 0.309632444143021 0.5443006453433652 0
7098 -0.3150027570870748 0.9687669016518959 0
7099 -0.3070285824188155 0.02984584934904989 0
7100 0.06514182675473566 0.6886693097415759 0
7101 0.01146775597628845 0.4145724328013203 0
7102 -0.2103841137228629 0.537806372700495 0
7103 0.1440588500367144 0.6904852430835899 0
7104 0.1241908029824068 0.6562477585432572 0
7105 0.1504892965771519 0.1386427400339175 0
7106 -0.3420186033639271 0.1889704803465356 0
7107 0.1916100752782187 0.1167907791712263 0
7108 0.2145319839390797 0.6629522257830605 0
7109 0.3248118135101086 0.6926857031354945 0
7110 -0.3391179927207106 0.9887833962043804 0
7111 -0.4698662548877012 0.2760630974022524 0
7112 0.1653970687888343 0.1494325411573298 0
7113 -0.2784314525512769 0.6103970410231423 0
7114 0.2388844722254098 0.8440266966133317 0
7115 0.1934615373644782 0.7880235114213596 0
7116 0.1529879449139554 0.2438704793437358 0
7117 -0.4801934673168836 0.4526778326979744 0
7118 0.02346607216094115 0.1574905184794483 0
7119 0.08548775523716376 0.1984610964695021 0
7120 -0.09011339931325657 0.6704375187062268 0
7121 0.1599553497991496 0.9771152173631257 0
7122 -0.159394621027761 0.6002529353355286 0
7123 0.07899083459516856 0.9673772737075021 0
7124 0.3470858250392905 0.5922197186081044 0
7125 0.2933339271489999 0.5269931967653747 0
7126 -0.07896244926278892 0.02960474964665643 0
7127 -0.2685800574707993 0.7876613360981781 0
7128 0.3308177427126741 0.02558358150080722 0
7129 0.1396818602983597 0.6331292574131399 0
7130 -0.007324176825147567 0.8298209818391657 0
7131 -0.1506861387634026 0.7501424560572847 0
7132 -0.4813248455710432 0.1218873716793874 0
7133 -0.4694940721650677 0.7422592695357737 0
7134 0.07476624161967677 0.398029293174764 0
7135 0.05465040160226836 0.5436204689594498 0
7136 -0.2118728775785663 0.1958121689915617 0
7137 0.3622079085147886 0.1650910756460508 0
7138 -0.1843171200419107 0.01792549434103996 0
7139 -0.2750964929993179 0.5991096142964593 0
7140 -0.1652729543737371 0.735824926686507 0
7141 -0.1935668889488774 0.2031649156330663 0
7142 -0.05068049434475816 0.429888508338388 0
7143 -0.2364133677249338 0.1009572471179498 0
7144 -0.2896994977592653 0.8583986591787099 0
7145 -0.04564172378417478 0.1465481622994977 0
7146 -0.1512694372692192 0.5918981781049761 0
7147 0.4594652427559482 0.6005957306268757 0
7148 0.1610767954915192 0.4670319947270279 0
7149 -0.4696007015966583 0.9770789591228377 0
7150 -0.4701970090710869 0.5540284770511681 0
7151 -0.2234570334761521 0.1975824194606525 0
7152 0.005404404484038092 0.04599774965787274 0
7153 0.3122970560284212 0.6644238840411563 0
7154 -0.3986614791319197 0.1969787924306972 0
7155 -0.1607078116925726 0.9687981567915571 0
7156 -0.06197511249620448 0.6911101164769005 0
7157 -0.2446590432132039 0.651246137001558 0
7158 0.2051080332771233 0.7992295224567625 0
7159 0.4508528411780391 0.6383364822359507 0
7160 -0.3344983656553762 0.3030767125317874 0
7161 -0.4695673619766501 0.9151098481609474 0
7162 -0.471315678717657 0.7814302954675685 0
7163 -0.3190633158217636 0.1125018782761092 0
7164 0.4615168704773724 0.5616871691205824 0
7165 0.1360080958615292 0.6211717294322778 0
7166 0.1339241903204853 0.6109794528061775 0
7167 0.1524144622895911 0.7389885467257926 0
7168 0.07194784801261569 0.2010096006090296 0
7169 -0.4707778821100386 0.3409812835924441 0
7170 0.2637226631533963 0.4416903242567632 0
7171 0.4580118477935493 0.2997987134080821 0
7172 -0.2354943175114171 0.437698090643507 0
7173 -0.07740806119471265 0.9687674744861343 0
7174 -0.3507990061722743 0.2882682383842324 0
7175 -0.4715915646487709 0.9003666621377191 0
7176 -0.271353452446681 0.5889912679745987 0
7177 0.2913969008387152 0.4963587450995832 0
7178 -0.1074017614634961 0.6411891078976867 0
7179 -0.4681994452238825 0.198398769872534 0
7180 0.1234801753337955 0.7195570540344822 0
7181 -0.1190422341316116 0.8374025090826166 0
7182 0.4668719156521109 0.9571042492569731 0
7183 0.3988894346260001 0.9888558706002992 0
7184 -0.1707294445722014 0.01640810770709325 0
7185 0.2788716186157995 0.06353043220603165 0
7186 0.142193461482249 0.1426498358091146 0
7187 -0.4584968850839942 0.1761449876892709 0
7188 -0.2562416264876751 0.7473021518057287 0
7189 0.05880124118537032 0.2042020022204146 0
7190 0.4722012551318897 0.7453893329172224 0
7191 0.2058068197834645 0.4497188540010058 0
7192 0.4381403462657385 0.9873106815682361 0
7193 -0.02168043062661189 0.966599386816151 0
7194 -0.2556692804754909 0.4321140644272469 0
7195 -0.469405482276645 0.112936032232539 0
$EndNodes
$Elements
14390
1 1 2 2 1 1 16
2 1 2 2 1 16 17
3 1 2 2 1 17 18
4 1 2 2 1 18 19
5 1 2 2 1 19 20
6 1 2 2 1 20 21
7 1 2 2 1 21 22
8 1 2 2 1 22 23
9 1 2 2 1 23 24
10 1 2 2 1 24 2
11 1 2 1 2 2 25
12 1 2 1 2 25 26
13 1 2 1 2 26 27
14 1 2 1 2 27 28
15 1 2 1 2 28 29
16 1 2 1 2 29 30
17 1 2 1 2 30 31
18 1 2 1 2 31 32
19 1 2 1 2 32 33
20 1 2 1 2 33 34
21 1 2 1 2 34 35
22 1 2 1 2 35 36
23 1 2 1 2 36 37
24 1 2 1 2 37 38
25 1 2 1 2 38 39
26 1 2 1 2 39 40
27 1 2 1 2 40 7
28 1 2 2 3 7 41
29 1 2 2 3 41 42
30 1 2 2 3 42 43
31 1 2 2 3 43 44
32 1 2 2 3 44 45
33 1 2 2 3 45 46
34 1 2 2 3 46 47
35 1 2 2 3 47 48
36 1 2 2 3 48 49
37 1 2 2 3 49 8
38 1 2 1 4 8 50
39 1 2 1 4 50 51
40 1 2 1 4 51 52
41 1 2 1 4 52 53
42 1 2 1 4 53 54
43 1 2 1 4 54 55
44 1 2 1 4 55 56
45 1 2 1 4 56 57
46 1 2 1 4 57 58
47 1 2 1 4 58 59
48 1 2 1 4 59 60
49 1 2 1 4 60 61
50 1 2 1 4 61 62
51 1 2 1 4 62 63
52 1 2 1 4 63 64
53 1 2 1 4 64 65
54 1 2 1 4 65 3
55 1 2 2 5 3 66
56 1 2 2 5 66 67
57 1 2 2 5 67 68
58 1 2 2 5 68 69
59 1 2 2 5 69 70
60 1 2 2 5 70 71
61 1 2 2 5 71 72
62 1 2 2 5 72 73
63 1 2 2 5 73 74
64 1 2 2 5 74 4
65 1 2 1 6 4 75
66 1 2 1 6 75 76
67 1 2 1 6 76 77
68 1 2 1 6 77 78
69 1 2 1 6 78 79
70 1 2 1 6 79 80
71 1 2 1 6 80 81
72 1 2 1 6 81 82
73 1 2 1 6 82 83
74 1 2 1 6 83 84
75 1 2 1 6 84 85
76 1 2 1 6 85 86
77 1 2 1 6 86 87
78 1 2 1 6 87 88
79 1 2 1 6 88 89
80 1 2 1 6 89 90
81 1 2 1 6 90 91
82 1 2 1 6 91 92
83 1 2 1 6 92 93
84 1 2 1 6 93 94
85 1 2 1 6 94 95
86 1 2 1 6 95 96
87 1 2 1 6 96 97
88 1 2 1 6 97 98
89 1 2 1 6 98 99
90 1 2 1 6 99 100
91 1 2 1 6 100 101
92 1 2 1 6 101 102
93 1 2 1 6 102 103
94 1 2 1 6 103 104
95 1 2 1 6 104 105
96 1 2 1 6 105 106
97 1 2 1 6 106 107
98 1 2 1 6 107 108
99 1 2 1 6 108 109
100 1 2 1 6 109 110
101 1 2 1 6 110 111
102 1 2 1 6 111 112
103 1 2 1 6 112 113
104 1 2 1 6 113 114
105 1 2 1 6 114 115
106 1 2 1 6 115 116
107 1 2 1 6 116 117
108 1 2 1 6 117 118
109 1 2 1 6 118 119
110 1 2 1 6 119 120
111 1 2 1 6 120 121
112 1 2 1 6 121 122
113 1 2 1 6 122 123
114 1 2 1 6 123 124
115 1 2 1 6 124 125
116 1 2 1 6 125 126
117 1 2 1 6 126 127
118 1 2 1 6 127 128
119 1 2 1 6 128 129
120 1 2 1 6 129 130
121 1 2 1 6 130 131
122 1 2 1 6 131 132
123 1 2 1 6 132 133
124 1 2 1 6 133 134
125 1 2 1 6 134 135
126 1 2 1 6 135 136
127 1 2 1 6 136 137
128 1 2 1 6 137 138
129 1 2 1 6 138 139
130 1 2 1 6 139 140
131 1 2 1 6 140 141
132 1 2 1 6 141 142
133 1 2 1 6 142 143
134 1 2 1 6 143 144
135 1 2 1 6 144 145
136 1 2 1 6 145 146
137 1 2 1 6 146 147
138 1 2 1 6 147 148
139 1 2 1 6 148 149
140 1 2 1 6 149 150
141 1 2 1 6 150 151
142 1 2 1 6 151 5
143 1 2 1 7 5 152
144 1 2 1 7 152 153
145 1 2 1 7 153 154
146 1 2 1 7 154 155
147 1 2 1 7 155 156
148 1 2 1 7 156 157
149 1 2 1 7 157 158
150 1 2 1 7 158 159
151 1 2 1 7 159 160
152 1 2 1 7 160 161
153 1 2 1 7 161 162
154 1 2 1 7 162 163
155 1 2 1 7 163 164
156 1 2 1 7 164 165
157 1 2 1 7 165 166
158 1 2 1 7 166 167
159 1 2 1 7 167 168
160 1 2 1 7 168 169
161 1 2 1 7 169 170
162 1 2 1 7 170 171
163 1 2 1 7 171 172
164 1 2 1 7 172 173
165 1 2 1 7 173 174
166 1 2 1 7 174 175
167 1 2 1 7 175 176
168 1 2 1 7 176 177
169 1 2 1 7 177 178
170 1 2 1 7 178 179
171 1 2 1 7 179 180
172 1 2 1 7 180 181
173 1 2 1 7 181 182
174 1 2 1 7 182 183
175 1 2 1 7 183 184
176 1 2 1 7 184 185
177 1 2 1 7 185 186
178 1 2 1 7 186 187
179 1 2 1 7 187 188
180 1 2 1 7 188 189
181 1 2 1 7 189 190
182 1 2 1 7 190 191
183 1 2 1 7 191 192
184 1 2 1 7 192 193
185 1 2 1 7 193 194
186 1 2 1 7 194 195
187 1 2 1 7 195 196
188 1 2 1 7 196 197
189 1 2 1 7 197 198
190 1 2 1 7 198 199
191 1 2 1 7 199 200
192 1 2 1 7 200 201
193 1 2 1 7 201 202
194 1 2 1 7 202 203
195 1 2 1 7 203 204
196 1 2 1 7 204 205
197 1 2 1 7 205 206
198 1 2 1 7 206 207
199 1 2 1 7 207 208
200 1 2 1 7 208 209
201 1 2 1 7 209 210
202 1 2 1 7 210 211
203 1 2 1 7 211 212
204 1 2 1 7 212 213
205 1 2 1 7 213 214
206 1 2 1 7 214 215
207 1 2 1 7 215 216
208 1 2 1 7 216 217
209 1 2 1 7 217 218
210 1 2 1 7 218 219
211 1 2 1 7 219 220
212 1 2 1 7 220 221
213 1 2 1 7 221 222
214 1 2 1 7 222 223
215 1 2 1 7 223 224
216 1 2 1 7 224 225
217 1 2 1 7 225 226
218 1 2 1 7 226 227
219 1 2 1 7 227 228
220 1 2 1 7 228 229
221 1 2 1 7 229 230
222 1 2 1 7 230 231
223 1 2 1 7 231 232
224 1 2 1 7 232 6
225 1 2 1 8 6 233
226 1 2 1 8 233 234
227 1 2 1 8 234 235
228 1 2 1 8 235 236
229 1 2 1 8 236 237
230 1 2 1 8 237 238
231 1 2 1 8 238 239
232 1 2 1 8 239 240
233 1 2 1 8 240 241
234 1 2 1 8 241 242
235 1 2 1 8 242 243
236 1 2 1 8 243 244
237 1 2 1 8 244 245
238 1 2 1 8 245 246
239 1 2 1 8 246 247
240 1 2 1 8 247 248
241 1 2 1 8 248 249
242 1 2 1 8 249 250
243 1 2 1 8 250 251
244 1 2 1 8 251 252
245 1 2 1 8 252 253
246 1 2 1 8 253 254
247 1 2 1 8 254 255
248 1 2 1 8 255 256
249 1 2 1 8 256 257
250 1 2 1 8 257 258
251 1 2 1 8 258 259
252 1 2 1 8 259 260
253 1 2 1 8 260 261
254 1 2 1 8 261 262
255 1 2 1 8 262 263
256 1 2 1 8 263 264
257 1 2 1 8 264 265
258 1 2 1 8 265 266
259 1 2 1 8 266 267
260 1 2 1 8 267 268
261 1 2 1 8 268 269
262 1 2 1 8 269 270
263 1 2 1 8 270 271
264 1 2 1 8 271 272
265 1 2 1 8 272 273
266 1 2 1 8 273 274
267 1 2 1 8 274 275
268 1 2 1 8 275 276
269 1 2 1 8 276 277
270 1 2 1 8 277 278
271 1 2 1 8 278 279
272 1 2 1 8 279 280
273 1 2 1 8 280 281
274 1 2 1 8 281 282
275 1 2 1 8 282 283
276 1 2 1 8 283 284
277 1 2 1 8 284 285
278 1 2 1 8 285 286
279 1 2 1 8 286 287
280 1 2 1 8 287 288
281 1 2 1 8 288 289
282 1 2 1 8 289 290
283 1 2 1 8 290 291
284 1 2 1 8 291 292
285 1 2 1 8 292 293
286 1 2 1 8 293 294
287 1 2 1 8 294 295
288 1 2 1 8 295 296
289 1 2 1 8 296 297
290 1 2 1 8 297 298
291 1 2 1 8 298 299
292 1 2 1 8 299 300
293 1 2 1 8 300 301
294 1 2 1 8 301 302
295 1 2 1 8 302 303
296 1 2 1 8 303 304
297 1 2 1 8 304 305
298 1 2 1 8 305 306
299 1 2 1 8 306 307
300 1 2 1 8 307 308
301 1 2 1 8 308 309
302 1 2 1 8 309 1
303 1 2 3 9 9 310
304 1 2 3 9 310 311
305 1 2 3 9 311 312
306 1 2 3 9 312 313
307 1 2 3 9 313 314
308 1 2 3 9 314 315
309 1 2 3 9 315 10
310 1 2 3 10 10 316
311 1 2 3 10 316 317
312 1 2 3 10 317 318
313 1 2 3 10 318 319
314 1 2 3 10 319 11
315 1 2 3 11 11 320
316 1 2 3 11 320 321
317 1 2 3 11 321 322
318 1 2 3 11 322 323
319 1 2 3 11 323 324
320 1 2 3 11 324 325
321 1 2 3 11 325 326
322 1 2 3 11 326 327
323 1 2 3 11 327 328
324 1 2 3 11 328 329
325 1 2 3 11 329 330
326 1 2 3 11 330 331
327 1 2 3 11 331 332
328 1 2 3 11 332 333
329 1 2 3 11 333 334
330 1 2 3 11 334 335
331 1 2 3 11 335 12
332 1 2 3 12 12 336
333 1 2 3 12 336 337
334 1 2 3 12 337 13
335 1 2 3 13 13 338
336 1 2 3 13 338 339
337 1 2 3 13 339 340
338 1 2 3 13 340 341
339 1 2 3 13 341 342
340 1 2 3 13 342 14
341 1 2 3 14 14 343
342 1 2 3 14 343 15
343 1 2 3 15 15 344
344 1 2 3 15 344 345
345 1 2 3 15 345 346
346 1 2 3 15 346 347
347 1 2 3 15 347 348
348 1 2 3 15 348 349
349 1 2 3 15 349 350
350 1 2 3 15 350 351
351 1 2 3 15 351 352
352 1 2 3 15 352 353
353 1 2 3 15 353 354
354 1 2 3 15 354 355
355 1 2 3 15 355 356
356 1 2 3 15 356 357
357 1 2 3 15 357 358
358 1 2 3 15 358 359
359 1 2 3 15 359 360
360 1 2 3 15 360 361
361 1 2 3 15 361 362
362 1 2 3 15 362 363
363 1 2 3 15 363 364
364 1 2 3 15 364 365
365 1 2 3 15 365 366
366 1 2 3 15 366 367
367 1 2 3 15 367 368
368 1 2 3 15 368 9
369 2 2 5 1 4306 4257 4993
370 2 2 5 1 6180 5182 6378
371 2 2 5 1 4502 3172 5182
372 2 2 5 1 2829 5008 5010
373 2 2 5 1 426 4260 5482
374 2 2 5 1 1637 6720 6759
375 2 2 5 1 4082 405 6553
376 2 2 5 1 1641 4190 4251
377 2 2 5 1 4820 5485 6886
378 2 2 5 1 3289 4437 6059
379 2 2 5 1 4518 3289 6059
380 2 2 5 1 1729 6062 6157
381 2 2 5 1 2285 4306 4993
382 2 2 5 1 4214 3183 4444
383 2 2 5 1 433 6432 6626
384 2 2 5 1 345 344 4384
385 2 2 5 1 4197 741 4458
386 2 2 5 1 2829 5010 5011
387 2 2 5 1 3999 4435 6521
388 2 2 5 1 6062 4129 6157
389 2 2 5 1 4689 377 4690
390 2 2 5 1 6460 4064 6489
391 2 2 5 1 3789 3787 5787
392 2 2 5 1 4085 4556 5159
393 2 2 5 1 4718 3083 4732
394 2 2 5 1 3514 5005 5706
395 2 2 5 1 1008 4901 4902
396 2 2 5 1 2111 4916 5404
397 2 2 5 1 2278 4225 4780
398 2 2 5 1 3097 4399 6227
399 2 2 5 1 2859 2860 5549
400 2 2 5 1 5577 3107 6889
401 2 2 5 1 3789 5787 6839
402 2 2 5 1 4742 3330 6588
403 2 2 5 1 4673 1927 7067
404 2 2 5 1 4376 6106 6532
405 2 2 5 1 3855 4866 6745
406 2 2 5 1 4135 3215 6871
407 2 2 5 1 2085 5230 5335
408 2 2 5 1 4306 2285 4308
409 2 2 5 1 4502 4501 5181
410 2 2 5 1 3965 5366 5679
411 2 2 5 1 2774 5362 6449
412 2 2 5 1 99 100 4675
413 2 2 5 1 3514 5003 5005
414 2 2 5 1 2895 4451 4453
415 2 2 5 1 4557 3836 4558
416 2 2 5 1 2900 4483 4484
417 2 2 5 1 3622 4199 4684
418 2 2 5 1 445 5247 5248
419 2 2 5 1 4243 2996 4339
420 2 2 5 1 4140 1729 4695
421 2 2 5 1 4305 2945 4899
422 2 2 5 1 5301 3683 5302
423 2 2 5 1 4585 2138 6052
424 2 2 5 1 4052 5271 6681
425 2 2 5 1 3243 5011 5640
426 2 2 5 1 2999 2635 6893
427 2 2 5 1 4669 375 4679
428 2 2 5 1 3188 4187 4313
429 2 2 5 1 5376 2901 7028
430 2 2 5 1 4224 3561 5395
431 2 2 5 1 128 129 4303
432 2 2 5 1 4132 407 5121
433 2 2 5 1 3276 4563 6203
434 2 2 5 1 2902 2901 5376
435 2 2 5 1 4684 4199 6130
436 2 2 5 1 5520 3976 6438
437 2 2 5 1 5564 3107 5577
438 2 2 5 1 2727 2729 4733
439 2 2 5 1 1729 4140 6062
440 2 2 5 1 3278 3276 6203
441 2 2 5 1 2138 4585 6051
442 2 2 5 1 2513 5005 5006
443 2 2 5 1 6432 4094 6626
444 2 2 5 1 494 490 5448
445 2 2 5 1 3469 2859 5549
446 2 2 5 1 4041 4141 5890
447 2 2 5 1 2996 4243 4384
448 2 2 5 1 2522 4729 6903
449 2 2 5 1 5690 3962 6492
450 2 2 5 1 1947 4230 5740
451 2 2 5 1 4190 1641 4443
452 2 2 5 1 5404 4916 6810
453 2 2 5 1 6136 4919 6727
454 2 2 5 1 1927 4673 4675
455 2 2 5 1 4450 6482 6732
456 2 2 5 1 416 4382 4383
457 2 2 5 1 4114 6212 6315
458 2 2 5 1 926 4129 6277
459 2 2 5 1 3172 4502 5181
460 2 2 5 1 4129 926 6157
461 2 2 5 1 379 4334 5480
462 2 2 5 1 2512 4404 5899
463 2 2 5 1 3531 4242 4338
464 2 2 5 1 1780 4900 4901
465 2 2 5 1 3302 4162 4535
466 2 2 5 1 6212 3528 6315
467 2 2 5 1 741 4197 4457
468 2 2 5 1 3335 4157 5042
469 2 2 5 1 4820 4822 5485
470 2 2 5 1 5447 4569 5448
471 2 2 5 1 377 4689 4691
472 2 2 5 1 5310 5677 6041
473 2 2 5 1 298 299 5028
474 2 2 5 1 4125 5491 5494
475 2 2 5 1 4162 3302 4538
476 2 2 5 1 416 4383 4389
477 2 2 5 1 4199 3525 6130
478 2 2 5 1 5890 4141 6483
479 2 2 5 1 1942 4207 4262
480 2 2 5 1 4305 4899 4900
481 2 2 5 1 5448 4569 6625
482 2 2 5 1 4157 3335 5043
483 2 2 5 1 5425 3559 5426
484 2 2 5 1 4229 4052 6681
485 2 2 5 1 4271 4224 5395
486 2 2 5 1 4501 2635 5181
487 2 2 5 1 2295 4371 4372
488 2 2 5 1 810 5420 5438
489 2 2 5 1 5005 2513 5706
490 2 2 5 1 4334 379 6925
491 2 2 5 1 3428 4211 4311
492 2 2 5 1 4181 3193 6009
493 2 2 5 1 3525 4199 6393
494 2 2 5 1 3633 2363 4311
495 2 2 5 1 2902 5376 5907
496 2 2 5 1 5622 4056 6467
497 2 2 5 1 5362 5361 6449
498 2 2 5 1 4144 3580 6247
499 2 2 5 1 1604 4153 5622
500 2 2 5 1 3580 4144 6218
501 2 2 5 1 1510 1507 4664
502 2 2 5 1 4187 3188 4444
503 2 2 5 1 4403 4189 4404
504 2 2 5 1 4713 6266 6269
505 2 2 5 1 3445 2902 5907
506 2 2 5 1 927 929 4857
507 2 2 5 1 6321 4182 6365
508 2 2 5 1 407 4132 6914
509 2 2 5 1 2517 4214 4444
510 2 2 5 1 6106 1949 6532
511 2 2 5 1 421 5509 6630
512 2 2 5 1 426 5482 5483
513 2 2 5 1 649 4195 5459
514 2 2 5 1 384 6247 6375
515 2 2 5 1 405 4082 6840
516 2 2 5 1 2415 4517 4518
517 2 2 5 1 6720 4398 6759
518 2 2 5 1 1727 6321 6365
519 2 2 5 1 2635 4501 6893
520 2 2 5 1 5338 3092 5627
521 2 2 5 1 3083 4718 4734
522 2 2 5 1 4230 3609 5740
523 2 2 5 1 4161 4742 6588
524 2 2 5 1 618 617 4516
525 2 2 5 1 3872 4271 5395
526 2 2 5 1 3887 4508 5556
527 2 2 5 1 375 4669 6636
528 2 2 5 1 4308 2285 4577
529 2 2 5 1 630 628 4781
530 2 2 5 1 5049 2693 5665
531 2 2 5 1 2415 3191 4517
532 2 2 5 1 85 86 6052
533 2 2 5 1 4590 3986 5649
534 2 2 5 1 129 393 4303
535 2 2 5 1 2295 4372 4409
536 2 2 5 1 3445 5907 6174
537 2 2 5 1 145 146 5510
538 2 2 5 1 3863 3445 6174
539 2 2 5 1 2363 3428 4311
540 2 2 5 1 4153 1604 6381
541 2 2 5 1 2277 4332 4333
542 2 2 5 1 4451 2895 4452
543 2 2 5 1 933 4237 4408
544 2 2 5 1 41 409 6359
545 2 2 5 1 5113 4135 6871
546 2 2 5 1 5519 5520 6438
547 2 2 5 1 2513 5006 5012
548 2 2 5 1 4556 1948 5159
549 2 2 5 1 4114 5986 6212
550 2 2 5 1 4325 3951 6712
551 2 2 5 1 5986 4114 7052
552 2 2 5 1 4435 1418 6521
553 2 2 5 1 3183 4214 4445
554 2 2 5 1 4866 6656 6745
555 2 2 5 1 4729 4117 6903
556 2 2 5 1 4775 4101 5721
557 2 2 5 1 3626 5101 5102
558 2 2 5 1 5438 5420 5825
559 2 2 5 1 4271 3872 4273
560 2 2 5 1 5492 3437 6392
561 2 2 5 1 398 4572 4573
562 2 2 5 1 3559 5425 6493
563 2 2 5 1 1960 4289 5479
564 2 2 5 1 5475 1959 6501
565 2 2 5 1 2121 5091 5959
566 2 2 5 1 3291 4652 4751
567 2 2 5 1 1604 5622 6467
568 2 2 5 1 5091 4194 5959
569 2 2 5 1 4357 2306 4359
570 2 2 5 1 2277 3535 4332
571 2 2 5 1 1526 4445 4736
572 2 2 5 1 3291 4650 4652
573 2 2 5 1 1966 4164 5498
574 2 2 5 1 4195 649 5460
575 2 2 5 1 4536 3641 5656
576 2 2 5 1 3971 6136 6727
577 2 2 5 1 6482 369 6732
578 2 2 5 1 4205 1664 4411
579 2 2 5 1 374 4365 6670
580 2 2 5 1 4301 2189 4925
581 2 2 5 1 835 933 4408
582 2 2 5 1 3512 3634 6360
583 2 2 5 1 4174 6180 6378
584 2 2 5 1 6315 3528 6391
585 2 2 5 1 4506 432 6410
586 2 2 5 1 459 4485 6693
587 2 2 5 1 2693 5049 6813
588 2 2 5 1 6720 1637 6782
589 2 2 5 1 5485 451 6886
590 2 2 5 1 1664 4205 7174
591 2 2 5 1 617 613 4511
592 2 2 5 1 3528 635 6391
593 2 2 5 1 4211 3428 4625
594 2 2 5 1 4784 4343 5025
595 2 2 5 1 27 28 6541
596 2 2 5 1 4984 4965 4985
597 2 2 5 1 4486 415 6417
598 2 2 5 1 6494 4219 6682
599 2 2 5 1 5011 5010 5640
600 2 2 5 1 2900 4482 4483
601 2 2 5 1 3641 3725 5656
602 2 2 5 1 4220 438 4590
603 2 2 5 1 4572 398 5028
604 2 2 5 1 6417 415 6717
605 2 2 5 1 4299 447 4376
606 2 2 5 1 3092 5338 6926
607 2 2 5 1 1977 4614 6397
608 2 2 5 1 2374 2824 5396
609 2 2 5 1 4064 3577 4750
610 2 2 5 1 4194 483 5959
611 2 2 5 1 3249 5438 5825
612 2 2 5 1 2633 4250 4625
613 2 2 5 1 2062 4210 5599
614 2 2 5 1 49 8 4295
615 2 2 5 1 4402 4189 4403
616 2 2 5 1 259 260 4377
617 2 2 5 1 483 4194 4915
618 2 2 5 1 4569 3593 5196
619 2 2 5 1 4174 2998 7035
620 2 2 5 1 2134 5419 5439
621 2 2 5 1 3953 5870 6687
622 2 2 5 1 1 16 6928
623 2 2 5 1 3193 4181 7022
624 2 2 5 1 4234 5162 5475
625 2 2 5 1 3750 4263 5778
626 2 2 5 1 5396 3236 5524
627 2 2 5 1 5420 810 5439
628 2 2 5 1 4207 1942 6783
629 2 2 5 1 2918 4274 4275
630 2 2 5 1 4182 926 6277
631 2 2 5 1 2998 4174 6378
632 2 2 5 1 5851 5258 6700
633 2 2 5 1 3836 4557 6560
634 2 2 5 1 1959 4549 6501
635 2 2 5 1 926 4182 6321
636 2 2 5 1 4907 6454 6599
637 2 2 5 1 5858 5187 6657
638 2 2 5 1 3538 2918 4275
639 2 2 5 1 4397 6720 6782
640 2 2 5 1 4293 576 6551
641 2 2 5 1 2099 4314 5460
642 2 2 5 1 4610 6557 6647
643 2 2 5 1 5299 3683 5301
644 2 2 5 1 4424 823 4474
645 2 2 5 1 4404 4189 5899
646 2 2 5 1 4671 2850 4672
647 2 2 5 1 4136 5555 6574
648 2 2 5 1 3730 6334 6518
649 2 2 5 1 3726 3141 4515
650 2 2 5 1 4670 2850 4671
651 2 2 5 1 328 327 5082
652 2 2 5 1 4592 1317 6172
653 2 2 5 1 4276 614 4278
654 2 2 5 1 3895 4494 6102
655 2 2 5 1 5556 4508 6784
656 2 2 5 1 3561 4224 5396
657 2 2 5 1 4901 1008 6568
658 2 2 5 1 2465 1713 4353
659 2 2 5 1 576 4293 6929
660 2 2 5 1 6009 5914 6586
661 2 2 5 1 4526 3360 6744
662 2 2 5 1 2278 4780 4781
663 2 2 5 1 4614 1977 6557
664 2 2 5 1 4644 6705 6714
665 2 2 5 1 5162 1959 5475
666 2 2 5 1 6705 973 6714
667 2 2 5 1 3360 4526 6703
668 2 2 5 1 5053 6709 6731
669 2 2 5 1 4151 3175 5210
670 2 2 5 1 5008 2829 5012
671 2 2 5 1 837 835 4408
672 2 2 5 1 1713 2942 4353
673 2 2 5 1 428 345 4384
674 2 2 5 1 6240 3815 6559
675 2 2 5 1 4362 1008 4902
676 2 2 5 1 3859 4321 4456
677 2 2 5 1 100 1927 4675
678 2 2 5 1 6579 4033 6641
679 2 2 5 1 4399 3097 6913
680 2 2 5 1 4164 1966 6502
681 2 2 5 1 5870 5446 6687
682 2 2 5 1 4033 3924 6641
683 2 2 5 1 2141 4422 4423
684 2 2 5 1 4598 3440 5645
685 2 2 5 1 4359 2306 4647
686 2 2 5 1 1388 1390 4549
687 2 2 5 1 4983 4965 4984
688 2 2 5 1 2667 2669 4734
689 2 2 5 1 4485 4483 6693
690 2 2 5 1 5217 2892 6364
691 2 2 5 1 621 618 4516
692 2 2 5 1 2101 494 5448
693 2 2 5 1 5056 4131 6509
694 2 2 5 1 4365 374 6280
695 2 2 5 1 5470 5851 6700
696 2 2 5 1 6364 2892 6436
697 2 2 5 1 3249 5436 5438
698 2 2 5 1 1317 4592 7070
699 2 2 5 1 344 2996 4384
700 2 2 5 1 3876 4452 4771
701 2 2 5 1 2277 4333 4570
702 2 2 5 1 4209 5465 7149
703 2 2 5 1 3626 5102 6367
704 2 2 5 1 6709 4342 6731
705 2 2 5 1 4384 3715 6574
706 2 2 5 1 5739 6552 6653
707 2 2 5 1 1642 4338 4339
708 2 2 5 1 5217 3863 6174
709 2 2 5 1 74 4 6540
710 2 2 5 1 4131 5056 6914
711 2 2 5 1 3835 5858 6657
712 2 2 5 1 5465 4209 6831
713 2 2 5 1 4734 4717 7090
714 2 2 5 1 3868 6580 6877
715 2 2 5 1 4210 2062 6899
716 2 2 5 1 1962 4815 4816
717 2 2 5 1 4290 3842 5524
718 2 2 5 1 5366 381 5679
719 2 2 5 1 649 5459 5741
720 2 2 5 1 3505 4236 4492
721 2 2 5 1 6199 406 6938
722 2 2 5 1 410 6311 6642
723 2 2 5 1 3815 6240 6976
724 2 2 5 1 4630 721 5828
725 2 2 5 1 6552 4872 6653
726 2 2 5 1 5553 5577 6889
727 2 2 5 1 3863 5217 6364
728 2 2 5 1 1482 5151 6742
729 2 2 5 1 4520 2085 5335
730 2 2 5 1 4237 933 4685
731 2 2 5 1 5182 3172 6378
732 2 2 5 1 2141 4423 4467
733 2 2 5 1 6247 3958 6375
734 2 2 5 1 5003 3514 6360
735 2 2 5 1 2223 4232 7120
736 2 2 5 1 4324 41 6359
737 2 2 5 1 4156 4597 6569
738 2 2 5 1 260 389 4377
739 2 2 5 1 3175 3567 5210
740 2 2 5 1 4264 399 4283
741 2 2 5 1 5491 4125 6155
742 2 2 5 1 4220 4590 5649
743 2 2 5 1 4332 3535 4542
744 2 2 5 1 4296 4349 6008
745 2 2 5 1 611 609 4850
746 2 2 5 1 4009 5317 5318
747 2 2 5 1 4259 2861 5233
748 2 2 5 1 4644 3329 6131
749 2 2 5 1 438 4220 4589
750 2 2 5 1 4532 3284 5161
751 2 2 5 1 6557 1977 6647
752 2 2 5 1 5509 3842 6630
753 2 2 5 1 4335 3133 4570
754 2 2 5 1 2378 4296 6008
755 2 2 5 1 1605 5690 6492
756 2 2 5 1 4505 1952 6604
757 2 2 5 1 929 1029 4857
758 2 2 5 1 4212 1615 5790
759 2 2 5 1 5495 5492 6392
760 2 2 5 1 6580 4216 6877
761 2 2 5 1 609 4481 4850
762 2 2 5 1 4232 2223 7078
763 2 2 5 1 6334 950 6518
764 2 2 5 1 1886 4621 5334
765 2 2 5 1 434 4409 6740
766 2 2 5 1 4203 6097 6953
767 2 2 5 1 4049 6460 6489
768 2 2 5 1 4078 4685 6045
769 2 2 5 1 4505 4506 6410
770 2 2 5 1 2846 6635 6730
771 2 2 5 1 6489 4064 6728
772 2 2 5 1 4349 782 6008
773 2 2 5 1 3155 4734 7090
774 2 2 5 1 2306 4357 4577
775 2 2 5 1 6266 3939 6269
776 2 2 5 1 3842 4290 6630
777 2 2 5 1 70 4236 6506
778 2 2 5 1 5153 1485 6524
779 2 2 5 1 2359 2106 4568
780 2 2 5 1 609 606 4481
781 2 2 5 1 4409 4597 6740
782 2 2 5 1 3634 4418 4856
783 2 2 5 1 3083 2727 4733
784 2 2 5 1 3236 4290 5524
785 2 2 5 1 1913 4269 7188
786 2 2 5 1 4101 4775 6958
787 2 2 5 1 5555 428 6574
788 2 2 5 1 5056 3611 6955
789 2 2 5 1 3360 4523 6744
790 2 2 5 1 5938 782 6161
791 2 2 5 1 4082 6553 6808
792 2 2 5 1 4269 1913 4459
793 2 2 5 1 4484 4486 6417
794 2 2 5 1 4643 3329 4644
795 2 2 5 1 4418 996 4856
796 2 2 5 1 6549 3711 6585
797 2 2 5 1 4230 1947 5741
798 2 2 5 1 4318 455 4320
799 2 2 5 1 399 4264 4420
800 2 2 5 1 4670 3411 5218
801 2 2 5 1 3538 4275 4344
802 2 2 5 1 4201 2433 6998
803 2 2 5 1 2433 4201 6545
804 2 2 5 1 5677 3128 6041
805 2 2 5 1 3725 4546 6758
806 2 2 5 1 3531 4338 4602
807 2 2 5 1 1886 4620 4621
808 2 2 5 1 247 4238 6529
809 2 2 5 1 4135 3520 6915
810 2 2 5 1 6227 4399 6434
811 2 2 5 1 721 4630 6931
812 2 2 5 1 4219 4218 6682
813 2 2 5 1 6400 3570 6859
814 2 2 5 1 5247 445 7018
815 2 2 5 1 4446 3549 5780
816 2 2 5 1 370 99 4675
817 2 2 5 1 4445 4214 4736
818 2 2 5 1 4523 3360 6699
819 2 2 5 1 4355 4645 4890
820 2 2 5 1 5343 6684 6824
821 2 2 5 1 4284 2367 6881
822 2 2 5 1 4587 372 4687
823 2 2 5 1 3382 5133 6621
824 2 2 5 1 3520 4135 6885
825 2 2 5 1 4240 4123 5581
826 2 2 5 1 1510 4664 6423
827 2 2 5 1 4273 3872 4541
828 2 2 5 1 2729 3721 4733
829 2 2 5 1 4226 5469 7066
830 2 2 5 1 5656 3725 6758
831 2 2 5 1 3551 5508 5510
832 2 2 5 1 4452 2895 4771
833 2 2 5 1 782 4349 6161
834 2 2 5 1 4405 2094 5661
835 2 2 5 1 6579 5316 6957
836 2 2 5 1 5404 4244 5847
837 2 2 5 1 6614 4621 6667
838 2 2 5 1 2111 5404 5847
839 2 2 5 1 4690 377 5530
840 2 2 5 1 4158 1911 6791
841 2 2 5 1 4671 4673 7067
842 2 2 5 1 3739 4375 4376
843 2 2 5 1 274 4241 6500
844 2 2 5 1 3633 4311 5234
845 2 2 5 1 4238 247 7016
846 2 2 5 1 799 796 5439
847 2 2 5 1 3721 4806 6445
848 2 2 5 1 4249 409 6909
849 2 2 5 1 3188 2517 4444
850 2 2 5 1 6698 5735 6823
851 2 2 5 1 4261 2433 6545
852 2 2 5 1 4242 3531 6455
853 2 2 5 1 4597 4598 6569
854 2 2 5 1 4541 3871 5652
855 2 2 5 1 5000 5226 6036
856 2 2 5 1 4494 3895 7072
857 2 2 5 1 409 4249 6211
858 2 2 5 1 7 41 4324
859 2 2 5 1 4286 2107 4569
860 2 2 5 1 823 4424 5812
861 2 2 5 1 4243 3715 4384
862 2 2 5 1 635 630 4781
863 2 2 5 1 5025 4343 6796
864 2 2 5 1 369 4454 6732
865 2 2 5 1 4438 4259 5233
866 2 2 5 1 3739 3717 4375
867 2 2 5 1 3392 4401 5715
868 2 2 5 1 911 906 4626
869 2 2 5 1 6513 1581 6582
870 2 2 5 1 1911 4158 6838
871 2 2 5 1 4325 4323 6786
872 2 2 5 1 6454 1969 6599
873 2 2 5 1 3917 6614 6667
874 2 2 5 1 4260 426 5484
875 2 2 5 1 6411 4816 6886
876 2 2 5 1 2433 4261 6620
877 2 2 5 1 4969 2159 4975
878 2 2 5 1 4288 2849 4401
879 2 2 5 1 1963 4323 4325
880 2 2 5 1 4009 5318 6626
881 2 2 5 1 2367 4284 6617
882 2 2 5 1 5508 145 5510
883 2 2 5 1 6650 3757 6651
884 2 2 5 1 4241 274 7050
885 2 2 5 1 1045 4764 6338
886 2 2 5 1 146 461 5510
887 2 2 5 1 6684 4037 6824
888 2 2 5 1 628 2278 4781
889 2 2 5 1 4350 3757 6650
890 2 2 5 1 6563 97 6799
891 2 2 5 1 5230 2085 6842
892 2 2 5 1 2556 2703 4672
893 2 2 5 1 2794 2276 4570
894 2 2 5 1 4163 4295 4449
895 2 2 5 1 1507 1508 4664
896 2 2 5 1 4178 4179 6488
897 2 2 5 1 4200 3965 5679
898 2 2 5 1 4733 3721 6445
899 2 2 5 1 445 5248 5467
900 2 2 5 1 3739 4376 6532
901 2 2 5 1 4856 927 4857
902 2 2 5 1 4010 6504 6535
903 2 2 5 1 1156 4456 6644
904 2 2 5 1 5226 4031 6036
905 2 2 5 1 4286 4569 5196
906 2 2 5 1 4473 2058 4479
907 2 2 5 1 1966 4589 6502
908 2 2 5 1 4033 6579 6957
909 2 2 5 1 3783 3551 6962
910 2 2 5 1 2861 4259 5234
911 2 2 5 1 3133 4335 4571
912 2 2 5 1 3704 6210 6536
913 2 2 5 1 3551 5510 6962
914 2 2 5 1 1407 1433 4665
915 2 2 5 1 5491 6155 6715
916 2 2 5 1 5107 469 6721
917 2 2 5 1 469 5107 6878
918 2 2 5 1 1964 4329 4766
919 2 2 5 1 3090 5037 6522
920 2 2 5 1 4244 492 5847
921 2 2 5 1 4301 4925 6646
922 2 2 5 1 4056 4190 4443
923 2 2 5 1 3951 4325 6786
924 2 2 5 1 3737 4874 6514
925 2 2 5 1 4527 4704 6413
926 2 2 5 1 453 4567 6373
927 2 2 5 1 492 4244 5447
928 2 2 5 1 5141 3834 6379
929 2 2 5 1 3611 5056 6509
930 2 2 5 1 490 492 5448
931 2 2 5 1 3634 4857 6360
932 2 2 5 1 4056 4443 6467
933 2 2 5 1 4206 6513 6582
934 2 2 5 1 2159 1843 4975
935 2 2 5 1 442 6710 6912
936 2 2 5 1 1903 4438 5233
937 2 2 5 1 3609 3964 5740
938 2 2 5 1 4920 5232 6520
939 2 2 5 1 3376 2862 5234
940 2 2 5 1 398 298 5028
941 2 2 5 1 150 151 5454
942 2 2 5 1 4225 2278 6481
943 2 2 5 1 5436 3249 5634
944 2 2 5 1 2962 5099 5813
945 2 2 5 1 6504 726 6535
946 2 2 5 1 4620 1886 5295
947 2 2 5 1 617 4511 4515
948 2 2 5 1 6261 4642 6401
949 2 2 5 1 4314 4195 5460
950 2 2 5 1 4291 5014 6079
951 2 2 5 1 4456 1156 6963
952 2 2 5 1 4968 7010 7027
953 2 2 5 1 299 2139 5028
954 2 2 5 1 6723 4992 6734
955 2 2 5 1 3179 3737 4489
956 2 2 5 1 2107 4286 4568
957 2 2 5 1 4640 4642 6261
958 2 2 5 1 1618 4310 4658
959 2 2 5 1 3290 2894 4453
960 2 2 5 1 4236 70 6873
961 2 2 5 1 5459 4230 5741
962 2 2 5 1 6402 879 6835
963 2 2 5 1 4900 3912 4901
964 2 2 5 1 4484 6417 6970
965 2 2 5 1 7010 595 7027
966 2 2 5 1 2365 4406 4647
967 2 2 5 1 4274 2918 4568
968 2 2 5 1 4364 3937 4365
969 2 2 5 1 6448 3716 6479
970 2 2 5 1 4072 6723 6734
971 2 2 5 1 6145 4076 6622
972 2 2 5 1 444 4300 4668
973 2 2 5 1 4812 2763 6616
974 2 2 5 1 5508 3551 5509
975 2 2 5 1 4401 2849 5715
976 2 2 5 1 4899 3912 4900
977 2 2 5 1 3668 4792 6357
978 2 2 5 1 4849 6558 6597
979 2 2 5 1 4533 66 7128
980 2 2 5 1 4622 4620 5295
981 2 2 5 1 6747 4084 6926
982 2 2 5 1 4589 1966 6900
983 2 2 5 1 2633 4625 6471
984 2 2 5 1 4014 4505 6604
985 2 2 5 1 4265 2144 5014
986 2 2 5 1 3763 4216 6534
987 2 2 5 1 4226 4228 5469
988 2 2 5 1 5877 6698 6823
989 2 2 5 1 4866 3855 6802
990 2 2 5 1 6558 3764 6597
991 2 2 5 1 2878 3732 4618
992 2 2 5 1 951 5229 5230
993 2 2 5 1 5337 6747 6926
994 2 2 5 1 3280 3278 6543
995 2 2 5 1 406 6541 6938
996 2 2 5 1 1959 1388 4549
997 2 2 5 1 6710 4200 6912
998 2 2 5 1 613 614 4511
999 2 2 5 1 4291 1494 4768
1000 2 2 5 1 4764 1045 7061
1001 2 2 5 1 4466 6172 6229
1002 2 2 5 1 6534 4216 6580
1003 2 2 5 1 4282 627 6181
1004 2 2 5 1 4178 6488 6594
1005 2 2 5 1 3577 3756 4750
1006 2 2 5 1 4181 6009 6586
1007 2 2 5 1 617 4515 4516
1008 2 2 5 1 451 6411 6886
1009 2 2 5 1 1894 4344 4741
1010 2 2 5 1 4132 4131 6914
1011 2 2 5 1 3278 6203 6543
1012 2 2 5 1 6635 5061 6730
1013 2 2 5 1 3253 3256 4686
1014 2 2 5 1 3216 4428 4448
1015 2 2 5 1 4323 3526 6786
1016 2 2 5 1 5479 4289 6103
1017 2 2 5 1 6016 3849 6099
1018 2 2 5 1 3309 5939 6880
1019 2 2 5 1 1641 4251 4254
1020 2 2 5 1 2870 3780 4414
1021 2 2 5 1 5939 4412 6880
1022 2 2 5 1 4376 447 6106
1023 2 2 5 1 4224 2374 5396
1024 2 2 5 1 5020 6637 6884
1025 2 2 5 1 4528 4153 6801
1026 2 2 5 1 5006 5008 5012
1027 2 2 5 1 2647 4598 5645
1028 2 2 5 1 4265 5841 6022
1029 2 2 5 1 4458 1913 7188
1030 2 2 5 1 5014 2144 6079
1031 2 2 5 1 2824 3236 5396
1032 2 2 5 1 4713 4445 6266
1033 2 2 5 1 5521 4209 7149
1034 2 2 5 1 3072 74 4398
1035 2 2 5 1 3497 6762 6916
1036 2 2 5 1 86 397 6052
1037 2 2 5 1 4179 4998 6488
1038 2 2 5 1 614 4276 4511
1039 2 2 5 1 4247 4400 6788
1040 2 2 5 1 4900 1780 6798
1041 2 2 5 1 4123 4240 6952
1042 2 2 5 1 6458 4882 6769
1043 2 2 5 1 1485 5153 6946
1044 2 2 5 1 2138 85 6052
1045 2 2 5 1 2144 4265 6022
1046 2 2 5 1 3964 5739 5740
1047 2 2 5 1 4716 3181 7073
1048 2 2 5 1 4335 4334 6925
1049 2 2 5 1 1494 4291 6079
1050 2 2 5 1 4669 4667 6636
1051 2 2 5 1 2504 2502 5012
1052 2 2 5 1 3181 4716 6581
1053 2 2 5 1 476 1615 5108
1054 2 2 5 1 3141 3572 4515
1055 2 2 5 1 4648 6691 6858
1056 2 2 5 1 6210 4426 6536
1057 2 2 5 1 3242 5260 6305
1058 2 2 5 1 474 476 5108
1059 2 2 5 1 3357 6697 6922
1060 2 2 5 1 6231 4273 6523
1061 2 2 5 1 4422 2141 5812
1062 2 2 5 1 4208 553 6797
1063 2 2 5 1 3829 4532 5161
1064 2 2 5 1 2894 2895 4453
1065 2 2 5 1 4522 3681 6242
1066 2 2 5 1 4982 3472 5818
1067 2 2 5 1 5252 3267 6662
1068 2 2 5 1 4247 6788 6792
1069 2 2 5 1 6398 4417 6399
1070 2 2 5 1 3610 4345 4354
1071 2 2 5 1 1968 328 5082
1072 2 2 5 1 327 413 5082
1073 2 2 5 1 5123 1932 6294
1074 2 2 5 1 4792 3668 7091
1075 2 2 5 1 4345 3610 6366
1076 2 2 5 1 4357 4308 4577
1077 2 2 5 1 5841 1520 6022
1078 2 2 5 1 2013 4316 4837
1079 2 2 5 1 4398 74 6540
1080 2 2 5 1 6311 410 7040
1081 2 2 5 1 4571 1951 6134
1082 2 2 5 1 3923 4248 6726
1083 2 2 5 1 4511 3726 4515
1084 2 2 5 1 6697 4221 6922
1085 2 2 5 1 4250 6400 6859
1086 2 2 5 1 4370 822 5075
1087 2 2 5 1 3536 5091 6917
1088 2 2 5 1 4209 5521 6861
1089 2 2 5 1 2265 4426 6273
1090 2 2 5 1 4732 3083 4733
1091 2 2 5 1 4469 3076 4470
1092 2 2 5 1 4204 6398 6399
1093 2 2 5 1 3941 6346 6396
1094 2 2 5 1 1962 4816 6411
1095 2 2 5 1 3469 5549 5550
1096 2 2 5 1 6762 5322 6916
1097 2 2 5 1 4998 4179 7151
1098 2 2 5 1 885 4622 5295
1099 2 2 5 1 951 4508 5229
1100 2 2 5 1 2905 3144 4542
1101 2 2 5 1 3635 4527 6413
1102 2 2 5 1 4363 603 6639
1103 2 2 5 1 4296 2378 6009
1104 2 2 5 1 5302 3683 6974
1105 2 2 5 1 4727 1304 6933
1106 2 2 5 1 553 4208 6834
1107 2 2 5 1 4340 1740 4343
1108 2 2 5 1 1740 4340 4342
1109 2 2 5 1 4392 4398 6720
1110 2 2 5 1 6155 2461 6715
1111 2 2 5 1 5091 3536 6947
1112 2 2 5 1 6346 751 6396
1113 2 2 5 1 2849 4288 5758
1114 2 2 5 1 4622 885 4778
1115 2 2 5 1 3267 5252 7019
1116 2 2 5 1 4336 460 4366
1117 2 2 5 1 784 6443 6600
1118 2 2 5 1 3746 4768 6132
1119 2 2 5 1 6636 4667 7012
1120 2 2 5 1 4345 3331 4354
1121 2 2 5 1 4404 6549 6585
1122 2 2 5 1 4567 453 6772
1123 2 2 5 1 985 4229 5827
1124 2 2 5 1 128 4303 6258
1125 2 2 5 1 4365 3937 6670
1126 2 2 5 1 4459 496 6778
1127 2 2 5 1 1615 4212 6818
1128 2 2 5 1 6524 1469 6742
1129 2 2 5 1 2058 4473 4896
1130 2 2 5 1 4969 4963 4983
1131 2 2 5 1 5338 5627 6202
1132 2 2 5 1 4285 1520 5841
1133 2 2 5 1 5564 5577 6309
1134 2 2 5 1 4107 3076 4469
1135 2 2 5 1 496 4459 6872
1136 2 2 5 1 6172 1317 6229
1137 2 2 5 1 4625 4626 6471
1138 2 2 5 1 6611 5941 6678
1139 2 2 5 1 4133 4213 7065
1140 2 2 5 1 4278 614 4850
1141 2 2 5 1 1951 4571 6133
1142 2 2 5 1 5066 3702 6874
1143 2 2 5 1 4643 4645 6196
1144 2 2 5 1 4239 2937 6731
1145 2 2 5 1 2669 3083 4734
1146 2 2 5 1 4250 2633 6400
1147 2 2 5 1 6097 2182 6953
1148 2 2 5 1 1948 4556 4558
1149 2 2 5 1 6691 3149 6858
1150 2 2 5 1 6991 4113 7144
1151 2 2 5 1 3329 4643 6196
1152 2 2 5 1 3593 4569 5447
1153 2 2 5 1 525 523 5460
1154 2 2 5 1 4445 1526 6266
1155 2 2 5 1 3 66 2232
1156 2 2 5 1 5011 3243 7045
1157 2 2 5 1 450 4886 6725
1158 2 2 5 1 160 161 4722
1159 2 2 5 1 3684 6590 6889
1160 2 2 5 1 4718 4717 4734
1161 2 2 5 1 1780 4901 6568
1162 2 2 5 1 6225 4938 6595
1163 2 2 5 1 5229 3627 5230
1164 2 2 5 1 4250 4211 4625
1165 2 2 5 1 18 458 4346
1166 2 2 5 1 4967 6825 6862
1167 2 2 5 1 4205 4425 7174
1168 2 2 5 1 2004 2002 4577
1169 2 2 5 1 5469 387 7066
1170 2 2 5 1 3702 5066 6767
1171 2 2 5 1 4142 4143 6664
1172 2 2 5 1 3363 4221 6697
1173 2 2 5 1 4446 5780 6726
1174 2 2 5 1 24 2 2233
1175 2 2 5 1 5207 4964 6466
1176 2 2 5 1 4837 3760 6354
1177 2 2 5 1 6637 3719 6884
1178 2 2 5 1 5470 6700 7066
1179 2 2 5 1 41 42 409
1180 2 2 5 1 4180 6563 6799
1181 2 2 5 1 5480 4334 6343
1182 2 2 5 1 2246 4417 5294
1183 2 2 5 1 4300 444 4667
1184 2 2 5 1 4344 4275 4741
1185 2 2 5 1 606 2288 4481
1186 2 2 5 1 4150 6763 7043
1187 2 2 5 1 428 4384 6574
1188 2 2 5 1 6594 4500 6737
1189 2 2 5 1 455 4318 4559
1190 2 2 5 1 4492 4236 6873
1191 2 2 5 1 3155 2667 4734
1192 2 2 5 1 4246 1907 6765
1193 2 2 5 1 4674 370 4675
1194 2 2 5 1 1907 4246 6870
1195 2 2 5 1 4822 5472 5485
1196 2 2 5 1 603 4363 6997
1197 2 2 5 1 4321 3859 5027
1198 2 2 5 1 4263 3750 6856
1199 2 2 5 1 1951 5364 6990
1200 2 2 5 1 4645 2391 4890
1201 2 2 5 1 1520 4285 6176
1202 2 2 5 1 4320 5670 6813
1203 2 2 5 1 4587 4567 6772
1204 2 2 5 1 5419 2134 7141
1205 2 2 5 1 4346 458 6688
1206 2 2 5 1 6496 107 6665
1207 2 2 5 1 627 4282 7101
1208 2 2 5 1 4454 369 6908
1209 2 2 5 1 802 804 5076
1210 2 2 5 1 4248 3923 6907
1211 2 2 5 1 4143 6353 6942
1212 2 2 5 1 3722 4356 4802
1213 2 2 5 1 6134 1951 6990
1214 2 2 5 1 4218 458 6682
1215 2 2 5 1 797 800 4896
1216 2 2 5 1 5677 5310 6992
1217 2 2 5 1 4768 1494 6132
1218 2 2 5 1 6733 4485 6857
1219 2 2 5 1 6825 1782 6862
1220 2 2 5 1 4375 3717 4677
1221 2 2 5 1 4546 3725 6143
1222 2 2 5 1 4078 4175 4685
1223 2 2 5 1 4338 1642 4602
1224 2 2 5 1 5182 2466 5865
1225 2 2 5 1 2850 4670 5218
1226 2 2 5 1 5151 1482 6680
1227 2 2 5 1 16 3073 4380
1228 2 2 5 1 3080 3113 4902
1229 2 2 5 1 4587 6772 7017
1230 2 2 5 1 4221 3363 6826
1231 2 2 5 1 4963 4965 4983
1232 2 2 5 1 4372 3440 4598
1233 2 2 5 1 1390 1449 4549
1234 2 2 5 1 4521 4522 6242
1235 2 2 5 1 4113 5043 7144
1236 2 2 5 1 4107 4469 6335
1237 2 2 5 1 4116 6602 6652
1238 2 2 5 1 4322 452 7047
1239 2 2 5 1 4451 4450 6732
1240 2 2 5 1 6319 5079 6550
1241 2 2 5 1 5133 4057 6621
1242 2 2 5 1 2106 2107 4568
1243 2 2 5 1 4118 2508 5011
1244 2 2 5 1 4404 2512 6549
1245 2 2 5 1 6097 4203 6533
1246 2 2 5 1 3732 4470 4618
1247 2 2 5 1 2288 4327 4481
1248 2 2 5 1 3951 4687 6712
1249 2 2 5 1 4329 1964 4767
1250 2 2 5 1 1449 4315 4548
1251 2 2 5 1 4744 1745 6462
1252 2 2 5 1 4153 6381 6801
1253 2 2 5 1 4327 2288 4604
1254 2 2 5 1 5920 6612 6808
1255 2 2 5 1 4486 4485 6733
1256 2 2 5 1 5260 3870 6305
1257 2 2 5 1 5437 3479 6129
1258 2 2 5 1 4776 5333 7093
1259 2 2 5 1 906 908 4626
1260 2 2 5 1 5333 4776 6609
1261 2 2 5 1 4406 4359 4647
1262 2 2 5 1 4132 5121 6333
1263 2 2 5 1 4426 3529 6273
1264 2 2 5 1 3383 4387 5750
1265 2 2 5 1 4146 4888 5281
1266 2 2 5 1 4909 413 6774
1267 2 2 5 1 3924 4245 6641
1268 2 2 5 1 3229 4361 4490
1269 2 2 5 1 4298 3763 6534
1270 2 2 5 1 2508 2829 5011
1271 2 2 5 1 4213 7060 7065
1272 2 2 5 1 1175 1172 6498
1273 2 2 5 1 4005 4245 6686
1274 2 2 5 1 387 5470 7066
1275 2 2 5 1 5222 4344 6058
1276 2 2 5 1 4213 4437 7060
1277 2 2 5 1 4289 1960 7002
1278 2 2 5 1 4835 3383 5750
1279 2 2 5 1 4640 4641 4642
1280 2 2 5 1 4874 1414 6514
1281 2 2 5 1 5931 4184 6839
1282 2 2 5 1 796 2134 5439
1283 2 2 5 1 5454 151 6986
1284 2 2 5 1 2918 2359 4568
1285 2 2 5 1 4315 1449 4744
1286 2 2 5 1 5120 4545 6781
1287 2 2 5 1 4687 372 6712
1288 2 2 5 1 6658 5133 6669
1289 2 2 5 1 635 4781 7009
1290 2 2 5 1 3311 3710 5163
1291 2 2 5 1 1041 1039 4721
1292 2 2 5 1 1843 1841 4975
1293 2 2 5 1 4310 1618 6056
1294 2 2 5 1 4392 3072 4398
1295 2 2 5 1 4316 2013 5294
1296 2 2 5 1 4380 3073 4381
1297 2 2 5 1 4645 4355 6196
1298 2 2 5 1 3553 4270 7140
1299 2 2 5 1 4245 4005 6743
1300 2 2 5 1 793 795 5812
1301 2 2 5 1 614 611 4850
1302 2 2 5 1 5338 5337 6926
1303 2 2 5 1 1968 4373 5081
1304 2 2 5 1 4433 4000 4434
1305 2 2 5 1 6793 5326 6805
1306 2 2 5 1 5151 5152 6742
1307 2 2 5 1 6965 5856 6971
1308 2 2 5 1 4125 5494 6924
1309 2 2 5 1 6014 4142 6754
1310 2 2 5 1 1638 6793 6805
1311 2 2 5 1 6763 436 7043
1312 2 2 5 1 2052 5483 6374
1313 2 2 5 1 5419 5420 5439
1314 2 2 5 1 4142 6664 6754
1315 2 2 5 1 3154 4413 6830
1316 2 2 5 1 2159 4969 4982
1317 2 2 5 1 6391 635 7009
1318 2 2 5 1 4092 4093 6829
1319 2 2 5 1 4092 6829 6846
1320 2 2 5 1 5549 2860 6844
1321 2 2 5 1 48 49 437
1322 2 2 5 1 4252 4253 6711
1323 2 2 5 1 4154 6402 6835
1324 2 2 5 1 413 4909 6999
1325 2 2 5 1 3496 6261 6401
1326 2 2 5 1 3254 3253 4686
1327 2 2 5 1 4385 3404 4471
1328 2 2 5 1 4000 4001 4434
1329 2 2 5 1 452 4322 6486
1330 2 2 5 1 4245 3924 6686
1331 2 2 5 1 810 799 5439
1332 2 2 5 1 2832 5347 5348
1333 2 2 5 1 4413 3154 6864
1334 2 2 5 1 1130 4541 5652
1335 2 2 5 1 3205 4385 4471
1336 2 2 5 1 2839 6658 6669
1337 2 2 5 1 3229 3179 4489
1338 2 2 5 1 4300 3411 4670
1339 2 2 5 1 2115 6176 6317
1340 2 2 5 1 6176 4285 6317
1341 2 2 5 1 4223 6543 6776
1342 2 2 5 1 4689 3740 4691
1343 2 2 5 1 1772 4545 5120
1344 2 2 5 1 3872 3871 4541
1345 2 2 5 1 5123 6294 7134
1346 2 2 5 1 4069 6415 6671
1347 2 2 5 1 3962 5690 6888
1348 2 2 5 1 4354 3331 4355
1349 2 2 5 1 1999 1998 4811
1350 2 2 5 1 4685 933 6045
1351 2 2 5 1 5202 6151 7121
1352 2 2 5 1 5230 3627 5335
1353 2 2 5 1 6711 4253 6718
1354 2 2 5 1 3731 4116 6652
1355 2 2 5 1 5202 3935 6151
1356 2 2 5 1 259 4377 6197
1357 2 2 5 1 4373 1968 5082
1358 2 2 5 1 3514 3512 6360
1359 2 2 5 1 5568 4683 7043
1360 2 2 5 1 4064 4750 6728
1361 2 2 5 1 28 6397 6541
1362 2 2 5 1 4423 3284 4532
1363 2 2 5 1 3133 2794 4570
1364 2 2 5 1 4858 4655 6377
1365 2 2 5 1 457 72 4390
1366 2 2 5 1 3941 4331 6286
1367 2 2 5 1 3566 4546 6143
1368 2 2 5 1 3290 4453 4454
1369 2 2 5 1 4877 3939 6266
1370 2 2 5 1 3211 3205 4471
1371 2 2 5 1 6415 342 6671
1372 2 2 5 1 2326 2328 4641
1373 2 2 5 1 3816 4561 6954
1374 2 2 5 1 2000 1997 4647
1375 2 2 5 1 6340 4173 6643
1376 2 2 5 1 4476 4835 5750
1377 2 2 5 1 4803 1768 6527
1378 2 2 5 1 2703 3124 4672
1379 2 2 5 1 3986 4590 6578
1380 2 2 5 1 1409 1407 4665
1381 2 2 5 1 1773 4415 4416
1382 2 2 5 1 2850 2556 4672
1383 2 2 5 1 595 4985 7027
1384 2 2 5 1 4877 1581 6416
1385 2 2 5 1 1441 4402 4403
1386 2 2 5 1 4888 4887 5281
1387 2 2 5 1 4484 4483 4485
1388 2 2 5 1 3834 4618 6379
1389 2 2 5 1 4985 4965 7027
1390 2 2 5 1 4456 4321 6644
1391 2 2 5 1 3100 3190 5335
1392 2 2 5 1 4447 3833 6144
1393 2 2 5 1 4295 1944 4449
1394 2 2 5 1 3876 3877 4452
1395 2 2 5 1 1653 6965 6971
1396 2 2 5 1 4476 1905 4835
1397 2 2 5 1 3941 6286 6346
1398 2 2 5 1 4361 3229 4489
1399 2 2 5 1 4004 4920 6520
1400 2 2 5 1 3012 6145 6622
1401 2 2 5 1 4312 3114 6702
1402 2 2 5 1 4206 6582 6624
1403 2 2 5 1 4229 985 6865
1404 2 2 5 1 2428 3136 4677
1405 2 2 5 1 3716 4574 6209
1406 2 2 5 1 3479 5463 6129
1407 2 2 5 1 5364 446 6335
1408 2 2 5 1 2260 2258 5758
1409 2 2 5 1 4371 2295 4722
1410 2 2 5 1 4178 6594 6737
1411 2 2 5 1 5044 5045 6320
1412 2 2 5 1 2276 2277 4570
1413 2 2 5 1 3960 5352 5532
1414 2 2 5 1 2501 2503 4887
1415 2 2 5 1 5101 3626 6295
1416 2 2 5 1 4401 3392 5163
1417 2 2 5 1 1175 5222 6058
1418 2 2 5 1 1101 6231 6523
1419 2 2 5 1 4706 4778 5256
1420 2 2 5 1 5092 3324 6376
1421 2 2 5 1 4502 5182 5865
1422 2 2 5 1 4391 3072 4392
1423 2 2 5 1 3211 4471 4472
1424 2 2 5 1 436 5568 7043
1425 2 2 5 1 1101 4331 6231
1426 2 2 5 1 4909 1969 6454
1427 2 2 5 1 2232 66 4533
1428 2 2 5 1 3937 4364 4708
1429 2 2 5 1 4405 5661 7034
1430 2 2 5 1 5303 3571 5314
1431 2 2 5 1 5813 5099 6902
1432 2 2 5 1 447 4299 7051
1433 2 2 5 1 1642 4339 6860
1434 2 2 5 1 6511 6249 6981
1435 2 2 5 1 7004 4313 7111
1436 2 2 5 1 1433 4489 4665
1437 2 2 5 1 1287 5918 5962
1438 2 2 5 1 4311 3376 5234
1439 2 2 5 1 2225 5139 6783
1440 2 2 5 1 3211 4472 4473
1441 2 2 5 1 4331 1101 6286
1442 2 2 5 1 4424 4422 5812
1443 2 2 5 1 4985 2185 6943
1444 2 2 5 1 2981 3811 5582
1445 2 2 5 1 3954 5046 6955
1446 2 2 5 1 2013 4837 6354
1447 2 2 5 1 2713 3591 4470
1448 2 2 5 1 4333 4335 4570
1449 2 2 5 1 1948 4558 6456
1450 2 2 5 1 996 4418 6223
1451 2 2 5 1 2471 6695 6787
1452 2 2 5 1 2189 4301 6660
1453 2 2 5 1 4085 5159 6983
1454 2 2 5 1 4489 3737 4665
1455 2 2 5 1 3746 4386 4730
1456 2 2 5 1 3505 4492 6270
1457 2 2 5 1 4810 1999 4811
1458 2 2 5 1 4420 4264 6217
1459 2 2 5 1 3330 4345 6588
1460 2 2 5 1 2862 2861 5234
1461 2 2 5 1 4989 6450 6573
1462 2 2 5 1 457 4390 4491
1463 2 2 5 1 4386 3746 6132
1464 2 2 5 1 3428 911 4626
1465 2 2 5 1 5739 3964 6552
1466 2 2 5 1 4574 4575 6209
1467 2 2 5 1 6834 4208 6855
1468 2 2 5 1 3221 3220 4875
1469 2 2 5 1 1199 4447 6144
1470 2 2 5 1 3479 5437 5634
1471 2 2 5 1 6543 3619 6776
1472 2 2 5 1 4474 823 4896
1473 2 2 5 1 4599 1222 4600
1474 2 2 5 1 1877 4970 5207
1475 2 2 5 1 806 808 5583
1476 2 2 5 1 6556 6555 6677
1477 2 2 5 1 409 42 6909
1478 2 2 5 1 822 4370 5076
1479 2 2 5 1 4369 4368 6361
1480 2 2 5 1 4536 4535 7085
1481 2 2 5 1 4536 7085 7107
1482 2 2 5 1 3834 2878 4618
1483 2 2 5 1 4208 4464 6855
1484 2 2 5 1 6099 3849 6785
1485 2 2 5 1 4425 4206 6624
1486 2 2 5 1 6416 1581 6513
1487 2 2 5 1 4328 4604 4627
1488 2 2 5 1 4427 4097 5848
1489 2 2 5 1 4347 1918 5194
1490 2 2 5 1 3144 4332 4542
1491 2 2 5 1 1304 4727 6964
1492 2 2 5 1 3712 4420 6217
1493 2 2 5 1 6468 3881 6472
1494 2 2 5 1 4440 3221 4875
1495 2 2 5 1 2937 4239 6892
1496 2 2 5 1 458 4218 6811
1497 2 2 5 1 2870 4414 6907
1498 2 2 5 1 4922 4432 6297
1499 2 2 5 1 6590 5553 6889
1500 2 2 5 1 4379 5587 6780
1501 2 2 5 1 3763 4298 7124
1502 2 2 5 1 6325 2631 6330
1503 2 2 5 1 2533 6485 6497
1504 2 2 5 1 1768 5000 6036
1505 2 2 5 1 4658 4659 6200
1506 2 2 5 1 4825 3612 6362
1507 2 2 5 1 6750 5759 6897
1508 2 2 5 1 4778 885 5256
1509 2 2 5 1 4393 4392 4394
1510 2 2 5 1 5450 4113 6991
1511 2 2 5 1 3436 5474 6849
1512 2 2 5 1 4110 6325 6330
1513 2 2 5 1 4488 4650 4867
1514 2 2 5 1 1857 1855 5205
1515 2 2 5 1 4142 6014 6906
1516 2 2 5 1 4800 3765 5227
1517 2 2 5 1 5226 5938 6161
1518 2 2 5 1 4339 2996 6561
1519 2 2 5 1 5483 2052 6837
1520 2 2 5 1 4460 2109 6071
1521 2 2 5 1 5882 4008 7003
1522 2 2 5 1 3193 4296 6009
1523 2 2 5 1 4650 3291 4867
1524 2 2 5 1 3759 4787 4788
1525 2 2 5 1 6576 5190 6819
1526 2 2 5 1 4970 1877 5709
1527 2 2 5 1 2391 4580 4878
1528 2 2 5 1 4356 3722 5918
1529 2 2 5 1 5568 367 6491
1530 2 2 5 1 4970 5709 6013
1531 2 2 5 1 4391 4392 4393
1532 2 2 5 1 3436 6849 6901
1533 2 2 5 1 4328 4327 4604
1534 2 2 5 1 3073 17 4346
1535 2 2 5 1 3261 4708 4875
1536 2 2 5 1 1965 6578 6618
1537 2 2 5 1 3750 5778 6539
1538 2 2 5 1 16 17 3073
1539 2 2 5 1 2829 2504 5012
1540 2 2 5 1 3081 2478 4723
1541 2 2 5 1 3634 4856 4857
1542 2 2 5 1 376 6458 6769
1543 2 2 5 1 5709 2161 6013
1544 2 2 5 1 3234 3232 5634
1545 2 2 5 1 4113 5450 7046
1546 2 2 5 1 3999 4000 4435
1547 2 2 5 1 6311 4023 6642
1548 2 2 5 1 4110 6330 6331
1549 2 2 5 1 5046 3954 6814
1550 2 2 5 1 2005 2009 5294
1551 2 2 5 1 4391 4399 4491
1552 2 2 5 1 2725 4317 6899
1553 2 2 5 1 4883 2509 4885
1554 2 2 5 1 3076 2713 4470
1555 2 2 5 1 3745 4439 4924
1556 2 2 5 1 4352 2115 6317
1557 2 2 5 1 4010 5324 6444
1558 2 2 5 1 2159 4982 5818
1559 2 2 5 1 4431 1133 4649
1560 2 2 5 1 6612 4082 6808
1561 2 2 5 1 1133 1134 4649
1562 2 2 5 1 1641 1069 4443
1563 2 2 5 1 4213 4133 7103
1564 2 2 5 1 2502 2513 5012
1565 2 2 5 1 3264 4441 5219
1566 2 2 5 1 3404 4385 4891
1567 2 2 5 1 2462 6242 6352
1568 2 2 5 1 5162 4234 5476
1569 2 2 5 1 4479 2058 5076
1570 2 2 5 1 6736 2851 6773
1571 2 2 5 1 1037 1035 4795
1572 2 2 5 1 4465 2123 4659
1573 2 2 5 1 2140 6448 6479
1574 2 2 5 1 4317 2725 6451
1575 2 2 5 1 3939 4877 6416
1576 2 2 5 1 2285 2004 4577
1577 2 2 5 1 3022 6525 6628
1578 2 2 5 1 1308 1535 4525
1579 2 2 5 1 3191 4188 7129
1580 2 2 5 1 4813 4812 6616
1581 2 2 5 1 7129 4188 7165
1582 2 2 5 1 4971 6110 6168
1583 2 2 5 1 4269 4459 4520
1584 2 2 5 1 3474 3472 4982
1585 2 2 5 1 4558 3836 6852
1586 2 2 5 1 4010 6444 6504
1587 2 2 5 1 4390 4391 4491
1588 2 2 5 1 3306 4496 4988
1589 2 2 5 1 4761 4111 6331
1590 2 2 5 1 6371 318 6383
1591 2 2 5 1 5437 5436 5634
1592 2 2 5 1 5504 421 6630
1593 2 2 5 1 4966 6707 6768
1594 2 2 5 1 2763 4812 6843
1595 2 2 5 1 4522 4523 6593
1596 2 2 5 1 1220 1222 4599
1597 2 2 5 1 4487 3831 5023
1598 2 2 5 1 1635 4430 5693
1599 2 2 5 1 370 4674 6424
1600 2 2 5 1 1771 4858 6377
1601 2 2 5 1 4857 1029 6360
1602 2 2 5 1 6110 2158 6168
1603 2 2 5 1 1998 2001 4811
1604 2 2 5 1 3256 4237 4686
1605 2 2 5 1 3766 3919 4480
1606 2 2 5 1 3261 3937 4708
1607 2 2 5 1 4111 4110 6331
1608 2 2 5 1 2624 2626 4656
1609 2 2 5 1 6977 4297 7074
1610 2 2 5 1 2768 3831 4487
1611 2 2 5 1 5152 6524 6742
1612 2 2 5 1 4417 4316 5294
1613 2 2 5 1 3722 2905 4542
1614 2 2 5 1 3560 4806 6216
1615 2 2 5 1 1534 1113 4507
1616 2 2 5 1 2675 6898 6919
1617 2 2 5 1 6443 4468 6600
1618 2 2 5 1 4650 4651 4652
1619 2 2 5 1 5318 433 6626
1620 2 2 5 1 4000 4433 4435
1621 2 2 5 1 3114 4312 7044
1622 2 2 5 1 5534 6817 6962
1623 2 2 5 1 4496 2280 4988
1624 2 2 5 1 4408 3730 6518
1625 2 2 5 1 4660 1739 4830
1626 2 2 5 1 5603 6468 6472
1627 2 2 5 1 4788 3311 5163
1628 2 2 5 1 4895 4696 6503
1629 2 2 5 1 5587 4379 7032
1630 2 2 5 1 4448 4428 6967
1631 2 2 5 1 6442 2710 6519
1632 2 2 5 1 161 412 4722
1633 2 2 5 1 4270 3553 6559
1634 2 2 5 1 2295 160 4722
1635 2 2 5 1 1942 4262 6459
1636 2 2 5 1 1618 4658 6200
1637 2 2 5 1 4580 2391 4645
1638 2 2 5 1 4720 1739 6164
1639 2 2 5 1 523 2099 5460
1640 2 2 5 1 2146 6225 6595
1641 2 2 5 1 4532 3829 6934
1642 2 2 5 1 5075 822 5583
1643 2 2 5 1 3894 3895 6102
1644 2 2 5 1 2002 2306 4577
1645 2 2 5 1 47 6724 6794
1646 2 2 5 1 2654 2657 4651
1647 2 2 5 1 5612 4053 6865
1648 2 2 5 1 1561 4475 5885
1649 2 2 5 1 422 4246 6765
1650 2 2 5 1 3829 6676 6934
1651 2 2 5 1 66 67 7128
1652 2 2 5 1 2058 802 5076
1653 2 2 5 1 4478 3777 6039
1654 2 2 5 1 4886 4888 6725
1655 2 2 5 1 4259 3633 5234
1656 2 2 5 1 4438 1903 6447
1657 2 2 5 1 4390 3072 4391
1658 2 2 5 1 4323 1963 4324
1659 2 2 5 1 398 4573 6125
1660 2 2 5 1 4031 5226 6161
1661 2 2 5 1 6555 6199 6677
1662 2 2 5 1 6838 4158 6896
1663 2 2 5 1 823 797 4896
1664 2 2 5 1 6358 383 6794
1665 2 2 5 1 20 6494 6682
1666 2 2 5 1 1069 1131 4443
1667 2 2 5 1 3496 4639 6261
1668 2 2 5 1 2161 4971 6013
1669 2 2 5 1 2328 2331 4641
1670 2 2 5 1 5037 6369 6522
1671 2 2 5 1 4430 1635 5692
1672 2 2 5 1 3811 4613 5582
1673 2 2 5 1 4477 1561 5885
1674 2 2 5 1 5210 3567 5211
1675 2 2 5 1 4885 2509 4887
1676 2 2 5 1 4984 4985 6943
1677 2 2 5 1 4971 2161 6110
1678 2 2 5 1 3113 4362 4902
1679 2 2 5 1 2561 4478 6039
1680 2 2 5 1 6249 6511 7195
1681 2 2 5 1 6741 646 6820
1682 2 2 5 1 4374 393 6457
1683 2 2 5 1 5698 4490 6192
1684 2 2 5 1 2945 4305 6601
1685 2 2 5 1 4366 460 4367
1686 2 2 5 1 4427 2368 5605
1687 2 2 5 1 3912 3080 4902
1688 2 2 5 1 3796 5083 5937
1689 2 2 5 1 3561 5396 5524
1690 2 2 5 1 4801 3768 5026
1691 2 2 5 1 3221 4440 4862
1692 2 2 5 1 1877 5207 6466
1693 2 2 5 1 294 4326 7004
1694 2 2 5 1 4787 3759 5994
1695 2 2 5 1 1550 4419 4922
1696 2 2 5 1 4490 4361 6192
1697 2 2 5 1 5074 4787 5994
1698 2 2 5 1 4602 6611 6678
1699 2 2 5 1 4525 1535 4526
1700 2 2 5 1 4800 3768 4801
1701 2 2 5 1 4415 1773 4795
1702 2 2 5 1 4823 4881 4882
1703 2 2 5 1 529 527 5741
1704 2 2 5 1 5751 6140 6241
1705 2 2 5 1 4691 3740 6532
1706 2 2 5 1 5139 2225 6930
1707 2 2 5 1 3772 6223 6306
1708 2 2 5 1 4519 3363 6078
1709 2 2 5 1 804 822 5076
1710 2 2 5 1 6707 626 6768
1711 2 2 5 1 5045 1863 6320
1712 2 2 5 1 4588 6026 6382
1713 2 2 5 1 3136 4375 4677
1714 2 2 5 1 4723 4586 4826
1715 2 2 5 1 4534 1847 4891
1716 2 2 5 1 5670 4320 6807
1717 2 2 5 1 1133 4431 4507
1718 2 2 5 1 649 525 5460
1719 2 2 5 1 6442 4407 6461
1720 2 2 5 1 1106 1041 4721
1721 2 2 5 1 3682 6576 6819
1722 2 2 5 1 2509 2501 4887
1723 2 2 5 1 5364 6335 6990
1724 2 2 5 1 1905 4476 4836
1725 2 2 5 1 383 46 6794
1726 2 2 5 1 800 2058 4896
1727 2 2 5 1 4979 4977 5960
1728 2 2 5 1 4624 2028 6032
1729 2 2 5 1 4120 6496 6665
1730 2 2 5 1 4434 4001 4460
1731 2 2 5 1 2466 5182 6180
1732 2 2 5 1 1113 1133 4507
1733 2 2 5 1 323 4911 6599
1734 2 2 5 1 2226 4368 6340
1735 2 2 5 1 4315 4744 6462
1736 2 2 5 1 4823 4880 4881
1737 2 2 5 1 2139 6431 6675
1738 2 2 5 1 4284 4283 6617
1739 2 2 5 1 5083 2885 5937
1740 2 2 5 1 3126 4187 4444
1741 2 2 5 1 353 352 5484
1742 2 2 5 1 973 4400 6714
1743 2 2 5 1 1134 1137 4649
1744 2 2 5 1 460 4336 6463
1745 2 2 5 1 3363 1716 6078
1746 2 2 5 1 5066 5064 6767
1747 2 2 5 1 4434 4460 6071
1748 2 2 5 1 4449 1944 4450
1749 2 2 5 1 2306 2000 4647
1750 2 2 5 1 1039 1773 4721
1751 2 2 5 1 2509 4883 4903
1752 2 2 5 1 4424 4474 5221
1753 2 2 5 1 3710 4401 5163
1754 2 2 5 1 4639 6298 6370
1755 2 2 5 1 73 3072 4390
1756 2 2 5 1 6817 3783 6962
1757 2 2 5 1 4685 4175 4686
1758 2 2 5 1 6724 4215 6794
1759 2 2 5 1 4972 6206 6236
1760 2 2 5 1 3282 6977 7074
1761 2 2 5 1 1949 4691 6532
1762 2 2 5 1 3709 4895 6503
1763 2 2 5 1 2657 3214 4651
1764 2 2 5 1 2182 6093 6516
1765 2 2 5 1 4238 4124 6529
1766 2 2 5 1 4441 3264 4677
1767 2 2 5 1 4419 1550 4923
1768 2 2 5 1 4134 6148 6380
1769 2 2 5 1 6593 4523 6699
1770 2 2 5 1 6414 5998 6571
1771 2 2 5 1 4096 6736 6773
1772 2 2 5 1 4574 3716 6448
1773 2 2 5 1 2706 4979 5960
1774 2 2 5 1 6206 2157 6236
1775 2 2 5 1 4158 4565 6896
1776 2 2 5 1 4350 1423 6666
1777 2 2 5 1 3759 4788 5163
1778 2 2 5 1 6525 4119 6628
1779 2 2 5 1 437 49 6690
1780 2 2 5 1 4185 4373 5082
1781 2 2 5 1 1124 1270 4540
1782 2 2 5 1 2115 4352 6429
1783 2 2 5 1 4369 6361 6505
1784 2 2 5 1 4137 4263 5235
1785 2 2 5 1 4636 2351 4640
1786 2 2 5 1 6387 5045 6408
1787 2 2 5 1 1423 4350 6650
1788 2 2 5 1 2532 2530 4554
1789 2 2 5 1 4524 1310 4525
1790 2 2 5 1 4795 1112 5936
1791 2 2 5 1 4676 3264 5219
1792 2 2 5 1 4634 5786 6931
1793 2 2 5 1 3285 4584 4586
1794 2 2 5 1 5718 4553 6680
1795 2 2 5 1 3613 3529 4426
1796 2 2 5 1 2351 4636 4666
1797 2 2 5 1 4407 4406 6461
1798 2 2 5 1 5549 5547 5550
1799 2 2 5 1 4368 2226 6361
1800 2 2 5 1 2141 793 5812
1801 2 2 5 1 4552 2532 4554
1802 2 2 5 1 5547 2051 5550
1803 2 2 5 1 5222 1175 6498
1804 2 2 5 1 73 74 3072
1805 2 2 5 1 751 5324 6396
1806 2 2 5 1 3876 4771 4863
1807 2 2 5 1 5412 3909 6881
1808 2 2 5 1 4712 1999 4810
1809 2 2 5 1 4562 391 4563
1810 2 2 5 1 2901 4043 7028
1811 2 2 5 1 5410 4252 6711
1812 2 2 5 1 1328 1326 4836
1813 2 2 5 1 4680 3761 5771
1814 2 2 5 1 5918 3535 5962
1815 2 2 5 1 4475 1561 4836
1816 2 2 5 1 9 368 436
1817 2 2 5 1 2660 2871 4611
1818 2 2 5 1 3183 3126 4444
1819 2 2 5 1 1997 2365 4647
1820 2 2 5 1 3220 3261 4875
1821 2 2 5 1 3801 4477 5885
1822 2 2 5 1 4537 1221 5274
1823 2 2 5 1 4320 455 6807
1824 2 2 5 1 1967 6387 6408
1825 2 2 5 1 4537 3786 5935
1826 2 2 5 1 4370 4479 5076
1827 2 2 5 1 1969 4909 6774
1828 2 2 5 1 789 791 4467
1829 2 2 5 1 3318 3320 5204
1830 2 2 5 1 4639 3496 6298
1831 2 2 5 1 1773 4416 4721
1832 2 2 5 1 6898 4148 6919
1833 2 2 5 1 3909 5412 6904
1834 2 2 5 1 795 823 5812
1835 2 2 5 1 4982 4969 4983
1836 2 2 5 1 4396 4394 4397
1837 2 2 5 1 4353 2942 6546
1838 2 2 5 1 4062 3081 4723
1839 2 2 5 1 395 335 5147
1840 2 2 5 1 2197 5725 6800
1841 2 2 5 1 4854 3399 5146
1842 2 2 5 1 1739 4660 6164
1843 2 2 5 1 4470 3591 4618
1844 2 2 5 1 2557 4847 5400
1845 2 2 5 1 4370 3204 4479
1846 2 2 5 1 4241 4145 6500
1847 2 2 5 1 3895 395 5147
1848 2 2 5 1 5867 6750 6897
1849 2 2 5 1 2351 2326 4641
1850 2 2 5 1 2910 4461 4657
1851 2 2 5 1 4344 1894 6058
1852 2 2 5 1 5122 3403 6165
1853 2 2 5 1 5603 2789 6239
1854 2 2 5 1 6578 4590 6618
1855 2 2 5 1 6137 6051 6717
1856 2 2 5 1 3994 5092 6376
1857 2 2 5 1 3190 4520 5335
1858 2 2 5 1 4871 4873 6010
1859 2 2 5 1 4497 6429 6701
1860 2 2 5 1 2512 2260 5758
1861 2 2 5 1 3902 4153 4528
1862 2 2 5 1 791 2141 4467
1863 2 2 5 1 5106 1115 6878
1864 2 2 5 1 4632 2323 4666
1865 2 2 5 1 6656 4223 6776
1866 2 2 5 1 5324 751 6444
1867 2 2 5 1 6014 4219 6494
1868 2 2 5 1 2799 4692 4693
1869 2 2 5 1 5260 2631 6313
1870 2 2 5 1 4553 5718 7108
1871 2 2 5 1 4526 4527 6640
1872 2 2 5 1 338 391 4562
1873 2 2 5 1 1695 3876 4863
1874 2 2 5 1 4493 2280 4496
1875 2 2 5 1 1684 2220 5865
1876 2 2 5 1 822 806 5583
1877 2 2 5 1 12 335 395
1878 2 2 5 1 1221 4537 5935
1879 2 2 5 1 4411 1664 4412
1880 2 2 5 1 23 5890 6483
1881 2 2 5 1 3627 3100 5335
1882 2 2 5 1 3538 4344 5222
1883 2 2 5 1 3183 4445 4713
1884 2 2 5 1 4806 3721 6216
1885 2 2 5 1 4395 4394 4396
1886 2 2 5 1 3406 4465 4659
1887 2 2 5 1 1550 4922 6297
1888 2 2 5 1 4072 6734 6748
1889 2 2 5 1 5093 3782 5203
1890 2 2 5 1 1674 1673 4735
1891 2 2 5 1 4047 5568 6491
1892 2 2 5 1 3215 4514 6871
1893 2 2 5 1 4455 1539 5695
1894 2 2 5 1 4326 294 6850
1895 2 2 5 1 4143 4042 6572
1896 2 2 5 1 3874 4891 5164
1897 2 2 5 1 3571 5303 6613
1898 2 2 5 1 4887 2503 5281
1899 2 2 5 1 5246 381 5366
1900 2 2 5 1 4823 4821 4880
1901 2 2 5 1 4184 3789 6839
1902 2 2 5 1 3766 4480 4854
1903 2 2 5 1 3880 4449 4450
1904 2 2 5 1 4972 2158 6206
1905 2 2 5 1 4721 4416 6363
1906 2 2 5 1 4246 422 7121
1907 2 2 5 1 422 5202 7121
1908 2 2 5 1 4047 4683 5568
1909 2 2 5 1 4383 3735 4555
1910 2 2 5 1 4406 2365 6461
1911 2 2 5 1 4460 4624 6032
1912 2 2 5 1 3775 3776 5920
1913 2 2 5 1 3084 6319 6550
1914 2 2 5 1 4421 3718 6026
1915 2 2 5 1 4008 5882 6128
1916 2 2 5 1 4681 4680 5771
1917 2 2 5 1 5063 5700 7089
1918 2 2 5 1 5839 2888 6259
1919 2 2 5 1 2232 5920 6808
1920 2 2 5 1 3611 3954 6955
1921 2 2 5 1 1903 1857 5205
1922 2 2 5 1 4830 996 6223
1923 2 2 5 1 6313 2631 6325
1924 2 2 5 1 5786 4634 6756
1925 2 2 5 1 3732 4469 4470
1926 2 2 5 1 2885 2483 4646
1927 2 2 5 1 5980 1744 6929
1928 2 2 5 1 4924 4439 5578
1929 2 2 5 1 6485 4388 6497
1930 2 2 5 1 3735 2886 4555
1931 2 2 5 1 1007 1064 4497
1932 2 2 5 1 4873 2743 6010
1933 2 2 5 1 1963 4325 6256
1934 2 2 5 1 1029 5003 6360
1935 2 2 5 1 2138 6051 6137
1936 2 2 5 1 4463 1859 5204
1937 2 2 5 1 1768 6036 6527
1938 2 2 5 1 4466 4544 6172
1939 2 2 5 1 2910 2624 4656
1940 2 2 5 1 4494 4496 6102
1941 2 2 5 1 4507 3765 4800
1942 2 2 5 1 5274 1221 5275
1943 2 2 5 1 4416 6305 6363
1944 2 2 5 1 3811 6199 6938
1945 2 2 5 1 4821 2712 4880
1946 2 2 5 1 1310 1308 4525
1947 2 2 5 1 4388 1222 6497
1948 2 2 5 1 4847 5089 5400
1949 2 2 5 1 4355 4890 6046
1950 2 2 5 1 5352 3960 6565
1951 2 2 5 1 6208 3537 6244
1952 2 2 5 1 1116 1488 4488
1953 2 2 5 1 5083 3796 6542
1954 2 2 5 1 3526 2758 6480
1955 2 2 5 1 2699 4825 6362
1956 2 2 5 1 1033 1036 4725
1957 2 2 5 1 4454 4453 6732
1958 2 2 5 1 1312 1310 4524
1959 2 2 5 1 5700 5063 6635
1960 2 2 5 1 4712 4796 6094
1961 2 2 5 1 4627 2534 6337
1962 2 2 5 1 4977 2147 5960
1963 2 2 5 1 4310 3410 4658
1964 2 2 5 1 4760 2700 5165
1965 2 2 5 1 2158 4972 6168
1966 2 2 5 1 4545 3638 6781
1967 2 2 5 1 4157 4072 6748
1968 2 2 5 1 1303 1715 4704
1969 2 2 5 1 5956 4381 6567
1970 2 2 5 1 5171 6213 6268
1971 2 2 5 1 5275 6186 6271
1972 2 2 5 1 2258 2849 5758
1973 2 2 5 1 2226 6340 6643
1974 2 2 5 1 6695 5939 6787
1975 2 2 5 1 2378 5914 6009
1976 2 2 5 1 3264 2428 4677
1977 2 2 5 1 3665 3962 6092
1978 2 2 5 1 4288 3711 6549
1979 2 2 5 1 2885 4646 5937
1980 2 2 5 1 3880 4450 4451
1981 2 2 5 1 291 4351 7047
1982 2 2 5 1 3782 5093 5386
1983 2 2 5 1 4633 4632 4666
1984 2 2 5 1 1116 4488 4867
1985 2 2 5 1 4416 3242 6305
1986 2 2 5 1 4473 4474 4896
1987 2 2 5 1 4701 5609 6803
1988 2 2 5 1 6370 6298 6752
1989 2 2 5 1 4461 2910 4656
1990 2 2 5 1 2009 2246 5294
1991 2 2 5 1 1855 1859 5205
1992 2 2 5 1 3894 6102 6508
1993 2 2 5 1 4976 2147 4977
1994 2 2 5 1 5698 4892 5892
1995 2 2 5 1 2466 1684 5865
1996 2 2 5 1 4874 3999 6521
1997 2 2 5 1 411 6014 6494
1998 2 2 5 1 6255 3603 6327
1999 2 2 5 1 3768 4800 5227
2000 2 2 5 1 4107 6335 7036
2001 2 2 5 1 1773 1037 4795
2002 2 2 5 1 4326 4313 7004
2003 2 2 5 1 6589 3742 6603
2004 2 2 5 1 4393 4394 4395
2005 2 2 5 1 4561 3816 6975
2006 2 2 5 1 4151 5210 6993
2007 2 2 5 1 6767 5064 7089
2008 2 2 5 1 3249 3234 5634
2009 2 2 5 1 4681 2352 4845
2010 2 2 5 1 4184 5931 6753
2011 2 2 5 1 808 4439 5583
2012 2 2 5 1 4354 4355 6046
2013 2 2 5 1 4249 3613 6211
2014 2 2 5 1 4385 4534 4891
2015 2 2 5 1 4439 3745 5583
2016 2 2 5 1 4611 2871 4612
2017 2 2 5 1 4409 4372 4597
2018 2 2 5 1 4609 4611 4612
2019 2 2 5 1 3273 6685 6777
2020 2 2 5 1 2483 1764 4654
2021 2 2 5 1 4593 4727 6933
2022 2 2 5 1 6679 2526 6704
2023 2 2 5 1 4593 4726 4727
2024 2 2 5 1 3560 4805 4806
2025 2 2 5 1 5361 3067 6449
2026 2 2 5 1 1035 1112 4795
2027 2 2 5 1 5069 5672 6288
2028 2 2 5 1 6353 1639 6942
2029 2 2 5 1 1859 4463 5205
2030 2 2 5 1 3636 5564 6309
2031 2 2 5 1 3265 4550 5567
2032 2 2 5 1 3720 4616 6373
2033 2 2 5 1 6371 4530 6412
2034 2 2 5 1 5465 3217 7149
2035 2 2 5 1 6450 3723 6573
2036 2 2 5 1 4053 5612 6843
2037 2 2 5 1 2932 2930 5026
2038 2 2 5 1 1112 3762 5936
2039 2 2 5 1 1493 1220 4599
2040 2 2 5 1 4973 2157 6235
2041 2 2 5 1 2343 2340 4845
2042 2 2 5 1 5093 1867 5386
2043 2 2 5 1 2478 3285 4723
2044 2 2 5 1 4603 4186 4908
2045 2 2 5 1 4993 4257 7146
2046 2 2 5 1 4730 4386 6167
2047 2 2 5 1 2662 2660 4611
2048 2 2 5 1 2257 2259 4576
2049 2 2 5 1 2875 3265 5567
2050 2 2 5 1 4646 2483 4654
2051 2 2 5 1 4153 3905 5622
2052 2 2 5 1 2301 4509 4854
2053 2 2 5 1 4465 4466 6085
2054 2 2 5 1 4383 4555 6602
2055 2 2 5 1 5010 3427 5640
2056 2 2 5 1 3403 4678 6165
2057 2 2 5 1 4669 4679 5138
2058 2 2 5 1 380 7004 7111
2059 2 2 5 1 2105 6213 6409
2060 2 2 5 1 4337 640 6785
2061 2 2 5 1 1999 4712 6094
2062 2 2 5 1 1918 4347 6645
2063 2 2 5 1 2314 4503 4709
2064 2 2 5 1 4414 3780 6583
2065 2 2 5 1 6570 1885 6598
2066 2 2 5 1 1270 6276 6386
2067 2 2 5 1 4503 2314 4539
2068 2 2 5 1 4758 4760 5165
2069 2 2 5 1 4484 4485 4486
2070 2 2 5 1 4113 3198 5043
2071 2 2 5 1 4490 5698 5892
2072 2 2 5 1 2323 4632 4719
2073 2 2 5 1 3776 3410 4310
2074 2 2 5 1 393 4374 6890
2075 2 2 5 1 4466 3244 4544
2076 2 2 5 1 5009 3427 5010
2077 2 2 5 1 4802 4356 6220
2078 2 2 5 1 4786 4787 5074
2079 2 2 5 1 2280 4493 4576
2080 2 2 5 1 5224 4657 5805
2081 2 2 5 1 2440 3603 4726
2082 2 2 5 1 4704 1715 6413
2083 2 2 5 1 6617 4283 7000
2084 2 2 5 1 2804 4603 4908
2085 2 2 5 1 12 395 3855
2086 2 2 5 1 4185 5082 6999
2087 2 2 5 1 2730 4758 5165
2088 2 2 5 1 4474 4472 5221
2089 2 2 5 1 3833 4480 6144
2090 2 2 5 1 4911 323 7156
2091 2 2 5 1 3184 4607 4615
2092 2 2 5 1 4682 2339 4844
2093 2 2 5 1 3198 4157 5043
2094 2 2 5 1 4032 6526 6548
2095 2 2 5 1 527 649 5741
2096 2 2 5 1 3877 3880 4452
2097 2 2 5 1 4286 4274 4568
2098 2 2 5 1 3877 3879 3880
2099 2 2 5 1 3899 3902 4528
2100 2 2 5 1 2653 2654 4651
2101 2 2 5 1 4660 4830 6223
2102 2 2 5 1 4240 4128 5590
2103 2 2 5 1 1673 2516 4735
2104 2 2 5 1 5037 3090 7013
2105 2 2 5 1 4584 3285 4707
2106 2 2 5 1 1585 1588 4696
2107 2 2 5 1 4089 4683 4799
2108 2 2 5 1 1416 4786 5074
2109 2 2 5 1 1560 1572 5692
2110 2 2 5 1 3762 4656 5893
2111 2 2 5 1 2013 2005 5294
2112 2 2 5 1 3232 3479 5634
2113 2 2 5 1 6596 6430 6809
2114 2 2 5 1 837 4408 6518
2115 2 2 5 1 2147 4976 6023
2116 2 2 5 1 2654 2656 2657
2117 2 2 5 1 1564 5141 6379
2118 2 2 5 1 6247 384 6939
2119 2 2 5 1 1603 1747 2653
2120 2 2 5 1 4303 393 6890
2121 2 2 5 1 2730 4756 4758
2122 2 2 5 1 3839 5072 6177
2123 2 2 5 1 2825 2237 4581
2124 2 2 5 1 4819 2712 4821
2125 2 2 5 1 1287 4356 5918
2126 2 2 5 1 4665 3737 6514
2127 2 2 5 1 1534 4507 4800
2128 2 2 5 1 2308 4538 7112
2129 2 2 5 1 1950 5480 6343
2130 2 2 5 1 1040 1042 5275
2131 2 2 5 1 4442 3566 6143
2132 2 2 5 1 4976 5117 6023
2133 2 2 5 1 1008 4362 6639
2134 2 2 5 1 4447 1199 6233
2135 2 2 5 1 1370 1161 4805
2136 2 2 5 1 5101 383 5102
2137 2 2 5 1 6529 4124 6924
2138 2 2 5 1 4668 4300 4670
2139 2 2 5 1 4651 3214 4652
2140 2 2 5 1 5347 2832 6490
2141 2 2 5 1 4678 3403 5138
2142 2 2 5 1 4770 4769 6111
2143 2 2 5 1 5152 5153 6524
2144 2 2 5 1 4038 2999 6893
2145 2 2 5 1 2475 3082 4591
2146 2 2 5 1 3762 5893 5936
2147 2 2 5 1 3066 5171 6268
2148 2 2 5 1 6526 4044 6548
2149 2 2 5 1 6585 4808 6607
2150 2 2 5 1 6026 3718 6382
2151 2 2 5 1 3587 3589 4617
2152 2 2 5 1 4337 6398 6516
2153 2 2 5 1 2825 4581 4582
2154 2 2 5 1 4601 4192 7021
2155 2 2 5 1 2443 2440 4726
2156 2 2 5 1 69 70 6506
2157 2 2 5 1 4093 4780 6829
2158 2 2 5 1 2155 4730 6167
2159 2 2 5 1 5009 1102 5630
2160 2 2 5 1 4499 6276 6293
2161 2 2 5 1 4530 4529 6412
2162 2 2 5 1 2392 2174 4707
2163 2 2 5 1 3285 4586 4723
2164 2 2 5 1 4087 5135 6874
2165 2 2 5 1 3184 4605 4606
2166 2 2 5 1 4345 6366 6588
2167 2 2 5 1 4530 6371 6383
2168 2 2 5 1 3690 6424 6478
2169 2 2 5 1 1161 1486 4805
2170 2 2 5 1 640 4337 7102
2171 2 2 5 1 4683 3127 4799
2172 2 2 5 1 4482 4396 4483
2173 2 2 5 1 1903 5205 6447
2174 2 2 5 1 4636 4633 4666
2175 2 2 5 1 1635 1560 5692
2176 2 2 5 1 2745 4871 6010
2177 2 2 5 1 6780 5669 7080
2178 2 2 5 1 4706 4705 4778
2179 2 2 5 1 4543 1107 4834
2180 2 2 5 1 1488 1603 4488
2181 2 2 5 1 7021 4192 7052
2182 2 2 5 1 3720 4615 4616
2183 2 2 5 1 4008 3146 4693
2184 2 2 5 1 2314 1124 4540
2185 2 2 5 1 3184 2666 4605
2186 2 2 5 1 4155 6615 6740
2187 2 2 5 1 4521 1533 4522
2188 2 2 5 1 5469 4228 6077
2189 2 2 5 1 4849 726 6558
2190 2 2 5 1 4591 4592 6172
2191 2 2 5 1 4901 3912 4902
2192 2 2 5 1 4591 3082 4592
2193 2 2 5 1 4400 3145 4578
2194 2 2 5 1 426 353 5484
2195 2 2 5 1 352 2053 5484
2196 2 2 5 1 1561 1328 4836
2197 2 2 5 1 1126 1066 4833
2198 2 2 5 1 2728 3720 4566
2199 2 2 5 1 2259 2280 4576
2200 2 2 5 1 1005 1007 4497
2201 2 2 5 1 2712 4819 4824
2202 2 2 5 1 2653 1747 2654
2203 2 2 5 1 3427 5009 5630
2204 2 2 5 1 2352 4681 5771
2205 2 2 5 1 2222 2217 4905
2206 2 2 5 1 338 13 391
2207 2 2 5 1 1032 1033 4725
2208 2 2 5 1 6292 3305 6419
2209 2 2 5 1 1539 4455 6963
2210 2 2 5 1 4491 4399 6913
2211 2 2 5 1 6148 4013 6380
2212 2 2 5 1 4657 4461 5805
2213 2 2 5 1 1867 4661 5386
2214 2 2 5 1 4487 4133 7065
2215 2 2 5 1 1884 6284 6395
2216 2 2 5 1 3566 4442 6352
2217 2 2 5 1 4615 4607 4616
2218 2 2 5 1 4908 4186 4909
2219 2 2 5 1 726 4849 6535
2220 2 2 5 1 4581 3199 4583
2221 2 2 5 1 4775 5721 6609
2222 2 2 5 1 5670 2693 6813
2223 2 2 5 1 3880 3879 4449
2224 2 2 5 1 4526 6640 6703
2225 2 2 5 1 3874 3404 4891
2226 2 2 5 1 4336 4382 6463
2227 2 2 5 1 1495 4748 5401
2228 2 2 5 1 2657 2656 2658
2229 2 2 5 1 5902 4510 5950
2230 2 2 5 1 1326 1905 4836
2231 2 2 5 1 4477 3801 4839
2232 2 2 5 1 4652 3214 4653
2233 2 2 5 1 3589 3897 4617
2234 2 2 5 1 6253 596 6464
2235 2 2 5 1 1115 5106 6828
2236 2 2 5 1 4172 4168 5236
2237 2 2 5 1 3864 5331 6146
2238 2 2 5 1 4628 2319 4719
2239 2 2 5 1 3320 4463 5204
2240 2 2 5 1 1032 4531 4851
2241 2 2 5 1 68 69 410
2242 2 2 5 1 21 22 411
2243 2 2 5 1 4480 3399 4854
2244 2 2 5 1 4498 4499 6293
2245 2 2 5 1 3558 4688 4689
2246 2 2 5 1 3311 4788 5193
2247 2 2 5 1 71 72 457
2248 2 2 5 1 18 19 458
2249 2 2 5 1 4032 6473 6526
2250 2 2 5 1 2745 4868 4871
2251 2 2 5 1 4656 2626 5893
2252 2 2 5 1 4410 156 6615
2253 2 2 5 1 3018 3017 4700
2254 2 2 5 1 1221 1040 5275
2255 2 2 5 1 4629 4628 4719
2256 2 2 5 1 4112 5519 6438
2257 2 2 5 1 3335 5042 5127
2258 2 2 5 1 4980 4979 6226
2259 2 2 5 1 1947 529 5741
2260 2 2 5 1 1715 1301 6083
2261 2 2 5 1 4188 4402 7165
2262 2 2 5 1 1583 1585 4696
2263 2 2 5 1 5902 2202 6250
2264 2 2 5 1 2659 2658 2660
2265 2 2 5 1 2826 2370 4575
2266 2 2 5 1 2661 2660 2662
2267 2 2 5 1 4531 1032 4725
2268 2 2 5 1 2799 2790 4692
2269 2 2 5 1 3537 1530 6244
2270 2 2 5 1 741 4457 6070
2271 2 2 5 1 2339 4682 4845
2272 2 2 5 1 3416 4853 5231
2273 2 2 5 1 3204 3211 4479
2274 2 2 5 1 3461 3459 5137
2275 2 2 5 1 4526 1535 4527
2276 2 2 5 1 3350 3438 4623
2277 2 2 5 1 1288 1290 6220
2278 2 2 5 1 3760 4811 6354
2279 2 2 5 1 6429 4352 6701
2280 2 2 5 1 3437 5492 7001
2281 2 2 5 1 818 815 6028
2282 2 2 5 1 2109 4460 6032
2283 2 2 5 1 5203 3782 5204
2284 2 2 5 1 3967 6704 6757
2285 2 2 5 1 982 1709 4500
2286 2 2 5 1 4853 4852 5231
2287 2 2 5 1 3620 5603 6239
2288 2 2 5 1 7165 4402 7166
2289 2 2 5 1 3850 3063 4697
2290 2 2 5 1 3832 3307 5432
2291 2 2 5 1 2668 3184 4615
2292 2 2 5 1 4167 4169 4767
2293 2 2 5 1 4671 4672 4673
2294 2 2 5 1 1612 1493 1704
2295 2 2 5 1 2257 4576 5198
2296 2 2 5 1 4427 5848 6982
2297 2 2 5 1 391 13 3619
2298 2 2 5 1 4400 973 6788
2299 2 2 5 1 2370 1674 4735
2300 2 2 5 1 4169 4329 4767
2301 2 2 5 1 4747 2522 6903
2302 2 2 5 1 2657 2658 2659
2303 2 2 5 1 1603 2653 4488
2304 2 2 5 1 2352 2343 4845
2305 2 2 5 1 4554 2530 6118
2306 2 2 5 1 4442 2462 6352
2307 2 2 5 1 1701 2391 4878
2308 2 2 5 1 5473 374 6670
2309 2 2 5 1 341 340 435
2310 2 2 5 1 2301 4854 5146
2311 2 2 5 1 3575 4487 5023
2312 2 2 5 1 3530 3529 3613
2313 2 2 5 1 4852 3421 5231
2314 2 2 5 1 426 5483 6837
2315 2 2 5 1 3402 3412 5138
2316 2 2 5 1 6531 4842 6584
2317 2 2 5 1 6223 4418 6306
2318 2 2 5 1 6186 4801 6271
2319 2 2 5 1 4883 4881 4903
2320 2 2 5 1 4623 3438 4914
2321 2 2 5 1 4919 4920 6727
2322 2 2 5 1 2465 4353 6739
2323 2 2 5 1 3397 4698 4699
2324 2 2 5 1 17 18 4346
2325 2 2 5 1 1695 2294 3876
2326 2 2 5 1 6125 4573 6448
2327 2 2 5 1 4705 3346 4777
2328 2 2 5 1 1722 1704 1723
2329 2 2 5 1 4538 2308 7105
2330 2 2 5 1 3879 4163 4449
2331 2 2 5 1 3942 4785 6035
2332 2 2 5 1 5232 2061 6520
2333 2 2 5 1 3782 3318 5204
2334 2 2 5 1 4509 2301 5950
2335 2 2 5 1 4575 2370 4735
2336 2 2 5 1 5136 3461 5137
2337 2 2 5 1 3777 4847 6039
2338 2 2 5 1 1306 1303 4704
2339 2 2 5 1 2886 2405 4555
2340 2 2 5 1 5100 5098 5131
2341 2 2 5 1 1968 5081 6076
2342 2 2 5 1 3558 4689 4690
2343 2 2 5 1 3392 3759 5163
2344 2 2 5 1 2659 2660 2661
2345 2 2 5 1 4351 4322 7047
2346 2 2 5 1 3830 4588 5116
2347 2 2 5 1 3052 6255 6327
2348 2 2 5 1 2947 4594 5078
2349 2 2 5 1 4592 3082 4593
2350 2 2 5 1 2686 4927 5429
2351 2 2 5 1 4510 4509 5950
2352 2 2 5 1 3128 5308 6041
2353 2 2 5 1 4974 2218 6152
2354 2 2 5 1 4769 3819 6111
2355 2 2 5 1 4473 4472 4474
2356 2 2 5 1 1582 1532 1583
2357 2 2 5 1 815 817 6028
2358 2 2 5 1 1314 1533 4521
2359 2 2 5 1 3539 4501 4502
2360 2 2 5 1 4266 6702 7006
2361 2 2 5 1 5290 4521 6242
2362 2 2 5 1 3717 4441 4677
2363 2 2 5 1 3244 2760 4544
2364 2 2 5 1 1495 812 4748
2365 2 2 5 1 3870 5260 6313
2366 2 2 5 1 4726 3603 4727
2367 2 2 5 1 4640 2351 4641
2368 2 2 5 1 6086 6087 6113
2369 2 2 5 1 4166 3991 6116
2370 2 2 5 1 3558 2452 4688
2371 2 2 5 1 2963 5126 5952
2372 2 2 5 1 4337 6516 7102
2373 2 2 5 1 2154 3264 4676
2374 2 2 5 1 4525 4526 6744
2375 2 2 5 1 3942 1589 4785
2376 2 2 5 1 382 6656 6776
2377 2 2 5 1 4336 3735 4382
2378 2 2 5 1 4139 5017 5889
2379 2 2 5 1 1685 4495 7072
2380 2 2 5 1 4318 3226 4559
2381 2 2 5 1 3902 3903 3905
2382 2 2 5 1 3742 3356 4655
2383 2 2 5 1 4592 4596 7070
2384 2 2 5 1 3368 5100 5131
2385 2 2 5 1 4661 1867 5145
2386 2 2 5 1 4980 6226 6253
2387 2 2 5 1 4756 2730 5129
2388 2 2 5 1 5609 4701 7007
2389 2 2 5 1 4870 6741 6820
2390 2 2 5 1 3734 2886 3735
2391 2 2 5 1 5463 3624 6350
2392 2 2 5 1 4572 3186 4573
2393 2 2 5 1 4605 2993 4608
2394 2 2 5 1 3226 3736 4559
2395 2 2 5 1 931 979 5563
2396 2 2 5 1 5455 6252 7182
2397 2 2 5 1 1107 4543 4833
2398 2 2 5 1 957 959 5886
2399 2 2 5 1 1209 4425 6624
2400 2 2 5 1 331 371 4663
2401 2 2 5 1 3624 4711 6350
2402 2 2 5 1 4098 4594 5708
2403 2 2 5 1 4595 4196 5516
2404 2 2 5 1 1582 1705 6056
2405 2 2 5 1 4351 291 6847
2406 2 2 5 1 4659 2123 6200
2407 2 2 5 1 2623 2620 5129
2408 2 2 5 1 4328 4627 6337
2409 2 2 5 1 3734 3735 4336
2410 2 2 5 1 3876 2294 3877
2411 2 2 5 1 2656 2981 5582
2412 2 2 5 1 4987 4657 5224
2413 2 2 5 1 408 5065 5066
2414 2 2 5 1 3617 4868 6029
2415 2 2 5 1 2477 2475 4591
2416 2 2 5 1 4476 4475 4836
2417 2 2 5 1 5725 2197 7054
2418 2 2 5 1 6140 4540 6241
2419 2 2 5 1 812 779 4748
2420 2 2 5 1 4488 2653 4650
2421 2 2 5 1 1798 1801 5616
2422 2 2 5 1 4417 2246 6399
2423 2 2 5 1 3400 4987 5224
2424 2 2 5 1 1316 4521 5290
2425 2 2 5 1 1531 1316 1532
2426 2 2 5 1 1583 1532 1584
2427 2 2 5 1 1964 4766 7110
2428 2 2 5 1 1612 1704 1722
2429 2 2 5 1 3683 5299 6576
2430 2 2 5 1 4705 4777 4778
2431 2 2 5 1 3018 4700 4701
2432 2 2 5 1 5401 4747 6867
2433 2 2 5 1 3853 4301 6646
2434 2 2 5 1 6129 5463 6350
2435 2 2 5 1 4477 4839 5995
2436 2 2 5 1 2666 2664 4605
2437 2 2 5 1 4612 4614 6557
2438 2 2 5 1 4557 5714 6560
2439 2 2 5 1 4604 3380 4627
2440 2 2 5 1 844 912 4695
2441 2 2 5 1 4654 1764 5863
2442 2 2 5 1 4515 3572 4516
2443 2 2 5 1 4777 4622 4778
2444 2 2 5 1 2025 2028 6207
2445 2 2 5 1 5229 3728 6108
2446 2 2 5 1 2340 2339 4845
2447 2 2 5 1 3013 3746 4730
2448 2 2 5 1 3768 2932 5026
2449 2 2 5 1 6252 6764 7182
2450 2 2 5 1 4421 2532 6324
2451 2 2 5 1 72 73 4390
2452 2 2 5 1 2797 3622 6368
2453 2 2 5 1 6087 1299 6113
2454 2 2 5 1 3897 4528 4617
2455 2 2 5 1 4927 2686 5430
2456 2 2 5 1 4467 4423 4468
2457 2 2 5 1 5175 5168 5685
2458 2 2 5 1 5007 1102 5009
2459 2 2 5 1 4852 4851 5716
2460 2 2 5 1 4148 6898 6937
2461 2 2 5 1 2312 3199 4581
2462 2 2 5 1 2028 4624 6207
2463 2 2 5 1 1658 2154 4676
2464 2 2 5 1 339 338 4562
2465 2 2 5 1 3221 4862 5834
2466 2 2 5 1 1661 1695 4863
2467 2 2 5 1 3899 3901 3902
2468 2 2 5 1 3229 4490 4740
2469 2 2 5 1 3905 3906 3907
2470 2 2 5 1 317 316 456
2471 2 2 5 1 4580 3208 4878
2472 2 2 5 1 4632 4629 4719
2473 2 2 5 1 4407 6442 6519
2474 2 2 5 1 2398 963 4804
2475 2 2 5 1 4784 5025 6660
2476 2 2 5 1 4379 6780 7080
2477 2 2 5 1 2930 3251 5026
2478 2 2 5 1 4382 416 6876
2479 2 2 5 1 3786 4725 5935
2480 2 2 5 1 4679 4678 5138
2481 2 2 5 1 2688 2873 6153
2482 2 2 5 1 2312 2436 3199
2483 2 2 5 1 3897 3899 4528
2484 2 2 5 1 4544 2477 4591
2485 2 2 5 1 4862 4861 5834
2486 2 2 5 1 2237 2312 4581
2487 2 2 5 1 4911 4907 6599
2488 2 2 5 1 2429 3722 4802
2489 2 2 5 1 5089 3838 5400
2490 2 2 5 1 4395 4396 4482
2491 2 2 5 1 1316 1314 4521
2492 2 2 5 1 4885 4887 4888
2493 2 2 5 1 6085 4466 6229
2494 2 2 5 1 1584 1532 5290
2495 2 2 5 1 3681 4522 6593
2496 2 2 5 1 4142 4042 4143
2497 2 2 5 1 4564 2480 5079
2498 2 2 5 1 2405 1723 2419
2499 2 2 5 1 3397 4697 4698
2500 2 2 5 1 4314 2099 7176
2501 2 2 5 1 3383 3382 6621
2502 2 2 5 1 4355 3331 6196
2503 2 2 5 1 5042 5041 5127
2504 2 2 5 1 5242 3154 6830
2505 2 2 5 1 1066 1107 4833
2506 2 2 5 1 4706 5256 6107
2507 2 2 5 1 2480 4564 4905
2508 2 2 5 1 5139 4098 5708
2509 2 2 5 1 435 340 4561
2510 2 2 5 1 982 1005 1709
2511 2 2 5 1 2766 4752 4754
2512 2 2 5 1 4160 4162 4538
2513 2 2 5 1 334 333 1685
2514 2 2 5 1 3211 4473 4479
2515 2 2 5 1 5672 1686 6288
2516 2 2 5 1 1722 1723 2405
2517 2 2 5 1 4661 5145 5267
2518 2 2 5 1 4891 1847 5164
2519 2 2 5 1 5047 3396 5167
2520 2 2 5 1 4561 339 4562
2521 2 2 5 1 2188 2136 3560
2522 2 2 5 1 5627 4036 6202
2523 2 2 5 1 2355 4728 5573
2524 2 2 5 1 3604 5044 6320
2525 2 2 5 1 3421 4852 5716
2526 2 2 5 1 2981 3781 3811
2527 2 2 5 1 6222 4973 6235
2528 2 2 5 1 1719 1669 5114
2529 2 2 5 1 1007 1062 1064
2530 2 2 5 1 4724 3326 5017
2531 2 2 5 1 3308 4919 6136
2532 2 2 5 1 4252 5410 6766
2533 2 2 5 1 6431 4389 6675
2534 2 2 5 1 5126 5087 5952
2535 2 2 5 1 2479 957 5886
2536 2 2 5 1 2174 2176 4707
2537 2 2 5 1 3406 3244 4465
2538 2 2 5 1 4641 2331 4642
2539 2 2 5 1 1583 1584 1585
2540 2 2 5 1 4603 2804 5529
2541 2 2 5 1 3911 4899 5719
2542 2 2 5 1 2462 1584 5290
2543 2 2 5 1 4588 3830 6026
2544 2 2 5 1 3184 4606 4607
2545 2 2 5 1 3150 3186 4572
2546 2 2 5 1 2663 2662 2664
2547 2 2 5 1 2220 3539 5865
2548 2 2 5 1 816 819 5578
2549 2 2 5 1 3285 2392 4707
2550 2 2 5 1 3850 4697 5047
2551 2 2 5 1 2661 2662 2663
2552 2 2 5 1 1486 1090 4745
2553 2 2 5 1 4862 4440 5114
2554 2 2 5 1 3327 4742 4876
2555 2 2 5 1 2182 6516 6953
2556 2 2 5 1 5072 2369 6177
2557 2 2 5 1 3067 5361 6848
2558 2 2 5 1 4322 3125 4710
2559 2 2 5 1 1601 1336 4843
2560 2 2 5 1 4503 4504 4709
2561 2 2 5 1 4776 3480 6073
2562 2 2 5 1 3907 4054 4055
2563 2 2 5 1 1413 1416 5073
2564 2 2 5 1 4653 3214 5477
2565 2 2 5 1 2428 2427 2894
2566 2 2 5 1 1650 1278 5197
2567 2 2 5 1 3408 3406 4659
2568 2 2 5 1 4214 1738 4736
2569 2 2 5 1 2319 4628 4794
2570 2 2 5 1 3910 5751 6241
2571 2 2 5 1 2157 4973 6236
2572 2 2 5 1 2217 2480 4905
2573 2 2 5 1 1147 1082 4714
2574 2 2 5 1 917 1739 4720
2575 2 2 5 1 2405 2419 4555
2576 2 2 5 1 4818 2505 4824
2577 2 2 5 1 5105 697 5340
2578 2 2 5 1 6867 4747 6903
2579 2 2 5 1 5540 3581 5542
2580 2 2 5 1 1738 1574 4736
2581 2 2 5 1 4846 1769 5089
2582 2 2 5 1 4594 2947 5708
2583 2 2 5 1 2873 2875 5567
2584 2 2 5 1 2664 2993 4605
2585 2 2 5 1 6343 4060 6428
2586 2 2 5 1 4149 4148 6937
2587 2 2 5 1 3343 3357 4619
2588 2 2 5 1 2136 1370 4805
2589 2 2 5 1 4839 4843 5995
2590 2 2 5 1 3902 3905 4153
2591 2 2 5 1 4496 3306 6102
2592 2 2 5 1 3056 3057 4713
2593 2 2 5 1 1449 4548 4549
2594 2 2 5 1 6542 3796 6692
2595 2 2 5 1 2185 4985 7030
2596 2 2 5 1 4480 3919 6144
2597 2 2 5 1 3844 2797 6339
2598 2 2 5 1 1315 1314 1316
2599 2 2 5 1 3208 2520 4878
2600 2 2 5 1 4056 4055 4190
2601 2 2 5 1 4697 3063 4698
2602 2 2 5 1 4341 4784 6147
2603 2 2 5 1 2157 1825 6235
2604 2 2 5 1 4847 4846 5089
2605 2 2 5 1 3145 2997 4578
2606 2 2 5 1 6242 3681 6352
2607 2 2 5 1 3588 3590 5956
2608 2 2 5 1 4851 4531 5716
2609 2 2 5 1 3395 4159 4763
2610 2 2 5 1 3742 4655 4858
2611 2 2 5 1 3831 5022 5023
2612 2 2 5 1 4831 5168 5175
2613 2 2 5 1 969 982 4500
2614 2 2 5 1 4868 2745 6029
2615 2 2 5 1 4682 4844 5909
2616 2 2 5 1 853 3327 4876
2617 2 2 5 1 4688 3740 4689
2618 2 2 5 1 5073 1416 5074
2619 2 2 5 1 171 172 5065
2620 2 2 5 1 3410 3408 4658
2621 2 2 5 1 3590 3586 4783
2622 2 2 5 1 5088 3838 5089
2623 2 2 5 1 4664 4138 6423
2624 2 2 5 1 4317 4210 6899
2625 2 2 5 1 5116 4765 5629
2626 2 2 5 1 45 383 5101
2627 2 2 5 1 2911 2559 5057
2628 2 2 5 1 1147 4714 4717
2629 2 2 5 1 3905 3903 3906
2630 2 2 5 1 3057 3183 4713
2631 2 2 5 1 5867 553 6750
2632 2 2 5 1 2825 4582 4584
2633 2 2 5 1 4192 5986 7052
2634 2 2 5 1 344 15 2996
2635 2 2 5 1 1658 2153 2154
2636 2 2 5 1 6249 4381 6981
2637 2 2 5 1 3225 2760 3244
2638 2 2 5 1 4592 4593 4596
2639 2 2 5 1 979 4709 5563
2640 2 2 5 1 3136 2894 3290
2641 2 2 5 1 2664 2662 2993
2642 2 2 5 1 4575 4735 6209
2643 2 2 5 1 4914 4706 6107
2644 2 2 5 1 3201 3604 6290
2645 2 2 5 1 4899 2945 5719
2646 2 2 5 1 2887 2886 3734
2647 2 2 5 1 2324 2351 4666
2648 2 2 5 1 4539 2314 4540
2649 2 2 5 1 3127 2771 4799
2650 2 2 5 1 4604 2288 5228
2651 2 2 5 1 1597 1609 4790
2652 2 2 5 1 2154 2427 2428
2653 2 2 5 1 4457 4198 6109
2654 2 2 5 1 1102 5007 5013
2655 2 2 5 1 1336 1334 4843
2656 2 2 5 1 6303 6084 7093
2657 2 2 5 1 2428 2894 3136
2658 2 2 5 1 3604 5279 6290
2659 2 2 5 1 2184 3013 4730
2660 2 2 5 1 4007 3146 4008
2661 2 2 5 1 1614 1216 5311
2662 2 2 5 1 4725 1036 5935
2663 2 2 5 1 408 171 5065
2664 2 2 5 1 4847 2557 6039
2665 2 2 5 1 3252 4430 5692
2666 2 2 5 1 3902 3901 3903
2667 2 2 5 1 4737 1614 5311
2668 2 2 5 1 4788 1735 5193
2669 2 2 5 1 4714 4715 4717
2670 2 2 5 1 2169 5122 6165
2671 2 2 5 1 1894 4741 6034
2672 2 2 5 1 1007 1061 1062
2673 2 2 5 1 3830 5116 5629
2674 2 2 5 1 4964 4975 6466
2675 2 2 5 1 2365 1995 4762
2676 2 2 5 1 6500 4145 6939
2677 2 2 5 1 3394 4865 5730
2678 2 2 5 1 3233 4291 4768
2679 2 2 5 1 2222 4905 5236
2680 2 2 5 1 4784 4302 6147
2681 2 2 5 1 4844 2347 5909
2682 2 2 5 1 5098 1770 5131
2683 2 2 5 1 3700 3701 4864
2684 2 2 5 1 2173 2429 4802
2685 2 2 5 1 4905 4172 5236
2686 2 2 5 1 1564 4498 6293
2687 2 2 5 1 4283 399 7000
2688 2 2 5 1 4927 4926 5429
2689 2 2 5 1 915 830 4807
2690 2 2 5 1 4032 4419 6473
2691 2 2 5 1 4749 1734 4750
2692 2 2 5 1 4381 3073 6567
2693 2 2 5 1 4402 1441 7166
2694 2 2 5 1 4432 4649 6297
2695 2 2 5 1 3818 4495 4814
2696 2 2 5 1 746 556 4793
2697 2 2 5 1 2323 2324 4666
2698 2 2 5 1 2114 4774 4775
2699 2 2 5 1 4882 4881 4883
2700 2 2 5 1 3701 4848 4864
2701 2 2 5 1 4579 4643 4644
2702 2 2 5 1 1005 1006 1007
2703 2 2 5 1 903 4831 5175
2704 2 2 5 1 3339 1716 3363
2705 2 2 5 1 3136 3290 4299
2706 2 2 5 1 779 4746 4748
2707 2 2 5 1 756 1144 4729
2708 2 2 5 1 3071 3740 4688
2709 2 2 5 1 3834 5141 5289
2710 2 2 5 1 3907 3906 4054
2711 2 2 5 1 4584 4582 4585
2712 2 2 5 1 3929 6515 6596
2713 2 2 5 1 4190 4191 4251
2714 2 2 5 1 4742 1743 4876
2715 2 2 5 1 2533 986 4917
2716 2 2 5 1 4356 1288 6220
2717 2 2 5 1 2530 2528 6118
2718 2 2 5 1 3082 2443 4726
2719 2 2 5 1 4439 816 5578
2720 2 2 5 1 1126 4833 5432
2721 2 2 5 1 6676 3827 6716
2722 2 2 5 1 4805 1486 4806
2723 2 2 5 1 4991 3747 5197
2724 2 2 5 1 1181 1894 6034
2725 2 2 5 1 1585 1586 1587
2726 2 2 5 1 3112 2848 3260
2727 2 2 5 1 2482 2486 4861
2728 2 2 5 1 4987 3400 5531
2729 2 2 5 1 842 844 4695
2730 2 2 5 1 1293 2170 2171
2731 2 2 5 1 3017 3397 4700
2732 2 2 5 1 2900 4484 6970
2733 2 2 5 1 564 1734 4749
2734 2 2 5 1 2848 2728 4566
2735 2 2 5 1 4062 4723 4826
2736 2 2 5 1 2665 2664 2666
2737 2 2 5 1 2997 3208 4578
2738 2 2 5 1 4121 4763 4764
2739 2 2 5 1 3907 4055 4056
2740 2 2 5 1 5390 1715 6083
2741 2 2 5 1 4015 6589 6603
2742 2 2 5 1 2218 1821 6152
2743 2 2 5 1 3588 3586 3590
2744 2 2 5 1 982 1004 1005
2745 2 2 5 1 1030 2314 4709
2746 2 2 5 1 4062 4826 4827
2747 2 2 5 1 2654 2655 2656
2748 2 2 5 1 2123 4465 6085
2749 2 2 5 1 4559 3736 4560
2750 2 2 5 1 2038 2037 5030
2751 2 2 5 1 4168 4166 5236
2752 2 2 5 1 2730 2623 5129
2753 2 2 5 1 1588 1587 1589
2754 2 2 5 1 1070 6084 6303
2755 2 2 5 1 4578 3208 4579
2756 2 2 5 1 3412 4669 5138
2757 2 2 5 1 3594 4694 5057
2758 2 2 5 1 2114 551 4774
2759 2 2 5 1 5031 4429 5340
2760 2 2 5 1 4752 2766 5160
2761 2 2 5 1 4712 3669 4796
2762 2 2 5 1 4709 4504 5563
2763 2 2 5 1 3829 3827 6676
2764 2 2 5 1 4512 2151 6169
2765 2 2 5 1 4833 3832 5432
2766 2 2 5 1 457 4491 4492
2767 2 2 5 1 4582 4581 4583
2768 2 2 5 1 4708 2219 4875
2769 2 2 5 1 1314 1312 1533
2770 2 2 5 1 5529 2167 5924
2771 2 2 5 1 1685 333 4662
2772 2 2 5 1 4672 3124 4673
2773 2 2 5 1 3398 4779 5169
2774 2 2 5 1 4791 644 4792
2775 2 2 5 1 5155 3945 5157
2776 2 2 5 1 2521 2520 2997
2777 2 2 5 1 3260 4566 4567
2778 2 2 5 1 1800 1798 5616
2779 2 2 5 1 4650 2653 4651
2780 2 2 5 1 4739 3828 4772
2781 2 2 5 1 979 1030 4709
2782 2 2 5 1 3260 4587 4687
2783 2 2 5 1 1064 1062 1065
2784 2 2 5 1 5029 3824 5030
2785 2 2 5 1 1801 5051 5616
2786 2 2 5 1 3607 4752 5160
2787 2 2 5 1 3308 4918 4919
2788 2 2 5 1 2997 2520 3208
2789 2 2 5 1 5144 598 5830
2790 2 2 5 1 3300 863 4828
2791 2 2 5 1 3529 2221 6273
2792 2 2 5 1 3225 3244 3406
2793 2 2 5 1 4465 3244 4466
2794 2 2 5 1 4815 1962 7025
2795 2 2 5 1 3775 3410 3776
2796 2 2 5 1 1099 1027 5071
2797 2 2 5 1 5041 1205 5127
2798 2 2 5 1 5168 3468 5685
2799 2 2 5 1 2407 2889 4740
2800 2 2 5 1 3352 3350 4623
2801 2 2 5 1 3125 3055 4710
2802 2 2 5 1 1656 1658 4676
2803 2 2 5 1 4397 4394 6720
2804 2 2 5 1 1723 3767 4648
2805 2 2 5 1 1585 1587 1588
2806 2 2 5 1 1995 1992 4762
2807 2 2 5 1 3378 4739 4772
2808 2 2 5 1 572 1744 4782
2809 2 2 5 1 846 845 847
2810 2 2 5 1 2017 1993 5575
2811 2 2 5 1 4809 3744 5678
2812 2 2 5 1 2154 2153 2427
2813 2 2 5 1 2255 2257 5198
2814 2 2 5 1 1709 1005 4497
2815 2 2 5 1 779 762 4746
2816 2 2 5 1 3794 3818 4814
2817 2 2 5 1 4728 5095 5573
2818 2 2 5 1 3348 3346 4705
2819 2 2 5 1 1635 5693 6123
2820 2 2 5 1 3438 4705 4706
2821 2 2 5 1 1588 1589 3942
2822 2 2 5 1 3760 3673 4810
2823 2 2 5 1 3491 4619 4620
2824 2 2 5 1 3403 3402 5138
2825 2 2 5 1 2429 2478 2905
2826 2 2 5 1 3438 3348 4705
2827 2 2 5 1 5057 2559 5277
2828 2 2 5 1 2803 2969 4912
2829 2 2 5 1 4105 2943 4794
2830 2 2 5 1 5050 3852 5178
2831 2 2 5 1 2429 2392 2478
2832 2 2 5 1 4415 4795 5936
2833 2 2 5 1 568 632 4789
2834 2 2 5 1 1723 1704 3767
2835 2 2 5 1 415 4486 6733
2836 2 2 5 1 3935 5202 6287
2837 2 2 5 1 4509 3766 4854
2838 2 2 5 1 3968 3967 6757
2839 2 2 5 1 3847 4765 5166
2840 2 2 5 1 2905 2478 3081
2841 2 2 5 1 3838 5088 5421
2842 2 2 5 1 3380 4604 5228
2843 2 2 5 1 2060 2467 3252
2844 2 2 5 1 2905 3081 3144
2845 2 2 5 1 963 961 4804
2846 2 2 5 1 4115 3150 4572
2847 2 2 5 1 2057 4924 5578
2848 2 2 5 1 4316 3678 4837
2849 2 2 5 1 4910 4235 4912
2850 2 2 5 1 3637 3352 4623
2851 2 2 5 1 44 45 5101
2852 2 2 5 1 1220 1120 1222
2853 2 2 5 1 3711 1439 4808
2854 2 2 5 1 2766 4754 5129
2855 2 2 5 1 3531 2718 6455
2856 2 2 5 1 2760 2477 4544
2857 2 2 5 1 3343 3341 3357
2858 2 2 5 1 1614 4737 5047
2859 2 2 5 1 3106 3103 5027
2860 2 2 5 1 844 845 846
2861 2 2 5 1 4865 2506 5730
2862 2 2 5 1 3144 3081 4060
2863 2 2 5 1 3150 2826 3186
2864 2 2 5 1 5265 3465 5845
2865 2 2 5 1 4610 378 6761
2866 2 2 5 1 6208 3884 6243
2867 2 2 5 1 4763 4159 4764
2868 2 2 5 1 544 546 6073
2869 2 2 5 1 4620 4619 4621
2870 2 2 5 1 2668 2666 3184
2871 2 2 5 1 1585 1584 1586
2872 2 2 5 1 863 860 4828
2873 2 2 5 1 4711 6028 6350
2874 2 2 5 1 5039 3324 5092
2875 2 2 5 1 2281 2524 5156
2876 2 2 5 1 3252 3254 4430
2877 2 2 5 1 3700 4864 5632
2878 2 2 5 1 921 996 4830
2879 2 2 5 1 916 917 4720
2880 2 2 5 1 2489 2491 4824
2881 2 2 5 1 3260 2848 4566
2882 2 2 5 1 4765 3847 5629
2883 2 2 5 1 3627 5229 6108
2884 2 2 5 1 5078 3885 5660
2885 2 2 5 1 210 417 5038
2886 2 2 5 1 1023 1002 5270
2887 2 2 5 1 4933 2156 5117
2888 2 2 5 1 3260 4567 4587
2889 2 2 5 1 3028 3826 4866
2890 2 2 5 1 4522 1533 4523
2891 2 2 5 1 4627 3380 4838
2892 2 2 5 1 1859 5203 5204
2893 2 2 5 1 3491 3343 4619
2894 2 2 5 1 2657 2659 3214
2895 2 2 5 1 1993 1994 5575
2896 2 2 5 1 4697 3396 5047
2897 2 2 5 1 2171 2172 2173
2898 2 2 5 1 2728 2726 3720
2899 2 2 5 1 2173 2392 2429
2900 2 2 5 1 3845 5215 5217
2901 2 2 5 1 2790 2452 3558
2902 2 2 5 1 1073 1065 1074
2903 2 2 5 1 5416 5216 5696
2904 2 2 5 1 1609 1656 4790
2905 2 2 5 1 2280 2261 4988
2906 2 2 5 1 1733 1732 2451
2907 2 2 5 1 3459 3456 6175
2908 2 2 5 1 2452 2451 4688
2909 2 2 5 1 3307 3841 5432
2910 2 2 5 1 4440 1719 5114
2911 2 2 5 1 2176 2237 2825
2912 2 2 5 1 5145 1890 5267
2913 2 2 5 1 821 4930 5272
2914 2 2 5 1 4936 4978 4981
2915 2 2 5 1 4835 1905 5388
2916 2 2 5 1 3231 3233 4768
2917 2 2 5 1 3958 5471 6375
2918 2 2 5 1 2660 2658 2871
2919 2 2 5 1 844 843 845
2920 2 2 5 1 3326 4724 5050
2921 2 2 5 1 1729 842 4695
2922 2 2 5 1 1912 5062 5063
2923 2 2 5 1 1786 1790 4838
2924 2 2 5 1 5734 5130 5875
2925 2 2 5 1 4819 4818 4824
2926 2 2 5 1 4247 3145 4400
2927 2 2 5 1 6339 2797 6368
2928 2 2 5 1 2681 2682 2771
2929 2 2 5 1 3760 4810 4811
2930 2 2 5 1 1207 1205 5041
2931 2 2 5 1 3395 4763 4898
2932 2 2 5 1 4831 903 5293
2933 2 2 5 1 2481 1099 5071
2934 2 2 5 1 1669 1522 5114
2935 2 2 5 1 4429 5105 5340
2936 2 2 5 1 411 22 6483
2937 2 2 5 1 4533 3775 5920
2938 2 2 5 1 1769 4846 5658
2939 2 2 5 1 3270 3131 4797
2940 2 2 5 1 1460 5022 5208
2941 2 2 5 1 5082 413 6999
2942 2 2 5 1 1308 1306 1535
2943 2 2 5 1 3071 3739 3740
2944 2 2 5 1 4190 4055 4191
2945 2 2 5 1 2505 2489 4824
2946 2 2 5 1 1597 4790 4859
2947 2 2 5 1 2218 6222 6235
2948 2 2 5 1 2889 3229 4740
2949 2 2 5 1 2339 2336 4844
2950 2 2 5 1 4561 4562 6954
2951 2 2 5 1 2232 4533 5920
2952 2 2 5 1 1591 1593 1594
2953 2 2 5 1 3620 4075 5603
2954 2 2 5 1 1313 1312 1314
2955 2 2 5 1 4853 3416 5734
2956 2 2 5 1 1638 770 4773
2957 2 2 5 1 1147 4718 4731
2958 2 2 5 1 2663 2664 2665
2959 2 2 5 1 3809 3804 4842
2960 2 2 5 1 404 5479 6103
2961 2 2 5 1 4593 3082 4726
2962 2 2 5 1 4790 4676 5219
2963 2 2 5 1 1912 173 5062
2964 2 2 5 1 4682 4681 4845
2965 2 2 5 1 3354 3352 3637
2966 2 2 5 1 6075 4554 6118
2967 2 2 5 1 4579 4580 4643
2968 2 2 5 1 1940 5905 6037
2969 2 2 5 1 5140 6418 6420
2970 2 2 5 1 2620 2766 5129
2971 2 2 5 1 5100 3368 5605
2972 2 2 5 1 5185 3431 5215
2973 2 2 5 1 2184 3011 3013
2974 2 2 5 1 3282 5857 6760
2975 2 2 5 1 5069 3389 5672
2976 2 2 5 1 5264 2311 5562
2977 2 2 5 1 3350 3348 3438
2978 2 2 5 1 1764 1758 5863
2979 2 2 5 1 3669 2949 4796
2980 2 2 5 1 3678 3676 4837
2981 2 2 5 1 4076 4711 6622
2982 2 2 5 1 4608 2993 4609
2983 2 2 5 1 3386 5087 5126
2984 2 2 5 1 3673 3671 4810
2985 2 2 5 1 1416 1417 4786
2986 2 2 5 1 5112 3374 5113
2987 2 2 5 1 3747 1650 5197
2988 2 2 5 1 4976 4933 5117
2989 2 2 5 1 3745 5075 5583
2990 2 2 5 1 5022 3831 5208
2991 2 2 5 1 5088 1191 5421
2992 2 2 5 1 1483 1630 5020
2993 2 2 5 1 1044 986 2533
2994 2 2 5 1 2320 2323 4719
2995 2 2 5 1 4198 4728 6067
2996 2 2 5 1 2173 2174 2392
2997 2 2 5 1 4694 2911 5057
2998 2 2 5 1 3344 3343 3491
2999 2 2 5 1 4603 5529 5924
3000 2 2 5 1 3967 6679 6704
3001 2 2 5 1 1278 1276 5197
3002 2 2 5 1 4916 2111 7127
3003 2 2 5 1 5264 5265 5845
3004 2 2 5 1 5550 2051 6189
3005 2 2 5 1 1731 1598 1732
3006 2 2 5 1 2516 1738 2517
3007 2 2 5 1 1594 1595 1598
3008 2 2 5 1 1082 1080 4714
3009 2 2 5 1 3583 4809 5678
3010 2 2 5 1 4859 5219 5944
3011 2 2 5 1 3378 4772 5096
3012 2 2 5 1 4606 4605 4608
3013 2 2 5 1 4625 3428 4626
3014 2 2 5 1 4383 6602 7187
3015 2 2 5 1 4375 4299 4376
3016 2 2 5 1 5265 4770 6111
3017 2 2 5 1 1379 1381 4918
3018 2 2 5 1 1673 1574 1738
3019 2 2 5 1 3013 3014 3231
3020 2 2 5 1 2681 2680 2682
3021 2 2 5 1 3356 3354 4655
3022 2 2 5 1 2491 2712 4824
3023 2 2 5 1 4584 4585 4586
3024 2 2 5 1 2499 2509 4903
3025 2 2 5 1 5958 4798 5966
3026 2 2 5 1 3945 5155 5156
3027 2 2 5 1 4251 4191 4252
3028 2 2 5 1 2419 1723 4648
3029 2 2 5 1 3144 4060 4061
3030 2 2 5 1 848 847 849
3031 2 2 5 1 4597 4372 4598
3032 2 2 5 1 4743 5958 5966
3033 2 2 5 1 3524 4928 4929
3034 2 2 5 1 4232 4233 7120
3035 2 2 5 1 3091 2517 3188
3036 2 2 5 1 1847 4534 6284
3037 2 2 5 1 4510 5902 6250
3038 2 2 5 1 5078 4594 5253
3039 2 2 5 1 2266 2010 4993
3040 2 2 5 1 457 4492 6873
3041 2 2 5 1 5236 4166 6116
3042 2 2 5 1 2947 5078 5660
3043 2 2 5 1 4573 3186 4574
3044 2 2 5 1 3270 4797 4829
3045 2 2 5 1 3342 3341 3343
3046 2 2 5 1 959 969 5886
3047 2 2 5 1 4497 1064 6429
3048 2 2 5 1 2496 2499 4903
3049 2 2 5 1 2667 2666 2668
3050 2 2 5 1 830 832 4807
3051 2 2 5 1 1598 1595 4859
3052 2 2 5 1 2114 4775 4776
3053 2 2 5 1 3252 2467 3253
3054 2 2 5 1 854 853 4876
3055 2 2 5 1 1705 1583 4696
3056 2 2 5 1 2943 2315 4794
3057 2 2 5 1 1716 1295 6078
3058 2 2 5 1 560 644 4791
3059 2 2 5 1 1141 1165 4923
3060 2 2 5 1 3746 3231 4768
3061 2 2 5 1 2742 2740 5284
3062 2 2 5 1 3071 3717 3739
3063 2 2 5 1 1983 1981 5883
3064 2 2 5 1 3818 4493 4494
3065 2 2 5 1 5262 5264 5562
3066 2 2 5 1 4542 3535 5918
3067 2 2 5 1 1531 1532 1582
3068 2 2 5 1 4832 4267 5269
3069 2 2 5 1 3861 3526 4323
3070 2 2 5 1 3252 3253 3254
3071 2 2 5 1 2319 2320 4719
3072 2 2 5 1 406 27 6541
3073 2 2 5 1 1075 1074 1076
3074 2 2 5 1 2534 4627 4838
3075 2 2 5 1 858 861 4928
3076 2 2 5 1 3856 5371 5810
3077 2 2 5 1 4724 3852 5050
3078 2 2 5 1 2317 2230 5024
3079 2 2 5 1 1982 1984 5697
3080 2 2 5 1 2910 4657 4986
3081 2 2 5 1 3845 5185 5215
3082 2 2 5 1 5516 1452 5900
3083 2 2 5 1 2137 2136 2188
3084 2 2 5 1 2406 2405 2886
3085 2 2 5 1 1468 1765 4855
3086 2 2 5 1 5150 5149 6047
3087 2 2 5 1 961 4803 4804
3088 2 2 5 1 3841 5442 5908
3089 2 2 5 1 1259 1155 5442
3090 2 2 5 1 2946 3825 4893
3091 2 2 5 1 5955 3565 6098
3092 2 2 5 1 4897 3700 5632
3093 2 2 5 1 4731 4718 4732
3094 2 2 5 1 1912 5063 5064
3095 2 2 5 1 1164 2482 4861
3096 2 2 5 1 2771 2682 2772
3097 2 2 5 1 3803 4089 4799
3098 2 2 5 1 2772 3802 3803
3099 2 2 5 1 3477 4879 5701
3100 2 2 5 1 2899 2505 4818
3101 2 2 5 1 2451 3071 4688
3102 2 2 5 1 848 3502 5220
3103 2 2 5 1 3816 3272 4829
3104 2 2 5 1 2155 2184 4730
3105 2 2 5 1 4931 2156 4932
3106 2 2 5 1 2726 2668 4615
3107 2 2 5 1 1550 1141 4923
3108 2 2 5 1 3694 3188 4313
3109 2 2 5 1 4460 4001 4624
3110 2 2 5 1 4253 4191 5725
3111 2 2 5 1 4076 2523 4711
3112 2 2 5 1 1382 1379 4918
3113 2 2 5 1 4920 1381 5232
3114 2 2 5 1 1784 1786 4838
3115 2 2 5 1 1870 4931 5926
3116 2 2 5 1 1303 1301 1715
3117 2 2 5 1 1216 1084 5311
3118 2 2 5 1 5839 6259 6895
3119 2 2 5 1 4342 4239 6731
3120 2 2 5 1 1392 1394 4744
3121 2 2 5 1 3824 2038 5030
3122 2 2 5 1 2328 2329 2330
3123 2 2 5 1 1064 1065 1073
3124 2 2 5 1 3929 3680 6515
3125 2 2 5 1 3030 3552 3553
3126 2 2 5 1 1589 1590 1591
3127 2 2 5 1 840 842 1729
3128 2 2 5 1 1614 5047 5167
3129 2 2 5 1 832 1727 4807
3130 2 2 5 1 3340 3339 3341
3131 2 2 5 1 4191 4055 5725
3132 2 2 5 1 3384 4720 6164
3133 2 2 5 1 3007 2758 3526
3134 2 2 5 1 932 931 5563
3135 2 2 5 1 3940 5284 5285
3136 2 2 5 1 846 847 848
3137 2 2 5 1 6688 458 6811
3138 2 2 5 1 2740 2773 5284
3139 2 2 5 1 3013 3231 3746
3140 2 2 5 1 2516 2517 3091
3141 2 2 5 1 1594 1593 1595
3142 2 2 5 1 1725 1703 2520
3143 2 2 5 1 2969 4910 4912
3144 2 2 5 1 1866 3374 5112
3145 2 2 5 1 3387 4053 4812
3146 2 2 5 1 4011 5048 5049
3147 2 2 5 1 3091 3188 3694
3148 2 2 5 1 1076 1074 1083
3149 2 2 5 1 1574 1525 4736
3150 2 2 5 1 1147 4717 4718
3151 2 2 5 1 1315 1316 1531
3152 2 2 5 1 3604 3050 5044
3153 2 2 5 1 4680 3553 7140
3154 2 2 5 1 5432 3841 5908
3155 2 2 5 1 5435 810 5438
3156 2 2 5 1 2367 5412 6881
3157 2 2 5 1 3027 3028 4866
3158 2 2 5 1 1535 1306 4704
3159 2 2 5 1 4769 2169 6160
3160 2 2 5 1 919 921 4830
3161 2 2 5 1 1169 5784 5852
3162 2 2 5 1 2407 4740 5781
3163 2 2 5 1 1673 1738 2516
3164 2 2 5 1 3788 5097 5098
3165 2 2 5 1 1449 1392 4744
3166 2 2 5 1 937 974 5013
3167 2 2 5 1 4196 1446 5516
3168 2 2 5 1 2376 3911 5195
3169 2 2 5 1 832 834 1727
3170 2 2 5 1 6353 4143 6572
3171 2 2 5 1 439 5189 5190
3172 2 2 5 1 1084 1054 5974
3173 2 2 5 1 3601 3461 6345
3174 2 2 5 1 3202 4370 5075
3175 2 2 5 1 1572 2060 5692
3176 2 2 5 1 3354 3637 4655
3177 2 2 5 1 2010 2006 4993
3178 2 2 5 1 4628 4105 4794
3179 2 2 5 1 3338 1716 3339
3180 2 2 5 1 4382 3735 4383
3181 2 2 5 1 909 5158 6634
3182 2 2 5 1 1725 2520 2521
3183 2 2 5 1 2451 2896 3071
3184 2 2 5 1 2395 3388 4925
3185 2 2 5 1 3036 3959 6018
3186 2 2 5 1 2800 3607 5160
3187 2 2 5 1 3794 3817 3818
3188 2 2 5 1 1794 1807 4913
3189 2 2 5 1 1002 2679 5270
3190 2 2 5 1 4089 3809 4150
3191 2 2 5 1 3013 3011 3014
3192 2 2 5 1 1086 1082 1147
3193 2 2 5 1 5195 3911 5719
3194 2 2 5 1 2524 3945 5156
3195 2 2 5 1 842 843 844
3196 2 2 5 1 1745 1396 5039
3197 2 2 5 1 1770 642 5819
3198 2 2 5 1 1815 2156 4931
3199 2 2 5 1 4860 1164 4861
3200 2 2 5 1 5371 984 5810
3201 2 2 5 1 6276 4499 6386
3202 2 2 5 1 969 981 982
3203 2 2 5 1 332 331 4663
3204 2 2 5 1 1088 1086 4731
3205 2 2 5 1 3612 3601 6362
3206 2 2 5 1 770 772 4773
3207 2 2 5 1 4381 6249 6973
3208 2 2 5 1 4779 3142 5169
3209 2 2 5 1 1196 1769 5658
3210 2 2 5 1 2873 5567 6153
3211 2 2 5 1 966 965 967
3212 2 2 5 1 4576 3817 5198
3213 2 2 5 1 3731 3150 4115
3214 2 2 5 1 1720 2219 5033
3215 2 2 5 1 562 564 4749
3216 2 2 5 1 4815 3223 4816
3217 2 2 5 1 439 204 5189
3218 2 2 5 1 2230 2016 5024
3219 2 2 5 1 1533 1312 4524
3220 2 2 5 1 3491 4622 4777
3221 2 2 5 1 6685 5019 6777
3222 2 2 5 1 3694 4313 4326
3223 2 2 5 1 2993 2662 4611
3224 2 2 5 1 3803 3804 3809
3225 2 2 5 1 970 967 971
3226 2 2 5 1 4926 1408 5429
3227 2 2 5 1 2176 2825 4707
3228 2 2 5 1 4892 2018 5892
3229 2 2 5 1 1745 5092 6462
3230 2 2 5 1 5002 937 5013
3231 2 2 5 1 778 781 1714
3232 2 2 5 1 1412 1413 5073
3233 2 2 5 1 2790 3558 4692
3234 2 2 5 1 2425 3153 5048
3235 2 2 5 1 172 1912 5065
3236 2 2 5 1 3788 5098 5099
3237 2 2 5 1 3153 4319 5048
3238 2 2 5 1 556 558 4793
3239 2 2 5 1 964 963 965
3240 2 2 5 1 5141 1223 5289
3241 2 2 5 1 1439 1429 4808
3242 2 2 5 1 3545 4352 6317
3243 2 2 5 1 850 849 851
3244 2 2 5 1 1704 1493 4599
3245 2 2 5 1 2412 2413 2852
3246 2 2 5 1 776 778 4702
3247 2 2 5 1 1801 1803 5051
3248 2 2 5 1 1457 1460 5208
3249 2 2 5 1 4918 1381 4919
3250 2 2 5 1 1145 1146 1525
3251 2 2 5 1 4834 5270 5271
3252 2 2 5 1 2998 2997 3145
3253 2 2 5 1 558 4791 4793
3254 2 2 5 1 3566 3362 4546
3255 2 2 5 1 1733 2451 2452
3256 2 2 5 1 1145 1097 1146
3257 2 2 5 1 5430 2686 5651
3258 2 2 5 1 1901 679 5125
3259 2 2 5 1 3073 4346 6567
3260 2 2 5 1 5863 1756 5928
3261 2 2 5 1 4066 6414 6571
3262 2 2 5 1 2171 2173 4802
3263 2 2 5 1 4118 5011 7045
3264 2 2 5 1 2399 2188 2758
3265 2 2 5 1 3817 3792 5198
3266 2 2 5 1 2037 2040 5030
3267 2 2 5 1 551 554 4774
3268 2 2 5 1 3337 5291 5771
3269 2 2 5 1 3123 2518 5033
3270 2 2 5 1 3560 2136 4805
3271 2 2 5 1 2937 705 5054
3272 2 2 5 1 1525 1146 1526
3273 2 2 5 1 431 5425 5426
3274 2 2 5 1 3479 3014 5463
3275 2 2 5 1 3103 3102 5027
3276 2 2 5 1 4853 5734 5875
3277 2 2 5 1 2057 2453 2454
3278 2 2 5 1 2692 1982 5697
3279 2 2 5 1 4897 1708 5462
3280 2 2 5 1 1790 2534 4838
3281 2 2 5 1 554 746 4774
3282 2 2 5 1 3014 3011 5463
3283 2 2 5 1 2008 2018 4892
3284 2 2 5 1 3480 544 6073
3285 2 2 5 1 1073 1074 1075
3286 2 2 5 1 4540 1270 6241
3287 2 2 5 1 1739 919 4830
3288 2 2 5 1 4934 4936 4981
3289 2 2 5 1 3874 5164 5824
3290 2 2 5 1 4840 1519 5722
3291 2 2 5 1 774 828 4703
3292 2 2 5 1 3629 3125 4322
3293 2 2 5 1 774 776 828
3294 2 2 5 1 1077 1076 1078
3295 2 2 5 1 784 785 786
3296 2 2 5 1 964 965 966
3297 2 2 5 1 1618 1582 6056
3298 2 2 5 1 1731 1732 1733
3299 2 2 5 1 3859 3106 5027
3300 2 2 5 1 856 858 4928
3301 2 2 5 1 923 927 4856
3302 2 2 5 1 4527 1535 4704
3303 2 2 5 1 3227 3999 4874
3304 2 2 5 1 3327 3330 4742
3305 2 2 5 1 566 568 4789
3306 2 2 5 1 4919 1381 4920
3307 2 2 5 1 683 684 5086
3308 2 2 5 1 570 572 4782
3309 2 2 5 1 2331 2330 2332
3310 2 2 5 1 3798 4994 4995
3311 2 2 5 1 3231 3232 3233
3312 2 2 5 1 2332 2333 2334
3313 2 2 5 1 5087 3386 5125
3314 2 2 5 1 5219 4441 5944
3315 2 2 5 1 778 1714 4702
3316 2 2 5 1 1394 1745 4744
3317 2 2 5 1 1096 1095 1097
3318 2 2 5 1 3670 3669 3671
3319 2 2 5 1 1591 1592 1593
3320 2 2 5 1 3671 4712 4810
3321 2 2 5 1 4880 2495 4881
3322 2 2 5 1 1096 1097 1145
3323 2 2 5 1 5216 5185 5696
3324 2 2 5 1 4668 4670 4671
3325 2 2 5 1 3794 3792 3817
3326 2 2 5 1 1582 1583 1705
3327 2 2 5 1 971 1059 1060
3328 2 2 5 1 4047 3127 4683
3329 2 2 5 1 828 776 4702
3330 2 2 5 1 5925 1108 6030
3331 2 2 5 1 1529 1259 5442
3332 2 2 5 1 3803 3802 3804
3333 2 2 5 1 3214 2659 5477
3334 2 2 5 1 2326 2327 2328
3335 2 2 5 1 3359 3356 3742
3336 2 2 5 1 4932 2156 4933
3337 2 2 5 1 786 788 789
3338 2 2 5 1 3200 3202 5075
3339 2 2 5 1 5126 6075 6118
3340 2 2 5 1 1182 1181 5239
3341 2 2 5 1 3812 3678 3813
3342 2 2 5 1 1163 1164 4860
3343 2 2 5 1 1405 1408 4926
3344 2 2 5 1 2255 2256 2257
3345 2 2 5 1 2336 2334 4844
3346 2 2 5 1 2665 2666 2667
3347 2 2 5 1 5131 1770 5819
3348 2 2 5 1 1286 1285 6031
3349 2 2 5 1 3677 3676 3678
3350 2 2 5 1 966 967 970
3351 2 2 5 1 6160 2169 6165
3352 2 2 5 1 3247 4265 5014
3353 2 2 5 1 2315 2316 4794
3354 2 2 5 1 1525 1526 4736
3355 2 2 5 1 3620 3621 4075
3356 2 2 5 1 3231 3014 3232
3357 2 2 5 1 1094 1093 1095
3358 2 2 5 1 4242 4243 4338
3359 2 2 5 1 4595 5516 5900
3360 2 2 5 1 3720 2726 4615
3361 2 2 5 1 1603 1746 1747
3362 2 2 5 1 381 5246 6668
3363 2 2 5 1 5263 4770 5265
3364 2 2 5 1 3222 3223 4815
3365 2 2 5 1 829 915 2057
3366 2 2 5 1 786 787 788
3367 2 2 5 1 2836 2803 4912
3368 2 2 5 1 2060 2466 2467
3369 2 2 5 1 3409 3408 3410
3370 2 2 5 1 1058 5115 5682
3371 2 2 5 1 3813 4316 4417
3372 2 2 5 1 3525 3524 5988
3373 2 2 5 1 2559 2541 5277
3374 2 2 5 1 1464 1490 5022
3375 2 2 5 1 962 963 964
3376 2 2 5 1 852 851 853
3377 2 2 5 1 1080 1726 4714
3378 2 2 5 1 1428 3311 5193
3379 2 2 5 1 1703 1701 4878
3380 2 2 5 1 3672 3671 3673
3381 2 2 5 1 4529 2061 6412
3382 2 2 5 1 3530 3613 4249
3383 2 2 5 1 3676 3760 4837
3384 2 2 5 1 781 783 784
3385 2 2 5 1 4546 3362 4547
3386 2 2 5 1 6418 3618 6420
3387 2 2 5 1 3050 3048 5044
3388 2 2 5 1 3040 3829 5161
3389 2 2 5 1 3049 3050 3200
3390 2 2 5 1 2464 2946 4893
3391 2 2 5 1 1080 1078 1726
3392 2 2 5 1 1021 1032 4851
3393 2 2 5 1 1594 1731 4785
3394 2 2 5 1 683 5086 5087
3395 2 2 5 1 2187 2395 4925
3396 2 2 5 1 2169 1681 5122
3397 2 2 5 1 778 780 781
3398 2 2 5 1 1276 1273 4990
3399 2 2 5 1 2171 2170 2172
3400 2 2 5 1 772 774 4703
3401 2 2 5 1 1472 1579 4989
3402 2 2 5 1 2257 2258 2259
3403 2 2 5 1 1428 1427 1429
3404 2 2 5 1 4295 4163 6690
3405 2 2 5 1 1425 1428 5193
3406 2 2 5 1 3674 3673 3676
3407 2 2 5 1 4868 4869 4871
3408 2 2 5 1 5111 3417 5449
3409 2 2 5 1 2852 2853 3027
3410 2 2 5 1 5115 3846 5682
3411 2 2 5 1 1297 1295 1716
3412 2 2 5 1 2412 2402 2413
3413 2 2 5 1 3126 3125 3629
3414 2 2 5 1 4545 1772 6356
3415 2 2 5 1 3629 4322 4351
3416 2 2 5 1 3467 5581 5871
3417 2 2 5 1 5164 1844 5824
3418 2 2 5 1 3818 3817 4493
3419 2 2 5 1 4333 4334 4335
3420 2 2 5 1 3793 3792 3794
3421 2 2 5 1 2523 818 6028
3422 2 2 5 1 5022 1490 5023
3423 2 2 5 1 3667 2949 3669
3424 2 2 5 1 2057 915 2453
3425 2 2 5 1 3054 3123 3738
3426 2 2 5 1 4932 4933 4934
3427 2 2 5 1 4928 861 4929
3428 2 2 5 1 1027 990 5071
3429 2 2 5 1 3027 2853 3028
3430 2 2 5 1 1740 4342 6709
3431 2 2 5 1 776 777 778
3432 2 2 5 1 620 622 5120
3433 2 2 5 1 974 1102 5013
3434 2 2 5 1 2594 3477 5701
3435 2 2 5 1 1718 1719 1720
3436 2 2 5 1 594 598 5144
3437 2 2 5 1 4333 4061 4334
3438 2 2 5 1 5784 5149 5852
3439 2 2 5 1 5137 3459 6175
3440 2 2 5 1 846 848 5220
3441 2 2 5 1 1086 1147 4731
3442 2 2 5 1 1477 1483 5020
3443 2 2 5 1 6403 3090 6522
3444 2 2 5 1 4728 3336 5095
3445 2 2 5 1 2009 2006 2010
3446 2 2 5 1 4662 332 4663
3447 2 2 5 1 3772 4660 6223
3448 2 2 5 1 1595 1597 4859
3449 2 2 5 1 1094 1095 1096
3450 2 2 5 1 1532 1316 5290
3451 2 2 5 1 1735 1422 5193
3452 2 2 5 1 2015 2010 2016
3453 2 2 5 1 2219 4708 5033
3454 2 2 5 1 2429 2905 3722
3455 2 2 5 1 1981 2710 5883
3456 2 2 5 1 2518 1720 5033
3457 2 2 5 1 1090 1088 4745
3458 2 2 5 1 4494 4493 4496
3459 2 2 5 1 3803 3809 4089
3460 2 2 5 1 3148 2826 3150
3461 2 2 5 1 756 754 1144
3462 2 2 5 1 956 1768 4803
3463 2 2 5 1 4871 4872 4873
3464 2 2 5 1 1896 5223 5224
3465 2 2 5 1 909 6634 6673
3466 2 2 5 1 3049 3048 3050
3467 2 2 5 1 962 961 963
3468 2 2 5 1 5070 3424 5608
3469 2 2 5 1 2229 2016 2230
3470 2 2 5 1 2619 2622 4986
3471 2 2 5 1 4861 2486 5834
3472 2 2 5 1 2680 1601 4843
3473 2 2 5 1 2949 2691 4796
3474 2 2 5 1 4152 3145 4247
3475 2 2 5 1 604 601 5228
3476 2 2 5 1 5068 2983 5891
3477 2 2 5 1 2005 2004 2006
3478 2 2 5 1 4860 4861 4862
3479 2 2 5 1 1745 5039 5092
3480 2 2 5 1 1428 1429 1439
3481 2 2 5 1 558 560 4791
3482 2 2 5 1 4731 4732 4745
3483 2 2 5 1 1076 1083 5702
3484 2 2 5 1 3031 4003 4904
3485 2 2 5 1 813 820 5094
3486 2 2 5 1 2323 2322 2324
3487 2 2 5 1 3400 2608 5531
3488 2 2 5 1 2825 4584 4707
3489 2 2 5 1 903 900 5293
3490 2 2 5 1 2254 2253 2255
3491 2 2 5 1 3517 3639 4894
3492 2 2 5 1 4183 4543 6259
3493 2 2 5 1 3788 645 5097
3494 2 2 5 1 1088 4731 4745
3495 2 2 5 1 2393 3029 3030
3496 2 2 5 1 3617 3993 4868
3497 2 2 5 1 2259 2260 2261
3498 2 2 5 1 2288 604 5228
3499 2 2 5 1 1132 1021 4851
3500 2 2 5 1 44 5101 6295
3501 2 2 5 1 3491 4620 4622
3502 2 2 5 1 1708 4897 5632
3503 2 2 5 1 622 1772 5120
3504 2 2 5 1 3112 3260 4687
3505 2 2 5 1 3818 4494 4495
3506 2 2 5 1 858 857 859
3507 2 2 5 1 2328 2327 2329
3508 2 2 5 1 5126 2963 6075
3509 2 2 5 1 4760 4761 6331
3510 2 2 5 1 2162 2680 2681
3511 2 2 5 1 1072 1093 1094
3512 2 2 5 1 1656 4676 4790
3513 2 2 5 1 553 5867 6797
3514 2 2 5 1 4934 4933 4936
3515 2 2 5 1 915 4807 5644
3516 2 2 5 1 3938 2418 5015
3517 2 2 5 1 3774 4743 5966
3518 2 2 5 1 4015 4547 6589
3519 2 2 5 1 586 720 5103
3520 2 2 5 1 1072 1094 5288
3521 2 2 5 1 1452 1453 1454
3522 2 2 5 1 2383 3623 5124
3523 2 2 5 1 2357 2281 5156
3524 2 2 5 1 3178 4286 5196
3525 2 2 5 1 1060 1071 1072
3526 2 2 5 1 2328 2330 2331
3527 2 2 5 1 1763 2252 2253
3528 2 2 5 1 844 846 912
3529 2 2 5 1 2493 2495 4880
3530 2 2 5 1 3028 3240 3826
3531 2 2 5 1 2852 2413 2853
3532 2 2 5 1 1425 1427 1428
3533 2 2 5 1 4512 4105 4513
3534 2 2 5 1 2475 2443 3082
3535 2 2 5 1 4871 4869 4872
3536 2 2 5 1 4868 3993 4869
3537 2 2 5 1 2669 2668 2726
3538 2 2 5 1 3200 3050 3201
3539 2 2 5 1 996 923 4856
3540 2 2 5 1 5738 1947 5740
3541 2 2 5 1 3200 3201 3202
3542 2 2 5 1 2332 2330 2333
3543 2 2 5 1 774 775 776
3544 2 2 5 1 644 562 4749
3545 2 2 5 1 4840 4841 5806
3546 2 2 5 1 762 760 4746
3547 2 2 5 1 554 556 746
3548 2 2 5 1 4798 3521 5905
3549 2 2 5 1 3209 5297 5732
3550 2 2 5 1 2478 2392 3285
3551 2 2 5 1 420 207 5035
3552 2 2 5 1 694 697 5831
3553 2 2 5 1 4332 4061 4333
3554 2 2 5 1 386 5351 5352
3555 2 2 5 1 3671 3669 4712
3556 2 2 5 1 2264 2402 2412
3557 2 2 5 1 5004 5002 5013
3558 2 2 5 1 3554 3553 4680
3559 2 2 5 1 1753 1752 1754
3560 2 2 5 1 1720 1719 2219
3561 2 2 5 1 4585 4582 6051
3562 2 2 5 1 3548 6208 6244
3563 2 2 5 1 3857 5032 5413
3564 2 2 5 1 2315 2230 2316
3565 2 2 5 1 3847 5166 5525
3566 2 2 5 1 2173 2172 2174
3567 2 2 5 1 417 211 5046
3568 2 2 5 1 4746 2522 4747
3569 2 2 5 1 1865 1866 5112
3570 2 2 5 1 679 680 5125
3571 2 2 5 1 3130 3998 4069
3572 2 2 5 1 4237 4685 4686
3573 2 2 5 1 917 919 1739
3574 2 2 5 1 3023 2811 4898
3575 2 2 5 1 4303 4083 6258
3576 2 2 5 1 1420 1422 1735
3577 2 2 5 1 1718 1669 1719
3578 2 2 5 1 4202 3297 5001
3579 2 2 5 1 2772 3801 3802
3580 2 2 5 1 430 5359 5360
3581 2 2 5 1 1594 1598 1731
3582 2 2 5 1 848 849 850
3583 2 2 5 1 4658 3408 4659
3584 2 2 5 1 760 758 2522
3585 2 2 5 1 921 922 923
3586 2 2 5 1 209 210 5038
3587 2 2 5 1 4708 4364 5033
3588 2 2 5 1 4714 1726 4715
3589 2 2 5 1 4906 2804 4908
3590 2 2 5 1 560 562 644
3591 2 2 5 1 4937 4934 4981
3592 2 2 5 1 1756 1762 1763
3593 2 2 5 1 705 706 5054
3594 2 2 5 1 697 5105 5831
3595 2 2 5 1 3253 3255 3256
3596 2 2 5 1 3336 3101 5095
3597 2 2 5 1 2391 1699 4890
3598 2 2 5 1 4280 4278 4850
3599 2 2 5 1 4882 4883 4884
3600 2 2 5 1 697 698 5340
3601 2 2 5 1 5058 1907 5067
3602 2 2 5 1 817 807 5440
3603 2 2 5 1 4834 1107 5270
3604 2 2 5 1 1589 1591 4785
3605 2 2 5 1 590 1932 5123
3606 2 2 5 1 2485 3394 5730
3607 2 2 5 1 4411 4412 5939
3608 2 2 5 1 4754 4756 5129
3609 2 2 5 1 6069 4974 6152
3610 2 2 5 1 3397 4699 4700
3611 2 2 5 1 2009 2010 2015
3612 2 2 5 1 758 756 4729
3613 2 2 5 1 3361 3359 3362
3614 2 2 5 1 2015 2016 2229
3615 2 2 5 1 5117 1811 6023
3616 2 2 5 1 3785 3313 5134
3617 2 2 5 1 214 407 5055
3618 2 2 5 1 2005 2006 2009
3619 2 2 5 1 3544 3547 5779
3620 2 2 5 1 2454 3046 3048
3621 2 2 5 1 5077 3885 5078
3622 2 2 5 1 859 1743 2308
3623 2 2 5 1 1792 1794 4913
3624 2 2 5 1 2407 2024 2408
3625 2 2 5 1 2334 2347 4844
3626 2 2 5 1 176 1907 5058
3627 2 2 5 1 632 570 4782
3628 2 2 5 1 1734 566 4789
3629 2 2 5 1 1751 1750 1752
3630 2 2 5 1 3115 3714 5016
3631 2 2 5 1 801 810 5435
3632 2 2 5 1 572 574 1744
3633 2 2 5 1 1172 1171 6498
3634 2 2 5 1 3812 3813 4337
3635 2 2 5 1 2771 2772 4799
3636 2 2 5 1 1098 1099 1163
3637 2 2 5 1 1440 1412 1750
3638 2 2 5 1 564 566 1734
3639 2 2 5 1 2454 3048 3049
3640 2 2 5 1 4104 2943 4105
3641 2 2 5 1 3119 3219 5192
3642 2 2 5 1 1107 1023 5270
3643 2 2 5 1 4693 4692 6619
3644 2 2 5 1 5697 4892 5698
3645 2 2 5 1 2229 2230 2315
3646 2 2 5 1 2003 2002 2004
3647 2 2 5 1 3795 3794 4814
3648 2 2 5 1 2912 4050 5079
3649 2 2 5 1 2670 2523 4076
3650 2 2 5 1 1163 1099 1164
3651 2 2 5 1 1072 1092 1093
3652 2 2 5 1 4787 1735 4788
3653 2 2 5 1 5285 2773 5286
3654 2 2 5 1 961 958 4803
3655 2 2 5 1 1870 1817 4931
3656 2 2 5 1 1422 1424 1425
3657 2 2 5 1 3677 3678 3812
3658 2 2 5 1 764 762 779
3659 2 2 5 1 856 854 857
3660 2 2 5 1 2049 2851 5029
3661 2 2 5 1 3710 1439 3711
3662 2 2 5 1 4432 4922 5192
3663 2 2 5 1 836 838 926
3664 2 2 5 1 1589 1587 1590
3665 2 2 5 1 917 918 919
3666 2 2 5 1 4237 3730 4408
3667 2 2 5 1 1425 1426 1427
3668 2 2 5 1 2439 2442 6427
3669 2 2 5 1 919 920 921
3670 2 2 5 1 5382 5096 5683
3671 2 2 5 1 1402 3324 5039
3672 2 2 5 1 1755 1754 1756
3673 2 2 5 1 5436 5435 5438
3674 2 2 5 1 2544 3844 5051
3675 2 2 5 1 3233 3245 4291
3676 2 2 5 1 840 841 842
3677 2 2 5 1 1429 1431 4808
3678 2 2 5 1 2772 3803 4799
3679 2 2 5 1 4936 4977 4978
3680 2 2 5 1 4914 936 6234
3681 2 2 5 1 1420 1421 1422
3682 2 2 5 1 2889 2408 2890
3683 2 2 5 1 2425 2469 3153
3684 2 2 5 1 811 779 812
3685 2 2 5 1 4978 4977 4979
3686 2 2 5 1 3337 2469 5291
3687 2 2 5 1 3153 3226 4318
3688 2 2 5 1 1803 1846 5051
3689 2 2 5 1 2727 2726 2728
3690 2 2 5 1 2001 2000 2002
3691 2 2 5 1 3388 3387 4812
3692 2 2 5 1 3370 3367 5253
3693 2 2 5 1 1996 1995 1997
3694 2 2 5 1 3054 2518 3123
3695 2 2 5 1 2451 1732 2896
3696 2 2 5 1 334 1685 5147
3697 2 2 5 1 5048 4319 5049
3698 2 2 5 1 2346 2352 5291
3699 2 2 5 1 2488 2489 2505
3700 2 2 5 1 431 5424 5425
3701 2 2 5 1 3358 3356 3359
3702 2 2 5 1 990 939 3384
3703 2 2 5 1 1998 1997 2000
3704 2 2 5 1 1098 1027 1099
3705 2 2 5 1 2454 2453 3046
3706 2 2 5 1 5018 1477 5020
3707 2 2 5 1 568 570 632
3708 2 2 5 1 3030 3029 3552
3709 2 2 5 1 1079 1078 1080
3710 2 2 5 1 826 827 916
3711 2 2 5 1 3186 2826 4575
3712 2 2 5 1 3380 1784 4838
3713 2 2 5 1 1994 1992 1995
3714 2 2 5 1 2334 2333 2347
3715 2 2 5 1 1094 2098 5288
3716 2 2 5 1 1917 4436 6698
3717 2 2 5 1 2975 2132 3308
3718 2 2 5 1 820 821 826
3719 2 2 5 1 1522 1163 4860
3720 2 2 5 1 862 860 863
3721 2 2 5 1 3737 3227 4874
3722 2 2 5 1 2319 2318 2320
3723 2 2 5 1 3667 3669 3670
3724 2 2 5 1 813 814 820
3725 2 2 5 1 3670 3671 3672
3726 2 2 5 1 2486 2487 2488
3727 2 2 5 1 173 174 5062
3728 2 2 5 1 4338 4243 4339
3729 2 2 5 1 934 937 5002
3730 2 2 5 1 3179 2890 3227
3731 2 2 5 1 3424 5070 5609
3732 2 2 5 1 3674 3676 3677
3733 2 2 5 1 1429 1430 1431
3734 2 2 5 1 2155 2183 2184
3735 2 2 5 1 923 922 924
3736 2 2 5 1 960 958 961
3737 2 2 5 1 1988 1986 3391
3738 2 2 5 1 2467 2466 6180
3739 2 2 5 1 2758 2188 6355
3740 2 2 5 1 2292 2038 2293
3741 2 2 5 1 4630 4629 4631
3742 2 2 5 1 3706 765 5384
3743 2 2 5 1 811 812 813
3744 2 2 5 1 655 3885 5077
3745 2 2 5 1 2324 2325 2326
3746 2 2 5 1 3143 4011 5106
3747 2 2 5 1 4104 4105 4512
3748 2 2 5 1 1462 5933 6117
3749 2 2 5 1 2338 2336 2339
3750 2 2 5 1 3344 3491 4777
3751 2 2 5 1 3272 3270 4829
3752 2 2 5 1 2442 6227 6434
3753 2 2 5 1 5007 5004 5013
3754 2 2 5 1 2349 2346 2354
3755 2 2 5 1 3755 3109 3940
3756 2 2 5 1 193 194 5424
3757 2 2 5 1 3936 3222 4815
3758 2 2 5 1 3722 4542 5918
3759 2 2 5 1 2320 2322 2323
3760 2 2 5 1 191 192 5427
3761 2 2 5 1 3417 1956 5449
3762 2 2 5 1 5581 2113 5871
3763 2 2 5 1 3663 6495 6538
3764 2 2 5 1 6213 5171 6409
3765 2 2 5 1 3342 3343 3344
3766 2 2 5 1 923 924 927
3767 2 2 5 1 4513 4629 4630
3768 2 2 5 1 3676 3673 3760
3769 2 2 5 1 3738 3123 4287
3770 2 2 5 1 4643 4580 4645
3771 2 2 5 1 610 611 612
3772 2 2 5 1 607 609 610
3773 2 2 5 1 2259 2261 2280
3774 2 2 5 1 2811 2808 4898
3775 2 2 5 1 1726 1078 5702
3776 2 2 5 1 2622 2910 4986
3777 2 2 5 1 1410 1411 1412
3778 2 2 5 1 956 954 1768
3779 2 2 5 1 4481 4280 4850
3780 2 2 5 1 1905 1324 5388
3781 2 2 5 1 3623 2381 5881
3782 2 2 5 1 605 606 607
3783 2 2 5 1 3153 2469 3226
3784 2 2 5 1 2344 2343 2346
3785 2 2 5 1 4897 5462 5561
3786 2 2 5 1 813 812 814
3787 2 2 5 1 2469 2354 5291
3788 2 2 5 1 4770 5263 5523
3789 2 2 5 1 814 1495 4930
3790 2 2 5 1 2333 2330 5664
3791 2 2 5 1 1337 1340 5383
3792 2 2 5 1 2255 2253 2256
3793 2 2 5 1 4908 4909 6454
3794 2 2 5 1 3672 3673 3674
3795 2 2 5 1 1143 3393 5118
3796 2 2 5 1 1992 1988 4762
3797 2 2 5 1 5786 721 6931
3798 2 2 5 1 4513 4628 4629
3799 2 2 5 1 921 920 922
3800 2 2 5 1 1313 1314 1315
3801 2 2 5 1 3601 6345 6362
3802 2 2 5 1 3323 3317 5174
3803 2 2 5 1 1075 1076 1077
3804 2 2 5 1 3813 3678 4316
3805 2 2 5 1 860 859 4828
3806 2 2 5 1 2770 2293 3282
3807 2 2 5 1 2003 2004 2005
3808 2 2 5 1 687 5084 5085
3809 2 2 5 1 549 551 2114
3810 2 2 5 1 1413 1415 1416
3811 2 2 5 1 958 956 4803
3812 2 2 5 1 2519 2518 3054
3813 2 2 5 1 5671 629 5906
3814 2 2 5 1 2316 2317 2318
3815 2 2 5 1 5097 1770 5098
3816 2 2 5 1 1586 4442 5775
3817 2 2 5 1 703 750 5031
3818 2 2 5 1 3804 3806 4842
3819 2 2 5 1 603 604 605
3820 2 2 5 1 2022 2023 2024
3821 2 2 5 1 4291 3245 5014
3822 2 2 5 1 482 741 6070
3823 2 2 5 1 1896 5224 5805
3824 2 2 5 1 2480 2912 5079
3825 2 2 5 1 2884 2885 5080
3826 2 2 5 1 2346 2343 2352
3827 2 2 5 1 3313 2864 5134
3828 2 2 5 1 2320 2321 2322
3829 2 2 5 1 1917 253 5213
3830 2 2 5 1 1081 1080 1082
3831 2 2 5 1 2486 2485 2487
3832 2 2 5 1 764 779 811
3833 2 2 5 1 4634 4633 4635
3834 2 2 5 1 1055 1052 5266
3835 2 2 5 1 2311 5264 5845
3836 2 2 5 1 2407 2408 2889
3837 2 2 5 1 1779 5172 5276
3838 2 2 5 1 2316 2318 2319
3839 2 2 5 1 5297 3892 5732
3840 2 2 5 1 265 5469 6077
3841 2 2 5 1 4149 5251 5585
3842 2 2 5 1 2215 5372 5946
3843 2 2 5 1 396 5210 5211
3844 2 2 5 1 5080 2885 5083
3845 2 2 5 1 1526 4877 6266
3846 2 2 5 1 711 1105 5053
3847 2 2 5 1 3202 3203 3204
3848 2 2 5 1 2975 3308 3422
3849 2 2 5 1 1426 2788 5021
3850 2 2 5 1 820 814 821
3851 2 2 5 1 2488 2487 2489
3852 2 2 5 1 4588 2845 5116
3853 2 2 5 1 2712 2493 4880
3854 2 2 5 1 3227 3228 3999
3855 2 2 5 1 5263 2961 5523
3856 2 2 5 1 620 621 622
3857 2 2 5 1 2482 2485 2486
3858 2 2 5 1 5186 420 5187
3859 2 2 5 1 4752 4314 4753
3860 2 2 5 1 574 575 576
3861 2 2 5 1 2316 2319 4794
3862 2 2 5 1 3806 3810 4842
3863 2 2 5 1 2156 1813 5117
3864 2 2 5 1 3386 1901 5125
3865 2 2 5 1 1817 1815 4931
3866 2 2 5 1 2034 2035 2036
3867 2 2 5 1 2154 2428 3264
3868 2 2 5 1 1859 1853 5203
3869 2 2 5 1 3899 3900 3901
3870 2 2 5 1 3222 2899 3223
3871 2 2 5 1 612 613 615
3872 2 2 5 1 156 4410 7192
3873 2 2 5 1 2778 2698 5052
3874 2 2 5 1 1375 2061 5232
3875 2 2 5 1 3130 2822 3998
3876 2 2 5 1 3055 3054 4710
3877 2 2 5 1 826 821 827
3878 2 2 5 1 2889 2890 3179
3879 2 2 5 1 2425 2354 2469
3880 2 2 5 1 4430 3254 7048
3881 2 2 5 1 2851 2464 4893
3882 2 2 5 1 1846 1876 2544
3883 2 2 5 1 2032 2033 2034
3884 2 2 5 1 2120 1590 5775
3885 2 2 5 1 5248 3821 5467
3886 2 2 5 1 4935 4934 4937
3887 2 2 5 1 5173 3565 5276
3888 2 2 5 1 615 617 618
3889 2 2 5 1 594 597 598
3890 2 2 5 1 3057 3055 3125
3891 2 2 5 1 1717 1669 1718
3892 2 2 5 1 5071 3384 6072
3893 2 2 5 1 916 827 917
3894 2 2 5 1 919 918 920
3895 2 2 5 1 1591 1590 1592
3896 2 2 5 1 2101 5448 6625
3897 2 2 5 1 4066 3321 5183
3898 2 2 5 1 5372 3983 5946
3899 2 2 5 1 2114 4776 6073
3900 2 2 5 1 5077 5078 5253
3901 2 2 5 1 3202 3201 3203
3902 2 2 5 1 5806 4841 5844
3903 2 2 5 1 3710 3711 4288
3904 2 2 5 1 4638 4637 4639
3905 2 2 5 1 2802 2804 4906
3906 2 2 5 1 2808 2806 4898
3907 2 2 5 1 1396 1399 5039
3908 2 2 5 1 3261 3222 3936
3909 2 2 5 1 3355 3354 3356
3910 2 2 5 1 2132 1382 4918
3911 2 2 5 1 4890 1697 6046
3912 2 2 5 1 1490 1466 4855
3913 2 2 5 1 2036 2037 2038
3914 2 2 5 1 1466 1468 4855
3915 2 2 5 1 639 1770 5097
3916 2 2 5 1 3305 1060 5288
3917 2 2 5 1 2022 2024 2407
3918 2 2 5 1 842 841 843
3919 2 2 5 1 1410 1412 1440
3920 2 2 5 1 1756 1754 1762
3921 2 2 5 1 1431 1434 1435
3922 2 2 5 1 4654 5863 5928
3923 2 2 5 1 3179 3227 3737
3924 2 2 5 1 1085 1082 1086
3925 2 2 5 1 856 857 858
3926 2 2 5 1 1417 1419 1420
3927 2 2 5 1 3806 3808 3810
3928 2 2 5 1 3324 1404 3325
3929 2 2 5 1 404 6103 6623
3930 2 2 5 1 619 618 620
3931 2 2 5 1 971 967 1059
3932 2 2 5 1 1299 6112 6113
3933 2 2 5 1 3438 4706 4914
3934 2 2 5 1 5244 5246 5366
3935 2 2 5 1 2520 1703 4878
3936 2 2 5 1 971 1060 3305
3937 2 2 5 1 2008 2012 2018
3938 2 2 5 1 1908 5118 5119
3939 2 2 5 1 4832 5269 5393
3940 2 2 5 1 407 215 5121
3941 2 2 5 1 792 790 798
3942 2 2 5 1 1990 2008 4892
3943 2 2 5 1 3361 3362 3566
3944 2 2 5 1 1440 2686 5429
3945 2 2 5 1 927 928 929
3946 2 2 5 1 2356 2354 2425
3947 2 2 5 1 1475 1477 5018
3948 2 2 5 1 3233 3234 3245
3949 2 2 5 1 1265 1207 5041
3950 2 2 5 1 929 930 934
3951 2 2 5 1 2108 5150 5170
3952 2 2 5 1 5284 2773 5285
3953 2 2 5 1 1276 4990 5197
3954 2 2 5 1 2767 2545 2768
3955 2 2 5 1 2338 2339 2340
3956 2 2 5 1 862 863 864
3957 2 2 5 1 3825 3517 4894
3958 2 2 5 1 859 2308 4828
3959 2 2 5 1 5497 2748 5642
3960 2 2 5 1 2700 2627 5165
3961 2 2 5 1 1014 1017 5130
3962 2 2 5 1 4635 4636 4637
3963 2 2 5 1 5122 1681 5537
3964 2 2 5 1 2521 2997 2998
3965 2 2 5 1 4754 4753 4755
3966 2 2 5 1 1464 1466 1490
3967 2 2 5 1 1591 1594 4785
3968 2 2 5 1 2552 3420 5406
3969 2 2 5 1 1749 2186 2187
3970 2 2 5 1 3025 3389 5069
3971 2 2 5 1 2019 2021 2022
3972 2 2 5 1 1445 1446 4196
3973 2 2 5 1 599 601 603
3974 2 2 5 1 3048 3046 3640
3975 2 2 5 1 2006 2285 4993
3976 2 2 5 1 4060 3081 4062
3977 2 2 5 1 6201 2408 6207
3978 2 2 5 1 5566 4317 6451
3979 2 2 5 1 927 924 928
3980 2 2 5 1 5266 5262 5562
3981 2 2 5 1 687 688 5084
3982 2 2 5 1 3714 3715 4242
3983 2 2 5 1 2395 2964 3387
3984 2 2 5 1 2292 2293 2770
3985 2 2 5 1 1046 1119 5399
3986 2 2 5 1 939 916 4720
3987 2 2 5 1 954 952 5000
3988 2 2 5 1 3537 6208 6243
3989 2 2 5 1 2831 5050 5178
3990 2 2 5 1 5473 6670 7025
3991 2 2 5 1 2457 4020 5417
3992 2 2 5 1 1590 1587 5775
3993 2 2 5 1 2108 2287 5150
3994 2 2 5 1 1751 1752 1753
3995 2 2 5 1 3387 4051 4053
3996 2 2 5 1 2432 1775 3524
3997 2 2 5 1 2109 2034 5379
3998 2 2 5 1 3048 3640 5044
3999 2 2 5 1 2395 3387 3388
4000 2 2 5 1 2491 2493 2712
4001 2 2 5 1 819 829 5578
4002 2 2 5 1 2292 3373 5379
4003 2 2 5 1 934 930 935
4004 2 2 5 1 3791 2262 3792
4005 2 2 5 1 574 573 575
4006 2 2 5 1 3219 4432 5192
4007 2 2 5 1 2257 2256 2258
4008 2 2 5 1 1586 2462 4442
4009 2 2 5 1 2025 2027 2028
4010 2 2 5 1 929 928 930
4011 2 2 5 1 1534 4800 4801
4012 2 2 5 1 5311 1084 5974
4013 2 2 5 1 206 420 5186
4014 2 2 5 1 4232 3693 4233
4015 2 2 5 1 3049 3745 4924
4016 2 2 5 1 1029 934 5002
4017 2 2 5 1 3317 3315 5174
4018 2 2 5 1 4746 4747 4748
4019 2 2 5 1 2036 2292 5379
4020 2 2 5 1 5099 5098 5100
4021 2 2 5 1 2036 2038 2292
4022 2 2 5 1 921 923 996
4023 2 2 5 1 3761 3337 5771
4024 2 2 5 1 1435 1437 1441
4025 2 2 5 1 965 963 2398
4026 2 2 5 1 2032 2034 2109
4027 2 2 5 1 3256 3730 4237
4028 2 2 5 1 772 773 774
4029 2 2 5 1 3058 4099 5110
4030 2 2 5 1 2184 3010 3011
4031 2 2 5 1 5096 4772 5683
4032 2 2 5 1 2782 3617 6029
4033 2 2 5 1 3233 3232 3234
4034 2 2 5 1 535 533 5214
4035 2 2 5 1 2423 5070 5608
4036 2 2 5 1 5486 4987 5531
4037 2 2 5 1 2761 2370 2826
4038 2 2 5 1 2495 2496 4903
4039 2 2 5 1 1701 1699 2391
4040 2 2 5 1 2614 5486 5531
4041 2 2 5 1 3607 4314 4752
4042 2 2 5 1 3938 5015 5880
4043 2 2 5 1 1052 1050 5266
4044 2 2 5 1 1164 2481 2482
4045 2 2 5 1 2324 2326 2351
4046 2 2 5 1 3372 5074 5994
4047 2 2 5 1 3885 5191 5660
4048 2 2 5 1 4579 3208 4580
4049 2 2 5 1 3256 3555 3730
4050 2 2 5 1 2821 2357 5154
4051 2 2 5 1 760 2522 4746
4052 2 2 5 1 940 939 990
4053 2 2 5 1 430 5358 5359
4054 2 2 5 1 2001 2002 2003
4055 2 2 5 1 2342 2340 2343
4056 2 2 5 1 2898 2505 2899
4057 2 2 5 1 2522 758 4729
4058 2 2 5 1 3220 2899 3222
4059 2 2 5 1 4913 1807 5296
4060 2 2 5 1 3946 2059 5104
4061 2 2 5 1 4631 4632 4633
4062 2 2 5 1 2517 1738 4214
4063 2 2 5 1 789 788 790
4064 2 2 5 1 3911 3912 4899
4065 2 2 5 1 1721 1720 2518
4066 2 2 5 1 1870 6069 6152
4067 2 2 5 1 3156 3023 4121
4068 2 2 5 1 4673 3124 4674
4069 2 2 5 1 2029 2031 2032
4070 2 2 5 1 3245 3247 5014
4071 2 2 5 1 2464 2944 2946
4072 2 2 5 1 3142 2417 5169
4073 2 2 5 1 4752 4753 4754
4074 2 2 5 1 838 839 840
4075 2 2 5 1 4936 4976 4977
4076 2 2 5 1 1136 1143 5118
4077 2 2 5 1 5199 5177 5528
4078 2 2 5 1 4737 3850 5047
4079 2 2 5 1 4364 3123 5033
4080 2 2 5 1 3312 4661 5267
4081 2 2 5 1 1998 2000 2001
4082 2 2 5 1 2049 2414 2464
4083 2 2 5 1 3845 5217 6174
4084 2 2 5 1 2047 2048 2049
4085 2 2 5 1 170 408 5135
4086 2 2 5 1 4287 4364 4365
4087 2 2 5 1 204 205 5189
4088 2 2 5 1 2806 3395 4898
4089 2 2 5 1 1996 1997 1998
4090 2 2 5 1 2946 3516 3517
4091 2 2 5 1 681 5374 5375
4092 2 2 5 1 2016 2266 5024
4093 2 2 5 1 531 1947 5738
4094 2 2 5 1 2261 2263 2264
4095 2 2 5 1 5118 3393 5119
4096 2 2 5 1 4763 3023 4898
4097 2 2 5 1 1521 1163 1522
4098 2 2 5 1 5178 3852 5626
4099 2 2 5 1 1320 1278 1650
4100 2 2 5 1 1760 1758 1764
4101 2 2 5 1 2272 1764 2483
4102 2 2 5 1 483 4915 4916
4103 2 2 5 1 645 637 5097
4104 2 2 5 1 3321 3319 5183
4105 2 2 5 1 2861 1862 5233
4106 2 2 5 1 3325 4926 4927
4107 2 2 5 1 4623 4914 6234
4108 2 2 5 1 1997 1995 2365
4109 2 2 5 1 3826 4222 4223
4110 2 2 5 1 1440 1750 1751
4111 2 2 5 1 2412 3306 4988
4112 2 2 5 1 5251 5250 5585
4113 2 2 5 1 3381 3382 3383
4114 2 2 5 1 1853 1851 5203
4115 2 2 5 1 5003 5002 5004
4116 2 2 5 1 2549 2553 5140
4117 2 2 5 1 3262 4405 5176
4118 2 2 5 1 2187 2289 2395
4119 2 2 5 1 4631 4633 4634
4120 2 2 5 1 2534 1792 4913
4121 2 2 5 1 386 118 5351
4122 2 2 5 1 850 851 852
4123 2 2 5 1 168 2364 5255
4124 2 2 5 1 1335 1337 5383
4125 2 2 5 1 5115 1106 6090
4126 2 2 5 1 2489 2490 2491
4127 2 2 5 1 1763 1762 2252
4128 2 2 5 1 1950 6343 6428
4129 2 2 5 1 1954 5363 5423
4130 2 2 5 1 3071 2896 3717
4131 2 2 5 1 620 618 621
4132 2 2 5 1 5413 5032 5468
4133 2 2 5 1 2691 2017 5575
4134 2 2 5 1 3340 3341 3342
4135 2 2 5 1 576 575 577
4136 2 2 5 1 1410 1440 5429
4137 2 2 5 1 2350 2333 5664
4138 2 2 5 1 388 124 5339
4139 2 2 5 1 3030 3553 3554
4140 2 2 5 1 5216 5416 5925
4141 2 2 5 1 1454 1453 1455
4142 2 2 5 1 45 46 383
4143 2 2 5 1 603 601 604
4144 2 2 5 1 4198 6067 6109
4145 2 2 5 1 562 563 564
4146 2 2 5 1 4594 3370 5253
4147 2 2 5 1 986 970 4917
4148 2 2 5 1 2335 2334 2336
4149 2 2 5 1 1846 2544 5051
4150 2 2 5 1 934 935 937
4151 2 2 5 1 1668 1522 1669
4152 2 2 5 1 1896 1018 5223
4153 2 2 5 1 2047 2049 5029
4154 2 2 5 1 1994 1995 1996
4155 2 2 5 1 5035 1906 5036
4156 2 2 5 1 3610 1660 6283
4157 2 2 5 1 2876 2221 3529
4158 2 2 5 1 2627 2625 5165
4159 2 2 5 1 4978 4979 4980
4160 2 2 5 1 2984 5148 5149
4161 2 2 5 1 2431 3312 5267
4162 2 2 5 1 2482 2484 2485
4163 2 2 5 1 971 3305 4917
4164 2 2 5 1 2049 2464 2851
4165 2 2 5 1 1473 1456 2545
4166 2 2 5 1 990 3384 5071
4167 2 2 5 1 1856 1858 5143
4168 2 2 5 1 254 5212 5213
4169 2 2 5 1 3058 3434 4099
4170 2 2 5 1 564 565 566
4171 2 2 5 1 607 606 609
4172 2 2 5 1 2002 2000 2306
4173 2 2 5 1 3966 5243 5244
4174 2 2 5 1 1548 1707 5249
4175 2 2 5 1 610 609 611
4176 2 2 5 1 970 971 4917
4177 2 2 5 1 1272 1611 3562
4178 2 2 5 1 2210 5378 5726
4179 2 2 5 1 3036 3576 3959
4180 2 2 5 1 3054 3738 4710
4181 2 2 5 1 1807 1806 1808
4182 2 2 5 1 5842 1916 6017
4183 2 2 5 1 888 890 5158
4184 2 2 5 1 2459 3040 5161
4185 2 2 5 1 2219 4440 4875
4186 2 2 5 1 1448 1451 1452
4187 2 2 5 1 2544 2796 2797
4188 2 2 5 1 1470 1472 4989
4189 2 2 5 1 1442 1444 1445
4190 2 2 5 1 4994 3798 5514
4191 2 2 5 1 584 586 5103
4192 2 2 5 1 1752 1750 3372
4193 2 2 5 1 3144 4061 4332
4194 2 2 5 1 3395 3750 4159
4195 2 2 5 1 2946 3517 3825
4196 2 2 5 1 622 624 625
4197 2 2 5 1 4293 5980 6929
4198 2 2 5 1 1399 1402 5039
4199 2 2 5 1 4756 4755 4757
4200 2 2 5 1 4608 4609 4610
4201 2 2 5 1 605 604 606
4202 2 2 5 1 3441 5199 5528
4203 2 2 5 1 2259 2258 2260
4204 2 2 5 1 1595 1596 1597
4205 2 2 5 1 3399 2422 5146
4206 2 2 5 1 5239 1181 6034
4207 2 2 5 1 1191 1188 5421
4208 2 2 5 1 1140 1908 5132
4209 2 2 5 1 3885 658 5191
4210 2 2 5 1 1483 1542 1630
4211 2 2 5 1 2261 2264 4988
4212 2 2 5 1 566 567 568
4213 2 2 5 1 2969 4906 4907
4214 2 2 5 1 2251 2606 5505
4215 2 2 5 1 1060 1059 1071
4216 2 2 5 1 1569 1663 1664
4217 2 2 5 1 2491 2492 2493
4218 2 2 5 1 5151 3213 5152
4219 2 2 5 1 2040 2042 2047
4220 2 2 5 1 1850 1808 1851
4221 2 2 5 1 3767 4599 4600
4222 2 2 5 1 4635 4637 4638
4223 2 2 5 1 3483 2181 5068
4224 2 2 5 1 2989 5955 6098
4225 2 2 5 1 3966 5244 5366
4226 2 2 5 1 3312 2864 3313
4227 2 2 5 1 3314 3313 3315
4228 2 2 5 1 2324 2322 2325
4229 2 2 5 1 886 884 887
4230 2 2 5 1 1454 1455 1456
4231 2 2 5 1 1781 584 5103
4232 2 2 5 1 3517 3638 3639
4233 2 2 5 1 1452 1451 1453
4234 2 2 5 1 883 882 884
4235 2 2 5 1 1974 5178 5626
4236 2 2 5 1 881 880 882
4237 2 2 5 1 1807 1808 1850
4238 2 2 5 1 652 653 659
4239 2 2 5 1 879 878 880
4240 2 2 5 1 2189 2187 4925
4241 2 2 5 1 3905 3907 5622
4242 2 2 5 1 937 935 938
4243 2 2 5 1 3287 4537 5273
4244 2 2 5 1 1105 1318 1319
4245 2 2 5 1 1018 1016 5223
4246 2 2 5 1 791 790 792
4247 2 2 5 1 3109 2742 5284
4248 2 2 5 1 2006 2004 2285
4249 2 2 5 1 572 573 574
4250 2 2 5 1 1934 5413 5468
4251 2 2 5 1 568 569 570
4252 2 2 5 1 3865 4840 5722
4253 2 2 5 1 836 837 838
4254 2 2 5 1 877 876 878
4255 2 2 5 1 588 590 5123
4256 2 2 5 1 852 853 854
4257 2 2 5 1 197 198 5358
4258 2 2 5 1 4520 4459 6778
4259 2 2 5 1 1749 2189 5025
4260 2 2 5 1 1854 1853 1855
4261 2 2 5 1 3316 3315 3317
4262 2 2 5 1 3136 4299 4375
4263 2 2 5 1 2803 2802 2969
4264 2 2 5 1 1691 1648 5610
4265 2 2 5 1 1763 2253 2254
4266 2 2 5 1 4637 4636 4640
4267 2 2 5 1 4754 4755 4756
4268 2 2 5 1 3745 3200 5075
4269 2 2 5 1 2332 2334 2335
4270 2 2 5 1 2396 3024 3379
4271 2 2 5 1 1473 2545 2767
4272 2 2 5 1 2016 2010 2266
4273 2 2 5 1 5787 3787 6775
4274 2 2 5 1 3151 2418 3938
4275 2 2 5 1 1909 5055 5056
4276 2 2 5 1 1171 5668 6477
4277 2 2 5 1 1852 1851 1853
4278 2 2 5 1 912 846 5220
4279 2 2 5 1 3521 4798 5958
4280 2 2 5 1 753 643 754
4281 2 2 5 1 3318 3317 3319
4282 2 2 5 1 974 938 975
4283 2 2 5 1 2544 2797 3844
4284 2 2 5 1 1775 856 4928
4285 2 2 5 1 1402 1404 3324
4286 2 2 5 1 5854 3443 6001
4287 2 2 5 1 1856 1855 1857
4288 2 2 5 1 1460 1464 5022
4289 2 2 5 1 2022 2407 5781
4290 2 2 5 1 1790 1792 2534
4291 2 2 5 1 1028 1027 1098
4292 2 2 5 1 3396 2304 5167
4293 2 2 5 1 570 571 572
4294 2 2 5 1 3381 1650 3382
4295 2 2 5 1 1610 2525 5289
4296 2 2 5 1 2983 2771 3127
4297 2 2 5 1 1012 1046 5399
4298 2 2 5 1 165 400 5159
4299 2 2 5 1 2998 3145 4152
4300 2 2 5 1 4233 3693 4235
4301 2 2 5 1 5005 5004 5006
4302 2 2 5 1 3607 4195 4314
4303 2 2 5 1 3204 3205 3211
4304 2 2 5 1 2376 3080 3911
4305 2 2 5 1 3049 3200 3745
4306 2 2 5 1 991 990 1027
4307 2 2 5 1 987 975 988
4308 2 2 5 1 612 611 613
4309 2 2 5 1 886 887 888
4310 2 2 5 1 3126 3629 4187
4311 2 2 5 1 2344 2346 2349
4312 2 2 5 1 4319 4318 4320
4313 2 2 5 1 3394 3772 4865
4314 2 2 5 1 1850 1851 1852
4315 2 2 5 1 1852 1853 1854
4316 2 2 5 1 883 884 886
4317 2 2 5 1 3371 5057 5277
4318 2 2 5 1 3692 2836 3693
4319 2 2 5 1 1272 1267 1611
4320 2 2 5 1 3388 4812 4813
4321 2 2 5 1 418 5058 5059
4322 2 2 5 1 858 859 860
4323 2 2 5 1 1454 1456 1473
4324 2 2 5 1 703 705 750
4325 2 2 5 1 881 882 883
4326 2 2 5 1 4765 1898 5166
4327 2 2 5 1 6211 6210 6941
4328 2 2 5 1 2493 2494 2495
4329 2 2 5 1 1666 1748 1749
4330 2 2 5 1 879 880 881
4331 2 2 5 1 578 577 579
4332 2 2 5 1 1854 1855 1856
4333 2 2 5 1 1441 1437 1442
4334 2 2 5 1 430 5360 5422
4335 2 2 5 1 2813 2811 3023
4336 2 2 5 1 877 878 879
4337 2 2 5 1 3022 2386 5124
4338 2 2 5 1 3324 3325 6376
4339 2 2 5 1 1630 1542 3058
4340 2 2 5 1 6284 4534 6395
4341 2 2 5 1 1862 1860 5233
4342 2 2 5 1 2342 2343 2344
4343 2 2 5 1 3308 2132 4918
4344 2 2 5 1 5915 2960 5988
4345 2 2 5 1 2881 3262 5176
4346 2 2 5 1 1203 1202 1208
4347 2 2 5 1 3939 3938 6269
4348 2 2 5 1 3320 3319 3321
4349 2 2 5 1 946 6057 6124
4350 2 2 5 1 1794 1806 1807
4351 2 2 5 1 4991 3562 4992
4352 2 2 5 1 888 887 889
4353 2 2 5 1 340 339 4561
4354 2 2 5 1 3389 3741 4021
4355 2 2 5 1 3226 3337 3736
4356 2 2 5 1 6716 3828 6749
4357 2 2 5 1 598 597 599
4358 2 2 5 1 937 938 974
4359 2 2 5 1 3015 2425 5048
4360 2 2 5 1 5085 5084 5499
4361 2 2 5 1 4073 3705 4194
4362 2 2 5 1 859 857 1743
4363 2 2 5 1 4948 4946 4967
4364 2 2 5 1 1266 1265 1267
4365 2 2 5 1 1468 1470 1765
4366 2 2 5 1 1988 3391 4762
4367 2 2 5 1 5905 3521 6037
4368 2 2 5 1 875 876 877
4369 2 2 5 1 993 988 994
4370 2 2 5 1 1375 1373 2061
4371 2 2 5 1 1408 1409 1410
4372 2 2 5 1 3322 3321 4065
4373 2 2 5 1 974 975 987
4374 2 2 5 1 3312 3313 3314
4375 2 2 5 1 2470 3378 5096
4376 2 2 5 1 580 579 581
4377 2 2 5 1 5166 670 5525
4378 2 2 5 1 3314 3315 3316
4379 2 2 5 1 5274 5275 6271
4380 2 2 5 1 582 581 583
4381 2 2 5 1 2525 3834 5289
4382 2 2 5 1 1394 1396 1745
4383 2 2 5 1 711 714 1105
4384 2 2 5 1 3734 4336 4366
4385 2 2 5 1 6433 3630 6452
4386 2 2 5 1 917 827 918
4387 2 2 5 1 3407 3406 3408
4388 2 2 5 1 1185 1182 5239
4389 2 2 5 1 1200 6043 6100
4390 2 2 5 1 814 812 1495
4391 2 2 5 1 3316 3317 3318
4392 2 2 5 1 925 916 939
4393 2 2 5 1 4942 4940 4966
4394 2 2 5 1 1768 954 5000
4395 2 2 5 1 875 874 876
4396 2 2 5 1 2619 2618 2620
4397 2 2 5 1 2326 2325 2327
4398 2 2 5 1 1790 1791 1792
4399 2 2 5 1 1087 1086 1088
4400 2 2 5 1 5052 2698 5357
4401 2 2 5 1 615 613 617
4402 2 2 5 1 592 594 5144
4403 2 2 5 1 636 637 645
4404 2 2 5 1 1399 1401 1402
4405 2 2 5 1 855 854 856
4406 2 2 5 1 2616 2617 2618
4407 2 2 5 1 1580 1574 1673
4408 2 2 5 1 2218 4974 6222
4409 2 2 5 1 987 988 993
4410 2 2 5 1 2463 2251 5505
4411 2 2 5 1 2969 2802 4906
4412 2 2 5 1 3706 5384 5385
4413 2 2 5 1 720 588 5123
4414 2 2 5 1 3318 3319 3320
4415 2 2 5 1 4225 4779 4780
4416 2 2 5 1 1819 1817 1870
4417 2 2 5 1 2804 2409 5529
4418 2 2 5 1 1858 1857 1860
4419 2 2 5 1 2396 3379 5293
4420 2 2 5 1 4567 4566 6373
4421 2 2 5 1 4197 3336 4198
4422 2 2 5 1 1029 5002 5003
4423 2 2 5 1 1445 1444 1446
4424 2 2 5 1 2543 3371 5277
4425 2 2 5 1 1904 5096 5382
4426 2 2 5 1 1320 1650 3381
4427 2 2 5 1 2940 3821 5503
4428 2 2 5 1 5087 5086 5952
4429 2 2 5 1 864 863 2119
4430 2 2 5 1 2695 1487 5357
4431 2 2 5 1 2560 2559 2911
4432 2 2 5 1 1412 1411 1413
4433 2 2 5 1 2046 5464 5745
4434 2 2 5 1 2616 2618 2619
4435 2 2 5 1 1013 1014 5130
4436 2 2 5 1 2024 2023 2025
4437 2 2 5 1 2845 1900 5116
4438 2 2 5 1 3143 3015 4011
4439 2 2 5 1 1760 1764 2272
4440 2 2 5 1 1856 1857 1858
4441 2 2 5 1 888 889 890
4442 2 2 5 1 2802 2409 2804
4443 2 2 5 1 4011 3015 5048
4444 2 2 5 1 1378 5476 6694
4445 2 2 5 1 2272 3413 5433
4446 2 2 5 1 3379 4831 5293
4447 2 2 5 1 3839 3596 5072
4448 2 2 5 1 1402 1403 1404
4449 2 2 5 1 5003 5004 5005
4450 2 2 5 1 861 860 862
4451 2 2 5 1 2264 2412 4988
4452 2 2 5 1 3078 3729 5171
4453 2 2 5 1 2614 2615 2616
4454 2 2 5 1 2990 2911 3705
4455 2 2 5 1 1872 1904 5382
4456 2 2 5 1 2316 2230 2317
4457 2 2 5 1 3118 2936 5227
4458 2 2 5 1 3379 3024 3596
4459 2 2 5 1 1718 1721 5015
4460 2 2 5 1 890 889 891
4461 2 2 5 1 399 4420 6422
4462 2 2 5 1 2431 2864 3312
4463 2 2 5 1 865 864 866
4464 2 2 5 1 3572 3142 4225
4465 2 2 5 1 1277 1276 1278
4466 2 2 5 1 3256 3255 3555
4467 2 2 5 1 3204 3203 3205
4468 2 2 5 1 855 856 1775
4469 2 2 5 1 396 5209 5210
4470 2 2 5 1 584 583 585
4471 2 2 5 1 648 651 652
4472 2 2 5 1 2264 2401 2402
4473 2 2 5 1 5168 3839 6177
4474 2 2 5 1 3395 2805 3750
4475 2 2 5 1 1753 1754 1755
4476 2 2 5 1 4758 4757 4759
4477 2 2 5 1 2018 2012 2019
4478 2 2 5 1 2069 2071 5170
4479 2 2 5 1 2386 2383 5124
4480 2 2 5 1 2622 2620 2623
4481 2 2 5 1 5363 1954 5422
4482 2 2 5 1 821 814 4930
4483 2 2 5 1 560 561 562
4484 2 2 5 1 3821 5248 5503
4485 2 2 5 1 892 891 894
4486 2 2 5 1 3367 659 5253
4487 2 2 5 1 3320 3321 3322
4488 2 2 5 1 592 591 593
4489 2 2 5 1 590 589 591
4490 2 2 5 1 1792 1793 1794
4491 2 2 5 1 7048 3254 7145
4492 2 2 5 1 659 653 5077
4493 2 2 5 1 2878 2794 3132
4494 2 2 5 1 588 587 589
4495 2 2 5 1 2624 2623 2625
4496 2 2 5 1 2471 2059 3946
4497 2 2 5 1 2984 2985 5148
4498 2 2 5 1 5306 5305 5804
4499 2 2 5 1 2256 2253 5715
4500 2 2 5 1 1320 3381 5388
4501 2 2 5 1 895 894 897
4502 2 2 5 1 586 585 587
4503 2 2 5 1 4468 4423 4532
4504 2 2 5 1 1416 1415 1417
4505 2 2 5 1 890 891 892
4506 2 2 5 1 432 4506 7033
4507 2 2 5 1 636 634 637
4508 2 2 5 1 5273 4537 5274
4509 2 2 5 1 1861 1860 1862
4510 2 2 5 1 2171 4802 6220
4511 2 2 5 1 3212 3213 5151
4512 2 2 5 1 840 1729 6157
4513 2 2 5 1 701 703 5031
4514 2 2 5 1 1201 1198 1202
4515 2 2 5 1 834 835 836
4516 2 2 5 1 1102 987 5630
4517 2 2 5 1 3006 978 5177
4518 2 2 5 1 1519 4840 5806
4519 2 2 5 1 4513 4105 4628
4520 2 2 5 1 1429 1427 1430
4521 2 2 5 1 5008 5009 5010
4522 2 2 5 1 3411 2446 5218
4523 2 2 5 1 1597 1608 1609
4524 2 2 5 1 5006 5007 5008
4525 2 2 5 1 625 628 629
4526 2 2 5 1 4929 861 5280
4527 2 2 5 1 1955 5314 5315
4528 2 2 5 1 929 934 1029
4529 2 2 5 1 3286 3101 3336
4530 2 2 5 1 5321 5319 5323
4531 2 2 5 1 892 894 895
4532 2 2 5 1 639 642 1770
4533 2 2 5 1 1269 1548 5249
4534 2 2 5 1 898 897 899
4535 2 2 5 1 1417 1420 4786
4536 2 2 5 1 2432 3524 3525
4537 2 2 5 1 431 193 5424
4538 2 2 5 1 1268 1267 1272
4539 2 2 5 1 3416 5231 5617
4540 2 2 5 1 1279 1278 1320
4541 2 2 5 1 4073 4194 5091
4542 2 2 5 1 2022 2021 2023
4543 2 2 5 1 3672 3674 5332
4544 2 2 5 1 3765 3118 5227
4545 2 2 5 1 3379 3596 3839
4546 2 2 5 1 1765 1470 4989
4547 2 2 5 1 3524 1775 4928
4548 2 2 5 1 3371 2857 3592
4549 2 2 5 1 709 711 5053
4550 2 2 5 1 4990 3562 4991
4551 2 2 5 1 1815 1813 2156
4552 2 2 5 1 254 255 5212
4553 2 2 5 1 2619 4986 5486
4554 2 2 5 1 2056 2055 2805
4555 2 2 5 1 2254 2255 2262
4556 2 2 5 1 2539 2538 2540
4557 2 2 5 1 3999 3228 4000
4558 2 2 5 1 2752 2315 2943
4559 2 2 5 1 2541 2540 5277
4560 2 2 5 1 3115 3713 3714
4561 2 2 5 1 1794 1805 1806
4562 2 2 5 1 3646 3832 4183
4563 2 2 5 1 2034 2033 2035
4564 2 2 5 1 684 687 5086
4565 2 2 5 1 208 1906 5035
4566 2 2 5 1 5139 4207 6783
4567 2 2 5 1 5269 4267 5600
4568 2 2 5 1 4910 4907 4911
4569 2 2 5 1 2422 2213 5146
4570 2 2 5 1 895 897 898
4571 2 2 5 1 2431 2863 2864
4572 2 2 5 1 1522 4860 5114
4573 2 2 5 1 1610 2276 2525
4574 2 2 5 1 1598 4859 5944
4575 2 2 5 1 3371 3592 3594
4576 2 2 5 1 2028 2027 2029
4577 2 2 5 1 2525 2276 2794
4578 2 2 5 1 2800 3605 3607
4579 2 2 5 1 2990 3705 4073
4580 2 2 5 1 1858 1860 1861
4581 2 2 5 1 1881 2249 3189
4582 2 2 5 1 3089 3087 3884
4583 2 2 5 1 2127 5243 5515
4584 2 2 5 1 576 577 578
4585 2 2 5 1 1681 1546 5537
4586 2 2 5 1 631 634 636
4587 2 2 5 1 3156 4121 4122
4588 2 2 5 1 898 899 900
4589 2 2 5 1 622 621 624
4590 2 2 5 1 5149 5784 6047
4591 2 2 5 1 900 899 5293
4592 2 2 5 1 4760 4759 4761
4593 2 2 5 1 4225 3142 4779
4594 2 2 5 1 401 251 5180
4595 2 2 5 1 3793 3794 3795
4596 2 2 5 1 3592 4244 5404
4597 2 2 5 1 212 1909 5046
4598 2 2 5 1 5378 5377 5726
4599 2 2 5 1 3810 3808 4090
4600 2 2 5 1 3381 4835 5388
4601 2 2 5 1 2446 1924 5218
4602 2 2 5 1 2558 2541 2559
4603 2 2 5 1 5044 3640 5045
4604 2 2 5 1 652 651 653
4605 2 2 5 1 3227 2890 3228
4606 2 2 5 1 1196 1194 1769
4607 2 2 5 1 1865 1862 1866
4608 2 2 5 1 3311 1439 3710
4609 2 2 5 1 1762 1754 5689
4610 2 2 5 1 1861 1862 1865
4611 2 2 5 1 1386 1959 5162
4612 2 2 5 1 3286 3336 4197
4613 2 2 5 1 2349 2354 2356
4614 2 2 5 1 2071 2108 5170
4615 2 2 5 1 4879 3477 5897
4616 2 2 5 1 1281 1283 1610
4617 2 2 5 1 2412 2852 3306
4618 2 2 5 1 5472 4822 6458
4619 2 2 5 1 3631 2943 4104
4620 2 2 5 1 119 5349 5351
4621 2 2 5 1 1208 3335 5127
4622 2 2 5 1 2499 2501 2509
4623 2 2 5 1 646 535 5214
4624 2 2 5 1 1208 3333 3334
4625 2 2 5 1 2036 2035 2037
4626 2 2 5 1 1326 1324 1905
4627 2 2 5 1 629 630 631
4628 2 2 5 1 2626 2625 2627
4629 2 2 5 1 3202 3204 4370
4630 2 2 5 1 2813 3023 3156
4631 2 2 5 1 1695 1696 2294
4632 2 2 5 1 653 655 5077
4633 2 2 5 1 1420 1419 1421
4634 2 2 5 1 2884 2483 2885
4635 2 2 5 1 2544 1876 2796
4636 2 2 5 1 5270 2679 5271
4637 2 2 5 1 2032 2031 2033
4638 2 2 5 1 2262 2255 5198
4639 2 2 5 1 3121 3119 5192
4640 2 2 5 1 868 870 871
4641 2 2 5 1 4099 3434 5090
4642 2 2 5 1 3798 3689 5514
4643 2 2 5 1 602 1784 3380
4644 2 2 5 1 1909 213 5055
4645 2 2 5 1 1752 3372 5689
4646 2 2 5 1 4635 4633 4636
4647 2 2 5 1 3006 5177 5199
4648 2 2 5 1 873 874 875
4649 2 2 5 1 3245 3246 3247
4650 2 2 5 1 1904 2470 5096
4651 2 2 5 1 1381 1377 5232
4652 2 2 5 1 2057 2454 4924
4653 2 2 5 1 2558 2559 2560
4654 2 2 5 1 1146 1097 1581
4655 2 2 5 1 1425 1424 1426
4656 2 2 5 1 631 633 634
4657 2 2 5 1 250 401 5194
4658 2 2 5 1 3330 3331 4345
4659 2 2 5 1 3617 3992 3993
4660 2 2 5 1 2560 2911 2990
4661 2 2 5 1 4786 1735 4787
4662 2 2 5 1 1952 191 5427
4663 2 2 5 1 2304 1643 5167
4664 2 2 5 1 3787 645 3788
4665 2 2 5 1 1553 1370 2136
4666 2 2 5 1 2293 2038 3824
4667 2 2 5 1 418 175 5058
4668 2 2 5 1 829 830 915
4669 2 2 5 1 1630 3058 5110
4670 2 2 5 1 4048 6292 6419
4671 2 2 5 1 3732 3132 3733
4672 2 2 5 1 750 705 2937
4673 2 2 5 1 2539 2540 2541
4674 2 2 5 1 4929 5915 5988
4675 2 2 5 1 1405 1407 1408
4676 2 2 5 1 5268 5269 5600
4677 2 2 5 1 1786 1788 1790
4678 2 2 5 1 1648 2371 5610
4679 2 2 5 1 1749 2187 2189
4680 2 2 5 1 2537 2536 2538
4681 2 2 5 1 4160 3074 4162
4682 2 2 5 1 4756 4757 4758
4683 2 2 5 1 873 872 874
4684 2 2 5 1 637 639 5097
4685 2 2 5 1 4026 3143 5106
4686 2 2 5 1 1058 1043 5115
4687 2 2 5 1 2272 2483 2884
4688 2 2 5 1 5399 3856 5810
4689 2 2 5 1 1013 994 1014
4690 2 2 5 1 2112 5646 5754
4691 2 2 5 1 263 448 5309
4692 2 2 5 1 3990 5372 6060
4693 2 2 5 1 1881 1878 2249
4694 2 2 5 1 1932 592 5144
4695 2 2 5 1 5319 218 5323
4696 2 2 5 1 2543 2857 3371
4697 2 2 5 1 3991 3990 6116
4698 2 2 5 1 1422 1421 1424
4699 2 2 5 1 5154 2357 5156
4700 2 2 5 1 316 10 6976
4701 2 2 5 1 1760 2272 5433
4702 2 2 5 1 578 579 580
4703 2 2 5 1 1146 1581 4877
4704 2 2 5 1 578 580 627
4705 2 2 5 1 2410 2409 2802
4706 2 2 5 1 2320 2318 2321
4707 2 2 5 1 3854 5671 5906
4708 2 2 5 1 2692 5697 5698
4709 2 2 5 1 706 709 5054
4710 2 2 5 1 1017 1016 1018
4711 2 2 5 1 3129 4378 5242
4712 2 2 5 1 681 5375 5414
4713 2 2 5 1 750 4448 6967
4714 2 2 5 1 4272 5206 5641
4715 2 2 5 1 2537 2538 2539
4716 2 2 5 1 2572 3416 5617
4717 2 2 5 1 396 256 5209
4718 2 2 5 1 1325 1324 1326
4719 2 2 5 1 5462 5341 5561
4720 2 2 5 1 993 994 1013
4721 2 2 5 1 1519 5673 5722
4722 2 2 5 1 1472 1475 1579
4723 2 2 5 1 1955 5313 5314
4724 2 2 5 1 2619 2620 2622
4725 2 2 5 1 3420 3583 5678
4726 2 2 5 1 580 581 582
4727 2 2 5 1 3374 2862 3375
4728 2 2 5 1 1666 1749 5025
4729 2 2 5 1 902 900 903
4730 2 2 5 1 3245 3234 3246
4731 2 2 5 1 4341 4343 4784
4732 2 2 5 1 2894 2427 2895
4733 2 2 5 1 3334 3777 4478
4734 2 2 5 1 582 583 584
4735 2 2 5 1 1805 1890 5145
4736 2 2 5 1 192 431 5427
4737 2 2 5 1 3326 3115 5016
4738 2 2 5 1 1898 669 5166
4739 2 2 5 1 5309 448 5310
4740 2 2 5 1 1132 4851 4852
4741 2 2 5 1 1319 1562 1563
4742 2 2 5 1 1579 1475 5018
4743 2 2 5 1 3434 3853 5090
4744 2 2 5 1 3867 5128 5407
4745 2 2 5 1 615 618 619
4746 2 2 5 1 4185 3414 4373
4747 2 2 5 1 2622 2623 2624
4748 2 2 5 1 4197 4198 4457
4749 2 2 5 1 902 903 904
4750 2 2 5 1 1072 1071 1092
4751 2 2 5 1 1749 1748 2186
4752 2 2 5 1 2772 2682 3801
4753 2 2 5 1 5060 5059 5061
4754 2 2 5 1 3087 2778 5052
4755 2 2 5 1 1187 1185 1888
4756 2 2 5 1 2464 2414 2944
4757 2 2 5 1 3251 5273 5274
4758 2 2 5 1 2946 2944 3516
4759 2 2 5 1 3131 3130 4797
4760 2 2 5 1 2535 1888 2536
4761 2 2 5 1 691 692 693
4762 2 2 5 1 590 591 592
4763 2 2 5 1 588 589 590
4764 2 2 5 1 4590 438 6618
4765 2 2 5 1 2806 2805 3395
4766 2 2 5 1 1769 5088 5089
4767 2 2 5 1 2344 2355 5573
4768 2 2 5 1 5360 5363 5422
4769 2 2 5 1 586 587 588
4770 2 2 5 1 2630 2631 5260
4771 2 2 5 1 2047 2042 2048
4772 2 2 5 1 871 872 873
4773 2 2 5 1 1181 1179 1894
4774 2 2 5 1 3692 3693 4232
4775 2 2 5 1 965 2398 5820
4776 2 2 5 1 908 907 913
4777 2 2 5 1 3877 3878 3879
4778 2 2 5 1 1866 2862 3374
4779 2 2 5 1 867 866 868
4780 2 2 5 1 4414 4248 6907
4781 2 2 5 1 3911 3080 3912
4782 2 2 5 1 906 904 907
4783 2 2 5 1 2525 2794 2878
4784 2 2 5 1 584 585 586
4785 2 2 5 1 3547 3295 5418
4786 2 2 5 1 1431 1430 1434
4787 2 2 5 1 5036 1906 5037
4788 2 2 5 1 3262 3307 3646
4789 2 2 5 1 1404 1405 4926
4790 2 2 5 1 430 197 5358
4791 2 2 5 1 5243 3966 5515
4792 2 2 5 1 906 907 908
4793 2 2 5 1 2347 2393 5909
4794 2 2 5 1 592 593 594
4795 2 2 5 1 2180 1956 3417
4796 2 2 5 1 2049 2048 2414
4797 2 2 5 1 3141 2417 3142
4798 2 2 5 1 1718 1720 1721
4799 2 2 5 1 1275 1273 1276
4800 2 2 5 1 3303 3302 4535
4801 2 2 5 1 2547 2549 5140
4802 2 2 5 1 4227 5497 5642
4803 2 2 5 1 1823 1821 2218
4804 2 2 5 1 5252 3930 5312
4805 2 2 5 1 2610 2612 2614
4806 2 2 5 1 3101 2404 5095
4807 2 2 5 1 3338 3339 3340
4808 2 2 5 1 4183 3832 4543
4809 2 2 5 1 2261 2260 2263
4810 2 2 5 1 3201 3050 3604
4811 2 2 5 1 610 612 1780
4812 2 2 5 1 3132 2794 3133
4813 2 2 5 1 2568 1013 5130
4814 2 2 5 1 623 620 5120
4815 2 2 5 1 1526 1146 4877
4816 2 2 5 1 637 638 639
4817 2 2 5 1 2393 2455 3029
4818 2 2 5 1 5200 5199 5884
4819 2 2 5 1 2499 2500 2501
4820 2 2 5 1 5223 3400 5224
4821 2 2 5 1 2624 2625 2626
4822 2 2 5 1 1014 1016 1017
4823 2 2 5 1 4673 4674 4675
4824 2 2 5 1 2496 2498 2499
4825 2 2 5 1 1093 1092 1209
4826 2 2 5 1 3689 3688 5648
4827 2 2 5 1 5124 3623 6385
4828 2 2 5 1 1501 1502 1503
4829 2 2 5 1 865 866 867
4830 2 2 5 1 4758 4759 4760
4831 2 2 5 1 194 1954 5424
4832 2 2 5 1 1892 2430 2431
4833 2 2 5 1 639 641 642
4834 2 2 5 1 3057 3125 3126
4835 2 2 5 1 691 693 1887
4836 2 2 5 1 1226 1230 5237
4837 2 2 5 1 1104 1047 5283
4838 2 2 5 1 4881 2495 4903
4839 2 2 5 1 3384 939 4720
4840 2 2 5 1 2519 3054 3055
4841 2 2 5 1 1984 1990 5697
4842 2 2 5 1 1610 2133 2276
4843 2 2 5 1 4820 4821 4822
4844 2 2 5 1 2628 2627 2629
4845 2 2 5 1 3283 3284 4422
4846 2 2 5 1 3326 5016 5017
4847 2 2 5 1 2849 2256 5715
4848 2 2 5 1 1194 1191 5088
4849 2 2 5 1 2356 2425 3015
4850 2 2 5 1 1631 5809 5910
4851 2 2 5 1 4979 2706 6226
4852 2 2 5 1 2310 2168 2409
4853 2 2 5 1 1201 1202 1203
4854 2 2 5 1 5861 4132 6333
4855 2 2 5 1 1887 693 1945
4856 2 2 5 1 2383 2381 3623
4857 2 2 5 1 677 675 5374
4858 2 2 5 1 1579 5018 5019
4859 2 2 5 1 208 209 1906
4860 2 2 5 1 206 207 420
4861 2 2 5 1 210 211 417
4862 2 2 5 1 582 584 1781
4863 2 2 5 1 3517 3516 3638
4864 2 2 5 1 605 607 1008
4865 2 2 5 1 1477 1479 1483
4866 2 2 5 1 203 439 5299
4867 2 2 5 1 4817 4819 4820
4868 2 2 5 1 3603 2438 6327
4869 2 2 5 1 5441 1529 5442
4870 2 2 5 1 642 647 648
4871 2 2 5 1 1136 1135 1143
4872 2 2 5 1 4631 4629 4632
4873 2 2 5 1 1187 1888 2535
4874 2 2 5 1 2881 2955 3262
4875 2 2 5 1 3583 4108 4809
4876 2 2 5 1 1248 1915 5240
4877 2 2 5 1 4242 3715 4243
4878 2 2 5 1 1475 1476 1477
4879 2 2 5 1 5519 4112 6861
4880 2 2 5 1 3000 3503 3893
4881 2 2 5 1 253 254 5213
4882 2 2 5 1 2055 1679 5235
4883 2 2 5 1 2540 2542 2543
4884 2 2 5 1 1077 1078 1079
4885 2 2 5 1 5172 5173 5276
4886 2 2 5 1 3592 3593 4244
4887 2 2 5 1 2535 2536 2537
4888 2 2 5 1 2797 2796 3622
4889 2 2 5 1 2731 2132 2975
4890 2 2 5 1 2569 2568 2570
4891 2 2 5 1 1573 1525 1574
4892 2 2 5 1 2878 3132 3732
4893 2 2 5 1 5514 3689 5648
4894 2 2 5 1 3294 4285 5841
4895 2 2 5 1 2915 4193 5238
4896 2 2 5 1 1208 3334 3335
4897 2 2 5 1 1319 1318 1562
4898 2 2 5 1 4121 3023 4763
4899 2 2 5 1 1327 1326 1328
4900 2 2 5 1 599 600 601
4901 2 2 5 1 2896 1732 5944
4902 2 2 5 1 5474 4079 6849
4903 2 2 5 1 3078 3628 3729
4904 2 2 5 1 2375 1856 5143
4905 2 2 5 1 212 213 1909
4906 2 2 5 1 648 650 651
4907 2 2 5 1 1059 967 5820
4908 2 2 5 1 3066 3078 5171
4909 2 2 5 1 1264 1207 1265
4910 2 2 5 1 2961 1218 5523
4911 2 2 5 1 899 1910 2396
4912 2 2 5 1 2543 2834 2857
4913 2 2 5 1 3804 3805 3806
4914 2 2 5 1 2698 2695 5357
4915 2 2 5 1 5241 2991 5242
4916 2 2 5 1 1014 1015 1016
4917 2 2 5 1 4455 3859 4456
4918 2 2 5 1 625 624 628
4919 2 2 5 1 2337 2336 2338
4920 2 2 5 1 443 121 5344
4921 2 2 5 1 3431 5185 5216
4922 2 2 5 1 714 713 5466
4923 2 2 5 1 2488 2505 2898
4924 2 2 5 1 5216 5925 6030
4925 2 2 5 1 4932 4934 4935
4926 2 2 5 1 1563 1665 1666
4927 2 2 5 1 2491 2490 2492
4928 2 2 5 1 1679 1678 5235
4929 2 2 5 1 1208 1202 3333
4930 2 2 5 1 666 667 669
4931 2 2 5 1 4936 4933 4976
4932 2 2 5 1 4970 4959 5207
4933 2 2 5 1 681 677 5374
4934 2 2 5 1 1456 1457 5208
4935 2 2 5 1 3868 5237 5391
4936 2 2 5 1 1515 1926 5312
4937 2 2 5 1 2150 5319 5320
4938 2 2 5 1 2493 2492 2494
4939 2 2 5 1 2284 1674 2370
4940 2 2 5 1 2281 2248 2524
4941 2 2 5 1 2531 2530 2532
4942 2 2 5 1 2875 3065 3265
4943 2 2 5 1 2674 4550 4551
4944 2 2 5 1 2195 2458 2459
4945 2 2 5 1 1422 1425 5193
4946 2 2 5 1 4655 3637 6377
4947 2 2 5 1 174 175 418
4948 2 2 5 1 178 179 422
4949 2 2 5 1 176 177 1907
4950 2 2 5 1 3373 2770 3757
4951 2 2 5 1 2969 4907 4910
4952 2 2 5 1 1289 1286 6031
4953 2 2 5 1 3066 2554 3078
4954 2 2 5 1 1105 714 1318
4955 2 2 5 1 3884 3087 5052
4956 2 2 5 1 2435 2386 3022
4957 2 2 5 1 1151 1153 1564
4958 2 2 5 1 659 5077 5253
4959 2 2 5 1 214 215 407
4960 2 2 5 1 3375 3377 3520
4961 2 2 5 1 5269 1254 5393
4962 2 2 5 1 586 588 720
4963 2 2 5 1 1946 1945 2248
4964 2 2 5 1 1019 1018 1020
4965 2 2 5 1 3951 3112 4687
4966 2 2 5 1 1033 1034 1035
4967 2 2 5 1 655 658 3885
4968 2 2 5 1 422 179 5202
4969 2 2 5 1 3828 4739 6749
4970 2 2 5 1 1410 1409 1411
4971 2 2 5 1 1866 2861 2862
4972 2 2 5 1 119 120 5349
4973 2 2 5 1 3325 1404 4926
4974 2 2 5 1 1435 1436 1437
4975 2 2 5 1 3539 3540 4501
4976 2 2 5 1 2075 3443 5282
4977 2 2 5 1 3358 3359 3361
4978 2 2 5 1 5006 5004 5007
4979 2 2 5 1 4231 3173 5257
4980 2 2 5 1 1032 1022 1033
4981 2 2 5 1 1895 679 1901
4982 2 2 5 1 2926 3287 5273
4983 2 2 5 1 5008 5007 5009
4984 2 2 5 1 5059 5058 5067
4985 2 2 5 1 1842 1844 5164
4986 2 2 5 1 871 870 872
4987 2 2 5 1 1779 1499 5172
4988 2 2 5 1 3646 3307 3832
4989 2 2 5 1 2897 1762 5689
4990 2 2 5 1 5320 5321 5322
4991 2 2 5 1 2342 2344 5573
4992 2 2 5 1 5286 2773 5711
4993 2 2 5 1 1890 1892 5267
4994 2 2 5 1 2482 2481 2484
4995 2 2 5 1 2119 863 3300
4996 2 2 5 1 1021 1020 1022
4997 2 2 5 1 1676 1552 1678
4998 2 2 5 1 1881 3398 5169
4999 2 2 5 1 2864 3891 5134
5000 2 2 5 1 2187 2186 2289
5001 2 2 5 1 1472 1474 1475
5002 2 2 5 1 172 173 1912
5003 2 2 5 1 1880 1878 1881
5004 2 2 5 1 960 961 962
5005 2 2 5 1 2625 2730 5165
5006 2 2 5 1 1869 1865 1878
5007 2 2 5 1 442 115 5354
5008 2 2 5 1 2553 2554 3066
5009 2 2 5 1 3415 3414 4185
5010 2 2 5 1 10 3815 6976
5011 2 2 5 1 4097 3370 4098
5012 2 2 5 1 3639 3638 4545
5013 2 2 5 1 5040 5041 5042
5014 2 2 5 1 3261 3936 3937
5015 2 2 5 1 1171 6477 6498
5016 2 2 5 1 1737 1679 2055
5017 2 2 5 1 5261 2961 5262
5018 2 2 5 1 3928 3680 3929
5019 2 2 5 1 619 620 623
5020 2 2 5 1 5487 403 5494
5021 2 2 5 1 676 677 679
5022 2 2 5 1 2630 2629 2631
5023 2 2 5 1 757 756 758
5024 2 2 5 1 1873 2194 2195
5025 2 2 5 1 2162 1601 2680
5026 2 2 5 1 2991 3129 5242
5027 2 2 5 1 2776 2279 2881
5028 2 2 5 1 2501 2502 2503
5029 2 2 5 1 4068 4340 4341
5030 2 2 5 1 2882 2765 4144
5031 2 2 5 1 3758 3757 4350
5032 2 2 5 1 2626 2627 2628
5033 2 2 5 1 5360 5359 5361
5034 2 2 5 1 3153 4318 4319
5035 2 2 5 1 1164 1099 2481
5036 2 2 5 1 1900 4765 5116
5037 2 2 5 1 2489 2487 2490
5038 2 2 5 1 2485 2484 3394
5039 2 2 5 1 5186 5187 5188
5040 2 2 5 1 759 758 760
5041 2 2 5 1 2457 4019 4020
5042 2 2 5 1 3283 2879 3284
5043 2 2 5 1 2298 2991 5241
5044 2 2 5 1 2529 2528 2530
5045 2 2 5 1 1661 1694 1695
5046 2 2 5 1 418 5059 5060
5047 2 2 5 1 1223 1281 5289
5048 2 2 5 1 2131 1382 2132
5049 2 2 5 1 3375 3376 3377
5050 2 2 5 1 2454 3049 4924
5051 2 2 5 1 884 885 5295
5052 2 2 5 1 429 5301 5302
5053 2 2 5 1 1119 5398 5399
5054 2 2 5 1 170 171 408
5055 2 2 5 1 443 5344 5345
5056 2 2 5 1 4859 4790 5219
5057 2 2 5 1 2507 2765 2882
5058 2 2 5 1 698 701 5340
5059 2 2 5 1 1466 1467 1468
5060 2 2 5 1 2524 2820 3944
5061 2 2 5 1 2768 2545 3831
5062 2 2 5 1 5351 5350 5352
5063 2 2 5 1 3365 2845 4588
5064 2 2 5 1 2616 2619 5486
5065 2 2 5 1 2495 2494 2496
5066 2 2 5 1 1103 2961 5261
5067 2 2 5 1 755 754 756
5068 2 2 5 1 1212 1158 5373
5069 2 2 5 1 1914 1013 2568
5070 2 2 5 1 3045 3115 3326
5071 2 2 5 1 3873 5240 5513
5072 2 2 5 1 1273 1272 4990
5073 2 2 5 1 2249 5112 5113
5074 2 2 5 1 2329 3970 5664
5075 2 2 5 1 680 683 5125
5076 2 2 5 1 2347 2350 2393
5077 2 2 5 1 1567 1493 1612
5078 2 2 5 1 761 760 762
5079 2 2 5 1 631 630 633
5080 2 2 5 1 1759 1758 1760
5081 2 2 5 1 3791 3792 3793
5082 2 2 5 1 1774 813 5094
5083 2 2 5 1 1523 1670 5250
5084 2 2 5 1 655 657 658
5085 2 2 5 1 3460 3459 3461
5086 2 2 5 1 901 900 902
5087 2 2 5 1 1808 1867 5093
5088 2 2 5 1 2341 2340 2342
5089 2 2 5 1 653 654 655
5090 2 2 5 1 2549 2551 2553
5091 2 2 5 1 2527 1901 2528
5092 2 2 5 1 2460 2459 2879
5093 2 2 5 1 5268 1254 5269
5094 2 2 5 1 216 2150 5121
5095 2 2 5 1 629 628 630
5096 2 2 5 1 979 980 1030
5097 2 2 5 1 3858 3106 3859
5098 2 2 5 1 3220 3222 3261
5099 2 2 5 1 2994 3432 3848
5100 2 2 5 1 2955 2279 5441
5101 2 2 5 1 3346 3344 4777
5102 2 2 5 1 5152 3213 5153
5103 2 2 5 1 1043 1106 5115
5104 2 2 5 1 763 762 764
5105 2 2 5 1 3377 4211 4250
5106 2 2 5 1 3944 4027 4353
5107 2 2 5 1 4884 4885 4886
5108 2 2 5 1 1043 1041 1106
5109 2 2 5 1 1030 1031 1124
5110 2 2 5 1 5646 3452 5754
5111 2 2 5 1 2329 2468 3970
5112 2 2 5 1 2553 2551 2554
5113 2 2 5 1 4816 3223 4817
5114 2 2 5 1 590 592 1932
5115 2 2 5 1 1060 1072 5288
5116 2 2 5 1 1203 1208 5127
5117 2 2 5 1 184 433 5318
5118 2 2 5 1 3732 3733 4469
5119 2 2 5 1 2287 2984 5150
5120 2 2 5 1 4422 3284 4423
5121 2 2 5 1 1847 1842 5164
5122 2 2 5 1 5455 1970 6806
5123 2 2 5 1 909 888 5158
5124 2 2 5 1 1213 1934 5468
5125 2 2 5 1 1124 1125 1270
5126 2 2 5 1 789 790 791
5127 2 2 5 1 3779 3212 5151
5128 2 2 5 1 3212 2821 3213
5129 2 2 5 1 1245 1248 5240
5130 2 2 5 1 1840 1842 1847
5131 2 2 5 1 2503 2504 2507
5132 2 2 5 1 4387 3383 6621
5133 2 2 5 1 1040 1039 1041
5134 2 2 5 1 2410 2802 2803
5135 2 2 5 1 396 5211 5212
5136 2 2 5 1 3474 4982 4983
5137 2 2 5 1 5326 3140 5327
5138 2 2 5 1 5673 5305 5722
5139 2 2 5 1 1047 1010 5283
5140 2 2 5 1 1134 1135 1136
5141 2 2 5 1 2881 2279 2955
5142 2 2 5 1 3247 3292 4265
5143 2 2 5 1 4432 4431 4649
5144 2 2 5 1 2812 2811 2813
5145 2 2 5 1 4207 3365 4262
5146 2 2 5 1 4884 4886 4889
5147 2 2 5 1 3792 2262 5198
5148 2 2 5 1 5652 3890 5773
5149 2 2 5 1 2831 3044 3045
5150 2 2 5 1 1717 1718 5015
5151 2 2 5 1 4198 3336 4728
5152 2 2 5 1 118 119 5351
5153 2 2 5 1 4373 5080 5081
5154 2 2 5 1 908 913 914
5155 2 2 5 1 3262 2955 3307
5156 2 2 5 1 2898 2899 3220
5157 2 2 5 1 3369 3367 3370
5158 2 2 5 1 1239 1242 5298
5159 2 2 5 1 3841 2955 5441
5160 2 2 5 1 669 670 5166
5161 2 2 5 1 3315 3785 5174
5162 2 2 5 1 1036 1035 1037
5163 2 2 5 1 2524 3944 3945
5164 2 2 5 1 1946 2248 2281
5165 2 2 5 1 3414 2884 5080
5166 2 2 5 1 4231 5257 5258
5167 2 2 5 1 2625 2623 2730
5168 2 2 5 1 2044 3969 5179
5169 2 2 5 1 1242 1916 5298
5170 2 2 5 1 1935 1212 5373
5171 2 2 5 1 1470 1471 1472
5172 2 2 5 1 1404 1403 1405
5173 2 2 5 1 3369 3370 4097
5174 2 2 5 1 1017 1018 1019
5175 2 2 5 1 1042 1041 1043
5176 2 2 5 1 1402 1401 1403
5177 2 2 5 1 1900 1898 4765
5178 2 2 5 1 5407 5408 5614
5179 2 2 5 1 1038 1037 1039
5180 2 2 5 1 840 839 841
5181 2 2 5 1 1828 1829 1830
5182 2 2 5 1 914 913 931
5183 2 2 5 1 1468 1469 1470
5184 2 2 5 1 1098 1521 5104
5185 2 2 5 1 2709 3076 3690
5186 2 2 5 1 945 943 946
5187 2 2 5 1 1134 1114 1135
5188 2 2 5 1 601 602 5228
5189 2 2 5 1 3253 2467 3255
5190 2 2 5 1 701 702 703
5191 2 2 5 1 4860 4862 5114
5192 2 2 5 1 3315 3313 3785
5193 2 2 5 1 1955 199 5313
5194 2 2 5 1 5349 5350 5351
5195 2 2 5 1 3045 3111 3115
5196 2 2 5 1 126 441 5336
5197 2 2 5 1 3731 4115 4116
5198 2 2 5 1 1225 1226 5237
5199 2 2 5 1 1068 2608 3400
5200 2 2 5 1 749 740 5650
5201 2 2 5 1 1251 1254 5268
5202 2 2 5 1 4032 3770 4419
5203 2 2 5 1 2507 2508 2765
5204 2 2 5 1 1143 2546 2547
5205 2 2 5 1 3714 3713 3715
5206 2 2 5 1 1836 1837 1838
5207 2 2 5 1 3242 2630 5260
5208 2 2 5 1 3664 2881 5176
5209 2 2 5 1 905 904 906
5210 2 2 5 1 2040 2047 5030
5211 2 2 5 1 124 125 5339
5212 2 2 5 1 3266 3842 5509
5213 2 2 5 1 1827 1825 2157
5214 2 2 5 1 1068 3400 5223
5215 2 2 5 1 868 871 5449
5216 2 2 5 1 123 388 5343
5217 2 2 5 1 2243 2092 2279
5218 2 2 5 1 1838 1839 1840
5219 2 2 5 1 2557 2541 2558
5220 2 2 5 1 3563 1059 5820
5221 2 2 5 1 791 792 793
5222 2 2 5 1 4426 2265 6536
5223 2 2 5 1 1555 2149 2155
5224 2 2 5 1 3319 3323 5183
5225 2 2 5 1 1166 1142 1167
5226 2 2 5 1 894 896 5287
5227 2 2 5 1 1887 1945 1946
5228 2 2 5 1 1340 2674 5383
5229 2 2 5 1 205 206 5186
5230 2 2 5 1 2882 4144 4145
5231 2 2 5 1 666 664 667
5232 2 2 5 1 1899 1898 1900
5233 2 2 5 1 666 1897 5191
5234 2 2 5 1 1600 2463 5593
5235 2 2 5 1 5711 5903 5984
5236 2 2 5 1 2364 169 5135
5237 2 2 5 1 2195 2194 2458
5238 2 2 5 1 2970 2400 3418
5239 2 2 5 1 3364 2845 3365
5240 2 2 5 1 1790 1788 1791
5241 2 2 5 1 4050 3833 4447
5242 2 2 5 1 3784 3419 5921
5243 2 2 5 1 3319 3317 3323
5244 2 2 5 1 1828 1827 1829
5245 2 2 5 1 1707 3000 5249
5246 2 2 5 1 2426 2940 5503
5247 2 2 5 1 4564 5079 6319
5248 2 2 5 1 2043 2376 5195
5249 2 2 5 1 1267 1265 5040
5250 2 2 5 1 2090 1761 2167
5251 2 2 5 1 493 2118 5736
5252 2 2 5 1 4170 4172 4173
5253 2 2 5 1 2614 2616 5486
5254 2 2 5 1 1769 1194 5088
5255 2 2 5 1 3393 2547 5140
5256 2 2 5 1 1408 1407 1409
5257 2 2 5 1 3040 3827 3829
5258 2 2 5 1 2912 3399 3833
5259 2 2 5 1 2079 3947 5380
5260 2 2 5 1 709 5053 5054
5261 2 2 5 1 2703 2707 3124
5262 2 2 5 1 3524 4929 5988
5263 2 2 5 1 3705 4694 4915
5264 2 2 5 1 1170 1168 1171
5265 2 2 5 1 1098 1163 1521
5266 2 2 5 1 1483 1484 1542
5267 2 2 5 1 1808 1806 1867
5268 2 2 5 1 2423 4079 5070
5269 2 2 5 1 1873 1871 2194
5270 2 2 5 1 3382 3747 5133
5271 2 2 5 1 1464 1465 1466
5272 2 2 5 1 1792 1791 1793
5273 2 2 5 1 862 864 865
5274 2 2 5 1 622 625 1772
5275 2 2 5 1 1906 209 5038
5276 2 2 5 1 2667 2668 2669
5277 2 2 5 1 3867 5407 5614
5278 2 2 5 1 2782 3615 3617
5279 2 2 5 1 400 166 5254
5280 2 2 5 1 703 704 705
5281 2 2 5 1 1848 1871 1873
5282 2 2 5 1 1039 1037 1773
5283 2 2 5 1 4831 3839 5168
5284 2 2 5 1 1878 1865 5112
5285 2 2 5 1 680 682 683
5286 2 2 5 1 3205 3600 4385
5287 2 2 5 1 165 166 400
5288 2 2 5 1 1830 1831 1832
5289 2 2 5 1 832 833 834
5290 2 2 5 1 117 386 5353
5291 2 2 5 1 2291 2275 5964
5292 2 2 5 1 2193 2563 5306
5293 2 2 5 1 5495 419 5565
5294 2 2 5 1 1142 1140 5132
5295 2 2 5 1 2628 2629 2630
5296 2 2 5 1 1505 1506 1507
5297 2 2 5 1 2395 2289 2964
5298 2 2 5 1 2145 5435 5436
5299 2 2 5 1 2762 4272 5641
5300 2 2 5 1 1050 5261 5266
5301 2 2 5 1 2459 2458 3040
5302 2 2 5 1 931 941 979
5303 2 2 5 1 669 667 670
5304 2 2 5 1 3161 5304 5305
5305 2 2 5 1 2810 2808 2811
5306 2 2 5 1 4886 450 6945
5307 2 2 5 1 174 418 5062
5308 2 2 5 1 2844 1900 2845
5309 2 2 5 1 3366 659 3367
5310 2 2 5 1 679 677 680
5311 2 2 5 1 3387 2964 4051
5312 2 2 5 1 5249 3893 5922
5313 2 2 5 1 1272 3562 4990
5314 2 2 5 1 1035 1034 1112
5315 2 2 5 1 1055 5266 5562
5316 2 2 5 1 2864 2863 3891
5317 2 2 5 1 2568 5130 5734
5318 2 2 5 1 5336 441 5337
5319 2 2 5 1 2880 2879 3283
5320 2 2 5 1 1794 1793 1805
5321 2 2 5 1 3141 3142 3572
5322 2 2 5 1 1143 2547 3393
5323 2 2 5 1 2834 3178 5196
5324 2 2 5 1 1291 1289 2100
5325 2 2 5 1 1855 1853 1859
5326 2 2 5 1 1948 164 5159
5327 2 2 5 1 1167 1142 5132
5328 2 2 5 1 3022 5124 6437
5329 2 2 5 1 676 1895 5525
5330 2 2 5 1 3146 2799 4693
5331 2 2 5 1 3119 3118 3219
5332 2 2 5 1 602 3380 5228
5333 2 2 5 1 1180 1179 1181
5334 2 2 5 1 3690 3076 4107
5335 2 2 5 1 3247 3246 3248
5336 2 2 5 1 945 946 947
5337 2 2 5 1 1851 1808 5093
5338 2 2 5 1 5215 2892 5217
5339 2 2 5 1 1264 1265 1266
5340 2 2 5 1 3190 3101 3286
5341 2 2 5 1 4065 3321 4066
5342 2 2 5 1 1281 1610 5289
5343 2 2 5 1 2582 2594 5701
5344 2 2 5 1 1390 1392 1449
5345 2 2 5 1 2594 2688 3477
5346 2 2 5 1 1897 669 1898
5347 2 2 5 1 2585 1779 5276
5348 2 2 5 1 857 854 4876
5349 2 2 5 1 2528 1901 3386
5350 2 2 5 1 688 690 691
5351 2 2 5 1 676 679 1895
5352 2 2 5 1 3554 4680 4681
5353 2 2 5 1 1834 1835 1836
5354 2 2 5 1 949 947 976
5355 2 2 5 1 3262 3646 4405
5356 2 2 5 1 2629 2627 2700
5357 2 2 5 1 1926 5252 5312
5358 2 2 5 1 1914 2568 2569
5359 2 2 5 1 2796 1876 5723
5360 2 2 5 1 442 5354 5355
5361 2 2 5 1 1140 1138 1908
5362 2 2 5 1 3334 3333 3777
5363 2 2 5 1 662 664 666
5364 2 2 5 1 4690 5530 6619
5365 2 2 5 1 3413 2884 3414
5366 2 2 5 1 2480 2422 2912
5367 2 2 5 1 4194 3705 4915
5368 2 2 5 1 639 638 641
5369 2 2 5 1 1572 1684 2060
5370 2 2 5 1 2305 2304 3017
5371 2 2 5 1 2529 2530 2531
5372 2 2 5 1 1851 5093 5203
5373 2 2 5 1 333 332 4662
5374 2 2 5 1 4102 3297 4202
5375 2 2 5 1 2501 2500 2502
5376 2 2 5 1 1138 1136 5118
5377 2 2 5 1 2936 2934 5227
5378 2 2 5 1 431 5426 5427
5379 2 2 5 1 5739 5738 5740
5380 2 2 5 1 5262 2961 5263
5381 2 2 5 1 949 976 977
5382 2 2 5 1 3525 5988 6130
5383 2 2 5 1 2569 2570 2571
5384 2 2 5 1 5250 1670 5585
5385 2 2 5 1 2617 2800 5160
5386 2 2 5 1 533 531 5738
5387 2 2 5 1 1021 1022 1032
5388 2 2 5 1 3355 3356 3358
5389 2 2 5 1 4170 4168 4172
5390 2 2 5 1 2873 2874 2875
5391 2 2 5 1 642 641 647
5392 2 2 5 1 3178 4274 4286
5393 2 2 5 1 4884 4883 4885
5394 2 2 5 1 709 710 711
5395 2 2 5 1 1435 1434 1436
5396 2 2 5 1 1676 1678 1679
5397 2 2 5 1 198 1955 5358
5398 2 2 5 1 1019 1020 1021
5399 2 2 5 1 4964 4969 4975
5400 2 2 5 1 3176 3121 3770
5401 2 2 5 1 3151 3938 3939
5402 2 2 5 1 199 200 5313
5403 2 2 5 1 3301 3300 3302
5404 2 2 5 1 1986 1983 5883
5405 2 2 5 1 2431 2430 2863
5406 2 2 5 1 1323 1321 1324
5407 2 2 5 1 4935 4937 4938
5408 2 2 5 1 3279 3278 3280
5409 2 2 5 1 974 987 1102
5410 2 2 5 1 1266 1267 1268
5411 2 2 5 1 648 647 650
5412 2 2 5 1 1033 1022 1034
5413 2 2 5 1 3006 5200 5201
5414 2 2 5 1 3333 1202 5658
5415 2 2 5 1 4173 4172 4564
5416 2 2 5 1 1030 1124 2314
5417 2 2 5 1 2018 2019 5781
5418 2 2 5 1 1840 1841 1842
5419 2 2 5 1 4961 4963 4964
5420 2 2 5 1 1881 3189 3398
5421 2 2 5 1 1379 1377 1381
5422 2 2 5 1 2875 3064 3065
5423 2 2 5 1 1297 1716 3338
5424 2 2 5 1 2729 2728 2848
5425 2 2 5 1 977 976 1010
5426 2 2 5 1 1460 1461 1464
5427 2 2 5 1 4169 4168 4170
5428 2 2 5 1 1666 1665 1748
5429 2 2 5 1 3458 3456 3459
5430 2 2 5 1 378 5533 6761
5431 2 2 5 1 698 700 701
5432 2 2 5 1 2966 3856 5398
5433 2 2 5 1 3382 1650 3747
5434 2 2 5 1 1895 1901 2527
5435 2 2 5 1 1923 1924 2446
5436 2 2 5 1 1442 1443 1444
5437 2 2 5 1 2499 2498 2500
5438 2 2 5 1 1153 1223 5141
5439 2 2 5 1 2985 2994 5148
5440 2 2 5 1 684 686 687
5441 2 2 5 1 3152 5394 5621
5442 2 2 5 1 207 208 5035
5443 2 2 5 1 947 946 5369
5444 2 2 5 1 1124 1031 1125
5445 2 2 5 1 3705 2911 4694
5446 2 2 5 1 1830 1829 1831
5447 2 2 5 1 3219 3765 4431
5448 2 2 5 1 211 212 5046
5449 2 2 5 1 3693 2836 4912
5450 2 2 5 1 652 659 3366
5451 2 2 5 1 3551 3266 5509
5452 2 2 5 1 2620 2618 2766
5453 2 2 5 1 252 1917 5180
5454 2 2 5 1 2303 2556 2850
5455 2 2 5 1 1512 1515 5312
5456 2 2 5 1 694 696 697
5457 2 2 5 1 1048 1103 5261
5458 2 2 5 1 2193 5306 5392
5459 2 2 5 1 637 634 638
5460 2 2 5 1 4419 3770 4922
5461 2 2 5 1 2227 2831 5178
5462 2 2 5 1 5254 167 5255
5463 2 2 5 1 5320 5319 5321
5464 2 2 5 1 676 675 677
5465 2 2 5 1 2813 3156 5663
5466 2 2 5 1 2640 3890 5367
5467 2 2 5 1 5081 5080 5083
5468 2 2 5 1 5489 5488 5490
5469 2 2 5 1 3858 3859 4455
5470 2 2 5 1 1193 1191 1194
5471 2 2 5 1 1831 1829 2158
5472 2 2 5 1 2661 2663 3181
5473 2 2 5 1 2404 2345 5095
5474 2 2 5 1 2421 2892 5215
5475 2 2 5 1 1912 5064 5065
5476 2 2 5 1 4026 5106 5107
5477 2 2 5 1 1860 1857 1903
5478 2 2 5 1 1011 1010 1047
5479 2 2 5 1 3219 4431 4432
5480 2 2 5 1 1757 1755 1758
5481 2 2 5 1 389 5307 5308
5482 2 2 5 1 2406 2886 2887
5483 2 2 5 1 3117 2936 3118
5484 2 2 5 1 1737 2055 2056
5485 2 2 5 1 2163 1643 2304
5486 2 2 5 1 904 903 5175
5487 2 2 5 1 2206 5902 5950
5488 2 2 5 1 1030 980 1031
5489 2 2 5 1 3078 3079 3628
5490 2 2 5 1 1033 1035 1036
5491 2 2 5 1 3690 4107 4180
5492 2 2 5 1 2571 2570 2572
5493 2 2 5 1 944 943 945
5494 2 2 5 1 4341 4340 4343
5495 2 2 5 1 2527 2528 2529
5496 2 2 5 1 175 176 5058
5497 2 2 5 1 4964 4963 4969
5498 2 2 5 1 255 396 5212
5499 2 2 5 1 871 5111 5449
5500 2 2 5 1 213 214 5055
5501 2 2 5 1 1721 2518 2519
5502 2 2 5 1 1921 4832 5393
5503 2 2 5 1 2531 2532 4421
5504 2 2 5 1 1356 1354 5408
5505 2 2 5 1 2211 2208 2301
5506 2 2 5 1 2219 1719 4440
5507 2 2 5 1 706 708 709
5508 2 2 5 1 1918 249 5194
5509 2 2 5 1 3139 3140 5326
5510 2 2 5 1 672 675 676
5511 2 2 5 1 2616 2615 2617
5512 2 2 5 1 952 785 5225
5513 2 2 5 1 2608 2610 5531
5514 2 2 5 1 4199 2796 5723
5515 2 2 5 1 1873 5712 5824
5516 2 2 5 1 3161 3162 5304
5517 2 2 5 1 3940 3109 5284
5518 2 2 5 1 3575 3281 4133
5519 2 2 5 1 1682 1681 2169
5520 2 2 5 1 2168 2167 5529
5521 2 2 5 1 2547 2548 2549
5522 2 2 5 1 2109 5379 6071
5523 2 2 5 1 5257 2748 5497
5524 2 2 5 1 3827 3828 6716
5525 2 2 5 1 711 713 714
5526 2 2 5 1 1186 1185 1187
5527 2 2 5 1 889 1886 5334
5528 2 2 5 1 3955 3612 4825
5529 2 2 5 1 4879 3869 5701
5530 2 2 5 1 914 931 932
5531 2 2 5 1 1499 1500 1501
5532 2 2 5 1 2503 2502 2504
5533 2 2 5 1 1895 3847 5525
5534 2 2 5 1 3139 2753 3140
5535 2 2 5 1 1668 1669 1717
5536 2 2 5 1 2150 217 5319
5537 2 2 5 1 1616 2966 5398
5538 2 2 5 1 2032 2109 6032
5539 2 2 5 1 1956 867 5449
5540 2 2 5 1 3401 2446 3402
5541 2 2 5 1 3017 3396 3397
5542 2 2 5 1 1866 1862 2861
5543 2 2 5 1 2217 2213 2422
5544 2 2 5 1 3390 2967 4248
5545 2 2 5 1 1057 1043 1058
5546 2 2 5 1 2572 2570 3416
5547 2 2 5 1 2912 2422 3399
5548 2 2 5 1 1195 1194 1196
5549 2 2 5 1 3475 3921 5797
5550 2 2 5 1 2470 2231 2753
5551 2 2 5 1 638 634 5594
5552 2 2 5 1 2748 2577 2749
5553 2 2 5 1 3946 5104 5929
5554 2 2 5 1 1016 1068 5223
5555 2 2 5 1 3210 3858 5599
5556 2 2 5 1 1319 1563 1740
5557 2 2 5 1 1658 1659 2153
5558 2 2 5 1 658 661 662
5559 2 2 5 1 1386 1388 1959
5560 2 2 5 1 633 635 3528
5561 2 2 5 1 6702 3114 7006
5562 2 2 5 1 1367 1496 1497
5563 2 2 5 1 2063 5628 5676
5564 2 2 5 1 3247 3248 3292
5565 2 2 5 1 2765 2508 4118
5566 2 2 5 1 2540 2538 2542
5567 2 2 5 1 5492 5490 5493
5568 2 2 5 1 250 251 401
5569 2 2 5 1 3833 3399 4480
5570 2 2 5 1 858 860 861
5571 2 2 5 1 3607 3605 4195
5572 2 2 5 1 5051 3844 5616
5573 2 2 5 1 884 882 885
5574 2 2 5 1 1261 1921 5393
5575 2 2 5 1 2536 1888 3462
5576 2 2 5 1 2195 2459 2460
5577 2 2 5 1 1446 1447 1448
5578 2 2 5 1 2966 2685 2967
5579 2 2 5 1 682 681 5414
5580 2 2 5 1 2984 5149 5150
5581 2 2 5 1 3000 3893 5249
5582 2 2 5 1 2877 2915 5238
5583 2 2 5 1 2934 2932 3768
5584 2 2 5 1 1860 1903 5233
5585 2 2 5 1 1846 1864 1876
5586 2 2 5 1 1384 1386 5162
5587 2 2 5 1 1924 2303 5218
5588 2 2 5 1 5490 5488 5491
5589 2 2 5 1 1871 1872 5382
5590 2 2 5 1 975 938 1009
5591 2 2 5 1 1832 1833 1834
5592 2 2 5 1 925 939 940
5593 2 2 5 1 1504 1503 1505
5594 2 2 5 1 977 1010 1011
5595 2 2 5 1 685 682 5414
5596 2 2 5 1 2540 2543 5277
5597 2 2 5 1 257 1920 5209
5598 2 2 5 1 899 2396 5293
5599 2 2 5 1 1218 1219 1545
5600 2 2 5 1 1507 1506 1508
5601 2 2 5 1 2897 5689 5994
5602 2 2 5 1 1545 1546 1681
5603 2 2 5 1 167 168 5255
5604 2 2 5 1 4378 4268 4379
5605 2 2 5 1 948 947 949
5606 2 2 5 1 2507 2504 2508
5607 2 2 5 1 3448 2589 3565
5608 2 2 5 1 1902 1775 2432
5609 2 2 5 1 1826 1827 1828
5610 2 2 5 1 1872 1875 1904
5611 2 2 5 1 978 949 5177
5612 2 2 5 1 1103 1104 1218
5613 2 2 5 1 2524 2248 2820
5614 2 2 5 1 2070 1971 5443
5615 2 2 5 1 2776 2881 3664
5616 2 2 5 1 1268 1272 1273
5617 2 2 5 1 1938 638 5594
5618 2 2 5 1 5264 5263 5265
5619 2 2 5 1 1892 2431 5267
5620 2 2 5 1 1880 1881 5169
5621 2 2 5 1 1607 1742 1923
5622 2 2 5 1 564 563 565
5623 2 2 5 1 826 916 925
5624 2 2 5 1 203 204 439
5625 2 2 5 1 4167 4166 4168
5626 2 2 5 1 2276 2133 2277
5627 2 2 5 1 2912 3833 4050
5628 2 2 5 1 2361 2064 5597
5629 2 2 5 1 717 6631 6654
5630 2 2 5 1 215 216 5121
5631 2 2 5 1 2077 2075 5282
5632 2 2 5 1 1166 1167 1168
5633 2 2 5 1 3283 4424 5221
5634 2 2 5 1 3287 3786 4537
5635 2 2 5 1 1197 1196 1198
5636 2 2 5 1 3666 2949 3667
5637 2 2 5 1 255 256 396
5638 2 2 5 1 440 182 5317
5639 2 2 5 1 1842 1843 1844
5640 2 2 5 1 979 941 980
5641 2 2 5 1 5394 3429 5621
5642 2 2 5 1 260 261 389
5643 2 2 5 1 2167 1761 5433
5644 2 2 5 1 1521 1522 1668
5645 2 2 5 1 1020 1018 1896
5646 2 2 5 1 3947 2077 5282
5647 2 2 5 1 5262 5263 5264
5648 2 2 5 1 666 669 1897
5649 2 2 5 1 3592 2857 3593
5650 2 2 5 1 2293 3824 5857
5651 2 2 5 1 2310 2409 2410
5652 2 2 5 1 2162 2681 5068
5653 2 2 5 1 2934 3768 5227
5654 2 2 5 1 3117 3118 3119
5655 2 2 5 1 1564 1153 5141
5656 2 2 5 1 1050 1048 5261
5657 2 2 5 1 3004 978 3006
5658 2 2 5 1 3744 3079 5678
5659 2 2 5 1 2354 2346 5291
5660 2 2 5 1 1993 1992 1994
5661 2 2 5 1 2921 2920 2922
5662 2 2 5 1 3518 5854 6001
5663 2 2 5 1 95 446 5364
5664 2 2 5 1 2749 2919 2920
5665 2 2 5 1 572 571 573
5666 2 2 5 1 3031 4002 4003
5667 2 2 5 1 1904 1875 2231
5668 2 2 5 1 132 1922 5402
5669 2 2 5 1 615 619 5729
5670 2 2 5 1 2199 3426 5506
5671 2 2 5 1 4996 788 6063
5672 2 2 5 1 2243 2279 2776
5673 2 2 5 1 1813 1811 5117
5674 2 2 5 1 1113 1058 1114
5675 2 2 5 1 4959 4961 5207
5676 2 2 5 1 2549 2550 2551
5677 2 2 5 1 2924 2925 2926
5678 2 2 5 1 181 182 440
5679 2 2 5 1 4043 4034 4413
5680 2 2 5 1 3100 2404 3101
5681 2 2 5 1 429 201 5301
5682 2 2 5 1 687 686 688
5683 2 2 5 1 2196 2180 4245
5684 2 2 5 1 3375 2862 3376
5685 2 2 5 1 3869 5628 5701
5686 2 2 5 1 216 217 2150
5687 2 2 5 1 566 565 567
5688 2 2 5 1 5237 1230 5391
5689 2 2 5 1 1908 1138 5118
5690 2 2 5 1 683 682 684
5691 2 2 5 1 1457 1459 1460
5692 2 2 5 1 1563 1562 1665
5693 2 2 5 1 4391 4393 4399
5694 2 2 5 1 4343 1740 6796
5695 2 2 5 1 3390 4414 5371
5696 2 2 5 1 1048 1047 1103
5697 2 2 5 1 5539 5540 5542
5698 2 2 5 1 688 691 5084
5699 2 2 5 1 3051 2767 3289
5700 2 2 5 1 801 799 810
5701 2 2 5 1 731 510 5744
5702 2 2 5 1 1161 1090 1486
5703 2 2 5 1 2614 2612 2615
5704 2 2 5 1 1974 2227 5178
5705 2 2 5 1 662 666 5191
5706 2 2 5 1 4698 3063 5856
5707 2 2 5 1 1198 1196 5658
5708 2 2 5 1 2831 3045 5050
5709 2 2 5 1 1501 1503 1504
5710 2 2 5 1 3377 3376 4211
5711 2 2 5 1 3390 4248 4414
5712 2 2 5 1 169 170 5135
5713 2 2 5 1 1324 1321 5388
5714 2 2 5 1 3274 3272 3816
5715 2 2 5 1 3058 3433 3434
5716 2 2 5 1 134 135 399
5717 2 2 5 1 129 130 393
5718 2 2 5 1 2970 3418 4114
5719 2 2 5 1 1200 1198 1201
5720 2 2 5 1 3283 4422 4424
5721 2 2 5 1 2305 3017 3018
5722 2 2 5 1 1670 1941 2190
5723 2 2 5 1 691 690 692
5724 2 2 5 1 1688 1543 5576
5725 2 2 5 1 5327 3140 5328
5726 2 2 5 1 1133 1114 1134
5727 2 2 5 1 1780 612 5729
5728 2 2 5 1 2576 2577 2748
5729 2 2 5 1 1014 994 1015
5730 2 2 5 1 1509 1507 1510
5731 2 2 5 1 1613 1356 5408
5732 2 2 5 1 2092 1529 5441
5733 2 2 5 1 5291 2352 5771
5734 2 2 5 1 1624 1626 5341
5735 2 2 5 1 1034 1022 5589
5736 2 2 5 1 2126 2127 5515
5737 2 2 5 1 1850 1852 1882
5738 2 2 5 1 2298 2297 2991
5739 2 2 5 1 1275 1276 1277
5740 2 2 5 1 126 127 441
5741 2 2 5 1 2213 2211 5146
5742 2 2 5 1 2966 2967 3390
5743 2 2 5 1 4146 4145 4241
5744 2 2 5 1 3173 2576 5257
5745 2 2 5 1 1693 1660 3610
5746 2 2 5 1 2252 2897 3392
5747 2 2 5 1 568 567 569
5748 2 2 5 1 2190 2290 2877
5749 2 2 5 1 4330 4171 4368
5750 2 2 5 1 3412 3411 4300
5751 2 2 5 1 899 897 1910
5752 2 2 5 1 3402 3411 3412
5753 2 2 5 1 3176 3770 4032
5754 2 2 5 1 848 850 3502
5755 2 2 5 1 3017 2304 3396
5756 2 2 5 1 562 561 563
5757 2 2 5 1 389 261 5307
5758 2 2 5 1 3292 3248 3293
5759 2 2 5 1 1178 1176 1179
5760 2 2 5 1 219 402 5323
5761 2 2 5 1 1844 1845 1848
5762 2 2 5 1 2915 3180 4193
5763 2 2 5 1 1848 1849 1871
5764 2 2 5 1 655 654 657
5765 2 2 5 1 3046 2453 3047
5766 2 2 5 1 5095 2345 5573
5767 2 2 5 1 2227 2830 2831
5768 2 2 5 1 2994 2995 3432
5769 2 2 5 1 658 657 661
5770 2 2 5 1 1143 1135 2546
5771 2 2 5 1 2994 3848 5148
5772 2 2 5 1 1854 1856 2375
5773 2 2 5 1 123 124 388
5774 2 2 5 1 117 118 386
5775 2 2 5 1 120 121 443
5776 2 2 5 1 3415 4185 4186
5777 2 2 5 1 1545 1219 1546
5778 2 2 5 1 1930 1929 2297
5779 2 2 5 1 2211 2301 5146
5780 2 2 5 1 5417 4020 5694
5781 2 2 5 1 1871 1849 1872
5782 2 2 5 1 3372 5073 5074
5783 2 2 5 1 792 798 5342
5784 2 2 5 1 3431 2421 5215
5785 2 2 5 1 1616 2685 2966
5786 2 2 5 1 2396 2397 3024
5787 2 2 5 1 1218 1104 1219
5788 2 2 5 1 2642 2640 5367
5789 2 2 5 1 114 115 442
5790 2 2 5 1 1925 2421 3431
5791 2 2 5 1 202 203 5299
5792 2 2 5 1 3944 2820 4027
5793 2 2 5 1 2926 2925 3287
5794 2 2 5 1 1904 2231 2470
5795 2 2 5 1 2400 1691 5610
5796 2 2 5 1 4846 3333 5658
5797 2 2 5 1 1277 1278 1279
5798 2 2 5 1 2606 4068 5505
5799 2 2 5 1 1174 1172 1175
5800 2 2 5 1 1184 1182 1185
5801 2 2 5 1 252 253 1917
5802 2 2 5 1 1940 5032 5905
5803 2 2 5 1 111 112 381
5804 2 2 5 1 2163 2304 2305
5805 2 2 5 1 3700 3699 3701
5806 2 2 5 1 108 109 445
5807 2 2 5 1 1923 2446 3401
5808 2 2 5 1 3000 3084 3503
5809 2 2 5 1 105 106 375
5810 2 2 5 1 122 5343 5344
5811 2 2 5 1 1159 1158 1160
5812 2 2 5 1 5814 1945 5831
5813 2 2 5 1 508 731 5556
5814 2 2 5 1 570 569 571
5815 2 2 5 1 1010 2637 5283
5816 2 2 5 1 2449 3209 5732
5817 2 2 5 1 1238 1239 5298
5818 2 2 5 1 2882 4146 5281
5819 2 2 5 1 1915 1250 1929
5820 2 2 5 1 3649 4130 4261
5821 2 2 5 1 2930 2928 3251
5822 2 2 5 1 3156 4123 5663
5823 2 2 5 1 5143 1858 5776
5824 2 2 5 1 1991 1988 1992
5825 2 2 5 1 3698 3696 3699
5826 2 2 5 1 4748 4747 5401
5827 2 2 5 1 1923 1742 1924
5828 2 2 5 1 1643 1491 5167
5829 2 2 5 1 4373 3414 5080
5830 2 2 5 1 1103 1218 2961
5831 2 2 5 1 2924 2922 2925
5832 2 2 5 1 5094 820 5911
5833 2 2 5 1 1428 1439 3311
5834 2 2 5 1 163 164 1948
5835 2 2 5 1 2335 2336 2337
5836 2 2 5 1 1952 4505 6410
5837 2 2 5 1 4716 1726 5702
5838 2 2 5 1 2543 2542 2834
5839 2 2 5 1 772 4703 4773
5840 2 2 5 1 1957 1956 2180
5841 2 2 5 1 1051 1050 1052
5842 2 2 5 1 1620 1708 5356
5843 2 2 5 1 1456 1455 1457
5844 2 2 5 1 940 990 991
5845 2 2 5 1 4141 4042 4142
5846 2 2 5 1 3420 3582 3583
5847 2 2 5 1 1491 1216 1614
5848 2 2 5 1 942 932 943
5849 2 2 5 1 3402 2446 3411
5850 2 2 5 1 1921 3930 4312
5851 2 2 5 1 2303 2850 5218
5852 2 2 5 1 1616 1617 2685
5853 2 2 5 1 2688 2872 2873
5854 2 2 5 1 2901 2755 4034
5855 2 2 5 1 1103 1047 1104
5856 2 2 5 1 1921 1511 3930
5857 2 2 5 1 2589 2585 5276
5858 2 2 5 1 3412 4300 4667
5859 2 2 5 1 1236 1237 1238
5860 2 2 5 1 1137 1136 1138
5861 2 2 5 1 838 837 839
5862 2 2 5 1 3583 3584 4108
5863 2 2 5 1 2784 3695 3696
5864 2 2 5 1 2056 2805 2806
5865 2 2 5 1 2749 2920 2921
5866 2 2 5 1 3046 3047 5109
5867 2 2 5 1 3662 3661 3680
5868 2 2 5 1 1036 1037 1038
5869 2 2 5 1 1190 1188 1191
5870 2 2 5 1 1038 1039 1040
5871 2 2 5 1 1160 1158 1212
5872 2 2 5 1 1016 1015 1068
5873 2 2 5 1 5040 1265 5041
5874 2 2 5 1 1517 1523 5250
5875 2 2 5 1 1420 1735 4786
5876 2 2 5 1 1261 1511 1921
5877 2 2 5 1 102 103 444
5878 2 2 5 1 2034 2036 5379
5879 2 2 5 1 1501 1500 1502
5880 2 2 5 1 2576 2574 2577
5881 2 2 5 1 993 1013 1914
5882 2 2 5 1 3975 3974 5377
5883 2 2 5 1 935 1777 5259
5884 2 2 5 1 827 821 5272
5885 2 2 5 1 1545 1681 1682
5886 2 2 5 1 1011 1047 1048
5887 2 2 5 1 2363 911 3428
5888 2 2 5 1 2661 3181 5477
5889 2 2 5 1 116 5353 5354
5890 2 2 5 1 3002 2848 3112
5891 2 2 5 1 2923 2922 2924
5892 2 2 5 1 3579 3173 4231
5893 2 2 5 1 3182 2877 3957
5894 2 2 5 1 852 854 855
5895 2 2 5 1 3226 2469 3337
5896 2 2 5 1 164 165 5159
5897 2 2 5 1 3129 4268 4378
5898 2 2 5 1 429 5302 5303
5899 2 2 5 1 5914 809 6586
5900 2 2 5 1 1523 1619 1670
5901 2 2 5 1 1861 1865 1869
5902 2 2 5 1 3368 3367 3369
5903 2 2 5 1 2367 5411 5412
5904 2 2 5 1 1248 1249 1250
5905 2 2 5 1 5406 3420 5678
5906 2 2 5 1 2264 2263 2401
5907 2 2 5 1 2927 2926 2928
5908 2 2 5 1 3565 2589 5276
5909 2 2 5 1 1040 1041 1042
5910 2 2 5 1 248 249 1918
5911 2 2 5 1 5307 262 5309
5912 2 2 5 1 168 169 2364
5913 2 2 5 1 5628 3869 5676
5914 2 2 5 1 4990 4991 5197
5915 2 2 5 1 3957 2877 5238
5916 2 2 5 1 1682 2169 4769
5917 2 2 5 1 1242 1243 1244
5918 2 2 5 1 2877 2290 2915
5919 2 2 5 1 3502 850 5368
5920 2 2 5 1 658 662 5191
5921 2 2 5 1 2287 2780 2984
5922 2 2 5 1 2249 1878 5112
5923 2 2 5 1 931 913 941
5924 2 2 5 1 3990 3985 5372
5925 2 2 5 1 1708 1622 5462
5926 2 2 5 1 1953 5445 5446
5927 2 2 5 1 683 5087 5125
5928 2 2 5 1 3640 3046 5109
5929 2 2 5 1 2217 2422 2480
5930 2 2 5 1 1926 5250 5251
5931 2 2 5 1 1500 1497 5461
5932 2 2 5 1 100 101 1927
5933 2 2 5 1 2190 1941 2290
5934 2 2 5 1 3219 3118 3765
5935 2 2 5 1 5225 783 5938
5936 2 2 5 1 1079 1080 1081
5937 2 2 5 1 5108 1615 6818
5938 2 2 5 1 1916 1244 3873
5939 2 2 5 1 907 904 5175
5940 2 2 5 1 1923 3401 5537
5941 2 2 5 1 1214 1215 1225
5942 2 2 5 1 3465 5796 5845
5943 2 2 5 1 4008 4693 7003
5944 2 2 5 1 2580 2783 2784
5945 2 2 5 1 1930 2297 2298
5946 2 2 5 1 1369 1231 5405
5947 2 2 5 1 1838 1837 1839
5948 2 2 5 1 3378 3139 3913
5949 2 2 5 1 3006 5199 5200
5950 2 2 5 1 2194 5382 5683
5951 2 2 5 1 606 604 2288
5952 2 2 5 1 2594 2687 2688
5953 2 2 5 1 1225 1215 1226
5954 2 2 5 1 1232 1233 1234
5955 2 2 5 1 1234 1235 1236
5956 2 2 5 1 894 891 896
5957 2 2 5 1 2753 2754 5329
5958 2 2 5 1 262 263 5309
5959 2 2 5 1 1049 1048 1050
5960 2 2 5 1 5398 3856 5399
5961 2 2 5 1 2470 2753 3139
5962 2 2 5 1 2948 2691 2949
5963 2 2 5 1 1244 1245 5240
5964 2 2 5 1 2940 3820 3821
5965 2 2 5 1 5933 3931 6117
5966 2 2 5 1 1160 1212 1213
5967 2 2 5 1 3401 3402 3403
5968 2 2 5 1 2991 2992 3129
5969 2 2 5 1 482 485 741
5970 2 2 5 1 1840 1839 1841
5971 2 2 5 1 2563 3161 5306
5972 2 2 5 1 3865 3866 4840
5973 2 2 5 1 502 504 951
5974 2 2 5 1 1248 1250 1915
5975 2 2 5 1 1899 1900 2844
5976 2 2 5 1 1158 1157 5373
5977 2 2 5 1 5489 5490 5492
5978 2 2 5 1 1053 1052 1054
5979 2 2 5 1 2785 2578 3868
5980 2 2 5 1 1130 5652 5773
5981 2 2 5 1 1915 1929 1930
5982 2 2 5 1 98 99 370
5983 2 2 5 1 4431 3765 4507
5984 2 2 5 1 205 5186 5189
5985 2 2 5 1 2755 2298 5241
5986 2 2 5 1 202 5299 5301
5987 2 2 5 1 1826 1825 1827
5988 2 2 5 1 3379 3839 4831
5989 2 2 5 1 3544 3295 3547
5990 2 2 5 1 5329 2754 5330
5991 2 2 5 1 3416 2570 5734
5992 2 2 5 1 4098 3370 4594
5993 2 2 5 1 1943 2067 5392
5994 2 2 5 1 3594 3592 5404
5995 2 2 5 1 948 949 978
5996 2 2 5 1 1961 5488 5489
5997 2 2 5 1 3213 2821 5154
5998 2 2 5 1 3110 3109 3755
5999 2 2 5 1 819 825 829
6000 2 2 5 1 798 4999 5342
6001 2 2 5 1 257 258 1920
6002 2 2 5 1 2073 2070 5443
6003 2 2 5 1 3982 5377 5378
6004 2 2 5 1 1836 1835 1837
6005 2 2 5 1 3091 3694 3716
6006 2 2 5 1 1505 1507 1509
6007 2 2 5 1 3129 4266 4268
6008 2 2 5 1 2925 2922 5538
6009 2 2 5 1 1056 1055 1109
6010 2 2 5 1 889 887 1886
6011 2 2 5 1 1053 1054 1084
6012 2 2 5 1 4728 2355 6067
6013 2 2 5 1 2901 4034 4043
6014 2 2 5 1 3502 6620 7119
6015 2 2 5 1 2573 2572 2574
6016 2 2 5 1 3378 3913 4739
6017 2 2 5 1 1832 1831 1833
6018 2 2 5 1 2424 3171 5464
6019 2 2 5 1 2985 2987 2994
6020 2 2 5 1 5065 5064 5066
6021 2 2 5 1 2575 2576 3173
6022 2 2 5 1 2145 803 5435
6023 2 2 5 1 4287 3123 4364
6024 2 2 5 1 1157 2311 3883
6025 2 2 5 1 1230 1231 1232
6026 2 2 5 1 1869 1878 1880
6027 2 2 5 1 3401 5122 5537
6028 2 2 5 1 3806 3807 3808
6029 2 2 5 1 1054 1052 1055
6030 2 2 5 1 3821 3820 3822
6031 2 2 5 1 1054 1055 1056
6032 2 2 5 1 653 651 654
6033 2 2 5 1 5360 5361 5362
6034 2 2 5 1 2882 4145 4146
6035 2 2 5 1 1498 1497 1499
6036 2 2 5 1 1110 1109 1157
6037 2 2 5 1 1214 1213 1215
6038 2 2 5 1 1367 1497 1498
6039 2 2 5 1 3701 3699 4010
6040 2 2 5 1 675 1889 5374
6041 2 2 5 1 3985 3983 5372
6042 2 2 5 1 1670 1619 1941
6043 2 2 5 1 120 443 5349
6044 2 2 5 1 654 651 5608
6045 2 2 5 1 5373 3883 5703
6046 2 2 5 1 1010 976 2637
6047 2 2 5 1 5305 5673 5804
6048 2 2 5 1 1213 1212 1934
6049 2 2 5 1 881 883 1776
6050 2 2 5 1 898 900 901
6051 2 2 5 1 886 888 909
6052 2 2 5 1 1961 5487 5488
6053 2 2 5 1 2252 3392 5715
6054 2 2 5 1 3913 3139 5326
6055 2 2 5 1 2575 2574 2576
6056 2 2 5 1 3364 3365 4207
6057 2 2 5 1 1020 1896 5589
6058 2 2 5 1 2674 4551 5383
6059 2 2 5 1 2929 2928 2930
6060 2 2 5 1 3371 3594 5057
6061 2 2 5 1 2879 2459 5161
6062 2 2 5 1 680 681 682
6063 2 2 5 1 2983 4046 5891
6064 2 2 5 1 1205 1203 5127
6065 2 2 5 1 2503 2507 5281
6066 2 2 5 1 3088 3087 3089
6067 2 2 5 1 2571 2572 2573
6068 2 2 5 1 3424 654 5608
6069 2 2 5 1 179 180 5202
6070 2 2 5 1 2075 2073 3443
6071 2 2 5 1 3102 2818 5590
6072 2 2 5 1 1515 1517 1926
6073 2 2 5 1 2582 2583 2594
6074 2 2 5 1 5177 977 5528
6075 2 2 5 1 892 895 1885
6076 2 2 5 1 1491 1614 5167
6077 2 2 5 1 3423 1034 5589
6078 2 2 5 1 3040 3041 3827
6079 2 2 5 1 4425 1209 7174
6080 2 2 5 1 2573 2574 2575
6081 2 2 5 1 2202 2081 5380
6082 2 2 5 1 2067 2193 5392
6083 2 2 5 1 2282 2281 2357
6084 2 2 5 1 3871 5367 5652
6085 2 2 5 1 5648 3688 5809
6086 2 2 5 1 4508 3728 5229
6087 2 2 5 1 5244 5245 5246
6088 2 2 5 1 5317 183 5318
6089 2 2 5 1 251 252 5180
6090 2 2 5 1 218 219 5323
6091 2 2 5 1 1250 1251 5268
6092 2 2 5 1 3397 3396 4697
6093 2 2 5 1 3166 3168 3865
6094 2 2 5 1 1505 1503 1506
6095 2 2 5 1 2818 2817 5590
6096 2 2 5 1 1028 1098 5104
6097 2 2 5 1 1936 2126 2564
6098 2 2 5 1 875 877 910
6099 2 2 5 1 2564 2126 2565
6100 2 2 5 1 2064 1536 5597
6101 2 2 5 1 5876 2215 5946
6102 2 2 5 1 249 250 5194
6103 2 2 5 1 767 765 3706
6104 2 2 5 1 3580 3579 3958
6105 2 2 5 1 3303 4535 4536
6106 2 2 5 1 633 3528 5594
6107 2 2 5 1 2079 2077 3947
6108 2 2 5 1 3093 3089 3548
6109 2 2 5 1 1232 1231 1233
6110 2 2 5 1 1239 1241 1242
6111 2 2 5 1 3948 2867 5675
6112 2 2 5 1 3419 1238 5298
6113 2 2 5 1 3301 3302 3303
6114 2 2 5 1 1925 2420 2421
6115 2 2 5 1 1689 2267 2580
6116 2 2 5 1 5183 3323 5184
6117 2 2 5 1 1577 1238 3419
6118 2 2 5 1 1624 5341 5462
6119 2 2 5 1 1051 1052 1053
6120 2 2 5 1 1238 1237 1239
6121 2 2 5 1 3295 3293 5418
6122 2 2 5 1 3865 3168 3866
6123 2 2 5 1 3698 3699 3700
6124 2 2 5 1 4472 2951 5221
6125 2 2 5 1 871 873 5111
6126 2 2 5 1 905 906 911
6127 2 2 5 1 4822 4821 4823
6128 2 2 5 1 1626 1689 5341
6129 2 2 5 1 1897 1898 1899
6130 2 2 5 1 4034 2755 5241
6131 2 2 5 1 4961 4964 5207
6132 2 2 5 1 2784 2783 3695
6133 2 2 5 1 1261 1262 1511
6134 2 2 5 1 4517 3289 4518
6135 2 2 5 1 2127 2236 5243
6136 2 2 5 1 2889 3179 3229
6137 2 2 5 1 4055 4054 5725
6138 2 2 5 1 3086 2778 3087
6139 2 2 5 1 2810 2811 2812
6140 2 2 5 1 1778 867 1956
6141 2 2 5 1 662 663 664
6142 2 2 5 1 4886 4885 4888
6143 2 2 5 1 3320 3322 4463
6144 2 2 5 1 5085 5789 5952
6145 2 2 5 1 2081 2079 5380
6146 2 2 5 1 4840 3866 4841
6147 2 2 5 1 1362 5569 5595
6148 2 2 5 1 5356 5632 5680
6149 2 2 5 1 1056 1109 1110
6150 2 2 5 1 3819 4769 6160
6151 2 2 5 1 1842 1841 1843
6152 2 2 5 1 3873 1244 5240
6153 2 2 5 1 1236 1235 1237
6154 2 2 5 1 256 257 5209
6155 2 2 5 1 2460 2879 2880
6156 2 2 5 1 687 5085 5086
6157 2 2 5 1 601 600 602
6158 2 2 5 1 2784 3696 3698
6159 2 2 5 1 1707 2143 3000
6160 2 2 5 1 263 264 448
6161 2 2 5 1 1466 1465 1467
6162 2 2 5 1 2749 2577 2919
6163 2 2 5 1 5243 2906 5244
6164 2 2 5 1 4165 3991 4166
6165 2 2 5 1 1543 1210 5576
6166 2 2 5 1 3381 3383 4835
6167 2 2 5 1 2819 3514 5706
6168 2 2 5 1 1242 1244 1916
6169 2 2 5 1 1049 1050 1051
6170 2 2 5 1 2134 794 5342
6171 2 2 5 1 5374 3405 5375
6172 2 2 5 1 2367 138 5411
6173 2 2 5 1 1245 1247 1248
6174 2 2 5 1 2551 2552 5406
6175 2 2 5 1 1854 2375 5292
6176 2 2 5 1 2236 2426 2906
6177 2 2 5 1 3316 3318 3782
6178 2 2 5 1 1772 625 5671
6179 2 2 5 1 2576 2748 5257
6180 2 2 5 1 1954 5423 5424
6181 2 2 5 1 991 1027 1028
6182 2 2 5 1 2931 2930 2932
6183 2 2 5 1 1446 1448 5516
6184 2 2 5 1 902 904 905
6185 2 2 5 1 3061 2785 4016
6186 2 2 5 1 1936 1937 2126
6187 2 2 5 1 1546 1607 5537
6188 2 2 5 1 3028 3239 3240
6189 2 2 5 1 693 692 694
6190 2 2 5 1 3919 2690 5681
6191 2 2 5 1 5246 5245 5247
6192 2 2 5 1 563 561 595
6193 2 2 5 1 1926 1517 5250
6194 2 2 5 1 3581 3483 5891
6195 2 2 5 1 3980 3978 3982
6196 2 2 5 1 2724 2216 5431
6197 2 2 5 1 650 724 2423
6198 2 2 5 1 122 123 5343
6199 2 2 5 1 125 126 5336
6200 2 2 5 1 3162 3166 5304
6201 2 2 5 1 2090 2167 2168
6202 2 2 5 1 125 5336 5339
6203 2 2 5 1 2421 2891 2892
6204 2 2 5 1 443 5345 5346
6205 2 2 5 1 3561 2651 5395
6206 2 2 5 1 3161 5305 5306
6207 2 2 5 1 3873 5513 5687
6208 2 2 5 1 1480 1575 1942
6209 2 2 5 1 2372 3475 5451
6210 2 2 5 1 1882 1852 5292
6211 2 2 5 1 1234 1233 1235
6212 2 2 5 1 3460 3461 3601
6213 2 2 5 1 1330 1328 1561
6214 2 2 5 1 4167 4168 4169
6215 2 2 5 1 3223 2899 4818
6216 2 2 5 1 3982 3978 5377
6217 2 2 5 1 670 671 672
6218 2 2 5 1 2920 3421 5538
6219 2 2 5 1 701 5031 5340
6220 2 2 5 1 2920 2919 3421
6221 2 2 5 1 3241 2630 3242
6222 2 2 5 1 2579 2578 2785
6223 2 2 5 1 2650 2648 3871
6224 2 2 5 1 3978 3975 5377
6225 2 2 5 1 1110 1157 1158
6226 2 2 5 1 2762 4271 4272
6227 2 2 5 1 2921 2922 2923
6228 2 2 5 1 2933 2932 2934
6229 2 2 5 1 1477 1476 1479
6230 2 2 5 1 1230 1229 1231
6231 2 2 5 1 1114 1058 5682
6232 2 2 5 1 4169 4170 4171
6233 2 2 5 1 2190 2877 3182
6234 2 2 5 1 2831 2830 3044
6235 2 2 5 1 1226 1215 1228
6236 2 2 5 1 3312 3314 4661
6237 2 2 5 1 1610 1283 2133
6238 2 2 5 1 2928 2926 5273
6239 2 2 5 1 1157 3883 5373
6240 2 2 5 1 3412 4667 4669
6241 2 2 5 1 1750 1412 5073
6242 2 2 5 1 183 184 5318
6243 2 2 5 1 2580 2267 2783
6244 2 2 5 1 166 167 5254
6245 2 2 5 1 1279 1320 1321
6246 2 2 5 1 335 334 5147
6247 2 2 5 1 5789 2963 5952
6248 2 2 5 1 2844 2845 3364
6249 2 2 5 1 3841 5441 5442
6250 2 2 5 1 5244 2906 5245
6251 2 2 5 1 1160 1213 1214
6252 2 2 5 1 2358 2357 2821
6253 2 2 5 1 1889 3405 5374
6254 2 2 5 1 121 122 5344
6255 2 2 5 1 1226 1228 1229
6256 2 2 5 1 3989 3985 3990
6257 2 2 5 1 1231 1229 5405
6258 2 2 5 1 1475 1474 1476
6259 2 2 5 1 2764 645 3787
6260 2 2 5 1 1311 1310 1312
6261 2 2 5 1 5571 730 5572
6262 2 2 5 1 2305 3018 5474
6263 2 2 5 1 2709 2713 3076
6264 2 2 5 1 867 868 5449
6265 2 2 5 1 2935 2934 2936
6266 2 2 5 1 132 133 1922
6267 2 2 5 1 1468 1467 1469
6268 2 2 5 1 1139 1138 1140
6269 2 2 5 1 1803 1809 1846
6270 2 2 5 1 2650 3871 3872
6271 2 2 5 1 2967 2685 4446
6272 2 2 5 1 2564 2565 2566
6273 2 2 5 1 3182 3957 4148
6274 2 2 5 1 1078 1076 5702
6275 2 2 5 1 836 835 837
6276 2 2 5 1 1244 1243 1245
6277 2 2 5 1 2515 3599 5872
6278 2 2 5 1 5540 2050 5541
6279 2 2 5 1 115 116 5354
6280 2 2 5 1 613 611 614
6281 2 2 5 1 1251 1253 1254
6282 2 2 5 1 949 977 5177
6283 2 2 5 1 1170 1171 1172
6284 2 2 5 1 2773 2738 5711
6285 2 2 5 1 2552 3259 3420
6286 2 2 5 1 2707 2708 2709
6287 2 2 5 1 1848 1845 1849
6288 2 2 5 1 3209 4033 5297
6289 2 2 5 1 1689 2580 5341
6290 2 2 5 1 1250 1249 1251
6291 2 2 5 1 1844 1843 1845
6292 2 2 5 1 3443 2073 5443
6293 2 2 5 1 3458 3459 3460
6294 2 2 5 1 2547 2546 2548
6295 2 2 5 1 1242 1241 1243
6296 2 2 5 1 419 242 5565
6297 2 2 5 1 2578 1225 5237
6298 2 2 5 1 3430 2599 5434
6299 2 2 5 1 217 218 5319
6300 2 2 5 1 3856 3390 5371
6301 2 2 5 1 2229 2315 2752
6302 2 2 5 1 1611 1267 5040
6303 2 2 5 1 3770 3121 5192
6304 2 2 5 1 2322 2321 4921
6305 2 2 5 1 1081 1082 1085
6306 2 2 5 1 2402 2401 2415
6307 2 2 5 1 2991 2297 2992
6308 2 2 5 1 1110 1158 1159
6309 2 2 5 1 95 96 446
6310 2 2 5 1 1229 1940 5405
6311 2 2 5 1 1226 1229 1230
6312 2 2 5 1 3258 2724 5431
6313 2 2 5 1 1229 1228 1940
6314 2 2 5 1 116 117 5353
6315 2 2 5 1 1254 1255 5393
6316 2 2 5 1 1236 1238 1577
6317 2 2 5 1 131 132 5402
6318 2 2 5 1 1951 94 5364
6319 2 2 5 1 1834 1833 1835
6320 2 2 5 1 5336 5337 5338
6321 2 2 5 1 2470 3139 3378
6322 2 2 5 1 5261 5262 5266
6323 2 2 5 1 3171 3187 4022
6324 2 2 5 1 2539 2541 2557
6325 2 2 5 1 2423 2893 4079
6326 2 2 5 1 2880 3283 5221
6327 2 2 5 1 1122 1652 1925
6328 2 2 5 1 3728 3494 6108
6329 2 2 5 1 3475 3476 3921
6330 2 2 5 1 2673 3470 5458
6331 2 2 5 1 546 549 6073
6332 2 2 5 1 1255 1257 1261
6333 2 2 5 1 1502 1973 1974
6334 2 2 5 1 1926 5251 5252
6335 2 2 5 1 3042 3043 3773
6336 2 2 5 1 2201 2081 2202
6337 2 2 5 1 2236 2906 5243
6338 2 2 5 1 2566 2565 3042
6339 2 2 5 1 2913 2821 3212
6340 2 2 5 1 2176 2177 2237
6341 2 2 5 1 1211 1544 1616
6342 2 2 5 1 3778 3212 3779
6343 2 2 5 1 5442 1155 5908
6344 2 2 5 1 4552 3779 4553
6345 2 2 5 1 2025 2026 2027
6346 2 2 5 1 1499 1501 5172
6347 2 2 5 1 1157 1109 2311
6348 2 2 5 1 3016 3015 3143
6349 2 2 5 1 1318 714 5690
6350 2 2 5 1 4961 4962 4963
6351 2 2 5 1 1119 1211 5398
6352 2 2 5 1 1929 1250 5268
6353 2 2 5 1 1850 1882 5296
6354 2 2 5 1 2207 2206 2208
6355 2 2 5 1 4869 3993 4870
6356 2 2 5 1 1248 1247 1249
6357 2 2 5 1 5500 2971 5501
6358 2 2 5 1 3293 3296 5418
6359 2 2 5 1 2784 3698 5561
6360 2 2 5 1 2417 1880 5169
6361 2 2 5 1 1934 1935 1936
6362 2 2 5 1 5062 5060 5063
6363 2 2 5 1 4493 3817 4576
6364 2 2 5 1 5130 1017 5875
6365 2 2 5 1 3045 3044 3111
6366 2 2 5 1 219 220 402
6367 2 2 5 1 2126 1937 2127
6368 2 2 5 1 1889 3038 3405
6369 2 2 5 1 924 922 1025
6370 2 2 5 1 4330 4368 4369
6371 2 2 5 1 1464 1461 1465
6372 2 2 5 1 942 943 944
6373 2 2 5 1 1954 195 5422
6374 2 2 5 1 1168 1167 5668
6375 2 2 5 1 1506 1503 5626
6376 2 2 5 1 3157 3647 4201
6377 2 2 5 1 51 52 369
6378 2 2 5 1 2556 2702 2703
6379 2 2 5 1 5541 5543 5544
6380 2 2 5 1 5153 5154 5155
6381 2 2 5 1 4415 3242 4416
6382 2 2 5 1 3423 5589 5805
6383 2 2 5 1 3078 2554 3079
6384 2 2 5 1 1973 1500 5461
6385 2 2 5 1 5148 3848 5852
6386 2 2 5 1 5539 2050 5540
6387 2 2 5 1 878 876 936
6388 2 2 5 1 2648 2642 5367
6389 2 2 5 1 1255 1261 5393
6390 2 2 5 1 2119 3300 3301
6391 2 2 5 1 2029 2030 2031
6392 2 2 5 1 2924 2926 2927
6393 2 2 5 1 2019 2020 2021
6394 2 2 5 1 2558 2560 2561
6395 2 2 5 1 926 838 6157
6396 2 2 5 1 3506 5912 5978
6397 2 2 5 1 3288 2925 5538
6398 2 2 5 1 1211 1616 5398
6399 2 2 5 1 5341 2580 5561
6400 2 2 5 1 4272 4271 4273
6401 2 2 5 1 3042 3773 3774
6402 2 2 5 1 182 183 5317
6403 2 2 5 1 23 24 5890
6404 2 2 5 1 1042 1043 1057
6405 2 2 5 1 2703 2704 2707
6406 2 2 5 1 1111 1084 1216
6407 2 2 5 1 3004 3006 5201
6408 2 2 5 1 266 387 5469
6409 2 2 5 1 1919 1225 2578
6410 2 2 5 1 5240 1915 5513
6411 2 2 5 1 2303 2555 2556
6412 2 2 5 1 5632 4864 5680
6413 2 2 5 1 3166 3865 5304
6414 2 2 5 1 1512 1514 1515
6415 2 2 5 1 3025 3134 3389
6416 2 2 5 1 3573 3004 5201
6417 2 2 5 1 1656 1657 1658
6418 2 2 5 1 2209 2208 2211
6419 2 2 5 1 798 4997 4999
6420 2 2 5 1 5111 873 5316
6421 2 2 5 1 713 716 5466
6422 2 2 5 1 5488 5487 5494
6423 2 2 5 1 3129 2992 4266
6424 2 2 5 1 3166 3167 3168
6425 2 2 5 1 3773 3043 3965
6426 2 2 5 1 4820 4819 4821
6427 2 2 5 1 945 947 948
6428 2 2 5 1 2915 2916 3180
6429 2 2 5 1 1592 2120 3641
6430 2 2 5 1 1159 1160 5403
6431 2 2 5 1 935 930 1777
6432 2 2 5 1 1452 1454 5900
6433 2 2 5 1 1232 2152 5391
6434 2 2 5 1 1232 1234 2152
6435 2 2 5 1 2919 2577 5617
6436 2 2 5 1 1872 1874 1875
6437 2 2 5 1 2205 2203 2206
6438 2 2 5 1 2279 2092 5441
6439 2 2 5 1 2199 2856 3426
6440 2 2 5 1 1796 1800 5415
6441 2 2 5 1 3698 4897 5561
6442 2 2 5 1 1961 5489 5565
6443 2 2 5 1 2507 2882 5281
6444 2 2 5 1 2610 2614 5531
6445 2 2 5 1 4385 3600 4534
6446 2 2 5 1 3822 3823 4070
6447 2 2 5 1 3862 3863 5921
6448 2 2 5 1 2847 2818 3102
6449 2 2 5 1 2338 2340 2341
6450 2 2 5 1 1551 1510 1552
6451 2 2 5 1 599 597 600
6452 2 2 5 1 2542 2538 5699
6453 2 2 5 1 4058 3548 4059
6454 2 2 5 1 2068 2066 5481
6455 2 2 5 1 1577 3419 3784
6456 2 2 5 1 5518 5517 5520
6457 2 2 5 1 1515 1516 1517
6458 2 2 5 1 5000 952 5225
6459 2 2 5 1 3481 3482 5611
6460 2 2 5 1 2640 2638 3890
6461 2 2 5 1 3857 2566 4798
6462 2 2 5 1 2190 3182 5585
6463 2 2 5 1 3180 4848 4849
6464 2 2 5 1 716 719 2632
6465 2 2 5 1 1460 1459 1461
6466 2 2 5 1 1497 1496 5461
6467 2 2 5 1 2564 3857 5413
6468 2 2 5 1 2535 2537 3838
6469 2 2 5 1 2065 2362 2582
6470 2 2 5 1 2990 4073 4294
6471 2 2 5 1 1499 1497 1500
6472 2 2 5 1 2268 5641 5667
6473 2 2 5 1 3773 3965 4200
6474 2 2 5 1 2567 2298 2755
6475 2 2 5 1 2037 2039 2040
6476 2 2 5 1 547 545 643
6477 2 2 5 1 2816 2814 2817
6478 2 2 5 1 3539 4502 5865
6479 2 2 5 1 137 138 2367
6480 2 2 5 1 1934 1212 1935
6481 2 2 5 1 1924 2302 2303
6482 2 2 5 1 2596 2595 2597
6483 2 2 5 1 161 162 412
6484 2 2 5 1 5569 3875 5595
6485 2 2 5 1 1408 1410 5429
6486 2 2 5 1 5424 5423 5425
6487 2 2 5 1 3974 3258 5431
6488 2 2 5 1 3116 2936 3117
6489 2 2 5 1 5519 5518 5520
6490 2 2 5 1 4612 4613 4614
6491 2 2 5 1 3288 5538 5716
6492 2 2 5 1 4070 4678 4679
6493 2 2 5 1 4178 3546 4179
6494 2 2 5 1 3973 3258 3974
6495 2 2 5 1 1517 1518 1523
6496 2 2 5 1 3980 3982 3983
6497 2 2 5 1 2194 1871 5382
6498 2 2 5 1 1325 1326 1327
6499 2 2 5 1 3822 4070 4120
6500 2 2 5 1 3042 2565 3043
6501 2 2 5 1 2622 2624 2910
6502 2 2 5 1 3822 4120 5467
6503 2 2 5 1 5358 5315 5359
6504 2 2 5 1 3115 3111 3713
6505 2 2 5 1 3120 3119 3121
6506 2 2 5 1 1836 1838 1884
6507 2 2 5 1 1472 1471 1474
6508 2 2 5 1 875 910 5316
6509 2 2 5 1 1934 1936 5413
6510 2 2 5 1 433 185 5444
6511 2 2 5 1 1953 187 5445
6512 2 2 5 1 93 94 1951
6513 2 2 5 1 1523 1524 1619
6514 2 2 5 1 3174 3173 3579
6515 2 2 5 1 3871 2648 5367
6516 2 2 5 1 5346 5345 5347
6517 2 2 5 1 1230 1232 5391
6518 2 2 5 1 5489 5495 5565
6519 2 2 5 1 6433 5119 6440
6520 2 2 5 1 662 661 663
6521 2 2 5 1 1011 1048 1049
6522 2 2 5 1 716 2632 5466
6523 2 2 5 1 2595 1613 5408
6524 2 2 5 1 3680 3661 6507
6525 2 2 5 1 1936 1935 1937
6526 2 2 5 1 1511 1512 5312
6527 2 2 5 1 1448 1452 5516
6528 2 2 5 1 1246 5560 5601
6529 2 2 5 1 1233 1231 1369
6530 2 2 5 1 1616 1544 1617
6531 2 2 5 1 1508 3852 4724
6532 2 2 5 1 5544 424 5545
6533 2 2 5 1 1066 1023 1107
6534 2 2 5 1 1852 1854 5292
6535 2 2 5 1 1134 1136 1137
6536 2 2 5 1 2047 5029 5030
6537 2 2 5 1 3413 3414 3415
6538 2 2 5 1 5347 5345 5348
6539 2 2 5 1 873 875 5316
6540 2 2 5 1 3269 3131 3270
6541 2 2 5 1 5254 5255 5566
6542 2 2 5 1 537 535 646
6543 2 2 5 1 3419 5298 5842
6544 2 2 5 1 1112 3423 3762
6545 2 2 5 1 1470 1469 1471
6546 2 2 5 1 2536 3462 5699
6547 2 2 5 1 1622 1624 5462
6548 2 2 5 1 5313 5303 5314
6549 2 2 5 1 2860 2597 5128
6550 2 2 5 1 94 95 5364
6551 2 2 5 1 3868 2578 5237
6552 2 2 5 1 3210 3106 3858
6553 2 2 5 1 159 160 2295
6554 2 2 5 1 1759 1760 1761
6555 2 2 5 1 2376 2403 3080
6556 2 2 5 1 3821 3822 5467
6557 2 2 5 1 5214 533 5738
6558 2 2 5 1 1141 1140 1142
6559 2 2 5 1 261 262 5307
6560 2 2 5 1 3759 2897 5994
6561 2 2 5 1 2592 1613 2595
6562 2 2 5 1 928 924 5142
6563 2 2 5 1 2599 2601 5434
6564 2 2 5 1 2009 2015 2246
6565 2 2 5 1 1448 1450 1451
6566 2 2 5 1 1921 4312 4832
6567 2 2 5 1 3766 2690 3919
6568 2 2 5 1 1065 3291 4751
6569 2 2 5 1 2756 2755 2901
6570 2 2 5 1 1246 1243 5560
6571 2 2 5 1 2649 2648 2650
6572 2 2 5 1 2940 3819 3820
6573 2 2 5 1 670 672 5525
6574 2 2 5 1 3205 3203 3600
6575 2 2 5 1 5545 5547 5548
6576 2 2 5 1 4165 4166 4167
6577 2 2 5 1 1913 4458 7038
6578 2 2 5 1 4228 3429 5394
6579 2 2 5 1 1236 1577 5588
6580 2 2 5 1 1239 1240 1241
6581 2 2 5 1 670 667 671
6582 2 2 5 1 868 869 870
6583 2 2 5 1 5408 1354 5614
6584 2 2 5 1 1254 1253 1255
6585 2 2 5 1 811 813 1774
6586 2 2 5 1 2671 2068 5481
6587 2 2 5 1 2212 2211 2213
6588 2 2 5 1 3218 5453 5454
6589 2 2 5 1 3190 3286 4269
6590 2 2 5 1 3218 5452 5453
6591 2 2 5 1 5514 2593 5574
6592 2 2 5 1 4068 4341 5505
6593 2 2 5 1 1595 1593 1596
6594 2 2 5 1 1955 5315 5358
6595 2 2 5 1 1587 1586 5775
6596 2 2 5 1 697 696 698
6597 2 2 5 1 4796 2691 5575
6598 2 2 5 1 221 222 1964
6599 2 2 5 1 4471 2951 4472
6600 2 2 5 1 1413 1414 1415
6601 2 2 5 1 2525 2878 3834
6602 2 2 5 1 139 404 5411
6603 2 2 5 1 2597 2595 5407
6604 2 2 5 1 1442 1437 1443
6605 2 2 5 1 421 5508 5509
6606 2 2 5 1 2488 2898 5834
6607 2 2 5 1 541 539 1911
6608 2 2 5 1 423 5539 5542
6609 2 2 5 1 2979 2673 5458
6610 2 2 5 1 2746 2742 3109
6611 2 2 5 1 2564 2566 3857
6612 2 2 5 1 2590 2589 3448
6613 2 2 5 1 650 2423 5608
6614 2 2 5 1 1511 1262 1512
6615 2 2 5 1 1261 1257 1262
6616 2 2 5 1 2927 2928 2929
6617 2 2 5 1 1446 1444 1447
6618 2 2 5 1 1019 1021 1132
6619 2 2 5 1 2601 2604 5434
6620 2 2 5 1 5431 5691 5726
6621 2 2 5 1 1002 1000 2679
6622 2 2 5 1 265 266 5469
6623 2 2 5 1 672 674 675
6624 2 2 5 1 2040 2041 2042
6625 2 2 5 1 1620 1622 1708
6626 2 2 5 1 5258 5257 5497
6627 2 2 5 1 2008 2011 2012
6628 2 2 5 1 2748 2749 5642
6629 2 2 5 1 154 1538 5452
6630 2 2 5 1 5452 1538 5456
6631 2 2 5 1 3389 4021 5672
6632 2 2 5 1 3251 2928 5273
6633 2 2 5 1 633 630 635
6634 2 2 5 1 1323 1324 1325
6635 2 2 5 1 2292 2770 3373
6636 2 2 5 1 1178 1179 1180
6637 2 2 5 1 3287 3288 3786
6638 2 2 5 1 2409 2168 5529
6639 2 2 5 1 701 700 702
6640 2 2 5 1 3930 1511 5312
6641 2 2 5 1 2875 2874 3064
6642 2 2 5 1 54 55 447
6643 2 2 5 1 1972 2599 3430
6644 2 2 5 1 1000 749 5650
6645 2 2 5 1 1366 1631 5428
6646 2 2 5 1 2592 2595 2596
6647 2 2 5 1 3565 5173 6098
6648 2 2 5 1 2906 2426 5503
6649 2 2 5 1 3277 3276 3278
6650 2 2 5 1 3079 5406 5678
6651 2 2 5 1 3162 3165 3166
6652 2 2 5 1 1965 230 5465
6653 2 2 5 1 1243 1241 5560
6654 2 2 5 1 196 430 5422
6655 2 2 5 1 680 677 681
6656 2 2 5 1 3699 3696 5324
6657 2 2 5 1 1931 1246 5601
6658 2 2 5 1 3703 3210 5599
6659 2 2 5 1 2992 2297 5600
6660 2 2 5 1 1174 1175 1176
6661 2 2 5 1 898 901 5370
6662 2 2 5 1 3826 3240 4222
6663 2 2 5 1 3804 3802 3805
6664 2 2 5 1 5128 2597 5407
6665 2 2 5 1 2972 2971 5500
6666 2 2 5 1 1546 1606 1607
6667 2 2 5 1 2966 3390 3856
6668 2 2 5 1 1367 1366 1496
6669 2 2 5 1 3550 2242 5662
6670 2 2 5 1 5543 424 5544
6671 2 2 5 1 3098 2510 3549
6672 2 2 5 1 3148 3150 3731
6673 2 2 5 1 2644 2642 2648
6674 2 2 5 1 914 932 942
6675 2 2 5 1 285 374 5473
6676 2 2 5 1 5534 5527 5535
6677 2 2 5 1 2975 3422 5001
6678 2 2 5 1 2563 3160 3161
6679 2 2 5 1 1940 1228 5032
6680 2 2 5 1 619 3425 5729
6681 2 2 5 1 5304 3865 5722
6682 2 2 5 1 4994 5514 5574
6683 2 2 5 1 3182 4149 5585
6684 2 2 5 1 1885 895 5370
6685 2 2 5 1 2579 2785 3061
6686 2 2 5 1 3284 2879 5161
6687 2 2 5 1 5189 5188 5190
6688 2 2 5 1 1644 1643 2163
6689 2 2 5 1 1824 1823 1825
6690 2 2 5 1 3926 2979 5458
6691 2 2 5 1 2673 2671 3470
6692 2 2 5 1 498 500 2085
6693 2 2 5 1 4260 3685 5482
6694 2 2 5 1 138 139 5411
6695 2 2 5 1 2549 2548 2550
6696 2 2 5 1 675 674 1889
6697 2 2 5 1 201 202 5301
6698 2 2 5 1 2977 2972 5500
6699 2 2 5 1 1607 1741 1742
6700 2 2 5 1 2645 2683 5536
6701 2 2 5 1 5545 5546 5547
6702 2 2 5 1 266 267 387
6703 2 2 5 1 269 270 449
6704 2 2 5 1 2638 1688 5576
6705 2 2 5 1 272 273 384
6706 2 2 5 1 275 276 450
6707 2 2 5 1 278 279 376
6708 2 2 5 1 2788 4119 6150
6709 2 2 5 1 3965 3966 5366
6710 2 2 5 1 2740 2738 2773
6711 2 2 5 1 186 1953 5444
6712 2 2 5 1 2835 2803 2836
6713 2 2 5 1 188 432 5445
6714 2 2 5 1 5454 5453 5455
6715 2 2 5 1 3989 3990 3991
6716 2 2 5 1 3470 2671 5481
6717 2 2 5 1 3695 3697 3941
6718 2 2 5 1 1929 5268 5600
6719 2 2 5 1 1936 2564 5413
6720 2 2 5 1 1217 1216 1491
6721 2 2 5 1 152 153 3218
6722 2 2 5 1 2546 1135 5682
6723 2 2 5 1 1215 1213 5468
6724 2 2 5 1 240 241 5511
6725 2 2 5 1 1835 1833 2161
6726 2 2 5 1 2421 2420 2891
6727 2 2 5 1 141 1960 5479
6728 2 2 5 1 506 508 5556
6729 2 2 5 1 1365 1366 1367
6730 2 2 5 1 195 196 5422
6731 2 2 5 1 5453 5452 5456
6732 2 2 5 1 1214 1225 1919
6733 2 2 5 1 200 429 5313
6734 2 2 5 1 3175 3121 3176
6735 2 2 5 1 3218 153 5452
6736 2 2 5 1 2152 1234 5588
6737 2 2 5 1 1925 1652 2420
6738 2 2 5 1 1605 1318 5690
6739 2 2 5 1 2984 2780 2985
6740 2 2 5 1 1125 1148 1149
6741 2 2 5 1 1972 3430 5560
6742 2 2 5 1 2838 2651 3561
6743 2 2 5 1 91 92 379
6744 2 2 5 1 1689 1690 2267
6745 2 2 5 1 2426 2939 2940
6746 2 2 5 1 1496 1366 5428
6747 2 2 5 1 1807 1850 5296
6748 2 2 5 1 2341 2342 2345
6749 2 2 5 1 2065 2582 5628
6750 2 2 5 1 3449 3448 3952
6751 2 2 5 1 663 665 1108
6752 2 2 5 1 4564 4172 4905
6753 2 2 5 1 241 419 5511
6754 2 2 5 1 2236 2416 2426
6755 2 2 5 1 184 185 433
6756 2 2 5 1 186 187 1953
6757 2 2 5 1 188 189 432
6758 2 2 5 1 190 191 1952
6759 2 2 5 1 192 193 431
6760 2 2 5 1 194 195 1954
6761 2 2 5 1 196 197 430
6762 2 2 5 1 198 199 1955
6763 2 2 5 1 200 201 429
6764 2 2 5 1 237 5517 5518
6765 2 2 5 1 5691 2210 5726
6766 2 2 5 1 1249 1247 5580
6767 2 2 5 1 281 282 451
6768 2 2 5 1 2496 2497 2498
6769 2 2 5 1 245 403 5487
6770 2 2 5 1 1492 1491 1643
6771 2 2 5 1 3424 5609 5657
6772 2 2 5 1 2929 2930 2931
6773 2 2 5 1 2091 1529 2092
6774 2 2 5 1 231 3217 5465
6775 2 2 5 1 3369 4097 4427
6776 2 2 5 1 2127 2128 2236
6777 2 2 5 1 1252 1249 5580
6778 2 2 5 1 3884 5052 6081
6779 2 2 5 1 1440 1751 2686
6780 2 2 5 1 5903 3997 5984
6781 2 2 5 1 688 689 690
6782 2 2 5 1 691 1887 5084
6783 2 2 5 1 941 913 5685
6784 2 2 5 1 3293 3248 3296
6785 2 2 5 1 231 232 3217
6786 2 2 5 1 1366 1364 1631
6787 2 2 5 1 3925 2979 3926
6788 2 2 5 1 5809 3688 5910
6789 2 2 5 1 1149 1150 1151
6790 2 2 5 1 1736 1679 1737
6791 2 2 5 1 709 708 710
6792 2 2 5 1 2924 2927 5621
6793 2 2 5 1 2715 2240 5778
6794 2 2 5 1 4088 3703 4210
6795 2 2 5 1 3786 4531 4725
6796 2 2 5 1 2371 1646 5624
6797 2 2 5 1 5548 5547 5549
6798 2 2 5 1 5796 3883 5845
6799 2 2 5 1 1597 1596 1608
6800 2 2 5 1 1537 5518 5519
6801 2 2 5 1 3685 3687 5482
6802 2 2 5 1 3932 2228 5728
6803 2 2 5 1 1214 1919 5403
6804 2 2 5 1 2977 5500 5502
6805 2 2 5 1 1962 284 5473
6806 2 2 5 1 292 293 380
6807 2 2 5 1 2859 2597 2860
6808 2 2 5 1 2270 2374 2762
6809 2 2 5 1 1776 883 5365
6810 2 2 5 1 3797 3689 3798
6811 2 2 5 1 3434 3435 3853
6812 2 2 5 1 2368 2164 5813
6813 2 2 5 1 476 478 1615
6814 2 2 5 1 237 238 5517
6815 2 2 5 1 907 5175 5685
6816 2 2 5 1 1094 1096 2098
6817 2 2 5 1 1245 1246 1247
6818 2 2 5 1 2994 2987 2995
6819 2 2 5 1 3687 3689 3797
6820 2 2 5 1 1160 1214 5403
6821 2 2 5 1 2750 2959 3960
6822 2 2 5 1 2838 3561 5524
6823 2 2 5 1 2118 2474 5736
6824 2 2 5 1 283 284 1962
6825 2 2 5 1 861 862 5280
6826 2 2 5 1 1943 5392 5615
6827 2 2 5 1 2971 2361 5597
6828 2 2 5 1 2272 2884 3413
6829 2 2 5 1 139 140 404
6830 2 2 5 1 3196 4155 4156
6831 2 2 5 1 404 140 5479
6832 2 2 5 1 3628 3079 3744
6833 2 2 5 1 1577 4298 5588
6834 2 2 5 1 1239 1237 1240
6835 2 2 5 1 928 5142 5397
6836 2 2 5 1 2601 2603 2604
6837 2 2 5 1 1626 1628 1689
6838 2 2 5 1 240 5511 5512
6839 2 2 5 1 1165 1142 1166
6840 2 2 5 1 289 290 452
6841 2 2 5 1 4750 3756 6544
6842 2 2 5 1 753 754 755
6843 2 2 5 1 225 1966 5498
6844 2 2 5 1 3100 3101 3190
6845 2 2 5 1 1417 1418 1419
6846 2 2 5 1 886 909 5365
6847 2 2 5 1 1321 1320 5388
6848 2 2 5 1 3263 2923 3429
6849 2 2 5 1 5482 3797 5483
6850 2 2 5 1 1919 2578 2579
6851 2 2 5 1 2587 2585 2589
6852 2 2 5 1 3113 3625 4362
6853 2 2 5 1 1057 1058 1113
6854 2 2 5 1 1169 1168 1170
6855 2 2 5 1 185 186 5444
6856 2 2 5 1 187 188 5445
6857 2 2 5 1 2904 2242 3550
6858 2 2 5 1 2762 4224 4271
6859 2 2 5 1 144 145 5508
6860 2 2 5 1 5231 2919 5617
6861 2 2 5 1 3862 5842 6017
6862 2 2 5 1 834 833 835
6863 2 2 5 1 421 144 5508
6864 2 2 5 1 2988 2677 5532
6865 2 2 5 1 3045 3326 5050
6866 2 2 5 1 1426 2110 2788
6867 2 2 5 1 1757 1758 1759
6868 2 2 5 1 3166 3165 3167
6869 2 2 5 1 1498 1499 1779
6870 2 2 5 1 1365 1364 1366
6871 2 2 5 1 3977 3975 3978
6872 2 2 5 1 1675 1552 1676
6873 2 2 5 1 3687 3797 5482
6874 2 2 5 1 2974 2972 2977
6875 2 2 5 1 245 246 403
6876 2 2 5 1 2596 2597 2859
6877 2 2 5 1 2677 2750 5532
6878 2 2 5 1 285 286 374
6879 2 2 5 1 229 230 1965
6880 2 2 5 1 3028 2853 3239
6881 2 2 5 1 5545 424 5546
6882 2 2 5 1 2448 2017 2691
6883 2 2 5 1 454 239 5512
6884 2 2 5 1 1724 1703 1725
6885 2 2 5 1 4024 3143 4026
6886 2 2 5 1 56 57 1949
6887 2 2 5 1 2214 2213 2217
6888 2 2 5 1 2575 3173 3174
6889 2 2 5 1 3691 2836 3692
6890 2 2 5 1 847 845 973
6891 2 2 5 1 3105 3103 3106
6892 2 2 5 1 361 360 5546
6893 2 2 5 1 5377 3974 5726
6894 2 2 5 1 1498 2584 5635
6895 2 2 5 1 3482 3485 5611
6896 2 2 5 1 238 454 5517
6897 2 2 5 1 5641 5206 5667
6898 2 2 5 1 154 155 1538
6899 2 2 5 1 1151 1152 1153
6900 2 2 5 1 3827 3041 3828
6901 2 2 5 1 3866 3168 5387
6902 2 2 5 1 1961 244 5487
6903 2 2 5 1 2688 2687 2872
6904 2 2 5 1 4267 2992 5600
6905 2 2 5 1 2135 1565 3922
6906 2 2 5 1 1987 1986 1988
6907 2 2 5 1 5526 5527 5534
6908 2 2 5 1 1974 2224 2227
6909 2 2 5 1 38 39 372
6910 2 2 5 1 157 158 434
6911 2 2 5 1 230 231 5465
6912 2 2 5 1 153 154 5452
6913 2 2 5 1 414 224 5498
6914 2 2 5 1 141 142 1960
6915 2 2 5 1 284 285 5473
6916 2 2 5 1 3040 2458 3041
6917 2 2 5 1 492 5447 5448
6918 2 2 5 1 953 952 954
6919 2 2 5 1 2683 3196 5536
6920 2 2 5 1 2938 2542 5699
6921 2 2 5 1 5200 5884 6050
6922 2 2 5 1 1358 1356 1613
6923 2 2 5 1 1113 1114 1133
6924 2 2 5 1 3130 4069 4797
6925 2 2 5 1 387 267 5470
6926 2 2 5 1 3762 4461 4656
6927 2 2 5 1 143 421 5504
6928 2 2 5 1 895 898 5370
6929 2 2 5 1 2474 2722 3536
6930 2 2 5 1 223 224 414
6931 2 2 5 1 2922 2920 5538
6932 2 2 5 1 2705 2400 2970
6933 2 2 5 1 244 245 5487
6934 2 2 5 1 225 226 1966
6935 2 2 5 1 1607 1923 5537
6936 2 2 5 1 3297 2975 5001
6937 2 2 5 1 227 228 438
6938 2 2 5 1 140 141 5479
6939 2 2 5 1 5587 1933 5637
6940 2 2 5 1 1483 1479 1484
6941 2 2 5 1 1960 142 5504
6942 2 2 5 1 5407 2595 5408
6943 2 2 5 1 684 685 686
6944 2 2 5 1 5336 5338 5339
6945 2 2 5 1 3959 6011 6018
6946 2 2 5 1 3168 3167 3169
6947 2 2 5 1 3960 2959 3961
6948 2 2 5 1 804 806 822
6949 2 2 5 1 2650 3872 5395
6950 2 2 5 1 3687 3688 3689
6951 2 2 5 1 1990 2007 2008
6952 2 2 5 1 2752 2943 3631
6953 2 2 5 1 1180 1181 1182
6954 2 2 5 1 3929 6596 6809
6955 2 2 5 1 672 676 5525
6956 2 2 5 1 2234 2092 2243
6957 2 2 5 1 236 237 5518
6958 2 2 5 1 224 225 5498
6959 2 2 5 1 243 244 1961
6960 2 2 5 1 1128 3467 5871
6961 2 2 5 1 2330 2329 5664
6962 2 2 5 1 1527 1259 1529
6963 2 2 5 1 3196 4156 5536
6964 2 2 5 1 2644 2648 2649
6965 2 2 5 1 805 803 2145
6966 2 2 5 1 2915 2290 2916
6967 2 2 5 1 3554 4682 5909
6968 2 2 5 1 1241 1240 1972
6969 2 2 5 1 242 243 5565
6970 2 2 5 1 2591 1613 2592
6971 2 2 5 1 331 330 371
6972 2 2 5 1 2582 2362 2583
6973 2 2 5 1 5247 5245 5248
6974 2 2 5 1 329 328 1968
6975 2 2 5 1 2931 2932 2933
6976 2 2 5 1 327 326 413
6977 2 2 5 1 1767 1688 2638
6978 2 2 5 1 636 645 2764
6979 2 2 5 1 322 321 373
6980 2 2 5 1 3353 3352 3354
6981 2 2 5 1 142 143 5504
6982 2 2 5 1 3660 3659 3661
6983 2 2 5 1 3168 3169 5387
6984 2 2 5 1 3777 4846 4847
6985 2 2 5 1 2551 2550 2552
6986 2 2 5 1 1941 1619 5356
6987 2 2 5 1 3665 3664 3962
6988 2 2 5 1 920 2526 5381
6989 2 2 5 1 5553 5552 5577
6990 2 2 5 1 143 144 421
6991 2 2 5 1 1184 1185 1186
6992 2 2 5 1 730 729 5647
6993 2 2 5 1 239 240 5512
6994 2 2 5 1 5912 2976 5978
6995 2 2 5 1 1946 2281 2282
6996 2 2 5 1 1515 1514 1516
6997 2 2 5 1 2651 2650 5395
6998 2 2 5 1 2044 2394 3969
6999 2 2 5 1 35 36 453
7000 2 2 5 1 2043 2178 2376
7001 2 2 5 1 3973 3974 3975
7002 2 2 5 1 1251 1252 1253
7003 2 2 5 1 449 270 5471
7004 2 2 5 1 883 886 5365
7005 2 2 5 1 3140 2753 5329
7006 2 2 5 1 3822 3820 3823
7007 2 2 5 1 2539 2557 5400
7008 2 2 5 1 2604 2603 2832
7009 2 2 5 1 920 918 2526
7010 2 2 5 1 1930 2298 2567
7011 2 2 5 1 3161 3160 3162
7012 2 2 5 1 1290 1293 6220
7013 2 2 5 1 1153 1154 1223
7014 2 2 5 1 241 242 419
7015 2 2 5 1 2649 2650 2651
7016 2 2 5 1 1204 1203 1205
7017 2 2 5 1 3684 3685 4260
7018 2 2 5 1 672 671 674
7019 2 2 5 1 2775 2361 2971
7020 2 2 5 1 1364 1362 5595
7021 2 2 5 1 1537 236 5518
7022 2 2 5 1 4226 3429 4228
7023 2 2 5 1 2974 2977 2978
7024 2 2 5 1 2274 1933 5587
7025 2 2 5 1 3271 3270 3272
7026 2 2 5 1 1053 1084 1111
7027 2 2 5 1 5526 1970 5527
7028 2 2 5 1 1022 1020 5589
7029 2 2 5 1 461 5526 5534
7030 2 2 5 1 34 35 5522
7031 2 2 5 1 3979 3978 3980
7032 2 2 5 1 2643 2644 5596
7033 2 2 5 1 3292 3293 3294
7034 2 2 5 1 4235 3693 4912
7035 2 2 5 1 2750 3960 5532
7036 2 2 5 1 2873 2872 2874
7037 2 2 5 1 1367 1498 5635
7038 2 2 5 1 234 235 5521
7039 2 2 5 1 146 147 461
7040 2 2 5 1 2639 2638 2640
7041 2 2 5 1 5491 5488 5494
7042 2 2 5 1 5375 3405 5376
7043 2 2 5 1 2927 3152 5621
7044 2 2 5 1 3984 3983 3985
7045 2 2 5 1 238 239 454
7046 2 2 5 1 1209 1568 1569
7047 2 2 5 1 2594 2583 2687
7048 2 2 5 1 3965 3043 3966
7049 2 2 5 1 363 362 5543
7050 2 2 5 1 2591 2592 2593
7051 2 2 5 1 35 453 5522
7052 2 2 5 1 1888 1185 5239
7053 2 2 5 1 1824 1825 1826
7054 2 2 5 1 3307 2955 3841
7055 2 2 5 1 1345 1344 5618
7056 2 2 5 1 3065 3064 3682
7057 2 2 5 1 5799 988 5975
7058 2 2 5 1 235 236 1537
7059 2 2 5 1 4957 4959 4970
7060 2 2 5 1 147 148 5526
7061 2 2 5 1 1348 1345 5618
7062 2 2 5 1 33 34 1976
7063 2 2 5 1 1659 1661 4863
7064 2 2 5 1 1600 2251 2463
7065 2 2 5 1 1218 1545 5523
7066 2 2 5 1 2580 2784 5561
7067 2 2 5 1 4986 4657 4987
7068 2 2 5 1 1190 1191 1193
7069 2 2 5 1 2753 2231 2754
7070 2 2 5 1 3316 3782 5386
7071 2 2 5 1 267 268 5470
7072 2 2 5 1 2565 2126 5515
7073 2 2 5 1 1363 1364 1365
7074 2 2 5 1 424 361 5546
7075 2 2 5 1 2201 2202 2203
7076 2 2 5 1 360 2051 5546
7077 2 2 5 1 148 149 1970
7078 2 2 5 1 1756 1763 5928
7079 2 2 5 1 2685 1617 5331
7080 2 2 5 1 2933 2934 2935
7081 2 2 5 1 4543 3832 4833
7082 2 2 5 1 4548 3508 6002
7083 2 2 5 1 3846 2546 5682
7084 2 2 5 1 5546 2051 5547
7085 2 2 5 1 281 451 5485
7086 2 2 5 1 1619 1620 5356
7087 2 2 5 1 4994 4071 4995
7088 2 2 5 1 32 33 5533
7089 2 2 5 1 1358 1613 2591
7090 2 2 5 1 2053 5552 5553
7091 2 2 5 1 58 59 377
7092 2 2 5 1 4068 4239 4340
7093 2 2 5 1 3000 2143 3084
7094 2 2 5 1 2628 2630 3241
7095 2 2 5 1 2909 2859 3469
7096 2 2 5 1 3174 3579 3580
7097 2 2 5 1 1361 1359 1362
7098 2 2 5 1 3710 4288 4401
7099 2 2 5 1 1245 1243 1246
7100 2 2 5 1 1108 1121 1122
7101 2 2 5 1 4661 3314 5386
7102 2 2 5 1 3799 4503 4539
7103 2 2 5 1 3485 3487 3519
7104 2 2 5 1 2646 2643 5596
7105 2 2 5 1 1648 1646 2371
7106 2 2 5 1 634 633 5594
7107 2 2 5 1 1976 34 5522
7108 2 2 5 1 1363 1362 1364
7109 2 2 5 1 235 1537 5521
7110 2 2 5 1 461 147 5526
7111 2 2 5 1 1054 1056 5974
7112 2 2 5 1 4010 3699 5324
7113 2 2 5 1 362 424 5543
7114 2 2 5 1 2909 4071 4994
7115 2 2 5 1 31 32 378
7116 2 2 5 1 2775 2971 2972
7117 2 2 5 1 2344 2349 2355
7118 2 2 5 1 4531 3288 5716
7119 2 2 5 1 5360 5362 5363
7120 2 2 5 1 3279 3280 3281
7121 2 2 5 1 1761 1760 5433
7122 2 2 5 1 4083 3163 4084
7123 2 2 5 1 3852 1506 5626
7124 2 2 5 1 2424 3170 3171
7125 2 2 5 1 487 489 1913
7126 2 2 5 1 3838 2537 5400
7127 2 2 5 1 3180 2916 4848
7128 2 2 5 1 1805 1868 1890
7129 2 2 5 1 3685 3686 3687
7130 2 2 5 1 2205 2206 2207
7131 2 2 5 1 1109 1055 5562
7132 2 2 5 1 4649 1137 6297
7133 2 2 5 1 2769 2646 2792
7134 2 2 5 1 4959 4960 4961
7135 2 2 5 1 2003 2005 2013
7136 2 2 5 1 270 271 5471
7137 2 2 5 1 1517 1516 1518
7138 2 2 5 1 2515 3009 3599
7139 2 2 5 1 1327 1328 1329
7140 2 2 5 1 2750 2958 2959
7141 2 2 5 1 3961 2959 4743
7142 2 2 5 1 148 1970 5526
7143 2 2 5 1 2909 3469 4071
7144 2 2 5 1 366 365 423
7145 2 2 5 1 365 364 5539
7146 2 2 5 1 364 363 2050
7147 2 2 5 1 362 361 424
7148 2 2 5 1 360 359 2051
7149 2 2 5 1 358 357 425
7150 2 2 5 1 357 356 5551
7151 2 2 5 1 356 355 2052
7152 2 2 5 1 354 353 426
7153 2 2 5 1 352 351 2053
7154 2 2 5 1 351 350 5552
7155 2 2 5 1 350 349 427
7156 2 2 5 1 349 348 5554
7157 2 2 5 1 1234 1236 5588
7158 2 2 5 1 348 347 2054
7159 2 2 5 1 347 346 5555
7160 2 2 5 1 4461 3423 5805
7161 2 2 5 1 346 345 428
7162 2 2 5 1 2574 2572 5617
7163 2 2 5 1 2601 2602 2603
7164 2 2 5 1 3695 2783 3697
7165 2 2 5 1 865 867 1778
7166 2 2 5 1 865 1778 5280
7167 2 2 5 1 1682 4769 4770
7168 2 2 5 1 2674 3843 4550
7169 2 2 5 1 4070 3823 4678
7170 2 2 5 1 33 1976 5533
7171 2 2 5 1 5356 1708 5632
7172 2 2 5 1 1377 1375 5232
7173 2 2 5 1 3687 3686 3688
7174 2 2 5 1 2046 2424 5464
7175 2 2 5 1 1670 2190 5585
7176 2 2 5 1 2605 2677 2988
7177 2 2 5 1 4922 3770 5192
7178 2 2 5 1 1247 1246 1931
7179 2 2 5 1 3890 2638 5576
7180 2 2 5 1 1255 1256 1257
7181 2 2 5 1 1350 1348 1939
7182 2 2 5 1 2599 2600 2601
7183 2 2 5 1 1523 1518 1524
7184 2 2 5 1 1340 2082 2674
7185 2 2 5 1 2537 2539 5400
7186 2 2 5 1 5418 3296 5419
7187 2 2 5 1 2591 2593 3875
7188 2 2 5 1 11 319 385
7189 2 2 5 1 2593 2592 5574
7190 2 2 5 1 1786 1787 1788
7191 2 2 5 1 1784 1785 1786
7192 2 2 5 1 3685 3464 3686
7193 2 2 5 1 3451 3488 3490
7194 2 2 5 1 2921 2923 3263
7195 2 2 5 1 1405 1406 1407
7196 2 2 5 1 3891 3892 4154
7197 2 2 5 1 1619 1524 1620
7198 2 2 5 1 2573 2575 5478
7199 2 2 5 1 2716 2718 3531
7200 2 2 5 1 3263 3429 4226
7201 2 2 5 1 5712 3874 5824
7202 2 2 5 1 3684 3464 3685
7203 2 2 5 1 2762 2374 4224
7204 2 2 5 1 1241 1972 5560
7205 2 2 5 1 780 782 5938
7206 2 2 5 1 4740 4490 5892
7207 2 2 5 1 2227 2827 2830
7208 2 2 5 1 2596 2859 2909
7209 2 2 5 1 3068 2715 5778
7210 2 2 5 1 2571 2573 3243
7211 2 2 5 1 2603 2602 2605
7212 2 2 5 1 3583 3582 3584
7213 2 2 5 1 5085 5499 5789
7214 2 2 5 1 3287 2925 3288
7215 2 2 5 1 3698 3700 4897
7216 2 2 5 1 703 702 704
7217 2 2 5 1 3108 3464 3684
7218 2 2 5 1 378 32 5533
7219 2 2 5 1 1399 1400 1401
7220 2 2 5 1 3401 3403 5122
7221 2 2 5 1 5153 3213 5154
7222 2 2 5 1 1546 1219 1606
7223 2 2 5 1 2567 2755 2756
7224 2 2 5 1 2127 1937 2128
7225 2 2 5 1 1835 2161 5709
7226 2 2 5 1 1223 1224 1281
7227 2 2 5 1 2672 2671 2673
7228 2 2 5 1 1251 1249 1252
7229 2 2 5 1 2067 2192 2193
7230 2 2 5 1 650 647 724
7231 2 2 5 1 3058 1542 3433
7232 2 2 5 1 1473 2767 3051
7233 2 2 5 1 2711 2673 2979
7234 2 2 5 1 1569 1662 1663
7235 2 2 5 1 2812 2813 2814
7236 2 2 5 1 1357 1356 1358
7237 2 2 5 1 2904 3550 3568
7238 2 2 5 1 628 624 2278
7239 2 2 5 1 2270 2762 5641
7240 2 2 5 1 3420 3259 3582
7241 2 2 5 1 3117 3119 3120
7242 2 2 5 1 3294 3293 3295
7243 2 2 5 1 1186 1187 1188
7244 2 2 5 1 508 510 731
7245 2 2 5 1 2980 2979 3925
7246 2 2 5 1 2207 2208 2209
7247 2 2 5 1 3373 3757 3758
7248 2 2 5 1 1972 2598 2599
7249 2 2 5 1 1806 1805 5145
7250 2 2 5 1 280 281 5485
7251 2 2 5 1 2669 2726 2727
7252 2 2 5 1 3011 3010 3624
7253 2 2 5 1 4244 3593 5447
7254 2 2 5 1 743 745 5591
7255 2 2 5 1 3758 4350 4433
7256 2 2 5 1 1767 2638 2639
7257 2 2 5 1 684 682 685
7258 2 2 5 1 2641 2640 2642
7259 2 2 5 1 2788 2854 4119
7260 2 2 5 1 3030 3554 5909
7261 2 2 5 1 1974 1973 2224
7262 2 2 5 1 5552 427 5577
7263 2 2 5 1 783 780 5938
7264 2 2 5 1 243 1961 5565
7265 2 2 5 1 3314 3316 5386
7266 2 2 5 1 2198 2068 2671
7267 2 2 5 1 1512 1513 1514
7268 2 2 5 1 3842 2838 5524
7269 2 2 5 1 3366 3367 3368
7270 2 2 5 1 5032 3857 5905
7271 2 2 5 1 4108 3584 4109
7272 2 2 5 1 1396 1398 1399
7273 2 2 5 1 1137 1138 1139
7274 2 2 5 1 736 734 5612
7275 2 2 5 1 5378 5876 5946
7276 2 2 5 1 652 3366 5819
7277 2 2 5 1 1361 1362 1363
7278 2 2 5 1 1915 1930 5513
7279 2 2 5 1 1892 1893 2430
7280 2 2 5 1 1689 1628 1690
7281 2 2 5 1 1233 1369 5705
7282 2 2 5 1 3897 3898 3899
7283 2 2 5 1 2423 724 2893
7284 2 2 5 1 2267 1690 2268
7285 2 2 5 1 1193 1194 1195
7286 2 2 5 1 2601 2600 2602
7287 2 2 5 1 1924 1742 2302
7288 2 2 5 1 2869 2867 3948
7289 2 2 5 1 2338 2341 5774
7290 2 2 5 1 3418 2400 5610
7291 2 2 5 1 2561 2560 5450
7292 2 2 5 1 547 643 753
7293 2 2 5 1 3855 395 3894
7294 2 2 5 1 3981 3987 4112
7295 2 2 5 1 1363 1365 5586
7296 2 2 5 1 2909 4994 5574
7297 2 2 5 1 1495 5401 6757
7298 2 2 5 1 2632 719 5571
7299 2 2 5 1 2131 2132 2731
7300 2 2 5 1 2731 2975 3297
7301 2 2 5 1 2908 2274 5587
7302 2 2 5 1 2297 1929 5600
7303 2 2 5 1 1890 1891 1892
7304 2 2 5 1 5349 5346 5350
7305 2 2 5 1 2275 2823 5964
7306 2 2 5 1 1953 5446 5870
7307 2 2 5 1 2723 3177 3437
7308 2 2 5 1 3209 3924 4033
7309 2 2 5 1 745 984 5591
7310 2 2 5 1 2209 2211 2212
7311 2 2 5 1 1362 1359 5569
7312 2 2 5 1 651 650 5608
7313 2 2 5 1 1427 1426 5021
7314 2 2 5 1 2940 2939 3819
7315 2 2 5 1 705 704 706
7316 2 2 5 1 4210 3703 5599
7317 2 2 5 1 6051 4583 6717
7318 2 2 5 1 2592 2596 5574
7319 2 2 5 1 423 365 5539
7320 2 2 5 1 364 2050 5539
7321 2 2 5 1 1049 1051 3441
7322 2 2 5 1 1958 978 3004
7323 2 2 5 1 5383 4551 6020
7324 2 2 5 1 5541 2050 5543
7325 2 2 5 1 3442 3551 3783
7326 2 2 5 1 425 357 5551
7327 2 2 5 1 2958 2678 3478
7328 2 2 5 1 2643 2642 2644
7329 2 2 5 1 356 2052 5551
7330 2 2 5 1 1894 1179 6058
7331 2 2 5 1 2606 4067 4068
7332 2 2 5 1 5037 1906 5038
7333 2 2 5 1 2053 351 5552
7334 2 2 5 1 350 427 5552
7335 2 2 5 1 427 349 5554
7336 2 2 5 1 348 2054 5554
7337 2 2 5 1 2054 347 5555
7338 2 2 5 1 2596 2909 5574
7339 2 2 5 1 346 428 5555
7340 2 2 5 1 663 661 665
7341 2 2 5 1 693 694 5831
7342 2 2 5 1 800 802 2058
7343 2 2 5 1 3477 2688 6153
7344 2 2 5 1 2678 2676 5584
7345 2 2 5 1 2677 2678 2750
7346 2 2 5 1 5604 1235 5705
7347 2 2 5 1 3972 3258 3973
7348 2 2 5 1 4963 4962 4965
7349 2 2 5 1 3257 2724 3258
7350 2 2 5 1 1195 1196 1197
7351 2 2 5 1 1188 1187 5421
7352 2 2 5 1 2834 2938 3178
7353 2 2 5 1 418 5060 5062
7354 2 2 5 1 1353 1351 1354
7355 2 2 5 1 4870 1911 6741
7356 2 2 5 1 3206 4085 4086
7357 2 2 5 1 2236 2128 2416
7358 2 2 5 1 2575 3174 5478
7359 2 2 5 1 796 794 2134
7360 2 2 5 1 3394 3771 3772
7361 2 2 5 1 3482 2181 3483
7362 2 2 5 1 2426 2416 2939
7363 2 2 5 1 3107 2828 3108
7364 2 2 5 1 2286 2096 5746
7365 2 2 5 1 5489 5492 5495
7366 2 2 5 1 2935 2936 3116
7367 2 2 5 1 2891 3207 3763
7368 2 2 5 1 4732 4733 6445
7369 2 2 5 1 4027 4028 4428
7370 2 2 5 1 5560 3430 5601
7371 2 2 5 1 3977 3978 3979
7372 2 2 5 1 3941 3697 4331
7373 2 2 5 1 4112 3987 4209
7374 2 2 5 1 5367 3890 5652
7375 2 2 5 1 2973 2972 2974
7376 2 2 5 1 1358 2591 5569
7377 2 2 5 1 1122 1280 1652
7378 2 2 5 1 5501 2971 5597
7379 2 2 5 1 1352 1536 2063
7380 2 2 5 1 1448 1447 1450
7381 2 2 5 1 3988 3985 3989
7382 2 2 5 1 2311 1109 5562
7383 2 2 5 1 1355 1354 1356
7384 2 2 5 1 829 2057 5578
7385 2 2 5 1 2605 2602 2676
7386 2 2 5 1 2193 2562 2563
7387 2 2 5 1 976 947 5369
7388 2 2 5 1 2639 2640 2641
7389 2 2 5 1 2683 3194 3196
7390 2 2 5 1 853 995 3327
7391 2 2 5 1 2282 2357 2358
7392 2 2 5 1 1930 2567 5513
7393 2 2 5 1 3182 4148 4149
7394 2 2 5 1 1861 1869 5776
7395 2 2 5 1 1577 3784 4298
7396 2 2 5 1 729 743 5647
7397 2 2 5 1 3436 2305 5474
7398 2 2 5 1 3508 2865 5749
7399 2 2 5 1 4084 3163 5625
7400 2 2 5 1 1197 1198 1200
7401 2 2 5 1 3005 3004 3573
7402 2 2 5 1 2652 2651 2838
7403 2 2 5 1 5191 1897 5660
7404 2 2 5 1 1046 1118 1119
7405 2 2 5 1 1361 1363 1368
7406 2 2 5 1 2605 2676 2677
7407 2 2 5 1 2247 1880 2417
7408 2 2 5 1 2980 3925 3927
7409 2 2 5 1 3429 2923 5621
7410 2 2 5 1 1346 3869 4879
7411 2 2 5 1 2060 1684 2466
7412 2 2 5 1 723 730 5571
7413 2 2 5 1 4036 3927 4037
7414 2 2 5 1 5842 3862 5921
7415 2 2 5 1 688 686 689
7416 2 2 5 1 4505 3500 4506
7417 2 2 5 1 3519 3487 3542
7418 2 2 5 1 1128 1227 3467
7419 2 2 5 1 1502 1974 5626
7420 2 2 5 1 443 5346 5349
7421 2 2 5 1 1357 1358 1359
7422 2 2 5 1 2907 2274 2908
7423 2 2 5 1 2756 2901 2902
7424 2 2 5 1 3194 2769 3195
7425 2 2 5 1 5586 1365 5635
7426 2 2 5 1 1631 1364 5595
7427 2 2 5 1 1247 1931 5580
7428 2 2 5 1 3108 2828 3463
7429 2 2 5 1 3546 3544 5779
7430 2 2 5 1 714 5466 5690
7431 2 2 5 1 2163 2305 3436
7432 2 2 5 1 1211 1543 1544
7433 2 2 5 1 5431 2216 5691
7434 2 2 5 1 3043 2565 5515
7435 2 2 5 1 1687 2199 5506
7436 2 2 5 1 5443 1971 5753
7437 2 2 5 1 1119 1210 1211
7438 2 2 5 1 3266 2838 3842
7439 2 2 5 1 642 648 5819
7440 2 2 5 1 3162 3164 3165
7441 2 2 5 1 2672 2673 2711
7442 2 2 5 1 2683 2646 2769
7443 2 2 5 1 2050 363 5543
7444 2 2 5 1 314 4560 7131
7445 2 2 5 1 2556 2555 2702
7446 2 2 5 1 2980 3927 4036
7447 2 2 5 1 2857 2834 5196
7448 2 2 5 1 3241 3242 4415
7449 2 2 5 1 2599 2598 2600
7450 2 2 5 1 770 771 772
7451 2 2 5 1 3922 1565 5688
7452 2 2 5 1 2750 2678 2958
7453 2 2 5 1 2535 3838 5421
7454 2 2 5 1 3108 3463 3464
7455 2 2 5 1 3980 3983 3984
7456 2 2 5 1 2587 2589 2590
7457 2 2 5 1 1972 1240 2598
7458 2 2 5 1 3425 623 4304
7459 2 2 5 1 3196 4074 4155
7460 2 2 5 1 1503 1502 5626
7461 2 2 5 1 2711 2979 2980
7462 2 2 5 1 4155 4074 4410
7463 2 2 5 1 745 983 984
7464 2 2 5 1 1889 2957 3038
7465 2 2 5 1 5245 2906 5503
7466 2 2 5 1 4164 3991 4165
7467 2 2 5 1 3478 2678 5584
7468 2 2 5 1 853 851 995
7469 2 2 5 1 2974 2978 3559
7470 2 2 5 1 2958 3478 3521
7471 2 2 5 1 2591 3875 5569
7472 2 2 5 1 1104 5283 5724
7473 2 2 5 1 2732 2719 3996
7474 2 2 5 1 1699 1697 4890
7475 2 2 5 1 2590 3448 3449
7476 2 2 5 1 1872 1849 1874
7477 2 2 5 1 1108 665 1121
7478 2 2 5 1 5965 3462 6034
7479 2 2 5 1 711 710 713
7480 2 2 5 1 429 5303 5313
7481 2 2 5 1 1255 1253 1256
7482 2 2 5 1 3442 3266 3551
7483 2 2 5 1 1350 1939 3867
7484 2 2 5 1 1394 1395 1396
7485 2 2 5 1 1355 1356 1357
7486 2 2 5 1 874 1771 5300
7487 2 2 5 1 3976 3975 3977
7488 2 2 5 1 2652 3266 3442
7489 2 2 5 1 625 629 5671
7490 2 2 5 1 2792 2646 5596
7491 2 2 5 1 1834 1836 5278
7492 2 2 5 1 4266 2992 4267
7493 2 2 5 1 2827 2828 3107
7494 2 2 5 1 1360 1359 1361
7495 2 2 5 1 5105 5814 5831
7496 2 2 5 1 2198 2671 2672
7497 2 2 5 1 1100 1026 1101
7498 2 2 5 1 2641 2642 2643
7499 2 2 5 1 1111 1216 1217
7500 2 2 5 1 3277 3278 3279
7501 2 2 5 1 2923 2924 5621
7502 2 2 5 1 977 1011 5528
7503 2 2 5 1 2199 2855 2856
7504 2 2 5 1 1275 1277 5557
7505 2 2 5 1 1498 1779 2584
7506 2 2 5 1 2586 2588 3451
7507 2 2 5 1 3790 2262 3791
7508 2 2 5 1 1132 4852 4853
7509 2 2 5 1 1512 1262 1513
7510 2 2 5 1 1202 1198 5658
7511 2 2 5 1 1206 1205 1207
7512 2 2 5 1 1754 1752 5689
7513 2 2 5 1 1359 1358 5569
7514 2 2 5 1 2856 3439 3836
7515 2 2 5 1 3451 2588 3488
7516 2 2 5 1 112 113 5679
7517 2 2 5 1 2303 2302 2555
7518 2 2 5 1 4051 4052 4229
7519 2 2 5 1 2563 3159 3160
7520 2 2 5 1 2683 2769 3194
7521 2 2 5 1 3269 3270 3271
7522 2 2 5 1 3275 3274 3276
7523 2 2 5 1 381 112 5679
7524 2 2 5 1 2449 3095 3209
7525 2 2 5 1 2827 3107 5564
7526 2 2 5 1 4088 4210 4317
7527 2 2 5 1 3569 3568 4264
7528 2 2 5 1 3467 4128 4240
7529 2 2 5 1 2560 2990 5450
7530 2 2 5 1 723 729 730
7531 2 2 5 1 1889 674 2957
7532 2 2 5 1 924 1025 5142
7533 2 2 5 1 3196 3194 4074
7534 2 2 5 1 2703 2702 2704
7535 2 2 5 1 1687 1766 2199
7536 2 2 5 1 2649 2651 2652
7537 2 2 5 1 4137 3068 4263
7538 2 2 5 1 2775 2972 2973
7539 2 2 5 1 3044 2830 3636
7540 2 2 5 1 2677 2676 2678
7541 2 2 5 1 2709 2708 2713
7542 2 2 5 1 747 744 751
7543 2 2 5 1 1545 1682 5523
7544 2 2 5 1 2063 2064 2065
7545 2 2 5 1 1609 1608 1654
7546 2 2 5 1 2358 2821 2913
7547 2 2 5 1 3488 2588 3489
7548 2 2 5 1 2193 2192 2562
7549 2 2 5 1 2903 2242 2904
7550 2 2 5 1 1502 1500 1973
7551 2 2 5 1 3236 4289 4290
7552 2 2 5 1 2301 2208 5950
7553 2 2 5 1 1957 2180 2196
7554 2 2 5 1 2577 2574 5617
7555 2 2 5 1 3596 3024 5069
7556 2 2 5 1 4329 4171 4330
7557 2 2 5 1 3137 2581 3138
7558 2 2 5 1 1112 1034 3423
7559 2 2 5 1 2707 2704 2708
7560 2 2 5 1 2108 2286 2287
7561 2 2 5 1 1089 1088 1090
7562 2 2 5 1 3613 4426 6210
7563 2 2 5 1 3805 3802 5885
7564 2 2 5 1 1620 1621 1622
7565 2 2 5 1 1257 1256 1943
7566 2 2 5 1 2990 4294 5450
7567 2 2 5 1 3178 3385 4274
7568 2 2 5 1 1187 2535 5421
7569 2 2 5 1 4371 3440 4372
7570 2 2 5 1 1796 1798 1800
7571 2 2 5 1 3468 941 5685
7572 2 2 5 1 2672 2711 3092
7573 2 2 5 1 1887 1946 5499
7574 2 2 5 1 5584 2676 5607
7575 2 2 5 1 3549 2510 5743
7576 2 2 5 1 3973 3975 3976
7577 2 2 5 1 752 2245 2675
7578 2 2 5 1 3860 3164 4374
7579 2 2 5 1 1895 2527 3847
7580 2 2 5 1 2418 1717 5015
7581 2 2 5 1 1368 1363 5586
7582 2 2 5 1 3162 3160 3164
7583 2 2 5 1 2440 2438 3603
7584 2 2 5 1 2913 3212 3778
7585 2 2 5 1 803 801 5435
7586 2 2 5 1 5309 5310 6041
7587 2 2 5 1 874 872 1771
7588 2 2 5 1 4961 4960 4962
7589 2 2 5 1 862 865 5280
7590 2 2 5 1 1682 4770 5523
7591 2 2 5 1 3778 3779 4552
7592 2 2 5 1 1728 1627 2242
7593 2 2 5 1 1357 1359 1360
7594 2 2 5 1 1011 1049 5528
7595 2 2 5 1 1617 1544 5506
7596 2 2 5 1 2645 2646 2683
7597 2 2 5 1 2078 2077 2079
7598 2 2 5 1 2584 1779 2585
7599 2 2 5 1 2679 1000 5650
7600 2 2 5 1 3159 2562 3163
7601 2 2 5 1 1085 1086 1087
7602 2 2 5 1 4955 4956 4957
7603 2 2 5 1 3453 3452 3454
7604 2 2 5 1 2028 2029 6032
7605 2 2 5 1 3981 3986 3987
7606 2 2 5 1 3575 4133 4487
7607 2 2 5 1 2135 3922 3923
7608 2 2 5 1 1766 1688 1767
7609 2 2 5 1 1622 1623 1624
7610 2 2 5 1 2071 2096 2108
7611 2 2 5 1 3882 5604 5705
7612 2 2 5 1 2645 2643 2646
7613 2 2 5 1 2600 2598 3882
7614 2 2 5 1 2869 3948 5606
7615 2 2 5 1 2593 5514 5648
7616 2 2 5 1 2824 3235 3236
7617 2 2 5 1 3857 4798 5905
7618 2 2 5 1 2819 3512 3514
7619 2 2 5 1 2341 2353 5774
7620 2 2 5 1 790 788 4996
7621 2 2 5 1 3662 3680 3928
7622 2 2 5 1 531 529 1947
7623 2 2 5 1 1171 1168 5668
7624 2 2 5 1 2652 2838 3266
7625 2 2 5 1 3062 3061 3063
7626 2 2 5 1 1237 1235 5604
7627 2 2 5 1 1625 1623 1629
7628 2 2 5 1 641 638 1938
7629 2 2 5 1 690 689 1928
7630 2 2 5 1 4080 3163 4083
7631 2 2 5 1 1228 1215 5468
7632 2 2 5 1 2270 2373 2374
7633 2 2 5 1 1330 1561 4477
7634 2 2 5 1 3966 3043 5515
7635 2 2 5 1 3488 3489 3499
7636 2 2 5 1 4949 4948 4950
7637 2 2 5 1 4124 3754 4125
7638 2 2 5 1 3552 3029 4904
7639 2 2 5 1 3439 2855 3440
7640 2 2 5 1 1624 1625 1626
7641 2 2 5 1 5278 1884 5279
7642 2 2 5 1 5328 5329 5558
7643 2 2 5 1 3243 2573 5478
7644 2 2 5 1 1566 2135 5743
7645 2 2 5 1 5378 2210 5876
7646 2 2 5 1 2192 2068 2198
7647 2 2 5 1 6092 3962 6888
7648 2 2 5 1 1352 2063 5676
7649 2 2 5 1 2212 2213 2214
7650 2 2 5 1 1478 3122 3534
7651 2 2 5 1 1353 1354 1355
7652 2 2 5 1 3981 3979 3986
7653 2 2 5 1 1767 2639 2647
7654 2 2 5 1 2774 2361 2775
7655 2 2 5 1 2529 2531 3830
7656 2 2 5 1 376 279 5472
7657 2 2 5 1 2063 1536 2064
7658 2 2 5 1 3449 3952 3953
7659 2 2 5 1 1139 1140 1141
7660 2 2 5 1 2830 2827 5564
7661 2 2 5 1 4953 4955 4971
7662 2 2 5 1 4955 4954 4956
7663 2 2 5 1 2227 2224 2827
7664 2 2 5 1 3753 3752 3754
7665 2 2 5 1 2824 2373 2837
7666 2 2 5 1 4446 2685 5331
7667 2 2 5 1 2641 2643 2645
7668 2 2 5 1 2637 976 5369
7669 2 2 5 1 2267 2268 5667
7670 2 2 5 1 3120 3121 3175
7671 2 2 5 1 1125 1031 1148
7672 2 2 5 1 2563 2562 3159
7673 2 2 5 1 1607 1606 1741
7674 2 2 5 1 1457 1458 1459
7675 2 2 5 1 5329 5330 5558
7676 2 2 5 1 2235 1691 2400
7677 2 2 5 1 3235 2837 3840
7678 2 2 5 1 1263 1207 1264
7679 2 2 5 1 2847 3102 3103
7680 2 2 5 1 1346 4879 5707
7681 2 2 5 1 612 615 5729
7682 2 2 5 1 2858 2417 3141
7683 2 2 5 1 1038 1040 1221
7684 2 2 5 1 2067 2068 2192
7685 2 2 5 1 2268 2269 2270
7686 2 2 5 1 1166 1168 1169
7687 2 2 5 1 5703 3883 5796
7688 2 2 5 1 4374 3164 5638
7689 2 2 5 1 1914 2569 3427
7690 2 2 5 1 3630 3769 6452
7691 2 2 5 1 1873 2195 5712
7692 2 2 5 1 752 2675 5623
7693 2 2 5 1 1844 1848 5824
7694 2 2 5 1 3169 3167 3712
7695 2 2 5 1 5155 5154 5156
7696 2 2 5 1 3984 3985 3988
7697 2 2 5 1 3159 3163 4080
7698 2 2 5 1 2273 1651 2510
7699 2 2 5 1 3325 4927 6348
7700 2 2 5 1 1941 5356 5680
7701 2 2 5 1 3542 3487 3556
7702 2 2 5 1 1939 1348 5618
7703 2 2 5 1 1634 1632 3003
7704 2 2 5 1 3485 3519 5611
7705 2 2 5 1 2816 2817 2818
7706 2 2 5 1 1984 1989 1990
7707 2 2 5 1 3636 2830 5564
7708 2 2 5 1 5084 1887 5499
7709 2 2 5 1 2076 2075 2077
7710 2 2 5 1 1509 1510 1551
7711 2 2 5 1 1451 1450 1462
7712 2 2 5 1 1728 2903 3908
7713 2 2 5 1 1626 1627 1628
7714 2 2 5 1 2204 2203 2205
7715 2 2 5 1 1935 5373 5703
7716 2 2 5 1 3677 3812 3849
7717 2 2 5 1 1599 1730 2062
7718 2 2 5 1 2927 2929 3152
7719 2 2 5 1 3889 2228 3932
7720 2 2 5 1 2904 3568 3569
7721 2 2 5 1 2199 1766 2855
7722 2 2 5 1 1946 2282 5499
7723 2 2 5 1 3617 3615 3992
7724 2 2 5 1 5248 5245 5503
7725 2 2 5 1 2067 2066 2068
7726 2 2 5 1 1217 1491 1492
7727 2 2 5 1 1516 1514 1519
7728 2 2 5 1 6043 3893 6100
7729 2 2 5 1 3786 3288 4531
7730 2 2 5 1 3499 3500 4014
7731 2 2 5 1 2723 3437 5592
7732 2 2 5 1 1990 4892 5697
7733 2 2 5 1 3576 3577 4063
7734 2 2 5 1 1365 1367 5635
7735 2 2 5 1 3751 2795 3752
7736 2 2 5 1 5032 1228 5468
7737 2 2 5 1 1492 1643 1644
7738 2 2 5 1 4556 3237 4557
7739 2 2 5 1 1943 1256 2066
7740 2 2 5 1 3421 2919 5231
7741 2 2 5 1 3257 3258 3972
7742 2 2 5 1 2214 2217 2222
7743 2 2 5 1 2602 2600 5607
7744 2 2 5 1 3246 3234 3249
7745 2 2 5 1 1049 3441 5528
7746 2 2 5 1 2817 2814 5663
7747 2 2 5 1 2345 2342 5573
7748 2 2 5 1 1687 1543 1688
7749 2 2 5 1 1068 2607 2608
7750 2 2 5 1 2891 2420 3207
7751 2 2 5 1 2080 2079 2081
7752 2 2 5 1 725 722 726
7753 2 2 5 1 944 945 5791
7754 2 2 5 1 3977 3979 3981
7755 2 2 5 1 1622 1621 1623
7756 2 2 5 1 1122 1121 1280
7757 2 2 5 1 3467 4240 5581
7758 2 2 5 1 2372 3473 3475
7759 2 2 5 1 3439 3440 4371
7760 2 2 5 1 2065 2360 2362
7761 2 2 5 1 2916 2290 5680
7762 2 2 5 1 3569 4283 4284
7763 2 2 5 1 3498 2117 5970
7764 2 2 5 1 4953 4952 4954
7765 2 2 5 1 3156 4122 4123
7766 2 2 5 1 2299 2379 2962
7767 2 2 5 1 3487 3486 5579
7768 2 2 5 1 1943 2066 2067
7769 2 2 5 1 91 379 5480
7770 2 2 5 1 1640 1547 3452
7771 2 2 5 1 743 5591 5647
7772 2 2 5 1 667 664 5416
7773 2 2 5 1 1119 1118 1210
7774 2 2 5 1 2374 2373 2824
7775 2 2 5 1 3499 3489 3500
7776 2 2 5 1 279 280 5472
7777 2 2 5 1 2856 2855 3439
7778 2 2 5 1 752 699 1933
7779 2 2 5 1 3697 2783 5667
7780 2 2 5 1 4957 4956 4958
7781 2 2 5 1 2106 2103 2107
7782 2 2 5 1 3232 3014 3479
7783 2 2 5 1 5481 2066 5643
7784 2 2 5 1 3263 4226 4227
7785 2 2 5 1 3455 3454 3456
7786 2 2 5 1 1352 1351 1353
7787 2 2 5 1 3165 3164 3860
7788 2 2 5 1 3236 3235 4289
7789 2 2 5 1 1624 1623 1625
7790 2 2 5 1 3989 3991 4164
7791 2 2 5 1 3980 3984 5649
7792 2 2 5 1 2360 2064 2361
7793 2 2 5 1 1240 1237 5604
7794 2 2 5 1 3749 2965 5822
7795 2 2 5 1 3828 3041 4772
7796 2 2 5 1 4953 4954 4955
7797 2 2 5 1 2287 2779 2780
7798 2 2 5 1 569 567 2160
7799 2 2 5 1 1349 1348 1350
7800 2 2 5 1 3175 3176 3567
7801 2 2 5 1 1620 1524 1621
7802 2 2 5 1 602 1783 1784
7803 2 2 5 1 3086 3087 3088
7804 2 2 5 1 2253 2252 5715
7805 2 2 5 1 2579 3061 3062
7806 2 2 5 1 694 695 696
7807 2 2 5 1 657 654 3424
7808 2 2 5 1 1211 1210 1543
7809 2 2 5 1 1253 1252 5643
7810 2 2 5 1 2268 1690 2269
7811 2 2 5 1 1141 1142 1165
7812 2 2 5 1 3763 3207 4216
7813 2 2 5 1 1544 1543 1687
7814 2 2 5 1 2248 1945 5814
7815 2 2 5 1 2676 2602 5607
7816 2 2 5 1 4014 3500 4505
7817 2 2 5 1 1433 4361 4489
7818 2 2 5 1 887 884 5295
7819 2 2 5 1 2645 5536 5639
7820 2 2 5 1 3185 4347 4348
7821 2 2 5 1 2824 2837 3235
7822 2 2 5 1 2508 2504 2829
7823 2 2 5 1 2644 2649 5631
7824 2 2 5 1 2827 2224 2828
7825 2 2 5 1 5328 3140 5329
7826 2 2 5 1 1508 1506 3852
7827 2 2 5 1 1352 1353 1536
7828 2 2 5 1 1728 2242 2903
7829 2 2 5 1 1631 5595 5809
7830 2 2 5 1 1996 1998 1999
7831 2 2 5 1 3686 5874 5910
7832 2 2 5 1 897 894 5287
7833 2 2 5 1 3273 3272 3274
7834 2 2 5 1 3569 4264 4283
7835 2 2 5 1 3990 6060 6116
7836 2 2 5 1 1478 3534 5570
7837 2 2 5 1 1281 1282 1283
7838 2 2 5 1 1687 1688 1766
7839 2 2 5 1 1676 1679 1736
7840 2 2 5 1 1937 1935 5703
7841 2 2 5 1 2586 2587 2588
7842 2 2 5 1 4080 4083 4303
7843 2 2 5 1 3011 3624 5463
7844 2 2 5 1 1347 1345 1348
7845 2 2 5 1 2618 2617 5160
7846 2 2 5 1 3875 2593 5648
7847 2 2 5 1 3979 3980 5649
7848 2 2 5 1 1527 1529 2091
7849 2 2 5 1 1626 1625 1627
7850 2 2 5 1 1257 1943 5615
7851 2 2 5 1 2200 2081 2201
7852 2 2 5 1 3105 3106 3210
7853 2 2 5 1 4951 4950 4952
7854 2 2 5 1 4947 4946 4948
7855 2 2 5 1 2586 2585 2587
7856 2 2 5 1 2309 2168 2310
7857 2 2 5 1 1349 1350 1351
7858 2 2 5 1 1256 1253 5643
7859 2 2 5 1 3167 3165 5620
7860 2 2 5 1 5186 5188 5189
7861 2 2 5 1 1201 1203 1204
7862 2 2 5 1 3485 3486 3487
7863 2 2 5 1 3637 4623 6234
7864 2 2 5 1 512 514 2095
7865 2 2 5 1 4957 4958 4959
7866 2 2 5 1 1350 3867 5614
7867 2 2 5 1 2783 2267 5667
7868 2 2 5 1 5472 280 5485
7869 2 2 5 1 3556 3487 5579
7870 2 2 5 1 2696 2699 3595
7871 2 2 5 1 2583 2362 3067
7872 2 2 5 1 1262 1257 5615
7873 2 2 5 1 766 767 768
7874 2 2 5 1 2472 2117 3498
7875 2 2 5 1 1274 1273 1275
7876 2 2 5 1 1647 1649 2445
7877 2 2 5 1 698 699 700
7878 2 2 5 1 2860 5128 6163
7879 2 2 5 1 2270 2269 2373
7880 2 2 5 1 5635 2584 5760
7881 2 2 5 1 416 4389 6431
7882 2 2 5 1 2652 3442 5631
7883 2 2 5 1 4331 3697 5206
7884 2 2 5 1 855 1775 1902
7885 2 2 5 1 3908 2903 3909
7886 2 2 5 1 2985 2986 2987
7887 2 2 5 1 1349 1351 1352
7888 2 2 5 1 1628 1627 1728
7889 2 2 5 1 913 907 5685
7890 2 2 5 1 2917 2359 2918
7891 2 2 5 1 1135 1114 5682
7892 2 2 5 1 2749 2921 5642
7893 2 2 5 1 3099 3098 3864
7894 2 2 5 1 3890 5576 5773
7895 2 2 5 1 2907 2908 3114
7896 2 2 5 1 5558 5330 5559
7897 2 2 5 1 2598 1240 5604
7898 2 2 5 1 1822 1821 1823
7899 2 2 5 1 5934 1368 5973
7900 2 2 5 1 1778 1956 1957
7901 2 2 5 1 1118 1100 1130
7902 2 2 5 1 3088 3089 3093
7903 2 2 5 1 1753 1755 1757
7904 2 2 5 1 1645 1647 5653
7905 2 2 5 1 1354 1351 5614
7906 2 2 5 1 718 715 3764
7907 2 2 5 1 641 1938 5752
7908 2 2 5 1 3093 3548 4058
7909 2 2 5 1 3984 3988 4220
7910 2 2 5 1 2360 2361 2774
7911 2 2 5 1 2074 2073 2075
7912 2 2 5 1 5596 2644 5631
7913 2 2 5 1 2980 4036 5627
7914 2 2 5 1 558 559 560
7915 2 2 5 1 2931 2933 3128
7916 2 2 5 1 2065 2064 2360
7917 2 2 5 1 2207 2209 2210
7918 2 2 5 1 1436 2457 5417
7919 2 2 5 1 471 473 474
7920 2 2 5 1 2174 2175 2176
7921 2 2 5 1 2939 2416 3465
7922 2 2 5 1 2823 3130 3131
7923 2 2 5 1 2167 5433 5924
7924 2 2 5 1 1177 1176 1178
7925 2 2 5 1 1514 1513 5673
7926 2 2 5 1 3611 3601 3612
7927 2 2 5 1 2776 3664 3665
7928 2 2 5 1 2511 2510 3098
7929 2 2 5 1 90 91 5480
7930 2 2 5 1 3457 3456 3458
7931 2 2 5 1 1544 1687 5506
7932 2 2 5 1 2600 3882 5607
7933 2 2 5 1 3622 2796 4199
7934 2 2 5 1 1046 1100 1118
7935 2 2 5 1 2649 2652 5631
7936 2 2 5 1 2795 2286 5746
7937 2 2 5 1 1173 1172 1174
7938 2 2 5 1 5538 3421 5716
7939 2 2 5 1 3164 3160 5638
7940 2 2 5 1 2538 2536 5699
7941 2 2 5 1 2711 2980 5627
7942 2 2 5 1 594 596 597
7943 2 2 5 1 6057 4504 6124
7944 2 2 5 1 3462 1888 5239
7945 2 2 5 1 3160 3159 5638
7946 2 2 5 1 980 941 3468
7947 2 2 5 1 2554 2551 5406
7948 2 2 5 1 2995 3238 4044
7949 2 2 5 1 5711 2736 5903
7950 2 2 5 1 2584 2585 2586
7951 2 2 5 1 3862 3445 3863
7952 2 2 5 1 891 889 5334
7953 2 2 5 1 1513 1262 5615
7954 2 2 5 1 4220 3988 4589
7955 2 2 5 1 1899 2844 2947
7956 2 2 5 1 2072 2070 2073
7957 2 2 5 1 373 321 5507
7958 2 2 5 1 3569 4284 5666
7959 2 2 5 1 1651 1566 5743
7960 2 2 5 1 2087 707 3471
7961 2 2 5 1 3675 3672 5332
7962 2 2 5 1 321 320 5507
7963 2 2 5 1 4848 2916 4864
7964 2 2 5 1 3454 3452 5646
7965 2 2 5 1 706 707 708
7966 2 2 5 1 1728 3908 5659
7967 2 2 5 1 1480 1942 5933
7968 2 2 5 1 2091 2092 2234
7969 2 2 5 1 2608 2609 2610
7970 2 2 5 1 5172 1504 5173
7971 2 2 5 1 3444 2902 3445
7972 2 2 5 1 2063 2065 5628
7973 2 2 5 1 3372 1750 5073
7974 2 2 5 1 2268 2270 5641
7975 2 2 5 1 767 3706 5859
7976 2 2 5 1 1748 1665 2094
7977 2 2 5 1 2290 1941 5680
7978 2 2 5 1 2898 3221 5834
7979 2 2 5 1 3294 3543 4285
7980 2 2 5 1 3062 3850 3851
7981 2 2 5 1 2302 1742 5717
7982 2 2 5 1 1046 1026 1100
7983 2 2 5 1 1012 989 1026
7984 2 2 5 1 983 747 989
7985 2 2 5 1 4176 6145 6832
7986 2 2 5 1 1758 1755 5863
7987 2 2 5 1 2201 2203 2204
7988 2 2 5 1 2204 2205 2216
7989 2 2 5 1 3851 4737 4738
7990 2 2 5 1 3092 2711 5627
7991 2 2 5 1 2951 2880 5221
7992 2 2 5 1 2348 2337 3492
7993 2 2 5 1 1652 1280 1653
7994 2 2 5 1 1347 1348 1349
7995 2 2 5 1 1562 1318 1605
7996 2 2 5 1 1767 2647 5645
7997 2 2 5 1 3038 2957 3845
7998 2 2 5 1 987 993 5630
7999 2 2 5 1 948 978 1958
8000 2 2 5 1 1845 1843 2159
8001 2 2 5 1 2192 2198 5625
8002 2 2 5 1 700 699 752
8003 2 2 5 1 2245 1933 2274
8004 2 2 5 1 745 744 747
8005 2 2 5 1 3206 4086 5704
8006 2 2 5 1 4796 5575 6094
8007 2 2 5 1 2545 1456 5208
8008 2 2 5 1 2204 2216 2723
8009 2 2 5 1 3984 4220 5649
8010 2 2 5 1 2950 2880 2951
8011 2 2 5 1 1351 1350 5614
8012 2 2 5 1 1980 1982 2692
8013 2 2 5 1 3351 3350 3352
8014 2 2 5 1 1551 1552 1675
8015 2 2 5 1 5416 664 5925
8016 2 2 5 1 4179 3546 5779
8017 2 2 5 1 3177 2724 3257
8018 2 2 5 1 6424 4674 6478
8019 2 2 5 1 3003 1632 5829
8020 2 2 5 1 3845 2957 5185
8021 2 2 5 1 4169 4171 4329
8022 2 2 5 1 755 756 757
8023 2 2 5 1 1519 1514 5673
8024 2 2 5 1 1928 689 3154
8025 2 2 5 1 1504 1505 5598
8026 2 2 5 1 5206 3697 5667
8027 2 2 5 1 745 747 983
8028 2 2 5 1 289 452 5496
8029 2 2 5 1 983 989 1012
8030 2 2 5 1 1012 1026 1046
8031 2 2 5 1 835 833 933
8032 2 2 5 1 743 744 745
8033 2 2 5 1 4211 3376 4311
8034 2 2 5 1 3806 3805 3807
8035 2 2 5 1 1647 2445 5653
8036 2 2 5 1 5392 5306 5804
8037 2 2 5 1 752 1933 2245
8038 2 2 5 1 474 475 476
8039 2 2 5 1 1919 2579 5684
8040 2 2 5 1 2674 2082 3843
8041 2 2 5 1 2793 2274 2907
8042 2 2 5 1 337 336 382
8043 2 2 5 1 2562 2192 5625
8044 2 2 5 1 1053 1111 5710
8045 2 2 5 1 2088 911 2363
8046 2 2 5 1 2921 3263 5642
8047 2 2 5 1 1766 1767 5645
8048 2 2 5 1 1012 5399 5810
8049 2 2 5 1 4403 6585 6607
8050 2 2 5 1 4738 4737 5311
8051 2 2 5 1 3159 4080 5638
8052 2 2 5 1 3483 5068 5891
8053 2 2 5 1 3777 3333 4846
8054 2 2 5 1 5173 1504 5598
8055 2 2 5 1 5403 1919 5684
8056 2 2 5 1 671 667 5416
8057 2 2 5 1 2066 1256 5643
8058 2 2 5 1 2681 2983 5068
8059 2 2 5 1 2590 3449 3450
8060 2 2 5 1 556 557 558
8061 2 2 5 1 2689 1192 2690
8062 2 2 5 1 3062 3063 3850
8063 2 2 5 1 3440 2855 5645
8064 2 2 5 1 743 732 744
8065 2 2 5 1 2639 2641 5639
8066 2 2 5 1 3489 5686 5733
8067 2 2 5 1 3163 2562 5625
8068 2 2 5 1 3117 3120 5727
8069 2 2 5 1 1183 1182 1184
8070 2 2 5 1 1343 1345 1346
8071 2 2 5 1 4864 2916 5680
8072 2 2 5 1 1644 2163 5624
8073 2 2 5 1 1596 1593 5919
8074 2 2 5 1 4951 4952 4953
8075 2 2 5 1 629 631 5906
8076 2 2 5 1 3301 3303 3304
8077 2 2 5 1 465 467 1115
8078 2 2 5 1 1836 1884 5278
8079 2 2 5 1 3177 3257 3956
8080 2 2 5 1 2756 2902 3444
8081 2 2 5 1 3712 3167 5620
8082 2 2 5 1 2078 2079 2080
8083 2 2 5 1 1839 1837 1877
8084 2 2 5 1 2234 2243 2867
8085 2 2 5 1 3495 3494 3728
8086 2 2 5 1 3887 3728 4508
8087 2 2 5 1 2723 2724 3177
8088 2 2 5 1 5628 2582 5701
8089 2 2 5 1 3762 3423 4461
8090 2 2 5 1 2723 2216 2724
8091 2 2 5 1 2584 2586 5760
8092 2 2 5 1 4556 4557 4558
8093 2 2 5 1 3493 3492 3494
8094 2 2 5 1 2705 2970 3578
8095 2 2 5 1 2069 5170 5655
8096 2 2 5 1 763 766 5823
8097 2 2 5 1 2787 2953 3597
8098 2 2 5 1 1732 1598 5944
8099 2 2 5 1 3275 3276 3277
8100 2 2 5 1 5235 4263 6856
8101 2 2 5 1 4516 3572 6481
8102 2 2 5 1 2184 2183 3010
8103 2 2 5 1 1820 1819 1821
8104 2 2 5 1 5501 5597 5767
8105 2 2 5 1 1869 2247 5776
8106 2 2 5 1 5305 5304 5722
8107 2 2 5 1 2807 2806 2808
8108 2 2 5 1 5850 1360 5901
8109 2 2 5 1 729 732 743
8110 2 2 5 1 746 4793 6198
8111 2 2 5 1 3444 3445 3862
8112 2 2 5 1 713 715 716
8113 2 2 5 1 4027 2820 4028
8114 2 2 5 1 723 725 729
8115 2 2 5 1 674 671 5696
8116 2 2 5 1 3921 3476 4208
8117 2 2 5 1 3599 3009 3618
8118 2 2 5 1 3799 4539 5802
8119 2 2 5 1 3780 2869 5606
8120 2 2 5 1 2245 2274 2793
8121 2 2 5 1 3882 2598 5604
8122 2 2 5 1 288 289 5496
8123 2 2 5 1 3463 5785 5864
8124 2 2 5 1 3441 1051 5710
8125 2 2 5 1 2793 2907 3267
8126 2 2 5 1 3986 3979 5649
8127 2 2 5 1 3250 2690 3766
8128 2 2 5 1 1346 1347 3869
8129 2 2 5 1 1933 699 5637
8130 2 2 5 1 942 944 2633
8131 2 2 5 1 2548 2546 3846
8132 2 2 5 1 719 722 723
8133 2 2 5 1 269 449 5851
8134 2 2 5 1 4276 3726 4511
8135 2 2 5 1 2904 3569 5666
8136 2 2 5 1 3489 2588 5686
8137 2 2 5 1 2511 3099 3206
8138 2 2 5 1 2200 2201 5592
8139 2 2 5 1 1690 1628 5659
8140 2 2 5 1 3165 3860 5620
8141 2 2 5 1 2125 6531 6584
8142 2 2 5 1 4126 3116 4127
8143 2 2 5 1 15 343 390
8144 2 2 5 1 4506 3500 5733
8145 2 2 5 1 1677 2271 2989
8146 2 2 5 1 793 792 794
8147 2 2 5 1 3851 3850 4737
8148 2 2 5 1 3670 3672 3675
8149 2 2 5 1 2242 1627 5662
8150 2 2 5 1 3060 3215 4017
8151 2 2 5 1 708 707 2087
8152 2 2 5 1 829 825 830
8153 2 2 5 1 2870 2869 3780
8154 2 2 5 1 985 736 5612
8155 2 2 5 1 3157 4201 5723
8156 2 2 5 1 510 512 5744
8157 2 2 5 1 1540 1528 1565
8158 2 2 5 1 2155 2149 2183
8159 2 2 5 1 2872 2687 3571
8160 2 2 5 1 2420 1652 5636
8161 2 2 5 1 729 725 732
8162 2 2 5 1 1625 1629 5662
8163 2 2 5 1 3366 5131 5819
8164 2 2 5 1 723 722 725
8165 2 2 5 1 1457 1455 1458
8166 2 2 5 1 3075 3074 4160
8167 2 2 5 1 2212 2214 2215
8168 2 2 5 1 716 718 719
8169 2 2 5 1 1051 1053 5710
8170 2 2 5 1 2903 2904 5666
8171 2 2 5 1 2231 1875 5451
8172 2 2 5 1 1311 1312 1313
8173 2 2 5 1 2659 2661 5477
8174 2 2 5 1 2647 2639 5639
8175 2 2 5 1 4741 5965 6034
8176 2 2 5 1 4949 4950 4951
8177 2 2 5 1 4035 4192 4601
8178 2 2 5 1 2252 1762 2897
8179 2 2 5 1 1692 3059 3060
8180 2 2 5 1 4340 4239 4342
8181 2 2 5 1 10 315 392
8182 2 2 5 1 694 692 695
8183 2 2 5 1 2610 2611 2612
8184 2 2 5 1 589 587 2146
8185 2 2 5 1 2866 3994 3995
8186 2 2 5 1 4962 4960 4968
8187 2 2 5 1 2935 3116 4126
8188 2 2 5 1 3470 5481 5833
8189 2 2 5 1 5586 5635 5760
8190 2 2 5 1 2164 2299 5813
8191 2 2 5 1 2201 2204 5592
8192 2 2 5 1 2165 1672 3039
8193 2 2 5 1 2458 2194 5683
8194 2 2 5 1 3036 3037 3576
8195 2 2 5 1 1566 1565 2135
8196 2 2 5 1 5781 4740 5892
8197 2 2 5 1 2855 1766 5645
8198 2 2 5 1 2587 2590 5686
8199 2 2 5 1 2617 2621 2800
8200 2 2 5 1 700 752 5623
8201 2 2 5 1 719 718 722
8202 2 2 5 1 1235 1233 5705
8203 2 2 5 1 4959 4958 4960
8204 2 2 5 1 696 695 5637
8205 2 2 5 1 2738 2736 5711
8206 2 2 5 1 1501 1504 5172
8207 2 2 5 1 1606 1219 5724
8208 2 2 5 1 1628 1728 5659
8209 2 2 5 1 3206 3237 4085
8210 2 2 5 1 2502 2500 2513
8211 2 2 5 1 1219 1104 5724
8212 2 2 5 1 3364 4207 5139
8213 2 2 5 1 325 324 1969
8214 2 2 5 1 2511 3098 3099
8215 2 2 5 1 2944 2414 2945
8216 2 2 5 1 2076 2077 2078
8217 2 2 5 1 313 312 455
8218 2 2 5 1 2956 5717 5802
8219 2 2 5 1 2641 2645 5639
8220 2 2 5 1 768 770 1638
8221 2 2 5 1 757 758 759
8222 2 2 5 1 2460 2880 2950
8223 2 2 5 1 554 555 556
8224 2 2 5 1 5760 3451 5853
8225 2 2 5 1 4068 4067 4239
8226 2 2 5 1 401 5180 5877
8227 2 2 5 1 3016 3143 4024
8228 2 2 5 1 2273 2510 2511
8229 2 2 5 1 1126 5432 5908
8230 2 2 5 1 1189 1188 1190
8231 2 2 5 1 2588 2587 5686
8232 2 2 5 1 2636 2452 2790
8233 2 2 5 1 938 935 5259
8234 2 2 5 1 491 494 495
8235 2 2 5 1 690 1928 5669
8236 2 2 5 1 2570 2568 5734
8237 2 2 5 1 3250 4509 4510
8238 2 2 5 1 2681 2771 2983
8239 2 2 5 1 5470 268 5851
8240 2 2 5 1 1671 2164 2368
8241 2 2 5 1 2108 2096 2286
8242 2 2 5 1 2128 1937 5703
8243 2 2 5 1 2682 2680 4839
8244 2 2 5 1 1741 3446 3447
8245 2 2 5 1 1057 1113 1534
8246 2 2 5 1 3111 3044 5756
8247 2 2 5 1 1338 1336 1601
8248 2 2 5 1 3954 3612 3955
8249 2 2 5 1 5279 3604 6320
8250 2 2 5 1 2834 2542 2938
8251 2 2 5 1 3431 5216 6030
8252 2 2 5 1 864 2119 5843
8253 2 2 5 1 1712 6005 6995
8254 2 2 5 1 489 490 491
8255 2 2 5 1 2496 2494 2497
8256 2 2 5 1 4315 3508 4548
8257 2 2 5 1 1346 1345 1347
8258 2 2 5 1 1189 1192 2434
8259 2 2 5 1 1392 1393 1394
8260 2 2 5 1 1341 1339 1342
8261 2 2 5 1 593 591 616
8262 2 2 5 1 3137 3138 4009
8263 2 2 5 1 2552 2684 3259
8264 2 2 5 1 310 9 394
8265 2 2 5 1 1145 1525 1573
8266 2 2 5 1 716 715 718
8267 2 2 5 1 1467 1465 1482
8268 2 2 5 1 3748 2965 3749
8269 2 2 5 1 2356 3015 3016
8270 2 2 5 1 511 509 660
8271 2 2 5 1 527 525 649
8272 2 2 5 1 1149 1148 1150
8273 2 2 5 1 2080 2081 2200
8274 2 2 5 1 665 661 5657
8275 2 2 5 1 1111 1217 2366
8276 2 2 5 1 487 488 489
8277 2 2 5 1 1548 1706 1707
8278 2 2 5 1 2456 2363 3633
8279 2 2 5 1 2800 2801 3605
8280 2 2 5 1 2809 2808 2810
8281 2 2 5 1 2672 3092 5737
8282 2 2 5 1 4085 3237 4556
8283 2 2 5 1 3269 3271 3719
8284 2 2 5 1 2347 2333 2350
8285 2 2 5 1 1170 1172 1173
8286 2 2 5 1 2145 5436 5437
8287 2 2 5 1 3494 3492 6024
8288 2 2 5 1 4498 3230 4499
8289 2 2 5 1 3056 3055 3057
8290 2 2 5 1 5586 5760 5853
8291 2 2 5 1 1461 1459 5570
8292 2 2 5 1 1916 3873 6017
8293 2 2 5 1 1496 5428 5864
8294 2 2 5 1 1826 1828 5619
8295 2 2 5 1 3753 3754 4124
8296 2 2 5 1 2527 2529 5629
8297 2 2 5 1 4084 5625 5737
8298 2 2 5 1 491 495 496
8299 2 2 5 1 901 5792 5998
8300 2 2 5 1 1646 1644 5624
8301 2 2 5 1 3368 3369 5605
8302 2 2 5 1 2037 2035 2039
8303 2 2 5 1 2048 2042 5195
8304 2 2 5 1 3268 3131 3269
8305 2 2 5 1 766 765 767
8306 2 2 5 1 2353 2345 2404
8307 2 2 5 1 2287 2286 2779
8308 2 2 5 1 3206 3099 3237
8309 2 2 5 1 719 723 5571
8310 2 2 5 1 2868 2867 2869
8311 2 2 5 1 507 505 2086
8312 2 2 5 1 2396 1910 2397
8313 2 2 5 1 994 988 5799
8314 2 2 5 1 702 700 5623
8315 2 2 5 1 5686 3450 5733
8316 2 2 5 1 2579 3062 5684
8317 2 2 5 1 2893 3466 4035
8318 2 2 5 1 3207 2420 5636
8319 2 2 5 1 1663 1710 1712
8320 2 2 5 1 808 816 4439
8321 2 2 5 1 3663 3633 4259
8322 2 2 5 1 2269 1690 5659
8323 2 2 5 1 3485 3484 3486
8324 2 2 5 1 4945 4944 4946
8325 2 2 5 1 4090 3808 4387
8326 2 2 5 1 3751 3752 3753
8327 2 2 5 1 2074 2075 2076
8328 2 2 5 1 3263 4227 5642
8329 2 2 5 1 2235 2400 2705
8330 2 2 5 1 1707 2142 2143
8331 2 2 5 1 1627 1625 5662
8332 2 2 5 1 485 486 487
8333 2 2 5 1 2325 2322 4921
8334 2 2 5 1 2995 2987 3238
8335 2 2 5 1 698 696 699
8336 2 2 5 1 2957 674 5696
8337 2 2 5 1 2929 2931 5677
8338 2 2 5 1 4817 4818 4819
8339 2 2 5 1 1725 2521 3172
8340 2 2 5 1 3713 3111 4136
8341 2 2 5 1 1599 2062 5695
8342 2 2 5 1 785 783 5225
8343 2 2 5 1 1462 1463 1480
8344 2 2 5 1 3482 3483 3484
8345 2 2 5 1 3555 3255 4174
8346 2 2 5 1 2868 2869 2870
8347 2 2 5 1 1742 1741 5717
8348 2 2 5 1 1480 1481 1575
8349 2 2 5 1 3029 3031 4904
8350 2 2 5 1 3692 4232 4234
8351 2 2 5 1 1264 1266 2112
8352 2 2 5 1 1645 1644 1646
8353 2 2 5 1 3051 3289 4517
8354 2 2 5 1 1492 1644 1645
8355 2 2 5 1 3246 3249 5825
8356 2 2 5 1 516 518 721
8357 2 2 5 1 1174 1176 1177
8358 2 2 5 1 5596 5631 5765
8359 2 2 5 1 2019 2022 5781
8360 2 2 5 1 876 874 5300
8361 2 2 5 1 515 513 2084
8362 2 2 5 1 3702 3210 3703
8363 2 2 5 1 1652 1653 5636
8364 2 2 5 1 1741 1606 3446
8365 2 2 5 1 5631 3442 5765
8366 2 2 5 1 1791 1788 5325
8367 2 2 5 1 3467 1227 4128
8368 2 2 5 1 3447 3509 3799
8369 2 2 5 1 2129 2514 2515
8370 2 2 5 1 4126 4127 4377
8371 2 2 5 1 5384 1774 5385
8372 2 2 5 1 2985 2780 2986
8373 2 2 5 1 3024 3025 5069
8374 2 2 5 1 4550 3843 5567
8375 2 2 5 1 1736 1737 2228
8376 2 2 5 1 2206 2203 5902
8377 2 2 5 1 4947 4948 4949
8378 2 2 5 1 1536 1353 5767
8379 2 2 5 1 4136 3111 5756
8380 2 2 5 1 2823 3131 3268
8381 2 2 5 1 695 692 5669
8382 2 2 5 1 4980 6253 6464
8383 2 2 5 1 1805 1793 1868
8384 2 2 5 1 1837 1835 5709
8385 2 2 5 1 3507 2865 3508
8386 2 2 5 1 4329 4330 4766
8387 2 2 5 1 2329 2327 2468
8388 2 2 5 1 824 2523 2670
8389 2 2 5 1 3593 2857 5196
8390 2 2 5 1 4000 3228 4001
8391 2 2 5 1 1151 1150 1152
8392 2 2 5 1 901 902 5792
8393 2 2 5 1 1867 1806 5145
8394 2 2 5 1 2149 1556 6123
8395 2 2 5 1 5376 3405 5907
8396 2 2 5 1 1818 1817 1819
8397 2 2 5 1 6045 831 6049
8398 2 2 5 1 699 696 5637
8399 2 2 5 1 1822 1823 1824
8400 2 2 5 1 2078 2080 2461
8401 2 2 5 1 2590 3450 5686
8402 2 2 5 1 3463 2828 5785
8403 2 2 5 1 826 925 5911
8404 2 2 5 1 3974 5431 5726
8405 2 2 5 1 2840 2404 3100
8406 2 2 5 1 3891 2863 3892
8407 2 2 5 1 2029 2027 2030
8408 2 2 5 1 2033 2031 5179
8409 2 2 5 1 1169 1170 5784
8410 2 2 5 1 3952 3448 5955
8411 2 2 5 1 3909 2903 5666
8412 2 2 5 1 975 1009 5975
8413 2 2 5 1 2814 2813 5663
8414 2 2 5 1 5802 4539 6140
8415 2 2 5 1 2434 2689 3001
8416 2 2 5 1 1019 1132 5875
8417 2 2 5 1 2204 2723 5592
8418 2 2 5 1 3799 3800 4503
8419 2 2 5 1 4539 4540 6140
8420 2 2 5 1 1436 1438 2457
8421 2 2 5 1 1875 1874 2372
8422 2 2 5 1 692 690 5669
8423 2 2 5 1 2216 2205 5691
8424 2 2 5 1 2457 3299 4019
8425 2 2 5 1 5625 2198 5737
8426 2 2 5 1 1730 1651 2273
8427 2 2 5 1 3178 2938 3385
8428 2 2 5 1 4400 4578 6714
8429 2 2 5 1 3736 3337 3761
8430 2 2 5 1 1111 2366 5710
8431 2 2 5 1 798 790 4996
8432 2 2 5 1 2567 2756 5687
8433 2 2 5 1 3349 3348 3350
8434 2 2 5 1 3273 3274 3275
8435 2 2 5 1 3442 3783 5765
8436 2 2 5 1 3753 4124 4238
8437 2 2 5 1 3996 2719 5942
8438 2 2 5 1 2410 2803 2835
8439 2 2 5 1 1177 1178 1971
8440 2 2 5 1 2382 2381 2383
8441 2 2 5 1 1875 2372 5451
8442 2 2 5 1 5597 1536 5767
8443 2 2 5 1 3271 3272 3273
8444 2 2 5 1 1073 1075 2115
8445 2 2 5 1 1958 3004 3005
8446 2 2 5 1 5717 3447 5802
8447 2 2 5 1 1177 1971 2069
8448 2 2 5 1 3983 3982 5946
8449 2 2 5 1 1129 1127 1155
8450 2 2 5 1 1897 1899 5660
8451 2 2 5 1 2689 2690 3250
8452 2 2 5 1 3250 3766 4509
8453 2 2 5 1 2528 3386 6118
8454 2 2 5 1 2025 2023 2026
8455 2 2 5 1 3998 2822 5860
8456 2 2 5 1 4162 3074 6015
8457 2 2 5 1 3116 3117 5727
8458 2 2 5 1 5502 5500 5901
8459 2 2 5 1 5513 2567 5687
8460 2 2 5 1 394 463 2693
8461 2 2 5 1 4109 4110 4111
8462 2 2 5 1 3152 2929 5677
8463 2 2 5 1 2163 3436 5624
8464 2 2 5 1 3870 2684 3915
8465 2 2 5 1 2120 5775 6143
8466 2 2 5 1 2074 2076 2191
8467 2 2 5 1 4949 4951 4972
8468 2 2 5 1 1280 1121 1578
8469 2 2 5 1 3465 5265 6111
8470 2 2 5 1 2555 2302 2956
8471 2 2 5 1 1925 3431 6030
8472 2 2 5 1 1832 1834 1863
8473 2 2 5 1 5372 2215 6060
8474 2 2 5 1 2713 3230 3591
8475 2 2 5 1 1645 5653 5761
8476 2 2 5 1 764 811 5384
8477 2 2 5 1 2670 4076 4077
8478 2 2 5 1 766 768 5755
8479 2 2 5 1 3484 3483 3581
8480 2 2 5 1 1260 1259 1527
8481 2 2 5 1 5576 1210 5773
8482 2 2 5 1 2072 2073 2074
8483 2 2 5 1 1459 1458 1478
8484 2 2 5 1 1180 1182 1183
8485 2 2 5 1 1505 1509 5598
8486 2 2 5 1 759 760 761
8487 2 2 5 1 2198 2672 5737
8488 2 2 5 1 2569 2571 5640
8489 2 2 5 1 5332 3674 5654
8490 2 2 5 1 4557 3237 5714
8491 2 2 5 1 1575 1576 2225
8492 2 2 5 1 2289 2186 2888
8493 2 2 5 1 482 484 485
8494 2 2 5 1 2571 3243 5640
8495 2 2 5 1 2846 2818 2847
8496 2 2 5 1 1343 1342 1344
8497 2 2 5 1 2083 2181 3481
8498 2 2 5 1 1615 478 5790
8499 2 2 5 1 4475 3805 5885
8500 2 2 5 1 3447 3446 3509
8501 2 2 5 1 1902 2432 2433
8502 2 2 5 1 2205 2207 5691
8503 2 2 5 1 4274 3385 4275
8504 2 2 5 1 3404 2951 4471
8505 2 2 5 1 2060 3252 5692
8506 2 2 5 1 1647 1646 1648
8507 2 2 5 1 2552 2550 2684
8508 2 2 5 1 1329 1328 1330
8509 2 2 5 1 2083 1601 2162
8510 2 2 5 1 2956 2302 5717
8511 2 2 5 1 2686 1751 5651
8512 2 2 5 1 1444 1443 5389
8513 2 2 5 1 1343 1344 1345
8514 2 2 5 1 671 5416 5696
8515 2 2 5 1 1462 1450 1463
8516 2 2 5 1 5589 1896 5805
8517 2 2 5 1 3434 3433 3435
8518 2 2 5 1 1189 1190 1192
8519 2 2 5 1 551 552 554
8520 2 2 5 1 661 657 5657
8521 2 2 5 1 4087 3703 4088
8522 2 2 5 1 3079 2554 5406
8523 2 2 5 1 706 704 707
8524 2 2 5 1 4428 4028 4429
8525 2 2 5 1 519 517 656
8526 2 2 5 1 2704 2702 3910
8527 2 2 5 1 2474 3536 5736
8528 2 2 5 1 4362 3625 4363
8529 2 2 5 1 2931 3128 5677
8530 2 2 5 1 503 501 668
8531 2 2 5 1 1743 857 4876
8532 2 2 5 1 1558 1560 1635
8533 2 2 5 1 1341 1342 1343
8534 2 2 5 1 1210 1118 5773
8535 2 2 5 1 1649 1648 1691
8536 2 2 5 1 1347 1349 5676
8537 2 2 5 1 3120 3175 4151
8538 2 2 5 1 1540 1566 1599
8539 2 2 5 1 1870 5926 6069
8540 2 2 5 1 5000 5225 5226
8541 2 2 5 1 3063 3061 5856
8542 2 2 5 1 2207 2210 5691
8543 2 2 5 1 2837 2373 5795
8544 2 2 5 1 1186 1188 1189
8545 2 2 5 1 2430 1893 2449
8546 2 2 5 1 1973 5461 5785
8547 2 2 5 1 3062 3851 5684
8548 2 2 5 1 1858 1861 5776
8549 2 2 5 1 3889 3932 3933
8550 2 2 5 1 2148 1717 2418
8551 2 2 5 1 3353 3354 3355
8552 2 2 5 1 1204 1205 1206
8553 2 2 5 1 3209 3095 3924
8554 2 2 5 1 2434 1192 2689
8555 2 2 5 1 713 710 715
8556 2 2 5 1 786 785 787
8557 2 2 5 1 1132 4853 5875
8558 2 2 5 1 1645 1646 1647
8559 2 2 5 1 1730 2273 2725
8560 2 2 5 1 3120 4151 5727
8561 2 2 5 1 2779 2286 2795
8562 2 2 5 1 4026 5107 5108
8563 2 2 5 1 1876 1864 3157
8564 2 2 5 1 3042 3774 5966
8565 2 2 5 1 2296 1654 3074
8566 2 2 5 1 1484 1600 5593
8567 2 2 5 1 2089 1761 2090
8568 2 2 5 1 3080 2403 3113
8569 2 2 5 1 2867 2243 5675
8570 2 2 5 1 2764 3787 3789
8571 2 2 5 1 3847 2527 5629
8572 2 2 5 1 3275 3277 3723
8573 2 2 5 1 1153 1152 1154
8574 2 2 5 1 1183 1184 3518
8575 2 2 5 1 512 2095 5744
8576 2 2 5 1 1640 3452 3453
8577 2 2 5 1 5458 3470 5917
8578 2 2 5 1 4045 3238 4436
8579 2 2 5 1 4322 4710 6486
8580 2 2 5 1 3453 3454 3455
8581 2 2 5 1 3492 2337 5774
8582 2 2 5 1 2492 2490 2506
8583 2 2 5 1 1540 1565 1566
8584 2 2 5 1 3452 1547 5754
8585 2 2 5 1 3799 3509 3800
8586 2 2 5 1 2761 2826 3148
8587 2 2 5 1 5705 1369 5817
8588 2 2 5 1 2917 2918 3538
8589 2 2 5 1 2487 2485 5730
8590 2 2 5 1 1260 1528 1539
8591 2 2 5 1 4044 3238 4045
8592 2 2 5 1 905 911 2088
8593 2 2 5 1 2380 2300 2381
8594 2 2 5 1 3470 5833 5917
8595 2 2 5 1 2815 2814 2816
8596 2 2 5 1 1828 1830 1967
8597 2 2 5 1 2583 3067 5713
8598 2 2 5 1 2690 1192 5681
8599 2 2 5 1 1474 1471 1485
8600 2 2 5 1 3099 3864 5714
8601 2 2 5 1 1788 1787 1789
8602 2 2 5 1 1206 1207 1263
8603 2 2 5 1 1156 1155 1259
8604 2 2 5 1 2529 3830 5629
8605 2 2 5 1 2893 724 3466
8606 2 2 5 1 2987 2986 5735
8607 2 2 5 1 663 1108 5925
8608 2 2 5 1 1173 1174 5655
8609 2 2 5 1 2234 2867 2868
8610 2 2 5 1 5185 2957 5696
8611 2 2 5 1 787 952 953
8612 2 2 5 1 761 762 763
8613 2 2 5 1 3686 3464 5874
8614 2 2 5 1 3460 3601 3611
8615 2 2 5 1 1869 1880 2247
8616 2 2 5 1 657 3424 5657
8617 2 2 5 1 2355 2349 5878
8618 2 2 5 1 1910 897 5287
8619 2 2 5 1 868 866 869
8620 2 2 5 1 2069 2070 2071
8621 2 2 5 1 3482 3484 3485
8622 2 2 5 1 3660 3661 3662
8623 2 2 5 1 715 710 5788
8624 2 2 5 1 3630 3008 3769
8625 2 2 5 1 807 805 5440
8626 2 2 5 1 4327 4280 4481
8627 2 2 5 1 1599 1651 1730
8628 2 2 5 1 2950 2951 3404
8629 2 2 5 1 3427 2569 5640
8630 2 2 5 1 5283 2637 5999
8631 2 2 5 1 2515 3008 3009
8632 2 2 5 1 3919 5681 5815
8633 2 2 5 1 1786 1785 1787
8634 2 2 5 1 3869 1347 5676
8635 2 2 5 1 1349 1352 5676
8636 2 2 5 1 1139 1141 1550
8637 2 2 5 1 1647 1648 1649
8638 2 2 5 1 3044 3636 5756
8639 2 2 5 1 1599 1566 1651
8640 2 2 5 1 2019 2012 2020
8641 2 2 5 1 1476 1474 5720
8642 2 2 5 1 3446 1606 5724
8643 2 2 5 1 3500 3489 5733
8644 2 2 5 1 311 310 5670
8645 2 2 5 1 2586 3451 5760
8646 2 2 5 1 1096 1145 5602
8647 2 2 5 1 2071 2072 2096
8648 2 2 5 1 4798 2566 5966
8649 2 2 5 1 3970 2468 3971
8650 2 2 5 1 2498 2497 2819
8651 2 2 5 1 2687 2583 5713
8652 2 2 5 1 458 19 6682
8653 2 2 5 1 999 749 1000
8654 2 2 5 1 560 559 561
8655 2 2 5 1 795 797 823
8656 2 2 5 1 4252 4191 4253
8657 2 2 5 1 3282 2293 5857
8658 2 2 5 1 3185 2795 3751
8659 2 2 5 1 1353 1355 5767
8660 2 2 5 1 2069 1971 2070
8661 2 2 5 1 3752 2795 5746
8662 2 2 5 1 1586 1584 2462
8663 2 2 5 1 3104 3103 3105
8664 2 2 5 1 2059 1028 5104
8665 2 2 5 1 1190 1193 5681
8666 2 2 5 1 2243 2776 5675
8667 2 2 5 1 2337 2338 5774
8668 2 2 5 1 3105 3210 3702
8669 2 2 5 1 591 589 5613
8670 2 2 5 1 1649 1691 1692
8671 2 2 5 1 1824 1826 2093
8672 2 2 5 1 1405 1403 1406
8673 2 2 5 1 1892 1891 1893
8674 2 2 5 1 763 764 765
8675 2 2 5 1 1340 1341 2082
8676 2 2 5 1 2950 3404 3874
8677 2 2 5 1 2258 2256 2849
8678 2 2 5 1 3392 2897 3759
8679 2 2 5 1 3574 3281 3575
8680 2 2 5 1 1260 1527 1528
8681 2 2 5 1 3415 4186 4603
8682 2 2 5 1 3185 3751 4347
8683 2 2 5 1 2756 3444 5687
8684 2 2 5 1 2358 2913 2963
8685 2 2 5 1 2780 2779 5772
8686 2 2 5 1 2779 2795 3185
8687 2 2 5 1 3949 3506 4006
8688 2 2 5 1 1417 1415 1418
8689 2 2 5 1 2376 2178 2403
8690 2 2 5 1 2042 2041 2043
8691 2 2 5 1 3455 3456 3457
8692 2 2 5 1 480 481 482
8693 2 2 5 1 1539 1540 5695
8694 2 2 5 1 5501 5767 5850
8695 2 2 5 1 2713 2708 3230
8696 2 2 5 1 945 948 5791
8697 2 2 5 1 2510 1651 5743
8698 2 2 5 1 993 1914 5630
8699 2 2 5 1 1516 1519 5806
8700 2 2 5 1 2116 1596 5919
8701 2 2 5 1 2071 2070 2072
8702 2 2 5 1 930 928 5397
8703 2 2 5 1 5785 5461 5864
8704 2 2 5 1 5275 1042 6186
8705 2 2 5 1 4054 3906 4462
8706 2 2 5 1 1184 1186 5798
8707 2 2 5 1 805 2145 5440
8708 2 2 5 1 1340 1339 1341
8709 2 2 5 1 3658 3657 3659
8710 2 2 5 1 2393 2350 2455
8711 2 2 5 1 2040 2039 2041
8712 2 2 5 1 2384 2383 2386
8713 2 2 5 1 3457 3458 4131
8714 2 2 5 1 571 569 5838
8715 2 2 5 1 2941 2581 3137
8716 2 2 5 1 1713 1549 2942
8717 2 2 5 1 2697 2695 2698
8718 2 2 5 1 1421 1419 1423
8719 2 2 5 1 1634 3003 5769
8720 2 2 5 1 1056 1110 5913
8721 2 2 5 1 866 864 5843
8722 2 2 5 1 1539 1528 1540
8723 2 2 5 1 1322 1321 1323
8724 2 2 5 1 1676 1736 5801
8725 2 2 5 1 54 447 5457
8726 2 2 5 1 1480 1463 1481
8727 2 2 5 1 2143 2142 2226
8728 2 2 5 1 1899 2947 5660
8729 2 2 5 1 1890 1868 1891
8730 2 2 5 1 4772 3041 5683
8731 2 2 5 1 2083 2162 2181
8732 2 2 5 1 1068 1015 2607
8733 2 2 5 1 508 507 509
8734 2 2 5 1 2777 2698 2778
8735 2 2 5 1 1542 1484 5593
8736 2 2 5 1 3029 2455 3031
8737 2 2 5 1 3791 3793 5937
8738 2 2 5 1 1005 1004 1006
8739 2 2 5 1 5282 3443 5854
8740 2 2 5 1 2056 2806 2807
8741 2 2 5 1 1413 1411 1414
8742 2 2 5 1 3682 3064 3683
8743 2 2 5 1 1816 1815 1817
8744 2 2 5 1 2717 2715 3068
8745 2 2 5 1 3327 3328 3330
8746 2 2 5 1 2271 2244 2581
8747 2 2 5 1 3778 4552 4554
8748 2 2 5 1 3481 2181 3482
8749 2 2 5 1 4986 4987 5486
8750 2 2 5 1 3041 2458 5683
8751 2 2 5 1 2941 3137 4094
8752 2 2 5 1 967 965 5820
8753 2 2 5 1 3471 707 5808
8754 2 2 5 1 1459 1478 5570
8755 2 2 5 1 5659 3908 5795
8756 2 2 5 1 4078 6045 6049
8757 2 2 5 1 4503 3800 4504
8758 2 2 5 1 1357 1360 5850
8759 2 2 5 1 3475 3473 3476
8760 2 2 5 1 1170 1173 5784
8761 2 2 5 1 2042 2043 5195
8762 2 2 5 1 3347 3346 3348
8763 2 2 5 1 5298 1916 5842
8764 2 2 5 1 3474 4983 4984
8765 2 2 5 1 1223 1154 1224
8766 2 2 5 1 476 475 477
8767 2 2 5 1 1268 1273 1274
8768 2 2 5 1 1337 1339 1340
8769 2 2 5 1 710 708 5788
8770 2 2 5 1 1665 1562 5661
8771 2 2 5 1 1677 1675 2244
8772 2 2 5 1 1426 1424 2110
8773 2 2 5 1 2792 5596 5765
8774 2 2 5 1 4943 4942 4944
8775 2 2 5 1 1788 1789 5325
8776 2 2 5 1 1575 1481 1576
8777 2 2 5 1 1263 1264 5754
8778 2 2 5 1 2271 2581 2941
8779 2 2 5 1 3465 2416 5796
8780 2 2 5 1 89 90 1950
8781 2 2 5 1 983 1012 5810
8782 2 2 5 1 2751 2418 3151
8783 2 2 5 1 852 855 5368
8784 2 2 5 1 5797 3921 5866
8785 2 2 5 1 3110 3755 3967
8786 2 2 5 1 3389 3134 3741
8787 2 2 5 1 3345 3344 3346
8788 2 2 5 1 1846 1809 1864
8789 2 2 5 1 4035 3466 4192
8790 2 2 5 1 2224 1973 5785
8791 2 2 5 1 4125 3754 6096
8792 2 2 5 1 1753 1757 5651
8793 2 2 5 1 1513 5615 5804
8794 2 2 5 1 896 891 5334
8795 2 2 5 1 2486 2488 5834
8796 2 2 5 1 1527 2091 5688
8797 2 2 5 1 5330 2754 5797
8798 2 2 5 1 3259 2684 3870
8799 2 2 5 1 495 494 678
8800 2 2 5 1 1186 1189 5798
8801 2 2 5 1 465 1115 5665
8802 2 2 5 1 1437 1436 5417
8803 2 2 5 1 3085 2778 3086
8804 2 2 5 1 491 490 494
8805 2 2 5 1 1118 1130 5773
8806 2 2 5 1 647 641 5752
8807 2 2 5 1 489 488 490
8808 2 2 5 1 2613 5836 5855
8809 2 2 5 1 811 1774 5384
8810 2 2 5 1 1945 693 5831
8811 2 2 5 1 2844 3364 5708
8812 2 2 5 1 5403 5684 5868
8813 2 2 5 1 1741 3447 5717
8814 2 2 5 1 1156 1259 1260
8815 2 2 5 1 487 486 488
8816 2 2 5 1 2195 2460 5712
8817 2 2 5 1 3185 4348 5772
8818 2 2 5 1 1174 1177 5655
8819 2 2 5 1 608 571 5838
8820 2 2 5 1 3096 2450 3506
8821 2 2 5 1 648 652 5819
8822 2 2 5 1 3702 3703 4087
8823 2 2 5 1 3238 2987 5735
8824 2 2 5 1 2251 2465 2606
8825 2 2 5 1 3591 3230 4498
8826 2 2 5 1 2917 3538 4018
8827 2 2 5 1 1877 1837 5709
8828 2 2 5 1 2247 2417 2858
8829 2 2 5 1 411 6483 6906
8830 2 2 5 1 5419 3296 5420
8831 2 2 5 1 2095 514 5786
8832 2 2 5 1 4175 4077 4176
8833 2 2 5 1 3764 715 5788
8834 2 2 5 1 2335 2337 2348
8835 2 2 5 1 771 809 5914
8836 2 2 5 1 3394 2484 3771
8837 2 2 5 1 2269 5659 5795
8838 2 2 5 1 3606 4230 5459
8839 2 2 5 1 3369 4427 5605
8840 2 2 5 1 5170 5150 6047
8841 2 2 5 1 1070 540 6084
8842 2 2 5 1 794 792 5342
8843 2 2 5 1 1751 1753 5651
8844 2 2 5 1 1985 1983 1986
8845 2 2 5 1 765 764 5384
8846 2 2 5 1 1784 1783 1785
8847 2 2 5 1 6995 6005 7022
8848 2 2 5 1 5308 5307 6041
8849 2 2 5 1 3024 2397 3025
8850 2 2 5 1 2606 3216 4067
8851 2 2 5 1 506 507 508
8852 2 2 5 1 2031 2030 2044
8853 2 2 5 1 490 488 492
8854 2 2 5 1 4109 3584 4110
8855 2 2 5 1 2273 2511 5704
8856 2 2 5 1 4022 3187 4292
8857 2 2 5 1 2746 3109 3110
8858 2 2 5 1 2816 2818 2846
8859 2 2 5 1 1447 1444 5389
8860 2 2 5 1 1686 6254 6288
8861 2 2 5 1 1195 1197 1199
8862 2 2 5 1 738 736 985
8863 2 2 5 1 5615 5392 5804
8864 2 2 5 1 2766 2618 5160
8865 2 2 5 1 2533 4917 6292
8866 2 2 5 1 982 981 1004
8867 2 2 5 1 1621 1524 5844
8868 2 2 5 1 5559 5866 5867
8869 2 2 5 1 2416 2128 5796
8870 2 2 5 1 1067 1066 1126
8871 2 2 5 1 5149 5148 5852
8872 2 2 5 1 3237 3099 5714
8873 2 2 5 1 2445 1649 5731
8874 2 2 5 1 3571 2687 5713
8875 2 2 5 1 2828 2224 5785
8876 2 2 5 1 506 505 507
8877 2 2 5 1 3039 1672 5769
8878 2 2 5 1 3926 5458 6003
8879 2 2 5 1 2341 2345 2353
8880 2 2 5 1 3190 4269 4520
8881 2 2 5 1 4998 6063 6068
8882 2 2 5 1 1592 3641 5919
8883 2 2 5 1 1338 1601 2083
8884 2 2 5 1 5990 3499 6021
8885 2 2 5 1 1886 887 5295
8886 2 2 5 1 3886 5799 5975
8887 2 2 5 1 5325 1789 5415
8888 2 2 5 1 3303 4536 5656
8889 2 2 5 1 1677 2244 2271
8890 2 2 5 1 1849 1845 5818
8891 2 2 5 1 3853 3435 4301
8892 2 2 5 1 3831 2545 5208
8893 2 2 5 1 1914 3427 5630
8894 2 2 5 1 1129 1155 1156
8895 2 2 5 1 2181 2162 5068
8896 2 2 5 1 485 484 486
8897 2 2 5 1 2531 4421 6026
8898 2 2 5 1 2847 3103 3104
8899 2 2 5 1 1108 1122 6030
8900 2 2 5 1 1541 1275 5557
8901 2 2 5 1 855 1902 5368
8902 2 2 5 1 2978 2977 5967
8903 2 2 5 1 53 54 5457
8904 2 2 5 1 2389 2386 2435
8905 2 2 5 1 2754 2231 5451
8906 2 2 5 1 1958 3005 3570
8907 2 2 5 1 1192 1190 5681
8908 2 2 5 1 984 983 5810
8909 2 2 5 1 1600 1713 2251
8910 2 2 5 1 4017 3215 4135
8911 2 2 5 1 2807 2808 2809
8912 2 2 5 1 1551 1675 1677
8913 2 2 5 1 4574 3186 4575
8914 2 2 5 1 2776 3665 5675
8915 2 2 5 1 1361 1368 5934
8916 2 2 5 1 2626 2628 5893
8917 2 2 5 1 552 550 553
8918 2 2 5 1 1332 1530 3537
8919 2 2 5 1 2820 2248 5814
8920 2 2 5 1 4263 3068 5778
8921 2 2 5 1 678 494 2101
8922 2 2 5 1 1067 1127 1128
8923 2 2 5 1 1518 1516 5806
8924 2 2 5 1 4429 4028 5105
8925 2 2 5 1 4275 3385 4741
8926 2 2 5 1 784 783 785
8927 2 2 5 1 520 519 521
8928 2 2 5 1 549 550 551
8929 2 2 5 1 2809 2965 3033
8930 2 2 5 1 1484 1549 1600
8931 2 2 5 1 3840 2837 5879
8932 2 2 5 1 573 571 608
8933 2 2 5 1 1848 1873 5824
8934 2 2 5 1 3611 3612 3954
8935 2 2 5 1 1707 1706 2142
8936 2 2 5 1 1692 1691 2235
8937 2 2 5 1 3889 3933 3934
8938 2 2 5 1 2515 2514 3008
8939 2 2 5 1 3606 3609 4230
8940 2 2 5 1 3061 4016 5856
8941 2 2 5 1 1465 1461 5718
8942 2 2 5 1 1341 1343 5707
8943 2 2 5 1 1031 980 5826
8944 2 2 5 1 4127 3116 5727
8945 2 2 5 1 3053 2435 3943
8946 2 2 5 1 5199 3441 5884
8947 2 2 5 1 4018 3538 5222
8948 2 2 5 1 4743 2959 5958
8949 2 2 5 1 3292 3294 5841
8950 2 2 5 1 4823 4882 6458
8951 2 2 5 1 2365 4762 6461
8952 2 2 5 1 2809 2810 2965
8953 2 2 5 1 1874 1849 5818
8954 2 2 5 1 2031 2044 5179
8955 2 2 5 1 5501 5850 5901
8956 2 2 5 1 518 517 519
8957 2 2 5 1 2835 2836 3691
8958 2 2 5 1 2128 5703 5796
8959 2 2 5 1 2960 2196 4684
8960 2 2 5 1 3457 4131 4132
8961 2 2 5 1 768 1638 5755
8962 2 2 5 1 1692 3060 5731
8963 2 2 5 1 2202 5380 6250
8964 2 2 5 1 4742 4161 7186
8965 2 2 5 1 2415 3070 3191
8966 2 2 5 1 3248 3246 5825
8967 2 2 5 1 504 505 506
8968 2 2 5 1 5357 1487 5888
8969 2 2 5 1 2377 2059 2471
8970 2 2 5 1 893 869 3920
8971 2 2 5 1 4843 1334 5995
8972 2 2 5 1 5595 3875 5809
8973 2 2 5 1 482 481 484
8974 2 2 5 1 504 503 505
8975 2 2 5 1 5874 5428 5910
8976 2 2 5 1 1128 1129 1227
8977 2 2 5 1 2514 2359 2917
8978 2 2 5 1 474 473 475
8979 2 2 5 1 5643 1252 5833
8980 2 2 5 1 619 623 3425
8981 2 2 5 1 2511 3206 5704
8982 2 2 5 1 3451 3490 5853
8983 2 2 5 1 3069 4138 4139
8984 2 2 5 1 3138 2581 5927
8985 2 2 5 1 3419 5842 5921
8986 2 2 5 1 1540 1599 5695
8987 2 2 5 1 3009 3008 3630
8988 2 2 5 1 2947 2844 5708
8989 2 2 5 1 2299 2962 5813
8990 2 2 5 1 3069 3068 4137
8991 2 2 5 1 5843 2119 5951
8992 2 2 5 1 1369 5405 5953
8993 2 2 5 1 2254 2262 3790
8994 2 2 5 1 1148 1031 5826
8995 2 2 5 1 1252 5580 5833
8996 2 2 5 1 3033 3748 4147
8997 2 2 5 1 4265 3292 5841
8998 2 2 5 1 761 763 5823
8999 2 2 5 1 3279 3281 3574
9000 2 2 5 1 4939 4938 4940
9001 2 2 5 1 4945 4946 4947
9002 2 2 5 1 1067 1126 1127
9003 2 2 5 1 1592 1590 2120
9004 2 2 5 1 2606 2465 3216
9005 2 2 5 1 5852 3848 6159
9006 2 2 5 1 2373 2269 5795
9007 2 2 5 1 2725 2273 5704
9008 2 2 5 1 516 515 517
9009 2 2 5 1 3888 2228 3889
9010 2 2 5 1 3294 3295 3543
9011 2 2 5 1 2129 2359 2514
9012 2 2 5 1 3504 2968 3931
9013 2 2 5 1 59 60 5530
9014 2 2 5 1 4067 3216 4448
9015 2 2 5 1 1814 1813 1815
9016 2 2 5 1 3366 3368 5131
9017 2 2 5 1 2142 1706 2411
9018 2 2 5 1 2812 2814 2815
9019 2 2 5 1 2702 2555 5751
9020 2 2 5 1 1206 1263 1269
9021 2 2 5 1 1159 5868 5913
9022 2 2 5 1 1343 1346 5707
9023 2 2 5 1 5380 3947 6214
9024 2 2 5 1 2846 2847 5700
9025 2 2 5 1 3060 3059 3215
9026 2 2 5 1 1007 1006 1061
9027 2 2 5 1 1065 1062 3291
9028 2 2 5 1 1473 3051 5900
9029 2 2 5 1 1003 1024 2113
9030 2 2 5 1 1576 1481 1632
9031 2 2 5 1 2962 2379 5787
9032 2 2 5 1 1565 1528 5688
9033 2 2 5 1 5684 3851 5868
9034 2 2 5 1 5607 3882 5817
9035 2 2 5 1 1528 1527 5688
9036 2 2 5 1 3171 3170 3187
9037 2 2 5 1 602 600 1783
9038 2 2 5 1 3875 5648 5809
9039 2 2 5 1 2732 3996 3997
9040 2 2 5 1 1675 1676 5801
9041 2 2 5 1 1128 1127 1129
9042 2 2 5 1 287 288 2250
9043 2 2 5 1 2608 2607 2609
9044 2 2 5 1 2858 3141 3726
9045 2 2 5 1 2986 2780 5772
9046 2 2 5 1 1797 1795 2706
9047 2 2 5 1 2094 4405 6591
9048 2 2 5 1 1269 1263 1547
9049 2 2 5 1 1548 1640 1706
9050 2 2 5 1 1281 1224 1282
9051 2 2 5 1 2129 2106 2359
9052 2 2 5 1 5128 3867 6127
9053 2 2 5 1 1209 1092 1568
9054 2 2 5 1 948 1958 5791
9055 2 2 5 1 3691 3692 5475
9056 2 2 5 1 1981 1979 2710
9057 2 2 5 1 2284 2370 2761
9058 2 2 5 1 514 513 515
9059 2 2 5 1 998 2240 2714
9060 2 2 5 1 476 477 478
9061 2 2 5 1 1548 1547 1640
9062 2 2 5 1 2210 2209 5876
9063 2 2 5 1 1971 1178 5753
9064 2 2 5 1 4051 2964 4052
9065 2 2 5 1 1024 1023 1066
9066 2 2 5 1 3666 3667 4101
9067 2 2 5 1 4092 3578 4093
9068 2 2 5 1 2251 1713 2465
9069 2 2 5 1 1269 1547 1548
9070 2 2 5 1 1274 1275 1541
9071 2 2 5 1 486 484 2111
9072 2 2 5 1 1736 2228 3888
9073 2 2 5 1 3277 3279 5770
9074 2 2 5 1 870 869 893
9075 2 2 5 1 815 807 817
9076 2 2 5 1 569 2160 5838
9077 2 2 5 1 3035 4030 4031
9078 2 2 5 1 377 59 5530
9079 2 2 5 1 502 503 504
9080 2 2 5 1 943 932 6057
9081 2 2 5 1 1176 1175 6058
9082 2 2 5 1 3453 3455 3497
9083 2 2 5 1 708 2087 5788
9084 2 2 5 1 4128 1227 4321
9085 2 2 5 1 1217 1492 5761
9086 2 2 5 1 510 509 511
9087 2 2 5 1 724 647 5752
9088 2 2 5 1 1555 2155 6167
9089 2 2 5 1 1454 1473 5900
9090 2 2 5 1 980 3468 5826
9091 2 2 5 1 1812 1811 1813
9092 2 2 5 1 2088 2363 2456
9093 2 2 5 1 5673 1513 5804
9094 2 2 5 1 2090 2168 2309
9095 2 2 5 1 1177 2069 5655
9096 2 2 5 1 1569 1568 1662
9097 2 2 5 1 2550 2548 5763
9098 2 2 5 1 3425 4304 4305
9099 2 2 5 1 1150 1148 2369
9100 2 2 5 1 1071 1059 3563
9101 2 2 5 1 1337 1338 1339
9102 2 2 5 1 597 596 5816
9103 2 2 5 1 512 511 513
9104 2 2 5 1 1009 938 5259
9105 2 2 5 1 2613 2720 5836
9106 2 2 5 1 3692 4234 5475
9107 2 2 5 1 3790 3791 4646
9108 2 2 5 1 502 501 503
9109 2 2 5 1 508 509 510
9110 2 2 5 1 2837 5795 5879
9111 2 2 5 1 3364 5139 5708
9112 2 2 5 1 2082 1341 5707
9113 2 2 5 1 2094 1665 5661
9114 2 2 5 1 2135 3923 5780
9115 2 2 5 1 2705 3578 4092
9116 2 2 5 1 1178 1180 5753
9117 2 2 5 1 1737 2056 5728
9118 2 2 5 1 5584 5607 5817
9119 2 2 5 1 1562 1605 5661
9120 2 2 5 1 478 479 480
9121 2 2 5 1 1845 2159 5818
9122 2 2 5 1 3495 3728 3887
9123 2 2 5 1 3493 3494 3495
9124 2 2 5 1 1789 1796 5415
9125 2 2 5 1 2714 2240 2715
9126 2 2 5 1 2788 2110 2854
9127 2 2 5 1 922 920 5381
9128 2 2 5 1 3473 3472 3474
9129 2 2 5 1 3663 4259 4438
9130 2 2 5 1 2021 2020 2046
9131 2 2 5 1 1430 1427 5021
9132 2 2 5 1 1443 1437 5417
9133 2 2 5 1 2500 2498 5706
9134 2 2 5 1 1279 1321 1322
9135 2 2 5 1 480 479 481
9136 2 2 5 1 5214 5738 5739
9137 2 2 5 1 972 970 986
9138 2 2 5 1 3934 3933 3935
9139 2 2 5 1 1663 1662 1710
9140 2 2 5 1 3883 2311 5845
9141 2 2 5 1 3197 3198 4113
9142 2 2 5 1 1159 5403 5868
9143 2 2 5 1 2353 2404 2840
9144 2 2 5 1 969 4500 5886
9145 2 2 5 1 1127 1126 5908
9146 2 2 5 1 3882 5705 5817
9147 2 2 5 1 2348 3492 3493
9148 2 2 5 1 2779 3185 5772
9149 2 2 5 1 2708 2704 5768
9150 2 2 5 1 1001 1000 1002
9151 2 2 5 1 1484 1479 1549
9152 2 2 5 1 3224 2760 3225
9153 2 2 5 1 2456 3633 3663
9154 2 2 5 1 636 2764 5906
9155 2 2 5 1 2460 2950 5712
9156 2 2 5 1 268 269 5851
9157 2 2 5 1 2430 2449 5732
9158 2 2 5 1 2840 3100 3627
9159 2 2 5 1 2018 5781 5892
9160 2 2 5 1 499 497 2701
9161 2 2 5 1 3250 4510 5757
9162 2 2 5 1 5451 3475 5797
9163 2 2 5 1 3391 1986 5883
9164 2 2 5 1 1991 1992 1993
9165 2 2 5 1 1407 1406 1433
9166 2 2 5 1 1478 1458 2968
9167 2 2 5 1 1258 1028 2059
9168 2 2 5 1 4003 4002 4529
9169 2 2 5 1 1264 2112 5754
9170 2 2 5 1 4957 4970 6013
9171 2 2 5 1 4205 3644 4206
9172 2 2 5 1 2212 2215 5876
9173 2 2 5 1 3033 2965 3748
9174 2 2 5 1 3215 3059 4514
9175 2 2 5 1 3848 3432 6263
9176 2 2 5 1 516 721 5786
9177 2 2 5 1 771 769 809
9178 2 2 5 1 2102 2101 2103
9179 2 2 5 1 2720 2733 2734
9180 2 2 5 1 496 495 497
9181 2 2 5 1 4028 2820 5814
9182 2 2 5 1 4147 3748 4246
9183 2 2 5 1 2958 3521 5958
9184 2 2 5 1 5922 3893 6043
9185 2 2 5 1 1736 3888 5801
9186 2 2 5 1 1492 1645 5761
9187 2 2 5 1 2008 2007 2011
9188 2 2 5 1 4506 5733 5800
9189 2 2 5 1 1003 1002 1023
9190 2 2 5 1 4441 2896 5944
9191 2 2 5 1 4025 4024 4212
9192 2 2 5 1 3001 2689 5757
9193 2 2 5 1 500 501 502
9194 2 2 5 1 2104 2106 2129
9195 2 2 5 1 4523 1533 4524
9196 2 2 5 1 4003 4529 4530
9197 2 2 5 1 1692 2235 3059
9198 2 2 5 1 2102 2104 2105
9199 2 2 5 1 2104 2103 2106
9200 2 2 5 1 2948 2949 3666
9201 2 2 5 1 2366 1217 5761
9202 2 2 5 1 3802 3801 5885
9203 2 2 5 1 4436 3238 5735
9204 2 2 5 1 4941 4940 4942
9205 2 2 5 1 2228 1737 5728
9206 2 2 5 1 1478 2968 3122
9207 2 2 5 1 3443 5443 6001
9208 2 2 5 1 1820 1821 1822
9209 2 2 5 1 3122 3504 3718
9210 2 2 5 1 1755 1756 5863
9211 2 2 5 1 575 573 5633
9212 2 2 5 1 3304 3303 5656
9213 2 2 5 1 2557 2558 6039
9214 2 2 5 1 1087 1088 1089
9215 2 2 5 1 3471 5808 5948
9216 2 2 5 1 5428 1631 5910
9217 2 2 5 1 500 499 501
9218 2 2 5 1 2498 2819 5706
9219 2 2 5 1 5733 3450 5800
9220 2 2 5 1 1461 5570 5718
9221 2 2 5 1 1180 1183 5753
9222 2 2 5 1 3088 3093 3094
9223 2 2 5 1 5767 1355 5850
9224 2 2 5 1 3430 5434 6061
9225 2 2 5 1 1876 3157 5723
9226 2 2 5 1 1482 1465 5718
9227 2 2 5 1 5481 5643 5833
9228 2 2 5 1 4499 3230 5768
9229 2 2 5 1 992 986 1044
9230 2 2 5 1 3069 4137 4138
9231 2 2 5 1 1677 2989 5869
9232 2 2 5 1 2754 5451 5797
9233 2 2 5 1 1283 1282 1284
9234 2 2 5 1 999 1001 1045
9235 2 2 5 1 5868 4738 5913
9236 2 2 5 1 5801 3888 5927
9237 2 2 5 1 2777 3085 3090
9238 2 2 5 1 820 826 5911
9239 2 2 5 1 678 2101 2102
9240 2 2 5 1 3447 3799 5802
9241 2 2 5 1 1069 1044 1120
9242 2 2 5 1 594 593 596
9243 2 2 5 1 1524 1518 5844
9244 2 2 5 1 1189 2434 5798
9245 2 2 5 1 2548 3846 5763
9246 2 2 5 1 5616 3844 6326
9247 2 2 5 1 2863 2430 5732
9248 2 2 5 1 3198 2841 4072
9249 2 2 5 1 1600 1549 1713
9250 2 2 5 1 2229 2752 5971
9251 2 2 5 1 1036 1038 5935
9252 2 2 5 1 3488 3499 5990
9253 2 2 5 1 4563 391 6203
9254 2 2 5 1 2355 5878 6067
9255 2 2 5 1 5888 2130 6081
9256 2 2 5 1 2449 2450 3095
9257 2 2 5 1 5559 5330 5866
9258 2 2 5 1 2076 2078 5766
9259 2 2 5 1 1074 1065 4751
9260 2 2 5 1 1131 1120 1220
9261 2 2 5 1 2282 2358 5789
9262 2 2 5 1 3549 5743 5780
9263 2 2 5 1 4437 3289 7060
9264 2 2 5 1 1355 1357 5850
9265 2 2 5 1 5743 2135 5780
9266 2 2 5 1 463 464 465
9267 2 2 5 1 2720 2734 5836
9268 2 2 5 1 559 557 2185
9269 2 2 5 1 5502 5934 5973
9270 2 2 5 1 1748 2094 5742
9271 2 2 5 1 5389 1443 5694
9272 2 2 5 1 2263 2260 2512
9273 2 2 5 1 3725 2120 6143
9274 2 2 5 1 1271 1220 1493
9275 2 2 5 1 2088 2456 3501
9276 2 2 5 1 2689 3250 5757
9277 2 2 5 1 5672 4021 6407
9278 2 2 5 1 2898 3220 3221
9279 2 2 5 1 4624 6201 6207
9280 2 2 5 1 3656 3655 3657
9281 2 2 5 1 498 499 500
9282 2 2 5 1 1024 1066 1067
9283 2 2 5 1 1337 1336 1338
9284 2 2 5 1 1789 1795 1796
9285 2 2 5 1 1368 5586 5853
9286 2 2 5 1 2952 2786 3309
9287 2 2 5 1 2325 4921 5674
9288 2 2 5 1 2393 3030 5909
9289 2 2 5 1 2372 1874 3472
9290 2 2 5 1 804 805 806
9291 2 2 5 1 1474 1485 5720
9292 2 2 5 1 2191 2076 5766
9293 2 2 5 1 518 519 520
9294 2 2 5 1 498 497 499
9295 2 2 5 1 4139 4138 4664
9296 2 2 5 1 4817 3223 4818
9297 2 2 5 1 1987 1988 1991
9298 2 2 5 1 2186 1748 5742
9299 2 2 5 1 6061 5434 6082
9300 2 2 5 1 516 517 518
9301 2 2 5 1 2843 1711 3034
9302 2 2 5 1 1722 2405 2406
9303 2 2 5 1 4455 4456 6963
9304 2 2 5 1 660 509 5762
9305 2 2 5 1 918 827 5272
9306 2 2 5 1 2102 2103 2104
9307 2 2 5 1 1518 5806 5844
9308 2 2 5 1 3296 3248 5825
9309 2 2 5 1 627 580 6181
9310 2 2 5 1 496 497 498
9311 2 2 5 1 1450 1447 5764
9312 2 2 5 1 1580 1673 1674
9313 2 2 5 1 2472 3498 4057
9314 2 2 5 1 2078 2461 5766
9315 2 2 5 1 2610 2609 2611
9316 2 2 5 1 2555 2956 5751
9317 2 2 5 1 514 515 516
9318 2 2 5 1 1488 1602 1603
9319 2 2 5 1 3545 4177 4352
9320 2 2 5 1 1077 1079 1520
9321 2 2 5 1 3035 4029 4030
9322 2 2 5 1 3554 4681 4682
9323 2 2 5 1 1649 1692 5731
9324 2 2 5 1 4839 2680 4843
9325 2 2 5 1 3518 1184 5798
9326 2 2 5 1 3910 2702 5751
9327 2 2 5 1 707 704 5808
9328 2 2 5 1 5864 5428 5874
9329 2 2 5 1 3772 3771 4660
9330 2 2 5 1 2842 3192 3193
9331 2 2 5 1 11 385 1372
9332 2 2 5 1 1950 90 5480
9333 2 2 5 1 3085 3086 3835
9334 2 2 5 1 512 513 514
9335 2 2 5 1 2246 2015 5971
9336 2 2 5 1 1154 1152 1686
9337 2 2 5 1 1576 1632 1633
9338 2 2 5 1 5795 3908 5879
9339 2 2 5 1 510 511 512
9340 2 2 5 1 5833 5580 5917
9341 2 2 5 1 702 5623 5808
9342 2 2 5 1 1633 1632 1634
9343 2 2 5 1 5505 4341 6147
9344 2 2 5 1 2448 2691 2948
9345 2 2 5 1 2722 2841 3197
9346 2 2 5 1 3723 3277 5770
9347 2 2 5 1 1547 1263 5754
9348 2 2 5 1 1789 1787 1795
9349 2 2 5 1 465 466 467
9350 2 2 5 1 3674 3677 5654
9351 2 2 5 1 3808 3807 5750
9352 2 2 5 1 3749 5067 6870
9353 2 2 5 1 1671 1634 1672
9354 2 2 5 1 1831 2158 6110
9355 2 2 5 1 1759 1761 2089
9356 2 2 5 1 2847 3104 5700
9357 2 2 5 1 1372 385 1373
9358 2 2 5 1 15 390 712
9359 2 2 5 1 507 2086 5762
9360 2 2 5 1 997 749 999
9361 2 2 5 1 5499 2282 5789
9362 2 2 5 1 787 785 952
9363 2 2 5 1 2617 2615 2621
9364 2 2 5 1 5433 3413 5924
9365 2 2 5 1 1633 1634 1671
9366 2 2 5 1 2777 2778 3085
9367 2 2 5 1 1671 1672 2164
9368 2 2 5 1 4360 4406 4407
9369 2 2 5 1 3915 2684 5763
9370 2 2 5 1 467 468 469
9371 2 2 5 1 2449 1893 2450
9372 2 2 5 1 4715 1726 4716
9373 2 2 5 1 469 470 471
9374 2 2 5 1 471 472 473
9375 2 2 5 1 2714 2715 2716
9376 2 2 5 1 748 740 749
9377 2 2 5 1 2074 2191 5835
9378 2 2 5 1 1802 1799 2147
9379 2 2 5 1 763 765 766
9380 2 2 5 1 5405 1940 6037
9381 2 2 5 1 5699 3462 5965
9382 2 2 5 1 1338 2083 5747
9383 2 2 5 1 1399 1398 1400
9384 2 2 5 1 2717 3068 3069
9385 2 2 5 1 1436 1434 1438
9386 2 2 5 1 1342 1339 5747
9387 2 2 5 1 1443 5417 5694
9388 2 2 5 1 1957 2196 2960
9389 2 2 5 1 1593 1592 5919
9390 2 2 5 1 3096 3949 4005
9391 2 2 5 1 2118 2473 2474
9392 2 2 5 1 3510 5136 5137
9393 2 2 5 1 1339 1338 5747
9394 2 2 5 1 1791 5325 5898
9395 2 2 5 1 2697 2698 2777
9396 2 2 5 1 2684 2550 5763
9397 2 2 5 1 3298 3297 4102
9398 2 2 5 1 1396 1395 1398
9399 2 2 5 1 577 575 1782
9400 2 2 5 1 5444 1953 5870
9401 2 2 5 1 1609 1655 1656
9402 2 2 5 1 2244 5801 5927
9403 2 2 5 1 2704 3910 5768
9404 2 2 5 1 2133 1283 5962
9405 2 2 5 1 3464 3463 5874
9406 2 2 5 1 2609 2607 3886
9407 2 2 5 1 5689 3372 5994
9408 2 2 5 1 5357 5888 6081
9409 2 2 5 1 1863 1834 5278
9410 2 2 5 1 4209 3987 6831
9411 2 2 5 1 1818 1819 1820
9412 2 2 5 1 739 738 740
9413 2 2 5 1 5817 1369 5953
9414 2 2 5 1 3016 4024 4025
9415 2 2 5 1 6158 5464 6194
9416 2 2 5 1 1990 1989 2007
9417 2 2 5 1 1017 1019 5875
9418 2 2 5 1 3743 2954 4100
9419 2 2 5 1 802 803 804
9420 2 2 5 1 3122 2968 3504
9421 2 2 5 1 631 636 5906
9422 2 2 5 1 1390 1391 1392
9423 2 2 5 1 2309 2310 2865
9424 2 2 5 1 3510 1541 5136
9425 2 2 5 1 3602 3679 4048
9426 2 2 5 1 2086 505 5793
9427 2 2 5 1 3654 3653 3655
9428 2 2 5 1 388 5339 6202
9429 2 2 5 1 1274 1541 3510
9430 2 2 5 1 2098 1096 5602
9431 2 2 5 1 509 507 5762
9432 2 2 5 1 310 394 5670
9433 2 2 5 1 2696 2697 2699
9434 2 2 5 1 6053 3934 6095
9435 2 2 5 1 2858 3726 3727
9436 2 2 5 1 2072 2074 5835
9437 2 2 5 1 463 465 5665
9438 2 2 5 1 481 479 483
9439 2 2 5 1 2056 2807 5728
9440 2 2 5 1 1322 1323 1487
9441 2 2 5 1 4582 4583 6051
9442 2 2 5 1 2665 2667 3155
9443 2 2 5 1 4931 4932 5926
9444 2 2 5 1 2378 773 5914
9445 2 2 5 1 2209 2212 5876
9446 2 2 5 1 1015 994 5799
9447 2 2 5 1 999 1000 1001
9448 2 2 5 1 2414 2048 5719
9449 2 2 5 1 1702 1701 1703
9450 2 2 5 1 2096 2072 5835
9451 2 2 5 1 1394 1393 1395
9452 2 2 5 1 3466 724 5752
9453 2 2 5 1 3405 3038 5907
9454 2 2 5 1 1200 1201 6043
9455 2 2 5 1 2474 2721 2722
9456 2 2 5 1 3230 2708 5768
9457 2 2 5 1 1958 3570 5791
9458 2 2 5 1 4971 4955 6013
9459 2 2 5 1 3279 3574 5770
9460 2 2 5 1 3854 3789 4184
9461 2 2 5 1 511 660 5783
9462 2 2 5 1 4943 4944 4945
9463 2 2 5 1 3754 3752 6048
9464 2 2 5 1 1001 1002 1003
9465 2 2 5 1 2388 2045 3019
9466 2 2 5 1 893 3920 4015
9467 2 2 5 1 1401 1400 1978
9468 2 2 5 1 1003 1023 1024
9469 2 2 5 1 2093 1826 5619
9470 2 2 5 1 1322 1487 2694
9471 2 2 5 1 798 4996 4997
9472 2 2 5 1 902 905 5792
9473 2 2 5 1 936 876 5300
9474 2 2 5 1 3727 3726 4276
9475 2 2 5 1 4195 3605 5459
9476 2 2 5 1 478 477 479
9477 2 2 5 1 2978 5967 5990
9478 2 2 5 1 2513 2500 5706
9479 2 2 5 1 2628 3241 5893
9480 2 2 5 1 2656 2655 2981
9481 2 2 5 1 2372 3472 3473
9482 2 2 5 1 1796 1797 1798
9483 2 2 5 1 2083 3481 5747
9484 2 2 5 1 3851 4738 5868
9485 2 2 5 1 1332 1333 1530
9486 2 2 5 1 2380 2381 2382
9487 2 2 5 1 1891 1868 2976
9488 2 2 5 1 5500 5501 5901
9489 2 2 5 1 5001 3422 6940
9490 2 2 5 1 2014 2447 3036
9491 2 2 5 1 1553 2136 2137
9492 2 2 5 1 2244 1675 5801
9493 2 2 5 1 1388 1389 1390
9494 2 2 5 1 5746 2096 5835
9495 2 2 5 1 3922 5688 5887
9496 2 2 5 1 2369 1148 5826
9497 2 2 5 1 2084 513 5783
9498 2 2 5 1 5707 4879 5897
9499 2 2 5 1 2843 3034 3035
9500 2 2 5 1 3727 4276 4277
9501 2 2 5 1 3641 2120 3725
9502 2 2 5 1 3171 4022 6194
9503 2 2 5 1 3096 3506 3949
9504 2 2 5 1 3572 4225 6481
9505 2 2 5 1 2950 3874 5712
9506 2 2 5 1 1383 1382 2131
9507 2 2 5 1 2415 2401 3070
9508 2 2 5 1 3892 2863 5732
9509 2 2 5 1 2888 2186 5742
9510 2 2 5 1 704 702 5808
9511 2 2 5 1 1828 1967 5619
9512 2 2 5 1 3506 2450 5912
9513 2 2 5 1 4292 6551 7101
9514 2 2 5 1 1193 1195 5815
9515 2 2 5 1 1810 1804 1811
9516 2 2 5 1 3920 869 5843
9517 2 2 5 1 2735 2737 2743
9518 2 2 5 1 737 736 738
9519 2 2 5 1 3413 3415 5924
9520 2 2 5 1 503 668 5793
9521 2 2 5 1 4945 4947 4973
9522 2 2 5 1 3807 4475 4476
9523 2 2 5 1 955 954 956
9524 2 2 5 1 782 777 6008
9525 2 2 5 1 3113 3522 3625
9526 2 2 5 1 3197 2841 3198
9527 2 2 5 1 1822 1824 5923
9528 2 2 5 1 3908 3909 5879
9529 2 2 5 1 3472 1874 5818
9530 2 2 5 1 5105 4028 5814
9531 2 2 5 1 2048 5195 5719
9532 2 2 5 1 2694 2695 2696
9533 2 2 5 1 5461 1496 5864
9534 2 2 5 1 582 1781 6181
9535 2 2 5 1 2164 1672 2165
9536 2 2 5 1 3658 3659 3660
9537 2 2 5 1 4358 4359 4360
9538 2 2 5 1 1386 1387 1388
9539 2 2 5 1 1284 1282 1285
9540 2 2 5 1 2358 2963 5789
9541 2 2 5 1 4273 4541 6523
9542 2 2 5 1 3926 6003 6061
9543 2 2 5 1 3677 3849 5654
9544 2 2 5 1 3533 3532 3557
9545 2 2 5 1 515 2084 5777
9546 2 2 5 1 3198 4072 4157
9547 2 2 5 1 2164 2165 2299
9548 2 2 5 1 3507 3508 4315
9549 2 2 5 1 1463 1450 5764
9550 2 2 5 1 3807 4476 5750
9551 2 2 5 1 5584 5817 5953
9552 2 2 5 1 5650 740 5827
9553 2 2 5 1 3047 2453 5644
9554 2 2 5 1 2637 5369 6080
9555 2 2 5 1 1333 1331 1334
9556 2 2 5 1 3598 3020 4012
9557 2 2 5 1 3907 4056 5622
9558 2 2 5 1 737 738 739
9559 2 2 5 1 3767 1704 4599
9560 2 2 5 1 2382 2383 2384
9561 2 2 5 1 739 740 748
9562 2 2 5 1 2764 3789 3854
9563 2 2 5 1 5808 5623 5948
9564 2 2 5 1 4063 3577 4064
9565 2 2 5 1 748 749 997
9566 2 2 5 1 5681 1193 5815
9567 2 2 5 1 2021 2046 5745
9568 2 2 5 1 791 793 2141
9569 2 2 5 1 1573 1574 1580
9570 2 2 5 1 2030 2027 5943
9571 2 2 5 1 5968 1978 6088
9572 2 2 5 1 2310 2410 5749
9573 2 2 5 1 5430 5651 6006
9574 2 2 5 1 2696 2695 2697
9575 2 2 5 1 800 801 802
9576 2 2 5 1 4101 3667 5721
9577 2 2 5 1 781 780 783
9578 2 2 5 1 3035 3034 4029
9579 2 2 5 1 478 480 5790
9580 2 2 5 1 2960 4684 6130
9581 2 2 5 1 2165 3039 5881
9582 2 2 5 1 3688 3686 5910
9583 2 2 5 1 1391 1389 2124
9584 2 2 5 1 2938 5699 5965
9585 2 2 5 1 1110 1159 5913
9586 2 2 5 1 3433 1542 5593
9587 2 2 5 1 5458 5917 6003
9588 2 2 5 1 1490 4855 6238
9589 2 2 5 1 925 3541 5911
9590 2 2 5 1 523 521 2099
9591 2 2 5 1 3095 2450 3096
9592 2 2 5 1 2250 288 5496
9593 2 2 5 1 778 777 780
9594 2 2 5 1 2490 2487 5730
9595 2 2 5 1 1447 5389 5764
9596 2 2 5 1 573 608 5633
9597 2 2 5 1 766 5755 5823
9598 2 2 5 1 517 515 5777
9599 2 2 5 1 2234 2868 5887
9600 2 2 5 1 1384 1385 1386
9601 2 2 5 1 505 503 5793
9602 2 2 5 1 6072 3384 6164
9603 2 2 5 1 4296 3192 4349
9604 2 2 5 1 1378 1377 1379
9605 2 2 5 1 957 956 958
9606 2 2 5 1 1380 1379 1382
9607 2 2 5 1 4277 4278 4279
9608 2 2 5 1 2810 2812 5822
9609 2 2 5 1 2739 2741 2745
9610 2 2 5 1 2658 2656 5582
9611 2 2 5 1 1374 1373 1375
9612 2 2 5 1 1796 1795 1797
9613 2 2 5 1 1376 1375 1377
9614 2 2 5 1 2747 2179 3527
9615 2 2 5 1 2519 3055 3056
9616 2 2 5 1 882 880 5256
9617 2 2 5 1 2453 915 5644
9618 2 2 5 1 4277 4276 4278
9619 2 2 5 1 5792 3501 5998
9620 2 2 5 1 2457 1438 3299
9621 2 2 5 1 589 2146 5613
9622 2 2 5 1 1329 1331 1332
9623 2 2 5 1 3793 3796 5937
9624 2 2 5 1 2091 2234 5887
9625 2 2 5 1 2035 2033 5748
9626 2 2 5 1 1793 1791 5898
9627 2 2 5 1 264 265 6077
9628 2 2 5 1 1785 1783 3515
9629 2 2 5 1 4935 4938 4939
9630 2 2 5 1 3903 3901 3904
9631 2 2 5 1 1335 1336 1337
9632 2 2 5 1 1777 930 5397
9633 2 2 5 1 742 1667 2763
9634 2 2 5 1 932 5563 6057
9635 2 2 5 1 3769 3008 5811
9636 2 2 5 1 513 511 5783
9637 2 2 5 1 780 777 782
9638 2 2 5 1 1672 1634 5769
9639 2 2 5 1 4208 3476 4464
9640 2 2 5 1 742 727 1570
9641 2 2 5 1 2965 2810 5822
9642 2 2 5 1 2225 1576 5848
9643 2 2 5 1 2883 2241 3532
9644 2 2 5 1 4309 4357 4358
9645 2 2 5 1 2382 2384 2385
9646 2 2 5 1 776 775 777
9647 2 2 5 1 493 472 2117
9648 2 2 5 1 371 330 6076
9649 2 2 5 1 329 1968 6076
9650 2 2 5 1 1479 1476 5832
9651 2 2 5 1 656 517 5777
9652 2 2 5 1 775 773 2378
9653 2 2 5 1 959 958 960
9654 2 2 5 1 2112 1266 5821
9655 2 2 5 1 2693 463 5665
9656 2 2 5 1 2866 3995 5895
9657 2 2 5 1 2917 4018 5811
9658 2 2 5 1 3632 3631 4203
9659 2 2 5 1 2203 2202 5902
9660 2 2 5 1 5953 5405 6037
9661 2 2 5 1 1668 1717 2148
9662 2 2 5 1 2129 2515 5872
9663 2 2 5 1 1816 1817 1818
9664 2 2 5 1 5688 2091 5887
9665 2 2 5 1 2694 1487 2695
9666 2 2 5 1 1195 1199 5815
9667 2 2 5 1 2379 2380 2387
9668 2 2 5 1 735 736 737
9669 2 2 5 1 664 663 5925
9670 2 2 5 1 3652 3651 3653
9671 2 2 5 1 4281 4327 4328
9672 2 2 5 1 4301 3435 4302
9673 2 2 5 1 2514 2917 5811
9674 2 2 5 1 4279 4280 4281
9675 2 2 5 1 1309 1308 1310
9676 2 2 5 1 2033 5179 5748
9677 2 2 5 1 5434 2604 6082
9678 2 2 5 1 2327 2325 5674
9679 2 2 5 1 2716 2715 2717
9680 2 2 5 1 936 4914 6107
9681 2 2 5 1 806 807 808
9682 2 2 5 1 2819 3511 3512
9683 2 2 5 1 2043 2045 2178
9684 2 2 5 1 2381 2300 5881
9685 2 2 5 1 2612 2611 2613
9686 2 2 5 1 833 831 6045
9687 2 2 5 1 2388 3020 3021
9688 2 2 5 1 2299 2300 2379
9689 2 2 5 1 5502 5901 5934
9690 2 2 5 1 1640 3453 5803
9691 2 2 5 1 1325 1327 2130
9692 2 2 5 1 3385 2938 5965
9693 2 2 5 1 1266 1268 5821
9694 2 2 5 1 3873 5687 6017
9695 2 2 5 1 925 940 3541
9696 2 2 5 1 2384 2386 2389
9697 2 2 5 1 3021 3598 3837
9698 2 2 5 1 5580 1931 5917
9699 2 2 5 1 3008 2514 5811
9700 2 2 5 1 1667 2275 2291
9701 2 2 5 1 3301 3304 5951
9702 2 2 5 1 3240 3239 4213
9703 2 2 5 1 2945 2414 5719
9704 2 2 5 1 470 468 717
9705 2 2 5 1 793 794 795
9706 2 2 5 1 3057 3126 3183
9707 2 2 5 1 2764 3854 5906
9708 2 2 5 1 1706 1640 5803
9709 2 2 5 1 522 521 523
9710 2 2 5 1 5184 6570 6598
9711 2 2 5 1 1395 1393 1397
9712 2 2 5 1 1269 5249 5922
9713 2 2 5 1 2782 3614 3615
9714 2 2 5 1 5330 5797 5866
9715 2 2 5 1 3758 4433 4434
9716 2 2 5 1 1335 1334 1336
9717 2 2 5 1 3790 4646 4654
9718 2 2 5 1 4307 4308 4309
9719 2 2 5 1 2389 2435 3053
9720 2 2 5 1 2411 1706 5803
9721 2 2 5 1 4279 4278 4280
9722 2 2 5 1 1360 1361 5934
9723 2 2 5 1 5015 1721 5880
9724 2 2 5 1 1455 1453 5840
9725 2 2 5 1 1476 5720 5832
9726 2 2 5 1 1667 1570 2275
9727 2 2 5 1 2349 2356 5878
9728 2 2 5 1 850 852 5368
9729 2 2 5 1 774 773 775
9730 2 2 5 1 2023 2021 5745
9731 2 2 5 1 2706 1795 5894
9732 2 2 5 1 5409 5410 6141
9733 2 2 5 1 3191 3070 4188
9734 2 2 5 1 3241 4415 5936
9735 2 2 5 1 495 678 5794
9736 2 2 5 1 2389 3053 3814
9737 2 2 5 1 1333 1334 1335
9738 2 2 5 1 665 5657 5991
9739 2 2 5 1 473 472 493
9740 2 2 5 1 3576 3037 3577
9741 2 2 5 1 2722 2721 2841
9742 2 2 5 1 757 759 1117
9743 2 2 5 1 514 516 5786
9744 2 2 5 1 3843 2082 5897
9745 2 2 5 1 5999 2637 6080
9746 2 2 5 1 2800 2621 2801
9747 2 2 5 1 2721 2473 2839
9748 2 2 5 1 6063 953 6068
9749 2 2 5 1 3441 5710 5884
9750 2 2 5 1 465 464 466
9751 2 2 5 1 2494 2492 5940
9752 2 2 5 1 2744 2781 2782
9753 2 2 5 1 869 866 5843
9754 2 2 5 1 1458 1455 5840
9755 2 2 5 1 4188 3070 4189
9756 2 2 5 1 2819 2497 3511
9757 2 2 5 1 3093 4058 5849
9758 2 2 5 1 2089 2090 5895
9759 2 2 5 1 1204 1206 5922
9760 2 2 5 1 467 466 468
9761 2 2 5 1 712 390 727
9762 2 2 5 1 2604 2832 6091
9763 2 2 5 1 2235 2705 5837
9764 2 2 5 1 469 468 470
9765 2 2 5 1 471 470 472
9766 2 2 5 1 4387 3808 5750
9767 2 2 5 1 3667 3670 5721
9768 2 2 5 1 2299 2165 2300
9769 2 2 5 1 1727 834 6321
9770 2 2 5 1 2082 5707 5897
9771 2 2 5 1 1509 1551 5869
9772 2 2 5 1 5774 2353 6024
9773 2 2 5 1 1332 1331 1333
9774 2 2 5 1 3982 5378 5946
9775 2 2 5 1 4281 4280 4327
9776 2 2 5 1 5687 3444 6017
9777 2 2 5 1 2208 2206 5950
9778 2 2 5 1 4046 3127 4047
9779 2 2 5 1 5557 1277 5846
9780 2 2 5 1 2843 3035 5807
9781 2 2 5 1 905 2088 5792
9782 2 2 5 1 668 501 5862
9783 2 2 5 1 1038 1221 5935
9784 2 2 5 1 477 475 2121
9785 2 2 5 1 2020 2012 5963
9786 2 2 5 1 2118 2117 2472
9787 2 2 5 1 2497 2494 5940
9788 2 2 5 1 1342 5747 5989
9789 2 2 5 1 1985 1986 1987
9790 2 2 5 1 3086 3088 5858
9791 2 2 5 1 600 597 5816
9792 2 2 5 1 4738 5311 5974
9793 2 2 5 1 3113 2403 3522
9794 2 2 5 1 1387 1385 1432
9795 2 2 5 1 2812 2815 5822
9796 2 2 5 1 3675 5332 5333
9797 2 2 5 1 1421 1423 5969
9798 2 2 5 1 3807 3805 4475
9799 2 2 5 1 2942 1549 5832
9800 2 2 5 1 728 727 742
9801 2 2 5 1 797 799 800
9802 2 2 5 1 2865 2310 5749
9803 2 2 5 1 753 755 2634
9804 2 2 5 1 6082 2604 6091
9805 2 2 5 1 4941 4942 4943
9806 2 2 5 1 2379 2387 5787
9807 2 2 5 1 4998 4996 6063
9808 2 2 5 1 3543 3295 3544
9809 2 2 5 1 4550 3265 6487
9810 2 2 5 1 2309 2865 2866
9811 2 2 5 1 4188 4189 4402
9812 2 2 5 1 738 985 5827
9813 2 2 5 1 4929 5280 5915
9814 2 2 5 1 1702 1703 1724
9815 2 2 5 1 1481 1463 5829
9816 2 2 5 1 497 495 5794
9817 2 2 5 1 3992 4103 4158
9818 2 2 5 1 2161 1833 6110
9819 2 2 5 1 2090 2309 5895
9820 2 2 5 1 3605 2801 3606
9821 2 2 5 1 5334 4621 6614
9822 2 2 5 1 2607 1015 5799
9823 2 2 5 1 520 521 522
9824 2 2 5 1 5369 946 6124
9825 2 2 5 1 546 548 549
9826 2 2 5 1 3835 3086 5858
9827 2 2 5 1 2024 2025 6207
9828 2 2 5 1 2277 2133 3535
9829 2 2 5 1 3512 3513 3634
9830 2 2 5 1 492 488 5847
9831 2 2 5 1 2039 2035 5748
9832 2 2 5 1 394 462 463
9833 2 2 5 1 2866 3507 3994
9834 2 2 5 1 2716 2717 2718
9835 2 2 5 1 988 975 5975
9836 2 2 5 1 2481 5071 6072
9837 2 2 5 1 2119 3301 5951
9838 2 2 5 1 3453 3497 5803
9839 2 2 5 1 1155 1127 5908
9840 2 2 5 1 1816 1818 2122
9841 2 2 5 1 2710 1979 5993
9842 2 2 5 1 4258 4306 4307
9843 2 2 5 1 3448 3565 5955
9844 2 2 5 1 3880 4451 4452
9845 2 2 5 1 1608 1596 2116
9846 2 2 5 1 2043 2041 2045
9847 2 2 5 1 1814 1815 1816
9848 2 2 5 1 1798 1799 1801
9849 2 2 5 1 1380 1383 1384
9850 2 2 5 1 1206 1269 5922
9851 2 2 5 1 2978 5990 6021
9852 2 2 5 1 1549 1479 5832
9853 2 2 5 1 2964 2289 5839
9854 2 2 5 1 2379 2300 2380
9855 2 2 5 1 5710 2366 5884
9856 2 2 5 1 739 748 5941
9857 2 2 5 1 2506 2490 5730
9858 2 2 5 1 1025 922 5381
9859 2 2 5 1 488 486 5847
9860 2 2 5 1 3463 5864 5874
9861 2 2 5 1 3157 3158 3647
9862 2 2 5 1 2410 2835 5749
9863 2 2 5 1 4363 3625 5830
9864 2 2 5 1 2731 3297 3298
9865 2 2 5 1 2613 2611 2719
9866 2 2 5 1 3801 2682 4839
9867 2 2 5 1 2044 2179 2394
9868 2 2 5 1 1578 1121 5991
9869 2 2 5 1 5420 3296 5825
9870 2 2 5 1 394 2693 5670
9871 2 2 5 1 1629 6135 6154
9872 2 2 5 1 2015 2229 5971
9873 2 2 5 1 1551 1677 5869
9874 2 2 5 1 5747 3481 5989
9875 2 2 5 1 5752 1938 5986
9876 2 2 5 1 2959 2958 5958
9877 2 2 5 1 5598 1509 5869
9878 2 2 5 1 1301 1298 6083
9879 2 2 5 1 4514 3059 5837
9880 2 2 5 1 2118 2472 2473
9881 2 2 5 1 3077 3332 4134
9882 2 2 5 1 2566 3042 5966
9883 2 2 5 1 2866 2865 3507
9884 2 2 5 1 3499 4014 6021
9885 2 2 5 1 1403 1401 5968
9886 2 2 5 1 2474 2473 2721
9887 2 2 5 1 3051 4517 4595
9888 2 2 5 1 4202 5001 6980
9889 2 2 5 1 2394 2747 3077
9890 2 2 5 1 463 462 464
9891 2 2 5 1 5724 5283 5999
9892 2 2 5 1 4458 741 7038
9893 2 2 5 1 2289 2888 5839
9894 2 2 5 1 5331 1617 6146
9895 2 2 5 1 493 2117 2118
9896 2 2 5 1 2705 4092 5837
9897 2 2 5 1 1576 1633 5848
9898 2 2 5 1 2854 3523 4297
9899 2 2 5 1 5038 417 6369
9900 2 2 5 1 740 738 5827
9901 2 2 5 1 2720 2719 2732
9902 2 2 5 1 1268 1274 5821
9903 2 2 5 1 804 803 805
9904 2 2 5 1 3457 4132 5861
9905 2 2 5 1 2823 2822 3130
9906 2 2 5 1 3455 3457 5861
9907 2 2 5 1 3916 3564 3917
9908 2 2 5 1 542 544 3480
9909 2 2 5 1 3051 4595 5900
9910 2 2 5 1 3793 3795 3796
9911 2 2 5 1 3625 3522 4095
9912 2 2 5 1 962 964 2757
9913 2 2 5 1 2492 2506 5940
9914 2 2 5 1 5535 5527 6764
9915 2 2 5 1 1693 3610 4354
9916 2 2 5 1 991 1028 1258
9917 2 2 5 1 1556 1558 6123
9918 2 2 5 1 2353 2840 6024
9919 2 2 5 1 795 796 797
9920 2 2 5 1 3670 3675 5721
9921 2 2 5 1 5571 5572 6092
9922 2 2 5 1 712 727 728
9923 2 2 5 1 775 2378 6008
9924 2 2 5 1 5878 4025 6067
9925 2 2 5 1 802 801 803
9926 2 2 5 1 5623 2675 5948
9927 2 2 5 1 583 581 626
9928 2 2 5 1 3138 6053 6095
9929 2 2 5 1 1277 1279 5846
9930 2 2 5 1 2027 2026 5943
9931 2 2 5 1 2104 2129 5872
9932 2 2 5 1 1632 1481 5829
9933 2 2 5 1 1291 2100 4519
9934 2 2 5 1 1868 1793 5898
9935 2 2 5 1 394 9 462
9936 2 2 5 1 3446 5724 5999
9937 2 2 5 1 2977 5502 5967
9938 2 2 5 1 2737 2736 2738
9939 2 2 5 1 501 499 5862
9940 2 2 5 1 486 2111 5847
9941 2 2 5 1 3516 6601 7148
9942 2 2 5 1 2148 2418 2751
9943 2 2 5 1 1374 1376 2223
9944 2 2 5 1 5086 5085 5952
9945 2 2 5 1 1392 1391 1393
9946 2 2 5 1 3814 3053 4096
9947 2 2 5 1 4941 4943 4974
9948 2 2 5 1 3059 2235 5837
9949 2 2 5 1 3647 3648 3649
9950 2 2 5 1 3650 3648 3651
9951 2 2 5 1 1462 1480 5933
9952 2 2 5 1 2842 2843 3192
9953 2 2 5 1 742 1570 1667
9954 2 2 5 1 3415 4603 5924
9955 2 2 5 1 2215 2214 6060
9956 2 2 5 1 60 61 1975
9957 2 2 5 1 3036 2447 3037
9958 2 2 5 1 3481 5611 5989
9959 2 2 5 1 2739 2738 2740
9960 2 2 5 1 2388 3019 3020
9961 2 2 5 1 1401 1978 5968
9962 2 2 5 1 1307 1306 1308
9963 2 2 5 1 721 518 5828
9964 2 2 5 1 1820 1822 1883
9965 2 2 5 1 2581 2244 5927
9966 2 2 5 1 2356 3016 5878
9967 2 2 5 1 1824 2093 5923
9968 2 2 5 1 3478 5584 5953
9969 2 2 5 1 1323 1325 5888
9970 2 2 5 1 373 5507 6735
9971 2 2 5 1 3497 3455 5861
9972 2 2 5 1 4939 4940 4941
9973 2 2 5 1 4302 5979 6147
9974 2 2 5 1 2113 1024 5871
9975 2 2 5 1 5593 2463 5979
9976 2 2 5 1 1329 1330 1331
9977 2 2 5 1 1145 1573 5602
9978 2 2 5 1 2735 2733 2736
9979 2 2 5 1 521 519 5782
9980 2 2 5 1 3648 3158 5947
9981 2 2 5 1 1067 1128 5871
9982 2 2 5 1 1296 1299 6087
9983 2 2 5 1 3299 1438 3707
9984 2 2 5 1 998 2239 2240
9985 2 2 5 1 1763 2254 5928
9986 2 2 5 1 1801 1802 1803
9987 2 2 5 1 3932 5728 5961
9988 2 2 5 1 480 482 6070
9989 2 2 5 1 1710 1662 1711
9990 2 2 5 1 772 771 773
9991 2 2 5 1 2526 918 5272
9992 2 2 5 1 5443 5753 6001
9993 2 2 5 1 1705 4696 4895
9994 2 2 5 1 466 464 2125
9995 2 2 5 1 2751 3151 3642
9996 2 2 5 1 1433 3914 4361
9997 2 2 5 1 3493 3495 3496
9998 2 2 5 1 2854 2110 3523
9999 2 2 5 1 998 997 2239
10000 2 2 5 1 1812 1813 1814
10001 2 2 5 1 4052 2964 5839
10002 2 2 5 1 685 4413 6864
10003 2 2 5 1 4256 4257 4258
10004 2 2 5 1 5753 1183 6001
10005 2 2 5 1 1056 5913 5974
10006 2 2 5 1 2752 3631 3632
10007 2 2 5 1 5506 3426 6146
10008 2 2 5 1 2752 3632 5971
10009 2 2 5 1 3094 3093 5849
10010 2 2 5 1 2734 2733 2735
10011 2 2 5 1 5280 1778 5915
10012 2 2 5 1 3661 3659 6475
10013 2 2 5 1 5893 3241 5936
10014 2 2 5 1 2809 3033 5961
10015 2 2 5 1 3614 2781 3616
10016 2 2 5 1 3490 3488 5990
10017 2 2 5 1 616 591 5613
10018 2 2 5 1 3527 6158 6194
10019 2 2 5 1 3920 5843 5951
10020 2 2 5 1 5657 5609 5991
10021 2 2 5 1 2744 2742 2746
10022 2 2 5 1 3193 3192 4296
10023 2 2 5 1 4360 4359 4406
10024 2 2 5 1 3035 4031 5807
10025 2 2 5 1 878 936 6107
10026 2 2 5 1 2088 3501 5792
10027 2 2 5 1 2615 2612 5855
10028 2 2 5 1 1783 600 5816
10029 2 2 5 1 3298 4255 4256
10030 2 2 5 1 4639 4637 6261
10031 2 2 5 1 2178 2045 2388
10032 2 2 5 1 1980 2692 6088
10033 2 2 5 1 885 882 5256
10034 2 2 5 1 1803 1804 1809
10035 2 2 5 1 1757 1759 6006
10036 2 2 5 1 1121 665 5991
10037 2 2 5 1 2741 2740 2742
10038 2 2 5 1 93 1951 6133
10039 2 2 5 1 5887 2868 6065
10040 2 2 5 1 1778 1957 5915
10041 2 2 5 1 3743 4100 4181
10042 2 2 5 1 3598 4012 4013
10043 2 2 5 1 2044 2030 2179
10044 2 2 5 1 4289 3235 6103
10045 2 2 5 1 1798 1797 1799
10046 2 2 5 1 1344 1342 5989
10047 2 2 5 1 1810 1811 1812
10048 2 2 5 1 2105 2104 5872
10049 2 2 5 1 3021 3020 3598
10050 2 2 5 1 1433 1406 3914
10051 2 2 5 1 3605 3606 5459
10052 2 2 5 1 2046 2241 2424
10053 2 2 5 1 5979 2463 6147
10054 2 2 5 1 3088 3094 5858
10055 2 2 5 1 519 656 5782
10056 2 2 5 1 6372 5521 7149
10057 2 2 5 1 3512 3511 3513
10058 2 2 5 1 2026 2023 5745
10059 2 2 5 1 2424 2883 3170
10060 2 2 5 1 3649 3650 4130
10061 2 2 5 1 5517 454 6142
10062 2 2 5 1 2727 2728 2729
10063 2 2 5 1 1258 2059 2377
10064 2 2 5 1 499 2701 5862
10065 2 2 5 1 5988 2960 6130
10066 2 2 5 1 447 55 6106
10067 2 2 5 1 2842 1711 2843
10068 2 2 5 1 3656 3657 3658
10069 2 2 5 1 1463 5764 5829
10070 2 2 5 1 1003 2113 5896
10071 2 2 5 1 1406 1403 5968
10072 2 2 5 1 5226 5225 5938
10073 2 2 5 1 528 530 2182
10074 2 2 5 1 2100 1289 6031
10075 2 2 5 1 4358 4357 4359
10076 2 2 5 1 809 769 5859
10077 2 2 5 1 547 753 5759
10078 2 2 5 1 5370 901 5998
10079 2 2 5 1 735 734 736
10080 2 2 5 1 538 540 1070
10081 2 2 5 1 3533 4049 4091
10082 2 2 5 1 800 799 801
10083 2 2 5 1 3074 1654 6015
10084 2 2 5 1 5104 1521 5929
10085 2 2 5 1 2012 2011 5963
10086 2 2 5 1 475 473 5981
10087 2 2 5 1 3886 2607 5799
10088 2 2 5 1 1024 1067 5871
10089 2 2 5 1 2029 2032 6032
10090 2 2 5 1 379 92 6133
10091 2 2 5 1 1787 1785 5894
10092 2 2 5 1 5917 1931 6003
10093 2 2 5 1 1279 1322 5846
10094 2 2 5 1 4349 3192 5807
10095 2 2 5 1 1812 1814 1879
10096 2 2 5 1 2436 2437 2900
10097 2 2 5 1 4309 4308 4357
10098 2 2 5 1 3931 2968 5840
10099 2 2 5 1 558 557 559
10100 2 2 5 1 3680 6507 6515
10101 2 2 5 1 1931 5601 6003
10102 2 2 5 1 3298 4102 4255
10103 2 2 5 1 3660 3662 4182
10104 2 2 5 1 1372 1374 5977
10105 2 2 5 1 56 1949 6106
10106 2 2 5 1 520 522 2151
10107 2 2 5 1 955 957 2479
10108 2 2 5 1 5835 2191 6048
10109 2 2 5 1 3025 3026 3134
10110 2 2 5 1 4646 3791 5937
10111 2 2 5 1 2613 2719 2720
10112 2 2 5 1 1305 1303 1306
10113 2 2 5 1 1293 1294 2170
10114 2 2 5 1 4205 4206 4425
10115 2 2 5 1 1414 4874 6521
10116 2 2 5 1 4292 3187 4293
10117 2 2 5 1 2439 2441 2442
10118 2 2 5 1 1571 2265 6273
10119 2 2 5 1 4518 6059 7104
10120 2 2 5 1 1372 1373 1374
10121 2 2 5 1 3192 2843 5807
10122 2 2 5 1 1173 5655 6047
10123 2 2 5 1 3478 5953 6037
10124 2 2 5 1 3069 4139 5889
10125 2 2 5 1 1434 1430 5983
10126 2 2 5 1 2670 4077 4078
10127 2 2 5 1 3913 6793 6795
10128 2 2 5 1 1487 1323 5888
10129 2 2 5 1 1978 1979 1980
10130 2 2 5 1 1258 2377 2390
10131 2 2 5 1 2807 2809 5961
10132 2 2 5 1 2717 3069 5889
10133 2 2 5 1 2387 5930 5931
10134 2 2 5 1 1390 1389 1391
10135 2 2 5 1 2701 497 5794
10136 2 2 5 1 556 555 557
10137 2 2 5 1 3558 4690 4692
10138 2 2 5 1 3634 3513 4418
10139 2 2 5 1 3157 1864 3158
10140 2 2 5 1 1300 1302 1304
10141 2 2 5 1 6080 5369 6124
10142 2 2 5 1 3110 3967 3968
10143 2 2 5 1 3606 2801 3608
10144 2 2 5 1 3466 5752 5986
10145 2 2 5 1 1045 1001 5896
10146 2 2 5 1 2390 2786 2787
10147 2 2 5 1 4955 4957 6013
10148 2 2 5 1 795 794 796
10149 2 2 5 1 797 796 799
10150 2 2 5 1 2237 2238 2312
10151 2 2 5 1 258 259 6197
10152 2 2 5 1 4307 4306 4308
10153 2 2 5 1 806 805 807
10154 2 2 5 1 3992 3615 4103
10155 2 2 5 1 1061 1116 4867
10156 2 2 5 1 1827 2157 6206
10157 2 2 5 1 1386 1385 1387
10158 2 2 5 1 1621 5844 6135
10159 2 2 5 1 5379 3373 6071
10160 2 2 5 1 1388 1387 1389
10161 2 2 5 1 5901 1360 5934
10162 2 2 5 1 3025 2397 3026
10163 2 2 5 1 3923 3922 6065
10164 2 2 5 1 1984 1985 1989
10165 2 2 5 1 748 997 998
10166 2 2 5 1 2968 1458 5840
10167 2 2 5 1 3652 3654 4140
10168 2 2 5 1 1994 1996 6094
10169 2 2 5 1 4272 4273 6231
10170 2 2 5 1 1081 1085 2144
10171 2 2 5 1 3888 3889 6053
10172 2 2 5 1 1893 1891 5912
10173 2 2 5 1 2720 2732 2733
10174 2 2 5 1 4006 3506 5978
10175 2 2 5 1 4197 4458 7188
10176 2 2 5 1 1122 1925 6030
10177 2 2 5 1 4741 3385 5965
10178 2 2 5 1 4386 1162 6167
10179 2 2 5 1 1982 1983 1984
10180 2 2 5 1 3135 3026 3564
10181 2 2 5 1 493 5736 5981
10182 2 2 5 1 3533 3557 4049
10183 2 2 5 1 524 526 673
10184 2 2 5 1 538 1070 6016
10185 2 2 5 1 532 534 640
10186 2 2 5 1 1978 1400 1979
10187 2 2 5 1 1274 3510 5821
10188 2 2 5 1 554 552 555
10189 2 2 5 1 5967 3490 5990
10190 2 2 5 1 1980 1981 1982
10191 2 2 5 1 3239 2853 6059
10192 2 2 5 1 2939 3465 6111
10193 2 2 5 1 2401 2263 5899
10194 2 2 5 1 1424 1421 5969
10195 2 2 5 1 1083 1074 4751
10196 2 2 5 1 2179 2030 5943
10197 2 2 5 1 1384 1383 1385
10198 2 2 5 1 2145 5437 5440
10199 2 2 5 1 4192 3466 5986
10200 2 2 5 1 3914 5968 6088
10201 2 2 5 1 5913 4738 5974
10202 2 2 5 1 768 767 769
10203 2 2 5 1 3606 3608 3609
10204 2 2 5 1 2558 2561 6039
10205 2 2 5 1 2883 3532 3533
10206 2 2 5 1 1283 1284 5962
10207 2 2 5 1 2394 2179 2747
10208 2 2 5 1 3947 5282 6195
10209 2 2 5 1 2046 2020 2241
10210 2 2 5 1 538 537 539
10211 2 2 5 1 2254 3790 5928
10212 2 2 5 1 1821 1819 6152
10213 2 2 5 1 3016 4025 5878
10214 2 2 5 1 4213 3239 4437
10215 2 2 5 1 3734 4366 4783
10216 2 2 5 1 3609 3608 3963
10217 2 2 5 1 2011 2007 2097
10218 2 2 5 1 5728 2807 5961
10219 2 2 5 1 1795 1787 5894
10220 2 2 5 1 1383 2131 6000
10221 2 2 5 1 1451 1462 6117
10222 2 2 5 1 5307 5309 6041
10223 2 2 5 1 5651 1757 6006
10224 2 2 5 1 2669 2727 3083
10225 2 2 5 1 968 5409 6141
10226 2 2 5 1 3077 2747 3332
10227 2 2 5 1 2963 2913 6075
10228 2 2 5 1 4134 3332 4282
10229 2 2 5 1 3866 5387 6154
10230 2 2 5 1 2735 2736 2737
10231 2 2 5 1 1335 5383 6020
10232 2 2 5 1 4305 4900 6798
10233 2 2 5 1 3654 3655 3656
10234 2 2 5 1 1721 2519 5880
10235 2 2 5 1 2158 1829 6206
10236 2 2 5 1 959 968 969
10237 2 2 5 1 2403 2178 5932
10238 2 2 5 1 3330 3328 3331
10239 2 2 5 1 3778 4554 6075
10240 2 2 5 1 2654 1747 2655
10241 2 2 5 1 1001 1003 5896
10242 2 2 5 1 2787 2952 2953
10243 2 2 5 1 1629 1623 6135
10244 2 2 5 1 3559 2978 6021
10245 2 2 5 1 4258 4257 4306
10246 2 2 5 1 536 535 537
10247 2 2 5 1 3625 4095 5830
10248 2 2 5 1 1092 1071 5873
10249 2 2 5 1 3548 3089 6208
10250 2 2 5 1 1710 1711 2842
10251 2 2 5 1 5286 5711 5984
10252 2 2 5 1 768 769 770
10253 2 2 5 1 2309 2866 5895
10254 2 2 5 1 3652 3653 3654
10255 2 2 5 1 2427 2153 4771
10256 2 2 5 1 2484 2481 6072
10257 2 2 5 1 824 2670 6049
10258 2 2 5 1 3509 3446 5999
10259 2 2 5 1 1183 3518 6001
10260 2 2 5 1 1374 1375 1376
10261 2 2 5 1 5746 5835 6048
10262 2 2 5 1 2976 1868 5898
10263 2 2 5 1 2696 3595 6126
10264 2 2 5 1 2450 1893 5912
10265 2 2 5 1 3444 3862 6017
10266 2 2 5 1 2737 2738 2739
10267 2 2 5 1 2823 3268 5964
10268 2 2 5 1 678 2102 5916
10269 2 2 5 1 2751 3642 3643
10270 2 2 5 1 1883 1822 5923
10271 2 2 5 1 1376 1377 1378
10272 2 2 5 1 2300 2165 5881
10273 2 2 5 1 2390 2377 2786
10274 2 2 5 1 2468 2327 5674
10275 2 2 5 1 6213 3599 6268
10276 2 2 5 1 5961 3033 6114
10277 2 2 5 1 3019 2045 5982
10278 2 2 5 1 1296 1298 1299
10279 2 2 5 1 824 818 2523
10280 2 2 5 1 2782 2781 3614
10281 2 2 5 1 2612 2613 5855
10282 2 2 5 1 5256 880 6107
10283 2 2 5 1 1378 1379 1380
10284 2 2 5 1 1957 2960 5915
10285 2 2 5 1 2692 5698 6192
10286 2 2 5 1 3820 3819 6160
10287 2 2 5 1 1380 1382 1383
10288 2 2 5 1 534 533 535
10289 2 2 5 1 551 550 552
10290 2 2 5 1 4569 2107 6625
10291 2 2 5 1 3846 5115 6090
10292 2 2 5 1 3922 5887 6065
10293 2 2 5 1 473 493 5981
10294 2 2 5 1 1797 2706 5960
10295 2 2 5 1 1333 1335 6020
10296 2 2 5 1 2312 2313 2436
10297 2 2 5 1 3511 2497 5940
10298 2 2 5 1 3521 3478 6037
10299 2 2 5 1 1302 1301 1303
10300 2 2 5 1 536 538 6016
10301 2 2 5 1 832 831 833
10302 2 2 5 1 753 2634 5759
10303 2 2 5 1 1322 2694 5846
10304 2 2 5 1 4436 1917 7133
10305 2 2 5 1 3535 2133 5962
10306 2 2 5 1 1759 2089 6006
10307 2 2 5 1 1368 5853 5973
10308 2 2 5 1 4498 1564 6379
10309 2 2 5 1 2014 1993 2017
10310 2 2 5 1 518 520 5828
10311 2 2 5 1 2787 2786 2952
10312 2 2 5 1 2102 2105 5916
10313 2 2 5 1 2759 2477 2760
10314 2 2 5 1 532 531 533
10315 2 2 5 1 1568 1092 5873
10316 2 2 5 1 4256 4255 4257
10317 2 2 5 1 3889 3934 6053
10318 2 2 5 1 2983 3127 4046
10319 2 2 5 1 1801 1799 1802
10320 2 2 5 1 2732 3997 5903
10321 2 2 5 1 524 523 525
10322 2 2 5 1 1891 2976 5912
10323 2 2 5 1 2424 2241 2883
10324 2 2 5 1 1371 1554 1555
10325 2 2 5 1 2670 4078 6049
10326 2 2 5 1 5594 3528 6212
10327 2 2 5 1 2434 3001 6120
10328 2 2 5 1 1733 2452 2636
10329 2 2 5 1 3950 3112 3951
10330 2 2 5 1 2739 2740 2741
10331 2 2 5 1 3358 3361 3681
10332 2 2 5 1 3031 3032 4002
10333 2 2 5 1 3645 4205 4411
10334 2 2 5 1 3651 3648 5947
10335 2 2 5 1 880 878 6107
10336 2 2 5 1 1785 3515 5894
10337 2 2 5 1 1980 1979 1981
10338 2 2 5 1 1910 5287 6027
10339 2 2 5 1 3643 3644 3645
10340 2 2 5 1 3952 5955 6179
10341 2 2 5 1 2853 2413 6059
10342 2 2 5 1 530 529 531
10343 2 2 5 1 3656 3658 4129
10344 2 2 5 1 6560 5714 7095
10345 2 2 5 1 3065 3682 6608
10346 2 2 5 1 3830 2531 6026
10347 2 2 5 1 4078 4077 4175
10348 2 2 5 1 5457 447 7051
10349 2 2 5 1 2447 2017 2448
10350 2 2 5 1 2718 2717 5889
10351 2 2 5 1 5853 3490 5973
10352 2 2 5 1 2388 3021 5932
10353 2 2 5 1 549 2114 6073
10354 2 2 5 1 3614 3616 4117
10355 2 2 5 1 6495 4065 6538
10356 2 2 5 1 2147 1799 5960
10357 2 2 5 1 2744 2746 2781
10358 2 2 5 1 5927 3888 6053
10359 2 2 5 1 1430 5021 5983
10360 2 2 5 1 3647 3158 3648
10361 2 2 5 1 4932 4935 5926
10362 2 2 5 1 528 527 529
10363 2 2 5 1 851 849 6131
10364 2 2 5 1 1004 981 2166
10365 2 2 5 1 4804 4803 6527
10366 2 2 5 1 2741 2742 2744
10367 2 2 5 1 3643 3642 3644
10368 2 2 5 1 4144 2765 6218
10369 2 2 5 1 3650 3651 3652
10370 2 2 5 1 1982 1981 1983
10371 2 2 5 1 1179 1176 6058
10372 2 2 5 1 526 525 527
10373 2 2 5 1 5664 3970 6170
10374 2 2 5 1 1438 1434 5983
10375 2 2 5 1 2241 2020 5963
10376 2 2 5 1 4396 4397 6693
10377 2 2 5 1 4940 4938 6225
10378 2 2 5 1 1071 3563 5873
10379 2 2 5 1 1984 1983 1985
10380 2 2 5 1 2387 2380 5930
10381 2 2 5 1 1712 1710 6005
10382 2 2 5 1 3456 3454 6175
10383 2 2 5 1 5884 2366 6050
10384 2 2 5 1 3632 4203 4204
10385 2 2 5 1 727 390 5860
10386 2 2 5 1 549 548 550
10387 2 2 5 1 3577 3037 3756
10388 2 2 5 1 1325 2130 5888
10389 2 2 5 1 3609 3963 3964
10390 2 2 5 1 3645 3644 4205
10391 2 2 5 1 3181 2663 5945
10392 2 2 5 1 6761 5533 6950
10393 2 2 5 1 1089 1090 1091
10394 2 2 5 1 2397 1910 6027
10395 2 2 5 1 998 2714 5941
10396 2 2 5 1 542 541 543
10397 2 2 5 1 2621 2615 5855
10398 2 2 5 1 830 831 832
10399 2 2 5 1 2174 2172 2175
10400 2 2 5 1 1201 1204 6043
10401 2 2 5 1 1803 1802 1804
10402 2 2 5 1 2890 2408 6201
10403 2 2 5 1 6003 5601 6061
10404 2 2 5 1 1521 1668 5929
10405 2 2 5 1 1374 2223 5977
10406 2 2 5 1 4711 2523 6028
10407 2 2 5 1 295 296 2140
10408 2 2 5 1 1332 3537 5957
10409 2 2 5 1 3462 5239 6034
10410 2 2 5 1 544 543 545
10411 2 2 5 1 5563 4504 6057
10412 2 2 5 1 1166 1169 6159
10413 2 2 5 1 1284 1287 5962
10414 2 2 5 1 2368 4427 6982
10415 2 2 5 1 1299 1300 6112
10416 2 2 5 1 3543 3544 3545
10417 2 2 5 1 1061 1063 1116
10418 2 2 5 1 1809 1804 1810
10419 2 2 5 1 3515 1783 5816
10420 2 2 5 1 3649 3648 3650
10421 2 2 5 1 1530 1333 6020
10422 2 2 5 1 1555 1556 2149
10423 2 2 5 1 1327 1329 5957
10424 2 2 5 1 2014 3036 6018
10425 2 2 5 1 4767 1964 6332
10426 2 2 5 1 4992 2839 6669
10427 2 2 5 1 946 943 6057
10428 2 2 5 1 5143 5776 6019
10429 2 2 5 1 3265 3065 6592
10430 2 2 5 1 2110 1424 5969
10431 2 2 5 1 1391 2124 5987
10432 2 2 5 1 1911 4870 6791
10433 2 2 5 1 5967 5502 5973
10434 2 2 5 1 2263 2512 5899
10435 2 2 5 1 2382 2385 5930
10436 2 2 5 1 3926 6061 6082
10437 2 2 5 1 2609 3886 5942
10438 2 2 5 1 540 542 6084
10439 2 2 5 1 2953 2954 3310
10440 2 2 5 1 3070 2401 5899
10441 2 2 5 1 3490 5967 5973
10442 2 2 5 1 1300 1304 6112
10443 2 2 5 1 1489 1123 2197
10444 2 2 5 1 6463 4382 6876
10445 2 2 5 1 3373 3758 6071
10446 2 2 5 1 1344 5989 6089
10447 2 2 5 1 1397 1393 5987
10448 2 2 5 1 4547 4015 6606
10449 2 2 5 1 3034 1711 5997
10450 2 2 5 1 5844 4841 6135
10451 2 2 5 1 546 545 547
10452 2 2 5 1 3492 5774 6024
10453 2 2 5 1 2099 521 5782
10454 2 2 5 1 3550 6171 6205
10455 2 2 5 1 3075 4160 4161
10456 2 2 5 1 1811 1804 6023
10457 2 2 5 1 2952 3309 6012
10458 2 2 5 1 3545 3544 3546
10459 2 2 5 1 1802 2147 6023
10460 2 2 5 1 3790 4654 5928
10461 2 2 5 1 4437 3239 6059
10462 2 2 5 1 2380 2382 5930
10463 2 2 5 1 5983 5021 6150
10464 2 2 5 1 3718 4421 7069
10465 2 2 5 1 2131 2731 5949
10466 2 2 5 1 2948 3666 3668
10467 2 2 5 1 479 477 5959
10468 2 2 5 1 809 5859 6528
10469 2 2 5 1 2178 2388 5932
10470 2 2 5 1 5619 1967 6430
10471 2 2 5 1 1204 5922 6043
10472 2 2 5 1 755 757 6004
10473 2 2 5 1 2887 3734 4783
10474 2 2 5 1 3351 3352 3353
10475 2 2 5 1 2858 3727 6019
10476 2 2 5 1 2398 4804 6425
10477 2 2 5 1 1991 1993 2014
10478 2 2 5 1 2534 4913 6337
10479 2 2 5 1 1330 4477 5995
10480 2 2 5 1 5655 5170 6047
10481 2 2 5 1 6749 4739 6795
10482 2 2 5 1 4100 2954 6012
10483 2 2 5 1 2953 2952 2954
10484 2 2 5 1 2051 359 6189
10485 2 2 5 1 358 425 6189
10486 2 2 5 1 940 991 5972
10487 2 2 5 1 3435 3433 5979
10488 2 2 5 1 540 539 541
10489 2 2 5 1 5784 1173 6047
10490 2 2 5 1 3342 3344 3345
10491 2 2 5 1 4125 6096 6155
10492 2 2 5 1 2214 2222 6060
10493 2 2 5 1 5794 678 5916
10494 2 2 5 1 4953 4971 6168
10495 2 2 5 1 3754 6048 6096
10496 2 2 5 1 5575 1994 6094
10497 2 2 5 1 330 329 6076
10498 2 2 5 1 6115 5137 6175
10499 2 2 5 1 1087 1089 1494
10500 2 2 5 1 4177 3546 4178
10501 2 2 5 1 5611 3519 6089
10502 2 2 5 1 5601 3430 6061
10503 2 2 5 1 60 1975 5530
10504 2 2 5 1 3550 5662 6171
10505 2 2 5 1 448 264 6077
10506 2 2 5 1 4544 4591 6172
10507 2 2 5 1 2121 475 5981
10508 2 2 5 1 2611 2609 5942
10509 2 2 5 1 2124 1389 6033
10510 2 2 5 1 3138 5927 6053
10511 2 2 5 1 2739 2745 6010
10512 2 2 5 1 3932 5961 6114
10513 2 2 5 1 1782 575 5633
10514 2 2 5 1 3187 3170 5980
10515 2 2 5 1 761 5823 6066
10516 2 2 5 1 5989 5611 6089
10517 2 2 5 1 1169 5852 6159
10518 2 2 5 1 2041 2039 5982
10519 2 2 5 1 3564 3026 6027
10520 2 2 5 1 522 523 524
10521 2 2 5 1 969 968 981
10522 2 2 5 1 6862 1782 6910
10523 2 2 5 1 2743 2737 6010
10524 2 2 5 1 483 479 5959
10525 2 2 5 1 4025 4212 6109
10526 2 2 5 1 3509 5999 6080
10527 2 2 5 1 1534 4801 6186
10528 2 2 5 1 3616 2781 5992
10529 2 2 5 1 5557 5846 6126
10530 2 2 5 1 4031 4030 6036
10531 2 2 5 1 2700 4760 6331
10532 2 2 5 1 10 392 3815
10533 2 2 5 1 3522 2403 5932
10534 2 2 5 1 5776 2247 6019
10535 2 2 5 1 3031 2455 3032
10536 2 2 5 1 2842 3193 6005
10537 2 2 5 1 757 1117 6004
10538 2 2 5 1 2719 2611 5942
10539 2 2 5 1 933 833 6045
10540 2 2 5 1 2385 2384 5976
10541 2 2 5 1 3749 5822 6055
10542 2 2 5 1 436 368 5568
10543 2 2 5 1 2736 2733 5903
10544 2 2 5 1 2913 3778 6075
10545 2 2 5 1 2519 3056 5880
10546 2 2 5 1 3914 1406 5968
10547 2 2 5 1 3310 2954 3743
10548 2 2 5 1 2153 1659 4863
10549 2 2 5 1 6089 3519 6119
10550 2 2 5 1 2506 4865 6156
10551 2 2 5 1 368 367 5568
10552 2 2 5 1 1329 1332 5957
10553 2 2 5 1 4975 1841 6466
10554 2 2 5 1 3494 6024 6108
10555 2 2 5 1 2283 2914 3602
10556 2 2 5 1 55 56 6106
10557 2 2 5 1 5840 1453 6117
10558 2 2 5 1 5147 1685 7072
10559 2 2 5 1 5761 5653 6050
10560 2 2 5 1 769 767 5859
10561 2 2 5 1 4785 1731 6035
10562 2 2 5 1 3135 3916 3918
10563 2 2 5 1 2868 2870 6065
10564 2 2 5 1 3545 3546 4177
10565 2 2 5 1 2733 2732 5903
10566 2 2 5 1 2746 3110 5992
10567 2 2 5 1 1395 1397 5985
10568 2 2 5 1 4302 3435 5979
10569 2 2 5 1 2117 472 5970
10570 2 2 5 1 4189 3070 5899
10571 2 2 5 1 520 2151 5828
10572 2 2 5 1 3925 3926 6082
10573 2 2 5 1 2787 3597 6184
10574 2 2 5 1 3527 2179 5943
10575 2 2 5 1 759 761 6066
10576 2 2 5 1 2389 3814 5976
10577 2 2 5 1 4158 4103 4565
10578 2 2 5 1 3717 2896 4441
10579 2 2 5 1 5869 2989 6098
10580 2 2 5 1 4935 4939 5926
10581 2 2 5 1 3433 5593 5979
10582 2 2 5 1 5325 5415 6178
10583 2 2 5 1 5897 3477 6153
10584 2 2 5 1 1818 1820 5954
10585 2 2 5 1 2014 2017 2447
10586 2 2 5 1 2247 2858 6019
10587 2 2 5 1 4691 1949 7042
10588 2 2 5 1 470 717 5970
10589 2 2 5 1 1162 1371 6167
10590 2 2 5 1 2366 5761 6050
10591 2 2 5 1 1296 1295 1297
10592 2 2 5 1 6120 3001 6195
10593 2 2 5 1 2095 5786 6756
10594 2 2 5 1 2176 2175 2177
10595 2 2 5 1 5389 5694 6074
10596 2 2 5 1 3752 5746 6048
10597 2 2 5 1 5332 5654 6303
10598 2 2 5 1 5618 1344 6089
10599 2 2 5 1 4003 4530 6310
10600 2 2 5 1 3884 6081 6243
10601 2 2 5 1 2989 2271 6179
10602 2 2 5 1 2745 2741 6029
10603 2 2 5 1 5124 6385 6437
10604 2 2 5 1 5365 909 6673
10605 2 2 5 1 474 5108 6721
10606 2 2 5 1 1284 1286 1287
10607 2 2 5 1 3541 940 5972
10608 2 2 5 1 5745 5464 6158
10609 2 2 5 1 1387 1432 6033
10610 2 2 5 1 3931 5840 6117
10611 2 2 5 1 2296 3074 3075
10612 2 2 5 1 817 5440 6129
10613 2 2 5 1 2729 2848 3002
10614 2 2 5 1 5201 5200 6191
10615 2 2 5 1 1654 1608 6015
10616 2 2 5 1 1864 1809 5996
10617 2 2 5 1 3925 6082 6091
10618 2 2 5 1 4972 4951 6168
10619 2 2 5 1 4946 4944 6245
10620 2 2 5 1 4745 4732 6445
10621 2 2 5 1 2112 5821 6115
10622 2 2 5 1 3386 5126 6118
10623 2 2 5 1 4811 2001 6354
10624 2 2 5 1 5179 3969 6204
10625 2 2 5 1 955 2479 6068
10626 2 2 5 1 377 4691 7042
10627 2 2 5 1 472 470 5970
10628 2 2 5 1 1662 1568 5997
10629 2 2 5 1 3575 5023 6238
10630 2 2 5 1 2744 2782 6029
10631 2 2 5 1 1385 1383 6000
10632 2 2 5 1 1432 1385 6000
10633 2 2 5 1 1668 2148 5929
10634 2 2 5 1 3532 2241 5963
10635 2 2 5 1 3225 3406 3407
10636 2 2 5 1 3707 5983 6150
10637 2 2 5 1 4180 4107 7036
10638 2 2 5 1 2384 2389 5976
10639 2 2 5 1 2835 3691 6002
10640 2 2 5 1 2122 1818 5954
10641 2 2 5 1 1079 1081 6022
10642 2 2 5 1 1398 1395 5985
10643 2 2 5 1 4735 2516 6209
10644 2 2 5 1 5496 452 6486
10645 2 2 5 1 3349 3350 3351
10646 2 2 5 1 3893 3503 6100
10647 2 2 5 1 390 343 6138
10648 2 2 5 1 1520 1079 6022
10649 2 2 5 1 5021 2788 6150
10650 2 2 5 1 1825 1823 6235
10651 2 2 5 1 788 787 6063
10652 2 2 5 1 836 926 6321
10653 2 2 5 1 1334 1331 5995
10654 2 2 5 1 3771 2484 6072
10655 2 2 5 1 4002 3032 4004
10656 2 2 5 1 3508 5749 6002
10657 2 2 5 1 1799 1797 5960
10658 2 2 5 1 378 4610 6647
10659 2 2 5 1 2632 5571 6092
10660 2 2 5 1 2130 1327 5957
10661 2 2 5 1 5052 5357 6081
10662 2 2 5 1 3800 3509 6080
10663 2 2 5 1 8 50 1944
10664 2 2 5 1 6190 1009 6278
10665 2 2 5 1 3927 3925 6091
10666 2 2 5 1 717 468 6007
10667 2 2 5 1 5646 6115 6175
10668 2 2 5 1 6512 893 6603
10669 2 2 5 1 5846 2694 6126
10670 2 2 5 1 2045 2041 5982
10671 2 2 5 1 5380 6214 6250
10672 2 2 5 1 2137 2188 2399
10673 2 2 5 1 477 2121 5959
10674 2 2 5 1 3519 3542 6119
10675 2 2 5 1 1863 5045 6387
10676 2 2 5 1 1393 1391 5987
10677 2 2 5 1 5001 6940 6980
10678 2 2 5 1 3887 5556 6752
10679 2 2 5 1 3523 2110 5969
10680 2 2 5 1 6119 3542 6127
10681 2 2 5 1 3707 1438 5983
10682 2 2 5 1 2131 5949 6000
10683 2 2 5 1 748 998 5941
10684 2 2 5 1 5907 3038 6174
10685 2 2 5 1 2663 2665 5945
10686 2 2 5 1 1996 1999 6094
10687 2 2 5 1 960 962 5409
10688 2 2 5 1 5775 4442 6143
10689 2 2 5 1 2634 755 6004
10690 2 2 5 1 735 737 1642
10691 2 2 5 1 2039 5748 5982
10692 2 2 5 1 2731 3298 5949
10693 2 2 5 1 468 466 6007
10694 2 2 5 1 6019 3727 6185
10695 2 2 5 1 1117 759 6066
10696 2 2 5 1 1057 1534 6186
10697 2 2 5 1 773 771 5914
10698 2 2 5 1 4041 4040 4042
10699 2 2 5 1 3325 6348 6376
10700 2 2 5 1 3894 395 3895
10701 2 2 5 1 964 966 6025
10702 2 2 5 1 3976 5520 6985
10703 2 2 5 1 3602 2914 3679
10704 2 2 5 1 1400 1398 5993
10705 2 2 5 1 3338 3340 5390
10706 2 2 5 1 2665 3155 5945
10707 2 2 5 1 5598 5869 6098
10708 2 2 5 1 3469 5550 6564
10709 2 2 5 1 1816 2122 6038
10710 2 2 5 1 1820 1883 5954
10711 2 2 5 1 2275 1570 2822
10712 2 2 5 1 3235 3840 6103
10713 2 2 5 1 2222 5236 6116
10714 2 2 5 1 3953 3952 6246
10715 2 2 5 1 2781 2746 5992
10716 2 2 5 1 3026 2397 6027
10717 2 2 5 1 3010 2183 3012
10718 2 2 5 1 5618 6089 6119
10719 2 2 5 1 3347 3348 3349
10720 2 2 5 1 2516 3091 6209
10721 2 2 5 1 5947 3158 5996
10722 2 2 5 1 2115 1075 6176
10723 2 2 5 1 5822 2815 6055
10724 2 2 5 1 1724 1725 5181
10725 2 2 5 1 1609 1654 1655
10726 2 2 5 1 524 525 526
10727 2 2 5 1 3255 2467 6180
10728 2 2 5 1 3903 3904 5904
10729 2 2 5 1 3933 6114 6151
10730 2 2 5 1 966 970 972
10731 2 2 5 1 5749 2835 6002
10732 2 2 5 1 5107 5106 6878
10733 2 2 5 1 6910 5633 6935
10734 2 2 5 1 542 543 544
10735 2 2 5 1 1608 2116 6015
10736 2 2 5 1 3843 5897 6153
10737 2 2 5 1 1725 3172 5181
10738 2 2 5 1 4997 4996 4998
10739 2 2 5 1 4523 4524 6744
10740 2 2 5 1 819 824 825
10741 2 2 5 1 2956 5802 6140
10742 2 2 5 1 526 527 528
10743 2 2 5 1 3758 4434 6071
10744 2 2 5 1 995 851 6131
10745 2 2 5 1 3327 995 3328
10746 2 2 5 1 3003 5829 6074
10747 2 2 5 1 3615 3614 6044
10748 2 2 5 1 528 529 530
10749 2 2 5 1 3933 3932 6114
10750 2 2 5 1 3298 4256 5949
10751 2 2 5 1 343 14 6138
10752 2 2 5 1 6654 4090 6683
10753 2 2 5 1 4009 3138 6095
10754 2 2 5 1 2283 1674 2284
10755 2 2 5 1 530 531 532
10756 2 2 5 1 3345 3346 3347
10757 2 2 5 1 4111 4761 6708
10758 2 2 5 1 5202 180 6287
10759 2 2 5 1 532 533 534
10760 2 2 5 1 542 3480 6084
10761 2 2 5 1 534 535 536
10762 2 2 5 1 4626 908 6471
10763 2 2 5 1 3815 392 4270
10764 2 2 5 1 536 537 538
10765 2 2 5 1 1711 1662 5997
10766 2 2 5 1 3798 4995 6374
10767 2 2 5 1 4103 3615 6044
10768 2 2 5 1 4293 3187 5980
10769 2 2 5 1 1809 1810 5996
10770 2 2 5 1 538 539 540
10771 2 2 5 1 5173 5598 6098
10772 2 2 5 1 5854 3518 6120
10773 2 2 5 1 5975 1009 6190
10774 2 2 5 1 3518 5798 6120
10775 2 2 5 1 841 839 950
10776 2 2 5 1 991 1258 5972
10777 2 2 5 1 546 547 548
10778 2 2 5 1 544 545 546
10779 2 2 5 1 3135 3564 3916
10780 2 2 5 1 1710 2842 6005
10781 2 2 5 1 1555 1554 1556
10782 2 2 5 1 3541 5972 6184
10783 2 2 5 1 1989 1985 6011
10784 2 2 5 1 466 2125 6007
10785 2 2 5 1 4624 4001 6201
10786 2 2 5 1 3134 3026 3135
10787 2 2 5 1 5821 3510 6115
10788 2 2 5 1 3899 3898 3900
10789 2 2 5 1 5646 2112 6115
10790 2 2 5 1 3021 3837 6149
10791 2 2 5 1 6154 5387 6171
10792 2 2 5 1 5790 480 6070
10793 2 2 5 1 953 954 955
10794 2 2 5 1 3422 6136 6887
10795 2 2 5 1 6135 4841 6154
10796 2 2 5 1 1300 1298 1301
10797 2 2 5 1 3819 2939 6111
10798 2 2 5 1 5612 734 6101
10799 2 2 5 1 733 734 735
10800 2 2 5 1 3170 2883 6040
10801 2 2 5 1 4176 4077 6145
10802 2 2 5 1 1744 5980 6883
10803 2 2 5 1 1879 1814 6038
10804 2 2 5 1 1091 1090 1161
10805 2 2 5 1 1814 1816 6038
10806 2 2 5 1 1091 1162 4386
10807 2 2 5 1 3110 3968 5992
10808 2 2 5 1 1077 1520 6176
10809 2 2 5 1 5896 4122 7061
10810 2 2 5 1 6067 4025 6109
10811 2 2 5 1 5955 2989 6179
10812 2 2 5 1 1979 1400 5993
10813 2 2 5 1 770 769 771
10814 2 2 5 1 1570 727 5860
10815 2 2 5 1 1062 1061 4867
10816 2 2 5 1 2737 2739 6010
10817 2 2 5 1 2191 5766 6096
10818 2 2 5 1 1985 1987 6011
10819 2 2 5 1 2375 5143 6185
10820 2 2 5 1 3510 5137 6115
10821 2 2 5 1 712 728 733
10822 2 2 5 1 1331 1330 5995
10823 2 2 5 1 1833 1831 6110
10824 2 2 5 1 3741 3134 6054
10825 2 2 5 1 5200 6050 6191
10826 2 2 5 1 1270 1125 6276
10827 2 2 5 1 2275 2822 2823
10828 2 2 5 1 5143 6019 6185
10829 2 2 5 1 1151 1564 6293
10830 2 2 5 1 1389 1387 6033
10831 2 2 5 1 5128 6127 6163
10832 2 2 5 1 5453 5456 6252
10833 2 2 5 1 3158 1864 5996
10834 2 2 5 1 1987 1991 6018
10835 2 2 5 1 6048 2191 6096
10836 2 2 5 1 3533 4091 6040
10837 2 2 5 1 830 825 831
10838 2 2 5 1 3422 3308 6136
10839 2 2 5 1 825 824 6049
10840 2 2 5 1 816 818 819
10841 2 2 5 1 3800 6080 6124
10842 2 2 5 1 1081 2144 6022
10843 2 2 5 1 540 541 542
10844 2 2 5 1 1558 1635 6123
10845 2 2 5 1 5094 6264 6341
10846 2 2 5 1 1568 5873 5997
10847 2 2 5 1 3557 3532 6166
10848 2 2 5 1 4001 3228 6201
10849 2 2 5 1 5763 3846 6090
10850 2 2 5 1 5860 390 6138
10851 2 2 5 1 3468 5168 6177
10852 2 2 5 1 1287 1288 4356
10853 2 2 5 1 1840 1847 6284
10854 2 2 5 1 127 128 6258
10855 2 2 5 1 5764 5389 6074
10856 2 2 5 1 808 815 816
10857 2 2 5 1 1258 2390 5972
10858 2 2 5 1 3679 2914 3724
10859 2 2 5 1 6060 2222 6116
10860 2 2 5 1 2840 3627 6108
10861 2 2 5 1 1453 1451 6117
10862 2 2 5 1 5136 1541 6183
10863 2 2 5 1 1222 1120 6497
10864 2 2 5 1 92 93 6133
10865 2 2 5 1 1939 6119 6127
10866 2 2 5 1 2954 2952 6012
10867 2 2 5 1 2061 4529 6520
10868 2 2 5 1 548 547 5759
10869 2 2 5 1 528 2182 6097
10870 2 2 5 1 5980 3170 6040
10871 2 2 5 1 3918 3916 4221
10872 2 2 5 1 1804 1802 6023
10873 2 2 5 1 6606 3304 6758
10874 2 2 5 1 6114 4147 6151
10875 2 2 5 1 3661 6475 6507
10876 2 2 5 1 2476 2475 2477
10877 2 2 5 1 3867 1939 6127
10878 2 2 5 1 5829 5764 6074
10879 2 2 5 1 1978 1980 6088
10880 2 2 5 1 3915 5763 6090
10881 2 2 5 1 2369 5072 6254
10882 2 2 5 1 4941 4974 6069
10883 2 2 5 1 1939 5618 6119
10884 2 2 5 1 1398 5985 5993
10885 2 2 5 1 3033 4147 6114
10886 2 2 5 1 2741 2744 6029
10887 2 2 5 1 1290 1292 1293
10888 2 2 5 1 536 6016 6099
10889 2 2 5 1 4202 6980 7015
10890 2 2 5 1 2182 530 6093
10891 2 2 5 1 181 440 6287
10892 2 2 5 1 532 640 6093
10893 2 2 5 1 1731 1733 6035
10894 2 2 5 1 2350 5664 6170
10895 2 2 5 1 3652 4140 6064
10896 2 2 5 1 4130 3650 6064
10897 2 2 5 1 2883 3533 6040
10898 2 2 5 1 4331 5206 6231
10899 2 2 5 1 444 4668 6649
10900 2 2 5 1 5940 2506 6156
10901 2 2 5 1 1772 5671 6356
10902 2 2 5 1 742 2763 6101
10903 2 2 5 1 4642 2331 6304
10904 2 2 5 1 6592 3065 6608
10905 2 2 5 1 1781 5103 6148
10906 2 2 5 1 777 775 6008
10907 2 2 5 1 5520 5517 6142
10908 2 2 5 1 1309 1310 1311
10909 2 2 5 1 5476 1378 7178
10910 2 2 5 1 640 534 6099
10911 2 2 5 1 2532 4552 6324
10912 2 2 5 1 5769 6251 6285
10913 2 2 5 1 1284 1285 1286
10914 2 2 5 1 6050 5653 6191
10915 2 2 5 1 838 840 6157
10916 2 2 5 1 5872 3599 6213
10917 2 2 5 1 4061 4060 6343
10918 2 2 5 1 3037 2447 6042
10919 2 2 5 1 728 742 6101
10920 2 2 5 1 1623 1621 6135
10921 2 2 5 1 3608 2801 6122
10922 2 2 5 1 296 297 6125
10923 2 2 5 1 3917 3564 6215
10924 2 2 5 1 2447 2448 6042
10925 2 2 5 1 5423 5363 6274
10926 2 2 5 1 2331 2332 6304
10927 2 2 5 1 4504 3800 6124
10928 2 2 5 1 6024 2840 6108
10929 2 2 5 1 3998 5860 6138
10930 2 2 5 1 3952 6179 6246
10931 2 2 5 1 5972 2390 6184
10932 2 2 5 1 4140 3654 6062
10933 2 2 5 1 3947 6195 6214
10934 2 2 5 1 6407 4021 6465
10935 2 2 5 1 3060 4017 6282
10936 2 2 5 1 1661 1660 1693
10937 2 2 5 1 5815 1199 6144
10938 2 2 5 1 4598 2647 6569
10939 2 2 5 1 2463 5505 6147
10940 2 2 5 1 3614 4117 6044
10941 2 2 5 1 2761 3148 3149
10942 2 2 5 1 673 526 6097
10943 2 2 5 1 2399 2758 3007
10944 2 2 5 1 3919 5815 6144
10945 2 2 5 1 1085 1087 6079
10946 2 2 5 1 3756 3037 6042
10947 2 2 5 1 4939 4941 6069
10948 2 2 5 1 4029 3034 6230
10949 2 2 5 1 3877 2294 3878
10950 2 2 5 1 1695 1694 1696
10951 2 2 5 1 3657 3655 6389
10952 2 2 5 1 3813 4417 6398
10953 2 2 5 1 3576 4063 6299
10954 2 2 5 1 4949 4972 6236
10955 2 2 5 1 6254 5072 6288
10956 2 2 5 1 3409 3410 3775
10957 2 2 5 1 5798 2434 6120
10958 2 2 5 1 3568 3550 6205
10959 2 2 5 1 4495 4494 7072
10960 2 2 5 1 5855 5836 6122
10961 2 2 5 1 1617 5506 6146
10962 2 2 5 1 2307 2999 3620
10963 2 2 5 1 5271 4052 6895
10964 2 2 5 1 1580 1674 2283
10965 2 2 5 1 5201 6191 6232
10966 2 2 5 1 4464 2185 6855
10967 2 2 5 1 6178 5415 6265
10968 2 2 5 1 1819 1870 6152
10969 2 2 5 1 1693 4354 6046
10970 2 2 5 1 5826 3468 6177
10971 2 2 5 1 1991 2014 6018
10972 2 2 5 1 2694 2696 6126
10973 2 2 5 1 3511 5940 6156
10974 2 2 5 1 5986 1938 6212
10975 2 2 5 1 1884 1838 6284
10976 2 2 5 1 5333 6303 7093
10977 2 2 5 1 3522 5932 6149
10978 2 2 5 1 3002 3112 3950
10979 2 2 5 1 4855 1765 6405
10980 2 2 5 1 950 6334 7118
10981 2 2 5 1 6615 434 6740
10982 2 2 5 1 3970 3971 6316
10983 2 2 5 1 2144 1085 6079
10984 2 2 5 1 5932 3021 6149
10985 2 2 5 1 4841 3866 6154
10986 2 2 5 1 808 807 815
10987 2 2 5 1 3679 3724 4388
10988 2 2 5 1 2801 2621 6122
10989 2 2 5 1 3568 6205 6217
10990 2 2 5 1 5121 2150 6333
10991 2 2 5 1 2621 5855 6122
10992 2 2 5 1 1199 1197 6233
10993 2 2 5 1 3573 5201 6232
10994 2 2 5 1 3659 3657 6421
10995 2 2 5 1 2729 3002 3721
10996 2 2 5 1 3656 4129 6062
10997 2 2 5 1 784 786 6443
10998 2 2 5 1 2220 2798 3539
10999 2 2 5 1 6011 1987 6018
11000 2 2 5 1 787 953 6063
11001 2 2 5 1 5751 2956 6140
11002 2 2 5 1 3650 3652 6064
11003 2 2 5 1 3007 3526 3861
11004 2 2 5 1 6171 5387 6205
11005 2 2 5 1 5943 2026 6158
11006 2 2 5 1 3654 3656 6062
11007 2 2 5 1 1571 1559 2265
11008 2 2 5 1 2743 4873 6342
11009 2 2 5 1 3823 3820 6160
11010 2 2 5 1 2455 2350 6170
11011 2 2 5 1 1165 1166 6159
11012 2 2 5 1 5854 6120 6195
11013 2 2 5 1 374 286 6280
11014 2 2 5 1 3407 3408 3409
11015 2 2 5 1 373 6735 6960
11016 2 2 5 1 6126 3595 6183
11017 2 2 5 1 5567 3843 6153
11018 2 2 5 1 5036 3835 6657
11019 2 2 5 1 733 728 734
11020 2 2 5 1 5886 4500 6594
11021 2 2 5 1 5820 2398 6322
11022 2 2 5 1 4985 595 7030
11023 2 2 5 1 5409 2757 5410
11024 2 2 5 1 2283 3602 6162
11025 2 2 5 1 6620 4261 7119
11026 2 2 5 1 5135 4087 6989
11027 2 2 5 1 2791 2790 2799
11028 2 2 5 1 1812 1879 6182
11029 2 2 5 1 1291 4519 6078
11030 2 2 5 1 2631 2629 6330
11031 2 2 5 1 1101 1026 6286
11032 2 2 5 1 5926 4939 6069
11033 2 2 5 1 4361 3914 6192
11034 2 2 5 1 3935 3933 6151
11035 2 2 5 1 3596 5069 6288
11036 2 2 5 1 2097 6262 6299
11037 2 2 5 1 4071 3469 6564
11038 2 2 5 1 1299 1298 1300
11039 2 2 5 1 962 2757 5409
11040 2 2 5 1 4739 3913 6795
11041 2 2 5 1 5963 2011 6166
11042 2 2 5 1 4678 3823 6165
11043 2 2 5 1 1087 1494 6079
11044 2 2 5 1 5017 4139 6891
11045 2 2 5 1 3542 3556 6163
11046 2 2 5 1 3422 6887 6940
11047 2 2 5 1 524 673 6169
11048 2 2 5 1 4722 412 6530
11049 2 2 5 1 4264 3568 6217
11050 2 2 5 1 4644 6131 6705
11051 2 2 5 1 1290 1289 1291
11052 2 2 5 1 2170 1294 6087
11053 2 2 5 1 3203 3201 6290
11054 2 2 5 1 6252 5456 6706
11055 2 2 5 1 3526 6480 6786
11056 2 2 5 1 5633 608 6935
11057 2 2 5 1 4973 4947 6236
11058 2 2 5 1 4256 4258 6221
11059 2 2 5 1 5996 1810 6182
11060 2 2 5 1 4945 4973 6222
11061 2 2 5 1 6224 3643 6307
11062 2 2 5 1 2283 2284 2914
11063 2 2 5 1 4951 4953 6168
11064 2 2 5 1 3022 6437 6525
11065 2 2 5 1 4938 4937 6595
11066 2 2 5 1 5766 2461 6155
11067 2 2 5 1 1908 5119 6433
11068 2 2 5 1 5308 3128 6689
11069 2 2 5 1 3513 3511 6156
11070 2 2 5 1 5440 5437 6129
11071 2 2 5 1 2871 2658 5582
11072 2 2 5 1 1300 1301 1302
11073 2 2 5 1 3823 6160 6165
11074 2 2 5 1 1556 1554 1557
11075 2 2 5 1 3623 5881 6314
11076 2 2 5 1 3547 5418 6300
11077 2 2 5 1 1150 2369 6254
11078 2 2 5 1 5916 2105 6409
11079 2 2 5 1 6508 3027 6802
11080 2 2 5 1 2375 6185 6228
11081 2 2 5 1 5535 2792 6817
11082 2 2 5 1 4937 4981 6547
11083 2 2 5 1 2636 2790 2791
11084 2 2 5 1 2970 4114 6315
11085 2 2 5 1 6096 5766 6155
11086 2 2 5 1 2151 522 6169
11087 2 2 5 1 3345 3347 3635
11088 2 2 5 1 1307 1308 1309
11089 2 2 5 1 1371 1553 1554
11090 2 2 5 1 4095 3522 6149
11091 2 2 5 1 4443 1131 6467
11092 2 2 5 1 955 956 957
11093 2 2 5 1 3135 3918 6054
11094 2 2 5 1 3328 995 3329
11095 2 2 5 1 5662 1629 6171
11096 2 2 5 1 3038 3845 6174
11097 2 2 5 1 1686 1152 6254
11098 2 2 5 1 4170 4173 6340
11099 2 2 5 1 1288 1286 1289
11100 2 2 5 1 2237 2177 2238
11101 2 2 5 1 5292 2375 6228
11102 2 2 5 1 1075 1077 6176
11103 2 2 5 1 3879 3881 4163
11104 2 2 5 1 1004 2166 6187
11105 2 2 5 1 3906 3903 5904
11106 2 2 5 1 1305 1306 1307
11107 2 2 5 1 3653 3651 6275
11108 2 2 5 1 1061 1006 1063
11109 2 2 5 1 4749 4750 6544
11110 2 2 5 1 2166 981 6141
11111 2 2 5 1 1556 1557 1558
11112 2 2 5 1 7020 4118 7045
11113 2 2 5 1 1655 1654 2296
11114 2 2 5 1 2220 1683 2221
11115 2 2 5 1 6103 3840 6623
11116 2 2 5 1 1782 5633 6910
11117 2 2 5 1 2265 1559 6105
11118 2 2 5 1 809 6528 6586
11119 2 2 5 1 3574 3575 6238
11120 2 2 5 1 4660 3771 6164
11121 2 2 5 1 4974 4943 6222
11122 2 2 5 1 3340 3342 6173
11123 2 2 5 1 4780 4093 7009
11124 2 2 5 1 4366 4367 6511
11125 2 2 5 1 4960 4958 6308
11126 2 2 5 1 427 5554 6309
11127 2 2 5 1 1441 4403 6607
11128 2 2 5 1 4448 750 6892
11129 2 2 5 1 4560 3736 6351
11130 2 2 5 1 1294 1292 1295
11131 2 2 5 1 580 582 6181
11132 2 2 5 1 1311 1313 6085
11133 2 2 5 1 3771 6072 6164
11134 2 2 5 1 4174 3255 6180
11135 2 2 5 1 5769 3003 6251
11136 2 2 5 1 1044 2533 6497
11137 2 2 5 1 6006 2089 6219
11138 2 2 5 1 3134 3135 6054
11139 2 2 5 1 1137 1139 6297
11140 2 2 5 1 831 825 6049
11141 2 2 5 1 359 358 6189
11142 2 2 5 1 3556 5548 6844
11143 2 2 5 1 5287 896 6215
11144 2 2 5 1 3900 4219 5034
11145 2 2 5 1 3613 6210 6211
11146 2 2 5 1 3608 6122 6237
11147 2 2 5 1 1313 1315 2123
11148 2 2 5 1 2757 964 6025
11149 2 2 5 1 3351 3353 3360
11150 2 2 5 1 2026 5745 6158
11151 2 2 5 1 4727 3603 6255
11152 2 2 5 1 5365 6673 6738
11153 2 2 5 1 4368 4171 6340
11154 2 2 5 1 1302 1303 1305
11155 2 2 5 1 4410 4074 6923
11156 2 2 5 1 1162 1370 1371
11157 2 2 5 1 1371 1370 1553
11158 2 2 5 1 5947 5996 6182
11159 2 2 5 1 1042 1057 6186
11160 2 2 5 1 6159 3848 6263
11161 2 2 5 1 6221 4258 6272
11162 2 2 5 1 2271 2941 6179
11163 2 2 5 1 4612 2871 4613
11164 2 2 5 1 1091 1161 1162
11165 2 2 5 1 3305 5288 6419
11166 2 2 5 1 1293 2171 6220
11167 2 2 5 1 5898 5325 6178
11168 2 2 5 1 4865 3772 6306
11169 2 2 5 1 1661 1693 1694
11170 2 2 5 1 2172 2170 6086
11171 2 2 5 1 3914 6088 6192
11172 2 2 5 1 3776 4310 6577
11173 2 2 5 1 1920 258 6197
11174 2 2 5 1 1558 1559 1560
11175 2 2 5 1 3552 6240 6559
11176 2 2 5 1 6282 4017 6302
11177 2 2 5 1 5883 2710 6442
11178 2 2 5 1 3946 5929 6224
11179 2 2 5 1 391 3619 6203
11180 2 2 5 1 3996 6190 6278
11181 2 2 5 1 1733 2636 6035
11182 2 2 5 1 1964 222 6332
11183 2 2 5 1 526 528 6097
11184 2 2 5 1 3589 3896 3897
11185 2 2 5 1 3361 3566 6352
11186 2 2 5 1 2747 3527 6257
11187 2 2 5 1 1296 1297 1298
11188 2 2 5 1 3996 5942 6190
11189 2 2 5 1 530 532 6093
11190 2 2 5 1 3454 5646 6175
11191 2 2 5 1 5816 596 6253
11192 2 2 5 1 5471 3958 6815
11193 2 2 5 1 957 958 959
11194 2 2 5 1 4077 4076 6145
11195 2 2 5 1 6027 5287 6215
11196 2 2 5 1 287 2250 6280
11197 2 2 5 1 1063 1006 6187
11198 2 2 5 1 534 536 6099
11199 2 2 5 1 1557 6104 6105
11200 2 2 5 1 2061 1373 6412
11201 2 2 5 1 3655 3653 6318
11202 2 2 5 1 223 414 6332
11203 2 2 5 1 1541 5557 6183
11204 2 2 5 1 6127 3542 6163
11205 2 2 5 1 1700 1702 6239
11206 2 2 5 1 3724 2914 6121
11207 2 2 5 1 1162 1161 1370
11208 2 2 5 1 1567 1612 1680
11209 2 2 5 1 734 728 6101
11210 2 2 5 1 2011 2097 6166
11211 2 2 5 1 5401 3968 6757
11212 2 2 5 1 5034 4219 6014
11213 2 2 5 1 2369 5826 6177
11214 2 2 5 1 5978 2976 6178
11215 2 2 5 1 86 87 397
11216 2 2 5 1 297 298 398
11217 2 2 5 1 3901 3900 5034
11218 2 2 5 1 1629 6154 6171
11219 2 2 5 1 5339 5338 6202
11220 2 2 5 1 4560 314 6804
11221 2 2 5 1 1656 1655 1657
11222 2 2 5 1 5557 6126 6183
11223 2 2 5 1 3527 5943 6158
11224 2 2 5 1 4508 951 6784
11225 2 2 5 1 3228 2890 6201
11226 2 2 5 1 5807 4031 6161
11227 2 2 5 1 959 960 968
11228 2 2 5 1 4648 3767 6691
11229 2 2 5 1 2822 1570 5860
11230 2 2 5 1 819 818 824
11231 2 2 5 1 5653 2445 6191
11232 2 2 5 1 2751 3643 6224
11233 2 2 5 1 1297 3338 6083
11234 2 2 5 1 4586 4585 6927
11235 2 2 5 1 6204 3969 6296
11236 2 2 5 1 3147 4081 4106
11237 2 2 5 1 2408 2024 6207
11238 2 2 5 1 1371 1555 6167
11239 2 2 5 1 2284 2761 6121
11240 2 2 5 1 61 62 5882
11241 2 2 5 1 3727 4277 6185
11242 2 2 5 1 6935 608 6956
11243 2 2 5 1 3668 3666 6198
11244 2 2 5 1 3329 995 6131
11245 2 2 5 1 4377 4127 6197
11246 2 2 5 1 6194 4022 6257
11247 2 2 5 1 3089 3884 6208
11248 2 2 5 1 3942 6328 6503
11249 2 2 5 1 5464 3171 6194
11250 2 2 5 1 5387 3169 6205
11251 2 2 5 1 3365 4588 6382
11252 2 2 5 1 2789 1700 6239
11253 2 2 5 1 6304 2348 6401
11254 2 2 5 1 4313 4187 7111
11255 2 2 5 1 2976 5898 6178
11256 2 2 5 1 1938 5594 6212
11257 2 2 5 1 953 955 6068
11258 2 2 5 1 5016 3714 6455
11259 2 2 5 1 4349 5807 6161
11260 2 2 5 1 972 986 992
11261 2 2 5 1 3701 4010 6535
11262 2 2 5 1 3091 3716 6209
11263 2 2 5 1 4041 4042 4141
11264 2 2 5 1 5278 5279 6320
11265 2 2 5 1 4050 4447 6537
11266 2 2 5 1 5415 1800 6265
11267 2 2 5 1 2895 2427 4771
11268 2 2 5 1 5331 3864 6905
11269 2 2 5 1 3532 5963 6166
11270 2 2 5 1 4187 3629 6435
11271 2 2 5 1 4543 4834 6259
11272 2 2 5 1 1697 1694 6046
11273 2 2 5 1 5303 5302 6613
11274 2 2 5 1 4981 4978 6484
11275 2 2 5 1 1700 1701 1702
11276 2 2 5 1 84 85 2138
11277 2 2 5 1 299 300 2139
11278 2 2 5 1 816 815 818
11279 2 2 5 1 5933 1942 6459
11280 2 2 5 1 1829 1827 6206
11281 2 2 5 1 1287 1286 1288
11282 2 2 5 1 1531 1582 1618
11283 2 2 5 1 3259 3870 6313
11284 2 2 5 1 3032 2455 6170
11285 2 2 5 1 1810 1812 6182
11286 2 2 5 1 6264 3597 6341
11287 2 2 5 1 3539 2798 3540
11288 2 2 5 1 522 524 6169
11289 2 2 5 1 372 39 6256
11290 2 2 5 1 1694 1693 6046
11291 2 2 5 1 4792 644 6544
11292 2 2 5 1 981 968 6141
11293 2 2 5 1 3019 5982 6204
11294 2 2 5 1 1696 1694 1697
11295 2 2 5 1 6088 2692 6192
11296 2 2 5 1 6122 5836 6237
11297 2 2 5 1 39 40 6256
11298 2 2 5 1 3224 3225 6139
11299 2 2 5 1 3886 5975 6190
11300 2 2 5 1 6205 3169 6217
11301 2 2 5 1 4012 3020 6296
11302 2 2 5 1 3342 3345 6173
11303 2 2 5 1 319 318 6371
11304 2 2 5 1 747 751 6346
11305 2 2 5 1 2390 2787 6184
11306 2 2 5 1 6328 3709 6503
11307 2 2 5 1 3809 4842 6531
11308 2 2 5 1 2735 2743 6291
11309 2 2 5 1 1294 1296 6087
11310 2 2 5 1 1680 1612 6267
11311 2 2 5 1 83 84 6137
11312 2 2 5 1 968 960 5409
11313 2 2 5 1 877 879 6402
11314 2 2 5 1 1294 1295 1296
11315 2 2 5 1 4059 6453 6487
11316 2 2 5 1 3666 4101 6198
11317 2 2 5 1 3657 6389 6421
11318 2 2 5 1 4825 2699 6403
11319 2 2 5 1 2765 4118 6218
11320 2 2 5 1 5079 4050 6550
11321 2 2 5 1 2335 2348 6304
11322 2 2 5 1 2832 5348 7159
11323 2 2 5 1 2759 2760 3224
11324 2 2 5 1 1658 1657 1659
11325 2 2 5 1 6074 5694 6251
11326 2 2 5 1 5982 5748 6204
11327 2 2 5 1 5895 3995 6219
11328 2 2 5 1 5942 3886 6190
11329 2 2 5 1 1659 1660 1661
11330 2 2 5 1 5282 5854 6195
11331 2 2 5 1 2085 4520 6778
11332 2 2 5 1 6191 2445 6232
11333 2 2 5 1 3942 6035 6328
11334 2 2 5 1 4989 1579 6450
11335 2 2 5 1 82 83 415
11336 2 2 5 1 2175 2172 6086
11337 2 2 5 1 301 302 416
11338 2 2 5 1 2097 2007 6262
11339 2 2 5 1 5206 4272 6231
11340 2 2 5 1 5929 2148 6224
11341 2 2 5 1 6551 627 7101
11342 2 2 5 1 1698 1697 1699
11343 2 2 5 1 4541 1130 6523
11344 2 2 5 1 4966 4940 6225
11345 2 2 5 1 5045 3640 6408
11346 2 2 5 1 4110 3584 6325
11347 2 2 5 1 5390 3340 6173
11348 2 2 5 1 4462 3906 5904
11349 2 2 5 1 1116 1063 1123
11350 2 2 5 1 5748 5179 6204
11351 2 2 5 1 5094 5911 6264
11352 2 2 5 1 3056 4713 6269
11353 2 2 5 1 3169 3712 6217
11354 2 2 5 1 992 1069 1641
11355 2 2 5 1 2462 5290 6242
11356 2 2 5 1 1572 1683 1684
11357 2 2 5 1 1045 5896 7061
11358 2 2 5 1 1494 1089 6132
11359 2 2 5 1 2140 296 6125
11360 2 2 5 1 5430 6006 6219
11361 2 2 5 1 272 384 6375
11362 2 2 5 1 233 234 6372
11363 2 2 5 1 1989 6011 6262
11364 2 2 5 1 5483 3797 6374
11365 2 2 5 1 3660 4182 6277
11366 2 2 5 1 3610 6283 6366
11367 2 2 5 1 1603 1602 1746
11368 2 2 5 1 2001 2003 6354
11369 2 2 5 1 3598 4013 6281
11370 2 2 5 1 4050 6537 6550
11371 2 2 5 1 5324 3696 6396
11372 2 2 5 1 6388 3310 6499
11373 2 2 5 1 4514 3189 6871
11374 2 2 5 1 5471 271 6375
11375 2 2 5 1 6185 4277 6228
11376 2 2 5 1 992 1044 1069
11377 2 2 5 1 2706 5894 6226
11378 2 2 5 1 2521 2998 6378
11379 2 2 5 1 2476 2477 2759
11380 2 2 5 1 3001 5757 6214
11381 2 2 5 1 3769 5668 6452
11382 2 2 5 1 6179 2941 6246
11383 2 2 5 1 5292 6228 6279
11384 2 2 5 1 1006 1004 6187
11385 2 2 5 1 6218 4118 7020
11386 2 2 5 1 5023 1490 6238
11387 2 2 5 1 4585 6052 6927
11388 2 2 5 1 5921 3863 6364
11389 2 2 5 1 2852 3027 6508
11390 2 2 5 1 2444 2443 2475
11391 2 2 5 1 6447 3322 6495
11392 2 2 5 1 6326 3844 6339
11393 2 2 5 1 4771 2153 4863
11394 2 2 5 1 3564 6027 6215
11395 2 2 5 1 5602 1573 6162
11396 2 2 5 1 4090 4387 6683
11397 2 2 5 1 999 1045 6338
11398 2 2 5 1 4199 5723 6393
11399 2 2 5 1 6000 5949 6221
11400 2 2 5 1 1558 1557 1559
11401 2 2 5 1 5668 1167 6452
11402 2 2 5 1 1553 2137 6104
11403 2 2 5 1 5064 5063 7089
11404 2 2 5 1 608 5838 6956
11405 2 2 5 1 4696 1588 6503
11406 2 2 5 1 5184 5158 6570
11407 2 2 5 1 2914 2284 6121
11408 2 2 5 1 1091 4386 6132
11409 2 2 5 1 6956 5838 6979
11410 2 2 5 1 3496 3495 6298
11411 2 2 5 1 6251 4020 6285
11412 2 2 5 1 3590 6511 6981
11413 2 2 5 1 1089 1091 6132
11414 2 2 5 1 1307 1309 1317
11415 2 2 5 1 1678 1552 6423
11416 2 2 5 1 1069 1120 1131
11417 2 2 5 1 1573 1580 6162
11418 2 2 5 1 3573 6232 6282
11419 2 2 5 1 1298 1297 6083
11420 2 2 5 1 4129 3658 6277
11421 2 2 5 1 1288 1289 1290
11422 2 2 5 1 966 972 6025
11423 2 2 5 1 3602 4048 6329
11424 2 2 5 1 3338 5390 6083
11425 2 2 5 1 5978 6178 6265
11426 2 2 5 1 5859 3706 6499
11427 2 2 5 1 2105 5872 6213
11428 2 2 5 1 1882 5292 6279
11429 2 2 5 1 781 784 6600
11430 2 2 5 1 1131 1220 1271
11431 2 2 5 1 3695 3941 6396
11432 2 2 5 1 1700 1699 1701
11433 2 2 5 1 4943 4945 6222
11434 2 2 5 1 1295 1292 6078
11435 2 2 5 1 2239 997 6338
11436 2 2 5 1 1271 1493 1567
11437 2 2 5 1 1063 6187 6188
11438 2 2 5 1 2553 3066 6418
11439 2 2 5 1 1293 1292 1294
11440 2 2 5 1 936 5300 6234
11441 2 2 5 1 2394 3077 6336
11442 2 2 5 1 1271 1567 1604
11443 2 2 5 1 4923 1165 6263
11444 2 2 5 1 4967 4946 6245
11445 2 2 5 1 1290 1291 1292
11446 2 2 5 1 1722 2406 6267
11447 2 2 5 1 4176 6832 7048
11448 2 2 5 1 3946 6224 6307
11449 2 2 5 1 2791 2833 3709
11450 2 2 5 1 5042 4157 6748
11451 2 2 5 1 1823 2218 6235
11452 2 2 5 1 3012 2183 6260
11453 2 2 5 1 4947 4949 6236
11454 2 2 5 1 4258 4307 6272
11455 2 2 5 1 5385 1774 6341
11456 2 2 5 1 4907 4906 6454
11457 2 2 5 1 2238 2177 3052
11458 2 2 5 1 2089 5895 6219
11459 2 2 5 1 456 6240 6310
11460 2 2 5 1 3552 4904 6240
11461 2 2 5 1 6090 1106 6363
11462 2 2 5 1 3003 6074 6251
11463 2 2 5 1 3437 3177 6392
11464 2 2 5 1 2226 2142 6361
11465 2 2 5 1 4307 4309 6349
11466 2 2 5 1 6123 5693 6260
11467 2 2 5 1 1659 1657 1660
11468 2 2 5 1 4155 4410 6615
11469 2 2 5 1 1698 1700 2789
11470 2 2 5 1 3291 1062 4867
11471 2 2 5 1 6195 3001 6214
11472 2 2 5 1 3897 3896 3898
11473 2 2 5 1 4609 2993 4611
11474 2 2 5 1 3653 6275 6318
11475 2 2 5 1 2635 1724 5181
11476 2 2 5 1 5590 4128 6932
11477 2 2 5 1 2633 944 6400
11478 2 2 5 1 2876 3529 3530
11479 2 2 5 1 6211 6941 7126
11480 2 2 5 1 3580 3958 6247
11481 2 2 5 1 1560 1571 1572
11482 2 2 5 1 88 4827 7077
11483 2 2 5 1 134 399 6422
11484 2 2 5 1 2442 2441 6227
11485 2 2 5 1 2761 3149 6121
11486 2 2 5 1 4059 3548 6244
11487 2 2 5 1 20 21 6494
11488 2 2 5 1 1776 5365 6738
11489 2 2 5 1 3251 5274 6271
11490 2 2 5 1 2445 5731 6232
11491 2 2 5 1 3393 5140 6420
11492 2 2 5 1 1285 6465 6575
11493 2 2 5 1 6349 4309 6384
11494 2 2 5 1 1554 1553 6104
11495 2 2 5 1 1197 1200 6233
11496 2 2 5 1 5949 4256 6221
11497 2 2 5 1 4277 4279 6228
11498 2 2 5 1 3708 3588 5956
11499 2 2 5 1 4686 4175 7145
11500 2 2 5 1 2148 2751 6224
11501 2 2 5 1 1975 61 5882
11502 2 2 5 1 1922 133 6422
11503 2 2 5 1 432 189 6410
11504 2 2 5 1 190 1952 6410
11505 2 2 5 1 2294 1696 6193
11506 2 2 5 1 2197 1123 6188
11507 2 2 5 1 3527 6194 6257
11508 2 2 5 1 4812 4053 6843
11509 2 2 5 1 4637 4640 6261
11510 2 2 5 1 3560 6216 6355
11511 2 2 5 1 6631 4090 6654
11512 2 2 5 1 4873 4872 6552
11513 2 2 5 1 5026 3251 6271
11514 2 2 5 1 2792 5535 7076
11515 2 2 5 1 5894 3515 6226
11516 2 2 5 1 1432 6221 6272
11517 2 2 5 1 4029 6230 6322
11518 2 2 5 1 4450 1944 6482
11519 2 2 5 1 3963 3608 6237
11520 2 2 5 1 1580 2283 6162
11521 2 2 5 1 1292 1291 6078
11522 2 2 5 1 441 127 6258
11523 2 2 5 1 5455 5453 6252
11524 2 2 5 1 4566 3720 6373
11525 2 2 5 1 318 317 6383
11526 2 2 5 1 3151 3939 6416
11527 2 2 5 1 1559 1557 6105
11528 2 2 5 1 5157 3945 6546
11529 2 2 5 1 4991 4992 6669
11530 2 2 5 1 4012 6296 6336
11531 2 2 5 1 1602 1489 1639
11532 2 2 5 1 5957 3537 6243
11533 2 2 5 1 451 282 6411
11534 2 2 5 1 3900 4218 4219
11535 2 2 5 1 6011 3959 6262
11536 2 2 5 1 3956 3257 6404
11537 2 2 5 1 1557 1554 6104
11538 2 2 5 1 283 1962 6411
11539 2 2 5 1 4801 5026 6271
11540 2 2 5 1 3034 5997 6230
11541 2 2 5 1 2941 4094 6246
11542 2 2 5 1 3345 3635 6173
11543 2 2 5 1 3339 3363 6697
11544 2 2 5 1 433 5444 6432
11545 2 2 5 1 6086 2170 6087
11546 2 2 5 1 4573 4574 6448
11547 2 2 5 1 4825 6403 6522
11548 2 2 5 1 1967 1830 6387
11549 2 2 5 1 1409 4665 6514
11550 2 2 5 1 386 5352 6565
11551 2 2 5 1 5997 5873 6230
11552 2 2 5 1 3904 3901 5034
11553 2 2 5 1 3 2232 6554
11554 2 2 5 1 3077 4134 6380
11555 2 2 5 1 6880 1712 6995
11556 2 2 5 1 2151 4512 6948
11557 2 2 5 1 1832 1863 6387
11558 2 2 5 1 5296 6323 6337
11559 2 2 5 1 4674 3124 6478
11560 2 2 5 1 1776 6738 6790
11561 2 2 5 1 4022 4292 6394
11562 2 2 5 1 5838 2160 6979
11563 2 2 5 1 47 48 6724
11564 2 2 5 1 3543 3545 6317
11565 2 2 5 1 6262 3959 6299
11566 2 2 5 1 4459 1913 6872
11567 2 2 5 1 1313 2123 6085
11568 2 2 5 1 2441 2440 2443
11569 2 2 5 1 1612 1722 6267
11570 2 2 5 1 5873 3563 6230
11571 2 2 5 1 2183 2149 6260
11572 2 2 5 1 4270 392 6351
11573 2 2 5 1 1152 1150 6254
11574 2 2 5 1 5299 439 6576
11575 2 2 5 1 393 130 6457
11576 2 2 5 1 3913 5326 6793
11577 2 2 5 1 163 1948 6456
11578 2 2 5 1 445 5467 6665
11579 2 2 5 1 1702 1724 2307
11580 2 2 5 1 5757 4510 6250
11581 2 2 5 1 6226 3515 6253
11582 2 2 5 1 6214 5757 6250
11583 2 2 5 1 3938 5880 6269
11584 2 2 5 1 3513 6156 6306
11585 2 2 5 1 2130 5957 6243
11586 2 2 5 1 4609 4612 6557
11587 2 2 5 1 3620 2999 3621
11588 2 2 5 1 4858 1771 6512
11589 2 2 5 1 2846 5700 6635
11590 2 2 5 1 1432 6000 6221
11591 2 2 5 1 6216 3950 6355
11592 2 2 5 1 2307 3620 6239
11593 2 2 5 1 3019 6204 6296
11594 2 2 5 1 951 5230 6842
11595 2 2 5 1 2709 3690 6478
11596 2 2 5 1 131 5402 6457
11597 2 2 5 1 4403 4404 6585
11598 2 2 5 1 2149 6123 6260
11599 2 2 5 1 3359 3742 6589
11600 2 2 5 1 3124 2707 6478
11601 2 2 5 1 1009 5259 6278
11602 2 2 5 1 3963 6237 6291
11603 2 2 5 1 5467 4120 6665
11604 2 2 5 1 1683 1571 6273
11605 2 2 5 1 1165 6159 6263
11606 2 2 5 1 3981 4112 6438
11607 2 2 5 1 2312 2238 2313
11608 2 2 5 1 412 162 6456
11609 2 2 5 1 5836 2734 6237
11610 2 2 5 1 5694 4020 6251
11611 2 2 5 1 1106 4721 6363
11612 2 2 5 1 6265 1800 6326
11613 2 2 5 1 2307 1724 2635
11614 2 2 5 1 3976 3977 6438
11615 2 2 5 1 6170 3970 6316
11616 2 2 5 1 3331 3328 6196
11617 2 2 5 1 5861 6333 6762
11618 2 2 5 1 789 4467 6443
11619 2 2 5 1 3195 6252 6706
11620 2 2 5 1 6601 4304 7148
11621 2 2 5 1 1686 5672 6407
11622 2 2 5 1 5371 4414 6583
11623 2 2 5 1 6228 4279 6279
11624 2 2 5 1 673 6097 6533
11625 2 2 5 1 2777 3090 6403
11626 2 2 5 1 4069 3998 6415
11627 2 2 5 1 4463 3322 6447
11628 2 2 5 1 367 366 6491
11629 2 2 5 1 3599 3618 6268
11630 2 2 5 1 751 744 6444
11631 2 2 5 1 4371 4722 6530
11632 2 2 5 1 1696 1697 1698
11633 2 2 5 1 4182 3662 6365
11634 2 2 5 1 2759 3224 3505
11635 2 2 5 1 5296 1882 6323
11636 2 2 5 1 6086 6113 6347
11637 2 2 5 1 4999 4997 7136
11638 2 2 5 1 6081 2130 6243
11639 2 2 5 1 6182 1879 6275
11640 2 2 5 1 2439 2438 2440
11641 2 2 5 1 2444 2476 3097
11642 2 2 5 1 1882 6279 6323
11643 2 2 5 1 2699 2697 6403
11644 2 2 5 1 6237 2734 6291
11645 2 2 5 1 3581 5540 6672
11646 2 2 5 1 2406 2887 3585
11647 2 2 5 1 2007 1989 6262
11648 2 2 5 1 3515 5816 6253
11649 2 2 5 1 1698 2789 6193
11650 2 2 5 1 3225 3407 6139
11651 2 2 5 1 5780 3923 6726
11652 2 2 5 1 4807 1727 6827
11653 2 2 5 1 2436 2313 2437
11654 2 2 5 1 4217 3224 6139
11655 2 2 5 1 4043 5414 7028
11656 2 2 5 1 3637 6234 6377
11657 2 2 5 1 1200 6100 6233
11658 2 2 5 1 6156 4865 6306
11659 2 2 5 1 3716 3694 6479
11660 2 2 5 1 4583 3199 6417
11661 2 2 5 1 3067 2362 6449
11662 2 2 5 1 286 287 6280
11663 2 2 5 1 1125 1149 6276
11664 2 2 5 1 3505 3224 4217
11665 2 2 5 1 5029 2851 6736
11666 2 2 5 1 2360 2774 6449
11667 2 2 5 1 4701 4700 7097
11668 2 2 5 1 4998 6068 6488
11669 2 2 5 1 6276 1149 6293
11670 2 2 5 1 6245 4944 6768
11671 2 2 5 1 3618 3009 6440
11672 2 2 5 1 16 4380 6928
11673 2 2 5 1 3332 2747 6257
11674 2 2 5 1 5911 3541 6264
11675 2 2 5 1 6238 4855 6405
11676 2 2 5 1 6656 382 6745
11677 2 2 5 1 1841 1839 6466
11678 2 2 5 1 5363 5362 6274
11679 2 2 5 1 4547 3362 6589
11680 2 2 5 1 5355 3774 6710
11681 2 2 5 1 5362 2774 6988
11682 2 2 5 1 5768 3910 6386
11683 2 2 5 1 6406 1746 6572
11684 2 2 5 1 1154 1686 6407
11685 2 2 5 1 4066 5183 6598
11686 2 2 5 1 6005 3193 7022
11687 2 2 5 1 2948 3668 6357
11688 2 2 5 1 4621 4619 6667
11689 2 2 5 1 2444 2475 2476
11690 2 2 5 1 1838 1840 6284
11691 2 2 5 1 4377 389 7026
11692 2 2 5 1 5158 5184 6634
11693 2 2 5 1 2399 3007 3704
11694 2 2 5 1 3658 3660 6277
11695 2 2 5 1 4339 6561 6860
11696 2 2 5 1 4806 1486 6445
11697 2 2 5 1 6184 3597 6264
11698 2 2 5 1 908 914 6471
11699 2 2 5 1 1488 1489 1602
11700 2 2 5 1 3826 4223 6656
11701 2 2 5 1 1560 1559 1571
11702 2 2 5 1 3962 3664 6492
11703 2 2 5 1 4020 4019 6285
11704 2 2 5 1 6042 2448 6357
11705 2 2 5 1 985 5612 6865
11706 2 2 5 1 5370 5998 6414
11707 2 2 5 1 4937 6547 6595
11708 2 2 5 1 1073 2115 6429
11709 2 2 5 1 2223 6694 7078
11710 2 2 5 1 3585 2887 3586
11711 2 2 5 1 6336 3077 6380
11712 2 2 5 1 3987 3986 6578
11713 2 2 5 1 5092 3994 6462
11714 2 2 5 1 4917 3305 6292
11715 2 2 5 1 4358 4360 6439
11716 2 2 5 1 3811 3781 6199
11717 2 2 5 1 3721 3002 6216
11718 2 2 5 1 1116 1123 1488
11719 2 2 5 1 6240 4904 6310
11720 2 2 5 1 4967 6789 6825
11721 2 2 5 1 1123 1063 6188
11722 2 2 5 1 5791 3570 6400
11723 2 2 5 1 1747 1746 6406
11724 2 2 5 1 4608 4610 6761
11725 2 2 5 1 7136 4997 7151
11726 2 2 5 1 3944 4353 6546
11727 2 2 5 1 6258 4083 6747
11728 2 2 5 1 2605 2988 6490
11729 2 2 5 1 2832 2603 6490
11730 2 2 5 1 5072 3596 6288
11731 2 2 5 1 6285 4019 6314
11732 2 2 5 1 2471 3946 6307
11733 2 2 5 1 1026 989 6286
11734 2 2 5 1 2415 4518 7104
11735 2 2 5 1 3659 6421 6475
11736 2 2 5 1 3649 4261 6545
11737 2 2 5 1 306 307 6248
11738 2 2 5 1 3154 5242 7109
11739 2 2 5 1 106 107 6496
11740 2 2 5 1 6232 5731 6282
11741 2 2 5 1 2953 3310 6388
11742 2 2 5 1 2437 2313 2438
11743 2 2 5 1 3357 3341 6697
11744 2 2 5 1 6322 2398 6425
11745 2 2 5 1 4075 3621 4215
11746 2 2 5 1 2998 4152 7035
11747 2 2 5 1 2791 2799 2833
11748 2 2 5 1 1315 1531 6200
11749 2 2 5 1 1967 6408 6430
11750 2 2 5 1 3837 3598 6281
11751 2 2 5 1 4309 4358 6384
11752 2 2 5 1 4579 4644 6714
11753 2 2 5 1 1149 1151 6293
11754 2 2 5 1 3621 2999 4038
11755 2 2 5 1 3493 3496 6401
11756 2 2 5 1 3997 3996 6278
11757 2 2 5 1 273 274 6500
11758 2 2 5 1 3631 4104 6533
11759 2 2 5 1 1488 1123 1489
11760 2 2 5 1 2220 2221 2798
11761 2 2 5 1 3039 6285 6314
11762 2 2 5 1 5704 4086 6451
11763 2 2 5 1 2974 3559 6493
11764 2 2 5 1 942 2633 6471
11765 2 2 5 1 4279 4281 6279
11766 2 2 5 1 4724 5017 6891
11767 2 2 5 1 297 398 6125
11768 2 2 5 1 6310 4530 6383
11769 2 2 5 1 4482 2900 6427
11770 2 2 5 1 5880 3056 6269
11771 2 2 5 1 5731 3060 6282
11772 2 2 5 1 180 181 6287
11773 2 2 5 1 6330 2700 6331
11774 2 2 5 1 4613 2871 5582
11775 2 2 5 1 3854 4184 6356
11776 2 2 5 1 3600 3203 6290
11777 2 2 5 1 5947 6182 6275
11778 2 2 5 1 4006 5978 6265
11779 2 2 5 1 4904 4003 6310
11780 2 2 5 1 3328 3329 6196
11781 2 2 5 1 4808 1431 6607
11782 2 2 5 1 2221 1683 6273
11783 2 2 5 1 3989 4164 6502
11784 2 2 5 1 2233 2 6556
11785 2 2 5 1 3039 5769 6285
11786 2 2 5 1 3586 2887 4783
11787 2 2 5 1 725 726 6504
11788 2 2 5 1 67 68 6642
11789 2 2 5 1 5554 2054 6719
11790 2 2 5 1 6792 950 7118
11791 2 2 5 1 4565 643 6896
11792 2 2 5 1 2246 5971 6399
11793 2 2 5 1 1008 607 6568
11794 2 2 5 1 6439 4360 6470
11795 2 2 5 1 4039 2982 4040
11796 2 2 5 1 3959 3576 6299
11797 2 2 5 1 246 247 6529
11798 2 2 5 1 4589 3988 6502
11799 2 2 5 1 5158 890 6570
11800 2 2 5 1 4552 4553 6324
11801 2 2 5 1 4610 4609 6557
11802 2 2 5 1 5259 1777 6344
11803 2 2 5 1 1684 1683 2220
11804 2 2 5 1 4121 4764 7061
11805 2 2 5 1 5713 3067 6848
11806 2 2 5 1 3032 6170 6316
11807 2 2 5 1 79 80 459
11808 2 2 5 1 304 305 460
11809 2 2 5 1 5548 3556 7083
11810 2 2 5 1 4527 3635 6640
11811 2 2 5 1 5279 1884 6395
11812 2 2 5 1 2332 2335 6304
11813 2 2 5 1 1139 1550 6297
11814 2 2 5 1 3495 3887 6298
11815 2 2 5 1 5588 4298 6534
11816 2 2 5 1 870 893 6512
11817 2 2 5 1 5755 1638 6805
11818 2 2 5 1 5418 5419 6300
11819 2 2 5 1 5321 5323 6605
11820 2 2 5 1 3473 3474 6476
11821 2 2 5 1 4453 4451 6732
11822 2 2 5 1 1435 1441 6607
11823 2 2 5 1 5020 1630 6637
11824 2 2 5 1 3630 6433 6440
11825 2 2 5 1 6033 1432 6272
11826 2 2 5 1 3570 3005 6301
11827 2 2 5 1 4131 3458 6509
11828 2 2 5 1 3573 6282 6302
11829 2 2 5 1 3868 5391 6580
11830 2 2 5 1 596 593 6464
11831 2 2 5 1 5857 3824 6736
11832 2 2 5 1 2995 4044 6526
11833 2 2 5 1 3900 3898 4218
11834 2 2 5 1 1309 1311 6229
11835 2 2 5 1 1130 1100 6523
11836 2 2 5 1 4751 4652 7143
11837 2 2 5 1 1952 5427 6604
11838 2 2 5 1 3005 3573 6302
11839 2 2 5 1 3176 4032 6548
11840 2 2 5 1 731 5744 6370
11841 2 2 5 1 5446 5800 6687
11842 2 2 5 1 576 578 6551
11843 2 2 5 1 4201 3647 6545
11844 2 2 5 1 6299 4063 6312
11845 2 2 5 1 2295 4409 7183
11846 2 2 5 1 5530 1975 6619
11847 2 2 5 1 3439 4371 6530
11848 2 2 5 1 610 1780 6568
11849 2 2 5 1 1222 4388 7154
11850 2 2 5 1 1411 1409 6514
11851 2 2 5 1 6563 4180 7036
11852 2 2 5 1 4517 3191 7129
11853 2 2 5 1 4206 3644 6513
11854 2 2 5 1 51 369 6482
11855 2 2 5 1 6425 4804 6527
11856 2 2 5 1 4409 434 7183
11857 2 2 5 1 1415 1414 6521
11858 2 2 5 1 6162 3602 6329
11859 2 2 5 1 3474 4984 6476
11860 2 2 5 1 6198 4793 7091
11861 2 2 5 1 4098 5139 6930
11862 2 2 5 1 3460 3611 6509
11863 2 2 5 1 2798 2221 2876
11864 2 2 5 1 6150 4119 6525
11865 2 2 5 1 3541 6184 6264
11866 2 2 5 1 1581 1097 6582
11867 2 2 5 1 4360 4407 6470
11868 2 2 5 1 3020 3019 6296
11869 2 2 5 1 5333 5332 6303
11870 2 2 5 1 1922 6422 6627
11871 2 2 5 1 4399 4393 6434
11872 2 2 5 1 5099 2962 6775
11873 2 2 5 1 3651 5947 6275
11874 2 2 5 1 1639 4462 6942
11875 2 2 5 1 4464 3476 6476
11876 2 2 5 1 3994 3507 6462
11877 2 2 5 1 3870 3915 6305
11878 2 2 5 1 2437 2438 2439
11879 2 2 5 1 1771 872 6512
11880 2 2 5 1 4006 6265 6326
11881 2 2 5 1 1471 1469 6524
11882 2 2 5 1 6028 817 6350
11883 2 2 5 1 2734 2735 6291
11884 2 2 5 1 1572 1571 1683
11885 2 2 5 1 2441 2443 2444
11886 2 2 5 1 5577 427 6309
11887 2 2 5 1 4968 4960 6308
11888 2 2 5 1 6301 3005 6302
11889 2 2 5 1 6323 4328 6337
11890 2 2 5 1 1285 1282 6465
11891 2 2 5 1 6279 4281 6323
11892 2 2 5 1 1698 1699 1700
11893 2 2 5 1 4096 5857 6736
11894 2 2 5 1 1311 6085 6229
11895 2 2 5 1 5255 2364 6629
11896 2 2 5 1 2833 2799 3146
11897 2 2 5 1 1093 1209 6624
11898 2 2 5 1 5187 420 6657
11899 2 2 5 1 6230 3563 6322
11900 2 2 5 1 2856 3836 6560
11901 2 2 5 1 48 437 6724
11902 2 2 5 1 5135 408 6874
11903 2 2 5 1 5536 4156 6569
11904 2 2 5 1 3632 4204 6399
11905 2 2 5 1 6286 989 6346
11906 2 2 5 1 892 1885 6570
11907 2 2 5 1 5111 5316 6579
11908 2 2 5 1 3002 3950 6216
11909 2 2 5 1 96 97 6563
11910 2 2 5 1 3929 6809 6822
11911 2 2 5 1 834 836 6321
11912 2 2 5 1 5602 6162 6329
11913 2 2 5 1 4966 6655 6707
11914 2 2 5 1 3531 4602 6678
11915 2 2 5 1 4711 3624 6622
11916 2 2 5 1 4967 6245 6789
11917 2 2 5 1 4173 4564 6319
11918 2 2 5 1 6275 1879 6318
11919 2 2 5 1 726 722 6558
11920 2 2 5 1 2436 2900 6970
11921 2 2 5 1 4048 3679 6485
11922 2 2 5 1 2439 2440 2441
11923 2 2 5 1 3582 3259 6313
11924 2 2 5 1 3655 6318 6389
11925 2 2 5 1 3702 4087 6874
11926 2 2 5 1 3066 6268 6418
11927 2 2 5 1 2839 4992 6723
11928 2 2 5 1 718 3764 6558
11929 2 2 5 1 6369 417 6814
11930 2 2 5 1 3578 2970 6315
11931 2 2 5 1 5031 750 6967
11932 2 2 5 1 3668 6198 7091
11933 2 2 5 1 2123 1315 6200
11934 2 2 5 1 4421 6324 7069
11935 2 2 5 1 4750 1734 6728
11936 2 2 5 1 6329 4048 6419
11937 2 2 5 1 3730 3555 6334
11938 2 2 5 1 320 11 6562
11939 2 2 5 1 4618 3591 6379
11940 2 2 5 1 5794 5916 6426
11941 2 2 5 1 3691 5475 6501
11942 2 2 5 1 4418 3513 6306
11943 2 2 5 1 3505 4217 4236
11944 2 2 5 1 839 837 6518
11945 2 2 5 1 1800 5616 6326
11946 2 2 5 1 3563 5820 6322
11947 2 2 5 1 5668 3769 6477
11948 2 2 5 1 4927 5430 6348
11949 2 2 5 1 317 456 6383
11950 2 2 5 1 4285 3543 6317
11951 2 2 5 1 4410 6923 7192
11952 2 2 5 1 2188 3560 6355
11953 2 2 5 1 6296 3969 6336
11954 2 2 5 1 6505 5322 7098
11955 2 2 5 1 6278 5259 6344
11956 2 2 5 1 3643 3645 6307
11957 2 2 5 1 6420 3618 6440
11958 2 2 5 1 3180 4849 6597
11959 2 2 5 1 3584 3582 6325
11960 2 2 5 1 6149 3837 6294
11961 2 2 5 1 2981 2982 3781
11962 2 2 5 1 1317 1309 6229
11963 2 2 5 1 2240 2239 6539
11964 2 2 5 1 412 6456 6852
11965 2 2 5 1 4428 3216 6739
11966 2 2 5 1 4548 6002 6501
11967 2 2 5 1 5067 3749 7056
11968 2 2 5 1 3461 5136 6345
11969 2 2 5 1 2629 2700 6330
11970 2 2 5 1 76 77 1637
11971 2 2 5 1 307 308 1636
11972 2 2 5 1 43 44 6295
11973 2 2 5 1 2150 5320 6333
11974 2 2 5 1 6405 1765 6573
11975 2 2 5 1 5591 984 6583
11976 2 2 5 1 6105 6104 6289
11977 2 2 5 1 4023 3775 4533
11978 2 2 5 1 6219 3995 6348
11979 2 2 5 1 4039 4040 4041
11980 2 2 5 1 5035 5036 6657
11981 2 2 5 1 1970 5455 7182
11982 2 2 5 1 4849 4848 6535
11983 2 2 5 1 4469 3733 6335
11984 2 2 5 1 2435 3022 6628
11985 2 2 5 1 4245 2180 6641
11986 2 2 5 1 2456 3663 6538
11987 2 2 5 1 3582 6313 6325
11988 2 2 5 1 3784 5921 6364
11989 2 2 5 1 342 341 6671
11990 2 2 5 1 4135 5113 6885
11991 2 2 5 1 4642 6304 6401
11992 2 2 5 1 4602 1642 6611
11993 2 2 5 1 1660 1657 6283
11994 2 2 5 1 3960 3961 6565
11995 2 2 5 1 3769 5811 6477
11996 2 2 5 1 3879 3878 3881
11997 2 2 5 1 4913 5296 6337
11998 2 2 5 1 5881 3039 6314
11999 2 2 5 1 222 223 6332
12000 2 2 5 1 410 69 6506
12001 2 2 5 1 2098 5602 6329
12002 2 2 5 1 2406 3585 6267
12003 2 2 5 1 4966 6225 6655
12004 2 2 5 1 5496 6486 6869
12005 2 2 5 1 4281 4328 6323
12006 2 2 5 1 5106 4011 6828
12007 2 2 5 1 1863 5278 6320
12008 2 2 5 1 6305 3915 6363
12009 2 2 5 1 3282 6760 6977
12010 2 2 5 1 84 2138 6137
12011 2 2 5 1 3930 5252 6662
12012 2 2 5 1 40 7 1963
12013 2 2 5 1 3713 4136 6574
12014 2 2 5 1 3052 2177 6347
12015 2 2 5 1 5136 6183 6345
12016 2 2 5 1 2647 5639 6569
12017 2 2 5 1 4549 4548 6501
12018 2 2 5 1 6257 4022 6394
12019 2 2 5 1 3910 6241 6386
12020 2 2 5 1 4159 3750 6539
12021 2 2 5 1 3591 4498 6379
12022 2 2 5 1 4171 4170 6340
12023 2 2 5 1 5493 2200 7001
12024 2 2 5 1 7015 2317 7081
12025 2 2 5 1 4529 4002 6520
12026 2 2 5 1 603 605 6639
12027 2 2 5 1 1531 1618 6200
12028 2 2 5 1 4334 4061 6343
12029 2 2 5 1 324 323 6599
12030 2 2 5 1 6104 2137 6289
12031 2 2 5 1 3928 3929 6822
12032 2 2 5 1 3969 2394 6336
12033 2 2 5 1 3516 2944 6601
12034 2 2 5 1 997 999 6338
12035 2 2 5 1 1530 6020 6453
12036 2 2 5 1 28 29 6397
12037 2 2 5 1 6241 1270 6386
12038 2 2 5 1 5412 5411 6623
12039 2 2 5 1 415 83 6137
12040 2 2 5 1 137 2367 6617
12041 2 2 5 1 3949 4006 6339
12042 2 2 5 1 3594 5404 6810
12043 2 2 5 1 3878 2294 6193
12044 2 2 5 1 2791 3709 6328
12045 2 2 5 1 5133 3747 6669
12046 2 2 5 1 2371 4601 7021
12047 2 2 5 1 5063 5060 6635
12048 2 2 5 1 989 747 6346
12049 2 2 5 1 626 6245 6768
12050 2 2 5 1 156 157 6615
12051 2 2 5 1 105 375 6636
12052 2 2 5 1 6272 4307 6349
12053 2 2 5 1 4004 3032 6316
12054 2 2 5 1 1655 2296 6283
12055 2 2 5 1 4832 4312 6702
12056 2 2 5 1 1696 1698 6193
12057 2 2 5 1 229 1965 6618
12058 2 2 5 1 1774 5094 6341
12059 2 2 5 1 438 228 6618
12060 2 2 5 1 11 1372 6562
12061 2 2 5 1 4095 6149 6294
12062 2 2 5 1 5385 6388 6499
12063 2 2 5 1 5671 3854 6356
12064 2 2 5 1 6035 2636 6328
12065 2 2 5 1 4212 5790 6816
12066 2 2 5 1 3587 4617 6469
12067 2 2 5 1 5054 5053 6731
12068 2 2 5 1 5053 1105 6709
12069 2 2 5 1 3589 3588 3708
12070 2 2 5 1 5430 6219 6348
12071 2 2 5 1 1765 4989 6573
12072 2 2 5 1 4447 6233 6537
12073 2 2 5 1 5214 5739 6653
12074 2 2 5 1 2103 2101 6625
12075 2 2 5 1 3388 4813 6646
12076 2 2 5 1 102 444 6649
12077 2 2 5 1 3332 6257 6394
12078 2 2 5 1 1879 6038 6318
12079 2 2 5 1 1927 101 6649
12080 2 2 5 1 3557 6166 6312
12081 2 2 5 1 5984 3997 6344
12082 2 2 5 1 4145 4144 6939
12083 2 2 5 1 3600 6290 6395
12084 2 2 5 1 4059 6244 6453
12085 2 2 5 1 3587 3586 3588
12086 2 2 5 1 2137 2399 6289
12087 2 2 5 1 3997 6278 6344
12088 2 2 5 1 3646 4183 6591
12089 2 2 5 1 2872 3571 6613
12090 2 2 5 1 2124 6349 6384
12091 2 2 5 1 4826 4586 6927
12092 2 2 5 1 5310 448 6663
12093 2 2 5 1 6234 5300 6377
12094 2 2 5 1 2175 6086 6347
12095 2 2 5 1 2307 2635 2999
12096 2 2 5 1 3784 6364 6436
12097 2 2 5 1 3641 4536 7107
12098 2 2 5 1 6291 2743 6342
12099 2 2 5 1 4638 4639 6370
12100 2 2 5 1 896 5334 6614
12101 2 2 5 1 2444 3097 6227
12102 2 2 5 1 2003 2013 6354
12103 2 2 5 1 4290 4289 7002
12104 2 2 5 1 5830 598 6997
12105 2 2 5 1 3578 6315 6391
12106 2 2 5 1 3557 6312 6460
12107 2 2 5 1 3322 4065 6495
12108 2 2 5 1 5258 5497 6700
12109 2 2 5 1 3502 5368 6620
12110 2 2 5 1 4124 4125 6924
12111 2 2 5 1 4968 6984 7010
12112 2 2 5 1 5113 3374 6885
12113 2 2 5 1 5184 3323 6634
12114 2 2 5 1 3964 3963 6342
12115 2 2 5 1 5099 5100 6902
12116 2 2 5 1 6345 3595 6362
12117 2 2 5 1 3736 3761 6351
12118 2 2 5 1 5941 2714 6678
12119 2 2 5 1 5300 1771 6377
12120 2 2 5 1 3662 3928 6365
12121 2 2 5 1 3084 2143 6643
12122 2 2 5 1 3779 5151 6680
12123 2 2 5 1 111 381 6668
12124 2 2 5 1 3595 2699 6362
12125 2 2 5 1 2448 2948 6357
12126 2 2 5 1 3409 3775 4023
12127 2 2 5 1 4775 4774 6958
12128 2 2 5 1 3504 3931 6459
12129 2 2 5 1 4783 4366 6511
12130 2 2 5 1 4981 6484 6547
12131 2 2 5 1 3137 4009 6626
12132 2 2 5 1 6256 4325 6712
12133 2 2 5 1 6473 3432 6526
12134 2 2 5 1 70 71 6873
12135 2 2 5 1 78 79 6390
12136 2 2 5 1 6312 4063 6460
12137 2 2 5 1 4780 4779 6829
12138 2 2 5 1 2142 2411 6361
12139 2 2 5 1 4467 4468 6443
12140 2 2 5 1 1702 2307 6239
12141 2 2 5 1 2177 2175 6347
12142 2 2 5 1 4323 4324 6359
12143 2 2 5 1 2789 5603 6472
12144 2 2 5 1 5457 4454 6908
12145 2 2 5 1 1944 50 6482
12146 2 2 5 1 5037 5038 6369
12147 2 2 5 1 6268 3618 6418
12148 2 2 5 1 3589 3708 3896
12149 2 2 5 1 3574 6238 6405
12150 2 2 5 1 4827 88 6944
12151 2 2 5 1 6308 4958 6979
12152 2 2 5 1 234 5521 6372
12153 2 2 5 1 3753 4238 6645
12154 2 2 5 1 107 108 6665
12155 2 2 5 1 2716 3531 6678
12156 2 2 5 1 5049 5665 6828
12157 2 2 5 1 4112 4209 6861
12158 2 2 5 1 5477 3181 6581
12159 2 2 5 1 3949 6339 6368
12160 2 2 5 1 5180 1917 6698
12161 2 2 5 1 4005 3949 6368
12162 2 2 5 1 3797 3798 6374
12163 2 2 5 1 4266 4267 6702
12164 2 2 5 1 2124 6033 6349
12165 2 2 5 1 271 272 6375
12166 2 2 5 1 6290 5279 6395
12167 2 2 5 1 4347 3751 6645
12168 2 2 5 1 4292 4293 6551
12169 2 2 5 1 621 4516 7191
12170 2 2 5 1 5572 3948 7092
12171 2 2 5 1 2710 5993 6519
12172 2 2 5 1 1129 1156 6644
12173 2 2 5 1 4997 4998 7151
12174 2 2 5 1 12 3855 6745
12175 2 2 5 1 6483 4141 6906
12176 2 2 5 1 385 319 6371
12177 2 2 5 1 4321 1227 6644
12178 2 2 5 1 4454 5457 7051
12179 2 2 5 1 6384 4358 6439
12180 2 2 5 1 4915 4694 6810
12181 2 2 5 1 6166 2097 6312
12182 2 2 5 1 5827 4229 6681
12183 2 2 5 1 4057 5133 6658
12184 2 2 5 1 2526 5272 6704
12185 2 2 5 1 4916 4915 6810
12186 2 2 5 1 3547 6300 7136
12187 2 2 5 1 4858 6512 6603
12188 2 2 5 1 1667 2291 6616
12189 2 2 5 1 3172 2521 6378
12190 2 2 5 1 1319 1740 6709
12191 2 2 5 1 4015 3920 6606
12192 2 2 5 1 4791 4792 7091
12193 2 2 5 1 817 6129 6350
12194 2 2 5 1 4992 3562 6734
12195 2 2 5 1 6359 409 7126
12196 2 2 5 1 5067 1907 6870
12197 2 2 5 1 1911 539 6741
12198 2 2 5 1 3995 3994 6376
12199 2 2 5 1 5647 5606 6961
12200 2 2 5 1 2876 3530 3626
12201 2 2 5 1 6183 3595 6345
12202 2 2 5 1 1830 1832 6387
12203 2 2 5 1 5609 5070 6803
12204 2 2 5 1 3835 5036 7013
12205 2 2 5 1 4262 3365 6382
12206 2 2 5 1 5998 3501 6571
12207 2 2 5 1 4600 1222 7154
12208 2 2 5 1 1657 1655 6283
12209 2 2 5 1 385 6371 6412
12210 2 2 5 1 6470 4407 6519
12211 2 2 5 1 438 4589 6900
12212 2 2 5 1 5490 5491 6715
12213 2 2 5 1 3681 3361 6352
12214 2 2 5 1 2636 2791 6328
12215 2 2 5 1 3549 4446 6905
12216 2 2 5 1 5162 5476 7178
12217 2 2 5 1 4635 4638 6756
12218 2 2 5 1 6342 4873 6552
12219 2 2 5 1 6033 6272 6349
12220 2 2 5 1 6344 1777 6446
12221 2 2 5 1 739 5941 6611
12222 2 2 5 1 6664 4143 6942
12223 2 2 5 1 6244 1530 6453
12224 2 2 5 1 2296 3075 6366
12225 2 2 5 1 456 6310 6383
12226 2 2 5 1 3147 4007 4081
12227 2 2 5 1 4942 4966 6768
12228 2 2 5 1 4012 6336 6380
12229 2 2 5 1 2146 587 6655
12230 2 2 5 1 178 422 6765
12231 2 2 5 1 1907 177 6765
12232 2 2 5 1 3290 4454 7051
12233 2 2 5 1 1902 2433 6620
12234 2 2 5 1 3774 3773 6710
12235 2 2 5 1 4828 2308 7112
12236 2 2 5 1 5425 5423 7193
12237 2 2 5 1 5931 6746 6753
12238 2 2 5 1 372 4587 7017
12239 2 2 5 1 4380 4381 6973
12240 2 2 5 1 2399 3704 6289
12241 2 2 5 1 6102 3306 6508
12242 2 2 5 1 6348 3995 6376
12243 2 2 5 1 3690 4180 6424
12244 2 2 5 1 4337 3813 6398
12245 2 2 5 1 3147 3146 4007
12246 2 2 5 1 2759 3505 6270
12247 2 2 5 1 2476 2759 6270
12248 2 2 5 1 1486 4745 6445
12249 2 2 5 1 4029 6322 6425
12250 2 2 5 1 5650 5827 6681
12251 2 2 5 1 4485 459 6857
12252 2 2 5 1 2967 4446 6726
12253 2 2 5 1 4074 3194 6706
12254 2 2 5 1 3921 4208 6797
12255 2 2 5 1 2125 464 6633
12256 2 2 5 1 3449 3953 6687
12257 2 2 5 1 1602 1639 6353
12258 2 2 5 1 4081 4007 4082
12259 2 2 5 1 4019 3299 6385
12260 2 2 5 1 3128 2933 6689
12261 2 2 5 1 5951 3304 6606
12262 2 2 5 1 15 712 6561
12263 2 2 5 1 2981 2655 2982
12264 2 2 5 1 3915 6090 6363
12265 2 2 5 1 3097 2476 6270
12266 2 2 5 1 4093 3578 6391
12267 2 2 5 1 6300 5419 7141
12268 2 2 5 1 6141 5410 6711
12269 2 2 5 1 2935 4126 6689
12270 2 2 5 1 3177 3956 6392
12271 2 2 5 1 2839 2473 6658
12272 2 2 5 1 6283 2296 6366
12273 2 2 5 1 3696 3695 6396
12274 2 2 5 1 5800 5446 7033
12275 2 2 5 1 3774 5355 7164
12276 2 2 5 1 277 4889 6945
12277 2 2 5 1 6233 6100 6537
12278 2 2 5 1 4499 5768 6386
12279 2 2 5 1 4534 3600 6395
12280 2 2 5 1 3275 3723 6685
12281 2 2 5 1 469 471 6721
12282 2 2 5 1 5040 5042 6748
12283 2 2 5 1 3484 3581 6672
12284 2 2 5 1 4013 4012 6380
12285 2 2 5 1 4882 4884 6769
12286 2 2 5 1 5043 3335 7144
12287 2 2 5 1 6292 4048 6485
12288 2 2 5 1 31 378 6647
12289 2 2 5 1 847 973 6705
12290 2 2 5 1 4037 5348 6824
12291 2 2 5 1 3623 6314 6385
12292 2 2 5 1 5548 5549 6844
12293 2 2 5 1 6692 3795 6921
12294 2 2 5 1 2512 5758 6549
12295 2 2 5 1 3585 3586 3587
12296 2 2 5 1 2472 4057 6658
12297 2 2 5 1 4438 6447 6495
12298 2 2 5 1 4397 6390 6693
12299 2 2 5 1 5723 4201 6393
12300 2 2 5 1 3624 3010 6622
12301 2 2 5 1 400 5254 6770
12302 2 2 5 1 5061 6055 6730
12303 2 2 5 1 2097 6299 6312
12304 2 2 5 1 3894 6508 6802
12305 2 2 5 1 5800 3450 6687
12306 2 2 5 1 6453 4551 6487
12307 2 2 5 1 1777 5397 6446
12308 2 2 5 1 2833 3146 3147
12309 2 2 5 1 944 5791 6400
12310 2 2 5 1 5271 2679 6681
12311 2 2 5 1 3924 3095 6686
12312 2 2 5 1 14 342 6415
12313 2 2 5 1 1712 6880 7160
12314 2 2 5 1 2196 4245 6743
12315 2 2 5 1 3096 4005 6686
12316 2 2 5 1 910 877 6402
12317 2 2 5 1 4547 6606 6758
12318 2 2 5 1 4872 4869 6820
12319 2 2 5 1 3358 3681 6593
12320 2 2 5 1 3587 3588 3589
12321 2 2 5 1 3796 3795 6692
12322 2 2 5 1 4160 4538 7105
12323 2 2 5 1 3640 5109 6408
12324 2 2 5 1 2139 300 6431
12325 2 2 5 1 6751 3814 6773
12326 2 2 5 1 1641 4254 7106
12327 2 2 5 1 2098 6329 6419
12328 2 2 5 1 5987 2124 6384
12329 2 2 5 1 537 646 6741
12330 2 2 5 1 3861 4323 6359
12331 2 2 5 1 5171 3729 6409
12332 2 2 5 1 4062 4827 6428
12333 2 2 5 1 3581 5891 7181
12334 2 2 5 1 6113 6112 6729
12335 2 2 5 1 5322 6505 6916
12336 2 2 5 1 6790 4154 6835
12337 2 2 5 1 6263 3432 6473
12338 2 2 5 1 5288 2098 6419
12339 2 2 5 1 1746 1602 6353
12340 2 2 5 1 1469 1467 6742
12341 2 2 5 1 3597 2953 6388
12342 2 2 5 1 3257 3972 6404
12343 2 2 5 1 2441 2444 6227
12344 2 2 5 1 4822 4823 6458
12345 2 2 5 1 553 550 6750
12346 2 2 5 1 2348 3493 6401
12347 2 2 5 1 506 5556 6784
12348 2 2 5 1 5140 2553 6418
12349 2 2 5 1 5579 5544 7083
12350 2 2 5 1 301 416 6431
12351 2 2 5 1 29 30 1977
12352 2 2 5 1 5859 6499 6528
12353 2 2 5 1 2758 6355 6480
12354 2 2 5 1 4282 3332 6394
12355 2 2 5 1 4910 4911 6960
12356 2 2 5 1 951 504 6784
12357 2 2 5 1 6487 3265 6592
12358 2 2 5 1 1604 1567 6381
12359 2 2 5 1 5153 5155 6946
12360 2 2 5 1 6038 2122 6389
12361 2 2 5 1 4363 5830 6997
12362 2 2 5 1 6446 5397 6517
12363 2 2 5 1 300 301 6431
12364 2 2 5 1 1666 5025 6796
12365 2 2 5 1 4782 4091 7142
12366 2 2 5 1 1131 1271 6467
12367 2 2 5 1 2697 2777 6403
12368 2 2 5 1 1917 5213 7133
12369 2 2 5 1 1942 1575 6783
12370 2 2 5 1 2996 15 6561
12371 2 2 5 1 4304 623 6781
12372 2 2 5 1 1885 5370 6414
12373 2 2 5 1 4412 1664 7160
12374 2 2 5 1 1224 1154 6407
12375 2 2 5 1 282 283 6411
12376 2 2 5 1 413 326 6774
12377 2 2 5 1 1740 1563 6796
12378 2 2 5 1 2816 2846 6730
12379 2 2 5 1 6389 2122 6421
12380 2 2 5 1 4063 4064 6460
12381 2 2 5 1 3891 4154 6790
12382 2 2 5 1 1780 5729 6798
12383 2 2 5 1 5361 5359 6848
12384 2 2 5 1 5971 3632 6399
12385 2 2 5 1 496 498 6778
12386 2 2 5 1 336 12 6745
12387 2 2 5 1 5385 6341 6388
12388 2 2 5 1 3963 6291 6342
12389 2 2 5 1 5727 4151 6713
12390 2 2 5 1 2238 3052 6327
12391 2 2 5 1 1642 737 6611
12392 2 2 5 1 6613 5302 6974
12393 2 2 5 1 189 190 6410
12394 2 2 5 1 5770 3574 6405
12395 2 2 5 1 3480 4776 7093
12396 2 2 5 1 4072 2841 6723
12397 2 2 5 1 4060 4062 6428
12398 2 2 5 1 4698 5856 6965
12399 2 2 5 1 2438 2313 6327
12400 2 2 5 1 3849 3812 6785
12401 2 2 5 1 5119 3393 6420
12402 2 2 5 1 3590 4783 6511
12403 2 2 5 1 2055 5235 6856
12404 2 2 5 1 4144 6247 6939
12405 2 2 5 1 1373 385 6412
12406 2 2 5 1 4667 444 7012
12407 2 2 5 1 4968 6308 6984
12408 2 2 5 1 5426 3559 6969
12409 2 2 5 1 4165 4167 6659
12410 2 2 5 1 3105 3702 6767
12411 2 2 5 1 3958 3579 6815
12412 2 2 5 1 6661 4297 6977
12413 2 2 5 1 325 1969 6774
12414 2 2 5 1 5132 1908 6433
12415 2 2 5 1 453 36 6772
12416 2 2 5 1 5984 6344 6446
12417 2 2 5 1 43 6295 6909
12418 2 2 5 1 5587 5637 6780
12419 2 2 5 1 6318 6038 6389
12420 2 2 5 1 574 576 6929
12421 2 2 5 1 4538 3302 7112
12422 2 2 5 1 4948 4967 6862
12423 2 2 5 1 5344 5343 6824
12424 2 2 5 1 5241 5242 6830
12425 2 2 5 1 3189 2249 6871
12426 2 2 5 1 1727 6365 6827
12427 2 2 5 1 583 626 6707
12428 2 2 5 1 1552 1510 6423
12429 2 2 5 1 4240 5590 6952
12430 2 2 5 1 4433 4350 6666
12431 2 2 5 1 3750 2805 6856
12432 2 2 5 1 6020 4551 6453
12433 2 2 5 1 3520 3377 6859
12434 2 2 5 1 3391 6442 6461
12435 2 2 5 1 4870 3993 6791
12436 2 2 5 1 4413 4034 6830
12437 2 2 5 1 5056 5055 6914
12438 2 2 5 1 5322 5321 7098
12439 2 2 5 1 97 98 6799
12440 2 2 5 1 695 5669 6780
12441 2 2 5 1 3645 4411 6695
12442 2 2 5 1 419 5495 6882
12443 2 2 5 1 133 134 6422
12444 2 2 5 1 502 951 6842
12445 2 2 5 1 1567 1680 6381
12446 2 2 5 1 1064 1073 6429
12447 2 2 5 1 4411 5939 6695
12448 2 2 5 1 5916 6409 6426
12449 2 2 5 1 4044 4045 6632
12450 2 2 5 1 5132 6433 6452
12451 2 2 5 1 720 5123 7134
12452 2 2 5 1 21 411 6494
12453 2 2 5 1 3964 6342 6552
12454 2 2 5 1 5046 1909 6955
12455 2 2 5 1 3309 2786 6787
12456 2 2 5 1 643 545 6896
12457 2 2 5 1 3781 2982 4039
12458 2 2 5 1 5205 4463 6447
12459 2 2 5 1 4909 4186 6999
12460 2 2 5 1 6465 4021 6575
12461 2 2 5 1 3682 3683 6576
12462 2 2 5 1 3271 3273 6777
12463 2 2 5 1 5049 4319 6813
12464 2 2 5 1 454 5512 7161
12465 2 2 5 1 5725 4054 6800
12466 2 2 5 1 5713 6848 7173
12467 2 2 5 1 2721 2839 6723
12468 2 2 5 1 3729 3628 6441
12469 2 2 5 1 3744 4809 6510
12470 2 2 5 1 5213 5212 6879
12471 2 2 5 1 4512 4513 6948
12472 2 2 5 1 3642 3151 6416
12473 2 2 5 1 5969 1423 6650
12474 2 2 5 1 5535 6764 7076
12475 2 2 5 1 303 304 6463
12476 2 2 5 1 2533 6292 6485
12477 2 2 5 1 6300 4999 7136
12478 2 2 5 1 4816 4817 6886
12479 2 2 5 1 3629 4351 6435
12480 2 2 5 1 4006 6326 6339
12481 2 2 5 1 5542 3581 7181
12482 2 2 5 1 4030 4029 6425
12483 2 2 5 1 1376 1378 6694
12484 2 2 5 1 6385 3299 6437
12485 2 2 5 1 3849 6016 6920
12486 2 2 5 1 8 1944 4295
12487 2 2 5 1 4630 4631 6931
12488 2 2 5 1 5348 5345 6824
12489 2 2 5 1 6055 5061 7056
12490 2 2 5 1 4789 632 6489
12491 2 2 5 1 5532 5352 7147
12492 2 2 5 1 3375 3520 6885
12493 2 2 5 1 5970 717 6654
12494 2 2 5 1 879 881 6835
12495 2 2 5 1 4115 4572 7179
12496 2 2 5 1 786 789 6443
12497 2 2 5 1 4743 3774 7164
12498 2 2 5 1 4572 5028 7179
12499 2 2 5 1 6225 2146 6655
12500 2 2 5 1 4040 6406 6572
12501 2 2 5 1 4042 4040 6572
12502 2 2 5 1 1970 149 6806
12503 2 2 5 1 3992 4158 6791
12504 2 2 5 1 4766 402 7110
12505 2 2 5 1 3018 4701 7125
12506 2 2 5 1 40 1963 6256
12507 2 2 5 1 4298 3784 6436
12508 2 2 5 1 3977 3981 6438
12509 2 2 5 1 4906 4908 6454
12510 2 2 5 1 3570 6301 6859
12511 2 2 5 1 2085 500 6842
12512 2 2 5 1 2785 3868 6877
12513 2 2 5 1 5590 2817 6952
12514 2 2 5 1 7007 4701 7097
12515 2 2 5 1 1418 4435 7135
12516 2 2 5 1 2052 355 6837
12517 2 2 5 1 354 426 6837
12518 2 2 5 1 2701 6426 6441
12519 2 2 5 1 6044 1144 6994
12520 2 2 5 1 3133 4571 7171
12521 2 2 5 1 6414 4066 6598
12522 2 2 5 1 6055 2815 6730
12523 2 2 5 1 3714 4242 6455
12524 2 2 5 1 4096 3053 6760
12525 2 2 5 1 973 845 6788
12526 2 2 5 1 5939 3309 6787
12527 2 2 5 1 6134 3733 7171
12528 2 2 5 1 5246 5247 6668
12529 2 2 5 1 599 603 6997
12530 2 2 5 1 5679 113 6912
12531 2 2 5 1 1209 1569 7174
12532 2 2 5 1 4051 4229 6865
12533 2 2 5 1 3764 5788 6779
12534 2 2 5 1 3407 3409 6311
12535 2 2 5 1 3009 3630 6440
12536 2 2 5 1 2385 5976 6755
12537 2 2 5 1 2701 5794 6426
12538 2 2 5 1 6131 849 6705
12539 2 2 5 1 4089 4150 7043
12540 2 2 5 1 4079 2893 6849
12541 2 2 5 1 455 312 6807
12542 2 2 5 1 1715 5390 6413
12543 2 2 5 1 6426 3729 6441
12544 2 2 5 1 744 732 6444
12545 2 2 5 1 1441 1442 7166
12546 2 2 5 1 3628 3744 6474
12547 2 2 5 1 4026 5108 6818
12548 2 2 5 1 4200 5679 6912
12549 2 2 5 1 4389 4116 6675
12550 2 2 5 1 1537 5519 6861
12551 2 2 5 1 1167 5132 6452
12552 2 2 5 1 49 4295 6690
12553 2 2 5 1 5444 5870 6432
12554 2 2 5 1 114 442 6912
12555 2 2 5 1 4212 4024 6818
12556 2 2 5 1 4073 5091 6947
12557 2 2 5 1 1579 5019 6450
12558 2 2 5 1 5976 6751 6755
12559 2 2 5 1 5857 4096 6760
12560 2 2 5 1 4122 5896 6863
12561 2 2 5 1 2377 2471 6787
12562 2 2 5 1 5350 5346 6868
12563 2 2 5 1 311 5670 6807
12564 2 2 5 1 3757 2770 7074
12565 2 2 5 1 1120 1044 6497
12566 2 2 5 1 4420 3712 6627
12567 2 2 5 1 2122 5954 6421
12568 2 2 5 1 2362 2360 6449
12569 2 2 5 1 3733 3132 7171
12570 2 2 5 1 541 1911 6838
12571 2 2 5 1 1664 1663 7160
12572 2 2 5 1 6909 6295 7084
12573 2 2 5 1 686 685 6864
12574 2 2 5 1 1397 6439 6470
12575 2 2 5 1 548 5759 6750
12576 2 2 5 1 5735 2986 6823
12577 2 2 5 1 1384 5162 7178
12578 2 2 5 1 2160 6308 6979
12579 2 2 5 1 4428 4429 6967
12580 2 2 5 1 5862 2701 6441
12581 2 2 5 1 3108 3684 6889
12582 2 2 5 1 3299 3707 6437
12583 2 2 5 1 4762 3391 6461
12584 2 2 5 1 1966 226 6900
12585 2 2 5 1 227 438 6900
12586 2 2 5 1 4173 6319 6643
12587 2 2 5 1 3289 2767 7060
12588 2 2 5 1 2792 5765 6817
12589 2 2 5 1 1913 489 6872
12590 2 2 5 1 4079 5474 7125
12591 2 2 5 1 2185 557 6855
12592 2 2 5 1 552 553 6834
12593 2 2 5 1 376 5472 6458
12594 2 2 5 1 3335 3334 7144
12595 2 2 5 1 4596 1305 7070
12596 2 2 5 1 2561 5450 6991
12597 2 2 5 1 162 163 6456
12598 2 2 5 1 3154 689 6864
12599 2 2 5 1 5610 2371 7021
12600 2 2 5 1 5210 5209 6993
12601 2 2 5 1 5343 388 6684
12602 2 2 5 1 6197 4127 6713
12603 2 2 5 1 5355 5354 6936
12604 2 2 5 1 5348 4037 7159
12605 2 2 5 1 491 496 6872
12606 2 2 5 1 3286 4197 7188
12607 2 2 5 1 130 131 6457
12608 2 2 5 1 3864 3098 6905
12609 2 2 5 1 2432 3525 6998
12610 2 2 5 1 5663 4123 6952
12611 2 2 5 1 2725 5704 6451
12612 2 2 5 1 2318 2317 7015
12613 2 2 5 1 5690 5466 6888
12614 2 2 5 1 4413 685 7153
12615 2 2 5 1 4080 4303 6890
12616 2 2 5 1 4419 4923 6473
12617 2 2 5 1 3391 5883 6442
12618 2 2 5 1 1397 5987 6439
12619 2 2 5 1 5061 5059 7056
12620 2 2 5 1 2402 2415 7104
12621 2 2 5 1 3928 6822 6827
12622 2 2 5 1 6319 3084 6643
12623 2 2 5 1 2675 2245 6898
12624 2 2 5 1 577 1782 6825
12625 2 2 5 1 1224 6407 6465
12626 2 2 5 1 4436 5735 6698
12627 2 2 5 1 6474 3744 6510
12628 2 2 5 1 2313 2238 6327
12629 2 2 5 1 5877 4348 7162
12630 2 2 5 1 1920 6197 6713
12631 2 2 5 1 6417 3199 6970
12632 2 2 5 1 3931 5933 6459
12633 2 2 5 1 593 616 6464
12634 2 2 5 1 5772 4348 6823
12635 2 2 5 1 4374 5638 6890
12636 2 2 5 1 3748 3749 6870
12637 2 2 5 1 4040 2982 6406
12638 2 2 5 1 5397 5142 6517
12639 2 2 5 1 2062 1730 6899
12640 2 2 5 1 4457 6109 6816
12641 2 2 5 1 423 5542 6918
12642 2 2 5 1 4716 5702 7049
12643 2 2 5 1 6105 6289 6536
12644 2 2 5 1 4535 4162 7085
12645 2 2 5 1 730 5647 6961
12646 2 2 5 1 6139 3407 6311
12647 2 2 5 1 5390 6173 6413
12648 2 2 5 1 5414 5375 7028
12649 2 2 5 1 5787 2387 6839
12650 2 2 5 1 3635 3347 6640
12651 2 2 5 1 563 595 7010
12652 2 2 5 1 399 135 7000
12653 2 2 5 1 6517 5142 6566
12654 2 2 5 1 276 277 6945
12655 2 2 5 1 467 469 6878
12656 2 2 5 1 6289 3704 6536
12657 2 2 5 1 3909 5666 6881
12658 2 2 5 1 595 561 7030
12659 2 2 5 1 5823 5755 6836
12660 2 2 5 1 5931 5930 6746
12661 2 2 5 1 6821 4106 7031
12662 2 2 5 1 369 52 6908
12663 2 2 5 1 4348 5877 6823
12664 2 2 5 1 5976 3814 6751
12665 2 2 5 1 626 581 6789
12666 2 2 5 1 4017 4135 6915
12667 2 2 5 1 3281 3280 7029
12668 2 2 5 1 5987 6384 6439
12669 2 2 5 1 4239 4067 6892
12670 2 2 5 1 5176 4405 7034
12671 2 2 5 1 3425 4305 6798
12672 2 2 5 1 50 51 6482
12673 2 2 5 1 4301 4302 6660
12674 2 2 5 1 5 152 6986
12675 2 2 5 1 232 6 6987
12676 2 2 5 1 151 5 6986
12677 2 2 5 1 914 942 6471
12678 2 2 5 1 6 233 6987
12679 2 2 5 1 445 109 7018
12680 2 2 5 1 401 5877 7162
12681 2 2 5 1 6314 4019 6385
12682 2 2 5 1 3218 5454 6986
12683 2 2 5 1 6422 4420 6627
12684 2 2 5 1 444 103 7012
12685 2 2 5 1 1839 1877 6466
12686 2 2 5 1 6444 732 6504
12687 2 2 5 1 3694 4326 6479
12688 2 2 5 1 1282 1224 6465
12689 2 2 5 1 632 4782 7142
12690 2 2 5 1 5446 5445 7033
12691 2 2 5 1 159 2295 7183
12692 2 2 5 1 5721 3675 6609
12693 2 2 5 1 2707 2709 6478
12694 2 2 5 1 4809 4108 6587
12695 2 2 5 1 750 2937 6892
12696 2 2 5 1 155 156 7192
12697 2 2 5 1 4710 3738 6486
12698 2 2 5 1 247 248 7016
12699 2 2 5 1 3254 4686 7145
12700 2 2 5 1 434 158 7183
12701 2 2 5 1 4120 4070 7014
12702 2 2 5 1 3302 3300 7112
12703 2 2 5 1 6095 3934 6696
12704 2 2 5 1 6719 2054 7079
12705 2 2 5 1 5286 5984 6446
12706 2 2 5 1 4247 6792 7118
12707 2 2 5 1 2632 6092 6888
12708 2 2 5 1 5286 6446 6517
12709 2 2 5 1 3507 4315 6462
12710 2 2 5 1 487 1913 7038
12711 2 2 5 1 3972 3973 6985
12712 2 2 5 1 741 485 7038
12713 2 2 5 1 402 220 7110
12714 2 2 5 1 1671 2368 6982
12715 2 2 5 1 1144 754 7172
12716 2 2 5 1 1588 3942 6503
12717 2 2 5 1 4049 3557 6460
12718 2 2 5 1 221 1964 7110
12719 2 2 5 1 2775 2973 6988
12720 2 2 5 1 5544 5545 7083
12721 2 2 5 1 1156 1260 6963
12722 2 2 5 1 5555 4136 7079
12723 2 2 5 1 441 6258 6747
12724 2 2 5 1 3269 3719 6972
12725 2 2 5 1 3642 6416 6513
12726 2 2 5 1 2892 2891 7124
12727 2 2 5 1 4848 3701 6535
12728 2 2 5 1 3955 6369 6814
12729 2 2 5 1 4551 4550 6487
12730 2 2 5 1 4978 4980 6484
12731 2 2 5 1 2160 567 6984
12732 2 2 5 1 5736 3536 6917
12733 2 2 5 1 5484 2053 6590
12734 2 2 5 1 3476 3473 6476
12735 2 2 5 1 4260 5484 6590
12736 2 2 5 1 274 275 7050
12737 2 2 5 1 4595 4517 7129
12738 2 2 5 1 3102 5590 6932
12739 2 2 5 1 4030 6425 6527
12740 2 2 5 1 4154 3892 6894
12741 2 2 5 1 375 106 6496
12742 2 2 5 1 2603 2605 6490
12743 2 2 5 1 3948 5675 7092
12744 2 2 5 1 53 5457 6908
12745 2 2 5 1 841 950 6792
12746 2 2 5 1 3664 5176 6492
12747 2 2 5 1 323 322 7156
12748 2 2 5 1 2769 2792 7076
12749 2 2 5 1 668 5862 6474
12750 2 2 5 1 668 6474 6510
12751 2 2 5 1 4330 4369 7057
12752 2 2 5 1 3174 3580 7020
12753 2 2 5 1 2655 1747 6406
12754 2 2 5 1 5157 5720 6946
12755 2 2 5 1 6456 4558 6852
12756 2 2 5 1 2278 624 7191
12757 2 2 5 1 2973 2974 6493
12758 2 2 5 1 307 1636 6248
12759 2 2 5 1 293 294 7004
12760 2 2 5 1 5811 4018 6477
12761 2 2 5 1 64 65 6553
12762 2 2 5 1 2200 5592 7001
12763 2 2 5 1 3306 2852 6508
12764 2 2 5 1 4084 5737 6926
12765 2 2 5 1 290 291 7047
12766 2 2 5 1 6477 4018 6498
12767 2 2 5 1 3621 4038 6358
12768 2 2 5 1 38 372 7017
12769 2 2 5 1 4119 2854 6661
12770 2 2 5 1 1949 57 7042
12771 2 2 5 1 384 273 6500
12772 2 2 5 1 6373 4616 7184
12773 2 2 5 1 6173 3635 6413
12774 2 2 5 1 292 380 6847
12775 2 2 5 1 4393 4395 6434
12776 2 2 5 1 3683 3064 6974
12777 2 2 5 1 58 377 7042
12778 2 2 5 1 3152 5677 6992
12779 2 2 5 1 366 423 6491
12780 2 2 5 1 3267 2907 7044
12781 2 2 5 1 5867 5866 6797
12782 2 2 5 1 5862 6441 6474
12783 2 2 5 1 5624 3436 7177
12784 2 2 5 1 559 2185 7030
12785 2 2 5 1 315 314 7131
12786 2 2 5 1 4037 3927 7159
12787 2 2 5 1 3540 2798 6367
12788 2 2 5 1 7073 5945 7090
12789 2 2 5 1 3940 5285 6566
12790 2 2 5 1 3663 4438 6495
12791 2 2 5 1 872 870 6512
12792 2 2 5 1 4962 4968 7027
12793 2 2 5 1 3740 3739 6532
12794 2 2 5 1 3988 3989 6502
12795 2 2 5 1 5036 5037 7013
12796 2 2 5 1 5985 1397 6470
12797 2 2 5 1 79 459 6390
12798 2 2 5 1 3706 5385 6499
12799 2 2 5 1 5879 3909 6904
12800 2 2 5 1 3360 3353 6699
12801 2 2 5 1 732 725 6504
12802 2 2 5 1 304 460 6463
12803 2 2 5 1 5285 5286 6517
12804 2 2 5 1 6587 4108 6610
12805 2 2 5 1 3122 3718 7069
12806 2 2 5 1 4108 4109 6610
12807 2 2 5 1 910 6894 6957
12808 2 2 5 1 2140 6125 6448
12809 2 2 5 1 3351 3360 6703
12810 2 2 5 1 4018 5222 6498
12811 2 2 5 1 5025 2189 6660
12812 2 2 5 1 3971 2468 6887
12813 2 2 5 1 3950 3951 6480
12814 2 2 5 1 3458 3460 6509
12815 2 2 5 1 5605 2368 6902
12816 2 2 5 1 337 382 7180
12817 2 2 5 1 5498 4164 7008
12818 2 2 5 1 5144 5830 6966
12819 2 2 5 1 5770 6405 6573
12820 2 2 5 1 3553 3552 6559
12821 2 2 5 1 5954 1883 6475
12822 2 2 5 1 3955 4825 6522
12823 2 2 5 1 2111 484 7127
12824 2 2 5 1 6645 4238 7016
12825 2 2 5 1 6240 456 6976
12826 2 2 5 1 1271 1604 6467
12827 2 2 5 1 5119 6420 6440
12828 2 2 5 1 4150 3809 6531
12829 2 2 5 1 6441 3628 6474
12830 2 2 5 1 1423 1419 7135
12831 2 2 5 1 4075 4215 6911
12832 2 2 5 1 5285 6517 6566
12833 2 2 5 1 5848 1633 6982
12834 2 2 5 1 449 5471 6815
12835 2 2 5 1 5718 5570 7108
12836 2 2 5 1 6475 1883 6507
12837 2 2 5 1 4109 4111 6638
12838 2 2 5 1 3085 3835 7013
12839 2 2 5 1 1482 5718 6680
12840 2 2 5 1 6188 6718 7054
12841 2 2 5 1 483 4916 7127
12842 2 2 5 1 3684 4260 6590
12843 2 2 5 1 3147 4106 6821
12844 2 2 5 1 5793 668 6510
12845 2 2 5 1 3968 5401 6867
12846 2 2 5 1 3148 3731 6858
12847 2 2 5 1 5533 1976 6950
12848 2 2 5 1 3094 5849 6841
12849 2 2 5 1 6493 5425 7193
12850 2 2 5 1 6421 5954 6475
12851 2 2 5 1 1414 1411 6514
12852 2 2 5 1 22 23 6483
12853 2 2 5 1 6136 3971 6887
12854 2 2 5 1 1100 1101 6523
12855 2 2 5 1 6281 720 7134
12856 2 2 5 1 3432 2995 6526
12857 2 2 5 1 6142 3972 6985
12858 2 2 5 1 6002 3691 6501
12859 2 2 5 1 5803 3497 6916
12860 2 2 5 1 1883 5923 6507
12861 2 2 5 1 1378 1380 7178
12862 2 2 5 1 5603 4075 6468
12863 2 2 5 1 5720 1485 6946
12864 2 2 5 1 5159 400 6983
12865 2 2 5 1 4394 4392 6720
12866 2 2 5 1 1485 1471 6524
12867 2 2 5 1 6341 3597 6388
12868 2 2 5 1 5923 2093 6515
12869 2 2 5 1 2876 3626 6367
12870 2 2 5 1 1418 1415 6521
12871 2 2 5 1 5919 3641 7107
12872 2 2 5 1 3409 4023 6311
12873 2 2 5 1 4165 6659 7008
12874 2 2 5 1 3644 3642 6513
12875 2 2 5 1 403 246 6529
12876 2 2 5 1 481 483 7127
12877 2 2 5 1 735 1642 6860
12878 2 2 5 1 6565 3961 6936
12879 2 2 5 1 3836 3439 6530
12880 2 2 5 1 3679 4388 6485
12881 2 2 5 1 2152 5588 6534
12882 2 2 5 1 4137 5235 6996
12883 2 2 5 1 3711 4808 6585
12884 2 2 5 1 6095 6696 7062
12885 2 2 5 1 3916 3917 6922
12886 2 2 5 1 24 2233 5890
12887 2 2 5 1 6068 2479 6488
12888 2 2 5 1 640 6099 6785
12889 2 2 5 1 644 4749 6544
12890 2 2 5 1 6059 2413 7104
12891 2 2 5 1 6301 3520 6859
12892 2 2 5 1 5720 5157 7063
12893 2 2 5 1 4203 3631 6533
12894 2 2 5 1 5534 5535 6817
12895 2 2 5 1 62 63 6128
12896 2 2 5 1 371 6076 6542
12897 2 2 5 1 5108 5107 6721
12898 2 2 5 1 6148 4134 6951
12899 2 2 5 1 6366 3075 6588
12900 2 2 5 1 6333 5320 6762
12901 2 2 5 1 6507 5923 6515
12902 2 2 5 1 1680 6267 6469
12903 2 2 5 1 6138 14 6415
12904 2 2 5 1 3675 5333 6609
12905 2 2 5 1 2437 2439 6427
12906 2 2 5 1 5778 2240 6539
12907 2 2 5 1 5492 5493 7001
12908 2 2 5 1 5081 5083 6542
12909 2 2 5 1 6245 626 6789
12910 2 2 5 1 4021 3741 6575
12911 2 2 5 1 5342 4999 7141
12912 2 2 5 1 4254 6025 7106
12913 2 2 5 1 87 88 7077
12914 2 2 5 1 3814 4096 6773
12915 2 2 5 1 4002 4004 6520
12916 2 2 5 1 6451 4086 6770
12917 2 2 5 1 3945 3944 6546
12918 2 2 5 1 2798 2876 6367
12919 2 2 5 1 3923 6065 6907
12920 2 2 5 1 3274 3816 7167
12921 2 2 5 1 5091 2121 6917
12922 2 2 5 1 5830 4095 6966
12923 2 2 5 1 439 5190 6576
12924 2 2 5 1 6370 5744 7157
12925 2 2 5 1 6036 4030 6527
12926 2 2 5 1 6537 3503 6550
12927 2 2 5 1 6259 4834 6895
12928 2 2 5 1 5993 5985 6519
12929 2 2 5 1 5507 320 6562
12930 2 2 5 1 3501 2456 6538
12931 2 2 5 1 6365 3928 6827
12932 2 2 5 1 4103 6044 6994
12933 2 2 5 1 578 627 6551
12934 2 2 5 1 6469 4617 6801
12935 2 2 5 1 3310 3743 6528
12936 2 2 5 1 5985 6470 6519
12937 2 2 5 1 6437 3707 6525
12938 2 2 5 1 2900 2437 6427
12939 2 2 5 1 1962 5473 7025
12940 2 2 5 1 5034 6014 6754
12941 2 2 5 1 25 26 6555
12942 2 2 5 1 3567 3176 6548
12943 2 2 5 1 5896 2113 6863
12944 2 2 5 1 3580 6218 7020
12945 2 2 5 1 3503 3084 6550
12946 2 2 5 1 3647 3649 6545
12947 2 2 5 1 4065 4066 6571
12948 2 2 5 1 4617 4528 6801
12949 2 2 5 1 4381 5956 6981
12950 2 2 5 1 1680 6469 6801
12951 2 2 5 1 5837 4092 7170
12952 2 2 5 1 2152 6534 6580
12953 2 2 5 1 4923 6263 6473
12954 2 2 5 1 5512 6404 7161
12955 2 2 5 1 3810 4090 6631
12956 2 2 5 1 5920 3776 6612
12957 2 2 5 1 3917 6215 6614
12958 2 2 5 1 6610 4109 6638
12959 2 2 5 1 4888 4146 6725
12960 2 2 5 1 984 5371 6583
12961 2 2 5 1 4895 3709 6821
12962 2 2 5 1 4495 1685 7100
12963 2 2 5 1 950 839 6518
12964 2 2 5 1 5832 5720 7063
12965 2 2 5 1 6203 3619 6543
12966 2 2 5 1 4 75 6540
12967 2 2 5 1 1489 2197 7163
12968 2 2 5 1 607 610 6568
12969 2 2 5 1 6091 2832 7159
12970 2 2 5 1 5606 5647 7039
12971 2 2 5 1 3707 6150 6525
12972 2 2 5 1 6198 4101 6958
12973 2 2 5 1 6729 6112 6964
12974 2 2 5 1 4555 2419 6602
12975 2 2 5 1 6031 1285 6575
12976 2 2 5 1 3712 5620 6627
12977 2 2 5 1 3426 2856 6560
12978 2 2 5 1 5353 386 6565
12979 2 2 5 1 446 96 6563
12980 2 2 5 1 6510 4809 6587
12981 2 2 5 1 722 718 6558
12982 2 2 5 1 6368 3622 7116
12983 2 2 5 1 5758 4288 6549
12984 2 2 5 1 4789 6489 6728
12985 2 2 5 1 5945 3155 7090
12986 2 2 5 1 890 892 6570
12987 2 2 5 1 616 5613 6547
12988 2 2 5 1 409 6211 7126
12989 2 2 5 1 4405 3646 6591
12990 2 2 5 1 6248 1636 6249
12991 2 2 5 1 4147 4246 7121
12992 2 2 5 1 6076 5081 6542
12993 2 2 5 1 3417 5111 6579
12994 2 2 5 1 5992 3968 6867
12995 2 2 5 1 6960 4911 7156
12996 2 2 5 1 5755 6805 6836
12997 2 2 5 1 6189 425 6564
12998 2 2 5 1 4367 460 7132
12999 2 2 5 1 1097 1095 6582
13000 2 2 5 1 2973 6274 6988
13001 2 2 5 1 4653 5477 6581
13002 2 2 5 1 82 415 6733
13003 2 2 5 1 68 410 6642
13004 2 2 5 1 5980 6040 6883
13005 2 2 5 1 4353 4027 6739
13006 2 2 5 1 6629 2364 6989
13007 2 2 5 1 4362 4363 6639
13008 2 2 5 1 6602 2419 6652
13009 2 2 5 1 6484 616 6547
13010 2 2 5 1 3723 6450 6685
13011 2 2 5 1 1372 5977 6562
13012 2 2 5 1 4162 6015 7085
13013 2 2 5 1 5495 6392 6882
13014 2 2 5 1 6950 1976 7138
13015 2 2 5 1 5142 1025 6566
13016 2 2 5 1 5639 5536 6569
13017 2 2 5 1 3787 3788 6775
13018 2 2 5 1 6100 3503 6537
13019 2 2 5 1 6409 3729 6426
13020 2 2 5 1 1304 1302 7137
13021 2 2 5 1 4455 5695 6851
13022 2 2 5 1 9 436 6763
13023 2 2 5 1 6515 2093 6596
13024 2 2 5 1 3715 3713 6574
13025 2 2 5 1 6308 2160 6984
13026 2 2 5 1 712 733 6561
13027 2 2 5 1 2185 4464 6943
13028 2 2 5 1 388 6202 6684
13029 2 2 5 1 5991 5609 7007
13030 2 2 5 1 3362 3359 6589
13031 2 2 5 1 3755 3940 6648
13032 2 2 5 1 2121 5981 6917
13033 2 2 5 1 5793 6510 6587
13034 2 2 5 1 455 4559 6804
13035 2 2 5 1 5391 2152 6580
13036 2 2 5 1 3417 6579 6641
13037 2 2 5 1 2062 5599 6851
13038 2 2 5 1 6163 3556 6844
13039 2 2 5 1 3723 5770 6573
13040 2 2 5 1 371 6542 6692
13041 2 2 5 1 4228 5394 6663
13042 2 2 5 1 6056 1705 7031
13043 2 2 5 1 6490 2988 6868
13044 2 2 5 1 4500 1709 6737
13045 2 2 5 1 6188 6187 6718
13046 2 2 5 1 893 4015 6603
13047 2 2 5 1 4920 4004 6727
13048 2 2 5 1 3525 6393 6998
13049 2 2 5 1 4638 6370 7157
13050 2 2 5 1 5316 910 6957
13051 2 2 5 1 6528 3743 6586
13052 2 2 5 1 4215 3621 6358
13053 2 2 5 1 4842 3810 6584
13054 2 2 5 1 6582 1095 6624
13055 2 2 5 1 3747 4991 6669
13056 2 2 5 1 4776 4775 6609
13057 2 2 5 1 29 1977 6397
13058 2 2 5 1 3998 6138 6415
13059 2 2 5 1 5889 5017 7023
13060 2 2 5 1 2053 5553 6590
13061 2 2 5 1 5612 6101 6843
13062 2 2 5 1 4435 4433 6666
13063 2 2 5 1 442 5355 6710
13064 2 2 5 1 4150 6633 6763
13065 2 2 5 1 3815 4270 6559
13066 2 2 5 1 746 6198 6958
13067 2 2 5 1 6567 4346 6688
13068 2 2 5 1 6355 3950 6480
13069 2 2 5 1 3355 3358 6593
13070 2 2 5 1 1714 781 6600
13071 2 2 5 1 4317 5566 6629
13072 2 2 5 1 4058 4059 6592
13073 2 2 5 1 5742 2094 6591
13074 2 2 5 1 4462 1639 7163
13075 2 2 5 1 2479 5886 6594
13076 2 2 5 1 4829 6853 6975
13077 2 2 5 1 4193 3180 6597
13078 2 2 5 1 5183 5184 6598
13079 2 2 5 1 6488 2479 6594
13080 2 2 5 1 4827 4826 7077
13081 2 2 5 1 2086 5793 6587
13082 2 2 5 1 4254 4251 6766
13083 2 2 5 1 6575 3741 6674
13084 2 2 5 1 1431 1435 6607
13085 2 2 5 1 6408 5109 6430
13086 2 2 5 1 6547 5613 6595
13087 2 2 5 1 2265 6105 6536
13088 2 2 5 1 2086 6587 6610
13089 2 2 5 1 5540 5541 6672
13090 2 2 5 1 4106 4081 6577
13091 2 2 5 1 6531 2125 6633
13092 2 2 5 1 4088 4317 6629
13093 2 2 5 1 3743 4181 6586
13094 2 2 5 1 1305 1307 7070
13095 2 2 5 1 4152 6334 7035
13096 2 2 5 1 2854 4297 6661
13097 2 2 5 1 2944 2945 6601
13098 2 2 5 1 731 6370 6752
13099 2 2 5 1 992 1641 7106
13100 2 2 5 1 5323 402 6605
13101 2 2 5 1 5427 5426 6604
13102 2 2 5 1 3742 4858 6603
13103 2 2 5 1 7029 3280 7096
13104 2 2 5 1 5613 2146 6595
13105 2 2 5 1 4999 6300 7141
13106 2 2 5 1 4619 3357 6667
13107 2 2 5 1 3967 3755 6679
13108 2 2 5 1 4506 5800 7033
13109 2 2 5 1 4483 4396 6693
13110 2 2 5 1 1969 324 6599
13111 2 2 5 1 3075 4161 6588
13112 2 2 5 1 6077 4228 6663
13113 2 2 5 1 6608 3682 6819
13114 2 2 5 1 4167 4767 6659
13115 2 2 5 1 3240 4213 7103
13116 2 2 5 1 341 435 6671
13117 2 2 5 1 4305 4304 6601
13118 2 2 5 1 383 6358 7064
13119 2 2 5 1 5235 1678 6996
13120 2 2 5 1 5017 5016 7023
13121 2 2 5 1 4826 397 7077
13122 2 2 5 1 4663 371 6692
13123 2 2 5 1 416 302 6876
13124 2 2 5 1 4571 6134 7171
13125 2 2 5 1 5550 6189 6564
13126 2 2 5 1 5352 5350 7147
13127 2 2 5 1 6007 2125 6584
13128 2 2 5 1 2093 5619 6596
13129 2 2 5 1 5882 62 6128
13130 2 2 5 1 6591 4183 7114
13131 2 2 5 1 4468 4532 6934
13132 2 2 5 1 4058 6592 6608
13133 2 2 5 1 6668 5247 7018
13134 2 2 5 1 3940 6566 6648
13135 2 2 5 1 6566 1025 6648
13136 2 2 5 1 1095 1093 6624
13137 2 2 5 1 6436 2892 7124
13138 2 2 5 1 5310 6663 6992
13139 2 2 5 1 4302 4784 6660
13140 2 2 5 1 6402 4154 6894
13141 2 2 5 1 2982 2655 6406
13142 2 2 5 1 4059 6487 6592
13143 2 2 5 1 4925 3388 6646
13144 2 2 5 1 5211 3567 6632
13145 2 2 5 1 737 739 6611
13146 2 2 5 1 6334 3555 7035
13147 2 2 5 1 6267 3585 6469
13148 2 2 5 1 3858 4455 6851
13149 2 2 5 1 2874 2872 6613
13150 2 2 5 1 5762 2086 6610
13151 2 2 5 1 6301 6302 6915
13152 2 2 5 1 3556 5579 7083
13153 2 2 5 1 157 434 6615
13154 2 2 5 1 4895 6821 7031
13155 2 2 5 1 5522 4616 7138
13156 2 2 5 1 4146 4241 6725
13157 2 2 5 1 3323 5174 6634
13158 2 2 5 1 6294 3837 7134
13159 2 2 5 1 2419 4648 6652
13160 2 2 5 1 6361 2411 6505
13161 2 2 5 1 5849 4058 6608
13162 2 2 5 1 1781 6148 6951
13163 2 2 5 1 6042 6357 7005
13164 2 2 5 1 4866 3826 6656
13165 2 2 5 1 4462 5904 6942
13166 2 2 5 1 3920 5951 6606
13167 2 2 5 1 6481 2278 7191
13168 2 2 5 1 136 137 6617
13169 2 2 5 1 228 229 6618
13170 2 2 5 1 4560 6351 7131
13171 2 2 5 1 5411 404 6623
13172 2 2 5 1 4347 5194 7162
13173 2 2 5 1 4083 4084 6747
13174 2 2 5 1 6638 4111 6708
13175 2 2 5 1 3709 2833 6821
13176 2 2 5 1 2107 2103 6625
13177 2 2 5 1 5368 1902 6620
13178 2 2 5 1 295 2140 6850
13179 2 2 5 1 3943 2435 6628
13180 2 2 5 1 4236 4217 6506
13181 2 2 5 1 5060 5061 6635
13182 2 2 5 1 6398 4204 6516
13183 2 2 5 1 3788 5099 6775
13184 2 2 5 1 3878 6193 6472
13185 2 2 5 1 2763 1667 6616
13186 2 2 5 1 4027 4428 6739
13187 2 2 5 1 3363 4519 6826
13188 2 2 5 1 6464 616 6484
13189 2 2 5 1 910 6402 6894
13190 2 2 5 1 1630 5110 6637
13191 2 2 5 1 2180 3417 6641
13192 2 2 5 1 5566 5255 6629
13193 2 2 5 1 4094 3137 6626
13194 2 2 5 1 4829 4797 6853
13195 2 2 5 1 6430 5109 6809
13196 2 2 5 1 3497 5861 6762
13197 2 2 5 1 420 5035 6657
13198 2 2 5 1 4546 4547 6758
13199 2 2 5 1 104 105 6636
13200 2 2 5 1 2368 5813 6902
13201 2 2 5 1 6634 5174 6673
13202 2 2 5 1 30 31 6647
13203 2 2 5 1 3498 6654 6683
13204 2 2 5 1 6486 3738 6869
13205 2 2 5 1 6369 3955 6522
13206 2 2 5 1 6332 414 6659
13207 2 2 5 1 3755 6648 6679
13208 2 2 5 1 6202 4036 6684
13209 2 2 5 1 6031 6575 6674
13210 2 2 5 1 605 1008 6639
13211 2 2 5 1 6496 4120 7014
13212 2 2 5 1 3498 5970 6654
13213 2 2 5 1 6324 4553 7108
13214 2 2 5 1 464 462 6633
13215 2 2 5 1 5018 5020 6884
13216 2 2 5 1 449 6815 7150
13217 2 2 5 1 6021 4014 6969
13218 2 2 5 1 4524 4525 6744
13219 2 2 5 1 6210 3704 6941
13220 2 2 5 1 4597 4156 6740
13221 2 2 5 1 4980 6464 6484
13222 2 2 5 1 5647 5591 7039
13223 2 2 5 1 5314 3571 7173
13224 2 2 5 1 4052 5839 6895
13225 2 2 5 1 380 6435 6847
13226 2 2 5 1 1117 6833 6845
13227 2 2 5 1 400 6770 6983
13228 2 2 5 1 6653 4872 6820
13229 2 2 5 1 4218 3898 6811
13230 2 2 5 1 313 455 6804
13231 2 2 5 1 3094 6841 7155
13232 2 2 5 1 660 5762 6638
13233 2 2 5 1 2143 2226 6643
13234 2 2 5 1 5762 6610 6638
13235 2 2 5 1 6581 4716 7049
13236 2 2 5 1 3010 3012 6622
13237 2 2 5 1 587 585 6655
13238 2 2 5 1 101 102 6649
13239 2 2 5 1 646 5214 6653
13240 2 2 5 1 1227 1129 6644
13241 2 2 5 1 4081 4082 6612
13242 2 2 5 1 4008 6128 6840
13243 2 2 5 1 3751 3753 6645
13244 2 2 5 1 6070 4457 6816
13245 2 2 5 1 46 47 6794
13246 2 2 5 1 5272 4930 6704
13247 2 2 5 1 6718 4253 7054
13248 2 2 5 1 1977 30 6647
13249 2 2 5 1 3585 3587 6469
13250 2 2 5 1 6303 5654 6920
13251 2 2 5 1 6499 3310 6528
13252 2 2 5 1 4233 7071 7120
13253 2 2 5 1 3948 5572 6961
13254 2 2 5 1 4702 1714 6676
13255 2 2 5 1 717 6007 6631
13256 2 2 5 1 3781 4039 6677
13257 2 2 5 1 4692 4690 6619
13258 2 2 5 1 4116 4115 6675
13259 2 2 5 1 4082 4007 6840
13260 2 2 5 1 3534 6324 7108
13261 2 2 5 1 6193 2789 6472
13262 2 2 5 1 3181 5945 7073
13263 2 2 5 1 314 313 6804
13264 2 2 5 1 459 80 6857
13265 2 2 5 1 3824 5029 6736
13266 2 2 5 1 1025 5381 6648
13267 2 2 5 1 4297 3523 6651
13268 2 2 5 1 4889 4886 6945
13269 2 2 5 1 4312 3930 6662
13270 2 2 5 1 5783 660 6708
13271 2 2 5 1 4091 4782 6883
13272 2 2 5 1 6651 3757 7074
13273 2 2 5 1 6689 4126 7026
13274 2 2 5 1 1709 4497 6701
13275 2 2 5 1 6393 4201 6998
13276 2 2 5 1 6597 3764 6779
13277 2 2 5 1 4267 4832 6702
13278 2 2 5 1 3347 3349 6640
13279 2 2 5 1 3718 3504 7082
13280 2 2 5 1 4141 4142 6906
13281 2 2 5 1 1746 6353 6572
13282 2 2 5 1 6324 3534 7069
13283 2 2 5 1 108 445 6665
13284 2 2 5 1 3937 3936 6670
13285 2 2 5 1 1117 6066 6833
13286 2 2 5 1 2317 5024 7081
13287 2 2 5 1 5904 3904 6664
13288 2 2 5 1 4702 6676 6716
13289 2 2 5 1 6215 896 6614
13290 2 2 5 1 1885 6414 6598
13291 2 2 5 1 3523 6650 6651
13292 2 2 5 1 6007 6584 6631
13293 2 2 5 1 2473 2472 6658
13294 2 2 5 1 3704 3007 6941
13295 2 2 5 1 3881 3878 6472
13296 2 2 5 1 3341 3339 6697
13297 2 2 5 1 3767 4600 6691
13298 2 2 5 1 110 111 6668
13299 2 2 5 1 6025 972 7106
13300 2 2 5 1 3355 6593 6699
13301 2 2 5 1 3523 5969 6650
13302 2 2 5 1 1637 77 6782
13303 2 2 5 1 3708 5956 6567
13304 2 2 5 1 6704 4930 6757
13305 2 2 5 1 4693 6619 7003
13306 2 2 5 1 6004 6845 6866
13307 2 2 5 1 6121 3149 7058
13308 2 2 5 1 4369 6605 7057
13309 2 2 5 1 4797 4069 6853
13310 2 2 5 1 2266 4993 7146
13311 2 2 5 1 4478 2561 6991
13312 2 2 5 1 403 6529 6924
13313 2 2 5 1 849 847 6705
13314 2 2 5 1 4578 4579 6714
13315 2 2 5 1 4663 6692 6921
13316 2 2 5 1 78 6390 6782
13317 2 2 5 1 4782 1744 6883
13318 2 2 5 1 5566 6451 6770
13319 2 2 5 1 4183 6259 7114
13320 2 2 5 1 6577 4310 7185
13321 2 2 5 1 5381 2526 6679
13322 2 2 5 1 4478 6991 7144
13323 2 2 5 1 5174 3785 6673
13324 2 2 5 1 828 4702 6716
13325 2 2 5 1 4046 4047 6918
13326 2 2 5 1 3486 3484 6672
13327 2 2 5 1 6505 2411 6916
13328 2 2 5 1 6655 585 6707
13329 2 2 5 1 4571 4335 6925
13330 2 2 5 1 6746 4894 6753
13331 2 2 5 1 4553 3779 6680
13332 2 2 5 1 448 6077 6663
13333 2 2 5 1 3741 6054 6674
13334 2 2 5 1 88 89 6944
13335 2 2 5 1 2471 6307 6695
13336 2 2 5 1 6287 440 6696
13337 2 2 5 1 150 5454 6806
13338 2 2 5 1 4389 4383 7187
13339 2 2 5 1 2768 4487 7065
13340 2 2 5 1 4036 4037 6684
13341 2 2 5 1 6664 3904 6754
13342 2 2 5 1 4126 4377 7026
13343 2 2 5 1 6648 5381 6679
13344 2 2 5 1 2200 5493 7075
13345 2 2 5 1 6584 3810 6631
13346 2 2 5 1 4701 6803 7125
13347 2 2 5 1 4057 3498 6683
13348 2 2 5 1 2714 2716 6678
13349 2 2 5 1 306 6248 7132
13350 2 2 5 1 828 6716 6749
13351 2 2 5 1 6248 4367 7132
13352 2 2 5 1 6004 1117 6845
13353 2 2 5 1 5238 4193 6812
13354 2 2 5 1 3450 3449 6687
13355 2 2 5 1 3273 3275 6685
13356 2 2 5 1 5024 2266 7122
13357 2 2 5 1 3934 3935 6696
13358 2 2 5 1 2679 5650 6681
13359 2 2 5 1 5848 4097 6930
13360 2 2 5 1 3520 6301 6915
13361 2 2 5 1 3426 6560 7095
13362 2 2 5 1 6539 2239 7088
13363 2 2 5 1 585 583 6707
13364 2 2 5 1 6959 3860 7190
13365 2 2 5 1 19 20 6682
13366 2 2 5 1 4348 4347 7162
13367 2 2 5 1 4184 6753 7037
13368 2 2 5 1 3719 6637 6972
13369 2 2 5 1 4616 5522 7184
13370 2 2 5 1 2933 2935 6689
13371 2 2 5 1 4116 4389 7187
13372 2 2 5 1 1105 1319 6709
13373 2 2 5 1 5497 4227 6700
13374 2 2 5 1 6666 1423 7135
13375 2 2 5 1 4614 4613 6938
13376 2 2 5 1 3095 3096 6686
13377 2 2 5 1 5654 3849 6920
13378 2 2 5 1 3207 5636 6949
13379 2 2 5 1 460 305 7132
13380 2 2 5 1 4251 4252 6766
13381 2 2 5 1 3749 6055 7056
13382 2 2 5 1 4298 6436 7124
13383 2 2 5 1 2166 6711 6718
13384 2 2 5 1 6548 4044 6632
13385 2 2 5 1 4156 4155 6740
13386 2 2 5 1 3052 6347 6729
13387 2 2 5 1 5414 4043 7153
13388 2 2 5 1 6246 4094 7123
13389 2 2 5 1 417 5046 6814
13390 2 2 5 1 303 6463 6876
13391 2 2 5 1 4193 6779 6812
13392 2 2 5 1 6351 392 7131
13393 2 2 5 1 3194 3195 6706
13394 2 2 5 1 4679 375 7014
13395 2 2 5 1 6994 1144 7172
13396 2 2 5 1 6316 3971 6727
13397 2 2 5 1 4703 828 6749
13398 2 2 5 1 1636 308 6722
13399 2 2 5 1 6875 5551 7130
13400 2 2 5 1 4893 6751 6773
13401 2 2 5 1 3189 4514 7170
13402 2 2 5 1 5665 1115 6828
13403 2 2 5 1 6662 3267 7044
13404 2 2 5 1 3353 3355 6699
13405 2 2 5 1 4233 6735 7071
13406 2 2 5 1 4889 277 7117
13407 2 2 5 1 2937 5054 6731
13408 2 2 5 1 4352 4177 6701
13409 2 2 5 1 5353 6565 6936
13410 2 2 5 1 4761 4759 7068
13411 2 2 5 1 2223 1376 6694
13412 2 2 5 1 5877 5180 6698
13413 2 2 5 1 4270 6351 7140
13414 2 2 5 1 6533 4104 7059
13415 2 2 5 1 3773 4200 6710
13416 2 2 5 1 4446 5331 6905
13417 2 2 5 1 4893 3825 6751
13418 2 2 5 1 6949 5636 6971
13419 2 2 5 1 65 3 6554
13420 2 2 5 1 2364 5135 6989
13421 2 2 5 1 3825 4894 6755
13422 2 2 5 1 76 1637 6759
13423 2 2 5 1 5493 5490 6715
13424 2 2 5 1 6673 3785 6738
13425 2 2 5 1 6309 5554 6719
13426 2 2 5 1 6397 4614 6541
13427 2 2 5 1 1734 4789 6728
13428 2 2 5 1 5090 7086 7115
13429 2 2 5 1 2250 5496 6869
13430 2 2 5 1 4606 4608 6761
13431 2 2 5 1 6659 414 7008
13432 2 2 5 1 5783 6708 7068
13433 2 2 5 1 3731 6652 6858
13434 2 2 5 1 3785 5134 6738
13435 2 2 5 1 308 309 6722
13436 2 2 5 1 6434 4395 6968
13437 2 2 5 1 6628 4119 6661
13438 2 2 5 1 5350 6868 7147
13439 2 2 5 1 3027 4866 6802
13440 2 2 5 1 4004 6316 6727
13441 2 2 5 1 3436 6901 7177
13442 2 2 5 1 4694 3594 6810
13443 2 2 5 1 3571 5713 7173
13444 2 2 5 1 6696 440 7062
13445 2 2 5 1 4894 3639 6753
13446 2 2 5 1 2634 6866 6897
13447 2 2 5 1 471 474 6721
13448 2 2 5 1 4759 4757 7087
13449 2 2 5 1 3562 1611 6734
13450 2 2 5 1 4233 4235 6735
13451 2 2 5 1 4071 6564 6875
13452 2 2 5 1 4127 5727 6713
13453 2 2 5 1 6357 4792 7005
13454 2 2 5 1 3795 4814 6921
13455 2 2 5 1 4248 2967 6726
13456 2 2 5 1 4757 4755 7113
13457 2 2 5 1 370 6424 6799
13458 2 2 5 1 4202 7015 7081
13459 2 2 5 1 6640 3349 6703
13460 2 2 5 1 406 6199 6555
13461 2 2 5 1 6270 4492 6913
13462 2 2 5 1 382 6776 7180
13463 2 2 5 1 408 5066 6874
13464 2 2 5 1 81 82 6733
13465 2 2 5 1 4930 1495 6757
13466 2 2 5 1 6734 1611 6748
13467 2 2 5 1 7081 5024 7122
13468 2 2 5 1 384 6500 6939
13469 2 2 5 1 4519 2100 6771
13470 2 2 5 1 5476 4234 7078
13471 2 2 5 1 5636 1653 6971
13472 2 2 5 1 1963 7 4324
13473 2 2 5 1 3957 5238 6854
13474 2 2 5 1 2100 6031 6674
13475 2 2 5 1 6793 4773 6795
13476 2 2 5 1 5756 3636 6719
13477 2 2 5 1 2054 5555 7079
13478 2 2 5 1 3349 3351 6703
13479 2 2 5 1 6295 3626 7084
13480 2 2 5 1 6424 4180 6799
13481 2 2 5 1 7068 4759 7087
13482 2 2 5 1 6633 462 6763
13483 2 2 5 1 6738 5134 6790
13484 2 2 5 1 2 25 6556
13485 2 2 5 1 6530 412 6852
13486 2 2 5 1 5019 5018 6884
13487 2 2 5 1 75 76 6759
13488 2 2 5 1 4753 4314 7176
13489 2 2 5 1 6853 435 6975
13490 2 2 5 1 1918 6645 7016
13491 2 2 5 1 6674 6054 6771
13492 2 2 5 1 4755 4753 7139
13493 2 2 5 1 4634 4635 6756
13494 2 2 5 1 3917 6667 6922
13495 2 2 5 1 2841 2721 6723
13496 2 2 5 1 4613 3811 6938
13497 2 2 5 1 5238 6812 6854
13498 2 2 5 1 7122 2266 7146
13499 2 2 5 1 539 537 6741
13500 2 2 5 1 1743 4742 7186
13501 2 2 5 1 5661 1605 7034
13502 2 2 5 1 2815 2816 6730
13503 2 2 5 1 1638 4773 6793
13504 2 2 5 1 2197 6800 7163
13505 2 2 5 1 4013 6148 6978
13506 2 2 5 1 4767 6332 6659
13507 2 2 5 1 5337 441 6747
13508 2 2 5 1 1611 5040 6748
13509 2 2 5 1 660 6638 6708
13510 2 2 5 1 3097 6270 6913
13511 2 2 5 1 4684 2196 6743
13512 2 2 5 1 1467 1482 6742
13513 2 2 5 1 6092 5572 7092
13514 2 2 5 1 3216 2465 6739
13515 2 2 5 1 6672 5541 7041
13516 2 2 5 1 6109 4212 6816
13517 2 2 5 1 5252 5251 7019
13518 2 2 5 1 4630 5828 6948
13519 2 2 5 1 6538 4065 6571
13520 2 2 5 1 4652 4653 7143
13521 2 2 5 1 5619 6430 6596
13522 2 2 5 1 5556 731 6752
13523 2 2 5 1 2225 5848 6930
13524 2 2 5 1 382 336 6745
13525 2 2 5 1 6255 3052 6729
13526 2 2 5 1 5320 5322 6762
13527 2 2 5 1 71 457 6873
13528 2 2 5 1 6701 4177 6737
13529 2 2 5 1 5714 3864 7095
13530 2 2 5 1 5347 6490 6868
13531 2 2 5 1 5599 3858 6851
13532 2 2 5 1 6145 3012 6832
13533 2 2 5 1 2851 4893 6773
13534 2 2 5 1 3622 4684 7116
13535 2 2 5 1 2634 6004 6866
13536 2 2 5 1 4150 6531 6633
13537 2 2 5 1 4148 3957 6919
13538 2 2 5 1 2166 6141 6711
13539 2 2 5 1 3501 6538 6571
13540 2 2 5 1 63 64 405
13541 2 2 5 1 26 27 406
13542 2 2 5 1 4703 6749 6795
13543 2 2 5 1 3987 6578 6831
13544 2 2 5 1 5520 6142 6985
13545 2 2 5 1 2442 6434 6968
13546 2 2 5 1 7113 4755 7139
13547 2 2 5 1 4944 4942 6768
13548 2 2 5 1 177 178 6765
13549 2 2 5 1 4104 4512 7059
13550 2 2 5 1 3708 6567 6688
13551 2 2 5 1 7086 2291 7115
13552 2 2 5 1 4884 4889 6769
13553 2 2 5 1 4177 4178 6737
13554 2 2 5 1 36 37 6772
13555 2 2 5 1 5402 6959 7190
13556 2 2 5 1 3665 6092 7092
13557 2 2 5 1 67 6642 7128
13558 2 2 5 1 6427 2442 6968
13559 2 2 5 1 1776 6790 6835
13560 2 2 5 1 6735 4235 6960
13561 2 2 5 1 3053 3943 6760
13562 2 2 5 1 6554 2232 6808
13563 2 2 5 1 5581 4123 6863
13564 2 2 5 1 6148 5103 6978
13565 2 2 5 1 5254 5566 6770
13566 2 2 5 1 4995 6875 7130
13567 2 2 5 1 5355 6936 7164
13568 2 2 5 1 326 325 6774
13569 2 2 5 1 3104 3105 6767
13570 2 2 5 1 4664 1508 6891
13571 2 2 5 1 6347 6113 6729
13572 2 2 5 1 2874 6613 6974
13573 2 2 5 1 5213 6879 7133
13574 2 2 5 1 3304 5656 6758
13575 2 2 5 1 845 843 6788
13576 2 2 5 1 5930 2385 6746
13577 2 2 5 1 5103 720 6978
13578 2 2 5 1 6450 5019 6685
13579 2 2 5 1 5410 2757 7094
13580 2 2 5 1 294 295 6850
13581 2 2 5 1 136 6617 7000
13582 2 2 5 1 498 2085 6778
13583 2 2 5 1 3536 2722 7024
13584 2 2 5 1 2962 5787 6775
13585 2 2 5 1 3012 6260 6832
13586 2 2 5 1 6708 4761 7068
13587 2 2 5 1 5956 3590 6981
13588 2 2 5 1 7087 4757 7113
13589 2 2 5 1 550 548 6750
13590 2 2 5 1 6187 2166 6718
13591 2 2 5 1 3626 3530 7084
13592 2 2 5 1 6112 1304 6964
13593 2 2 5 1 4779 3398 6829
13594 2 2 5 1 5102 383 7064
13595 2 2 5 1 6382 3718 7082
13596 2 2 5 1 4011 5049 6828
13597 2 2 5 1 5016 6455 7023
13598 2 2 5 1 3719 3271 6777
13599 2 2 5 1 77 78 6782
13600 2 2 5 1 3935 6287 6696
13601 2 2 5 1 4140 4695 7189
13602 2 2 5 1 425 5551 6875
13603 2 2 5 1 4041 5890 7099
13604 2 2 5 1 3812 4337 6785
13605 2 2 5 1 1709 6701 6737
13606 2 2 5 1 4094 6432 7123
13607 2 2 5 1 623 5120 6781
13608 2 2 5 1 6670 3936 7025
13609 2 2 5 1 462 9 6763
13610 2 2 5 1 4559 4560 6804
13611 2 2 5 1 4321 5027 6932
13612 2 2 5 1 5637 695 6780
13613 2 2 5 1 104 6636 7012
13614 2 2 5 1 581 579 6789
13615 2 2 5 1 4092 6846 7170
13616 2 2 5 1 1070 6303 6920
13617 2 2 5 1 1678 6423 6996
13618 2 2 5 1 1575 2225 6783
13619 2 2 5 1 6025 4254 7094
13620 2 2 5 1 3864 6146 7095
13621 2 2 5 1 5788 2087 6779
13622 2 2 5 1 4606 6761 6950
13623 2 2 5 1 2250 6869 7169
13624 2 2 5 1 2100 6674 6771
13625 2 2 5 1 5412 6623 6904
13626 2 2 5 1 5187 5858 7155
13627 2 2 5 1 5742 6591 7114
13628 2 2 5 1 3896 3708 6688
13629 2 2 5 1 6751 3825 6755
13630 2 2 5 1 2461 2080 7075
13631 2 2 5 1 5317 4009 7062
13632 2 2 5 1 504 506 6784
13633 2 2 5 1 3957 6854 6919
13634 2 2 5 1 4653 7049 7143
13635 2 2 5 1 4519 6771 6826
13636 2 2 5 1 2140 6479 6850
13637 2 2 5 1 5510 461 6962
13638 2 2 5 1 6561 733 6860
13639 2 2 5 1 1563 1666 6796
13640 2 2 5 1 5591 6583 7039
13641 2 2 5 1 3993 3992 6791
13642 2 2 5 1 4216 3207 6949
13643 2 2 5 1 4492 4491 6913
13644 2 2 5 1 5134 3891 6790
13645 2 2 5 1 5759 2634 6897
13646 2 2 5 1 277 278 7117
13647 2 2 5 1 843 841 6792
13648 2 2 5 1 5606 3948 6961
13649 2 2 5 1 1280 1578 7053
13650 2 2 5 1 4005 6368 7116
13651 2 2 5 1 6713 4151 6993
13652 2 2 5 1 6139 6311 7040
13653 2 2 5 1 4773 4703 6795
13654 2 2 5 1 6351 3761 7140
13655 2 2 5 1 3816 6954 7167
13656 2 2 5 1 6788 843 6792
13657 2 2 5 1 643 4565 7172
13658 2 2 5 1 6506 4217 7040
13659 2 2 5 1 397 4826 6927
13660 2 2 5 1 2786 2377 6787
13661 2 2 5 1 7139 4753 7176
13662 2 2 5 1 7119 4130 7168
13663 2 2 5 1 89 1950 6944
13664 2 2 5 1 98 370 6799
13665 2 2 5 1 3816 4829 6975
13666 2 2 5 1 4054 4462 6800
13667 2 2 5 1 4074 6706 6923
13668 2 2 5 1 5070 4079 6803
13669 2 2 5 1 4128 4321 6932
13670 2 2 5 1 6249 1636 6973
13671 2 2 5 1 1976 5522 7138
13672 2 2 5 1 5620 3860 6959
13673 2 2 5 1 6779 2087 6812
13674 2 2 5 1 6921 4814 7100
13675 2 2 5 1 6298 3887 6752
13676 2 2 5 1 3855 3894 6802
13677 2 2 5 1 5326 5327 6805
13678 2 2 5 1 5729 3425 6798
13679 2 2 5 1 6809 3047 6822
13680 2 2 5 1 372 6256 6712
13681 2 2 5 1 110 6668 7018
13682 2 2 5 1 4814 4495 7100
13683 2 2 5 1 6307 3645 6695
13684 2 2 5 1 5251 4149 7019
13685 2 2 5 1 6199 3781 6677
13686 2 2 5 1 6771 3918 6826
13687 2 2 5 1 5109 3047 6809
13688 2 2 5 1 2860 6163 6844
13689 2 2 5 1 6543 4223 7096
13690 2 2 5 1 5157 6546 7063
13691 2 2 5 1 4261 4130 7119
13692 2 2 5 1 149 150 6806
13693 2 2 5 1 3904 5034 6754
13694 2 2 5 1 4781 4780 7009
13695 2 2 5 1 6054 3918 6771
13696 2 2 5 1 4319 4320 6813
13697 2 2 5 1 5644 4807 6827
13698 2 2 5 1 5454 5455 6806
13699 2 2 5 1 6676 1714 6934
13700 2 2 5 1 4047 6491 6918
13701 2 2 5 1 6789 579 6825
13702 2 2 5 1 4512 6169 7059
13703 2 2 5 1 312 311 6807
13704 2 2 5 1 4253 5725 7054
13705 2 2 5 1 4583 6417 6717
13706 2 2 5 1 6564 425 6875
13707 2 2 5 1 3579 4231 6815
13708 2 2 5 1 4869 4870 6820
13709 2 2 5 1 3636 6309 6719
13710 2 2 5 1 4429 5031 6967
13711 2 2 5 1 456 316 6976
13712 2 2 5 1 4088 6629 6989
13713 2 2 5 1 3486 6672 7041
13714 2 2 5 1 5866 3921 6797
13715 2 2 5 1 6829 3398 6846
13716 2 2 5 1 579 577 6825
13717 2 2 5 1 4834 5271 6895
13718 2 2 5 1 6600 4468 6934
13719 2 2 5 1 2239 6338 7088
13720 2 2 5 1 2087 3471 6812
13721 2 2 5 1 5345 5344 6824
13722 2 2 5 1 5190 5188 6841
13723 2 2 5 1 6181 1781 6951
13724 2 2 5 1 4024 4026 6818
13725 2 2 5 1 3943 6661 6977
13726 2 2 5 1 6918 5542 7181
13727 2 2 5 1 3954 3955 6814
13728 2 2 5 1 5765 3783 6817
13729 2 2 5 1 4176 7048 7145
13730 2 2 5 1 2113 5581 6863
13731 2 2 5 1 6367 5102 7152
13732 2 2 5 1 6627 5620 6959
13733 2 2 5 1 4034 5241 6830
13734 2 2 5 1 4601 2371 7177
13735 2 2 5 1 3047 5644 6822
13736 2 2 5 1 291 292 6847
13737 2 2 5 1 4187 6435 7111
13738 2 2 5 1 1305 4596 7137
13739 2 2 5 1 6252 3195 6764
13740 2 2 5 1 1965 5465 6831
13741 2 2 5 1 415 6137 6717
13742 2 2 5 1 2986 5772 6823
13743 2 2 5 1 3567 6548 6632
13744 2 2 5 1 5327 5328 6833
13745 2 2 5 1 2722 3197 7024
13746 2 2 5 1 5544 5579 7041
13747 2 2 5 1 4163 3881 7011
13748 2 2 5 1 5828 2151 6948
13749 2 2 5 1 3114 2908 7006
13750 2 2 5 1 3197 4113 7046
13751 2 2 5 1 4007 4008 6840
13752 2 2 5 1 6933 1304 7137
13753 2 2 5 1 4235 4910 6960
13754 2 2 5 1 4596 4593 6933
13755 2 2 5 1 355 354 6837
13756 2 2 5 1 6833 5328 6845
13757 2 2 5 1 4683 4089 7043
13758 2 2 5 1 7006 2908 7032
13759 2 2 5 1 4215 6724 6911
13760 2 2 5 1 1653 1280 7053
13761 2 2 5 1 881 1776 6835
13762 2 2 5 1 6577 4081 6612
13763 2 2 5 1 4196 4595 7129
13764 2 2 5 1 5858 3094 7155
13765 2 2 5 1 6390 459 6693
13766 2 2 5 1 3398 3189 6846
13767 2 2 5 1 5790 6070 6816
13768 2 2 5 1 3738 4287 6869
13769 2 2 5 1 6972 5110 7055
13770 2 2 5 1 4014 6604 6969
13771 2 2 5 1 2805 2055 6856
13772 2 2 5 1 543 541 6838
13773 2 2 5 1 7053 1578 7097
13774 2 2 5 1 6812 3471 6854
13775 2 2 5 1 6255 6729 6964
13776 2 2 5 1 461 5534 6962
13777 2 2 5 1 7168 6064 7189
13778 2 2 5 1 5359 5315 6848
13779 2 2 5 1 4792 6544 7005
13780 2 2 5 1 5328 5558 6845
13781 2 2 5 1 4196 7129 7165
13782 2 2 5 1 500 502 6842
13783 2 2 5 1 379 6133 6925
13784 2 2 5 1 5110 4099 7055
13785 2 2 5 1 2387 5931 6839
13786 2 2 5 1 6700 4227 7066
13787 2 2 5 1 5870 3953 7123
13788 2 2 5 1 4053 4051 6865
13789 2 2 5 1 6540 75 6759
13790 2 2 5 1 3377 4250 6859
13791 2 2 5 1 2893 4035 6849
13792 2 2 5 1 4562 4563 6954
13793 2 2 5 1 42 43 6909
13794 2 2 5 1 3540 6367 7152
13795 2 2 5 1 81 6733 6857
13796 2 2 5 1 410 6506 7040
13797 2 2 5 1 4164 4165 7008
13798 2 2 5 1 6274 5362 6988
13799 2 2 5 1 5695 2062 6851
13800 2 2 5 1 543 6838 6896
13801 2 2 5 1 2249 5113 6871
13802 2 2 5 1 435 4561 6975
13803 2 2 5 1 1927 6649 7067
13804 2 2 5 1 5756 6719 7079
13805 2 2 5 1 6725 4241 7050
13806 2 2 5 1 555 552 6834
13807 2 2 5 1 4607 4606 6950
13808 2 2 5 1 4950 4948 6862
13809 2 2 5 1 6845 5558 6866
13810 2 2 5 1 5851 449 7150
13811 2 2 5 1 3639 4545 7037
13812 2 2 5 1 5558 5559 6866
13813 2 2 5 1 4152 4247 7118
13814 2 2 5 1 4123 4122 6863
13815 2 2 5 1 4817 4820 6886
13816 2 2 5 1 5521 1537 6861
13817 2 2 5 1 3918 4221 6826
13818 2 2 5 1 7024 3197 7046
13819 2 2 5 1 2908 5587 7032
13820 2 2 5 1 5346 5347 6868
13821 2 2 5 1 5055 407 6914
13822 2 2 5 1 4139 4664 6891
13823 2 2 5 1 80 81 6857
13824 2 2 5 1 4310 6056 7185
13825 2 2 5 1 555 6834 6855
13826 2 2 5 1 3374 3375 6885
13827 2 2 5 1 3892 5297 6894
13828 2 2 5 1 4016 2785 6877
13829 2 2 5 1 689 686 6864
13830 2 2 5 1 4039 4041 7099
13831 2 2 5 1 6894 5297 6957
13832 2 2 5 1 4662 4663 6921
13833 2 2 5 1 5212 5211 6879
13834 2 2 5 1 6849 4035 6901
13835 2 2 5 1 3149 6691 7058
13836 2 2 5 1 489 491 6872
13837 2 2 5 1 6756 4638 7157
13838 2 2 5 1 5511 419 6882
13839 2 2 5 1 6066 5823 6836
13840 2 2 5 1 6866 5559 6897
13841 2 2 5 1 4995 4071 6875
13842 2 2 5 1 6772 37 7017
13843 2 2 5 1 4950 6862 6910
13844 2 2 5 1 3761 4680 7140
13845 2 2 5 1 1508 4724 6891
13846 2 2 5 1 4695 912 7189
13847 2 2 5 1 6819 5190 6841
13848 2 2 5 1 4246 3748 6870
13849 2 2 5 1 302 303 6876
13850 2 2 5 1 3619 13 7180
13851 2 2 5 1 5666 4284 6881
13852 2 2 5 1 2080 2200 7075
13853 2 2 5 1 5258 5851 7150
13854 2 2 5 1 3471 5948 6854
13855 2 2 5 1 5466 2632 6888
13856 2 2 5 1 733 735 6860
13857 2 2 5 1 3107 3108 6889
13858 2 2 5 1 3616 6867 6903
13859 2 2 5 1 1115 467 6878
13860 2 2 5 1 6259 2888 7114
13861 2 2 5 1 3898 3896 6811
13862 2 2 5 1 557 555 6855
13863 2 2 5 1 5638 4080 6890
13864 2 2 5 1 3896 6688 6811
13865 2 2 5 1 4464 6476 6943
13866 2 2 5 1 6541 4614 6938
13867 2 2 5 1 5693 4430 7048
13868 2 2 5 1 1144 6044 7194
13869 2 2 5 1 6822 5644 6827
13870 2 2 5 1 3104 6767 7089
13871 2 2 5 1 226 227 6900
13872 2 2 5 1 5321 6605 7098
13873 2 2 5 1 4282 6181 6951
13874 2 2 5 1 3199 2436 6970
13875 2 2 5 1 5559 5867 6897
13876 2 2 5 1 4035 4601 6901
13877 2 2 5 1 6632 4045 6879
13878 2 2 5 1 545 543 6896
13879 2 2 5 1 4067 4448 6892
13880 2 2 5 1 2245 2793 6898
13881 2 2 5 1 3098 3549 6905
13882 2 2 5 1 6390 4397 6782
13883 2 2 5 1 1744 574 6929
13884 2 2 5 1 5494 403 6924
13885 2 2 5 1 720 6281 6978
13886 2 2 5 1 1730 2725 6899
13887 2 2 5 1 4952 4950 6910
13888 2 2 5 1 6101 2763 6843
13889 2 2 5 1 4717 4715 7090
13890 2 2 5 1 3616 5992 6867
13891 2 2 5 1 113 114 6912
13892 2 2 5 1 6663 5394 6992
13893 2 2 5 1 5100 5605 6902
13894 2 2 5 1 3840 5879 6904
13895 2 2 5 1 52 53 6908
13896 2 2 5 1 4204 4203 6953
13897 2 2 5 1 4501 3540 6893
13898 2 2 5 1 7055 4099 7115
13899 2 2 5 1 6012 3309 6880
13900 2 2 5 1 2468 5674 6887
13901 2 2 5 1 6052 397 6927
13902 2 2 5 1 5155 5157 6946
13903 2 2 5 1 4159 6539 7088
13904 2 2 5 1 4699 4698 6965
13905 2 2 5 1 4099 5090 7115
13906 2 2 5 1 4774 746 6958
13907 2 2 5 1 1960 5504 7002
13908 2 2 5 1 3149 3148 6858
13909 2 2 5 1 5027 3102 6932
13910 2 2 5 1 6133 4571 6925
13911 2 2 5 1 5456 1538 6923
13912 2 2 5 1 4097 4098 6930
13913 2 2 5 1 233 6372 6987
13914 2 2 5 1 4952 6910 6935
13915 2 2 5 1 6898 2793 6937
13916 2 2 5 1 278 376 7117
13917 2 2 5 1 7058 4600 7154
13918 2 2 5 1 4631 4634 6931
13919 2 2 5 1 6815 4231 7150
13920 2 2 5 1 5028 2139 7179
13921 2 2 5 1 6646 4813 7158
13922 2 2 5 1 4117 3616 6903
13923 2 2 5 1 6040 4091 6883
13924 2 2 5 1 4282 6394 7101
13925 2 2 5 1 6690 4163 7011
13926 2 2 5 1 4223 4222 7096
13927 2 2 5 1 6854 5948 6919
13928 2 2 5 1 4378 4379 7080
13929 2 2 5 1 5354 5353 6936
13930 2 2 5 1 1932 5144 6966
13931 2 2 5 1 2411 5803 6916
13932 2 2 5 1 5737 3092 6926
13933 2 2 5 1 1922 6627 6959
13934 2 2 5 1 3559 6021 6969
13935 2 2 5 1 4513 4630 6948
13936 2 2 5 1 4193 6597 6779
13937 2 2 5 1 1605 6492 7034
13938 2 2 5 1 4954 4952 6935
13939 2 2 5 1 402 4766 7057
13940 2 2 5 1 4294 4073 6947
13941 2 2 5 1 3881 6468 7011
13942 2 2 5 1 4729 1144 7194
13943 2 2 5 1 4563 3276 7167
13944 2 2 5 1 6869 4287 7169
13945 2 2 5 1 6014 411 6906
13946 2 2 5 1 5948 2675 6919
13947 2 2 5 1 2793 3267 6937
13948 2 2 5 1 1909 5056 6955
13949 2 2 5 1 450 276 6945
13950 2 2 5 1 4130 6064 7168
13951 2 2 5 1 4299 3290 7051
13952 2 2 5 1 3943 6628 6661
13953 2 2 5 1 6065 2870 6907
13954 2 2 5 1 4954 6935 6956
13955 2 2 5 1 673 6533 7059
13956 2 2 5 1 6381 1680 6801
13957 2 2 5 1 3733 6134 6990
13958 2 2 5 1 5674 4921 6940
13959 2 2 5 1 2817 5663 6952
13960 2 2 5 1 4616 4607 7138
13961 2 2 5 1 4516 6481 7191
13962 2 2 5 1 2833 3147 6821
13963 2 2 5 1 5242 4378 7109
13964 2 2 5 1 4091 4049 7142
13965 2 2 5 1 5402 1922 6959
13966 2 2 5 1 6887 5674 6940
13967 2 2 5 1 6882 3956 7175
13968 2 2 5 1 6016 1070 6920
13969 2 2 5 1 4378 7080 7109
13970 2 2 5 1 5541 5544 7041
13971 2 2 5 1 309 1 6928
13972 2 2 5 1 6338 4764 7088
13973 2 2 5 1 4956 4954 6956
13974 2 2 5 1 5297 4033 6957
13975 2 2 5 1 4715 7073 7090
13976 2 2 5 1 5981 5736 6917
13977 2 2 5 1 5572 730 6961
13978 2 2 5 1 6848 5315 7173
13979 2 2 5 1 4221 3916 6922
13980 2 2 5 1 2308 1743 7186
13981 2 2 5 1 6940 4921 6980
13982 2 2 5 1 4607 6950 7138
13983 2 2 5 1 4956 6956 6979
13984 2 2 5 1 1685 4662 7100
13985 2 2 5 1 4016 6949 6971
13986 2 2 5 1 3895 5147 7072
13987 2 2 5 1 1260 1539 6963
13988 2 2 5 1 5511 6882 7175
13989 2 2 5 1 598 599 6997
13990 2 2 5 1 6832 5693 7048
13991 2 2 5 1 6621 4057 6683
13992 2 2 5 1 4387 6621 6683
13993 2 2 5 1 4117 4729 7194
13994 2 2 5 1 6980 2321 7015
13995 2 2 5 1 4134 4282 6951
13996 2 2 5 1 4921 2321 6980
13997 2 2 5 1 4100 6995 7022
13998 2 2 5 1 3972 6142 7161
13999 2 2 5 1 4958 4956 6979
14000 2 2 5 1 3268 3269 6972
14001 2 2 5 1 4304 6781 7148
14002 2 2 5 1 1950 6428 6944
14003 2 2 5 1 3064 2874 6974
14004 2 2 5 1 5702 1083 7049
14005 2 2 5 1 5209 1920 6993
14006 2 2 5 1 5856 4016 6971
14007 2 2 5 1 5394 3152 6992
14008 2 2 5 1 4186 4185 6999
14009 2 2 5 1 4009 6095 7062
14010 2 2 5 1 4086 4085 6983
14011 2 2 5 1 3973 3976 6985
14012 2 2 5 1 3756 6042 7005
14013 2 2 5 1 152 3218 6986
14014 2 2 5 1 6260 5693 6832
14015 2 2 5 1 3217 232 6987
14016 2 2 5 1 3936 4815 7025
14017 2 2 5 1 567 565 6984
14018 2 2 5 1 1633 1671 6982
14019 2 2 5 1 2774 2775 6988
14020 2 2 5 1 6743 4005 7116
14021 2 2 5 1 2433 2432 6998
14022 2 2 5 1 6553 65 6554
14023 2 2 5 1 6923 1538 7192
14024 2 2 5 1 4662 6921 7100
14025 2 2 5 1 3300 4828 7112
14026 2 2 5 1 135 136 7000
14027 2 2 5 1 6805 5327 6836
14028 2 2 5 1 5592 3437 7001
14029 2 2 5 1 5308 6689 7026
14030 2 2 5 1 4087 4088 6989
14031 2 2 5 1 6423 4138 6996
14032 2 2 5 1 4268 4266 7006
14033 2 2 5 1 6984 565 7010
14034 2 2 5 1 5211 6632 6879
14035 2 2 5 1 6841 5188 7155
14036 2 2 5 1 4069 6671 6853
14037 2 2 5 1 6374 4995 7130
14038 2 2 5 1 414 5498 7008
14039 2 2 5 1 4133 3281 7029
14040 2 2 5 1 380 293 7004
14041 2 2 5 1 4138 4137 6996
14042 2 2 5 1 450 6725 7050
14043 2 2 5 1 4070 4679 7014
14044 2 2 5 1 248 1918 7016
14045 2 2 5 1 4793 4791 7091
14046 2 2 5 1 4268 7006 7032
14047 2 2 5 1 103 104 7012
14048 2 2 5 1 4653 6581 7049
14049 2 2 5 1 3776 6577 6612
14050 2 2 5 1 3268 6972 7055
14051 2 2 5 1 389 5308 7026
14052 2 2 5 1 3418 7021 7052
14053 2 2 5 1 2321 2318 7015
14054 2 2 5 1 109 110 7018
14055 2 2 5 1 5220 3502 7119
14056 2 2 5 1 565 563 7010
14057 2 2 5 1 2767 2768 7060
14058 2 2 5 1 4764 4159 7088
14059 2 2 5 1 5478 3174 7020
14060 2 2 5 1 37 38 7017
14061 2 2 5 1 4379 4268 7032
14062 2 2 5 1 6480 3951 6786
14063 2 2 5 1 4395 4482 6968
14064 2 2 5 1 3418 5610 7021
14065 2 2 5 1 7049 1083 7143
14066 2 2 5 1 2757 6025 7094
14067 2 2 5 1 5375 5376 7028
14068 2 2 5 1 4122 4121 7061
14069 2 2 5 1 4100 6012 6995
14070 2 2 5 1 6012 6880 6995
14071 2 2 5 1 5445 432 7033
14072 2 2 5 1 912 7168 7189
14073 2 2 5 1 1578 5991 7007
14074 2 2 5 1 6056 7031 7185
14075 2 2 5 1 3555 4174 7035
14076 2 2 5 1 2770 3282 7074
14077 2 2 5 1 5059 5067 7056
14078 2 2 5 1 5220 7119 7168
14079 2 2 5 1 6281 4013 6978
14080 2 2 5 1 7060 2768 7065
14081 2 2 5 1 4114 3418 7052
14082 2 2 5 1 4668 4671 7067
14083 2 2 5 1 485 487 7038
14084 2 2 5 1 3090 3085 7013
14085 2 2 5 1 4565 4103 6994
14086 2 2 5 1 6722 309 6928
14087 2 2 5 1 6280 2250 7169
14088 2 2 5 1 5478 7020 7045
14089 2 2 5 1 4965 4962 7027
14090 2 2 5 1 5579 3486 7041
14091 2 2 5 1 6468 6911 7011
14092 2 2 5 1 5450 4294 7046
14093 2 2 5 1 6334 4152 7118
14094 2 2 5 1 440 5317 7062
14095 2 2 5 1 4181 4100 7022
14096 2 2 5 1 57 58 7042
14097 2 2 5 1 6064 4140 7189
14098 2 2 5 1 4215 6358 6794
14099 2 2 5 1 561 559 7030
14100 2 2 5 1 275 450 7050
14101 2 2 5 1 5779 3547 7136
14102 2 2 5 1 405 64 6553
14103 2 2 5 1 452 290 7047
14104 2 2 5 1 3780 5606 7039
14105 2 2 5 1 6455 2718 7023
14106 2 2 5 1 3243 5478 7045
14107 2 2 5 1 5890 2233 7099
14108 2 2 5 1 2907 3114 7044
14109 2 2 5 1 4043 4413 7153
14110 2 2 5 1 6911 437 7011
14111 2 2 5 1 4766 4330 7057
14112 2 2 5 1 754 643 7172
14113 2 2 5 1 4700 4699 7097
14114 2 2 5 1 4287 4365 7169
14115 2 2 5 1 6770 4086 6983
14116 2 2 5 1 4227 4226 7066
14117 2 2 5 1 2413 2402 7104
14118 2 2 5 1 5964 7055 7115
14119 2 2 5 1 3195 2769 7076
14120 2 2 5 1 1445 7165 7166
14121 2 2 5 1 4102 4202 7081
14122 2 2 5 1 2718 5889 7023
14123 2 2 5 1 5545 5548 7083
14124 2 2 5 1 25 6555 6556
14125 2 2 5 1 1569 1664 7174
14126 2 2 5 1 2084 7068 7087
14127 2 2 5 1 4234 4232 7078
14128 2 2 5 1 3534 3122 7069
14129 2 2 5 1 7064 4038 7152
14130 2 2 5 1 6392 3956 6882
14131 2 2 5 1 6457 5402 7190
14132 2 2 5 1 5194 401 7162
14133 2 2 5 1 5669 1928 7080
14134 2 2 5 1 3007 3861 6941
14135 2 2 5 1 4294 7024 7046
14136 2 2 5 1 6302 4017 6915
14137 2 2 5 1 7080 1928 7109
14138 2 2 5 1 3953 6246 7123
14139 2 2 5 1 5090 3853 7158
14140 2 2 5 1 4249 6909 7084
14141 2 2 5 1 1442 1445 7166
14142 2 2 5 1 1445 4196 7165
14143 2 2 5 1 63 405 6128
14144 2 2 5 1 3956 6404 7175
14145 2 2 5 1 3504 6459 7082
14146 2 2 5 1 2084 5783 7068
14147 2 2 5 1 3334 4478 7144
14148 2 2 5 1 6511 4367 7195
14149 2 2 5 1 4136 5756 7079
14150 2 2 5 1 3132 3133 7171
14151 2 2 5 1 4545 6356 7037
14152 2 2 5 1 6146 3426 7095
14153 2 2 5 1 5188 5187 7155
14154 2 2 5 1 6093 640 7102
14155 2 2 5 1 4715 4716 7073
14156 2 2 5 1 220 221 7110
14157 2 2 5 1 5474 3018 7125
14158 2 2 5 1 6432 5870 7123
14159 2 2 5 1 5551 2052 7130
14160 2 2 5 1 5522 453 7184
14161 2 2 5 1 2942 5832 7063
14162 2 2 5 1 5779 7136 7151
14163 2 2 5 1 5964 3268 7055
14164 2 2 5 1 5315 5314 7173
14165 2 2 5 1 2891 3763 7124
14166 2 2 5 1 26 406 6555
14167 2 2 5 1 6616 2291 7086
14168 2 2 5 1 1663 1712 7160
14169 2 2 5 1 5675 3665 7092
14170 2 2 5 1 5570 3534 7108
14171 2 2 5 1 4222 3240 7103
14172 2 2 5 1 4102 7081 7122
14173 2 2 5 1 4297 6651 7074
14174 2 2 5 1 4231 5258 7150
14175 2 2 5 1 2291 5964 7115
14176 2 2 5 1 1928 3154 7109
14177 2 2 5 1 685 5414 7153
14178 2 2 5 1 3860 4374 7190
14179 2 2 5 1 5777 2084 7087
14180 2 2 5 1 4269 3286 7188
14181 2 2 5 1 3276 3274 7167
14182 2 2 5 1 6142 454 7161
14183 2 2 5 1 2371 5624 7177
14184 2 2 5 1 6394 4292 7101
14185 2 2 5 1 5700 3104 7089
14186 2 2 5 1 2134 5342 7141
14187 2 2 5 1 2988 5532 7147
14188 2 2 5 1 912 5220 7168
14189 2 2 5 1 5512 5511 7175
14190 2 2 5 1 656 7113 7139
14191 2 2 5 1 5423 6274 7193
14192 2 2 5 1 4161 4160 7105
14193 2 2 5 1 646 6653 6820
14194 2 2 5 1 3638 3516 7148
14195 2 2 5 1 158 159 7183
14196 2 2 5 1 3961 4743 7164
14197 2 2 5 1 1538 155 7192
14198 2 2 5 1 5527 1970 7182
14199 2 2 5 1 624 621 7191
14200 2 2 5 1 322 373 7156
14201 2 2 5 1 3724 7058 7154
14202 2 2 5 1 1380 1384 7178
14203 2 2 5 1 6435 4351 6847
14204 2 2 5 1 392 315 7131
14205 2 2 5 1 4023 4533 7128
14206 2 2 5 1 1419 1418 7135
14207 2 2 5 1 2888 5742 7114
14208 2 2 5 1 4045 4436 7133
14209 2 2 5 1 484 481 7127
14210 2 2 5 1 656 5777 7113
14211 2 2 5 1 3836 6530 6852
14212 2 2 5 1 6652 4648 6858
14213 2 2 5 1 6294 1932 6966
14214 2 2 5 1 6583 3780 7039
14215 2 2 5 1 4179 5779 7151
14216 2 2 5 1 2116 5919 7107
14217 2 2 5 1 13 337 7180
14218 2 2 5 1 4255 4102 7122
14219 2 2 5 1 1307 1317 7070
14220 2 2 5 1 6169 673 7059
14221 2 2 5 1 5744 2095 7157
14222 2 2 5 1 5777 7087 7113
14223 2 2 5 1 6274 2973 7193
14224 2 2 5 1 4727 6255 6964
14225 2 2 5 1 2139 6675 7179
14226 2 2 5 1 373 6960 7156
14227 2 2 5 1 3724 6121 7058
14228 2 2 5 1 4175 4176 7145
14229 2 2 5 1 4257 4255 7146
14230 2 2 5 1 4095 6294 6966
14231 2 2 5 1 5782 656 7139
14232 2 2 5 1 4255 7122 7146
14233 2 2 5 1 6479 4326 6850
14234 2 2 5 1 1705 4895 7031
14235 2 2 5 1 6015 2116 7085
14236 2 2 5 1 6372 3217 6987
14237 2 2 5 1 5891 4046 7181
14238 2 2 5 1 6335 446 7036
14239 2 2 5 1 4894 6746 6755
14240 2 2 5 1 1975 5882 7003
14241 2 2 5 1 6677 4039 7099
14242 2 2 5 1 4514 5837 7170
14243 2 2 5 1 7085 2116 7107
14244 2 2 5 1 4699 7053 7097
14245 2 2 5 1 6356 4184 7037
14246 2 2 5 1 305 306 7132
14247 2 2 5 1 6578 1965 6831
14248 2 2 5 1 1083 4751 7143
14249 2 2 5 1 5977 2223 7120
14250 2 2 5 1 6404 3972 7161
14251 2 2 5 1 6084 3480 7093
14252 2 2 5 1 6335 3733 6990
14253 2 2 5 1 1639 1489 7163
14254 2 2 5 1 2099 5782 7176
14255 2 2 5 1 397 87 7077
14256 2 2 5 1 3927 6091 7159
14257 2 2 5 1 6753 3639 7037
14258 2 2 5 1 6637 5110 6972
14259 2 2 5 1 6746 2385 6755
14260 2 2 5 1 5782 7139 7176
14261 2 2 5 1 6764 3195 7076
14262 2 2 5 1 6151 4147 7121
14263 2 2 5 1 6546 2942 7063
14264 2 2 5 1 6623 3840 6904
14265 2 2 5 1 437 6690 7011
14266 2 2 5 1 4365 6280 7169
14267 2 2 5 1 5849 6608 6819
14268 2 2 5 1 6777 5019 6884
14269 2 2 5 1 4312 6662 7044
14270 2 2 5 1 6516 4204 6953
14271 2 2 5 1 6715 2461 7075
14272 2 2 5 1 6766 5410 7094
14273 2 2 5 1 4388 3724 7154
14274 2 2 5 1 4217 6139 7040
14275 2 2 5 1 6667 3357 6922
14276 2 2 5 1 6619 1975 7003
14277 2 2 5 1 2197 6188 7054
14278 2 2 5 1 1302 1305 7137
14279 2 2 5 1 4049 6489 7142
14280 2 2 5 1 6428 4827 6944
14281 2 2 5 1 6044 4117 7194
14282 2 2 5 1 4367 6248 7195
14283 2 2 5 1 6128 405 6840
14284 2 2 5 1 6491 423 6918
14285 2 2 5 1 972 992 7106
14286 2 2 5 1 3530 4249 7084
14287 2 2 5 1 6459 4262 7082
14288 2 2 5 1 6476 4984 6943
14289 2 2 5 1 4038 6893 7152
14290 2 2 5 1 375 6496 7014
14291 2 2 5 1 2233 6556 6677
14292 2 2 5 1 6544 3756 7005
14293 2 2 5 1 1920 6713 6993
14294 2 2 5 1 6833 6066 6836
14295 2 2 5 1 6941 3861 7126
14296 2 2 5 1 4093 6391 7009
14297 2 2 5 1 453 6373 7184
14298 2 2 5 1 6671 435 6853
14299 2 2 5 1 6694 5476 7078
14300 2 2 5 1 5327 6833 6836
14301 2 2 5 1 3837 6281 7134
14302 2 2 5 1 6691 4600 7058
14303 2 2 5 1 4222 7029 7096
14304 2 2 5 1 6706 5456 6923
14305 2 2 5 1 2973 6493 7193
14306 2 2 5 1 6868 2988 7147
14307 2 2 5 1 5507 6562 7071
14308 2 2 5 1 1636 6722 6973
14309 2 2 5 1 6724 437 6911
14310 2 2 5 1 4398 6540 6759
14311 2 2 5 1 4482 6427 6968
14312 2 2 5 1 6947 3536 7024
14313 2 2 5 1 6468 4075 6911
14314 2 2 5 1 6880 4412 7160
14315 2 2 5 1 4262 6382 7082
14316 2 2 5 1 5504 6630 7002
14317 2 2 5 1 4435 6666 7135
14318 2 2 5 1 1714 6600 6934
14319 2 2 5 1 6649 4668 7067
14320 2 2 5 1 6722 4380 6973
14321 2 2 5 1 6877 4216 6949
14322 2 2 5 1 6642 4023 7128
14323 2 2 5 1 2052 6374 7130
14324 2 2 5 1 6562 5977 7071
14325 2 2 5 1 4684 6743 7116
14326 2 2 5 1 6492 5176 7034
14327 2 2 5 1 6404 5512 7175
14328 2 2 5 1 6358 4038 7064
14329 2 2 5 1 3217 6372 7149
14330 2 2 5 1 6604 5426 6969
14331 2 2 5 1 5904 6664 6942
14332 2 2 5 1 6602 4116 7187
14333 2 2 5 1 6605 4369 7098
14334 2 2 5 1 6553 6554 6808
14335 2 2 5 1 6435 380 7111
14336 2 2 5 1 5849 6819 6841
14337 2 2 5 1 3719 6777 6884
14338 2 2 5 1 6248 6249 7195
14339 2 2 5 1 3853 6646 7158
14340 2 2 5 1 4149 6937 7019
14341 2 2 5 1 446 6563 7036
14342 2 2 5 1 4374 6457 7190
14343 2 2 5 1 6879 4045 7133
14344 2 2 5 1 4813 6616 7086
14345 2 2 5 1 4380 6722 6928
14346 2 2 5 1 376 6769 7117
14347 2 2 5 1 7071 5977 7120
14348 2 2 5 1 6630 4290 7002
14349 2 2 5 1 3861 6359 7126
14350 2 2 5 1 6605 402 7057
14351 2 2 5 1 4369 6505 7098
14352 2 2 5 1 6516 6093 7102
14353 2 2 5 1 6965 1653 7053
14354 2 2 5 1 6489 632 7142
14355 2 2 5 1 6936 3961 7164
14356 2 2 5 1 2233 6677 7099
14357 2 2 5 1 3280 6543 7096
14358 2 2 5 1 6760 3943 6977
14359 2 2 5 1 1578 7007 7097
14360 2 2 5 1 2095 6756 7157
14361 2 2 5 1 4106 6577 7185
14362 2 2 5 1 6764 5527 7182
14363 2 2 5 1 4046 6918 7181
14364 2 2 5 1 4016 6877 6949
14365 2 2 5 1 6803 4079 7125
14366 2 2 5 1 6776 3619 7180
14367 2 2 5 1 6800 4462 7163
14368 2 2 5 1 5493 6715 7075
14369 2 2 5 1 6735 5507 7071
14370 2 2 5 1 7031 4106 7185
14371 2 2 5 1 4254 6766 7094
14372 2 2 5 1 6675 4115 7179
14373 2 2 5 1 5102 7064 7152
14374 2 2 5 1 6846 3189 7170
14375 2 2 5 1 4813 7086 7158
14376 2 2 5 1 6769 4889 7117
14377 2 2 5 1 6781 3638 7148
14378 2 2 5 1 6937 3267 7019
14379 2 2 5 1 4294 6947 7024
14380 2 2 5 1 7105 2308 7186
14381 2 2 5 1 4699 6965 7053
14382 2 2 5 1 6901 4601 7177
14383 2 2 5 1 7029 4222 7103
14384 2 2 5 1 7086 5090 7158
14385 2 2 5 1 6893 3540 7152
14386 2 2 5 1 4596 6933 7137
14387 2 2 5 1 4133 7029 7103
14388 2 2 5 1 6954 4563 7167
14389 2 2 5 1 4565 6994 7172
14390 2 2 5 1 4161 7105 7186
$EndElements
