$MeshFormat
2.2 0 8
$EndMeshFormat
$PhysicalNames
4
1 1 "outer_walls"
1 2 "bottom_wall"
1 3 "perturbed_rect_obstacle_boundary"
2 5 "domain"
$EndPhysicalNames
$Nodes
9121
1 0 0 0
2 1 0 0
3 1 1 0
4 0 1 0
5 0.3 0.4 0
6 0.3102564102564103 0.4008046656871673 0
7 0.3205128205128205 0.4016041128085776 0
8 0.3307692307692308 0.4023931566428756 0
9 0.341025641025641 0.4031666799380147 0
10 0.3512820512820513 0.4039196660986007 0
11 0.3615384615384615 0.4046472317204377 0
12 0.3717948717948718 0.405344658261278 0
13 0.382051282051282 0.4060074226423798 0
14 0.3923076923076923 0.406631226582408 0
15 0.4025641025641025 0.4072120244734382 0
16 0.4128205128205128 0.4077460496182765 0
17 0.4230769230769231 0.4082298386589366 0
18 0.4333333333333333 0.4086602540378444 0
19 0.4435897435897436 0.4090345043461038 0
20 0.4538461538461538 0.4093501624268542 0
21 0.4641025641025641 0.4096051811163137 0
22 0.4743589743589743 0.4097979065204227 0
23 0.4846153846153846 0.4099270887409805 0
24 0.4948717948717948 0.4099918899817157 0
25 0.5051282051282051 0.4099918899817157 0
26 0.5153846153846153 0.4099270887409805 0
27 0.5256410256410255 0.4097979065204227 0
28 0.5358974358974359 0.4096051811163137 0
29 0.5461538461538461 0.4093501624268542 0
30 0.5564102564102564 0.4090345043461038 0
31 0.5666666666666667 0.4086602540378444 0
32 0.5769230769230769 0.4082298386589366 0
33 0.5871794871794871 0.4077460496182765 0
34 0.5974358974358974 0.4072120244734382 0
35 0.6076923076923078 0.406631226582408 0
36 0.617948717948718 0.4060074226423798 0
37 0.6282051282051282 0.405344658261278 0
38 0.6384615384615384 0.4046472317204377 0
39 0.6487179487179486 0.4039196660986007 0
40 0.658974358974359 0.4031666799380147 0
41 0.6692307692307692 0.4023931566428756 0
42 0.6794871794871794 0.4016041128085776 0
43 0.6897435897435897 0.4008046656871673 0
44 0.7 0.4 0
45 0.7 0.6 0
46 0.6897435897435897 0.6031666799380146 0
47 0.6794871794871794 0.6060074226423797 0
48 0.6692307692307692 0.6082298386589365 0
49 0.658974358974359 0.6096051811163137 0
50 0.6487179487179486 0.6099918899817157 0
51 0.6384615384615384 0.6093501624268541 0
52 0.6282051282051282 0.6077460496182765 0
53 0.617948717948718 0.605344658261278 0
54 0.6076923076923076 0.6023931566428755 0
55 0.5974358974358974 0.5991953343128327 0
56 0.5871794871794871 0.5960803339013993 0
57 0.5769230769230769 0.593368773417592 0
58 0.5666666666666667 0.5913397459621555 0
59 0.5564102564102564 0.5902020934795773 0
60 0.5461538461538461 0.5900729112590194 0
61 0.5358974358974359 0.5909654956538961 0
62 0.5256410256410255 0.5927879755265618 0
63 0.5153846153846153 0.5953527682795623 0
64 0.5051282051282051 0.5983958871914223 0
65 0.4948717948717949 0.6016041128085776 0
66 0.4846153846153846 0.6046472317204377 0
67 0.4743589743589743 0.6072120244734381 0
68 0.4641025641025641 0.6090345043461038 0
69 0.4538461538461538 0.6099270887409806 0
70 0.4435897435897436 0.6097979065204227 0
71 0.4333333333333333 0.6086602540378444 0
72 0.4230769230769231 0.606631226582408 0
73 0.4128205128205128 0.6039196660986007 0
74 0.4025641025641025 0.6008046656871673 0
75 0.3923076923076922 0.5976068433571244 0
76 0.382051282051282 0.5946553417387219 0
77 0.3717948717948718 0.5922539503817235 0
78 0.3615384615384615 0.5906498375731458 0
79 0.3512820512820513 0.5900081100182842 0
80 0.341025641025641 0.5903948188836863 0
81 0.3307692307692308 0.5917701613410634 0
82 0.3205128205128205 0.5939925773576202 0
83 0.3102564102564103 0.5968333200619852 0
84 0.3 0.6 0
85 0.01010101010099096 0 0
86 0.02020202020198209 0 0
87 0.03030303030297262 0 0
88 0.04040404040396117 0 0
89 0.05050505050494877 0 0
90 0.06060606060593743 0 0
91 0.07070707070692972 0 0
92 0.08080808080792434 0 0
93 0.09090909090891897 0 0
94 0.1010101010099136 0 0
95 0.1111111111109082 0 0
96 0.1212121212119015 0 0
97 0.1313131313128882 0 0
98 0.1414141414138693 0 0
99 0.15151515151485 0 0
100 0.1616161616158306 0 0
101 0.1717171717168112 0 0
102 0.1818181818177918 0 0
103 0.1919191919187724 0 0
104 0.202020202019753 0 0
105 0.2121212121207337 0 0
106 0.2222222222217143 0 0
107 0.2323232323226949 0 0
108 0.2424242424236755 0 0
109 0.2525252525246561 0 0
110 0.2626262626256367 0 0
111 0.2727272727266173 0 0
112 0.282828282827598 0 0
113 0.2929292929285786 0 0
114 0.3030303030295592 0 0
115 0.3131313131305398 0 0
116 0.3232323232315205 0 0
117 0.3333333333325011 0 0
118 0.3434343434334817 0 0
119 0.3535353535344622 0 0
120 0.3636363636354429 0 0
121 0.3737373737364235 0 0
122 0.3838383838374042 0 0
123 0.3939393939383848 0 0
124 0.4040404040393654 0 0
125 0.414141414140346 0 0
126 0.4242424242413266 0 0
127 0.4343434343423073 0 0
128 0.4444444444432879 0 0
129 0.4545454545442685 0 0
130 0.4646464646452491 0 0
131 0.4747474747462297 0 0
132 0.4848484848472103 0 0
133 0.4949494949481948 0 0
134 0.5050505050492035 0 0
135 0.5151515151502364 0 0
136 0.5252525252512731 0 0
137 0.5353535353523099 0 0
138 0.5454545454533466 0 0
139 0.5555555555543834 0 0
140 0.5656565656554201 0 0
141 0.5757575757564569 0 0
142 0.5858585858574936 0 0
143 0.5959595959585303 0 0
144 0.606060606059567 0 0
145 0.6161616161606038 0 0
146 0.6262626262616405 0 0
147 0.6363636363626773 0 0
148 0.646464646463714 0 0
149 0.6565656565647509 0 0
150 0.6666666666657876 0 0
151 0.6767676767668243 0 0
152 0.6868686868678611 0 0
153 0.6969696969688978 0 0
154 0.7070707070699345 0 0
155 0.7171717171709712 0 0
156 0.727272727272008 0 0
157 0.7373737373730447 0 0
158 0.7474747474740815 0 0
159 0.7575757575751182 0 0
160 0.767676767676155 0 0
161 0.7777777777771917 0 0
162 0.7878787878782285 0 0
163 0.7979797979792652 0 0
164 0.8080808080803019 0 0
165 0.8181818181813386 0 0
166 0.8282828282823754 0 0
167 0.8383838383834121 0 0
168 0.8484848484844489 0 0
169 0.8585858585854856 0 0
170 0.8686868686865225 0 0
171 0.8787878787875592 0 0
172 0.888888888888596 0 0
173 0.8989898989896327 0 0
174 0.9090909090906695 0 0
175 0.9191919191917061 0 0
176 0.9292929292927429 0 0
177 0.9393939393937796 0 0
178 0.9494949494948164 0 0
179 0.9595959595958531 0 0
180 0.9696969696968899 0 0
181 0.9797979797979266 0 0
182 0.9898989898989634 0 0
183 1 0.01190476190473943 0
184 1 0.02380952380947898 0
185 1 0.03571428571421677 0
186 1 0.04761904761895251 0
187 1 0.05952380952368881 0
188 1 0.07142857142842962 0
189 1 0.08333333333317335 0
190 1 0.09523809523791707 0
191 1 0.1071428571426608 0
192 1 0.1190476190474038 0
193 1 0.1309523809521393 0
194 1 0.1428571428568671 0
195 1 0.1547619047615943 0
196 1 0.1666666666663215 0
197 1 0.1785714285710487 0
198 1 0.1904761904757759 0
199 1 0.202380952380503 0
200 1 0.2142857142852302 0
201 1 0.2261904761899574 0
202 1 0.2380952380946846 0
203 1 0.2499999999994118 0
204 1 0.261904761904139 0
205 1 0.2738095238088661 0
206 1 0.2857142857135933 0
207 1 0.2976190476183205 0
208 1 0.3095238095230477 0
209 1 0.3214285714277749 0
210 1 0.333333333332502 0
211 1 0.3452380952372292 0
212 1 0.3571428571419564 0
213 1 0.3690476190466836 0
214 1 0.3809523809514108 0
215 1 0.3928571428561379 0
216 1 0.4047619047608651 0
217 1 0.4166666666655923 0
218 1 0.4285714285703195 0
219 1 0.4404761904750467 0
220 1 0.4523809523797739 0
221 1 0.464285714284501 0
222 1 0.4761904761892283 0
223 1 0.4880952380939554 0
224 1 0.4999999999986934 0
225 1 0.5119047619034759 0
226 1 0.5238095238082692 0
227 1 0.5357142857130623 0
228 1 0.5476190476178556 0
229 1 0.5595238095226489 0
230 1 0.5714285714274422 0
231 1 0.5833333333322355 0
232 1 0.5952380952370288 0
233 1 0.607142857141822 0
234 1 0.6190476190466153 0
235 1 0.6309523809514086 0
236 1 0.6428571428562019 0
237 1 0.6547619047609952 0
238 1 0.6666666666657884 0
239 1 0.6785714285705817 0
240 1 0.6904761904753749 0
241 1 0.7023809523801682 0
242 1 0.7142857142849615 0
243 1 0.7261904761897547 0
244 1 0.738095238094548 0
245 1 0.7499999999993413 0
246 1 0.7619047619041346 0
247 1 0.7738095238089278 0
248 1 0.785714285713721 0
249 1 0.7976190476185143 0
250 1 0.8095238095233076 0
251 1 0.8214285714281009 0
252 1 0.8333333333328942 0
253 1 0.8452380952376874 0
254 1 0.8571428571424807 0
255 1 0.8690476190472739 0
256 1 0.8809523809520672 0
257 1 0.8928571428568605 0
258 1 0.9047619047616537 0
259 1 0.916666666666447 0
260 1 0.9285714285712403 0
261 1 0.9404761904760336 0
262 1 0.9523809523808269 0
263 1 0.9642857142856202 0
264 1 0.9761904761904134 0
265 1 0.9880952380952067 0
266 0.9880952380951885 1 0
267 0.976190476190377 1 0
268 0.9642857142855655 1 0
269 0.952380952380754 1 0
270 0.9404761904759426 1 0
271 0.9285714285711311 1 0
272 0.9166666666663197 1 0
273 0.9047619047615082 1 0
274 0.8928571428566967 1 0
275 0.8809523809518904 1 0
276 0.869047619047145 1 0
277 0.8571428571424605 1 0
278 0.8452380952377813 1 0
279 0.833333333333102 1 0
280 0.8214285714284226 1 0
281 0.8095238095237434 1 0
282 0.7976190476190641 1 0
283 0.7857142857143848 1 0
284 0.7738095238097055 1 0
285 0.7619047619050262 1 0
286 0.7500000000003469 1 0
287 0.7380952380956676 1 0
288 0.7261904761909883 1 0
289 0.714285714286309 1 0
290 0.7023809523816298 1 0
291 0.6904761904769505 1 0
292 0.6785714285722713 1 0
293 0.6666666666675919 1 0
294 0.6547619047629126 1 0
295 0.6428571428582333 1 0
296 0.630952380953554 1 0
297 0.6190476190488747 1 0
298 0.6071428571441955 1 0
299 0.5952380952395161 1 0
300 0.5833333333348368 1 0
301 0.5714285714301575 1 0
302 0.5595238095254782 1 0
303 0.5476190476207989 1 0
304 0.5357142857161197 1 0
305 0.5238095238114404 1 0
306 0.5119047619067612 1 0
307 0.50000000000206 1 0
308 0.4880952380972703 1 0
309 0.4761904761924587 1 0
310 0.4642857142876473 1 0
311 0.4523809523828358 1 0
312 0.4404761904780243 1 0
313 0.428571428573213 1 0
314 0.4166666666684015 1 0
315 0.40476190476359 1 0
316 0.3928571428587785 1 0
317 0.3809523809539671 1 0
318 0.3690476190491556 1 0
319 0.3571428571443441 1 0
320 0.3452380952395326 1 0
321 0.3333333333347211 1 0
322 0.3214285714299097 1 0
323 0.3095238095250983 1 0
324 0.2976190476202868 1 0
325 0.2857142857154753 1 0
326 0.2738095238106638 1 0
327 0.2619047619058524 1 0
328 0.2500000000010408 1 0
329 0.2380952380962295 1 0
330 0.2261904761914179 1 0
331 0.2142857142866065 1 0
332 0.202380952381795 1 0
333 0.1904761904769835 1 0
334 0.178571428572172 1 0
335 0.1666666666673606 1 0
336 0.1547619047625491 1 0
337 0.1428571428577377 1 0
338 0.1309523809529262 1 0
339 0.1190476190481148 1 0
340 0.1071428571433033 1 0
341 0.09523809523849169 1 0
342 0.0833333333336802 1 0
343 0.07142857142886894 1 0
344 0.05952380952405734 1 0
345 0.04761904761924585 1 0
346 0.03571428571443458 1 0
347 0.02380952380962298 1 0
348 0.01190476190481149 1 0
349 0 0.9880952380951885 0
350 0 0.976190476190377 0
351 0 0.9642857142855655 0
352 0 0.952380952380754 0
353 0 0.9404761904759426 0
354 0 0.9285714285711311 0
355 0 0.9166666666663197 0
356 0 0.9047619047615082 0
357 0 0.8928571428566967 0
358 0 0.8809523809518904 0
359 0 0.869047619047145 0
360 0 0.8571428571424605 0
361 0 0.8452380952377813 0
362 0 0.833333333333102 0
363 0 0.8214285714284226 0
364 0 0.8095238095237434 0
365 0 0.7976190476190641 0
366 0 0.7857142857143848 0
367 0 0.7738095238097055 0
368 0 0.7619047619050262 0
369 0 0.7500000000003469 0
370 0 0.7380952380956676 0
371 0 0.7261904761909883 0
372 0 0.714285714286309 0
373 0 0.7023809523816298 0
374 0 0.6904761904769505 0
375 0 0.6785714285722713 0
376 0 0.6666666666675919 0
377 0 0.6547619047629126 0
378 0 0.6428571428582333 0
379 0 0.630952380953554 0
380 0 0.6190476190488747 0
381 0 0.6071428571441955 0
382 0 0.5952380952395161 0
383 0 0.5833333333348368 0
384 0 0.5714285714301575 0
385 0 0.5595238095254782 0
386 0 0.5476190476207989 0
387 0 0.5357142857161197 0
388 0 0.5238095238114404 0
389 0 0.5119047619067612 0
390 0 0.50000000000206 0
391 0 0.4880952380972703 0
392 0 0.4761904761924587 0
393 0 0.4642857142876473 0
394 0 0.4523809523828358 0
395 0 0.4404761904780243 0
396 0 0.428571428573213 0
397 0 0.4166666666684015 0
398 0 0.40476190476359 0
399 0 0.3928571428587785 0
400 0 0.3809523809539671 0
401 0 0.3690476190491556 0
402 0 0.3571428571443441 0
403 0 0.3452380952395326 0
404 0 0.3333333333347211 0
405 0 0.3214285714299097 0
406 0 0.3095238095250983 0
407 0 0.2976190476202868 0
408 0 0.2857142857154753 0
409 0 0.2738095238106638 0
410 0 0.2619047619058524 0
411 0 0.2500000000010408 0
412 0 0.2380952380962295 0
413 0 0.2261904761914179 0
414 0 0.2142857142866065 0
415 0 0.202380952381795 0
416 0 0.1904761904769835 0
417 0 0.178571428572172 0
418 0 0.1666666666673606 0
419 0 0.1547619047625491 0
420 0 0.1428571428577377 0
421 0 0.1309523809529262 0
422 0 0.1190476190481148 0
423 0 0.1071428571433033 0
424 0 0.09523809523849169 0
425 0 0.0833333333336802 0
426 0 0.07142857142886894 0
427 0 0.05952380952405734 0
428 0 0.04761904761924585 0
429 0 0.03571428571443458 0
430 0 0.02380952380962298 0
431 0 0.01190476190481149 0
432 0.7 0.411764705882316 0
433 0.7 0.4235294117646542 0
434 0.7 0.4352941176469912 0
435 0.7 0.4470588235293071 0
436 0.7 0.4588235294116231 0
437 0.7 0.4705882352939391 0
438 0.7 0.482352941176255 0
439 0.7 0.4941176470585844 0
440 0.7 0.5058823529409303 0
441 0.7 0.5176470588233331 0
442 0.7 0.5294117647057102 0
443 0.7 0.541176470588095 0
444 0.7 0.5529411764704735 0
445 0.7 0.564705882352857 0
446 0.7 0.5764705882352368 0
447 0.7 0.5882352941176191 0
448 0.3 0.5882352941176127 0
449 0.3 0.5764705882352469 0
450 0.3 0.5647058823529246 0
451 0.3 0.5529411764706023 0
452 0.3 0.54117647058828 0
453 0.3 0.5294117647059576 0
454 0.3 0.5176470588236787 0
455 0.3 0.5058823529414431 0
456 0.3 0.4941176470591124 0
457 0.3 0.4823529411767193 0
458 0.3 0.470588235294337 0
459 0.3 0.4588235294119369 0
460 0.3 0.4470588235295616 0
461 0.3 0.4352941176471621 0
462 0.3 0.4235294117647862 0
463 0.3 0.4117647058823873 0
464 0.217171717171224 0.008747731351332423 0
465 0.7829503239389132 0.008773663152582807 0
466 0.5008887879282288 0.008692126450034948 0
467 0.4383942567559312 0.008403064852583497 0
468 0.5606060606049017 0.008747731351381001 0
469 0.3794605508817631 0.008513569226797635 0
470 0.6217240293491465 0.008643997207118455 0
471 0.2777905056412088 0.007976632659337252 0
472 0.7221918206663345 0.007988351683988534 0
473 0.530385958856515 0.4006888926250853 0
474 0.4592328351224788 0.39971212993989 0
475 0.6020038192032909 0.3998779499205218 0
476 0.3877806879608615 0.3993588069089163 0
477 0.3160172181797534 0.3924753991275249 0
478 0.6841259797899194 0.3923240319638827 0
479 0.4059476771258499 0.6097610433504365 0
480 0.6973529739856887 0.6105411696808641 0
481 0.4919780242027274 0.611923499822929 0
482 0.6198284019187532 0.6146744464946593 0
483 0.2207663324294016 0.9903558666090971 0
484 0.4487641642674326 0.61867797850482 0
485 0.9895122582450351 0.2215020107249717 0
486 0.01012108289808856 0.2196425873873205 0
487 0.7906519192335792 0.9886132893858988 0
488 0.009379851749137896 0.7800648976888029 0
489 0.3273809523823155 0.989690173764428 0
490 0.5536673552248643 0.9907237230540149 0
491 0.9906613966322338 0.7800067846624406 0
492 0.6726194537542167 0.9902210549479074 0
493 0.399165285603158 0.9897780143853817 0
494 0.4808765161765199 0.9897435680006147 0
495 0.9884771139052771 0.2797116143532434 0
496 0.01140894392385296 0.2799722754304551 0
497 0.01047694556863774 0.7217709682179207 0
498 0.9902896377140644 0.720895149823477 0
499 0.6125339605976696 0.9896630957859881 0
500 0.7320936642590832 0.9901747211349389 0
501 0.671041151391828 0.008001539043453496 0
502 0.8329175236012902 0.008229180069151774 0
503 0.167080334311441 0.008222252437620264 0
504 0.3282828282820108 0.008747731351332446 0
505 0.9897046429245779 0.3382229861187737 0
506 0.01121355304029922 0.3392988153073288 0
507 0.7078247925279086 0.6073166837932999 0
508 0.7054488750258914 0.6177649402710669 0
509 0.01030628080619934 0.6606937892113885 0
510 0.0103108334165799 0.839276814677967 0
511 0.009479242537729528 0.1612575740467808 0
512 0.9905195971146875 0.1612571305511794 0
513 0.7157493996035726 0.6146287247165515 0
514 0.7130020383534337 0.6255003799629648 0
515 0.9896901737644438 0.8392857142852909 0
516 0.7095490700694715 0.405882352941158 0
517 0.709495229336736 0.3947737046242384 0
518 0.2904556683787897 0.4059742124046012 0
519 0.2903361500063009 0.3950937685583213 0
520 0.2902512449382115 0.5940630863347001 0
521 0.7188257711091338 0.4005007248958713 0
522 0.7187382299947991 0.3895585355348807 0
523 0.2811469151893837 0.4005693787954758 0
524 0.2810597038804489 0.3899280758640049 0
525 0.9898110464572778 0.4701267467439944 0
526 0.01147068946192439 0.4718894153384305 0
527 0.7236224402872882 0.6220487302779976 0
528 0.7208506213579908 0.6329744268541297 0
529 0.9900094719681923 0.5408277703827755 0
530 0.01030982623545746 0.5416666666684593 0
531 0.728049361659967 0.3952070370416382 0
532 0.7280002202769117 0.3841190829667158 0
533 0.2719816788578975 0.3951595483726603 0
534 0.2719163812622194 0.3846192587250125 0
535 0.1609251007263436 0.9898144054318574 0
536 0.7315566638852897 0.6294612610346138 0
537 0.7290982372318809 0.6400855948745919 0
538 0.009893271085961629 0.6026202556235833 0
539 0.7115244382646103 0.5124123952284328 0
540 0.2898114658378906 0.5000000000002778 0
541 0.73725492600633 0.3898890563369503 0
542 0.7370582337675895 0.3783163175316867 0
543 0.2628056181587344 0.3898439831447345 0
544 0.262772369883928 0.3792938546847888 0
545 0.7396056826236896 0.6367970814108614 0
546 0.737146850648291 0.6474549997002274 0
547 0.7464376560199339 0.384504785318695 0
548 0.7463077383328641 0.373384151781024 0
549 0.253530124936508 0.3846933366345337 0
550 0.2535251941294031 0.3740727203361147 0
551 0.8511907083700718 0.9897253253538263 0
552 0.7476266331411977 0.6442529218468454 0
553 0.7451404476993968 0.6549327124583644 0
554 0.7346607480487087 0.6581283135509751 0
555 0.742661262474603 0.6656340692760101 0
556 0.7321562737696676 0.6688412329294786 0
557 0.7400592091750104 0.6763304880177818 0
558 0.7296298619235768 0.6795665701492808 0
559 0.7375476468560611 0.6870716099485712 0
560 0.7271095756984023 0.6903186192545251 0
561 0.7350263642796239 0.6978375301189537 0
562 0.7245832226951704 0.7010967029789787 0
563 0.7327192618331911 0.7086735001726511 0
564 0.7221013907895663 0.7119035439780169 0
565 0.7300414035183247 0.7194651309519018 0
566 0.7195233122534019 0.7227367434523543 0
567 0.7276644265724888 0.7303535423626379 0
568 0.7168976456738237 0.7332176696839114 0
569 0.7383690242682344 0.7271067188993344 0
570 0.7358525750079471 0.7379909125863711 0
571 0.3084923779253076 0.6073958660448524 0
572 0.7556688863654402 0.3792442836688837 0
573 0.7554094642311947 0.3685982801942106 0
574 0.7464134471927272 0.3628293257812412 0
575 0.7555303617652303 0.3580543289000375 0
576 0.7465497059336437 0.3524513737589388 0
577 0.7554070835204623 0.3473862508707742 0
578 0.7463951428252611 0.342079133147222 0
579 0.75537492349074 0.3367897123854789 0
580 0.7463218380936687 0.3314571293139213 0
581 0.7554862225108295 0.3261742725893484 0
582 0.7463481728116885 0.3208579394481931 0
583 0.7553599795223104 0.3155457074912509 0
584 0.7463370584973689 0.3102560146048802 0
585 0.755337058455374 0.3049253594221913 0
586 0.74632172894985 0.2996399378546406 0
587 0.7553098452675944 0.2943105259526543 0
588 0.7462939804414863 0.2890346872458474 0
589 0.7553274496949905 0.2837086526550076 0
590 0.746260956247809 0.2784592885151175 0
591 0.7554023881706042 0.2731193570635345 0
592 0.7463111175476767 0.2678540211365689 0
593 0.7553050816408767 0.262553797130896 0
594 0.746292456127932 0.2572963334705251 0
595 0.7371497348700502 0.2626039145656984 0
596 0.7373808658336243 0.2518045254146025 0
597 0.7280882137697905 0.2572905277333742 0
598 0.7554040972991505 0.252004960244497 0
599 0.7282994673062128 0.2465118147727264 0
600 0.7190074412378312 0.2520345266360148 0
601 0.7190225734996383 0.2414943889374708 0
602 0.7098722038995114 0.2468625216811885 0
603 0.70989144783295 0.2363494257037483 0
604 0.7008301481089508 0.2416258729830481 0
605 0.7010135344649306 0.230793155565526 0
606 0.6918662638939987 0.2362799205498988 0
607 0.6921983452800131 0.2251318375269463 0
608 0.6828876343738215 0.2309889485914611 0
609 0.7100049800099579 0.2256011657425955 0
610 0.6829337546529366 0.2204241634714288 0
611 0.6737963844725188 0.225951833979227 0
612 0.2442978992042871 0.3793904703140421 0
613 0.2445635620681676 0.3687374197102412 0
614 0.2535904671416116 0.3634113245680851 0
615 0.244471891174455 0.3580856220199203 0
616 0.2535782397409972 0.3527803169038698 0
617 0.2446207077422102 0.3474463025311617 0
618 0.2536129479251624 0.3421512887509255 0
619 0.2446361728424803 0.3368117571583291 0
620 0.2536376603033483 0.33153115404832 0
621 0.2445151066783555 0.3261784457503784 0
622 0.2536069618964121 0.3208793468244455 0
623 0.2446376555544965 0.3155499807162881 0
624 0.2536550772722452 0.3102602818437663 0
625 0.2446448431137076 0.3049267497797794 0
626 0.2536739514120614 0.2996408679260535 0
627 0.2446700248155839 0.2943108796377525 0
628 0.2534873588258065 0.2893823741639816 0
629 0.2446357451776153 0.2837666684954805 0
630 0.2545453960159362 0.2782035875844489 0
631 0.2448352171188675 0.2731005501354482 0
632 0.2535811363409246 0.2672919714352004 0
633 0.2447193455134772 0.2624569965041621 0
634 0.2534368394927569 0.2568267572814448 0
635 0.2442657123450178 0.2511201281692397 0
636 0.2626558127875512 0.2622706252190792 0
637 0.2622570001513322 0.2512761515621306 0
638 0.2715082287017812 0.2566144390267568 0
639 0.2719669284818408 0.246823964010534 0
640 0.2809682782256269 0.2519699411617888 0
641 0.2808594138274242 0.241262036343845 0
642 0.2900713291530024 0.2467824380119633 0
643 0.2899061675896515 0.2360047137440477 0
644 0.299130220137241 0.2415665354631456 0
645 0.2988764863940035 0.2307880469269404 0
646 0.3081571847973095 0.236358887186735 0
647 0.3076218809531372 0.225265790964029 0
648 0.3171319103698468 0.2311037491869253 0
649 0.2896953398209025 0.2251711777158279 0
650 0.3172669943947616 0.2208319822287339 0
651 0.3262402785988622 0.2260292173452745 0
652 0.7466424084296538 0.7349795251986868 0
653 0.7440484030490893 0.7456945217317404 0
654 0.75563513093395 0.6518231779514299 0
655 0.7581357072083155 0.6410151958634005 0
656 0.6739702465516977 0.2152297678822078 0
657 0.6647979484540583 0.2207272668503361 0
658 0.3260430378161518 0.2152543337299899 0
659 0.3352202733739408 0.2208007592999527 0
660 0.6649786953057406 0.2100508724942302 0
661 0.6557915093881908 0.215574961040336 0
662 0.3350037134446008 0.2100089165895929 0
663 0.3442053468070805 0.2156033865770001 0
664 0.7547910410621519 0.7424322553800664 0
665 0.7522307770078582 0.7533532001909189 0
666 0.7662288593582286 0.6485145133509914 0
667 0.7686945692934408 0.637737161449377 0
668 0.7649492860639698 0.3740603191567972 0
669 0.235050713935937 0.3740603191567958 0
670 0.8831922944999202 0.008209660965455685 0
671 0.1168148414147588 0.008210230345084935 0
672 0.7642906166644973 0.2574799420740534 0
673 0.7644965683316758 0.2467199747390539 0
674 0.2355993734940341 0.2572986323543942 0
675 0.2354072672407173 0.2461278003134157 0
676 0.7641143001150053 0.3110291164555344 0
677 0.2358740660760921 0.3110040023092124 0
678 0.655785470002026 0.205240661991951 0
679 0.6467698647927814 0.2105335042048006 0
680 0.3441917494622567 0.2051714266305421 0
681 0.353238531301778 0.2105032799345802 0
682 0.6467601045127169 0.2001598517272744 0
683 0.6377787614710126 0.2053430619674794 0
684 0.3532212567387863 0.2000747271329474 0
685 0.3622246995365812 0.2053396836526191 0
686 0.9897202912877237 0.4115270174695505 0
687 0.009697901986752988 0.4112611281681764 0
688 0.7630151131505382 0.7500680659236064 0
689 0.7604521995029084 0.7610560591575255 0
690 0.6653817035177728 0.1988946169358482 0
691 0.335096141382218 0.1996954326848278 0
692 0.7735375990588392 0.2522228197976017 0
693 0.7736594445938354 0.2414008164217491 0
694 0.2264319005339108 0.2520973637203678 0
695 0.2263093763452724 0.2413566416595202 0
696 0.7769442256678314 0.6455896673228602 0
697 0.7793322559633836 0.6345047011219096 0
698 0.6377731520657981 0.1950076202918599 0
699 0.6288153181014037 0.2002086888859471 0
700 0.3622462188985891 0.1949841610594555 0
701 0.3712146801894664 0.2001951228091863 0
702 0.371195926842392 0.2105475448976276 0
703 0.3801718148556854 0.2053878367961169 0
704 0.6287828538204092 0.2105067662653426 0
705 0.6198651714657861 0.2053689443173466 0
706 0.3801566830923482 0.2157410950562938 0
707 0.3891288006961056 0.210578566260815 0
708 0.3891454328769027 0.2002300363796671 0
709 0.3980978245124757 0.2054184759186765 0
710 0.7649564125081773 0.3847374857914435 0
711 0.7744607472751361 0.3796677877216672 0
712 0.7743155251827072 0.390251668189654 0
713 0.6198501245414207 0.1950405673840108 0
714 0.6108989060796889 0.2002260279852301 0
715 0.6109076446455338 0.2105881802033827 0
716 0.6019435167387196 0.2054253893591788 0
717 0.6019094645115169 0.2157702917839118 0
718 0.3981163650235296 0.1950767479229243 0
719 0.6018991872725148 0.1959548494603217 0
720 0.7710121078921646 0.7580405824557299 0
721 0.7686843834017695 0.7688261208383551 0
722 0.7578805797370073 0.7720734188704739 0
723 0.3981054364097544 0.2157304958306008 0
724 0.7829854154467091 0.2468907200490191 0
725 0.7828855392172583 0.236051497517169 0
726 0.2170031887422841 0.2468658023388081 0
727 0.2171073649707186 0.2360399821050424 0
728 0.4070616335561533 0.2002598678435377 0
729 0.407081172314573 0.1899279656960441 0
730 0.7876148949094095 0.642395435176492 0
731 0.7898701756705966 0.6307270705060029 0
732 0.2350385838015655 0.3847868299648294 0
733 0.2255324693108983 0.3796806229895486 0
734 0.22568370610271 0.390293979022683 0
735 0.7837213745047702 0.3848706397722494 0
736 0.783683017516007 0.395698864799159 0
737 0.2162623400492652 0.3848821306045006 0
738 0.2163099333237258 0.3957080140065095 0
739 0.7661589728867517 0.7798298194225582 0
740 0.7553086117259009 0.7831139952385996 0
741 0.7770239183246799 0.776511300066613 0
742 0.2677545880352501 0.9895954457689601 0
743 0.2895748765409405 0.5474701312094159 0
744 0.01032981872019383 0.8869940582322489 0
745 0.7922470566698162 0.2415598354121484 0
746 0.7921143880498407 0.2306769125032716 0
747 0.2077487474661607 0.2415581459066255 0
748 0.2078837242938198 0.2306747017372513 0
749 0.5929861735365864 0.2106117404743198 0
750 0.5929982309426629 0.2209520244251564 0
751 0.7744621266925982 0.7875939568280617 0
752 0.7853642261169972 0.7842753080629602 0
753 0.7981806263127036 0.6387451456031712 0
754 0.8005259613556738 0.6272789304606714 0
755 0.7931305920921005 0.3902438247961227 0
756 0.7931434230349901 0.4011614361825144 0
757 0.0101571716578868 0.1133842728529326 0
758 0.9898423548773114 0.1133735911210034 0
759 0.2068381557225319 0.3902671376076411 0
760 0.2069414834703807 0.4012032080709894 0
761 0.989786042386303 0.8870704194326469 0
762 0.5700491004959232 0.6011788552407668 0
763 0.7829323310569016 0.7952328473855782 0
764 0.7937443116097167 0.7920355426650092 0
765 0.5840453922614418 0.2157956376574275 0
766 0.5840604492217746 0.2261339243355368 0
767 0.6736479479867041 0.2361457601994421 0
768 0.801385986829352 0.2360156314764787 0
769 0.8013439138230793 0.2252573908385569 0
770 0.1986130012233435 0.2360160100163348 0
771 0.1986555971993135 0.2252570755211145 0
772 0.9905302774301138 0.6724437268500518 0
773 0.9904394198872836 0.5882962163923389 0
774 0.3262206342850072 0.236421731910019 0
775 0.7913075139680352 0.8030206275012797 0
776 0.802617463174043 0.3956822568147749 0
777 0.8026075119349184 0.4066806850632675 0
778 0.197321442529812 0.395749599093431 0
779 0.1974252854234194 0.4067717402715583 0
780 0.8021251682812874 0.7998365176834283 0
781 0.8046654039426357 0.7887013164997572 0
782 0.575101530327645 0.2209780499909053 0
783 0.5751158521831677 0.2313129934338994 0
784 0.1126803965509618 0.9900442251505979 0
785 0.642886969270007 0.3957835447946185 0
786 0.8106197647116657 0.2305868359546573 0
787 0.8105943724087452 0.2198576284523512 0
788 0.8013019934260114 0.2145304513581868 0
789 0.8103153856543354 0.2091444513524974 0
790 0.8012207977427346 0.2038433115938251 0
791 0.8102083484983417 0.198460899349884 0
792 0.8011676975375774 0.1931764291742312 0
793 0.8103570403919507 0.1878050773234876 0
794 0.8011611115195884 0.1825359898320368 0
795 0.8103335452796512 0.1771797930351686 0
796 0.8011346126232586 0.1719255958739495 0
797 0.8102781818740358 0.1665843331581583 0
798 0.1893802352882696 0.2305868359545722 0
799 0.1894055294615662 0.2198576183730782 0
800 0.198697890568953 0.2145303986717229 0
801 0.1896849518922922 0.2091444697726769 0
802 0.1987792111519749 0.203843339305879 0
803 0.1897920833637488 0.1984609641847666 0
804 0.1988323460933169 0.1931765081771948 0
805 0.1896430441825561 0.1878051817438668 0
806 0.1988388831286561 0.1825361078654273 0
807 0.1896664712894667 0.1771799352865281 0
808 0.1988653625663351 0.1719257512584757 0
809 0.1897218180690385 0.1665845111912874 0
810 0.8088434709711333 0.6354747157386766 0
811 0.8114561344602206 0.6246440636898563 0
812 0.7997488335405439 0.8107829056415039 0
813 0.7885142981396817 0.8143772753166515 0
814 0.708851012624273 0.7259133883164832 0
815 0.7062050947053313 0.7363840065824859 0
816 0.6982426181416582 0.7293346959143335 0
817 0.6954822617337048 0.7394492971479935 0
818 0.6875737537028558 0.732572250247006 0
819 0.6849030388657604 0.7429839359290744 0
820 0.6767401189613185 0.7350909810075007 0
821 0.6741233316014172 0.7458233823761505 0
822 0.6660766485598815 0.7380363367153291 0
823 0.6634377196360869 0.7489514867108277 0
824 0.6555187988310793 0.7417583160498308 0
825 0.6528884578369443 0.7526595396769892 0
826 0.6448239974231804 0.7452546797302584 0
827 0.6421212386601023 0.7556143140504457 0
828 0.6341242586993017 0.7484852277103174 0
829 0.6314229289627888 0.758812681972855 0
830 0.6234450169376906 0.751710579239692 0
831 0.6207358632634371 0.7620412507148702 0
832 0.6127607623998694 0.754945912546426 0
833 0.6100528910533854 0.7652774345427741 0
834 0.6020801729064174 0.7581834066748985 0
835 0.5994471192512388 0.768757760009511 0
836 0.591417587781504 0.7614621662691259 0
837 0.5887319449161189 0.7718450520825206 0
838 0.5807439208056577 0.7646715546697602 0
839 0.5782013811351132 0.7755300313855751 0
840 0.5700968903566335 0.7679728513505989 0
841 0.5675568748876867 0.7788525330389517 0
842 0.5594181787721297 0.7712396748367821 0
843 0.5568815508325584 0.7821124408853708 0
844 0.5487382098922602 0.7744796380977094 0
845 0.5461937788925848 0.7853597822099889 0
846 0.5381826214316032 0.7781921609135996 0
847 0.5355173888371123 0.7886861118131072 0
848 0.5273051768415833 0.7810459596737976 0
849 0.5247810643818495 0.7918855930841417 0
850 0.5164075703319129 0.7837393978572883 0
851 0.5140225965107574 0.795040162948486 0
852 0.5059066567511221 0.7875950631216935 0
853 0.6397737418629397 0.7671189852358867 0
854 0.5033186586414814 0.7983744082350839 0
855 0.4952030928629033 0.7909581894973177 0
856 0.4925793517052363 0.8016770890781896 0
857 0.4843970792432624 0.7940579946361737 0
858 0.4818093105432417 0.8049243598710993 0
859 0.4736140832255945 0.7972859838132145 0
860 0.5871072262516912 0.7814602333727608 0
861 0.4710292312148238 0.8081864059789858 0
862 0.4628021218495555 0.8004771586467854 0
863 0.4602348017576256 0.8114366874184028 0
864 0.4520017851319116 0.8037208667017662 0
865 0.449429451169455 0.814717839531067 0
866 0.4412234709059344 0.8071163531211389 0
867 0.4386181440646029 0.8180212720660125 0
868 0.4304035204701472 0.8104137010580466 0
869 0.5436610116878807 0.7962626036912631 0
870 0.4277868009714982 0.821316926390584 0
871 0.4195351010995355 0.8135686152901226 0
872 0.4220750913133696 0.8025423249233935 0
873 0.4112757750848364 0.8058012111098212 0
874 0.4086923567490704 0.8168036127224521 0
875 0.4006138605568197 0.8088807509857612 0
876 0.4030320880580348 0.7980056488322547 0
877 0.3922192042192638 0.8013018658415099 0
878 0.3896364690828154 0.8115517878747978 0
879 0.3813828175487948 0.8044215562699288 0
880 0.3839721431141732 0.7935192841584859 0
881 0.3731423890089671 0.7967461051696707 0
882 0.3705297347327328 0.8077655264566848 0
883 0.3622836074722965 0.7999785557992956 0
884 0.3596663733206329 0.8110326577537967 0
885 0.3514158190214043 0.8032374025220622 0
886 0.3487843756505704 0.8142972571220494 0
887 0.3405249745926537 0.8064860393921118 0
888 0.3431627941335633 0.7954338569373764 0
889 0.3322727592928688 0.7986669430477459 0
890 0.3296205702931211 0.8097311092520515 0
891 0.3213560007620061 0.8018998054614307 0
892 0.3186926345445628 0.8129819976413609 0
893 0.3104114898111738 0.8051384579691527 0
894 0.3077489034185718 0.8162427043759095 0
895 0.2994547293008569 0.808377911194938 0
896 0.3021551567732657 0.7972870435720407 0
897 0.2911671297915713 0.8005118901270118 0
898 0.2884848073096716 0.8116252507964966 0
899 0.2801862292686692 0.8037329952211555 0
900 0.282884053167285 0.7926388821449246 0
901 0.2719014290587444 0.7958506484614531 0
902 0.2692038182623939 0.8069798457466955 0
903 0.2609555322902247 0.7990275874600293 0
904 0.2636167011495724 0.7879369635149962 0
905 0.2526190564349188 0.7911692420231865 0
906 0.2502819049872918 0.8025428092744615 0
907 0.2417092418371452 0.7943853847939464 0
908 0.2443393919927791 0.7832363875533398 0
909 0.2333567299653407 0.7864234242294362 0
910 0.2360340816062959 0.7752925115655233 0
911 0.2305834677020688 0.7976197465470057 0
912 0.2250396292612517 0.7784813605970731 0
913 0.2277263645859497 0.7673458138819674 0
914 0.2167215399572031 0.7705399668080692 0
915 0.219413751694531 0.7593939586033123 0
916 0.2083990464555546 0.7625913805996622 0
917 0.2110943174429336 0.7514348722054051 0
918 0.200044629023301 0.7546611305134636 0
919 0.2027633034400881 0.74347247212997 0
920 0.1974774126232479 0.7661200278842609 0
921 0.5007736894302605 0.8093229618109586 0
922 0.4649835357924734 0.7900149786714105 0
923 0.1988999938452201 0.1613346127425038 0
924 0.8010973278220288 0.1613340788481608 0
925 0.191702157080508 0.7467025177146406 0
926 0.1944270288195507 0.7354993467028914 0
927 0.5661603342989252 0.2261562773014886 0
928 0.5661440810850034 0.2158269932564151 0
929 0.5661753163152485 0.2364885632825874 0
930 0.575127628103502 0.241642579252383 0
931 0.5661895128987128 0.2468182855145509 0
932 0.8121356293091814 0.4011911774210516 0
933 0.8121328590069294 0.4122069480983617 0
934 0.181044442881116 0.1934503790647263 0
935 0.8189569227043357 0.1934499539316654 0
936 0.1877714955931173 0.4012583947059585 0
937 0.1877720506943909 0.4123202808808267 0
938 0.8105366416297938 0.8076525573578981 0
939 0.5572382715851369 0.2416663298241979 0
940 0.2304499754491483 0.7561858816878432 0
941 0.5572534906295338 0.2519929422608286 0
942 0.5075032666811573 0.776598972855383 0
943 0.819540034458307 0.6323487147527685 0
944 0.8222459570732643 0.6214597405708726 0
945 0.575133916183912 0.2519607294857353 0
946 0.1897815098293491 0.1560151136615602 0
947 0.8102181695269829 0.1560148607521428 0
948 0.8081551663775303 0.8186271852554944 0
949 0.5483049827667095 0.2468422665214818 0
950 0.5483200729631502 0.2571662508583294 0
951 0.5619714894834115 0.7603890197637013 0
952 0.1833534634291226 0.7387338795296046 0
953 0.1860849403149625 0.727517073660769 0
954 0.8121277664036863 0.3901611620179207 0
955 0.1877578206498238 0.3901904319857915 0
956 0.8216857746808639 0.3956861565846782 0
957 0.8216756955200606 0.3846396811142527 0
958 0.1781674073766382 0.3957277833266031 0
959 0.1781712456379795 0.3846388818935562 0
960 0.8189614780938632 0.8154983849632458 0
961 0.4576763419231595 0.8224481051947812 0
962 0.1989296222233567 0.1507820571229707 0
963 0.8010682561128034 0.1507790188390828 0
964 0.8989768796031032 0.9901178824199546 0
965 0.4160185301569888 0.1951055307207908 0
966 0.4160379522049319 0.184782863641396 0
967 0.8106650454248439 0.2413543069112301 0
968 0.819994228905335 0.2359401150591862 0
969 0.1893347308823689 0.241356109256592 0
970 0.1800045816456422 0.2359406552879603 0
971 0.8304523702555333 0.6289516582459642 0
972 0.8330066501324579 0.6179142802314056 0
973 0.8248074677916305 0.6102207391728989 0
974 0.8354091568916076 0.6067854137054656 0
975 0.8273279599566947 0.5989174686360264 0
976 0.837939614051488 0.5956344930831097 0
977 0.82947478047906 0.587831484600807 0
978 0.8404032428682436 0.5844825368378413 0
979 0.8319385470735849 0.576671739127973 0
980 0.8429257006548491 0.5733171253693257 0
981 0.827779021476124 0.6400803698282914 0
982 0.1749976399865552 0.7307545838331078 0
983 0.1777333629715413 0.7195260412690347 0
984 0.8165930292373689 0.8264810135913674 0
985 0.5393695387988562 0.2520104111611407 0
986 0.5393883075832693 0.2623397879320866 0
987 0.1971697859351611 0.7242903059257888 0
988 0.8200132341172215 0.2467833268529243 0
989 0.8294156448625851 0.2413181206937347 0
990 0.1799910780749075 0.2467492926429186 0
991 0.1705884734169777 0.2413142574518628 0
992 0.8312655067637272 0.3901658836189664 0
993 0.8314821896474719 0.3794691116100271 0
994 0.1685613785507378 0.3901653895328203 0
995 0.1683298794458661 0.3794549928035615 0
996 0.424969007363092 0.1899570127548942 0
997 0.4249842550879775 0.1796419553063938 0
998 0.4160639066760045 0.1744684029709205 0
999 0.4250008513373847 0.1693329750007491 0
1000 0.4160939435100843 0.1641636902839964 0
1001 0.4250174165844514 0.1590380783968965 0
1002 0.4161217415397565 0.153873871762689 0
1003 0.4250362700157655 0.1487553607711546 0
1004 0.4339280545131302 0.1539093245347387 0
1005 0.4339447673500831 0.1436353804218099 0
1006 0.4428296143662588 0.1487836486129999 0
1007 0.4161471891772164 0.1435987223667554 0
1008 0.1898360152345146 0.1454657977172715 0
1009 0.1806894109449999 0.1506870602745247 0
1010 0.8101635763337482 0.1454650793243798 0
1011 0.8193106073737503 0.1506868299085466 0
1012 0.8274083177406715 0.8233641128785152 0
1013 0.2625425685998004 0.3156065377119622 0
1014 0.7371696508794605 0.3155445719259383 0
1015 0.5304399797841072 0.2571827524141631 0
1016 0.5304415692359223 0.2675079710766367 0
1017 0.4428455317470136 0.1385185288133842 0
1018 0.4517240307761999 0.1436643598512917 0
1019 0.8347058200818315 0.5655654952514275 0
1020 0.8454956743664326 0.5621623920518737 0
1021 0.1989795308142037 0.1402613622060033 0
1022 0.2080466272475032 0.1455514881041951 0
1023 0.8010234644833947 0.1402593636553061 0
1024 0.7919519887090721 0.145547683402467 0
1025 0.1666639273809311 0.722779386601017 0
1026 0.1693719962046925 0.7115273400802078 0
1027 0.1639649229282265 0.7341374728404158 0
1028 0.1807363418333654 0.1401348186518538 0
1029 0.171551931168797 0.1453666636845474 0
1030 0.8192653230891711 0.1401326733792978 0
1031 0.8284483836094606 0.1453661034573053 0
1032 0.8438021852151762 0.6136624844209997 0
1033 0.5393434041326264 0.2726610397104597 0
1034 0.8250332774851736 0.8343755092605958 0
1035 0.5217842011844726 0.2623617439516571 0
1036 0.5215569654021233 0.2726784631470237 0
1037 0.8409149186713507 0.3846901735914088 0
1038 0.8408640929885672 0.3735138765153596 0
1039 0.7919087209973652 0.1350712683374959 0
1040 0.7828646264833832 0.1403353451893726 0
1041 0.2080964893578571 0.1350722422410421 0
1042 0.217135034153236 0.1403386292246578 0
1043 0.1588822218185448 0.38466779254684 0
1044 0.158920187835943 0.37347737576866 0
1045 0.8358736586598614 0.8312533952631971 0
1046 0.8384184747386384 0.8200281829452538 0
1047 0.0757575127050629 0.008867456298523887 0
1048 0.924307990684675 0.008872405377283538 0
1049 0.4517408600738823 0.1334068696718122 0
1050 0.4606140668287414 0.1385488829734297 0
1051 0.1715558617689734 0.1348608782610345 0
1052 0.1624396789154589 0.1400486510224061 0
1053 0.8284460384074628 0.1348628708549966 0
1054 0.83755707759497 0.1400487380760278 0
1055 0.5131590648459061 0.2679612822247595 0
1056 0.6042598747832502 0.7478476575670171 0
1057 0.7828224304529534 0.1298888387966777 0
1058 0.77380293225001 0.135136966040426 0
1059 0.2171819333555043 0.1298850939675508 0
1060 0.2262009222447354 0.1351405533625462 0
1061 0.1582967542355782 0.7148359478316214 0
1062 0.1610066926376169 0.7035147045754861 0
1063 0.5126909565120752 0.2779187741298725 0
1064 0.5040259625712222 0.2732148390437955 0
1065 0.837631227221289 0.5544989366341784 0
1066 0.8481009447992289 0.5510245705725271 0
1067 0.8335190184559906 0.8422647299375315 0
1068 0.8223279721236111 0.8460799024497596 0
1069 0.8507124476653742 0.3794169964909529 0
1070 0.8504606694782708 0.3912977564670051 0
1071 0.8507761488206849 0.368366913273208 0
1072 0.1495057271580777 0.3785824274148875 0
1073 0.1487364412699842 0.3901941567524827 0
1074 0.1490530131637191 0.3681893948067501 0
1075 0.8443641461128664 0.8391591950877301 0
1076 0.1498904357802285 0.7068540745972399 0
1077 0.1526226622080625 0.6955064061032832 0
1078 0.1637536714457278 0.6922387630369702 0
1079 0.1553754460840193 0.6842240896572088 0
1080 0.1665023859229569 0.6809787102116928 0
1081 0.1581319030093787 0.6729630575573712 0
1082 0.1692500004473303 0.6697225992149436 0
1083 0.1608874845967797 0.6617121313086893 0
1084 0.4608880710014509 0.1287356394732965 0
1085 0.4695466550710201 0.1335086257036677 0
1086 0.4694939561929756 0.1437020317447626 0
1087 0.4783823182031053 0.1385893515115127 0
1088 0.4783990638861612 0.1283380976110569 0
1089 0.4872601642273141 0.1334648521231694 0
1090 0.1623948573059155 0.1295089271981175 0
1091 0.1533185810184455 0.1348195593869611 0
1092 0.8376065021715995 0.1295117098185605 0
1093 0.8466736155988684 0.1348265147303836 0
1094 0.7737613748864482 0.1247174330367028 0
1095 0.764768508890926 0.1299488662315777 0
1096 0.226245759615189 0.1247169134534816 0
1097 0.2352350211528257 0.1299501679006832 0
1098 0.5037425549101677 0.283112396701316 0
1099 0.495054649595805 0.2783835167093472 0
1100 0.1719991926955941 0.658472573582641 0
1101 0.1636380862396699 0.6504692561553032 0
1102 0.1525266265049887 0.6537042336538044 0
1103 0.1552816177016844 0.6424580435108075 0
1104 0.1663972246664674 0.6392250926746994 0
1105 0.1580477808985406 0.6312210730091401 0
1106 0.1691459689673069 0.6279886559898856 0
1107 0.1608093808443175 0.6199947917462099 0
1108 0.171898018417652 0.6167778635691153 0
1109 0.1635659193550138 0.6087912694545721 0
1110 0.1524819120482476 0.612006962120285 0
1111 0.1552388758878535 0.6007956618190501 0
1112 0.1663268077514203 0.5976037381439272 0
1113 0.1579938503027319 0.5896034836879465 0
1114 0.1690897666416551 0.5864365294637389 0
1115 0.1607568275916546 0.5784383306090293 0
1116 0.1496978167383242 0.5816154041312259 0
1117 0.1524702148464042 0.5704680957474508 0
1118 0.1635009565289705 0.5672828355063304 0
1119 0.1552355776376914 0.5593233890591455 0
1120 0.1662539724558103 0.556137195627802 0
1121 0.1579987741025307 0.5481854299494473 0
1122 0.4872723977777469 0.1232172032528369 0
1123 0.4961366120186517 0.1283484823146569 0
1124 0.1693896158252506 0.5451200318236893 0
1125 0.160823189165854 0.5370943116722932 0
1126 0.1497774963220787 0.5402518983323834 0
1127 0.1525342875950129 0.5291497209288875 0
1128 0.4536804281113471 0.1237928401343266 0
1129 0.8420033693965469 0.8501988465346992 0
1130 0.85305082476753 0.8469010928582043 0
1131 0.3652188983377254 0.6002341381153359 0
1132 0.8604604620807766 0.3739936382572012 0
1133 0.8601853079674622 0.3622996801754756 0
1134 0.1398200313171139 0.3729571395999323 0
1135 0.1395461669984364 0.3622371283269931 0
1136 0.1716685244934217 0.5342478506295096 0
1137 0.4961494420810489 0.1181073211412206 0
1138 0.5050091282637086 0.1232351843224939 0
1139 0.8402540606794919 0.5433698222695968 0
1140 0.8508175667130456 0.5399191745180282 0
1141 0.1415376931697865 0.5323126663383131 0
1142 0.1442858252093971 0.5212107080617151 0
1143 0.8537769905509898 0.5689662234319994 0
1144 0.8025680137509963 0.4177113796427088 0
1145 0.1532729781923856 0.1240904968352114 0
1146 0.1440541624321275 0.1294783530453976 0
1147 0.846726219535787 0.1240915350020486 0
1148 0.8559405841012344 0.1294861320648606 0
1149 0.5216505647716094 0.2520460378837975 0
1150 0.494823758830885 0.2882832441986438 0
1151 0.4859107954920001 0.2839281843251657 0
1152 0.1414713527236907 0.6987594296415967 0
1153 0.7647196872854463 0.1195521150431984 0
1154 0.7557441943434331 0.1247795562356781 0
1155 0.2352804877064911 0.1195482865723065 0
1156 0.2442583578122012 0.1247795827198075 0
1157 0.5050228439097378 0.1130023747866536 0
1158 0.5138778440810858 0.1181263373979312 0
1159 0.850225159273676 0.8584514280638065 0
1160 0.1974723478988135 0.417847987458438 0
1161 0.1332924999833996 0.5243779806606116 0
1162 0.1359577532083391 0.5127745508714867 0
1163 0.654290011440489 0.6179007051699023 0
1164 0.8370255626340849 0.1192255639169034 0
1165 0.1629745440015951 0.1192143873917407 0
1166 0.8615608993738505 0.8548704897359413 0
1167 0.6473887622624205 0.7345168243162403 0
1168 0.4961698575854467 0.1078705733917023 0
1169 0.7734788319535985 0.1143081391799953 0
1170 0.2265285719775877 0.1143000775156839 0
1171 0.8121317527018258 0.4232716449341483 0
1172 0.8025128424063938 0.4287923423394775 0
1173 0.5036974023621142 0.2933241785681618 0
1174 0.1440536838878999 0.1186836483958948 0
1175 0.1347239384230922 0.1239691620096595 0
1176 0.1347257089936765 0.1348435687033963 0
1177 0.8559455894287402 0.1186845268457433 0
1178 0.8656013888122015 0.1239567421331805 0
1179 0.8653238262833818 0.1348492517025456 0
1180 0.4858676381910298 0.2935124715383 0
1181 0.4767121783138766 0.2887591082701158 0
1182 0.8587452171719723 0.8664336224507823 0
1183 0.869960840216265 0.3680166717687584 0
1184 0.8698788941387785 0.3564204936732234 0
1185 0.7556985819328715 0.1144089041174427 0
1186 0.7467483615127375 0.1196195972974601 0
1187 0.244305046233346 0.1144046408766883 0
1188 0.2532562215208729 0.1196192971089389 0
1189 0.1298405211459076 0.3677682422249641 0
1190 0.1298382372801953 0.3563137258222727 0
1191 0.4783606824666008 0.1488306831635906 0
1192 0.7731625843331926 0.7479800130143264 0
1193 0.8267024019909838 0.5578365762956308 0
1194 0.5138921826967795 0.1079002532705433 0
1195 0.5227440028522174 0.1130241937182025 0
1196 0.1251955026347755 0.5163998725687927 0
1197 0.1276433604419069 0.5045579315079557 0
1198 0.1222945196314273 0.5275681102897519 0
1199 0.4768966755197088 0.2986319265626642 0
1200 0.4682156257682424 0.2934846481633994 0
1201 0.1347912959257589 0.113226905857504 0
1202 0.8655891195141217 0.113211106387988 0
1203 0.1253369683593385 0.1292616360943709 0
1204 0.1252758318341989 0.1400960526224658 0
1205 0.8751396303748931 0.1294135824076405 0
1206 0.8747242970309681 0.1400957812525875 0
1207 0.746707861684157 0.1092652750559958 0
1208 0.7377681400969029 0.1144797975376308 0
1209 0.2532968313086946 0.1092621129935489 0
1210 0.2622393338967196 0.1144769464410385 0
1211 0.7378003842139731 0.1248214084443001 0
1212 0.7288373256041496 0.1196706101889757 0
1213 0.7287970738172906 0.109348086732674 0
1214 0.7198816509333482 0.1145300110514211 0
1215 0.7198424821482792 0.1042271545706198 0
1216 0.710942199018432 0.1094020323729158 0
1217 0.2622071795807622 0.1248237621678245 0
1218 0.2711753983977381 0.1196705198764813 0
1219 0.2712123764332361 0.1093360730179568 0
1220 0.2801381846988473 0.1145274332452578 0
1221 0.2801768658517081 0.1042124765396973 0
1222 0.2890840274026261 0.1093932947530591 0
1223 0.8694405509708281 0.8635504591858988 0
1224 0.8725109016280623 0.8516858432576465 0
1225 0.9896901737645011 0.3749999999990472 0
1226 0.8294268603023536 0.2522275248385067 0
1227 0.8388774503441921 0.2467279153955321 0
1228 0.009500723781311522 0.376346062595426 0
1229 0.1705752568275308 0.2522304906715133 0
1230 0.161110924404873 0.2467301582701349 0
1231 0.4680411639696721 0.3037150743884965 0
1232 0.4596341750712106 0.2990011896635614 0
1233 0.144153619934107 0.6456911586806575 0
1234 0.9899876583199642 0.07617168052993928 0
1235 0.01001234946507322 0.07617170204707463 0
1236 0.01010410925695253 0.9345238094671746 0
1237 0.9896982307622585 0.9335675272337768 0
1238 0.8674991241380863 0.8741970008544693 0
1239 0.8560389270295452 0.8778751213438762 0
1240 0.1802292099676865 0.6247518624252263 0
1241 0.700625369049886 0.2519017318429917 0
1242 0.3000076310014035 0.2531441792631186 0
1243 0.4474916255020329 0.9881288238674072 0
1244 0.7253935999686594 0.6116240639008588 0
1245 0.9903190018325956 0.5049010680385317 0
1246 0.5171853261413515 0.9897099278576241 0
1247 0.9902184379115726 0.6363276660348332 0
1248 0.3631192131145591 0.9896907094341867 0
1249 0.4769279748373707 0.3088479111200236 0
1250 0.8121212950001813 0.4343812911672385 0
1251 0.8024598582556284 0.4399232699586578 0
1252 0.07747706891190827 0.9903807806104462 0
1253 0.4681324803057608 0.008634028600887198 0
1254 0.4085384349253858 0.008110565706491737 0
1255 0.5907206738776686 0.007943613524345243 0
1256 0.4946115942725289 0.2680145862041454 0
1257 0.3160353913664753 0.8241001981468244 0
1258 0.1387359827420361 0.7101310776451912 0
1259 0.1303073987800705 0.7020211652687826 0
1260 0.1275454297329282 0.7133416241525596 0
1261 0.3570529888664796 0.8221073437076015 0
1262 0.1786901658951106 0.5525173272273023 0
1263 0.1492730089925174 0.356649997937057 0
1264 0.6805184888573109 0.7244102898647007 0
1265 0.6717979738915059 0.7574005181265674 0
1266 0.8504810348410499 0.3567268837950611 0
1267 0.3349250872311936 0.7876245922002451 0
1268 0.7111054494467207 0.5478701763519371 0
1269 0.5227602691455224 0.1027978543308044 0
1270 0.5316104217434204 0.1079189077688082 0
1271 0.5315958182668261 0.1181495863439615 0
1272 0.5404589387914015 0.1130441473858863 0
1273 0.5050012162570766 0.1334746470230931 0
1274 0.4591911452309481 0.3089243890080652 0
1275 0.4505254475189332 0.3042315994520872 0
1276 0.3468058932773974 0.3946616514768639 0
1277 0.1191287175133447 0.7052604547452386 0
1278 0.1163532399696546 0.7166093136988543 0
1279 0.1140046178699106 0.519653833930971 0
1280 0.1112156439076027 0.5307917227608585 0
1281 0.795498743496337 0.650540721178696 0
1282 0.7524115245486969 0.007949974320519828 0
1283 0.2475890554482026 0.007931844255870242 0
1284 0.2888316609266049 0.4621024221346729 0
1285 0.5404743016420368 0.1028152200427703 0
1286 0.5493192638965229 0.1079382702925325 0
1287 0.4182337871289306 0.4000096799276558 0
1288 0.5714936206716514 0.4002689524735675 0
1289 0.7648055266433036 0.1403341081080103 0
1290 0.2351906290468127 0.1402420394649589 0
1291 0.1158520000683436 0.1345902239919035 0
1292 0.1158087870266167 0.1455786048084855 0
1293 0.884125294466363 0.1346196583727857 0
1294 0.8841904862312147 0.145578255981799 0
1295 0.4680262309714772 0.2840129632668538 0
1296 0.8795910453081959 0.3622556137357523 0
1297 0.8796162142906405 0.3508261953901598 0
1298 0.8795305152322541 0.373806488078172 0
1299 0.7109072005538317 0.09911207431618502 0
1300 0.7020104898532269 0.1042831129016423 0
1301 0.2891157601960822 0.09909309604791616 0
1302 0.2980189325293717 0.1042684782959241 0
1303 0.120191104983426 0.3618824105985415 0
1304 0.120086488450742 0.3506847667818228 0
1305 0.1194572328907168 0.3724472703934717 0
1306 0.8792409938394765 0.8709700326579231 0
1307 0.1470391821173201 0.5101056897495776 0
1308 0.499944302647401 0.4012636024054253 0
1309 0.5493319988034879 0.09771530670951512 0
1310 0.5581765446071382 0.1028344835114488 0
1311 0.7288677428309739 0.1299961052031276 0
1312 0.2711459349013026 0.1300164953295192 0
1313 0.5404513596973133 0.1232777584073061 0
1314 0.8757908027976874 0.8824776519263402 0
1315 0.8388925882697529 0.2576638344408485 0
1316 0.8483937727255493 0.2521710352981864 0
1317 0.1611032239537266 0.2576685013009086 0
1318 0.1515957772753429 0.2521751603632147 0
1319 0.5304028772993974 0.008245779304892112 0
1320 0.812103358873685 0.4455313843511418 0
1321 0.8024090823381347 0.4511061778807906 0
1322 0.290283542044152 0.6058083832642049 0
1323 0.2805752500298163 0.5996943331626158 0
1324 0.2805457213837596 0.6108826298764511 0
1325 0.7020410451204895 0.1145717392921087 0
1326 0.6931189313816408 0.1094493973749532 0
1327 0.6930893163467882 0.09916888533404192 0
1328 0.6842081597625082 0.1043298622088168 0
1329 0.2979912353733329 0.1145660964908086 0
1330 0.3068526623057861 0.1093267392776529 0
1331 0.3069346595084769 0.09913337513964011 0
1332 0.3157559272512499 0.1041815697802092 0
1333 0.4249539853937125 0.2002799217645932 0
1334 0.7197966367704552 0.09393807008838931 0
1335 0.2802225195047691 0.09391513441909156 0
1336 0.6841859478128499 0.09405875098748435 0
1337 0.675306943709961 0.0992125440978624 0
1338 0.6753258910886961 0.1094765980887428 0
1339 0.6664248219246218 0.1043599983198505 0
1340 0.6664076191644589 0.09410182892856708 0
1341 0.6575338456833822 0.09924809389637186 0
1342 0.3158348282790912 0.09401769353970335 0
1343 0.3247136316800892 0.09917235849393521 0
1344 0.3242876235856447 0.1099206707505442 0
1345 0.3335011926147883 0.1049594528960314 0
1346 0.3335831373437782 0.09417458331282391 0
1347 0.3421920972600239 0.09885310274874876 0
1348 0.0122610607900759 0.5054109479795826 0
1349 0.8892762326983856 0.3567590986913763 0
1350 0.8894264508090867 0.3452920802274986 0
1351 0.5581951241955346 0.09261148421256093 0
1352 0.4502552513721974 0.3141071658729322 0
1353 0.4413195537670107 0.3089722248706318 0
1354 0.4417676418353518 0.2992944574435511 0
1355 0.4326644324009133 0.3043021363637975 0
1356 0.5239526599125029 0.6032972293879778 0
1357 0.1101128545448849 0.3556944233523262 0
1358 0.1102063511747346 0.3450179767113796 0
1359 0.1063249971957296 0.1400251004293516 0
1360 0.1062726977518189 0.1510284523466218 0
1361 0.1063898270015002 0.1290123531768769 0
1362 0.8936712060506151 0.1400297639817618 0
1363 0.8937266557518644 0.151029001194054 0
1364 0.8936879797216348 0.1291747390194718 0
1365 0.5670315453200819 0.09773145732905937 0
1366 0.567030101562489 0.1079470381593438 0
1367 0.3443045431786441 0.1097730983539865 0
1368 0.6575457981982573 0.1095064650623819 0
1369 0.4324027289295265 0.31414838450504 0
1370 0.4234609375232958 0.3090118212334849 0
1371 0.1079187138495655 0.7085184376241158 0
1372 0.1051436973440091 0.7198832172259052 0
1373 0.8873418681132424 0.8796648076539398 0
1374 0.6575157850530198 0.08899535876267971 0
1375 0.3424436510852885 0.08892661432697482 0
1376 0.3512227132031383 0.0938485524166694 0
1377 0.8847543232354954 0.8902457120395975 0
1378 0.4239051799669782 0.2993169170596647 0
1379 0.4147969760121422 0.3043283873445054 0
1380 0.4145503084675038 0.3141750378566751 0
1381 0.4055915250485205 0.3090335658951161 0
1382 0.4049099812462187 0.2983042149310207 0
1383 0.3962520328755608 0.3041366585352417 0
1384 0.3965664345425307 0.3141578332361556 0
1385 0.3875725258183201 0.3090192704245219 0
1386 0.3873186325381606 0.2990822619390187 0
1387 0.3786015263171017 0.3038957967476085 0
1388 0.1877809464838727 0.4234270575672016 0
1389 0.1974644249421547 0.4289754944306444 0
1390 0.934522834454422 0.9896901574613095 0
1391 0.7096732143169522 0.4758732452525875 0
1392 0.3786768671948657 0.3141543991945947 0
1393 0.3696964141445283 0.309007843164781 0
1394 0.1803468178751002 0.6664705371060557 0
1395 0.7921198538514787 0.1878925015489176 0
1396 0.2079760252697724 0.1874840059014609 0
1397 0.7194458609176 0.6831329211376469 0
1398 0.8483028000318616 0.2416707883008288 0
1399 0.8580594337103081 0.2469547281761342 0
1400 0.8586808161004031 0.2587203913828223 0
1401 0.8680349354852253 0.252846628955165 0
1402 0.8677146279677396 0.2414161009243638 0
1403 0.8772754300910616 0.2466843559855802 0
1404 0.8783820073906181 0.2579731836218516 0
1405 0.8872362300977015 0.2518906582777345 0
1406 0.886891266699614 0.2408325240737069 0
1407 0.8966474289538449 0.2463817280730607 0
1408 0.8968685453623172 0.257362009675651 0
1409 0.8965227085316763 0.2351605718081793 0
1410 0.1514974320494815 0.2413988706806227 0
1411 0.1420359867234328 0.2466442145174261 0
1412 0.1416273505356948 0.2581462673844451 0
1413 0.1323747187819977 0.2522065046949872 0
1414 0.1324816327532238 0.2409604537429334 0
1415 0.1228363322334418 0.2465286886960625 0
1416 0.7810999688799624 0.6227073225716925 0
1417 0.122330963468576 0.2580954443604776 0
1418 0.1131223013298868 0.2520680565708233 0
1419 0.1131717886872476 0.2408338353230375 0
1420 0.1034119899497087 0.2464111960070665 0
1421 0.1033538527052389 0.2576758896177039 0
1422 0.1034812460187891 0.2351615819224287 0
1423 0.2708650192666733 0.6051946074380499 0
1424 0.2708528699903111 0.6163660004898872 0
1425 0.82177894568271 0.4399653362663856 0
1426 0.8217758954122749 0.4511480254200967 0
1427 0.8314886644343181 0.4455515801029774 0
1428 0.5670543175655323 0.08751169998911221 0
1429 0.5496029453718031 0.08789421548319729 0
1430 0.4072361679080815 0.1487113677048503 0
1431 0.4338983133085478 0.1951336163110101 0
1432 0.4338843702475293 0.2054492219209893 0
1433 0.4428255291443942 0.2003042206177198 0
1434 0.8957250809381107 0.8871372730432313 0
1435 0.8982555364944903 0.8756230656604131 0
1436 0.7926726812463274 0.4454291971326853 0
1437 0.7926574645963416 0.4566949722956309 0
1438 0.1027572650095947 0.5229335127703492 0
1439 0.1000907322715706 0.534027393284858 0
1440 0.09680272835207648 0.1344684517389642 0
1441 0.09687218902542991 0.1233760964892165 0
1442 0.903209722276333 0.1344961031835228 0
1443 0.9031171684753666 0.1234057796092481 0
1444 0.2805181645746527 0.6219324915514631 0
1445 0.2708789271658202 0.6275024590005691 0
1446 0.2805236923771182 0.6330547160009221 0
1447 0.270896020307045 0.6386414756538548 0
1448 0.2808239699124147 0.6442088276408174 0
1449 0.2709303312024911 0.6497997354707374 0
1450 0.2808969506394291 0.6553776941041658 0
1451 0.2709464659615283 0.6609790381531189 0
1452 0.2806408014819686 0.6665574459434913 0
1453 0.2906632084791821 0.6610765771075133 0
1454 0.2903425529192228 0.6721435966845017 0
1455 0.2999663585075887 0.6665627747403839 0
1456 0.2999860196055908 0.6776397927624898 0
1457 0.3095391026814345 0.6721833422280233 0
1458 0.3096241332683266 0.6831849023939016 0
1459 0.3191642060854274 0.6777461402792847 0
1460 0.3192465307829729 0.6887479419063507 0
1461 0.3288380515111793 0.6832075998698076 0
1462 0.3096181553922839 0.6941460499251103 0
1463 0.3288845846503483 0.6942561372316882 0
1464 0.3384487346010023 0.6887216067529351 0
1465 0.3384817021468829 0.6997862406121881 0
1466 0.3480347637486712 0.6942469537312128 0
1467 0.3480622398131743 0.7053009390470057 0
1468 0.3575986575768345 0.6997515134876906 0
1469 0.3575774705279143 0.6887420437679197 0
1470 0.3671167774612851 0.6942389066319885 0
1471 0.3671354962143545 0.7052205754208042 0
1472 0.3766337913528369 0.6997085213505743 0
1473 0.2708865455810873 0.6721746579714453 0
1474 0.3766624738790851 0.7106791031415108 0
1475 0.3861300792595166 0.7051625208757732 0
1476 0.3861020608773211 0.6942305208618875 0
1477 0.3955741951668251 0.699668334903198 0
1478 0.3956180709230318 0.710587217012506 0
1479 0.4050514622154234 0.7050953069814458 0
1480 0.4050948068037101 0.7160159143515671 0
1481 0.4145314005371774 0.7105190937359561 0
1482 0.4144774079360677 0.6996083767076624 0
1483 0.4239384683550962 0.7050151410239522 0
1484 0.5758830692347848 0.09263056252373947 0
1485 0.906441224351808 0.2519138468108635 0
1486 0.9065088403849565 0.263235532317416 0
1487 0.09359121832296277 0.2519805247898252 0
1488 0.0934953585948044 0.2632738069708906 0
1489 0.8991798855336907 0.3511509652854828 0
1490 0.3513391469857923 0.08380453498185532 0
1491 0.3599330958304834 0.08846892547042547 0
1492 0.1000439640288826 0.3502149790114532 0
1493 0.8294188084583342 0.2631612355196525 0
1494 0.1705844556724814 0.2631800110177568 0
1495 0.893036394098827 0.898505003923604 0
1496 0.8812571427805318 0.9016422023684652 0
1497 0.262750338162862 0.3474793127641013 0
1498 0.7370774510259508 0.3464909340985126 0
1499 0.6018169011707817 0.2261173826663936 0
1500 0.1135966925439653 0.7279533231442146 0
1501 0.1023779584023596 0.7312422526701839 0
1502 0.1108629569883349 0.7393220947323802 0
1503 0.09963144394078699 0.7426117054357653 0
1504 0.108111056540507 0.7506935453282236 0
1505 0.0968689782059456 0.7539846336019368 0
1506 0.1053064015200315 0.7620599039588882 0
1507 0.09408142212492604 0.765357904679946 0
1508 0.1025384976620912 0.7734488905008071 0
1509 0.0913008250754456 0.7767410194266156 0
1510 0.09979479074931244 0.7848536951690336 0
1511 0.08853228492304936 0.7881542723967375 0
1512 0.09703773131973245 0.7962516762687741 0
1513 0.1082956072604023 0.7929568655702797 0
1514 0.1055410982227177 0.8043488874285849 0
1515 0.1167912853148346 0.8010524712739781 0
1516 0.1140321615759701 0.8124483637647294 0
1517 0.1252819534834213 0.8091491329899126 0
1518 0.122524996920104 0.8205536953387164 0
1519 0.1113054629198771 0.8239055857326868 0
1520 0.1197746922786362 0.8319707113537091 0
1521 0.1310370684481284 0.8286543814008518 0
1522 0.1282795508372152 0.8400690594152179 0
1523 0.117067389146156 0.8434454826765769 0
1524 0.1255105392127954 0.8514885703598628 0
1525 0.1367945526463055 0.848170207113055 0
1526 0.1340425392411258 0.8595789921078164 0
1527 0.1453077031711013 0.8562662294460132 0
1528 0.1228550523145181 0.8629211158067168 0
1529 0.1425651648957992 0.867671377954203 0
1530 0.1538211768288145 0.8643603888937511 0
1531 0.1510759287728504 0.8757732570248585 0
1532 0.1623330716533116 0.8724557895232545 0
1533 0.1595822919973143 0.8838782615834526 0
1534 0.1708567315805675 0.8805552667161354 0
1535 0.1482669833713517 0.8871559665165609 0
1536 0.1681007169904656 0.8919767951937532 0
1537 0.1793792281382884 0.888652944420953 0
1538 0.176618528490659 0.900083416086807 0
1539 0.1878936179748295 0.8967533785157109 0
1540 0.1906524505253465 0.8853286761188547 0
1541 0.199159857015334 0.8934191006841778 0
1542 0.2019025413330601 0.8820042787694501 0
1543 0.2104101551383822 0.8900834400117579 0
1544 0.1565934169305061 0.8529759312678818 0
1545 0.8314816952542989 0.456784142382599 0
1546 0.8412306405124849 0.4511644162246616 0
1547 0.369742015123666 0.3193358916282696 0
1548 0.3607458401670892 0.3141810149619049 0
1549 0.7838492221149445 0.3748991222583738 0
1550 0.2161214597310452 0.3749188399146889 0
1551 0.8796104499174778 0.3395553405657711 0
1552 0.1200741129503771 0.3393869451233469 0
1553 0.4145821783364709 0.7214588990756186 0
1554 0.2258897978751793 0.401132950158422 0
1555 0.09668810295745807 0.7118071081277371 0
1556 0.09946871054033588 0.7004277223745353 0
1557 0.5758978370558979 0.08241941078271271 0
1558 0.8842104787336683 0.1565817538886432 0
1559 0.1157946102288196 0.1565920568738641 0
1560 0.1877816187700267 0.4345846257369553 0
1561 0.1975074661077661 0.4401565035112077 0
1562 0.2076723627093274 0.9015047388794658 0
1563 0.2189246144600868 0.8981610663304684 0
1564 0.2216547787854108 0.8867583372132071 0
1565 0.2301566120635662 0.8948255277588114 0
1566 0.3785823131588228 0.2935558824254617 0
1567 0.9545454545453349 0.008747731351381001 0
1568 0.04546266749667217 0.008652508765697663 0
1569 0.2327785977162431 0.883553265245305 0
1570 0.2412576470667177 0.8916251173264335 0
1571 0.2386353560276084 0.9028857739817557 0
1572 0.2498587692019333 0.8995631949018287 0
1573 0.2532883935233732 0.887441691450236 0
1574 0.2613941196696291 0.8967008344287409 0
1575 0.9042475533830017 0.8951011575170035 0
1576 0.4238861147280518 0.6941526149714369 0
1577 0.4333108311670137 0.6995342908630887 0
1578 0.4428112462208577 0.210616973746692 0
1579 0.4517494833727834 0.2054725309150695 0
1580 0.3384878652936654 0.7108512951506774 0
1581 0.728769560358134 0.4063275806361258 0
1582 0.2612336671858948 0.6441213020896683 0
1583 0.08579528430093941 0.7995757834565663 0
1584 0.3288322172668558 0.6720918806966192 0
1585 0.8412277075816492 0.4624412862280293 0
1586 0.8510122287590428 0.4567928119564194 0
1587 0.8315460582592032 0.4678939543484932 0
1588 0.2611465175734808 0.6107500153781749 0
1589 0.2611505580500264 0.5995145720626461 0
1590 0.9015603214965966 0.9065840552869924 0
1591 0.0882225108901796 0.7037203577802905 0
1592 0.09100050936602637 0.6923451604514602 0
1593 0.3601619243278869 0.07864913399965996 0
1594 0.3690382595736695 0.08380125473668887 0
1595 0.3423310778592275 0.0786324165519848 0
1596 0.2725945776150658 0.4059780711010453 0
1597 0.6486570768283009 0.1043916547285707 0
1598 0.6486680601295629 0.114650499591439 0
1599 0.08563635253320476 0.7572686453780425 0
1600 0.8992668608266157 0.3396106277345939 0
1601 0.893763825217896 0.1620483501204473 0
1602 0.1062363349007485 0.1620485970603002 0
1603 0.1003070979655601 0.3393364514570355 0
1604 0.360767257725762 0.3245408103394847 0
1605 0.3517753086495515 0.3193815489476522 0
1606 0.351756473985009 0.3090046390130049 0
1607 0.3427748805256182 0.3142114059243679 0
1608 0.09174840148590653 0.526006151062247 0
1609 0.09439950234435336 0.5149111138263509 0
1610 0.08898993622639145 0.5372239885782197 0
1611 0.7646224683006646 0.2358786830418839 0
1612 0.2352182222843759 0.2352539788011434 0
1613 0.7022440269726544 0.6284128902227933 0
1614 0.2584308459392011 0.9076653624052092 0
1615 0.2696595426399416 0.9043374211510886 0
1616 0.2723137482508612 0.8928576417315155 0
1617 0.2805677010855018 0.9005861119735311 0
1618 0.2780768894215178 0.9122461007012311 0
1619 0.2892879346898832 0.9088850690755437 0
1620 0.2915790795505946 0.8972214795166257 0
1621 0.3004401327447938 0.9055058449720048 0
1622 0.7451650823023531 0.6953721417188975 0
1623 0.342814035758816 0.324564380285034 0
1624 0.9128411008464309 0.9031513718146567 0
1625 0.7828284168481089 0.4509644289749629 0
1626 0.7828539042981936 0.4623132949793768 0
1627 0.851009054738437 0.4681172903617542 0
1628 0.8608347658470039 0.462440049906285 0
1629 0.8842174045496289 0.1675979118531695 0
1630 0.1157844265305284 0.1676017821303038 0
1631 0.8608261320206976 0.4738029535518719 0
1632 0.8706857911983343 0.4681255470829334 0
1633 0.8706769752904133 0.4567193663900361 0
1634 0.8805707292516995 0.462407342349877 0
1635 0.8805702865909502 0.4738491350927248 0
1636 0.8900257222403473 0.468131071660471 0
1637 0.8899486276063977 0.4796011944921701 0
1638 0.890402337419486 0.4566566906627596 0
1639 0.900989534668748 0.4639921711510563 0
1640 0.900495201506442 0.4511578587208653 0
1641 0.08723148882859801 0.1288791640601255 0
1642 0.08730059707050426 0.117725614257139 0
1643 0.9127632216455475 0.1288870982104024 0
1644 0.9126834008989873 0.1177111260588518 0
1645 0.3028137941753845 0.894069008820902 0
1646 0.3116221325693527 0.9021799239451496 0
1647 0.3143049618362206 0.8908378245246786 0
1648 0.3228431678171185 0.8988528035650323 0
1649 0.9091378048879579 0.3453114164205361 0
1650 0.9090650295894205 0.3568935741301207 0
1651 0.9091344218372071 0.3338666771164257 0
1652 0.9103839876167881 0.4566398874363907 0
1653 0.9103940822285106 0.4451510326480395 0
1654 0.4332689987790252 0.6887124297952454 0
1655 0.4426686349965633 0.6940774382864205 0
1656 0.4427204932006747 0.7049042230123402 0
1657 0.4520770032924792 0.6994328621136172 0
1658 0.4521500837467576 0.7102470680621291 0
1659 0.4614934558416045 0.7047892840970303 0
1660 0.4614255682451649 0.6939550616066646 0
1661 0.470839992936485 0.6993082467478106 0
1662 0.4707675454603127 0.688474924705254 0
1663 0.4801981681795081 0.6938196853620857 0
1664 0.4238997194303826 0.6833351273795744 0
1665 0.4802709411495718 0.7046766264445943 0
1666 0.4896343905926204 0.6991769858191712 0
1667 0.4895540042368201 0.68832081099078 0
1668 0.4989938613549704 0.6936713652824096 0
1669 0.4988952844661904 0.6828217498941492 0
1670 0.5083449353778717 0.6881636712531738 0
1671 0.5084431782960734 0.6990313311791161 0
1672 0.5178018346081021 0.693502205016205 0
1673 0.5177093563499319 0.6826419142937947 0
1674 0.5271528204856917 0.6879745431629891 0
1675 0.5270473628798801 0.6771452129115715 0
1676 0.5364909645734842 0.6824691767022226 0
1677 0.5363920335774068 0.6716475976750018 0
1678 0.5458193921428858 0.6769675310386607 0
1679 0.5459258072710811 0.6877975257890798 0
1680 0.5552496680248846 0.6822846793825971 0
1681 0.3698364156526162 0.3296319114971633 0
1682 0.3757627857799923 0.7857561146916849 0
1683 0.5551348829578338 0.6714558240621268 0
1684 0.5645528353930209 0.676767304296126 0
1685 0.09040400665959282 0.3450478615934554 0
1686 0.08997328358000574 0.3559934382126235 0
1687 0.09048039147557352 0.3337503326989526 0
1688 0.3201810163863059 0.9102129613418997 0
1689 0.3313540717671334 0.9068503199239958 0
1690 0.3340363432793207 0.8955099261227163 0
1691 0.3425182414323902 0.9034891285065696 0
1692 0.345188439681426 0.8921683975918047 0
1693 0.3536648096056992 0.9001430595561237 0
1694 0.3563868778387649 0.8888327038488716 0
1695 0.3648274161734866 0.8967978041787475 0
1696 0.3621388253187097 0.9081137404113067 0
1697 0.3732789877468207 0.9047577222606128 0
1698 0.3759549399783365 0.8934483376339655 0
1699 0.3844046865377118 0.9013970494551624 0
1700 0.3870552340821408 0.8900928299886344 0
1701 0.3955183333010938 0.8980398459295468 0
1702 0.3928724453875506 0.9093440659210574 0
1703 0.4039928368994713 0.9059811350945487 0
1704 0.4066481370688209 0.8946664388498664 0
1705 0.4151105676013719 0.9026076590573107 0
1706 0.412471645106097 0.9139313838560975 0
1707 0.4235955069123714 0.9105447640327682 0
1708 0.4262250406283994 0.8992223897376164 0
1709 0.4347095510934136 0.907156060463849 0
1710 0.4373401113850366 0.8958531578303406 0
1711 0.4457430645448768 0.9035549919131262 0
1712 0.448408784146695 0.8924437647125903 0
1713 0.4568580092306378 0.9002658209214786 0
1714 0.4594918245050317 0.8890843340139807 0
1715 0.4678929652279087 0.8967760946435885 0
1716 0.4705595817538079 0.8857063721234497 0
1717 0.4790178976392803 0.8935939863838838 0
1718 0.4757176122519181 0.9044168798607305 0
1719 0.4873171881426435 0.9012422242814787 0
1720 0.4900739686883219 0.8902053616816601 0
1721 0.4984762054024701 0.8979118217580966 0
1722 0.5011513589351706 0.8868312206372769 0
1723 0.5095884186114451 0.8946528227645185 0
1724 0.5122080796488231 0.8834783552834869 0
1725 0.5206023767744987 0.8911844130618496 0
1726 0.523238016468354 0.8800962165825076 0
1727 0.5316739266472617 0.8879468181878476 0
1728 0.5342697342317584 0.8767502263722046 0
1729 0.5426980634127974 0.884595196378086 0
1730 0.545293866889795 0.8733899310143458 0
1731 0.55370901600617 0.8812364207397813 0
1732 0.5561585589970802 0.8699571740101983 0
1733 0.5646952226406325 0.8778723542134697 0
1734 0.5621302001014293 0.8890847114646118 0
1735 0.5731395132010306 0.885710454418136 0
1736 0.5757231382422301 0.8745088627370535 0
1737 0.5841464992378179 0.8823287989582145 0
1738 0.586723603856065 0.8711161760232927 0
1739 0.5951415518565099 0.8789378515585368 0
1740 0.5977083235205346 0.8677361983355723 0
1741 0.6061288378894554 0.8755516196130368 0
1742 0.6086944615470189 0.8643587395500858 0
1743 0.6171141792290094 0.8721774273034694 0
1744 0.6196777847933708 0.8609824438684501 0
1745 0.6280988475109874 0.8688007024222674 0
1746 0.6255348765598354 0.8800118201484013 0
1747 0.6365325400387264 0.8766242544345038 0
1748 0.639092935369496 0.8654101980767913 0
1749 0.6475276510862484 0.8732266351202149 0
1750 0.6500886335973721 0.8620100954827814 0
1751 0.6585217952178066 0.8698308470429053 0
1752 0.6612234128716814 0.858544300392925 0
1753 0.669572795684364 0.8663920375387557 0
1754 0.6669726814278158 0.8776635542590735 0
1755 0.6780293647715632 0.8742071945004692 0
1756 0.6720700621103699 0.8552124553056455 0
1757 0.633973397728133 0.8878607672813451 0
1758 0.6754337115392588 0.8855174329878159 0
1759 0.6864684676889586 0.8821108430214694 0
1760 0.6839075291378591 0.8934030131153452 0
1761 0.6949781136106539 0.889982091139605 0
1762 0.6975470435333635 0.8786612104407945 0
1763 0.7060529507730524 0.8865459152490209 0
1764 0.5705661274364957 0.8969537546902493 0
1765 0.70861568969897 0.8752370799703705 0
1766 0.7171291930910085 0.8831129928354113 0
1767 0.6924109303593512 0.9013016997992601 0
1768 0.7197539753389758 0.8717290453432436 0
1769 0.7283259807705311 0.8795327005035493 0
1770 0.7256664595374493 0.8909787244099061 0
1771 0.7367907657173256 0.8874992381029436 0
1772 0.7341879711494559 0.8988965316019137 0
1773 0.7453428643196414 0.8954251937098574 0
1774 0.5284593016128997 0.8991281555106211 0
1775 0.6813117384735775 0.9047240096243191 0
1776 0.7427399327095185 0.9068213496934252 0
1777 0.7539324985066261 0.9033371655558097 0
1778 0.6898300726453562 0.9126411176564826 0
1779 0.6786883432133823 0.9160764189183858 0
1780 0.6529130507734369 0.8507537782323786 0
1781 0.7513126378368092 0.9147584305416416 0
1782 0.7624992068816772 0.9112840287427124 0
1783 0.494814637722655 0.9091100732788493 0
1784 0.7480421846079079 0.8839575268601099 0
1785 0.5892930045464194 0.8599102721991407 0
1786 0.2866185896623534 0.9203099943765727 0
1787 0.9162863912765518 0.2575397811164263 0
1788 0.08369538125678014 0.2575565906603189 0
1789 0.3691079747004792 0.07368123883283742 0
1790 0.3779437503942754 0.07879873437989654 0
1791 0.3337917771280153 0.3194225470952436 0
1792 0.1877880796883353 0.445779831539282 0
1793 0.1974994935176843 0.4513734869454766 0
1794 0.1780668672740451 0.4401902897501067 0
1795 0.2072468974440532 0.4457059267142872 0
1796 0.2072550400874387 0.4569930790146678 0
1797 0.07974849809606338 0.6956271015193274 0
1798 0.08253050428364067 0.6842367231707551 0
1799 0.9165795228029486 0.269370693438427 0
1800 0.2513839551911949 0.6051251062142394 0
1801 0.2513920473263291 0.5938300249168829 0
1802 0.08359302844331512 0.2689001702867822 0
1803 0.9101734732974884 0.9146550247111634 0
1804 0.5553743214962061 0.6931296790198931 0
1805 0.7033292071628527 0.7472544899186182 0
1806 0.5847281172518485 0.08753227065932663 0
1807 0.5847350560244442 0.0773265158198958 0
1808 0.5759115974956315 0.07221807021708367 0
1809 0.09734145988029722 0.5452617860775427 0
1810 0.08621647483076973 0.5485016232637688 0
1811 0.09458178445346148 0.5565475469016106 0
1812 0.08345123312851913 0.5597987555060977 0
1813 0.09181274156463642 0.5678572027738353 0
1814 0.08066155153269783 0.5711102208914371 0
1815 0.08903362514561358 0.5791811573289493 0
1816 0.07788440872497726 0.5824440038727907 0
1817 0.08625117080195743 0.5905231817378088 0
1818 0.07508635672500361 0.5937911048627602 0
1819 0.08345961556167132 0.6018782213777987 0
1820 0.07230024839839616 0.6051556583550843 0
1821 0.4517345104438245 0.2157826755288211 0
1822 0.4606692893778981 0.2106378533985706 0
1823 0.4428007380175668 0.220928758226468 0
1824 0.3427576426737926 0.3038255871101151 0
1825 0.2170473830566655 0.4512944514298377 0
1826 0.2170947880728716 0.4626203951466723 0
1827 0.2072643323368068 0.4683241653484545 0
1828 0.2171335687297687 0.4739744146781911 0
1829 0.5178895590795003 0.7043748133388169 0
1830 0.443196549815753 0.9150832967520239 0
1831 0.5644455147509945 0.66597001692519 0
1832 0.5738396665018357 0.6712602303523787 0
1833 0.3685182225079277 0.09492748702242379 0
1834 0.3779804272639289 0.06862661876400111 0
1835 0.3868015659254732 0.07373849042129975 0
1836 0.369039297431286 0.06345821582966077 0
1837 0.3338290833890957 0.3297783008610319 0
1838 0.1280371514573961 0.7977591098251057 0
1839 0.6872436250524276 0.9240124772424202 0
1840 0.6760727429859068 0.9274551074795856 0
1841 0.08339022290670281 0.5179679864663709 0
1842 0.08619178104799875 0.506700739712987 0
1843 0.7598957144482333 0.9227132938120317 0
1844 0.7710804080412236 0.9192378210326596 0
1845 0.7736829217907215 0.9078077569098015 0
1846 0.7822632127254652 0.9157607122073811 0
1847 0.9203878640513985 0.4508767965954531 0
1848 0.9204028083233929 0.4619629279122158 0
1849 0.9203683438041426 0.4393146650937638 0
1850 0.328668311996172 0.9182063060384051 0
1851 0.9190787343737324 0.3509824064743956 0
1852 0.9190718910558056 0.3624983144565376 0
1853 0.08077928499812881 0.6131244458993199 0
1854 0.06939489361054581 0.615886874585782 0
1855 0.08043770368765274 0.3507593473953436 0
1856 0.08029694771561031 0.3622695375909355 0
1857 0.5847418400096583 0.06712954068035756 0
1858 0.5935657555135198 0.07223223525963485 0
1859 0.2415837298095349 0.5994735155002031 0
1860 0.24158925078491 0.5881445750212961 0
1861 0.5737235198170798 0.6604888017659856 0
1862 0.5831046222842052 0.6657747552379467 0
1863 0.5832263319376867 0.6765299172889594 0
1864 0.5924897453060241 0.671058000716002 0
1865 0.5926035405941427 0.6818173430290365 0
1866 0.601874208780447 0.6763383326999561 0
1867 0.9005959761550768 0.4397508152036429 0
1868 0.6397776312772738 0.1095317476614862 0
1869 0.6397887982100268 0.1197953752197196 0
1870 0.6486873708885265 0.124918514308944 0
1871 0.6397999690440719 0.1300673003715215 0
1872 0.6487060109206815 0.1351952867731507 0
1873 0.6309056548787788 0.124935990967885 0
1874 0.6309088599679505 0.1352137626933329 0
1875 0.9214749406921064 0.9112154866963033 0
1876 0.9241393997171398 0.8996826425227599 0
1877 0.7487053335424184 0.9261817494255682 0
1878 0.6220110885357732 0.1300830833416805 0
1879 0.8938081442682587 0.1731178504823138 0
1880 0.9034096152076587 0.1675465936708642 0
1881 0.1061919970545554 0.1731190660556034 0
1882 0.09659005723781686 0.1675470349027616 0
1883 0.07696964930604504 0.7070216475325773 0
1884 0.8190146743758779 0.5906808896037216 0
1885 0.6020106013641986 0.6870675329759388 0
1886 0.6112519286163258 0.6815968599065105 0
1887 0.7826653168778519 0.2581855126457764 0
1888 0.3247968549486814 0.3246263322579024 0
1889 0.2173388005624758 0.2581722585145106 0
1890 0.07760501108448023 0.1232623848739084 0
1891 0.0776995136606321 0.1120946918027416 0
1892 0.08738279788144744 0.1065800094527251 0
1893 0.07781494442149453 0.1009472136963717 0
1894 0.0874568829160275 0.09549006891025597 0
1895 0.07805025716426843 0.08988052848358055 0
1896 0.08749021096941403 0.08446601367459527 0
1897 0.07823953118033126 0.07889843903153368 0
1898 0.08755713051249811 0.07353619102275442 0
1899 0.07830249426309516 0.06801455817753975 0
1900 0.9223915674196159 0.123261091658532 0
1901 0.9222973728345187 0.1120918514759053 0
1902 0.9126082477769029 0.1065343108219641 0
1903 0.9221902946382743 0.1009423126866504 0
1904 0.9125501946063223 0.09545937111832727 0
1905 0.9219519169759611 0.08987437396510858 0
1906 0.9124469430109479 0.08444469606189746 0
1907 0.9217504767858925 0.07889363463766431 0
1908 0.9123691867665509 0.07353989096145241 0
1909 0.9216836784632443 0.06801414498590348 0
1910 0.5368781240768067 0.865573681057894 0
1911 0.7848476930868975 0.9043310956210454 0
1912 0.7934627371808901 0.9122807768291539 0
1913 0.3363760522750344 0.5991416216656275 0
1914 0.5269630612434822 0.6663329364536199 0
1915 0.8842312428695578 0.1786518329281495 0
1916 0.1157693492193611 0.17865347993807 0
1917 0.7730301021527303 0.4565871638810509 0
1918 0.7730184828724416 0.4679651709486113 0
1919 0.7828488586097551 0.4736783788295216 0
1920 0.7729950469220982 0.4793596800133414 0
1921 0.7825619400615595 0.4850935808755791 0
1922 0.7729038595130087 0.4907867911208412 0
1923 0.7824914758445179 0.4965358386702512 0
1924 0.772836793868569 0.5022413427854756 0
1925 0.9034466645615802 0.1786832744245186 0
1926 0.9131151594904262 0.173075073820508 0
1927 0.9131522300899101 0.1843075442961823 0
1928 0.9228921056784196 0.1786460349294032 0
1929 0.9229250060557226 0.1899526572333528 0
1930 0.09655272481963106 0.1786842891843472 0
1931 0.08688375509365151 0.1730755310507898 0
1932 0.08684651676078831 0.1843087508960655 0
1933 0.07710601260725417 0.1786466783060512 0
1934 0.07707295774030637 0.1899541567914856 0
1935 0.4051391481777499 0.7269764195330723 0
1936 0.414656403734489 0.7324415161076989 0
1937 0.5037434553996792 0.8756269469498937 0
1938 0.5641935100194547 0.6551833186545875 0
1939 0.4332055339472013 0.6779318923117315 0
1940 0.4238866785928207 0.6725809391003097 0
1941 0.5935704436461453 0.06204320066914724 0
1942 0.6023896161696103 0.06713965540800165 0
1943 0.3248121470604444 0.3350327688240181 0
1944 0.0695649657531352 0.5745552760718253 0
1945 0.04166666666684021 0.9896901737644282 0
1946 0.06847594660419716 0.6989117537817084 0
1947 0.1780585181274306 0.4514094925858184 0
1948 0.1683154148128445 0.4458057308044318 0
1949 0.4517220144897467 0.2260922689560619 0
1950 0.4427879012221547 0.2312412333141892 0
1951 0.3868465531599981 0.06354974750617549 0
1952 0.395644578607013 0.06866380703371829 0
1953 0.3956247097131257 0.07885423209685542 0
1954 0.4044606450520609 0.07377395544891972 0
1955 0.4044434965069267 0.08396633955283561 0
1956 0.4132795434257945 0.07888379784762797 0
1957 0.4132934633601293 0.0686901842047897 0
1958 0.4221091172688647 0.07379843531299168 0
1959 0.782755790795892 0.5080080104328433 0
1960 0.7728431943649073 0.5137194751085203 0
1961 0.9304111039234677 0.445086116440117 0
1962 0.9306133856548381 0.4338564752423114 0
1963 0.9069102722444898 0.2751324489286417 0
1964 0.09252010953659506 0.2753018468068468 0
1965 0.91880198403823 0.9227297938993889 0
1966 0.9074769377475032 0.9261717781858124 0
1967 0.9263139765083299 0.2634211937547132 0
1968 0.9275054485500972 0.2755199361083662 0
1969 0.9261422062097326 0.2517806033686163 0
1970 0.07376694050812516 0.2632104440097556 0
1971 0.07372323067656987 0.2746758439567604 0
1972 0.07385815070760121 0.251786670228151 0
1973 0.4072613158173783 0.1384408567555236 0
1974 0.3983545408838854 0.1435523814236329 0
1975 0.0876909048752211 0.06272945478917068 0
1976 0.09696344186600572 0.06841541417515523 0
1977 0.9122946245920853 0.06272977264179753 0
1978 0.9030130673373563 0.06815219485312078 0
1979 0.7908786007045088 0.9237251759039938 0
1980 0.8020841047387454 0.9202345725868661 0
1981 0.07724457178895436 0.7914489396605275 0
1982 0.07449852399758994 0.802905772846807 0
1983 0.4221274672889455 0.06361471725649216 0
1984 0.43093385515837 0.06871584319651787 0
1985 0.8425083986201219 0.5321645052028978 0
1986 0.6220142675951672 0.1403644310243778 0
1987 0.6129641184010129 0.1349867277962037 0
1988 0.2072902064090543 0.4796834039979851 0
1989 0.2171680854581263 0.4853657678231811 0
1990 0.2270340941331421 0.4796371905034784 0
1991 0.2270657112652234 0.4910549532853497 0
1992 0.7573059415218185 0.9341529296486282 0
1993 0.9327389434642472 0.1842546658363579 0
1994 0.932436776942011 0.1981264306560562 0
1995 0.06725830098310534 0.1842555817773432 0
1996 0.06756015848986614 0.1981335102303368 0
1997 0.4399551976799736 0.8845702072195571 0
1998 0.07503950095130069 0.5098884137065004 0
1999 0.07786002333809239 0.4985985411254564 0
2000 0.3338932747079897 0.3401314623454575 0
2001 0.9290490113971777 0.3566775096839151 0
2002 0.9290205543262254 0.3683243801448071 0
2003 0.5759235704466188 0.06202892911129941 0
2004 0.3055235227915631 0.8827724051702228 0
2005 0.2317618207503471 0.5938079471413275 0
2006 0.2317692691012548 0.5824571610053548 0
2007 0.2318237069305185 0.6050493933222049 0
2008 0.4706461282153951 0.6169444791828574 0
2009 0.3481578935048301 0.8815379632971803 0
2010 0.07049307576595643 0.3565733734128835 0
2011 0.07050317438338849 0.3681389426113702 0
2012 0.06846881456869415 0.09527363453438001 0
2013 0.9315325313708198 0.0952715908317109 0
2014 0.06569315296561068 0.710335346667609 0
2015 0.8746745689913631 0.1731494537111542 0
2016 0.1253288388867732 0.1731558520221431 0
2017 0.6111548979810231 0.6708486265173949 0
2018 0.6205048364126895 0.6761014391776288 0
2019 0.791971219157948 0.5019358792047911 0
2020 0.8746735326064345 0.1841616950040794 0
2021 0.1253278953777315 0.1841640900937356 0
2022 0.7741213167235943 0.4010785829859898 0
2023 0.2416090248715311 0.5767956823832767 0
2024 0.2317689080776063 0.5710793374586554 0
2025 0.9326313858315602 0.17295803830249 0
2026 0.06736733870831391 0.1729602801406575 0
2027 0.8533745701320499 0.5287831344810634 0
2028 0.8617545646590674 0.5365576498906095 0
2029 0.9327842899589609 0.9077677994365253 0
2030 0.9354506561012734 0.8962335879317374 0
2031 0.2171859260391976 0.4967784815467697 0
2032 0.2270845247014629 0.5024782016202045 0
2033 0.4270090244951004 0.6166484761185337 0
2034 0.315794354710984 0.329846459193595 0
2035 0.3157895746854438 0.3194271759996697 0
2036 0.3158077244481342 0.3402629422695682 0
2037 0.7960308037415379 0.9008498144100223 0
2038 0.7100026110336684 0.440861162454262 0
2039 0.4606847503078398 0.2003312535438016 0
2040 0.469601666422591 0.2054950207693609 0
2041 0.09378143600925409 0.6809567878200442 0
2042 0.2416535061864349 0.5654045225318469 0
2043 0.2317830704037957 0.5596782473236355 0
2044 0.2416792604588433 0.5539915860252675 0
2045 0.7995026088478425 0.9316979512201236 0
2046 0.8107392801276544 0.9282006750174263 0
2047 0.9361938138584565 0.2576189574862447 0
2048 0.06387395319357513 0.2574474774787293 0
2049 0.09190590412855307 0.6099589656945564 0
2050 0.582984018374383 0.6550101908691477 0
2051 0.782788678215538 0.519495138803419 0
2052 0.772824190063005 0.5252134308504406 0
2053 0.4132678898303659 0.08908239371136117 0
2054 0.01028403041067423 0.04142346704057083 0
2055 0.9897159695837086 0.04142346713175403 0
2056 0.4309463717161662 0.05854123379940002 0
2057 0.4397528223032091 0.06363883976273943 0
2058 0.6846524523832316 0.9354107495353337 0
2059 0.6734681806868272 0.9388580813955879 0
2060 0.6648863846171913 0.9308912164708103 0
2061 0.66227418363335 0.9423030325656644 0
2062 0.6536907228395543 0.9343276865059856 0
2063 0.08922856711855212 0.6211935915417557 0
2064 0.178181124125401 0.3744495554558974 0
2065 0.7111961653337364 0.8639347480016906 0
2066 0.7222965777406651 0.8603794882993303 0
2067 0.7137701182218712 0.8526532926534955 0
2068 0.7247682153383574 0.849215903038002 0
2069 0.7163116400366707 0.8414263200999177 0
2070 0.7273078198439851 0.8380121731367384 0
2071 0.7188616520637638 0.8302208739828951 0
2072 0.7874255181981177 0.8929082652620056 0
2073 0.8216722602312272 0.3744552678957308 0
2074 0.1165598792704066 0.7588215180748583 0
2075 0.08879726514579707 0.4953390711012245 0
2076 0.08064644603305367 0.4873077990110419 0
2077 0.09156615893195014 0.4840499168468942 0
2078 0.08345865884570314 0.476043728605132 0
2079 0.09459454828613825 0.4728547847972189 0
2080 0.08631906642076527 0.4648128714793074 0
2081 0.09743691422089285 0.4616298458867156 0
2082 0.08913618787491147 0.4535848622861998 0
2083 0.100237402876768 0.4504150234189997 0
2084 0.09195114796238146 0.4423920739609885 0
2085 0.08082125985331468 0.4454479645322967 0
2086 0.1030241644802953 0.4392222119700289 0
2087 0.09474612636529814 0.4312074286686663 0
2088 0.108446855437831 0.4581431243729154 0
2089 0.07232010846867259 0.4791372811693128 0
2090 0.7186758854226774 0.3776446952661606 0
2091 0.7357446313373626 0.8457653522813613 0
2092 0.6023916610296044 0.05695744110406415 0
2093 0.6112099864213065 0.06205051873873491 0
2094 0.07930704600335127 0.3744244765047777 0
2095 0.07021413127656476 0.3803573430284631 0
2096 0.6113774257874649 0.6923726208253417 0
2097 0.9189420917956272 0.3743110939306604 0
2098 0.6204158473997908 0.6653685408714805 0
2099 0.6297621646027138 0.6706336479290266 0
2100 0.4397426938136147 0.07381234351676264 0
2101 0.4485595703675642 0.06873366452337451 0
2102 0.4485628932367062 0.05855832314280461 0
2103 0.4573769158415258 0.06365232935677041 0
2104 0.4573683921950309 0.07383001301395889 0
2105 0.4661839066337488 0.06874434698951597 0
2106 0.4661915470499236 0.05857218481181423 0
2107 0.4749958571300967 0.06365996613690567 0
2108 0.8079516332022805 0.9390578770710661 0
2109 0.8193619938379031 0.9360814730920267 0
2110 0.5928707189963238 0.6925442263973346 0
2111 0.6130946575835942 0.1454745172244084 0
2112 0.6040370760063758 0.1400886791010292 0
2113 0.2807364920505919 0.3794920968769611 0
2114 0.1683056758022783 0.4570595203485992 0
2115 0.7640809546723262 0.3431098108623367 0
2116 0.9405055520892743 0.4393413646514708 0
2117 0.9402903252245017 0.4285759730285079 0
2118 0.2359474916739291 0.343142839182372 0
2119 0.1058123403216882 0.4280414984001297 0
2120 0.4750043877846494 0.05349354771330706 0
2121 0.483800254025933 0.05857815354714195 0
2122 0.4051521366078719 0.737979555569602 0
2123 0.4146948970351156 0.7434627979139077 0
2124 0.2171990042523826 0.5082029079624706 0
2125 0.7382940129389831 0.8345877523838732 0
2126 0.7467378003764426 0.842358780668685 0
2127 0.09704217872950216 0.05741145929132254 0
2128 0.1062607700811165 0.06282940850395374 0
2129 0.9029579899787232 0.05741111431767089 0
2130 0.8937546859184637 0.06280725986342567 0
2131 0.7460901472910808 0.9376265414619145 0
2132 0.8219778004126748 0.9246747530217969 0
2133 0.8306378119541659 0.932658428559364 0
2134 0.9360327462272992 0.2459670959068187 0
2135 0.06395267879743088 0.2459347525142511 0
2136 0.07841860836103623 0.0572419321452315 0
2137 0.06902421097667365 0.06254057159275303 0
2138 0.9215767931460033 0.05724168456046917 0
2139 0.9309728387923535 0.0625402308497101 0
2140 0.9425987807491956 0.1903183444114221 0
2141 0.05739752339953994 0.1903204746980569 0
2142 0.6510742550666706 0.9457481748491903 0
2143 0.6424857859155224 0.937767857936597 0
2144 0.9161269840585724 0.9342545243535124 0
2145 0.9047994259928038 0.9376993672460522 0
2146 0.404422596237797 0.09417065399613755 0
2147 0.4331421753860319 0.6671903195401514 0
2148 0.7632073101010763 0.4622399905400359 0
2149 0.7632228070818591 0.4508543222288984 0
2150 0.06594473387063324 0.7947603184193006 0
2151 0.06315617270634372 0.806215382228793 0
2152 0.07173802195523069 0.8143738289081293 0
2153 0.7630018680984096 0.49646319237376 0
2154 0.2369245049833148 0.4852992422984279 0
2155 0.06036996940564327 0.817683445756862 0
2156 0.06893238725267251 0.8258395399943324 0
2157 0.7827683958278674 0.5309850177803102 0
2158 0.7728015200883906 0.536713636168012 0
2159 0.7628445423338313 0.530932271886454 0
2160 0.7627079407720095 0.5426374247463591 0
2161 0.7727663869359391 0.5482355608431524 0
2162 0.7627403714615887 0.5542470271430973 0
2163 0.7727392748722429 0.5597189417358815 0
2164 0.7628453577208463 0.5654311878175113 0
2165 0.7727050119145158 0.5710870498532028 0
2166 0.4517105718191775 0.2364060929167499 0
2167 0.4427485738243653 0.241586778486639 0
2168 0.05718597424314342 0.7022012828971618 0
2169 0.4238791842554398 0.6618605666411103 0
2170 0.8450007137582949 0.5210235803202266 0
2171 0.4696152997574651 0.1951921088192946 0
2172 0.4785311690819379 0.2003533412142866 0
2173 0.4785180459451428 0.2106566355736626 0
2174 0.4874457457781387 0.2055144717575597 0
2175 0.4874587490693548 0.1952129041731814 0
2176 0.4963727061916625 0.2003726251281663 0
2177 0.4963827452908667 0.1900742856547988 0
2178 0.5052955360637698 0.1952320677581331 0
2179 0.5053061364271672 0.1849366355387389 0
2180 0.5142167236163608 0.1900930125831929 0
2181 0.5142432630536578 0.1798257844677257 0
2182 0.523138259633587 0.1849595735419183 0
2183 0.5231518143847994 0.1746879093709526 0
2184 0.5320534054364106 0.1798236355522711 0
2185 0.5136807260396986 0.1999494160682762 0
2186 0.4874365910079562 0.2158187046975681 0
2187 0.5320607106414541 0.1695296159547309 0
2188 0.5409664713425854 0.1746851040286867 0
2189 0.2216463007229919 0.5771607350508546 0
2190 0.7547161012703765 0.9456126586043707 0
2191 0.8643024924261008 0.5253944318986741 0
2192 0.8726223946732944 0.5328986235344855 0
2193 0.4221487735538706 0.05344223876212471 0
2194 0.8412170849478047 0.4399022297724907 0
2195 0.6041879447725643 0.1506117200915252 0
2196 0.5951266789785048 0.1452219820711743 0
2197 0.06914745554409436 0.05173844954548818 0
2198 0.05971478948068394 0.0570557016242567 0
2199 0.9308628236841709 0.05170293576844936 0
2200 0.9402865532443785 0.05704949306214852 0
2201 0.9441048942065464 0.904319269300205 0
2202 0.9465259930664832 0.2516995694595004 0
2203 0.9458321537573404 0.2401283579041477 0
2204 0.7628487711053433 0.5767671079025738 0
2205 0.7527431541683574 0.5713705423766716 0
2206 0.6112085981991928 0.07223948758103876 0
2207 0.6202523294638199 0.06752507606317174 0
2208 0.62006374999266 0.05702461228289367 0
2209 0.6291154479893237 0.06250457435116585 0
2210 0.6288988997892939 0.05195743054381621 0
2211 0.6378572729798876 0.05728189172536587 0
2212 0.6377151142571699 0.04684950462426188 0
2213 0.64665637284262 0.05216636812757953 0
2214 0.0534181815239388 0.2517843448194887 0
2215 0.05392786981724043 0.2401290154053389 0
2216 0.62292581938184 0.151810961674329 0
2217 0.6130979646172235 0.1249602710644412 0
2218 0.08531854693869155 0.6728495832822152 0
2219 0.09656943220594727 0.6695794619207913 0
2220 0.05757472546605178 0.8291611251048336 0
2221 0.06612961586327767 0.8373191548801859 0
2222 0.05477691782703713 0.8406478667931505 0
2223 0.06333940285089108 0.8488152269417397 0
2224 0.1003401367888605 0.6180505691249965 0
2225 0.05197851598085886 0.852142710866025 0
2226 0.06054854349917281 0.8603194324534951 0
2227 0.93906530528758 0.3624787006679255 0
2228 0.9390490363965358 0.3508437098241837 0
2229 0.9389843858200578 0.3742517305879745 0
2230 0.6296173120903198 0.6599071305662512 0
2231 0.6389941925911361 0.6651619447022562 0
2232 0.6391178949795115 0.675926074375985 0
2233 0.6484120192163941 0.6704136563717612 0
2234 0.6485591339592949 0.6812167539794547 0
2235 0.6578628284570599 0.6756875073570796 0
2236 0.6577109317876529 0.6648830674796969 0
2237 0.6671364042071009 0.6701510491277527 0
2238 0.6670051149227053 0.6593567353870415 0
2239 0.5953613836169863 0.1556264344411205 0
2240 0.5862352157445647 0.1503479765962794 0
2241 0.5861664907486838 0.1604630000609913 0
2242 0.5998681721519814 0.609645352683894 0
2243 0.06054445441009131 0.3623968292017918 0
2244 0.06053074231137411 0.3507923972700869 0
2245 0.6764063093888673 0.6646184151046866 0
2246 0.6765725942991696 0.6754122216031904 0
2247 0.8651524327757014 0.1786858399536583 0
2248 0.8651519257456195 0.1896502143054459 0
2249 0.1348560762873987 0.1786827956068212 0
2250 0.1348510323757707 0.1896514398533388 0
2251 0.4132543979069602 0.09928941750790002 0
2252 0.8153842010886182 0.9478945654327248 0
2253 0.3985975965438984 0.1312186317724987 0
2254 0.3895061128409767 0.1380466782208106 0
2255 0.389450788218437 0.1486106912223703 0
2256 0.3805611675311409 0.1434350300174524 0
2257 0.3067806778423621 0.3350627366937257 0
2258 0.1586100374241503 0.4515723444651344 0
2259 0.1571667683701305 0.4412769791423902 0
2260 0.05182238711551462 0.809529793791508 0
2261 0.707896573485375 0.8336217887472019 0
2262 0.7104295694596603 0.8224487531670014 0
2263 0.6995050859845733 0.8258248538371831 0
2264 0.7020280902529318 0.8146890554685595 0
2265 0.6911344081215023 0.8180546372566966 0
2266 0.6936588269786822 0.8069362304446805 0
2267 0.6827777443531884 0.8103000271783143 0
2268 0.7045320472397658 0.8035729460083477 0
2269 0.09696847447913323 0.09011048267509725 0
2270 0.9031015264345472 0.08968291525185715 0
2271 0.9320603009008345 0.1176116916326071 0
2272 0.06793946579209464 0.1176122088729467 0
2273 0.855872510874369 0.1080151466499626 0
2274 0.8655675967087839 0.1025271552229725 0
2275 0.8558390882915357 0.09732817409156583 0
2276 0.1441924751139183 0.1080190507550964 0
2277 0.1348964248561243 0.1025393947939299 0
2278 0.14425057986578 0.09733188989562104 0
2279 0.1585250080629332 0.4627250590012047 0
2280 0.7371693102420356 0.2943564869121114 0
2281 0.2626166507222092 0.2948941835181693 0
2282 0.3103984743337114 0.6616013242758668 0
2283 0.5409289119137335 0.1643153853864083 0
2284 0.7921543089878365 0.2092355015616212 0
2285 0.2078120056543697 0.2092162585078289 0
2286 0.6260229348458134 0.7409762767634195 0
2287 0.4621388605955213 0.8778522681023769 0
2288 0.1441542648262434 0.6040076172821183 0
2289 0.6990377152376928 0.7174411742544203 0
2290 0.4145913719268749 0.6672437785683061 0
2291 0.4145977621921405 0.6565139709560286 0
2292 0.4052975246968643 0.6618852486475193 0
2293 0.1063475151063136 0.05220998666363615 0
2294 0.1152985758602698 0.0578432737269849 0
2295 0.8936551971549196 0.05220600632957523 0
2296 0.8847058539052496 0.0578409092482032 0
2297 0.6112677631839468 0.8531726360448307 0
2298 0.1746564301986186 0.6888851331137871 0
2299 0.4436122137522537 0.7963458283573983 0
2300 0.0101596178589 0.1373866544184402 0
2301 0.9898478852302415 0.1373603871353373 0
2302 0.3670921208140154 0.6832734025037059 0
2303 0.1934127147034132 0.873925141980236 0
2304 0.2084234410868531 0.1246009264107268 0
2305 0.7927347776115856 0.5252660638778596 0
2306 0.7915894903492322 0.1246047941512426 0
2307 0.5391850701920572 0.7670241622499594 0
2308 0.3786013772468813 0.8821490187450316 0
2309 0.4872899460376982 0.7840001497620502 0
2310 0.3805304543929969 0.1537866180385157 0
2311 0.3716364969888631 0.1486087890506561 0
2312 0.7286768267681656 0.235219320617434 0
2313 0.2135431413569619 0.7405338813617136 0
2314 0.2713934439196559 0.2353075043683455 0
2315 0.1003656112993433 0.3280162677118921 0
2316 0.09050245565699225 0.3223147464597956 0
2317 0.2443622136729457 0.104052230872114 0
2318 0.7556436400115065 0.1040569120186131 0
2319 0.7189036935886222 0.2624761455749438 0
2320 0.4607031377323181 0.1900295247864188 0
2321 0.8992673273310104 0.3281648639030836 0
2322 0.9091098324019296 0.3224461411419242 0
2323 0.8992448938411661 0.316747705231212 0
2324 0.2046335648355134 0.8706084494943478 0
2325 0.1961662585582253 0.8625474781459503 0
2326 0.2073777196373315 0.8592354944052636 0
2327 0.1989177067361179 0.851193751760237 0
2328 0.2100945259326696 0.847885695431565 0
2329 0.201658830923804 0.8398642950701657 0
2330 0.2906942692545664 0.4404479876055347 0
2331 0.2801219679443592 0.2613549479795869 0
2332 0.185140792148222 0.9081942441424592 0
2333 0.1738453987909654 0.9115183895955836 0
2334 0.1823845649494422 0.9196434794296946 0
2335 0.1710686119353254 0.9229753738739218 0
2336 0.1796316592821873 0.9311188840052347 0
2337 0.1683032480303039 0.934457383590948 0
2338 0.1597399040988708 0.9263086559753596 0
2339 0.1569668973928005 0.9378013757053028 0
2340 0.1484009188560814 0.9296441559525865 0
2341 0.1456238068271624 0.9411463330895979 0
2342 0.1370510923327026 0.9329818308310351 0
2343 0.1770583212665398 0.9423983647059042 0
2344 0.1882343648542748 0.9392235668076513 0
2345 0.2891443472413642 0.08880729795795714 0
2346 0.2802692939684054 0.0836407891188575 0
2347 0.2891902179916961 0.07854405129560491 0
2348 0.2803065787944724 0.07338056578314431 0
2349 0.289220130669874 0.06829850165208372 0
2350 0.2803522788121168 0.06314522293612537 0
2351 0.2714729657927404 0.06822747867596038 0
2352 0.289229673533609 0.05807204788547921 0
2353 0.2715091658172411 0.05800124860495896 0
2354 0.2626422280323101 0.06307382614663593 0
2355 0.2980911277628751 0.06320105676554583 0
2356 0.2980916559267393 0.05299366740828665 0
2357 0.2626778131804878 0.05285707647013087 0
2358 0.2538181724240901 0.05792516876641921 0
2359 0.3069170130822764 0.05811540802569416 0
2360 0.3069379939901036 0.04792336455920846 0
2361 0.3157468122906233 0.05304090593860417 0
2362 0.01023137140121323 0.302767176107528 0
2363 0.9896947381472838 0.3035350739660379 0
2364 0.5833142193086078 0.7539223113373971 0
2365 0.009958565613026726 0.4345264399651086 0
2366 0.3530298350371577 0.1892285133735117 0
2367 0.6467232478155275 0.1898213422857578 0
2368 0.5139125007484797 0.0976790563624105 0
2369 0.3068956765128101 0.1197359543316344 0
2370 0.3165198870360779 0.2092156662883502 0
2371 0.5935841238733366 0.05186510889447019 0
2372 0.7828973762771925 0.1507893822849993 0
2373 0.4226027532963067 0.9903143716557674 0
2374 0.6962755251456061 0.9897800349673812 0
2375 0.2171134693304781 0.150810739094439 0
2376 0.7108769485664563 0.08883419135166984 0
2377 0.7197484247772419 0.08366853117674068 0
2378 0.7108350172723454 0.07857508089648155 0
2379 0.7197079446450472 0.07341463347347184 0
2380 0.7108044190081061 0.06833448362834488 0
2381 0.7196626417318567 0.06318380159105415 0
2382 0.7285397548552299 0.06826260865485925 0
2383 0.7107916563807291 0.05810913135380542 0
2384 0.7285039381341196 0.05803703355814135 0
2385 0.7373680041896216 0.0631100826144924 0
2386 0.701937635451404 0.06324075548624407 0
2387 0.7019281691554804 0.0530380782557338 0
2388 0.6931093954528331 0.05815867479710607 0
2389 0.7373318675624204 0.05289609812554162 0
2390 0.7461896201515521 0.05796302172176254 0
2391 0.6930827111177945 0.04796919413394603 0
2392 0.5898012679864475 0.9890844508088398 0
2393 0.009460507714391541 0.6849186044495852 0
2394 0.01072111798069857 0.6350386849840163 0
2395 0.01030982623545746 0.7440476190480083 0
2396 0.990355083165509 0.6949914061129682 0
2397 0.9897874882166839 0.7442003518091738 0
2398 0.9877637652941869 0.8035353352387689 0
2399 0.683344300688711 0.2092322058213891 0
2400 0.9904567742762269 0.564560740176473 0
2401 0.0666684634740794 0.5017835836914839 0
2402 0.06385335582721902 0.5131228871855031 0
2403 0.9904207213899445 0.6120336262682671 0
2404 0.4894570678138508 0.6774894624575475 0
2405 0.4786609643816779 0.1185207572022933 0
2406 0.6931421065779189 0.11974058507637 0
2407 0.8193899448547823 0.2150368956746294 0
2408 0.1806113516075731 0.2150375263441098 0
2409 0.723763206435471 0.6611778420429536 0
2410 0.3896858927954095 0.87882044443306 0
2411 0.3812737063854333 0.8708995510753541 0
2412 0.3923174720577682 0.8675681363350238 0
2413 0.2915559701486811 0.9919943458452782 0
2414 0.2440580344121117 0.9896959980803224 0
2415 0.3706157545571358 0.9160948559633042 0
2416 0.4662001845799975 0.04840882447263159 0
2417 0.9203713193792994 0.4285552602555796 0
2418 0.1829739417804906 0.6135589030659427 0
2419 0.2161890958258663 0.9095742173320744 0
2420 0.3711822150775592 0.2209039073675821 0
2421 0.01004146913383175 0.5769283260174645 0
2422 0.4209788500262303 0.9218826549828301 0
2423 0.521525850889919 0.2830010302261443 0
2424 0.5571855268390922 0.2623284454074005 0
2425 0.5572089138021133 0.221002037125293 0
2426 0.3801384906675123 0.2260886165517824 0
2427 0.3711689776597364 0.2312582949613378 0
2428 0.3801233046969898 0.2364416250914585 0
2429 0.3711526356855057 0.2416114287385559 0
2430 0.3801119161990104 0.2467995415907944 0
2431 0.3711387602665597 0.2519668322091408 0
2432 0.3890813341924851 0.2416031251057971 0
2433 0.3890685570280215 0.2519801235898898 0
2434 0.459114085717337 0.319151179471389 0
2435 0.3980365389620613 0.2467924631002621 0
2436 0.5842967175548894 0.2059238707631439 0
2437 0.1365183578678374 0.8058392766371959 0
2438 0.1392713219326788 0.794474493606389 0
2439 0.1477297784630404 0.8025321694986127 0
2440 0.1504823921542013 0.7911912194581682 0
2441 0.1590384217453822 0.7992821888410886 0
2442 0.8745077324019721 0.989974679868345 0
2443 0.5393561524033409 0.2416713425307095 0
2444 0.2073114507166331 0.5024945295795158 0
2445 0.9903213784046858 0.8627945341516654 0
2446 0.009821081838534002 0.9111195817113523 0
2447 0.01030982912328064 0.958332795231674 0
2448 0.9908286576862271 0.959477134621738 0
2449 0.9586672669269902 0.9878721245456858 0
2450 0.6466120643681069 0.2207461702904889 0
2451 0.4502092966860555 0.3243232917649539 0
2452 0.4591228238106854 0.3294439112844352 0
2453 0.4502153876028254 0.3346035391096581 0
2454 0.4591331275703877 0.3397331437491707 0
2455 0.450230427395806 0.3448904014452403 0
2456 0.4591446769079164 0.3500210992771152 0
2457 0.4680457640887175 0.3448649253438876 0
2458 0.4680582672172198 0.3551488321148949 0
2459 0.4769545509607839 0.3499960418890674 0
2460 0.4502446266448908 0.3551766854880576 0
2461 0.4413307018996685 0.3500478668347602 0
2462 0.476967795142313 0.3602747427387002 0
2463 0.4858639257944493 0.355124387086292 0
2464 0.4413466696127129 0.3603318540262613 0
2465 0.4324319163513352 0.3552045358461951 0
2466 0.4858502051377324 0.3448455089008237 0
2467 0.4947602679888717 0.3499741867044076 0
2468 0.4947466759326371 0.3396933820963471 0
2469 0.5036565093585288 0.3448230775208694 0
2470 0.5036695968912361 0.3551032190255715 0
2471 0.5125655126675395 0.3499534814637067 0
2472 0.5125543526979918 0.3396718491148245 0
2473 0.5214652683105921 0.3448029462594684 0
2474 0.5214531710009613 0.3345206740267036 0
2475 0.5303680577586016 0.339651699161183 0
2476 0.5303487492171004 0.3293671732797203 0
2477 0.5392697676420994 0.3344997594274555 0
2478 0.5392826539453337 0.3447858705398993 0
2479 0.5481856078639371 0.3396334903254872 0
2480 0.548173241517983 0.3293447394627599 0
2481 0.5570928015840958 0.33448142056802 0
2482 0.5570836783996846 0.3241897838053255 0
2483 0.5660045128004613 0.3293288766079902 0
2484 0.5659946317011733 0.319032030700152 0
2485 0.5749168418548808 0.3241722362975228 0
2486 0.5749263860234805 0.3344703828083841 0
2487 0.5838407836965014 0.3293139682815603 0
2488 0.5838341123999533 0.3190144158352018 0
2489 0.5927614529459331 0.3241580728890247 0
2490 0.5927543768531929 0.3138507572714951 0
2491 0.6016855246936534 0.3189981855955998 0
2492 0.6016772808722115 0.3086701535153887 0
2493 0.6106256290114167 0.3138366260998482 0
2494 0.6106158939971753 0.3034922087380176 0
2495 0.6195782503031994 0.3086707751898684 0
2496 0.6195707903155696 0.2983239647577674 0
2497 0.6285370620928368 0.3034931262472015 0
2498 0.6285413100821446 0.3138477121503062 0
2499 0.6375112362906068 0.3086609962948924 0
2500 0.6375172224022496 0.3190275865433959 0
2501 0.646495452829048 0.3138338099793055 0
2502 0.646525665892312 0.3242689581903527 0
2503 0.6555028174085935 0.3190605632876559 0
2504 0.6016819230839804 0.3293017703501174 0
2505 0.6285297577380368 0.2931400629162484 0
2506 0.6554857397582259 0.3086374586336814 0
2507 0.6644843571692636 0.3138332738013072 0
2508 0.6645048023732817 0.3242769354489471 0
2509 0.6734920097609393 0.3190237150628046 0
2510 0.6735036276955567 0.3294564773884774 0
2511 0.6644733115316168 0.3034096989926616 0
2512 0.6195587795040965 0.2879699850874896 0
2513 0.628520399817274 0.2827854024738397 0
2514 0.5481947595792118 0.3499198908099781 0
2515 0.6825112127192502 0.3242129288459232 0
2516 0.6825138251024799 0.3346348666949531 0
2517 0.6735089803749773 0.3398662255047046 0
2518 0.5927390743593107 0.3035341691925962 0
2519 0.6195469340933446 0.2776163964164117 0
2520 0.6285087204976191 0.2724320215586673 0
2521 0.637518579823713 0.3294054759089857 0
2522 0.6825106987765175 0.3450407707427173 0
2523 0.6735082224604533 0.3502372989312921 0
2524 0.6915407758391103 0.3294257853315335 0
2525 0.6915364017891177 0.3189795570312502 0
2526 0.539294902522374 0.3550703428721466 0
2527 0.5482031755565971 0.360202450839332 0
2528 0.2886433623513068 0.5241552305217556 0
2529 0.359206275691503 0.009499910232738499 0
2530 0.8032308155466394 0.008034110993453381 0
2531 0.1967690349370535 0.008022489143631309 0
2532 0.5570691092765916 0.3138914008250049 0
2533 0.4617224826163309 0.7155894673316749 0
2534 0.2470676179766077 0.7721537659302957 0
2535 0.7470227521554311 0.7753613688261743 0
2536 0.07405832699997049 0.6761272660575173 0
2537 0.4897148791288658 0.7100494178736709 0
2538 0.3050635725815588 0.8273693137108538 0
2539 0.3133829194657637 0.8352589723349129 0
2540 0.3023756243606002 0.8385302818508077 0
2541 0.8214993470167452 0.8043240350522315 0
2542 0.9414327176345982 0.9158558004877537 0
2543 0.2753889490590523 0.9236762083352992 0
2544 0.2839288589930233 0.931739146286403 0
2545 0.272656228049364 0.9351005412267619 0
2546 0.8554244323114302 0.835812943616128 0
2547 0.8384715276716725 0.8599710773734355 0
2548 0.8053245600872955 0.8303595504084679 0
2549 0.5925792572781936 0.8901612339906073 0
2550 0.5838476692736062 0.3396125407423997 0
2551 0.2268876578528349 0.456899991087249 0
2552 0.226840190564556 0.4455761242310065 0
2553 0.2366634044705672 0.4511822944086826 0
2554 0.2366200920523734 0.4398643391862236 0
2555 0.1470124094670321 0.676205228396578 0
2556 0.3481089111922654 0.7163790670801852 0
2557 0.3384993382281694 0.7219517655167311 0
2558 0.3481516643941943 0.7274951122407401 0
2559 0.3385378356189321 0.7330937188345414 0
2560 0.3288532786516135 0.7275333577336178 0
2561 0.3288855381335724 0.7387139057612716 0
2562 0.3191764706381365 0.733133816591819 0
2563 0.3189499733804509 0.7439170689348495 0
2564 0.30941497909025 0.7386780249094916 0
2565 0.348208508735788 0.7386347589826496 0
2566 0.3093113536741774 0.7499699614702535 0
2567 0.2996902673253884 0.7443822657629753 0
2568 0.8541569314328892 0.00820211694374166 0
2569 0.1458577194901401 0.008186615750810257 0
2570 0.7641192655260487 0.2896048131112767 0
2571 0.235834832402708 0.2895970132968568 0
2572 0.6374863467879111 0.277599542782954 0
2573 0.6374738963850792 0.2672351750253815 0
2574 0.6464380804136225 0.2724091759142165 0
2575 0.4098155752455442 0.9252761206617526 0
2576 0.4183488852034112 0.9332545079660549 0
2577 0.4071478858824364 0.9366458752908348 0
2578 0.1806131648364521 0.7499628447177471 0
2579 0.2139572822448781 0.7817595932883048 0
2580 0.2903412074171391 0.6831240900961515 0
2581 0.06399567094668213 0.5973124055076601 0
2582 0.8487117035009857 0.591361176700165 0
2583 0.7879186303302705 0.773170414846528 0
2584 0.6181746408911215 0.7731559695849077 0
2585 0.7572143561825768 0.7316285366373834 0
2586 0.4356639218247839 0.828958508815266 0
2587 0.4792512844305187 0.8158776601784991 0
2588 0.2611693094174609 0.6665755096808758 0
2589 0.2611675349048385 0.6778102207857617 0
2590 0.2514176350648887 0.6721913251051728 0
2591 0.2514107996174151 0.6834682803930898 0
2592 0.241624883223479 0.6778269713542301 0
2593 0.241626781870919 0.6891373323320777 0
2594 0.2513260824217015 0.6947803720812433 0
2595 0.2318058888729554 0.6834815087917767 0
2596 0.2318137528054896 0.6721409849983561 0
2597 0.5222439811838793 0.8027841832504269 0
2598 0.07511913760829206 0.5518583621740516 0
2599 0.7741313163451015 0.657094511411925 0
2600 0.05439566209268596 0.7136396757032207 0
2601 0.9404776256847791 0.4509268644754775 0
2602 0.1442011826006784 0.5624621510124947 0
2603 0.7968345941214088 0.9425408972604226 0
2604 0.9048050887951402 0.009211058738330131 0
2605 0.09520139789984396 0.009210521362625981 0
2606 0.8194113778718692 0.1718196648638597 0
2607 0.1805887810450876 0.1718198296669387 0
2608 0.0719046624485903 0.8569815932091833 0
2609 0.06912291480532495 0.8684889774463264 0
2610 0.05775975531113565 0.8718275923290542 0
2611 0.06634041479550024 0.8800017730270504 0
2612 0.05496811338455625 0.8833452001721525 0
2613 0.06355343199013314 0.8915187816801553 0
2614 0.07492406058651485 0.8881736724819401 0
2615 0.07213841599053328 0.8996915618075174 0
2616 0.08348451607470514 0.8963670003614257 0
2617 0.08072050811187743 0.9078689093742943 0
2618 0.0693505846789052 0.9112157178600391 0
2619 0.07794158685509403 0.9193917961536227 0
2620 0.06656366480651291 0.922742969158398 0
2621 0.07515842746259616 0.9309242339701931 0
2622 0.06376575813719683 0.934273174065386 0
2623 0.09203659985938092 0.9043061807305819 0
2624 0.1610949195378612 0.2686318484559783 0
2625 0.1705960525012009 0.2741259497910031 0
2626 0.160889959905909 0.2796187518357159 0
2627 0.1705782283997358 0.2851279000913506 0
2628 0.1608471778945646 0.2906201490265293 0
2629 0.1705763460775577 0.2961369235237761 0
2630 0.1610357578082522 0.3016466376957311 0
2631 0.170610326863131 0.3071286682522827 0
2632 0.1512206579586558 0.2964431084719376 0
2633 0.1801350608871242 0.3016397767650323 0
2634 0.1801564785457265 0.3126106799333447 0
2635 0.1801170189567054 0.2796407048979311 0
2636 0.8388989562144128 0.2686203206569258 0
2637 0.8294024415395409 0.2741067593616092 0
2638 0.8389095675938694 0.2795996768077139 0
2639 0.8293960030642316 0.2850979265022772 0
2640 0.8389154985080949 0.2905933298561019 0
2641 0.8293886822658179 0.296098631546227 0
2642 0.8389141247152817 0.3015955505228825 0
2643 0.8293777657463176 0.3070873147861017 0
2644 0.8486686034943129 0.2964257839909649 0
2645 0.8198727072347678 0.3015972219404155 0
2646 0.8198568824435438 0.3125573066192889 0
2647 0.8198986141847017 0.2795896874953188 0
2648 0.565819789899371 0.7891025073511599 0
2649 0.1003953326812314 0.3166079334508884 0
2650 0.1342708398708951 0.9444941371802396 0
2651 0.7316003810978434 0.9102626339718497 0
2652 0.05242313270079979 0.2635878538738472 0
2653 0.9476307607084721 0.263375839914932 0
2654 0.8387354569635291 0.6366300347471461 0
2655 0.8361820989292712 0.6476884682796322 0
2656 0.847081470425038 0.6443331784921935 0
2657 0.8444450794703462 0.6555175704649464 0
2658 0.855422180692988 0.6521052257537869 0
2659 0.8527772192190698 0.6633259430790666 0
2660 0.8637949630957498 0.6598957624564915 0
2661 0.8612600553818188 0.6710208834872514 0
2662 0.8722063059899169 0.6676826725248821 0
2663 0.8696747495793371 0.6788403841630262 0
2664 0.8746979905831849 0.6565815712236748 0
2665 0.8806464360928824 0.6755129102520205 0
2666 0.8780587327545543 0.6867393926402505 0
2667 0.8670717592750756 0.6901097757283334 0
2668 0.8754606450369892 0.6979821915560653 0
2669 0.8644408918925779 0.7014000090062319 0
2670 0.8728522092256915 0.7092365767927898 0
2671 0.8838946153228097 0.7058590069083497 0
2672 0.8812850084106488 0.7171354575024884 0
2673 0.8923752006151047 0.71374699495236 0
2674 0.8897474297430941 0.7250617719176776 0
2675 0.8618053461919716 0.7125876475488968 0
2676 0.8534116178993465 0.7047772524450739 0
2677 0.9008626163072077 0.7216723468705866 0
2678 0.8982347652803657 0.7329965133496403 0
2679 0.8871096960049247 0.7363805433679445 0
2680 0.8956042673837664 0.7443275814221118 0
2681 0.903485278039955 0.71034025631602 0
2682 0.8507837017482043 0.7159303777250077 0
2683 0.842396121937822 0.7080957674026085 0
2684 0.8844717857634505 0.7477099209536223 0
2685 0.8929650145114443 0.7556601986334583 0
2686 0.9041181833112942 0.7522806289567949 0
2687 0.9014588748731784 0.7636455534383031 0
2688 0.9126463262107863 0.7602511193944838 0
2689 0.9099800976289069 0.7716448943082956 0
2690 0.9119940910312954 0.7182881445230224 0
2691 0.9146170283951932 0.7069212461933271 0
2692 0.8397923053341653 0.7192614797057786 0
2693 0.8314209756275802 0.7114419625258456 0
2694 0.8818288844779314 0.7590369991441657 0
2695 0.9211937131892861 0.7682402457204829 0
2696 0.9185373127151207 0.7796453322974981 0
2697 0.9073148241055528 0.7830471471034779 0
2698 0.9158754928339201 0.7910525334712513 0
2699 0.9231524147479396 0.714895440008276 0
2700 0.9257814914568203 0.7034917857830433 0
2701 0.8288120934767118 0.7226121966643402 0
2702 0.8204609195988979 0.7147935182925599 0
2703 0.9046601942089747 0.7944500621852034 0
2704 0.9132061314136588 0.8024814330154043 0
2705 0.9244382517529837 0.7990694826722055 0
2706 0.9217648558291871 0.8105188913894842 0
2707 0.8371869140693857 0.7304257003625834 0
2708 0.8230535969182085 0.7036556812774789 0
2709 0.8121149705190934 0.7070202170981077 0
2710 0.9330178589612255 0.807107551660098 0
2711 0.9303443663007873 0.8185590697642292 0
2712 0.919079856096726 0.8219721121727226 0
2713 0.9276604695291848 0.8300140429432991 0
2714 0.8261981143922432 0.7337838090880285 0
2715 0.8345852236646545 0.7415914792730883 0
2716 0.9343368998486559 0.7114778116704584 0
2717 0.9369694991154656 0.7000699290344162 0
2718 0.9284044409191798 0.6920828897877138 0
2719 0.9395990872959401 0.6886554734717374 0
2720 0.9310269142823527 0.6806773690870435 0
2721 0.9422268183065592 0.6772400048052778 0
2722 0.9336516737312019 0.6692600959402102 0
2723 0.9448569106444724 0.6658179892569157 0
2724 0.9362733240446275 0.6578421220358437 0
2725 0.9416139972520799 0.8151451809631135 0
2726 0.9442913435622567 0.8036708362471382 0
2727 0.8147035700849111 0.6959068363279221 0
2728 0.8038125173579016 0.6992555497455439 0
2729 0.9250876399277583 0.6612787796835262 0
2730 0.9276989337125819 0.6498605597430906 0
2731 0.938885276790941 0.6464278885938661 0
2732 0.930307010717246 0.6384490948492385 0
2733 0.9413045406529627 0.6352217668262956 0
2734 0.9328810615470469 0.6270870100553948 0
2735 0.9217349844734684 0.6304911189809255 0
2736 0.9243324909158664 0.6191153821013087 0
2737 0.913070711461262 0.622608477206123 0
2738 0.9157666302349983 0.6111799923339293 0
2739 0.9269210428672809 0.6077304855422914 0
2740 0.9183679164714046 0.5997947536762522 0
2741 0.9295112157267329 0.5963496684002133 0
2742 0.9209493056646871 0.5884241015488201 0
2743 0.9318015837757649 0.5848996694985682 0
2744 0.9234834054980683 0.5770274354861241 0
2745 0.9342373619491335 0.5734780558371741 0
2746 0.9260289505385604 0.5656342462284512 0
2747 0.9045438981351299 0.6145587130106833 0
2748 0.9149655343130559 0.5691014389163827 0
2749 0.9175310043948173 0.5577252622801074 0
2750 0.928668432629437 0.5542709443061616 0
2751 0.9201101520979217 0.5463552065429188 0
2752 0.9309181340625878 0.5428219808060808 0
2753 0.922629303682059 0.534976791422845 0
2754 0.9334270058982674 0.5314331855211344 0
2755 0.9251796468041631 0.52359659834381 0
2756 0.9366803570550697 0.5199925571002896 0
2757 0.9098075972577151 0.5918406441259054 0
2758 0.943830844534387 0.6238608397543375 0
2759 0.9405663423778334 0.5504617172262647 0
2760 0.9019828178008217 0.8058705302568626 0
2761 0.8934530353951489 0.7978526668610885 0
2762 0.9278538493297108 0.5122133453399975 0
2763 0.9393144197086866 0.5081822029819987 0
2764 0.916693796370227 0.51569569389534 0
2765 0.9316969260451118 0.7228908014519093 0
2766 0.6195365322693152 0.2672656155798052 0
2767 0.2996902756656138 0.7331144550227956 0
2768 0.2899522298600928 0.7387741161519006 0
2769 0.8579881952491053 0.6409579016312374 0
2770 0.6630489361022899 0.3945107713340058 0
2771 0.4242217955588344 0.7379031538199841 0
2772 0.4242698356781713 0.7489399224596173 0
2773 0.4338175539846366 0.7433794987061235 0
2774 0.1962589079820041 0.9897916262027664 0
2775 0.5125756849756652 0.3602326703370101 0
2776 0.6958307841654046 0.9319570831383259 0
2777 0.7422750098844652 0.6270687939298366 0
2778 0.6105781431112791 0.2724496813232472 0
2779 0.7213105490243855 0.8191228968528272 0
2780 0.3865586168173037 0.7825511670671299 0
2781 0.3783877993598717 0.7748295163655865 0
2782 0.1681617445518533 0.4683257885397952 0
2783 0.1917353409254557 0.6219866891764974 0
2784 0.3667359592897244 0.3962850494967458 0
2785 0.8842235768531422 0.1897005203107363 0
2786 0.1157766928803531 0.1897023353824379 0
2787 0.1001832888308781 0.5757054315241257 0
2788 0.623018361920111 0.3966929323915916 0
2789 0.2899427641422048 0.7274999872662438 0
2790 0.2801836059123946 0.7331544730707884 0
2791 0.9402603660055913 0.5918858716632617 0
2792 0.7719420288879154 0.8002658112482806 0
2793 0.08651124333611972 0.9275986994006666 0
2794 0.08375163515362018 0.9391094618387755 0
2795 0.0975480600026879 0.4200607189172679 0
2796 0.08646064793164818 0.4230976330422517 0
2797 0.2416162455192714 0.7004661982219922 0
2798 0.1085701091148578 0.4168828713377868 0
2799 0.7985931025082168 0.8894345646363599 0
2800 0.7900177128436587 0.8815071817356357 0
2801 0.8332272235299217 0.9211762674797754 0
2802 0.8418941223870254 0.9291644803155878 0
2803 0.8393102180196631 0.9406736253316617 0
2804 0.850576070463417 0.9371590202558466 0
2805 0.4838096072099088 0.04841760881340483 0
2806 0.4925999167593179 0.05349926042646726 0
2807 0.9467728936734654 0.8927838399967147 0
2808 0.938112597063558 0.8847082794615817 0
2809 0.261197278024765 0.5882182418994202 0
2810 0.9321402565878 0.1288626777420872 0
2811 0.941908895192901 0.1231464261163414 0
2812 0.06786175083525213 0.1288675505065649 0
2813 0.058091463874629 0.1231475337235457 0
2814 0.9505803368330171 0.445100599542384 0
2815 0.3980210524337107 0.2571612035392492 0
2816 0.4251220046680394 0.8323291044910326 0
2817 0.8103803223300576 0.3070858786874475 0
2818 0.8103604315242263 0.3180312910822941 0
2819 0.1896381302299557 0.3071173963303638 0
2820 0.189659980802325 0.3180695818024978 0
2821 0.8386709057177411 0.3121430826421931 0
2822 0.9419687269182738 0.1345288501311456 0
2823 0.161283758089971 0.3122108662734481 0
2824 0.05803672070151661 0.1345292880972578 0
2825 0.6023905289839677 0.0467859037921959 0
2826 0.07684961410259905 0.6647323263387609 0
2827 0.06557588475296608 0.6680095639412423 0
2828 0.1801758864000366 0.3235639522424482 0
2829 0.1896837502608848 0.3290047051756049 0
2830 0.3837311056908719 0.8598788512806954 0
2831 0.8198354229752784 0.3235125889426461 0
2832 0.810336467901015 0.3289518878240813 0
2833 0.6398687220168776 0.9491908750522469 0
2834 0.6312850586454621 0.9412030540246473 0
2835 0.6512899426406626 0.007915850865236976 0
2836 0.9505760584353965 0.4567849352511956 0
2837 0.7533690305679269 0.4564809664309549 0
2838 0.7534679306892004 0.4451136770828553 0
2839 0.9131115527084939 0.9457110254655845 0
2840 0.924501466627847 0.9421060284233633 0
2841 0.8750442011064848 0.5219029098283646 0
2842 0.4309570400402076 0.04837516543571518 0
2843 0.6961783552681308 0.7958423835009837 0
2844 0.3068055137373984 0.3454792207744571 0
2845 0.3158208675864123 0.3506713840623144 0
2846 0.4838004023747304 0.06874571193796089 0
2847 0.7107524913513703 0.04790720306316552 0
2848 0.3716666977556608 0.1383338654190213 0
2849 0.3627428995387292 0.1434499449750566 0
2850 0.4661819857270115 0.07892543176401272 0
2851 0.2892135963986489 0.04784897932485689 0
2852 0.6203110477672243 0.6546607538334817 0
2853 0.9911083907919067 0.1961328867210631 0
2854 0.00888751571377602 0.1961277801732684 0
2855 0.4052741245205786 0.6511547843197867 0
2856 0.3959842663934808 0.6565276989892619 0
2857 0.8094961500101608 0.7181761605954832 0
2858 0.9064265074093243 0.561183431003383 0
2859 0.4573570014322297 0.0840151036585417 0
2860 0.7069683131463338 0.7925491567952362 0
2861 0.9163932465267377 0.8334205212661848 0
2862 0.05797913027246776 0.9145642236371629 0
2863 0.3959580528524099 0.6457913995774154 0
2864 0.3866805249292154 0.6511443732972662 0
2865 0.3866457970864295 0.6404354368845865 0
2866 0.3773777795691073 0.6457757448633361 0
2867 0.7461444979094769 0.04775792136248047 0
2868 0.7550147746664511 0.05280762092526443 0
2869 0.7550559925615256 0.06303327168526933 0
2870 0.763893853554362 0.05786659712546603 0
2871 0.7639365739924089 0.06811117285073133 0
2872 0.7727819856903428 0.06294809128414702 0
2873 0.7727230085265017 0.05270104105980663 0
2874 0.7816300832003134 0.05778060975014782 0
2875 0.7816901687364505 0.0680462727061534 0
2876 0.7905600421017384 0.06285919393559815 0
2877 0.7906257260831498 0.07315460572230992 0
2878 0.7995339989844386 0.06795597787957935 0
2879 0.7995992248657855 0.07829040055894486 0
2880 0.8085358355573224 0.07306258082453143 0
2881 0.8084638608919279 0.06269474413117893 0
2882 0.8174789183977065 0.06782049855729913 0
2883 0.8173913509716701 0.05748405537144367 0
2884 0.8263448023253185 0.06245548230333556 0
2885 0.8263276159707608 0.05221977494958509 0
2886 0.835274119867195 0.0571881803753501 0
2887 0.8086089106200658 0.08343540237463511 0
2888 0.8083054570357779 0.05245552168750629 0
2889 0.8352927250846025 0.04696117197528917 0
2890 0.7815618493958364 0.04753433736414463 0
2891 0.2812124738432057 0.9431810543966954 0
2892 0.2924897162411236 0.9398083108911359 0
2893 0.2699327981414496 0.9465471127366667 0
2894 0.26137754697503 0.9384599296838841 0
2895 0.2538604743684981 0.04770725019551203 0
2896 0.2449879970922543 0.05275655098353258 0
2897 0.2449494898213136 0.06299435784927142 0
2898 0.2361097335677287 0.05782652311491236 0
2899 0.2360676545592841 0.06807443468756119 0
2900 0.2272224269573779 0.06291134293722418 0
2901 0.2272797655252642 0.05266283222978829 0
2902 0.2183720206787333 0.05774335369233941 0
2903 0.2183120864838895 0.06801025591224358 0
2904 0.2094408876032474 0.06282270313987187 0
2905 0.2093753611145472 0.07311916024393923 0
2906 0.2004661810330092 0.06792009086672571 0
2907 0.2004011008288787 0.07825542769096605 0
2908 0.191463728857433 0.07302727602050554 0
2909 0.1915355167269151 0.06265866734088357 0
2910 0.1825200021621166 0.0677849343045973 0
2911 0.1826073168109559 0.05744779066681807 0
2912 0.1736520265196245 0.06242240099724487 0
2913 0.1736703433354077 0.05218383701589024 0
2914 0.1647220161960246 0.05715552318657297 0
2915 0.1913908300830961 0.08340085113814116 0
2916 0.1916938615163834 0.05241836646016852 0
2917 0.1647050553179105 0.04692507051607456 0
2918 0.2184398586054681 0.04749592733191207 0
2919 0.9429097255761647 0.719464591578036 0
2920 0.9402594886901505 0.7309032704678914 0
2921 0.7031794815682053 0.008184510747136046 0
2922 0.2979767773134249 0.009417326930765494 0
2923 0.6580110079677566 0.6865288155409424 0
2924 0.6486491979774592 0.6920914133507193 0
2925 0.6932396429054447 0.9433826083110053 0
2926 0.8236014420080768 0.7449364831634641 0
2927 0.8319827112700693 0.7527662388484795 0
2928 0.1149321933776705 0.04728233299739959 0
2929 0.8850723698949872 0.04728916467518799 0
2930 0.7673003131521765 0.9890071919331229 0
2931 0.9441962242917669 0.5287172671935048 0
2932 0.479599051251817 0.4009804493946684 0
2933 0.07850547079569825 0.04649163624905706 0
2934 0.9214947049022932 0.04649128775375479 0
2935 0.9491182880816643 0.3566689683642448 0
2936 0.9491016391441154 0.3450217808332861 0
2937 0.2899612535330078 0.7502431693774461 0
2938 0.4330246677067415 0.8400125343384209 0
2939 0.1140600985679493 0.4359863201432861 0
2940 0.4338736352809767 0.7539784088095086 0
2941 0.4434195928321383 0.7488579274074793 0
2942 0.5847225549505393 0.09774861643143098 0
2943 0.9020625020009764 0.9492232928558852 0
2944 0.05048174528877954 0.3565976225150437 0
2945 0.05049546221274307 0.3449703290446198 0
2946 0.05047566250086095 0.3682267689721211 0
2947 0.7826259277210316 0.5654181312532104 0
2948 0.7825710848307097 0.576805721056448 0
2949 0.05543708043114325 0.5049909548248076 0
2950 0.0526194123783411 0.5163799161092464 0
2951 0.5510087058281378 0.4003107514215963 0
2952 0.8441951231643686 0.05189833854845353 0
2953 0.9494379026879627 0.8812479465984413 0
2954 0.1558640217099404 0.05175781074918799 0
2955 0.8260916499376704 0.04199292217956679 0
2956 0.2073163827079971 0.513924929673117 0
2957 0.4239388513316386 0.7608679753253543 0
2958 0.1739067186928151 0.04195594235323676 0
2959 0.433132496973475 0.6565019103379935 0
2960 0.4423363207009681 0.6618054345264925 0
2961 0.9896917691294347 0.9107108391550689 0
2962 0.5330550185487893 0.1908673785486242 0
2963 0.4156881467768002 0.9446517836212773 0
2964 0.4268925131420897 0.9412409870694484 0
2965 0.4051031982700271 0.9479012931315697 0
2966 0.4339687666060147 0.1333737081131336 0
2967 0.7102399840557722 0.5832971336961106 0
2968 0.4516816765896539 0.2467487919139078 0
2969 0.4427253398361544 0.2519678962014886 0
2970 0.4606357714211786 0.2415770760850922 0
2971 0.5946387870083463 0.1344299427774465 0
2972 0.438670818095202 0.4000672308773956 0
2973 0.3895010705027647 0.128126446185725 0
2974 0.8509818825843294 0.4794706517659729 0
2975 0.7726829476920913 0.04246471361574983 0
2976 0.2219668790110196 0.6778038832415265 0
2977 0.2221305351447166 0.6664301678992384 0
2978 0.2273192800386382 0.04242544140549829 0
2979 0.7527118761326663 0.5368952682252943 0
2980 0.1974246792504695 0.5082193703769385 0
2981 0.6824993366496145 0.3554262444169332 0
2982 0.6914975267949625 0.3502425653915707 0
2983 0.246430832665769 0.4454392494469753 0
2984 0.9247773072549054 0.8408183486013974 0
2985 0.9362243788515562 0.8379636218279336 0
2986 0.7435296677664011 0.9490396245390512 0
2987 0.8867553064237133 0.2296000651414124 0
2988 0.89640186499345 0.2239287851546264 0
2989 0.1132423229250792 0.2295966227748031 0
2990 0.1035824954012166 0.223922477118371 0
2991 0.8907833191956205 0.8092436001559415 0
2992 0.8823368116422486 0.8012634894018453 0
2993 0.21282103789386 0.8365694636130161 0
2994 0.2212489986575246 0.8445770160041997 0
2995 0.2043929510869759 0.8285554372530475 0
2996 0.1932332649176408 0.8318416387263118 0
2997 0.19596828145543 0.8205415341191382 0
2998 0.1365625174847599 0.9879935792075903 0
2999 0.0598934322059887 0.04620729354219202 0
3000 0.9401130673069735 0.04620946590084624 0
3001 0.9562859995623049 0.2451091080904174 0
3002 0.04302405640509089 0.2460251552651239 0
3003 0.1730833798976511 0.07246350831384908 0
3004 0.1937030508753692 0.6103269681569283 0
3005 0.8269122548796287 0.07248974780585539 0
3006 0.2219683497265902 0.6891805929103305 0
3007 0.2272687445696594 0.5136168389291811 0
3008 0.2370296322572036 0.5081240253003041 0
3009 0.2586443756609424 0.9499193318049747 0
3010 0.2500759483212888 0.9418196226463778 0
3011 0.485880971503769 0.3654022047705771 0
3012 0.6294645640533163 0.6492191822272402 0
3013 0.0503632471078756 0.05146377743987465 0
3014 0.05020431796676434 0.06247127184563756 0
3015 0.9496220892031606 0.05146476945362995 0
3016 0.9497935847296693 0.06247016954914696 0
3017 0.8333865729227208 0.6590875011968199 0
3018 0.5319510261180594 0.1591791487527729 0
3019 0.9102593960761947 0.6340274298484203 0
3020 0.8654869300462344 0.09187911673960289 0
3021 0.1349951302051046 0.09189071582314837 0
3022 0.5052219591134951 0.1746426202204435 0
3023 0.8273809523807615 0.9896901737645425 0
3024 0.6663901237782659 0.08384716152744166 0
3025 0.6840208227699722 0.05307624438538253 0
3026 0.1563780077327988 0.8106892016360356 0
3027 0.8375420569005569 0.1508048400747423 0
3028 0.1624567724006694 0.1508050865887049 0
3029 0.5498822649944045 0.1695466962638643 0
3030 0.549827336809028 0.1591998168077091 0
3031 0.5498713692260796 0.1798398352648903 0
3032 0.4517339093136925 0.1539359743484962 0
3033 0.6464182335304056 0.2620408770192378 0
3034 0.6553929512113602 0.2670733136070538 0
3035 0.637454944730235 0.2568686953604152 0
3036 0.4874084457041504 0.1848983220502137 0
3037 0.4338092195621485 0.236412199943098 0
3038 0.009709541125789737 0.8630957999239748 0
3039 0.633974913755734 0.9298065902253807 0
3040 0.6227914536434136 0.9332380752080788 0
3041 0.6200966466228017 0.9446340321194027 0
3042 0.6115288405806857 0.9366515789780083 0
3043 0.6088839742207987 0.9480574919509785 0
3044 0.6003102857794249 0.9400731865846239 0
3045 0.5125304368604342 0.3293925755622639 0
3046 0.6198628556713228 0.07806101797280382 0
3047 0.3627091609412896 0.1537402424704571 0
3048 0.3538042737379737 0.1485629211349321 0
3049 0.3621747651740597 0.2467758157147426 0
3050 0.3621605626310487 0.2571385904937554 0
3051 0.3891954200680339 0.1898808316107379 0
3052 0.1221647776197987 0.7361537602121114 0
3053 0.8340884799399315 0.5243836962685523 0
3054 0.8362716674712012 0.5136410434325793 0
3055 0.8008915430693865 0.3234824638583508 0
3056 0.8008582941284961 0.3343792614417487 0
3057 0.1991370500697203 0.3235216381146757 0
3058 0.1991697354251863 0.3344319227717245 0
3059 0.1616883862949285 0.7879160412336852 0
3060 0.1532430902686009 0.7798693912415844 0
3061 0.08622444345448135 0.8847594502201734 0
3062 0.4221644197971952 0.04327859222268969 0
3063 0.6105672971444474 0.2621038974177106 0
3064 0.06291416445873485 0.7217717300754601 0
3065 0.05160699253923299 0.7250845700931874 0
3066 0.7372945888667376 0.04269521319683477 0
3067 0.2627139852488144 0.04265211398502764 0
3068 0.6702200241408276 0.9081303708866857 0
3069 0.1691083218036072 0.400732700423748 0
3070 0.8934570284730691 0.941139994442445 0
3071 0.8309292473495909 0.4015832741431096 0
3072 0.6036302896161865 0.1612619143540766 0
3073 0.7632605303850886 0.4395315041749624 0
3074 0.7005348650423289 0.3242043578374009 0
3075 0.7005201333798388 0.3137500213778983 0
3076 0.5393072625036832 0.3653509092930408 0
3077 0.6377547871144911 0.1846687961490439 0
3078 0.6469495114182013 0.1790344205146444 0
3079 0.7925705011787212 0.4792078202001496 0
3080 0.1802072388936342 0.3345287317263891 0
3081 0.2182728949869693 0.07827185005141714 0
3082 0.7817289918558968 0.07830688750575816 0
3083 0.2515657466697317 0.5597274910312078 0
3084 0.251589591022506 0.5482855722522374 0
3085 0.8198042396171238 0.3344635489264517 0
3086 0.8444722644450668 0.9176683503244357 0
3087 0.8358158394731682 0.9096931792755807 0
3088 0.6839552226420996 0.04289060976964197 0
3089 0.5976754070522619 0.9514938864290217 0
3090 0.589093697257227 0.9434994307361124 0
3091 0.5864582969373906 0.9549302552643512 0
3092 0.5778692900346543 0.946928320291773 0
3093 0.4680632804252459 0.3654327981456513 0
3094 0.315747265654114 0.04281149812116876 0
3095 0.3245685679817584 0.04796201509305874 0
3096 0.6143891639134822 0.9252601317418965 0
3097 0.9359059644107128 0.2344214391951756 0
3098 0.9456313104772847 0.2285838929677794 0
3099 0.9192600797915579 0.5043477543225382 0
3100 0.06403571247119677 0.2344113081877221 0
3101 0.05409188125432194 0.228573005351176 0
3102 0.4926029498603349 0.04334311089849966 0
3103 0.5013962991722785 0.04842355444434492 0
3104 0.5011702573423975 0.05814826171370113 0
3105 0.5101670519695491 0.05340868858737127 0
3106 0.5101912906827305 0.0433311486225318 0
3107 0.5189866751929034 0.04840164273163156 0
3108 0.5189989329275639 0.05854192114248317 0
3109 0.5277901113537221 0.05349510820120363 0
3110 0.5277855745875154 0.04333450480940021 0
3111 0.5365826760948536 0.0484091839206852 0
3112 0.6766801706645156 0.6160621796952835 0
3113 0.2003621185765718 0.08863615763753292 0
3114 0.1913265628039948 0.09380310172348168 0
3115 0.7996382435517861 0.08867040763235884 0
3116 0.808673309830431 0.09383699137408327 0
3117 0.5917410749621773 0.9320799422955853 0
3118 0.2801797861703349 0.721873325750888 0
3119 0.2703992791183616 0.7275224321700162 0
3120 0.2704086999410734 0.738831891212398 0
3121 0.2606558913740432 0.7332930909555315 0
3122 0.04587399725844441 0.7055004290885292 0
3123 0.9481670428221626 0.6966524685706539 0
3124 0.7529861294030856 0.5824738371438072 0
3125 0.7628152032119367 0.5880792025613004 0
3126 0.4324494474277745 0.3654889764561643 0
3127 0.4235314135703548 0.3603616336643181 0
3128 0.4235129063268708 0.35007567434167 0
3129 0.4146096318961719 0.3552323539633897 0
3130 0.4146216420158422 0.3655284006325458 0
3131 0.4056991807172879 0.3603972901480853 0
3132 0.4056839925607144 0.3500966106178298 0
3133 0.3967736107259151 0.3552625629357007 0
3134 0.02525252525247736 0.008747731351340158 0
3135 0.974747474747408 0.008747731351381001 0
3136 0.100333426838601 0.408928750710997 0
3137 0.01076785906359952 0.8034038500700592 0
3138 0.6484634041202939 0.957193417639187 0
3139 0.9497448365392636 0.6432004271787413 0
3140 0.806403503757675 0.6881529721525035 0
3141 0.7955771135389718 0.6914845856620443 0
3142 0.7929597539873235 0.7025278159518196 0
3143 0.09749537767683765 0.6291976360182592 0
3144 0.1087268993727936 0.6259508509266676 0
3145 0.7444466621184717 0.7864062471717936 0
3146 0.1488135336558147 0.4572442069089744 0
3147 0.1487177819027487 0.4684162549678463 0
3148 0.7847732483916157 0.6947861313171051 0
3149 0.6762725508635443 0.6538298434407839 0
3150 0.6856718663524249 0.6590896528020657 0
3151 0.3277236718987965 0.7507705901697566 0
3152 0.8476299086115526 0.9490825685459787 0
3153 0.9089614169208119 0.3112775522377589 0
3154 0.9189520348562082 0.3167137437036249 0
3155 0.2471440457006312 0.9526231134706041 0
3156 0.2387715368828137 0.9450451373828033 0
3157 0.06836811286557928 0.6565991419681817 0
3158 0.05708207615052824 0.6598858137960226 0
3159 0.890771329048358 0.9526786824204168 0
3160 0.6982405811122567 0.7852815971054317 0
3161 0.6877837903321998 0.7882168390205233 0
3162 0.7095176195651722 0.7814256043692624 0
3163 0.3773390530697021 0.6350747166519171 0
3164 0.3680646993162353 0.6404515318823407 0
3165 0.989693283205083 0.4344946863829105 0
3166 0.09053773973548421 0.3108844304249129 0
3167 0.08060215424817557 0.3165841848354426 0
3168 0.8608615177609695 0.4850688610699087 0
3169 0.2625935135871532 0.07329986574132259 0
3170 0.7374121094127939 0.07333343504367189 0
3171 0.5365755442068528 0.03825411332766832 0
3172 0.5450708571614924 0.04305501610361979 0
3173 0.5441691072273178 0.05300919422291098 0
3174 0.8556601264105796 0.1841925202109879 0
3175 0.8556527957177085 0.1951437319308597 0
3176 0.1443438078289225 0.1841929619923646 0
3177 0.1443504899047959 0.1951456618834081 0
3178 0.2463153530202919 0.4341447786992843 0
3179 0.8455403463646044 0.7382593074400163 0
3180 0.7492791486734041 0.8311675743655633 0
3181 0.7578995051482311 0.8390255383589134 0
3182 0.1535144650958413 0.9491371433580316 0
3183 0.9515022711256282 0.7274685642775728 0
3184 0.9488314211511948 0.7388871375813999 0
3185 0.9198289748423979 0.6842088887685535 0
3186 0.5935989290405224 0.04169888016821052 0
3187 0.2239683523435829 0.8332836051543705 0
3188 0.2323847398310026 0.8412811847239474 0
3189 0.2977573463819902 0.3402861742239185 0
3190 0.2977371283245758 0.3298420825100687 0
3191 0.7537903427972805 0.4342501312599947 0
3192 0.3068330588164517 0.3558864797121466 0
3193 0.9083886156759209 0.5078546949281226 0
3194 0.1548859969842233 0.0610360247141219 0
3195 0.8449042635394478 0.06154222474294803 0
3196 0.4049764408204871 0.7487311622671409 0
3197 0.3955520170282452 0.7435046394191672 0
3198 0.1056741024548953 0.553135028257266 0
3199 0.6288685190445842 0.04172227831882628 0
3200 0.6735086497060158 0.3606023641514728 0
3201 0.6645388123587065 0.3554320606869375 0
3202 0.6465246101978477 0.04175708417455123 0
3203 0.185663879837931 0.9505071183554167 0
3204 0.1967747803393229 0.9473946489115065 0
3205 0.7044440563010346 0.9399187151317642 0
3206 0.7018484812952672 0.9513724576423758 0
3207 0.8835548827074076 0.528672515109209 0
3208 0.6708469524255782 0.9502432165342451 0
3209 0.4224891639172673 0.8434024988124117 0
3210 0.9518030174695167 0.1287809002695649 0
3211 0.9517250689900454 0.117349565860641 0
3212 0.9518606568751707 0.1402043639480824 0
3213 0.04820284770674822 0.1287821767039557 0
3214 0.04827600297505874 0.1173501254395539 0
3215 0.04813561239629667 0.1402070202466305 0
3216 0.8442153204602466 0.04169939041982007 0
3217 0.6914865270013784 0.3606310057912745 0
3218 0.7005032966228356 0.3554424011527509 0
3219 0.1256950456294628 0.9363291503494234 0
3220 0.1284838836495969 0.9248201335805577 0
3221 0.1229069324304586 0.9478460820616625 0
3222 0.1557924256726871 0.0416459711719142 0
3223 0.9529035336716866 0.811727275086181 0
3224 0.9555886316488987 0.8002424401897008 0
3225 0.1064126622546569 0.04169521543173351 0
3226 0.8935880909712917 0.04169516850752918 0
3227 0.3108357522385632 0.846336045190125 0
3228 0.3217648716095429 0.8431531735457137 0
3229 0.30034619635243 0.8500451876961566 0
3230 0.2914344810337277 0.8418446616306068 0
3231 0.2892988218726189 0.8535219960453079 0
3232 0.2803891090088886 0.8451587731252427 0
3233 0.2777925567665738 0.8567826033844177 0
3234 0.5412867393810058 0.598566406162551 0
3235 0.6023907447285302 0.03662832627976092 0
3236 0.4428603732383194 0.759012322603591 0
3237 0.4529318369299893 0.7541929556561801 0
3238 0.8011536533379831 0.8780461973947459 0
3239 0.792579678487469 0.8701410167471942 0
3240 0.170461565852055 0.7961909525768562 0
3241 0.2897728897972895 0.9512658377802709 0
3242 0.3010556496161939 0.9478861772666447 0
3243 0.2120898248828374 0.6834879690175317 0
3244 0.8255790093003663 0.6925621752148474 0
3245 0.1348606573409646 0.2006136770956188 0
3246 0.1445073871228747 0.2058192454989958 0
3247 0.8651411657184492 0.2006109555471617 0
3248 0.8556439431685781 0.2060748976256772 0
3249 0.7924418104478076 0.5711417661985527 0
3250 0.3967898271424036 0.3655638575394921 0
3251 0.3878618861140362 0.3604306046120707 0
3252 0.6802472145704566 0.8214112280722448 0
3253 0.6718210624876454 0.8136907482973911 0
3254 0.6575876447898384 0.654097957922061 0
3255 0.1019909361526601 0.4816122050538321 0
3256 0.9101451066657307 0.9566223522733961 0
3257 0.3576625104602584 0.6778180333098718 0
3258 0.7814666359705147 0.8735914340221874 0
3259 0.7840847351373921 0.8622607232715034 0
3260 0.291414689404033 0.6392210905593245 0
3261 0.4987938700985353 0.6719969987623777 0
3262 0.4893827556014328 0.6666869912534357 0
3263 0.4986856156869369 0.6612232155965402 0
3264 0.4893234524114575 0.6559151824551641 0
3265 0.4986473267052687 0.650458482428781 0
3266 0.4798354316509829 0.6614640815595947 0
3267 0.4797079564593672 0.6510296427854076 0
3268 0.3159459440816123 0.3610099583093017 0
3269 0.5362784609075237 0.6608539259618179 0
3270 0.5268973641790548 0.6555427969403933 0
3271 0.5361588924173043 0.6500904504955969 0
3272 0.5268212519501807 0.6448140840165355 0
3273 0.5360411969516563 0.6393751355787883 0
3274 0.37286085032293 0.8630270997907632 0
3275 0.8209979368579174 0.7560944289186815 0
3276 0.8293706258723479 0.763951539806164 0
3277 0.8403800807189483 0.7606153366800796 0
3278 0.8377673534196982 0.7718196178855588 0
3279 0.8126361213283311 0.7482665801061793 0
3280 0.4731683168258378 0.8745019078489089 0
3281 0.4651712564093415 0.866739922838067 0
3282 0.4758155714100966 0.8633142213714767 0
3283 0.3179806282098363 0.8786478798173427 0
3284 0.1030466277033764 0.6065570230624986 0
3285 0.1830828787278556 0.6552533872646352 0
3286 0.4069813289473307 0.2520057645627225 0
3287 0.406967319966229 0.2623448461608466 0
3288 0.3457852242060041 0.7844007228920673 0
3289 0.6222228915918295 0.8498136101593922 0
3290 0.6138392235460614 0.8420284538965934 0
3291 0.6247543751792163 0.8386685343423592 0
3292 0.6164143347094768 0.8309076708679199 0
3293 0.6272871463936789 0.827557773594827 0
3294 0.6055112574620447 0.83424040900506 0
3295 0.6189717479213825 0.8198190163351959 0
3296 0.6299315148627589 0.8163625010391673 0
3297 0.5752338854249577 0.9583643575933132 0
3298 0.5666490162113327 0.9503548820744211 0
3299 0.5693311901069908 0.9390607919758092 0
3300 0.5581192680304423 0.9425007038028835 0
3301 0.5554324472012706 0.9538049896102755 0
3302 0.5468523112901648 0.945796676034746 0
3303 0.5442003841417941 0.9572944412385687 0
3304 0.5356092688341456 0.9492035892717158 0
3305 0.5498803816047032 0.9345074243975788 0
3306 0.4242438033695298 0.9526679639241324 0
3307 0.4354827335308887 0.9492488574156869 0
3308 0.7927075124607526 0.536739484796422 0
3309 0.4423102107454562 0.6511772518281258 0
3310 0.3157563089554555 0.06322303963192052 0
3311 0.3609257794572847 0.3348283795776379 0
3312 0.8097390376868949 0.885957454651511 0
3313 0.4133611734323775 0.04834349938354036 0
3314 0.10501910194497 0.6776724150036455 0
3315 0.1076972892268436 0.6664148002751547 0
3316 0.5227694999618027 0.09258210251482715 0
3317 0.898998305346203 0.305752707826931 0
3318 0.8893597229495624 0.3111274412730641 0
3319 0.8892677980910829 0.2999057774966962 0
3320 0.04694134232612385 0.8317669278529093 0
3321 0.3577904359808293 0.7330129381647128 0
3322 0.3576152982246701 0.7437108967979987 0
3323 0.6381663269538509 0.8241862967497398 0
3324 0.6409123364351503 0.8129378200498072 0
3325 0.8191693220934657 0.1297025406252406 0
3326 0.1808338782263337 0.1296960918259204 0
3327 0.574935844412751 0.344766943115504 0
3328 0.5838534151749107 0.3499076252563865 0
3329 0.574945256833623 0.3550596439840574 0
3330 0.5838615858101479 0.3601996455561327 0
3331 0.5927684428499468 0.3550494194216003 0
3332 0.5749507181648743 0.3653482846422498 0
3333 0.5927770658329156 0.3653406239766644 0
3334 0.6016855665576912 0.3601894600736303 0
3335 0.2692186685673206 0.8484210495100863 0
3336 0.4339443171365258 0.1745195540929134 0
3337 0.4838195086959219 0.03826577358309602 0
3338 0.4249484851142924 0.2105891317915984 0
3339 0.4221028089058645 0.09419688850085318 0
3340 0.2979621803635154 0.1248677264061033 0
3341 0.3067948469416316 0.1301871665615 0
3342 0.2979262550826421 0.1352035255273552 0
3343 0.3070282819407177 0.1403903998513271 0
3344 0.2979357869052893 0.1455107088506538 0
3345 0.3070595963569687 0.1506986408384169 0
3346 0.2979129478693273 0.1558389562364952 0
3347 0.3068643929603472 0.1610323837369612 0
3348 0.2978478169323475 0.1661798249513674 0
3349 0.2888970911521548 0.1609825912423269 0
3350 0.2888650751391413 0.1713435483315914 0
3351 0.2798985080762871 0.1661371788799197 0
3352 0.2798698439051208 0.1765130866026244 0
3353 0.270886211825424 0.1712978253262876 0
3354 0.270866346603437 0.1817020789376655 0
3355 0.2618571213935741 0.1764707089491653 0
3356 0.2618369266077171 0.1869033210983471 0
3357 0.2527976794373484 0.1816329809611504 0
3358 0.2527691485242416 0.1920993818857495 0
3359 0.3164427398241739 0.1360399171335474 0
3360 0.3068053367634879 0.1713766750776498 0
3361 0.3157802042425196 0.1662230172294252 0
3362 0.2888634983488267 0.1817223713314191 0
3363 0.2618228020254071 0.1973541498369095 0
3364 0.2619055085556963 0.1660760198152589 0
3365 0.2527449600068783 0.2025696486433293 0
3366 0.2436762262329342 0.1973102765512187 0
3367 0.5659854886898701 0.3087321240739597 0
3368 0.5570575048161014 0.3035922375952925 0
3369 0.5659578669161573 0.2984088463157982 0
3370 0.5481409831433323 0.3087517139003864 0
3371 0.7378329132343114 0.1351660741059784 0
3372 0.7288929837612682 0.1403535391656228 0
3373 0.7378684743254563 0.1455248710020221 0
3374 0.7289115256166295 0.15073886493909 0
3375 0.7379107349619538 0.1559069694595038 0
3376 0.728930352920969 0.1611255722756288 0
3377 0.7379485844034656 0.1663074710470328 0
3378 0.7199482893367933 0.1559460169747326 0
3379 0.7199481943676922 0.1663366303279784 0
3380 0.7109625430203836 0.1611560117749419 0
3381 0.7109628325702395 0.1715446381053028 0
3382 0.7019616108284065 0.1663725847945015 0
3383 0.7199623461343041 0.1767244794929665 0
3384 0.7109734480557545 0.1819368186186291 0
3385 0.7199850968288948 0.1871222337855789 0
3386 0.7019979281483104 0.1559705293827069 0
3387 0.6929867110779827 0.1612003742538853 0
3388 0.6929863414589477 0.1715722034217524 0
3389 0.6840173455897396 0.1663943149146589 0
3390 0.6840007236415599 0.1560446820931266 0
3391 0.6750630446805064 0.161256964632069 0
3392 0.7109871960894641 0.1923405131140484 0
3393 0.7200104369037408 0.1975321137958269 0
3394 0.7290141714972194 0.1923166175014707 0
3395 0.7290463822540474 0.2027383678382339 0
3396 0.7380768104369113 0.197507104114919 0
3397 0.7381042231123971 0.2079536124865918 0
3398 0.7471581720677124 0.2027004830735252 0
3399 0.7020717172722883 0.1248674761474912 0
3400 0.07749420398567808 0.8340091868289089 0
3401 0.3517390287461658 0.2986291504965405 0
3402 0.3427453491517159 0.2934377008156859 0
3403 0.4069995820159316 0.2415416461158844 0
3404 0.6575996849772281 0.1300399819849302 0
3405 0.5315793514648781 0.1283865049853125 0
3406 0.333752856578185 0.2986437039277778 0
3407 0.3337394218105848 0.288243523407206 0
3408 0.324735700375954 0.2934577722927783 0
3409 0.324751229148685 0.283052103402878 0
3410 0.315782134369066 0.2882009970284996 0
3411 0.3337355088827155 0.2778393062657967 0
3412 0.3247483500407532 0.2726448452868804 0
3413 0.3337292566149044 0.2674354386957812 0
3414 0.5935673180444958 0.09264683082116495 0
3415 0.4071587890038174 0.1692888519363817 0
3416 0.06872428018353088 0.7833060228331267 0
3417 0.05741243448330756 0.7866198997851632 0
3418 0.06020516743456659 0.7751581952564643 0
3419 0.04887884662299975 0.7784734742595096 0
3420 0.0516783777737521 0.7670039265067432 0
3421 0.9297559802292968 0.7762401076775031 0
3422 0.8038652127081358 0.6163827324758914 0
3423 0.6915119099793673 0.3085260516520997 0
3424 0.7005124732102608 0.3032902991532503 0
3425 0.6914936761944511 0.2980663343841247 0
3426 0.7004975057485945 0.2928305100291033 0
3427 0.6914798934513211 0.287607940591843 0
3428 0.7555356413389234 0.8502290890459371 0
3429 0.3537731979156736 0.1588658898878202 0
3430 0.3626648724641758 0.1640159233799194 0
3431 0.3594531103997554 0.9194613760161447 0
3432 0.3679535923435654 0.9274604099690178 0
3433 0.3567528082464589 0.930837187663615 0
3434 0.3654653907832536 0.9391687023665934 0
3435 0.3540815813560421 0.9422939725374457 0
3436 0.3624492819007937 0.9504847043593504 0
3437 0.3512339819046458 0.9533975006649293 0
3438 0.05429510870795179 0.6712972024518247 0
3439 0.3967546680181179 0.3449581224372494 0
3440 0.7335364527238488 0.7489632354462282 0
3441 0.2318432209787218 0.6607546794712534 0
3442 0.2225726873547388 0.6550535958512063 0
3443 0.2319488293454278 0.649389311552331 0
3444 0.2225263622746242 0.6436840468933661 0
3445 0.5460201352863742 0.6986573054904479 0
3446 0.5554924224049038 0.7039978434596087 0
3447 0.5461029659746911 0.7095561624237161 0
3448 0.5556361802329033 0.7149268315775684 0
3449 0.5461956537349059 0.72049572305317 0
3450 0.555742658981057 0.7258748233461435 0
3451 0.565195169822033 0.7202980290616312 0
3452 0.5462914258948685 0.7314648254618228 0
3453 0.7528479429710062 0.5251583520247955 0
3454 0.7428127547322538 0.5309185862681594 0
3455 0.7428603161589844 0.5192930283208046 0
3456 0.7428252739784909 0.5433439847831664 0
3457 0.7471094048896665 0.1922597816496366 0
3458 0.7562310456109089 0.197437435472381 0
3459 0.7561682780415644 0.1869801958461837 0
3460 0.8748401691566157 0.1076254816080383 0
3461 0.1255362239219056 0.1076242938485797 0
3462 0.6229455896198139 0.8912512349802727 0
3463 0.5595228326049749 0.9003391865326078 0
3464 0.3449815915196566 0.1534855081518018 0
3465 0.3449177556799468 0.1433461115262894 0
3466 0.2072474663328553 0.4233136529891257 0
3467 0.3427946384117626 0.9456045760105021 0
3468 0.2465355472661017 0.4567909423720459 0
3469 0.7532839142927643 0.4679133809149114 0
3470 0.7434095994200928 0.4621142554525576 0
3471 0.7433104618840942 0.4735990053295315 0
3472 0.8701213419049638 0.5432419418273866 0
3473 0.04638392983100232 0.8751664935713865 0
3474 0.04358886474852683 0.8866937398083695 0
3475 0.3890582556668031 0.2623305215136622 0
3476 0.7502364680655706 0.673422618990602 0
3477 0.5367693935067802 0.7260625521882862 0
3478 0.2514167461249399 0.6163596400069757 0
3479 0.8106615807241452 0.2522139329684312 0
3480 0.1893468329743236 0.2521984370928008 0
3481 0.2621750918785684 0.1351732030290752 0
3482 0.7469472603401777 0.1610733249343844 0
3483 0.6372253789437459 0.9606489813745445 0
3484 0.7927454701482365 0.4230873867322859 0
3485 0.1004455435036252 0.3052204277155843 0
3486 0.1102698995799106 0.3109251773279532 0
3487 0.1103057814217508 0.2995892446156193 0
3488 0.3517349002234916 0.2882355745233653 0
3489 0.5277975525586146 0.06365397231002254 0
3490 0.5840755866593691 0.2467974576008427 0
3491 0.3441039636977001 0.1629924037482597 0
3492 0.601635839905875 0.2673230363759199 0
3493 0.2540157529494954 0.3951463657829686 0
3494 0.8651925323911458 0.1457765272558036 0
3495 0.1347521574474156 0.145699841231314 0
3496 0.7463545535602134 0.395108220664282 0
3497 0.06016640050229239 0.7331812249485161 0
3498 0.6464008656345357 0.251673134484848 0
3499 0.6374394913325204 0.2465052185373766 0
3500 0.9127907425788198 0.1400065279766913 0
3501 0.08722477461616882 0.1400027290918683 0
3502 0.8487770752452395 0.7685078332864369 0
3503 0.8461762044702775 0.7797257551743215 0
3504 0.7822025271909807 0.7057455395428529 0
3505 0.0407496757113176 0.05679445876253305 0
3506 0.04080132030643289 0.04605141922689674 0
3507 0.04064744236297122 0.06779021618998318 0
3508 0.9592505076166349 0.05679410731469402 0
3509 0.9592388696992856 0.04596442141569916 0
3510 0.9593523701885613 0.0677897528961745 0
3511 0.4606078838692313 0.2519149096967547 0
3512 0.4695594157927438 0.2467439152317521 0
3513 0.952767075931207 0.9124053023864135 0
3514 0.9500890814816394 0.9239544987469284 0
3515 0.5587262210587056 0.1748373435778366 0
3516 0.8256630980558466 0.5166936459681436 0
3517 0.8277569946942505 0.5059421341441153 0
3518 0.4413624822345708 0.3706137655281297 0
3519 0.2358301038777846 0.9558470150532888 0
3520 0.6581790426017562 0.6974184307650892 0
3521 0.9215067219358833 0.2013609723825112 0
3522 0.2024824985922122 0.6187643955709146 0
3523 0.07848435848662955 0.2013596851823131 0
3524 0.6216350891351375 0.8086274162905941 0
3525 0.6107049497076766 0.812063958251632 0
3526 0.1413892624284137 0.6152271532706396 0
3527 0.2318026557682905 0.5482666880380824 0
3528 0.2219063119847924 0.553958897266417 0
3529 0.04886166564848816 0.7364459789892459 0
3530 0.5571926051596789 0.2106796690995938 0
3531 0.5482632067035207 0.215852585238863 0
3532 0.8571849746880815 0.7764305850781643 0
3533 0.8545456619942959 0.7876339485101842 0
3534 0.2900983207960466 0.5707940143469957 0
3535 0.11134160462013 0.4057877715784163 0
3536 0.1195559262128592 0.4137094492761469 0
3537 0.953449194651233 0.6738107421857236 0
3538 0.2563332253031945 0.4510279353839096 0
3539 0.2564453414262576 0.4624581247137525 0
3540 0.3755052314205352 0.8518431102721413 0
3541 0.3649952864374871 0.8553628015091316 0
3542 0.3881043294454857 0.8486041620315884 0
3543 0.5128617709054665 0.08687225799289797 0
3544 0.05987912309647667 0.6484604340919096 0
3545 0.04857900724350599 0.6517523172901645 0
3546 0.05137986564693756 0.6403165697119134 0
3547 0.5267438724107855 0.6341070144673453 0
3548 0.4661804667984759 0.08911665953043146 0
3549 0.3400747145936475 0.9569993179848391 0
3550 0.7514767559407662 0.9569418635538893 0
3551 0.762714906821968 0.9549212042812792 0
3552 0.4309635756087219 0.03821941159434274 0
3553 0.4220915619376268 0.1044070813268273 0
3554 0.4309346326075193 0.09931195383320823 0
3555 0.5482116099950531 0.3704806738828743 0
3556 0.36277497325346 0.1331619716381459 0
3557 0.7526139976826084 0.5937270731708919 0
3558 0.9894310142417825 0.2557482532051627 0
3559 0.4133772868337976 0.03818980187471311 0
3560 0.4045805263314411 0.04324697182072414 0
3561 0.01030982623557188 0.2559523809534465 0
3562 0.6487832792195476 0.7029928008298942 0
3563 0.306874472298981 0.3662656193527463 0
3564 0.1031162000363315 0.3978239020606714 0
3565 0.6929945937455405 0.03778951725022621 0
3566 0.9605264710006769 0.4509225464883873 0
3567 0.9603444004194214 0.4395839112038867 0
3568 0.3070161098654042 0.03740443807730712 0
3569 0.536784322170346 0.736983991668221 0
3570 0.5273379817680436 0.7316021514745376 0
3571 0.5273002143652333 0.7425633204402085 0
3572 0.517803922965376 0.7371809121934146 0
3573 0.9310755988018961 0.8480973227192659 0
3574 0.9434222122120466 0.8481361602109567 0
3575 0.4678625106652771 0.8555803504856931 0
3576 0.4784158163814973 0.8521515811621702 0
3577 0.4308113224642858 0.8512031741304577 0
3578 0.3245697509717326 0.0377446938538815 0
3579 0.333387382616367 0.04290053872235097 0
3580 0.8531263159490324 0.04664402786722231 0
3581 0.1469448871864428 0.04648267526908077 0
3582 0.4142395772885943 0.6459247741595779 0
3583 0.8217354866268631 0.5291284081187958 0
3584 0.9606867832406478 0.4626388177595211 0
3585 0.9505562879513667 0.4684953684802433 0
3586 0.9607066557388283 0.4743636083945991 0
3587 0.913473338344978 0.8441051705165965 0
3588 0.9050938720319666 0.8366984316188126 0
3589 0.315751793837869 0.1765699425116863 0
3590 0.1201033322677233 0.3052703408645899 0
3591 0.1201215682887591 0.293976531574147 0
3592 0.78150347778436 0.03730167049749306 0
3593 0.7726370603285462 0.03225530862908373 0
3594 0.7460970543523819 0.03756867417124148 0
3595 0.2184978236837953 0.03726229326095094 0
3596 0.2273646785371835 0.03221528989299237 0
3597 0.4573511631249931 0.09420615502980761 0
3598 0.2539118706531611 0.03751371854462445 0
3599 0.8795559357105343 0.3054763340032687 0
3600 0.879529205427853 0.2941839071344944 0
3601 0.7416139100010304 0.5887750391497827 0
3602 0.6750640338819177 0.171580364207425 0
3603 0.7427026079502197 0.440388274641836 0
3604 0.6201980512173839 0.6439970820339725 0
3605 0.638485511094979 0.06801598570581703 0
3606 0.3680588977935704 0.6297462915619138 0
3607 0.3587793614237305 0.6351084385258595 0
3608 0.3587741434489424 0.6458501610311855 0
3609 0.3494614029408876 0.6404720345364722 0
3610 0.3494737530423074 0.6297302512555555 0
3611 0.3401524071169158 0.6350885510826656 0
3612 0.8846129158739715 0.06818679071467233 0
3613 0.1154198087304293 0.06814276266828709 0
3614 0.2618053118158253 0.2078132483014306 0
3615 0.2708731112117477 0.2025989188180799 0
3616 0.6397764690519973 0.09927525980023667 0
3617 0.6308948585652657 0.104413900264726 0
3618 0.5937478686933377 0.1028704598262649 0
3619 0.04417839818449491 0.5082389834946197 0
3620 0.04701342337083239 0.4968533636598288 0
3621 0.04134249037744869 0.5196333528622855 0
3622 0.04981046243060243 0.5277804121317442 0
3623 0.5359296357884424 0.6287038100434932 0
3624 0.5452079774257039 0.6339370149412573 0
3625 0.7914475232243057 0.3289009295199057 0
3626 0.7914168140441322 0.3397807396360809 0
3627 0.8008137363290304 0.3452584802933509 0
3628 0.7914879663603602 0.3180046659882258 0
3629 0.6645489144134139 0.3657784487474243 0
3630 0.6555881092374771 0.3606124477987638 0
3631 0.6028462716452714 0.09802478641071827 0
3632 0.2085879040431751 0.3289508105823397 0
3633 0.2086204636518664 0.3398387766724152 0
3634 0.199218705278369 0.3453218943848055 0
3635 0.2085457539259106 0.3180376352654444 0
3636 0.04037534799225255 0.3624080436095378 0
3637 0.04015041506969004 0.3737126243769829 0
3638 0.1245020655864667 0.06304222792981679 0
3639 0.65562262463532 0.04683981717868891 0
3640 0.6556426018287325 0.03663424251872555 0
3641 0.1314935919229089 0.9560170981581728 0
3642 0.8753699455589049 0.06346274549034531 0
3643 0.2120821350017879 0.6948957995675338 0
3644 0.8531488027768472 0.03645744655585428 0
3645 0.2888421741520128 0.3348004402369125 0
3646 0.2891159654820515 0.3446455273137708 0
3647 0.2889420732585831 0.3245588096839196 0
3648 0.377303223046481 0.6243958570432807 0
3649 0.1468763218247756 0.03639135834316111 0
3650 0.8796840192892965 0.8126450480824978 0
3651 0.9592083323666385 0.3508508334924548 0
3652 0.9590450428023228 0.3391840767326607 0
3653 0.9490485717547021 0.3333655819421359 0
3654 0.9589919391111783 0.3275129529062921 0
3655 0.9490464556923464 0.3217253504148327 0
3656 0.9589686013629031 0.3158504321628852 0
3657 0.9490000475456102 0.3100429152727234 0
3658 0.9590116959645487 0.304185107166921 0
3659 0.9592141016468602 0.3625198341477869 0
3660 0.9489306853769564 0.2984484033909289 0
3661 0.9589119046195816 0.2925397372224406 0
3662 0.1150671961188266 0.03652609478567462 0
3663 0.8849357685005944 0.03653289528319251 0
3664 0.04034199471740756 0.7703127642138381 0
3665 0.6555710992729344 0.0572599044580723 0
3666 0.6016927397282532 0.3704829203593412 0
3667 0.6106075016841407 0.3653332627773465 0
3668 0.6105996350401358 0.3550320600763551 0
3669 0.6195252815088936 0.3601771875717327 0
3670 0.5927839205650931 0.3756300100574674 0
3671 0.5453100364535862 0.03313397866163313 0
3672 0.5529664432448953 0.03775741238495973 0
3673 0.2436525357423566 0.2078067218098825 0
3674 0.5323600673963151 0.9598216630215963 0
3675 0.52426787233824 0.9520356291767393 0
3676 0.527010727944756 0.9410789605671172 0
3677 0.5157912528052642 0.9444609234092516 0
3678 0.5130946428616751 0.9572830069045904 0
3679 0.5045675281507975 0.9481651335846537 0
3680 0.501898018571688 0.9594057803777957 0
3681 0.4935807814332849 0.9511379406672289 0
3682 0.5184739173901292 0.9331264215355859 0
3683 0.7562632438072268 0.2079402553922645 0
3684 0.0921826235564734 0.4008722525128133 0
3685 0.7603375683434181 0.8277410282511717 0
3686 0.769143001777054 0.8355030404757325 0
3687 0.751827743398554 0.8199603416599979 0
3688 0.2218439675806135 0.5424057468990056 0
3689 0.211930610346088 0.5480778587079012 0
3690 0.1201187907212171 0.9593734066351509 0
3691 0.2371108807692532 0.519458376169906 0
3692 0.2469682491426581 0.5138493984573109 0
3693 0.298346108232416 0.9593606747599926 0
3694 0.2870406889382479 0.9627433981331329 0
3695 0.9185896645345052 0.3053543067140913 0
3696 0.2665130566425218 0.8601489395053814 0
3697 0.03754159428830148 0.7817973712280368 0
3698 0.62935208396825 0.6385967731415718 0
3699 0.7923987091438192 0.5825238577891659 0
3700 0.08066008496962447 0.3051216548755644 0
3701 0.07067895771626639 0.3108283765117854 0
3702 0.7981259213720686 0.6804837749452681 0
3703 0.7372542589261669 0.03251934772852338 0
3704 0.3878813404678186 0.3707316142797988 0
3705 0.3789488824414491 0.3656017208964682 0
3706 0.3968082063421796 0.3758606903374929 0
3707 0.2627540721732941 0.03246703082891718 0
3708 0.2350877832092613 0.830002003430515 0
3709 0.3334131073069194 0.03274297713307842 0
3710 0.3422013756404315 0.03785256820277473 0
3711 0.3421820845256615 0.04801471702276301 0
3712 0.3509898175128028 0.04295474973240724 0
3713 0.1980443098253854 0.5199427287527109 0
3714 0.4199397587979594 0.8545329832155037 0
3715 0.6377807734478772 0.1742628714829532 0
3716 0.6467415439077303 0.1662676893909435 0
3717 0.4046041926222664 0.0330991345399175 0
3718 0.3958064804057084 0.03815465026837969 0
3719 0.7627285452870081 0.5993261580630428 0
3720 0.6458256776985993 0.9686079605271749 0
3721 0.7096389741371552 0.30908433034982 0
3722 0.469543230666821 0.2570821325643579 0
3723 0.4514928374727679 0.6564388977988735 0
3724 0.4513287256542787 0.6460647023398225 0
3725 0.8089318231931795 0.6771448914592928 0
3726 0.4044012601775825 0.1043845086377565 0
3727 0.8821322313273261 0.9445843198760324 0
3728 0.879451208306705 0.9561282789391587 0
3729 0.3494860593417486 0.6511988920078841 0
3730 0.1848072388683418 0.8238206457589975 0
3731 0.6693620366886792 0.824763387961042 0
3732 0.9581048336886078 0.8893229098588389 0
3733 0.960986704017371 0.8784661552357825 0
3734 0.4328218198197922 0.9606996581934957 0
3735 0.4440661977008779 0.9572708642456894 0
3736 0.4467230888881814 0.945824113245665 0
3737 0.4550687158666281 0.9540999893624813 0
3738 0.4570640814936043 0.9428709516615221 0
3739 0.5670974398701155 0.06710997335429521 0
3740 0.577395675842022 0.1556373312769651 0
3741 0.5773735617147275 0.145385546541751 0
3742 0.1644222841313476 0.7766021889843451 0
3743 0.1560020606318861 0.7685608267704345 0
3744 0.6969473142020191 0.8369847237634126 0
3745 0.559000071470925 0.1846227261162462 0
3746 0.5676514260868259 0.1799542389118549 0
3747 0.2225450375808086 0.5994686043248092 0
3748 0.5178305274491737 0.7482396207536804 0
3749 0.5082339045289521 0.7428048390408533 0
3750 0.1223111359664026 0.4026481361311567 0
3751 0.1304991555503973 0.4105597890277329 0
3752 0.8503770066516948 0.6745541139515124 0
3753 0.7408588819925603 0.9605836278606328 0
3754 0.2606400328197443 0.7448737088834936 0
3755 0.3864849064148426 0.6617962612371397 0
3756 0.6110185159765216 0.64941487775742 0
3757 0.6109313938757086 0.6387593032358866 0
3758 0.6842486987472554 0.06326848608056242 0
3759 0.3244747505667813 0.2626528020812491 0
3760 0.1390572965455676 0.4627861108331437 0
3761 0.1391140494104805 0.474510063815754 0
3762 0.1487474314909908 0.4801706846356715 0
3763 0.1390986980785841 0.4503962421544758 0
3764 0.1448175083763089 0.7718209164257608 0
3765 0.1475825769455381 0.7605128448769805 0
3766 0.1876351713548401 0.5139993222146619 0
3767 0.187559479973066 0.5025264224592669 0
3768 0.6931639494133308 0.13003926920083 0
3769 0.4515618162639225 0.6670537399659227 0
3770 0.5404234480460091 0.1334866529503412 0
3771 0.5493161858637102 0.1284002253782667 0
3772 0.1912976635225117 0.6628290222767488 0
3773 0.194150554532875 0.6520351072584095 0
3774 0.1820663356552484 0.8351276883246892 0
3775 0.9609637139752432 0.9203891166430044 0
3776 0.9586789676049331 0.9320419250765897 0
3777 0.1776645451519199 0.5082606158126187 0
3778 0.6555711344151917 0.3502703604931449 0
3779 0.2296764141554961 0.8525753627899486 0
3780 0.6466256008329399 0.3554508288682542 0
3781 0.6465679394883761 0.3657434954185917 0
3782 0.5679466047126027 0.9081198052245597 0
3783 0.8850005340026474 0.7898804981581888 0
3784 0.8556560944548606 0.17326275289165 0
3785 0.1443475739855337 0.1732624006091068 0
3786 0.6195309106777551 0.3704810829949293 0
3787 0.631389301032554 0.8990816352117933 0
3788 0.8890832998143999 0.6833752910539179 0
3789 0.8916785079711694 0.6721198276752363 0
3790 0.4052150222165981 0.6726113254310332 0
3791 0.03851410195865572 0.5310454330325993 0
3792 0.04699574436899538 0.5392039468824045 0
3793 0.4159166477859667 0.2572054293732829 0
3794 0.41590874653245 0.2675257925531958 0
3795 0.6016280557074454 0.2776339823553074 0
3796 0.5926824307234687 0.2724948506478765 0
3797 0.2365646858609103 0.4286052337404143 0
3798 0.4858384445851006 0.3345625492630219 0
3799 0.4785062839993105 0.2209615098098351 0
3800 0.4874255254873175 0.2261240061795904 0
3801 0.49635652628961 0.2209803579679853 0
3802 0.4963455323783866 0.2312868983796766 0
3803 0.5052772199720812 0.2261420608244443 0
3804 0.6841627104503264 0.03273691941217795 0
3805 0.8733784874453657 0.7510514401285106 0
3806 0.8848169050005608 0.9330538180467857 0
3807 0.3527074861803432 0.2514707268359876 0
3808 0.09377346409577944 0.2293247148437968 0
3809 0.9062043872182326 0.2293307793947423 0
3810 0.2533326899378428 0.09893114684913004 0
3811 0.5481286085172383 0.298451633094843 0
3812 0.5392131661584612 0.3036127574708812 0
3813 0.1995365126514828 0.9358978278439407 0
3814 0.4960169416542442 0.9399387653021932 0
3815 0.746672152100855 0.09893719255065998 0
3816 0.116220663518533 0.6744071122423924 0
3817 0.6195216500902871 0.3498688710920397 0
3818 0.7951327179776242 0.8587982923343176 0
3819 0.3531330782486367 0.2415097371160952 0
3820 0.4529805393196595 0.7432767128993644 0
3821 0.4625647867479853 0.7487298784675305 0
3822 0.4626323606813206 0.7598039080680699 0
3823 0.472126088868731 0.7543713495933885 0
3824 0.4717623065993328 0.7432187643552908 0
3825 0.4428858010540904 0.715755439564872 0
3826 0.09117566527342098 0.7345692312185134 0
3827 0.5277796643638528 0.03318769430733727 0
3828 0.6464333535389892 0.2827728854748092 0
3829 0.3174897073457593 0.9215853718440625 0
3830 0.4056708250431689 0.3397902394246436 0
3831 0.6576109981595895 0.1403090021459884 0
3832 0.3955631872533474 0.09925900726642697 0
3833 0.1511790256450218 0.9181524231150151 0
3834 0.1776515468267107 0.4968388270864659 0
3835 0.3461383234146747 0.8253797348531269 0
3836 0.2415088280088869 0.9336926233173826 0
3837 0.6665045405079365 0.135148183206203 0
3838 0.3789289853773186 0.3552973252649749 0
3839 0.3700138856760188 0.3604670771282904 0
3840 0.4324692201340306 0.3757693134232477 0
3841 0.2071151936175952 0.817262167992639 0
3842 0.1987058242915511 0.8092632578257782 0
3843 0.1190813980431455 0.6633294184177686 0
3844 0.7633639271625801 0.4283666267622167 0
3845 0.2719085528155012 0.8371363807977257 0
3846 0.2899337202630448 0.7162298499953736 0
3847 0.2801781945246393 0.7105992984513118 0
3848 0.7009539998538361 0.9091897379426223 0
3849 0.2711277846927581 0.1403784006823613 0
3850 0.4069553433980844 0.2726783202260046 0
3851 0.9152703980245546 0.7488881461551371 0
3852 0.2444718675196372 0.09372013376624895 0
3853 0.8470526889983773 0.9061833128183192 0
3854 0.8383540556954445 0.8982285034987241 0
3855 0.8550152378472076 0.9139991872372075 0
3856 0.3789010826973476 0.8409129348128631 0
3857 0.7555313176451641 0.09373203395420283 0
3858 0.9505347540620104 0.4801924465759103 0
3859 0.9606845028737587 0.486080901122386 0
3860 0.6424287725925565 0.8957081192098439 0
3861 0.3765106356986524 0.9352808958965705 0
3862 0.564865216439982 0.6984511126870557 0
3863 0.2462202280871263 0.4229696525091936 0
3864 0.2559581705185211 0.4284630292594394 0
3865 0.565403369164108 0.7308620894656963 0
3866 0.574708834807797 0.7254942229242847 0
3867 0.3191467091852758 0.7219025346099018 0
3868 0.07066838612202286 0.3222953769594327 0
3869 0.06067227582358331 0.3165585347980287 0
3870 0.06072259660851122 0.3050360963196351 0
3871 0.05067147506769243 0.3107167164323613 0
3872 0.05070744815196841 0.2991776024965045 0
3873 0.7653633042316886 0.2026633759218305 0
3874 0.03833852085632115 0.1230069440395931 0
3875 0.03872663737530229 0.1115387774202117 0
3876 0.961661466764018 0.1230066598567418 0
3877 0.9612729590349726 0.1115385020125956 0
3878 0.2346932300902741 0.2025350435819191 0
3879 0.2346111283185331 0.192021372357311 0
3880 0.1939716344140467 0.9586082354229934 0
3881 0.1810254008042986 0.9614266231683505 0
3882 0.2507680575006453 0.7388639870380823 0
3883 0.9323830631755696 0.7648490433782282 0
3884 0.9409914333739344 0.7728208798020388 0
3885 0.1974212586808921 0.4740157264725681 0
3886 0.639255094806777 0.6976462597231264 0
3887 0.639378297709509 0.7085613775700131 0
3888 0.6063848683314071 0.9597339482517886 0
3889 0.0402922795190634 0.7283851466224048 0
3890 0.2302423423483346 0.9370216987783793 0
3891 0.8122945651474437 0.8745711376143737 0
3892 0.6134152116455289 0.8008227550010274 0
3893 0.6246056056555976 0.7973177087866443 0
3894 0.6024469854912107 0.8043289189305055 0
3895 0.2053092347201148 0.9554865469647088 0
3896 0.5393182898791049 0.3756261275896245 0
3897 0.1339220856161765 0.2105259058806676 0
3898 0.7005281252271019 0.2823736717658553 0
3899 0.6914767429980394 0.2771628567433683 0
3900 0.6824379705076349 0.2823922356334451 0
3901 0.6824281732472393 0.2719612794056751 0
3902 0.7096083018314907 0.287588748543968 0
3903 0.8650569897987734 0.2114391594977736 0
3904 0.5084007067720228 0.7317269571816747 0
3905 0.6465608648272505 0.03154877419385971 0
3906 0.3316556503902937 0.948978651495427 0
3907 0.3289721589198149 0.9603133533204323 0
3908 0.1330636258161293 0.6072063949663176 0
3909 0.1172270221965872 0.928186677378641 0
3910 0.1199284733253951 0.916660659821207 0
3911 0.7350111793014402 0.9409588458245143 0
3912 0.9600337452881844 0.7352643828694345 0
3913 0.957631919128263 0.7462143906806595 0
3914 0.7544543135528468 0.4231418909494862 0
3915 0.2542552961287528 0.9615658267095279 0
3916 0.8462245662788477 0.1787397759509746 0
3917 0.1537789556542676 0.1787401439728153 0
3918 0.8668062149911162 0.5141929157405057 0
3919 0.8775576643756887 0.5107395462935523 0
3920 0.2319732732434437 0.6380216461996089 0
3921 0.2003310090482832 0.09905088110856286 0
3922 0.1912826609049939 0.1042400580552563 0
3923 0.1822499682780027 0.09896837315354917 0
3924 0.7996677436879855 0.09908175374308451 0
3925 0.8087153887690574 0.1042701998682901 0
3926 0.8177492542976215 0.09900135147281494 0
3927 0.8461786363136496 0.2006127597677499 0
3928 0.8461589553102095 0.2115201407359209 0
3929 0.1538502179826542 0.2005721487705454 0
3930 0.1540186562887873 0.2112069143356092 0
3931 0.04073134298615682 0.3049247464453311 0
3932 0.04079609213868549 0.2932805078628132 0
3933 0.04062444810478587 0.3164510996173562 0
3934 0.969262757404753 0.3216498049298817 0
3935 0.3671845263234932 0.7386791970649553 0
3936 0.04030281745245659 0.6436670317458695 0
3937 0.04295774991408016 0.6322968401030684 0
3938 0.370034766570021 0.3707745802728395 0
3939 0.3610980109276961 0.3656404036856427 0
3940 0.4087723379334154 0.1275087648571002 0
3941 0.2614059913955635 0.5541850921657431 0
3942 0.2602427795726117 0.5421811481286736 0
3943 0.1115273741474118 0.9511912275047587 0
3944 0.1088933565118699 0.9623270069823797 0
3945 0.395830329956652 0.02801289451841436 0
3946 0.3868471512220169 0.03303439087523762 0
3947 0.0368554555956645 0.7395173033750575 0
3948 0.08590270084229663 0.6317123484798922 0
3949 0.9627519032405616 0.7239773235846898 0
3950 0.9023988782380902 0.8482129283004031 0
3951 0.4926029239727933 0.03319986286347509 0
3952 0.9693501348999739 0.3566824910035699 0
3953 0.7740130041406093 0.698050075530715 0
3954 0.7765560576360048 0.6871152948893001 0
3955 0.2606948104917703 0.7221761408261625 0
3956 0.1440907143318208 0.08628142230181879 0
3957 0.153704031115697 0.09226454989443274 0
3958 0.9498290585391042 0.07357662700788874 0
3959 0.960119173235226 0.07847454217996155 0
3960 0.05017068515224161 0.07357712038833732 0
3961 0.03988083302461497 0.07847487329843204 0
3962 0.8558728100771639 0.08661324648459626 0
3963 0.8463061895085185 0.09232381772828992 0
3964 0.460588043243563 0.2623335726505355 0
3965 0.03873599351689626 0.6558063816859525 0
3966 0.3360244276112065 0.1483867362061985 0
3967 0.6898488531675376 0.7776899385776206 0
3968 0.6794581604908305 0.7805656708472282 0
3969 0.9115596565710982 0.5384523622052235 0
3970 0.4422808236066618 0.6406013412237491 0
3971 0.3510107027635656 0.03280128467128546 0
3972 0.3597927584061563 0.03789553594726763 0
3973 0.94198327111623 0.1459248795182812 0
3974 0.9519025181854524 0.1516536277421023 0
3975 0.9618475647409177 0.1458883740219344 0
3976 0.9618823879443044 0.1574170272500805 0
3977 0.5450995691563927 0.6233045811545198 0
3978 0.5543432399854504 0.6285178155230012 0
3979 0.05800554770295707 0.1459459778326932 0
3980 0.04809126943250003 0.1516712763989343 0
3981 0.03815062392744892 0.145892166341819 0
3982 0.03811744476812774 0.1574178461936828 0
3983 0.6583178907954712 0.7083538495882538 0
3984 0.6677390502672567 0.7027522049489462 0
3985 0.03568475002443764 0.5424731117389211 0
3986 0.04417932757658305 0.5506356127008548 0
3987 0.03288670024379416 0.5538783304957919 0
3988 0.04139875765937343 0.5620360322214565 0
3989 0.2875204860110504 0.8659223309844726 0
3990 0.4912784370061027 0.9624582213730256 0
3991 0.4215669776719476 0.9641198967116128 0
3992 0.6852909438503794 0.6487090919388037 0
3993 0.6946917696355205 0.654022514942556 0
3994 0.6950650642844903 0.6644565749396085 0
3995 0.6761064850969376 0.643137636557644 0
3996 0.4784829643799479 0.2519100036314413 0
3997 0.3888917986100286 0.7718823351779341 0
3998 0.3806872816779886 0.7642306759390847 0
3999 0.370192290871903 0.7671750055939062 0
4000 0.3375594539201426 0.776610408843704 0
4001 0.3267032119520324 0.7798150172497152 0
4002 0.4988805066060534 0.7372583011433061 0
4003 0.498735677543624 0.7484215898864651 0
4004 0.1056143139652835 0.6370094551060862 0
4005 0.116958226705263 0.6335225426982753 0
4006 0.3875486109086846 0.2896063664408861 0
4007 0.3788615091848702 0.2833542025394309 0
4008 0.3892153501000847 0.8370464511551972 0
4009 0.942167393440254 0.2007956301698608 0
4010 0.9522536463946555 0.1980096610575734 0
4011 0.05782501032896838 0.2008049128557775 0
4012 0.04773235011556293 0.1980075887991875 0
4013 0.9523938860244396 0.1847474393686189 0
4014 0.04760028424509864 0.1847478610630564 0
4015 0.9690637728622065 0.06220790646558597 0
4016 0.03093641174784676 0.062208259054283 0
4017 0.8441718164094431 0.03138706992671519 0
4018 0.9104676201902647 0.4959478486400016 0
4019 0.9215478648469515 0.4931639933665567 0
4020 0.7487602684563616 0.9684335782128017 0
4021 0.1558327646288851 0.03134577746702386 0
4022 0.315698359627368 0.2674480187329281 0
4023 0.3480366017172815 0.9648603196811935 0
4024 0.4306701591128904 0.1090758399709129 0
4025 0.7361767831848489 0.7786433513090376 0
4026 0.7340515102652488 0.7898020239378664 0
4027 0.9623333122909192 0.189961144946577 0
4028 0.9639055666927311 0.2012269650080071 0
4029 0.03766128049852116 0.1899589121591811 0
4030 0.0360793423203614 0.2012133613384766 0
4031 0.1064893053701871 0.03124255638905599 0
4032 0.89351764331858 0.03124026347800982 0
4033 0.2608057922203383 0.8403863012444596 0
4034 0.3959420359971026 0.6350622033122737 0
4035 0.648716513363391 0.1454831636770171 0
4036 0.340167787288992 0.6243503343822587 0
4037 0.3308552020120583 0.6296952072603001 0
4038 0.3308146174442733 0.6404865521609033 0
4039 0.3214258491148533 0.6350308583709637 0
4040 0.7327874602503037 0.5250728172897797 0
4041 0.7714583721639735 0.7090005168809476 0
4042 0.7796638591035462 0.7166980866513879 0
4043 0.2026309434905045 0.6891892495734806 0
4044 0.4838271394451275 0.02812655429389641 0
4045 0.7326221041773957 0.513326671059515 0
4046 0.4988157008669907 0.9706949760819895 0
4047 0.6344455719441198 0.9717029043117758 0
4048 0.03449963023575583 0.8783569037716754 0
4049 0.5936077292555115 0.03154885777804353 0
4050 0.5848191688219297 0.03661359715153154 0
4051 0.6023944244334236 0.02648551666053562 0
4052 0.3360111400206648 0.1381715046977738 0
4053 0.2346925439521772 0.2130588743328515 0
4054 0.7110020521954978 0.2027487621645599 0
4055 0.7019847264247907 0.1975581731512611 0
4056 0.8509512753589702 0.490457422570148 0
4057 0.441010243243386 0.8470018263063728 0
4058 0.8880981743971931 0.9642285356969109 0
4059 0.3494585051287731 0.6190202994533767 0
4060 0.2709010609646194 0.2131248172701665 0
4061 0.279958747265008 0.2079148247436527 0
4062 0.2618041971494767 0.2182910490248748 0
4063 0.2801023757163549 0.3287595016498414 0
4064 0.7652482123245576 0.2131951902594829 0
4065 0.03571477406091805 0.5000874948785092 0
4066 0.03856135583693134 0.4886618806270025 0
4067 0.8100235639062163 0.7593989614849561 0
4068 0.8016973983453517 0.7515695706226753 0
4069 0.7288765661674442 0.2135105121054475 0
4070 0.7380875432914361 0.2184713400327709 0
4071 0.4850750089937928 0.9430336098054475 0
4072 0.6734994249995797 0.3709477143758582 0
4073 0.8938794696102988 0.8401620642828349 0
4074 0.03022849851717658 0.5227092590922373 0
4075 0.3611253387016063 0.3759470088783063 0
4076 0.3521837961363963 0.3708158466574327 0
4077 0.3521560871402237 0.3604993642536276 0
4078 0.3432530704865394 0.3657168652702287 0
4079 0.9127742602480647 0.8565220195717115 0
4080 0.8996624174723574 0.4999354810770782 0
4081 0.8267451314298557 0.7751488647713606 0
4082 0.79136749168781 0.3506448503527376 0
4083 0.801353452890187 0.3553802202183079 0
4084 0.7006058295046966 0.3660611523850097 0
4085 0.7096648760188804 0.3609038585123008 0
4086 0.7095693715978665 0.3502761192738988 0
4087 0.2086691941182857 0.3507177933133622 0
4088 0.1986358341807519 0.3554374009038138 0
4089 0.4526209367544405 0.9653466693318916 0
4090 0.4636325769913128 0.9621725606164548 0
4091 0.4610277827055915 0.972781392519218 0
4092 0.9642090154439782 0.8083089951065415 0
4093 0.9615231796689261 0.8198010944441414 0
4094 0.9668924756983606 0.7967981205939362 0
4095 0.8435287414054109 0.7909837654781413 0
4096 0.8519069948365253 0.7988966601134228 0
4097 0.1131356119606238 0.2187074025352597 0
4098 0.103646329805926 0.2127623502556374 0
4099 0.8581699637988327 0.9026442346062182 0
4100 0.439243801270389 0.85903070560803 0
4101 0.8861185734121012 0.218808056416516 0
4102 0.8962119786360463 0.2127875726451806 0
4103 0.3191603435581477 0.8542900892218767 0
4104 0.330137619271625 0.8510587639703534 0
4105 0.4874997423805953 0.9318855874747307 0
4106 0.5671118120823115 0.05692955063254941 0
4107 0.8178227851793688 0.5090868400601106 0
4108 0.8198025291038078 0.4978486361491919 0
4109 0.6574565324698117 0.07883200867138937 0
4110 0.4700773510762458 0.8443463578840819 0
4111 0.4809339492196388 0.8410070681476683 0
4112 0.4892532684757216 0.8487796334839858 0
4113 0.4918203418463259 0.8376739051207072 0
4114 0.5001528982217676 0.8454433924617024 0
4115 0.5027130984795295 0.8343485782677691 0
4116 0.5110418143664273 0.8421095764174404 0
4117 0.5135983940484341 0.8310277061456036 0
4118 0.5219169688019465 0.8387790806618863 0
4119 0.5244717917904114 0.8277106434167923 0
4120 0.5327823227355917 0.8354533239043281 0
4121 0.5353335578199954 0.8243971483998354 0
4122 0.5436344804707365 0.8321330988271687 0
4123 0.5461888899232011 0.8210847667167605 0
4124 0.5544773252989339 0.8288152631102005 0
4125 0.5570183941930689 0.817777559731496 0
4126 0.5653116241353717 0.8254990651723393 0
4127 0.562768544671239 0.8365553699295738 0
4128 0.5737323171717628 0.8331998950305188 0
4129 0.5769754273582544 0.8220829248343993 0
4130 0.571087267316476 0.8442977385007689 0
4131 0.8619941831397602 0.04186643308668012 0
4132 0.8614864109134601 0.03160071283604943 0
4133 0.138021483824038 0.04180726772322942 0
4134 0.1385491121152306 0.03154168598647832 0
4135 0.5050274943054691 0.2360347349348606 0
4136 0.5146045314775258 0.2311072824866108 0
4137 0.9821428571427822 0.989690173764428 0
4138 0.0100444583944755 0.9816810755803662 0
4139 0.03161820319121701 0.8898701813825174 0
4140 0.913842426193067 0.4840116081587496 0
4141 0.5681886735142602 0.1888833275988649 0
4142 0.5769310567630616 0.1844151086215196 0
4143 0.5542199260735897 0.6179187410230547 0
4144 0.5634633416415662 0.6231129424021159 0
4145 0.5485081500276097 0.2059847561894498 0
4146 0.5393654574353475 0.2107831075704225 0
4147 0.2989594906989579 0.3901048820468322 0
4148 0.7004873687334474 0.3879671536868897 0
4149 0.02777695932177822 0.4920487665468419 0
4150 0.222199226121649 0.6324161129708168 0
4151 0.06413625328855954 0.2229066938266305 0
4152 0.935791707908504 0.2229066591233106 0
4153 0.2663119006784263 0.4566742356440259 0
4154 0.266411854982938 0.4681761355432038 0
4155 0.4656283758230755 0.09931812619880294 0
4156 0.4753868416486292 0.09386088797107178 0
4157 0.2179486135925319 0.3234809470156177 0
4158 0.7820907548946391 0.3234373669871352 0
4159 0.733623877132661 0.4673490974238917 0
4160 0.732224424464985 0.4791400161020272 0
4161 0.3331937365365495 0.2583600026149161 0
4162 0.3509938130462905 0.2625622490564597 0
4163 0.361541119880444 0.2671231433940698 0
4164 0.5194456158674431 0.8498842827364799 0
4165 0.2119167884625861 0.6391211937623688 0
4166 0.350969969333559 0.05311963723938513 0
4167 0.0510273793375105 0.2875358351863267 0
4168 0.04091745567880925 0.2815156828949236 0
4169 0.1735832353301049 0.8270608463253419 0
4170 0.4133999266060545 0.02804471998155714 0
4171 0.3673665215556 0.6723381297856573 0
4172 0.7866586809087092 0.8509385317514601 0
4173 0.7408694253257165 0.7972044905798154 0
4174 0.5471390933425627 0.7438350984107145 0
4175 0.9025291482965541 0.03635316001929668 0
4176 0.09747224305911113 0.0363537842131012 0
4177 0.5175242497858897 0.6395287119019633 0
4178 0.5174472031859972 0.6288467196880394 0
4179 0.2022999263517537 0.7005592412669573 0
4180 0.2121083514350763 0.7063306065885041 0
4181 0.415894445739571 0.277853888795512 0
4182 0.4248427108583764 0.2727030258560146 0
4183 0.6397175868217129 0.9069543095541792 0
4184 0.7525748503560492 0.6049513248760113 0
4185 0.4117664683783083 0.8472137543918568 0
4186 0.8795811876843164 0.3167187992082192 0
4187 0.8698222668397221 0.3111116658864129 0
4188 0.8698346889466553 0.3223283968677325 0
4189 0.1200726146166067 0.3165753494950409 0
4190 0.1298556014563358 0.3109480840125221 0
4191 0.1298454747660898 0.3221938735228611 0
4192 0.3308617490855871 0.6189499386940928 0
4193 0.6385738075761116 0.6437790817559284 0
4194 0.5082517799178299 0.6342465901029187 0
4195 0.6659895335524557 0.0734621323061268 0
4196 0.7628088469399219 0.6103409442233576 0
4197 0.7724978932850457 0.6049003767303553 0
4198 0.3421502701267523 0.05818715548598265 0
4199 0.0302730976396836 0.4808303642114036 0
4200 0.041443221092723 0.4772924519820044 0
4201 0.03165593170740142 0.468341614521792 0
4202 0.04405336726474216 0.4657114789378605 0
4203 0.03582072073055279 0.4576429890925512 0
4204 0.04708176312994137 0.4544015163866388 0
4205 0.03835123328942554 0.4461655906557481 0
4206 0.0499050664372612 0.4430215172367953 0
4207 0.04114919684737767 0.4347720495560602 0
4208 0.05273080594458907 0.4316383037688232 0
4209 0.04431207673368077 0.4234835666831076 0
4210 0.05563027672342803 0.4202827806483279 0
4211 0.04722288882741561 0.412149625164196 0
4212 0.05846332434604788 0.4089454806140208 0
4213 0.04987853666629003 0.4010140906051194 0
4214 0.03879158779118619 0.4040527445229272 0
4215 0.03310952209995626 0.4267054526700954 0
4216 0.05550531222293571 0.4625587073119424 0
4217 0.1896367806795519 0.2961914963985741 0
4218 0.8103860902336411 0.2961543324710496 0
4219 0.3484407942822921 0.7734214275564331 0
4220 0.6017237059577769 0.6441759552011246 0
4221 0.6018026542258208 0.6330521809514346 0
4222 0.556863703486017 0.9114933367015651 0
4223 0.5315395265638464 0.1385943647617122 0
4224 0.7021020745092177 0.1351759968943218 0
4225 0.7729298565706868 0.8657420161056196 0
4226 0.7703596694764008 0.8770403801230466 0
4227 0.3160758565897264 0.3712839975205705 0
4228 0.1990810127584683 0.3016397701274656 0
4229 0.1990804951718454 0.2907689201428137 0
4230 0.2084692770069526 0.2961907166713111 0
4231 0.2084642107549266 0.2853616771355466 0
4232 0.8042877395019238 0.7404601251428988 0
4233 0.8009439174849913 0.3016163729309486 0
4234 0.8009424361383816 0.2907444226181247 0
4235 0.7915444411615565 0.2961515442336879 0
4236 0.7915323818542328 0.2853643444120524 0
4237 0.3247216093536891 0.1714117507599056 0
4238 0.7730044323352444 0.4339542757531055 0
4239 0.199104762308058 0.2799400171207521 0
4240 0.8009118256285733 0.2799243924859887 0
4241 0.9058585180854322 0.5192323062185232 0
4242 0.1277606484166653 0.4216006341549567 0
4243 0.1386856795361098 0.4184516507845281 0
4244 0.5296602149588465 0.9297423016807863 0
4245 0.5211256558779428 0.9217724412224608 0
4246 0.9038516836228769 0.5725257901211889 0
4247 0.8953348018775232 0.5646298476570581 0
4248 0.8927663471292695 0.5759319617038543 0
4249 0.8842789963922814 0.5680537878005694 0
4250 0.8817155291415644 0.57933894799092 0
4251 0.8019919228575254 0.5768686485077562 0
4252 0.802293864989133 0.5654872914654114 0
4253 0.2661374999529681 0.4452520453108083 0
4254 0.620328519543517 0.9024729400007826 0
4255 0.2715425947717502 0.037590902543858 0
4256 0.7284671841616062 0.03763613521798332 0
4257 0.3972667262055068 0.779359234081996 0
4258 0.5601938611637595 0.8476315581651358 0
4259 0.8451060182688065 0.6969684530016226 0
4260 0.9164085228819562 0.6532765171397087 0
4261 0.1856705085625179 0.6023907662157303 0
4262 0.1962665065303966 0.5989750859967864 0
4263 0.1883861909715675 0.591210465364303 0
4264 0.1993576472265435 0.587892796290069 0
4265 0.1911825070321394 0.5800827965680802 0
4266 0.7920181009295344 0.1665025401562422 0
4267 0.2079534273660584 0.166382063350343 0
4268 0.8979016162097968 0.5533170303259811 0
4269 0.3069615043649735 0.08887088511481002 0
4270 0.3158424687678017 0.08377841889926724 0
4271 0.2266759868047852 0.8220068738951194 0
4272 0.9138791208265296 0.6648726044147865 0
4273 0.9051492505116335 0.65704572487903 0
4274 0.702725749977666 0.8560875183763589 0
4275 0.6111729316958121 0.03155719960436024 0
4276 0.5926814204126372 0.2828074619197529 0
4277 0.5837475330808719 0.2776804654434569 0
4278 0.7140878332156202 0.7043485786488726 0
4279 0.5848995145173757 0.02659212323562502 0
4280 0.5760521455141574 0.03155424218734026 0
4281 0.6744317169737606 0.8025679105548639 0
4282 0.6632832671071071 0.8060463157350011 0
4283 0.6660814522732982 0.7948760768410605 0
4284 0.6550208870398438 0.7982779568150273 0
4285 0.6577691874241239 0.7871923775140354 0
4286 0.6469544065525791 0.7904849892467531 0
4287 0.820880029205445 0.8824661563057404 0
4288 0.8183757130711946 0.8938510103958615 0
4289 0.6930678169612012 0.08889997003143149 0
4290 0.1736171214093416 0.8691395865357507 0
4291 0.40072767507765 0.8754608801675035 0
4292 0.5820682164441758 0.8409964891943257 0
4293 0.3538771249577768 0.833083832703535 0
4294 0.3248989919708083 0.3558173139270838 0
4295 0.8901871017020101 0.5872058053092151 0
4296 0.8791505595204756 0.590608290674095 0
4297 0.8876126218109356 0.5984654029439609 0
4298 0.8765877442882788 0.6018648442968261 0
4299 0.885041318421141 0.609715304074076 0
4300 0.8739987670305039 0.6132361474139726 0
4301 0.8822774189877568 0.6212608868584194 0
4302 0.684192471479845 0.08377640810676654 0
4303 0.20961620773842 0.04232561846118572 0
4304 0.2096736270334261 0.0321042104666376 0
4305 0.7903846510245436 0.04236427828175689 0
4306 0.7903268813003239 0.03214350683271888 0
4307 0.2354456062596136 0.09883547092049377 0
4308 0.5997547784568747 0.8155151840667929 0
4309 0.5915916253392401 0.8076884291480677 0
4310 0.7645555968689658 0.09884069253801686 0
4311 0.5746456204880608 0.7146736550985775 0
4312 0.5841939628626371 0.7200651020597216 0
4313 0.5841794326854375 0.7305630671155974 0
4314 0.5934365807878708 0.7248236234957373 0
4315 0.5935891731590821 0.7143577558688504 0
4316 0.603116907560465 0.7197849907335923 0
4317 0.475017154656814 0.03319265652183148 0
4318 0.6486407588718608 0.08390387731350335 0
4319 0.5393434132918773 0.2210346128158474 0
4320 0.530682182693052 0.2158918645116671 0
4321 0.5049027266073391 0.09245612598428549 0
4322 0.5049337555345277 0.08232058959120572 0
4323 0.4962049013913302 0.08741233539930501 0
4324 0.2243756746816164 0.8753758404438052 0
4325 0.2352834571880561 0.8717633820947051 0
4326 0.6288095817070121 0.1795015486137665 0
4327 0.5635936568155127 0.6337340042624444 0
4328 0.5728913787133287 0.6283370809189945 0
4329 0.6562333668327798 0.1836189255353317 0
4330 0.5304023949735879 0.3704954686402011 0
4331 0.1312643656841029 0.9133146468430284 0
4332 0.1227034181576156 0.9051613319231084 0
4333 0.4397523692379808 0.04330559679253394 0
4334 0.439754664006063 0.0331551618277288 0
4335 0.4485380648059443 0.03823803568959203 0
4336 0.4485416998729828 0.02809658733810272 0
4337 0.4309616989855734 0.02807149863917514 0
4338 0.3712362497594538 0.1898460782124965 0
4339 0.9409346276271765 0.4743389171919752 0
4340 0.3716931857051883 0.1280529916510871 0
4341 0.3628144060411784 0.1228894857566192 0
4342 0.3716113167750502 0.1172476172234266 0
4343 0.3628309119973841 0.1125376871300978 0
4344 0.1308152735490923 0.7864085130118612 0
4345 0.592422838413885 0.6388450295807165 0
4346 0.5922706739507574 0.6276464866712017 0
4347 0.4428389389831006 0.1899902064669916 0
4348 0.469613064209816 0.1848948504534272 0
4349 0.4607187413446452 0.1797345452581486 0
4350 0.4696102129307471 0.1745842296561939 0
4351 0.08047438178377889 0.8651462441648406 0
4352 0.08325388390105516 0.8536521702071755 0
4353 0.09181015225897438 0.8618056105381494 0
4354 0.6914856060947688 0.3710470366202022 0
4355 0.840984705001556 0.4856375706238155 0
4356 0.9705382850162885 0.4572898474111594 0
4357 0.5036834864808837 0.3653805538280166 0
4358 0.5125861066263704 0.3705082026347092 0
4359 0.503696855080511 0.3756541204952827 0
4360 0.512595657282783 0.380779370847806 0
4361 0.3446991643084611 0.1326396255649156 0
4362 0.1360912621766787 0.7216046105776635 0
4363 0.6284766301585647 0.2516996582739046 0
4364 0.6284628186173529 0.2413410950999036 0
4365 0.6195028944309996 0.2465326951098386 0
4366 0.7187621316723696 0.6431479781358505 0
4367 0.2122342924225291 0.5596355835589985 0
4368 0.2030350174022861 0.5540426777852939 0
4369 0.1358177193387606 0.5959875866263791 0
4370 0.7338324613364404 0.4566802813810012 0
4371 0.4412909894165068 0.3294717806280018 0
4372 0.7906505668250197 0.09390482478606051 0
4373 0.2093500904862395 0.09387130917982874 0
4374 0.3869818784584628 0.04320687346460167 0
4375 0.4962967489700918 0.2415259964883252 0
4376 0.9488699881400092 0.2866672476889247 0
4377 0.958933965298727 0.2807680918829112 0
4378 0.9388500887390805 0.2926459059098401 0
4379 0.4680281356549701 0.3242808366680968 0
4380 0.3360372269818404 0.1278961382500662 0
4381 0.2713309955250276 0.08873086456956478 0
4382 0.4947327453144628 0.3294127947112635 0
4383 0.72867732491201 0.08875145111000884 0
4384 0.5493622354315002 0.1386667330792984 0
4385 0.5584553789267463 0.1338304519252907 0
4386 0.06301356445470471 0.7637566518776566 0
4387 0.1195032943276669 0.5386597625338752 0
4388 0.03771212944891546 0.8669523433444095 0
4389 0.1330808603259759 0.6906865256590652 0
4390 0.4694720834020879 0.1539440655832803 0
4391 0.1936850380807583 0.9163051465661335 0
4392 0.3622079241387124 0.2260691360833162 0
4393 0.7070278918733968 0.9284881710394317 0
4394 0.1876982992791904 0.8544797311513683 0
4395 0.270895807829141 0.683256922093495 0
4396 0.9642092669848439 0.9086998010233693 0
4397 0.04070105911585384 0.8981973529046066 0
4398 0.5527765416132935 0.9652224887874095 0
4399 0.5847440752028054 0.1079682233941112 0
4400 0.5937802671082577 0.1131024078174577 0
4401 0.5847502914921161 0.1182007097947819 0
4402 0.04834380339412745 0.1060700412795094 0
4403 0.951656358446063 0.106069748579066 0
4404 0.3067795811241252 0.1817254336530543 0
4405 0.3157353098754817 0.1869278817553375 0
4406 0.3067770979673144 0.1920883698589957 0
4407 0.5837372166371432 0.2879746695527052 0
4408 0.5748112086788504 0.2828463433140123 0
4409 0.7562702525043844 0.2184779107452192 0
4410 0.6051909687763783 0.7930622730115027 0
4411 0.243655303310371 0.2183318642860044 0
4412 0.8366564427432515 0.9522717670450627 0
4413 0.8452281810964674 0.9599731868065448 0
4414 0.8339297137695185 0.9625892536531757 0
4415 0.263510358940062 0.8291507503031504 0
4416 0.802369603756693 0.4623054443171812 0
4417 0.8805392172779845 0.4853280119790219 0
4418 0.3894246348905737 0.1589501204530089 0
4419 0.3805003924790265 0.1640798650017617 0
4420 0.1414235196852119 0.6569202824214395 0
4421 0.2980572304283526 0.3611059818091635 0
4422 0.4485454184462391 0.08909955802834575 0
4423 0.859162611666799 0.7238091214774128 0
4424 0.9560380113924269 0.6623675343143186 0
4425 0.9652668371508547 0.6703318804609504 0
4426 0.9678851260583348 0.6585823285821607 0
4427 0.958261715329512 0.7887595591117049 0
4428 0.2977750633224739 0.3193656379395222 0
4429 0.2889620290756145 0.3141179292161331 0
4430 0.2977450011275752 0.3088841117891216 0
4431 0.2889646582083468 0.3036431579745145 0
4432 0.5790344826514224 0.9048200788079972 0
4433 0.6777077982055558 0.8325268640748249 0
4434 0.9474011355364346 0.9355157726445237 0
4435 0.9560610439056743 0.9436224527578642 0
4436 0.9448598052522899 0.946908107503354 0
4437 0.9534103866603616 0.9551670630771741 0
4438 0.9413308464029791 0.9596118636750426 0
4439 0.9647563881700943 0.951731312778025 0
4440 0.9620714609374398 0.9633095396495523 0
4441 0.4397044832552622 0.1043399951414154 0
4442 0.1247081617895915 0.5991983298193778 0
4443 0.1274686678948873 0.5879618966654072 0
4444 0.2448885127838139 0.07319945000560289 0
4445 0.9060852698781492 0.6989980273110599 0
4446 0.7551179073406686 0.07323697650736349 0
4447 0.270100265699606 0.7517599506260987 0
4448 0.5085250468212166 0.7099207326246886 0
4449 0.690728974517735 0.9547160868218914 0
4450 0.6992059407427018 0.9624227728085999 0
4451 0.7104892971592084 0.9593000577450137 0
4452 0.687365721088833 0.9676111812900174 0
4453 0.7072003017532495 0.9699637387710209 0
4454 0.2027590147299726 0.9669787653405344 0
4455 0.656931297618386 0.9651498670541792 0
4456 0.4783510465413176 0.1590885134883314 0
4457 0.4872442601214844 0.1539729556105413 0
4458 0.4872379255358432 0.1642306203901902 0
4459 0.4961187444253543 0.1591157432687107 0
4460 0.2614535434596607 0.5654914267213266 0
4461 0.8938478150762255 0.1180093287754573 0
4462 0.1065076330351536 0.1179837252059027 0
4463 0.9621565992924942 0.6818281855969919 0
4464 0.396730941950501 0.3346544286133353 0
4465 0.3878166418778434 0.3398197785172579 0
4466 0.3482530489419886 0.7497967841907787 0
4467 0.3893992955305714 0.1692462511372846 0
4468 0.2514397784773595 0.6609235428727441 0
4469 0.7429035167514031 0.507734505508921 0
4470 0.04867606863887201 0.6940641613989906 0
4471 0.03734971969900597 0.6973483214916115 0
4472 0.03454402587750192 0.7088101265052674 0
4473 0.0403392141427254 0.6865043700513992 0
4474 0.684249324870261 0.1248869785853619 0
4475 0.6842174949702786 0.1352008847058694 0
4476 0.829327890174686 0.3290165280865212 0
4477 0.8293087148756242 0.3400064806801595 0
4478 0.8388685113265022 0.334521410671284 0
4479 0.8197597422713555 0.3454301772467382 0
4480 0.8292672672085646 0.3510204375105803 0
4481 0.1706728428005951 0.3290737894482031 0
4482 0.1706924863119685 0.3400764862140665 0
4483 0.1611199803088131 0.3345844702079684 0
4484 0.1802533498009571 0.3455038923396813 0
4485 0.1707350411862007 0.3511038178353865 0
4486 0.9407784607343201 0.8731769510651137 0
4487 0.9294671804790854 0.8766285129297243 0
4488 0.9034246615399943 0.189083219798305 0
4489 0.09657217729647022 0.1890830595790961 0
4490 0.82926455176298 0.2305591650332816 0
4491 0.1387912476590038 0.5434021897319936 0
4492 0.1707335347341001 0.2305580634151553 0
4493 0.4803621801885634 0.7155048008433385 0
4494 0.2008057898803388 0.03714770072052721 0
4495 0.7991943940604559 0.03718639563462641 0
4496 0.2469089721392358 0.5023940563603915 0
4497 0.256903989950083 0.5081111548789496 0
4498 0.2568454983112065 0.496633862305817 0
4499 0.09457487338902848 0.8503237274934141 0
4500 0.6385335078245253 0.6331692696481765 0
4501 0.6480624976104175 0.6382033670492662 0
4502 0.3157719799041784 0.2986392213683609 0
4503 0.664390663301921 0.8889196093735183 0
4504 0.5392076272155001 0.2933223040295606 0
4505 0.5302933022773393 0.2984882829233113 0
4506 0.5302988063630119 0.3087763721060688 0
4507 0.5213815330496072 0.3036453865143814 0
4508 0.3246742760670885 0.02746631324422595 0
4509 0.8484341870181616 0.2741032708542743 0
4510 0.3986567313561907 0.9286534418889192 0
4511 0.1512891413655175 0.2743851684177169 0
4512 0.1784449187755126 0.417874150422225 0
4513 0.5411660898101968 0.8431851286666293 0
4514 0.5481298314251728 0.2881596517921918 0
4515 0.8217135797403041 0.4177299927202601 0
4516 0.2020184470980591 0.5426541094612742 0
4517 0.8513442388000094 0.7573648129510742 0
4518 0.1804246832295484 0.7083598799968589 0
4519 0.297744356736782 0.2984024559501966 0
4520 0.2889652176474852 0.2931628466328638 0
4521 0.2977423580811717 0.2879214994358914 0
4522 0.2168213857774404 0.2250334339099449 0
4523 0.7828550779286618 0.2250784468152402 0
4524 0.2621398596454751 0.1455355029012999 0
4525 0.158742762176125 0.7572726653897084 0
4526 0.1503301214318661 0.7492271630736793 0
4527 0.1391696861991175 0.7524748417490068 0
4528 0.2805046584446869 0.5882820692153629 0
4529 0.6298985197002368 0.703197825305293 0
4530 0.6299687133072114 0.714130278104841 0
4531 0.4722718526705751 0.7653431350243288 0
4532 0.2330382962415578 0.9256012043495678 0
4533 0.2217399130602768 0.9289687435066303 0
4534 0.568596354819961 0.150706627247733 0
4535 0.6734303628312628 0.2771894172079017 0
4536 0.67342159815591 0.2667671581017664 0
4537 0.6823676513665271 0.2616135310254292 0
4538 0.2571078765228036 0.5193294606662692 0
4539 0.2669453883454116 0.5138050173179467 0
4540 0.1287692948079508 0.4688368259654409 0
4541 0.1292102811112204 0.4803615842198112 0
4542 0.2139448582806887 0.9636977675720371 0
4543 0.6576405596695543 0.1506187744622584 0
4544 0.6929845388652844 0.02763181305971458 0
4545 0.7018602355380337 0.03267192650220128 0
4546 0.7617530264672902 0.8692126231058037 0
4547 0.06400603441970498 0.4284252433177339 0
4548 0.9375808439038361 0.7422591460833781 0
4549 0.6463934856319077 0.2413335705740715 0
4550 0.6553484279548399 0.2464427771873158 0
4551 0.5748804528583441 0.2725766273530185 0
4552 0.5659158834746529 0.277792001892781 0
4553 0.288442711709685 0.2831488728783324 0
4554 0.296640848585026 0.2770024265440583 0
4555 0.05827002081172912 0.53588392681694 0
4556 0.2565017778538184 0.4739323184493287 0
4557 0.6016449612385026 0.2570051519095756 0
4558 0.376651348525584 0.6778698576367056 0
4559 0.9389638750206115 0.327570220224643 0
4560 0.5303775966726127 0.3807267901999762 0
4561 0.6564377418914769 0.9229035581767502 0
4562 0.6195110888988702 0.2362205780952462 0
4563 0.6284731750171054 0.2310343449343207 0
4564 0.9129715728996142 0.1620242369949312 0
4565 0.08704189155872745 0.162022130877794 0
4566 0.610530908278239 0.2413686674573984 0
4567 0.235918913539886 0.07825270135117601 0
4568 0.972328974102267 0.816273875802072 0
4569 0.9700278559448999 0.8278603246385472 0
4570 0.7640842096048158 0.07828474035047077 0
4571 0.7432586232768509 0.4851670749924969 0
4572 0.6360710201678397 0.1631681472869115 0
4573 0.7151286115341504 0.7998277560620514 0
4574 0.7327938185334009 0.5016804719476842 0
4575 0.2406489844866545 0.8486310238682386 0
4576 0.7730171070290195 0.4228171614258419 0
4577 0.05265054395925092 0.5587226979265751 0
4578 0.04984050825522215 0.5701502621006785 0
4579 0.03887926784380751 0.5735379071126433 0
4580 0.04704994151377466 0.5816830037734578 0
4581 0.0360791600544217 0.5850494347594994 0
4582 0.04427293419067535 0.5930708490594119 0
4583 0.03301118624375275 0.596443203909792 0
4584 0.04144908836820183 0.6045969031684801 0
4585 0.03014696393770976 0.6079098327063692 0
4586 0.5531994737914878 0.02773840543738362 0
4587 0.5451932849191504 0.02297404506350038 0
4588 0.5838308073729714 0.9663895067899642 0
4589 0.5722155875797073 0.9702336250104501 0
4590 0.4414293795817564 0.3808059277005015 0
4591 0.4502779441832382 0.3757245266302496 0
4592 0.7188796209739019 0.9671829642675072 0
4593 0.2899591560944854 0.7050462311645723 0
4594 0.299728476977617 0.7106664791695727 0
4595 0.2664811108084224 0.4797192139131872 0
4596 0.5758167618916121 0.0221121834817593 0
4597 0.6732892748906443 0.2564819841046399 0
4598 0.3432097781098849 0.375906768803452 0
4599 0.8761191311120476 0.9694065525163232 0
4600 0.02602788311927285 0.7007587744373422 0
4601 0.1163955062543543 0.5911917896407212 0
4602 0.1191648760814175 0.5799439697813298 0
4603 0.8652342214615167 0.08070628969989402 0
4604 0.8753815357604693 0.08530861802024134 0
4605 0.1344496322817885 0.08001766946670905 0
4606 0.1253519582195956 0.08583607688629392 0
4607 0.1088711478560961 0.9202256094014803 0
4608 0.2097875410177428 0.8060356196049392 0
4609 0.2013939075439195 0.7980441743735724 0
4610 0.3598704068883137 0.02784584146222882 0
4611 0.02745222930563911 0.4492811938743794 0
4612 0.7019673054863104 0.2079800367146128 0
4613 0.655409142628662 0.9783796285492589 0
4614 0.1821315027571528 0.1093158802574872 0
4615 0.1731795564062321 0.1040567774319877 0
4616 0.1732153743329327 0.09365443720257918 0
4617 0.4211830274394207 0.1154646752148029 0
4618 0.8891535026103918 0.2882303525924464 0
4619 0.8796882868574103 0.2822956097321375 0
4620 0.8698225795097518 0.288457438614685 0
4621 0.8699960478539408 0.2766648936041584 0
4622 0.8178685839258889 0.1093469563251552 0
4623 0.8268182530657409 0.1040869685994048 0
4624 0.8267837567260734 0.09368793667629538 0
4625 0.9692134749603556 0.3684022805052303 0
4626 0.9591815846133999 0.374255475284473 0
4627 0.9691773005178084 0.3801360039325367 0
4628 0.9591378575068257 0.38599917378434 0
4629 0.9692892513273345 0.3918800121026298 0
4630 0.9591330354371985 0.3977156994082958 0
4631 0.9490080288949279 0.3918491655693693 0
4632 0.9489912135180006 0.4035334672541476 0
4633 0.9389003285325921 0.397684380206087 0
4634 0.9588100809734464 0.4089088296779078 0
4635 0.674564911331229 0.03741081076296905 0
4636 0.1287157620454206 0.967552567214695 0
4637 0.1400926269462373 0.9641945251504132 0
4638 0.09506406722092101 0.9355329977363539 0
4639 0.09230096354801121 0.9469981115616927 0
4640 0.08095851835845075 0.9505982474606813 0
4641 0.08949263939945008 0.9586375856763365 0
4642 0.07816385535205739 0.9621526877748559 0
4643 0.06956815691827548 0.9539905317753992 0
4644 0.06677648628443934 0.9655461275317188 0
4645 0.05816831664550264 0.9573597508775684 0
4646 0.05537619713999502 0.9689165409382863 0
4647 0.04676149960308889 0.9607195477897205 0
4648 0.04955513220068924 0.9491639392001046 0
4649 0.03858285464885359 0.9526267975589731 0
4650 0.04101376542742151 0.9409802276353597 0
4651 0.03535295977774501 0.964081154609177 0
4652 0.2093370893359254 0.1042800174034635 0
4653 0.2507896455103511 0.7503371217290981 0
4654 0.7185757185977633 0.355492231897121 0
4655 0.7185128427760877 0.3451031890287817 0
4656 0.6650923677173478 0.0523295319852134 0
4657 0.7906637792262087 0.1043133656554355 0
4658 0.7005219124658744 0.2719214135810664 0
4659 0.2320670363105484 0.6269723512107601 0
4660 0.08678988581200703 0.9703822454500445 0
4661 0.09930149520561686 0.6582759041623887 0
4662 0.2220995017851148 0.6106925297209889 0
4663 0.1678235968134489 0.5024594900774405 0
4664 0.1678247240620715 0.4911444991069899 0
4665 0.1777250206624271 0.485425274574517 0
4666 0.5481932605372467 0.3807087788752477 0
4667 0.5571081209146806 0.3756045547502903 0
4668 0.141769095781496 0.3158983436767573 0
4669 0.1399363190055424 0.3276781243969643 0
4670 0.5758395861766319 0.9161379146313371 0
4671 0.5869028711107599 0.9128817923996044 0
4672 0.6207137566142444 0.7086434871570202 0
4673 0.6867845927157962 0.6377758260696584 0
4674 0.9614913689853434 0.1001492319955853 0
4675 0.03850865371499937 0.1001494368129816 0
4676 0.8734985925543337 0.9364923039513027 0
4677 0.8763297039237516 0.9254609189258474 0
4678 0.7284309690369891 0.02746929811927929 0
4679 0.7372055773202779 0.02236205210646274 0
4680 0.1908562146362837 0.1143737478426616 0
4681 0.8091435614647962 0.1143947146583936 0
4682 0.6298053136181074 0.09394167268400985 0
4683 0.2715799919173164 0.0274252223608669 0
4684 0.2803574272584932 0.03253283755391383 0
4685 0.2628123712246762 0.02230686718979252 0
4686 0.3845451745717409 0.6058233075712345 0
4687 0.3274730979485194 0.8622686535823116 0
4688 0.3381871883281865 0.8588765567791928 0
4689 0.1103882159946506 0.2883381729217923 0
4690 0.1201610353869713 0.2827077204890586 0
4691 0.1298805327061739 0.2883686351467881 0
4692 0.1303255848468624 0.2766813613330248 0
4693 0.6554308676976475 0.02659746428637963 0
4694 0.3083277094176634 0.8711023425231055 0
4695 0.2258778036514964 0.197484727516208 0
4696 0.2257978661286 0.1867556282943579 0
4697 0.2346767898190606 0.1815020379250201 0
4698 0.2256744951989669 0.1761911326817145 0
4699 0.2346841239404571 0.1709706051012319 0
4700 0.9504739355123901 0.08443607950292051 0
4701 0.0495261375474735 0.08443642163476686 0
4702 0.1359569950371226 0.4294798894852655 0
4703 0.8579823753843783 0.3159691701937507 0
4704 0.8597703041214545 0.327791160632607 0
4705 0.2418088001316527 0.6326019923736124 0
4706 0.1330132757524706 0.6489316979553028 0
4707 0.1359785918909114 0.6377036134772519 0
4708 0.6744339898168843 0.0272458325012384 0
4709 0.8582405315182834 0.9574447310023946 0
4710 0.481383463747816 0.7599892510626166 0
4711 0.2712455578448458 0.5598619101046535 0
4712 0.4572660286986637 0.1044089979183074 0
4713 0.3955395549007719 0.1094974688304636 0
4714 0.3870622440067547 0.1043540184736292 0
4715 0.09493312757954658 0.3899612843098648 0
4716 0.5191933240172297 0.0692731075025793 0
4717 0.5278592339147639 0.07388331053824954 0
4718 0.5360035175737841 0.06819818058058515 0
4719 0.5099868945405416 0.9253563746285024 0
4720 0.621313671762119 0.09895488691155631 0
4721 0.07953544830354238 0.653449421999198 0
4722 0.5358262134560662 0.6181167477351637 0
4723 0.1674240750187171 0.5153841065492832 0
4724 0.6661073317120807 0.1664299246475412 0
4725 0.5322905338020603 0.9183795577922876 0
4726 0.951858110280269 0.1629916742626132 0
4727 0.04815023271388225 0.1629219245733077 0
4728 0.06256153989904853 0.6371598140654283 0
4729 0.723877991199807 0.4613272415693597 0
4730 0.7659946521333225 0.6904207912443084 0
4731 0.7684479800972006 0.6791329219459934 0
4732 0.779068379162145 0.6761756725622329 0
4733 0.5082452502292026 0.6237056617557986 0
4734 0.4994451428162608 0.6289076744517209 0
4735 0.865757154916612 0.6053278492499361 0
4736 0.8630275615887522 0.6164941618498411 0
4737 0.9712642312018205 0.7319241681540268 0
4738 0.9621712593566494 0.1787421849861174 0
4739 0.9722591817891739 0.1835588420266638 0
4740 0.03782444050285323 0.1787422672515781 0
4741 0.02773713747817347 0.1835558225157214 0
4742 0.8521174395318449 0.9693040392362959 0
4743 0.02863702826601484 0.7315443922388023 0
4744 0.05043346964028621 0.3792623427076303 0
4745 0.02912574416624096 0.2883070523993691 0
4746 0.0305257305209384 0.2758336979352615 0
4747 0.9707235343269707 0.4803352056645629 0
4748 0.9708456945591043 0.4920184851802587 0
4749 0.9605492006101641 0.4977899971375623 0
4750 0.9706837755161151 0.2877271412018911 0
4751 0.969244290838926 0.2751365599168237 0
4752 0.3992504654245326 0.7668187315872113 0
4753 0.4078878391463872 0.775813503481136 0
4754 0.1534023311202319 0.08141647838180999 0
4755 0.8708768082464508 0.5827914981886945 0
4756 0.8466340804234244 0.08158327065319447 0
4757 0.6207013477524743 0.7196881738013532 0
4758 0.7990774604607238 0.02707945715783107 0
4759 0.8079924360504265 0.03203734122802447 0
4760 0.2009241267310811 0.02704305795341075 0
4761 0.1920076085637642 0.03199911754877476 0
4762 0.3814654452899366 0.8285450110549016 0
4763 0.2557050501735987 0.4175400320968568 0
4764 0.2649878470699684 0.423206920945529 0
4765 0.2458805116336943 0.4118031955521502 0
4766 0.03083864211825428 0.3110904368153076 0
4767 0.03046416221307703 0.3223922635519093 0
4768 0.9693150918199225 0.7852289290584912 0
4769 0.9609353074957402 0.7772059634670114 0
4770 0.9723633633266335 0.7732854359949608 0
4771 0.8117783172935941 0.572250912021817 0
4772 0.2979500115380072 0.3713919871064386 0
4773 0.7823180222864896 0.3125766419583131 0
4774 0.3678519565473155 0.6192361710225007 0
4775 0.2176808944030792 0.3125364117549501 0
4776 0.9412715912078706 0.4857577691116434 0
4777 0.704342641752945 0.6589170428991192 0
4778 0.03021348286792689 0.9459564021255877 0
4779 0.0318439909763585 0.9327679590236247 0
4780 0.9706046234647507 0.5037704840659819 0
4781 0.9606322787035605 0.5096460223148552 0
4782 0.9705612970131703 0.5155591408808577 0
4783 0.4606121691314842 0.6511394507947871 0
4784 0.461154843824703 0.641111469621745 0
4785 0.8023912383181272 0.5314732929514704 0
4786 0.8025505925894271 0.5425844167286413 0
4787 0.03175171022319793 0.6372958949276866 0
4788 0.6490018210699606 0.820848106056231 0
4789 0.7607400553554471 0.6308421203039911 0
4790 0.3687047450850822 0.03288782451675933 0
4791 0.3688332605310009 0.04305524025444564 0
4792 0.9722666724946022 0.1726538807197815 0
4793 0.02948420433148331 0.9015178318612354 0
4794 0.03800122058764179 0.9097353411005547 0
4795 0.02772917656825476 0.1726539657602508 0
4796 0.03036444611537135 0.3681792492418771 0
4797 0.02904095204681798 0.3804789056132709 0
4798 0.03025155899443482 0.3565216382958012 0
4799 0.8006881913597766 0.6696233938059583 0
4800 0.8114683305037709 0.6661572168580648 0
4801 0.8197453018045002 0.6738330090710301 0
4802 0.3514202782373178 0.02320062784906227 0
4803 0.7042753170255798 0.6697224762687903 0
4804 0.695226112540874 0.6752512293688686 0
4805 0.190309486728908 0.8012676025580391 0
4806 0.193006022375044 0.7900461797004152 0
4807 0.2024535617764542 0.6599851336081911 0
4808 0.2084765882663158 0.2745643699396297 0
4809 0.2176275395167147 0.2799751007795658 0
4810 0.1989352853499897 0.2690036824603343 0
4811 0.3156683730097667 0.2584310344203929 0
4812 0.7915419784909009 0.274551652942566 0
4813 0.7823603484072614 0.2799805921386824 0
4814 0.8010725697856081 0.26900518711309 0
4815 0.6667484853031822 0.8360124581609477 0
4816 0.1902092748500011 0.6746447255777377 0
4817 0.8370176901878162 0.2060484004975925 0
4818 0.8368965502425688 0.1947915167652188 0
4819 0.1630193187369016 0.2059913669713112 0
4820 0.1631165817321927 0.1947759359987205 0
4821 0.4782155533185631 0.2622432445989626 0
4822 0.5049708255999245 0.245432798964384 0
4823 0.4626482567943532 0.7716954216021816 0
4824 0.3343199541711572 0.3708837342135481 0
4825 0.3342760349161107 0.3810720191989985 0
4826 0.1763538868890691 0.8157175715250238 0
4827 0.5305665506370658 0.2261915046173819 0
4828 0.6646822880571677 0.3758875034707371 0
4829 0.8462186383626279 0.1678793674167551 0
4830 0.8556039869891553 0.1623912538470424 0
4831 0.1537774671445127 0.1678888356914464 0
4832 0.1443595724118056 0.1623742581631716 0
4833 0.5137188129636173 0.2192570554385934 0
4834 0.8472009520614528 0.5106228887080363 0
4835 0.5689041856606352 0.8553864755184394 0
4836 0.7936227355585388 0.7438278334185968 0
4837 0.7960220486739785 0.7326002627454048 0
4838 0.1419219543918087 0.7411794180969575 0
4839 0.2375625022923387 0.818374702642637 0
4840 0.5733285561068538 0.6390311456456976 0
4841 0.3509512204731571 0.06329708563297083 0
4842 0.1304405696260638 0.6184477744882152 0
4843 0.7630137388364679 0.8170082846738282 0
4844 0.971887746378629 0.1516143674189068 0
4845 0.02811190230616093 0.1516150523531387 0
4846 0.6284807339269779 0.3654395928898103 0
4847 0.6284440203136559 0.3756587575180473 0
4848 0.50815265504523 0.6557291731984592 0
4849 0.4766230666028642 0.9352262507734774 0
4850 0.06046329077692397 0.3977257170434392 0
4851 0.06963768853910085 0.4059437688167094 0
4852 0.7196181414201869 0.03258591847050313 0
4853 0.6465888779570392 0.3450738305144939 0
4854 0.6376242626288222 0.3502247181954038 0
4855 0.3214586605791322 0.6458323771980959 0
4856 0.3307198982587415 0.65107198188059 0
4857 0.3120473264135659 0.6403547276867226 0
4858 0.3120565974946412 0.6295353897345185 0
4859 0.5455346032986029 0.6553747357184567 0
4860 0.1153717291619439 0.02640722207789916 0
4861 0.8846405659970726 0.02640445642423488 0
4862 0.2804092643428315 0.3075843636482016 0
4863 0.461349101120164 0.6831446423222933 0
4864 0.4706725915029902 0.677684966707331 0
4865 0.4841747244152665 0.8711386652965396 0
4866 0.1889946021159156 0.6334063078975789 0
4867 0.2022236047216968 0.5769199586144947 0
4868 0.3619412000810308 0.8663513247309367 0
4869 0.4976838744858634 0.8565906523477343 0
4870 0.4573466483439954 0.03317935887159686 0
4871 0.4573231444306381 0.02306364240092901 0
4872 0.3566330102515192 0.7811603227963719 0
4873 0.8914620694940871 0.8517923139624608 0
4874 0.7926171231164557 0.54828052989686 0
4875 0.4607218014444121 0.1694345576281163 0
4876 0.6331442160890335 0.8464320199003441 0
4877 0.6018093244801719 0.6548504228236138 0
4878 0.8881047395037156 0.8206528210871575 0
4879 0.8769312082449305 0.8240009136338267 0
4880 0.8685981193551685 0.8158265639431318 0
4881 0.3069741686143311 0.07860081191301246 0
4882 0.3804484189537182 0.1743818245902106 0
4883 0.1708507208687155 0.8384142055197265 0
4884 0.1621930735152496 0.8302434052292311 0
4885 0.6734162066480477 0.287611106411279 0
4886 0.6015433131126202 0.3805033666173332 0
4887 0.5924509812236276 0.3860066648056619 0
4888 0.5838281090120705 0.3807930701671414 0
4889 0.6930392526852013 0.07863950885882232 0
4890 0.6555535160785289 0.3399186691029488 0
4891 0.1134694553531493 0.6857794876026314 0
4892 0.2361970013790096 0.03736735981694142 0
4893 0.2362348941512722 0.02717682649161517 0
4894 0.7638066542225515 0.03742012483793348 0
4895 0.7637653251807337 0.02723040567006452 0
4896 0.5759934140614045 0.04169115721400727 0
4897 0.451818996301235 0.1745736416062239 0
4898 0.3671803742386482 0.7162193437372966 0
4899 0.3767174425334303 0.7216464883024686 0
4900 0.2535168195030157 0.0886105071592896 0
4901 0.3955531224626328 0.6887831589890112 0
4902 0.1974388730328843 0.4853856016826764 0
4903 0.4045562318162727 0.05339924095503194 0
4904 0.2800389313107287 0.2876592860929514 0
4905 0.9289328948093777 0.3109695407214987 0
4906 0.6467563495870551 0.8319189412934039 0
4907 0.8875392345458633 0.9216101015563509 0
4908 0.6016363933213219 0.2879696141968482 0
4909 0.7464841209689175 0.08862927395668649 0
4910 0.6219075029155895 0.109488092625899 0
4911 0.1274574349005846 0.671187283708751 0
4912 0.4492054751555843 0.9345417942037497 0
4913 0.8691467685859737 0.5029571451922776 0
4914 0.2443477142359706 0.9222757816559054 0
4915 0.5660226065513475 0.3601996387587018 0
4916 0.02925270444767149 0.7733551020939951 0
4917 0.0318003968214337 0.7621352630857481 0
4918 0.02083275565141467 0.7650334180847598 0
4919 0.6750334334996685 0.1508922364156847 0
4920 0.4784961777854475 0.2312717258769852 0
4921 0.4718230562912069 0.970105058883463 0
4922 0.2746334046473259 0.8259469979028223 0
4923 0.4858294869901172 0.3242732034904004 0
4924 0.4947310981039331 0.3191252383808684 0
4925 0.2799165210652338 0.1973966478774945 0
4926 0.2889523091107647 0.202620031735942 0
4927 0.07402391214695711 0.2287790818832455 0
4928 0.4695756500801712 0.2261057741069268 0
4929 0.1340528903242754 0.9018429510756569 0
4930 0.1254896293903229 0.8936787913730386 0
4931 0.1142424011932875 0.8970264066931735 0
4932 0.1171034841808414 0.8855718749232553 0
4933 0.9259318542638006 0.2287860548170459 0
4934 0.04373523502964653 0.9294031170169645 0
4935 0.9709341850262263 0.1053942975481325 0
4936 0.9713541067622798 0.09429066157547857 0
4937 0.0290626854812438 0.1053986837456031 0
4938 0.02864539084212598 0.09429154198681911 0
4939 0.3686473586465485 0.2871926166970602 0
4940 0.900148700116747 0.679945875344434 0
4941 0.5213924437818511 0.313938320458597 0
4942 0.5124942095436962 0.3088088165222027 0
4943 0.4961354921081171 0.1488519632656222 0
4944 0.5050098778075005 0.1540597296397156 0
4945 0.4309316166138795 0.08909781227787175 0
4946 0.5749074214865111 0.3035741588139296 0
4947 0.7824588818296375 0.5881263946818037 0
4948 0.7924585309823731 0.595583513513026 0
4949 0.1284742798185444 0.8822778290129196 0
4950 0.3877675118813853 0.3295295264948482 0
4951 0.289027805666825 0.1300216762284516 0
4952 0.6111975929838622 0.08243766629589186 0
4953 0.2532079334687016 0.1402918658359676 0
4954 0.2530811575470855 0.1505197061978327 0
4955 0.4304184568355089 0.9717753996425708 0
4956 0.5582331399688815 0.1233417725020465 0
4957 0.5673473323017634 0.1287483355793088 0
4958 0.7110070114384285 0.1299998898857 0
4959 0.7110209592855014 0.1403517971285944 0
4960 0.7387810686621838 0.7676129278765351 0
4961 0.7274205367954989 0.7706378233925311 0
4962 0.7468364337865666 0.140314625079857 0
4963 0.5226927954259202 0.1334922490723959 0
4964 0.5226886599741091 0.1437361497446626 0
4965 0.1302627029752731 0.576745599141404 0
4966 0.1219461171468116 0.5687085213360803 0
4967 0.6664684280709275 0.1248822143278178 0
4968 0.3442346673801627 0.2260334306428876 0
4969 0.6105885410441008 0.3447242782642223 0
4970 0.619514663715246 0.3395550206757358 0
4971 0.3699988222139963 0.350167734314212 0
4972 0.3868117968181192 0.09413544837614571 0
4973 0.6824667577378422 0.3033015194402614 0
4974 0.6644055370835169 0.2825273044121713 0
4975 0.6554936823509323 0.2361894900855095 0
4976 0.07143308947998954 0.729872851892029 0
4977 0.06870838880743757 0.7412223451028099 0
4978 0.9383462641115987 0.7842385107329737 0
4979 0.4337300519636005 0.7323404789663668 0
4980 0.3434206682876553 0.8364479495659812 0
4981 0.947296254999607 0.8349812001235618 0
4982 0.95587870160318 0.8431366260131572 0
4983 0.9534799026567765 0.854245070168657 0
4984 0.9647567405055033 0.8509033466564919 0
4985 0.6554364734733633 0.2982319991282185 0
4986 0.3037093883316767 0.9363970236592287 0
4987 0.3431538403244357 0.3554712371759155 0
4988 0.4944459806012027 0.8267917915382631 0
4989 0.8655567435750295 0.7845652234259042 0
4990 0.9693053475914064 0.9287163939000719 0
4991 0.970821301316636 0.1395284241046127 0
4992 0.02918763288866352 0.1395383786971443 0
4993 0.4056337682241742 0.3295027690033414 0
4994 0.4145726171370724 0.3346503069855143 0
4995 0.7469818776030691 0.171484058367578 0
4996 0.7560002495774505 0.1662324995321957 0
4997 0.737969606639862 0.1767083680763533 0
4998 0.2191358814370005 0.9404855580786253 0
4999 0.3482478365831136 0.9228073102487286 0
5000 0.335199141433435 0.8286333954742198 0
5001 0.6298882402532955 0.6922649995852385 0
5002 0.8887599705272621 0.275030014606611 0
5003 0.6259477092325989 0.9640902461820542 0
5004 0.2073318955950217 0.5253516362644415 0
5005 0.7005601460982562 0.3346420095820289 0
5006 0.7095462657930582 0.3298561153637414 0
5007 0.0977647956640918 0.02620757086768085 0
5008 0.08856996145529235 0.03107263014902331 0
5009 0.3259790023188486 0.9295636165689842 0
5010 0.9022493566954988 0.02620431939649633 0
5011 0.9114327357802927 0.03107174846730383 0
5012 0.5366145583780424 0.7041731336158025 0
5013 0.6119334588546335 0.8946101418643913 0
5014 0.6091733558338385 0.9058102831017625 0
5015 0.9695524720005213 0.8857144375844832 0
5016 0.9721209819371965 0.8742994445359404 0
5017 0.4726530809664184 0.8334123877674592 0
5018 0.5483769245077738 0.9038121325267137 0
5019 0.2799438832686795 0.1557835094595856 0
5020 0.517982577214485 0.7152817241319216 0
5021 0.2368229609625242 0.4738949033596327 0
5022 0.3683557920414399 0.0234351803598962 0
5023 0.250036244434594 0.5363644647501413 0
5024 0.2670353733057325 0.5252441321881742 0
5025 0.7912578387360215 0.7542559893776928 0
5026 0.5568830710945689 0.3854393537073253 0
5027 0.5659899978443577 0.3806721059188982 0
5028 0.3391868227256764 0.7659683533936814 0
5029 0.1030944750652865 0.8584162904721829 0
5030 0.1003622197775813 0.8699451893443128 0
5031 0.7559338669759591 0.1558386189469294 0
5032 0.7649926535632516 0.1610327673814756 0
5033 0.7650804283337789 0.1714170617867436 0
5034 0.1411950310670345 0.4076479623371635 0
5035 0.1495123245767614 0.4153356180272958 0
5036 0.4086603289549778 0.8575575903463598 0
5037 0.4162301892770205 0.8644528289524344 0
5038 0.5161969207420811 0.820168135052082 0
5039 0.5839906469755752 0.2571276358052358 0
5040 0.7165460170452654 0.9789053379844647 0
5041 0.6508568475368037 0.9035721247705315 0
5042 0.2710724117163577 0.571288193285008 0
5043 0.4898025049681198 0.7209606603975394 0
5044 0.7741022984167618 0.1661921839380145 0
5045 0.7739978453197434 0.1767129536665102 0
5046 0.352113903922643 0.3502407560459876 0
5047 0.1059313088160323 0.3868259132998964 0
5048 0.09776641594240881 0.3784721625237826 0
5049 0.6668739824872236 0.972459832624146 0
5050 0.06061373004892255 0.3392812541462645 0
5051 0.9435744863538446 0.7614503324920265 0
5052 0.6027469193491799 0.7087524487181373 0
5053 0.480516600530833 0.7262945696764188 0
5054 0.0838385601949734 0.3929825232005422 0
5055 0.6193579569718702 0.3804816669064607 0
5056 0.8758397021234943 0.2249751048808721 0
5057 0.1228778543353455 0.2242328656247619 0
5058 0.6196328095704502 0.2259934876725682 0
5059 0.5269887673210186 0.753618152025582 0
5060 0.5179106671512059 0.7593214402505368 0
5061 0.5378999866571841 0.8135583969101776 0
5062 0.7156491694560303 0.9364399327577556 0
5063 0.7181666601045933 0.9249949511913007 0
5064 0.05452117446567498 0.7556320434566015 0
5065 0.8746831100546357 0.20474929490425 0
5066 0.1244112298776553 0.2045014414466622 0
5067 0.295508470579959 0.9704547058067554 0
5068 0.3068601641669362 0.967378999060954 0
5069 0.2838615683856904 0.9744334045629875 0
5070 0.2756671513112407 0.9661568895086591 0
5071 0.1104127695515442 0.277000008584335 0
5072 0.6824309031886082 0.2515408113580623 0
5073 0.7214708975157805 0.9557832582042233 0
5074 0.3122231562250924 0.9444288316826344 0
5075 0.5728181584848679 0.6180293092553097 0
5076 0.8707508461360925 0.7622145350049712 0
5077 0.8792114410788028 0.7703376777663238 0
5078 0.05056647947707586 0.333408051116111 0
5079 0.04041953084100872 0.3391290070410637 0
5080 0.9638298873871443 0.7654956875353452 0
5081 0.9760738799839315 0.761271495897933 0
5082 0.1059460467344258 0.8891215786296178 0
5083 0.5135218498080313 0.913752195230819 0
5084 0.4507067929610499 0.3853669766360523 0
5085 0.459282679686528 0.3806858644972492 0
5086 0.7724883716432017 0.02222640742994556 0
5087 0.4328127288771442 0.3854638162860718 0
5088 0.42365128783823 0.3807778786888503 0
5089 0.2275144291248641 0.02218693666829641 0
5090 0.7974529123629517 0.8477253062991923 0
5091 0.7888973400715856 0.83991686093731 0
5092 0.8059442675104878 0.8556420202048584 0
5093 0.2892498312510147 0.3654287449421057 0
5094 0.1395471717374379 0.05215806129877255 0
5095 0.8636041565896631 0.05101211682912658 0
5096 0.7741864525789942 0.2083754246741394 0
5097 0.7743095040746218 0.1978681964564784 0
5098 0.938903039250361 0.408919226680449 0
5099 0.9288220531940885 0.4034074898780143 0
5100 0.9288417545819351 0.3918642194375763 0
5101 0.9187943859997548 0.3976683452010599 0
5102 0.9186097663401858 0.408496630710274 0
5103 0.9085745214174334 0.4029586223799988 0
5104 0.9087810220563206 0.3918468226608094 0
5105 0.8988199988369556 0.3975768113322239 0
5106 0.8985958776717481 0.4086925053304498 0
5107 0.8888958846884332 0.4032985330253823 0
5108 0.888692990974133 0.4144124477974227 0
5109 0.8790144071562909 0.4090060963705223 0
5110 0.8788112193062176 0.4200798733333087 0
5111 0.8691610993019709 0.4146854227790209 0
5112 0.8691973332977299 0.425742411861944 0
5113 0.8593623372180554 0.4204068838209294 0
5114 0.8791429966824911 0.3978221219273343 0
5115 0.8795484881989319 0.430143955939844 0
5116 0.8988657594649614 0.3861932958317414 0
5117 0.8599004068654215 0.430835733451179 0
5118 0.8593930222647211 0.409092189633519 0
5119 0.8496206517101486 0.4147295043010329 0
5120 0.8990783937404322 0.4186956816388132 0
5121 0.1585206770453483 0.4973607499887519 0
5122 0.4794784854827031 0.9237595893164131 0
5123 0.4686440480760179 0.927536908992151 0
5124 0.3732364266704714 0.7566272363384425 0
5125 0.3881016321506076 0.3806832904921456 0
5126 0.3972386582764514 0.3860229741296948 0
5127 0.4057931799534917 0.3809691870052838 0
5128 0.7817695008060022 0.09898722540048668 0
5129 0.2182304038550796 0.09896123896669139 0
5130 0.02688120527614996 0.7843503109342771 0
5131 0.03485997768485313 0.7931561292980881 0
5132 0.9405354015815104 0.07887695250742865 0
5133 0.05946469101019575 0.07887731868495554 0
5134 0.5686034487704844 0.1609873128468527 0
5135 0.8197960246187697 0.3560549704563544 0
5136 0.3247411751727704 0.1610677777864083 0
5137 0.5765794994560399 0.1750457223134481 0
5138 0.5855178161986065 0.1799612827986111 0
5139 0.2802822118856602 0.6994666704985951 0
5140 0.2705379488057584 0.7053449713886384 0
5141 0.3587831687335362 0.6565888259649189 0
5142 0.3490304229617366 0.6618003325953631 0
5143 0.1896756193690811 0.5260087786159692 0
5144 0.01039671547434001 0.01731359616321755 0
5145 0.9896231940233062 0.01726424405983214 0
5146 0.2256651989447656 0.1657304131421841 0
5147 0.2347170965357887 0.1605089591589034 0
5148 0.243757050943224 0.1657738365944431 0
5149 0.1802357675419297 0.3562608985815411 0
5150 0.836945804242359 0.1727890136864951 0
5151 0.3042424553334596 0.9784627522275238 0
5152 0.3152925107806704 0.9747816353294494 0
5153 0.1630557375119294 0.1727907534564403 0
5154 0.8859884065938773 0.9760897862824943 0
5155 0.8967483755383681 0.9721694005254552 0
5156 0.8410927561247148 0.8014329280537306 0
5157 0.387054689885469 0.02292915653134102 0
5158 0.3948319563284135 0.01734998829085671 0
5159 0.8036745984411083 0.520091650108415 0
5160 0.7822459269012099 0.3451708085425347 0
5161 0.7821037089431573 0.3557063458495993 0
5162 0.4544133740694234 0.8704342851531292 0
5163 0.1933935910013139 0.6935402697732985 0
5164 0.2177923965395846 0.3452321499480063 0
5165 0.2179328678515147 0.355774592992201 0
5166 0.6760060841702035 0.6328227126431387 0
5167 0.6668264812742749 0.6378079345889474 0
5168 0.1939579780816399 0.5689901901714771 0
5169 0.1831862619126247 0.571797002984012 0
5170 0.9805326286698707 0.4863552584789195 0
5171 0.7385377564214071 0.9716476176362898 0
5172 0.7470984441814348 0.9795526140516591 0
5173 0.2511677563631671 0.7060164440548222 0
5174 0.2414788508203576 0.7118017181986827 0
5175 0.2318056108468015 0.7061458928675854 0
5176 0.2317968294727159 0.7175204481825529 0
5177 0.6110616531183655 0.02161718895896975 0
5178 0.6198896705138348 0.02670136414070881 0
5179 0.3335341066304469 0.02308546874408231 0
5180 0.06399117241851507 0.977113636249167 0
5181 0.6300346212066945 0.7243901224450543 0
5182 0.492938646380979 0.02352386321190613 0
5183 0.5014671871167165 0.02822938327892114 0
5184 0.4843731477102817 0.01750330033243444 0
5185 0.2416095989481399 0.723129474845997 0
5186 0.2318355370790786 0.7289105772449274 0
5187 0.2229168031591007 0.7239632895107971 0
5188 0.5585142546926032 0.06239635301666478 0
5189 0.5583077743655962 0.0722534158901086 0
5190 0.2305738702156317 0.5362151203043399 0
5191 0.4250560369334561 0.2826347155006373 0
5192 0.4338121304999172 0.2778100994869327 0
5193 0.433794518614547 0.267545512316038 0
5194 0.44272397717479 0.2727156434307149 0
5195 0.530459024939902 0.2061715005849285 0
5196 0.442937990573022 0.2826384517227497 0
5197 0.4514365842809632 0.2774000538358474 0
5198 0.3702827504687645 0.3806974276332936 0
5199 0.8231647854859588 0.8713836836294139 0
5200 0.8320284690442759 0.8789932996848449 0
5201 0.4964926358951405 0.2512984988795288 0
5202 0.5855752901133801 0.1887941410641232 0
5203 0.1137280889877099 0.6445211671567863 0
5204 0.6019798450247106 0.7310324226838221 0
5205 0.407168881227674 0.2826186911693516 0
5206 0.1191148475717675 0.4741585606046843 0
5207 0.1196184302090018 0.485694920091498 0
5208 0.8666432710108518 0.9107874298100349 0
5209 0.3885700729483555 0.2803435566510264 0
5210 0.3796177766822187 0.2740406109958363 0
5211 0.9243321839693383 0.4817102271069963 0
5212 0.6108335264569977 0.6280834521399087 0
5213 0.684076279083111 0.6251407886332863 0
5214 0.5350461475149674 0.07880718599671589 0
5215 0.4899305724102468 0.7429225987027348 0
5216 0.5038959860118295 0.3855992414522011 0
5217 0.4948422860624057 0.380746407691516 0
5218 0.5126069646463653 0.3910463811044504 0
5219 0.353552027021139 0.2720927781970449 0
5220 0.5176782627598135 0.6186797281312991 0
5221 0.474890476973799 0.9467113774066724 0
5222 0.9805259857594925 0.8225294683677303 0
5223 0.5503440123468692 0.1888609402012887 0
5224 0.3628656254726199 0.7596200837062259 0
5225 0.0243828439841166 0.5882570602853215 0
5226 0.5663891968556942 0.2059566525393673 0
5227 0.02798049493216583 0.9131953322843778 0
5228 0.755108719292386 0.8082068268485189 0
5229 0.785570122973463 0.7354980215514436 0
5230 0.9733227611225514 0.6784040556285388 0
5231 0.9705699567960508 0.6898268051396644 0
5232 0.2460038093464147 0.8260484414278368 0
5233 0.4598965868294297 0.8485506279903545 0
5234 0.4974735980860179 0.07696927277647958 0
5235 0.4884456807895659 0.08216057564921406 0
5236 0.08945305880726799 0.01924156413958146 0
5237 0.07962351958954947 0.02570751919393091 0
5238 0.9105558426366349 0.01924148636589051 0
5239 0.920376638508502 0.02570716467971515 0
5240 0.8659545835902323 0.9290170058015328 0
5241 0.2761800506563301 0.4508465058741842 0
5242 0.02050184090499918 0.3173929380792939 0
5243 0.9611431745395375 0.5214285961127555 0
5244 0.9706174222862856 0.5273432975935577 0
5245 0.9612171369647775 0.5332126712308177 0
5246 0.9706672751188692 0.53912832153389 0
5247 0.9607520182729563 0.5449978034353289 0
5248 0.9705317504708229 0.5509161710110216 0
5249 0.9606312708523073 0.5567865604905646 0
5250 0.9704682061345352 0.5627064414803635 0
5251 0.9604817370121702 0.5685771072225743 0
5252 0.9704139700926718 0.5744988579411092 0
5253 0.9604145966904465 0.5803499371799786 0
5254 0.9703735501017589 0.5862898169273043 0
5255 0.9604212913221795 0.592228428266985 0
5256 0.9703487882375095 0.5980990026850754 0
5257 0.9603955381172236 0.6040575833838115 0
5258 0.9703207002308902 0.6099036592561546 0
5259 0.9802201246704142 0.5222449181187534 0
5260 0.9608278853196871 0.6157800644547504 0
5261 0.9703686585539405 0.6216902797413686 0
5262 0.9612161397429122 0.6274728373363176 0
5263 0.9703888782513027 0.6343298123375717 0
5264 0.3433807260480153 0.245755204116548 0
5265 0.3508577369338522 0.8455644676661046 0
5266 0.5835480935838105 0.390854974367123 0
5267 0.74373656362023 0.8129049385757181 0
5268 0.6370066235959126 0.9901112732766447 0
5269 0.7897193408766708 0.0226804126740542 0
5270 0.2102845910782115 0.02265016212963424 0
5271 0.02637258178131306 0.8685378132453072 0
5272 0.02920728976688168 0.8587743525034278 0
5273 0.7034973457810665 0.6474575878393909 0
5274 0.4641961742121644 0.1098359628463724 0
5275 0.9807980049577544 0.09914796776007059 0
5276 0.01919891854533488 0.09915311818998032 0
5277 0.6734785909070724 0.3809299087528055 0
5278 0.4061204809180934 0.3908045023600168 0
5279 0.807981774986129 0.02235754930896132 0
5280 0.8168114451845273 0.0268662257753846 0
5281 0.8176543634552574 0.01661377105327374 0
5282 0.8258595485192951 0.02184784137489237 0
5283 0.6665960731777698 0.6279554441276365 0
5284 0.2794497533785603 0.2776821237369075 0
5285 0.1920181674507999 0.02232391140233066 0
5286 0.1831881389003128 0.02682745350997497 0
5287 0.1823440311571408 0.01658812070128615 0
5288 0.1741392219143035 0.02181148589063531 0
5289 0.7309852382883554 0.80076124053598 0
5290 0.623222561085004 0.9741908314934534 0
5291 0.5051186656076175 0.07215819478206477 0
5292 0.9795212217258223 0.3625372087480287 0
5293 0.2415815166843858 0.74316503388954 0
5294 0.438889596972676 0.1154844643707434 0
5295 0.6676524782073578 0.7133357624862288 0
5296 0.6770457515741215 0.7076489043730209 0
5297 0.6771039712079101 0.6970736092068377 0
5298 0.6863252427269162 0.7023971405899652 0
5299 0.6584344470719653 0.7193332816206125 0
5300 0.686402932992453 0.6914934895307916 0
5301 0.6962010870774387 0.6970229677869032 0
5302 0.02006195012651158 0.3623714388893525 0
5303 0.4727543305802926 0.7760696908202998 0
5304 0.981925518098764 0.1782369022722361 0
5305 0.0180707785931262 0.178236423683303 0
5306 0.9460206631388925 0.2175539070287647 0
5307 0.9550012933804892 0.2239310116192208 0
5308 0.05390411013056234 0.2175535539257587 0
5309 0.04240878359359482 0.222814442957641 0
5310 0.2138917544705804 0.6036341779105281 0
5311 0.7689544710157183 0.7197847041073002 0
5312 0.7608056986681553 0.7119750697945557 0
5313 0.211058570110139 0.9755959835241779 0
5314 0.2211049227392227 0.9717289366320477 0
5315 0.2710190412702145 0.2819889574029684 0
5316 0.6465170420184722 0.02197787850372236 0
5317 0.6377295916951689 0.0265562771294766 0
5318 0.636859030474466 0.01637126547740486 0
5319 0.719280317084139 0.02287273506465315 0
5320 0.6292484646371679 0.6280394343240785 0
5321 0.9261503670887097 0.217797986665577 0
5322 0.2806571130723182 0.02284303134030671 0
5323 0.2892054665695281 0.02756121434749322 0
5324 0.07381882303384316 0.2178002622828146 0
5325 0.8102920269530186 0.5020679946779847 0
5326 0.8117981681742361 0.4904206763563904 0
5327 0.8218291822848871 0.4858849714091589 0
5328 0.8128140530335668 0.4789761262238202 0
5329 0.276153949661025 0.4744493300041031 0
5330 0.2775451921957067 0.4851584268021377 0
5331 0.9493660327638015 0.5620573199725017 0
5332 0.9511288807130087 0.6099250179255458 0
5333 0.758860770392334 0.9761478328389122 0
5334 0.6821621547091296 0.7701364490078585 0
5335 0.6943528412987591 0.7667805211725122 0
5336 0.6713759798339134 0.7735159569220614 0
5337 0.2212888103692231 0.530966571718129 0
5338 0.3340532730606577 0.8695053516912395 0
5339 0.7258478349583883 0.450994427991887 0
5340 0.02324600963772613 0.7539439950752321 0
5341 0.3538022934968818 0.117389458013401 0
5342 0.1491529490337082 0.3228887958656168 0
5343 0.6496834118585494 0.7800674772422141 0
5344 0.6389428355116997 0.7834764466009183 0
5345 0.04198192259730641 0.3950289297507941 0
5346 0.03108576118543331 0.3939182049565455 0
5347 0.02754559060354401 0.4080879308757666 0
5348 0.703094316391597 0.6808070251683116 0
5349 0.8506476969553659 0.3229539951235432 0
5350 0.01852009455097664 0.4844558118862555 0
5351 0.3876423937615115 0.1153769422815486 0
5352 0.8368729122493244 0.2167951072550244 0
5353 0.8461240931431826 0.2224151226808052 0
5354 0.1632955844860369 0.2169353617479171 0
5355 0.1532790833826566 0.2213727763205164 0
5356 0.489289678169031 0.9740921430071467 0
5357 0.4973118616343267 0.9815171929123794 0
5358 0.8494830294822125 0.8094218981990695 0
5359 0.038614280057444 0.6160755190429791 0
5360 0.0499223179250442 0.6122995723899012 0
5361 0.02664392474238933 0.619254397112542 0
5362 0.55926845866083 0.05268177235060479 0
5363 0.5096665365745576 0.6141629836889391 0
5364 0.8417145752961755 0.4954863589295218 0
5365 0.7638256561857906 0.01771411516612871 0
5366 0.7551827729836362 0.02282562728525513 0
5367 0.9735496621495932 0.7204365901324973 0
5368 0.9652949099795767 0.7125421722028179 0
5369 0.9766976323791593 0.7090512577102734 0
5370 0.2361739379000332 0.01767713812784456 0
5371 0.2448208028782283 0.02276526093619322 0
5372 0.3711736487944434 0.1067262959894765 0
5373 0.7015192065645627 0.02304223942012107 0
5374 0.6925357233569094 0.01824565876513343 0
5375 0.3267988609804733 0.1425641954762253 0
5376 0.6024470846503107 0.01711147426320268 0
5377 0.1519092064848588 0.4035364403856644 0
5378 0.8327333397061409 0.7933633519470276 0
5379 0.9728458226358395 0.959712454357173 0
5380 0.9704874299893931 0.9708664641484797 0
5381 0.9761278617285586 0.9482676029835562 0
5382 0.2965535991911622 0.8743505774997458 0
5383 0.3840389233673183 0.7553536311095557 0
5384 0.1916990969470696 0.5497098912047027 0
5385 0.139842035209233 0.3050312041080119 0
5386 0.1397507700107873 0.2824862921243033 0
5387 0.8304711803857856 0.3606313922107887 0
5388 0.01932459755409029 0.3984231784435491 0
5389 0.4043891017681643 0.1146104908881993 0
5390 0.8599246535940064 0.2826246569623585 0
5391 0.3644372383695613 0.8311790946326494 0
5392 0.8598649251028003 0.3051650613037403 0
5393 0.753353612359157 0.615348371980321 0
5394 0.7434618880339229 0.6105901511688226 0
5395 0.6862268347406764 0.7141930078863515 0
5396 0.7093892976340187 0.5954218103513296 0
5397 0.7207490790143604 0.5920398895765274 0
5398 0.7209686797822999 0.5779606115771064 0
5399 0.9323339300258628 0.8657853705224016 0
5400 0.9207726584770926 0.8674239064325862 0
5401 0.9179620644580924 0.8793129580426543 0
5402 0.1694416438127785 0.3606958380321265 0
5403 0.980982983507611 0.3849383109417632 0
5404 0.9796109435239901 0.3968017168125866 0
5405 0.4114519874805889 0.7648666243859507 0
5406 0.4193813155897176 0.7727501391869419 0
5407 0.4302275398114689 0.7708139226936448 0
5408 0.426696943806421 0.7810197180734056 0
5409 0.4374685601698725 0.7782458487284838 0
5410 0.8143381510461847 0.5597083220536633 0
5411 0.1600634844211485 0.412886586618007 0
5412 0.1576900605468811 0.4230914513739365 0
5413 0.6487274450529442 0.1557855400865173 0
5414 0.6397985856754503 0.1506438203542815 0
5415 0.2749715630593846 0.4396793871109669 0
5416 0.4191435935156803 0.9746844856301499 0
5417 0.4102675269509724 0.967527356409396 0
5418 0.9781423394111692 0.7937680669650296 0
5419 0.961701053041653 0.8608287709270949 0
5420 0.9717138542845577 0.8611642713523859 0
5421 0.9773144212776208 0.8477224634414035 0
5422 0.718690377375806 0.3662434887125733 0
5423 0.7278044950593532 0.360971311950278 0
5424 0.5675767311495103 0.02681397158850436 0
5425 0.3911179217419111 0.8277268914033604 0
5426 0.4000576315576267 0.8333011984520922 0
5427 0.6382829448712706 0.6226709182286322 0
5428 0.3534936191537555 0.8583992160504947 0
5429 0.7005209394374281 0.3769335630247198 0
5430 0.9793787901424766 0.3518341130904483 0
5431 0.6744812844913525 0.05784307300363073 0
5432 0.4864740524903819 0.09306226473308625 0
5433 0.04119572176843606 0.2697361524752458 0
5434 0.03083796178921006 0.2639879266587434 0
5435 0.4488957157836154 0.01855330177337509 0
5436 0.4581543208705837 0.01373904589414279 0
5437 0.5218642251249408 0.212109732042955 0
5438 0.8764804279294973 0.03153897483613575 0
5439 0.8758022354036915 0.02125867748099635 0
5440 0.1235286596971872 0.0315229446842628 0
5441 0.1242025436802215 0.02125516730218486 0
5442 0.3158951394322262 0.1976142949559826 0
5443 0.3069372404119147 0.2029593568935865 0
5444 0.3250042820182001 0.1925558007666289 0
5445 0.307313912792882 0.2141597944030601 0
5446 0.8812019345435264 0.4982527952843998 0
5447 0.02102562161448164 0.7129090355159797 0
5448 0.4685069109734784 0.9821519472066529 0
5449 0.628208016547902 0.3866096325041383 0
5450 0.6374612580540577 0.3807318020949695 0
5451 0.6904140957374452 0.3830578382798839 0
5452 0.9593715709654825 0.9748970976427503 0
5453 0.2112146515144405 0.5844744256590483 0
5454 0.6659576835055517 0.1770409583746096 0
5455 0.6749884272019249 0.1820775364345704 0
5456 0.5944801843078443 0.1850301623659766 0
5457 0.5944464756518761 0.1752626853570039 0
5458 0.6039116039775144 0.1796130998125811 0
5459 0.3062235713796711 0.2626675559083568 0
5460 0.5503533020795806 0.06741770242137271 0
5461 0.6485028582199727 0.07366111392807458 0
5462 0.638845555546646 0.07892468405279163 0
5463 0.8712304159167565 0.04671560858958646 0
5464 0.131029971811972 0.04781724684693014 0
5465 0.6928445987146375 0.203000795398956 0
5466 0.6929560869274181 0.1924117180891643 0
5467 0.6838043083712778 0.1979718103715831 0
5468 0.7222975298610931 0.5189460398516554 0
5469 0.7221670509877596 0.5307884324414927 0
5470 0.01892563069493636 0.3494791316979687 0
5471 0.509040464846205 0.9783894047986904 0
5472 0.7110123968182487 0.2131574871911476 0
5473 0.2890493173395657 0.2135173112157255 0
5474 0.2020185969599814 0.6781904419681992 0
5475 0.6131465442275547 0.1044316361638239 0
5476 0.02178925244098057 0.7960870349318782 0
5477 0.0318336017487048 0.8047692385245266 0
5478 0.8125589663277307 0.5367718711274334 0
5479 0.01907722716683291 0.3292547910755958 0
5480 0.1290007052950869 0.4924374949938676 0
5481 0.02077941459214473 0.2712048233348474 0
5482 0.8749897770482089 0.07439992353447385 0
5483 0.8649132414789714 0.07001280808457322 0
5484 0.8845844521731865 0.07899536774984887 0
5485 0.8850915147629126 0.090022726118341 0
5486 0.1248147197483436 0.07409437036267726 0
5487 0.1338619511451404 0.06889826342019092 0
5488 0.1160439468748767 0.08086170170957192 0
5489 0.1161847098830842 0.09127232121522677 0
5490 0.1434878629466827 0.07380153198506269 0
5491 0.1434637429145561 0.06318270666792683 0
5492 0.9384011861485402 0.2809841447737841 0
5493 0.9587284874143546 0.2691024433196545 0
5494 0.9706177856332574 0.2623664664895975 0
5495 0.980103109510623 0.2712343659603565 0
5496 0.2709987599188899 0.2238926635968241 0
5497 0.2618260844917775 0.2291439940679549 0
5498 0.2620068920056476 0.24019212440535 0
5499 0.2525420742422958 0.2340356775578889 0
5500 0.4006717280558463 0.8500099864325822 0
5501 0.3620408617301428 0.2771799610556124 0
5502 0.5054338895201886 0.2542985486057937 0
5503 0.01410007919279134 0.7033505204036797 0
5504 0.8369952013130534 0.08740683021868295 0
5505 0.4516337132860156 0.2866079794224858 0
5506 0.5278134702254538 0.764044181764963 0
5507 0.1630090620605544 0.08736795506415765 0
5508 0.02491194162532655 0.5032873730111015 0
5509 0.8364513256954245 0.09822874837881786 0
5510 0.0222296058042004 0.5455438117310226 0
5511 0.02135164549031329 0.5579230798666404 0
5512 0.5584581353274742 0.1440467087324807 0
5513 0.1637033604814485 0.09838561086600744 0
5514 0.7287524802995429 0.2242917937974145 0
5515 0.7380866693330581 0.2292862196852607 0
5516 0.7382488634015122 0.2401180208461873 0
5517 0.7471495486113537 0.2346042200033733 0
5518 0.6845938375201304 0.7584758365465014 0
5519 0.3553367156210257 0.1066254974185736 0
5520 0.8086824034726348 0.8439187144011251 0
5521 0.5455753874104097 0.9150366814993192 0
5522 0.2892198811503858 0.01739372456325547 0
5523 0.298135307120929 0.02141858386558768 0
5524 0.307681718449705 0.01541855725894992 0
5525 0.3077395115785193 0.02594915662741153 0
5526 0.5809910271604287 0.9785570915926902 0
5527 0.5925053385916039 0.9756123340471482 0
5528 0.569295184650717 0.9816011990713271 0
5529 0.6023050811848333 0.9829064447952531 0
5530 0.2348125076732552 0.2240693239480394 0
5531 0.7277876824073075 0.3722061492753904 0
5532 0.2997352261345644 0.8631764002212691 0
5533 0.2849250033935258 0.8769650152450903 0
5534 0.2752227786419666 0.8689520301242111 0
5535 0.2633451976103601 0.8713253186445346 0
5536 0.255210359470605 0.8629118720433178 0
5537 0.2531756197609216 0.8747706344887816 0
5538 0.8499319507371667 0.4029565677069947 0
5539 0.05237375672253493 0.9807951530526583 0
5540 0.5884705241020625 0.818860279070986 0
5541 0.7650967161820934 0.2241162559705843 0
5542 0.4378083353111114 0.6179730698317339 0
5543 0.4311508541744276 0.6262698273855554 0
5544 0.4204199170171732 0.6248869131503307 0
5545 0.4243908332690232 0.632608483662663 0
5546 0.4144159802772709 0.6345160407104045 0
5547 0.4119163952309874 0.6247562980100714 0
5548 0.4426298696805309 0.6290506979696557 0
5549 0.4525107822852343 0.6269644449737162 0
5550 0.6647358960085028 0.03174193085923295 0
5551 0.6654262617396367 0.02247359696300726 0
5552 0.3613180890921797 0.3864571464975872 0
5553 0.3159760884242777 0.0199343186814813 0
5554 0.5939371765640165 0.1235056630185256 0
5555 0.5848918996258849 0.1285420771505853 0
5556 0.6034667026277695 0.1188083980908103 0
5557 0.1373177861880041 0.9757351009851479 0
5558 0.148707125158214 0.9723738634681585 0
5559 0.126914650287288 0.9788967744565422 0
5560 0.01929923052918026 0.08928011274574715 0
5561 0.980700192063493 0.08927904004417089 0
5562 0.888766118258994 0.5074034574588165 0
5563 0.7134745302959806 0.4560470752038969 0
5564 0.7712297708073191 0.667882228283062 0
5565 0.302577169832999 0.634948607244246 0
5566 0.3016095324985508 0.6236442720624439 0
5567 0.3021258580921653 0.6455511047397935 0
5568 0.7305197110400163 0.5844360668216593 0
5569 0.7317423660981609 0.5722406012552669 0
5570 0.7217637881559826 0.5661385108781187 0
5571 0.7324492183051985 0.5612740361103414 0
5572 0.7324001934801037 0.5957904807987808 0
5573 0.7227356138544551 0.5546920605133969 0
5574 0.6131393698676825 0.09419060742110606 0
5575 0.2480540751572524 0.8139635762633742 0
5576 0.288129756480357 0.4788939325574755 0
5577 0.4075784524653855 0.9790248711795115 0
5578 0.3987702450255712 0.9690124179586653 0
5579 0.2704206520425551 0.2731786219871095 0
5580 0.3206576492344314 0.6562706011559467 0
5581 0.2769477208176627 0.5196146762044146 0
5582 0.2779785098069418 0.5303460511291895 0
5583 0.2781992665194969 0.5073728043090918 0
5584 0.1064798944976909 0.07472910555870335 0
5585 0.6645107684054554 0.06230517255626719 0
5586 0.6041751841768067 0.9714268854250143 0
5587 0.1404190881577023 0.2706139136388211 0
5588 0.3108714407680335 0.6186800739522113 0
5589 0.7113605836915975 0.5595708926523136 0
5590 0.2292579613870661 0.81058737364983 0
5591 0.2015387461476342 0.7135289558462629 0
5592 0.6359841450711914 0.7939047332494273 0
5593 0.6279671453428973 0.7867004157727716 0
5594 0.6165837845201536 0.7902412524291593 0
5595 0.608307779426199 0.7820518427367731 0
5596 0.9493820365753961 0.5169522454312848 0
5597 0.2125490720879439 0.7947302276699335 0
5598 0.8646705463491632 0.8286392553909004 0
5599 0.8742500752316381 0.835358228917893 0
5600 0.4498789462255418 0.9759523427260122 0
5601 0.7114298335778476 0.524431614744566 0
5602 0.3952367445131737 0.7545624920150722 0
5603 0.3843232205711203 0.7401010356668599 0
5604 0.9288590178034389 0.2868041165497628 0
5605 0.9169280945426094 0.2813002954880056 0
5606 0.907461377585582 0.2878306774112916 0
5607 0.4948651444086592 0.3918953326100439 0
5608 0.4857238668029359 0.3857609225716691 0
5609 0.5807987215791 0.8109667031354776 0
5610 0.5833496518900425 0.7999659610485647 0
5611 0.5721568391056649 0.8040646315546693 0
5612 0.3148715301430758 0.9877116039606866 0
5613 0.2051720900119683 0.6488350594001546 0
5614 0.6306082115726224 0.7754745993869246 0
5615 0.2123301227226734 0.6266928869572657 0
5616 0.2022877055354882 0.6322650312308591 0
5617 0.2176913457205098 0.269166833756795 0
5618 0.2268084536999491 0.2740978525449178 0
5619 0.7823229401748755 0.2691593449795456 0
5620 0.7731995032862511 0.2740841647048276 0
5621 0.7224290862944015 0.5068768034741158 0
5622 0.7233647901413052 0.4956613000837267 0
5623 0.481391151362645 0.6147033574955501 0
5624 0.4777384289243456 0.6248393789495794 0
5625 0.4685349096607155 0.6254540558616524 0
5626 0.4717735517562143 0.6348638759767214 0
5627 0.4836851509996957 0.633671369554708 0
5628 0.4894432444759866 0.6239224344883517 0
5629 0.8370908211050165 0.1620186583568515 0
5630 0.1629100160443656 0.1620201281649866 0
5631 0.5546218592766052 0.0171648481675661 0
5632 0.5454086155944681 0.01258975674874688 0
5633 0.5357628623877827 0.01687715740360926 0
5634 0.0188182287654131 0.6108915327280271 0
5635 0.01589628691477431 0.6226879509273173 0
5636 0.5682575591447196 0.140038103551767 0
5637 0.582446159684693 0.622872689842329 0
5638 0.5817333922479333 0.6126593633937177 0
5639 0.1632944066436133 0.07719726353041736 0
5640 0.8904741784352506 0.491083572325674 0
5641 0.9004408603921088 0.4853518879987826 0
5642 0.907134308182277 0.4746390907271417 0
5643 0.8366922148301216 0.07724959508346282 0
5644 0.2722313887558963 0.9782871334030859 0
5645 0.8594293314860488 0.2706765107501163 0
5646 0.9802296948040656 0.6293154846125221 0
5647 0.3342790026173209 0.1670410482150114 0
5648 0.3339857985534807 0.1772217206532426 0
5649 0.6577436201895335 0.6332599051966274 0
5650 0.04162820008477239 0.2579914922013722 0
5651 0.03157950001779462 0.251900730145093 0
5652 0.032896655000248 0.2399769446446669 0
5653 0.02018847909668723 0.2459875258011323 0
5654 0.02502684010674141 0.2334594344745516 0
5655 0.05179458460008232 0.2752743770569174 0
5656 0.06196716193785701 0.2813625388652049 0
5657 0.6869825499511191 0.613694643599669 0
5658 0.4720957205769526 0.9156150537137979 0
5659 0.4615547695568761 0.9195717920492933 0
5660 0.113976264110404 0.2085056036081594 0
5661 0.1045241209229543 0.2023345374822914 0
5662 0.09416885553331587 0.2072653620257821 0
5663 0.3441067824636445 0.1216621846982277 0
5664 0.333362356563286 0.1178496412862684 0
5665 0.323405829945669 0.1185577347416357 0
5666 0.8849887766845834 0.2086647089165406 0
5667 0.8953630522678627 0.2023576576582339 0
5668 0.9057996649943802 0.2072780706676158 0
5669 0.925676825026097 0.8574039046913935 0
5670 0.9089089434880395 0.8694883476265074 0
5671 0.1492623941908811 0.3333838141425077 0
5672 0.1396548967065105 0.3389641261663393 0
5673 0.4598778646698706 0.6198853623459508 0
5674 0.7820688887415155 0.6652377480282561 0
5675 0.1492767892566563 0.3445663046518415 0
5676 0.1726198401181997 0.1142180498403889 0
5677 0.6100559932261366 0.6121236654771911 0
5678 0.6027527188950033 0.6211996300941334 0
5679 0.8273804837299761 0.1142396297980497 0
5680 0.8548822874641939 0.6093670098429311 0
5681 0.86947120051342 0.8997202438401971 0
5682 0.8608560855830399 0.891189298212033 0
5683 0.9801862554105736 0.6048745789105283 0
5684 0.7118332410278395 0.5005131457630634 0
5685 0.4911232635914204 0.9205462359556331 0
5686 0.1538969871996854 0.1029573632192395 0
5687 0.8461116471056068 0.102952095671629 0
5688 0.7725954995016643 0.01062037878682226 0
5689 0.01066981003794945 0.7571863596545592 0
5690 0.3763087993220084 0.6136677424486391 0
5691 0.3859616294391907 0.6176128139394862 0
5692 0.3960791180067883 0.6102139120991703 0
5693 0.3955206730870112 0.6237502523438879 0
5694 0.2274239357593202 0.01059953486289552 0
5695 0.7016456240637502 0.2190510176277162 0
5696 0.6517703088561678 0.8096483981965181 0
5697 0.2269460500265426 0.3496804873516055 0
5698 0.2267189506361742 0.3594789902975813 0
5699 0.1913664114040208 0.5377528225508517 0
5700 0.2718631285135045 0.8810625333620855 0
5701 0.7730885420131506 0.3496330798380959 0
5702 0.7733043993073263 0.3594504197867137 0
5703 0.9501777008101163 0.5035798313844215 0
5704 0.3253969293369811 0.2037162307765998 0
5705 0.3350092610800098 0.188574996126062 0
5706 0.02967052540482993 0.08401282029587956 0
5707 0.970329337605577 0.08401234094847249 0
5708 0.758125696561129 0.6817136843337275 0
5709 0.8599998057393752 0.3977296965577435 0
5710 0.860206856191701 0.3857821200071896 0
5711 0.3776750862538374 0.02809924797599125 0
5712 0.9815548193621406 0.686822481103977 0
5713 0.1187492458629371 0.4976114721264414 0
5714 0.1398170251612615 0.5007168606294501 0
5715 0.110063464615898 0.4899160043340769 0
5716 0.1079531511425306 0.500673568512696 0
5717 0.0137867311317726 0.2360246181121586 0
5718 0.553521140545464 0.9229746271420163 0
5719 0.5851412012005623 0.8300582208357992 0
5720 0.5937050704481024 0.837776550820942 0
5721 0.4705530384253199 0.6459975788195067 0
5722 0.4700742745024344 0.6563787165622286 0
5723 0.6949364850184858 0.620957357126309 0
5724 0.4150532011671606 0.6150443510232094 0
5725 0.6290062421609189 0.0732456943680164 0
5726 0.1609116563614393 0.356020337350786 0
5727 0.8224181308405376 0.6626071097915976 0
5728 0.814112080589857 0.6547366446529841 0
5729 0.8307634525957033 0.6704030219920747 0
5730 0.9802286973149995 0.5812171850126023 0
5731 0.7722752158700028 0.616043525944924 0
5732 0.7814025557573965 0.6108790152142989 0
5733 0.7917874871085908 0.6171824022766705 0
5734 0.7978894648794311 0.6065661263605853 0
5735 0.8077559527585507 0.6056632403079438 0
5736 0.6208029919864256 0.7318559335845906 0
5737 0.9502894821392971 0.5392208550843959 0
5738 0.6655095640757659 0.1882374914450596 0
5739 0.4499087689464923 0.8547112821727001 0
5740 0.3600120430877143 0.05827779457818032 0
5741 0.8504513001747593 0.3335012650762862 0
5742 0.8600474187712677 0.3390689197303122 0
5743 0.850439607371276 0.3446656285758167 0
5744 0.9089014577776038 0.3802349853268224 0
5745 0.8989322221688321 0.3743789609446492 0
5746 0.6743755320604718 0.2040319624194231 0
5747 0.7548686514465547 0.9892433947838282 0
5748 0.7714484327652015 0.9770991176784092 0
5749 0.7663464205281072 0.9663412583738584 0
5750 0.7772855546306303 0.9669731863710425 0
5751 0.7838338081045064 0.9772945788982705 0
5752 0.7890194500293869 0.9665115128356248 0
5753 0.7820190363479119 0.9573939799897279 0
5754 0.7949966837580049 0.976483702931819 0
5755 0.8007275254081108 0.9661310703144249 0
5756 0.8070981536199506 0.9768391263770861 0
5757 0.8121051220722719 0.966359359110603 0
5758 0.8185617199439266 0.9748116577865125 0
5759 0.815967596562163 0.9875812107727513 0
5760 0.8072104757733196 0.9568104186321867 0
5761 0.7422503423143256 0.599903489022158 0
5762 0.9115965815322177 0.04144275750467178 0
5763 0.08840358133901138 0.04144311026466731 0
5764 0.8018030507621657 0.4963321045736004 0
5765 0.2892199335652206 0.5358574231751806 0
5766 0.01017863787875901 0.02953467986266724 0
5767 0.02018933564514465 0.03546151392095533 0
5768 0.02047759901335305 0.04699278175733915 0
5769 0.01024326927133078 0.05333853792262658 0
5770 0.0104630360061393 0.06516044489537146 0
5771 0.02059714562930797 0.06923730563854359 0
5772 0.02013177776871629 0.02439608165158984 0
5773 0.03018205519122551 0.02978792670159016 0
5774 0.9898213621164065 0.02953467987097305 0
5775 0.9798293009655215 0.03534061051010939 0
5776 0.9795210713225583 0.04690514621714827 0
5777 0.9897565338734058 0.05332393169811799 0
5778 0.9895369623641079 0.06515981048752596 0
5779 0.9794029511726388 0.06923708038768769 0
5780 0.9799256213412797 0.0242982259814781 0
5781 0.9699424440707333 0.02962456513706465 0
5782 0.4348817334850316 0.7888499969390562 0
5783 0.9434298751403017 0.8616501811449656 0
5784 0.7214126172483222 0.5428330221117802 0
5785 0.9282103251717728 0.299094257391059 0
5786 0.6605291888069917 0.8171687881213197 0
5787 0.71394951529448 0.6531704276701698 0
5788 0.7091137562768489 0.6376461514620613 0
5789 0.6980992620252273 0.6377744345180645 0
5790 0.1615022837239534 0.745954641757721 0
5791 0.02288914025906779 0.7419211518159432 0
5792 0.01655611170688302 0.7325196804590779 0
5793 0.2803447649908009 0.2298049840115123 0
5794 0.8402357212539542 0.4079061510617839 0
5795 0.8399814943398116 0.4193965832567378 0
5796 0.5914751953661971 0.6166639703293032 0
5797 0.6578386670765175 0.8283952108162363 0
5798 0.7192752789669739 0.2197725733422974 0
5799 0.8989778981108035 0.8623004671308606 0
5800 0.8867490410664163 0.8624251888998049 0
5801 0.8604375359750287 0.8068380096509212 0
5802 0.8575209486764364 0.8182918946398452 0
5803 0.7634730418668412 0.6595770777337692 0
5804 0.7096836816365515 0.3832054084893386 0
5805 0.1396744061865949 0.4875207601683757 0
5806 0.2902131806689754 0.4173480947994289 0
5807 0.2905377917387207 0.428799975428934 0
5808 0.2820037635817469 0.4228732358944927 0
5809 0.7097635443891528 0.4175385831438373 0
5810 0.8389714573370828 0.3561340595652183 0
5811 0.181750677877437 0.7931058674111015 0
5812 0.1844013362424513 0.7818192187680925 0
5813 0.195242956098906 0.7782057386354801 0
5814 0.6751406906247285 0.8437029792678995 0
5815 0.6284749851239735 0.3447454673850364 0
5816 0.980287027175158 0.5575703322666927 0
5817 0.03005672794920492 0.0183356674210346 0
5818 0.04085076126632918 0.02465708699622148 0
5819 0.7731421601917778 0.3173199690010795 0
5820 0.7730909902860521 0.3278521823230374 0
5821 0.3770087810727047 0.6670700880923008 0
5822 0.2268707861223851 0.3172908752522076 0
5823 0.2269367417801885 0.3278725648052566 0
5824 0.8601237084810973 0.3506432833856108 0
5825 0.3778705128293692 0.03809971467447892 0
5826 0.3779751825113685 0.04823159599198015 0
5827 0.6481638933616611 0.6488875687722627 0
5828 0.7780884115890785 0.8431124191571522 0
5829 0.7801671271090089 0.8321265833608412 0
5830 0.7916777181794562 0.8283501295339684 0
5831 0.7667521425686477 0.8467177983994963 0
5832 0.7713133343544065 0.824480754564716 0
5833 0.774790241624752 0.8131382069841586 0
5834 0.6565358983259375 0.1722998247826842 0
5835 0.9810885119547585 0.96578056542355 0
5836 0.1395954698280171 0.3505521157396988 0
5837 0.9693246061535215 0.04066780959156341 0
5838 0.8739850466101441 0.7929840432078629 0
5839 0.1307398175361861 0.7443972717038108 0
5840 0.291043408980085 0.6502562730932462 0
5841 0.7136811314667207 0.4881283757925901 0
5842 0.8796131876075566 0.3280708420480448 0
5843 0.1200582521884414 0.3279371194916938 0
5844 0.6691246223957931 0.7253767672677288 0
5845 0.6576415964211255 0.7305539667811243 0
5846 0.4611652984071004 0.6723823188841582 0
5847 0.9180439709115471 0.2935845382762614 0
5848 0.02024579169090171 0.8938105845018726 0
5849 0.2546796576019937 0.406224225941766 0
5850 0.5855072906545636 0.1388678326946796 0
5851 0.8558147403628902 0.07598903158202983 0
5852 0.8552510893582795 0.06602485467151062 0
5853 0.2935936651826745 0.8855653673338493 0
5854 0.875524185036151 0.09633230238892643 0
5855 0.8852965454840223 0.1010000503363122 0
5856 0.496119598676029 0.169387809995851 0
5857 0.1334028581721122 0.7329789258185269 0
5858 0.1446720913775883 0.729819621716809 0
5859 0.6649313820563341 0.04214810053356158 0
5860 0.5828559336469621 0.6335844225773997 0
5861 0.6753051029078908 0.0683442057332528 0
5862 0.08390573086142658 0.2234771034525669 0
5863 0.7826964918162683 0.4283587996500727 0
5864 0.7830334175275055 0.4174627874924007 0
5865 0.617750864963533 0.9138189612631193 0
5866 0.9160631919010422 0.2234842724052997 0
5867 0.8960925660347876 0.6063986566371756 0
5868 0.9583557267488921 0.257139199706982 0
5869 0.9692921672169478 0.2494384130764145 0
5870 0.965160911101175 0.2382607221553023 0
5871 0.9747136604782789 0.2396118031951938 0
5872 0.9725555266360479 0.2304287544043773 0
5873 0.9831063785303595 0.2340329227321295 0
5874 0.9777388028885251 0.2550123066279217 0
5875 0.9568708553062307 0.2119532788540904 0
5876 0.9678472271634526 0.2108095399077462 0
5877 0.9730746743952219 0.2042460654878297 0
5878 0.9785178741801284 0.2132272565683515 0
5879 0.7592130966655726 0.8805054550762256 0
5880 0.7677591326397315 0.8884147801275277 0
5881 0.7506856052704679 0.872595748072479 0
5882 0.7395439190980247 0.8760142395036798 0
5883 0.741986461400755 0.8646969895236279 0
5884 0.710006105672596 0.429321793572022 0
5885 0.7197836924274688 0.4234229354030999 0
5886 0.7197165724297307 0.4345218052404078 0
5887 0.7294313666185644 0.428996123954764 0
5888 0.7296655698742471 0.417821098502522 0
5889 0.7380731936891902 0.4234368602027685 0
5890 0.7377875899951754 0.4116951848192448 0
5891 0.7301282992478206 0.4406823035575372 0
5892 0.6111058967307524 0.01033616338073873 0
5893 0.1830738652311299 0.03701524303471583 0
5894 0.8169255735732329 0.03705343187779933 0
5895 0.6603877252029995 0.7763881613594249 0
5896 0.6520368549443673 0.7685366641206155 0
5897 0.6650996698989754 0.7663914861724048 0
5898 0.6575554663825774 0.6434707434298392 0
5899 0.6488037937965886 0.6268688114203628 0
5900 0.04420195473234918 0.2100374198348717 0
5901 0.03358191981253188 0.2123621070332354 0
5902 0.02720172329237734 0.2045414818103282 0
5903 0.02961611236699158 0.2228676216524757 0
5904 0.02093919931495277 0.2133033927700518 0
5905 0.2982228271715444 0.03212315615867381 0
5906 0.3253919594442614 0.3760531873396428 0
5907 0.3253502691013841 0.3863168948596628 0
5908 0.3348605599507806 0.392068716938977 0
5909 0.3504492846993285 0.7609868165956264 0
5910 0.7325358747970153 0.5492067468721675 0
5911 0.7425839961151052 0.5554142823627919 0
5912 0.1630419229046869 0.1834620791293547 0
5913 0.8369623839197653 0.183464024492087 0
5914 0.5175319837724752 0.661036250998431 0
5915 0.6745076651680557 0.04761639507339988 0
5916 0.2258607595075242 0.2192044360221413 0
5917 0.8890483204675279 0.3800927612286438 0
5918 0.1398731007473675 0.2933912728246121 0
5919 0.1508373254449407 0.307540415009911 0
5920 0.8599354290292351 0.2938124430434661 0
5921 0.8489415698499124 0.3073847774161488 0
5922 0.4427322747845815 0.2624113743053048 0
5923 0.4337737795340728 0.2572185672383814 0
5924 0.7848039246738898 0.6539196661366362 0
5925 0.7105846204165048 0.02770457285369339 0
5926 0.7095891153238817 0.01723930609101133 0
5927 0.4337890309970363 0.2468007426221593 0
5928 0.424861980607355 0.2415754548742455 0
5929 0.4249249058857415 0.2311728783126395 0
5930 0.7790698635962459 0.9885468425336636 0
5931 0.6281556871497079 0.02216840023494086 0
5932 0.806889718090652 0.7293314843114511 0
5933 0.7985881625968989 0.7213988400108816 0
5934 0.6924889881477264 0.2141366760935082 0
5935 0.902715617623438 0.6685542811444877 0
5936 0.8941647882017387 0.6607805890950467 0
5937 0.8963203908727 0.6493618686644292 0
5938 0.6472951107206103 0.06344437233041186 0
5939 0.3689444597066245 0.05325656028575929 0
5940 0.1811586876939923 0.5421574766055262 0
5941 0.1863692364784354 0.5612589512975215 0
5942 0.9075875588775016 0.6455760171742995 0
5943 0.8987077599781566 0.6379698584394287 0
5944 0.887462398725433 0.6419489018782083 0
5945 0.9013355454846161 0.6263360773293427 0
5946 0.8895767573202784 0.6303923691715214 0
5947 0.8791909419639727 0.6333256743822044 0
5948 0.8711433792369891 0.6248491966909464 0
5949 0.8602756855766482 0.6282544191286161 0
5950 0.2084842319205883 0.3070445195264196 0
5951 0.2175955570360812 0.3016327364099159 0
5952 0.7772921900244688 0.7271544280603746 0
5953 0.7828425906220678 0.4397008745511157 0
5954 0.2900660258247129 0.5592606245755537 0
5955 0.930591315511258 0.04104781596137766 0
5956 0.9398686955388552 0.03551166869036873 0
5957 0.9302593117378546 0.03051341277934808 0
5958 0.9396197739741372 0.02495706475075107 0
5959 0.9495209318041515 0.02987820326180272 0
5960 0.9295348457075056 0.01845395876788016 0
5961 0.9393724950545863 0.01541660084000345 0
5962 0.06946379227838728 0.04106234195748704 0
5963 0.06021517061559415 0.03550137691686815 0
5964 0.06984422830646561 0.03051519263337617 0
5965 0.06059454538117666 0.02491940324255299 0
5966 0.05092614874503541 0.02998459513116179 0
5967 0.07058094409899424 0.01843187929334239 0
5968 0.06084569620518122 0.01537524369000945 0
5969 0.3600915337830755 0.06847413694616344 0
5970 0.6839740864647382 0.1457087722407706 0
5971 0.3421188784314238 0.06836966055813144 0
5972 0.3333285221942276 0.06324091034111515 0
5973 0.3334075460578557 0.07348810744638172 0
5974 0.3335330240114268 0.08376597913134171 0
5975 0.7915326811332043 0.3071214605199657 0
5976 0.7823630449712276 0.3017281767465694 0
5977 0.7824031052767322 0.2908087958630693 0
5978 0.7734063550649901 0.2957148161096698 0
5979 0.646566205617828 0.3347122944857961 0
5980 0.09692715093970114 0.1010911744266791 0
5981 0.09691784642425413 0.1122385671708933 0
5982 0.1065167105932886 0.1066747831936977 0
5983 0.9032028498802968 0.1008687011906904 0
5984 0.9032442023621636 0.1123458102739868 0
5985 0.6643639206205908 0.2617088878051165 0
5986 0.7097957426121633 0.3719813908938149 0
5987 0.1858057269839616 0.6442164885633909 0
5988 0.6643754561682669 0.2412767492925883 0
5989 0.2906885385122038 0.4516695280703261 0
5990 0.7526182000351218 0.5489501583292222 0
5991 0.9030210085605239 0.07895027653291244 0
5992 0.01021609239642346 0.1251169148921279 0
5993 0.0201564785164356 0.1207814586319366 0
5994 0.02022669647177732 0.1318789161104725 0
5995 0.9897921956644861 0.1250938902759931 0
5996 0.9798510677521737 0.1207625459382217 0
5997 0.9797971228594725 0.1318458034814561 0
5998 0.6556092682848377 0.8395846919052619 0
5999 0.3861048921883727 0.6833596483335409 0
6000 0.3956892181030242 0.6780016470636859 0
6001 0.2268424959743572 0.4342937914151448 0
6002 0.2268617482738793 0.4230988325376584 0
6003 0.2170588436042015 0.4287918457875386 0
6004 0.2169900187374877 0.4176679063866562 0
6005 0.2364880931569742 0.4174438813531077 0
6006 0.235816102571981 0.4063712005988047 0
6007 0.3431776611104131 0.3450171554351212 0
6008 0.6288253397865693 0.08369667540184875 0
6009 0.5193859646332104 0.7718559889180717 0
6010 0.5080155405471881 0.7653248478324 0
6011 0.4987761677801658 0.770697013353961 0
6012 0.4986248004891318 0.7599183388182758 0
6013 0.8848422062397516 0.1128567561487102 0
6014 0.4661767805578918 0.02813992898681058 0
6015 0.9388031945731388 0.3045610981883868 0
6016 0.2803575809181278 0.04271797383109834 0
6017 0.7020458084555419 0.1455721224690999 0
6018 0.1086421380089955 0.3759542368318773 0
6019 0.1011818134971852 0.3696128967331553 0
6020 0.6329968860900471 0.8047253538950753 0
6021 0.7196064636477965 0.04277028206396512 0
6022 0.668679108084953 0.7839998457452455 0
6023 0.1278645463184965 0.7556547097266935 0
6024 0.009891714277312273 0.1498998949938549 0
6025 0.9901093388894823 0.1498952222875522 0
6026 0.8750940839970351 0.1185993794076048 0
6027 0.8125356007776452 0.5482120925607229 0
6028 0.8224496636502967 0.5425122065013962 0
6029 0.5659277835777549 0.2881292562057381 0
6030 0.8623360328852894 0.9393937580024088 0
6031 0.5415287435769645 0.9264004272936301 0
6032 0.8697612573553503 0.2998237922705099 0
6033 0.969933340442665 0.01805554854462233 0
6034 0.9594162095752252 0.02455641711784049 0
6035 0.216550022965539 0.9520872308119356 0
6036 0.1876204198710769 0.4797074303056634 0
6037 0.1876641321572425 0.4683245333220831 0
6038 0.8693329879114028 0.2647615607666056 0
6039 0.879470685063324 0.2693458888880291 0
6040 0.0505021657369143 0.01820115218419672 0
6041 0.433025712340839 0.6463093273671701 0
6042 0.4235500816699102 0.6516688783519312 0
6043 0.8698823318194676 0.3795314384767529 0
6044 0.1991357610859406 0.3125915115978476 0
6045 0.4159511941468345 0.2363050713947143 0
6046 0.4160188802443006 0.2259761629857789 0
6047 0.4070437873272085 0.2311224098746792 0
6048 0.3980571836609638 0.2363534985578046 0
6049 0.8009328103170377 0.312557022177872 0
6050 0.7565706203831943 0.8919138577365399 0
6051 0.4872150128386755 0.1745140569037316 0
6052 0.1649042683463068 0.03665148844319353 0
6053 0.1648840535123587 0.02666218815345696 0
6054 0.1560607672870927 0.02126214037438651 0
6055 0.1472305014394994 0.02646852958745548 0
6056 0.1384820725762664 0.02114319194335981 0
6057 0.8350964995111567 0.03669176528430985 0
6058 0.835113810639494 0.02669743626244737 0
6059 0.843957438984954 0.0212978494463226 0
6060 0.8527972947562821 0.02651902720599921 0
6061 0.8615587218913647 0.02119797422932781 0
6062 0.3404549857392302 0.6141842897217542 0
6063 0.3503129331094553 0.6078665602359768 0
6064 0.35879772864752 0.6142776501818601 0
6065 0.1299460284459321 0.2994976780884451 0
6066 0.5589039922011311 0.1543416937138133 0
6067 0.7634709592943131 0.4172536473643701 0
6068 0.754944358748125 0.411426287606751 0
6069 0.7640355039267553 0.4061655868460048 0
6070 0.9260495380674223 0.2403137390964963 0
6071 0.07392003348636625 0.2403043776918717 0
6072 0.563965482755135 0.6444422357348236 0
6073 0.6769562383993799 0.7915649748142722 0
6074 0.5675331720674093 0.04729083239223401 0
6075 0.4425796134548841 0.683274314593842 0
6076 0.262375782767877 0.09382960597796225 0
6077 0.615190914526301 0.7438004146233526 0
6078 0.9481950361680079 0.275100089092766 0
6079 0.2378897200396012 0.8597609918715723 0
6080 0.2269303902266278 0.8637706581347095 0
6081 0.6200077449357324 0.03666385931614285 0
6082 0.3383780865436586 0.6777262515951842 0
6083 0.3390817113995733 0.6669414642870654 0
6084 0.719998382174115 0.4779370655969951 0
6085 0.5316413953983432 0.1487828816167245 0
6086 0.5228656344988317 0.1540701325815925 0
6087 0.5406962406789929 0.1536135013908977 0
6088 0.5230566690734607 0.1644440963167076 0
6089 0.514000734664708 0.1593143728385787 0
6090 0.2175666822019413 0.2907805540183337 0
6091 0.2265518582243413 0.2956698717284976 0
6092 0.8934927339791965 0.02119125609460921 0
6093 0.1065236305764314 0.02119220701389084 0
6094 0.7371793387252765 0.3049628532192631 0
6095 0.7280865407075423 0.2996706402694982 0
6096 0.7280645512148245 0.2891188616258429 0
6097 0.7189208616825452 0.293875983591446 0
6098 0.7280974366802148 0.3102355645418801 0
6099 0.7280777934954585 0.3207967768693545 0
6100 0.7189386002773858 0.3150070413034229 0
6101 0.7371505153035544 0.3261148405778224 0
6102 0.7277704803253103 0.3309720446314108 0
6103 0.7369632831535113 0.3363126840781717 0
6104 0.7371293127047391 0.2837992646859481 0
6105 0.7281005605802735 0.2785018279720069 0
6106 0.7371675638219122 0.2731749821047281 0
6107 0.79207209394558 0.2636102096809897 0
6108 0.7922229709455092 0.2524231821254258 0
6109 0.4050312085350363 0.6406044831311963 0
6110 0.04057025353985526 0.0353502982547909 0
6111 0.4994104911188726 0.6396771926117205 0
6112 0.8270638811505708 0.9017640122212872 0
6113 0.737626144928041 0.09384478412983667 0
6114 0.2007288724276639 0.04737850442796738 0
6115 0.2624780903227756 0.3050625084146305 0
6116 0.2715940594329543 0.300785284498151 0
6117 0.7992715223952758 0.04741683167914236 0
6118 0.2561658561817622 0.4397190050527779 0
6119 0.4573783375126727 0.04332385441374727 0
6120 0.06681363815369004 0.4170940937190903 0
6121 0.07815799355675714 0.414492701022088 0
6122 0.6033572390583775 0.1086524608351076 0
6123 0.2076885460142251 0.21988128464104 0
6124 0.3157699542141229 0.07346568096505274 0
6125 0.7920572778185289 0.2198825718764155 0
6126 0.5751362347168936 0.385418504224411 0
6127 0.9390131255403757 0.3391991474995434 0
6128 0.9289437093358798 0.3336062055140546 0
6129 0.4518395480074163 0.1642913300741885 0
6130 0.6367800889201628 0.7380625881125142 0
6131 0.5939118534908348 0.7507369435133437 0
6132 0.5856741331013237 0.7415283767988702 0
6133 0.5750498987596211 0.746355880836722 0
6134 0.5969467169270982 0.7403922584133484 0
6135 0.7830903810266949 0.2141551546789012 0
6136 0.572613527525501 0.7571443265541956 0
6137 0.5645294274346568 0.7501435230267286 0
6138 0.5538785128827586 0.7527871966614444 0
6139 0.1112833822567529 0.4471675453870274 0
6140 0.1221643106651864 0.4433314874705823 0
6141 0.1196603054692823 0.4531292648330537 0
6142 0.1801233545021595 0.2906785111066699 0
6143 0.2888801610936074 0.1921242690967851 0
6144 0.8462625098138532 0.1894907215196463 0
6145 0.217627875744256 0.3341891450114949 0
6146 0.2625288793092103 0.3368758166257833 0
6147 0.2712992612073076 0.3424781422226605 0
6148 0.2715572993267322 0.3528123013953664 0
6149 0.2624528018909877 0.3262380351931312 0
6150 0.2711709925741187 0.3219811983732309 0
6151 0.1537469960012533 0.1894814886245347 0
6152 0.5267101784511523 0.6235454552280975 0
6153 0.5265527010049547 0.6132259974237027 0
6154 0.5923660838445695 0.660308510968579 0
6155 0.7824037405218411 0.3341411873846477 0
6156 0.3981844495241361 0.276939824790431 0
6157 0.6199529437061063 0.6336308443600227 0
6158 0.4050137994200038 0.694213480443255 0
6159 0.4144858078929472 0.688780670684957 0
6160 0.8198770600390288 0.2906416805925706 0
6161 0.8746470397294899 0.1621730544548663 0
6162 0.1071328774926213 0.4704154924850707 0
6163 0.1253341790063257 0.1621698082575992 0
6164 0.3985529268562603 0.2877990827094446 0
6165 0.2079332126202061 0.2636126377358967 0
6166 0.2077749546764436 0.2524161379553509 0
6167 0.3587367004305361 0.624519850333511 0
6168 0.3957124846471549 0.05846887641980734 0
6169 0.122868298927161 0.2353090693204931 0
6170 0.132377244217308 0.2301158187950146 0
6171 0.1419387868515711 0.2358442325495212 0
6172 0.1425719174310544 0.2257905352209225 0
6173 0.7727162656263914 0.5824714950277582 0
6174 0.876989691104026 0.235469012547884 0
6175 0.8664974239738454 0.2313051671864367 0
6176 0.2186402605873507 0.02721140836547462 0
6177 0.1141340663387606 0.3947988663236269 0
6178 0.1254170293675288 0.3914426239800528 0
6179 0.1330509799146751 0.399756089397118 0
6180 0.1368521515347466 0.3900027403264169 0
6181 0.2181808324607335 0.8140233634497555 0
6182 0.7813618856457443 0.02724876014272464 0
6183 0.7634874060791309 0.7013114052007487 0
6184 0.7529791520181776 0.7038634225275866 0
6185 0.7506801428568487 0.7140268855226355 0
6186 0.06318436406053807 0.2106387239818827 0
6187 0.306663127516392 0.2827798827285741 0
6188 0.9367815530562433 0.2106396482248399 0
6189 0.8832235718048742 0.8443922553573964 0
6190 0.8639863642657021 0.8423309801459193 0
6191 0.2905459413406751 0.6172936465249919 0
6192 0.2908980665569949 0.628088247736503 0
6193 0.3248376359805497 0.3454303823007092 0
6194 0.3340604828797398 0.3504376712340409 0
6195 0.4890799079272485 0.6437977765950453 0
6196 0.5452770787685219 0.6132751620622733 0
6197 0.5541163471809912 0.6073439224534321 0
6198 0.5641385711651354 0.6107948796486697 0
6199 0.7817935982870488 0.08858837118342008 0
6200 0.5270438313293193 0.8169685001905275 0
6201 0.2182063242715728 0.08856003334742402 0
6202 0.6752794027952042 0.07866369334560226 0
6203 0.1801025732415099 0.2686935723451392 0
6204 0.5053317403377088 0.8235862620975645 0
6205 0.2980848385793253 0.08370664911587414 0
6206 0.8199065065788097 0.2686591506533089 0
6207 0.6960695332757713 0.7557534214785833 0
6208 0.705967290298977 0.7587256627858654 0
6209 0.7144221832355462 0.7513499960680207 0
6210 0.7171379035826442 0.7624041570382407 0
6211 0.7062344131474128 0.7701132676811662 0
6212 0.2895829595080504 0.5119418841201561 0
6213 0.9123848210026345 0.5804870303715066 0
6214 0.9224430064348867 0.6728039198206541 0
6215 0.5934273487264357 0.7034793304507132 0
6216 0.5839872182358666 0.7090459136306886 0
6217 0.5743764448527512 0.7037298360706594 0
6218 0.0583422569887575 0.4511890941387589 0
6219 0.06680579059797663 0.4593480222949005 0
6220 0.06397871504002088 0.470685109463695 0
6221 0.0611570722370946 0.4397931949564319 0
6222 0.07244877100075309 0.4365299090578157 0
6223 0.9141216038545529 0.5271030207839458 0
6224 0.9032907315285206 0.5305996251563482 0
6225 0.8948856990820603 0.5237768943727461 0
6226 0.9007201363933666 0.5419880966559077 0
6227 0.8889735488705186 0.3918824082471453 0
6228 0.8790683330827431 0.3863109261375457 0
6229 0.8418814660247027 0.6668677617911147 0
6230 0.8392954150116276 0.6780341332310178 0
6231 0.8478727253691822 0.6857224900035193 0
6232 0.5999822340369318 0.8565559711257268 0
6233 0.1210967552494124 0.2705111278403674 0
6234 0.4545456981218818 0.7928615238495068 0
6235 0.4571680437650343 0.7818110864010221 0
6236 0.6852977787175567 0.7992380609189397 0
6237 0.3511067936377716 0.8711247919305275 0
6238 0.3592318892477799 0.877922582339466 0
6239 0.7019542998041313 0.08373420044761543 0
6240 0.7921521232404729 0.1985496397375359 0
6241 0.2079399775154171 0.1982648301953073 0
6242 0.9898275095380502 0.2922100965382252 0
6243 0.9794361027993116 0.2975982793861723 0
6244 0.9794110749718309 0.3094293715296825 0
6245 0.9898435005067082 0.3154310092304562 0
6246 0.9898777883826666 0.327186463512401 0
6247 0.9793351964339958 0.3323525990659278 0
6248 0.443365289529341 0.7378180430551065 0
6249 0.4528065911136276 0.7322075792032408 0
6250 0.4430852538874149 0.7267228982109293 0
6251 0.4623266461688884 0.7377110530710334 0
6252 0.4621674836013592 0.7266226692212936 0
6253 0.7304965961633499 0.7598838148926903 0
6254 0.01010564349904771 0.2921924090747524 0
6255 0.0205640606127235 0.2976190797775204 0
6256 0.3156322092318871 0.03238004450546936 0
6257 0.3403923529740356 0.2630536282502573 0
6258 0.4145064553463873 0.3854717035577515 0
6259 0.6023953989953408 0.8454242380026652 0
6260 0.2981098035249952 0.04278011142118379 0
6261 0.4054616895083291 0.7869894254019481 0
6262 0.1774206249215236 0.5944283604663885 0
6263 0.4835771383311638 0.8302154463668785 0
6264 0.2627350253851292 0.3581174229973194 0
6265 0.2716514427330368 0.3633321215593727 0
6266 0.2803132244190991 0.3589183467048227 0
6267 0.2627154068780189 0.3686813594543622 0
6268 0.9389262073747959 0.3860141126341474 0
6269 0.9289226442104346 0.3801507872355523 0
6270 0.8683748089653309 0.5940745195257415 0
6271 0.8600069666356629 0.5870039950579524 0
6272 0.9496755209543352 0.0181680571526397 0
6273 0.9594496936962991 0.03521968764139691 0
6274 0.9490551433387984 0.3801038980024348 0
6275 0.5549374168496017 0.6606672769478266 0
6276 0.8178434516075601 0.7259718701995179 0
6277 0.5148202892870394 0.8722660190885692 0
6278 0.5063460943983595 0.8644242259947048 0
6279 0.5258266659831341 0.8689054720455692 0
6280 0.5284670291113327 0.857722051227698 0
6281 0.8012133229161466 0.7102980127125238 0
6282 0.548701469555505 0.8106354356268949 0
6283 0.5601999188362601 0.8078734547741032 0
6284 0.4801034685177614 0.682992761383067 0
6285 0.479995259535845 0.6722211460924998 0
6286 0.5475954290842295 0.8620352416475302 0
6287 0.4380973650961369 0.9378565923870404 0
6288 0.2217058041595141 0.7482396783637968 0
6289 0.7733099106957677 0.2631564189839343 0
6290 0.2793348790023945 0.5420311519466872 0
6291 0.08603677680694244 0.8421718695389818 0
6292 0.09735061722974886 0.8388385789033131 0
6293 0.1250128175039756 0.4326212100526632 0
6294 0.1332457045710578 0.4405217483714905 0
6295 0.1445173602650823 0.4376059387635713 0
6296 0.2996953616240698 0.7218610523515947 0
6297 0.3094890324364662 0.716316605787366 0
6298 0.792680384519088 0.5139796803898764 0
6299 0.2051458440315332 0.7326313817450953 0
6300 0.6452289738415256 0.9263340819723155 0
6301 0.636824949262349 0.9183445080400159 0
6302 0.2155257257012554 0.8252834852263244 0
6303 0.8144786835310738 0.8635728723999092 0
6304 0.8256165418808636 0.8594376553166228 0
6305 0.5249986097218207 0.9104079364326809 0
6306 0.08882718405229617 0.8307066969585339 0
6307 0.08030549936913643 0.8225476130918068 0
6308 0.09164476560083425 0.8192459797065781 0
6309 0.2416804318126177 0.6551866735824656 0
6310 0.2417368389467991 0.643837589716148 0
6311 0.251553724857735 0.638437673581376 0
6312 0.7107183147574593 0.03774675328956556 0
6313 0.9405462246476999 0.462610466416225 0
6314 0.4520224808227443 0.6886053907352578 0
6315 0.4518465332170783 0.6778264470765203 0
6316 0.7196356672242228 0.05297172109616614 0
6317 0.2388196382733332 0.7644770675025484 0
6318 0.5082263272044665 0.6773238579788867 0
6319 0.6030246913493179 0.9287814347839443 0
6320 0.6062328515831746 0.9172934385089648 0
6321 0.9897110254526076 0.4227464494300525 0
6322 0.9795340619856552 0.4283821769000179 0
6323 0.979838517230972 0.440001213931367 0
6324 0.9899781506502168 0.4463275658832864 0
6325 0.9898533630178808 0.4582812560542115 0
6326 0.9790349253773309 0.4175982268741345 0
6327 0.969270495245423 0.4234052121516436 0
6328 0.01030072505785682 0.4226348113230173 0
6329 0.02134152007560176 0.4283174349709544 0
6330 0.7920379183071142 0.1771403719844107 0
6331 0.5805594712896704 0.9356466092865581 0
6332 0.5725411445108282 0.9277004518298011 0
6333 0.2079636295063702 0.176771218156194 0
6334 0.2830131380254867 0.8338986322571867 0
6335 0.4927490353776657 0.8789942841288885 0
6336 0.1426199106660026 0.9100039887672495 0
6337 0.5736193625333768 0.6497334849618148 0
6338 0.1821453291319061 0.8772402294092339 0
6339 0.1330962772330522 0.5655881345772389 0
6340 0.124775124310337 0.5575316301619162 0
6341 0.05274991555749436 0.6008544582825472 0
6342 0.9293227276552219 0.4136654352649679 0
6343 0.4288767676378105 0.8879432057700455 0
6344 0.4320909955783122 0.8773121853453542 0
6345 0.4205960161512199 0.8806264445368648 0
6346 0.4433378649012763 0.8741689075259874 0
6347 0.4512909843163202 0.881425627787937 0
6348 0.5944050008116766 0.7971322146486883 0
6349 0.3439220090664257 0.1940553848877408 0
6350 0.8785922862873321 0.9135123608074713 0
6351 0.9190558905825374 0.6418994162407106 0
6352 0.3788646843638104 0.3347204410036744 0
6353 0.4345285570055363 0.9897755036097751 0
6354 0.3766168318699025 0.6887801428864002 0
6355 0.3258734864655329 0.8880262617083334 0
6356 0.3369525655770556 0.8849601974924317 0
6357 0.2437358289103756 0.1762461756589748 0
6358 0.2131344933846641 0.8786692572360428 0
6359 0.3479749732473645 0.6833019787882275 0
6360 0.4428756522988082 0.1693897482636406 0
6361 0.7377240680186702 0.1041521887774192 0
6362 0.1679659777669586 0.4797207216165347 0
6363 0.5782119845747722 0.8632808398243279 0
6364 0.1718616929897947 0.7001998100345006 0
6365 0.1193838390456216 0.7475071499630129 0
6366 0.1250186767717545 0.7669881599126035 0
6367 0.7422110407633581 0.5773980517119371 0
6368 0.4241075035946345 0.7268888041972505 0
6369 0.2980433404032656 0.09397996361202027 0
6370 0.4617955015831821 0.8367640794177116 0
6371 0.4511311948622785 0.841116419769647 0
6372 0.7191878196432546 0.2306327126160146 0
6373 0.9290195294731897 0.3451459383231716 0
6374 0.1875742610471976 0.4911083582226461 0
6375 0.3802884447165931 0.1222053996290262 0
6376 0.3955212792959296 0.1198001235494074 0
6377 0.9900913595939778 0.7327541127354977 0
6378 0.498948130596698 0.9287696023079386 0
6379 0.2266738482744737 0.263106620577012 0
6380 0.5456827982889757 0.666161148567315 0
6381 0.3678442592921899 0.8432145492509553 0
6382 0.5453611377849055 0.6446222387518442 0
6383 0.6416489135642532 0.8542120487914433 0
6384 0.9882453410271738 0.7079550157834377 0
6385 0.7019843453476058 0.09400540573043099 0
6386 0.05545097942752497 0.5472897408449118 0
6387 0.7409079397289042 0.8234947776326285 0
6388 0.7325315675112505 0.8164095198835064 0
6389 0.7298689235185452 0.8269746656454113 0
6390 0.270860693764852 0.1921410400949843 0
6391 0.9507829962501007 0.5746086195344018 0
6392 0.8870396807508247 0.5568047415575217 0
6393 0.8759839145052176 0.5604963051805657 0
6394 0.8898293626251548 0.5458047646543429 0
6395 0.9090415121793873 0.5498368981689201 0
6396 0.8734972591439725 0.5715780678779494 0
6397 0.8648441935953317 0.5644479421363795 0
6398 0.3540614913490889 0.7922074471848468 0
6399 0.3649207601935315 0.7889776170060812 0
6400 0.5393754039145704 0.2313466823919099 0
6401 0.1877652397210695 0.3792660659644569 0
6402 0.1880743023828308 0.3694372108719242 0
6403 0.1972603727127652 0.3738796043783157 0
6404 0.1973050544942168 0.3847884436742414 0
6405 0.6844956638277968 0.9898059045487756 0
6406 0.6781893388803122 0.9789770083079737 0
6407 0.6904599728239272 0.9794144719151741 0
6408 0.7218795878465583 0.6719742518614433 0
6409 0.6250529251520686 0.9907475378482116 0
6410 0.700137399361545 0.8673523566981244 0
6411 0.6917055658892464 0.8594801066612027 0
6412 0.6943530890212934 0.8482183615824859 0
6413 0.6890945857314362 0.8707751366940891 0
6414 0.7111465959456382 0.7149808130055688 0
6415 0.7035400877447064 0.7064219807863564 0
6416 0.2622805637338063 0.1041436122617417 0
6417 0.09465203556235953 0.5984556100754537 0
6418 0.5503342963632566 0.07781803637126834 0
6419 0.4178064624434483 0.8913955589245304 0
6420 0.4090912265248174 0.8836923966025131 0
6421 0.165092165415495 0.8610593473135053 0
6422 0.1763775482526279 0.8577509079730252 0
6423 0.6482673637195812 0.6596438801387906 0
6424 0.1892460548088505 0.7165228834653437 0
6425 0.5687434875346199 0.8147107232004142 0
6426 0.01036679301080091 0.6484983040286884 0
6427 0.02058395818101884 0.6547508725437332 0
6428 0.0204475469517368 0.6668783177597156 0
6429 0.01014203858614171 0.6727001838668604 0
6430 0.02143108061262766 0.6800693321346022 0
6431 0.03086122559540478 0.6721065417625355 0
6432 0.02066987821545404 0.6427420062148459 0
6433 0.5214659705180534 0.3858561128826302 0
6434 0.177618478025551 0.6777466751532585 0
6435 0.2526222955939603 0.2449904533353533 0
6436 0.27248388541764 0.01647436758274441 0
6437 0.2628652955510249 0.01216921282701817 0
6438 0.2530326527933328 0.01644499899740577 0
6439 0.4734070441210441 0.9583320599607346 0
6440 0.521424384900557 0.2933466933818094 0
6441 0.8584563855086016 0.5069988131370342 0
6442 0.53921150168873 0.2830031542011152 0
6443 0.1113559579399691 0.6143688647374976 0
6444 0.6644133774157021 0.2929619044498074 0
6445 0.6734442741880075 0.298121409277761 0
6446 0.7554661465431561 0.24126918429249 0
6447 0.8759958143424136 0.7397651922932914 0
6448 0.8649408370981846 0.7429903412610728 0
6449 0.2528430882648703 0.9303624316326493 0
6450 0.1555055425107371 0.5182494212610455 0
6451 0.7274934533538163 0.01650283958086297 0
6452 0.7371583864398459 0.01221803685875595 0
6453 0.7469757262719745 0.01648641042334485 0
6454 0.7827363149122081 0.5424892477273831 0
6455 0.7826655541914131 0.5539913082249968 0
6456 0.08378206573735758 0.2461177961267499 0
6457 0.1348577024748359 0.1677336477291533 0
6458 0.1348490308053535 0.1567753769731165 0
6459 0.1442598377847966 0.1513322456800732 0
6460 0.8651119862597381 0.1677482680206738 0
6461 0.8651172079216242 0.1567958181234529 0
6462 0.8557120303380162 0.1513576735875458 0
6463 0.8020361402461094 0.5882547876155143 0
6464 0.5214860618632114 0.3653642195581281 0
6465 0.8965946865476725 0.8286868878121206 0
6466 0.8786456129704204 0.7284447166966261 0
6467 0.9912557729937258 0.2429011022538677 0
6468 0.5571086663195304 0.3550585975507262 0
6469 0.9161812793056069 0.2460933346982106 0
6470 0.6752937514567641 0.08894339783228739 0
6471 0.8961179932642431 0.7864550824906 0
6472 0.8498791631806607 0.4252138534310135 0
6473 0.2537380607462241 0.02730353251021937 0
6474 0.244988950352408 0.03243989814703948 0
6475 0.2450146952750188 0.04255758011416967 0
6476 0.2361467422647499 0.04758043681374854 0
6477 0.7993571561140034 0.7618953374506853 0
6478 0.8076543682350251 0.7697073132417649 0
6479 0.5510557960411411 0.7636539772812451 0
6480 0.5433696742873062 0.7558871020585395 0
6481 0.05271090587935018 0.4739968244968772 0
6482 0.04985279105341346 0.4854442285661006 0
6483 0.05827175862599722 0.4936252066531439 0
6484 0.2559352239740683 0.9898376000452968 0
6485 0.2498271525972398 0.9799052001244959 0
6486 0.2382212863474423 0.9796394199122311 0
6487 0.2455967262599626 0.9701536627374621 0
6488 0.2322542707880174 0.9901807857135652 0
6489 0.2168640161850041 0.2032121633059654 0
6490 0.1730504334421281 0.7848277807528611 0
6491 0.1756387949473727 0.7734404405989252 0
6492 0.1671680590298821 0.7653279927775265 0
6493 0.1783241672027586 0.7620557392357489 0
6494 0.2170190521448933 0.4400179387948996 0
6495 0.3423039154162374 0.02787473589759111 0
6496 0.342946615122972 0.01731322962999217 0
6497 0.5307098033984117 0.236520252499089 0
6498 0.4221675465839949 0.0331291602302977 0
6499 0.4221879610484314 0.02299442316792698 0
6500 0.432167537512573 0.0170556170094417 0
6501 0.4231581118606466 0.01225464199718494 0
6502 0.4403039426663922 0.02345919064775841 0
6503 0.4132226729901119 0.01665692386149442 0
6504 0.4042964465942463 0.02301308208564115 0
6505 0.6287260330015974 0.03173646741003165 0
6506 0.4591828194160491 0.3705544831873836 0
6507 0.4680902379627819 0.3756744549688088 0
6508 0.4678905784572445 0.3854382277858182 0
6509 0.4769262116299016 0.3806978570854803 0
6510 0.8121128674064872 0.3792686069176108 0
6511 0.8118210753341574 0.3694322839252722 0
6512 0.8026426735483231 0.3738871531771933 0
6513 0.8026177007447703 0.3847701795655883 0
6514 0.907826553889062 0.8253289296875757 0
6515 0.1480882077139979 0.8448785319461535 0
6516 0.1395626367877067 0.8367586146085252 0
6517 0.1422906675150128 0.8253333553346642 0
6518 0.1508528395843526 0.8334848805409101 0
6519 0.1535631398865808 0.8220586437724589 0
6520 0.1649142972665657 0.818831327060332 0
6521 0.1678195229410947 0.8075401162164045 0
6522 0.4295533524655377 0.9298425713749819 0
6523 0.849283541338689 0.8950529950765743 0
6524 0.840676231976454 0.8870345895399557 0
6525 0.6556103292617717 0.3709016934212976 0
6526 0.6561674665452466 0.3804576332331715 0
6527 0.6466568586797465 0.3760268463130156 0
6528 0.5072939678637505 0.9365587444105625 0
6529 0.1897259104535382 0.2744689772505142 0
6530 0.1897467719288541 0.2636057997251747 0
6531 0.2801579983832977 0.2189042964256181 0
6532 0.01030134305485668 0.79165197336691 0
6533 0.1775511506726948 0.6361389034190589 0
6534 0.2899039178450596 0.385097882448347 0
6535 0.6840328505260371 0.02265978001546468 0
6536 0.6850716031543058 0.01233533566481548 0
6537 0.1158792436036271 0.1236157251782621 0
6538 0.2803627058298181 0.05292778800399454 0
6539 0.8245402317883623 0.9132177648596915 0
6540 0.8101396495372235 0.1350185617165006 0
6541 0.1898680068339766 0.1350157211884911 0
6542 0.2432921636354729 0.8371446128361707 0
6543 0.2810161462817478 0.9877531730970039 0
6544 0.2641370000927568 0.9270263844039528 0
6545 0.7253332171850091 0.7819058038249241 0
6546 0.5588633818277895 0.1648819963594993 0
6547 0.8906617011596434 0.4455712582146205 0
6548 0.8902703020403681 0.4351501494479415 0
6549 0.2260216027597645 0.2301596327409719 0
6550 0.8876910977887011 0.7784511465771291 0
6551 0.8988125916707228 0.7750400883594184 0
6552 0.8133064971719037 0.9167343916819748 0
6553 0.1386065651385933 0.5847914281222706 0
6554 0.7737588993948685 0.2303206986452382 0
6555 0.2175635389827836 0.1194317680617243 0
6556 0.1337730839601288 0.817236408773016 0
6557 0.7824448253693292 0.1194405604377417 0
6558 0.8675449988342148 0.7317945755390034 0
6559 0.655526025456405 0.3294966485605855 0
6560 0.01216853513003028 0.589539451464161 0
6561 0.1102090807205609 0.3336602064967709 0
6562 0.06105917453371006 0.5244954809427227 0
6563 0.06951208811950171 0.5325685617225613 0
6564 0.6390922062101465 0.08897977939548786 0
6565 0.01089734900045268 0.388112878914728 0
6566 0.601781033215935 0.6655857348394011 0
6567 0.09740684832289243 0.5869510432929421 0
6568 0.8694025782918529 0.4035455552031664 0
6569 0.75495958433833 0.0426164704918197 0
6570 0.7549744925135419 0.03251075332034188 0
6571 0.09710282080615198 0.503565486048241 0
6572 0.5847603210277112 0.05694729011384805 0
6573 0.1029261358965677 0.5643432136832729 0
6574 0.3622784175381736 0.1845381877130171 0
6575 0.3529092656773799 0.1788099369501681 0
6576 0.3713921889029455 0.1794818381806408 0
6577 0.576021155962273 0.05194252646250228 0
6578 0.2980789147857369 0.07343720133208667 0
6579 0.4146390522795521 0.3756816976276245 0
6580 0.8184211225703615 0.7671269823102339 0
6581 0.8160078587972555 0.7775390441357362 0
6582 0.824402837936019 0.7852845914093312 0
6583 0.7019723423200577 0.1871618325742622 0
6584 0.6929669552545026 0.1819794316637146 0
6585 0.209076065306107 0.9881560582633423 0
6586 0.2940636855087065 0.8306431540320569 0
6587 0.08305032872810102 0.8110442393781536 0
6588 0.1398331994722513 0.9214861965149119 0
6589 0.1539881134146691 0.9067073985246934 0
6590 0.3240307780587007 0.7908499634133836 0
6591 0.3158198615180179 0.7830246615232174 0
6592 0.3184908561884072 0.7720064214227774 0
6593 0.3076291653418991 0.7752050636449269 0
6594 0.3104985152376743 0.7620299392419209 0
6595 0.2989514232012188 0.7670509791752702 0
6596 0.2965904460761821 0.7783401935247276 0
6597 0.2884880002948135 0.7708372176188623 0
6598 0.3217654997720134 0.7610119101928805 0
6599 0.3293411166449026 0.7687974319145989 0
6600 0.6824852765581746 0.3657964872646802 0
6601 0.8102538505441456 0.2744863887666605 0
6602 0.8102294153056816 0.263664390523666 0
6603 0.07469309097607245 0.8454915336010291 0
6604 0.4600630933700356 0.9905038745303238 0
6605 0.3868579039593767 0.9897834157175005 0
6606 0.3750159864857575 0.9897024405372424 0
6607 0.3690718338941162 0.9794188305430712 0
6608 0.3577824366233491 0.9797365902508102 0
6609 0.3642472840176952 0.9697525024703271 0
6610 0.3752495437594812 0.9693048445296945 0
6611 0.3513335686788571 0.9897337715529791 0
6612 0.3460110516382052 0.977557485788567 0
6613 0.3394352554838632 0.9893916327553194 0
6614 0.3333675037144161 0.9794791725256414 0
6615 0.3808615112060282 0.9795227863634628 0
6616 0.3867560670698393 0.9692355204457292 0
6617 0.3809682377462436 0.9590040099122448 0
6618 0.3921851224092579 0.9591869231543177 0
6619 0.3869117287092861 0.9490001969763872 0
6620 0.3751228729711206 0.9474813555168438 0
6621 0.6608275870824992 0.9901327706311425 0
6622 0.6489935324918485 0.9897339972589241 0
6623 0.8232279640981817 0.5686381835558663 0
6624 0.8206652888163014 0.5797858036900567 0
6625 0.1635126852849799 0.5259799866935074 0
6626 0.6130722215494725 0.1145932014814679 0
6627 0.6035884431954304 0.1292201138472652 0
6628 0.4873283057932741 0.113051295512346 0
6629 0.4793322393463795 0.1090893685785168 0
6630 0.8894334761337803 0.3338481544824835 0
6631 0.271585933565774 0.3739912381069984 0
6632 0.01009342658234623 0.4464299616601891 0
6633 0.01003183867551095 0.4586110755950087 0
6634 0.02044602183249184 0.4642006827992257 0
6635 0.05819329171698418 0.1117341538497378 0
6636 0.9418068479641549 0.1117339085204232 0
6637 0.5940060720817645 0.02219927944180837 0
6638 0.1022433235402068 0.6890678335665326 0
6639 0.1246739360085068 0.6825203090465779 0
6640 0.5296332818719103 0.9896986234192335 0
6641 0.5238095238114401 0.9794135714458562 0
6642 0.5351497287542587 0.9794209911580737 0
6643 0.5165562563368976 0.9688382081869911 0
6644 0.5415502603921954 0.9898711384921426 0
6645 0.5491557970000375 0.9791753551374982 0
6646 0.5400657796346565 0.9683596680194305 0
6647 0.5612836641046042 0.973705933450265 0
6648 0.199174940291956 0.1298298110065299 0
6649 0.4875811085915451 0.1034873031617244 0
6650 0.8008307255854885 0.1298344356915107 0
6651 0.9892819022591021 0.7559131131052114 0
6652 0.9789651393105177 0.7495973536952871 0
6653 0.9868179721115762 0.7696680018732106 0
6654 0.9665803017706504 0.7538141326272162 0
6655 0.716852889086238 0.6940161842152703 0
6656 0.2553351793850769 0.7800394753920759 0
6657 0.2663119489411708 0.7768296000850993 0
6658 0.2580712545521981 0.7689876259570874 0
6659 0.2705012468133997 0.7649427117808449 0
6660 0.2607805173351996 0.7578429796465114 0
6661 0.2804592302495716 0.7564149905065976 0
6662 0.2772571427630801 0.77361725701779 0
6663 0.2745981812268797 0.7847412532392939 0
6664 0.1106911334180894 0.6971699241434278 0
6665 0.517542494354793 0.6718227162073263 0
6666 0.6285104177818024 0.3241765912287823 0
6667 0.709513335795307 0.917085095736451 0
6668 0.9901615365909718 0.528951733834967 0
6669 0.7952169953336266 0.9546723749930521 0
6670 0.4431712926100255 0.1263933676803461 0
6671 0.4339238196899586 0.1848238328378297 0
6672 0.4784883683921304 0.2415845424614931 0
6673 0.398186949896066 0.1847317063181519 0
6674 0.2074488099777619 0.3603254813651634 0
6675 0.6112064414710314 0.05188508602520897 0
6676 0.7496429477352298 0.7643376976581726 0
6677 0.4340974243503274 0.1240997293472289 0
6678 0.4251444162426089 0.1264068346442725 0
6679 0.3801960232410629 0.195039695621932 0
6680 0.7925263521645318 0.3602796502229618 0
6681 0.7019482403550931 0.07347384471888403 0
6682 0.4573731818467248 0.05348172932499951 0
6683 0.3431987277257932 0.2724759328082634 0
6684 0.0710169111125144 0.6453423415544168 0
6685 0.07409543504270806 0.634514369114574 0
6686 0.3805361131753874 0.1330334018538537 0
6687 0.9896901737644459 0.6607142857133921 0
6688 0.9782607891275248 0.6674523171449024 0
6689 0.9790815147078551 0.6542246799569347 0
6690 0.9693149375732525 0.6469234911552242 0
6691 0.9898068436541989 0.6486038945661966 0
6692 0.469831701644683 0.1237149367642716 0
6693 0.316509461489061 0.1561662272821003 0
6694 0.5406252913053606 0.09282118102909127 0
6695 0.5318816644440582 0.09813786335935182 0
6696 0.7018894192776131 0.04285377874913974 0
6697 0.5749635603942619 0.3755334119607427 0
6698 0.1469181820387511 0.5928001969448317 0
6699 0.5189906134949244 0.03826181027806087 0
6700 0.5189952775163866 0.02812228376918515 0
6701 0.5277734291100352 0.02304800766106438 0
6702 0.5189965739224084 0.01798720662678455 0
6703 0.5102583823122266 0.023138836306324 0
6704 0.5103508941034007 0.01366504662121317 0
6705 0.3522031602343974 0.3806530047749909 0
6706 0.009738186135973534 0.4926800948903172 0
6707 0.01043783011235827 0.5180709774325545 0
6708 0.009707997593011424 0.5300055185272325 0
6709 0.1625213408638562 0.9148328465113844 0
6710 0.3981210831416553 0.886795472661854 0
6711 0.07419832489277145 0.718424045664118 0
6712 0.1195660647512805 0.7896883322577756 0
6713 0.1110414951853013 0.7815750272650217 0
6714 0.8961482012693045 0.9296270636489991 0
6715 0.05833006350727986 0.578192929219759 0
6716 0.9267712976552366 0.8880236461251051 0
6717 0.9154661135684714 0.8914858280215948 0
6718 0.4162343177555854 0.1332216771551364 0
6719 0.4165949615058209 0.1239106728504568 0
6720 0.7085369080546259 0.9897551255647002 0
6721 0.6105523984960366 0.2517500349660298 0
6722 0.6015919932084709 0.2466352648628989 0
6723 0.6747037787823358 0.1929946058580602 0
6724 0.5751716932517905 0.2108000392249388 0
6725 0.5758717705726665 0.2014462186740997 0
6726 0.6930319474347929 0.1508067867674323 0
6727 0.4045009601171439 0.06358398194770734 0
6728 0.9105851769639722 0.434095619693271 0
6729 0.9096690211992118 0.4237603856517649 0
6730 0.4963086864960086 0.1797528687529922 0
6731 0.5482951981415682 0.2365040075778623 0
6732 0.5680095106023695 0.03713954187546253 0
6733 0.6374987773396839 0.3604297770891488 0
6734 0.386525414472493 0.6295548360624458 0
6735 0.4785133120380666 0.1900517375404037 0
6736 0.295151354760248 0.9283541062619662 0
6737 0.08808113481058863 0.6614964930367899 0
6738 0.09077350947041032 0.6504900478176119 0
6739 0.01037042627177625 0.5651339656901813 0
6740 0.02029630327483703 0.5709537837398624 0
6741 0.6195208365275736 0.2569019830453206 0
6742 0.5383360301273578 0.9377753685071749 0
6743 0.4750326721288983 0.02334381009344581 0
6744 0.6285236160994934 0.1690355053500036 0
6745 0.6200686670357355 0.174333645518535 0
6746 0.6204738820807723 0.1634246205569082 0
6747 0.6108637252211256 0.169282145737178 0
6748 0.620147354639647 0.1846821427400896 0
6749 0.9901399194724864 0.8161054384160265 0
6750 0.5175414316277824 0.6502613940670997 0
6751 0.3630870610832733 0.10290902935141 0
6752 0.07152262425887765 0.7718628846043134 0
6753 0.9172324727752521 0.6955761969180667 0
6754 0.3080718384400578 0.2461080753845022 0
6755 0.4591586365132843 0.3602982017503372 0
6756 0.2580296495981443 0.8516544456415946 0
6757 0.3790433244397096 0.3757817006874307 0
6758 0.3792404216036203 0.3853903574020533 0
6759 0.4517671295625161 0.1951650346443659 0
6760 0.4816274542916352 0.8823912327982262 0
6761 0.1467897373457907 0.4259619046605276 0
6762 0.4135839036527312 0.7946822817589043 0
6763 0.8988632252451946 0.9181056770567989 0
6764 0.5967259756809459 0.8267731545035276 0
6765 0.5932712972946957 0.2013971028714758 0
6766 0.13692893272443 0.8904338028749296 0
6767 0.32710010662067 0.1330082139081901 0
6768 0.3169102375350941 0.1458516035028354 0
6769 0.5102052846956145 0.03319728301721356 0
6770 0.7873251314295391 0.6838192452395964 0
6771 0.8558568881462693 0.5178359607142566 0
6772 0.6195615250361173 0.3189951857633904 0
6773 0.8392858655526553 0.9896990102565614 0
6774 0.8344826409474253 0.9800023801246872 0
6775 0.8460665605951674 0.979682433619278 0
6776 0.7096433086432363 0.2570847672297467 0
6777 0.9903767279660081 0.2083164099757232 0
6778 0.4339298781687684 0.1642067828384501 0
6779 0.8807392559399291 0.4513169016179019 0
6780 0.8708211372663534 0.4462266870607846 0
6781 0.07768716352231886 0.8766425348201592 0
6782 0.6824321148976917 0.3761245582323408 0
6783 0.4397501182322989 0.05346566978090368 0
6784 0.4661926133270836 0.03826252652639577 0
6785 0.3169068731528892 0.2410180149649385 0
6786 0.3256873081746743 0.2460675698308062 0
6787 0.1747457099977072 0.6472959502766213 0
6788 0.4159329452389906 0.2468260307850355 0
6789 0.5389634810908855 0.3853567226354156 0
6790 0.628495260094731 0.2620671914739157 0
6791 0.7019705884146514 0.1767612515296937 0
6792 0.5579687663026582 0.201453816500355 0
6793 0.5050233875948784 0.1027555327621885 0
6794 0.01038383811247521 0.8154411069140404 0
6795 0.02088177130705807 0.8094495649201601 0
6796 0.0205035893386757 0.8214117027598281 0
6797 0.01032220984629023 0.827359490641572 0
6798 0.02059521950852109 0.833307302803359 0
6799 0.03033696498558712 0.8274500257138395 0
6800 0.03091664956349408 0.8392154709022057 0
6801 0.5935638120926031 0.08243387103439638 0
6802 0.2898097251176117 0.2572693919072609 0
6803 0.2898071324188286 0.2675645783125489 0
6804 0.4680376238982382 0.3140076445418867 0
6805 0.2612233294717112 0.6218819022835503 0
6806 0.9290383085069707 0.7342468977776992 0
6807 0.6288583863616287 0.189851560677453 0
6808 0.6101355141737996 0.1889197631116468 0
6809 0.4947758747590741 0.2984889405161831 0
6810 0.4858464399053952 0.3037092196137876 0
6811 0.4947882919477355 0.308790233922393 0
6812 0.1844983365191057 0.9897125891938081 0
6813 0.1889409271441799 0.9798255762885026 0
6814 0.17791718616709 0.9798177072529143 0
6815 0.1725408974671727 0.9897886843311605 0
6816 0.166801991524287 0.9796198170748892 0
6817 0.1725824274419513 0.9697367986607784 0
6818 0.1601369588930041 0.9682779264372791 0
6819 0.1678111646428006 0.9589675768475565 0
6820 0.6105587598574276 0.3755350466399798 0
6821 0.6104980233370152 0.3854472030262401 0
6822 0.009921043105005776 0.8511898470965211 0
6823 0.02177597802916522 0.8468746824758915 0
6824 0.5482720381019739 0.2674898739608628 0
6825 0.5481592729447924 0.2778526940629186 0
6826 0.6675874646772587 0.9195007375435582 0
6827 0.7638468038333812 0.04764609467600668 0
6828 0.5303800413785242 0.349936760832772 0
6829 0.476973488136813 0.3705270466029376 0
6830 0.5363991369068767 0.02791249940413545 0
6831 0.6675905041781067 0.6918101433049512 0
6832 0.5661376608770443 0.2571459994961063 0
6833 0.9535026266700883 0.8685665878124842 0
6834 0.5926960570717155 0.2931483383596605 0
6835 0.7436923798644075 0.4514110620093433 0
6836 0.4947761009137992 0.3602545057653523 0
6837 0.4858572590370405 0.3756107178577746 0
6838 0.5660146821907682 0.339626938302567 0
6839 0.5928971541797958 0.2312986080981812 0
6840 0.1493696963216945 0.9898294917085512 0
6841 0.4164204335389652 0.2868570439386254 0
6842 0.501410989250078 0.03828739052083102 0
6843 0.8339965424236995 0.7003234555863497 0
6844 0.4680346019693932 0.3345788142003506 0
6845 0.05446317936896106 0.6294479627935883 0
6846 0.5304927896167058 0.2468603952745574 0
6847 0.521074265614994 0.2405643803247779 0
6848 0.009660697552491162 0.8750149881154308 0
6849 0.02143349972933975 0.880233174117751 0
6850 0.6914395063092571 0.2667653374817735 0
6851 0.3891096002336437 0.2209044419723591 0
6852 0.9897088462830591 0.8988372040010534 0
6853 0.9770134167126062 0.9059341182171025 0
6854 0.9813540889695631 0.9164680705618147 0
6855 0.9901976104925488 0.9221160810993317 0
6856 0.0523702594754895 0.9376214392009099 0
6857 0.9787960064317295 0.8928155471185396 0
6858 0.5303901840819569 0.3602175439767077 0
6859 0.5660207486740891 0.3499137858283795 0
6860 0.5391408238961367 0.2003424315626089 0
6861 0.4250624272698256 0.1384868845160618 0
6862 0.752906419970462 0.5135797246510359 0
6863 0.6559674873669084 0.1945149850988266 0
6864 0.8152427644881312 0.7371250586685899 0
6865 0.6106025796541665 0.2931492524092911 0
6866 0.9188638927369459 0.3860127089654134 0
6867 0.5392257059585006 0.3139140731746738 0
6868 0.2712665173027373 0.09902796113100239 0
6869 0.3538070876150359 0.1381916450748952 0
6870 0.5214771255462481 0.3550846037379654 0
6871 0.8279943166758263 0.1995307276161217 0
6872 0.9488872771126595 0.4140982599332451 0
6873 0.6105918142319422 0.2827981519647659 0
6874 0.8250419810440356 0.6513678525446046 0
6875 0.8168638165632838 0.6433771670047574 0
6876 0.3425833016786158 0.2834163517760351 0
6877 0.3250346757864551 0.1822103487621438 0
6878 0.3433139367114059 0.1828895234058106 0
6879 0.1472389003535341 0.7183018042686474 0
6880 0.6200367506925544 0.04682612777525738 0
6881 0.434308742909327 0.2868525849365512 0
6882 0.5214856313227698 0.3756216941272418 0
6883 0.6283206397609586 0.1596896610012598 0
6884 0.1005514793076757 0.2939316533644984 0
6885 0.09063692374535605 0.2994597576053722 0
6886 0.08106958962439721 0.2933232777959285 0
6887 0.09127278125694999 0.2876493107360827 0
6888 0.07102644796401736 0.2989978981143386 0
6889 0.7462816470613298 0.0273788108391949 0
6890 0.7738440553202204 0.1455378059701647 0
6891 0.9299315889283596 0.4700130972047304 0
6892 0.4516123165785706 0.2674630731162032 0
6893 0.460581675311276 0.2727537587623997 0
6894 0.4692512527121525 0.2670296828949915 0
6895 0.4773562551520287 0.2711950948894019 0
6896 0.9012431489508086 0.5838127670433847 0
6897 0.2261481901080537 0.1455358452649541 0
6898 0.4071334874320516 0.1796008815702854 0
6899 0.7287388160504101 0.09904248545226965 0
6900 0.4239965405753795 0.7159177609545521 0
6901 0.4072074049664863 0.1589927209067418 0
6902 0.7308434872857223 0.8681915674851448 0
6903 0.3518721115516411 0.3296895898470119 0
6904 0.989690483964645 0.8511910134725924 0
6905 0.7920105823172445 0.1560037782670858 0
6906 0.3352322122475778 0.2312188692024682 0
6907 0.4695669768712398 0.2364216990835219 0
6908 0.1720152372302722 0.1995193093850364 0
6909 0.207961287869939 0.1559468585826871 0
6910 0.3861676839571903 0.7161173279438694 0
6911 0.3858915868954831 0.7273767197900384 0
6912 0.8630132916645155 0.9897777975932556 0
6913 0.8690476190594518 0.9793814659178458 0
6914 0.4221036018688247 0.08399445013672144 0
6915 0.1718786240423584 0.5752254472106173 0
6916 0.07995185035529546 0.7379239874664121 0
6917 0.2438715208902678 0.1554373424311282 0
6918 0.4516234692616764 0.257157762441284 0
6919 0.9900053411984093 0.8748412314228791 0
6920 0.5572254803830403 0.2313308233490247 0
6921 0.8863775408063171 0.9884001434329324 0
6922 0.908947903004461 0.3686006391786082 0
6923 0.8990574995360971 0.3626159942246865 0
6924 0.6374124738185272 0.2361829612848707 0
6925 0.6375159520953824 0.2259218433011756 0
6926 0.3803250010305757 0.2567608472985977 0
6927 0.3710447299261346 0.2613828986765217 0
6928 0.4518009378346609 0.1848624715361939 0
6929 0.1011231956331671 0.9897493948158905 0
6930 0.1078256706700196 0.980030085275069 0
6931 0.0960278090278595 0.9783201536186223 0
6932 0.08946835467927852 0.9898431699485358 0
6933 0.009956000158998267 0.9230989543309726 0
6934 0.01955435698324177 0.9288021101055275 0
6935 0.9108275538607513 0.9898292204393579 0
6936 0.9226399113119128 0.9897121200319738 0
6937 0.9285780561492971 0.9793851249850885 0
6938 0.9400437826050099 0.9796309820184096 0
6939 0.9340351673497996 0.9695849250106235 0
6940 0.9223460702093684 0.9696241749348126 0
6941 0.9283482404365193 0.9605905136715678 0
6942 0.9162886331433208 0.9795328942184219 0
6943 0.9464255320676762 0.9896884190338304 0
6944 0.06429827686759992 0.9888157523543477 0
6945 0.01006982946846061 0.9464284807373892 0
6946 0.01999145024912525 0.9519983373498643 0
6947 0.0222405982515828 0.9642323439192855 0
6948 0.0105357540698084 0.9701516094327431 0
6949 0.02061963864951145 0.976187251389192 0
6950 0.01939824335567553 0.9890447546722788 0
6951 0.03074061955125912 0.982442132481383 0
6952 0.9880377868410261 0.9466194564637217 0
6953 0.9712982449321992 0.9894780971924524 0
6954 0.4502621964341243 0.3654499194350698 0
6955 0.1469693543202511 0.6344534937591793 0
6956 0.5571028777019387 0.3447723538975263 0
6957 0.1849028785557841 0.8658471791992606 0
6958 0.1450421725708998 0.8139481759419971 0
6959 0.7376056306324765 0.9295580689078939 0
6960 0.4070847887867018 0.2105550169186707 0
6961 0.6669339873622319 0.6485805033682057 0
6962 0.5049265407485675 0.2155440626773442 0
6963 0.4963038924567555 0.2106264299417641 0
6964 0.583864973349669 0.3704791915916418 0
6965 0.5303263609610256 0.3190762911203042 0
6966 0.5125109541990776 0.3191130103134369 0
6967 0.2001211525375071 0.1092245935001693 0
6968 0.79987977980805 0.1092471347725482 0
6969 0.2354838143963491 0.10918133516926 0
6970 0.4248471225475399 0.2623852237386233 0
6971 0.4412951026137014 0.3192105975615583 0
6972 0.5840055546521254 0.236468884291031 0
6973 0.592763300357474 0.3447560302432259 0
6974 0.3095322919938708 0.9559264280773694 0
6975 0.5481584039878548 0.3190510889452249 0
6976 0.4235603438776306 0.3706013167487917 0
6977 0.469587981708753 0.2157996751978404 0
6978 0.5571077721138056 0.3653367247714473 0
6979 0.4898655733518635 0.008376635892273578 0
6980 0.938747786724038 0.9274016289589021 0
6981 0.5707070707059386 0.008085911825527281 0
6982 0.7645181077082515 0.1091864675578168 0
6983 0.6016556849916457 0.2983178915382589 0
6984 0.4413115937746393 0.3397610201226839 0
6985 0.4323890123950573 0.3346339265870477 0
6986 0.4323815255861439 0.3243644706298811 0
6987 0.423457301806393 0.3192485446504079 0
6988 0.6306436890567717 0.8576196117250986 0
6989 0.3892643279097179 0.008293632038441705 0
6990 0.1116175089682446 0.9085832529903679 0
6991 0.3173637991428596 0.009926405384412501 0
6992 0.04316110035352213 0.7588776087021935 0
6993 0.7931082321859063 0.00812690063443686 0
6994 0.932168799602637 0.1401945223772219 0
6995 0.9321778800403142 0.1513713738250144 0
6996 0.9420090466115606 0.1570215071462942 0
6997 0.8686999130598638 0.9487367797008504 0
6998 0.06783084913311657 0.1402120842199888 0
6999 0.0678145895349421 0.1514047042389766 0
7000 0.05799206877888452 0.1570301258483841 0
7001 0.4057251814084595 0.370666853881754 0
7002 0.08925833145076084 0.915920736299882 0
7003 0.5482852693727817 0.2261784580831334 0
7004 0.7053340808241491 0.8448320008704787 0
7005 0.4947894931797348 0.3705080850680865 0
7006 0.4872511317939968 0.1437166599726862 0
7007 0.4874113251532997 0.2364220920670057 0
7008 0.4160178355472755 0.2054117036459883 0
7009 0.9105190214894537 0.8139161458652042 0
7010 0.5806762721706762 0.007858530764668584 0
7011 0.4883771859028922 0.2582128843349072 0
7012 0.5081106695192042 0.6665268091812981 0
7013 0.5927601101714879 0.3344580297753575 0
7014 0.6915185206298095 0.3398416901497539 0
7015 0.3072954860538692 0.3764100039932375 0
7016 0.3162518585287381 0.3816709784357827 0
7017 0.8031968312575655 0.6584449779306044 0
7018 0.1143913246114324 0.9396875456302656 0
7019 0.8046479877776975 0.908790949741508 0
7020 0.4744839648014332 0.08325804595463754 0
7021 0.6464785555241761 0.3034646832165888 0
7022 0.4338807530097499 0.2157547413722501 0
7023 0.712794748009544 0.8113450498038858 0
7024 0.6824564631212173 0.2928500909564523 0
7025 0.6080138406564003 0.8232198988383548 0
7026 0.776284269339756 0.8963818051896488 0
7027 0.8036918135408905 0.8666892003380605 0
7028 0.5050054968630986 0.1437355758988059 0
7029 0.124839986970655 0.7247480876243165 0
7030 0.6485360236164512 0.09413233731614169 0
7031 0.6308928058318852 0.1146607845703989 0
7032 0.3484186111347273 0.008399996166881953 0
7033 0.3700080283788581 0.008653377909105898 0
7034 0.2073074612621527 0.4910790629762359 0
7035 0.3607237032732622 0.303824000105113 0
7036 0.3803024643221724 0.1846872787313965 0
7037 0.6839070044941147 0.18736239087545 0
7038 0.6842327094369317 0.1146006666597785 0
7039 0.4769432175155486 0.3397134814354613 0
7040 0.1792636263210954 0.5203471175462702 0
7041 0.8527493949775312 0.9255589764452524 0
7042 0.5036405433551077 0.3345458618400317 0
7043 0.4428561094446791 0.1590861347787523 0
7044 0.3094354714399686 0.7275010815454946 0
7045 0.319242678385961 0.7108182400939951 0
7046 0.04327290534449223 0.9712343941931652 0
7047 0.5493243422690101 0.1181762346866714 0
7048 0.6613284476031872 0.007890796299340469 0
7049 0.5048555161246578 0.20540083542751 0
7050 0.4606060263424258 0.1488030813545759 0
7051 0.398265843209843 0.2669641113576308 0
7052 0.8351637358981565 0.7829217789265019 0
7053 0.2180868427592703 0.5192754783651052 0
7054 0.211107715817297 0.5367484694366523 0
7055 0.3622132694567706 0.215708865399435 0
7056 0.8949738733870358 0.7024596284431235 0
7057 0.52312553190593 0.1952463432262205 0
7058 0.1909562921567976 0.9277637058424635 0
7059 0.2021917429963769 0.9243532150858702 0
7060 0.6375302571171314 0.3397698236932009 0
7061 0.07523727172032665 0.9732246322611779 0
7062 0.8320036338747017 0.5364450915630272 0
7063 0.4606540876872074 0.2209436956275962 0
7064 0.5749110791350687 0.3138735637685012 0
7065 0.5670863057738872 0.0773146504851315 0
7066 0.3621809870301423 0.2364096225846053 0
7067 0.1964145804883261 0.9048520174976151 0
7068 0.6376874555039362 0.03669506430850122 0
7069 0.4309210815187645 0.07889452467139825 0
7070 0.08900093644626279 0.8732052856822698 0
7071 0.2938958302089385 0.7894256291555342 0
7072 0.3532247133931179 0.2208585702551338 0
7073 0.930274746752711 0.5009127449817669 0
7074 0.05046159542013033 0.0407597934186307 0
7075 0.4145904334767641 0.3449398951149099 0
7076 0.2218912003048689 0.5653635424007952 0
7077 0.5646923843712719 0.6875958292188769 0
7078 0.07236115919418538 0.9424523362900685 0
7079 0.04068396511644101 0.8557854061201444 0
7080 0.4961316855447091 0.138598696766339 0
7081 0.5227251638670679 0.1232546426838864 0
7082 0.6374853814460039 0.2879536214852144 0
7083 0.3598812928021541 0.04807968261794176 0
7084 0.4746666346563655 0.07329070407727124 0
7085 0.9672174035346071 0.9401650673384692 0
7086 0.5359844632560173 0.05812883435171626 0
7087 0.920507972269287 0.7262477640467401 0
7088 0.3878422404751837 0.3501292734609392 0
7089 0.3131222783478442 0.7940669215487041 0
7090 0.6285209484364396 0.3551476023705287 0
7091 0.4952296575281225 0.8677842148111826 0
7092 0.4324114597740261 0.3449195348481283 0
7093 0.3212631724535212 0.6242027948795719 0
7094 0.3207417008771403 0.6134542992427896 0
7095 0.5847961854645295 0.04679309333409497 0
7096 0.1660582520902813 0.4335142985020377 0
7097 0.6839883513135244 0.1768277069195952 0
7098 0.2070865775060016 0.4122095635394797 0
7099 0.4924638260813443 0.0634235628087452 0
7100 0.9516537173378091 0.9673941277571914 0
7101 0.4125229814772202 0.8356370965100296 0
7102 0.2800833826957441 0.1351977162076307 0
7103 0.07057092815535863 0.3450925487159001 0
7104 0.5414306685795689 0.1844984862207742 0
7105 0.6398078502539788 0.1403481475673947 0
7106 0.8609952250066752 0.4514981259500753 0
7107 0.04917780653125434 0.8636989964474191 0
7108 0.3785605252070213 0.8166985267969767 0
7109 0.06077023207361354 0.9030398170152809 0
7110 0.9121358004243449 0.05205530426945525 0
7111 0.08786437218354523 0.05205565250535206 0
7112 0.4606441787281202 0.2312577677959915 0
7113 0.1420420531605103 0.7831395290134209 0
7114 0.1335822742082927 0.7750866041847442 0
7115 0.1875601169123218 0.8125196932451435 0
7116 0.4133313449281233 0.05851231041828103 0
7117 0.174642636798103 0.6055918168192793 0
7118 0.728473284932817 0.04783441387643872 0
7119 0.05216499833988905 0.8948623673500317 0
7120 0.0609647005351517 0.9458125304906406 0
7121 0.0639109308951672 0.5552980310329496 0
7122 0.3536674511964436 0.1276557284577008 0
7123 0.2715273076277065 0.04779118390651139 0
7124 0.1506571643161613 0.9605120534611331 0
7125 0.7899736651580317 0.67299995804715 0
7126 0.3957673339590203 0.04829901349394539 0
7127 0.5581922713030001 0.1130702135453952 0
7128 0.712994305728759 0.9478669784565303 0
7129 0.2978073853334384 0.9169232773647782 0
7130 0.4485517850628309 0.0789115102117591 0
7131 0.8702224921701333 0.7204740987919278 0
7132 0.6575675033290348 0.1197692608091421 0
7133 0.5392503715474273 0.3242088542350231 0
7134 0.05998649738197057 0.6907891084481445 0
7135 0.4428788177701797 0.1796953595037207 0
7136 0.7289488574425688 0.1715145696230023 0
7137 0.9496355578747875 0.04070803606062394 0
7138 0.5758790763386765 0.1028432736558246 0
7139 0.6111935118952962 0.04171844085572636 0
7140 0.6930892268746499 0.1404173053797207 0
7141 0.2515327227465242 0.571146079968114 0
7142 0.2889581565328205 0.1506529980365628 0
7143 0.954110683995181 0.7160209388212195 0
7144 0.2069136337767153 0.008113163031100835 0
7145 0.4128266762313047 0.1091845976594096 0
7146 0.1163829505582646 0.9714047829385783 0
7147 0.1749798695522183 0.5640364599755975 0
7148 0.5924815096522558 0.6496077949267679 0
7149 0.08002894449294332 0.7800258442066406 0
7150 0.03023186738422018 0.04095510290278014 0
7151 0.3983287336651473 0.1538198790899507 0
7152 0.6127011159435933 0.156639935372556 0
7153 0.3791005207851257 0.9240367535473071 0
7154 0.395609887145484 0.08905322184010855 0
7155 0.6023848730669146 0.07733663167438491 0
7156 0.3067772759399327 0.3141507921995565 0
7157 0.6737071362937004 0.3916077311825624 0
7158 0.2709476788373181 0.1609458796474841 0
7159 0.5748868426967161 0.2932576353555316 0
7160 0.6824963129137127 0.3137782294904347 0
7161 0.01970240934961941 0.4164258167447855 0
7162 0.02999463809919385 0.4376196520342103 0
7163 0.3610806159664872 0.3553545986799899 0
7164 0.6391910623408001 0.6867572548237229 0
7165 0.9349761098254239 0.6162215253619574 0
7166 0.9072400995534897 0.6031822943662817 0
7167 0.1974360342137338 0.4968022242162132 0
7168 0.6449699859085343 0.8844532000180304 0
7169 0.4794530417424914 0.008253947945060999 0
7170 0.2997263798980109 0.6994806078681819 0
7171 0.8993174051890307 0.9606291152637617 0
7172 0.2891887673989719 0.03760941874901724 0
7173 0.289050553579374 0.1197013399794376 0
7174 0.6286457910867068 0.9526336807311948 0
7175 0.9301118178212305 0.9192953465370884 0
7176 0.1442393345705608 0.6874661198473923 0
7177 0.4750072427090625 0.04334015627177779 0
7178 0.889416580310935 0.3223951724159087 0
7179 0.7109772626521746 0.1196994992416172 0
7180 0.18020709313777 0.5832651153630127 0
7181 0.9688155724171521 0.4026056604471382 0
7182 0.3716038373546847 0.1589063324539801 0
7183 0.6219812063881204 0.1197869040086287 0
7184 0.04610401503447107 0.7899186729797723 0
7185 0.149777727505096 0.6649476679271145 0
7186 0.60167850292013 0.3498928407041417 0
7187 0.2072435528009801 0.4345240763927488 0
7188 0.3337683510251998 0.3090331329398453 0
7189 0.8148572371703722 0.5198262884557717 0
7190 0.09392755285391605 0.7231740845098953 0
7191 0.1653645186159551 0.9474400614353896 0
7192 0.2274232992205812 0.9062216853599726 0
7193 0.7883858708232405 0.9349444636584656 0
7194 0.7034923702459231 0.8978644925236881 0
7195 0.7198705188843253 0.2082433027395855 0
7196 0.8199427342477577 0.2577849268927482 0
7197 0.9554546525510795 0.9008215172337517 0
7198 0.2532189918039972 0.1299711326747236 0
7199 0.1102326347706995 0.3222811431355841 0
7200 0.3511656303100938 0.07353782811179428 0
7201 0.1800474993101996 0.2577760258396089 0
7202 0.2537735395875114 0.06813727140711087 0
7203 0.6645176874770965 0.345088657648786 0
7204 0.7656731561984153 0.9423055260342654 0
7205 0.7462356633193634 0.0681790054001233 0
7206 0.5739608337450824 0.6820401923096323 0
7207 0.8903279840667967 0.767028610653133 0
7208 0.3247698913213996 0.3038467948030398 0
7209 0.2978287339583753 0.176534144833225 0
7210 0.5741248348858776 0.6928434835734683 0
7211 0.04307856975803212 0.7169476341266086 0
7212 0.1974809268906062 0.4626648578163673 0
7213 0.583826296886634 0.3087099246096849 0
7214 0.4485591608120545 0.04839553485743017 0
7215 0.709645353300596 0.2774166027368491 0
7216 0.8463073908719831 0.8682203692702792 0
7217 0.5829487031212861 0.644302011426924 0
7218 0.4769301906516188 0.3191377464765309 0
7219 0.7532319536433891 0.4793438340121989 0
7220 0.1427258933870389 0.952613442213496 0
7221 0.3455210820085644 0.9342059059360497 0
7222 0.5650351757067722 0.7093462179925167 0
7223 0.395006910641305 0.9406718738210574 0
7224 0.5660237959972212 0.3704491201337217 0
7225 0.7262301148885335 0.6505275259957947 0
7226 0.2120260427307056 0.5710883800241062 0
7227 0.827798971605201 0.944217787291907 0
7228 0.3333594211324513 0.05307252700003354 0
7229 0.5570243074490669 0.2933172020532104 0
7230 0.9388909815063307 0.8266408816503678 0
7231 0.2714229712442988 0.07846997598768171 0
7232 0.8215661591744479 0.4288285766665477 0
7233 0.8310945433441855 0.4346035737729744 0
7234 0.7285931322902486 0.07849826919674149 0
7235 0.4875915381155838 0.2468256696437835 0
7236 0.7467930143589516 0.1299725010849484 0
7237 0.7651306906738573 0.8998465498243596 0
7238 0.5670899289254515 0.1182389651140163 0
7239 0.08545679658881503 0.7150924060623438 0
7240 0.728053700980925 0.2678315757530295 0
7241 0.05517646631123452 0.9260884649855956 0
7242 0.8218638898839155 0.4621613115288161 0
7243 0.7230980146174152 0.9023070444311038 0
7244 0.04944125180037568 0.8205929315134042 0
7245 0.8102959456507053 0.3398698258186832 0
7246 0.2997527708996574 0.7556708024003335 0
7247 0.2527341814004015 0.2130526058637732 0
7248 0.2610246606883617 0.6889902598023421 0
7249 0.5584301272726016 0.0825672504052298 0
7250 0.3288468799959469 0.7163853413002208 0
7251 0.476934012894458 0.329424438588977 0
7252 0.009470492882452362 0.2080176268647802 0
7253 0.3817483784636376 0.9127113136647528 0
7254 0.8130538879232834 0.7965220191120643 0
7255 0.8697643395268604 0.3335821257013739 0
7256 0.2704971856685153 0.7164432636296645 0
7257 0.07126759015994728 0.6875148147061481 0
7258 0.9271012955430822 0.78765514602941 0
7259 0.1904833360210736 0.8431561369102267 0
7260 0.2158124656357204 0.8672744067902119 0
7261 0.350977636526278 0.9114687272324948 0
7262 0.6760548751292462 0.9676796499600488 0
7263 0.1897258685050275 0.3399329353977076 0
7264 0.8299290979894857 0.8121863924259124 0
7265 0.779695993229944 0.9271529760458798 0
7266 0.610608329018749 0.324144491204308 0
7267 0.2406205136408235 0.54207576396813 0
7268 0.4960593390434869 0.09784068923871532 0
7269 0.3867935363435883 0.08393364975225021 0
7270 0.846687572184285 0.8281517864896748 0
7271 0.4858221841774526 0.3139838340231616 0
7272 0.3702449213255825 0.8743082128575802 0
7273 0.2437111335404155 0.1868020375565708 0
7274 0.4169391456856171 0.8245641117449654 0
7275 0.3947517446537685 0.7902877708972206 0
7276 0.8191033315345104 0.1824978379096318 0
7277 0.1808975366610633 0.1824980255563956 0
7278 0.6664473809253504 0.1146191858720603 0
7279 0.7725208521787282 0.5937150852318738 0
7280 0.9237902577211505 0.7568911478445812 0
7281 0.2784715543695107 0.9546472233435153 0
7282 0.2668969007665671 0.9156290463559312 0
7283 0.975519152153857 0.8048784868700162 0
7284 0.129925462558458 0.3334569333724825 0
7285 0.2049290519998561 0.9129026679031879 0
7286 0.6374979785699393 0.2983040306444654 0
7287 0.4338613747611134 0.2260634609254063 0
7288 0.378913875941606 0.3450102745391627 0
7289 0.7962924265443387 0.78093542421383 0
7290 0.07434283871850512 0.7605231861411489 0
7291 0.4320889449610814 0.9184685938226042 0
7292 0.6309171625523284 0.1454855515350649 0
7293 0.8072019022261464 0.8973622320883089 0
7294 0.02923568181646801 0.6898284487931572 0
7295 0.8192422354212068 0.1612414783637307 0
7296 0.1807579938059725 0.1612416851527536 0
7297 0.6806796731439408 0.8628391088424753 0
7298 0.8496306129263367 0.6332235336116105 0
7299 0.136339211469918 0.7637563461459648 0
7300 0.2478734375679422 0.524619690026614 0
7301 0.4990773867866883 0.7045465714225347 0
7302 0.7650001425715283 0.7397817063913454 0
7303 0.1084155178721663 0.5419163439928969 0
7304 0.7684554657853653 0.9306910364770693 0
7305 0.5214270193367416 0.3242346741268376 0
7306 0.352973673278786 0.1685776302110858 0
7307 0.2856189422895298 0.7816000721168553 0
7308 0.5208902822612848 0.395575796493862 0
7309 0.1253138025576161 0.1511896950453959 0
7310 0.8747039514635067 0.1511592249255529 0
7311 0.3694932724056526 0.2984903809920345 0
7312 0.218523419040895 0.8558864389259828 0
7313 0.4234943982215645 0.3397897448920777 0
7314 0.05462353971701236 0.7980732025266137 0
7315 0.7145711818137791 0.8944215312568606 0
7316 0.7795610278551214 0.7654706419905053 0
7317 0.9067322845473975 0.7409430284005364 0
7318 0.8230751124889093 0.007886894328375964 0
7319 0.1563164097094691 0.01034191554382673 0
7320 0.1769242629313797 0.007874516366380771 0
7321 0.04656172536578597 0.6633334062768579 0
7322 0.747176436288616 0.2131889324754798 0
7323 0.4867388975377536 0.859951452670416 0
7324 0.7788854897446964 0.8849739744100087 0
7325 0.5367039572820165 0.7151061190539193 0
7326 0.8558813568219776 0.1402656313677917 0
7327 0.9473704784176362 0.6544269126994042 0
7328 0.2219363024912328 0.5881289731196133 0
7329 0.4758533408868618 0.3916715907455879 0
7330 0.5085512695719763 0.8532215841952737 0
7331 0.06947771231667764 0.4904555436557881 0
7332 0.4013471415229468 0.9173025195680726 0
7333 0.8931445840639515 0.6181103345135364 0
7334 0.6145433222034654 0.8833824001347884 0
7335 0.5510910420496653 0.8924771235051545 0
7336 0.1470039781276203 0.5513618168483554 0
7337 0.9372631118269091 0.5621969593668165 0
7338 0.7401873347155281 0.9181785300119479 0
7339 0.6530584083468967 0.3953554422863101 0
7340 0.7651804410346463 0.1922720125793098 0
7341 0.7628702373058389 0.5194242717851527 0
7342 0.5815945162273726 0.8935710068103907 0
7343 0.3089974011677471 0.9135598487982024 0
7344 0.3780127361699653 0.05845408376078577 0
7345 0.3247882006184795 0.3142366869239235 0
7346 0.129857899341333 0.3794529884727316 0
7347 0.1497247780054594 0.623218691089066 0
7348 0.7199518330385892 0.1455644348983967 0
7349 0.1362436524358674 0.007804586056369464 0
7350 0.1263966310620837 0.007672042819621224 0
7351 0.8637668431589363 0.007815593716356078 0
7352 0.8736091053228763 0.007673493979185569 0
7353 0.8436917967875852 0.0103592508679015 0
7354 0.5639318570225276 0.9619477127543556 0
7355 0.6110817778034444 0.6601214927737986 0
7356 0.5519871069501232 0.8398073619849942 0
7357 0.9508385064434721 0.68524666944428 0
7358 0.5138590589286768 0.1283571215882477 0
7359 0.4424008892336551 0.6724982759576476 0
7360 0.8986628453951326 0.5950977659717276 0
7361 0.3246876288906473 0.08893150914840758 0
7362 0.8864988644174379 0.6946019529531211 0
7363 0.1255973966321175 0.09686505081302173 0
7364 0.3067756791376287 0.3246158140893562 0
7365 0.7525641987973297 0.7959093912622991 0
7366 0.4415087502024826 0.9684460515445323 0
7367 0.206608135631643 0.3798385308508715 0
7368 0.2798761774635129 0.1869332489901621 0
7369 0.2317947761789764 0.694823317173108 0
7370 0.9131630359928682 0.1952182335317119 0
7371 0.04937260217788312 0.9063869573382357 0
7372 0.4709640882244713 0.7100956657269712 0
7373 0.1167953233563325 0.4248069972274949 0
7374 0.08683299466971486 0.1952189695885046 0
7375 0.2625012838211133 0.08355016810559961 0
7376 0.06055143280459831 0.3739550310721081 0
7377 0.1441071698053309 0.1402452290485375 0
7378 0.9455277356217817 0.7080544557558354 0
7379 0.1821590656493455 0.08854196232804898 0
7380 0.4133370635870922 0.956102698443036 0
7381 0.5838117170857678 0.2984124827763859 0
7382 0.8178387566441603 0.08857600884061775 0
7383 0.2369790035512937 0.4967326433262625 0
7384 0.2416602010606339 0.6106720244789049 0
7385 0.2806595271836205 0.6776350028633138 0
7386 0.6356865617837074 0.8353016925353232 0
7387 0.6885983354485037 0.8291793262602214 0
7388 0.6016747776110821 0.3395988016182547 0
7389 0.3378718149370709 0.8175512196306951 0
7390 0.5082251862848792 0.7540051127637019 0
7391 0.5085349761045244 0.7207521727449132 0
7392 0.1653438409691949 0.903402220586118 0
7393 0.3532062215691728 0.2312151570382088 0
7394 0.8481603976221541 0.7270996593003561 0
7395 0.2471556057429043 0.9109194700386605 0
7396 0.9093562596251296 0.7296138298720862 0
7397 0.07225623471243874 0.521163091671219 0
7398 0.6559629829884037 0.8810541305472459 0
7399 0.7636391398239113 0.7910982428090977 0
7400 0.6821590730124557 0.9466957873176254 0
7401 0.8255819595695624 0.9550752672987303 0
7402 0.6594965149722131 0.9536827884280431 0
7403 0.03659449682346316 0.4156654129333602 0
7404 0.3715301161310804 0.1691792130662174 0
7405 0.95063597091615 0.5864527673300093 0
7406 0.8429493999094212 0.7494489381595618 0
7407 0.04218808428382121 0.8431491202895388 0
7408 0.1777997457739978 0.4288362782471477 0
7409 0.3576870174406942 0.7218672498903206 0
7410 0.5173375667399736 0.861118180786874 0
7411 0.2095466610370885 0.05256708778887841 0
7412 0.7904543431590242 0.05260472522450512 0
7413 0.6983896172649271 0.9205599011179928 0
7414 0.6728578927533385 0.8968022964638492 0
7415 0.8706632306838838 0.4794984997833448 0
7416 0.8510313523289694 0.4460735230849848 0
7417 0.4530898822262397 0.765426704177082 0
7418 0.241636617060426 0.6665040295640369 0
7419 0.9671884413948979 0.8972180551726808 0
7420 0.7237610204474881 0.7423554588712529 0
7421 0.2801775475326243 0.7448630984908713 0
7422 0.8411887261326122 0.4738191852823362 0
7423 0.8313829486304983 0.4793543583659525 0
7424 0.9395859731483207 0.6051292169528649 0
7425 0.167903316094921 0.8497052414069095 0
7426 0.4279573004475999 0.8615291256145129 0
7427 0.2981131453259687 0.3505551039909361 0
7428 0.8993018564043909 0.8172831524774771 0
7429 0.8554520752518263 0.2167285244547483 0
7430 0.856337162389571 0.2266808492650524 0
7431 0.5563831529547737 0.7362725978353409 0
7432 0.4144324417687123 0.7543927296200789 0
7433 0.0806431240816006 0.5292342705732438 0
7434 0.9274174113113334 0.9307950251981281 0
7435 0.9705870521804606 0.4689728666583926 0
7436 0.2528617664382731 0.1712339058909263 0
7437 0.4397377594733183 0.08398794770307932 0
7438 0.8589017598645634 0.5472025007019327 0
7439 0.595171650410407 0.9632644693678813 0
7440 0.7930329864961625 0.4121225370975377 0
7441 0.377787672971043 0.3964607650777339 0
7442 0.9803410595975497 0.498128983482569 0
7443 0.5899231888973431 0.9013509743064503 0
7444 0.7325345072508462 0.5369182089596857 0
7445 0.03289667472122432 0.5114806993979598 0
7446 0.4462985588882543 0.8252327131721322 0
7447 0.7468613110107469 0.1506804654792483 0
7448 0.46846322872785 0.8191374073046056 0
7449 0.8172209368621083 0.6848571130395806 0
7450 0.5115082063784844 0.8060286658445093 0
7451 0.4900119397889374 0.8125748093553627 0
7452 0.6174617013863319 0.9560795727214326 0
7453 0.632734465415019 0.3961438936737821 0
7454 0.2103929310752695 0.670776522162485 0
7455 0.5036228530100424 0.3242665588185391 0
7456 0.1984679748085637 0.2468582552930626 0
7457 0.456020210595269 0.1143291307681754 0
7458 0.3595002030847927 0.7703223443330527 0
7459 0.3347392924184843 0.2408531861084982 0
7460 0.2967772841351988 0.819496146931565 0
7461 0.28010249893696 0.1248489918421246 0
7462 0.0272151276640861 0.5343075322649476 0
7463 0.3672058793697686 0.8190999373651092 0
7464 0.5329514762455633 0.7994968681813731 0
7465 0.4145176432058612 0.6779931306161777 0
7466 0.2093237273606684 0.08342920113623542 0
7467 0.7926549890824869 0.4342153117273824 0
7468 0.7906774208117798 0.08346367249999521 0
7469 0.8831779914987017 0.6643161034792179 0
7470 0.7374732351391688 0.08355895572169655 0
7471 0.3890801215466332 0.2312476541139338 0
7472 0.5546759810511119 0.7921911453229156 0
7473 0.1568015340263189 0.8952868383690629 0
7474 0.8120977115833795 0.4566731428616447 0
7475 0.7830758342733208 0.1822039483396232 0
7476 0.3576151348267133 0.7107626806855498 0
7477 0.8388344321405651 0.3455447083976265 0
7478 0.6489533974749027 0.7138390738936167 0
7479 0.2271415636173101 0.07311938345448556 0
7480 0.8015311280881383 0.2468637639439452 0
7481 0.8660745608732614 0.6484640617432449 0
7482 0.1063023470305444 0.01045158858842386 0
7483 0.8937111927253427 0.01045182024513271 0
7484 0.4812337015989141 0.770161809986406 0
7485 0.772861478769428 0.07315459165305985 0
7486 0.2514136580184563 0.5825024625752694 0
7487 0.6027832062834715 0.08784506560961039 0
7488 0.5769163559091134 0.7853577020635717 0
7489 0.3383418675621657 0.7443358217634267 0
7490 0.8901414340757242 0.9099932334999471 0
7491 0.9067973146897579 0.8833276714668342 0
7492 0.7199185434891576 0.1248313281731235 0
7493 0.5365740769452514 0.6933111360526625 0
7494 0.07756769631913597 0.1456892280230221 0
7495 0.762899852180049 0.507911918187548 0
7496 0.3983005609598901 0.1641118182826324 0
7497 0.1305434085265365 0.535473553593785 0
7498 0.1611557493146403 0.3456215404240169 0
7499 0.5545117186730274 0.6391849808673213 0
7500 0.3607083188936518 0.2934661468121828 0
7501 0.6118777875947741 0.3968208157265882 0
7502 0.2269672706645015 0.4682672209521797 0
7503 0.8103202632510131 0.2853122836001357 0
7504 0.2442443858172398 0.1350770271521524 0
7505 0.08059996519947719 0.3280104855568609 0
7506 0.3976011594080147 0.3970432477040489 0
7507 0.8414386261331557 0.6250256351858854 0
7508 0.3245419179507674 0.05812983156534197 0
7509 0.1896966920122816 0.2853342649633553 0
7510 0.7730169598258612 0.445245955616633 0
7511 0.848394652356258 0.2631338934798524 0
7512 0.7926121334097933 0.467964625945969 0
7513 0.2612029465251804 0.6553584977917127 0
7514 0.1821561568364073 0.07808205361647541 0
7515 0.8178407803989268 0.07811541331370118 0
7516 0.1511882501376409 0.263603476593514 0
7517 0.3675605046694398 0.8854997004639293 0
7518 0.6388468555653544 0.6544331313604549 0
7519 0.1358660483399625 0.6794209254970593 0
7520 0.2654298243464684 0.4344199725252192 0
7521 0.7289815392202736 0.1819171187256629 0
7522 0.04657552782744724 0.9179052743975582 0
7523 0.8196758348413022 0.2254646127866573 0
7524 0.6645145462308063 0.3347006599629999 0
7525 0.08281883453398373 0.7686299140727845 0
7526 0.930389947019679 0.4566404859634307 0
7527 0.9502847230288953 0.4344310936088281 0
7528 0.1803244736536845 0.2254646216697311 0
7529 0.06278931837598917 0.6794020329804826 0
7530 0.9469801381738238 0.7922323132885357 0
7531 0.9145823874231933 0.00898694828321733 0
7532 0.1785669232296522 0.4066998831347933 0
7533 0.5921511493640843 0.3973267722687452 0
7534 0.815856035530979 0.9052867268314386 0
7535 0.1866826488925094 0.7699187384682638 0
7536 0.9097477623880815 0.9685913783783193 0
7537 0.8936243327965745 0.1837375481255263 0
7538 0.2352257087318274 0.3954597425553764 0
7539 0.7109878935475199 0.1507601521047454 0
7540 0.01023635542166722 0.5535714285731381 0
7541 0.4404491788751633 0.9266993620623816 0
7542 0.1063753979398151 0.1837383310470941 0
7543 0.7557957990626885 0.1351337453464166 0
7544 0.8216608996416961 0.406698228595135 0
7545 0.6858180412020286 0.6698715897453736 0
7546 0.6395803795028787 0.7190198010017446 0
7547 0.1594331250697355 0.8416437071868688 0
7548 0.6753467067108698 0.1197440941729121 0
7549 0.009928179542800728 0.8990438004712815 0
7550 0.4333812774339494 0.7103877852007514 0
7551 0.266901903679467 0.9580589516766334 0
7552 0.9501745870467129 0.8232605600833827 0
7553 0.691653717279209 0.2465496728878458 0
7554 0.2005686633907179 0.05762757000408257 0
7555 0.03143453624100721 0.7203812382165885 0
7556 0.1413891265887209 0.5736118021220141 0
7557 0.1793006794615323 0.8464321291695648 0
7558 0.7994315374280304 0.05766449908958502 0
7559 0.4234742356706421 0.3295089659823418 0
7560 0.3439876996520082 0.2360975973707843 0
7561 0.3680584902368658 0.651075212478198 0
7562 0.7631592110703476 0.4736244435558474 0
7563 0.6105962894285888 0.3344395043724139 0
7564 0.1505270512205631 0.2856467586539334 0
7565 0.5303928840291363 0.8465477673492309 0
7566 0.1000930988547956 0.8272898623468408 0
7567 0.1218919168998561 0.6939063110776205 0
7568 0.94910313479806 0.3683797678424732 0
7569 0.8293167292322199 0.3179808650018539 0
7570 0.1790425428668143 0.8043903005887613 0
7571 0.7005375073137095 0.3450471599079875 0
7572 0.1612065927614724 0.2362943207400118 0
7573 0.9373733703236506 0.269336693521801 0
7574 0.8385474273066449 0.2361960585608775 0
7575 0.08056093146616329 0.3394272175123295 0
7576 0.5082546557001455 0.6449835907184904 0
7577 0.04042429207281226 0.3507804678443662 0
7578 0.9593920380534652 0.693225850123557 0
7579 0.6734761705502301 0.308577974344205 0
7580 0.6442930600137206 0.8430338621096924 0
7581 0.08543110337824647 0.008986075256630373 0
7582 0.9688525936854619 0.3456563991773889 0
7583 0.170676346049348 0.3180348063178411 0
7584 0.74145604089026 0.7566408996327141 0
7585 0.2769804650558788 0.4627241905201841 0
7586 0.8686206257181612 0.9598314018927288 0
7587 0.6464443335269877 0.2931150839608141 0
7588 0.4055977397375972 0.3192694624998216 0
7589 0.3676412772993253 0.7780171563946181 0
7590 0.9356652450091045 0.7956790256949526 0
7591 0.377837027158337 0.08913510039086066 0
7592 0.3048687897110246 0.7862249188281918 0
7593 0.3956073630166155 0.7215928635459875 0
7594 0.9224477781074625 0.1456703602633257 0
7595 0.8486048552031249 0.2853764269683262 0
7596 0.06110199856402199 0.4822240323341529 0
7597 0.4397352730575615 0.09421206934392767 0
7598 0.2674039379419585 0.5022759939981543 0
7599 0.9318813874843835 0.1064155860093479 0
7600 0.06811880378523845 0.1064159033010814 0
7601 0.25268949203299 0.2235998081913208 0
7602 0.04397596435313602 0.234422672327977 0
7603 0.513849839668519 0.1386089846649894 0
7604 0.9361869780599328 0.9387130502014129 0
7605 0.05843437655462293 0.1007389402285893 0
7606 0.941565965260696 0.1007383556459604 0
7607 0.5391708234542739 0.8543252182344008 0
7608 0.6672931968008775 0.6809802793927424 0
7609 0.8104580581051947 0.3502425987895084 0
7610 0.5758945150294591 0.1130818161531364 0
7611 0.2978363600018626 0.1869088354589428 0
7612 0.1058492892649864 0.8468652559747781 0
7613 0.5833821927583093 0.6872901334304934 0
7614 0.8406230023756767 0.3964333010982113 0
7615 0.043301495091804 0.8013951479551455 0
7616 0.7471798302876751 0.2236869040417709 0
7617 0.2264147706314257 0.4120279428491266 0
7618 0.06292483393616821 0.2692597558735357 0
7619 0.07213534725738517 0.2860570394402321 0
7620 0.4050537097068198 0.6834019899844848 0
7621 0.07203612744030759 0.393099602898111 0
7622 0.4285024177597518 0.4002663261530212 0
7623 0.4606295308947636 0.1590746853141017 0
7624 0.2356606327288336 0.08853315040388457 0
7625 0.1386886299329031 0.6264433373870563 0
7626 0.1895456532080131 0.3503227550771522 0
7627 0.1253350157704683 0.1183390643676875 0
7628 0.4482133025084598 0.4003736563899161 0
7629 0.5612490646103864 0.4005172040312435 0
7630 0.9496173229392346 0.7807796519055505 0
7631 0.2857428683268163 0.8227379645366122 0
7632 0.1454430607545079 0.8985718243546921 0
7633 0.6768146374689443 0.6862182807946207 0
7634 0.5415156000127006 0.4007058799377149 0
7635 0.7199431789739865 0.1351828490757608 0
7636 0.2890031342600462 0.1403365169076644 0
7637 0.1116103202472181 0.8664870389961647 0
7638 0.3902130211134276 0.920681504057334 0
7639 0.1386631190703556 0.6681404829177635 0
7640 0.4249456648818337 0.2208728547040686 0
7641 0.8464355143190987 0.1566249136914246 0
7642 0.08269054657403474 0.7265094344688852 0
7643 0.3982593736455736 0.1744102512712215 0
7644 0.3868826948176616 0.05336836510621596 0
7645 0.3401520003001126 0.6457709940911197 0
7646 0.3966938432652323 0.3243807668585189 0
7647 0.4699632252086374 0.4008977513009068 0
7648 0.2979549901775398 0.2082092735602651 0
7649 0.8746354210051321 0.1951396818812199 0
7650 0.9033028634502993 0.1565089845027915 0
7651 0.1253670040450945 0.194565800116086 0
7652 0.1535493728236122 0.156619726755411 0
7653 0.1313624101733742 0.2643757698753538 0
7654 0.09671086584824913 0.1565020795539887 0
7655 0.4485281379134137 0.09929686053349564 0
7656 0.2666949939220811 0.8180714767158899 0
7657 0.3269523113898419 0.8208255610121312 0
7658 0.4145476618405637 0.3243925144963503 0
7659 0.4248535844518269 0.2520019081052879 0
7660 0.603545816349132 0.8867601680466277 0
7661 0.09366669680850762 0.2406655396173454 0
7662 0.9063500343914251 0.2406190278963612 0
7663 0.07906842562740071 0.03604873840792362 0
7664 0.9209585479954028 0.03604569785769521 0
7665 0.6930978617266961 0.06837024137162773 0
7666 0.4695119768187205 0.1642167042627781 0
7667 0.1726768199887652 0.08299574703338487 0
7668 0.5750690427256043 0.2622621665687543 0
7669 0.793331868714531 0.3798212218031664 0
7670 0.221945780237321 0.700528377914886 0
7671 0.3398338136316175 0.9148105657852456 0
7672 0.4704362369978009 0.6669779792888268 0
7673 0.6833595505324023 0.8516422512012456 0
7674 0.5670579015761374 0.8666091605830798 0
7675 0.4897835658845438 0.4013969624850685 0
7676 0.5113190921285528 0.400853456945611 0
7677 0.05763371295994549 0.1789837945586667 0
7678 0.4608904387959183 0.6617285172157994 0
7679 0.9423663499928263 0.1789767291202431 0
7680 0.8273179737975229 0.08303158470105471 0
7681 0.1028045823360366 0.8157280484664481 0
7682 0.1698251289059069 0.7539995945164334 0
7683 0.07726388589937014 0.1675203679411914 0
7684 0.8937764232891092 0.07354277126947087 0
7685 0.922737767115686 0.1675169729116868 0
7686 0.7463246638019717 0.07838053530350184 0
7687 0.1723171003036654 0.742032178118613 0
7688 0.2367522723889227 0.4625219588149703 0
7689 0.116065793271889 0.1127108490175136 0
7690 0.3672179608265785 0.7273072253352837 0
7691 0.8854972918238549 0.8322088618485382 0
7692 0.6860402794693082 0.8403002281465249 0
7693 0.6753601952516564 0.130014913589617 0
7694 0.3783773905550079 0.09962417696416305 0
7695 0.8462290726720236 0.1136472849108153 0
7696 0.5036104806988744 0.3139821129554806 0
7697 0.0751859657750039 0.4678975016309259 0
7698 0.6841937983903487 0.07351042391610567 0
7699 0.2643035188140479 0.9692380436914367 0
7700 0.7464055878092009 0.2466626887208055 0
7701 0.2556420767740771 0.9189655755412343 0
7702 0.2981813458115325 0.2192963250363435 0
7703 0.3876831738190876 0.3192760670048448 0
7704 0.07798769808952515 0.4565828860645755 0
7705 0.4991383094805993 0.7153972919312379 0
7706 0.3069312479024662 0.06834053310555205 0
7707 0.764337335276309 0.08855302944749496 0
7708 0.1537812960302975 0.1136437305397744 0
7709 0.9587236655385427 0.8314008933763677 0
7710 0.7770815812725573 0.9385836722889516 0
7711 0.539854515600438 0.8959581618888386 0
7712 0.1530332190300478 0.737892690909968 0
7713 0.06950949863150183 0.447955102218665 0
7714 0.07519081621607999 0.4254198430342464 0
7715 0.4783877648774723 0.1693716579652953 0
7716 0.5139033739127945 0.1489208242280574 0
7717 0.9522190296500115 0.7693772219377688 0
7718 0.503639040472589 0.3036478257883788 0
7719 0.04095171434346957 0.8124046994146835 0
7720 0.122282030115543 0.7783100041096578 0
7721 0.2774910202894929 0.814849088486612 0
7722 0.9032382266649492 0.1455019348098713 0
7723 0.09678282892848691 0.1454647663843677 0
7724 0.3980987926872416 0.2260281550820371 0
7725 0.8280069330554798 0.6815208499312101 0
7726 0.0353138386348749 0.0085760820861606 0
7727 0.246827211203188 0.4909804948585059 0
7728 0.03031177413622488 0.3447674695765929 0
7729 0.3063341870180712 0.9249548579639475 0
7730 0.05152197916531746 0.6827670608404264 0
7731 0.7502496592229236 0.6341860695172362 0
7732 0.03828531557611635 0.1344289158559158 0
7733 0.7380180019825718 0.1871006940374805 0
7734 0.9617145872433533 0.1344284794741286 0
7735 0.09736135888703798 0.04681080983459282 0
7736 0.9026388050252063 0.04681046043088972 0
7737 0.03583032029061671 0.9209686600829979 0
7738 0.8028072716849078 0.5540130150997988 0
7739 0.2613245367885518 0.5768622218434758 0
7740 0.7558365469893003 0.1454874975782627 0
7741 0.2536762843855164 0.07835245830108212 0
7742 0.08937811824292829 0.4118381084176497 0
7743 0.3288808556587761 0.7053055366266763 0
7744 0.5759730508061731 0.1233706132651757 0
7745 0.6195333094219861 0.3292946581523533 0
7746 0.5125140721595686 0.2985128876694318 0
7747 0.8365353903544379 0.6892023567142667 0
7748 0.1890449284397881 0.7579664258812511 0
7749 0.3243218340038603 0.8319477733448635 0
7750 0.7120347468553205 0.9057386075465483 0
7751 0.5661684182131211 0.3914013303710121 0
7752 0.5049401080388657 0.1642627491685553 0
7753 0.1397760163938125 0.8790426036389565 0
7754 0.7530011952515028 0.5021124689645468 0
7755 0.4784531444056759 0.1797588985320194 0
7756 0.3787789443505584 0.3244337250943365 0
7757 0.5272330843063868 0.6988169464392899 0
7758 0.3157921148309322 0.30903897709969 0
7759 0.5125792256979518 0.2881903601910231 0
7760 0.7925752586917915 0.5597220070231382 0
7761 0.3892986537360226 0.1795563572765005 0
7762 0.8295630633572308 0.8903895952744022 0
7763 0.09431229841806023 0.8076991024508506 0
7764 0.4160395902758043 0.2156807528367389 0
7765 0.0836775757911163 0.4342492950895539 0
7766 0.9224503943236471 0.1344803797047101 0
7767 0.07755359513612527 0.1344855234625796 0
7768 0.7820072745021165 0.5994764318185828 0
7769 0.1360037134076529 0.5544844640044642 0
7770 0.1064694592496781 0.0958188771914083 0
7771 0.4479149637429558 0.1091529676802916 0
7772 0.2221047616965119 0.7120297220488689 0
7773 0.5303277420337329 0.2882052813185104 0
7774 0.2444507388264892 0.3899388993949607 0
7775 0.5793793471921541 0.8520041349175558 0
7776 0.8975779397955903 0.6911891864617266 0
7777 0.6285137021639754 0.3344911728406824 0
7778 0.5367077894897492 0.9074481637877729 0
7779 0.9674414139679313 0.8393655549554171 0
7780 0.6298687865226353 0.6813554459653115 0
7781 0.08842026228307327 0.7459380015189141 0
7782 0.5303690850798259 0.2778251939899472 0
7783 0.2800318291895322 0.1454917292708008 0
7784 0.8705903758015914 0.4911772104228477 0
7785 0.7556089401446104 0.3898572305005658 0
7786 0.04197781208386006 0.6748450804363693 0
7787 0.653415490375801 0.8923044211190967 0
7788 0.8282352117460434 0.1560944739368718 0
7789 0.1717650723151378 0.1560949589610844 0
7790 0.8564965065497673 0.7349119690913387 0
7791 0.8026710534137949 0.4733177911152645 0
7792 0.7351687873876849 0.6180337115149716 0
7793 0.1877519481511671 0.457020665635638 0
7794 0.2514745646342644 0.6496442132723524 0
7795 0.1918457610033116 0.04219774199008211 0
7796 0.5547072655752647 0.6498964963157376 0
7797 0.4665950812978959 0.01865502980349769 0
7798 0.8081538156815921 0.04223574447170667 0
7799 0.0609095082378989 0.3858486756443138 0
7800 0.33712098341399 0.9261897049969878 0
7801 0.1313314984775359 0.8709316283206997 0
7802 0.7470393835664574 0.1818546156839776 0
7803 0.3148297687685786 0.9329552272685536 0
7804 0.1137911634208547 0.770200583970306 0
7805 0.8405585797679407 0.3236121938324752 0
7806 0.7630880267175219 0.4850525761046648 0
7807 0.2709110728959109 0.5939797728208676 0
7808 0.9086776311597725 0.6877543436647029 0
7809 0.9178607869071569 0.7375782898130407 0
7810 0.3245704887723543 0.06837126524386436 0
7811 0.9505056966551091 0.4917985044148462 0
7812 0.7094600628733937 0.3400640910695301 0
7813 0.1593657313062767 0.3236292602635283 0
7814 0.7372559844530194 0.4005791247320904 0
7815 0.6314784135576944 0.007859497935969807 0
7816 0.4335310714181782 0.7213355278491203 0
7817 0.3326276624316047 0.839796158372639 0
7818 0.3699665569960978 0.3399161934287419 0
7819 0.3958116162352729 0.6672422416892558 0
7820 0.9190039285524081 0.339544833007045 0
7821 0.2132769320926123 0.7183251918134799 0
7822 0.01552754945644403 0.008205150564672128 0
7823 0.9844757687930956 0.008176402597808687 0
7824 0.964685859770667 0.008520701096129599 0
7825 0.330830936608092 0.6084115630069732 0
7826 0.9897139470992189 0.7913251604334979 0
7827 0.9567389875700272 0.7046138420638898 0
7828 0.2710395325819668 0.1506549947222433 0
7829 0.02168999246172911 0.5146209815755665 0
7830 0.3872519607645886 0.931587051342011 0
7831 0.3246351851190348 0.07863349347238588 0
7832 0.2358766950484216 0.9142342069872325 0
7833 0.65538781650433 0.2878936004048412 0
7834 0.8539218953665964 0.7461741695342938 0
7835 0.3610170315253901 0.345086713362562 0
7836 0.3067728240371857 0.3037646454302367 0
7837 0.3371086106904119 0.9683792863490712 0
7838 0.675293994451108 0.1403408743845178 0
7839 0.08384531718939908 0.2347781022692627 0
7840 0.8698029756950386 0.344919498204704 0
7841 0.1827645684005899 0.04722751974833903 0
7842 0.5273096885589229 0.7097190606881536 0
7843 0.8172335109743831 0.04726494472314113 0
7844 0.9161300475245883 0.2347712013846926 0
7845 0.6663750940164357 0.1455876132922692 0
7846 0.9112821751672953 0.6763566521929363 0
7847 0.7560516645186903 0.1766184561768781 0
7848 0.6554321913452095 0.2774442054809368 0
7849 0.3570306591018547 0.3955377023565735 0
7850 0.127750420708715 0.5465265999867395 0
7851 0.1085734249490333 0.8353859128313174 0
7852 0.8975622222233017 0.2688669560291267 0
7853 0.2439009583314304 0.2290384208347133 0
7854 0.6618629373612288 0.9001533879345232 0
7855 0.1298970946589748 0.3448040477008117 0
7856 0.3401799069212977 0.8477140613843173 0
7857 0.05961040581932783 0.0680218321365909 0
7858 0.9403897770885882 0.06802148512436941 0
7859 0.7561580498277116 0.2292885064657625 0
7860 0.664407760207975 0.272118381102491 0
7861 0.4070652126218351 0.2208488322547509 0
7862 0.6661670378107575 0.1562166091389628 0
7863 0.3344285315320519 0.9375780865155776 0
7864 0.5278710426630404 0.08390215863619642 0
7865 0.6198941877180905 0.2156438746842879 0
7866 0.6553641359298459 0.2567273262518819 0
7867 0.5193803936824507 0.07928156025136636 0
7868 0.2978896931271672 0.1974850227674195 0
7869 0.1143311775418267 0.854937292381047 0
7870 0.6205848495799986 0.686883755747029 0
7871 0.9264022868049901 0.7455692407988602 0
7872 0.9189913626904939 0.3280612770682221 0
7873 0.3862917937566335 0.6725566240087715 0
7874 0.07786116118462956 0.540528431789105 0
7875 0.2620149211806317 0.1557835671539374 0
7876 0.5094081191312808 0.06500889331508249 0
7877 0.2246147985491976 0.9175711215989077 0
7878 0.3067461301074626 0.2932847836569599 0
7879 0.395277578716181 0.7329218722541212 0
7880 0.6572259525792822 0.1614070302330349 0
7881 0.09475223048073914 0.8926567881581945 0
7882 0.1279126032369383 0.6298528810859388 0
7883 0.1779867212404112 0.4626924996107547 0
7884 0.7648894195573788 0.1506777500372879 0
7885 0.790331127628239 0.7134344705861109 0
7886 0.7190637345570761 0.2730564703515696 0
7887 0.1854680309420928 0.6858254762154751 0
7888 0.8576851232068333 0.9795879734345088 0
7889 0.6009391022194861 0.8979077956702559 0
7890 0.3193040204457048 0.699747258102372 0
7891 0.6376709680628038 0.2156567645521829 0
7892 0.261246756904691 0.6329704901346592 0
7893 0.2466175756772205 0.4681921073932008 0
7894 0.7650498873406104 0.1818139969782391 0
7895 0.514271773618841 0.1696285844726086 0
7896 0.09401026387016732 0.2182330791003135 0
7897 0.1138902238300067 0.6026999555233048 0
7898 0.7879112518334324 0.7244640182676005 0
7899 0.9059618737824274 0.2182432881081917 0
7900 0.5765584490413053 0.1341587514638779 0
7901 0.6592195512147673 0.9115477533291325 0
7902 0.1222247296150736 0.6106339307182612 0
7903 0.7647321516284633 0.3953606069520312 0
7904 0.2529449383905417 0.1608849952386971 0
7905 0.7529499624698721 0.6625232635305409 0
7906 0.7134547774951951 0.6649962861012841 0
7907 0.6150909873342292 0.9671390712368033 0
7908 0.3157402052387237 0.2777650167532127 0
7909 0.64651794780778 0.2310465645945259 0
7910 0.3429337771226017 0.3348098018034603 0
7911 0.1740160444328711 0.03182063356420223 0
7912 0.3622914223320902 0.1741004549168414 0
7913 0.06126439687620827 0.2930278350703737 0
7914 0.8259830878942294 0.03185827045906671 0
7915 0.2134003149622521 0.9208947311639066 0
7916 0.7530247300589871 0.8613620675616344 0
7917 0.8854663202653756 0.6531042966239917 0
7918 0.7709207281853494 0.6270649212392503 0
7919 0.9389908352917991 0.3161301236603051 0
7920 0.5273652044173387 0.7206375733155905 0
7921 0.8623376763903439 0.754179590659626 0
7922 0.6556785452886611 0.2258940446964803 0
7923 0.7175592461349224 0.6040503568956713 0
7924 0.07063306831249232 0.3336629603828898 0
7925 0.5838294660182228 0.2674612671217952 0
7926 0.07718774618233479 0.7492453408435034 0
7927 0.1304002467263896 0.6601501619800303 0
7928 0.8123421916331878 0.4676817693875929 0
7929 0.6647425792730814 0.2310548368480827 0
7930 0.08349411979310882 0.21164207686597 0
7931 0.7205877215021432 0.9136058199257393 0
7932 0.9678812854118051 0.7011757896671448 0
7933 0.1594513703762835 0.3955484808091883 0
7934 0.6206587740282767 0.697691538425641 0
7935 0.06668738634114076 0.5439045090634198 0
7936 0.9164808053797954 0.2116502663281483 0
7937 0.5570352819582856 0.2829819439007204 0
7938 0.09776777450744972 0.9240963600470344 0
7939 0.6480476084281058 0.9149427226404875 0
7940 0.2708869189546188 0.5826569272899517 0
7941 0.1778895186923759 0.4740276477770922 0
7942 0.09693734661105702 0.07930859031222538 0
7943 0.8939284113747674 0.08419512126303659 0
7944 0.20791008171086 0.9439708907035562 0
7945 0.5359610044763281 0.6072878498382617 0
7946 0.2816298788660439 0.4114919841687845 0
7947 0.9310376428191187 0.07343142872136978 0
7948 0.06895797263329313 0.07343252962947951 0
7949 0.5570855811266165 0.2726639593643813 0
7950 0.9349431815876281 0.7535314876170925 0
7951 0.7739492297658347 0.1558697072686701 0
7952 0.7833201631464355 0.4065682733900099 0
7953 0.7443052682714932 0.8535053006774499 0
7954 0.7734997446079372 0.4118910065841028 0
7955 0.290194296672731 0.5825260194875823 0
7956 0.5660456913168923 0.2674615333470736 0
7957 0.3520067107816622 0.3399453993452968 0
7958 0.4160166157440452 0.7836979024632951 0
7959 0.517904228206965 0.7261969151736754 0
7960 0.7202380952386507 0.9899693731138638 0
7961 0.1124530038521865 0.263755238025029 0
7962 0.4458441705208891 0.7854259466974491 0
7963 0.686022970649763 0.6806406337121832 0
7964 0.2446888384101171 0.08344473349788067 0
7965 0.8597373501022979 0.7653334202197746 0
7966 0.155644969217651 0.7262944873614132 0
7967 0.2466872174101079 0.4795749285094163 0
7968 0.2275913585486587 0.9484594127608073 0
7969 0.3232725570351628 0.940937411924158 0
7970 0.7553132591063076 0.08346943158662007 0
7971 0.753131065051506 0.490758770610895 0
7972 0.2106524078030415 0.9324284943970882 0
7973 0.5927701801175951 0.262298234660047 0
7974 0.7193928680379346 0.4119155459204357 0
7975 0.7291421448092503 0.9215227398355501 0
7976 0.6440768039135034 0.8015539041835904 0
7977 0.2247690090752422 0.960060060395069 0
7978 0.7171287380551474 0.7732973312612249 0
7979 0.2788278282499253 0.4967162064441513 0
7980 0.5927935100153855 0.2519501349212279 0
7981 0.5403819640847922 0.1436099491747454 0
7982 0.5836947930759273 0.6981554872588929 0
7983 0.946208771598451 0.7500812910312141 0
7984 0.7643021313646283 0.8579489531642888 0
7985 0.4524696160032634 0.7211908535990231 0
7986 0.1685126892129167 0.4224004846800905 0
7987 0.06588978708972795 0.7524712605141916 0
7988 0.7107221726142752 0.5713572698986238 0
7989 0.8560797933674094 0.6937880258944479 0
7990 0.3067498919753654 0.2729403020963024 0
7991 0.9787775791481956 0.8354563407256925 0
7992 0.3990840197005411 0.008111502892899494 0
7993 0.02181447988061244 0.5997815219018147 0
7994 0.7754693263565238 0.8544534069749201 0
7995 0.09794741803211249 0.9658684644511721 0
7996 0.3252604175432596 0.3659604883686814 0
7997 0.6375182646337496 0.3706717118872639 0
7998 0.33415779289599 0.3607145516982497 0
7999 0.549641400267638 0.1490005083007161 0
8000 0.3772484349479861 0.6563794953603136 0
8001 0.5904569206043222 0.8487737888966074 0
8002 0.3095181239226739 0.7051958734910997 0
8003 0.5927566575651435 0.2416277430253433 0
8004 0.6642748879247933 0.251481239368205 0
8005 0.0723452516747301 0.5631623265770342 0
8006 0.05742320332781358 0.7444446953022341 0
8007 0.782996052636155 0.1611079084221378 0
8008 0.2166054302573668 0.4066582641685305 0
8009 0.6286238165412541 0.9104286347610195 0
8010 0.5299439236290771 0.3902885113146614 0
8011 0.6016796567797571 0.2364948853745646 0
8012 0.9128721929998205 0.1510605344741878 0
8013 0.7333241068957259 0.8569591002174861 0
8014 0.2059208253329986 0.7741516428076433 0
8015 0.06065913192327014 0.3278757622259127 0
8016 0.5963298764525671 0.7871381335506609 0
8017 0.9585355145003854 0.650819594311014 0
8018 0.08714337038813887 0.1510597026228074 0
8019 0.6106518046182582 0.2312455089729726 0
8020 0.2566577340683788 0.4852687682106612 0
8021 0.2038732545351957 0.7867666773306573 0
8022 0.3383183015620964 0.008193027262920448 0
8023 0.6106801463204471 0.2209214133806226 0
8024 0.9550073993147274 0.7577388427173717 0
8025 0.2225907710215575 0.7899128776365226 0
8026 0.7190360081584783 0.2835712345790291 0
8027 0.6285663118291297 0.2208892412838101 0
8028 0.6642218379452346 0.8471450759946304 0
8029 0.7097372260239467 0.2986005416871194 0
8030 0.5767209291734011 0.9900559131847064 0
8031 0.03052534442288374 0.5657027306347956 0
8032 0.04592572874252387 0.7476564245095734 0
8033 0.7265173364378942 0.9328900376761441 0
8034 0.2499123262951391 0.761330213910051 0
8035 0.2206363341802366 0.802770132340163 0
8036 0.1583963634936986 0.47413912464786 0
8037 0.7729564770955411 0.08332754002558271 0
8038 0.6472077608576614 0.3864626522989951 0
8039 0.6257316776238595 0.9218994544962272 0
8040 0.9289624520007282 0.3221751851487247 0
8041 0.2270446332249127 0.08329722164168923 0
8042 0.7189032732514649 0.304412350290531 0
8043 0.2672935502625997 0.4909620786123515 0
8044 0.5471542434157558 0.3914197387641984 0
8045 0.7372330130247896 0.3674107187256618 0
8046 0.8587226816040863 0.6823392788713485 0
8047 0.1024514931037946 0.2696189988920302 0
8048 0.6750932444818695 0.01630694583621147 0
8049 0.3000476595224613 0.6885677761159805 0
8050 0.7276188613607104 0.3505777491399649 0
8051 0.3205888808159006 0.9524228934034187 0
8052 0.02207161774265096 0.3880135642293722 0
8053 0.2243783298458568 0.736536336560689 0
8054 0.8766386585774124 0.7817001082325046 0
8055 0.06108020848815992 0.5666149095241442 0
8056 0.4755211148082601 0.7858922121470845 0
8057 0.03397963856832302 0.7506752910939578 0
8058 0.1166790792922003 0.5496923822433989 0
8059 0.3179059400393832 0.9636482296642296 0
8060 0.1581933429817325 0.486222125414996 0
8061 0.05072138871755248 0.3220973732593787 0
8062 0.3763811267471325 0.7333824767864524 0
8063 0.709738434953106 0.3196526513006784 0
8064 0.4990765871193026 0.7262812140008745 0
8065 0.7430800072469381 0.4963366512653691 0
8066 0.7239493957718868 0.9443373019565238 0
8067 0.2392522675227368 0.8055327167005388 0
8068 0.4107142857159963 0.9901226198953196 0
8069 0.6022817118706538 0.6977315751940161 0
8070 0.7830380083137716 0.1716433177511564 0
8071 0.8629928656467163 0.7959426180606185 0
8072 0.2441694123927268 0.1453016644458262 0
8073 0.7186843030842838 0.325290763788225 0
8074 0.7333918246169652 0.4905666155676708 0
8075 0.1200867688033685 0.8742339562622933 0
8076 0.1172399457938945 0.3834869832169426 0
8077 0.6947822695009478 0.6859853713484612 0
8078 0.06683904010696079 0.5858522087970399 0
8079 0.4898158304944168 0.7317644244518942 0
8080 0.871476755956563 0.804610829130759 0
8081 0.6421600422944805 0.9800061869501265 0
8082 0.9784437802200761 0.9371325859536357 0
8083 0.3482380745183608 0.6724491998454075 0
8084 0.2901738144622726 0.6940943345039818 0
8085 0.4711679393254062 0.7209447407948327 0
8086 0.8681061837446324 0.7733680081901939 0
8087 0.02069689566299617 0.05808348417670506 0
8088 0.9793147228888046 0.05804480140689205 0
8089 0.2586723847714723 0.8103668665553276 0
8090 0.1904013871248299 0.1245615829475447 0
8091 0.1010355603798295 0.2824318621832944 0
8092 0.7324608092503661 0.9524120594987996 0
8093 0.8306220638532796 0.4940795837873028 0
8094 0.9798400511503745 0.641620838110547 0
8095 0.04057469471710427 0.3278526265495999 0
8096 0.8096014100315758 0.1245728151922044 0
8097 0.1139207423822734 0.5608724188790096 0
8098 0.5017065737870163 0.0187619568674648 0
8099 0.05550329563548996 0.5894503076152368 0
8100 0.4235183707494324 0.3913424605927286 0
8101 0.2806075472028544 0.6886072589187882 0
8102 0.1087686385678536 0.8776086405212085 0
8103 0.5049150055967281 0.9902710044632667 0
8104 0.2349745214434368 0.1504203019026432 0
8105 0.519511552372622 0.008684834949630633 0
8106 0.3187144319232506 0.603592217405857 0
8107 0.729922099306108 0.9638172321442975 0
8108 0.3397822905977183 0.6563248415411338 0
8109 0.9601205638913793 0.6392619953531163 0
8110 0.1533552354580522 0.145645083080349 0
8111 0.2515266377893295 0.6273018060781618 0
8112 0.09747880279359607 0.8810773127712794 0
8113 0.4714381979262942 0.7319434999848934 0
8114 0.950404670037079 0.5982798142537462 0
8115 0.4593879598318389 0.3903574917025204 0
8116 0.8767436477198786 0.6448386116403715 0
8117 0.7278935493978551 0.9744916132554804 0
8118 0.6656284315378518 0.6183875973814938 0
8119 0.06114977212751434 0.6082985864807664 0
8120 0.369562828851096 0.959306924400765 0
8121 0.7171383271008487 0.7896299629344785 0
8122 0.8466336085955813 0.145654718587986 0
8123 0.673507620100547 0.2463531656776291 0
8124 0.1111114617746301 0.5721439768844566 0
8125 0.2270054237640262 0.0936308849630802 0
8126 0.1160617155919938 0.1018276958799079 0
8127 0.5896242927716688 0.6061040730263928 0
8128 0.7729881666869405 0.09363723168712149 0
8129 0.0823856811325354 0.2809845815037721 0
8130 0.1065735863976584 0.08532393510007366 0
8131 0.1718413058398802 0.1245033341709972 0
8132 0.9692855917571684 0.05176403206859714 0
8133 0.3384426020439172 0.7550051726415634 0
8134 0.2259177641094704 0.1556133907605798 0
8135 0.5979584778299504 0.9094300219064015 0
8136 0.6568780223809531 0.06856106514042611 0
8137 0.889239305901882 0.3683181528172134 0
8138 0.1922519562453415 0.7056414603952501 0
8139 0.2706642804897169 0.6943493036396589 0
8140 0.8281627197139748 0.1245158692936423 0
8141 0.5363478718432426 0.7481639747503999 0
8142 0.103196646938692 0.9006109805506315 0
8143 0.108342556758481 0.5834144640186614 0
8144 0.6826656811371481 0.2413097132107232 0
8145 0.9225486919373429 0.1566488100833756 0
8146 0.8682837652379954 0.6364460784279516 0
8147 0.5496918171323502 0.850879110853312 0
8148 0.3193561743390532 0.6669563257549916 0
8149 0.691364569987037 0.2567365672840664 0
8150 0.80611592819848 0.6468865620181482 0
8151 0.4479093478154067 0.7752760192178827 0
8152 0.2269094492300392 0.1039586787934798 0
8153 0.03037401716477844 0.3337151113106618 0
8154 0.1004580015967707 0.9122905200033294 0
8155 0.7730868843612013 0.103966291830085 0
8156 0.6115629383215261 0.7031065423453401 0
8157 0.07745868652821754 0.1566598510884493 0
8158 0.2168691669336654 0.160847684286364 0
8159 0.260862361825309 0.7001971592957504 0
8160 0.2417734594921403 0.6216348346472748 0
8161 0.7524783168117672 0.5603393660413271 0
8162 0.5946867549677008 0.9211683769693718 0
8163 0.5660697366029859 0.01705168267881793 0
8164 0.1633592640395763 0.1087459865481898 0
8165 0.1062713194193317 0.9317362798746411 0
8166 0.1056711738951884 0.5947846739030626 0
8167 0.9523210292812391 0.5507048512418112 0
8168 0.8987223551254369 0.2942345543746645 0
8169 0.7106835550175968 0.5360294398083634 0
8170 0.5582669589356987 0.8587497867962826 0
8171 0.8363903952846888 0.1087828464981277 0
8172 0.1241328650844956 0.9898397879539693 0
8173 0.311170624334382 0.6509520799107146 0
8174 0.774196007449827 0.1873474581308428 0
8175 0.0211849288406806 0.7237259674264546 0
8176 0.3744896931764156 0.6026873545619911 0
8177 0.4425659084509361 0.391329355177597 0
8178 0.5835507182318607 0.9245248740824175 0
8179 0.7003965223465074 0.2619573386943176 0
8180 0.9049201252929271 0.9799769755076828 0
8181 0.01763326054677881 0.693096145697912 0
8182 0.9312280115816689 0.08433875885865889 0
8183 0.06877022564941407 0.08434122719735594 0
8184 0.1035384385424711 0.9432178254854087 0
8185 0.9902082513235642 0.2673241878921229 0
8186 0.2179915225829907 0.1090178272568646 0
8187 0.2168672767360506 0.1712219270827332 0
8188 0.2065352208580971 0.5958871634327663 0
8189 0.7819914671243918 0.1089871001341083 0
8190 0.1006166983635544 0.9547067036102913 0
8191 0.3765145254326402 0.0177222285301243 0
8192 0.724452605327359 0.8073847859812304 0
8193 0.7066305013273874 0.6968830482777149 0
8194 0.7985689466229074 0.01689984123952278 0
8195 0.1582371998389955 0.5076663155833022 0
8196 0.2609930949002277 0.7111434131909699 0
8197 0.03064896163769443 0.05184758431342285 0
8198 0.1966036990974967 0.6416580823638529 0
8199 0.02087494175485802 0.2587933647447993 0
8200 0.2320290626022445 0.6160439256485786 0
8201 0.7096957541503187 0.2673187896947489 0
8202 0.9405262902206104 0.4968587867945032 0
8203 0.201435444037071 0.01687552805382671 0
8204 0.977973078429474 0.2805783919248596 0
8205 0.8012982931324437 0.2579634443925913 0
8206 0.2511834707833079 0.7170714245206568 0
8207 0.367839757995039 0.6616305845831497 0
8208 0.2822311765985228 0.8883249281232706 0
8209 0.2089400130391961 0.1142172968069373 0
8210 0.5646111875119971 0.9196899793106716 0
8211 0.3597965988616812 0.01913352823015121 0
8212 0.9792173530236397 0.6983037925862441 0
8213 0.3434661911213215 0.3856481027931267 0
8214 0.9792199623095164 0.978833173160478 0
8215 0.9907603637483962 0.9823887109803687 0
8216 0.8600940600548781 0.4962116697720844 0
8217 0.3933315775548932 0.979392837675042 0
8218 0.1987008387263968 0.2579491583771033 0
8219 0.4493617845471417 0.008884378175682861 0
8220 0.4807895516935715 0.7376091377102028 0
8221 0.7910661776391478 0.1142268811854699 0
8222 0.2222310753620345 0.62147056960228 0
8223 0.4331686785785134 0.8000046982448938 0
8224 0.2168894578169634 0.1817303073161363 0
8225 0.5612257359342239 0.9312555899121622 0
8226 0.300481257908584 0.656075709126571 0
8227 0.7834466892952259 0.1931218355517668 0
8228 0.01024712768246391 0.2672016991714148 0
8229 0.3001709504384658 0.6140580786273739 0
8230 0.2511567131761852 0.7281613560073067 0
8231 0.648639921774439 0.7243597711488794 0
8232 0.9688810040991529 0.2993059818883615 0
8233 0.1196031644160169 0.6221294741091425 0
8234 0.792705040781186 0.6617944108545502 0
8235 0.08968861413404641 0.3681347134536329 0
8236 0.2329945767469903 0.9680365369849129 0
8237 0.2168908577612089 0.1924886104215726 0
8238 0.4392461438787347 0.9796313751275344 0
8239 0.08087185192175678 0.4032048261446522 0
8240 0.9889266454702589 0.39191479028649 0
8241 0.01001365699316551 0.7688853966136429 0
8242 0.2805243545874425 0.5768513140670268 0
8243 0.3582456537491681 0.6670311195488052 0
8244 0.2413130704372741 0.7338745212227521 0
8245 0.5752309003698466 0.735879382743331 0
8246 0.9671070267606376 0.3100841395355464 0
8247 0.9322246329403648 0.1622458544444461 0
8248 0.1996528581194376 0.1194679930857616 0
8249 0.02205386365193473 0.2809560877794365 0
8250 0.9886148013704059 0.3568584491866483 0
8251 0.110161305825619 0.6555379558038815 0
8252 0.78333506741597 0.203653147511105 0
8253 0.8003518574797149 0.1194801292752282 0
8254 0.06772336933277869 0.1622595670549664 0
8255 0.9519585663420436 0.09525472744654337 0
8256 0.04804145852299171 0.09525499558662118 0
8257 0.2450114120525802 0.4008239383043378 0
8258 0.7128387932129422 0.008068156349047478 0
8259 0.2608205461216851 0.9796497440667229 0
8260 0.9811942679879424 0.321254345293665 0
8261 0.9799672298467029 0.3727926173186159 0
8262 0.1021033816933244 0.6475517233716902 0
8263 0.08724158460053122 0.3816022497869401 0
8264 0.3154188159431691 0.114582031692272 0
8265 0.7642236046423354 0.2681295644721606 0
8266 0.424403827763352 0.791799487067158 0
8267 0.9412157352748547 0.08981941079887046 0
8268 0.05878428397556534 0.08982042297777815 0
8269 0.611791666156301 0.7141928204785286 0
8270 0.7607438199779888 0.6707086324696158 0
8271 0.287495144495915 0.008144963862577372 0
8272 0.5604271164320569 0.5998266466968991 0
8273 0.9685976070536626 0.3338386697321023 0
8274 0.2358033450983607 0.2680740689052497 0
8275 0.7737341204911024 0.9498966801985357 0
8276 0.2435847466666474 0.8796993071849257 0
8277 0.7025533852247825 0.9799527562974928 0
8278 0.2257081709963216 0.2083451807095771 0
8279 0.3090817873966684 0.8579334788203705 0
8280 0.0823819596728773 0.642546884033778 0
8281 0.5852829805873869 0.01683592780481634 0
8282 0.1253518170003669 0.6411309453015464 0
8283 0.4993280730341634 0.6190467537153512 0
8284 0.8131259531698315 0.007778859418096318 0
8285 0.03083152769598303 0.3000126570523393 0
8286 0.7643619485016904 0.2789896902564762 0
8287 0.317910597026159 0.8661755898761403 0
8288 0.1219560220559502 0.6522668911025526 0
8289 0.6119081273399171 0.7251812801157288 0
8290 0.8696171503012717 0.3917869763849554 0
8291 0.2128775820484324 0.6584053471881354 0
8292 0.01136922051751042 0.3223768646123558 0
8293 0.1868719500361023 0.007766109055190266 0
8294 0.7478726707577459 0.6846296195841557 0
8295 0.2356676410743393 0.2789978362568584 0
8296 0.6796802360188511 0.9577474759629052 0
8297 0.979826371835478 0.7381280691796446 0
8298 0.2167924806891475 0.2141487928494163 0
8299 0.07736261179095962 0.6237972632628954 0
8300 0.6683139764419163 0.9611604717605944 0
8301 0.18144735478378 0.1194447811475 0
8302 0.1496412795587524 0.4476191422869093 0
8303 0.3254005403917698 0.8720641588523925 0
8304 0.9591513453227969 0.4189166077128591 0
8305 0.7740392899059785 0.2192068618405977 0
8306 0.8464891010761137 0.6024163784529801 0
8307 0.9612091496286972 0.08944773037078495 0
8308 0.03879079219168152 0.0894481004653046 0
8309 0.8185543468266128 0.1194620876487809 0
8310 0.7553052298450194 0.4002851666112592 0
8311 0.9421461816596933 0.167972930763335 0
8312 0.5798105651301129 0.6029759480164349 0
8313 0.2126211298970405 0.6146343332241717 0
8314 0.8026428683860841 0.9882528882445923 0
8315 0.06606887433985774 0.6265148055976488 0
8316 0.8281177547473677 0.16683752248859 0
8317 0.1718830343707149 0.1668382273754126 0
8318 0.1287763583366509 0.4580344154982203 0
8319 0.3261896335591064 0.9710660687937542 0
8320 0.3556864948630452 0.5987585214702787 0
8321 0.7859316887172468 0.9461376636134375 0
8322 0.7556041099753097 0.6928851774349041 0
8323 0.03065172834900139 0.8163395445421333 0
8324 0.743264079857597 0.9901069080035496 0
8325 0.6560853823517331 0.01643249633902584 0
8326 0.7733084210104956 0.284863812030667 0
8327 0.1637645115049564 0.06700324028979326 0
8328 0.280474808508173 0.5654572572068353 0
8329 0.05784591084956417 0.1679667271048966 0
8330 0.2266761678533322 0.2848530381041716 0
8331 0.8573703370931498 0.5982584881382844 0
8332 0.1532288464926015 0.07132981086473927 0
8333 0.8361805232330386 0.06711634984596719 0
8334 0.8844561683126504 0.1237789073552784 0
8335 0.4810491168857925 0.7486657883539697 0
8336 0.5859204550686555 0.1702190135743387 0
8337 0.5946520575059377 0.165642039646764 0
8338 0.6940864995649518 0.00906078096337345 0
8339 0.8521761598173772 0.6210045406733139 0
8340 0.567411516600169 0.1703229721722863 0
8341 0.6288634366958312 0.6177983387295363 0
8342 0.4340288065956945 0.6355416628438872 0
8343 0.01124885900565345 0.3565262778590288 0
8344 0.2634663190370899 0.4008658844923907 0
8345 0.7618848242313888 0.8008116418282478 0
8346 0.5173129088035037 0.9023496083836056 0
8347 0.3253618622082139 0.01781427454203941 0
8348 0.7426176493671083 0.7057499387353678 0
8349 0.8459128186245337 0.07158422109651882 0
8350 0.980039859994591 0.8803307320681879 0
8351 0.7620247834710606 0.008328500234328712 0
8352 0.01909107516476103 0.3724079512588593 0
8353 0.6413990195993253 0.007665863328494976 0
8354 0.2700925984467352 0.5479224073265102 0
8355 0.8515292215230313 0.5800504659239097 0
8356 0.1998141523270908 0.9782073167710951 0
8357 0.2801314576946336 0.5536672470616092 0
8358 0.5770182107152885 0.1653187502150052 0
8359 0.3178133838667921 0.1253479461201306 0
8360 0.237976507881497 0.008310207222113232 0
8361 0.8280534461962358 0.1775131260034236 0
8362 0.1719481479266398 0.1775132889850973 0
8363 0.5509494261390708 0.5984159094811692 0
8364 0.8940715270117974 0.1065095528968244 0
8365 0.8624219066159065 0.5758063654361474 0
8366 0.8018345947436325 0.5082391144544365 0
8367 0.5059138695444869 0.9060226144080664 0
8368 0.3462073708956779 0.5985395772541878 0
8369 0.7808233366647647 0.01781927927933398 0
8370 0.9698936996333435 0.4340625202457945 0
8371 0.2898432669343345 0.7611540687421987 0
8372 0.7397925563433115 0.7160146662631129 0
8373 0.2355875943920837 0.3004281503360164 0
8374 0.2191882742015258 0.01779824009188182 0
8375 0.5023847743006388 0.9172595159683015 0
8376 0.8563602562369678 0.5579471143426058 0
8377 0.1163985750500756 0.5085570390895882 0
8378 0.9703043479146312 0.4456993989904363 0
8379 0.4304611529425569 0.007542664771842027 0
8380 0.8784335364657823 0.5499151424713526 0
8381 0.8307849369407885 0.4127627189551571 0
8382 0.5814860384317835 0.3999112242080621 0
8383 0.3024900084040968 0.9903145319898745 0
8384 0.02029620330034425 0.9400795164681945 0
8385 0.822788437914111 0.9645585395019994 0
8386 0.969590189953583 0.07361864017166263 0
8387 0.03040980549388628 0.07361895966945013 0
8388 0.09404520722017164 0.6397513491378861 0
8389 0.5129955616631049 0.6048262041315844 0
8390 0.8221655698610226 0.4729176156331472 0
8391 0.933017759688278 0.9500305596943288 0
8392 0.1493710505342445 0.4924353607302912 0
8393 0.1054359887037695 0.5117157590296993 0
8394 0.2266934593756771 0.3064270079651333 0
8395 0.9820582039608072 0.1892562110952994 0
8396 0.01793835509886661 0.1892529985989938 0
8397 0.8924452234296159 0.5348102010302558 0
8398 0.9805118299993192 0.4522067617629632 0
8399 0.8279944918788738 0.1885411977863581 0
8400 0.1720106448893284 0.1885365030198884 0
8401 0.8171794809317379 0.6022900985540738 0
8402 0.718371477498426 0.3353752517151918 0
8403 0.9803830464126722 0.4638198236723108 0
8404 0.9518506962255211 0.1736181603881038 0
8405 0.04812111473913074 0.1736043772416132 0
8406 0.7162872316214435 0.4678013086263811 0
8407 0.2641331032100031 0.4116706744325418 0
8408 0.7643857173039095 0.3004737128199203 0
8409 0.8307049131443446 0.4237216765162626 0
8410 0.8863655122458352 0.5173394728427692 0
8411 0.8021469214250211 0.5983582342381202 0
8412 0.8941153958247239 0.09537984450951027 0
8413 0.4834244846280487 0.9124483427344836 0
8414 0.8983845079443756 0.5115415139939272 0
8415 0.4901006735388717 0.7541975329524366 0
8416 0.1822307141090406 0.6967777610954812 0
8417 0.9546741746601018 0.2342734795320646 0
8418 0.02181366143313107 0.339186334158081 0
8419 0.9902667259780431 0.4930634454382923 0
8420 0.8661828194564128 0.06062055146962234 0
8421 0.6903198821360388 0.7235902836333624 0
8422 0.3071370916926545 0.3859540460158084 0
8423 0.7732882666555665 0.3064737388485144 0
8424 0.9616952190155315 0.1678854410767239 0
8425 0.03830134356895926 0.1678759498348872 0
8426 0.7818972827354571 0.8052069536871898 0
8427 0.5651480686045207 0.9910977912079316 0
8428 0.9805244678154463 0.5104102895737609 0
8429 0.2894681717550118 0.4895116562361776 0
8430 0.9801932092151662 0.4749662750432118 0
8431 0.9902041884849047 0.5170370492129597 0
8432 0.8545439613428673 0.0562903523548139 0
8433 0.4646674106935491 0.9078370238061477 0
8434 0.9902121438290641 0.4813044927234055 0
8435 0.08278708677450722 0.9807416371750987 0
8436 0.9802133047935015 0.5339232058279486 0
8437 0.7622022209723842 0.6207966979067211 0
8438 0.9804720944753251 0.5459895382654301 0
8439 0.9902042279824836 0.5526818730386458 0
8440 0.01944182450438839 0.9063046569714737 0
8441 0.7277190660233327 0.3408053087820055 0
8442 0.52730413051751 0.9693435422457815 0
8443 0.9901104313660319 0.5762433441998984 0
8444 0.3297383235160621 0.6616095158860578 0
8445 0.9803275177266039 0.5694661501795231 0
8446 0.990047554191381 0.6239140397335282 0
8447 0.9900869743035654 0.5999664369211182 0
8448 0.7639710291610773 0.3213608181771715 0
8449 0.8639346140707738 0.9693014801580737 0
8450 0.9802772808759485 0.5931238728081611 0
8451 0.4537973951380219 0.9113833158608515 0
8452 0.9802622640967993 0.6169552780870614 0
8453 0.05309631148005565 0.9918602158342869 0
8454 0.09935695102872613 0.4923276822873386 0
8455 0.1558085583431177 0.9801270600553776 0
8456 0.2358849535748693 0.3215622026238956 0
8457 0.2439927550062996 0.2400944098352924 0
8458 0.4025525220593618 0.9583323716603169 0
8459 0.7423680153769912 0.5663394799763892 0
8460 0.2035322513505236 0.5653871282415593 0
8461 0.7643557589836221 0.3324986489394276 0
8462 0.9690502847558189 0.7424904162010448 0
8463 0.9716449454075142 0.1624380173651147 0
8464 0.02835299293686806 0.1624371634296557 0
8465 0.8145517009539232 0.6134434357952561 0
8466 0.8021101473482333 0.4848458399045177 0
8467 0.7831872006638321 0.745804279441632 0
8468 0.280297007268634 0.3691755137252717 0
8469 0.03032812527375156 0.6494220485327286 0
8470 0.02284783888452572 0.6309055053408205 0
8471 0.2356336002346688 0.3325545717609276 0
8472 0.6004940033645798 0.008058184690113906 0
8473 0.746456828371665 0.4060142976520578 0
8474 0.819294293064907 0.2045164499685268 0
8475 0.1807081507933028 0.2045153181649885 0
8476 0.3976014479011345 0.8207175806321644 0
8477 0.2605975736469408 0.8810848769118399 0
8478 0.2890728174023133 0.3546891066065395 0
8479 0.4514597638994837 0.6361561936319436 0
8480 0.01950799005392405 0.5259030007439289 0
8481 0.4071627126741338 0.8262047200123407 0
8482 0.9807998048496436 0.8680901313454805 0
8483 0.6192761867682252 0.01752423815463032 0
8484 0.3669967663480243 0.609292849577946 0
8485 0.7732109855630337 0.3387342863150133 0
8486 0.4979087896736644 0.7810586684746614 0
8487 0.9814884742606658 0.1674561502087654 0
8488 0.01850866744657713 0.1674567082656227 0
8489 0.08035243124518501 0.01646935474537413 0
8490 0.2803232775775809 0.3487019251121353 0
8491 0.9196624600192582 0.01647124850241989 0
8492 0.1914423474058529 0.9693721790244677 0
8493 0.9802757502429049 0.7818567508472367 0
8494 0.3277094760698249 0.152427586008863 0
8495 0.3655715627165621 0.7498182632428648 0
8496 0.3353066061147466 0.1575668433527571 0
8497 0.2268140259998616 0.3387786263432771 0
8498 0.3953507955359356 0.8579878946130268 0
8499 0.6193459703532356 0.08755545396985329 0
8500 0.2710971003265902 0.3322474125470734 0
8501 0.4028787368058593 0.8656461708230009 0
8502 0.009209102838102116 0.3997015062348398 0
8503 0.4081954310679349 0.3997997919833388 0
8504 0.7490359556250519 0.7247738926634351 0
8505 0.7812925438814612 0.8224945899520671 0
8506 0.7639333986837051 0.353288666770691 0
8507 0.7373762534441104 0.3567795652305999 0
8508 0.8354203632295287 0.01725710979533031 0
8509 0.2800008076707091 0.3178837203911326 0
8510 0.3435942734226789 0.1729220438639296 0
8511 0.5325477730616596 0.5985809913138497 0
8512 0.2713659638238649 0.3114839355062181 0
8513 0.05175859748871258 0.390692017116131 0
8514 0.8281268839061602 0.2104557695929555 0
8515 0.411526232748921 0.8733361285379717 0
8516 0.9671386064371212 0.2209783896351785 0
8517 0.05479041483501802 0.008169867607732199 0
8518 0.1719102086731737 0.210467652209479 0
8519 0.01897193159537978 0.8583898869451323 0
8520 0.1645751193175179 0.01723427792545366 0
8521 0.2404521729881374 0.7533390562482927 0
8522 0.1753846570335051 0.9521479489025236 0
8523 0.2637211501985273 0.2778512845530081 0
8524 0.9335448813345517 0.008175538248184197 0
8525 0.2360954810549718 0.3533125489010468 0
8526 0.2802737117503669 0.2973284081035215 0
8527 0.6117418616572221 0.7348862291652112 0
8528 0.2894745689931325 0.3751853164934413 0
8529 0.9910198516830308 0.1726203809258141 0
8530 0.898094950052744 0.281554167323797 0
8531 0.008978118387390426 0.17262040954375 0
8532 0.8404121824896325 0.4299390917749321 0
8533 0.6130253730095645 0.1793661593840061 0
8534 0.7633941518466651 0.3633915299526345 0
8535 0.9888657761228296 0.09457247441794121 0
8536 0.01113349348411259 0.09457374405258717 0
8537 0.1517982951605752 0.231271040606825 0
8538 0.6653304138606876 0.3850910413294797 0
8539 0.7119017000566297 0.6764916992552268 0
8540 0.008601605270713079 0.6145650359122021 0
8541 0.3717651407306546 0.2783829984268688 0
8542 0.9910589154615865 0.8275481202390595 0
8543 0.2561813028663518 0.8217404167907087 0
8544 0.951566615116585 0.6317764731435398 0
8545 0.007945794029774913 0.4826622072809465 0
8546 0.4901833747559419 0.7652730701867704 0
8547 0.1696672711246407 0.4114939821889764 0
8548 0.9084628484040143 0.2996723894734997 0
8549 0.2366442879177554 0.3633916118486072 0
8550 0.4597118189970886 0.2899390303069844 0
8551 0.2984534278036134 0.3806906863506841 0
8552 0.7922513890588575 0.4906585105714815 0
8553 0.8107430455840771 0.5832758717336746 0
8554 0.7241565671255455 0.7524200798482078 0
8555 0.9451767912753166 0.008182318800224566 0
8556 0.2537183529801553 0.8330182727903518 0
8557 0.2970762598845053 0.2621249234603939 0
8558 0.1423487620542598 0.3982274778397691 0
8559 0.85733234828439 0.2366069133879482 0
8560 0.8674408337621375 0.5538751577767038 0
8561 0.0298430151444153 0.6615946593963477 0
8562 0.4044308960808448 0.6303554119384682 0
8563 0.7589177263862955 0.7219415630945871 0
8564 0.9914429341600572 0.1844435974121723 0
8565 0.008554380918966618 0.1844432169720392 0
8566 0.5137401291135325 0.2578434722931191 0
8567 0.0581016654583083 0.6188816636240274 0
8568 0.7345770933910434 0.6068392642002669 0
8569 0.4853417115588718 0.2670755327791803 0
8570 0.2510461087260083 0.8442737973941346 0
8571 0.8506817936860385 0.4355408677066982 0
8572 0.02820176690095935 0.5773530807297853 0
8573 0.06643498209627648 0.00817572996516833 0
8574 0.5240165420860615 0.2310854403297955 0
8575 0.1171643627309065 0.4643192126027614 0
8576 0.86082401490132 0.4410692655898637 0
8577 0.5138491322165261 0.247405525887286 0
8578 0.5225754741637105 0.2226071465711673 0
8579 0.9417405447361303 0.5801236724538915 0
8580 0.5134422409469201 0.2091962343472421 0
8581 0.6196840447546681 0.6240467888659014 0
8582 0.3274406944176856 0.5993816281554283 0
8583 0.7670634854853127 0.7295686693069113 0
8584 0.8810012630045323 0.539235344678659 0
8585 0.8281921464043053 0.2208070365458381 0
8586 0.4789599211135691 0.6418720487462779 0
8587 0.1718116091849559 0.2208070306435111 0
8588 0.4699845422000281 0.9924798779475185 0
8589 0.888046610110754 0.2634114518498339 0
8590 0.9318851645172433 0.4897647639883783 0
8591 0.2144698501195223 0.7296122032589699 0
8592 0.9802782492071023 0.1451769214502545 0
8593 0.01972522111614893 0.1451836157087243 0
8594 0.9502690797596378 0.9793670782089015 0
8595 0.9809880585430133 0.1563063015469622 0
8596 0.01901162343679947 0.1563083347996295 0
8597 0.8520530166323057 0.01742585426730918 0
8598 0.4508000627543642 0.9239986230983548 0
8599 0.2271267332194352 0.9802202685705763 0
8600 0.7986841152649014 0.8204994092312172 0
8601 0.0297914834923774 0.1168378823486882 0
8602 0.0192192684202733 0.4411562164713181 0
8603 0.9702071604674166 0.1168335660614062 0
8604 0.2484397610715862 0.8554623683778162 0
8605 0.09894808200923023 0.01722851208557577 0
8606 0.1479865662603786 0.01738267879851784 0
8607 0.9010714850889705 0.01722903232298273 0
8608 0.7752126210086329 0.7376311862943388 0
8609 0.1433177682882871 0.2158495438925002 0
8610 0.9702592924645278 0.1281973368393955 0
8611 0.3078367822132178 0.006952457914825583 0
8612 0.8824202732593914 0.8546151965392172 0
8613 0.8502161263042423 0.5006331126204517 0
8614 0.9116935319192917 0.4659755341000545 0
8615 0.9178894745859543 0.4730520808683147 0
8616 0.02975163069647271 0.1282032182879949 0
8617 0.01800264201246353 0.2257251061430859 0
8618 0.04654694718898739 0.6224298429288273 0
8619 0.8650973388282772 0.221050610662907 0
8620 0.4409194336637662 0.7685880757819188 0
8621 0.7984069868347847 0.8380541123160129 0
8622 0.3583859232158475 0.9614923181395052 0
8623 0.7744734060255083 0.3698034356231189 0
8624 0.6128041726145335 0.9780893048310279 0
8625 0.4590769604553224 0.931540329055575 0
8626 0.03295439335196064 0.8487598064582417 0
8627 0.1108000771856386 0.3661156570296293 0
8628 0.03489374183510408 0.626376333242654 0
8629 0.8852663535294228 0.01739912320732383 0
8630 0.8802618868489793 0.440690331106802 0
8631 0.1147596751587387 0.01740009508395159 0
8632 0.837652555836873 0.2262938088492789 0
8633 0.02247316703849558 0.4739435777514214 0
8634 0.2255206302088005 0.3698224650078913 0
8635 0.1620207832849662 0.2262064322456561 0
8636 0.2320497877236268 0.7457145538811973 0
8637 0.238305343310476 0.5296060589980509 0
8638 0.2282870323346913 0.5239196456211215 0
8639 0.9398794377539507 0.5385310011662762 0
8640 0.2679929461939195 0.5351832593171818 0
8641 0.6386631722749455 0.7289621526586019 0
8642 0.9804415740940374 0.926711954407643 0
8643 0.1235585909789039 0.05338715232993006 0
8644 0.8403791464488517 0.9704937689271241 0
8645 0.2005117667779296 0.5321069027504396 0
8646 0.8304688784267993 0.5473753304679053 0
8647 0.2582655776930294 0.530172243512224 0
8648 0.9212086013754306 0.9528046489753061 0
8649 0.8759616242161157 0.05365510636484638 0
8650 0.8700922112297893 0.4357847308350695 0
8651 0.8155922484812168 0.8362429380222631 0
8652 0.1327425569377859 0.05901026644666055 0
8653 0.9910873556550543 0.6837716523726058 0
8654 0.465168859937885 0.9504433165121908 0
8655 0.6011208402388255 0.3900004455977759 0
8656 0.6015008303945281 0.1702123769815207 0
8657 0.1808244314043376 0.5310178374445597 0
8658 0.1319268258106576 0.2203391158181239 0
8659 0.8896465158484023 0.4247149246826539 0
8660 0.2457179438639046 0.867112029979625 0
8661 0.2802589034248874 0.3386233872039952 0
8662 0.4044954250270481 0.7581775010306324 0
8663 0.3255020197027939 0.3949716560755236 0
8664 0.008238769490792339 0.6948444826819515 0
8665 0.9809697192326307 0.7271357451600935 0
8666 0.8473827311654204 0.2316439235074652 0
8667 0.9919142536044147 0.9702380952380172 0
8668 0.1481411641065201 0.05492345573981801 0
8669 0.4832742380262132 0.9545920972162164 0
8670 0.4799119244477197 0.978229180146579 0
8671 0.693368247985616 0.6300991741072399 0
8672 0.8154099737037342 0.853730232954455 0
8673 0.692691150008074 0.3926655581338221 0
8674 0.552329327296741 0.007700467253538796 0
8675 0.8752974151503108 0.2149478225464765 0
8676 0.793789993541286 0.3701279384617663 0
8677 0.5660067220616349 0.7406260274313817 0
8678 0.3896210427186084 0.7625695731657716 0
8679 0.6302308308967072 0.9816613723549776 0
8680 0.8686643962048226 0.01608688936901009 0
8681 0.1313465205463711 0.01594273479775432 0
8682 0.4669112489232488 0.939054855733598 0
8683 0.01899845323608325 0.7759706131902284 0
8684 0.4934291471894866 0.9911315813715862 0
8685 0.8999742309912437 0.4293612627196812 0
8686 0.1229646433605592 0.2145607472971933 0
8687 0.6457112474575671 0.6173564974454935 0
8688 0.03026586781956649 0.9922354121836179 0
8689 0.2061158270005268 0.3701614194493105 0
8690 0.9787688878322247 0.223769925512572 0
8691 0.2733441770754885 0.4165632288781817 0
8692 0.538476487217461 0.007542538691449652 0
8693 0.03058405506317702 0.9725895069397479 0
8694 0.3770273065610384 0.7458352070259231 0
8695 0.8323876859057369 0.8515904423224097 0
8696 0.783341180349459 0.3650444853670889 0
8697 0.01960798480676507 0.1095599715806634 0
8698 0.8695935051146996 0.03653776501571025 0
8699 0.6185920292743345 0.3892104501110038 0
8700 0.1308024361493189 0.03668052251343153 0
8701 0.4270639790720497 0.981661324876375 0
8702 0.9803902315959934 0.1095819390173438 0
8703 0.2166430909009705 0.3650802981711394 0
8704 0.6941367936644619 0.7078553027446589 0
8705 0.9089094576844038 0.4135224130740852 0
8706 0.008916176104892714 0.2454957613980166 0
8707 0.5014244791863245 0.6083838510744788 0
8708 0.7442788244215287 0.007330884320524127 0
8709 0.2557277037885706 0.007309211216058837 0
8710 0.8333489162339528 0.8693373076743663 0
8711 0.7811496620925598 0.75591156803708 0
8712 0.1544248838348201 0.4321520473570858 0
8713 0.204250026870616 0.6070370207153492 0
8714 0.4814973963435529 0.9663014600978609 0
8715 0.2738486951327408 0.4283657091139431 0
8716 0.01876005430629792 0.4528214783337124 0
8717 0.3310190139305546 0.7600948524213481 0
8718 0.8942478678091283 0.9814027765470953 0
8719 0.1992744056368436 0.6692851691186723 0
8720 0.4431425589767289 0.8357543369877558 0
8721 0.8025923748039443 0.3647376027391352 0
8722 0.3795329734991975 0.110502025693431 0
8723 0.04043723221679909 0.01568449949066221 0
8724 0.8844176072587119 0.1989667424133525 0
8725 0.4848057175122066 0.3943234117775772 0
8726 0.1157361425724288 0.1987887898283312 0
8727 0.03932375642741318 0.8233272255599977 0
8728 0.2148789834296062 0.6491146359300437 0
8729 0.2928476544075025 0.9815858845912311 0
8730 0.1973273200828998 0.3647570217440411 0
8731 0.9719519532489567 0.1940699217546388 0
8732 0.5737099575047945 0.6091276711109798 0
8733 0.7129230302450085 0.7421123242248578 0
8734 0.02806500634702658 0.1940771974599679 0
8735 0.4580713680378719 0.8596981973819573 0
8736 0.5048412600710672 0.3942461379006212 0
8737 0.5638644026804576 0.7986182234434627 0
8738 0.254894635350862 0.9713129084273672 0
8739 0.07791574374886093 0.3856383387290412 0
8740 0.4867885293941333 0.8212534499749445 0
8741 0.9910461489810025 0.1035390941591009 0
8742 0.008953815892526295 0.1035391550006416 0
8743 0.95966431984408 0.4291312426481948 0
8744 0.8431137575340446 0.8777961419553303 0
8745 0.9297571238962533 0.4236219760292446 0
8746 0.7893846020576087 0.7637350678205697 0
8747 0.323512419553078 0.9805989890287176 0
8748 0.9686030994731458 0.413107848255689 0
8749 0.5347013024605466 0.7584423638461897 0
8750 0.8934406480170975 0.1934635232579449 0
8751 0.1065617425295023 0.193445745844531 0
8752 0.8689309495762558 0.02637016562787161 0
8753 0.4759721048256623 0.8245065737906918 0
8754 0.6376996940289295 0.3891463050733007 0
8755 0.7096097812375275 0.6876475369168925 0
8756 0.1311518907940993 0.02634770787124527 0
8757 0.4975735368832943 0.8179931993152936 0
8758 0.9678088950247162 0.9803893913379693 0
8759 0.9595959595958522 0.01557319532939327 0
8760 0.7302980250210099 0.007341845624721491 0
8761 0.0292762691590467 0.9557790071125775 0
8762 0.5083896923512539 0.8147302500521821 0
8763 0.2711911355901857 0.2914218619468297 0
8764 0.03992160990208918 0.3845355083906202 0
8765 0.7976670143452893 0.7714936069355507 0
8766 0.6812480846779855 0.3844010954463105 0
8767 0.7362813298077759 0.9816320246254122 0
8768 0.2696986443924256 0.007324042613819966 0
8769 0.02068577761060702 0.3070216381119877 0
8770 0.7525703637090628 0.6246645831817701 0
8771 0.4651655703299702 0.8278332193280089 0
8772 0.2619061257348015 0.2858096251935188 0
8773 0.8098127025535623 0.594753853675508 0
8774 0.3888147817758488 0.3896577665158954 0
8775 0.9794798989276866 0.4071470774260187 0
8776 0.5189540603356948 0.8112822761926846 0
8777 0.008908012559327367 0.3130481779675029 0
8778 0.4542776122391701 0.8312631782673392 0
8779 0.7720630130595125 0.9590956331555609 0
8780 0.9910945614867771 0.4012419946970139 0
8781 0.5297515285760614 0.8080153246710509 0
8782 0.9194399026924294 0.4186036834976526 0
8783 0.01778156310526093 0.5355922919057716 0
8784 0.6963015865260215 0.9718978285822165 0
8785 0.806002158830006 0.7792948083328387 0
8786 0.8499937086923546 0.8857896292255539 0
8787 0.1947440874487787 0.6842780326216382 0
8788 0.8777367610747797 0.04149713914363797 0
8789 0.5405171159613672 0.8047789190893226 0
8790 0.8318426756584437 0.3699670634320652 0
8791 0.01893320180129478 0.9175542620131019 0
8792 0.1231531746889798 0.04220271569293813 0
8793 0.1172933625599939 0.9816929864058985 0
8794 0.5516889115112071 0.8016229068246414 0
8795 0.1679695374641144 0.3699664507056298 0
8796 0.8164676764530407 0.9578438440080956 0
8797 0.4039947061077397 0.0146484125674767 0
8798 0.8110271150026107 0.3601572479843785 0
8799 0.8143681169055852 0.7870948354277526 0
8800 0.8977078106179758 0.4743430832059244 0
8801 0.6737974077266903 0.6240737444961678 0
8802 0.8422265538280619 0.3647544883651129 0
8803 0.8670666754184477 0.8834986887273133 0
8804 0.4747422898120801 0.01507956366898321 0
8805 0.9711009167456793 0.9171132437725891 0
8806 0.009119496730747361 0.365672458516485 0
8807 0.4608852860160368 0.6307392337352882 0
8808 0.7454787813158134 0.429208915587507 0
8809 0.4896012267215314 0.7749487750885262 0
8810 0.02025276232930684 0.01544367244694491 0
8811 0.4467800298275978 0.8641627825677001 0
8812 0.1579797843642206 0.3645867243546445 0
8813 0.6760827199952559 0.7168137423002228 0
8814 0.1115841112083897 0.4803594365138324 0
8815 0.9391949719538077 0.418716480058818 0
8816 0.8227542511641356 0.7949578721644155 0
8817 0.7245149182834952 0.794885262212755 0
8818 0.3714069040125129 0.3891049105478545 0
8819 0.1889326324473856 0.3602233582034997 0
8820 0.1450781803233306 0.9810540584665199 0
8821 0.4772134209185308 0.2797161227719615 0
8822 0.8737562476707064 0.8915457485992355 0
8823 0.9912182246041193 0.3657418997850898 0
8824 0.6934416453125476 0.6451644411643088 0
8825 0.49782136028956 0.2596453165580064 0
8826 0.4229782624128194 0.6422438797360405 0
8827 0.952385395562484 0.6209535075710999 0
8828 0.5562197042271269 0.3938530663833272 0
8829 0.8690029911337088 0.9199071881505392 0
8830 0.5224144979654254 0.9614653745214861 0
8831 0.6667109497041044 0.9823348682562939 0
8832 0.9492371634563359 0.4242387542602234 0
8833 0.4925367399920686 0.6343650074286235 0
8834 0.019018183684755 0.580606340447319 0
8835 0.7461991776121359 0.4174872394696359 0
8836 0.3854252100876007 0.01496171492351227 0
8837 0.4357557402577777 0.8675903617691292 0
8838 0.9336710312499978 0.4803169549207447 0
8839 0.7252023813186023 0.4707109458637309 0
8840 0.3810735461684627 0.2653352252914631 0
8841 0.394916436884977 0.2957857169111223 0
8842 0.3891283240333032 0.2709923084333416 0
8843 0.4085981249627681 0.2903236778236973 0
8844 0.9797410798695509 0.01530843050702445 0
8845 0.4943355448805461 0.01532248533638942 0
8846 0.4257151147670331 0.2911043704231986 0
8847 0.5602317871605356 0.0421891930401219 0
8848 0.8311448077232947 0.8028831001117732 0
8849 0.4435580860361859 0.2910890037803017 0
8850 0.07172213049566331 0.9822988411617661 0
8851 0.5118160048130954 0.07581910057253276 0
8852 0.5303744606647816 0.7724324907040783 0
8853 0.5426213843876435 0.1926158331576727 0
8854 0.3334940780668857 0.01469720642931612 0
8855 0.8211050552051656 0.3651163709840982 0
8856 0.4240260790768084 0.8708078457927112 0
8857 0.5513732348702758 0.05737986188615943 0
8858 0.3586954683542458 0.2852680743848229 0
8859 0.008710981709219476 0.7111026132868212 0
8860 0.9821397022502898 0.8578926134564593 0
8861 0.3564558963440125 0.7527735503476493 0
8862 0.9912851094336641 0.9912851094336694 0
8863 0.008714890566333186 0.9912851094336668 0
8864 0.3503459022773942 0.2802660728358938 0
8865 0.5594772407816211 0.1930935517942429 0
8866 0.560438239797405 0.02376115301411228 0
8867 0.8375482066572211 0.5041442999007839 0
8868 0.8395684497772515 0.8108176962140912 0
8869 0.5756965845616537 0.795127676179084 0
8870 0.3423878382194333 0.2550745178196837 0
8871 0.9811633946140073 0.8124538952828407 0
8872 0.8110282616907108 0.5278180574409648 0
8873 0.5606434030328905 0.0322615282949097 0
8874 0.3176703016061926 0.7533749628454194 0
8875 0.5330502028662065 0.08989191446980954 0
8876 0.4042016646250423 0.8418750712125223 0
8877 0.5419538453708269 0.08423504314810214 0
8878 0.5773198836459585 0.1930616034509513 0
8879 0.1788058346290733 0.3651722186417697 0
8880 0.5977771357810335 0.7774747511167637 0
8881 0.5856341159794575 0.7910303201438882 0
8882 0.8571946127247463 0.9472313509862511 0
8883 0.03991655841526411 0.9801544803844788 0
8884 0.8478171254570405 0.8190302238682152 0
8885 0.4868913164732762 0.2750650849882585 0
8886 0.3959070491105524 0.9505386833152865 0
8887 0.3237937927388839 0.2542067741101929 0
8888 0.007001844858129446 0.6250000000012147 0
8889 0.9427127602367154 0.5696971098387513 0
8890 0.0172296503568627 0.8690543324695192 0
8891 0.9041489739093295 0.1985536952235701 0
8892 0.3524355262293736 0.3890626296953688 0
8893 0.5075280550973233 0.9667868492049255 0
8894 0.09582295150327591 0.1985440768407946 0
8895 0.5124440961833073 0.2394807783712901 0
8896 0.3527692476278976 0.01525305211840135 0
8897 0.1959994992436001 0.5602386751230086 0
8898 0.4166606116315634 0.007404426313034219 0
8899 0.4996107194356931 0.06739183195474424 0
8900 0.5521799813875578 0.04767874166472943 0
8901 0.3704348972956407 0.2703652226799031 0
8902 0.5263254707819174 0.01541800477784309 0
8903 0.4906913196730874 0.07251694613462309 0
8904 0.4335426525070563 0.3937455868350546 0
8905 0.8782074086856533 0.9808638346773375 0
8906 0.4823399513479429 0.0769520797323129 0
8907 0.8207953117889283 0.5511066455812508 0
8908 0.01889133235089736 0.4957720839415384 0
8909 0.5205423077979091 0.4037211614211471 0
8910 0.7352407166714553 0.4480312699163209 0
8911 0.359402564261154 0.6060859439162795 0
8912 0.4599050166424235 0.2809880396246894 0
8913 0.5049658540554817 0.2642115084138805 0
8914 0.5435692784120947 0.06226530660858902 0
8915 0.01737800774142439 0.7856497816985367 0
8916 0.7887493352553272 0.6049284539900942 0
8917 0.7878787878782321 0.01459362766918132 0
8918 0.5375802523751108 0.3935267530509994 0
8919 0.542876731219085 0.07312357585443888 0
8920 0.5758308023974228 0.3935802152407536 0
8921 0.4683881543598946 0.2755893628073839 0
8922 0.3275437807956515 0.1245319348612582 0
8923 0.2121212121207335 0.01457147688280277 0
8924 0.4157854732335046 0.2953248889058118 0
8925 0.9271663988381391 0.2084320066785712 0
8926 0.601246123900798 0.9929681555486566 0
8927 0.4800977213515308 0.1007847476519501 0
8928 0.07281655284942729 0.2084258252255383 0
8929 0.953644209147565 0.5275220726351736 0
8930 0.5574137427182499 0.745023737214671 0
8931 0.4337304801018642 0.2956725288577763 0
8932 0.737201202585078 0.4328867026325489 0
8933 0.3728595448954563 0.825956512864631 0
8934 0.4710383629937572 0.1152584659487909 0
8935 0.8085328012665429 0.01413838013347483 0
8936 0.5221807387522066 0.2034059887454885 0
8937 0.4623974550995954 0.1199664876572763 0
8938 0.4511384804574644 0.2950272100114952 0
8939 0.3060402301770976 0.3941957365613353 0
8940 0.008382091208464938 0.2291356051860425 0
8941 0.9932484865275956 0.232142857142321 0
8942 0.2823842876142464 0.4339891357343383 0
8943 0.6590064233175559 0.6248517600379189 0
8944 0.1914569974544757 0.01411152811984336 0
8945 0.3840738271955128 0.940418843166569 0
8946 0.5300430631745954 0.1984994522901788 0
8947 0.1297601001409267 0.4484332563388652 0
8948 0.4664655879014123 0.3936154382949447 0
8949 0.007205055006355002 0.007484701726540233 0
8950 0.9927995905430731 0.00746908171247605 0
8951 0.519014003799133 0.6103365515440879 0
8952 0.1412001720874488 0.3817924805253891 0
8953 0.7655828030833878 0.80808380650416 0
8954 0.9909064579202478 0.3481920118647825 0
8955 0.9789554059218283 0.3417914279629718 0
8956 0.7181504763711094 0.01466641827340877 0
8957 0.5497095777851921 0.1973028386757102 0
8958 0.9822161715742771 0.677519503961785 0
8959 0.3964501407568172 0.8421673738567965 0
8960 0.827356081122718 0.01441064590682214 0
8961 0.1821429550155292 0.9711865571553302 0
8962 0.1507902821966069 0.5019324205386255 0
8963 0.7360349252085409 0.8077283329856428 0
8964 0.6297909695477726 0.7332742894003297 0
8965 0.0376229860008033 0.6664071053790854 0
8966 0.8097818194275517 0.5127083328207224 0
8967 0.1726424732950579 0.01438961632522648 0
8968 0.2057838155455139 0.7236315415313554 0
8969 0.3593989980704499 0.8402568818048821 0
8970 0.6067519132805956 0.7733435515981459 0
8971 0.4592756235681479 0.005967784514620499 0
8972 0.4476913060110249 0.1176099264761583 0
8973 0.7466315619598343 0.8043716946990359 0
8974 0.6281047617865125 0.7671128369864847 0
8975 0.5676095975164515 0.1976065860574161 0
8976 0.6422888083369832 0.7751722971951822 0
8977 0.9821317729011865 0.2016069620107492 0
8978 0.01783190566399127 0.2016109526028666 0
8979 0.01829688436771483 0.4076310835246778 0
8980 0.0992356514642545 0.3598931613067645 0
8981 0.3337335748173139 0.2495396035231027 0
8982 0.05312443921033394 0.2077355485209097 0
8983 0.6054223780565295 0.7393875089679032 0
8984 0.9470002003290444 0.2080127331507406 0
8985 0.03263293277839736 0.681193748946076 0
8986 0.4296806374358994 0.1175762771877842 0
8987 0.4339608987212903 0.7627536372708283 0
8988 0.9816283616932477 0.955852765125795 0
8989 0.5848677499616307 0.1971981089494547 0
8990 0.6493881856647271 0.7602489722965311 0
8991 0.2864555470736224 0.2750344673448503 0
8992 0.008398739330090617 0.3483662323487227 0
8993 0.4522433890836313 0.3934283862914252 0
8994 0.02702750261432738 0.4582740587063335 0
8995 0.6459384480967375 0.01384856569235822 0
8996 0.9817808462389331 0.7162858194095493 0
8997 0.3868587662199891 0.8205272707208916 0
8998 0.5932679644247723 0.1925975897756455 0
8999 0.2818388502426387 0.01484210888211618 0
9000 0.6750059231707309 0.7651840493550788 0
9001 0.3164036443018004 0.250080138711641 0
9002 0.4658962574587048 0.781129516638474 0
9003 0.6591081436454345 0.7590314445173224 0
9004 0.6578803072599778 0.3886043608500763 0
9005 0.4141149050421558 0.3934856276842983 0
9006 0.3087943595455558 0.2543620335480892 0
9007 0.2793900322222195 0.2699085807868378 0
9008 0.6017974788972554 0.1873947618621379 0
9009 0.6209903914459705 0.7815510995476378 0
9010 0.4816131184703845 0.0866162374947347 0
9011 0.627498669459848 0.01451347980201286 0
9012 0.4114407668549405 0.1176203707822291 0
9013 0.1609745765420268 0.404076638789337 0
9014 0.3451819383159382 0.8553132673501417 0
9015 0.6660439744142616 0.01425028828675864 0
9016 0.03769089971934195 0.8331227787473962 0
9017 0.6815045343953902 0.7504428539895426 0
9018 0.4032750380186616 0.1220984490544294 0
9019 0.7178879178874951 0.445421728762712 0
9020 0.7453310999425813 0.6188779029611495 0
9021 0.3731015141088984 0.8339616205232 0
9022 0.6913015701415639 0.7486230080639188 0
9023 0.2178265247608611 0.9812114227198482 0
9024 0.3413922959188542 0.6058255390812123 0
9025 0.9916982758193715 0.383970636672067 0
9026 0.9813175175097026 0.2883082100740727 0
9027 0.5101243443409269 0.005667987004180017 0
9028 0.01970075982929986 0.07966318991412835 0
9029 0.9802991439545257 0.07966282616172993 0
9030 0.4723564512630073 0.1046148752800413 0
9031 0.008351987957156859 0.3303377887625235 0
9032 0.6789801880786066 0.007109214902364966 0
9033 0.9133167591419722 0.2036327276726899 0
9034 0.9430522262434116 0.9710231339607753 0
9035 0.7245321105728181 0.4862866746286019 0
9036 0.08666381294730824 0.2036276485549949 0
9037 0.3593179799775469 0.8485595832563138 0
9038 0.4879627060184164 0.983096575778448 0
9039 0.2645401965919706 0.888264101901203 0
9040 0.2993663118933458 0.268893944306147 0
9041 0.03508200739674869 0.2310541903657153 0
9042 0.282599229721648 0.4452973593390632 0
9043 0.7261358423978179 0.602068811074421 0
9044 0.2155832736603606 0.5939858764881041 0
9045 0.8471507396091373 0.3160570913799143 0
9046 0.8903085099497672 0.870523257537436 0
9047 0.962906102442987 0.2295744714692287 0
9048 0.7564246637805967 0.01483377511665478 0
9049 0.3436088405605082 0.8653064062772534 0
9050 0.5458685588476894 0.6050529612676803 0
9051 0.9809229660582699 0.246124133515115 0
9052 0.2435707455432168 0.01480592027527829 0
9053 0.358388993783781 0.09674585025232109 0
9054 0.4415023398375456 0.01582297729872697 0
9055 0.4574455278404243 0.9813897772886259 0
9056 0.1054835781964676 0.9713746463159595 0
9057 0.1548376943908838 0.350637107949981 0
9058 0.1527417938568047 0.3160891771810698 0
9059 0.5598650275471082 0.9835308322565885 0
9060 0.3496561043458462 0.1013835166239587 0
9061 0.7081576593593824 0.4494235981282813 0
9062 0.6125323888686411 0.6202793901492779 0
9063 0.1718137191444147 0.5255929787192314 0
9064 0.5921424210759484 0.7333618690240389 0
9065 0.8447902930349026 0.3507526710014242 0
9066 0.8044779221758285 0.9479652968725232 0
9067 0.8900261621775321 0.4991688265364922 0
9068 0.3547855609035729 0.9711519572604665 0
9069 0.2856056132656434 0.4702150194322672 0
9070 0.8742914859076479 0.906241319682092 0
9071 0.5757575757564601 0.01406646655836593 0
9072 0.2615575346528485 0.2702149907628995 0
9073 0.7572577285004846 0.9643891349794436 0
9074 0.00887468725591079 0.08592006748963352 0
9075 0.9911252514965811 0.08591986101540192 0
9076 0.8587471578251551 0.01429138469237644 0
9077 0.1409581154266214 0.01420261309991045 0
9078 0.9820822148807365 0.2621083994881575 0
9079 0.918127482125715 0.9617674143235965 0
9080 0.4804254704257053 0.7785502097510065 0
9081 0.6993190204691052 0.7763655370662644 0
9082 0.8782144796573461 0.01430147575878575 0
9083 0.02811255616328228 0.4192719597018868 0
9084 0.4166984939406589 0.9836240483527012 0
9085 0.121800779802544 0.01429560088369223 0
9086 0.2822853572916743 0.4565255831159264 0
9087 0.6198282767086318 0.9831212370814634 0
9088 0.7262525728160628 0.9834739160724042 0
9089 0.01711635111785759 0.3813059309694597 0
9090 0.329670115465974 0.8794882095463183 0
9091 0.8550159915215523 0.827083414521335 0
9092 0.701746197353561 0.6906968825237093 0
9093 0.2703975424128896 0.2649842753407167 0
9094 0.9212103665766938 0.8490791388792477 0
9095 0.595431528563926 0.01440251203367033 0
9096 0.8295643206733004 0.9720660885506713 0
9097 0.6329119811106004 0.1534119296711198 0
9098 0.4553179287074038 0.7739128049600125 0
9099 0.8251369795796051 0.9813348262513566 0
9100 0.6416364982251233 0.1577757616111891 0
9101 0.9351876882412409 0.8562145878577967 0
9102 0.01854283511479424 0.288619115866156 0
9103 0.02684545239044045 0.9228049366749073 0
9104 0.3406116087069718 0.8761067357827584 0
9105 0.2337309272147182 0.7368213365370224 0
9106 0.243284880245478 0.9612018287064492 0
9107 0.2039950707768848 0.6404698416893089 0
9108 0.9438283204856327 0.6152558971929153 0
9109 0.2813769509702389 0.7660368430474258 0
9110 0.007047279787617164 0.7324156708997589 0
9111 0.4048246601164404 0.6189802114608739 0
9112 0.3667762440812245 0.01568884505240322 0
9113 0.857851876616487 0.9321157072518743 0
9114 0.1589547378049271 0.9565983155742636 0
9115 0.7073122345063944 0.4655064512134273 0
9116 0.699893805473532 0.01559918060315575 0
9117 0.8604629767432143 0.9213745526932819 0
9118 0.9642048852536188 0.8691467584226222 0
9119 0.3875841330147485 0.747589460454463 0
9120 0.8781132159001082 0.8616931173867981 0
9121 0.711337142890206 0.6450748557456466 0
$EndNodes
$Elements
18242
1 1 2 2 1 1 85
2 1 2 2 1 85 86
3 1 2 2 1 86 87
4 1 2 2 1 87 88
5 1 2 2 1 88 89
6 1 2 2 1 89 90
7 1 2 2 1 90 91
8 1 2 2 1 91 92
9 1 2 2 1 92 93
10 1 2 2 1 93 94
11 1 2 2 1 94 95
12 1 2 2 1 95 96
13 1 2 2 1 96 97
14 1 2 2 1 97 98
15 1 2 2 1 98 99
16 1 2 2 1 99 100
17 1 2 2 1 100 101
18 1 2 2 1 101 102
19 1 2 2 1 102 103
20 1 2 2 1 103 104
21 1 2 2 1 104 105
22 1 2 2 1 105 106
23 1 2 2 1 106 107
24 1 2 2 1 107 108
25 1 2 2 1 108 109
26 1 2 2 1 109 110
27 1 2 2 1 110 111
28 1 2 2 1 111 112
29 1 2 2 1 112 113
30 1 2 2 1 113 114
31 1 2 2 1 114 115
32 1 2 2 1 115 116
33 1 2 2 1 116 117
34 1 2 2 1 117 118
35 1 2 2 1 118 119
36 1 2 2 1 119 120
37 1 2 2 1 120 121
38 1 2 2 1 121 122
39 1 2 2 1 122 123
40 1 2 2 1 123 124
41 1 2 2 1 124 125
42 1 2 2 1 125 126
43 1 2 2 1 126 127
44 1 2 2 1 127 128
45 1 2 2 1 128 129
46 1 2 2 1 129 130
47 1 2 2 1 130 131
48 1 2 2 1 131 132
49 1 2 2 1 132 133
50 1 2 2 1 133 134
51 1 2 2 1 134 135
52 1 2 2 1 135 136
53 1 2 2 1 136 137
54 1 2 2 1 137 138
55 1 2 2 1 138 139
56 1 2 2 1 139 140
57 1 2 2 1 140 141
58 1 2 2 1 141 142
59 1 2 2 1 142 143
60 1 2 2 1 143 144
61 1 2 2 1 144 145
62 1 2 2 1 145 146
63 1 2 2 1 146 147
64 1 2 2 1 147 148
65 1 2 2 1 148 149
66 1 2 2 1 149 150
67 1 2 2 1 150 151
68 1 2 2 1 151 152
69 1 2 2 1 152 153
70 1 2 2 1 153 154
71 1 2 2 1 154 155
72 1 2 2 1 155 156
73 1 2 2 1 156 157
74 1 2 2 1 157 158
75 1 2 2 1 158 159
76 1 2 2 1 159 160
77 1 2 2 1 160 161
78 1 2 2 1 161 162
79 1 2 2 1 162 163
80 1 2 2 1 163 164
81 1 2 2 1 164 165
82 1 2 2 1 165 166
83 1 2 2 1 166 167
84 1 2 2 1 167 168
85 1 2 2 1 168 169
86 1 2 2 1 169 170
87 1 2 2 1 170 171
88 1 2 2 1 171 172
89 1 2 2 1 172 173
90 1 2 2 1 173 174
91 1 2 2 1 174 175
92 1 2 2 1 175 176
93 1 2 2 1 176 177
94 1 2 2 1 177 178
95 1 2 2 1 178 179
96 1 2 2 1 179 180
97 1 2 2 1 180 181
98 1 2 2 1 181 182
99 1 2 2 1 182 2
100 1 2 1 2 2 183
101 1 2 1 2 183 184
102 1 2 1 2 184 185
103 1 2 1 2 185 186
104 1 2 1 2 186 187
105 1 2 1 2 187 188
106 1 2 1 2 188 189
107 1 2 1 2 189 190
108 1 2 1 2 190 191
109 1 2 1 2 191 192
110 1 2 1 2 192 193
111 1 2 1 2 193 194
112 1 2 1 2 194 195
113 1 2 1 2 195 196
114 1 2 1 2 196 197
115 1 2 1 2 197 198
116 1 2 1 2 198 199
117 1 2 1 2 199 200
118 1 2 1 2 200 201
119 1 2 1 2 201 202
120 1 2 1 2 202 203
121 1 2 1 2 203 204
122 1 2 1 2 204 205
123 1 2 1 2 205 206
124 1 2 1 2 206 207
125 1 2 1 2 207 208
126 1 2 1 2 208 209
127 1 2 1 2 209 210
128 1 2 1 2 210 211
129 1 2 1 2 211 212
130 1 2 1 2 212 213
131 1 2 1 2 213 214
132 1 2 1 2 214 215
133 1 2 1 2 215 216
134 1 2 1 2 216 217
135 1 2 1 2 217 218
136 1 2 1 2 218 219
137 1 2 1 2 219 220
138 1 2 1 2 220 221
139 1 2 1 2 221 222
140 1 2 1 2 222 223
141 1 2 1 2 223 224
142 1 2 1 2 224 225
143 1 2 1 2 225 226
144 1 2 1 2 226 227
145 1 2 1 2 227 228
146 1 2 1 2 228 229
147 1 2 1 2 229 230
148 1 2 1 2 230 231
149 1 2 1 2 231 232
150 1 2 1 2 232 233
151 1 2 1 2 233 234
152 1 2 1 2 234 235
153 1 2 1 2 235 236
154 1 2 1 2 236 237
155 1 2 1 2 237 238
156 1 2 1 2 238 239
157 1 2 1 2 239 240
158 1 2 1 2 240 241
159 1 2 1 2 241 242
160 1 2 1 2 242 243
161 1 2 1 2 243 244
162 1 2 1 2 244 245
163 1 2 1 2 245 246
164 1 2 1 2 246 247
165 1 2 1 2 247 248
166 1 2 1 2 248 249
167 1 2 1 2 249 250
168 1 2 1 2 250 251
169 1 2 1 2 251 252
170 1 2 1 2 252 253
171 1 2 1 2 253 254
172 1 2 1 2 254 255
173 1 2 1 2 255 256
174 1 2 1 2 256 257
175 1 2 1 2 257 258
176 1 2 1 2 258 259
177 1 2 1 2 259 260
178 1 2 1 2 260 261
179 1 2 1 2 261 262
180 1 2 1 2 262 263
181 1 2 1 2 263 264
182 1 2 1 2 264 265
183 1 2 1 2 265 3
184 1 2 1 3 3 266
185 1 2 1 3 266 267
186 1 2 1 3 267 268
187 1 2 1 3 268 269
188 1 2 1 3 269 270
189 1 2 1 3 270 271
190 1 2 1 3 271 272
191 1 2 1 3 272 273
192 1 2 1 3 273 274
193 1 2 1 3 274 275
194 1 2 1 3 275 276
195 1 2 1 3 276 277
196 1 2 1 3 277 278
197 1 2 1 3 278 279
198 1 2 1 3 279 280
199 1 2 1 3 280 281
200 1 2 1 3 281 282
201 1 2 1 3 282 283
202 1 2 1 3 283 284
203 1 2 1 3 284 285
204 1 2 1 3 285 286
205 1 2 1 3 286 287
206 1 2 1 3 287 288
207 1 2 1 3 288 289
208 1 2 1 3 289 290
209 1 2 1 3 290 291
210 1 2 1 3 291 292
211 1 2 1 3 292 293
212 1 2 1 3 293 294
213 1 2 1 3 294 295
214 1 2 1 3 295 296
215 1 2 1 3 296 297
216 1 2 1 3 297 298
217 1 2 1 3 298 299
218 1 2 1 3 299 300
219 1 2 1 3 300 301
220 1 2 1 3 301 302
221 1 2 1 3 302 303
222 1 2 1 3 303 304
223 1 2 1 3 304 305
224 1 2 1 3 305 306
225 1 2 1 3 306 307
226 1 2 1 3 307 308
227 1 2 1 3 308 309
228 1 2 1 3 309 310
229 1 2 1 3 310 311
230 1 2 1 3 311 312
231 1 2 1 3 312 313
232 1 2 1 3 313 314
233 1 2 1 3 314 315
234 1 2 1 3 315 316
235 1 2 1 3 316 317
236 1 2 1 3 317 318
237 1 2 1 3 318 319
238 1 2 1 3 319 320
239 1 2 1 3 320 321
240 1 2 1 3 321 322
241 1 2 1 3 322 323
242 1 2 1 3 323 324
243 1 2 1 3 324 325
244 1 2 1 3 325 326
245 1 2 1 3 326 327
246 1 2 1 3 327 328
247 1 2 1 3 328 329
248 1 2 1 3 329 330
249 1 2 1 3 330 331
250 1 2 1 3 331 332
251 1 2 1 3 332 333
252 1 2 1 3 333 334
253 1 2 1 3 334 335
254 1 2 1 3 335 336
255 1 2 1 3 336 337
256 1 2 1 3 337 338
257 1 2 1 3 338 339
258 1 2 1 3 339 340
259 1 2 1 3 340 341
260 1 2 1 3 341 342
261 1 2 1 3 342 343
262 1 2 1 3 343 344
263 1 2 1 3 344 345
264 1 2 1 3 345 346
265 1 2 1 3 346 347
266 1 2 1 3 347 348
267 1 2 1 3 348 4
268 1 2 1 4 4 349
269 1 2 1 4 349 350
270 1 2 1 4 350 351
271 1 2 1 4 351 352
272 1 2 1 4 352 353
273 1 2 1 4 353 354
274 1 2 1 4 354 355
275 1 2 1 4 355 356
276 1 2 1 4 356 357
277 1 2 1 4 357 358
278 1 2 1 4 358 359
279 1 2 1 4 359 360
280 1 2 1 4 360 361
281 1 2 1 4 361 362
282 1 2 1 4 362 363
283 1 2 1 4 363 364
284 1 2 1 4 364 365
285 1 2 1 4 365 366
286 1 2 1 4 366 367
287 1 2 1 4 367 368
288 1 2 1 4 368 369
289 1 2 1 4 369 370
290 1 2 1 4 370 371
291 1 2 1 4 371 372
292 1 2 1 4 372 373
293 1 2 1 4 373 374
294 1 2 1 4 374 375
295 1 2 1 4 375 376
296 1 2 1 4 376 377
297 1 2 1 4 377 378
298 1 2 1 4 378 379
299 1 2 1 4 379 380
300 1 2 1 4 380 381
301 1 2 1 4 381 382
302 1 2 1 4 382 383
303 1 2 1 4 383 384
304 1 2 1 4 384 385
305 1 2 1 4 385 386
306 1 2 1 4 386 387
307 1 2 1 4 387 388
308 1 2 1 4 388 389
309 1 2 1 4 389 390
310 1 2 1 4 390 391
311 1 2 1 4 391 392
312 1 2 1 4 392 393
313 1 2 1 4 393 394
314 1 2 1 4 394 395
315 1 2 1 4 395 396
316 1 2 1 4 396 397
317 1 2 1 4 397 398
318 1 2 1 4 398 399
319 1 2 1 4 399 400
320 1 2 1 4 400 401
321 1 2 1 4 401 402
322 1 2 1 4 402 403
323 1 2 1 4 403 404
324 1 2 1 4 404 405
325 1 2 1 4 405 406
326 1 2 1 4 406 407
327 1 2 1 4 407 408
328 1 2 1 4 408 409
329 1 2 1 4 409 410
330 1 2 1 4 410 411
331 1 2 1 4 411 412
332 1 2 1 4 412 413
333 1 2 1 4 413 414
334 1 2 1 4 414 415
335 1 2 1 4 415 416
336 1 2 1 4 416 417
337 1 2 1 4 417 418
338 1 2 1 4 418 419
339 1 2 1 4 419 420
340 1 2 1 4 420 421
341 1 2 1 4 421 422
342 1 2 1 4 422 423
343 1 2 1 4 423 424
344 1 2 1 4 424 425
345 1 2 1 4 425 426
346 1 2 1 4 426 427
347 1 2 1 4 427 428
348 1 2 1 4 428 429
349 1 2 1 4 429 430
350 1 2 1 4 430 431
351 1 2 1 4 431 1
352 1 2 3 5 5 6
353 1 2 3 6 6 7
354 1 2 3 7 7 8
355 1 2 3 8 8 9
356 1 2 3 9 9 10
357 1 2 3 10 10 11
358 1 2 3 11 11 12
359 1 2 3 12 12 13
360 1 2 3 13 13 14
361 1 2 3 14 14 15
362 1 2 3 15 15 16
363 1 2 3 16 16 17
364 1 2 3 17 17 18
365 1 2 3 18 18 19
366 1 2 3 19 19 20
367 1 2 3 20 20 21
368 1 2 3 21 21 22
369 1 2 3 22 22 23
370 1 2 3 23 23 24
371 1 2 3 24 24 25
372 1 2 3 25 25 26
373 1 2 3 26 26 27
374 1 2 3 27 27 28
375 1 2 3 28 28 29
376 1 2 3 29 29 30
377 1 2 3 30 30 31
378 1 2 3 31 31 32
379 1 2 3 32 32 33
380 1 2 3 33 33 34
381 1 2 3 34 34 35
382 1 2 3 35 35 36
383 1 2 3 36 36 37
384 1 2 3 37 37 38
385 1 2 3 38 38 39
386 1 2 3 39 39 40
387 1 2 3 40 40 41
388 1 2 3 41 41 42
389 1 2 3 42 42 43
390 1 2 3 43 43 44
391 1 2 3 44 44 432
392 1 2 3 44 432 433
393 1 2 3 44 433 434
394 1 2 3 44 434 435
395 1 2 3 44 435 436
396 1 2 3 44 436 437
397 1 2 3 44 437 438
398 1 2 3 44 438 439
399 1 2 3 44 439 440
400 1 2 3 44 440 441
401 1 2 3 44 441 442
402 1 2 3 44 442 443
403 1 2 3 44 443 444
404 1 2 3 44 444 445
405 1 2 3 44 445 446
406 1 2 3 44 446 447
407 1 2 3 44 447 45
408 1 2 3 45 45 46
409 1 2 3 46 46 47
410 1 2 3 47 47 48
411 1 2 3 48 48 49
412 1 2 3 49 49 50
413 1 2 3 50 50 51
414 1 2 3 51 51 52
415 1 2 3 52 52 53
416 1 2 3 53 53 54
417 1 2 3 54 54 55
418 1 2 3 55 55 56
419 1 2 3 56 56 57
420 1 2 3 57 57 58
421 1 2 3 58 58 59
422 1 2 3 59 59 60
423 1 2 3 60 60 61
424 1 2 3 61 61 62
425 1 2 3 62 62 63
426 1 2 3 63 63 64
427 1 2 3 64 64 65
428 1 2 3 65 65 66
429 1 2 3 66 66 67
430 1 2 3 67 67 68
431 1 2 3 68 68 69
432 1 2 3 69 69 70
433 1 2 3 70 70 71
434 1 2 3 71 71 72
435 1 2 3 72 72 73
436 1 2 3 73 73 74
437 1 2 3 74 74 75
438 1 2 3 75 75 76
439 1 2 3 76 76 77
440 1 2 3 77 77 78
441 1 2 3 78 78 79
442 1 2 3 79 79 80
443 1 2 3 80 80 81
444 1 2 3 81 81 82
445 1 2 3 82 82 83
446 1 2 3 83 83 84
447 1 2 3 84 84 448
448 1 2 3 84 448 449
449 1 2 3 84 449 450
450 1 2 3 84 450 451
451 1 2 3 84 451 452
452 1 2 3 84 452 453
453 1 2 3 84 453 454
454 1 2 3 84 454 455
455 1 2 3 84 455 456
456 1 2 3 84 456 457
457 1 2 3 84 457 458
458 1 2 3 84 458 459
459 1 2 3 84 459 460
460 1 2 3 84 460 461
461 1 2 3 84 461 462
462 1 2 3 84 462 463
463 1 2 3 84 463 5
464 2 2 5 1 4162 5219 6683
465 2 2 5 1 1224 5599 6189
466 2 2 5 1 6008 5462 6564
467 2 2 5 1 530 5510 7540
468 2 2 5 1 6257 4162 6683
469 2 2 5 1 5209 6156 6164
470 2 2 5 1 6543 5069 8729
471 2 2 5 1 4006 5209 6164
472 2 2 5 1 6659 4447 6661
473 2 2 5 1 5666 4101 8675
474 2 2 5 1 3023 280 5759
475 2 2 5 1 1246 5471 6641
476 2 2 5 1 6186 1996 8928
477 2 2 5 1 5568 3601 5572
478 2 2 5 1 3807 4162 8870
479 2 2 5 1 4682 4720 8499
480 2 2 5 1 2930 5333 5748
481 2 2 5 1 3989 3231 5532
482 2 2 5 1 5412 7096 8712
483 2 2 5 1 5382 3989 5532
484 2 2 5 1 5588 571 7094
485 2 2 5 1 4011 1996 6186
486 2 2 5 1 5599 1224 6190
487 2 2 5 1 1994 6188 8925
488 2 2 5 1 5791 3947 8057
489 2 2 5 1 1400 5645 7511
490 2 2 5 1 458 5576 9069
491 2 2 5 1 5587 1412 7516
492 2 2 5 1 458 457 5576
493 2 2 5 1 4162 6257 8870
494 2 2 5 1 5213 3112 5657
495 2 2 5 1 5604 5785 5847
496 2 2 5 1 5522 2922 5523
497 2 2 5 1 4692 6233 7653
498 2 2 5 1 1994 4009 6188
499 2 2 5 1 5670 5401 7491
500 2 2 5 1 5645 1400 6038
501 2 2 5 1 5603 6911 7879
502 2 2 5 1 6545 3162 7978
503 2 2 5 1 5143 3713 8645
504 2 2 5 1 4018 4080 5641
505 2 2 5 1 7864 3316 7867
506 2 2 5 1 3316 3543 7867
507 2 2 5 1 3231 3229 5532
508 2 2 5 1 3561 5653 8199
509 2 2 5 1 6997 4709 8882
510 2 2 5 1 5675 4483 7498
511 2 2 5 1 5739 4057 6371
512 2 2 5 1 5671 4483 5675
513 2 2 5 1 4709 6997 7586
514 2 2 5 1 2783 3522 5616
515 2 2 5 1 7094 571 8106
516 2 2 5 1 3716 5413 7880
517 2 2 5 1 5233 5739 6371
518 2 2 5 1 3162 6545 8121
519 2 2 5 1 5693 4034 6734
520 2 2 5 1 5341 1367 5519
521 2 2 5 1 5405 2957 5406
522 2 2 5 1 6853 4396 7419
523 2 2 5 1 2605 5236 7581
524 2 2 5 1 5238 2604 7531
525 2 2 5 1 1400 1401 6038
526 2 2 5 1 5023 7267 8637
527 2 2 5 1 6821 7501 8655
528 2 2 5 1 8318 4540 8575
529 2 2 5 1 5523 2922 5524
530 2 2 5 1 6233 1417 7653
531 2 2 5 1 2095 7621 7799
532 2 2 5 1 5644 5069 6543
533 2 2 5 1 5671 5342 7813
534 2 2 5 1 7423 4355 8093
535 2 2 5 1 5754 5756 8314
536 2 2 5 1 4483 5671 7813
537 2 2 5 1 160 161 5688
538 2 2 5 1 6641 5471 6643
539 2 2 5 1 2395 5340 5689
540 2 2 5 1 5572 3601 5761
541 2 2 5 1 3989 5382 5533
542 2 2 5 1 280 281 5759
543 2 2 5 1 4619 4621 6039
544 2 2 5 1 1276 9 5908
545 2 2 5 1 4478 5743 7477
546 2 2 5 1 5346 4797 8764
547 2 2 5 1 4866 2783 5616
548 2 2 5 1 7096 5412 7986
549 2 2 5 1 4478 5741 5743
550 2 2 5 1 820 822 5844
551 2 2 5 1 106 107 5694
552 2 2 5 1 6406 4452 6407
553 2 2 5 1 2019 5764 8366
554 2 2 5 1 489 322 5612
555 2 2 5 1 246 247 6653
556 2 2 5 1 5337 5004 7053
557 2 2 5 1 1367 5341 5663
558 2 2 5 1 5442 2370 5443
559 2 2 5 1 762 6198 8272
560 2 2 5 1 4447 6659 6660
561 2 2 5 1 5626 4784 8807
562 2 2 5 1 5410 1193 6623
563 2 2 5 1 3762 8060 8392
564 2 2 5 1 5349 5741 7805
565 2 2 5 1 5741 4478 7805
566 2 2 5 1 6141 8318 8575
567 2 2 5 1 5764 5325 8366
568 2 2 5 1 2366 6349 6878
569 2 2 5 1 2392 5526 5527
570 2 2 5 1 7923 5397 9043
571 2 2 5 1 5653 3561 8706
572 2 2 5 1 4329 3078 5834
573 2 2 5 1 5340 2395 5791
574 2 2 5 1 439 438 5841
575 2 2 5 1 3935 8062 8694
576 2 2 5 1 6767 8359 8922
577 2 2 5 1 5454 4329 5834
578 2 2 5 1 6191 5566 6192
579 2 2 5 1 3881 6817 6819
580 2 2 5 1 1262 5384 5941
581 2 2 5 1 7876 4716 8851
582 2 2 5 1 6211 6210 7978
583 2 2 5 1 1345 1367 5664
584 2 2 5 1 3881 6819 8522
585 2 2 5 1 1322 84 8229
586 2 2 5 1 5002 6039 8589
587 2 2 5 1 4361 5663 7122
588 2 2 5 1 5421 515 6904
589 2 2 5 1 5065 5666 8675
590 2 2 5 1 2632 5385 5918
591 2 2 5 1 5004 5337 7054
592 2 2 5 1 6651 5081 6652
593 2 2 5 1 7852 5002 8589
594 2 2 5 1 5738 690 6863
595 2 2 5 1 8420 5095 8649
596 2 2 5 1 4010 5875 8984
597 2 2 5 1 5333 2930 5747
598 2 2 5 1 5081 6651 6653
599 2 2 5 1 7501 475 8655
600 2 2 5 1 4784 5626 5721
601 2 2 5 1 5900 4012 8982
602 2 2 5 1 4010 4028 5875
603 2 2 5 1 2759 5331 7337
604 2 2 5 1 4030 4012 5900
605 2 2 5 1 5566 5565 6192
606 2 2 5 1 5335 6208 6211
607 2 2 5 1 5384 1262 5940
608 2 2 5 1 6560 5225 7993
609 2 2 5 1 5478 3583 6028
610 2 2 5 1 5375 3359 6767
611 2 2 5 1 5565 3260 6192
612 2 2 5 1 4961 6210 6253
613 2 2 5 1 5291 7876 8851
614 2 2 5 1 4452 6406 7262
615 2 2 5 1 7306 6575 8510
616 2 2 5 1 1344 1345 5664
617 2 2 5 1 5385 2632 5919
618 2 2 5 1 2392 5527 5529
619 2 2 5 1 5095 5463 8649
620 2 2 5 1 4396 6853 8805
621 2 2 5 1 5294 6670 6677
622 2 2 5 1 7441 6758 8774
623 2 2 5 1 4425 4426 6688
624 2 2 5 1 5418 2398 7283
625 2 2 5 1 5510 5511 7540
626 2 2 5 1 4617 6678 6719
627 2 2 5 1 5392 2644 5920
628 2 2 5 1 6670 5294 8972
629 2 2 5 1 5901 5309 5903
630 2 2 5 1 4807 7454 8719
631 2 2 5 1 5966 5818 6040
632 2 2 5 1 8516 5878 8690
633 2 2 5 1 8420 5852 8432
634 2 2 5 1 75 74 5692
635 2 2 5 1 848 850 6009
636 2 2 5 1 6678 4617 8986
637 2 2 5 1 6375 4342 8722
638 2 2 5 1 8062 5603 8694
639 2 2 5 1 548 542 8045
640 2 2 5 1 5577 493 8217
641 2 2 5 1 4770 6653 8493
642 2 2 5 1 542 532 5531
643 2 2 5 1 4079 5400 5670
644 2 2 5 1 2546 5598 6190
645 2 2 5 1 476 7441 8774
646 2 2 5 1 5553 5524 6991
647 2 2 5 1 6008 4682 8499
648 2 2 5 1 2644 5392 5921
649 2 2 5 1 3197 5603 7879
650 2 2 5 1 3260 5565 5567
651 2 2 5 1 6034 5959 6272
652 2 2 5 1 4511 5386 5587
653 2 2 5 1 5429 4148 5451
654 2 2 5 1 5351 2973 6375
655 2 2 5 1 662 658 5704
656 2 2 5 1 2604 5238 8607
657 2 2 5 1 5900 5309 5901
658 2 2 5 1 5236 2605 8605
659 2 2 5 1 7454 4807 8291
660 2 2 5 1 4589 6647 7354
661 2 2 5 1 5465 2399 5467
662 2 2 5 1 5690 4686 5691
663 2 2 5 1 4605 5486 5487
664 2 2 5 1 2973 5351 6376
665 2 2 5 1 2937 6661 7421
666 2 2 5 1 6767 3359 8359
667 2 2 5 1 487 5751 5754
668 2 2 5 1 5699 5143 8645
669 2 2 5 1 6208 6210 6211
670 2 2 5 1 5691 4686 5692
671 2 2 5 1 5605 5604 5847
672 2 2 5 1 3601 5568 6367
673 2 2 5 1 4221 4346 5678
674 2 2 5 1 5095 8420 8432
675 2 2 5 1 754 731 5733
676 2 2 5 1 690 5738 6723
677 2 2 5 1 3359 5375 6768
678 2 2 5 1 487 5754 8314
679 2 2 5 1 2528 5581 6212
680 2 2 5 1 514 528 5788
681 2 2 5 1 6244 3934 8246
682 2 2 5 1 4797 5346 8052
683 2 2 5 1 2652 5433 5650
684 2 2 5 1 5390 5920 7595
685 2 2 5 1 5539 5180 6944
686 2 2 5 1 4708 4635 5550
687 2 2 5 1 4708 5550 5551
688 2 2 5 1 2253 2973 6376
689 2 2 5 1 1307 1162 5714
690 2 2 5 1 5557 2998 5559
691 2 2 5 1 637 634 6435
692 2 2 5 1 3934 6244 8260
693 2 2 5 1 5400 4079 5669
694 2 2 5 1 4511 5587 7516
695 2 2 5 1 5272 6823 8626
696 2 2 5 1 4466 5909 8133
697 2 2 5 1 5331 2759 8167
698 2 2 5 1 4604 4603 5482
699 2 2 5 1 4605 4606 5486
700 2 2 5 1 5583 540 6212
701 2 2 5 1 5920 2644 7595
702 2 2 5 1 4048 4139 6849
703 2 2 5 1 6823 5272 8519
704 2 2 5 1 542 5531 8045
705 2 2 5 1 605 607 5695
706 2 2 5 1 5397 5572 9043
707 2 2 5 1 7300 5023 8637
708 2 2 5 1 4195 5585 5861
709 2 2 5 1 8235 5048 8263
710 2 2 5 1 2253 6376 9018
711 2 2 5 1 2214 2652 5650
712 2 2 5 1 5581 2528 5582
713 2 2 5 1 5695 607 5934
714 2 2 5 1 4140 4018 5641
715 2 2 5 1 5585 5431 5861
716 2 2 5 1 5737 2759 8639
717 2 2 5 1 2759 5737 8167
718 2 2 5 1 5335 6207 6208
719 2 2 5 1 4656 5431 5585
720 2 2 5 1 4708 5551 8048
721 2 2 5 1 5581 5583 6212
722 2 2 5 1 2566 6594 7246
723 2 2 5 1 9 8 5908
724 2 2 5 1 322 323 5612
725 2 2 5 1 5901 5903 5904
726 2 2 5 1 2207 2209 5725
727 2 2 5 1 3763 6294 6295
728 2 2 5 1 5876 5878 8516
729 2 2 5 1 5648 5705 6877
730 2 2 5 1 5350 526 8633
731 2 2 5 1 5390 4509 5645
732 2 2 5 1 1833 5372 6751
733 2 2 5 1 5725 5462 6008
734 2 2 5 1 526 5350 8545
735 2 2 5 1 4604 5482 5484
736 2 2 5 1 5372 1833 7694
737 2 2 5 1 4509 5390 7595
738 2 2 5 1 144 145 5892
739 2 2 5 1 691 5444 5705
740 2 2 5 1 6693 6768 8494
741 2 2 5 1 647 645 7702
742 2 2 5 1 2090 5422 5531
743 2 2 5 1 3112 5213 8801
744 2 2 5 1 5122 5658 8413
745 2 2 5 1 532 2090 5531
746 2 2 5 1 6198 6197 8272
747 2 2 5 1 1963 1799 5605
748 2 2 5 1 607 610 5934
749 2 2 5 1 5496 2314 5497
750 2 2 5 1 1971 5656 7618
751 2 2 5 1 3574 4983 5783
752 2 2 5 1 5670 1435 5799
753 2 2 5 1 650 647 5445
754 2 2 5 1 5386 4511 7564
755 2 2 5 1 8192 4573 8817
756 2 2 5 1 2931 2756 5596
757 2 2 5 1 5445 647 7702
758 2 2 5 1 5566 6191 8229
759 2 2 5 1 5040 6720 8277
760 2 2 5 1 5684 439 5841
761 2 2 5 1 2189 5453 7226
762 2 2 5 1 6746 6747 7152
763 2 2 5 1 5473 649 6531
764 2 2 5 1 6747 3072 7152
765 2 2 5 1 5396 5397 7923
766 2 2 5 1 5645 4509 7511
767 2 2 5 1 3460 5854 5855
768 2 2 5 1 5783 4983 6833
769 2 2 5 1 6746 2216 6883
770 2 2 5 1 5443 2370 5445
771 2 2 5 1 2216 6746 7152
772 2 2 5 1 5476 3137 6532
773 2 2 5 1 8470 5361 8628
774 2 2 5 1 3574 5783 9101
775 2 2 5 1 447 2967 5396
776 2 2 5 1 2289 5395 8704
777 2 2 5 1 5549 5673 8807
778 2 2 5 1 4983 5419 6833
779 2 2 5 1 5230 4425 6688
780 2 2 5 1 5002 4619 6039
781 2 2 5 1 3557 4184 5761
782 2 2 5 1 5941 5169 7147
783 2 2 5 1 1284 458 9069
784 2 2 5 1 5493 2653 5868
785 2 2 5 1 2957 5405 7432
786 2 2 5 1 3460 5855 6013
787 2 2 5 1 5539 6944 8453
788 2 2 5 1 5997 2301 8592
789 2 2 5 1 4454 8356 8492
790 2 2 5 1 5498 637 6435
791 2 2 5 1 5736 2286 6077
792 2 2 5 1 4034 5693 8562
793 2 2 5 1 5716 6571 8454
794 2 2 5 1 515 5421 7991
795 2 2 5 1 2413 6543 8729
796 2 2 5 1 4174 6138 6480
797 2 2 5 1 8232 6244 8246
798 2 2 5 1 2653 2202 5868
799 2 2 5 1 5396 2967 5397
800 2 2 5 1 6243 6244 8232
801 2 2 5 1 2300 5994 8593
802 2 2 5 1 5904 5903 8617
803 2 2 5 1 5799 1435 9046
804 2 2 5 1 4862 8509 8512
805 2 2 5 1 5921 4703 9045
806 2 2 5 1 4668 5919 9058
807 2 2 5 1 6952 5381 8082
808 2 2 5 1 5422 2090 5986
809 2 2 5 1 5673 5625 8807
810 2 2 5 1 656 660 5746
811 2 2 5 1 5263 5646 8094
812 2 2 5 1 8509 6150 8512
813 2 2 5 1 3605 5461 5462
814 2 2 5 1 5910 5784 7444
815 2 2 5 1 2756 2763 5596
816 2 2 5 1 5340 5791 8057
817 2 2 5 1 5327 7423 8093
818 2 2 5 1 5395 2289 8421
819 2 2 5 1 2312 5514 5515
820 2 2 5 1 6646 6642 8442
821 2 2 5 1 2409 5787 7225
822 2 2 5 1 4613 6621 6622
823 2 2 5 1 8396 8734 8978
824 2 2 5 1 1348 5508 7829
825 2 2 5 1 8731 8395 8977
826 2 2 5 1 8342 6041 8826
827 2 2 5 1 6430 7294 8181
828 2 2 5 1 5413 3716 9100
829 2 2 5 1 5568 5569 6367
830 2 2 5 1 7979 5330 8429
831 2 2 5 1 6384 5369 8212
832 2 2 5 1 5598 5599 6190
833 2 2 5 1 5751 487 5930
834 2 2 5 1 4754 3956 5490
835 2 2 5 1 5500 5036 8498
836 2 2 5 1 5392 4703 5921
837 2 2 5 1 7533 4887 8655
838 2 2 5 1 5426 8476 8481
839 2 2 5 1 5426 5425 8476
840 2 2 5 1 161 465 5688
841 2 2 5 1 6661 4447 7421
842 2 2 5 1 3763 6295 8302
843 2 2 5 1 1435 5670 7491
844 2 2 5 1 5289 8192 8817
845 2 2 5 1 4952 5574 7487
846 2 2 5 1 3002 5651 5652
847 2 2 5 1 8498 5036 8501
848 2 2 5 1 538 6560 7993
849 2 2 5 1 5446 4417 5640
850 2 2 5 1 5805 3762 8392
851 2 2 5 1 5447 497 8859
852 2 2 5 1 5554 2971 5555
853 2 2 5 1 6153 1356 7945
854 2 2 5 1 5491 3194 8332
855 2 2 5 1 8609 6172 8658
856 2 2 5 1 464 106 5694
857 2 2 5 1 5406 2957 5407
858 2 2 5 1 6247 3934 8260
859 2 2 5 1 5575 4839 8067
860 2 2 5 1 4771 5410 6623
861 2 2 5 1 539 5468 5601
862 2 2 5 1 3897 8609 8658
863 2 2 5 1 441 539 5601
864 2 2 5 1 5433 2652 5655
865 2 2 5 1 3260 5567 5840
866 2 2 5 1 5444 691 5704
867 2 2 5 1 5736 6077 8527
868 2 2 5 1 4136 4833 8578
869 2 2 5 1 8574 4136 8578
870 2 2 5 1 4743 3947 5791
871 2 2 5 1 3934 6247 8273
872 2 2 5 1 4080 5640 5641
873 2 2 5 1 6991 5524 8611
874 2 2 5 1 4385 4957 5636
875 2 2 5 1 5582 2528 5765
876 2 2 5 1 1268 5573 5589
877 2 2 5 1 5351 6375 8722
878 2 2 5 1 7420 6209 8733
879 2 2 5 1 515 7991 8542
880 2 2 5 1 5545 8342 8826
881 2 2 5 1 5036 5037 8501
882 2 2 5 1 4668 5385 5919
883 2 2 5 1 5400 5401 5670
884 2 2 5 1 5844 822 5845
885 2 2 5 1 8341 5320 8581
886 2 2 5 1 5420 5016 9118
887 2 2 5 1 6209 7420 8554
888 2 2 5 1 8359 5665 8922
889 2 2 5 1 5654 5717 8617
890 2 2 5 1 4417 5446 7784
891 2 2 5 1 643 641 5793
892 2 2 5 1 8501 5037 8515
893 2 2 5 1 5514 2312 6372
894 2 2 5 1 7945 1356 8511
895 2 2 5 1 2370 5442 5704
896 2 2 5 1 6645 4398 6647
897 2 2 5 1 4605 5487 5490
898 2 2 5 1 442 441 5601
899 2 2 5 1 5715 5716 8454
900 2 2 5 1 5700 5533 8208
901 2 2 5 1 5646 1247 8094
902 2 2 5 1 4541 3761 5805
903 2 2 5 1 8617 5717 8940
904 2 2 5 1 3002 2214 5650
905 2 2 5 1 3002 5650 5651
906 2 2 5 1 5431 4656 5915
907 2 2 5 1 4148 5429 5804
908 2 2 5 1 5553 4508 6256
909 2 2 5 1 7825 8106 8582
910 2 2 5 1 5578 5577 8217
911 2 2 5 1 4624 5504 5509
912 2 2 5 1 6028 3583 7062
913 2 2 5 1 4069 5798 7195
914 2 2 5 1 7621 4850 7799
915 2 2 5 1 635 675 8457
916 2 2 5 1 247 491 6653
917 2 2 5 1 6739 5511 6740
918 2 2 5 1 2398 5418 7826
919 2 2 5 1 2274 3020 5854
920 2 2 5 1 7825 7094 8106
921 2 2 5 1 6651 246 6653
922 2 2 5 1 3137 5476 6795
923 2 2 5 1 5502 4822 8577
924 2 2 5 1 5504 3963 5509
925 2 2 5 1 4023 6612 7837
926 2 2 5 1 8566 5502 8577
927 2 2 5 1 522 517 5804
928 2 2 5 1 5507 4616 5513
929 2 2 5 1 84 571 8229
930 2 2 5 1 5482 4603 5483
931 2 2 5 1 5548 3970 8342
932 2 2 5 1 2632 5918 7564
933 2 2 5 1 6940 6942 7536
934 2 2 5 1 5573 1268 5784
935 2 2 5 1 5591 987 6424
936 2 2 5 1 7346 6178 8076
937 2 2 5 1 8261 5292 8823
938 2 2 5 1 639 637 5498
939 2 2 5 1 8236 6486 8599
940 2 2 5 1 3957 5507 5513
941 2 2 5 1 4682 6008 6564
942 2 2 5 1 5550 4635 5859
943 2 2 5 1 5436 1253 7797
944 2 2 5 1 1124 1136 5940
945 2 2 5 1 5909 5028 8133
946 2 2 5 1 5468 539 5621
947 2 2 5 1 5307 5875 8516
948 2 2 5 1 540 5583 7979
949 2 2 5 1 51 5427 8341
950 2 2 5 1 7991 5222 8542
951 2 2 5 1 6857 6853 7419
952 2 2 5 1 4140 5642 8615
953 2 2 5 1 4770 5081 6653
954 2 2 5 1 5875 5876 8516
955 2 2 5 1 5212 4221 5678
956 2 2 5 1 6290 8354 8640
957 2 2 5 1 5656 5655 7618
958 2 2 5 1 7298 7507 8339
959 2 2 5 1 3561 8199 8228
960 2 2 5 1 8199 5481 8228
961 2 2 5 1 1620 1617 8208
962 2 2 5 1 5773 6110 7150
963 2 2 5 1 6934 4779 8384
964 2 2 5 1 499 5529 8624
965 2 2 5 1 3079 8466 8552
966 2 2 5 1 4787 8470 8628
967 2 2 5 1 6225 8410 8414
968 2 2 5 1 6575 2366 6878
969 2 2 5 1 6427 8469 8561
970 2 2 5 1 906 5575 8067
971 2 2 5 1 8549 669 8634
972 2 2 5 1 8410 5562 8414
973 2 2 5 1 3078 3716 5834
974 2 2 5 1 4398 6645 6646
975 2 2 5 1 5663 5341 7122
976 2 2 5 1 6575 6878 8510
977 2 2 5 1 6654 5080 8024
978 2 2 5 1 5574 3631 7487
979 2 2 5 1 5486 4606 5488
980 2 2 5 1 438 1391 5841
981 2 2 5 1 5016 5420 8482
982 2 2 5 1 5377 1073 7933
983 2 2 5 1 813 5833 8426
984 2 2 5 1 1197 5480 5714
985 2 2 5 1 4329 5454 5738
986 2 2 5 1 5833 813 8505
987 2 2 5 1 1264 820 5844
988 2 2 5 1 5475 3631 5574
989 2 2 5 1 8521 940 8636
990 2 2 5 1 2396 6384 8212
991 2 2 5 1 6295 2259 8302
992 2 2 5 1 5834 3716 7880
993 2 2 5 1 3522 5615 5616
994 2 2 5 1 4361 4380 5663
995 2 2 5 1 5705 5444 6877
996 2 2 5 1 7621 2095 8739
997 2 2 5 1 1963 5605 5606
998 2 2 5 1 1069 1132 5710
999 2 2 5 1 668 8534 8623
1000 2 2 5 1 596 599 5516
1001 2 2 5 1 4752 5602 8662
1002 2 2 5 1 5602 4752 8678
1003 2 2 5 1 5427 51 8687
1004 2 2 5 1 5525 3568 5905
1005 2 2 5 1 1401 1404 6038
1006 2 2 5 1 4329 5738 6863
1007 2 2 5 1 445 444 5589
1008 2 2 5 1 5469 5784 8169
1009 2 2 5 1 2217 5556 6626
1010 2 2 5 1 5534 5533 5700
1011 2 2 5 1 6594 2566 8874
1012 2 2 5 1 8734 5902 8978
1013 2 2 5 1 6349 5705 6878
1014 2 2 5 1 3696 3233 5534
1015 2 2 5 1 478 5451 8673
1016 2 2 5 1 5658 1718 8413
1017 2 2 5 1 6501 126 8379
1018 2 2 5 1 2259 6295 8712
1019 2 2 5 1 5960 1048 8524
1020 2 2 5 1 5559 2998 8172
1021 2 2 5 1 8215 8214 8667
1022 2 2 5 1 5266 4887 7533
1023 2 2 5 1 2394 5635 8470
1024 2 2 5 1 5983 8364 8412
1025 2 2 5 1 6886 7619 8129
1026 2 2 5 1 5691 5693 6734
1027 2 2 5 1 2370 650 5445
1028 2 2 5 1 497 5447 8175
1029 2 2 5 1 5213 5657 5723
1030 2 2 5 1 1162 1197 5714
1031 2 2 5 1 4686 75 5692
1032 2 2 5 1 5877 8731 8977
1033 2 2 5 1 5228 7365 8345
1034 2 2 5 1 6653 491 8493
1035 2 2 5 1 1047 5967 8573
1036 2 2 5 1 5467 2399 5746
1037 2 2 5 1 5587 4692 7653
1038 2 2 5 1 160 5688 8351
1039 2 2 5 1 5888 1581 5890
1040 2 2 5 1 4604 5484 5485
1041 2 2 5 1 6059 7353 8597
1042 2 2 5 1 5543 5548 8342
1043 2 2 5 1 6688 4426 6689
1044 2 2 5 1 8478 6266 8490
1045 2 2 5 1 1412 5587 7653
1046 2 2 5 1 1253 5436 8971
1047 2 2 5 1 5497 2314 5498
1048 2 2 5 1 4301 5947 5948
1049 2 2 5 1 5785 3695 5847
1050 2 2 5 1 8356 6813 8492
1051 2 2 5 1 3646 8478 8490
1052 2 2 5 1 8047 5071 8091
1053 2 2 5 1 5959 6034 6273
1054 2 2 5 1 5595 2584 9009
1055 2 2 5 1 4991 5997 8592
1056 2 2 5 1 4313 6132 8245
1057 2 2 5 1 126 6501 8898
1058 2 2 5 1 8276 4325 8660
1059 2 2 5 1 5694 107 8360
1060 2 2 5 1 8214 5835 8667
1061 2 2 5 1 4621 6038 6039
1062 2 2 5 1 8087 5768 8197
1063 2 2 5 1 5656 1971 7619
1064 2 2 5 1 5890 1581 7814
1065 2 2 5 1 1073 5377 8558
1066 2 2 5 1 1968 5492 5604
1067 2 2 5 1 848 6009 8852
1068 2 2 5 1 5388 6565 8052
1069 2 2 5 1 2094 8235 8263
1070 2 2 5 1 4742 4709 8449
1071 2 2 5 1 4709 7586 8449
1072 2 2 5 1 4750 6243 8232
1073 2 2 5 1 1225 8261 8823
1074 2 2 5 1 7365 5228 8973
1075 2 2 5 1 1964 8047 8091
1076 2 2 5 1 7319 6054 8606
1077 2 2 5 1 4731 5708 8270
1078 2 2 5 1 5635 2394 8888
1079 2 2 5 1 8116 7481 8146
1080 2 2 5 1 5938 3665 8136
1081 2 2 5 1 5776 8088 8132
1082 2 2 5 1 691 662 5704
1083 2 2 5 1 5451 478 8766
1084 2 2 5 1 7619 6888 7913
1085 2 2 5 1 6548 8659 8685
1086 2 2 5 1 5345 5346 8764
1087 2 2 5 1 4139 5848 6849
1088 2 2 5 1 6253 6210 8554
1089 2 2 5 1 6040 5818 8723
1090 2 2 5 1 5302 8352 8806
1091 2 2 5 1 5461 3605 5938
1092 2 2 5 1 5994 4992 8593
1093 2 2 5 1 1613 514 5788
1094 2 2 5 1 4453 5040 8277
1095 2 2 5 1 5918 5386 7564
1096 2 2 5 1 74 479 5692
1097 2 2 5 1 6919 8350 8482
1098 2 2 5 1 609 605 5695
1099 2 2 5 1 440 439 5684
1100 2 2 5 1 6647 4398 7354
1101 2 2 5 1 8168 5606 8548
1102 2 2 5 1 8659 5120 8685
1103 2 2 5 1 658 2370 5704
1104 2 2 5 1 347 348 6950
1105 2 2 5 1 8138 4518 8416
1106 2 2 5 1 731 1416 5733
1107 2 2 5 1 3434 3861 6620
1108 2 2 5 1 6084 1391 8406
1109 2 2 5 1 5472 609 5695
1110 2 2 5 1 495 5495 8185
1111 2 2 5 1 609 5472 5798
1112 2 2 5 1 8168 4618 8530
1113 2 2 5 1 4589 5528 6647
1114 2 2 5 1 1178 1202 6026
1115 2 2 5 1 3970 5548 8479
1116 2 2 5 1 1225 5403 8261
1117 2 2 5 1 2314 5496 5793
1118 2 2 5 1 2312 5515 5516
1119 2 2 5 1 3639 3640 5859
1120 2 2 5 1 5272 5271 8519
1121 2 2 5 1 5632 138 8674
1122 2 2 5 1 3956 4605 5490
1123 2 2 5 1 2196 2240 5850
1124 2 2 5 1 64 8389 8707
1125 2 2 5 1 1237 6952 8082
1126 2 2 5 1 138 5632 8692
1127 2 2 5 1 5495 495 8204
1128 2 2 5 1 444 1268 5589
1129 2 2 5 1 3642 5482 5483
1130 2 2 5 1 3422 754 5733
1131 2 2 5 1 528 4366 5788
1132 2 2 5 1 6233 5071 7961
1133 2 2 5 1 696 730 5924
1134 2 2 5 1 5187 5186 8053
1135 2 2 5 1 1830 8451 8598
1136 2 2 5 1 482 8341 8581
1137 2 2 5 1 5293 8521 8636
1138 2 2 5 1 5698 8549 8634
1139 2 2 5 1 4534 5512 5636
1140 2 2 5 1 6084 8406 8839
1141 2 2 5 1 5470 506 8418
1142 2 2 5 1 2393 6430 8181
1143 2 2 5 1 5509 3963 5687
1144 2 2 5 1 2004 1645 5853
1145 2 2 5 1 5512 4385 5636
1146 2 2 5 1 6210 4961 7978
1147 2 2 5 1 4764 8691 8715
1148 2 2 5 1 3957 5513 5686
1149 2 2 5 1 3613 5488 5584
1150 2 2 5 1 2399 5465 5934
1151 2 2 5 1 850 942 6009
1152 2 2 5 1 3283 4694 8287
1153 2 2 5 1 5453 2189 7328
1154 2 2 5 1 1987 2112 6627
1155 2 2 5 1 4779 4778 8384
1156 2 2 5 1 5678 4346 5796
1157 2 2 5 1 4743 5791 5792
1158 2 2 5 1 2930 5748 5930
1159 2 2 5 1 4301 5946 5947
1160 2 2 5 1 6565 5388 8502
1161 2 2 5 1 4174 6480 8141
1162 2 2 5 1 8519 5271 8890
1163 2 2 5 1 3283 8287 8303
1164 2 2 5 1 77 76 8176
1165 2 2 5 1 5556 2217 6627
1166 2 2 5 1 5555 2971 5850
1167 2 2 5 1 2209 3605 5725
1168 2 2 5 1 5480 1197 5713
1169 2 2 5 1 7961 5071 8047
1170 2 2 5 1 4818 6871 8399
1171 2 2 5 1 6908 4820 8400
1172 2 2 5 1 6093 7482 8631
1173 2 2 5 1 649 5473 7702
1174 2 2 5 1 5850 3741 7900
1175 2 2 5 1 1048 5960 8491
1176 2 2 5 1 6243 4750 9026
1177 2 2 5 1 2788 5449 7453
1178 2 2 5 1 7423 5327 8390
1179 2 2 5 1 3046 2207 5725
1180 2 2 5 1 6345 8515 8856
1181 2 2 5 1 5945 5946 7333
1182 2 2 5 1 5781 5837 6273
1183 2 2 5 1 1417 6233 7961
1184 2 2 5 1 2840 8391 8648
1185 2 2 5 1 6911 5603 8062
1186 2 2 5 1 369 2395 5689
1187 2 2 5 1 8954 5430 8955
1188 2 2 5 1 7483 6092 8629
1189 2 2 5 1 4694 5532 8279
1190 2 2 5 1 4207 4205 7162
1191 2 2 5 1 5818 5966 6110
1192 2 2 5 1 8515 5037 8856
1193 2 2 5 1 505 8954 8955
1194 2 2 5 1 4694 8279 8287
1195 2 2 5 1 3631 5475 6122
1196 2 2 5 1 5412 5411 7986
1197 2 2 5 1 5464 5094 8652
1198 2 2 5 1 5606 5847 8548
1199 2 2 5 1 3674 6646 8442
1200 2 2 5 1 8643 5464 8652
1201 2 2 5 1 5458 6747 8533
1202 2 2 5 1 5271 4048 6849
1203 2 2 5 1 8534 5702 8623
1204 2 2 5 1 8466 5764 8552
1205 2 2 5 1 8469 3965 8561
1206 2 2 5 1 6283 5611 6425
1207 2 2 5 1 6747 5458 8656
1208 2 2 5 1 5888 5885 7974
1209 2 2 5 1 7033 469 8191
1210 2 2 5 1 4744 8513 8764
1211 2 2 5 1 6259 6232 8001
1212 2 2 5 1 7826 5418 8493
1213 2 2 5 1 1357 8627 8980
1214 2 2 5 1 145 470 5892
1215 2 2 5 1 4184 5394 5761
1216 2 2 5 1 1367 5663 5664
1217 2 2 5 1 6536 152 8338
1218 2 2 5 1 8539 1397 8755
1219 2 2 5 1 5525 5553 6256
1220 2 2 5 1 4355 5364 8093
1221 2 2 5 1 1276 5908 8213
1222 2 2 5 1 5625 5626 8807
1223 2 2 5 1 5611 5609 6425
1224 2 2 5 1 8517 90 8573
1225 2 2 5 1 2211 2213 5938
1226 2 2 5 1 2403 8446 8452
1227 2 2 5 1 8446 5646 8452
1228 2 2 5 1 742 5644 6543
1229 2 2 5 1 4725 5521 6031
1230 2 2 5 1 2314 639 5498
1231 2 2 5 1 2202 3001 5868
1232 2 2 5 1 5126 7506 8774
1233 2 2 5 1 4653 3754 6660
1234 2 2 5 1 5403 1225 9025
1235 2 2 5 1 5490 5491 8332
1236 2 2 5 1 5543 5542 5548
1237 2 2 5 1 5718 3305 6031
1238 2 2 5 1 1799 1968 5605
1239 2 2 5 1 5779 4015 8088
1240 2 2 5 1 4016 5771 8087
1241 2 2 5 1 5609 4129 6425
1242 2 2 5 1 5823 8471 8497
1243 2 2 5 1 5332 7424 8114
1244 2 2 5 1 5494 5869 5874
1245 2 2 5 1 5471 1246 8103
1246 2 2 5 1 5705 5648 6878
1247 2 2 5 1 813 5830 8505
1248 2 2 5 1 3613 5486 5488
1249 2 2 5 1 8524 177 8555
1250 2 2 5 1 7353 6059 8508
1251 2 2 5 1 5787 4366 7225
1252 2 2 5 1 571 5588 8229
1253 2 2 5 1 5734 4948 8411
1254 2 2 5 1 5151 8383 8729
1255 2 2 5 1 2971 5554 6627
1256 2 2 5 1 1307 5714 8962
1257 2 2 5 1 1450 1448 5840
1258 2 2 5 1 5314 8236 8599
1259 2 2 5 1 5168 5169 5941
1260 2 2 5 1 6450 4723 6625
1261 2 2 5 1 7979 7598 8043
1262 2 2 5 1 1262 5941 7147
1263 2 2 5 1 7101 5426 8481
1264 2 2 5 1 5910 3456 5911
1265 2 2 5 1 5521 5718 6031
1266 2 2 5 1 2653 5493 6078
1267 2 2 5 1 5538 5794 7614
1268 2 2 5 1 660 690 5746
1269 2 2 5 1 5526 2392 8030
1270 2 2 5 1 8461 5820 8485
1271 2 2 5 1 4807 5613 8291
1272 2 2 5 1 453 452 5765
1273 2 2 5 1 4948 5734 8916
1274 2 2 5 1 6043 6228 8290
1275 2 2 5 1 5492 1968 7573
1276 2 2 5 1 5187 8053 8591
1277 2 2 5 1 2399 656 5746
1278 2 2 5 1 6054 7319 8520
1279 2 2 5 1 5512 4534 6066
1280 2 2 5 1 8471 2118 8497
1281 2 2 5 1 5517 6446 7700
1282 2 2 5 1 8352 1228 8806
1283 2 2 5 1 1581 5888 7974
1284 2 2 5 1 506 5470 8992
1285 2 2 5 1 634 635 6435
1286 2 2 5 1 1344 5664 5665
1287 2 2 5 1 6198 762 8732
1288 2 2 5 1 8627 6019 8980
1289 2 2 5 1 6110 3506 7150
1290 2 2 5 1 5967 1047 8489
1291 2 2 5 1 3088 3025 5915
1292 2 2 5 1 2449 5452 8758
1293 2 2 5 1 8327 5639 8332
1294 2 2 5 1 3892 4410 5594
1295 2 2 5 1 5794 3071 7614
1296 2 2 5 1 5911 3456 5990
1297 2 2 5 1 7096 2259 8712
1298 2 2 5 1 5540 4129 5609
1299 2 2 5 1 144 5892 8472
1300 2 2 5 1 5313 6585 8356
1301 2 2 5 1 3754 4447 6660
1302 2 2 5 1 610 2399 5934
1303 2 2 5 1 3601 3557 5761
1304 2 2 5 1 8691 5808 8715
1305 2 2 5 1 152 6536 9032
1306 2 2 5 1 5849 4765 8257
1307 2 2 5 1 6853 6854 8805
1308 2 2 5 1 3888 5586 7439
1309 2 2 5 1 3194 8327 8332
1310 2 2 5 1 6891 5211 8615
1311 2 2 5 1 599 2312 5516
1312 2 2 5 1 2115 8461 8485
1313 2 2 5 1 5746 690 6723
1314 2 2 5 1 2299 5782 7962
1315 2 2 5 1 6594 6595 7246
1316 2 2 5 1 5627 5624 5628
1317 2 2 5 1 3696 5534 5535
1318 2 2 5 1 224 1245 8419
1319 2 2 5 1 1193 5410 8907
1320 2 2 5 1 1281 7017 8234
1321 2 2 5 1 4129 5540 5719
1322 2 2 5 1 5833 2792 8426
1323 2 2 5 1 5494 5868 5869
1324 2 2 5 1 5448 494 8588
1325 2 2 5 1 3162 6211 7978
1326 2 2 5 1 5516 5517 7700
1327 2 2 5 1 489 5612 8747
1328 2 2 5 1 5504 4624 7680
1329 2 2 5 1 8642 4990 8805
1330 2 2 5 1 5426 7101 8876
1331 2 2 5 1 5556 6122 6626
1332 2 2 5 1 6013 4461 8334
1333 2 2 5 1 773 8447 8450
1334 2 2 5 1 1889 694 6379
1335 2 2 5 1 5453 4867 7226
1336 2 2 5 1 8447 5683 8450
1337 2 2 5 1 569 8372 8504
1338 2 2 5 1 4616 5507 7667
1339 2 2 5 1 5452 2449 8594
1340 2 2 5 1 368 369 5689
1341 2 2 5 1 3761 3762 5805
1342 2 2 5 1 7986 5411 8547
1343 2 2 5 1 5573 5784 5910
1344 2 2 5 1 6034 6272 8759
1345 2 2 5 1 5423 8050 8507
1346 2 2 5 1 5553 6991 8347
1347 2 2 5 1 6707 1348 7829
1348 2 2 5 1 506 5479 8418
1349 2 2 5 1 5687 7695 8171
1350 2 2 5 1 6418 8877 8919
1351 2 2 5 1 649 643 5793
1352 2 2 5 1 1611 6446 7859
1353 2 2 5 1 6621 4613 8831
1354 2 2 5 1 3542 5500 8498
1355 2 2 5 1 494 5448 8670
1356 2 2 5 1 3005 5643 7680
1357 2 2 5 1 8161 2205 8459
1358 2 2 5 1 8401 973 8465
1359 2 2 5 1 6768 5375 8494
1360 2 2 5 1 5218 7308 7676
1361 2 2 5 1 5330 5576 8429
1362 2 2 5 1 1070 5538 7614
1363 2 2 5 1 5537 8276 8660
1364 2 2 5 1 8333 3195 8349
1365 2 2 5 1 692 1887 6289
1366 2 2 5 1 5643 8333 8349
1367 2 2 5 1 2547 7216 8710
1368 2 2 5 1 7708 5686 8164
1369 2 2 5 1 8744 1239 8786
1370 2 2 5 1 6435 635 8457
1371 2 2 5 1 5211 6891 8838
1372 2 2 5 1 5830 813 8600
1373 2 2 5 1 5639 3003 7667
1374 2 2 5 1 2033 71 5542
1375 2 2 5 1 1567 6272 8555
1376 2 2 5 1 3582 5546 8826
1377 2 2 5 1 5348 8539 8755
1378 2 2 5 1 4523 6554 8305
1379 2 2 5 1 5538 1070 5709
1380 2 2 5 1 8877 5214 8919
1381 2 2 5 1 5617 1889 6379
1382 2 2 5 1 7216 1239 8744
1383 2 2 5 1 8060 5121 8392
1384 2 2 5 1 475 7533 8655
1385 2 2 5 1 641 2314 5793
1386 2 2 5 1 5655 2652 7618
1387 2 2 5 1 3436 3434 6620
1388 2 2 5 1 6690 5263 8094
1389 2 2 5 1 5798 5472 7195
1390 2 2 5 1 4939 5501 8541
1391 2 2 5 1 8354 3942 8640
1392 2 2 5 1 645 649 7702
1393 2 2 5 1 6887 6886 8129
1394 2 2 5 1 7329 2932 7647
1395 2 2 5 1 3023 5759 9099
1396 2 2 5 1 1264 5395 8421
1397 2 2 5 1 574 548 8045
1398 2 2 5 1 1887 5619 6289
1399 2 2 5 1 4084 4085 5986
1400 2 2 5 1 517 4148 5804
1401 2 2 5 1 5327 5328 8390
1402 2 2 5 1 5530 1612 6549
1403 2 2 5 1 7011 1256 8569
1404 2 2 5 1 2033 5542 5543
1405 2 2 5 1 8710 7216 8744
1406 2 2 5 1 5756 5759 8314
1407 2 2 5 1 8364 5855 8412
1408 2 2 5 1 6406 5049 7262
1409 2 2 5 1 5708 3476 8270
1410 2 2 5 1 8291 5613 8728
1411 2 2 5 1 6854 8642 8805
1412 2 2 5 1 8367 5083 8375
1413 2 2 5 1 8513 5345 8764
1414 2 2 5 1 6446 5517 7859
1415 2 2 5 1 6040 1568 8517
1416 2 2 5 1 5642 1639 8614
1417 2 2 5 1 1612 5530 7853
1418 2 2 5 1 5479 506 9031
1419 2 2 5 1 5591 6424 8138
1420 2 2 5 1 7033 8191 9112
1421 2 2 5 1 649 5793 6531
1422 2 2 5 1 1416 5732 5733
1423 2 2 5 1 1976 2128 5584
1424 2 2 5 1 4069 5514 5798
1425 2 2 5 1 3913 6654 8024
1426 2 2 5 1 1416 5731 5732
1427 2 2 5 1 1783 8367 8375
1428 2 2 5 1 5720 3294 6259
1429 2 2 5 1 1382 6164 8843
1430 2 2 5 1 2548 5520 8621
1431 2 2 5 1 8613 4834 8867
1432 2 2 5 1 5787 2409 7906
1433 2 2 5 1 6164 1382 8841
1434 2 2 5 1 5480 4541 5805
1435 2 2 5 1 5853 1620 8208
1436 2 2 5 1 5720 6259 8001
1437 2 2 5 1 45 447 5396
1438 2 2 5 1 491 7826 8493
1439 2 2 5 1 1305 7346 8076
1440 2 2 5 1 8389 5363 8707
1441 2 2 5 1 3020 4604 5854
1442 2 2 5 1 6947 4651 8693
1443 2 2 5 1 6271 8355 8365
1444 2 2 5 1 1166 1130 6190
1445 2 2 5 1 5546 3582 6109
1446 2 2 5 1 4743 5792 8175
1447 2 2 5 1 3605 5462 5725
1448 2 2 5 1 5520 2548 8651
1449 2 2 5 1 3460 2274 5854
1450 2 2 5 1 5949 7298 8339
1451 2 2 5 1 6732 8847 8873
1452 2 2 5 1 979 977 6624
1453 2 2 5 1 5592 3893 5593
1454 2 2 5 1 1639 5642 8800
1455 2 2 5 1 285 286 5747
1456 2 2 5 1 6775 4742 7888
1457 2 2 5 1 5500 3542 8959
1458 2 2 5 1 1256 7011 8825
1459 2 2 5 1 6847 4136 8574
1460 2 2 5 1 5631 468 8163
1461 2 2 5 1 8355 1143 8365
1462 2 2 5 1 2400 8443 8445
1463 2 2 5 1 6191 1322 8229
1464 2 2 5 1 467 6500 8379
1465 2 2 5 1 8443 5730 8445
1466 2 2 5 1 6585 5313 9023
1467 2 2 5 1 2090 522 5804
1468 2 2 5 1 5501 4939 8858
1469 2 2 5 1 5869 5871 9051
1470 2 2 5 1 6950 348 8863
1471 2 2 5 1 5521 4725 7778
1472 2 2 5 1 6740 5511 8031
1473 2 2 5 1 5342 4668 9058
1474 2 2 5 1 5874 5869 9051
1475 2 2 5 1 5946 4301 7333
1476 2 2 5 1 5837 3509 6273
1477 2 2 5 1 1262 1124 5940
1478 2 2 5 1 3233 3989 5534
1479 2 2 5 1 5564 2599 5674
1480 2 2 5 1 373 5503 8859
1481 2 2 5 1 2792 5833 8953
1482 2 2 5 1 5748 5751 5930
1483 2 2 5 1 539 440 5684
1484 2 2 5 1 2584 5595 8970
1485 2 2 5 1 6132 6133 8245
1486 2 2 5 1 2922 5522 8271
1487 2 2 5 1 5916 5530 6549
1488 2 2 5 1 2599 5564 5803
1489 2 2 5 1 747 726 6166
1490 2 2 5 1 1611 5541 6554
1491 2 2 5 1 1068 6304 8672
1492 2 2 5 1 3741 5636 7900
1493 2 2 5 1 6305 1774 7778
1494 2 2 5 1 3236 7417 8620
1495 2 2 5 1 3914 8808 8835
1496 2 2 5 1 283 284 5930
1497 2 2 5 1 5362 8857 8900
1498 2 2 5 1 5949 2769 7298
1499 2 2 5 1 4522 5916 6549
1500 2 2 5 1 1568 6040 8723
1501 2 2 5 1 5798 5514 6372
1502 2 2 5 1 724 745 6108
1503 2 2 5 1 5508 1348 8908
1504 2 2 5 1 4438 6939 6941
1505 2 2 5 1 5481 496 8228
1506 2 2 5 1 5541 1611 7859
1507 2 2 5 1 8847 3672 8873
1508 2 2 5 1 2446 8440 8791
1509 2 2 5 1 6255 4745 8285
1510 2 2 5 1 5446 4913 7784
1511 2 2 5 1 5503 373 8664
1512 2 2 5 1 6165 4810 8218
1513 2 2 5 1 5680 8306 8331
1514 2 2 5 1 4651 6947 8761
1515 2 2 5 1 7108 4762 8933
1516 2 2 5 1 5206 6162 8575
1517 2 2 5 1 5710 1132 6043
1518 2 2 5 1 6927 8840 8901
1519 2 2 5 1 5710 6043 8290
1520 2 2 5 1 3521 1994 8925
1521 2 2 5 1 5782 5409 7962
1522 2 2 5 1 2951 7634 8044
1523 2 2 5 1 4762 7108 8997
1524 2 2 5 1 6103 1498 8441
1525 2 2 5 1 6612 4023 9068
1526 2 2 5 1 8840 5210 8901
1527 2 2 5 1 5570 5398 7988
1528 2 2 5 1 6180 6178 7346
1529 2 2 5 1 8350 5016 8482
1530 2 2 5 1 4866 5616 8198
1531 2 2 5 1 5395 1264 8813
1532 2 2 5 1 5578 6616 6618
1533 2 2 5 1 1070 1069 5710
1534 2 2 5 1 5523 5525 5905
1535 2 2 5 1 8313 3522 8713
1536 2 2 5 1 6500 467 9054
1537 2 2 5 1 4720 5574 8499
1538 2 2 5 1 5957 5239 5960
1539 2 2 5 1 5849 8344 8407
1540 2 2 5 1 5596 2763 5703
1541 2 2 5 1 6304 1068 8695
1542 2 2 5 1 1996 3523 8928
1543 2 2 5 1 8408 5978 8423
1544 2 2 5 1 8306 2582 8331
1545 2 2 5 1 4814 6107 8205
1546 2 2 5 1 5510 530 8783
1547 2 2 5 1 4136 6847 8895
1548 2 2 5 1 8451 5659 8598
1549 2 2 5 1 6887 1964 8091
1550 2 2 5 1 5391 6381 8969
1551 2 2 5 1 4346 5637 5796
1552 2 2 5 1 8857 3173 8900
1553 2 2 5 1 1964 6887 8129
1554 2 2 5 1 8088 4015 8132
1555 2 2 5 1 4613 6622 8081
1556 2 2 5 1 8377 1279 8393
1557 2 2 5 1 2979 2160 5990
1558 2 2 5 1 6026 6013 8334
1559 2 2 5 1 8223 872 8266
1560 2 2 5 1 496 5481 8249
1561 2 2 5 1 8294 5708 8322
1562 2 2 5 1 5773 5818 6110
1563 2 2 5 1 5437 4833 8580
1564 2 2 5 1 4833 5437 8578
1565 2 2 5 1 5537 1573 8276
1566 2 2 5 1 5511 6739 7540
1567 2 2 5 1 3665 5585 8136
1568 2 2 5 1 6381 5391 9021
1569 2 2 5 1 4156 5432 8927
1570 2 2 5 1 7417 8151 8620
1571 2 2 5 1 5896 8990 9003
1572 2 2 5 1 8391 6941 8648
1573 2 2 5 1 5594 4410 5595
1574 2 2 5 1 6908 8475 8518
1575 2 2 5 1 8438 529 8439
1576 2 2 5 1 8474 6871 8514
1577 2 2 5 1 1622 8294 8322
1578 2 2 5 1 4016 8087 8197
1579 2 2 5 1 5897 5896 9003
1580 2 2 5 1 5364 8613 8867
1581 2 2 5 1 8808 5889 8835
1582 2 2 5 1 6195 5627 8833
1583 2 2 5 1 6991 504 8347
1584 2 2 5 1 5816 8438 8439
1585 2 2 5 1 1151 8821 8885
1586 2 2 5 1 5277 7157 8538
1587 2 2 5 1 5597 8025 8035
1588 2 2 5 1 6162 5206 8814
1589 2 2 5 1 5126 5278 7506
1590 2 2 5 1 5924 1281 8234
1591 2 2 5 1 5265 5428 9014
1592 2 2 5 1 3583 5478 8872
1593 2 2 5 1 5532 3229 8279
1594 2 2 5 1 2128 3613 5584
1595 2 2 5 1 7482 6093 8605
1596 2 2 5 1 2064 8795 8879
1597 2 2 5 1 8025 911 8035
1598 2 2 5 1 6092 7483 8607
1599 2 2 5 1 5163 8138 8416
1600 2 2 5 1 5451 4148 8673
1601 2 2 5 1 5607 1308 7675
1602 2 2 5 1 5428 5265 9037
1603 2 2 5 1 676 8408 8423
1604 2 2 5 1 5926 2921 8258
1605 2 2 5 1 1584 8148 8444
1606 2 2 5 1 3568 5525 6256
1607 2 2 5 1 4284 4282 5696
1608 2 2 5 1 6489 6241 8237
1609 2 2 5 1 8795 5402 8879
1610 2 2 5 1 8821 6895 8885
1611 2 2 5 1 934 6908 8400
1612 2 2 5 1 6871 935 8399
1613 2 2 5 1 5636 4957 7900
1614 2 2 5 1 3345 3343 6768
1615 2 2 5 1 4534 5134 6066
1616 2 2 5 1 8383 2413 8729
1617 2 2 5 1 8693 7046 8883
1618 2 2 5 1 5229 8467 8608
1619 2 2 5 1 8344 1596 8407
1620 2 2 5 1 6860 2962 8853
1621 2 2 5 1 1242 5459 8557
1622 2 2 5 1 8475 2408 8518
1623 2 2 5 1 2407 8474 8514
1624 2 2 5 1 6066 5134 6546
1625 2 2 5 1 3640 5550 5859
1626 2 2 5 1 2971 2196 5850
1627 2 2 5 1 2240 3741 5850
1628 2 2 5 1 6808 5458 8533
1629 2 2 5 1 5656 7619 7913
1630 2 2 5 1 5211 4140 8615
1631 2 2 5 1 5957 5955 7664
1632 2 2 5 1 5432 4156 9010
1633 2 2 5 1 4656 3639 5859
1634 2 2 5 1 5382 2004 5853
1635 2 2 5 1 452 743 5765
1636 2 2 5 1 6091 8373 8394
1637 2 2 5 1 8299 6685 8315
1638 2 2 5 1 4015 5779 8386
1639 2 2 5 1 5771 4016 8387
1640 2 2 5 1 6034 5781 6273
1641 2 2 5 1 1205 1178 6026
1642 2 2 5 1 1945 5539 8453
1643 2 2 5 1 2962 6860 8946
1644 2 2 5 1 2599 696 5924
1645 2 2 5 1 6913 4599 8905
1646 2 2 5 1 5606 8168 8530
1647 2 2 5 1 6940 7536 9079
1648 2 2 5 1 8790 2073 8855
1649 2 2 5 1 6661 2937 8371
1650 2 2 5 1 2217 1987 6627
1651 2 2 5 1 8670 4921 8714
1652 2 2 5 1 4400 3618 6122
1653 2 2 5 1 5239 5957 7664
1654 2 2 5 1 1854 8299 8315
1655 2 2 5 1 2112 2971 6627
1656 2 2 5 1 3573 3574 9101
1657 2 2 5 1 596 5516 7700
1658 2 2 5 1 5503 5447 8859
1659 2 2 5 1 5081 5080 6654
1660 2 2 5 1 5947 8116 8146
1661 2 2 5 1 1645 1620 5853
1662 2 2 5 1 4839 5590 8067
1663 2 2 5 1 5474 4816 8719
1664 2 2 5 1 7628 2972 8177
1665 2 2 5 1 5813 8014 8021
1666 2 2 5 1 5871 5873 9051
1667 2 2 5 1 4137 6953 8214
1668 2 2 5 1 5586 5527 7439
1669 2 2 5 1 6272 1567 8759
1670 2 2 5 1 8562 5693 9111
1671 2 2 5 1 8014 2579 8021
1672 2 2 5 1 730 1281 5924
1673 2 2 5 1 6886 6888 7619
1674 2 2 5 1 2369 8264 8359
1675 2 2 5 1 4574 4045 5621
1676 2 2 5 1 5982 7770 8126
1677 2 2 5 1 5873 6467 9051
1678 2 2 5 1 3019 5943 5945
1679 2 2 5 1 8643 2928 8792
1680 2 2 5 1 3493 5849 8257
1681 2 2 5 1 3642 5483 8420
1682 2 2 5 1 5728 7017 8150
1683 2 2 5 1 5624 5623 5628
1684 2 2 5 1 1202 3460 6026
1685 2 2 5 1 2528 453 5765
1686 2 2 5 1 2930 285 5747
1687 2 2 5 1 5136 6693 8494
1688 2 2 5 1 7472 8737 8794
1689 2 2 5 1 493 5577 8068
1690 2 2 5 1 8397 6394 8584
1691 2 2 5 1 6452 157 8708
1692 2 2 5 1 6604 5448 8588
1693 2 2 5 1 4045 5468 5621
1694 2 2 5 1 5682 8803 8822
1695 2 2 5 1 2626 2628 7564
1696 2 2 5 1 2929 8649 8788
1697 2 2 5 1 4215 4207 7162
1698 2 2 5 1 1448 3260 5840
1699 2 2 5 1 5601 5469 8169
1700 2 2 5 1 943 981 6875
1701 2 2 5 1 3491 7306 8510
1702 2 2 5 1 8373 677 8394
1703 2 2 5 1 1616 5700 8208
1704 2 2 5 1 5529 5586 8624
1705 2 2 5 1 8775 5404 8780
1706 2 2 5 1 5643 5504 7680
1707 2 2 5 1 5681 5682 8822
1708 2 2 5 1 1298 5917 6228
1709 2 2 5 1 157 6452 8760
1710 2 2 5 1 5696 4282 5786
1711 2 2 5 1 3456 5910 7444
1712 2 2 5 1 5594 5595 9009
1713 2 2 5 1 7506 476 8774
1714 2 2 5 1 5237 5964 5967
1715 2 2 5 1 3893 3892 5594
1716 2 2 5 1 5759 281 8314
1717 2 2 5 1 4205 4611 7162
1718 2 2 5 1 5449 2788 8699
1719 2 2 5 1 5627 6195 8586
1720 2 2 5 1 5647 5136 8496
1721 2 2 5 1 6122 5475 6626
1722 2 2 5 1 920 5813 7535
1723 2 2 5 1 5588 5566 8229
1724 2 2 5 1 5136 8494 8496
1725 2 2 5 1 4140 5641 5642
1726 2 2 5 1 1239 5682 8786
1727 2 2 5 1 686 8775 8780
1728 2 2 5 1 5657 480 5723
1729 2 2 5 1 3025 5431 5915
1730 2 2 5 1 5660 5661 8726
1731 2 2 5 1 5567 8173 8226
1732 2 2 5 1 1243 5600 9055
1733 2 2 5 1 5507 5639 7667
1734 2 2 5 1 5745 5917 8137
1735 2 2 5 1 5402 8795 8812
1736 2 2 5 1 4599 6913 8449
1737 2 2 5 1 1453 1450 5840
1738 2 2 5 1 3294 5720 6764
1739 2 2 5 1 5387 8790 8855
1740 2 2 5 1 5094 5491 8652
1741 2 2 5 1 479 5724 9111
1742 2 2 5 1 8637 5190 8638
1743 2 2 5 1 3893 5592 6020
1744 2 2 5 1 5190 5337 8638
1745 2 2 5 1 5635 5361 8470
1746 2 2 5 1 2213 3665 5938
1747 2 2 5 1 110 6437 8709
1748 2 2 5 1 5667 5666 8724
1749 2 2 5 1 5968 8517 8573
1750 2 2 5 1 3267 3266 5722
1751 2 2 5 1 4703 5349 9045
1752 2 2 5 1 3897 8658 8686
1753 2 2 5 1 6764 4308 7025
1754 2 2 5 1 3605 2211 5938
1755 2 2 5 1 5682 1239 8803
1756 2 2 5 1 7535 6493 7748
1757 2 2 5 1 5748 5333 5749
1758 2 2 5 1 6415 5301 8193
1759 2 2 5 1 7514 7379 7667
1760 2 2 5 1 5962 5964 7663
1761 2 2 5 1 5653 5651 8199
1762 2 2 5 1 5726 5402 8812
1763 2 2 5 1 5801 4880 5802
1764 2 2 5 1 7424 2791 8114
1765 2 2 5 1 4906 5998 7580
1766 2 2 5 1 7353 2568 8597
1767 2 2 5 1 4851 7621 8239
1768 2 2 5 1 8726 5661 8751
1769 2 2 5 1 4742 6775 8644
1770 2 2 5 1 7382 7515 7680
1771 2 2 5 1 5637 5638 5796
1772 2 2 5 1 6043 1298 6228
1773 2 2 5 1 4725 6305 7778
1774 2 2 5 1 6180 1073 8558
1775 2 2 5 1 6437 110 8768
1776 2 2 5 1 4840 5860 7217
1777 2 2 5 1 5358 5801 5802
1778 2 2 5 1 8063 6100 8073
1779 2 2 5 1 66 481 5623
1780 2 2 5 1 5006 8063 8073
1781 2 2 5 1 5961 8524 8555
1782 2 2 5 1 5015 6857 7419
1783 2 2 5 1 5627 5628 8833
1784 2 2 5 1 5721 3267 5722
1785 2 2 5 1 5623 481 5628
1786 2 2 5 1 479 73 5724
1787 2 2 5 1 5667 8724 8750
1788 2 2 5 1 6612 6614 7837
1789 2 2 5 1 7267 5190 8637
1790 2 2 5 1 3324 6020 7976
1791 2 2 5 1 911 5590 8035
1792 2 2 5 1 5539 1945 8883
1793 2 2 5 1 8428 1245 8431
1794 2 2 5 1 7157 5277 8766
1795 2 2 5 1 4167 4168 5655
1796 2 2 5 1 4745 6255 9102
1797 2 2 5 1 5049 6406 8831
1798 2 2 5 1 1489 1650 6923
1799 2 2 5 1 4168 5433 5655
1800 2 2 5 1 5494 5874 9078
1801 2 2 5 1 7482 671 8631
1802 2 2 5 1 5784 1268 8169
1803 2 2 5 1 5157 3946 5711
1804 2 2 5 1 5549 484 5673
1805 2 2 5 1 5056 6175 8619
1806 2 2 5 1 5259 8428 8431
1807 2 2 5 1 5066 3897 8686
1808 2 2 5 1 5960 5239 8491
1809 2 2 5 1 4501 5649 5898
1810 2 2 5 1 7329 7647 8948
1811 2 2 5 1 5649 4501 5899
1812 2 2 5 1 5476 5477 6795
1813 2 2 5 1 3713 5004 8645
1814 2 2 5 1 670 7483 8629
1815 2 2 5 1 3296 3524 6020
1816 2 2 5 1 5891 3603 8910
1817 2 2 5 1 8745 2417 8782
1818 2 2 5 1 4101 5056 8675
1819 2 2 5 1 6989 5158 8836
1820 2 2 5 1 5495 5494 9078
1821 2 2 5 1 6720 5040 7960
1822 2 2 5 1 8210 6332 8225
1823 2 2 5 1 5727 5728 6874
1824 2 2 5 1 2569 7319 8606
1825 2 2 5 1 5585 4195 8136
1826 2 2 5 1 2603 6669 8321
1827 2 2 5 1 3151 6598 8874
1828 2 2 5 1 3194 5491 8668
1829 2 2 5 1 5523 5524 5525
1830 2 2 5 1 7676 7308 8909
1831 2 2 5 1 5692 479 9111
1832 2 2 5 1 5800 5799 9046
1833 2 2 5 1 4840 4328 5860
1834 2 2 5 1 3721 8029 8042
1835 2 2 5 1 7040 5143 8657
1836 2 2 5 1 445 5589 7988
1837 2 2 5 1 8044 7634 8918
1838 2 2 5 1 8029 6097 8042
1839 2 2 5 1 8440 5227 8791
1840 2 2 5 1 3989 5533 5534
1841 2 2 5 1 5509 5687 8171
1842 2 2 5 1 2548 5830 8600
1843 2 2 5 1 3428 3181 5831
1844 2 2 5 1 6554 5541 8305
1845 2 2 5 1 4816 5474 8787
1846 2 2 5 1 5830 2548 8621
1847 2 2 5 1 5964 5237 7663
1848 2 2 5 1 5419 5420 9118
1849 2 2 5 1 5872 8516 8690
1850 2 2 5 1 1573 5537 8477
1851 2 2 5 1 5686 5513 8164
1852 2 2 5 1 4905 3695 5785
1853 2 2 5 1 1752 1780 8028
1854 2 2 5 1 3603 5891 8932
1855 2 2 5 1 4009 4010 8984
1856 2 2 5 1 2008 5625 5673
1857 2 2 5 1 8401 5735 8773
1858 2 2 5 1 8380 6393 8560
1859 2 2 5 1 4635 3088 5915
1860 2 2 5 1 5459 1242 9006
1861 2 2 5 1 3824 8220 8335
1862 2 2 5 1 5718 8210 8225
1863 2 2 5 1 5328 7791 7928
1864 2 2 5 1 3257 8083 8243
1865 2 2 5 1 3002 5652 7602
1866 2 2 5 1 4085 5422 5986
1867 2 2 5 1 5789 4673 8671
1868 2 2 5 1 3688 3689 7054
1869 2 2 5 1 7215 7886 8026
1870 2 2 5 1 694 674 6379
1871 2 2 5 1 7283 2398 8871
1872 2 2 5 1 2113 8468 8528
1873 2 2 5 1 5784 5469 7444
1874 2 2 5 1 3017 5727 6874
1875 2 2 5 1 8372 6185 8504
1876 2 2 5 1 3254 5827 5898
1877 2 2 5 1 5693 5692 9111
1878 2 2 5 1 4651 7046 8693
1879 2 2 5 1 5724 5547 9111
1880 2 2 5 1 5464 8643 8792
1881 2 2 5 1 672 692 6289
1882 2 2 5 1 3019 5942 5943
1883 2 2 5 1 6019 5048 8235
1884 2 2 5 1 5448 6604 9055
1885 2 2 5 1 5575 906 8089
1886 2 2 5 1 2769 5949 8146
1887 2 2 5 1 4012 4011 8982
1888 2 2 5 1 1131 77 8176
1889 2 2 5 1 5735 8401 8465
1890 2 2 5 1 5590 911 8067
1891 2 2 5 1 977 1884 6624
1892 2 2 5 1 6147 8500 8661
1893 2 2 5 1 5458 6808 9008
1894 2 2 5 1 5967 5968 8573
1895 2 2 5 1 5637 4346 5860
1896 2 2 5 1 4134 8700 8756
1897 2 2 5 1 5744 5745 6922
1898 2 2 5 1 5529 5527 5586
1899 2 2 5 1 1245 7442 8419
1900 2 2 5 1 8173 2282 8226
1901 2 2 5 1 5628 4734 8833
1902 2 2 5 1 7674 1732 8170
1903 2 2 5 1 5600 1243 8238
1904 2 2 5 1 5330 7979 8043
1905 2 2 5 1 5546 5545 8826
1906 2 2 5 1 5827 4501 5898
1907 2 2 5 1 4723 6450 8195
1908 2 2 5 1 6674 8689 8730
1909 2 2 5 1 6012 4003 7390
1910 2 2 5 1 8275 7710 8321
1911 2 2 5 1 5056 8619 8675
1912 2 2 5 1 8649 5463 8788
1913 2 2 5 1 5429 4084 5986
1914 2 2 5 1 5788 5273 5789
1915 2 2 5 1 5945 5943 5946
1916 2 2 5 1 2921 5926 9116
1917 2 2 5 1 7481 2769 8146
1918 2 2 5 1 5593 3893 5594
1919 2 2 5 1 5491 5094 8668
1920 2 2 5 1 8790 5387 8802
1921 2 2 5 1 5225 6560 8834
1922 2 2 5 1 2282 5580 8148
1923 2 2 5 1 6337 4840 7217
1924 2 2 5 1 1130 2546 6190
1925 2 2 5 1 6078 5492 7573
1926 2 2 5 1 1889 5617 6165
1927 2 2 5 1 8297 6652 8462
1928 2 2 5 1 5158 6989 7992
1929 2 2 5 1 5576 457 8429
1930 2 2 5 1 5544 5547 5724
1931 2 2 5 1 46 480 5657
1932 2 2 5 1 5583 7598 7979
1933 2 2 5 1 8640 3942 8647
1934 2 2 5 1 5619 1887 6107
1935 2 2 5 1 3716 4572 9100
1936 2 2 5 1 4572 6883 9097
1937 2 2 5 1 5552 2784 7849
1938 2 2 5 1 5533 5382 5853
1939 2 2 5 1 4572 9097 9100
1940 2 2 5 1 3942 5023 8647
1941 2 2 5 1 4754 5490 8332
1942 2 2 5 1 2319 7886 8201
1943 2 2 5 1 4791 5825 5826
1944 2 2 5 1 6623 979 6624
1945 2 2 5 1 5310 8313 8713
1946 2 2 5 1 7040 8657 9063
1947 2 2 5 1 2653 6078 7573
1948 2 2 5 1 3915 6487 9106
1949 2 2 5 1 8737 6283 8794
1950 2 2 5 1 920 7535 7748
1951 2 2 5 1 2579 5597 8021
1952 2 2 5 1 5812 6490 6491
1953 2 2 5 1 5727 3017 5729
1954 2 2 5 1 1224 1166 6190
1955 2 2 5 1 7652 6459 8110
1956 2 2 5 1 5387 5810 8802
1957 2 2 5 1 5618 8295 8330
1958 2 2 5 1 5658 5659 8433
1959 2 2 5 1 5828 3686 5829
1960 2 2 5 1 487 283 5930
1961 2 2 5 1 8698 4132 8752
1962 2 2 5 1 6052 6053 7911
1963 2 2 5 1 2097 5744 6922
1964 2 2 5 1 1967 2047 7573
1965 2 2 5 1 7711 5018 7778
1966 2 2 5 1 6058 6057 7914
1967 2 2 5 1 4500 5427 5899
1968 2 2 5 1 284 2930 5930
1969 2 2 5 1 5907 477 7016
1970 2 2 5 1 5356 8670 8714
1971 2 2 5 1 5796 5638 8127
1972 2 2 5 1 5711 3946 5825
1973 2 2 5 1 461 2330 5807
1974 2 2 5 1 2160 2162 5990
1975 2 2 5 1 8050 1498 8507
1976 2 2 5 1 5829 3686 5832
1977 2 2 5 1 6648 8090 8248
1978 2 2 5 1 8467 1192 8608
1979 2 2 5 1 3843 8251 8288
1980 2 2 5 1 8096 6650 8253
1981 2 2 5 1 5811 3240 6490
1982 2 2 5 1 1968 5604 5605
1983 2 2 5 1 3208 8296 8300
1984 2 2 5 1 5812 5811 6490
1985 2 2 5 1 8433 5659 8451
1986 2 2 5 1 1554 6006 7617
1987 2 2 5 1 8676 6680 8721
1988 2 2 5 1 7628 8177 8993
1989 2 2 5 1 1617 1616 8208
1990 2 2 5 1 540 7979 8429
1991 2 2 5 1 4260 5942 6351
1992 2 2 5 1 5597 2579 8025
1993 2 2 5 1 5685 5122 8413
1994 2 2 5 1 5506 2307 8852
1995 2 2 5 1 5961 5960 8524
1996 2 2 5 1 5394 7792 8568
1997 2 2 5 1 4906 5797 5998
1998 2 2 5 1 2747 2737 5945
1999 2 2 5 1 4673 5789 8824
2000 2 2 5 1 5476 6532 8915
2001 2 2 5 1 5675 1263 5836
2002 2 2 5 1 6687 6688 6689
2003 2 2 5 1 726 1889 6166
2004 2 2 5 1 8135 6320 8162
2005 2 2 5 1 5629 3027 7641
2006 2 2 5 1 8559 1398 8666
2007 2 2 5 1 3028 5630 7652
2008 2 2 5 1 5263 6690 8109
2009 2 2 5 1 7605 8256 8268
2010 2 2 5 1 8255 7606 8267
2011 2 2 5 1 6598 3151 8717
2012 2 2 5 1 8769 5242 8777
2013 2 2 5 1 6462 7641 8122
2014 2 2 5 1 5865 3096 6320
2015 2 2 5 1 8214 6953 8758
2016 2 2 5 1 1887 724 6108
2017 2 2 5 1 2242 54 5677
2018 2 2 5 1 1266 5743 5824
2019 2 2 5 1 5578 6618 8458
2020 2 2 5 1 5157 5711 8191
2021 2 2 5 1 4227 3268 7996
2022 2 2 5 1 3326 8131 8301
2023 2 2 5 1 8295 2571 8330
2024 2 2 5 1 8286 5620 8326
2025 2 2 5 1 6652 5081 6654
2026 2 2 5 1 5873 485 8941
2027 2 2 5 1 5457 8336 8337
2028 2 2 5 1 8336 2241 8337
2029 2 2 5 1 1073 6180 8952
2030 2 2 5 1 6598 6594 8874
2031 2 2 5 1 4005 3144 8233
2032 2 2 5 1 5698 5697 8525
2033 2 2 5 1 3240 5811 7570
2034 2 2 5 1 8140 3325 8309
2035 2 2 5 1 6232 1785 8001
2036 2 2 5 1 5014 5865 6320
2037 2 2 5 1 6231 4259 7747
2038 2 2 5 1 2362 8769 8777
2039 2 2 5 1 1184 1133 5824
2040 2 2 5 1 1263 1135 5836
2041 2 2 5 1 3456 2979 5990
2042 2 2 5 1 480 508 5723
2043 2 2 5 1 4905 5785 6015
2044 2 2 5 1 4701 8256 8308
2045 2 2 5 1 2242 5677 5678
2046 2 2 5 1 8255 4700 8307
2047 2 2 5 1 5398 2967 7988
2048 2 2 5 1 1148 1179 7326
2049 2 2 5 1 5996 5997 8610
2050 2 2 5 1 6602 3479 7196
2051 2 2 5 1 5701 5702 8506
2052 2 2 5 1 4671 8135 8162
2053 2 2 5 1 1135 1190 5836
2054 2 2 5 1 442 5601 8169
2055 2 2 5 1 747 6166 7456
2056 2 2 5 1 824 1167 5845
2057 2 2 5 1 4088 6674 8730
2058 2 2 5 1 1133 1266 5824
2059 2 2 5 1 5744 2097 6866
2060 2 2 5 1 7581 5236 8489
2061 2 2 5 1 5238 7531 8491
2062 2 2 5 1 6489 8278 8298
2063 2 2 5 1 6166 6165 8218
2064 2 2 5 1 6342 8745 8782
2065 2 2 5 1 5911 8161 8459
2066 2 2 5 1 5580 2282 8173
2067 2 2 5 1 6010 6012 7390
2068 2 2 5 1 5611 6283 8737
2069 2 2 5 1 76 4686 8176
2070 2 2 5 1 6108 745 7480
2071 2 2 5 1 2570 8286 8326
2072 2 2 5 1 5813 920 8014
2073 2 2 5 1 4736 4300 5948
2074 2 2 5 1 5994 5993 8616
2075 2 2 5 1 1785 6363 7775
2076 2 2 5 1 7572 8537 8635
2077 2 2 5 1 5817 3134 7726
2078 2 2 5 1 1836 5740 5939
2079 2 2 5 1 5998 1780 7580
2080 2 2 5 1 7507 1032 8339
2081 2 2 5 1 8720 7446 8778
2082 2 2 5 1 6487 3915 8738
2083 2 2 5 1 7770 5489 8126
2084 2 2 5 1 3902 7215 8026
2085 2 2 5 1 5490 5487 5491
2086 2 2 5 1 8603 5996 8610
2087 2 2 5 1 5698 8525 8549
2088 2 2 5 1 6107 6108 8205
2089 2 2 5 1 3026 2441 6521
2090 2 2 5 1 4835 6363 7674
2091 2 2 5 1 2242 5796 8127
2092 2 2 5 1 7017 1281 8150
2093 2 2 5 1 1297 1184 7840
2094 2 2 5 1 4791 4790 5825
2095 2 2 5 1 3343 3359 6768
2096 2 2 5 1 4227 5906 7016
2097 2 2 5 1 5906 5907 7016
2098 2 2 5 1 6693 3345 6768
2099 2 2 5 1 3027 5629 7788
2100 2 2 5 1 1190 1304 7855
2101 2 2 5 1 5630 3028 7789
2102 2 2 5 1 1176 1146 7377
2103 2 2 5 1 6053 5288 7911
2104 2 2 5 1 5562 4080 8414
2105 2 2 5 1 3494 6461 6462
2106 2 2 5 1 2278 3957 5686
2107 2 2 5 1 4300 4301 5948
2108 2 2 5 1 5282 6058 7914
2109 2 2 5 1 8506 5702 8534
2110 2 2 5 1 6121 2796 7714
2111 2 2 5 1 3484 5864 7440
2112 2 2 5 1 5993 8601 8616
2113 2 2 5 1 5586 3888 7907
2114 2 2 5 1 2269 7942 8130
2115 2 2 5 1 1068 5520 8651
2116 2 2 5 1 2090 5804 5986
2117 2 2 5 1 3963 2275 5687
2118 2 2 5 1 8278 5916 8298
2119 2 2 5 1 6184 6185 8348
2120 2 2 5 1 2276 2278 5686
2121 2 2 5 1 4791 5826 5939
2122 2 2 5 1 5786 3731 5797
2123 2 2 5 1 2657 2659 6229
2124 2 2 5 1 5563 436 9061
2125 2 2 5 1 2275 2273 5687
2126 2 2 5 1 5154 6921 8905
2127 2 2 5 1 427 5769 5770
2128 2 2 5 1 5777 187 5778
2129 2 2 5 1 2737 3019 5945
2130 2 2 5 1 7454 5474 8719
2131 2 2 5 1 6305 5083 8346
2132 2 2 5 1 3135 6033 7824
2133 2 2 5 1 5 518 519
2134 2 2 5 1 516 44 517
2135 2 2 5 1 3618 3631 6122
2136 2 2 5 1 5520 1068 8672
2137 2 2 5 1 4695 6489 8237
2138 2 2 5 1 6652 6654 8462
2139 2 2 5 1 5554 5556 6627
2140 2 2 5 1 3961 4701 8308
2141 2 2 5 1 4700 3959 8307
2142 2 2 5 1 3030 2283 6087
2143 2 2 5 1 4328 5637 5860
2144 2 2 5 1 5939 5740 7083
2145 2 2 5 1 7981 4384 7999
2146 2 2 5 1 3480 6530 7201
2147 2 2 5 1 5917 1298 8137
2148 2 2 5 1 6680 4083 8721
2149 2 2 5 1 5237 5967 8489
2150 2 2 5 1 5782 8223 8266
2151 2 2 5 1 5483 4603 5851
2152 2 2 5 1 5556 4400 6122
2153 2 2 5 1 1976 5584 7942
2154 2 2 5 1 5722 3266 7672
2155 2 2 5 1 4501 4500 5899
2156 2 2 5 1 1550 8689 8703
2157 2 2 5 1 5406 5407 5408
2158 2 2 5 1 4749 4781 5703
2159 2 2 5 1 6979 5184 7169
2160 2 2 5 1 5461 5938 8136
2161 2 2 5 1 6006 1554 7538
2162 2 2 5 1 4781 5596 5703
2163 2 2 5 1 6252 6249 7985
2164 2 2 5 1 5 463 518
2165 2 2 5 1 432 44 516
2166 2 2 5 1 6100 3721 8042
2167 2 2 5 1 8630 6780 8650
2168 2 2 5 1 810 943 6875
2169 2 2 5 1 1184 5824 7840
2170 2 2 5 1 2630 2823 5919
2171 2 2 5 1 5652 5651 5653
2172 2 2 5 1 1235 426 5770
2173 2 2 5 1 188 1234 5778
2174 2 2 5 1 8348 6185 8372
2175 2 2 5 1 5714 5480 5805
2176 2 2 5 1 3484 5863 5864
2177 2 2 5 1 6818 5558 7124
2178 2 2 5 1 8654 3738 8682
2179 2 2 5 1 2054 5766 5767
2180 2 2 5 1 5774 2055 5775
2181 2 2 5 1 3731 4815 5797
2182 2 2 5 1 508 1613 5723
2183 2 2 5 1 7536 6942 8180
2184 2 2 5 1 7617 6004 8008
2185 2 2 5 1 2632 2630 5919
2186 2 2 5 1 7585 1284 9069
2187 2 2 5 1 6458 3495 6459
2188 2 2 5 1 6803 4554 8991
2189 2 2 5 1 5836 1190 7855
2190 2 2 5 1 6329 4215 7162
2191 2 2 5 1 6723 5455 7037
2192 2 2 5 1 5301 6415 8704
2193 2 2 5 1 7952 5864 7954
2194 2 2 5 1 4788 5786 5797
2195 2 2 5 1 5621 539 5684
2196 2 2 5 1 6642 6641 8442
2197 2 2 5 1 6363 4835 7775
2198 2 2 5 1 8346 5083 8367
2199 2 2 5 1 5716 8377 8393
2200 2 2 5 1 3284 6417 8166
2201 2 2 5 1 1769 1768 6902
2202 2 2 5 1 981 6874 6875
2203 2 2 5 1 4540 5206 8575
2204 2 2 5 1 8148 5580 8444
2205 2 2 5 1 4128 4129 5719
2206 2 2 5 1 4574 5621 5622
2207 2 2 5 1 6222 7714 7765
2208 2 2 5 1 4653 6660 8034
2209 2 2 5 1 427 428 5769
2210 2 2 5 1 186 187 5777
2211 2 2 5 1 3181 3686 5831
2212 2 2 5 1 5735 8411 8773
2213 2 2 5 1 4596 5424 8163
2214 2 2 5 1 5518 9017 9022
2215 2 2 5 1 485 5878 6777
2216 2 2 5 1 5766 5144 5772
2217 2 2 5 1 1498 8050 8441
2218 2 2 5 1 4788 5696 5786
2219 2 2 5 1 5904 486 7252
2220 2 2 5 1 6207 5518 9022
2221 2 2 5 1 4377 4376 6078
2222 2 2 5 1 8700 5440 8756
2223 2 2 5 1 5540 4308 6764
2224 2 2 5 1 4438 6941 8391
2225 2 2 5 1 2931 5596 8929
2226 2 2 5 1 8320 6063 8368
2227 2 2 5 1 6931 4660 7995
2228 2 2 5 1 2022 7952 7954
2229 2 2 5 1 7938 7002 8154
2230 2 2 5 1 6097 3902 8026
2231 2 2 5 1 7714 2796 7765
2232 2 2 5 1 1349 1489 6923
2233 2 2 5 1 485 5873 8690
2234 2 2 5 1 4292 4128 5719
2235 2 2 5 1 5421 6904 8860
2236 2 2 5 1 4511 2626 7564
2237 2 2 5 1 4167 5655 5656
2238 2 2 5 1 2796 6121 7742
2239 2 2 5 1 5606 5605 5847
2240 2 2 5 1 6689 4426 6690
2241 2 2 5 1 5582 6290 8640
2242 2 2 5 1 3524 3893 6020
2243 2 2 5 1 5940 1136 8657
2244 2 2 5 1 7619 1971 8129
2245 2 2 5 1 5397 2967 5398
2246 2 2 5 1 5634 538 7993
2247 2 2 5 1 5780 5775 5781
2248 2 2 5 1 5774 5775 5780
2249 2 2 5 1 2998 5557 8820
2250 2 2 5 1 3721 6100 8063
2251 2 2 5 1 691 5705 6349
2252 2 2 5 1 5696 3324 7976
2253 2 2 5 1 5555 5850 7900
2254 2 2 5 1 3207 6225 8397
2255 2 2 5 1 6443 3284 7897
2256 2 2 5 1 6521 3240 7570
2257 2 2 5 1 2628 2632 7564
2258 2 2 5 1 4837 5229 7898
2259 2 2 5 1 822 824 5845
2260 2 2 5 1 3003 7514 7667
2261 2 2 5 1 3294 6764 7025
2262 2 2 5 1 8071 5838 8080
2263 2 2 5 1 1165 7708 8164
2264 2 2 5 1 5729 6230 7725
2265 2 2 5 1 6230 6231 7747
2266 2 2 5 1 4790 5711 5825
2267 2 2 5 1 6330 7475 8070
2268 2 2 5 1 7695 1164 8171
2269 2 2 5 1 5589 5570 7988
2270 2 2 5 1 4060 4061 6531
2271 2 2 5 1 7515 3005 7680
2272 2 2 5 1 7627 6537 7689
2273 2 2 5 1 4079 5670 5799
2274 2 2 5 1 2054 429 5766
2275 2 2 5 1 185 2055 5774
2276 2 2 5 1 3324 3296 6020
2277 2 2 5 1 6116 4862 8512
2278 2 2 5 1 1235 5770 5771
2279 2 2 5 1 5778 1234 5779
2280 2 2 5 1 8048 5551 9015
2281 2 2 5 1 6520 3026 6521
2282 2 2 5 1 6069 2022 7954
2283 2 2 5 1 1650 6922 6923
2284 2 2 5 1 2033 5544 5724
2285 2 2 5 1 6083 5142 8083
2286 2 2 5 1 3902 6097 8029
2287 2 2 5 1 6272 5961 8555
2288 2 2 5 1 5848 744 6849
2289 2 2 5 1 5497 5498 5499
2290 2 2 5 1 4225 7984 7994
2291 2 2 5 1 3781 6527 7997
2292 2 2 5 1 2000 6007 6194
2293 2 2 5 1 71 70 5542
2294 2 2 5 1 8676 1549 8696
2295 2 2 5 1 5863 3484 7467
2296 2 2 5 1 6738 8280 8388
2297 2 2 5 1 484 69 5673
2298 2 2 5 1 5564 4731 8270
2299 2 2 5 1 5906 4227 7996
2300 2 2 5 1 1785 7775 8001
2301 2 2 5 1 5812 6491 7535
2302 2 2 5 1 1780 5998 8028
2303 2 2 5 1 5762 2934 7110
2304 2 2 5 1 2933 5763 7111
2305 2 2 5 1 4604 5485 5854
2306 2 2 5 1 6443 7897 7902
2307 2 2 5 1 5942 3019 6351
2308 2 2 5 1 6604 1243 9055
2309 2 2 5 1 6300 6301 7939
2310 2 2 5 1 5801 8071 8080
2311 2 2 5 1 6003 3466 6004
2312 2 2 5 1 5488 4606 5489
2313 2 2 5 1 6874 5728 6875
2314 2 2 5 1 5729 3017 6229
2315 2 2 5 1 4273 4272 5935
2316 2 2 5 1 7791 5328 8466
2317 2 2 5 1 4378 3660 6015
2318 2 2 5 1 4273 5935 5936
2319 2 2 5 1 5857 4362 5858
2320 2 2 5 1 5955 2934 7664
2321 2 2 5 1 2307 5506 8749
2322 2 2 5 1 7621 5054 8239
2323 2 2 5 1 4873 3950 5799
2324 2 2 5 1 6803 8991 9007
2325 2 2 5 1 5740 1836 5969
2326 2 2 5 1 5337 3688 7054
2327 2 2 5 1 5885 5809 7974
2328 2 2 5 1 5483 5852 8420
2329 2 2 5 1 6280 7565 7607
2330 2 2 5 1 3028 7652 8110
2331 2 2 5 1 5794 5795 8381
2332 2 2 5 1 3689 4516 7054
2333 2 2 5 1 5516 5515 5517
2334 2 2 5 1 3940 2253 9018
2335 2 2 5 1 2331 6803 9007
2336 2 2 5 1 5438 8698 8752
2337 2 2 5 1 7379 4616 7667
2338 2 2 5 1 7641 3027 8122
2339 2 2 5 1 5953 5863 7467
2340 2 2 5 1 6215 6216 7982
2341 2 2 5 1 5077 8054 8086
2342 2 2 5 1 6461 3494 7310
2343 2 2 5 1 5203 8251 8262
2344 2 2 5 1 4624 7382 7680
2345 2 2 5 1 3207 8397 8584
2346 2 2 5 1 5072 8123 8144
2347 2 2 5 1 466 6704 8098
2348 2 2 5 1 5882 1769 6902
2349 2 2 5 1 7015 8422 8551
2350 2 2 5 1 6751 5519 9053
2351 2 2 5 1 6007 4987 6194
2352 2 2 5 1 2441 3240 6521
2353 2 2 5 1 654 666 5803
2354 2 2 5 1 6222 2085 7713
2355 2 2 5 1 6922 5745 6923
2356 2 2 5 1 5612 323 8383
2357 2 2 5 1 6225 3207 8410
2358 2 2 5 1 4004 5203 8262
2359 2 2 5 1 2002 2229 6269
2360 2 2 5 1 8378 6323 8398
2361 2 2 5 1 4671 8162 8178
2362 2 2 5 1 6687 6689 6691
2363 2 2 5 1 6719 3940 9012
2364 2 2 5 1 9053 5519 9060
2365 2 2 5 1 4282 3253 5786
2366 2 2 5 1 4362 5857 7029
2367 2 2 5 1 1160 779 7098
2368 2 2 5 1 5442 5444 5704
2369 2 2 5 1 8174 7475 8227
2370 2 2 5 1 7821 5187 8591
2371 2 2 5 1 4884 6518 6519
2372 2 2 5 1 4862 6116 8526
2373 2 2 5 1 3428 5831 7984
2374 2 2 5 1 4272 6214 7846
2375 2 2 5 1 7565 4513 7607
2376 2 2 5 1 8220 5215 8335
2377 2 2 5 1 8264 5665 8359
2378 2 2 5 1 1938 6072 6337
2379 2 2 5 1 9012 3940 9018
2380 2 2 5 1 5145 5774 5780
2381 2 2 5 1 5443 5445 7648
2382 2 2 5 1 5674 2599 5924
2383 2 2 5 1 3253 3731 5786
2384 2 2 5 1 5767 5766 5772
2385 2 2 5 1 1774 7711 7778
2386 2 2 5 1 7682 5790 7687
2387 2 2 5 1 684 680 6349
2388 2 2 5 1 2022 6069 7903
2389 2 2 5 1 1756 5814 7673
2390 2 2 5 1 5823 5822 8456
2391 2 2 5 1 5060 6010 7390
2392 2 2 5 1 1258 1076 6879
2393 2 2 5 1 666 2599 5803
2394 2 2 5 1 4164 6280 7410
2395 2 2 5 1 5819 5820 8448
2396 2 2 5 1 4080 5562 9067
2397 2 2 5 1 5719 5540 6764
2398 2 2 5 1 5264 3807 8870
2399 2 2 5 1 68 2008 5673
2400 2 2 5 1 3022 7752 7895
2401 2 2 5 1 5209 5210 8842
2402 2 2 5 1 448 84 520
2403 2 2 5 1 5210 8840 8842
2404 2 2 5 1 6009 5506 8852
2405 2 2 5 1 8123 767 8144
2406 2 2 5 1 5663 4380 5664
2407 2 2 5 1 4791 5939 7083
2408 2 2 5 1 1554 7617 8008
2409 2 2 5 1 8381 5795 8409
2410 2 2 5 1 5973 1595 5974
2411 2 2 5 1 1968 1967 7573
2412 2 2 5 1 5821 3755 7873
2413 2 2 5 1 7100 5452 8594
2414 2 2 5 1 2578 6493 7682
2415 2 2 5 1 2097 6269 6866
2416 2 2 5 1 2578 7682 7687
2417 2 2 5 1 601 603 6372
2418 2 2 5 1 2229 6268 6269
2419 2 2 5 1 3674 3303 6646
2420 2 2 5 1 4884 6519 6520
2421 2 2 5 1 675 1612 8457
2422 2 2 5 1 3696 5535 5536
2423 2 2 5 1 517 44 4148
2424 2 2 5 1 5 519 4147
2425 2 2 5 1 3578 3094 6256
2426 2 2 5 1 6150 4063 8500
2427 2 2 5 1 4854 5815 7060
2428 2 2 5 1 4670 4671 8178
2429 2 2 5 1 7405 5255 8114
2430 2 2 5 1 2821 2642 5921
2431 2 2 5 1 3494 6462 7326
2432 2 2 5 1 5971 1595 5973
2433 2 2 5 1 7416 8571 8576
2434 2 2 5 1 6072 4840 6337
2435 2 2 5 1 1128 6670 8972
2436 2 2 5 1 2933 5962 7663
2437 2 2 5 1 2242 5678 5796
2438 2 2 5 1 2667 7989 8046
2439 2 2 5 1 3685 4843 5832
2440 2 2 5 1 6111 3265 6195
2441 2 2 5 1 1093 1148 7326
2442 2 2 5 1 1284 7585 9086
2443 2 2 5 1 5535 5534 5700
2444 2 2 5 1 6677 6678 8986
2445 2 2 5 1 5350 6706 8545
2446 2 2 5 1 2642 2644 5921
2447 2 2 5 1 2747 5945 7333
2448 2 2 5 1 3466 6003 7187
2449 2 2 5 1 6086 3018 6088
2450 2 2 5 1 4771 6623 6624
2451 2 2 5 1 4835 7674 8170
2452 2 2 5 1 4736 5948 5949
2453 2 2 5 1 6702 6704 8105
2454 2 2 5 1 5842 1551 7255
2455 2 2 5 1 3950 4079 5799
2456 2 2 5 1 5561 9029 9075
2457 2 2 5 1 9028 5560 9074
2458 2 2 5 1 3686 3685 5832
2459 2 2 5 1 2533 6252 7985
2460 2 2 5 1 1613 5788 5789
2461 2 2 5 1 448 520 7955
2462 2 2 5 1 6085 3018 6086
2463 2 2 5 1 987 5591 8968
2464 2 2 5 1 4594 7170 8002
2465 2 2 5 1 5229 5952 7898
2466 2 2 5 1 5731 1416 7918
2467 2 2 5 1 5709 1070 5710
2468 2 2 5 1 7881 3061 8112
2469 2 2 5 1 6089 4944 7716
2470 2 2 5 1 4356 8378 8398
2471 2 2 5 1 4260 4273 5942
2472 2 2 5 1 4848 3265 7576
2473 2 2 5 1 3017 2657 6229
2474 2 2 5 1 5823 8456 8471
2475 2 2 5 1 2047 2653 7573
2476 2 2 5 1 5142 6083 8108
2477 2 2 5 1 6301 4183 7939
2478 2 2 5 1 5773 5772 5817
2479 2 2 5 1 1552 5843 7284
2480 2 2 5 1 3686 5828 5831
2481 2 2 5 1 1146 1091 7377
2482 2 2 5 1 8448 5820 8461
2483 2 2 5 1 5501 8858 8864
2484 2 2 5 1 7712 5858 7966
2485 2 2 5 1 5721 5626 8586
2486 2 2 5 1 1771 1769 5882
2487 2 2 5 1 6310 6311 7794
2488 2 2 5 1 7942 5584 8130
2489 2 2 5 1 426 427 5770
2490 2 2 5 1 187 188 5778
2491 2 2 5 1 1551 5842 6630
2492 2 2 5 1 436 5563 9115
2493 2 2 5 1 3461 7627 7689
2494 2 2 5 1 5547 8562 9111
2495 2 2 5 1 4219 5909 7458
2496 2 2 5 1 4284 5696 7976
2497 2 2 5 1 5767 5772 5773
2498 2 2 5 1 5935 4272 7846
2499 2 2 5 1 5691 5692 5693
2500 2 2 5 1 5843 1552 6561
2501 2 2 5 1 4656 5859 5915
2502 2 2 5 1 534 544 6631
2503 2 2 5 1 6493 2578 7748
2504 2 2 5 1 5097 8174 8227
2505 2 2 5 1 6921 5154 8718
2506 2 2 5 1 8500 4063 8661
2507 2 2 5 1 5862 3808 7839
2508 2 2 5 1 5219 5501 8864
2509 2 2 5 1 3809 5866 7844
2510 2 2 5 1 3769 5846 6315
2511 2 2 5 1 5381 6952 8988
2512 2 2 5 1 5857 3052 7029
2513 2 2 5 1 5909 5224 7458
2514 2 2 5 1 4869 6278 7091
2515 2 2 5 1 5738 5455 6723
2516 2 2 5 1 4376 5492 6078
2517 2 2 5 1 67 66 5623
2518 2 2 5 1 5488 5489 8130
2519 2 2 5 1 6250 4979 7816
2520 2 2 5 1 5827 3254 6423
2521 2 2 5 1 5018 5521 7778
2522 2 2 5 1 6371 8720 8778
2523 2 2 5 1 6620 3861 8945
2524 2 2 5 1 7704 6219 7713
2525 2 2 5 1 6030 6997 8882
2526 2 2 5 1 9029 1234 9075
2527 2 2 5 1 1235 9028 9074
2528 2 2 5 1 2659 3752 6229
2529 2 2 5 1 6459 3495 7377
2530 2 2 5 1 73 72 5724
2531 2 2 5 1 2547 6304 8695
2532 2 2 5 1 2283 3018 6087
2533 2 2 5 1 4508 5553 8347
2534 2 2 5 1 1179 3494 7326
2535 2 2 5 1 3265 6111 7576
2536 2 2 5 1 5574 4952 8499
2537 2 2 5 1 1436 1625 5953
2538 2 2 5 1 1436 5953 7467
2539 2 2 5 1 4462 5981 5982
2540 2 2 5 1 6800 7407 8626
2541 2 2 5 1 2038 5884 5886
2542 2 2 5 1 8598 5659 8625
2543 2 2 5 1 1265 5518 9000
2544 2 2 5 1 6432 4787 8469
2545 2 2 5 1 2728 2709 6281
2546 2 2 5 1 6304 2547 8710
2547 2 2 5 1 5914 4848 6750
2548 2 2 5 1 1165 5676 8131
2549 2 2 5 1 4813 4236 5977
2550 2 2 5 1 3572 3904 7959
2551 2 2 5 1 430 5144 5766
2552 2 2 5 1 5145 184 5774
2553 2 2 5 1 5792 497 8175
2554 2 2 5 1 5714 8392 8962
2555 2 2 5 1 5839 3052 5857
2556 2 2 5 1 4854 6733 7090
2557 2 2 5 1 6669 5753 8321
2558 2 2 5 1 1644 1443 5984
2559 2 2 5 1 8083 5142 8243
2560 2 2 5 1 6311 1582 7794
2561 2 2 5 1 6733 4846 7090
2562 2 2 5 1 6206 6602 7196
2563 2 2 5 1 2085 7704 7713
2564 2 2 5 1 6726 5970 7140
2565 2 2 5 1 3495 6458 7309
2566 2 2 5 1 5047 6018 8076
2567 2 2 5 1 430 431 5144
2568 2 2 5 1 183 184 5145
2569 2 2 5 1 2085 6222 7765
2570 2 2 5 1 1443 4461 5984
2571 2 2 5 1 4906 4788 5797
2572 2 2 5 1 8580 2185 8936
2573 2 2 5 1 7886 7215 8201
2574 2 2 5 1 7995 4641 8190
2575 2 2 5 1 520 4528 7955
2576 2 2 5 1 6524 3854 7762
2577 2 2 5 1 462 461 5807
2578 2 2 5 1 5679 1164 8140
2579 2 2 5 1 7157 2770 8538
2580 2 2 5 1 5785 4378 6015
2581 2 2 5 1 578 1498 6103
2582 2 2 5 1 5493 4377 6078
2583 2 2 5 1 4342 5372 8722
2584 2 2 5 1 4521 6187 7878
2585 2 2 5 1 5970 4475 7140
2586 2 2 5 1 2276 5686 7708
2587 2 2 5 1 2033 5543 5544
2588 2 2 5 1 6004 3466 7098
2589 2 2 5 1 6235 7962 8151
2590 2 2 5 1 3495 1176 7377
2591 2 2 5 1 5866 4933 7844
2592 2 2 5 1 7032 6496 8022
2593 2 2 5 1 5858 4362 6879
2594 2 2 5 1 502 7353 8508
2595 2 2 5 1 6206 2647 6601
2596 2 2 5 1 5687 2273 7695
2597 2 2 5 1 1768 2066 6902
2598 2 2 5 1 4734 5628 8283
2599 2 2 5 1 4554 6803 9040
2600 2 2 5 1 4873 5799 5800
2601 2 2 5 1 5884 5885 5886
2602 2 2 5 1 4841 5740 5969
2603 2 2 5 1 4927 5862 7839
2604 2 2 5 1 8566 1055 8913
2605 2 2 5 1 6519 3026 6520
2606 2 2 5 1 5879 1784 5881
2607 2 2 5 1 4775 5950 5951
2608 2 2 5 1 3472 8380 8560
2609 2 2 5 1 520 84 1322
2610 2 2 5 1 8737 2648 8869
2611 2 2 5 1 6341 4582 8099
2612 2 2 5 1 4826 4169 6520
2613 2 2 5 1 5729 6229 6230
2614 2 2 5 1 5841 1391 6084
2615 2 2 5 1 5959 6273 7137
2616 2 2 5 1 5299 5844 5845
2617 2 2 5 1 1027 5790 7712
2618 2 2 5 1 1163 49 8118
2619 2 2 5 1 4061 5473 6531
2620 2 2 5 1 3254 5898 6961
2621 2 2 5 1 6020 5592 7976
2622 2 2 5 1 4848 5914 7012
2623 2 2 5 1 8251 5203 8288
2624 2 2 5 1 6529 6203 6530
2625 2 2 5 1 5274 8934 8937
2626 2 2 5 1 3962 4756 5851
2627 2 2 5 1 4063 6150 8509
2628 2 2 5 1 47 46 5657
2629 2 2 5 1 6047 3403 6048
2630 2 2 5 1 2097 2002 6269
2631 2 2 5 1 2635 6203 6529
2632 2 2 5 1 3266 6285 7672
2633 2 2 5 1 6220 2089 7596
2634 2 2 5 1 5968 6040 8517
2635 2 2 5 1 5467 6723 7037
2636 2 2 5 1 4558 5821 7873
2637 2 2 5 1 1938 6275 7796
2638 2 2 5 1 5815 4854 7090
2639 2 2 5 1 7845 4919 7862
2640 2 2 5 1 5747 286 8324
2641 2 2 5 1 5518 1265 9017
2642 2 2 5 1 5060 6009 6010
2643 2 2 5 1 5450 6527 8038
2644 2 2 5 1 4545 5373 5925
2645 2 2 5 1 3046 5725 6008
2646 2 2 5 1 7672 5846 7678
2647 2 2 5 1 4489 8751 8894
2648 2 2 5 1 2038 434 5884
2649 2 2 5 1 6003 6494 7187
2650 2 2 5 1 7319 503 8520
2651 2 2 5 1 6527 5450 7997
2652 2 2 5 1 6161 6461 7310
2653 2 2 5 1 6273 3509 7137
2654 2 2 5 1 7114 6366 7299
2655 2 2 5 1 7725 6230 7747
2656 2 2 5 1 6058 5282 8508
2657 2 2 5 1 6280 4164 7565
2658 2 2 5 1 5288 6053 8520
2659 2 2 5 1 432 516 5809
2660 2 2 5 1 3303 4398 6646
2661 2 2 5 1 6634 4201 8633
2662 2 2 5 1 5336 5895 5897
2663 2 2 5 1 7457 5274 8937
2664 2 2 5 1 4786 6027 7738
2665 2 2 5 1 5496 4060 6531
2666 2 2 5 1 1595 5971 7200
2667 2 2 5 1 6530 6203 7201
2668 2 2 5 1 5339 5563 9019
2669 2 2 5 1 5856 3022 6730
2670 2 2 5 1 5813 5812 7535
2671 2 2 5 1 4292 5719 5720
2672 2 2 5 1 5886 5885 5887
2673 2 2 5 1 4603 3962 5851
2674 2 2 5 1 8750 4488 8891
2675 2 2 5 1 1593 1490 7200
2676 2 2 5 1 4543 7845 7862
2677 2 2 5 1 5748 5749 5750
2678 2 2 5 1 6138 4174 8930
2679 2 2 5 1 2110 6215 7982
2680 2 2 5 1 54 53 5677
2681 2 2 5 1 3052 5839 6365
2682 2 2 5 1 3660 3657 6015
2683 2 2 5 1 4853 4854 7060
2684 2 2 5 1 5769 5768 8087
2685 2 2 5 1 4235 5976 5977
2686 2 2 5 1 5776 5777 8088
2687 2 2 5 1 5790 1027 7687
2688 2 2 5 1 5875 4028 5876
2689 2 2 5 1 5797 4815 5998
2690 2 2 5 1 3422 5733 5734
2691 2 2 5 1 6045 3403 6047
2692 2 2 5 1 6278 1937 7091
2693 2 2 5 1 4665 6362 7941
2694 2 2 5 1 9019 5563 9061
2695 2 2 5 1 2934 2138 7110
2696 2 2 5 1 2136 2933 7111
2697 2 2 5 1 6017 6726 7140
2698 2 2 5 1 779 760 7098
2699 2 2 5 1 2958 5893 7841
2700 2 2 5 1 3825 6250 7816
2701 2 2 5 1 6017 3386 6726
2702 2 2 5 1 4169 4884 6520
2703 2 2 5 1 5894 2955 7843
2704 2 2 5 1 5868 3001 5869
2705 2 2 5 1 4765 6006 8257
2706 2 2 5 1 6491 6493 7535
2707 2 2 5 1 3036 6051 6730
2708 2 2 5 1 5771 5770 8087
2709 2 2 5 1 5778 5779 8088
2710 2 2 5 1 6931 7995 9056
2711 2 2 5 1 8256 4701 8268
2712 2 2 5 1 48 3112 8118
2713 2 2 5 1 4700 8255 8267
2714 2 2 5 1 5720 5719 6764
2715 2 2 5 1 4937 8601 8697
2716 2 2 5 1 4775 3635 5950
2717 2 2 5 1 5773 5817 5818
2718 2 2 5 1 6574 6575 7912
2719 2 2 5 1 8603 4935 8702
2720 2 2 5 1 6206 6601 6602
2721 2 2 5 1 7475 5045 8070
2722 2 2 5 1 6668 529 8436
2723 2 2 5 1 5281 7318 8960
2724 2 2 5 1 7501 6821 8699
2725 2 2 5 1 6662 6597 7307
2726 2 2 5 1 3096 5865 8039
2727 2 2 5 1 3852 7624 7964
2728 2 2 5 1 4462 1441 5981
2729 2 2 5 1 6142 2635 7509
2730 2 2 5 1 6000 3790 7620
2731 2 2 5 1 6072 1938 7796
2732 2 2 5 1 6051 5856 6730
2733 2 2 5 1 5722 7672 7678
2734 2 2 5 1 2857 5932 5933
2735 2 2 5 1 8550 1232 8938
2736 2 2 5 1 3946 4374 5825
2737 2 2 5 1 3040 3096 8039
2738 2 2 5 1 3037 2167 5927
2739 2 2 5 1 6518 4884 7547
2740 2 2 5 1 4543 7862 7880
2741 2 2 5 1 3628 4773 5975
2742 2 2 5 1 5659 5123 8625
2743 2 2 5 1 5613 4165 8728
2744 2 2 5 1 3403 6045 6788
2745 2 2 5 1 580 578 6103
2746 2 2 5 1 6645 6647 9059
2747 2 2 5 1 2366 684 6349
2748 2 2 5 1 4030 5900 5901
2749 2 2 5 1 1784 5879 6050
2750 2 2 5 1 5806 5807 5808
2751 2 2 5 1 6715 4578 8055
2752 2 2 5 1 5525 5524 5553
2753 2 2 5 1 544 6267 6631
2754 2 2 5 1 3509 5837 8132
2755 2 2 5 1 5221 8654 8682
2756 2 2 5 1 715 7865 8023
2757 2 2 5 1 4841 5969 7200
2758 2 2 5 1 603 609 6372
2759 2 2 5 1 5765 743 6290
2760 2 2 5 1 5953 1625 7510
2761 2 2 5 1 680 691 6349
2762 2 2 5 1 5895 5336 6022
2763 2 2 5 1 1784 1771 5882
2764 2 2 5 1 4195 5861 6202
2765 2 2 5 1 4508 3578 6256
2766 2 2 5 1 7752 6089 7895
2767 2 2 5 1 5200 6524 7762
2768 2 2 5 1 4749 5703 7811
2769 2 2 5 1 6064 4774 6167
2770 2 2 5 1 2521 2502 5979
2771 2 2 5 1 2747 5867 7166
2772 2 2 5 1 5780 5781 6033
2773 2 2 5 1 5685 1783 8375
2774 2 2 5 1 7320 5287 8967
2775 2 2 5 1 4236 4235 5977
2776 2 2 5 1 6892 3964 6893
2777 2 2 5 1 5913 4818 8399
2778 2 2 5 1 1076 1061 6879
2779 2 2 5 1 2784 5552 8818
2780 2 2 5 1 5884 5809 5885
2781 2 2 5 1 1756 1752 8028
2782 2 2 5 1 7430 8559 8666
2783 2 2 5 1 4820 5912 8400
2784 2 2 5 1 7919 4559 8040
2785 2 2 5 1 6086 6089 7716
2786 2 2 5 1 5489 7770 8130
2787 2 2 5 1 5806 462 5807
2788 2 2 5 1 5413 4543 7880
2789 2 2 5 1 3003 5639 8327
2790 2 2 5 1 5178 5931 6505
2791 2 2 5 1 5909 4466 8861
2792 2 2 5 1 6750 4848 7576
2793 2 2 5 1 6087 7981 7999
2794 2 2 5 1 6268 2229 6274
2795 2 2 5 1 5887 5885 5888
2796 2 2 5 1 7330 4164 7410
2797 2 2 5 1 3094 3568 6256
2798 2 2 5 1 4273 5936 5937
2799 2 2 5 1 5791 2395 5792
2800 2 2 5 1 428 2054 5769
2801 2 2 5 1 2055 186 5777
2802 2 2 5 1 4681 8096 8253
2803 2 2 5 1 6023 2074 6365
2804 2 2 5 1 4454 5313 8356
2805 2 2 5 1 6893 3964 6894
2806 2 2 5 1 5832 4843 5833
2807 2 2 5 1 8090 4680 8248
2808 2 2 5 1 7707 3857 7970
2809 2 2 5 1 6669 2603 9066
2810 2 2 5 1 5676 1165 8164
2811 2 2 5 1 4165 5613 9107
2812 2 2 5 1 2647 6160 7503
2813 2 2 5 1 1755 1753 7297
2814 2 2 5 1 1551 1297 7840
2815 2 2 5 1 4810 6530 8218
2816 2 2 5 1 3022 5856 7752
2817 2 2 5 1 2291 3582 6042
2818 2 2 5 1 4975 7922 7929
2819 2 2 5 1 519 523 524
2820 2 2 5 1 521 517 522
2821 2 2 5 1 4302 6202 7698
2822 2 2 5 1 468 5631 8674
2823 2 2 5 1 4362 1258 6879
2824 2 2 5 1 744 5848 7549
2825 2 2 5 1 8436 529 8438
2826 2 2 5 1 2969 5922 5923
2827 2 2 5 1 7648 4926 7868
2828 2 2 5 1 6278 7330 7410
2829 2 2 5 1 6481 6220 7596
2830 2 2 5 1 5519 1367 9060
2831 2 2 5 1 5528 5526 8030
2832 2 2 5 1 5643 3005 8333
2833 2 2 5 1 7720 6713 7804
2834 2 2 5 1 3466 1160 7098
2835 2 2 5 1 6124 4881 7706
2836 2 2 5 1 6788 5928 7659
2837 2 2 5 1 6630 5842 7178
2838 2 2 5 1 5582 5765 6290
2839 2 2 5 1 5662 7896 7930
2840 2 2 5 1 4235 5975 5976
2841 2 2 5 1 5148 6917 7904
2842 2 2 5 1 7821 8591 8968
2843 2 2 5 1 2958 6052 7911
2844 2 2 5 1 5925 5373 5926
2845 2 2 5 1 4626 6274 7568
2846 2 2 5 1 8689 6674 8703
2847 2 2 5 1 7899 5668 7936
2848 2 2 5 1 2312 601 6372
2849 2 2 5 1 6057 2955 7914
2850 2 2 5 1 4325 4324 6080
2851 2 2 5 1 2330 460 5989
2852 2 2 5 1 6081 5178 6505
2853 2 2 5 1 5397 5398 5568
2854 2 2 5 1 3142 2728 6281
2855 2 2 5 1 1304 1552 7855
2856 2 2 5 1 5881 1784 5882
2857 2 2 5 1 2934 5762 7664
2858 2 2 5 1 5763 2933 7663
2859 2 2 5 1 6018 1305 8076
2860 2 2 5 1 5115 8630 8650
2861 2 2 5 1 1978 1908 5991
2862 2 2 5 1 5158 5157 8836
2863 2 2 5 1 687 8502 8979
2864 2 2 5 1 5843 6561 7199
2865 2 2 5 1 1164 5679 8171
2866 2 2 5 1 7294 6430 8985
2867 2 2 5 1 4073 6189 7691
2868 2 2 5 1 6424 4518 8138
2869 2 2 5 1 2113 534 6631
2870 2 2 5 1 4317 6014 6743
2871 2 2 5 1 6027 5410 7738
2872 2 2 5 1 1027 7712 7966
2873 2 2 5 1 7882 4005 8233
2874 2 2 5 1 5992 757 5993
2875 2 2 5 1 6140 2939 6293
2876 2 2 5 1 5905 3568 6260
2877 2 2 5 1 5282 5281 8960
2878 2 2 5 1 6045 5928 6788
2879 2 2 5 1 8131 5676 8301
2880 2 2 5 1 5319 5925 5926
2881 2 2 5 1 5397 5568 5572
2882 2 2 5 1 5979 2502 6559
2883 2 2 5 1 6453 5366 6889
2884 2 2 5 1 4852 6021 6312
2885 2 2 5 1 7984 5831 7994
2886 2 2 5 1 5371 6438 6473
2887 2 2 5 1 5366 6570 6889
2888 2 2 5 1 544 550 6267
2889 2 2 5 1 2955 2885 7843
2890 2 2 5 1 6003 6001 6494
2891 2 2 5 1 2913 2958 7841
2892 2 2 5 1 4765 3863 6005
2893 2 2 5 1 3199 6081 6505
2894 2 2 5 1 5804 5429 5986
2895 2 2 5 1 8735 5162 8811
2896 2 2 5 1 6290 743 8357
2897 2 2 5 1 4832 6458 6459
2898 2 2 5 1 5912 4820 6151
2899 2 2 5 1 4291 6420 6710
2900 2 2 5 1 3428 7916 7953
2901 2 2 5 1 5969 1593 7200
2902 2 2 5 1 4253 3538 6118
2903 2 2 5 1 4818 5913 6144
2904 2 2 5 1 7297 1756 7673
2905 2 2 5 1 1694 2009 6238
2906 2 2 5 1 6366 6023 7299
2907 2 2 5 1 4859 6275 6380
2908 2 2 5 1 6079 4325 6080
2909 2 2 5 1 2050 6337 7217
2910 2 2 5 1 7121 6386 7935
2911 2 2 5 1 6220 6219 7697
2912 2 2 5 1 5287 5288 8967
2913 2 2 5 1 6875 5728 8150
2914 2 2 5 1 6024 2300 8593
2915 2 2 5 1 2301 6025 8592
2916 2 2 5 1 6001 2552 6494
2917 2 2 5 1 5465 4612 5934
2918 2 2 5 1 2054 5767 5768
2919 2 2 5 1 5775 2055 5776
2920 2 2 5 1 6184 1622 8322
2921 2 2 5 1 5483 5851 5852
2922 2 2 5 1 5679 8140 8309
2923 2 2 5 1 5644 742 8259
2924 2 2 5 1 2502 2503 6559
2925 2 2 5 1 595 592 6106
2926 2 2 5 1 5846 3769 7678
2927 2 2 5 1 5615 3522 8313
2928 2 2 5 1 4545 5925 6312
2929 2 2 5 1 5392 5920 6032
2930 2 2 5 1 3176 3917 6151
2931 2 2 5 1 3916 3174 6144
2932 2 2 5 1 5918 5385 6065
2933 2 2 5 1 4765 6005 6006
2934 2 2 5 1 5467 5746 6723
2935 2 2 5 1 5975 4773 5976
2936 2 2 5 1 450 3534 5954
2937 2 2 5 1 6187 3410 7878
2938 2 2 5 1 4620 3600 6032
2939 2 2 5 1 4832 6457 6458
2940 2 2 5 1 7648 5445 7702
2941 2 2 5 1 8468 5093 8528
2942 2 2 5 1 4346 4345 5860
2943 2 2 5 1 609 5798 6372
2944 2 2 5 1 6154 4877 6566
2945 2 2 5 1 4612 5695 5934
2946 2 2 5 1 2199 2934 5955
2947 2 2 5 1 1414 6169 6170
2948 2 2 5 1 6832 7668 7956
2949 2 2 5 1 5548 5549 8479
2950 2 2 5 1 6135 4523 8305
2951 2 2 5 1 3491 5647 8496
2952 2 2 5 1 1777 1773 6050
2953 2 2 5 1 2582 6271 8331
2954 2 2 5 1 6021 2847 6312
2955 2 2 5 1 1441 1642 5981
2956 2 2 5 1 4960 6253 7584
2957 2 2 5 1 2152 1982 6587
2958 2 2 5 1 4866 5987 6533
2959 2 2 5 1 2779 6388 6389
2960 2 2 5 1 5914 6665 7012
2961 2 2 5 1 4974 7848 7860
2962 2 2 5 1 4826 6520 6521
2963 2 2 5 1 7170 1462 8002
2964 2 2 5 1 5825 4374 5826
2965 2 2 5 1 422 757 5992
2966 2 2 5 1 1414 6170 6171
2967 2 2 5 1 4059 6064 6167
2968 2 2 5 1 6029 4408 7159
2969 2 2 5 1 6576 4882 7036
2970 2 2 5 1 6420 1704 6710
2971 2 2 5 1 4904 8526 8763
2972 2 2 5 1 5950 3635 6044
2973 2 2 5 1 6423 2231 7518
2974 2 2 5 1 3628 5975 6049
2975 2 2 5 1 5473 7648 7702
2976 2 2 5 1 6210 6209 8554
2977 2 2 5 1 5529 499 8926
2978 2 2 5 1 5932 2857 6276
2979 2 2 5 1 2709 2857 6281
2980 2 2 5 1 433 5809 5884
2981 2 2 5 1 519 524 6534
2982 2 2 5 1 6055 4134 6056
2983 2 2 5 1 6119 4870 6784
2984 2 2 5 1 6315 6075 7359
2985 2 2 5 1 5928 5927 7659
2986 2 2 5 1 6917 4954 7904
2987 2 2 5 1 5097 8227 8252
2988 2 2 5 1 4558 5999 6354
2989 2 2 5 1 2627 2635 6142
2990 2 2 5 1 193 2301 5995
2991 2 2 5 1 3436 6620 8120
2992 2 2 5 1 6602 4814 8205
2993 2 2 5 1 1625 1917 7510
2994 2 2 5 1 3369 6029 7159
2995 2 2 5 1 5371 6473 6474
2996 2 2 5 1 876 6261 6762
2997 2 2 5 1 1143 6397 8365
2998 2 2 5 1 5995 2301 5997
2999 2 2 5 1 4192 7093 7094
3000 2 2 5 1 3037 5927 5928
3001 2 2 5 1 538 5634 8540
3002 2 2 5 1 550 614 6267
3003 2 2 5 1 4965 6339 7556
3004 2 2 5 1 5971 4841 7200
3005 2 2 5 1 433 432 5809
3006 2 2 5 1 1836 1789 5969
3007 2 2 5 1 2009 6237 6238
3008 2 2 5 1 2435 2432 6048
3009 2 2 5 1 5793 5496 6531
3010 2 2 5 1 1595 1375 5974
3011 2 2 5 1 1174 2276 7708
3012 2 2 5 1 6537 4462 7689
3013 2 2 5 1 3610 4059 6167
3014 2 2 5 1 7494 6998 7767
3015 2 2 5 1 2273 1177 7695
3016 2 2 5 1 5706 3961 8308
3017 2 2 5 1 3959 5707 8307
3018 2 2 5 1 428 429 2054
3019 2 2 5 1 185 186 2055
3020 2 2 5 1 7150 3506 8197
3021 2 2 5 1 2238 3254 6961
3022 2 2 5 1 6260 2851 7172
3023 2 2 5 1 4613 5049 8831
3024 2 2 5 1 4891 6639 7567
3025 2 2 5 1 7697 6219 7704
3026 2 2 5 1 7110 2129 7736
3027 2 2 5 1 2127 7111 7735
3028 2 2 5 1 7848 3034 7860
3029 2 2 5 1 2521 7060 7777
3030 2 2 5 1 1789 1593 5969
3031 2 2 5 1 4961 6545 7978
3032 2 2 5 1 6442 1033 6825
3033 2 2 5 1 3268 4294 7996
3034 2 2 5 1 592 590 6106
3035 2 2 5 1 5889 5888 5890
3036 2 2 5 1 1908 1906 5991
3037 2 2 5 1 2702 2701 6276
3038 2 2 5 1 1894 2269 5980
3039 2 2 5 1 1375 1346 5974
3040 2 2 5 1 5964 5965 5967
3041 2 2 5 1 4607 7938 8154
3042 2 2 5 1 6009 942 6010
3043 2 2 5 1 3262 2404 6285
3044 2 2 5 1 6278 4869 7330
3045 2 2 5 1 3642 8420 8649
3046 2 2 5 1 6743 6014 7797
3047 2 2 5 1 5056 6174 6175
3048 2 2 5 1 2968 3511 6918
3049 2 2 5 1 3872 4167 7913
3050 2 2 5 1 5970 4919 7838
3051 2 2 5 1 2000 1837 7910
3052 2 2 5 1 7424 5332 9108
3053 2 2 5 1 3267 5721 8586
3054 2 2 5 1 2635 6529 7509
3055 2 2 5 1 6625 4723 9063
3056 2 2 5 1 1504 1502 6365
3057 2 2 5 1 6154 2050 7148
3058 2 2 5 1 5917 6227 6228
3059 2 2 5 1 5318 5931 9011
3060 2 2 5 1 6140 6293 6294
3061 2 2 5 1 4514 6442 6825
3062 2 2 5 1 2167 2969 5927
3063 2 2 5 1 8296 7262 8300
3064 2 2 5 1 3403 2435 6048
3065 2 2 5 1 4037 4039 7093
3066 2 2 5 1 6515 6518 7547
3067 2 2 5 1 5967 5965 5968
3068 2 2 5 1 881 883 6399
3069 2 2 5 1 4233 2817 6049
3070 2 2 5 1 1902 1644 5984
3071 2 2 5 1 3386 6017 7539
3072 2 2 5 1 2347 2349 6578
3073 2 2 5 1 5169 6915 7147
3074 2 2 5 1 5733 5732 8916
3075 2 2 5 1 622 1013 6149
3076 2 2 5 1 2228 2001 6373
3077 2 2 5 1 5485 5484 7943
3078 2 2 5 1 6280 6279 7410
3079 2 2 5 1 236 237 6691
3080 2 2 5 1 3649 4134 6055
3081 2 2 5 1 1681 1547 7756
3082 2 2 5 1 5846 4863 6315
3083 2 2 5 1 582 580 6101
3084 2 2 5 1 4865 6335 6760
3085 2 2 5 1 6362 2782 7941
3086 2 2 5 1 6101 580 6103
3087 2 2 5 1 3964 6892 6918
3088 2 2 5 1 3862 6217 7222
3089 2 2 5 1 420 2300 6024
3090 2 2 5 1 2301 194 6025
3091 2 2 5 1 6129 6360 7043
3092 2 2 5 1 5408 5407 5409
3093 2 2 5 1 5753 8275 8321
3094 2 2 5 1 1292 1204 7309
3095 2 2 5 1 2169 2291 6042
3096 2 2 5 1 3032 6129 7043
3097 2 2 5 1 2791 7405 8114
3098 2 2 5 1 6601 2647 7503
3099 2 2 5 1 4167 5656 7913
3100 2 2 5 1 3195 5852 8349
3101 2 2 5 1 6923 5745 8137
3102 2 2 5 1 3591 4691 6065
3103 2 2 5 1 6161 6460 6461
3104 2 2 5 1 8118 3112 8801
3105 2 2 5 1 5767 5773 7150
3106 2 2 5 1 3863 3797 6005
3107 2 2 5 1 6445 4973 7579
3108 2 2 5 1 3755 7819 7873
3109 2 2 5 1 3051 7036 7761
3110 2 2 5 1 3757 5212 6157
3111 2 2 5 1 5956 5955 5957
3112 2 2 5 1 1773 1784 6050
3113 2 2 5 1 6143 4925 7368
3114 2 2 5 1 2857 5933 6281
3115 2 2 5 1 7248 8139 8159
3116 2 2 5 1 5366 4895 6570
3117 2 2 5 1 5839 6023 6365
3118 2 2 5 1 3310 6124 7706
3119 2 2 5 1 6035 3895 7944
3120 2 2 5 1 6422 4394 6957
3121 2 2 5 1 6189 5599 7691
3122 2 2 5 1 5958 5957 5960
3123 2 2 5 1 4290 6422 6957
3124 2 2 5 1 210 505 6246
3125 2 2 5 1 5958 5960 5961
3126 2 2 5 1 4372 6199 7468
3127 2 2 5 1 1664 1576 6159
3128 2 2 5 1 5922 2969 6918
3129 2 2 5 1 3678 6643 8893
3130 2 2 5 1 6201 4373 7466
3131 2 2 5 1 6149 1013 6150
3132 2 2 5 1 1836 5939 7344
3133 2 2 5 1 6067 3914 6068
3134 2 2 5 1 2511 4985 6444
3135 2 2 5 1 321 489 6613
3136 2 2 5 1 5633 1319 8692
3137 2 2 5 1 1114 6915 7180
3138 2 2 5 1 6659 6661 9109
3139 2 2 5 1 6007 2000 7910
3140 2 2 5 1 5887 5888 5889
3141 2 2 5 1 2163 2161 6455
3142 2 2 5 1 5775 5776 5837
3143 2 2 5 1 6663 6662 7307
3144 2 2 5 1 490 6645 9059
3145 2 2 5 1 6253 3440 7584
3146 2 2 5 1 6112 6539 7534
3147 2 2 5 1 3266 3262 6285
3148 2 2 5 1 5173 8196 8206
3149 2 2 5 1 5762 7110 7736
3150 2 2 5 1 7111 5763 7735
3151 2 2 5 1 6006 6005 7617
3152 2 2 5 1 2450 6925 7891
3153 2 2 5 1 5827 6423 7518
3154 2 2 5 1 5859 4635 5915
3155 2 2 5 1 3769 6315 7359
3156 2 2 5 1 4901 6000 7620
3157 2 2 5 1 6307 2152 6587
3158 2 2 5 1 3867 6297 7045
3159 2 2 5 1 6052 4021 6053
3160 2 2 5 1 4288 6112 7534
3161 2 2 5 1 5920 4620 6032
3162 2 2 5 1 4017 6057 6058
3163 2 2 5 1 6413 1755 7297
3164 2 2 5 1 2416 6119 6784
3165 2 2 5 1 6416 6076 6868
3166 2 2 5 1 1247 5646 8446
3167 2 2 5 1 4241 6224 6225
3168 2 2 5 1 1469 1466 6359
3169 2 2 5 1 4383 6113 6899
3170 2 2 5 1 6016 2851 6538
3171 2 2 5 1 5962 5963 5964
3172 2 2 5 1 5958 5961 6272
3173 2 2 5 1 4192 4037 7093
3174 2 2 5 1 6031 3305 6742
3175 2 2 5 1 5867 2747 7333
3176 2 2 5 1 6246 505 6247
3177 2 2 5 1 5925 4852 6312
3178 2 2 5 1 6113 6361 6899
3179 2 2 5 1 3441 6309 7418
3180 2 2 5 1 6313 6891 7526
3181 2 2 5 1 7637 5029 7869
3182 2 2 5 1 6266 5093 8468
3183 2 2 5 1 4294 6194 7998
3184 2 2 5 1 3000 2199 5955
3185 2 2 5 1 4147 519 6534
3186 2 2 5 1 6033 5781 6034
3187 2 2 5 1 1777 6050 7237
3188 2 2 5 1 4880 5801 8080
3189 2 2 5 1 2511 6444 6445
3190 2 2 5 1 6561 2315 7199
3191 2 2 5 1 2321 6630 7178
3192 2 2 5 1 5781 5775 5837
3193 2 2 5 1 6080 4324 7260
3194 2 2 5 1 2380 2378 6681
3195 2 2 5 1 1914 1675 6665
3196 2 2 5 1 6332 4670 8178
3197 2 2 5 1 6076 4381 6868
3198 2 2 5 1 2757 7166 7360
3199 2 2 5 1 452 451 743
3200 2 2 5 1 5939 5826 7344
3201 2 2 5 1 1229 990 7201
3202 2 2 5 1 3722 4821 6894
3203 2 2 5 1 6915 5169 7180
3204 2 2 5 1 5415 4253 7520
3205 2 2 5 1 5652 5653 5654
3206 2 2 5 1 3362 6143 7368
3207 2 2 5 1 5956 5957 5958
3208 2 2 5 1 5979 4853 7060
3209 2 2 5 1 4241 6223 6224
3210 2 2 5 1 2916 6114 7554
3211 2 2 5 1 6297 3867 7044
3212 2 2 5 1 6994 7594 7766
3213 2 2 5 1 3844 3914 6067
3214 2 2 5 1 6117 2888 7558
3215 2 2 5 1 7989 6231 8046
3216 2 2 5 1 8537 5355 8635
3217 2 2 5 1 1906 2270 5991
3218 2 2 5 1 6639 4389 7567
3219 2 2 5 1 4208 4547 6221
3220 2 2 5 1 3026 6519 6958
3221 2 2 5 1 4763 4765 5849
3222 2 2 5 1 7724 723 7861
3223 2 2 5 1 3222 4021 6052
3224 2 2 5 1 4872 4219 7458
3225 2 2 5 1 4017 3216 6057
3226 2 2 5 1 4462 5982 7689
3227 2 2 5 1 429 430 5766
3228 2 2 5 1 184 185 5774
3229 2 2 5 1 6274 2229 7568
3230 2 2 5 1 5964 5963 5965
3231 2 2 5 1 5905 6260 7172
3232 2 2 5 1 7897 3284 8166
3233 2 2 5 1 7815 5318 9011
3234 2 2 5 1 5913 3916 6144
3235 2 2 5 1 3917 5912 6151
3236 2 2 5 1 2503 2508 6559
3237 2 2 5 1 4665 6036 6374
3238 2 2 5 1 2074 6023 6366
3239 2 2 5 1 6106 6105 7240
3240 2 2 5 1 743 451 5954
3241 2 2 5 1 6339 2602 7556
3242 2 2 5 1 5975 4233 6049
3243 2 2 5 1 7896 5862 7930
3244 2 2 5 1 3964 3722 6894
3245 2 2 5 1 3380 3386 7539
3246 2 2 5 1 2819 4228 6044
3247 2 2 5 1 4907 6350 7490
3248 2 2 5 1 3305 5718 8225
3249 2 2 5 1 6519 6517 6958
3250 2 2 5 1 6533 5987 6787
3251 2 2 5 1 7838 4919 7845
3252 2 2 5 1 6458 6163 7309
3253 2 2 5 1 461 460 2330
3254 2 2 5 1 758 5995 5996
3255 2 2 5 1 6346 5162 6347
3256 2 2 5 1 5988 4975 7929
3257 2 2 5 1 6221 4547 6222
3258 2 2 5 1 1576 1482 6159
3259 2 2 5 1 4944 6089 7752
3260 2 2 5 1 52 51 8341
3261 2 2 5 1 6245 209 6246
3262 2 2 5 1 6457 6163 6458
3263 2 2 5 1 7166 5867 7360
3264 2 2 5 1 6766 1535 7632
3265 2 2 5 1 7824 6033 8759
3266 2 2 5 1 6514 6465 7428
3267 2 2 5 1 4975 7909 7922
3268 2 2 5 1 2300 5992 5994
3269 2 2 5 1 6357 5148 7436
3270 2 2 5 1 6612 6613 6614
3271 2 2 5 1 5184 6979 8845
3272 2 2 5 1 2017 6566 7355
3273 2 2 5 1 2199 2138 2934
3274 2 2 5 1 2136 2197 2933
3275 2 2 5 1 5866 7899 7936
3276 2 2 5 1 6916 4976 7642
3277 2 2 5 1 3178 3797 3863
3278 2 2 5 1 4231 4809 6090
3279 2 2 5 1 6226 4268 6394
3280 2 2 5 1 2508 2510 7524
3281 2 2 5 1 5962 2999 5963
3282 2 2 5 1 2284 6125 6135
3283 2 2 5 1 1682 881 6399
3284 2 2 5 1 2847 6021 6316
3285 2 2 5 1 7996 4294 7998
3286 2 2 5 1 2851 6016 7172
3287 2 2 5 1 6199 3082 7468
3288 2 2 5 1 6161 2015 6460
3289 2 2 5 1 5166 5167 5283
3290 2 2 5 1 3260 1446 6192
3291 2 2 5 1 4877 6154 7148
3292 2 2 5 1 3501 7494 7767
3293 2 2 5 1 3081 6201 7466
3294 2 2 5 1 4281 4283 6073
3295 2 2 5 1 1905 1904 1906
3296 2 2 5 1 1894 1895 1896
3297 2 2 5 1 4763 3863 4765
3298 2 2 5 1 6202 5861 7698
3299 2 2 5 1 5977 5976 5978
3300 2 2 5 1 3834 4665 6374
3301 2 2 5 1 2197 2999 5962
3302 2 2 5 1 2287 1714 6347
3303 2 2 5 1 6466 6558 7131
3304 2 2 5 1 6127 2228 6373
3305 2 2 5 1 7440 5864 7952
3306 2 2 5 1 1206 1294 7310
3307 2 2 5 1 5865 8009 8039
3308 2 2 5 1 2939 2119 7373
3309 2 2 5 1 1410 1411 6171
3310 2 2 5 1 896 7071 7592
3311 2 2 5 1 4324 6358 7260
3312 2 2 5 1 1892 1894 5980
3313 2 2 5 1 2969 5923 5927
3314 2 2 5 1 4283 4285 6022
3315 2 2 5 1 1951 7344 7644
3316 2 2 5 1 1490 1595 7200
3317 2 2 5 1 6613 489 6614
3318 2 2 5 1 5837 5776 8132
3319 2 2 5 1 6357 3357 7273
3320 2 2 5 1 6415 2289 8704
3321 2 2 5 1 1753 1756 7297
3322 2 2 5 1 1977 1978 2129
3323 2 2 5 1 1976 1975 2127
3324 2 2 5 1 486 414 7252
3325 2 2 5 1 5917 5116 6227
3326 2 2 5 1 5933 4837 7898
3327 2 2 5 1 1324 1322 6191
3328 2 2 5 1 3177 3176 6151
3329 2 2 5 1 5336 3968 6022
3330 2 2 5 1 6378 4719 6528
3331 2 2 5 1 1415 1419 6169
3332 2 2 5 1 4522 748 6123
3333 2 2 5 1 1406 1403 6174
3334 2 2 5 1 6360 6778 7043
3335 2 2 5 1 3174 3175 6144
3336 2 2 5 1 5622 5621 5684
3337 2 2 5 1 5982 5980 7770
3338 2 2 5 1 4032 4861 6092
3339 2 2 5 1 5499 5498 6435
3340 2 2 5 1 4895 4894 6570
3341 2 2 5 1 5712 2396 8212
3342 2 2 5 1 1132 1183 6043
3343 2 2 5 1 832 1056 6077
3344 2 2 5 1 6139 6140 6141
3345 2 2 5 1 746 4523 6125
3346 2 2 5 1 2581 6341 8099
3347 2 2 5 1 4882 6576 7404
3348 2 2 5 1 4929 6766 7632
3349 2 2 5 1 6248 4979 6250
3350 2 2 5 1 425 426 1235
3351 2 2 5 1 188 189 1234
3352 2 2 5 1 3582 2855 6109
3353 2 2 5 1 1907 1906 1908
3354 2 2 5 1 1896 1897 1898
3355 2 2 5 1 6422 7425 7557
3356 2 2 5 1 6082 1584 6083
3357 2 2 5 1 4278 6414 6415
3358 2 2 5 1 3904 7391 7959
3359 2 2 5 1 4283 6022 6073
3360 2 2 5 1 1909 1908 1977
3361 2 2 5 1 1898 1899 1975
3362 2 2 5 1 4697 6357 7273
3363 2 2 5 1 4552 7937 7949
3364 2 2 5 1 3178 2554 3797
3365 2 2 5 1 1982 1583 6587
3366 2 2 5 1 221 525 6325
3367 2 2 5 1 1759 1755 6413
3368 2 2 5 1 2521 5979 7060
3369 2 2 5 1 3257 1469 6359
3370 2 2 5 1 6596 7071 7307
3371 2 2 5 1 6120 4851 6121
3372 2 2 5 1 5838 4989 8054
3373 2 2 5 1 1204 3495 7309
3374 2 2 5 1 6309 4468 7418
3375 2 2 5 1 5590 4271 6181
3376 2 2 5 1 6706 5350 8908
3377 2 2 5 1 4998 6035 7944
3378 2 2 5 1 4157 5823 6145
3379 2 2 5 1 2001 1851 6373
3380 2 2 5 1 3844 3191 3914
3381 2 2 5 1 2857 2702 6276
3382 2 2 5 1 6891 1848 7526
3383 2 2 5 1 590 6104 6106
3384 2 2 5 1 3590 3591 6065
3385 2 2 5 1 1762 1759 6413
3386 2 2 5 1 3600 3599 6032
3387 2 2 5 1 7148 2050 7217
3388 2 2 5 1 3000 5955 5956
3389 2 2 5 1 4212 4851 6120
3390 2 2 5 1 4909 6113 7470
3391 2 2 5 1 1112 1114 6262
3392 2 2 5 1 3254 2236 6423
3393 2 2 5 1 840 951 6136
3394 2 2 5 1 2280 6094 6095
3395 2 2 5 1 1247 236 6691
3396 2 2 5 1 2134 1969 6070
3397 2 2 5 1 6412 3744 7004
3398 2 2 5 1 1972 2135 6071
3399 2 2 5 1 4876 6383 6988
3400 2 2 5 1 5820 4158 6155
3401 2 2 5 1 2888 2881 7558
3402 2 2 5 1 2909 2916 7554
3403 2 2 5 1 6639 4911 7519
3404 2 2 5 1 5647 3491 8510
3405 2 2 5 1 237 6687 6691
3406 2 2 5 1 2647 2639 6160
3407 2 2 5 1 6293 2939 7373
3408 2 2 5 1 5489 4606 7363
3409 2 2 5 1 6115 2281 6116
3410 2 2 5 1 3797 6002 6005
3411 2 2 5 1 6081 3199 6880
3412 2 2 5 1 7612 6292 7851
3413 2 2 5 1 6014 4317 6784
3414 2 2 5 1 7519 4911 7639
3415 2 2 5 1 490 6644 6645
3416 2 2 5 1 4354 5451 6782
3417 2 2 5 1 1937 6335 7091
3418 2 2 5 1 2129 2130 2295
3419 2 2 5 1 2128 2127 2293
3420 2 2 5 1 2947 2163 6455
3421 2 2 5 1 6193 2000 6194
3422 2 2 5 1 3125 2204 6173
3423 2 2 5 1 4673 3995 5166
3424 2 2 5 1 4017 6059 6060
3425 2 2 5 1 1519 7566 7681
3426 2 2 5 1 1414 1415 6169
3427 2 2 5 1 6262 1114 7180
3428 2 2 5 1 6597 6596 7307
3429 2 2 5 1 2156 2152 6307
3430 2 2 5 1 4722 3623 6152
3431 2 2 5 1 6138 6479 6480
3432 2 2 5 1 1403 1402 6174
3433 2 2 5 1 3864 3863 4763
3434 2 2 5 1 1909 1977 2138
3435 2 2 5 1 1975 1899 2136
3436 2 2 5 1 6131 2364 6132
3437 2 2 5 1 5034 3751 6179
3438 2 2 5 1 2280 586 6094
3439 2 2 5 1 6360 3336 6778
3440 2 2 5 1 954 776 6513
3441 2 2 5 1 7953 5883 8013
3442 2 2 5 1 1411 1414 6171
3443 2 2 5 1 3767 3834 6374
3444 2 2 5 1 4285 5895 6022
3445 2 2 5 1 1224 6189 8612
3446 2 2 5 1 2295 2296 2929
3447 2 2 5 1 2294 2293 2928
3448 2 2 5 1 1168 6649 7268
3449 2 2 5 1 3029 3030 6546
3450 2 2 5 1 5680 1032 8306
3451 2 2 5 1 3018 2187 6088
3452 2 2 5 1 200 485 6777
3453 2 2 5 1 590 588 6104
3454 2 2 5 1 2086 2939 6139
3455 2 2 5 1 2511 6445 7579
3456 2 2 5 1 4881 4269 6205
3457 2 2 5 1 3814 6378 6528
3458 2 2 5 1 6133 6136 6137
3459 2 2 5 1 6074 4896 6577
3460 2 2 5 1 1894 1896 2269
3461 2 2 5 1 1906 1904 2270
3462 2 2 5 1 2009 1692 6356
3463 2 2 5 1 2149 2838 3073
3464 2 2 5 1 5941 5384 8897
3465 2 2 5 1 2598 7121 7935
3466 2 2 5 1 4870 6014 6784
3467 2 2 5 1 1502 3052 6365
3468 2 2 5 1 2730 4260 6351
3469 2 2 5 1 6475 2896 6476
3470 2 2 5 1 1654 1939 6075
3471 2 2 5 1 6131 6132 6134
3472 2 2 5 1 5883 6902 8013
3473 2 2 5 1 6671 3336 7135
3474 2 2 5 1 626 2281 6115
3475 2 2 5 1 2187 2183 6088
3476 2 2 5 1 1907 1908 1909
3477 2 2 5 1 1898 1897 1899
3478 2 2 5 1 6271 2582 8355
3479 2 2 5 1 3226 2929 3663
3480 2 2 5 1 2928 3225 3662
3481 2 2 5 1 6550 5077 7207
3482 2 2 5 1 1183 1298 6043
3483 2 2 5 1 3073 2838 3191
3484 2 2 5 1 4268 6226 6395
3485 2 2 5 1 4561 6300 7939
3486 2 2 5 1 454 2528 6212
3487 2 2 5 1 6139 2939 6140
3488 2 2 5 1 208 209 6245
3489 2 2 5 1 4892 4893 6474
3490 2 2 5 1 6275 4859 7796
3491 2 2 5 1 4691 5918 6065
3492 2 2 5 1 3632 4157 6145
3493 2 2 5 1 2393 6429 6430
3494 2 2 5 1 2349 2355 6578
3495 2 2 5 1 6022 3968 6073
3496 2 2 5 1 3018 6085 6087
3497 2 2 5 1 490 303 6644
3498 2 2 5 1 6216 4311 6217
3499 2 2 5 1 6366 7114 7720
3500 2 2 5 1 2629 2627 6142
3501 2 2 5 1 6249 6250 7985
3502 2 2 5 1 6338 4290 6957
3503 2 2 5 1 988 1226 7196
3504 2 2 5 1 3024 6202 6470
3505 2 2 5 1 7819 6000 7873
3506 2 2 5 1 6680 8676 8696
3507 2 2 5 1 6213 2757 6896
3508 2 2 5 1 990 3480 7201
3509 2 2 5 1 4500 5320 5427
3510 2 2 5 1 1167 826 6130
3511 2 2 5 1 1461 1584 6082
3512 2 2 5 1 1482 6158 6159
3513 2 2 5 1 1782 1777 7237
3514 2 2 5 1 5089 3596 6176
3515 2 2 5 1 758 192 5995
3516 2 2 5 1 6352 1681 7756
3517 2 2 5 1 1978 5991 7684
3518 2 2 5 1 6038 1404 6039
3519 2 2 5 1 6310 4705 6311
3520 2 2 5 1 6324 220 6325
3521 2 2 5 1 6242 2363 6243
3522 2 2 5 1 6152 5220 6153
3523 2 2 5 1 3593 5086 6182
3524 2 2 5 1 7100 8594 9034
3525 2 2 5 1 2089 6220 7697
3526 2 2 5 1 4158 3625 6155
3527 2 2 5 1 6051 3036 7755
3528 2 2 5 1 2820 2819 6044
3529 2 2 5 1 6350 1496 7490
3530 2 2 5 1 7916 5883 7953
3531 2 2 5 1 6366 7720 7804
3532 2 2 5 1 6136 951 6137
3533 2 2 5 1 6558 4423 7131
3534 2 2 5 1 2012 7600 7605
3535 2 2 5 1 7599 2013 7606
3536 2 2 5 1 532 522 2090
3537 2 2 5 1 1905 1906 1907
3538 2 2 5 1 1896 1895 1897
3539 2 2 5 1 435 434 2038
3540 2 2 5 1 6667 4393 7413
3541 2 2 5 1 5914 1914 6665
3542 2 2 5 1 3030 6066 6546
3543 2 2 5 1 6125 4523 6135
3544 2 2 5 1 1444 1324 6191
3545 2 2 5 1 1943 2000 6193
3546 2 2 5 1 5082 7881 8112
3547 2 2 5 1 4032 3663 4861
3548 2 2 5 1 3662 4031 4860
3549 2 2 5 1 6404 6403 7367
3550 2 2 5 1 2300 421 5992
3551 2 2 5 1 6183 5312 6184
3552 2 2 5 1 6399 4872 7589
3553 2 2 5 1 1903 1902 1904
3554 2 2 5 1 1892 1893 1894
3555 2 2 5 1 7425 4883 7557
3556 2 2 5 1 1497 6148 6264
3557 2 2 5 1 3460 6013 6026
3558 2 2 5 1 759 778 6404
3559 2 2 5 1 5992 5993 5994
3560 2 2 5 1 679 2450 7891
3561 2 2 5 1 2074 1504 6365
3562 2 2 5 1 3073 3191 3844
3563 2 2 5 1 3494 1206 7310
3564 2 2 5 1 3864 4764 7520
3565 2 2 5 1 836 2364 6131
3566 2 2 5 1 6067 6068 6069
3567 2 2 5 1 1694 6238 7517
3568 2 2 5 1 6261 876 7275
3569 2 2 5 1 2081 2088 6162
3570 2 2 5 1 5183 6703 6769
3571 2 2 5 1 3755 5821 8000
3572 2 2 5 1 4289 4889 6239
3573 2 2 5 1 4132 6060 6061
3574 2 2 5 1 6174 1402 6175
3575 2 2 5 1 4884 4883 7547
3576 2 2 5 1 1976 2127 2128
3577 2 2 5 1 2129 1978 2130
3578 2 2 5 1 2393 375 6429
3579 2 2 5 1 4143 6196 6197
3580 2 2 5 1 6449 4914 7701
3581 2 2 5 1 320 321 6613
3582 2 2 5 1 1482 1479 6158
3583 2 2 5 1 4031 5007 6093
3584 2 2 5 1 5075 4144 6198
3585 2 2 5 1 6289 5620 8265
3586 2 2 5 1 5234 5235 8903
3587 2 2 5 1 3332 6697 7224
3588 2 2 5 1 2204 2165 6173
3589 2 2 5 1 459 1284 5989
3590 2 2 5 1 1972 6071 6456
3591 2 2 5 1 4832 3785 6457
3592 2 2 5 1 4241 2764 6223
3593 2 2 5 1 4576 3844 6067
3594 2 2 5 1 6465 4878 7428
3595 2 2 5 1 3784 4830 6460
3596 2 2 5 1 6076 4900 7375
3597 2 2 5 1 1629 2015 6161
3598 2 2 5 1 2234 2924 7164
3599 2 2 5 1 6070 1969 6469
3600 2 2 5 1 1898 1975 1976
3601 2 2 5 1 1977 1908 1978
3602 2 2 5 1 5536 5535 5537
3603 2 2 5 1 6281 5933 7885
3604 2 2 5 1 3623 3547 6152
3605 2 2 5 1 6275 1683 6380
3606 2 2 5 1 2817 2818 6049
3607 2 2 5 1 5010 4032 6092
3608 2 2 5 1 4834 6441 6771
3609 2 2 5 1 4894 6569 6570
3610 2 2 5 1 4722 6152 6153
3611 2 2 5 1 922 6234 6235
3612 2 2 5 1 1371 1556 6664
3613 2 2 5 1 6098 1014 6099
3614 2 2 5 1 2016 6163 6457
3615 2 2 5 1 883 6398 6399
3616 2 2 5 1 4272 2729 6214
3617 2 2 5 1 1796 1827 7212
3618 2 2 5 1 4059 6062 6063
3619 2 2 5 1 2386 2380 6681
3620 2 2 5 1 924 4266 6905
3621 2 2 5 1 4312 4311 6216
3622 2 2 5 1 7071 6596 7592
3623 2 2 5 1 1910 6279 6280
3624 2 2 5 1 3511 3964 6918
3625 2 2 5 1 748 771 6123
3626 2 2 5 1 6335 1720 6760
3627 2 2 5 1 2936 2228 6127
3628 2 2 5 1 4246 2748 6213
3629 2 2 5 1 2295 2130 2296
3630 2 2 5 1 4228 5950 6044
3631 2 2 5 1 2128 2293 2294
3632 2 2 5 1 6050 5880 7237
3633 2 2 5 1 1695 1694 7517
3634 2 2 5 1 1783 5685 8413
3635 2 2 5 1 2302 4558 6354
3636 2 2 5 1 6397 1143 8376
3637 2 2 5 1 769 746 6125
3638 2 2 5 1 5974 1346 7361
3639 2 2 5 1 2689 2697 6551
3640 2 2 5 1 3336 6360 7135
3641 2 2 5 1 2404 6284 6285
3642 2 2 5 1 5981 5980 5982
3643 2 2 5 1 4947 4948 7768
3644 2 2 5 1 5061 4121 6200
3645 2 2 5 1 6473 3598 6474
3646 2 2 5 1 3226 3663 4032
3647 2 2 5 1 3662 3225 4031
3648 2 2 5 1 1622 6184 8348
3649 2 2 5 1 5162 2287 6347
3650 2 2 5 1 2267 4281 6236
3651 2 2 5 1 5283 5167 5649
3652 2 2 5 1 2687 2689 6551
3653 2 2 5 1 4036 4192 6062
3654 2 2 5 1 1944 6715 8055
3655 2 2 5 1 3679 3814 6528
3656 2 2 5 1 2969 2968 6918
3657 2 2 5 1 776 755 6513
3658 2 2 5 1 2266 2267 6236
3659 2 2 5 1 2138 1977 7110
3660 2 2 5 1 1975 2136 7111
3661 2 2 5 1 4883 7425 7547
3662 2 2 5 1 4041 5312 6183
3663 2 2 5 1 1561 1389 7187
3664 2 2 5 1 876 877 7275
3665 2 2 5 1 6326 6322 6327
3666 2 2 5 1 5038 4117 6204
3667 2 2 5 1 7968 3519 7977
3668 2 2 5 1 422 423 757
3669 2 2 5 1 191 192 758
3670 2 2 5 1 3030 6087 7999
3671 2 2 5 1 5860 4345 7217
3672 2 2 5 1 6607 6610 6615
3673 2 2 5 1 5166 3995 5167
3674 2 2 5 1 524 534 2113
3675 2 2 5 1 922 862 6234
3676 2 2 5 1 2896 2898 6476
3677 2 2 5 1 6181 4271 6302
3678 2 2 5 1 1395 792 6240
3679 2 2 5 1 804 1396 6241
3680 2 2 5 1 2895 2896 6475
3681 2 2 5 1 3824 3821 6251
3682 2 2 5 1 4858 5566 5588
3683 2 2 5 1 3785 2249 6457
3684 2 2 5 1 5096 5097 8252
3685 2 2 5 1 620 622 6149
3686 2 2 5 1 7594 3500 7766
3687 2 2 5 1 1910 1728 6279
3688 2 2 5 1 2980 3767 7167
3689 2 2 5 1 2773 4979 6248
3690 2 2 5 1 3294 3290 6259
3691 2 2 5 1 6205 2347 6578
3692 2 2 5 1 2295 2929 3226
3693 2 2 5 1 2928 2293 3225
3694 2 2 5 1 6419 1704 6420
3695 2 2 5 1 2247 3784 6460
3696 2 2 5 1 2701 2714 6276
3697 2 2 5 1 4893 5371 6474
3698 2 2 5 1 2870 2868 6827
3699 2 2 5 1 4874 4786 7738
3700 2 2 5 1 5881 5882 5883
3701 2 2 5 1 1655 6075 6314
3702 2 2 5 1 5524 2922 8611
3703 2 2 5 1 7624 4567 7964
3704 2 2 5 1 3564 5047 6177
3705 2 2 5 1 4407 6834 7381
3706 2 2 5 1 4281 6073 6236
3707 2 2 5 1 4206 4208 6221
3708 2 2 5 1 3724 3309 3970
3709 2 2 5 1 5167 3995 6961
3710 2 2 5 1 4274 6412 7004
3711 2 2 5 1 3610 4036 4059
3712 2 2 5 1 4408 4407 7159
3713 2 2 5 1 3917 4831 5153
3714 2 2 5 1 5092 6303 7027
3715 2 2 5 1 616 1497 6264
3716 2 2 5 1 714 719 6808
3717 2 2 5 1 7600 6635 7605
3718 2 2 5 1 3859 4749 7811
3719 2 2 5 1 6126 5027 6697
3720 2 2 5 1 209 210 6246
3721 2 2 5 1 219 220 6324
3722 2 2 5 1 4829 3916 5150
3723 2 2 5 1 6636 7599 7606
3724 2 2 5 1 778 955 6404
3725 2 2 5 1 511 419 6024
3726 2 2 5 1 195 512 6025
3727 2 2 5 1 6566 4877 7355
3728 2 2 5 1 1903 1904 1905
3729 2 2 5 1 1894 1893 1895
3730 2 2 5 1 3790 7465 7620
3731 2 2 5 1 6441 3918 6771
3732 2 2 5 1 5618 6379 8274
3733 2 2 5 1 3920 4705 6310
3734 2 2 5 1 2738 2747 7166
3735 2 2 5 1 4896 6074 6732
3736 2 2 5 1 6575 7306 7912
3737 2 2 5 1 3696 5536 6756
3738 2 2 5 1 6221 6222 7713
3739 2 2 5 1 3479 988 7196
3740 2 2 5 1 3176 3785 3917
3741 2 2 5 1 8903 5235 8906
3742 2 2 5 1 3784 3174 3916
3743 2 2 5 1 2637 2647 6206
3744 2 2 5 1 3470 4370 6835
3745 2 2 5 1 6766 4949 7753
3746 2 2 5 1 2147 2169 2959
3747 2 2 5 1 5137 8340 8358
3748 2 2 5 1 4152 5321 6188
3749 2 2 5 1 6551 6550 7207
3750 2 2 5 1 4860 4031 6093
3751 2 2 5 1 2297 6232 6259
3752 2 2 5 1 7060 5815 7777
3753 2 2 5 1 6343 1708 6419
3754 2 2 5 1 6321 3165 6322
3755 2 2 5 1 6264 6148 6265
3756 2 2 5 1 6682 2102 7214
3757 2 2 5 1 3596 3595 6176
3758 2 2 5 1 6345 6343 6419
3759 2 2 5 1 2764 2755 6223
3760 2 2 5 1 3264 3267 6195
3761 2 2 5 1 524 533 534
3762 2 2 5 1 531 522 532
3763 2 2 5 1 5443 7648 7868
3764 2 2 5 1 6518 6517 6519
3765 2 2 5 1 4861 5438 5439
3766 2 2 5 1 6241 1396 8237
3767 2 2 5 1 5440 4860 5441
3768 2 2 5 1 4863 6314 6315
3769 2 2 5 1 6053 4021 6054
3770 2 2 5 1 5608 6509 6837
3771 2 2 5 1 4701 3960 5133
3772 2 2 5 1 3958 4700 5132
3773 2 2 5 1 3592 3593 6182
3774 2 2 5 1 4017 6058 6059
3775 2 2 5 1 4230 4231 6090
3776 2 2 5 1 6321 6322 6326
3777 2 2 5 1 3012 3604 3698
3778 2 2 5 1 6227 5114 6228
3779 2 2 5 1 3607 3610 6167
3780 2 2 5 1 6559 2508 7524
3781 2 2 5 1 1389 3466 7187
3782 2 2 5 1 2297 1742 6232
3783 2 2 5 1 2205 6367 8459
3784 2 2 5 1 2645 4218 6160
3785 2 2 5 1 330 483 6488
3786 2 2 5 1 3797 6001 6002
3787 2 2 5 1 207 2363 6242
3788 2 2 5 1 5963 2999 7074
3789 2 2 5 1 3024 4195 6202
3790 2 2 5 1 5153 4831 5630
3791 2 2 5 1 4829 5150 5629
3792 2 2 5 1 3992 3149 3995
3793 2 2 5 1 3917 3785 4831
3794 2 2 5 1 6094 1014 6098
3795 2 2 5 1 2230 2852 3012
3796 2 2 5 1 1642 1892 5981
3797 2 2 5 1 4132 3644 6060
3798 2 2 5 1 4974 6444 7833
3799 2 2 5 1 3784 3916 4829
3800 2 2 5 1 6048 2432 7471
3801 2 2 5 1 1959 2019 6298
3802 2 2 5 1 408 496 6254
3803 2 2 5 1 6894 4821 6895
3804 2 2 5 1 2933 2197 5962
3805 2 2 5 1 6171 6170 6172
3806 2 2 5 1 6606 6607 6615
3807 2 2 5 1 4298 4735 6270
3808 2 2 5 1 5321 4933 5866
3809 2 2 5 1 3290 2297 6259
3810 2 2 5 1 4927 5324 5862
3811 2 2 5 1 1466 1464 6359
3812 2 2 5 1 6205 4269 6369
3813 2 2 5 1 4673 5166 5213
3814 2 2 5 1 2554 2552 6001
3815 2 2 5 1 6388 6387 6389
3816 2 2 5 1 4201 6634 8994
3817 2 2 5 1 1351 1429 7249
3818 2 2 5 1 838 840 6136
3819 2 2 5 1 5996 5995 5997
3820 2 2 5 1 4988 4113 6263
3821 2 2 5 1 4193 3698 4500
3822 2 2 5 1 7465 6159 7620
3823 2 2 5 1 5497 5499 7601
3824 2 2 5 1 3854 6112 7762
3825 2 2 5 1 5688 465 8369
3826 2 2 5 1 3288 4872 6398
3827 2 2 5 1 1939 1940 2147
3828 2 2 5 1 4892 6474 6475
3829 2 2 5 1 6075 1939 7359
3830 2 2 5 1 6509 6829 6837
3831 2 2 5 1 3305 3302 6742
3832 2 2 5 1 4350 4875 7666
3833 2 2 5 1 2161 6454 6455
3834 2 2 5 1 1082 1394 6434
3835 2 2 5 1 3767 6374 7167
3836 2 2 5 1 2983 2554 3178
3837 2 2 5 1 5291 5234 8899
3838 2 2 5 1 6892 5922 6918
3839 2 2 5 1 6383 1748 6988
3840 2 2 5 1 4266 796 6330
3841 2 2 5 1 3057 2820 6044
3842 2 2 5 1 6029 3369 7229
3843 2 2 5 1 5898 5167 6961
3844 2 2 5 1 808 4267 6333
3845 2 2 5 1 6168 4903 6727
3846 2 2 5 1 2989 4097 5057
3847 2 2 5 1 3096 6319 6320
3848 2 2 5 1 434 433 5884
3849 2 2 5 1 6678 6718 6719
3850 2 2 5 1 940 915 6288
3851 2 2 5 1 420 421 2300
3852 2 2 5 1 193 194 2301
3853 2 2 5 1 4101 2987 5056
3854 2 2 5 1 3176 2249 3785
3855 2 2 5 1 1487 1788 6456
3856 2 2 5 1 4369 6553 6698
3857 2 2 5 1 5795 5119 6472
3858 2 2 5 1 2749 2858 6395
3859 2 2 5 1 3826 6916 7642
3860 2 2 5 1 6119 2416 6682
3861 2 2 5 1 3124 3125 3557
3862 2 2 5 1 2247 3174 3784
3863 2 2 5 1 7566 6308 7681
3864 2 2 5 1 4626 4628 6274
3865 2 2 5 1 203 3558 6467
3866 2 2 5 1 1010 1023 6540
3867 2 2 5 1 1021 1008 6541
3868 2 2 5 1 3616 4682 6564
3869 2 2 5 1 4819 3929 4820
3870 2 2 5 1 6412 7673 7692
3871 2 2 5 1 4059 4036 6062
3872 2 2 5 1 1787 1485 6469
3873 2 2 5 1 6819 7191 8522
3874 2 2 5 1 4278 564 6414
3875 2 2 5 1 6455 4874 7760
3876 2 2 5 1 1718 5658 8433
3877 2 2 5 1 6606 1248 6607
3878 2 2 5 1 6214 3185 7846
3879 2 2 5 1 7407 6800 9016
3880 2 2 5 1 1904 1902 5983
3881 2 2 5 1 3425 4973 7024
3882 2 2 5 1 6339 6340 7769
3883 2 2 5 1 3927 4817 4818
3884 2 2 5 1 6016 6538 7123
3885 2 2 5 1 1662 4864 6284
3886 2 2 5 1 2409 556 6408
3887 2 2 5 1 2313 919 6299
3888 2 2 5 1 3124 2204 3125
3889 2 2 5 1 2083 2086 6139
3890 2 2 5 1 6284 4864 6285
3891 2 2 5 1 1876 1624 6717
3892 2 2 5 1 4250 4755 6396
3893 2 2 5 1 6217 4311 7222
3894 2 2 5 1 6798 6800 6823
3895 2 2 5 1 6309 6310 7794
3896 2 2 5 1 2494 2492 6983
3897 2 2 5 1 1692 1690 6356
3898 2 2 5 1 8054 4989 8086
3899 2 2 5 1 2378 6239 6681
3900 2 2 5 1 2016 1630 6163
3901 2 2 5 1 1864 6154 6566
3902 2 2 5 1 6584 3388 6791
3903 2 2 5 1 3036 6735 7755
3904 2 2 5 1 3620 6482 6483
3905 2 2 5 1 7810 5973 7831
3906 2 2 5 1 3848 6667 7413
3907 2 2 5 1 4384 5512 7999
3908 2 2 5 1 888 3288 6398
3909 2 2 5 1 1675 1673 6665
3910 2 2 5 1 4152 3097 4933
3911 2 2 5 1 454 453 2528
3912 2 2 5 1 6697 5027 7224
3913 2 2 5 1 3790 6000 7819
3914 2 2 5 1 3100 4151 4927
3915 2 2 5 1 460 459 5989
3916 2 2 5 1 3751 3750 6179
3917 2 2 5 1 1444 6191 6192
3918 2 2 5 1 1112 6262 7117
3919 2 2 5 1 6173 4947 7279
3920 2 2 5 1 6649 5432 7268
3921 2 2 5 1 1714 1712 6347
3922 2 2 5 1 2238 2236 3254
3923 2 2 5 1 4713 5389 6376
3924 2 2 5 1 2036 1943 6193
3925 2 2 5 1 6509 5608 7329
3926 2 2 5 1 5107 5114 6227
3927 2 2 5 1 4259 6231 7989
3928 2 2 5 1 1630 1559 6163
3929 2 2 5 1 1780 6383 7580
3930 2 2 5 1 2729 2722 6214
3931 2 2 5 1 537 546 7225
3932 2 2 5 1 5116 5105 6227
3933 2 2 5 1 3974 4726 6996
3934 2 2 5 1 4875 6129 7623
3935 2 2 5 1 1464 1461 6082
3936 2 2 5 1 2071 2779 6389
3937 2 2 5 1 6314 6075 6315
3938 2 2 5 1 4691 4692 5386
3939 2 2 5 1 1654 1664 1939
3940 2 2 5 1 74 73 479
3941 2 2 5 1 6218 4206 6221
3942 2 2 5 1 6810 6811 7271
3943 2 2 5 1 1394 4816 6434
3944 2 2 5 1 3620 4066 6482
3945 2 2 5 1 951 842 6479
3946 2 2 5 1 1429 6418 7249
3947 2 2 5 1 4621 4620 5390
3948 2 2 5 1 3269 4859 6380
3949 2 2 5 1 2162 2163 2164
3950 2 2 5 1 1534 4290 6338
3951 2 2 5 1 2562 2564 7044
3952 2 2 5 1 4228 4229 4230
3953 2 2 5 1 4809 5617 5618
3954 2 2 5 1 1016 1033 7782
3955 2 2 5 1 6770 4732 7125
3956 2 2 5 1 318 1248 6606
3957 2 2 5 1 4267 923 6909
3958 2 2 5 1 6563 6562 7397
3959 2 2 5 1 3372 7348 7635
3960 2 2 5 1 1457 1455 2282
3961 2 2 5 1 4561 2062 6300
3962 2 2 5 1 3448 3446 7222
3963 2 2 5 1 5351 4713 6376
3964 2 2 5 1 7339 785 8038
3965 2 2 5 1 6138 951 6479
3966 2 2 5 1 3319 3318 3599
3967 2 2 5 1 2714 2926 6864
3968 2 2 5 1 2748 2744 6213
3969 2 2 5 1 3486 3487 3590
3970 2 2 5 1 6516 6517 6518
3971 2 2 5 1 1155 1170 6969
3972 2 2 5 1 7036 4882 7761
3973 2 2 5 1 6401 6402 6403
3974 2 2 5 1 6268 5100 6269
3975 2 2 5 1 4410 3894 6348
3976 2 2 5 1 2534 910 6317
3977 2 2 5 1 1677 3269 6380
3978 2 2 5 1 1202 1177 2273
3979 2 2 5 1 1174 1201 2276
3980 2 2 5 1 4518 1026 6364
3981 2 2 5 1 5619 4813 5620
3982 2 2 5 1 3096 3042 6319
3983 2 2 5 1 2272 2813 6635
3984 2 2 5 1 4210 4212 6120
3985 2 2 5 1 5492 4378 5604
3986 2 2 5 1 5951 6090 6091
3987 2 2 5 1 2819 4217 4228
3988 2 2 5 1 4289 6239 6385
3989 2 2 5 1 2811 2271 6636
3990 2 2 5 1 4973 6445 7024
3991 2 2 5 1 1552 1358 6561
3992 2 2 5 1 3117 3090 6331
3993 2 2 5 1 4234 4233 4235
3994 2 2 5 1 985 1015 6846
3995 2 2 5 1 5999 1476 6354
3996 2 2 5 1 5748 5750 5751
3997 2 2 5 1 1878 2217 7183
3998 2 2 5 1 2164 2165 2204
3999 2 2 5 1 6335 4865 7091
4000 2 2 5 1 295 5268 6622
4001 2 2 5 1 397 687 6328
4002 2 2 5 1 4336 4334 6502
4003 2 2 5 1 4190 3590 6065
4004 2 2 5 1 2518 6834 6983
4005 2 2 5 1 5119 5113 6472
4006 2 2 5 1 1203 1291 6537
4007 2 2 5 1 6896 2757 7360
4008 2 2 5 1 2917 3222 6052
4009 2 2 5 1 2070 2071 6389
4010 2 2 5 1 1690 6355 6356
4011 2 2 5 1 6401 2064 6402
4012 2 2 5 1 6583 6584 6791
4013 2 2 5 1 1350 1551 6630
4014 2 2 5 1 4324 1564 6358
4015 2 2 5 1 3216 2889 6057
4016 2 2 5 1 1657 1655 6314
4017 2 2 5 1 6277 1937 6278
4018 2 2 5 1 5118 5709 6568
4019 2 2 5 1 4157 4775 5822
4020 2 2 5 1 2274 2273 2275
4021 2 2 5 1 2276 2277 2278
4022 2 2 5 1 3632 3635 4157
4023 2 2 5 1 3992 3995 4673
4024 2 2 5 1 5863 4576 5864
4025 2 2 5 1 1104 6533 6787
4026 2 2 5 1 3515 3029 6546
4027 2 2 5 1 1483 1482 1576
4028 2 2 5 1 564 566 6414
4029 2 2 5 1 6113 3815 6361
4030 2 2 5 1 7715 6051 7755
4031 2 2 5 1 3199 2210 6880
4032 2 2 5 1 1470 2302 6354
4033 2 2 5 1 4218 2817 4233
4034 2 2 5 1 2015 2020 2247
4035 2 2 5 1 2021 2016 2249
4036 2 2 5 1 4864 4863 5846
4037 2 2 5 1 4872 7458 7589
4038 2 2 5 1 2250 2249 3176
4039 2 2 5 1 3217 4354 6600
4040 2 2 5 1 2247 2248 3174
4041 2 2 5 1 1219 6416 6868
4042 2 2 5 1 2552 1825 6494
4043 2 2 5 1 1862 2050 6154
4044 2 2 5 1 1803 1966 6763
4045 2 2 5 1 5093 6266 8478
4046 2 2 5 1 2843 2266 6236
4047 2 2 5 1 3977 4722 6196
4048 2 2 5 1 1461 1459 1584
4049 2 2 5 1 5983 1902 5984
4050 2 2 5 1 4927 4151 5324
4051 2 2 5 1 4152 4933 5321
4052 2 2 5 1 1577 1576 1654
4053 2 2 5 1 4633 5100 6268
4054 2 2 5 1 3020 2275 3962
4055 2 2 5 1 3557 3719 4184
4056 2 2 5 1 2278 3021 3956
4057 2 2 5 1 6217 3862 7210
4058 2 2 5 1 5435 4336 6502
4059 2 2 5 1 4500 3698 5320
4060 2 2 5 1 4238 3844 4576
4061 2 2 5 1 6461 4830 6462
4062 2 2 5 1 4810 6529 6530
4063 2 2 5 1 2362 6254 6255
4064 2 2 5 1 6569 4894 6827
4065 2 2 5 1 4338 6576 7036
4066 2 2 5 1 220 221 6325
4067 2 2 5 1 3962 3963 4756
4068 2 2 5 1 218 3165 6321
4069 2 2 5 1 4773 4158 5819
4070 2 2 5 1 6510 954 6513
4071 2 2 5 1 3957 3956 4754
4072 2 2 5 1 6951 1945 8688
4073 2 2 5 1 3628 3625 4158
4074 2 2 5 1 6146 620 6149
4075 2 2 5 1 3308 4874 6454
4076 2 2 5 1 6002 6003 6004
4077 2 2 5 1 3097 2134 6070
4078 2 2 5 1 4231 4808 4809
4079 2 2 5 1 510 6798 6823
4080 2 2 5 1 2135 3100 6071
4081 2 2 5 1 4230 4229 4231
4082 2 2 5 1 6615 6610 6616
4083 2 2 5 1 3591 4690 4691
4084 2 2 5 1 6497 6846 6847
4085 2 2 5 1 4095 5378 7052
4086 2 2 5 1 5165 5164 5697
4087 2 2 5 1 1063 2423 7759
4088 2 2 5 1 4228 4217 4229
4089 2 2 5 1 6538 2353 7123
4090 2 2 5 1 2960 2959 3309
4091 2 2 5 1 4619 3600 4620
4092 2 2 5 1 6086 6088 6089
4093 2 2 5 1 689 722 6676
4094 2 2 5 1 3930 3929 4819
4095 2 2 5 1 6169 5057 6170
4096 2 2 5 1 3833 6336 6589
4097 2 2 5 1 1788 1972 6456
4098 2 2 5 1 5183 6769 6842
4099 2 2 5 1 1476 1472 6354
4100 2 2 5 1 5104 5103 5105
4101 2 2 5 1 5267 3687 6387
4102 2 2 5 1 614 6264 6267
4103 2 2 5 1 3222 3649 4021
4104 2 2 5 1 3927 3928 4817
4105 2 2 5 1 4216 6220 6481
4106 2 2 5 1 3644 3216 4017
4107 2 2 5 1 418 419 511
4108 2 2 5 1 195 196 512
4109 2 2 5 1 1673 1670 6318
4110 2 2 5 1 4812 4236 4813
4111 2 2 5 1 5111 5118 6568
4112 2 2 5 1 6120 6121 7714
4113 2 2 5 1 4809 4808 5617
4114 2 2 5 1 5386 4692 5587
4115 2 2 5 1 2232 2234 7164
4116 2 2 5 1 4570 7707 7970
4117 2 2 5 1 2376 1299 6385
4118 2 2 5 1 319 320 6611
4119 2 2 5 1 3599 4186 4187
4120 2 2 5 1 1969 1787 6469
4121 2 2 5 1 4428 7156 7364
4122 2 2 5 1 4234 4235 4236
4123 2 2 5 1 2732 2730 6351
4124 2 2 5 1 5879 5880 6050
4125 2 2 5 1 1346 1343 7361
4126 2 2 5 1 6296 4594 6297
4127 2 2 5 1 3317 2323 3318
4128 2 2 5 1 5080 4769 7717
4129 2 2 5 1 313 2373 6353
4130 2 2 5 1 4376 3660 4378
4131 2 2 5 1 3945 5158 6504
4132 2 2 5 1 2649 3485 3486
4133 2 2 5 1 6511 6510 6512
4134 2 2 5 1 2374 6405 6407
4135 2 2 5 1 4350 7666 7715
4136 2 2 5 1 595 6106 7240
4137 2 2 5 1 987 953 6424
4138 2 2 5 1 3400 2156 6307
4139 2 2 5 1 2230 2098 2852
4140 2 2 5 1 4218 4233 4234
4141 2 2 5 1 4187 4188 4703
4142 2 2 5 1 5571 5910 5911
4143 2 2 5 1 1014 582 6101
4144 2 2 5 1 1397 560 6655
4145 2 2 5 1 375 376 6429
4146 2 2 5 1 5100 5099 5101
4147 2 2 5 1 6265 6148 6266
4148 2 2 5 1 4559 6127 6128
4149 2 2 5 1 4189 3590 4190
4150 2 2 5 1 4621 5390 5645
4151 2 2 5 1 2401 2949 6483
4152 2 2 5 1 3648 3606 4774
4153 2 2 5 1 5538 5119 5794
4154 2 2 5 1 4274 2065 6410
4155 2 2 5 1 4812 4813 5619
4156 2 2 5 1 6516 1521 6517
4157 2 2 5 1 5160 5161 5701
4158 2 2 5 1 3273 3547 3623
4159 2 2 5 1 4191 4190 4668
4160 2 2 5 1 2995 3841 6302
4161 2 2 5 1 6460 4830 6461
4162 2 2 5 1 2409 6408 7906
4163 2 2 5 1 5114 5109 6568
4164 2 2 5 1 4703 4704 5349
4165 2 2 5 1 4669 4668 5342
4166 2 2 5 1 5951 4230 6090
4167 2 2 5 1 1612 695 6549
4168 2 2 5 1 1424 1324 1444
4169 2 2 5 1 3792 4555 6386
4170 2 2 5 1 2079 2081 6162
4171 2 2 5 1 4123 5061 6282
4172 2 2 5 1 464 5694 8374
4173 2 2 5 1 5035 5034 5377
4174 2 2 5 1 5999 4558 7873
4175 2 2 5 1 792 790 6240
4176 2 2 5 1 1901 1644 1902
4177 2 2 5 1 1642 1891 1892
4178 2 2 5 1 802 804 6241
4179 2 2 5 1 1522 1521 6516
4180 2 2 5 1 6303 3891 7027
4181 2 2 5 1 2601 2836 6313
4182 2 2 5 1 6287 2964 6522
4183 2 2 5 1 693 1611 6554
4184 2 2 5 1 2635 2625 6203
4185 2 2 5 1 2625 1494 6203
4186 2 2 5 1 3590 3487 3591
4187 2 2 5 1 4691 4690 4692
4188 2 2 5 1 578 576 1498
4189 2 2 5 1 616 618 1497
4190 2 2 5 1 4938 5560 5706
4191 2 2 5 1 5561 4936 5707
4192 2 2 5 1 4756 5504 5643
4193 2 2 5 1 5507 4754 5639
4194 2 2 5 1 6733 3781 7997
4195 2 2 5 1 4881 6205 6578
4196 2 2 5 1 4184 4196 5393
4197 2 2 5 1 796 794 6330
4198 2 2 5 1 806 808 6333
4199 2 2 5 1 3655 3653 4559
4200 2 2 5 1 1690 1648 6355
4201 2 2 5 1 5088 6258 6579
4202 2 2 5 1 6811 4924 7271
4203 2 2 5 1 5118 5113 5119
4204 2 2 5 1 5360 6341 8119
4205 2 2 5 1 5745 5116 5917
4206 2 2 5 1 3319 3599 3600
4207 2 2 5 1 2751 2749 6395
4208 2 2 5 1 5118 5119 5538
4209 2 2 5 1 6243 2363 6244
4210 2 2 5 1 4204 4206 6218
4211 2 2 5 1 3058 3057 3632
4212 2 2 5 1 4619 4620 4621
4213 2 2 5 1 6333 4267 8187
4214 2 2 5 1 3644 4017 6060
4215 2 2 5 1 6291 3400 6306
4216 2 2 5 1 4560 6433 6882
4217 2 2 5 1 6558 6448 7790
4218 2 2 5 1 3271 3272 3273
4219 2 2 5 1 5880 7026 7237
4220 2 2 5 1 519 518 523
4221 2 2 5 1 516 517 521
4222 2 2 5 1 3034 5985 7860
4223 2 2 5 1 3311 1681 7818
4224 2 2 5 1 3261 2404 3262
4225 2 2 5 1 6716 1876 6717
4226 2 2 5 1 4184 5393 5394
4227 2 2 5 1 1825 1795 6494
4228 2 2 5 1 818 820 1264
4229 2 2 5 1 2819 2633 4217
4230 2 2 5 1 5517 5515 7616
4231 2 2 5 1 5950 4230 5951
4232 2 2 5 1 400 1228 6565
4233 2 2 5 1 7037 5455 7097
4234 2 2 5 1 1724 1937 6277
4235 2 2 5 1 6611 320 6613
4236 2 2 5 1 3307 2964 6287
4237 2 2 5 1 4903 6168 7126
4238 2 2 5 1 4330 4560 6882
4239 2 2 5 1 5267 6387 6388
4240 2 2 5 1 3356 3354 6390
4241 2 2 5 1 394 6632 6633
4242 2 2 5 1 3810 6076 6416
4243 2 2 5 1 4668 4190 5385
4244 2 2 5 1 6572 6577 7095
4245 2 2 5 1 2913 2917 2958
4246 2 2 5 1 3486 3485 3487
4247 2 2 5 1 3264 3266 3267
4248 2 2 5 1 959 2064 6401
4249 2 2 5 1 2889 2885 2955
4250 2 2 5 1 3263 3262 3264
4251 2 2 5 1 3962 2275 3963
4252 2 2 5 1 2987 1406 6174
4253 2 2 5 1 5101 5102 5103
4254 2 2 5 1 1291 1361 6537
4255 2 2 5 1 2278 3956 3957
4256 2 2 5 1 4157 3635 4775
4257 2 2 5 1 4974 7833 7848
4258 2 2 5 1 8085 5053 8113
4259 2 2 5 1 6179 6178 6180
4260 2 2 5 1 498 243 6377
4261 2 2 5 1 1419 2989 6169
4262 2 2 5 1 2959 2169 6042
4263 2 2 5 1 2639 2641 6160
4264 2 2 5 1 4832 6459 7652
4265 2 2 5 1 1277 1371 6664
4266 2 2 5 1 1558 1629 6161
4267 2 2 5 1 1730 1910 6286
4268 2 2 5 1 3317 3318 3319
4269 2 2 5 1 5105 5106 5107
4270 2 2 5 1 6308 6587 7763
4271 2 2 5 1 5164 3633 6145
4272 2 2 5 1 4034 2865 6734
4273 2 2 5 1 4187 4703 5392
4274 2 2 5 1 3055 3056 3625
4275 2 2 5 1 4202 4216 6481
4276 2 2 5 1 5028 4000 6599
4277 2 2 5 1 6577 4896 7095
4278 2 2 5 1 6328 687 7161
4279 2 2 5 1 2634 2633 2819
4280 2 2 5 1 4732 5674 7125
4281 2 2 5 1 2384 6316 7118
4282 2 2 5 1 509 6426 6427
4283 2 2 5 1 4366 537 7225
4284 2 2 5 1 6925 2450 7909
4285 2 2 5 1 7159 4407 7381
4286 2 2 5 1 1861 1938 6337
4287 2 2 5 1 1655 1654 6075
4288 2 2 5 1 3632 3057 3635
4289 2 2 5 1 5011 5010 5238
4290 2 2 5 1 5007 5008 5236
4291 2 2 5 1 2813 3214 6635
4292 2 2 5 1 1653 1867 6728
4293 2 2 5 1 2157 3308 6454
4294 2 2 5 1 6584 7037 7097
4295 2 2 5 1 3211 2811 6636
4296 2 2 5 1 6249 6248 6250
4297 2 2 5 1 8899 5234 8903
4298 2 2 5 1 1416 697 7918
4299 2 2 5 1 4245 5083 6305
4300 2 2 5 1 1468 1469 1470
4301 2 2 5 1 4756 3963 5504
4302 2 2 5 1 242 498 6384
4303 2 2 5 1 6405 6406 6407
4304 2 2 5 1 3957 4754 5507
4305 2 2 5 1 3446 3862 7222
4306 2 2 5 1 1629 1915 2015
4307 2 2 5 1 6207 1805 6208
4308 2 2 5 1 4731 4730 5708
4309 2 2 5 1 3284 2049 6417
4310 2 2 5 1 2700 2691 6753
4311 2 2 5 1 2645 2817 4218
4312 2 2 5 1 5854 5485 5855
4313 2 2 5 1 2149 2837 2838
4314 2 2 5 1 4059 6063 6064
4315 2 2 5 1 6685 3948 8280
4316 2 2 5 1 7015 4227 7016
4317 2 2 5 1 1916 1630 2016
4318 2 2 5 1 1779 1840 6826
4319 2 2 5 1 2993 2995 6302
4320 2 2 5 1 2704 2706 7009
4321 2 2 5 1 3536 3535 3750
4322 2 2 5 1 4274 6410 6411
4323 2 2 5 1 3723 3309 3724
4324 2 2 5 1 2645 2646 2817
4325 2 2 5 1 4875 7623 7666
4326 2 2 5 1 6640 1246 6641
4327 2 2 5 1 3820 6248 6249
4328 2 2 5 1 4799 3702 7125
4329 2 2 5 1 6447 3805 6448
4330 2 2 5 1 6718 6678 6861
4331 2 2 5 1 3557 3125 3719
4332 2 2 5 1 3628 4158 4773
4333 2 2 5 1 3246 3177 3929
4334 2 2 5 1 3175 3248 3927
4335 2 2 5 1 4874 7738 7760
4336 2 2 5 1 5869 3001 5870
4337 2 2 5 1 1564 1543 6358
4338 2 2 5 1 2360 2356 6260
4339 2 2 5 1 3743 4525 6492
4340 2 2 5 1 7344 5826 7644
4341 2 2 5 1 5052 4315 6215
4342 2 2 5 1 586 584 6094
4343 2 2 5 1 6779 1633 6780
4344 2 2 5 1 4290 6421 6422
4345 2 2 5 1 478 7157 8766
4346 2 2 5 1 4376 4378 5492
4347 2 2 5 1 1470 1469 2302
4348 2 2 5 1 3846 4594 6296
4349 2 2 5 1 584 582 1014
4350 2 2 5 1 3199 6505 7068
4351 2 2 5 1 1624 1575 6717
4352 2 2 5 1 5035 5377 5411
4353 2 2 5 1 3269 3270 3271
4354 2 2 5 1 3626 5160 6155
4355 2 2 5 1 421 422 5992
4356 2 2 5 1 4426 4424 8017
4357 2 2 5 1 7673 5814 7692
4358 2 2 5 1 622 624 1013
4359 2 2 5 1 4861 3663 5438
4360 2 2 5 1 1169 1153 6982
4361 2 2 5 1 3662 4860 5440
4362 2 2 5 1 3536 3750 3751
4363 2 2 5 1 790 2284 6240
4364 2 2 5 1 4039 4858 7093
4365 2 2 5 1 2285 802 6241
4366 2 2 5 1 4631 4632 4633
4367 2 2 5 1 1477 1476 4901
4368 2 2 5 1 3055 3625 3628
4369 2 2 5 1 832 834 1056
4370 2 2 5 1 297 499 6409
4371 2 2 5 1 2949 3620 6483
4372 2 2 5 1 2641 2645 6160
4373 2 2 5 1 4558 4171 5821
4374 2 2 5 1 5107 5108 5109
4375 2 2 5 1 6392 4249 6393
4376 2 2 5 1 6202 4302 6470
4377 2 2 5 1 4633 5098 5099
4378 2 2 5 1 4337 6498 6499
4379 2 2 5 1 1468 1466 1469
4380 2 2 5 1 5104 5105 5116
4381 2 2 5 1 450 449 3534
4382 2 2 5 1 303 304 6644
4383 2 2 5 1 5437 8580 8936
4384 2 2 5 1 1936 1553 6368
4385 2 2 5 1 2073 957 6510
4386 2 2 5 1 6367 5569 8459
4387 2 2 5 1 6553 1116 6698
4388 2 2 5 1 6464 4330 6882
4389 2 2 5 1 624 626 6115
4390 2 2 5 1 3653 2936 6127
4391 2 2 5 1 6398 4872 6399
4392 2 2 5 1 6296 6297 7044
4393 2 2 5 1 3968 3161 6073
4394 2 2 5 1 3178 3863 3864
4395 2 2 5 1 2691 4445 6753
4396 2 2 5 1 3867 2562 7044
4397 2 2 5 1 4212 4850 4851
4398 2 2 5 1 686 6321 6326
4399 2 2 5 1 4243 3751 5034
4400 2 2 5 1 3568 2360 6260
4401 2 2 5 1 3230 3232 6334
4402 2 2 5 1 5111 5113 5118
4403 2 2 5 1 5893 7795 7841
4404 2 2 5 1 6239 4889 6681
4405 2 2 5 1 3815 1207 6361
4406 2 2 5 1 704 7891 8027
4407 2 2 5 1 2051 1959 6298
4408 2 2 5 1 7656 902 7721
4409 2 2 5 1 4243 5034 5035
4410 2 2 5 1 2073 6510 6511
4411 2 2 5 1 2909 2911 2916
4412 2 2 5 1 2898 2901 6476
4413 2 2 5 1 2291 2855 3582
4414 2 2 5 1 618 620 6146
4415 2 2 5 1 1528 7637 7869
4416 2 2 5 1 5035 5412 6761
4417 2 2 5 1 2883 2881 2888
4418 2 2 5 1 3363 3356 6390
4419 2 2 5 1 5105 5107 6227
4420 2 2 5 1 3633 3632 6145
4421 2 2 5 1 5107 5109 5114
4422 2 2 5 1 6690 4426 8017
4423 2 2 5 1 828 830 2286
4424 2 2 5 1 4881 6578 7706
4425 2 2 5 1 1663 1662 6284
4426 2 2 5 1 2381 2383 6316
4427 2 2 5 1 2873 2870 6827
4428 2 2 5 1 6512 6513 7669
4429 2 2 5 1 6119 6682 7214
4430 2 2 5 1 4087 3633 5164
4431 2 2 5 1 7375 4900 7741
4432 2 2 5 1 5052 6215 8069
4433 2 2 5 1 4394 6422 7557
4434 2 2 5 1 5966 5963 7074
4435 2 2 5 1 509 377 6426
4436 2 2 5 1 3750 6178 6179
4437 2 2 5 1 6316 6021 7118
4438 2 2 5 1 2162 2161 2163
4439 2 2 5 1 2855 2863 6109
4440 2 2 5 1 2868 6569 6827
4441 2 2 5 1 3954 3953 4730
4442 2 2 5 1 7798 5894 7843
4443 2 2 5 1 7255 1551 7840
4444 2 2 5 1 6010 942 6011
4445 2 2 5 1 4000 4001 6599
4446 2 2 5 1 5378 6582 7052
4447 2 2 5 1 4699 5148 6357
4448 2 2 5 1 1056 6131 6134
4449 2 2 5 1 1793 1796 7212
4450 2 2 5 1 4802 6495 6496
4451 2 2 5 1 6276 2714 6864
4452 2 2 5 1 2286 830 6077
4453 2 2 5 1 4021 3649 6055
4454 2 2 5 1 830 832 6077
4455 2 2 5 1 2958 2917 6052
4456 2 2 5 1 3230 6334 6586
4457 2 2 5 1 6474 3598 6475
4458 2 2 5 1 2099 2098 2230
4459 2 2 5 1 3068 1779 6826
4460 2 2 5 1 2889 2955 6057
4461 2 2 5 1 614 616 6264
4462 2 2 5 1 2072 7026 7324
4463 2 2 5 1 2627 2625 2635
4464 2 2 5 1 3717 3945 6504
4465 2 2 5 1 4547 4210 6120
4466 2 2 5 1 4905 7919 8040
4467 2 2 5 1 3400 6291 6603
4468 2 2 5 1 2365 6328 6329
4469 2 2 5 1 5101 5103 5104
4470 2 2 5 1 7156 2035 7364
4471 2 2 5 1 2557 2560 7250
4472 2 2 5 1 4177 3272 6750
4473 2 2 5 1 2374 291 6405
4474 2 2 5 1 3140 2728 3141
4475 2 2 5 1 1361 4462 6537
4476 2 2 5 1 3687 3180 6387
4477 2 2 5 1 1493 2637 6206
4478 2 2 5 1 1443 1364 4461
4479 2 2 5 1 1361 1441 4462
4480 2 2 5 1 4909 7470 7686
4481 2 2 5 1 4290 1532 6421
4482 2 2 5 1 7681 6308 7763
4483 2 2 5 1 4143 3977 6196
4484 2 2 5 1 2637 2639 2647
4485 2 2 5 1 76 75 4686
4486 2 2 5 1 6752 7290 7525
4487 2 2 5 1 2576 2422 6522
4488 2 2 5 1 4117 4115 6204
4489 2 2 5 1 3635 3057 6044
4490 2 2 5 1 4121 4119 6200
4491 2 2 5 1 665 689 6676
4492 2 2 5 1 1030 1010 6540
4493 2 2 5 1 3625 3626 6155
4494 2 2 5 1 6579 3130 6976
4495 2 2 5 1 1008 1028 6541
4496 2 2 5 1 2030 1876 6716
4497 2 2 5 1 4337 6499 6500
4498 2 2 5 1 311 1243 6604
4499 2 2 5 1 2164 2163 2165
4500 2 2 5 1 3509 3015 7137
4501 2 2 5 1 2217 6626 7183
4502 2 2 5 1 5385 4190 6065
4503 2 2 5 1 4889 4302 7698
4504 2 2 5 1 5619 5620 6289
4505 2 2 5 1 2761 3783 6471
4506 2 2 5 1 3626 4082 5160
4507 2 2 5 1 5109 5110 5111
4508 2 2 5 1 6002 6004 7617
4509 2 2 5 1 2065 1765 6410
4510 2 2 5 1 4922 7656 7721
4511 2 2 5 1 192 193 5995
4512 2 2 5 1 4587 3671 6830
4513 2 2 5 1 4105 5685 6378
4514 2 2 5 1 1464 6082 6359
4515 2 2 5 1 2727 2709 2728
4516 2 2 5 1 4243 5035 6761
4517 2 2 5 1 395 2365 6632
4518 2 2 5 1 4989 5838 8071
4519 2 2 5 1 3012 2852 3604
4520 2 2 5 1 4208 4210 4547
4521 2 2 5 1 1147 1092 1164
4522 2 2 5 1 6098 6099 6100
4523 2 2 5 1 3886 4529 5001
4524 2 2 5 1 1090 1145 1165
4525 2 2 5 1 1497 6146 6147
4526 2 2 5 1 1728 1726 6279
4527 2 2 5 1 6454 4874 6455
4528 2 2 5 1 6239 2376 6385
4529 2 2 5 1 834 836 6131
4530 2 2 5 1 2086 2119 2939
4531 2 2 5 1 7093 5588 7094
4532 2 2 5 1 2829 2820 3057
4533 2 2 5 1 2798 3535 3536
4534 2 2 5 1 828 2286 6130
4535 2 2 5 1 1556 6638 6664
4536 2 2 5 1 1654 1576 1664
4537 2 2 5 1 1301 2345 6369
4538 2 2 5 1 6523 3854 6524
4539 2 2 5 1 3624 3623 3977
4540 2 2 5 1 2160 2161 2162
4541 2 2 5 1 6107 1887 6108
4542 2 2 5 1 1867 6547 6548
4543 2 2 5 1 5088 6579 6976
4544 2 2 5 1 2631 2629 2633
4545 2 2 5 1 1396 6333 8224
4546 2 2 5 1 1465 1464 1466
4547 2 2 5 1 6687 772 6688
4548 2 2 5 1 2088 2083 6139
4549 2 2 5 1 3271 3270 3272
4550 2 2 5 1 4296 4298 6270
4551 2 2 5 1 5101 5104 6866
4552 2 2 5 1 3820 2941 6248
4553 2 2 5 1 2641 2643 2645
4554 2 2 5 1 4892 6475 6476
4555 2 2 5 1 48 47 3112
4556 2 2 5 1 1340 3024 6470
4557 2 2 5 1 1209 3810 6416
4558 2 2 5 1 1867 1640 6547
4559 2 2 5 1 2708 2702 2709
4560 2 2 5 1 3598 2895 6475
4561 2 2 5 1 6414 2289 6415
4562 2 2 5 1 2780 2781 3997
4563 2 2 5 1 2212 3199 7068
4564 2 2 5 1 7753 4949 7801
4565 2 2 5 1 1026 1062 6364
4566 2 2 5 1 2858 4268 6395
4567 2 2 5 1 4175 4032 5010
4568 2 2 5 1 4031 4176 5007
4569 2 2 5 1 864 2299 6234
4570 2 2 5 1 3604 3757 6157
4571 2 2 5 1 5165 5697 5698
4572 2 2 5 1 4216 6218 6219
4573 2 2 5 1 2280 6095 6096
4574 2 2 5 1 4633 5099 5100
4575 2 2 5 1 4273 5937 5942
4576 2 2 5 1 1446 1444 6192
4577 2 2 5 1 5104 5744 6866
4578 2 2 5 1 1481 1479 1482
4579 2 2 5 1 2818 2832 3055
4580 2 2 5 1 1662 4863 4864
4581 2 2 5 1 4631 4633 6268
4582 2 2 5 1 713 714 6808
4583 2 2 5 1 4735 4736 5680
4584 2 2 5 1 2410 4291 6710
4585 2 2 5 1 4901 5999 6000
4586 2 2 5 1 800 802 2285
4587 2 2 5 1 3273 3272 3547
4588 2 2 5 1 790 788 2284
4589 2 2 5 1 3954 4730 4731
4590 2 2 5 1 4249 4250 6396
4591 2 2 5 1 2088 6139 6141
4592 2 2 5 1 2894 6449 6544
4593 2 2 5 1 6814 6816 6817
4594 2 2 5 1 695 727 6549
4595 2 2 5 1 3115 4372 7468
4596 2 2 5 1 2147 2959 2960
4597 2 2 5 1 957 954 6510
4598 2 2 5 1 6010 6011 6012
4599 2 2 5 1 3998 5124 5383
4600 2 2 5 1 227 529 6668
4601 2 2 5 1 4373 3113 7466
4602 2 2 5 1 1559 1292 7309
4603 2 2 5 1 2383 2847 6316
4604 2 2 5 1 880 1682 2780
4605 2 2 5 1 4628 4630 4631
4606 2 2 5 1 305 1246 6640
4607 2 2 5 1 794 1395 6330
4608 2 2 5 1 2941 2773 6248
4609 2 2 5 1 55 54 2242
4610 2 2 5 1 4979 2771 6368
4611 2 2 5 1 1396 806 6333
4612 2 2 5 1 3214 3875 4402
4613 2 2 5 1 419 420 6024
4614 2 2 5 1 194 195 6025
4615 2 2 5 1 3877 3211 4403
4616 2 2 5 1 3969 2751 6395
4617 2 2 5 1 451 450 5954
4618 2 2 5 1 2302 3257 4171
4619 2 2 5 1 3954 4732 6770
4620 2 2 5 1 725 693 6554
4621 2 2 5 1 2335 2338 6709
4622 2 2 5 1 4097 4098 5660
4623 2 2 5 1 6664 4891 7567
4624 2 2 5 1 2684 3805 6447
4625 2 2 5 1 1917 2149 7510
4626 2 2 5 1 1472 1470 6354
4627 2 2 5 1 3148 3954 6770
4628 2 2 5 1 6132 2364 6133
4629 2 2 5 1 6345 6419 6420
4630 2 2 5 1 2863 2865 4034
4631 2 2 5 1 3255 2079 6162
4632 2 2 5 1 3187 2993 6302
4633 2 2 5 1 4933 3097 6070
4634 2 2 5 1 2948 3699 4947
4635 2 2 5 1 4102 4101 5666
4636 2 2 5 1 4143 6197 6198
4637 2 2 5 1 558 1397 6408
4638 2 2 5 1 4113 4111 6263
4639 2 2 5 1 3272 3270 6750
4640 2 2 5 1 2771 1936 6368
4641 2 2 5 1 1662 1660 4863
4642 2 2 5 1 3979 6999 7000
4643 2 2 5 1 4837 4836 5229
4644 2 2 5 1 1494 1229 7201
4645 2 2 5 1 5111 5112 5113
4646 2 2 5 1 3100 4927 6071
4647 2 2 5 1 2081 2083 2088
4648 2 2 5 1 1811 3198 6573
4649 2 2 5 1 6322 3165 6323
4650 2 2 5 1 926 987 6299
4651 2 2 5 1 6616 6610 6617
4652 2 2 5 1 1862 1861 2050
4653 2 2 5 1 6701 5633 6830
4654 2 2 5 1 5604 4378 5785
4655 2 2 5 1 2235 2233 2236
4656 2 2 5 1 4247 4249 6392
4657 2 2 5 1 1966 6714 6763
4658 2 2 5 1 2989 2990 4097
4659 2 2 5 1 5701 5161 5702
4660 2 2 5 1 3929 3177 6151
4661 2 2 5 1 3037 5928 5929
4662 2 2 5 1 3977 3623 4722
4663 2 2 5 1 4337 3552 6498
4664 2 2 5 1 6112 3087 6539
4665 2 2 5 1 2302 4171 4558
4666 2 2 5 1 526 6633 6634
4667 2 2 5 1 1673 6318 6665
4668 2 2 5 1 6361 1213 6899
4669 2 2 5 1 4274 6411 6412
4670 2 2 5 1 6095 6094 6098
4671 2 2 5 1 3148 3504 3953
4672 2 2 5 1 3141 3142 3148
4673 2 2 5 1 2988 2987 4101
4674 2 2 5 1 3441 3443 6309
4675 2 2 5 1 4304 4760 5270
4676 2 2 5 1 2964 2576 6522
4677 2 2 5 1 917 2313 6288
4678 2 2 5 1 814 816 2289
4679 2 2 5 1 3175 3927 6144
4680 2 2 5 1 198 199 2853
4681 2 2 5 1 2826 4721 6737
4682 2 2 5 1 2077 2079 3255
4683 2 2 5 1 3148 3953 3954
4684 2 2 5 1 4129 4126 6425
4685 2 2 5 1 415 416 2854
4686 2 2 5 1 1815 2787 6567
4687 2 2 5 1 4758 4306 5269
4688 2 2 5 1 53 52 482
4689 2 2 5 1 888 1267 3288
4690 2 2 5 1 4253 6118 7520
4691 2 2 5 1 1497 618 6146
4692 2 2 5 1 2538 2540 6586
4693 2 2 5 1 673 598 6446
4694 2 2 5 1 654 5803 7905
4695 2 2 5 1 3853 3854 6523
4696 2 2 5 1 3997 2781 3998
4697 2 2 5 1 3261 3262 3263
4698 2 2 5 1 1168 6628 6649
4699 2 2 5 1 1700 2410 6710
4700 2 2 5 1 3648 4774 5690
4701 2 2 5 1 3808 5862 7896
4702 2 2 5 1 588 2280 6104
4703 2 2 5 1 4244 6031 6742
4704 2 2 5 1 742 327 6484
4705 2 2 5 1 1023 1024 1039
4706 2 2 5 1 584 1014 6094
4707 2 2 5 1 3214 4402 6635
4708 2 2 5 1 3772 3773 4807
4709 2 2 5 1 4403 3211 6636
4710 2 2 5 1 1109 1112 7117
4711 2 2 5 1 4216 4204 6218
4712 2 2 5 1 1022 1021 1041
4713 2 2 5 1 6336 3833 6588
4714 2 2 5 1 2851 2352 6538
4715 2 2 5 1 6410 1762 6413
4716 2 2 5 1 6657 6662 6663
4717 2 2 5 1 1669 2404 3261
4718 2 2 5 1 3563 3268 4227
4719 2 2 5 1 4219 5028 5909
4720 2 2 5 1 2362 407 6254
4721 2 2 5 1 1537 1534 6338
4722 2 2 5 1 3163 3164 3606
4723 2 2 5 1 4802 3971 6495
4724 2 2 5 1 4202 4204 4216
4725 2 2 5 1 4559 3653 6127
4726 2 2 5 1 495 206 6242
4727 2 2 5 1 2340 2342 6588
4728 2 2 5 1 6762 6261 7958
4729 2 2 5 1 6062 4192 7825
4730 2 2 5 1 3797 2554 6001
4731 2 2 5 1 3280 4865 6760
4732 2 2 5 1 4111 4110 5017
4733 2 2 5 1 3576 3575 4110
4734 2 2 5 1 3702 3141 6770
4735 2 2 5 1 4184 3719 4196
4736 2 2 5 1 2780 1682 2781
4737 2 2 5 1 2443 6400 6731
4738 2 2 5 1 5374 6535 6536
4739 2 2 5 1 3282 3281 3575
4740 2 2 5 1 4232 4068 4836
4741 2 2 5 1 3099 2764 3193
4742 2 2 5 1 1056 834 6131
4743 2 2 5 1 4018 3193 4080
4744 2 2 5 1 5618 5617 6379
4745 2 2 5 1 3750 6177 6178
4746 2 2 5 1 1448 1446 3260
4747 2 2 5 1 6466 6447 6558
4748 2 2 5 1 2948 4947 6173
4749 2 2 5 1 3616 6564 7030
4750 2 2 5 1 3599 3318 4186
4751 2 2 5 1 63 62 1356
4752 2 2 5 1 2492 2518 6983
4753 2 2 5 1 6966 4941 7305
4754 2 2 5 1 4008 4762 5425
4755 2 2 5 1 4354 5429 5451
4756 2 2 5 1 3264 3262 3266
4757 2 2 5 1 3781 6525 6527
4758 2 2 5 1 3265 3264 6195
4759 2 2 5 1 2356 2851 6260
4760 2 2 5 1 3280 2287 3281
4761 2 2 5 1 4193 4500 4501
4762 2 2 5 1 2836 3585 6313
4763 2 2 5 1 824 826 1167
4764 2 2 5 1 5390 4620 5920
4765 2 2 5 1 588 586 2280
4766 2 2 5 1 1013 624 6115
4767 2 2 5 1 3063 4557 6721
4768 2 2 5 1 3269 1914 3270
4769 2 2 5 1 1124 1121 1125
4770 2 2 5 1 2205 2204 3124
4771 2 2 5 1 4725 4245 6305
4772 2 2 5 1 2760 2704 7009
4773 2 2 5 1 1517 2437 6556
4774 2 2 5 1 6251 6249 6252
4775 2 2 5 1 3140 3141 3702
4776 2 2 5 1 3542 3856 4008
4777 2 2 5 1 6331 3299 6332
4778 2 2 5 1 6507 3093 6829
4779 2 2 5 1 1590 1803 6763
4780 2 2 5 1 6137 951 6138
4781 2 2 5 1 826 828 6130
4782 2 2 5 1 1463 1461 1464
4783 2 2 5 1 4330 6464 6858
4784 2 2 5 1 3676 4244 6742
4785 2 2 5 1 1866 1864 6566
4786 2 2 5 1 3288 4000 4219
4787 2 2 5 1 6128 6373 7820
4788 2 2 5 1 5374 4544 6535
4789 2 2 5 1 447 446 2967
4790 2 2 5 1 862 864 6234
4791 2 2 5 1 2708 2709 2727
4792 2 2 5 1 6814 6815 6816
4793 2 2 5 1 913 940 6317
4794 2 2 5 1 1394 3285 3772
4795 2 2 5 1 3163 3648 6734
4796 2 2 5 1 1669 1667 2404
4797 2 2 5 1 329 330 6488
4798 2 2 5 1 6590 891 7089
4799 2 2 5 1 4157 5822 5823
4800 2 2 5 1 3063 6721 6741
4801 2 2 5 1 6834 2518 7381
4802 2 2 5 1 2553 2552 2554
4803 2 2 5 1 3291 3290 3292
4804 2 2 5 1 238 772 6687
4805 2 2 5 1 1795 1561 7187
4806 2 2 5 1 5946 5944 5947
4807 2 2 5 1 3276 4081 6580
4808 2 2 5 1 4244 3682 4245
4809 2 2 5 1 3781 3630 6525
4810 2 2 5 1 1053 1030 3325
4811 2 2 5 1 1640 1638 6547
4812 2 2 5 1 6400 2443 6497
4813 2 2 5 1 2727 2728 3140
4814 2 2 5 1 2773 2771 4979
4815 2 2 5 1 1028 1051 3326
4816 2 2 5 1 4960 4961 6253
4817 2 2 5 1 4033 3335 6756
4818 2 2 5 1 3314 4891 6638
4819 2 2 5 1 2865 2866 3163
4820 2 2 5 1 4691 5386 5918
4821 2 2 5 1 1910 6280 7607
4822 2 2 5 1 5886 5887 5891
4823 2 2 5 1 1302 1301 6369
4824 2 2 5 1 3289 2297 3290
4825 2 2 5 1 4008 3856 4762
4826 2 2 5 1 1475 1476 1477
4827 2 2 5 1 2120 2416 7177
4828 2 2 5 1 5335 5334 5518
4829 2 2 5 1 4947 3699 4948
4830 2 2 5 1 4372 5128 6199
4831 2 2 5 1 2119 2795 2798
4832 2 2 5 1 2086 2087 2119
4833 2 2 5 1 3486 3590 4189
4834 2 2 5 1 4479 5135 7609
4835 2 2 5 1 6490 3742 6491
4836 2 2 5 1 2798 3136 3535
4837 2 2 5 1 6375 2973 6686
4838 2 2 5 1 2672 2674 6466
4839 2 2 5 1 1477 4901 6158
4840 2 2 5 1 3192 2845 3268
4841 2 2 5 1 3012 3698 4193
4842 2 2 5 1 5129 4373 6201
4843 2 2 5 1 4187 4186 4188
4844 2 2 5 1 3610 3611 4036
4845 2 2 5 1 4123 4121 5061
4846 2 2 5 1 2410 2411 2412
4847 2 2 5 1 1677 1914 3269
4848 2 2 5 1 1861 1831 1938
4849 2 2 5 1 389 1348 6707
4850 2 2 5 1 4260 4272 4273
4851 2 2 5 1 4231 4239 4808
4852 2 2 5 1 2412 2411 2830
4853 2 2 5 1 3163 3606 3648
4854 2 2 5 1 3538 2983 6118
4855 2 2 5 1 6216 6217 7982
4856 2 2 5 1 2847 2387 6696
4857 2 2 5 1 4316 4315 5052
4858 2 2 5 1 904 6656 6657
4859 2 2 5 1 2083 2084 2086
4860 2 2 5 1 2543 2545 6544
4861 2 2 5 1 4125 4123 6282
4862 2 2 5 1 2525 2515 7160
4863 2 2 5 1 859 862 922
4864 2 2 5 1 1475 1472 1476
4865 2 2 5 1 1716 3280 6760
4866 2 2 5 1 3892 3894 4410
4867 2 2 5 1 326 742 6543
4868 2 2 5 1 1015 1149 6846
4869 2 2 5 1 1892 5980 5981
4870 2 2 5 1 3293 3292 3295
4871 2 2 5 1 5819 4158 5820
4872 2 2 5 1 6300 3039 6301
4873 2 2 5 1 6471 3783 6550
4874 2 2 5 1 6269 5100 6866
4875 2 2 5 1 3524 3525 3892
4876 2 2 5 1 4232 4836 4837
4877 2 2 5 1 3542 3540 3856
4878 2 2 5 1 3585 3858 4339
4879 2 2 5 1 2274 2275 3020
4880 2 2 5 1 2278 2277 3021
4881 2 2 5 1 699 713 6807
4882 2 2 5 1 2384 2381 6316
4883 2 2 5 1 626 628 2281
4884 2 2 5 1 4119 4117 5038
4885 2 2 5 1 904 6657 6663
4886 2 2 5 1 3160 3161 3967
4887 2 2 5 1 4555 6562 6563
4888 2 2 5 1 800 801 802
4889 2 2 5 1 3576 4110 4111
4890 2 2 5 1 789 788 790
4891 2 2 5 1 4111 5017 6263
4892 2 2 5 1 2693 2701 2702
4893 2 2 5 1 2683 2692 2693
4894 2 2 5 1 4703 4188 4704
4895 2 2 5 1 2860 2843 3160
4896 2 2 5 1 5027 6126 7751
4897 2 2 5 1 802 803 804
4898 2 2 5 1 791 790 792
4899 2 2 5 1 6737 4721 6738
4900 2 2 5 1 3282 3575 3576
4901 2 2 5 1 2071 2261 2262
4902 2 2 5 1 3935 3321 7690
4903 2 2 5 1 4115 4113 4988
4904 2 2 5 1 2676 2682 2683
4905 2 2 5 1 5866 3809 7899
4906 2 2 5 1 2262 2263 2264
4907 2 2 5 1 5101 5099 5102
4908 2 2 5 1 2041 3314 6638
4909 2 2 5 1 4735 4300 4736
4910 2 2 5 1 5047 5048 6018
4911 2 2 5 1 1724 1722 1937
4912 2 2 5 1 4257 3997 4752
4913 2 2 5 1 3280 3281 3282
4914 2 2 5 1 6073 3161 6236
4915 2 2 5 1 904 905 6656
4916 2 2 5 1 3967 3968 5334
4917 2 2 5 1 4240 4236 4812
4918 2 2 5 1 2736 2735 2737
4919 2 2 5 1 3296 3295 3524
4920 2 2 5 1 1726 1724 6277
4921 2 2 5 1 3841 6181 6302
4922 2 2 5 1 5895 5343 5896
4923 2 2 5 1 2224 3284 6443
4924 2 2 5 1 1742 1740 6232
4925 2 2 5 1 804 805 806
4926 2 2 5 1 793 792 794
4927 2 2 5 1 873 876 6762
4928 2 2 5 1 1684 1683 1831
4929 2 2 5 1 2264 2265 2266
4930 2 2 5 1 5349 4704 5741
4931 2 2 5 1 3309 2959 6041
4932 2 2 5 1 4566 6721 6722
4933 2 2 5 1 2410 2308 2411
4934 2 2 5 1 4119 5038 6200
4935 2 2 5 1 713 6748 6807
4936 2 2 5 1 4925 6390 7368
4937 2 2 5 1 806 807 808
4938 2 2 5 1 795 794 796
4939 2 2 5 1 3311 7818 7835
4940 2 2 5 1 2070 2069 2071
4941 2 2 5 1 4115 4988 6204
4942 2 2 5 1 1716 1714 2287
4943 2 2 5 1 797 796 924
4944 2 2 5 1 808 809 923
4945 2 2 5 1 1730 1728 1910
4946 2 2 5 1 1712 1710 1997
4947 2 2 5 1 2237 2236 2238
4948 2 2 5 1 947 924 963
4949 2 2 5 1 923 946 962
4950 2 2 5 1 1270 1269 6695
4951 2 2 5 1 2693 2702 2708
4952 2 2 5 1 2147 1940 2169
4953 2 2 5 1 1010 963 1023
4954 2 2 5 1 962 1008 1021
4955 2 2 5 1 1634 1633 6779
4956 2 2 5 1 6509 6507 6829
4957 2 2 5 1 5105 5103 5106
4958 2 2 5 1 2693 2708 6843
4959 2 2 5 1 3917 5153 5912
4960 2 2 5 1 4178 5220 6152
4961 2 2 5 1 5150 3916 5913
4962 2 2 5 1 1957 6727 7116
4963 2 2 5 1 4189 4190 4191
4964 2 2 5 1 566 814 6414
4965 2 2 5 1 3288 1267 4000
4966 2 2 5 1 3772 3285 3773
4967 2 2 5 1 4315 4312 6216
4968 2 2 5 1 1039 1040 1057
4969 2 2 5 1 459 458 1284
4970 2 2 5 1 1939 1664 1940
4971 2 2 5 1 1700 2308 2410
4972 2 2 5 1 4178 4733 5220
4973 2 2 5 1 3585 4339 6313
4974 2 2 5 1 1454 1453 1455
4975 2 2 5 1 6600 4354 6782
4976 2 2 5 1 2050 1861 6337
4977 2 2 5 1 1080 1082 6434
4978 2 2 5 1 4191 4668 4669
4979 2 2 5 1 5370 5089 5694
4980 2 2 5 1 1042 1041 1059
4981 2 2 5 1 3020 3962 4603
4982 2 2 5 1 1716 2287 3280
4983 2 2 5 1 7091 4865 7323
4984 2 2 5 1 203 204 3558
4985 2 2 5 1 4807 3773 5613
4986 2 2 5 1 2068 2067 2069
4987 2 2 5 1 6583 5466 6584
4988 2 2 5 1 2894 3010 6449
4989 2 2 5 1 3956 3021 4605
4990 2 2 5 1 1497 6147 6148
4991 2 2 5 1 2268 2266 2843
4992 2 2 5 1 1518 1517 6556
4993 2 2 5 1 2540 3230 6586
4994 2 2 5 1 1732 1730 6286
4995 2 2 5 1 4281 4282 4283
4996 2 2 5 1 3547 4178 6152
4997 2 2 5 1 771 799 800
4998 2 2 5 1 2830 3540 3542
4999 2 2 5 1 6223 3969 6224
5000 2 2 5 1 787 769 788
5001 2 2 5 1 410 411 3561
5002 2 2 5 1 4669 5342 5671
5003 2 2 5 1 1419 1422 2989
5004 2 2 5 1 3978 3977 4143
5005 2 2 5 1 1726 6277 6279
5006 2 2 5 1 4863 1660 6314
5007 2 2 5 1 4488 1927 7370
5008 2 2 5 1 6096 6095 6097
5009 2 2 5 1 2551 1825 2552
5010 2 2 5 1 202 203 6467
5011 2 2 5 1 5086 5365 5688
5012 2 2 5 1 2762 2755 2764
5013 2 2 5 1 6479 2307 6480
5014 2 2 5 1 2950 2402 6562
5015 2 2 5 1 5056 2987 6174
5016 2 2 5 1 1269 3316 6695
5017 2 2 5 1 530 387 6708
5018 2 2 5 1 4283 4284 4285
5019 2 2 5 1 1842 2075 6571
5020 2 2 5 1 4244 4245 4725
5021 2 2 5 1 6468 4915 6978
5022 2 2 5 1 5768 5767 7150
5023 2 2 5 1 5149 4484 7626
5024 2 2 5 1 6405 492 6406
5025 2 2 5 1 4753 4752 5405
5026 2 2 5 1 6591 6590 7089
5027 2 2 5 1 1409 1406 2987
5028 2 2 5 1 6525 6526 6527
5029 2 2 5 1 1774 6305 8346
5030 2 2 5 1 836 838 2364
5031 2 2 5 1 5943 5937 5944
5032 2 2 5 1 1683 1678 6380
5033 2 2 5 1 1932 4489 7374
5034 2 2 5 1 4285 4286 5343
5035 2 2 5 1 3846 4593 4594
5036 2 2 5 1 2989 5057 6169
5037 2 2 5 1 1337 1340 6470
5038 2 2 5 1 2703 2761 6471
5039 2 2 5 1 1889 6165 6166
5040 2 2 5 1 6605 6606 6615
5041 2 2 5 1 2081 2082 2083
5042 2 2 5 1 983 4518 6424
5043 2 2 5 1 2978 3595 3596
5044 2 2 5 1 6128 6127 6373
5045 2 2 5 1 3198 1809 7303
5046 2 2 5 1 4633 4632 5098
5047 2 2 5 1 3058 3632 3633
5048 2 2 5 1 4125 6282 6283
5049 2 2 5 1 5241 4253 5415
5050 2 2 5 1 2432 2428 7471
5051 2 2 5 1 3920 4659 4705
5052 2 2 5 1 290 2374 6720
5053 2 2 5 1 2443 985 6846
5054 2 2 5 1 7026 5880 7324
5055 2 2 5 1 1700 1698 2308
5056 2 2 5 1 3592 2975 3593
5057 2 2 5 1 1997 6344 6346
5058 2 2 5 1 6436 4685 6437
5059 2 2 5 1 3707 3598 6473
5060 2 2 5 1 1740 1738 1785
5061 2 2 5 1 4843 3687 5228
5062 2 2 5 1 6681 4889 7665
5063 2 2 5 1 1544 6515 7547
5064 2 2 5 1 2165 2948 6173
5065 2 2 5 1 4893 5089 5370
5066 2 2 5 1 2423 6440 7759
5067 2 2 5 1 1678 1677 6380
5068 2 2 5 1 1033 6442 7782
5069 2 2 5 1 4678 5319 6451
5070 2 2 5 1 4219 4000 5028
5071 2 2 5 1 1510 1508 6713
5072 2 2 5 1 4041 5311 5312
5073 2 2 5 1 4781 5243 5596
5074 2 2 5 1 4298 4300 4735
5075 2 2 5 1 2296 3612 3642
5076 2 2 5 1 3613 2294 3638
5077 2 2 5 1 1039 1024 1040
5078 2 2 5 1 3648 5691 6734
5079 2 2 5 1 5086 4895 5365
5080 2 2 5 1 6865 4908 6873
5081 2 2 5 1 2858 4246 4247
5082 2 2 5 1 1676 1675 1677
5083 2 2 5 1 2545 2894 6544
5084 2 2 5 1 1744 1742 2297
5085 2 2 5 1 4697 4699 6357
5086 2 2 5 1 1677 1675 1914
5087 2 2 5 1 7909 2450 7922
5088 2 2 5 1 3757 4221 5212
5089 2 2 5 1 1694 1692 2009
5090 2 2 5 1 497 5792 9110
5091 2 2 5 1 4259 2683 6843
5092 2 2 5 1 6592 6594 6598
5093 2 2 5 1 2749 2748 2858
5094 2 2 5 1 6618 6617 6619
5095 2 2 5 1 3268 2845 4294
5096 2 2 5 1 686 217 6321
5097 2 2 5 1 2634 2819 2820
5098 2 2 5 1 6748 713 6808
5099 2 2 5 1 2783 3004 3522
5100 2 2 5 1 2535 4025 4960
5101 2 2 5 1 2066 2065 2067
5102 2 2 5 1 4699 5146 5147
5103 2 2 5 1 3279 4067 4068
5104 2 2 5 1 3879 4697 7273
5105 2 2 5 1 1479 1477 6158
5106 2 2 5 1 3625 3056 3626
5107 2 2 5 1 1647 2004 3283
5108 2 2 5 1 2708 3244 6843
5109 2 2 5 1 2863 4034 6109
5110 2 2 5 1 1022 1041 1042
5111 2 2 5 1 6645 6642 6646
5112 2 2 5 1 4699 5147 5148
5113 2 2 5 1 2676 2683 4259
5114 2 2 5 1 2236 2233 6423
5115 2 2 5 1 2817 2646 2818
5116 2 2 5 1 4212 4213 4850
5117 2 2 5 1 3279 4068 4232
5118 2 2 5 1 455 454 6212
5119 2 2 5 1 3738 3736 4912
5120 2 2 5 1 1120 1119 1121
5121 2 2 5 1 4228 4230 5950
5122 2 2 5 1 2285 6241 6489
5123 2 2 5 1 6865 2494 6983
5124 2 2 5 1 3059 3742 6490
5125 2 2 5 1 1331 1302 6369
5126 2 2 5 1 1864 1862 6154
5127 2 2 5 1 4631 4630 4632
5128 2 2 5 1 4246 6213 6896
5129 2 2 5 1 554 556 2409
5130 2 2 5 1 4087 5164 5165
5131 2 2 5 1 1142 1307 6450
5132 2 2 5 1 207 208 2363
5133 2 2 5 1 3676 3682 4244
5134 2 2 5 1 3137 365 6532
5135 2 2 5 1 483 331 6585
5136 2 2 5 1 6727 4903 7116
5137 2 2 5 1 2737 2735 3019
5138 2 2 5 1 2730 2729 4260
5139 2 2 5 1 1577 1654 1655
5140 2 2 5 1 900 6663 7307
5141 2 2 5 1 3520 2923 6831
5142 2 2 5 1 3953 4041 6183
5143 2 2 5 1 2738 2737 2747
5144 2 2 5 1 4105 5122 5685
5145 2 2 5 1 3273 3624 6382
5146 2 2 5 1 3263 4848 7012
5147 2 2 5 1 2783 2418 3004
5148 2 2 5 1 6607 1248 6608
5149 2 2 5 1 4309 5609 5610
5150 2 2 5 1 406 407 2362
5151 2 2 5 1 3814 4105 6378
5152 2 2 5 1 3325 1030 6540
5153 2 2 5 1 3090 3092 6331
5154 2 2 5 1 2368 1194 6793
5155 2 2 5 1 2397 6651 6652
5156 2 2 5 1 794 792 1395
5157 2 2 5 1 4869 7091 7323
5158 2 2 5 1 1580 2557 7250
5159 2 2 5 1 4755 6270 6271
5160 2 2 5 1 4235 4233 5975
5161 2 2 5 1 3283 2004 4694
5162 2 2 5 1 6607 6608 6609
5163 2 2 5 1 804 806 1396
5164 2 2 5 1 1028 3326 6541
5165 2 2 5 1 4242 3751 4243
5166 2 2 5 1 2365 396 6328
5167 2 2 5 1 3595 4304 6176
5168 2 2 5 1 4245 4719 5083
5169 2 2 5 1 1394 1100 3285
5170 2 2 5 1 6506 3093 6507
5171 2 2 5 1 2755 2753 6223
5172 2 2 5 1 4306 3592 6182
5173 2 2 5 1 1467 1466 1468
5174 2 2 5 1 538 382 6560
5175 2 2 5 1 4913 3918 6441
5176 2 2 5 1 4893 3596 5089
5177 2 2 5 1 3092 3299 6331
5178 2 2 5 1 955 6401 6404
5179 2 2 5 1 2371 1941 6572
5180 2 2 5 1 2247 2020 2248
5181 2 2 5 1 3087 2801 6539
5182 2 2 5 1 8875 5214 8877
5183 2 2 5 1 682 2367 6863
5184 2 2 5 1 510 6797 6798
5185 2 2 5 1 5752 5753 6669
5186 2 2 5 1 3042 3044 6319
5187 2 2 5 1 4210 4211 4212
5188 2 2 5 1 3864 4763 4764
5189 2 2 5 1 4683 4685 6436
5190 2 2 5 1 1525 1522 6516
5191 2 2 5 1 3237 2941 3820
5192 2 2 5 1 5987 3285 6787
5193 2 2 5 1 3649 4133 4134
5194 2 2 5 1 5424 4280 6732
5195 2 2 5 1 2021 2249 2250
5196 2 2 5 1 2601 6313 7526
5197 2 2 5 1 5245 5247 5737
5198 2 2 5 1 3593 4895 5086
5199 2 2 5 1 413 414 486
5200 2 2 5 1 200 201 485
5201 2 2 5 1 2753 2751 3969
5202 2 2 5 1 2789 3846 6296
5203 2 2 5 1 5344 5593 5614
5204 2 2 5 1 4131 3644 4132
5205 2 2 5 1 3894 4309 6348
5206 2 2 5 1 5160 4082 5161
5207 2 2 5 1 864 866 2299
5208 2 2 5 1 4055 5466 6583
5209 2 2 5 1 4697 4698 4699
5210 2 2 5 1 3443 3920 6310
5211 2 2 5 1 1740 1785 6232
5212 2 2 5 1 2267 3253 4281
5213 2 2 5 1 3100 3101 4151
5214 2 2 5 1 6426 2394 6432
5215 2 2 5 1 1483 1576 1577
5216 2 2 5 1 5091 5828 5829
5217 2 2 5 1 3676 3677 3682
5218 2 2 5 1 2249 2016 6457
5219 2 2 5 1 3708 4271 4839
5220 2 2 5 1 4260 2729 4272
5221 2 2 5 1 5306 4152 6188
5222 2 2 5 1 2596 3441 7418
5223 2 2 5 1 5486 3638 5487
5224 2 2 5 1 3098 3097 4152
5225 2 2 5 1 771 800 6123
5226 2 2 5 1 1471 1470 1472
5227 2 2 5 1 408 409 496
5228 2 2 5 1 403 404 506
5229 2 2 5 1 205 206 495
5230 2 2 5 1 210 211 505
5231 2 2 5 1 3622 2950 6562
5232 2 2 5 1 6616 5578 8217
5233 2 2 5 1 66 65 481
5234 2 2 5 1 540 455 6212
5235 2 2 5 1 885 888 6398
5236 2 2 5 1 2345 6205 6369
5237 2 2 5 1 4105 4849 5122
5238 2 2 5 1 2015 2247 6460
5239 2 2 5 1 3986 3792 6386
5240 2 2 5 1 1647 1645 2004
5241 2 2 5 1 6393 4249 6396
5242 2 2 5 1 2669 2675 2676
5243 2 2 5 1 2978 2918 3595
5244 2 2 5 1 2901 2918 2978
5245 2 2 5 1 2062 2143 6300
5246 2 2 5 1 6478 6580 6581
5247 2 2 5 1 3833 2340 6588
5248 2 2 5 1 3591 4689 4690
5249 2 2 5 1 510 362 6797
5250 2 2 5 1 1240 2418 2783
5251 2 2 5 1 4915 6468 6859
5252 2 2 5 1 5107 5106 5108
5253 2 2 5 1 3285 1100 6787
5254 2 2 5 1 1082 1100 1394
5255 2 2 5 1 3044 3117 6319
5256 2 2 5 1 4309 5610 6348
5257 2 2 5 1 2512 6865 6873
5258 2 2 5 1 1057 1058 1094
5259 2 2 5 1 3814 4071 4105
5260 2 2 5 1 6184 5312 6185
5261 2 2 5 1 872 873 6762
5262 2 2 5 1 2015 1915 2020
5263 2 2 5 1 1060 1059 1096
5264 2 2 5 1 788 769 6125
5265 2 2 5 1 2890 2873 2975
5266 2 2 5 1 4381 6076 7375
5267 2 2 5 1 1299 1300 6385
5268 2 2 5 1 2890 2975 3592
5269 2 2 5 1 6640 6641 6642
5270 2 2 5 1 1278 1260 7029
5271 2 2 5 1 3273 3623 3624
5272 2 2 5 1 1997 6343 6344
5273 2 2 5 1 5376 4051 6637
5274 2 2 5 1 1752 1750 1780
5275 2 2 5 1 6309 3443 6310
5276 2 2 5 1 1358 1603 6561
5277 2 2 5 1 2720 2718 3185
5278 2 2 5 1 1243 312 6353
5279 2 2 5 1 4577 3986 6386
5280 2 2 5 1 5122 5123 5658
5281 2 2 5 1 5249 5251 5331
5282 2 2 5 1 4268 4247 6392
5283 2 2 5 1 913 915 940
5284 2 2 5 1 1916 2016 2021
5285 2 2 5 1 3427 3425 7024
5286 2 2 5 1 4721 3157 6684
5287 2 2 5 1 2363 208 6245
5288 2 2 5 1 556 558 6408
5289 2 2 5 1 2645 2643 2646
5290 2 2 5 1 2421 6739 6740
5291 2 2 5 1 6759 4347 6928
5292 2 2 5 1 1511 1981 7149
5293 2 2 5 1 4247 4248 4249
5294 2 2 5 1 2742 2740 2757
5295 2 2 5 1 6312 2847 6696
5296 2 2 5 1 2404 1667 6284
5297 2 2 5 1 1552 7284 7855
5298 2 2 5 1 1094 1095 1153
5299 2 2 5 1 855 857 2309
5300 2 2 5 1 6465 4073 7691
5301 2 2 5 1 1611 673 6446
5302 2 2 5 1 3130 6579 7001
5303 2 2 5 1 1097 1096 1155
5304 2 2 5 1 2697 6471 6551
5305 2 2 5 1 1674 1673 1675
5306 2 2 5 1 2845 2036 6193
5307 2 2 5 1 1481 1482 1483
5308 2 2 5 1 3239 3258 3259
5309 2 2 5 1 438 437 1391
5310 2 2 5 1 5090 4172 5091
5311 2 2 5 1 908 2534 6656
5312 2 2 5 1 4208 4209 4210
5313 2 2 5 1 6656 2534 6658
5314 2 2 5 1 3588 6465 6514
5315 2 2 5 1 1153 1154 1185
5316 2 2 5 1 2333 2335 6709
5317 2 2 5 1 2049 1819 6417
5318 2 2 5 1 3174 2248 3175
5319 2 2 5 1 5893 2958 7911
5320 2 2 5 1 3180 2125 6387
5321 2 2 5 1 3845 4415 4922
5322 2 2 5 1 3927 3248 3928
5323 2 2 5 1 1456 1455 1457
5324 2 2 5 1 3099 3193 4018
5325 2 2 5 1 2250 3176 3177
5326 2 2 5 1 2631 2633 2634
5327 2 2 5 1 2829 3057 3058
5328 2 2 5 1 4344 1838 6712
5329 2 2 5 1 1127 6450 6625
5330 2 2 5 1 3818 3259 4172
5331 2 2 5 1 3685 3180 3687
5332 2 2 5 1 6569 3594 6570
5333 2 2 5 1 3564 4715 5047
5334 2 2 5 1 4106 6074 6577
5335 2 2 5 1 1007 6718 6861
5336 2 2 5 1 1021 6541 6648
5337 2 2 5 1 524 2113 6534
5338 2 2 5 1 1059 2304 6555
5339 2 2 5 1 3246 3929 3930
5340 2 2 5 1 2318 1207 3815
5341 2 2 5 1 5257 5260 5332
5342 2 2 5 1 1209 2317 3810
5343 2 2 5 1 1168 1137 6628
5344 2 2 5 1 6393 6396 6397
5345 2 2 5 1 2143 3039 6300
5346 2 2 5 1 947 963 1010
5347 2 2 5 1 962 946 1008
5348 2 2 5 1 7260 2326 7312
5349 2 2 5 1 4555 3622 6562
5350 2 2 5 1 2767 2789 6296
5351 2 2 5 1 797 924 947
5352 2 2 5 1 923 809 946
5353 2 2 5 1 4859 3271 6382
5354 2 2 5 1 915 917 6288
5355 2 2 5 1 3552 3062 6498
5356 2 2 5 1 795 796 797
5357 2 2 5 1 808 807 809
5358 2 2 5 1 1452 1450 1453
5359 2 2 5 1 7102 1312 7461
5360 2 2 5 1 917 919 2313
5361 2 2 5 1 2046 1980 6552
5362 2 2 5 1 793 794 795
5363 2 2 5 1 806 805 807
5364 2 2 5 1 2079 2080 2081
5365 2 2 5 1 4249 4248 4250
5366 2 2 5 1 791 792 793
5367 2 2 5 1 804 803 805
5368 2 2 5 1 2746 2744 2748
5369 2 2 5 1 1241 602 6776
5370 2 2 5 1 4618 3600 4619
5371 2 2 5 1 3289 3290 3291
5372 2 2 5 1 2734 2732 2735
5373 2 2 5 1 1023 963 1024
5374 2 2 5 1 1744 2297 3289
5375 2 2 5 1 1832 1861 1862
5376 2 2 5 1 924 796 4266
5377 2 2 5 1 2352 2350 6538
5378 2 2 5 1 4352 2608 6603
5379 2 2 5 1 6517 6556 6958
5380 2 2 5 1 3783 2992 5838
5381 2 2 5 1 919 926 6299
5382 2 2 5 1 4965 4966 6339
5383 2 2 5 1 5327 5326 5328
5384 2 2 5 1 842 844 6479
5385 2 2 5 1 3238 2800 3239
5386 2 2 5 1 808 923 4267
5387 2 2 5 1 1765 1762 6410
5388 2 2 5 1 5232 4839 5575
5389 2 2 5 1 1156 1155 1187
5390 2 2 5 1 962 1021 1022
5391 2 2 5 1 3055 2832 3056
5392 2 2 5 1 6306 3400 6307
5393 2 2 5 1 3971 3710 6495
5394 2 2 5 1 6580 4081 6581
5395 2 2 5 1 1600 1350 6630
5396 2 2 5 1 4247 4246 4248
5397 2 2 5 1 1768 1765 2065
5398 2 2 5 1 2125 2070 6389
5399 2 2 5 1 1202 2273 2274
5400 2 2 5 1 6616 6617 6618
5401 2 2 5 1 2276 1201 2277
5402 2 2 5 1 3093 6506 6755
5403 2 2 5 1 3291 3292 3293
5404 2 2 5 1 526 393 6633
5405 2 2 5 1 6657 6658 6659
5406 2 2 5 1 397 398 687
5407 2 2 5 1 216 217 686
5408 2 2 5 1 6512 6510 6513
5409 2 2 5 1 3308 2305 4785
5410 2 2 5 1 6226 3969 6395
5411 2 2 5 1 3040 3042 3096
5412 2 2 5 1 4628 4631 6274
5413 2 2 5 1 5335 5518 6207
5414 2 2 5 1 2724 2722 2729
5415 2 2 5 1 4206 4207 4208
5416 2 2 5 1 4334 4337 6502
5417 2 2 5 1 1750 1748 6383
5418 2 2 5 1 1078 1080 2298
5419 2 2 5 1 3857 3815 4909
5420 2 2 5 1 2060 2062 4561
5421 2 2 5 1 2143 2834 3039
5422 2 2 5 1 959 995 2064
5423 2 2 5 1 3388 6584 7097
5424 2 2 5 1 3677 3679 6528
5425 2 2 5 1 2139 2138 2199
5426 2 2 5 1 2136 2137 2197
5427 2 2 5 1 5895 5896 5897
5428 2 2 5 1 6401 6403 6404
5429 2 2 5 1 2298 1080 6434
5430 2 2 5 1 4066 4200 6482
5431 2 2 5 1 3810 3852 4900
5432 2 2 5 1 4960 4025 4961
5433 2 2 5 1 2077 2078 2079
5434 2 2 5 1 926 953 987
5435 2 2 5 1 2762 2764 3099
5436 2 2 5 1 3885 6036 6037
5437 2 2 5 1 213 214 1225
5438 2 2 5 1 1597 3616 7030
5439 2 2 5 1 7885 5933 7898
5440 2 2 5 1 3193 2764 4241
5441 2 2 5 1 5782 2299 8223
5442 2 2 5 1 1458 1457 1459
5443 2 2 5 1 3967 5334 5335
5444 2 2 5 1 1185 1186 1207
5445 2 2 5 1 636 634 637
5446 2 2 5 1 244 2397 6377
5447 2 2 5 1 2326 2327 2328
5448 2 2 5 1 844 846 2307
5449 2 2 5 1 4186 3318 7178
5450 2 2 5 1 3044 3090 3117
5451 2 2 5 1 955 959 6401
5452 2 2 5 1 1901 1902 1903
5453 2 2 5 1 1892 1891 1893
5454 2 2 5 1 4238 4576 5863
5455 2 2 5 1 727 4522 6549
5456 2 2 5 1 1188 1187 1209
5457 2 2 5 1 3892 3525 3894
5458 2 2 5 1 3572 3749 3904
5459 2 2 5 1 3073 3844 4238
5460 2 2 5 1 1128 1049 6670
5461 2 2 5 1 636 637 638
5462 2 2 5 1 4001 6592 6599
5463 2 2 5 1 3160 2843 3161
5464 2 2 5 1 550 613 614
5465 2 2 5 1 573 548 574
5466 2 2 5 1 3866 3451 4311
5467 2 2 5 1 3524 3295 3525
5468 2 2 5 1 2865 3163 6734
5469 2 2 5 1 1660 1657 6314
5470 2 2 5 1 5228 3687 5267
5471 2 2 5 1 594 595 596
5472 2 2 5 1 1708 1705 6419
5473 2 2 5 1 814 2289 6414
5474 2 2 5 1 2926 3275 3279
5475 2 2 5 1 6672 3512 6907
5476 2 2 5 1 3092 3298 3299
5477 2 2 5 1 2233 2231 6423
5478 2 2 5 1 880 881 1682
5479 2 2 5 1 2955 5894 7914
5480 2 2 5 1 3846 3847 4593
5481 2 2 5 1 6773 6774 6775
5482 2 2 5 1 2071 2069 2261
5483 2 2 5 1 2674 2679 6466
5484 2 2 5 1 2844 2036 2845
5485 2 2 5 1 2633 2629 6142
5486 2 2 5 1 1057 1040 1058
5487 2 2 5 1 3816 4911 6639
5488 2 2 5 1 4886 6820 6821
5489 2 2 5 1 4829 5629 7641
5490 2 2 5 1 3671 3171 6830
5491 2 2 5 1 2799 2072 2800
5492 2 2 5 1 1114 1113 1115
5493 2 2 5 1 2336 2334 7058
5494 2 2 5 1 4755 4296 6270
5495 2 2 5 1 4250 4296 4755
5496 2 2 5 1 3293 3295 3296
5497 2 2 5 1 4200 4202 6481
5498 2 2 5 1 6547 1638 6779
5499 2 2 5 1 1460 1459 1461
5500 2 2 5 1 2262 2261 2263
5501 2 2 5 1 3823 3821 3824
5502 2 2 5 1 638 639 640
5503 2 2 5 1 4920 6672 6907
5504 2 2 5 1 3563 4227 7015
5505 2 2 5 1 638 637 639
5506 2 2 5 1 1667 1663 6284
5507 2 2 5 1 997 3336 6671
5508 2 2 5 1 4271 3187 6302
5509 2 2 5 1 3300 3302 3305
5510 2 2 5 1 1042 1059 1060
5511 2 2 5 1 2858 2748 4246
5512 2 2 5 1 400 401 1228
5513 2 2 5 1 596 595 597
5514 2 2 5 1 1738 1736 6363
5515 2 2 5 1 2324 2325 2326
5516 2 2 5 1 2328 2329 2993
5517 2 2 5 1 2396 241 6384
5518 2 2 5 1 640 639 641
5519 2 2 5 1 6829 3011 6837
5520 2 2 5 1 1838 1515 6712
5521 2 2 5 1 3384 6583 6791
5522 2 2 5 1 3304 3675 3676
5523 2 2 5 1 3271 3273 6382
5524 2 2 5 1 2254 2256 6686
5525 2 2 5 1 2860 3160 3162
5526 2 2 5 1 2264 2263 2265
5527 2 2 5 1 5630 4831 7652
5528 2 2 5 1 2017 1866 6566
5529 2 2 5 1 4285 5343 5895
5530 2 2 5 1 626 627 628
5531 2 2 5 1 587 586 588
5532 2 2 5 1 596 597 599
5533 2 2 5 1 4339 3858 4776
5534 2 2 5 1 399 400 6565
5535 2 2 5 1 789 790 791
5536 2 2 5 1 802 801 803
5537 2 2 5 1 4892 3596 4893
5538 2 2 5 1 292 492 6405
5539 2 2 5 1 2830 3274 3540
5540 2 2 5 1 5109 5108 5110
5541 2 2 5 1 1603 2315 6561
5542 2 2 5 1 3593 4894 4895
5543 2 2 5 1 599 597 600
5544 2 2 5 1 7290 1599 7525
5545 2 2 5 1 599 600 601
5546 2 2 5 1 7668 4551 7956
5547 2 2 5 1 2157 2305 3308
5548 2 2 5 1 4314 4312 4315
5549 2 2 5 1 3188 3187 3708
5550 2 2 5 1 5251 5253 6391
5551 2 2 5 1 5334 3968 5336
5552 2 2 5 1 3967 3161 3968
5553 2 2 5 1 4584 4582 6341
5554 2 2 5 1 1569 4324 4325
5555 2 2 5 1 640 641 642
5556 2 2 5 1 5633 4587 6830
5557 2 2 5 1 1542 2303 2324
5558 2 2 5 1 3222 3581 3649
5559 2 2 5 1 4901 1476 5999
5560 2 2 5 1 722 2535 6676
5561 2 2 5 1 3841 3842 4608
5562 2 2 5 1 2517 2522 2523
5563 2 2 5 1 1845 1782 7237
5564 2 2 5 1 2649 3166 3485
5565 2 2 5 1 2067 2065 4274
5566 2 2 5 1 1722 1720 6335
5567 2 2 5 1 1638 1634 6779
5568 2 2 5 1 3524 3892 3893
5569 2 2 5 1 1142 1162 1307
5570 2 2 5 1 3141 2728 3142
5571 2 2 5 1 4817 3928 5352
5572 2 2 5 1 6224 3969 6226
5573 2 2 5 1 4204 4205 4206
5574 2 2 5 1 5343 4286 5344
5575 2 2 5 1 6484 2414 6485
5576 2 2 5 1 6965 6867 7133
5577 2 2 5 1 3004 4261 4262
5578 2 2 5 1 642 641 643
5579 2 2 5 1 3580 3216 3644
5580 2 2 5 1 4523 725 6554
5581 2 2 5 1 3930 4819 5354
5582 2 2 5 1 2523 2981 3200
5583 2 2 5 1 910 913 6317
5584 2 2 5 1 2266 2265 2267
5585 2 2 5 1 953 983 6424
5586 2 2 5 1 2071 2262 2779
5587 2 2 5 1 3166 3700 6885
5588 2 2 5 1 492 293 6621
5589 2 2 5 1 4283 4282 4284
5590 2 2 5 1 2684 2694 3805
5591 2 2 5 1 1094 1058 1095
5592 2 2 5 1 6118 3864 7520
5593 2 2 5 1 601 602 603
5594 2 2 5 1 6387 2125 6389
5595 2 2 5 1 2264 2266 2268
5596 2 2 5 1 601 600 602
5597 2 2 5 1 1301 1335 2345
5598 2 2 5 1 2068 2069 2070
5599 2 2 5 1 2679 2684 6447
5600 2 2 5 1 4285 4284 4286
5601 2 2 5 1 4880 5598 5802
5602 2 2 5 1 602 600 6776
5603 2 2 5 1 1060 1096 1097
5604 2 2 5 1 4519 4521 7878
5605 2 2 5 1 1691 1690 1692
5606 2 2 5 1 2268 2843 2860
5607 2 2 5 1 2867 3594 6569
5608 2 2 5 1 844 2307 6479
5609 2 2 5 1 3679 3681 3814
5610 2 2 5 1 2753 3969 6223
5611 2 2 5 1 2679 6447 6466
5612 2 2 5 1 3261 3263 7012
5613 2 2 5 1 3263 3264 3265
5614 2 2 5 1 868 871 872
5615 2 2 5 1 1153 1095 1154
5616 2 2 5 1 4321 2368 6793
5617 2 2 5 1 908 910 2534
5618 2 2 5 1 2075 2076 2077
5619 2 2 5 1 5360 4584 6341
5620 2 2 5 1 840 842 951
5621 2 2 5 1 3292 3290 3294
5622 2 2 5 1 1699 1698 1700
5623 2 2 5 1 2160 2158 2161
5624 2 2 5 1 1094 1169 6557
5625 2 2 5 1 2808 2030 6716
5626 2 2 5 1 1125 1127 6625
5627 2 2 5 1 4281 3253 4282
5628 2 2 5 1 6858 6464 6870
5629 2 2 5 1 3422 5734 5735
5630 2 2 5 1 3984 3520 6831
5631 2 2 5 1 3201 3200 3629
5632 2 2 5 1 3153 2323 3317
5633 2 2 5 1 4730 3953 6183
5634 2 2 5 1 1831 1683 6275
5635 2 2 5 1 603 602 604
5636 2 2 5 1 1886 1866 2017
5637 2 2 5 1 5268 296 6409
5638 2 2 5 1 2315 2316 2649
5639 2 2 5 1 2761 2991 2992
5640 2 2 5 1 648 774 6785
5641 2 2 5 1 3067 3598 3707
5642 2 2 5 1 6638 4891 6664
5643 2 2 5 1 3486 4189 7199
5644 2 2 5 1 5544 5543 5545
5645 2 2 5 1 3708 5232 6542
5646 2 2 5 1 3149 2238 6961
5647 2 2 5 1 3547 4177 4178
5648 2 2 5 1 1710 1708 6343
5649 2 2 5 1 8265 5620 8286
5650 2 2 5 1 6880 6675 7139
5651 2 2 5 1 4061 3615 4925
5652 2 2 5 1 4347 6671 7135
5653 2 2 5 1 4608 4609 5597
5654 2 2 5 1 6363 1736 7674
5655 2 2 5 1 6447 6448 6558
5656 2 2 5 1 1260 4362 7029
5657 2 2 5 1 2722 2720 6214
5658 2 2 5 1 2066 2067 2068
5659 2 2 5 1 1646 1645 1647
5660 2 2 5 1 1855 2010 7103
5661 2 2 5 1 6607 6609 6610
5662 2 2 5 1 6002 6001 6003
5663 2 2 5 1 5943 5944 5946
5664 2 2 5 1 3736 3307 6287
5665 2 2 5 1 4544 3804 6535
5666 2 2 5 1 3335 3696 6756
5667 2 2 5 1 2441 2440 3059
5668 2 2 5 1 1433 4347 6759
5669 2 2 5 1 1348 390 6706
5670 2 2 5 1 493 316 6605
5671 2 2 5 1 5744 5116 5745
5672 2 2 5 1 1680 1678 1683
5673 2 2 5 1 2818 3055 6049
5674 2 2 5 1 3629 4072 4828
5675 2 2 5 1 2210 2208 6880
5676 2 2 5 1 4202 4203 4204
5677 2 2 5 1 3594 3066 3703
5678 2 2 5 1 1780 1750 6383
5679 2 2 5 1 6417 1817 6567
5680 2 2 5 1 888 889 1267
5681 2 2 5 1 4350 7715 7755
5682 2 2 5 1 2709 2702 2857
5683 2 2 5 1 727 748 4522
5684 2 2 5 1 2288 4369 6698
5685 2 2 5 1 6828 6858 6870
5686 2 2 5 1 2323 2321 7178
5687 2 2 5 1 1693 1692 1694
5688 2 2 5 1 1621 1620 1645
5689 2 2 5 1 6621 294 6622
5690 2 2 5 1 6769 3106 6842
5691 2 2 5 1 2322 2321 2323
5692 2 2 5 1 5091 4172 5828
5693 2 2 5 1 2345 2346 2347
5694 2 2 5 1 2439 2438 2440
5695 2 2 5 1 3792 3622 4555
5696 2 2 5 1 308 309 494
5697 2 2 5 1 311 312 1243
5698 2 2 5 1 313 314 2373
5699 2 2 5 1 315 316 493
5700 2 2 5 1 1569 1564 4324
5701 2 2 5 1 2224 2049 3284
5702 2 2 5 1 1097 1155 1156
5703 2 2 5 1 3998 3999 5124
5704 2 2 5 1 2417 6728 6729
5705 2 2 5 1 6605 317 6606
5706 2 2 5 1 292 293 492
5707 2 2 5 1 4679 4678 6451
5708 2 2 5 1 4839 4271 5590
5709 2 2 5 1 3240 3059 6490
5710 2 2 5 1 2787 1813 6573
5711 2 2 5 1 3810 2317 3852
5712 2 2 5 1 2994 2993 3187
5713 2 2 5 1 6368 1553 6900
5714 2 2 5 1 4095 5156 5378
5715 2 2 5 1 2018 2017 2098
5716 2 2 5 1 628 629 630
5717 2 2 5 1 589 588 590
5718 2 2 5 1 3165 219 6324
5719 2 2 5 1 5198 6757 6758
5720 2 2 5 1 2863 2864 2865
5721 2 2 5 1 3269 3271 4859
5722 2 2 5 1 3821 3820 6251
5723 2 2 5 1 3708 3187 4271
5724 2 2 5 1 2318 3815 3857
5725 2 2 5 1 3051 708 6679
5726 2 2 5 1 1917 2148 2149
5727 2 2 5 1 1294 1558 7310
5728 2 2 5 1 1334 1299 2376
5729 2 2 5 1 3085 4479 7245
5730 2 2 5 1 1817 1815 6567
5731 2 2 5 1 5331 5251 6391
5732 2 2 5 1 2917 2954 3222
5733 2 2 5 1 5199 3891 6303
5734 2 2 5 1 2161 2158 6454
5735 2 2 5 1 4200 4201 4202
5736 2 2 5 1 2321 1600 6630
5737 2 2 5 1 1523 7612 7851
5738 2 2 5 1 4280 4896 6732
5739 2 2 5 1 2952 2889 3216
5740 2 2 5 1 3144 2224 6443
5741 2 2 5 1 4774 3606 6167
5742 2 2 5 1 1541 1540 1542
5743 2 2 5 1 1240 1108 2418
5744 2 2 5 1 2397 245 6651
5745 2 2 5 1 2995 2997 3841
5746 2 2 5 1 4328 4144 5075
5747 2 2 5 1 72 71 2033
5748 2 2 5 1 1066 1065 1139
5749 2 2 5 1 378 2394 6426
5750 2 2 5 1 5111 5110 5112
5751 2 2 5 1 2720 3185 6214
5752 2 2 5 1 1705 1704 6419
5753 2 2 5 1 1213 1214 1215
5754 2 2 5 1 4061 4925 4926
5755 2 2 5 1 2347 2348 2349
5756 2 2 5 1 746 725 4523
5757 2 2 5 1 6697 3332 6964
5758 2 2 5 1 6081 6880 7139
5759 2 2 5 1 2261 2069 7004
5760 2 2 5 1 603 604 605
5761 2 2 5 1 218 219 3165
5762 2 2 5 1 395 396 2365
5763 2 2 5 1 1185 1154 1186
5764 2 2 5 1 4732 4731 5564
5765 2 2 5 1 4631 6268 6274
5766 2 2 5 1 1209 1187 2317
5767 2 2 5 1 1768 2065 2066
5768 2 2 5 1 1813 1811 6573
5769 2 2 5 1 392 393 526
5770 2 2 5 1 221 222 525
5771 2 2 5 1 2444 2980 7167
5772 2 2 5 1 1155 1096 1170
5773 2 2 5 1 850 852 942
5774 2 2 5 1 2326 2325 2327
5775 2 2 5 1 4112 4111 4113
5776 2 2 5 1 5401 6717 7491
5777 2 2 5 1 5433 5434 5650
5778 2 2 5 1 5109 5111 6568
5779 2 2 5 1 2037 1911 2072
5780 2 2 5 1 3685 3687 4843
5781 2 2 5 1 2345 1335 2346
5782 2 2 5 1 509 6427 6428
5783 2 2 5 1 1094 1153 1169
5784 2 2 5 1 5494 5493 5868
5785 2 2 5 1 4153 3538 4253
5786 2 2 5 1 5285 5286 5287
5787 2 2 5 1 4108 5326 5327
5788 2 2 5 1 3232 3845 6334
5789 2 2 5 1 642 643 644
5790 2 2 5 1 4926 4925 6143
5791 2 2 5 1 1185 1207 2318
5792 2 2 5 1 2858 4247 4268
5793 2 2 5 1 4443 4602 4965
5794 2 2 5 1 1711 1710 1712
5795 2 2 5 1 632 634 636
5796 2 2 5 1 2158 2157 6454
5797 2 2 5 1 5280 5279 5281
5798 2 2 5 1 2357 2895 3067
5799 2 2 5 1 2377 2376 2378
5800 2 2 5 1 2349 2348 2350
5801 2 2 5 1 1019 979 6623
5802 2 2 5 1 4304 5270 6176
5803 2 2 5 1 5269 4306 6182
5804 2 2 5 1 1226 1493 7196
5805 2 2 5 1 1208 1212 1213
5806 2 2 5 1 1542 1540 2303
5807 2 2 5 1 6370 5233 6371
5808 2 2 5 1 3259 3258 4225
5809 2 2 5 1 6794 3137 6795
5810 2 2 5 1 2924 3886 7164
5811 2 2 5 1 2208 2093 6675
5812 2 2 5 1 5610 5609 5611
5813 2 2 5 1 2746 2748 2749
5814 2 2 5 1 3148 3142 3504
5815 2 2 5 1 2342 3220 6588
5816 2 2 5 1 3308 4785 4786
5817 2 2 5 1 3879 4696 4697
5818 2 2 5 1 2067 4274 7004
5819 2 2 5 1 4087 5165 6674
5820 2 2 5 1 2718 2700 6753
5821 2 2 5 1 6487 6486 8236
5822 2 2 5 1 1709 1708 1710
5823 2 2 5 1 4268 6392 6394
5824 2 2 5 1 1744 3289 6988
5825 2 2 5 1 4372 4657 5128
5826 2 2 5 1 6515 6516 6518
5827 2 2 5 1 3599 4187 6032
5828 2 2 5 1 3853 3087 3854
5829 2 2 5 1 6592 6598 6599
5830 2 2 5 1 2379 2378 2380
5831 2 2 5 1 3650 4879 4880
5832 2 2 5 1 305 306 1246
5833 2 2 5 1 2349 2350 2352
5834 2 2 5 1 224 225 1245
5835 2 2 5 1 1966 2145 6714
5836 2 2 5 1 558 560 1397
5837 2 2 5 1 2609 4351 6781
5838 2 2 5 1 3067 2895 3598
5839 2 2 5 1 980 979 1019
5840 2 2 5 1 4118 4117 4119
5841 2 2 5 1 2761 2992 3783
5842 2 2 5 1 3841 4608 6181
5843 2 2 5 1 1530 1527 1544
5844 2 2 5 1 4599 5154 8905
5845 2 2 5 1 594 592 595
5846 2 2 5 1 297 298 499
5847 2 2 5 1 1020 1019 1065
5848 2 2 5 1 4652 4373 5129
5849 2 2 5 1 4369 4443 6553
5850 2 2 5 1 6222 4547 7714
5851 2 2 5 1 4269 1331 6369
5852 2 2 5 1 6427 6426 6432
5853 2 2 5 1 2315 2649 7199
5854 2 2 5 1 371 372 497
5855 2 2 5 1 376 377 509
5856 2 2 5 1 1785 1738 6363
5857 2 2 5 1 2437 1838 2438
5858 2 2 5 1 3953 3504 4041
5859 2 2 5 1 4116 4115 4117
5860 2 2 5 1 2867 2389 3066
5861 2 2 5 1 1156 1187 1188
5862 2 2 5 1 6160 4218 7503
5863 2 2 5 1 6885 3700 6886
5864 2 2 5 1 3661 3660 4376
5865 2 2 5 1 2056 2842 6783
5866 2 2 5 1 5322 4683 6436
5867 2 2 5 1 4828 4072 5277
5868 2 2 5 1 242 243 498
5869 2 2 5 1 4114 4113 4115
5870 2 2 5 1 244 245 2397
5871 2 2 5 1 2849 3048 6869
5872 2 2 5 1 247 248 491
5873 2 2 5 1 1220 1219 1221
5874 2 2 5 1 2367 4329 6863
5875 2 2 5 1 1713 1712 1714
5876 2 2 5 1 1715 1714 1716
5877 2 2 5 1 7124 4637 7220
5878 2 2 5 1 394 395 6632
5879 2 2 5 1 2338 3833 6709
5880 2 2 5 1 6657 6659 6662
5881 2 2 5 1 1342 4269 4270
5882 2 2 5 1 3239 2800 3258
5883 2 2 5 1 873 875 876
5884 2 2 5 1 2379 2380 2381
5885 2 2 5 1 5794 5119 5795
5886 2 2 5 1 630 631 632
5887 2 2 5 1 591 590 592
5888 2 2 5 1 4296 4297 4298
5889 2 2 5 1 4521 4554 6187
5890 2 2 5 1 905 908 6656
5891 2 2 5 1 2523 2522 2981
5892 2 2 5 1 5985 3034 7866
5893 2 2 5 1 6017 4959 7539
5894 2 2 5 1 3302 3304 6742
5895 2 2 5 1 2676 2675 2682
5896 2 2 5 1 605 604 606
5897 2 2 5 1 1725 1724 1726
5898 2 2 5 1 3079 1919 7512
5899 2 2 5 1 1207 1186 1208
5900 2 2 5 1 1723 1722 1724
5901 2 2 5 1 2324 2303 2325
5902 2 2 5 1 6773 3023 6774
5903 2 2 5 1 1565 1564 1569
5904 2 2 5 1 4060 3615 4061
5905 2 2 5 1 2347 2346 2348
5906 2 2 5 1 310 311 6604
5907 2 2 5 1 2683 2682 2692
5908 2 2 5 1 3314 3315 3816
5909 2 2 5 1 2302 1469 3257
5910 2 2 5 1 4120 4119 4121
5911 2 2 5 1 3816 3843 4911
5912 2 2 5 1 4683 3707 4685
5913 2 2 5 1 3988 3986 4577
5914 2 2 5 1 2867 3066 3594
5915 2 2 5 1 299 300 2392
5916 2 2 5 1 4073 4873 6189
5917 2 2 5 1 3525 3295 7025
5918 2 2 5 1 366 367 488
5919 2 2 5 1 7011 3996 7235
5920 2 2 5 1 3816 3315 3843
5921 2 2 5 1 4270 4881 6124
5922 2 2 5 1 227 228 529
5923 2 2 5 1 2350 2353 6538
5924 2 2 5 1 5752 5750 5753
5925 2 2 5 1 2334 4391 7058
5926 2 2 5 1 3656 3655 3657
5927 2 2 5 1 3161 2843 6236
5928 2 2 5 1 2842 4333 6783
5929 2 2 5 1 2098 2017 7355
5930 2 2 5 1 1727 1726 1728
5931 2 2 5 1 2693 2692 2701
5932 2 2 5 1 317 318 6606
5933 2 2 5 1 2381 2380 2383
5934 2 2 5 1 2436 6724 6725
5935 2 2 5 1 6517 1521 6556
5936 2 2 5 1 4443 4965 6553
5937 2 2 5 1 1721 1720 1722
5938 2 2 5 1 6619 6617 6620
5939 2 2 5 1 1543 1542 6358
5940 2 2 5 1 2611 2609 6781
5941 2 2 5 1 3239 3259 3818
5942 2 2 5 1 3535 3564 6177
5943 2 2 5 1 376 509 6429
5944 2 2 5 1 800 2285 6123
5945 2 2 5 1 1240 4866 6533
5946 2 2 5 1 2544 1786 6736
5947 2 2 5 1 2734 2735 2736
5948 2 2 5 1 3289 4876 6988
5949 2 2 5 1 2766 3063 6741
5950 2 2 5 1 4836 4068 5025
5951 2 2 5 1 5091 5829 5830
5952 2 2 5 1 2789 3118 3846
5953 2 2 5 1 2103 2102 6682
5954 2 2 5 1 877 879 880
5955 2 2 5 1 5973 5974 7831
5956 2 2 5 1 5932 4837 5933
5957 2 2 5 1 800 799 801
5958 2 2 5 1 3629 3200 4072
5959 2 2 5 1 1334 2376 2377
5960 2 2 5 1 787 788 789
5961 2 2 5 1 4110 5233 6370
5962 2 2 5 1 6718 3940 6719
5963 2 2 5 1 562 4278 6655
5964 2 2 5 1 508 514 1613
5965 2 2 5 1 3744 2261 7004
5966 2 2 5 1 4298 4299 4300
5967 2 2 5 1 4484 3080 7263
5968 2 2 5 1 1074 1135 1263
5969 2 2 5 1 1218 1210 1219
5970 2 2 5 1 3703 4678 4679
5971 2 2 5 1 2377 2378 2379
5972 2 2 5 1 4036 4037 4192
5973 2 2 5 1 1085 1084 6692
5974 2 2 5 1 644 643 645
5975 2 2 5 1 3013 3506 7074
5976 2 2 5 1 3556 2849 6869
5977 2 2 5 1 5113 5117 6472
5978 2 2 5 1 2744 2742 6213
5979 2 2 5 1 2519 2512 6873
5980 2 2 5 1 5359 4584 5360
5981 2 2 5 1 3314 2219 3315
5982 2 2 5 1 2824 2812 6998
5983 2 2 5 1 1729 1728 1730
5984 2 2 5 1 1521 1518 6556
5985 2 2 5 1 605 606 607
5986 2 2 5 1 6279 6277 7410
5987 2 2 5 1 3588 3950 4073
5988 2 2 5 1 2328 2327 2329
5989 2 2 5 1 996 997 6671
5990 2 2 5 1 632 633 634
5991 2 2 5 1 593 592 594
5992 2 2 5 1 2779 2262 7023
5993 2 2 5 1 226 227 6668
5994 2 2 5 1 2284 788 6125
5995 2 2 5 1 3818 4172 5090
5996 2 2 5 1 328 2414 6484
5997 2 2 5 1 644 646 6754
5998 2 2 5 1 3115 3924 4372
5999 2 2 5 1 1943 1837 2000
6000 2 2 5 1 240 241 2396
6001 2 2 5 1 3565 3088 3804
6002 2 2 5 1 6515 1525 6516
6003 2 2 5 1 2742 2757 6213
6004 2 2 5 1 2270 1904 5983
6005 2 2 5 1 5974 7361 7831
6006 2 2 5 1 2697 2703 6471
6007 2 2 5 1 2387 2391 6696
6008 2 2 5 1 6482 6481 7596
6009 2 2 5 1 3921 3113 4373
6010 2 2 5 1 6306 6307 6308
6011 2 2 5 1 2391 3565 6696
6012 2 2 5 1 294 295 6622
6013 2 2 5 1 3288 4219 4872
6014 2 2 5 1 302 303 490
6015 2 2 5 1 3658 3657 3660
6016 2 2 5 1 4122 4121 4123
6017 2 2 5 1 6856 2622 7120
6018 2 2 5 1 1849 1653 6728
6019 2 2 5 1 366 488 6532
6020 2 2 5 1 5751 5750 5752
6021 2 2 5 1 2356 2352 2851
6022 2 2 5 1 287 288 500
6023 2 2 5 1 2441 3059 3240
6024 2 2 5 1 6574 2366 6575
6025 2 2 5 1 7865 5058 8023
6026 2 2 5 1 3217 4084 4354
6027 2 2 5 1 4255 3707 4683
6028 2 2 5 1 2703 2760 2761
6029 2 2 5 1 1222 1221 1301
6030 2 2 5 1 4051 4049 6637
6031 2 2 5 1 2500 2521 6666
6032 2 2 5 1 229 230 2400
6033 2 2 5 1 4694 5382 5532
6034 2 2 5 1 6294 4702 6295
6035 2 2 5 1 6814 6812 6815
6036 2 2 5 1 3402 3407 6876
6037 2 2 5 1 6500 6499 6501
6038 2 2 5 1 2014 1883 6711
6039 2 2 5 1 3630 3629 6525
6040 2 2 5 1 1938 1831 6275
6041 2 2 5 1 3836 4532 4914
6042 2 2 5 1 1731 1730 1732
6043 2 2 5 1 6659 6658 6660
6044 2 2 5 1 2973 2254 6686
6045 2 2 5 1 614 615 616
6046 2 2 5 1 575 574 576
6047 2 2 5 1 1952 6168 6727
6048 2 2 5 1 2564 2767 7044
6049 2 2 5 1 318 319 1248
6050 2 2 5 1 6684 4728 6685
6051 2 2 5 1 2264 2268 7023
6052 2 2 5 1 2041 2219 3314
6053 2 2 5 1 2780 3997 4257
6054 2 2 5 1 2608 2223 6603
6055 2 2 5 1 2165 2947 2948
6056 2 2 5 1 2135 2215 3100
6057 2 2 5 1 4831 3785 4832
6058 2 2 5 1 3703 4256 4678
6059 2 2 5 1 1394 3772 4816
6060 2 2 5 1 1215 1216 1299
6061 2 2 5 1 2383 2387 2847
6062 2 2 5 1 1840 2060 6826
6063 2 2 5 1 3750 3535 6177
6064 2 2 5 1 3709 4508 5179
6065 2 2 5 1 6496 7032 8896
6066 2 2 5 1 3654 3653 3655
6067 2 2 5 1 5842 4186 7178
6068 2 2 5 1 3784 4829 4830
6069 2 2 5 1 1532 1530 6421
6070 2 2 5 1 3588 4073 6465
6071 2 2 5 1 993 957 2073
6072 2 2 5 1 4679 6451 6452
6073 2 2 5 1 2203 2134 3097
6074 2 2 5 1 4264 4867 5453
6075 2 2 5 1 2799 2800 3238
6076 2 2 5 1 3742 3743 6492
6077 2 2 5 1 304 305 6640
6078 2 2 5 1 3107 3106 6699
6079 2 2 5 1 4545 6312 6696
6080 2 2 5 1 4598 4076 6705
6081 2 2 5 1 3292 3294 7025
6082 2 2 5 1 4930 4949 6766
6083 2 2 5 1 1332 1331 1342
6084 2 2 5 1 4124 4123 4125
6085 2 2 5 1 1704 1701 6710
6086 2 2 5 1 3039 2834 3040
6087 2 2 5 1 206 207 6242
6088 2 2 5 1 3476 5708 8294
6089 2 2 5 1 698 699 6807
6090 2 2 5 1 1207 1208 6361
6091 2 2 5 1 4289 1336 4302
6092 2 2 5 1 6709 6589 7392
6093 2 2 5 1 1424 1444 1445
6094 2 2 5 1 3854 3087 6112
6095 2 2 5 1 2171 4348 6735
6096 2 2 5 1 2801 2132 6539
6097 2 2 5 1 1517 1515 1838
6098 2 2 5 1 3703 4679 6889
6099 2 2 5 1 2439 2440 2441
6100 2 2 5 1 6703 6700 6769
6101 2 2 5 1 1301 1221 1335
6102 2 2 5 1 388 6707 6708
6103 2 2 5 1 6491 6492 6493
6104 2 2 5 1 1062 1078 6364
6105 2 2 5 1 2736 2737 2738
6106 2 2 5 1 6485 6486 6487
6107 2 2 5 1 6291 4352 6603
6108 2 2 5 1 5622 5684 5841
6109 2 2 5 1 3347 3345 6693
6110 2 2 5 1 4820 3929 6151
6111 2 2 5 1 5399 4487 5400
6112 2 2 5 1 6657 6656 6658
6113 2 2 5 1 3901 4537 6850
6114 2 2 5 1 6110 5966 7074
6115 2 2 5 1 1689 1648 1690
6116 2 2 5 1 2416 6784 7177
6117 2 2 5 1 3544 4728 6684
6118 2 2 5 1 1563 1543 1564
6119 2 2 5 1 1213 1212 1214
6120 2 2 5 1 238 239 772
6121 2 2 5 1 4679 6453 6889
6122 2 2 5 1 3704 5125 6757
6123 2 2 5 1 6570 3594 6889
6124 2 2 5 1 6838 6859 6956
6125 2 2 5 1 3737 3736 3738
6126 2 2 5 1 3833 6589 6709
6127 2 2 5 1 4250 4295 4296
6128 2 2 5 1 5932 6276 6864
6129 2 2 5 1 231 232 773
6130 2 2 5 1 2003 4106 6577
6131 2 2 5 1 1832 1831 1861
6132 2 2 5 1 1672 1670 1673
6133 2 2 5 1 700 2366 6574
6134 2 2 5 1 4684 4683 5322
6135 2 2 5 1 407 408 6254
6136 2 2 5 1 3927 4818 6144
6137 2 2 5 1 3022 2179 6730
6138 2 2 5 1 3418 4386 6752
6139 2 2 5 1 4898 7409 7476
6140 2 2 5 1 3413 6257 6683
6141 2 2 5 1 2437 2438 2439
6142 2 2 5 1 3705 3704 6757
6143 2 2 5 1 3488 3402 6876
6144 2 2 5 1 2523 3200 3201
6145 2 2 5 1 4099 3853 6523
6146 2 2 5 1 3565 3804 4544
6147 2 2 5 1 2993 2329 2995
6148 2 2 5 1 233 234 2403
6149 2 2 5 1 2672 6466 7131
6150 2 2 5 1 4245 3682 4719
6151 2 2 5 1 3805 2694 5076
6152 2 2 5 1 3708 4839 5232
6153 2 2 5 1 4216 6219 6220
6154 2 2 5 1 622 623 624
6155 2 2 5 1 583 582 584
6156 2 2 5 1 616 617 618
6157 2 2 5 1 577 576 578
6158 2 2 5 1 2456 2458 6755
6159 2 2 5 1 2421 384 6739
6160 2 2 5 1 1912 2037 7019
6161 2 2 5 1 6430 6428 6431
6162 2 2 5 1 607 606 608
6163 2 2 5 1 6812 334 6815
6164 2 2 5 1 618 619 620
6165 2 2 5 1 579 578 580
6166 2 2 5 1 620 621 622
6167 2 2 5 1 581 580 582
6168 2 2 5 1 3820 6249 6251
6169 2 2 5 1 1001 1004 6778
6170 2 2 5 1 2766 6741 6790
6171 2 2 5 1 624 625 626
6172 2 2 5 1 585 584 586
6173 2 2 5 1 1697 1695 1698
6174 2 2 5 1 1219 1210 6416
6175 2 2 5 1 2892 2544 6736
6176 2 2 5 1 3059 3060 3742
6177 2 2 5 1 235 236 1247
6178 2 2 5 1 3024 1374 4109
6179 2 2 5 1 5942 5937 5943
6180 2 2 5 1 1188 1209 1210
6181 2 2 5 1 4270 4269 4881
6182 2 2 5 1 3780 3781 6733
6183 2 2 5 1 3086 2801 3087
6184 2 2 5 1 6665 6318 7012
6185 2 2 5 1 610 611 656
6186 2 2 5 1 607 608 610
6187 2 2 5 1 6295 4702 6761
6188 2 2 5 1 3979 2824 6998
6189 2 2 5 1 3279 3275 4067
6190 2 2 5 1 5199 6303 6304
6191 2 2 5 1 389 390 1348
6192 2 2 5 1 646 645 647
6193 2 2 5 1 2861 3588 6514
6194 2 2 5 1 3607 3609 3610
6195 2 2 5 1 5681 4099 5682
6196 2 2 5 1 1609 1842 6571
6197 2 2 5 1 2132 2046 6552
6198 2 2 5 1 2712 2861 6514
6199 2 2 5 1 832 833 834
6200 2 2 5 1 3899 3901 6850
6201 2 2 5 1 1973 3940 6718
6202 2 2 5 1 3201 3629 3630
6203 2 2 5 1 4806 5812 5813
6204 2 2 5 1 1509 1511 7149
6205 2 2 5 1 1215 1299 1334
6206 2 2 5 1 1941 1857 6572
6207 2 2 5 1 3069 8547 9013
6208 2 2 5 1 1527 1525 6515
6209 2 2 5 1 1684 1831 1832
6210 2 2 5 1 1653 1640 1867
6211 2 2 5 1 5113 5112 5117
6212 2 2 5 1 2355 2352 2356
6213 2 2 5 1 2391 3088 3565
6214 2 2 5 1 4699 4698 5146
6215 2 2 5 1 834 835 836
6216 2 2 5 1 4262 4263 4264
6217 2 2 5 1 295 296 5268
6218 2 2 5 1 3045 6966 7305
6219 2 2 5 1 5017 4110 6370
6220 2 2 5 1 4170 3717 6504
6221 2 2 5 1 1842 1999 2075
6222 2 2 5 1 1248 319 6611
6223 2 2 5 1 1676 1677 1678
6224 2 2 5 1 2724 2729 2730
6225 2 2 5 1 6563 7397 7433
6226 2 2 5 1 4110 3575 5233
6227 2 2 5 1 3281 2287 5162
6228 2 2 5 1 2364 838 6136
6229 2 2 5 1 1208 1213 6361
6230 2 2 5 1 6920 6731 7003
6231 2 2 5 1 836 837 838
6232 2 2 5 1 648 647 650
6233 2 2 5 1 4289 4302 4889
6234 2 2 5 1 2413 325 6543
6235 2 2 5 1 4678 4852 5319
6236 2 2 5 1 7028 4943 7080
6237 2 2 5 1 3899 3427 3900
6238 2 2 5 1 3094 2360 3568
6239 2 2 5 1 1937 1722 6335
6240 2 2 5 1 3709 3578 4508
6241 2 2 5 1 2359 2356 2360
6242 2 2 5 1 1104 1106 6533
6243 2 2 5 1 3804 4708 6535
6244 2 2 5 1 4976 3064 6711
6245 2 2 5 1 6442 7773 7782
6246 2 2 5 1 4909 3815 6113
6247 2 2 5 1 1210 1209 6416
6248 2 2 5 1 1049 1017 6670
6249 2 2 5 1 2515 2509 7160
6250 2 2 5 1 388 389 6707
6251 2 2 5 1 1342 1331 4269
6252 2 2 5 1 3806 4676 4677
6253 2 2 5 1 3615 3363 6390
6254 2 2 5 1 675 695 1612
6255 2 2 5 1 3725 3702 4799
6256 2 2 5 1 4665 4664 6362
6257 2 2 5 1 2371 6572 7095
6258 2 2 5 1 5728 4800 7017
6259 2 2 5 1 237 238 6687
6260 2 2 5 1 4002 5215 8079
6261 2 2 5 1 1285 1270 6695
6262 2 2 5 1 2037 2072 2799
6263 2 2 5 1 3901 3900 4535
6264 2 2 5 1 644 645 646
6265 2 2 5 1 6785 774 6786
6266 2 2 5 1 4402 3875 4675
6267 2 2 5 1 4597 4536 5985
6268 2 2 5 1 693 673 1611
6269 2 2 5 1 3877 4403 4674
6270 2 2 5 1 4783 3724 4784
6271 2 2 5 1 6763 4907 7490
6272 2 2 5 1 1108 1107 1109
6273 2 2 5 1 1703 1701 1704
6274 2 2 5 1 3455 4469 6862
6275 2 2 5 1 2361 2360 3094
6276 2 2 5 1 3131 3130 7001
6277 2 2 5 1 4760 4761 5285
6278 2 2 5 1 364 3137 6794
6279 2 2 5 1 5373 4544 5374
6280 2 2 5 1 1712 1997 6347
6281 2 2 5 1 3064 2014 6711
6282 2 2 5 1 1603 1687 2315
6283 2 2 5 1 3157 3544 6684
6284 2 2 5 1 6215 4315 6216
6285 2 2 5 1 5682 4099 6523
6286 2 2 5 1 2417 1849 6728
6287 2 2 5 1 901 904 6663
6288 2 2 5 1 651 650 658
6289 2 2 5 1 1572 1570 1573
6290 2 2 5 1 1707 1705 1708
6291 2 2 5 1 610 608 611
6292 2 2 5 1 1615 1574 1616
6293 2 2 5 1 2063 2049 2224
6294 2 2 5 1 2970 2166 7112
6295 2 2 5 1 1137 1122 6628
6296 2 2 5 1 1133 1071 1266
6297 2 2 5 1 2268 4573 7023
6298 2 2 5 1 1463 1464 1465
6299 2 2 5 1 6721 4557 6722
6300 2 2 5 1 4759 4758 5279
6301 2 2 5 1 4486 2808 4487
6302 2 2 5 1 3024 4109 4195
6303 2 2 5 1 634 633 635
6304 2 2 5 1 593 594 598
6305 2 2 5 1 1327 1336 4289
6306 2 2 5 1 3441 3442 3443
6307 2 2 5 1 4986 2892 6736
6308 2 2 5 1 560 562 6655
6309 2 2 5 1 3095 3094 3578
6310 2 2 5 1 2861 3587 3588
6311 2 2 5 1 1445 1444 1446
6312 2 2 5 1 1530 1544 6421
6313 2 2 5 1 6525 4828 6526
6314 2 2 5 1 3841 2997 3842
6315 2 2 5 1 3614 3363 3615
6316 2 2 5 1 4693 3905 5316
6317 2 2 5 1 6731 6400 7003
6318 2 2 5 1 5063 4393 6667
6319 2 2 5 1 6539 2132 6552
6320 2 2 5 1 1140 1139 1985
6321 2 2 5 1 4907 4677 6350
6322 2 2 5 1 1619 1617 1620
6323 2 2 5 1 646 648 6785
6324 2 2 5 1 383 2421 6560
6325 2 2 5 1 4105 4071 4849
6326 2 2 5 1 3275 3276 6580
6327 2 2 5 1 3380 3382 3386
6328 2 2 5 1 3188 3708 6542
6329 2 2 5 1 3299 3298 3300
6330 2 2 5 1 7348 4959 7635
6331 2 2 5 1 3425 3423 4973
6332 2 2 5 1 1327 1328 1336
6333 2 2 5 1 1104 1105 1106
6334 2 2 5 1 4308 3525 7025
6335 2 2 5 1 3901 4535 4536
6336 2 2 5 1 282 283 487
6337 2 2 5 1 3640 3905 4693
6338 2 2 5 1 362 363 6797
6339 2 2 5 1 2383 2386 2387
6340 2 2 5 1 3392 4055 6583
6341 2 2 5 1 6700 6699 6769
6342 2 2 5 1 3390 3391 4919
6343 2 2 5 1 6494 1795 7187
6344 2 2 5 1 3593 2975 4894
6345 2 2 5 1 1218 1219 1220
6346 2 2 5 1 4525 4526 5790
6347 2 2 5 1 396 397 6328
6348 2 2 5 1 290 291 2374
6349 2 2 5 1 1534 1532 4290
6350 2 2 5 1 1648 1647 6355
6351 2 2 5 1 6699 3106 6769
6352 2 2 5 1 2978 3596 4892
6353 2 2 5 1 5755 5752 6669
6354 2 2 5 1 3676 3675 3677
6355 2 2 5 1 6859 6468 6956
6356 2 2 5 1 2706 2712 7009
6357 2 2 5 1 4066 4199 4200
6358 2 2 5 1 999 1001 6778
6359 2 2 5 1 260 1237 6855
6360 2 2 5 1 4304 4494 4760
6361 2 2 5 1 46 45 480
6362 2 2 5 1 5298 5297 5300
6363 2 2 5 1 3061 6781 7070
6364 2 2 5 1 3579 3578 3709
6365 2 2 5 1 4786 4785 5478
6366 2 2 5 1 3810 4900 6076
6367 2 2 5 1 5122 4849 5123
6368 2 2 5 1 6679 4338 7036
6369 2 2 5 1 632 631 633
6370 2 2 5 1 591 592 593
6371 2 2 5 1 1517 1838 2437
6372 2 2 5 1 3332 3330 6964
6373 2 2 5 1 4891 3816 6639
6374 2 2 5 1 3899 3900 3901
6375 2 2 5 1 1737 1736 1738
6376 2 2 5 1 4800 4799 7017
6377 2 2 5 1 1997 1710 6343
6378 2 2 5 1 4331 4332 4929
6379 2 2 5 1 1819 1817 6417
6380 2 2 5 1 983 1026 4518
6381 2 2 5 1 2391 3025 3088
6382 2 2 5 1 2387 2388 2391
6383 2 2 5 1 3386 3382 3387
6384 2 2 5 1 646 647 648
6385 2 2 5 1 4495 4306 4758
6386 2 2 5 1 1592 2041 6638
6387 2 2 5 1 4912 3736 6287
6388 2 2 5 1 1112 1113 1114
6389 2 2 5 1 321 322 489
6390 2 2 5 1 330 331 483
6391 2 2 5 1 328 329 2414
6392 2 2 5 1 326 327 742
6393 2 2 5 1 3308 4786 4874
6394 2 2 5 1 4929 4930 6766
6395 2 2 5 1 3143 2224 3144
6396 2 2 5 1 4661 6737 6738
6397 2 2 5 1 4688 4104 7856
6398 2 2 5 1 2909 2910 2911
6399 2 2 5 1 2157 2051 2305
6400 2 2 5 1 289 290 6720
6401 2 2 5 1 2825 2371 3186
6402 2 2 5 1 1474 1472 1475
6403 2 2 5 1 1651 1600 2321
6404 2 2 5 1 718 3051 6673
6405 2 2 5 1 3804 4635 4708
6406 2 2 5 1 2212 2210 3199
6407 2 2 5 1 5760 5755 6669
6408 2 2 5 1 5466 5465 5467
6409 2 2 5 1 1082 1083 1100
6410 2 2 5 1 4189 5843 7199
6411 2 2 5 1 2256 2848 6686
6412 2 2 5 1 3640 3202 3905
6413 2 2 5 1 3595 4303 4304
6414 2 2 5 1 5618 8274 8295
6415 2 2 5 1 2517 2523 7203
6416 2 2 5 1 2235 2236 2237
6417 2 2 5 1 4004 3144 4005
6418 2 2 5 1 3235 3186 4049
6419 2 2 5 1 1719 1717 1720
6420 2 2 5 1 2882 2881 2883
6421 2 2 5 1 1330 1302 1331
6422 2 2 5 1 1240 2783 4866
6423 2 2 5 1 814 815 816
6424 2 2 5 1 4769 4427 7630
6425 2 2 5 1 3845 4033 4415
6426 2 2 5 1 2992 2991 3650
6427 2 2 5 1 2535 4960 6676
6428 2 2 5 1 8395 2853 8977
6429 2 2 5 1 2328 2993 2994
6430 2 2 5 1 6817 6818 6819
6431 2 2 5 1 2500 2502 2521
6432 2 2 5 1 3239 3818 7027
6433 2 2 5 1 378 379 2394
6434 2 2 5 1 4886 3666 6820
6435 2 2 5 1 1273 7028 7080
6436 2 2 5 1 1340 1374 3024
6437 2 2 5 1 3666 3667 6820
6438 2 2 5 1 3951 5183 6842
6439 2 2 5 1 4535 4885 4974
6440 2 2 5 1 2825 3186 3235
6441 2 2 5 1 3235 4049 4051
6442 2 2 5 1 5399 5400 5669
6443 2 2 5 1 6104 6096 6105
6444 2 2 5 1 5133 3960 7857
6445 2 2 5 1 3958 5132 7858
6446 2 2 5 1 3624 3977 3978
6447 2 2 5 1 1304 1358 1552
6448 2 2 5 1 4305 3592 4306
6449 2 2 5 1 3390 5970 6726
6450 2 2 5 1 6822 510 6823
6451 2 2 5 1 3845 4922 6334
6452 2 2 5 1 3814 3681 4071
6453 2 2 5 1 4353 4352 4499
6454 2 2 5 1 279 3023 6773
6455 2 2 5 1 2774 6812 6813
6456 2 2 5 1 1127 1142 6450
6457 2 2 5 1 5658 5123 5659
6458 2 2 5 1 6817 6816 6818
6459 2 2 5 1 1347 1346 1375
6460 2 2 5 1 1720 1717 6760
6461 2 2 5 1 1490 1375 1595
6462 2 2 5 1 5907 4825 5908
6463 2 2 5 1 3011 6836 7005
6464 2 2 5 1 1080 1081 1082
6465 2 2 5 1 1853 1819 2049
6466 2 2 5 1 3004 2418 4261
6467 2 2 5 1 1249 6810 7271
6468 2 2 5 1 648 650 651
6469 2 2 5 1 1376 1375 1490
6470 2 2 5 1 5757 5755 5760
6471 2 2 5 1 4914 7395 7701
6472 2 2 5 1 1215 1214 1216
6473 2 2 5 1 5446 5640 9067
6474 2 2 5 1 708 703 6679
6475 2 2 5 1 1857 1808 2003
6476 2 2 5 1 3070 3727 3806
6477 2 2 5 1 4648 6856 7120
6478 2 2 5 1 2092 2371 2825
6479 2 2 5 1 4109 4318 5461
6480 2 2 5 1 4908 6865 6983
6481 2 2 5 1 4880 4879 5598
6482 2 2 5 1 4608 3842 4609
6483 2 2 5 1 1078 2298 6364
6484 2 2 5 1 4055 5465 5466
6485 2 2 5 1 4486 4487 5399
6486 2 2 5 1 5177 4051 5376
6487 2 2 5 1 2092 1941 2371
6488 2 2 5 1 1491 1490 1593
6489 2 2 5 1 1112 1111 1113
6490 2 2 5 1 6485 2414 6486
6491 2 2 5 1 4338 6574 6576
6492 2 2 5 1 2089 7331 7596
6493 2 2 5 1 5466 5467 7037
6494 2 2 5 1 6572 2003 6577
6495 2 2 5 1 4393 2776 7413
6496 2 2 5 1 630 629 631
6497 2 2 5 1 589 590 591
6498 2 2 5 1 1811 1809 3198
6499 2 2 5 1 4342 4343 5372
6500 2 2 5 1 5177 5376 5892
6501 2 2 5 1 4257 4752 4753
6502 2 2 5 1 6339 4966 6340
6503 2 2 5 1 5296 3984 5297
6504 2 2 5 1 1542 2324 6358
6505 2 2 5 1 1544 1527 6515
6506 2 2 5 1 2305 2051 6298
6507 2 2 5 1 3102 3951 6842
6508 2 2 5 1 2476 6965 7133
6509 2 2 5 1 6071 4927 7839
6510 2 2 5 1 3512 2970 6907
6511 2 2 5 1 1078 1079 1080
6512 2 2 5 1 4499 6291 6292
6513 2 2 5 1 749 2436 6765
6514 2 2 5 1 5968 5965 6040
6515 2 2 5 1 5253 5255 7405
6516 2 2 5 1 1539 1537 1540
6517 2 2 5 1 6676 4960 7584
6518 2 2 5 1 217 218 6321
6519 2 2 5 1 3919 3918 4913
6520 2 2 5 1 1194 1157 6793
6521 2 2 5 1 4340 4341 4342
6522 2 2 5 1 1594 1593 1789
6523 2 2 5 1 897 899 900
6524 2 2 5 1 3743 3765 4525
6525 2 2 5 1 5118 5538 5709
6526 2 2 5 1 1790 1789 1834
6527 2 2 5 1 2573 2520 6790
6528 2 2 5 1 1340 1341 1374
6529 2 2 5 1 3834 4664 4665
6530 2 2 5 1 6757 5125 6758
6531 2 2 5 1 5323 5322 5522
6532 2 2 5 1 2761 2760 2991
6533 2 2 5 1 1815 1813 2787
6534 2 2 5 1 3242 2892 4986
6535 2 2 5 1 1350 1297 1551
6536 2 2 5 1 312 313 6353
6537 2 2 5 1 3945 5157 5158
6538 2 2 5 1 1106 1105 1107
6539 2 2 5 1 4049 4279 6637
6540 2 2 5 1 1513 1510 6713
6541 2 2 5 1 1857 2003 6572
6542 2 2 5 1 2473 6828 6870
6543 2 2 5 1 3806 4907 6714
6544 2 2 5 1 7608 2246 7633
6545 2 2 5 1 4912 6287 7541
6546 2 2 5 1 3767 3777 3834
6547 2 2 5 1 6229 3752 6230
6548 2 2 5 1 3497 3064 4976
6549 2 2 5 1 6344 6343 6345
6550 2 2 5 1 5550 4693 5551
6551 2 2 5 1 4168 4746 5433
6552 2 2 5 1 4586 4587 5631
6553 2 2 5 1 383 384 2421
6554 2 2 5 1 1101 1104 6787
6555 2 2 5 1 1515 1513 6712
6556 2 2 5 1 3387 3389 3390
6557 2 2 5 1 6553 4965 7556
6558 2 2 5 1 2357 2358 2895
6559 2 2 5 1 883 885 6398
6560 2 2 5 1 1834 1789 1836
6561 2 2 5 1 3086 3087 3853
6562 2 2 5 1 2842 3062 3552
6563 2 2 5 1 901 903 904
6564 2 2 5 1 1863 1862 1864
6565 2 2 5 1 374 375 2393
6566 2 2 5 1 4338 700 6574
6567 2 2 5 1 2913 2914 2917
6568 2 2 5 1 1807 1557 1808
6569 2 2 5 1 1959 1923 2019
6570 2 2 5 1 7291 1830 7541
6571 2 2 5 1 2673 2671 7056
6572 2 2 5 1 2056 2193 2842
6573 2 2 5 1 4921 4090 6439
6574 2 2 5 1 4818 4817 6871
6575 2 2 5 1 1807 1808 1857
6576 2 2 5 1 1541 1542 1543
6577 2 2 5 1 4933 6070 7844
6578 2 2 5 1 2886 2885 2889
6579 2 2 5 1 2842 2193 3062
6580 2 2 5 1 4075 3938 5198
6581 2 2 5 1 6491 3742 6492
6582 2 2 5 1 1300 1326 1327
6583 2 2 5 1 6837 3011 7005
6584 2 2 5 1 2911 2912 2913
6585 2 2 5 1 1739 1738 1740
6586 2 2 5 1 997 998 999
6587 2 2 5 1 2147 2960 7359
6588 2 2 5 1 4751 4377 5493
6589 2 2 5 1 3735 3307 3736
6590 2 2 5 1 999 1000 1001
6591 2 2 5 1 7409 4898 7690
6592 2 2 5 1 6054 4021 6055
6593 2 2 5 1 1220 1221 1222
6594 2 2 5 1 5734 5733 8916
6595 2 2 5 1 332 2774 6585
6596 2 2 5 1 1741 1740 1742
6597 2 2 5 1 3559 3717 4170
6598 2 2 5 1 2994 3187 3188
6599 2 2 5 1 2458 3093 6755
6600 2 2 5 1 1106 1107 1108
6601 2 2 5 1 1345 1343 1346
6602 2 2 5 1 678 682 6863
6603 2 2 5 1 885 887 888
6604 2 2 5 1 3904 3749 4002
6605 2 2 5 1 2884 2883 2885
6606 2 2 5 1 4610 3971 4802
6607 2 2 5 1 444 443 1268
6608 2 2 5 1 2041 2218 2219
6609 2 2 5 1 4785 2305 5159
6610 2 2 5 1 645 643 649
6611 2 2 5 1 1735 1733 1736
6612 2 2 5 1 1001 1002 1003
6613 2 2 5 1 2398 250 6749
6614 2 2 5 1 1222 1301 1302
6615 2 2 5 1 551 6773 6775
6616 2 2 5 1 5182 4044 5184
6617 2 2 5 1 4677 4676 5240
6618 2 2 5 1 4930 4932 4949
6619 2 2 5 1 1743 1742 1744
6620 2 2 5 1 3951 4044 5182
6621 2 2 5 1 3951 3337 4044
6622 2 2 5 1 6592 6593 6594
6623 2 2 5 1 1502 1500 3052
6624 2 2 5 1 6678 2966 6861
6625 2 2 5 1 680 662 691
6626 2 2 5 1 3616 3617 4682
6627 2 2 5 1 4915 3332 7224
6628 2 2 5 1 2390 2389 2867
6629 2 2 5 1 2960 3309 3723
6630 2 2 5 1 1835 1834 1951
6631 2 2 5 1 1659 1657 1660
6632 2 2 5 1 1332 1342 1343
6633 2 2 5 1 3451 3448 7222
6634 2 2 5 1 900 901 6663
6635 2 2 5 1 893 895 896
6636 2 2 5 1 393 394 6633
6637 2 2 5 1 1336 1337 6470
6638 2 2 5 1 1057 1094 6557
6639 2 2 5 1 3386 3387 6726
6640 2 2 5 1 4965 4602 4966
6641 2 2 5 1 5297 3984 6831
6642 2 2 5 1 249 250 2398
6643 2 2 5 1 6714 4907 6763
6644 2 2 5 1 243 244 6377
6645 2 2 5 1 5266 7533 8382
6646 2 2 5 1 3102 3337 3951
6647 2 2 5 1 3836 3890 4532
6648 2 2 5 1 1452 1453 1454
6649 2 2 5 1 3872 3932 4167
6650 2 2 5 1 2436 765 6724
6651 2 2 5 1 2510 2516 2517
6652 2 2 5 1 4106 5362 6074
6653 2 2 5 1 816 817 818
6654 2 2 5 1 603 605 609
6655 2 2 5 1 3322 3321 3935
6656 2 2 5 1 4351 2608 4352
6657 2 2 5 1 6497 2443 6846
6658 2 2 5 1 660 678 690
6659 2 2 5 1 2981 3217 6600
6660 2 2 5 1 872 871 873
6661 2 2 5 1 1106 1108 1240
6662 2 2 5 1 3010 3836 6449
6663 2 2 5 1 1124 1125 1136
6664 2 2 5 1 6856 4934 7241
6665 2 2 5 1 241 242 6384
6666 2 2 5 1 3378 3380 7539
6667 2 2 5 1 4670 6332 8210
6668 2 2 5 1 4871 5435 5436
6669 2 2 5 1 700 684 2366
6670 2 2 5 1 3780 3630 3781
6671 2 2 5 1 2735 2732 6351
6672 2 2 5 1 1003 1002 1007
6673 2 2 5 1 1873 1878 7183
6674 2 2 5 1 4008 5425 5426
6675 2 2 5 1 4353 4499 5029
6676 2 2 5 1 4697 4696 4698
6677 2 2 5 1 3536 3751 4242
6678 2 2 5 1 5316 5317 5318
6679 2 2 5 1 1351 1309 1429
6680 2 2 5 1 1001 1000 1002
6681 2 2 5 1 2172 2171 6735
6682 2 2 5 1 893 896 7089
6683 2 2 5 1 2056 1983 2193
6684 2 2 5 1 2460 2456 6755
6685 2 2 5 1 3806 3727 4676
6686 2 2 5 1 284 285 2930
6687 2 2 5 1 296 297 6409
6688 2 2 5 1 4334 3552 4337
6689 2 2 5 1 3390 3389 3391
6690 2 2 5 1 369 370 2395
6691 2 2 5 1 3270 1914 5914
6692 2 2 5 1 1330 1331 1332
6693 2 2 5 1 949 2443 6731
6694 2 2 5 1 2966 1005 6861
6695 2 2 5 1 6701 6700 6702
6696 2 2 5 1 4586 3671 4587
6697 2 2 5 1 4753 5405 5406
6698 2 2 5 1 4959 7348 7539
6699 2 2 5 1 6754 646 6785
6700 2 2 5 1 2027 1985 2170
6701 2 2 5 1 6724 5226 6725
6702 2 2 5 1 3818 5092 7027
6703 2 2 5 1 2350 2351 2353
6704 2 2 5 1 999 998 1000
6705 2 2 5 1 3220 3910 4331
6706 2 2 5 1 2083 2082 2084
6707 2 2 5 1 1125 1121 1126
6708 2 2 5 1 1242 644 6754
6709 2 2 5 1 1604 1547 1681
6710 2 2 5 1 767 5988 7929
6711 2 2 5 1 4337 6500 6502
6712 2 2 5 1 965 729 966
6713 2 2 5 1 4537 4536 4597
6714 2 2 5 1 4871 4336 5435
6715 2 2 5 1 6540 1023 6650
6716 2 2 5 1 2145 3070 6714
6717 2 2 5 1 1136 1125 6625
6718 2 2 5 1 1017 2966 6670
6719 2 2 5 1 996 966 997
6720 2 2 5 1 4790 4610 5022
6721 2 2 5 1 2848 3556 4340
6722 2 2 5 1 2353 2354 2357
6723 2 2 5 1 2830 2411 3274
6724 2 2 5 1 2345 2347 6205
6725 2 2 5 1 3988 4577 4578
6726 2 2 5 1 3415 998 6898
6727 2 2 5 1 3102 2805 3337
6728 2 2 5 1 377 378 6426
6729 2 2 5 1 4073 3950 4873
6730 2 2 5 1 324 325 2413
6731 2 2 5 1 1003 1007 6861
6732 2 2 5 1 2498 6666 6772
6733 2 2 5 1 3629 4828 6525
6734 2 2 5 1 4075 5198 5552
6735 2 2 5 1 701 700 4338
6736 2 2 5 1 6628 2405 6629
6737 2 2 5 1 5883 5882 6902
6738 2 2 5 1 2086 2084 2087
6739 2 2 5 1 2495 2498 6772
6740 2 2 5 1 830 831 832
6741 2 2 5 1 1647 3283 6355
6742 2 2 5 1 998 966 6898
6743 2 2 5 1 1101 1103 1104
6744 2 2 5 1 3588 3587 3950
6745 2 2 5 1 2901 2902 2918
6746 2 2 5 1 1973 2253 3940
6747 2 2 5 1 3237 3820 3821
6748 2 2 5 1 2367 698 3077
6749 2 2 5 1 2119 2087 2795
6750 2 2 5 1 5631 4587 5632
6751 2 2 5 1 2596 2977 3441
6752 2 2 5 1 3827 6700 6701
6753 2 2 5 1 3540 3541 6381
6754 2 2 5 1 4545 4544 5373
6755 2 2 5 1 6628 6629 6649
6756 2 2 5 1 1122 2405 6628
6757 2 2 5 1 628 627 629
6758 2 2 5 1 587 588 589
6759 2 2 5 1 6113 4383 7470
6760 2 2 5 1 4951 7102 7461
6761 2 2 5 1 2245 2238 3149
6762 2 2 5 1 4854 3780 6733
6763 2 2 5 1 1674 1675 1676
6764 2 2 5 1 4808 4810 6165
6765 2 2 5 1 1157 1137 1168
6766 2 2 5 1 2120 2106 2416
6767 2 2 5 1 2798 2795 3136
6768 2 2 5 1 3204 2344 3813
6769 2 2 5 1 6936 6935 6942
6770 2 2 5 1 3535 3136 3564
6771 2 2 5 1 3411 3413 6683
6772 2 2 5 1 1337 1339 1340
6773 2 2 5 1 4351 4352 4353
6774 2 2 5 1 3316 2368 3543
6775 2 2 5 1 390 391 6706
6776 2 2 5 1 4819 4820 6908
6777 2 2 5 1 4262 4261 4263
6778 2 2 5 1 3141 3148 6770
6779 2 2 5 1 1962 1849 2417
6780 2 2 5 1 3465 4052 4361
6781 2 2 5 1 2874 2873 2890
6782 2 2 5 1 1952 1951 6168
6783 2 2 5 1 1380 1370 6987
6784 2 2 5 1 4343 5519 6751
6785 2 2 5 1 1269 1194 2368
6786 2 2 5 1 5906 4825 5907
6787 2 2 5 1 5372 4343 6751
6788 2 2 5 1 4001 6591 6592
6789 2 2 5 1 1059 1041 2304
6790 2 2 5 1 2414 329 6488
6791 2 2 5 1 1039 1057 2306
6792 2 2 5 1 2510 2517 7524
6793 2 2 5 1 4108 5325 5326
6794 2 2 5 1 1680 1683 1684
6795 2 2 5 1 3390 4919 5970
6796 2 2 5 1 3171 3110 3827
6797 2 2 5 1 682 698 2367
6798 2 2 5 1 2410 2412 4291
6799 2 2 5 1 1428 1351 7249
6800 2 2 5 1 7079 2225 7107
6801 2 2 5 1 3078 3077 3715
6802 2 2 5 1 4342 4341 4343
6803 2 2 5 1 3059 2440 3060
6804 2 2 5 1 1540 1537 6338
6805 2 2 5 1 6672 4920 7007
6806 2 2 5 1 1514 1513 1515
6807 2 2 5 1 4929 4332 4930
6808 2 2 5 1 1221 1219 6868
6809 2 2 5 1 1122 1088 2405
6810 2 2 5 1 381 382 538
6811 2 2 5 1 386 387 530
6812 2 2 5 1 2565 2558 3321
6813 2 2 5 1 1007 1973 6718
6814 2 2 5 1 6670 2966 6677
6815 2 2 5 1 1084 1049 1128
6816 2 2 5 1 5150 5913 8361
6817 2 2 5 1 4542 3895 6035
6818 2 2 5 1 3544 3546 4728
6819 2 2 5 1 3972 3971 4610
6820 2 2 5 1 3413 4161 6257
6821 2 2 5 1 2385 2384 2389
6822 2 2 5 1 6495 5179 6496
6823 2 2 5 1 4814 4812 6107
6824 2 2 5 1 2223 2221 6603
6825 2 2 5 1 1299 1216 1300
6826 2 2 5 1 729 6673 6898
6827 2 2 5 1 6852 6853 6857
6828 2 2 5 1 2382 2381 2384
6829 2 2 5 1 1269 2368 3316
6830 2 2 5 1 2306 1057 6557
6831 2 2 5 1 3304 3676 6742
6832 2 2 5 1 2980 3766 3767
6833 2 2 5 1 4322 5234 5291
6834 2 2 5 1 2616 2614 3061
6835 2 2 5 1 4979 6368 7816
6836 2 2 5 1 2854 8396 8978
6837 2 2 5 1 4055 4612 5465
6838 2 2 5 1 3652 2936 3653
6839 2 2 5 1 4893 5370 5371
6840 2 2 5 1 6939 6940 6941
6841 2 2 5 1 5365 4895 5366
6842 2 2 5 1 4264 4265 4867
6843 2 2 5 1 2438 1838 4344
6844 2 2 5 1 2690 2699 7087
6845 2 2 5 1 1120 1121 1124
6846 2 2 5 1 4049 4050 4279
6847 2 2 5 1 2520 2766 6790
6848 2 2 5 1 3232 3335 3845
6849 2 2 5 1 939 6731 6920
6850 2 2 5 1 2221 3400 6603
6851 2 2 5 1 2208 6675 6880
6852 2 2 5 1 3067 3707 4255
6853 2 2 5 1 997 966 998
6854 2 2 5 1 1957 1954 6727
6855 2 2 5 1 6499 4170 6503
6856 2 2 5 1 304 6640 6644
6857 2 2 5 1 2826 3157 4721
6858 2 2 5 1 3703 3066 4256
6859 2 2 5 1 4331 3910 4332
6860 2 2 5 1 5617 4808 6165
6861 2 2 5 1 4331 4929 6336
6862 2 2 5 1 1954 1952 6727
6863 2 2 5 1 6994 3973 6995
6864 2 2 5 1 4128 4126 4129
6865 2 2 5 1 1017 1005 2966
6866 2 2 5 1 659 658 662
6867 2 2 5 1 3970 3309 6041
6868 2 2 5 1 6124 7810 7831
6869 2 2 5 1 4237 3361 5136
6870 2 2 5 1 729 718 6673
6871 2 2 5 1 2244 2945 5050
6872 2 2 5 1 1106 1240 6533
6873 2 2 5 1 6798 6796 6799
6874 2 2 5 1 6744 6746 6883
6875 2 2 5 1 1118 1117 1119
6876 2 2 5 1 4340 3556 4341
6877 2 2 5 1 2367 3077 3078
6878 2 2 5 1 4279 4280 4596
6879 2 2 5 1 2010 2244 7103
6880 2 2 5 1 3182 7124 7220
6881 2 2 5 1 3185 2718 6753
6882 2 2 5 1 4786 5478 6027
6883 2 2 5 1 2498 2500 6666
6884 2 2 5 1 4593 3847 5139
6885 2 2 5 1 6744 6745 6746
6886 2 2 5 1 6027 5478 6028
6887 2 2 5 1 2517 2516 2522
6888 2 2 5 1 3866 4311 4312
6889 2 2 5 1 718 708 3051
6890 2 2 5 1 291 292 6405
6891 2 2 5 1 3856 3540 6381
6892 2 2 5 1 656 657 660
6893 2 2 5 1 1114 1115 6915
6894 2 2 5 1 1597 1868 3616
6895 2 2 5 1 2378 2376 6239
6896 2 2 5 1 818 819 820
6897 2 2 5 1 3834 4663 4664
6898 2 2 5 1 4720 5475 5574
6899 2 2 5 1 1579 1433 6759
6900 2 2 5 1 6794 6795 6796
6901 2 2 5 1 1911 1845 7026
6902 2 2 5 1 2535 3145 4025
6903 2 2 5 1 6498 4170 6499
6904 2 2 5 1 5727 4800 5728
6905 2 2 5 1 6702 6703 6704
6906 2 2 5 1 4812 5619 6107
6907 2 2 5 1 4379 2434 6804
6908 2 2 5 1 1668 1667 1669
6909 2 2 5 1 3979 6998 6999
6910 2 2 5 1 2003 3739 4106
6911 2 2 5 1 6552 1980 7019
6912 2 2 5 1 1023 1039 6650
6913 2 2 5 1 2740 2738 7166
6914 2 2 5 1 1539 1540 1541
6915 2 2 5 1 4231 4229 4239
6916 2 2 5 1 3639 3202 3640
6917 2 2 5 1 1004 1003 1005
6918 2 2 5 1 4261 2418 7117
6919 2 2 5 1 2868 2867 6569
6920 2 2 5 1 3938 3705 6757
6921 2 2 5 1 963 924 6905
6922 2 2 5 1 3806 4677 4907
6923 2 2 5 1 5876 4028 5877
6924 2 2 5 1 4361 4052 4380
6925 2 2 5 1 4275 4051 5177
6926 2 2 5 1 3070 3806 6714
6927 2 2 5 1 4838 5857 5858
6928 2 2 5 1 1984 1983 2056
6929 2 2 5 1 3672 3671 4586
6930 2 2 5 1 928 2425 3530
6931 2 2 5 1 5400 4487 5401
6932 2 2 5 1 3010 3156 3836
6933 2 2 5 1 4974 4885 6444
6934 2 2 5 1 2031 2444 7034
6935 2 2 5 1 3392 4054 4055
6936 2 2 5 1 663 662 680
6937 2 2 5 1 4333 3552 4334
6938 2 2 5 1 2355 2356 2359
6939 2 2 5 1 4106 5188 5362
6940 2 2 5 1 3786 4847 5055
6941 2 2 5 1 1249 1199 6810
6942 2 2 5 1 1958 1957 1983
6943 2 2 5 1 3712 3710 3971
6944 2 2 5 1 3945 3946 5157
6945 2 2 5 1 4196 4197 5731
6946 2 2 5 1 6815 535 6816
6947 2 2 5 1 2331 6802 6803
6948 2 2 5 1 3741 4534 5636
6949 2 2 5 1 6721 4365 6741
6950 2 2 5 1 2179 2177 6730
6951 2 2 5 1 3416 3418 6752
6952 2 2 5 1 6099 6101 6102
6953 2 2 5 1 681 680 684
6954 2 2 5 1 2434 1274 6804
6955 2 2 5 1 685 684 700
6956 2 2 5 1 1109 1111 1112
6957 2 2 5 1 293 294 6621
6958 2 2 5 1 928 5226 6724
6959 2 2 5 1 939 949 6731
6960 2 2 5 1 1775 3068 7414
6961 2 2 5 1 562 564 4278
6962 2 2 5 1 3530 4145 6792
6963 2 2 5 1 3361 3347 6693
6964 2 2 5 1 1006 1005 1017
6965 2 2 5 1 6644 6642 6645
6966 2 2 5 1 1646 1647 1648
6967 2 2 5 1 1347 1375 1376
6968 2 2 5 1 3827 6699 6700
6969 2 2 5 1 1345 1346 1347
6970 2 2 5 1 2614 2611 6781
6971 2 2 5 1 2349 2352 2355
6972 2 2 5 1 4234 4236 4240
6973 2 2 5 1 2359 2360 2361
6974 2 2 5 1 4945 3339 6914
6975 2 2 5 1 4335 4334 4336
6976 2 2 5 1 3565 4545 6696
6977 2 2 5 1 660 661 678
6978 2 2 5 1 4365 4363 6741
6979 2 2 5 1 4898 4899 7690
6980 2 2 5 1 4591 3518 6954
6981 2 2 5 1 1563 1564 1565
6982 2 2 5 1 2920 4548 6806
6983 2 2 5 1 2532 2482 6975
6984 2 2 5 1 3418 3420 4386
6985 2 2 5 1 5912 5153 8362
6986 2 2 5 1 719 716 6765
6987 2 2 5 1 3813 7058 7059
6988 2 2 5 1 4535 3900 4885
6989 2 2 5 1 2948 3249 3699
6990 2 2 5 1 682 683 698
6991 2 2 5 1 4200 6481 6482
6992 2 2 5 1 678 679 682
6993 2 2 5 1 2119 2798 7373
6994 2 2 5 1 327 328 6484
6995 2 2 5 1 3387 3390 6726
6996 2 2 5 1 3172 3171 3671
6997 2 2 5 1 2211 2210 2212
6998 2 2 5 1 3323 3296 3324
6999 2 2 5 1 1039 2306 6650
7000 2 2 5 1 1327 1326 1328
7001 2 2 5 1 4302 1336 6470
7002 2 2 5 1 611 608 767
7003 2 2 5 1 3517 4107 4108
7004 2 2 5 1 4676 3727 6997
7005 2 2 5 1 1309 1285 6694
7006 2 2 5 1 6308 6307 6587
7007 2 2 5 1 1033 986 6824
7008 2 2 5 1 3717 3718 3945
7009 2 2 5 1 4521 4553 4554
7010 2 2 5 1 656 611 657
7011 2 2 5 1 4870 4336 4871
7012 2 2 5 1 1376 1490 1491
7013 2 2 5 1 3716 3715 4572
7014 2 2 5 1 1565 1569 1570
7015 2 2 5 1 4237 5136 5647
7016 2 2 5 1 929 939 6920
7017 2 2 5 1 1018 1017 1049
7018 2 2 5 1 2209 2208 2210
7019 2 2 5 1 2974 4056 4355
7020 2 2 5 1 4575 3188 6542
7021 2 2 5 1 3898 3427 3899
7022 2 2 5 1 728 718 729
7023 2 2 5 1 6503 4170 6504
7024 2 2 5 1 5344 5592 5593
7025 2 2 5 1 709 708 718
7026 2 2 5 1 3846 3118 3847
7027 2 2 5 1 4109 1374 4318
7028 2 2 5 1 279 280 3023
7029 2 2 5 1 2493 2495 6772
7030 2 2 5 1 4255 4683 4684
7031 2 2 5 1 1942 1941 2092
7032 2 2 5 1 1468 1470 1471
7033 2 2 5 1 2213 2212 3202
7034 2 2 5 1 5991 2270 7943
7035 2 2 5 1 2361 3094 3095
7036 2 2 5 1 2841 2191 3918
7037 2 2 5 1 2081 2080 2082
7038 2 2 5 1 2926 3279 6864
7039 2 2 5 1 3011 2463 6836
7040 2 2 5 1 1666 1663 1667
7041 2 2 5 1 4019 4018 4140
7042 2 2 5 1 1878 1987 2217
7043 2 2 5 1 325 326 6543
7044 2 2 5 1 3192 3268 3563
7045 2 2 5 1 1858 1857 1941
7046 2 2 5 1 1747 1745 1748
7047 2 2 5 1 2107 2106 2120
7048 2 2 5 1 6018 5048 6019
7049 2 2 5 1 2091 2070 2125
7050 2 2 5 1 1621 1645 1646
7051 2 2 5 1 1516 1515 1517
7052 2 2 5 1 259 260 6855
7053 2 2 5 1 1208 1211 1212
7054 2 2 5 1 1572 1573 1574
7055 2 2 5 1 5047 4715 5048
7056 2 2 5 1 4340 4342 6375
7057 2 2 5 1 600 597 2319
7058 2 2 5 1 1336 1328 1337
7059 2 2 5 1 4580 4578 6715
7060 2 2 5 1 1050 1049 1084
7061 2 2 5 1 4925 3615 6390
7062 2 2 5 1 3559 3560 3717
7063 2 2 5 1 2806 2805 3102
7064 2 2 5 1 3443 3444 3920
7065 2 2 5 1 384 385 6739
7066 2 2 5 1 6813 6812 6814
7067 2 2 5 1 3095 3578 3579
7068 2 2 5 1 3832 4972 7154
7069 2 2 5 1 965 966 996
7070 2 2 5 1 6313 4339 6891
7071 2 2 5 1 2121 2120 2805
7072 2 2 5 1 3704 3250 3706
7073 2 2 5 1 928 927 2425
7074 2 2 5 1 6694 1285 6695
7075 2 2 5 1 3543 4321 4322
7076 2 2 5 1 3062 3313 3559
7077 2 2 5 1 1506 1504 2074
7078 2 2 5 1 2112 2196 2971
7079 2 2 5 1 6820 5055 6821
7080 2 2 5 1 2774 333 6812
7081 2 2 5 1 648 651 774
7082 2 2 5 1 4388 7079 7107
7083 2 2 5 1 2457 2454 6844
7084 2 2 5 1 4519 4520 4521
7085 2 2 5 1 4322 4323 5234
7086 2 2 5 1 3384 3392 6583
7087 2 2 5 1 651 658 659
7088 2 2 5 1 3710 3709 6495
7089 2 2 5 1 659 4968 6906
7090 2 2 5 1 1491 1593 1594
7091 2 2 5 1 2240 3740 3741
7092 2 2 5 1 245 246 6651
7093 2 2 5 1 3035 2573 6790
7094 2 2 5 1 5062 4393 5063
7095 2 2 5 1 1195 1194 1269
7096 2 2 5 1 1062 1077 1078
7097 2 2 5 1 1158 1157 1194
7098 2 2 5 1 4061 4926 5473
7099 2 2 5 1 1689 1690 1691
7100 2 2 5 1 2079 2078 2080
7101 2 2 5 1 6939 6937 6940
7102 2 2 5 1 6292 6291 6306
7103 2 2 5 1 2424 941 6832
7104 2 2 5 1 8751 5661 8894
7105 2 2 5 1 3387 3388 3389
7106 2 2 5 1 359 3038 6848
7107 2 2 5 1 3054 3516 3517
7108 2 2 5 1 3704 3706 5125
7109 2 2 5 1 2267 3252 3253
7110 2 2 5 1 3062 3559 6498
7111 2 2 5 1 316 317 6605
7112 2 2 5 1 1701 1700 6710
7113 2 2 5 1 331 332 6585
7114 2 2 5 1 3614 3615 4060
7115 2 2 5 1 5125 3706 5126
7116 2 2 5 1 2454 2452 6844
7117 2 2 5 1 1138 1137 1157
7118 2 2 5 1 1869 1873 7031
7119 2 2 5 1 6030 4676 6997
7120 2 2 5 1 1691 1692 1693
7121 2 2 5 1 2383 2380 2386
7122 2 2 5 1 4217 2633 6142
7123 2 2 5 1 599 601 2312
7124 2 2 5 1 1672 1673 1674
7125 2 2 5 1 1619 1620 1621
7126 2 2 5 1 1594 1789 1790
7127 2 2 5 1 1615 1616 1617
7128 2 2 5 1 5055 4847 5449
7129 2 2 5 1 5100 5101 6866
7130 2 2 5 1 4678 4256 4852
7131 2 2 5 1 4788 3324 5696
7132 2 2 5 1 5936 3789 7469
7133 2 2 5 1 977 975 1884
7134 2 2 5 1 1123 1122 1137
7135 2 2 5 1 658 650 2370
7136 2 2 5 1 4499 4352 6291
7137 2 2 5 1 6744 4326 6745
7138 2 2 5 1 3378 3379 3380
7139 2 2 5 1 3540 3274 3541
7140 2 2 5 1 1956 1954 1957
7141 2 2 5 1 3804 3088 4635
7142 2 2 5 1 363 364 6794
7143 2 2 5 1 3667 3786 6820
7144 2 2 5 1 2283 2187 3018
7145 2 2 5 1 1790 1834 1835
7146 2 2 5 1 604 602 1241
7147 2 2 5 1 761 6852 6857
7148 2 2 5 1 638 640 2331
7149 2 2 5 1 2687 6551 7207
7150 2 2 5 1 5461 4318 5462
7151 2 2 5 1 641 639 2314
7152 2 2 5 1 3111 3110 3171
7153 2 2 5 1 3314 3816 4891
7154 2 2 5 1 1749 1748 1750
7155 2 2 5 1 541 532 542
7156 2 2 5 1 534 543 544
7157 2 2 5 1 7665 4889 7698
7158 2 2 5 1 6080 7260 7312
7159 2 2 5 1 5568 5398 5569
7160 2 2 5 1 2655 3017 6874
7161 2 2 5 1 1089 1088 1122
7162 2 2 5 1 4348 4349 4350
7163 2 2 5 1 3742 3060 3743
7164 2 2 5 1 342 1252 6932
7165 2 2 5 1 6907 2970 7112
7166 2 2 5 1 701 4338 6679
7167 2 2 5 1 2442 6912 6913
7168 2 2 5 1 1806 1557 1807
7169 2 2 5 1 1669 3261 6318
7170 2 2 5 1 3380 3381 3382
7171 2 2 5 1 1088 1085 6692
7172 2 2 5 1 2387 2386 2388
7173 2 2 5 1 7127 1366 7238
7174 2 2 5 1 4592 4451 5073
7175 2 2 5 1 4684 5322 5323
7176 2 2 5 1 3048 3465 6869
7177 2 2 5 1 1921 1919 3079
7178 2 2 5 1 3336 999 6778
7179 2 2 5 1 4354 4084 5429
7180 2 2 5 1 364 365 3137
7181 2 2 5 1 1556 1592 6638
7182 2 2 5 1 2683 2693 6843
7183 2 2 5 1 3715 4326 6744
7184 2 2 5 1 1484 1428 1557
7185 2 2 5 1 1033 6824 6825
7186 2 2 5 1 1526 1525 1527
7187 2 2 5 1 3659 4626 7568
7188 2 2 5 1 3426 3425 3427
7189 2 2 5 1 3492 3795 3796
7190 2 2 5 1 3616 1868 3617
7191 2 2 5 1 3407 3411 6876
7192 2 2 5 1 3497 4976 4977
7193 2 2 5 1 1340 1339 1341
7194 2 2 5 1 5136 3361 6693
7195 2 2 5 1 2057 2056 6783
7196 2 2 5 1 5035 5411 5412
7197 2 2 5 1 3836 4914 6449
7198 2 2 5 1 3554 3339 4945
7199 2 2 5 1 1365 1351 1428
7200 2 2 5 1 3579 3709 3710
7201 2 2 5 1 3110 3107 6699
7202 2 2 5 1 3796 3795 4276
7203 2 2 5 1 3333 3666 3670
7204 2 2 5 1 1852 2097 6922
7205 2 2 5 1 2181 2179 3022
7206 2 2 5 1 1592 1798 2041
7207 2 2 5 1 4682 3617 4720
7208 2 2 5 1 1512 1510 1513
7209 2 2 5 1 1433 1431 4347
7210 2 2 5 1 2101 2057 2102
7211 2 2 5 1 2756 2755 2762
7212 2 2 5 1 3413 3759 4161
7213 2 2 5 1 3061 2614 6781
7214 2 2 5 1 2391 2388 3025
7215 2 2 5 1 3078 3715 3716
7216 2 2 5 1 387 388 6708
7217 2 2 5 1 4146 5195 6860
7218 2 2 5 1 2105 2103 2106
7219 2 2 5 1 2170 3054 4834
7220 2 2 5 1 5073 4451 7128
7221 2 2 5 1 2177 2175 3036
7222 2 2 5 1 997 999 3336
7223 2 2 5 1 6798 6799 6800
7224 2 2 5 1 4572 6744 6883
7225 2 2 5 1 3670 4886 4887
7226 2 2 5 1 1693 1694 1695
7227 2 2 5 1 4225 4226 4546
7228 2 2 5 1 2171 2320 4348
7229 2 2 5 1 1529 1527 1530
7230 2 2 5 1 4626 4627 4628
7231 2 2 5 1 4694 2004 5382
7232 2 2 5 1 1997 6346 6347
7233 2 2 5 1 2848 4340 6686
7234 2 2 5 1 3503 4095 7052
7235 2 2 5 1 4350 4349 4875
7236 2 2 5 1 2106 2103 6682
7237 2 2 5 1 1478 1477 1479
7238 2 2 5 1 1853 2049 2063
7239 2 2 5 1 877 880 7275
7240 2 2 5 1 2177 3036 6730
7241 2 2 5 1 6047 7724 7861
7242 2 2 5 1 4332 3910 6990
7243 2 2 5 1 3499 3035 4363
7244 2 2 5 1 744 6848 6849
7245 2 2 5 1 2754 2753 2755
7246 2 2 5 1 6852 2961 6853
7247 2 2 5 1 4650 4934 6856
7248 2 2 5 1 2060 4561 6826
7249 2 2 5 1 5226 3530 6792
7250 2 2 5 1 1661 1660 1662
7251 2 2 5 1 3576 4111 4112
7252 2 2 5 1 1699 1700 1701
7253 2 2 5 1 1751 1750 1752
7254 2 2 5 1 382 383 6560
7255 2 2 5 1 332 333 2774
7256 2 2 5 1 3270 5914 6750
7257 2 2 5 1 1310 1309 1351
7258 2 2 5 1 2338 2340 3833
7259 2 2 5 1 3280 3282 4865
7260 2 2 5 1 3767 3766 3777
7261 2 2 5 1 3796 4276 4277
7262 2 2 5 1 1454 1455 1456
7263 2 2 5 1 2102 2057 6783
7264 2 2 5 1 5260 5261 5262
7265 2 2 5 1 1465 1466 1467
7266 2 2 5 1 3834 3777 4663
7267 2 2 5 1 1985 1139 7062
7268 2 2 5 1 1697 1698 1699
7269 2 2 5 1 4314 4315 4316
7270 2 2 5 1 6834 4908 6983
7271 2 2 5 1 5198 3938 6757
7272 2 2 5 1 6998 2812 7767
7273 2 2 5 1 2496 2494 6865
7274 2 2 5 1 4212 4211 4213
7275 2 2 5 1 1753 1752 1756
7276 2 2 5 1 6938 6937 6939
7277 2 2 5 1 6869 4361 7122
7278 2 2 5 1 5148 5147 6917
7279 2 2 5 1 4364 4363 4365
7280 2 2 5 1 3391 3602 4724
7281 2 2 5 1 2043 2024 7076
7282 2 2 5 1 4931 4332 6990
7283 2 2 5 1 2077 2076 2078
7284 2 2 5 1 5316 3905 5317
7285 2 2 5 1 1157 1168 6793
7286 2 2 5 1 2226 2223 2608
7287 2 2 5 1 2218 2826 6737
7288 2 2 5 1 2853 199 6777
7289 2 2 5 1 820 821 822
7290 2 2 5 1 361 510 6822
7291 2 2 5 1 2040 2039 2171
7292 2 2 5 1 1835 1951 1952
7293 2 2 5 1 714 716 719
7294 2 2 5 1 722 740 2535
7295 2 2 5 1 2170 1985 3053
7296 2 2 5 1 4348 2320 4349
7297 2 2 5 1 4277 4276 4407
7298 2 2 5 1 1300 1327 6385
7299 2 2 5 1 1217 1210 1218
7300 2 2 5 1 3455 4045 4469
7301 2 2 5 1 1531 1530 1532
7302 2 2 5 1 6262 4261 7117
7303 2 2 5 1 2463 2467 6836
7304 2 2 5 1 5257 5258 5260
7305 2 2 5 1 4572 3715 6744
7306 2 2 5 1 4628 4629 4630
7307 2 2 5 1 1500 1278 7029
7308 2 2 5 1 2171 2039 2320
7309 2 2 5 1 2063 2224 3143
7310 2 2 5 1 566 568 814
7311 2 2 5 1 610 656 2399
7312 2 2 5 1 4546 5879 5881
7313 2 2 5 1 1333 996 1431
7314 2 2 5 1 6780 1633 7106
7315 2 2 5 1 5255 5256 5257
7316 2 2 5 1 4562 4365 4566
7317 2 2 5 1 3530 3531 4145
7318 2 2 5 1 4294 6193 6194
7319 2 2 5 1 2207 2093 2208
7320 2 2 5 1 699 705 713
7321 2 2 5 1 4525 3765 4526
7322 2 2 5 1 986 950 6824
7323 2 2 5 1 2221 2156 3400
7324 2 2 5 1 3374 3376 3378
7325 2 2 5 1 1766 1765 1768
7326 2 2 5 1 1286 1285 1309
7327 2 2 5 1 3702 6770 7125
7328 2 2 5 1 5318 5317 5931
7329 2 2 5 1 4181 5191 6841
7330 2 2 5 1 4945 6914 7069
7331 2 2 5 1 828 829 830
7332 2 2 5 1 1670 1669 6318
7333 2 2 5 1 2815 2435 3286
7334 2 2 5 1 4943 4457 7006
7335 2 2 5 1 3143 3144 4004
7336 2 2 5 1 3709 5179 6495
7337 2 2 5 1 3530 2425 3531
7338 2 2 5 1 6746 6745 6747
7339 2 2 5 1 3492 2778 3795
7340 2 2 5 1 3205 2776 4393
7341 2 2 5 1 4781 4782 5243
7342 2 2 5 1 2126 2125 3180
7343 2 2 5 1 2481 2483 6838
7344 2 2 5 1 2473 2475 6828
7345 2 2 5 1 4004 4005 5203
7346 2 2 5 1 2844 2845 3192
7347 2 2 5 1 5253 5254 5255
7348 2 2 5 1 4432 7342 7443
7349 2 2 5 1 1150 1173 6809
7350 2 2 5 1 2296 2130 3612
7351 2 2 5 1 1431 996 6671
7352 2 2 5 1 2128 2294 3613
7353 2 2 5 1 365 366 6532
7354 2 2 5 1 1763 1762 1765
7355 2 2 5 1 3183 2919 7143
7356 2 2 5 1 3150 3149 3992
7357 2 2 5 1 5126 5127 5278
7358 2 2 5 1 728 729 965
7359 2 2 5 1 600 2319 6776
7360 2 2 5 1 4768 4427 4769
7361 2 2 5 1 3287 3286 3793
7362 2 2 5 1 2752 2751 2753
7363 2 2 5 1 4858 5588 7093
7364 2 2 5 1 6960 728 7008
7365 2 2 5 1 3109 3107 3110
7366 2 2 5 1 4210 4209 4211
7367 2 2 5 1 2433 2432 2435
7368 2 2 5 1 4318 1374 7030
7369 2 2 5 1 2953 2808 4486
7370 2 2 5 1 4277 4407 4408
7371 2 2 5 1 1007 1430 1973
7372 2 2 5 1 1664 6159 7465
7373 2 2 5 1 1432 1431 1433
7374 2 2 5 1 6741 4363 6790
7375 2 2 5 1 4208 4207 4209
7376 2 2 5 1 3830 4994 7075
7377 2 2 5 1 3106 3103 6842
7378 2 2 5 1 4790 5022 5711
7379 2 2 5 1 4824 4598 4825
7380 2 2 5 1 4145 4146 6860
7381 2 2 5 1 707 703 708
7382 2 2 5 1 3315 2219 4661
7383 2 2 5 1 2481 6838 6956
7384 2 2 5 1 4242 4243 4702
7385 2 2 5 1 642 644 1242
7386 2 2 5 1 7058 4391 7059
7387 2 2 5 1 2719 2718 2720
7388 2 2 5 1 2389 2384 7118
7389 2 2 5 1 3741 3740 4534
7390 2 2 5 1 3063 2778 3492
7391 2 2 5 1 3105 3103 3106
7392 2 2 5 1 6853 2961 6854
7393 2 2 5 1 5251 5252 5253
7394 2 2 5 1 3670 3666 4886
7395 2 2 5 1 1877 6959 7338
7396 2 2 5 1 3778 3630 3780
7397 2 2 5 1 3842 2997 7115
7398 2 2 5 1 2455 2454 2456
7399 2 2 5 1 7459 6906 7560
7400 2 2 5 1 876 875 877
7401 2 2 5 1 941 931 6832
7402 2 2 5 1 2453 2452 2454
7403 2 2 5 1 3181 3180 3685
7404 2 2 5 1 2403 5683 8447
7405 2 2 5 1 4590 4591 5084
7406 2 2 5 1 4363 3035 6790
7407 2 2 5 1 6793 1168 7268
7408 2 2 5 1 4364 4563 6924
7409 2 2 5 1 897 900 7071
7410 2 2 5 1 3547 3272 4177
7411 2 2 5 1 535 336 6840
7412 2 2 5 1 2995 2996 2997
7413 2 2 5 1 749 765 2436
7414 2 2 5 1 3715 3077 4326
7415 2 2 5 1 5660 4098 5661
7416 2 2 5 1 1429 1309 6694
7417 2 2 5 1 880 879 881
7418 2 2 5 1 84 83 571
7419 2 2 5 1 1520 1518 1521
7420 2 2 5 1 3499 4363 4364
7421 2 2 5 1 2750 2749 2751
7422 2 2 5 1 6501 6499 6503
7423 2 2 5 1 4340 6375 6686
7424 2 2 5 1 1199 1180 6810
7425 2 2 5 1 5243 5244 5245
7426 2 2 5 1 2353 2357 7123
7427 2 2 5 1 3312 3238 3891
7428 2 2 5 1 2482 2480 6975
7429 2 2 5 1 2617 2623 7002
7430 2 2 5 1 1125 1126 1127
7431 2 2 5 1 1001 1003 1004
7432 2 2 5 1 546 554 7225
7433 2 2 5 1 2003 1808 3739
7434 2 2 5 1 3840 3518 4590
7435 2 2 5 1 5249 5250 5251
7436 2 2 5 1 1865 1864 1866
7437 2 2 5 1 651 659 6906
7438 2 2 5 1 3327 3328 3329
7439 2 2 5 1 5442 4405 5444
7440 2 2 5 1 4264 4263 4265
7441 2 2 5 1 3076 3555 3896
7442 2 2 5 1 4552 4408 6029
7443 2 2 5 1 1065 1019 1193
7444 2 2 5 1 5247 5248 5249
7445 2 2 5 1 1535 6766 7753
7446 2 2 5 1 5319 4852 5925
7447 2 2 5 1 4102 5666 5667
7448 2 2 5 1 3171 3827 6830
7449 2 2 5 1 2766 2519 2778
7450 2 2 5 1 784 6929 6930
7451 2 2 5 1 4710 8415 8546
7452 2 2 5 1 359 360 3038
7453 2 2 5 1 3972 4610 4790
7454 2 2 5 1 2815 3286 3287
7455 2 2 5 1 2451 2434 2452
7456 2 2 5 1 5245 5246 5247
7457 2 2 5 1 3126 2464 3518
7458 2 2 5 1 6168 1951 7644
7459 2 2 5 1 3329 3330 3332
7460 2 2 5 1 4181 3794 4182
7461 2 2 5 1 1187 1155 6969
7462 2 2 5 1 2430 2428 2432
7463 2 2 5 1 6421 1544 7425
7464 2 2 5 1 2609 2608 4351
7465 2 2 5 1 3640 4693 5550
7466 2 2 5 1 2462 3011 6829
7467 2 2 5 1 4244 4725 6031
7468 2 2 5 1 3786 5055 6820
7469 2 2 5 1 6666 2521 7777
7470 2 2 5 1 707 723 6851
7471 2 2 5 1 2433 2435 2815
7472 2 2 5 1 2280 6096 6104
7473 2 2 5 1 3896 4666 6789
7474 2 2 5 1 3995 3149 6961
7475 2 2 5 1 690 678 6863
7476 2 2 5 1 4049 3186 4050
7477 2 2 5 1 1604 1681 3311
7478 2 2 5 1 3894 4308 4309
7479 2 2 5 1 3918 2191 6771
7480 2 2 5 1 2526 2527 3076
7481 2 2 5 1 4364 4365 4562
7482 2 2 5 1 774 651 6906
7483 2 2 5 1 3287 3793 3794
7484 2 2 5 1 5092 5090 5520
7485 2 2 5 1 4343 5341 5519
7486 2 2 5 1 1456 1457 1458
7487 2 2 5 1 3424 3423 3425
7488 2 2 5 1 707 708 709
7489 2 2 5 1 928 3530 5226
7490 2 2 5 1 2182 2181 2183
7491 2 2 5 1 1109 1110 1111
7492 2 2 5 1 3077 698 6807
7493 2 2 5 1 1004 1005 1006
7494 2 2 5 1 1703 1704 1705
7495 2 2 5 1 7272 2308 7517
7496 2 2 5 1 1604 3311 6903
7497 2 2 5 1 713 705 714
7498 2 2 5 1 3585 3586 3858
7499 2 2 5 1 3499 4364 6924
7500 2 2 5 1 6036 4665 7941
7501 2 2 5 1 6930 6929 6931
7502 2 2 5 1 6506 4591 6954
7503 2 2 5 1 3559 4170 6498
7504 2 2 5 1 3921 4373 4652
7505 2 2 5 1 4372 3924 4657
7506 2 2 5 1 2512 2496 6865
7507 2 2 5 1 4078 4076 4598
7508 2 2 5 1 2681 2673 7056
7509 2 2 5 1 551 278 6773
7510 2 2 5 1 782 927 928
7511 2 2 5 1 838 839 840
7512 2 2 5 1 2253 2254 2973
7513 2 2 5 1 4808 4239 4810
7514 2 2 5 1 3329 3328 3330
7515 2 2 5 1 3904 4002 8064
7516 2 2 5 1 4724 5454 5834
7517 2 2 5 1 4178 4194 4733
7518 2 2 5 1 6608 6611 6612
7519 2 2 5 1 4888 4887 5266
7520 2 2 5 1 3242 4986 5074
7521 2 2 5 1 1628 1586 7106
7522 2 2 5 1 3453 3455 6862
7523 2 2 5 1 3594 3703 6889
7524 2 2 5 1 1458 1459 1460
7525 2 2 5 1 5444 4405 6877
7526 2 2 5 1 1100 1083 1101
7527 2 2 5 1 1973 1974 2253
7528 2 2 5 1 4942 7696 7718
7529 2 2 5 1 2778 2519 6873
7530 2 2 5 1 1104 1103 1105
7531 2 2 5 1 4181 4182 5191
7532 2 2 5 1 3939 3938 4075
7533 2 2 5 1 5408 5409 5782
7534 2 2 5 1 258 259 2961
7535 2 2 5 1 5741 5742 5743
7536 2 2 5 1 5191 4182 5192
7537 2 2 5 1 1272 1270 1285
7538 2 2 5 1 4967 3404 7132
7539 2 2 5 1 3998 2781 3999
7540 2 2 5 1 2842 3552 4333
7541 2 2 5 1 1087 1085 1088
7542 2 2 5 1 3423 2525 7160
7543 2 2 5 1 1846 1845 1911
7544 2 2 5 1 6099 1014 6101
7545 2 2 5 1 6702 6700 6703
7546 2 2 5 1 4146 4320 5195
7547 2 2 5 1 337 338 2998
7548 2 2 5 1 6712 1513 6713
7549 2 2 5 1 3712 3971 3972
7550 2 2 5 1 822 823 824
7551 2 2 5 1 5502 8566 8913
7552 2 2 5 1 4330 3896 4560
7553 2 2 5 1 1095 1058 1289
7554 2 2 5 1 6267 6265 6631
7555 2 2 5 1 4206 4205 4207
7556 2 2 5 1 1524 1522 1525
7557 2 2 5 1 7233 8409 8532
7558 2 2 5 1 341 342 6932
7559 2 2 5 1 5201 7011 7235
7560 2 2 5 1 2430 2432 2433
7561 2 2 5 1 1827 3885 7212
7562 2 2 5 1 2721 2720 2722
7563 2 2 5 1 250 251 6749
7564 2 2 5 1 1912 1911 2037
7565 2 2 5 1 1118 1119 1120
7566 2 2 5 1 1060 1097 1290
7567 2 2 5 1 1709 1710 1711
7568 2 2 5 1 4250 4248 4295
7569 2 2 5 1 2184 2183 2187
7570 2 2 5 1 1329 1302 1330
7571 2 2 5 1 4347 1431 6671
7572 2 2 5 1 2431 6926 6927
7573 2 2 5 1 2180 2179 2181
7574 2 2 5 1 5084 4591 5085
7575 2 2 5 1 3038 360 6822
7576 2 2 5 1 4692 4690 6233
7577 2 2 5 1 2438 4344 7113
7578 2 2 5 1 4749 4780 4781
7579 2 2 5 1 2175 2172 6735
7580 2 2 5 1 2200 2199 3000
7581 2 2 5 1 2197 2198 2999
7582 2 2 5 1 334 335 6815
7583 2 2 5 1 4359 4358 4360
7584 2 2 5 1 2483 2486 6838
7585 2 2 5 1 4240 4812 4814
7586 2 2 5 1 2766 2778 3063
7587 2 2 5 1 3055 3628 6049
7588 2 2 5 1 5637 5075 5638
7589 2 2 5 1 782 928 6724
7590 2 2 5 1 1958 1983 1984
7591 2 2 5 1 1984 2056 2057
7592 2 2 5 1 1822 1579 2039
7593 2 2 5 1 5192 5196 6881
7594 2 2 5 1 3286 3403 6788
7595 2 2 5 1 2176 2175 2177
7596 2 2 5 1 3330 3333 6964
7597 2 2 5 1 2178 2177 2179
7598 2 2 5 1 1352 1274 2434
7599 2 2 5 1 1460 1461 1463
7600 2 2 5 1 4956 3771 7047
7601 2 2 5 1 6846 1149 6847
7602 2 2 5 1 278 279 6773
7603 2 2 5 1 5929 5928 6045
7604 2 2 5 1 1006 1017 1018
7605 2 2 5 1 761 257 6852
7606 2 2 5 1 659 662 663
7607 2 2 5 1 1274 1231 6804
7608 2 2 5 1 2344 2336 7058
7609 2 2 5 1 3827 3110 6699
7610 2 2 5 1 3250 3131 7001
7611 2 2 5 1 3329 4915 6859
7612 2 2 5 1 3589 3361 4237
7613 2 2 5 1 716 749 6765
7614 2 2 5 1 2102 6783 7214
7615 2 2 5 1 3093 2462 6829
7616 2 2 5 1 3543 2368 4321
7617 2 2 5 1 4044 3337 4317
7618 2 2 5 1 4044 4317 6743
7619 2 2 5 1 3565 4544 4545
7620 2 2 5 1 5195 4320 5437
7621 2 2 5 1 4853 3780 4854
7622 2 2 5 1 5184 4044 6743
7623 2 2 5 1 4145 3531 4146
7624 2 2 5 1 3773 3285 5987
7625 2 2 5 1 6437 4685 6438
7626 2 2 5 1 4648 4650 6856
7627 2 2 5 1 2458 2462 3093
7628 2 2 5 1 335 535 6815
7629 2 2 5 1 4232 4837 5932
7630 2 2 5 1 929 930 931
7631 2 2 5 1 4094 3224 4427
7632 2 2 5 1 4430 4431 4519
7633 2 2 5 1 4106 3739 5188
7634 2 2 5 1 4930 4931 4932
7635 2 2 5 1 3954 4731 4732
7636 2 2 5 1 4560 3896 6789
7637 2 2 5 1 2455 2456 2460
7638 2 2 5 1 2453 2454 2455
7639 2 2 5 1 4279 4050 4280
7640 2 2 5 1 1005 1003 6861
7641 2 2 5 1 950 2424 6824
7642 2 2 5 1 1711 1712 1713
7643 2 2 5 1 1150 1098 1173
7644 2 2 5 1 2405 1088 6692
7645 2 2 5 1 1956 1957 1958
7646 2 2 5 1 6810 6809 6811
7647 2 2 5 1 6564 4318 7030
7648 2 2 5 1 3670 4887 4888
7649 2 2 5 1 2848 2849 3556
7650 2 2 5 1 2456 2457 2458
7651 2 2 5 1 3202 2212 7068
7652 2 2 5 1 1082 1081 1083
7653 2 2 5 1 1231 1199 1249
7654 2 2 5 1 2470 2775 4357
7655 2 2 5 1 931 945 6832
7656 2 2 5 1 6208 1805 6209
7657 2 2 5 1 4030 5901 5902
7658 2 2 5 1 4537 4597 5072
7659 2 2 5 1 660 657 661
7660 2 2 5 1 1180 1150 6809
7661 2 2 5 1 3891 3238 7027
7662 2 2 5 1 337 2998 6840
7663 2 2 5 1 2451 2452 2453
7664 2 2 5 1 3401 3402 3488
7665 2 2 5 1 4596 4280 5424
7666 2 2 5 1 4359 4360 5216
7667 2 2 5 1 3029 2283 3030
7668 2 2 5 1 3251 3250 3704
7669 2 2 5 1 1180 6809 6810
7670 2 2 5 1 4256 3066 7118
7671 2 2 5 1 2855 2856 2863
7672 2 2 5 1 2478 2514 2526
7673 2 2 5 1 3070 3159 3727
7674 2 2 5 1 3670 4888 6964
7675 2 2 5 1 4333 4334 4335
7676 2 2 5 1 2452 4379 6844
7677 2 2 5 1 4770 4769 5080
7678 2 2 5 1 4345 4220 7148
7679 2 2 5 1 5216 4360 5218
7680 2 2 5 1 4357 2775 4358
7681 2 2 5 1 2331 640 6802
7682 2 2 5 1 1822 2039 2040
7683 2 2 5 1 4566 4365 6721
7684 2 2 5 1 3126 3518 3840
7685 2 2 5 1 333 334 6812
7686 2 2 5 1 3832 4714 4972
7687 2 2 5 1 5126 3706 5127
7688 2 2 5 1 3063 3492 4557
7689 2 2 5 1 702 703 706
7690 2 2 5 1 985 950 986
7691 2 2 5 1 2615 2614 2616
7692 2 2 5 1 6129 3032 7623
7693 2 2 5 1 2131 3911 6959
7694 2 2 5 1 1063 1036 2423
7695 2 2 5 1 626 625 627
7696 2 2 5 1 585 586 587
7697 2 2 5 1 702 701 703
7698 2 2 5 1 5278 5127 6258
7699 2 2 5 1 4459 4457 4943
7700 2 2 5 1 4621 5645 6038
7701 2 2 5 1 1018 1049 1050
7702 2 2 5 1 2188 2187 2283
7703 2 2 5 1 4055 4054 4612
7704 2 2 5 1 7769 6340 7850
7705 2 2 5 1 663 680 681
7706 2 2 5 1 3060 2440 7113
7707 2 2 5 1 4112 4113 4114
7708 2 2 5 1 1108 1109 7117
7709 2 2 5 1 3518 2464 6954
7710 2 2 5 1 1980 1912 7019
7711 2 2 5 1 3659 4625 4626
7712 2 2 5 1 3076 2527 3555
7713 2 2 5 1 1715 1716 1717
7714 2 2 5 1 2989 1422 2990
7715 2 2 5 1 681 684 685
7716 2 2 5 1 931 930 945
7717 2 2 5 1 1557 1428 7065
7718 2 2 5 1 3220 3909 3910
7719 2 2 5 1 685 700 701
7720 2 2 5 1 2031 2124 2444
7721 2 2 5 1 1390 6937 6938
7722 2 2 5 1 3840 4590 5087
7723 2 2 5 1 4357 4358 4359
7724 2 2 5 1 6838 3327 6859
7725 2 2 5 1 4532 3890 4533
7726 2 2 5 1 4590 3518 4591
7727 2 2 5 1 2416 2106 6682
7728 2 2 5 1 1344 1343 1345
7729 2 2 5 1 950 941 2424
7730 2 2 5 1 1713 1714 1715
7731 2 2 5 1 709 718 728
7732 2 2 5 1 4116 4117 4118
7733 2 2 5 1 2613 2611 2614
7734 2 2 5 1 4335 4336 4870
7735 2 2 5 1 929 783 930
7736 2 2 5 1 10 9 1276
7737 2 2 5 1 4650 4779 4934
7738 2 2 5 1 3235 4051 4275
7739 2 2 5 1 1707 1708 1709
7740 2 2 5 1 2170 4834 6771
7741 2 2 5 1 2350 2348 2351
7742 2 2 5 1 1016 986 1033
7743 2 2 5 1 2023 2042 7141
7744 2 2 5 1 2486 2550 3327
7745 2 2 5 1 6755 6506 6954
7746 2 2 5 1 4287 3891 5199
7747 2 2 5 1 3067 4255 7123
7748 2 2 5 1 2511 2506 4985
7749 2 2 5 1 3076 4330 6858
7750 2 2 5 1 258 2961 6852
7751 2 2 5 1 12 11 2784
7752 2 2 5 1 5031 3482 7447
7753 2 2 5 1 2526 2514 2527
7754 2 2 5 1 642 1242 6802
7755 2 2 5 1 706 707 6851
7756 2 2 5 1 4114 4115 4116
7757 2 2 5 1 2101 2102 2103
7758 2 2 5 1 3033 2573 3035
7759 2 2 5 1 3951 5182 5183
7760 2 2 5 1 1369 1353 6971
7761 2 2 5 1 3836 3156 3890
7762 2 2 5 1 3172 3671 3672
7763 2 2 5 1 3591 3487 4689
7764 2 2 5 1 1100 1101 6787
7765 2 2 5 1 2920 3184 4548
7766 2 2 5 1 4385 3771 4956
7767 2 2 5 1 4551 4408 4552
7768 2 2 5 1 3286 2435 3403
7769 2 2 5 1 4870 4871 6014
7770 2 2 5 1 3855 3853 4099
7771 2 2 5 1 1717 1716 6760
7772 2 2 5 1 2691 2681 4445
7773 2 2 5 1 3896 3555 4666
7774 2 2 5 1 1231 1249 6804
7775 2 2 5 1 5323 5522 5523
7776 2 2 5 1 4428 4429 4430
7777 2 2 5 1 2822 3973 6994
7778 2 2 5 1 1390 6936 6937
7779 2 2 5 1 5191 5192 6881
7780 2 2 5 1 5159 2305 6298
7781 2 2 5 1 3465 4361 6869
7782 2 2 5 1 6673 3051 7761
7783 2 2 5 1 678 661 679
7784 2 2 5 1 4506 6867 6965
7785 2 2 5 1 3411 3412 3413
7786 2 2 5 1 4322 4321 4323
7787 2 2 5 1 1409 2987 2988
7788 2 2 5 1 4888 6697 6964
7789 2 2 5 1 3793 3286 6788
7790 2 2 5 1 3885 4902 6036
7791 2 2 5 1 3498 3035 3499
7792 2 2 5 1 3901 4536 4537
7793 2 2 5 1 939 931 941
7794 2 2 5 1 2767 6296 7044
7795 2 2 5 1 698 683 699
7796 2 2 5 1 1080 1079 1081
7797 2 2 5 1 5234 4323 5235
7798 2 2 5 1 682 679 683
7799 2 2 5 1 6539 6552 7534
7800 2 2 5 1 2075 1999 2076
7801 2 2 5 1 6104 6105 6106
7802 2 2 5 1 4507 4506 4941
7803 2 2 5 1 4358 6464 6882
7804 2 2 5 1 3062 2193 3313
7805 2 2 5 1 1723 1724 1725
7806 2 2 5 1 949 941 950
7807 2 2 5 1 927 783 929
7808 2 2 5 1 782 766 783
7809 2 2 5 1 2133 2132 2801
7810 2 2 5 1 4506 3812 6867
7811 2 2 5 1 765 750 766
7812 2 2 5 1 4787 6432 8470
7813 2 2 5 1 3327 2550 3328
7814 2 2 5 1 699 704 705
7815 2 2 5 1 2745 2744 2746
7816 2 2 5 1 749 717 750
7817 2 2 5 1 2165 2163 2947
7818 2 2 5 1 5806 5808 7946
7819 2 2 5 1 1352 2434 2451
7820 2 2 5 1 1725 1726 1727
7821 2 2 5 1 1721 1722 1723
7822 2 2 5 1 4000 1267 4001
7823 2 2 5 1 4187 5392 6032
7824 2 2 5 1 2452 2434 4379
7825 2 2 5 1 2093 2092 6675
7826 2 2 5 1 5300 5297 7633
7827 2 2 5 1 1432 1433 1578
7828 2 2 5 1 3812 3370 6867
7829 2 2 5 1 3076 3896 4330
7830 2 2 5 1 2458 2459 2462
7831 2 2 5 1 1827 1988 3885
7832 2 2 5 1 2456 2454 2457
7833 2 2 5 1 723 709 6960
7834 2 2 5 1 4204 4203 4205
7835 2 2 5 1 1578 1433 1579
7836 2 2 5 1 3411 6683 6876
7837 2 2 5 1 2486 3327 6838
7838 2 2 5 1 35 34 475
7839 2 2 5 1 14 13 476
7840 2 2 5 1 2802 2801 3086
7841 2 2 5 1 4097 2990 4098
7842 2 2 5 1 4664 4663 5121
7843 2 2 5 1 2105 2106 2107
7844 2 2 5 1 4805 3842 7115
7845 2 2 5 1 4118 4119 4120
7846 2 2 5 1 2256 2311 2848
7847 2 2 5 1 5192 5193 5194
7848 2 2 5 1 2092 2825 6675
7849 2 2 5 1 5127 3706 7001
7850 2 2 5 1 2107 2120 2121
7851 2 2 5 1 2895 2358 2896
7852 2 2 5 1 2462 2463 3011
7853 2 2 5 1 6334 4922 7631
7854 2 2 5 1 3360 3347 3361
7855 2 2 5 1 1333 1431 1432
7856 2 2 5 1 3327 3329 6859
7857 2 2 5 1 5192 5194 5196
7858 2 2 5 1 4888 5266 6126
7859 2 2 5 1 3329 3332 4915
7860 2 2 5 1 6828 2526 6858
7861 2 2 5 1 2121 2805 2806
7862 2 2 5 1 5085 6507 6508
7863 2 2 5 1 4202 4201 4203
7864 2 2 5 1 3126 3840 6976
7865 2 2 5 1 5672 5671 5675
7866 2 2 5 1 1050 1084 1085
7867 2 2 5 1 716 715 717
7868 2 2 5 1 1015 986 1016
7869 2 2 5 1 4999 3433 7221
7870 2 2 5 1 3830 4993 4994
7871 2 2 5 1 2174 2172 2175
7872 2 2 5 1 5196 5197 5505
7873 2 2 5 1 1727 1728 1729
7874 2 2 5 1 1338 1328 7038
7875 2 2 5 1 4505 3812 4506
7876 2 2 5 1 2379 2381 2382
7877 2 2 5 1 4956 7127 7238
7878 2 2 5 1 1773 1771 1784
7879 2 2 5 1 5012 3447 7325
7880 2 2 5 1 2526 3076 6858
7881 2 2 5 1 2426 706 6851
7882 2 2 5 1 2170 3053 3054
7883 2 2 5 1 3920 4150 4659
7884 2 2 5 1 1064 1063 1098
7885 2 2 5 1 1035 1016 1036
7886 2 2 5 1 1055 1036 1063
7887 2 2 5 1 1748 1745 6988
7888 2 2 5 1 3850 3794 4181
7889 2 2 5 1 1099 1098 1150
7890 2 2 5 1 824 825 826
7891 2 2 5 1 2699 2765 7087
7892 2 2 5 1 5208 4099 5681
7893 2 2 5 1 1158 1194 1195
7894 2 2 5 1 3391 3389 3602
7895 2 2 5 1 1151 1150 1180
7896 2 2 5 1 4875 4897 6129
7897 2 2 5 1 1761 1759 1762
7898 2 2 5 1 2701 2707 2714
7899 2 2 5 1 2449 269 6943
7900 2 2 5 1 1181 1180 1199
7901 2 2 5 1 3051 6679 7036
7902 2 2 5 1 1138 1157 1158
7903 2 2 5 1 4386 3420 5064
7904 2 2 5 1 2807 2030 2808
7905 2 2 5 1 2470 2471 2775
7906 2 2 5 1 750 717 1499
7907 2 2 5 1 4275 5177 5178
7908 2 2 5 1 703 701 6679
7909 2 2 5 1 1328 1326 7038
7910 2 2 5 1 2988 4101 4102
7911 2 2 5 1 2743 2742 2744
7912 2 2 5 1 826 827 828
7913 2 2 5 1 5192 4182 5193
7914 2 2 5 1 5205 4181 6841
7915 2 2 5 1 3945 3718 3946
7916 2 2 5 1 2741 2740 2742
7917 2 2 5 1 744 358 6848
7918 2 2 5 1 3786 4846 4847
7919 2 2 5 1 2765 2920 6806
7920 2 2 5 1 2357 2354 2358
7921 2 2 5 1 3370 2532 6975
7922 2 2 5 1 3103 3102 6842
7923 2 2 5 1 3111 3171 3172
7924 2 2 5 1 4563 4562 5058
7925 2 2 5 1 1807 1858 6801
7926 2 2 5 1 4298 4297 4299
7927 2 2 5 1 2390 2867 2868
7928 2 2 5 1 1115 1116 1117
7929 2 2 5 1 2475 2478 6828
7930 2 2 5 1 1195 1269 1270
7931 2 2 5 1 5099 5098 6342
7932 2 2 5 1 2975 2873 6827
7933 2 2 5 1 1200 1199 1231
7934 2 2 5 1 358 359 6848
7935 2 2 5 1 3465 3966 4052
7936 2 2 5 1 966 729 6898
7937 2 2 5 1 1729 1730 1731
7938 2 2 5 1 714 715 716
7939 2 2 5 1 5632 4587 5633
7940 2 2 5 1 5196 5194 5197
7941 2 2 5 1 6522 7291 7541
7942 2 2 5 1 930 783 6972
7943 2 2 5 1 2460 6755 6954
7944 2 2 5 1 3036 2175 6735
7945 2 2 5 1 3387 3382 3388
7946 2 2 5 1 1123 1137 1138
7947 2 2 5 1 1539 1541 7067
7948 2 2 5 1 5217 5216 5607
7949 2 2 5 1 5629 5150 8316
7950 2 2 5 1 2806 3102 3103
7951 2 2 5 1 1844 1782 1845
7952 2 2 5 1 1089 1122 1123
7953 2 2 5 1 4690 5071 6233
7954 2 2 5 1 7 6 477
7955 2 2 5 1 43 42 478
7956 2 2 5 1 3357 6357 7436
7957 2 2 5 1 1606 1824 3401
7958 2 2 5 1 4146 4319 4320
7959 2 2 5 1 7409 2556 7476
7960 2 2 5 1 1300 1325 1326
7961 2 2 5 1 6219 6218 7713
7962 2 2 5 1 1236 6933 6934
7963 2 2 5 1 21 20 474
7964 2 2 5 1 515 253 6904
7965 2 2 5 1 2467 2470 6836
7966 2 2 5 1 2901 2978 6476
7967 2 2 5 1 5607 7675 8725
7968 2 2 5 1 750 1499 6839
7969 2 2 5 1 1719 1720 1721
7970 2 2 5 1 2040 2171 2172
7971 2 2 5 1 3840 5088 6976
7972 2 2 5 1 6579 5127 7001
7973 2 2 5 1 2712 6514 7009
7974 2 2 5 1 6203 1494 7201
7975 2 2 5 1 3650 4878 4879
7976 2 2 5 1 1807 1857 1858
7977 2 2 5 1 5194 5922 6892
7978 2 2 5 1 5317 3905 7068
7979 2 2 5 1 5754 5752 5755
7980 2 2 5 1 2723 2722 2724
7981 2 2 5 1 2342 3219 3220
7982 2 2 5 1 3343 3341 3359
7983 2 2 5 1 1548 1606 7035
7984 2 2 5 1 5324 4151 6186
7985 2 2 5 1 3559 3313 3560
7986 2 2 5 1 6677 2966 6678
7987 2 2 5 1 2303 1540 6338
7988 2 2 5 1 1981 3416 7149
7989 2 2 5 1 4120 4121 4122
7990 2 2 5 1 4407 4276 6834
7991 2 2 5 1 5193 4182 6970
7992 2 2 5 1 2213 3202 3639
7993 2 2 5 1 4702 4243 6761
7994 2 2 5 1 6937 6936 6942
7995 2 2 5 1 2478 2526 6828
7996 2 2 5 1 2617 2616 2623
7997 2 2 5 1 3827 6701 6830
7998 2 2 5 1 5194 5193 5922
7999 2 2 5 1 4309 5540 5609
8000 2 2 5 1 28 27 473
8001 2 2 5 1 4125 6283 6425
8002 2 2 5 1 4259 6843 7747
8003 2 2 5 1 1775 1779 3068
8004 2 2 5 1 2780 4257 7275
8005 2 2 5 1 2060 2061 2062
8006 2 2 5 1 6924 4563 6925
8007 2 2 5 1 2667 2668 2669
8008 2 2 5 1 3717 3560 3718
8009 2 2 5 1 3319 3600 4618
8010 2 2 5 1 363 6794 6797
8011 2 2 5 1 7790 6448 7834
8012 2 2 5 1 3040 3041 3042
8013 2 2 5 1 6411 6410 6413
8014 2 2 5 1 1308 5607 8736
8015 2 2 5 1 2501 2499 7021
8016 2 2 5 1 6264 6265 6267
8017 2 2 5 1 949 950 985
8018 2 2 5 1 685 701 702
8019 2 2 5 1 2684 2685 2694
8020 2 2 5 1 1731 1732 1733
8021 2 2 5 1 2818 2831 2832
8022 2 2 5 1 3220 4331 6588
8023 2 2 5 1 3109 3110 3111
8024 2 2 5 1 2209 2210 2211
8025 2 2 5 1 2039 1579 6759
8026 2 2 5 1 2447 6946 6947
8027 2 2 5 1 2385 2389 2390
8028 2 2 5 1 2679 2680 2684
8029 2 2 5 1 3837 3404 4967
8030 2 2 5 1 2186 2174 6963
8031 2 2 5 1 4723 3777 7040
8032 2 2 5 1 1087 1088 1089
8033 2 2 5 1 2447 6945 6946
8034 2 2 5 1 2669 2670 2675
8035 2 2 5 1 2429 2428 2430
8036 2 2 5 1 5197 6892 6893
8037 2 2 5 1 3105 3106 3107
8038 2 2 5 1 965 996 1333
8039 2 2 5 1 3859 4748 4749
8040 2 2 5 1 1078 1077 1079
8041 2 2 5 1 2011 1856 2094
8042 2 2 5 1 2520 2519 2766
8043 2 2 5 1 929 931 939
8044 2 2 5 1 3381 3384 6791
8045 2 2 5 1 1000 3415 6901
8046 2 2 5 1 1007 1002 1430
8047 2 2 5 1 3794 3793 6970
8048 2 2 5 1 1535 7473 7632
8049 2 2 5 1 2458 2457 2459
8050 2 2 5 1 4505 4506 4507
8051 2 2 5 1 2041 1798 2218
8052 2 2 5 1 5923 5193 6970
8053 2 2 5 1 2697 2698 2703
8054 2 2 5 1 3637 2946 4744
8055 2 2 5 1 1119 1117 2602
8056 2 2 5 1 4867 4265 5168
8057 2 2 5 1 707 709 723
8058 2 2 5 1 5219 4163 5501
8059 2 2 5 1 706 703 707
8060 2 2 5 1 199 200 6777
8061 2 2 5 1 1541 1562 7067
8062 2 2 5 1 766 750 6839
8063 2 2 5 1 2109 2046 2132
8064 2 2 5 1 5218 4360 6433
8065 2 2 5 1 2406 3768 4474
8066 2 2 5 1 3886 3887 4529
8067 2 2 5 1 4943 7006 7080
8068 2 2 5 1 3380 3379 3381
8069 2 2 5 1 4276 3795 4908
8070 2 2 5 1 716 717 749
8071 2 2 5 1 2505 2496 2512
8072 2 2 5 1 3735 3736 3737
8073 2 2 5 1 3407 3409 3411
8074 2 2 5 1 2513 2512 2519
8075 2 2 5 1 2211 2212 2213
8076 2 2 5 1 2467 2469 2470
8077 2 2 5 1 4507 4941 4942
8078 2 2 5 1 949 985 2443
8079 2 2 5 1 2475 2477 2478
8080 2 2 5 1 277 551 6912
8081 2 2 5 1 4276 4908 6834
8082 2 2 5 1 2462 2459 2463
8083 2 2 5 1 4277 4408 4551
8084 2 2 5 1 2739 2738 2740
8085 2 2 5 1 3606 3607 6167
8086 2 2 5 1 2478 2479 2514
8087 2 2 5 1 640 642 6802
8088 2 2 5 1 1533 1532 1534
8089 2 2 5 1 5456 5138 5457
8090 2 2 5 1 6429 6428 6430
8091 2 2 5 1 749 750 765
8092 2 2 5 1 939 941 949
8093 2 2 5 1 3777 3766 7040
8094 2 2 5 1 1337 1338 1339
8095 2 2 5 1 6784 4317 7177
8096 2 2 5 1 2836 3584 3585
8097 2 2 5 1 765 766 782
8098 2 2 5 1 2828 2820 2829
8099 2 2 5 1 985 986 1015
8100 2 2 5 1 782 783 927
8101 2 2 5 1 2968 2166 2970
8102 2 2 5 1 4200 4199 4201
8103 2 2 5 1 2471 2473 6870
8104 2 2 5 1 4126 4125 6425
8105 2 2 5 1 2346 1335 4381
8106 2 2 5 1 714 705 715
8107 2 2 5 1 699 683 704
8108 2 2 5 1 4138 6949 6950
8109 2 2 5 1 4138 350 6948
8110 2 2 5 1 1858 1941 1942
8111 2 2 5 1 4666 4667 5026
8112 2 2 5 1 4122 4123 4124
8113 2 2 5 1 1942 2092 2093
8114 2 2 5 1 6739 385 7540
8115 2 2 5 1 2444 2956 2980
8116 2 2 5 1 2062 2142 2143
8117 2 2 5 1 1015 1035 1149
8118 2 2 5 1 1213 1215 6899
8119 2 2 5 1 2703 2704 2760
8120 2 2 5 1 2145 2943 3070
8121 2 2 5 1 1341 1368 1597
8122 2 2 5 1 6804 1249 7218
8123 2 2 5 1 3190 3647 4428
8124 2 2 5 1 269 270 6943
8125 2 2 5 1 7342 2549 7443
8126 2 2 5 1 1327 4289 6385
8127 2 2 5 1 6358 2324 7260
8128 2 2 5 1 4138 6948 6949
8129 2 2 5 1 2506 2501 7021
8130 2 2 5 1 2367 3078 4329
8131 2 2 5 1 4679 6452 6453
8132 2 2 5 1 3626 3627 4082
8133 2 2 5 1 4358 2775 6464
8134 2 2 5 1 2143 2833 2834
8135 2 2 5 1 1000 998 3415
8136 2 2 5 1 900 899 901
8137 2 2 5 1 784 340 6929
8138 2 2 5 1 2470 4357 6836
8139 2 2 5 1 3133 3131 3250
8140 2 2 5 1 2425 6920 7003
8141 2 2 5 1 2961 259 6855
8142 2 2 5 1 340 341 6929
8143 2 2 5 1 1232 1231 1274
8144 2 2 5 1 1806 1807 6801
8145 2 2 5 1 896 895 897
8146 2 2 5 1 3048 3464 3465
8147 2 2 5 1 4142 3746 5137
8148 2 2 5 1 360 361 6822
8149 2 2 5 1 2712 2713 2861
8150 2 2 5 1 4658 3899 6850
8151 2 2 5 1 3739 1808 7065
8152 2 2 5 1 709 728 6960
8153 2 2 5 1 888 887 889
8154 2 2 5 1 361 362 510
8155 2 2 5 1 2717 2700 2718
8156 2 2 5 1 252 253 515
8157 2 2 5 1 4648 4649 4650
8158 2 2 5 1 3779 3188 4575
8159 2 2 5 1 2461 2460 2464
8160 2 2 5 1 5197 5194 6892
8161 2 2 5 1 2968 2970 3511
8162 2 2 5 1 3803 3801 6962
8163 2 2 5 1 1512 1513 1514
8164 2 2 5 1 2207 2208 2209
8165 2 2 5 1 4728 3546 6845
8166 2 2 5 1 4609 4805 4806
8167 2 2 5 1 2052 2157 2158
8168 2 2 5 1 254 2445 6904
8169 2 2 5 1 3867 7045 7250
8170 2 2 5 1 4487 2808 6716
8171 2 2 5 1 4724 3602 5454
8172 2 2 5 1 6940 6937 6942
8173 2 2 5 1 927 929 6920
8174 2 2 5 1 5357 5471 8103
8175 2 2 5 1 2714 2715 2926
8176 2 2 5 1 2174 2175 2176
8177 2 2 5 1 336 337 6840
8178 2 2 5 1 5153 5630 8317
8179 2 2 5 1 2353 2351 2354
8180 2 2 5 1 2174 2176 6963
8181 2 2 5 1 3470 4159 4370
8182 2 2 5 1 7113 4344 7114
8183 2 2 5 1 2861 2984 3587
8184 2 2 5 1 4296 4295 4297
8185 2 2 5 1 1983 1957 7116
8186 2 2 5 1 1547 1392 7756
8187 2 2 5 1 4459 4943 4944
8188 2 2 5 1 1208 1186 1211
8189 2 2 5 1 904 903 905
8190 2 2 5 1 1252 343 6944
8191 2 2 5 1 4006 4007 5209
8192 2 2 5 1 343 344 6944
8193 2 2 5 1 5217 5607 5608
8194 2 2 5 1 1956 1958 6914
8195 2 2 5 1 2169 2290 2291
8196 2 2 5 1 4833 3803 6962
8197 2 2 5 1 2733 2732 2734
8198 2 2 5 1 1597 1598 1868
8199 2 2 5 1 3019 2735 6351
8200 2 2 5 1 335 336 535
8201 2 2 5 1 5124 3999 5224
8202 2 2 5 1 2180 2181 2182
8203 2 2 5 1 4977 4976 6916
8204 2 2 5 1 4359 5216 5217
8205 2 2 5 1 6508 6507 6509
8206 2 2 5 1 2439 2441 3026
8207 2 2 5 1 889 891 6590
8208 2 2 5 1 1888 1837 1943
8209 2 2 5 1 3801 2186 6963
8210 2 2 5 1 4645 4647 4648
8211 2 2 5 1 3163 2866 3164
8212 2 2 5 1 1393 1548 7035
8213 2 2 5 1 1015 1016 1035
8214 2 2 5 1 3333 3670 6964
8215 2 2 5 1 3839 3705 3938
8216 2 2 5 1 4163 3050 6927
8217 2 2 5 1 1275 1274 1352
8218 2 2 5 1 5104 5116 5744
8219 2 2 5 1 1035 1036 1055
8220 2 2 5 1 1055 1063 1064
8221 2 2 5 1 2034 1943 2036
8222 2 2 5 1 1821 1579 1822
8223 2 2 5 1 3511 2970 3512
8224 2 2 5 1 1064 1098 1099
8225 2 2 5 1 5756 5755 5757
8226 2 2 5 1 277 278 551
8227 2 2 5 1 37 36 2788
8228 2 2 5 1 1484 1557 1806
8229 2 2 5 1 2427 2426 2428
8230 2 2 5 1 1099 1150 1151
8231 2 2 5 1 2176 2177 2178
8232 2 2 5 1 1562 1543 1563
8233 2 2 5 1 5740 4166 7083
8234 2 2 5 1 3201 3630 3778
8235 2 2 5 1 2178 2179 2180
8236 2 2 5 1 1151 1180 1181
8237 2 2 5 1 350 351 6948
8238 2 2 5 1 2619 2617 7002
8239 2 2 5 1 2442 276 6912
8240 2 2 5 1 1334 2377 4383
8241 2 2 5 1 5935 3789 5936
8242 2 2 5 1 2464 2460 6954
8243 2 2 5 1 2794 2793 4638
8244 2 2 5 1 4389 6639 7519
8245 2 2 5 1 4095 4096 5156
8246 2 2 5 1 3996 3512 6672
8247 2 2 5 1 1834 1836 7344
8248 2 2 5 1 2303 6338 6957
8249 2 2 5 1 256 761 6919
8250 2 2 5 1 275 2442 6921
8251 2 2 5 1 4328 5075 5637
8252 2 2 5 1 3667 3669 3786
8253 2 2 5 1 3344 3346 7142
8254 2 2 5 1 253 254 6904
8255 2 2 5 1 1365 1428 1484
8256 2 2 5 1 6021 4256 7118
8257 2 2 5 1 41 40 2770
8258 2 2 5 1 766 6839 6972
8259 2 2 5 1 1111 2288 6698
8260 2 2 5 1 4146 3531 4319
8261 2 2 5 1 6929 341 6932
8262 2 2 5 1 254 255 2445
8263 2 2 5 1 4035 5413 5414
8264 2 2 5 1 257 258 6852
8265 2 2 5 1 3634 3633 4087
8266 2 2 5 1 4364 4562 4563
8267 2 2 5 1 3333 3334 3666
8268 2 2 5 1 2182 2183 2184
8269 2 2 5 1 1950 1949 2166
8270 2 2 5 1 3845 3335 4033
8271 2 2 5 1 1791 1623 1837
8272 2 2 5 1 2069 2067 7004
8273 2 2 5 1 4720 4910 5475
8274 2 2 5 1 3898 3899 4658
8275 2 2 5 1 3226 4032 4175
8276 2 2 5 1 4031 3225 4176
8277 2 2 5 1 5085 6506 6507
8278 2 2 5 1 6950 6949 6951
8279 2 2 5 1 3287 3794 3850
8280 2 2 5 1 923 962 6909
8281 2 2 5 1 2240 2241 3740
8282 2 2 5 1 2167 2166 2968
8283 2 2 5 1 1181 1199 1200
8284 2 2 5 1 2906 2908 2909
8285 2 2 5 1 2445 255 6919
8286 2 2 5 1 1310 1351 1365
8287 2 2 5 1 981 2655 6874
8288 2 2 5 1 2483 2485 2486
8289 2 2 5 1 6962 3801 6963
8290 2 2 5 1 4685 3707 6473
8291 2 2 5 1 1386 1566 4006
8292 2 2 5 1 4075 5552 6705
8293 2 2 5 1 1323 1322 1324
8294 2 2 5 1 3413 3412 3759
8295 2 2 5 1 276 277 6912
8296 2 2 5 1 2166 1949 7112
8297 2 2 5 1 3511 3512 3722
8298 2 2 5 1 4294 2845 6193
8299 2 2 5 1 4076 4075 6705
8300 2 2 5 1 4379 7218 7251
8301 2 2 5 1 2926 2927 3275
8302 2 2 5 1 2880 2878 2881
8303 2 2 5 1 275 276 2442
8304 2 2 5 1 1578 1579 1821
8305 2 2 5 1 2621 2619 2793
8306 2 2 5 1 2508 2509 2510
8307 2 2 5 1 6584 5466 7037
8308 2 2 5 1 2196 2239 2240
8309 2 2 5 1 463 462 5806
8310 2 2 5 1 2980 3713 3766
8311 2 2 5 1 2327 2325 4394
8312 2 2 5 1 1840 2059 2060
8313 2 2 5 1 765 782 6724
8314 2 2 5 1 2465 2464 3126
8315 2 2 5 1 1878 1986 1987
8316 2 2 5 1 3811 3370 3812
8317 2 2 5 1 2613 2614 2615
8318 2 2 5 1 7020 2850 7084
8319 2 2 5 1 4806 5811 5812
8320 2 2 5 1 3042 3043 3044
8321 2 2 5 1 1987 2111 2112
8322 2 2 5 1 3764 3060 7113
8323 2 2 5 1 964 274 6921
8324 2 2 5 1 2226 2608 2609
8325 2 2 5 1 6928 4347 7135
8326 2 2 5 1 274 275 6921
8327 2 2 5 1 4320 4319 4827
8328 2 2 5 1 3368 2532 3370
8329 2 2 5 1 5401 6716 6717
8330 2 2 5 1 2641 2642 2643
8331 2 2 5 1 898 7460 7631
8332 2 2 5 1 2382 2384 2385
8333 2 2 5 1 1873 1874 1878
8334 2 2 5 1 1115 1118 6915
8335 2 2 5 1 5024 5581 5582
8336 2 2 5 1 3722 3512 3996
8337 2 2 5 1 3511 3722 3964
8338 2 2 5 1 2112 2195 2196
8339 2 2 5 1 2708 2727 3244
8340 2 2 5 1 255 256 6919
8341 2 2 5 1 2486 2487 2550
8342 2 2 5 1 3722 3996 4821
8343 2 2 5 1 357 358 744
8344 2 2 5 1 256 257 761
8345 2 2 5 1 273 964 6935
8346 2 2 5 1 355 2446 6933
8347 2 2 5 1 752 2583 7289
8348 2 2 5 1 339 340 784
8349 2 2 5 1 2659 2661 3752
8350 2 2 5 1 2689 2696 2697
8351 2 2 5 1 3251 3704 3705
8352 2 2 5 1 783 766 6972
8353 2 2 5 1 272 6935 6936
8354 2 2 5 1 273 274 964
8355 2 2 5 1 355 356 2446
8356 2 2 5 1 272 273 6935
8357 2 2 5 1 1236 354 6933
8358 2 2 5 1 354 355 6933
8359 2 2 5 1 342 343 1252
8360 2 2 5 1 1390 271 6936
8361 2 2 5 1 2470 2469 2471
8362 2 2 5 1 271 272 6936
8363 2 2 5 1 3850 4181 5205
8364 2 2 5 1 2447 352 6945
8365 2 2 5 1 262 2448 6952
8366 2 2 5 1 2898 2900 2901
8367 2 2 5 1 3330 3331 3333
8368 2 2 5 1 353 354 1236
8369 2 2 5 1 353 1236 6945
8370 2 2 5 1 260 261 1237
8371 2 2 5 1 270 271 1390
8372 2 2 5 1 1237 261 6952
8373 2 2 5 1 4137 267 6953
8374 2 2 5 1 3800 2186 3801
8375 2 2 5 1 351 352 2447
8376 2 2 5 1 262 263 2448
8377 2 2 5 1 268 269 2449
8378 2 2 5 1 352 353 6945
8379 2 2 5 1 268 2449 6953
8380 2 2 5 1 261 262 6952
8381 2 2 5 1 345 346 1945
8382 2 2 5 1 267 268 6953
8383 2 2 5 1 266 267 4137
8384 2 2 5 1 349 350 4138
8385 2 2 5 1 1272 1285 1286
8386 2 2 5 1 4124 4125 4126
8387 2 2 5 1 2655 2657 3017
8388 2 2 5 1 4300 4299 4301
8389 2 2 5 1 2433 2815 3475
8390 2 2 5 1 1475 1477 1478
8391 2 2 5 1 4144 4143 6198
8392 2 2 5 1 2731 2730 2732
8393 2 2 5 1 2622 7078 7120
8394 2 2 5 1 1115 1113 1116
8395 2 2 5 1 4385 4956 4957
8396 2 2 5 1 4504 3812 4505
8397 2 2 5 1 7331 6483 7596
8398 2 2 5 1 2527 2514 6468
8399 2 2 5 1 1286 1309 1310
8400 2 2 5 1 4941 4506 6965
8401 2 2 5 1 6948 6947 6949
8402 2 2 5 1 659 663 4968
8403 2 2 5 1 2167 2968 2969
8404 2 2 5 1 2131 2986 3911
8405 2 2 5 1 6505 5317 7068
8406 2 2 5 1 1877 2131 6959
8407 2 2 5 1 4353 5029 5030
8408 2 2 5 1 4068 4067 6477
8409 2 2 5 1 4255 6016 7123
8410 2 2 5 1 6836 4357 7005
8411 2 2 5 1 2320 2039 6759
8412 2 2 5 1 2124 2032 3007
8413 2 2 5 1 3033 3035 3498
8414 2 2 5 1 2706 2711 2712
8415 2 2 5 1 702 706 2420
8416 2 2 5 1 6867 3370 6975
8417 2 2 5 1 2872 2870 2873
8418 2 2 5 1 4151 5308 6186
8419 2 2 5 1 2420 706 2426
8420 2 2 5 1 4343 4341 5341
8421 2 2 5 1 4136 3803 4833
8422 2 2 5 1 6931 6929 6932
8423 2 2 5 1 4178 4177 4194
8424 2 2 5 1 4162 3050 4163
8425 2 2 5 1 2444 2124 2956
8426 2 2 5 1 2425 927 6920
8427 2 2 5 1 3490 930 6972
8428 2 2 5 1 2805 2120 7177
8429 2 2 5 1 4479 4480 5135
8430 2 2 5 1 1832 1862 1863
8431 2 2 5 1 2478 2477 2479
8432 2 2 5 1 4359 5217 7005
8433 2 2 5 1 32 31 1288
8434 2 2 5 1 1953 1952 1954
8435 2 2 5 1 2663 2666 2667
8436 2 2 5 1 1735 1736 1737
8437 2 2 5 1 6041 2959 6042
8438 2 2 5 1 17 16 1287
8439 2 2 5 1 4237 5647 5648
8440 2 2 5 1 2463 2466 2467
8441 2 2 5 1 4050 3186 7095
8442 2 2 5 1 3730 4169 4826
8443 2 2 5 1 3764 7113 7114
8444 2 2 5 1 1650 1852 6922
8445 2 2 5 1 2974 4355 7422
8446 2 2 5 1 1188 1210 1217
8447 2 2 5 1 1109 1107 1110
8448 2 2 5 1 1355 1353 1369
8449 2 2 5 1 3044 3089 3090
8450 2 2 5 1 2184 2187 2188
8451 2 2 5 1 3321 2558 7409
8452 2 2 5 1 2560 3867 7250
8453 2 2 5 1 2639 2640 2641
8454 2 2 5 1 1514 1515 1516
8455 2 2 5 1 980 1019 1020
8456 2 2 5 1 4360 4358 6882
8457 2 2 5 1 4875 4349 4897
8458 2 2 5 1 3140 3702 3725
8459 2 2 5 1 3129 3127 3130
8460 2 2 5 1 3498 3499 4549
8461 2 2 5 1 5220 4733 5363
8462 2 2 5 1 4486 5399 5783
8463 2 2 5 1 5026 4667 5027
8464 2 2 5 1 1852 2002 2097
8465 2 2 5 1 1370 1369 6987
8466 2 2 5 1 2262 2264 7023
8467 2 2 5 1 4942 4941 6966
8468 2 2 5 1 1040 1024 2372
8469 2 2 5 1 3050 2431 6927
8470 2 2 5 1 679 661 2450
8471 2 2 5 1 4182 3794 6970
8472 2 2 5 1 2159 2158 2160
8473 2 2 5 1 2052 2051 2157
8474 2 2 5 1 3130 3127 6976
8475 2 2 5 1 5189 3739 7065
8476 2 2 5 1 1950 2166 2167
8477 2 2 5 1 2674 2678 2679
8478 2 2 5 1 1200 1231 1232
8479 2 2 5 1 2447 6947 6948
8480 2 2 5 1 2031 2032 2124
8481 2 2 5 1 1022 1042 2375
8482 2 2 5 1 5922 5193 5923
8483 2 2 5 1 3595 2918 4303
8484 2 2 5 1 351 2447 6948
8485 2 2 5 1 4666 3555 4667
8486 2 2 5 1 1869 1871 1873
8487 2 2 5 1 4078 4598 4824
8488 2 2 5 1 4035 5414 7105
8489 2 2 5 1 1222 1302 1329
8490 2 2 5 1 1212 1211 1311
8491 2 2 5 1 3295 3292 7025
8492 2 2 5 1 1064 1099 1256
8493 2 2 5 1 2188 2283 3029
8494 2 2 5 1 3677 3678 3679
8495 2 2 5 1 3503 3533 4095
8496 2 2 5 1 1115 1117 1118
8497 2 2 5 1 1886 2017 2018
8498 2 2 5 1 3426 3427 3898
8499 2 2 5 1 2406 4474 7038
8500 2 2 5 1 1217 1218 1312
8501 2 2 5 1 1633 1628 7106
8502 2 2 5 1 5449 4847 5450
8503 2 2 5 1 4648 4647 4649
8504 2 2 5 1 1066 1139 1140
8505 2 2 5 1 1396 8224 8237
8506 2 2 5 1 4521 4520 4553
8507 2 2 5 1 1973 1430 1974
8508 2 2 5 1 5085 4591 6506
8509 2 2 5 1 2890 3592 4305
8510 2 2 5 1 7078 4643 7120
8511 2 2 5 1 1737 1738 1739
8512 2 2 5 1 5287 5286 5288
8513 2 2 5 1 4375 4822 5201
8514 2 2 5 1 1668 1669 1670
8515 2 2 5 1 2775 2471 6870
8516 2 2 5 1 4827 6400 6497
8517 2 2 5 1 1823 1821 1949
8518 2 2 5 1 3075 2525 3423
8519 2 2 5 1 1020 1065 1066
8520 2 2 5 1 3706 3250 7001
8521 2 2 5 1 5280 5281 5282
8522 2 2 5 1 4996 3482 5031
8523 2 2 5 1 2500 2501 2502
8524 2 2 5 1 3378 3376 3379
8525 2 2 5 1 2244 5050 7103
8526 2 2 5 1 5217 6837 7005
8527 2 2 5 1 3300 3301 3302
8528 2 2 5 1 2451 2453 4371
8529 2 2 5 1 6471 6550 6551
8530 2 2 5 1 3800 3801 3802
8531 2 2 5 1 19 18 2972
8532 2 2 5 1 2320 6759 6928
8533 2 2 5 1 1341 1597 7030
8534 2 2 5 1 4985 2506 7021
8535 2 2 5 1 3949 3183 7143
8536 2 2 5 1 2513 2519 2520
8537 2 2 5 1 2173 2172 2174
8538 2 2 5 1 3527 2043 3528
8539 2 2 5 1 4549 3499 6924
8540 2 2 5 1 3360 3361 3589
8541 2 2 5 1 5367 3949 5368
8542 2 2 5 1 3133 3250 3251
8543 2 2 5 1 30 29 2951
8544 2 2 5 1 4888 6126 6697
8545 2 2 5 1 1390 6938 6943
8546 2 2 5 1 3090 3091 3092
8547 2 2 5 1 2455 2460 2461
8548 2 2 5 1 4650 4778 4779
8549 2 2 5 1 5201 4822 5502
8550 2 2 5 1 4237 5648 6877
8551 2 2 5 1 3840 5087 5088
8552 2 2 5 1 2253 1974 2254
8553 2 2 5 1 4585 4584 5359
8554 2 2 5 1 6797 6796 6798
8555 2 2 5 1 1486 1799 1963
8556 2 2 5 1 2865 2864 2866
8557 2 2 5 1 5207 4541 5480
8558 2 2 5 1 2479 2481 6956
8559 2 2 5 1 1343 1342 7361
8560 2 2 5 1 270 1390 6943
8561 2 2 5 1 5240 4676 6030
8562 2 2 5 1 1379 1370 1380
8563 2 2 5 1 4930 4332 4931
8564 2 2 5 1 2467 2468 2469
8565 2 2 5 1 3802 3801 3803
8566 2 2 5 1 3220 3219 3909
8567 2 2 5 1 4505 4507 6440
8568 2 2 5 1 4824 4825 5906
8569 2 2 5 1 4486 5783 6833
8570 2 2 5 1 6163 1559 7309
8571 2 2 5 1 1741 1742 1743
8572 2 2 5 1 2793 2619 7002
8573 2 2 5 1 1823 1949 1950
8574 2 2 5 1 1153 1185 6982
8575 2 2 5 1 1387 1385 1392
8576 2 2 5 1 3514 3776 4434
8577 2 2 5 1 3682 3677 6528
8578 2 2 5 1 3589 4237 6877
8579 2 2 5 1 3802 4135 4375
8580 2 2 5 1 3548 2850 7020
8581 2 2 5 1 1329 1330 2369
8582 2 2 5 1 2630 2629 2631
8583 2 2 5 1 2524 5005 7014
8584 2 2 5 1 4380 4052 6767
8585 2 2 5 1 6962 6963 7049
8586 2 2 5 1 3698 3604 6157
8587 2 2 5 1 1955 1954 1956
8588 2 2 5 1 2008 5624 5625
8589 2 2 5 1 2427 2428 2429
8590 2 2 5 1 2475 2476 2477
8591 2 2 5 1 2044 2043 3527
8592 2 2 5 1 3025 3758 5431
8593 2 2 5 1 23 22 2932
8594 2 2 5 1 2173 2186 3799
8595 2 2 5 1 3799 4920 4928
8596 2 2 5 1 2040 2172 2173
8597 2 2 5 1 5845 1167 8231
8598 2 2 5 1 3092 3297 3298
8599 2 2 5 1 456 455 540
8600 2 2 5 1 3711 3710 3712
8601 2 2 5 1 5571 5573 5910
8602 2 2 5 1 3996 6672 7235
8603 2 2 5 1 4690 4689 5071
8604 2 2 5 1 1471 1472 1474
8605 2 2 5 1 3811 3812 4504
8606 2 2 5 1 3799 3800 4920
8607 2 2 5 1 2327 4394 7259
8608 2 2 5 1 1989 1991 2031
8609 2 2 5 1 3368 3370 3811
8610 2 2 5 1 3304 3674 3675
8611 2 2 5 1 441 440 539
8612 2 2 5 1 3053 1985 7062
8613 2 2 5 1 2099 2230 2231
8614 2 2 5 1 1794 7096 7408
8615 2 2 5 1 5456 5457 5458
8616 2 2 5 1 3799 2186 3800
8617 2 2 5 1 5188 5189 5460
8618 2 2 5 1 2326 2328 7312
8619 2 2 5 1 2473 2474 2475
8620 2 2 5 1 5929 6045 6046
8621 2 2 5 1 2527 6468 6978
8622 2 2 5 1 2429 2430 2431
8623 2 2 5 1 4529 4530 4672
8624 2 2 5 1 3302 3303 3304
8625 2 2 5 1 1520 1521 1522
8626 2 2 5 1 3900 3427 7024
8627 2 2 5 1 6775 6774 8644
8628 2 2 5 1 4357 4359 7005
8629 2 2 5 1 2471 2472 2473
8630 2 2 5 1 2637 2638 2639
8631 2 2 5 1 2628 2627 2629
8632 2 2 5 1 1739 1740 1741
8633 2 2 5 1 2615 2616 2617
8634 2 2 5 1 4928 4920 6907
8635 2 2 5 1 133 134 466
8636 2 2 5 1 2463 2459 2466
8637 2 2 5 1 3238 3239 7027
8638 2 2 5 1 4434 4435 4436
8639 2 2 5 1 1793 1561 1795
8640 2 2 5 1 1501 1500 1502
8641 2 2 5 1 3778 3780 4853
8642 2 2 5 1 1743 1744 1745
8643 2 2 5 1 130 131 1253
8644 2 2 5 1 39 38 785
8645 2 2 5 1 4024 3554 4441
8646 2 2 5 1 6258 5127 6579
8647 2 2 5 1 2100 2057 2101
8648 2 2 5 1 3939 4075 4076
8649 2 2 5 1 4375 4135 4822
8650 2 2 5 1 139 140 468
8651 2 2 5 1 127 128 467
8652 2 2 5 1 2173 2174 2186
8653 2 2 5 1 4579 4578 4580
8654 2 2 5 1 2430 2433 6926
8655 2 2 5 1 3910 3909 4607
8656 2 2 5 1 3553 3339 3554
8657 2 2 5 1 3289 3291 4876
8658 2 2 5 1 1332 1343 1344
8659 2 2 5 1 25 24 1308
8660 2 2 5 1 1096 1059 6555
8661 2 2 5 1 1232 1274 1275
8662 2 2 5 1 2514 2479 6956
8663 2 2 5 1 4583 4582 4584
8664 2 2 5 1 3514 4434 6980
8665 2 2 5 1 142 143 1255
8666 2 2 5 1 124 125 1254
8667 2 2 5 1 2334 2332 4391
8668 2 2 5 1 3852 2317 4307
8669 2 2 5 1 2848 2311 2849
8670 2 2 5 1 3679 3680 3681
8671 2 2 5 1 3401 1824 3402
8672 2 2 5 1 3462 4254 5013
8673 2 2 5 1 1260 1258 4362
8674 2 2 5 1 1300 1216 1325
8675 2 2 5 1 5313 4542 5314
8676 2 2 5 1 145 146 470
8677 2 2 5 1 121 122 469
8678 2 2 5 1 1275 1352 1353
8679 2 2 5 1 2505 2512 2513
8680 2 2 5 1 5217 5608 6837
8681 2 2 5 1 3802 3803 4135
8682 2 2 5 1 6336 4929 7632
8683 2 2 5 1 2465 3126 3127
8684 2 2 5 1 4516 5384 5699
8685 2 2 5 1 6433 4360 6882
8686 2 2 5 1 840 841 842
8687 2 2 5 1 7055 4392 7072
8688 2 2 5 1 6486 2414 6488
8689 2 2 5 1 1516 1517 1518
8690 2 2 5 1 2953 4486 6833
8691 2 2 5 1 150 151 501
8692 2 2 5 1 116 117 504
8693 2 2 5 1 3200 2981 6600
8694 2 2 5 1 4135 3803 4136
8695 2 2 5 1 2457 6844 7039
8696 2 2 5 1 2072 1911 7026
8697 2 2 5 1 3419 3417 7184
8698 2 2 5 1 6129 4897 6360
8699 2 2 5 1 155 156 472
8700 2 2 5 1 161 162 465
8701 2 2 5 1 105 106 464
8702 2 2 5 1 111 112 471
8703 2 2 5 1 3473 4048 4388
8704 2 2 5 1 842 843 844
8705 2 2 5 1 4469 4045 4574
8706 2 2 5 1 844 845 846
8707 2 2 5 1 1536 1534 1537
8708 2 2 5 1 1369 6971 6986
8709 2 2 5 1 945 3490 5039
8710 2 2 5 1 4732 5564 5674
8711 2 2 5 1 702 2420 7055
8712 2 2 5 1 4976 6711 7642
8713 2 2 5 1 2433 3475 6926
8714 2 2 5 1 3276 3278 4081
8715 2 2 5 1 4827 4319 6400
8716 2 2 5 1 3052 1500 7029
8717 2 2 5 1 2431 2430 6926
8718 2 2 5 1 3313 2193 7116
8719 2 2 5 1 4581 4580 4582
8720 2 2 5 1 945 930 3490
8721 2 2 5 1 4650 4649 4778
8722 2 2 5 1 905 907 908
8723 2 2 5 1 3980 3979 7000
8724 2 2 5 1 3424 3425 3426
8725 2 2 5 1 4041 4042 5311
8726 2 2 5 1 1503 1502 1504
8727 2 2 5 1 2626 2625 2627
8728 2 2 5 1 681 7055 7072
8729 2 2 5 1 2486 2485 2487
8730 2 2 5 1 3743 3764 3765
8731 2 2 5 1 3127 3126 6976
8732 2 2 5 1 4440 5380 5452
8733 2 2 5 1 1372 1278 1500
8734 2 2 5 1 2600 2014 3064
8735 2 2 5 1 2104 2103 2105
8736 2 2 5 1 2621 2793 2794
8737 2 2 5 1 1345 1347 1367
8738 2 2 5 1 2318 3857 4310
8739 2 2 5 1 1383 1381 1384
8740 2 2 5 1 4456 1191 4457
8741 2 2 5 1 1524 1525 1526
8742 2 2 5 1 7530 2726 7590
8743 2 2 5 1 3065 3064 3497
8744 2 2 5 1 4104 3228 7817
8745 2 2 5 1 2467 2466 2468
8746 2 2 5 1 4961 4025 6545
8747 2 2 5 1 4369 4442 4443
8748 2 2 5 1 4485 4484 5149
8749 2 2 5 1 3800 3802 7007
8750 2 2 5 1 5751 5752 5754
8751 2 2 5 1 2807 2808 2953
8752 2 2 5 1 1333 1432 3338
8753 2 2 5 1 3744 6412 7692
8754 2 2 5 1 4920 3800 7007
8755 2 2 5 1 4643 4644 4645
8756 2 2 5 1 4445 2681 7056
8757 2 2 5 1 4179 3643 4180
8758 2 2 5 1 3517 3516 4107
8759 2 2 5 1 1086 1085 1087
8760 2 2 5 1 1802 1488 1964
8761 2 2 5 1 1127 1141 1142
8762 2 2 5 1 6556 2437 6958
8763 2 2 5 1 6464 2775 6870
8764 2 2 5 1 2178 2180 2185
8765 2 2 5 1 2479 2480 2481
8766 2 2 5 1 1040 2372 6890
8767 2 2 5 1 6978 4915 7224
8768 2 2 5 1 3795 2778 6873
8769 2 2 5 1 1949 1821 7063
8770 2 2 5 1 4821 3996 7011
8771 2 2 5 1 7922 657 7929
8772 2 2 5 1 2251 2053 3339
8773 2 2 5 1 4534 3740 5134
8774 2 2 5 1 4932 4931 5082
8775 2 2 5 1 4454 3895 4542
8776 2 2 5 1 6594 6593 6595
8777 2 2 5 1 2564 2567 2767
8778 2 2 5 1 4006 1566 4007
8779 2 2 5 1 6592 6591 6593
8780 2 2 5 1 4458 4457 4459
8781 2 2 5 1 4941 6965 7305
8782 2 2 5 1 1233 4707 6955
8783 2 2 5 1 2995 2329 2996
8784 2 2 5 1 4645 4648 7120
8785 2 2 5 1 6854 2961 6855
8786 2 2 5 1 4142 5137 5138
8787 2 2 5 1 3880 3204 3895
8788 2 2 5 1 5209 4007 5210
8789 2 2 5 1 3405 4223 4963
8790 2 2 5 1 4156 3548 7020
8791 2 2 5 1 3203 2344 3204
8792 2 2 5 1 1578 1821 1823
8793 2 2 5 1 6711 1883 7239
8794 2 2 5 1 7153 2415 7253
8795 2 2 5 1 4317 3337 7177
8796 2 2 5 1 2542 3514 6980
8797 2 2 5 1 5011 5238 5239
8798 2 2 5 1 5236 5008 5237
8799 2 2 5 1 2225 2223 2226
8800 2 2 5 1 141 142 7010
8801 2 2 5 1 2471 2469 2472
8802 2 2 5 1 4438 4437 7100
8803 2 2 5 1 1526 1527 1529
8804 2 2 5 1 4793 4397 4794
8805 2 2 5 1 4514 4504 6442
8806 2 2 5 1 3723 3724 4783
8807 2 2 5 1 3330 3328 3331
8808 2 2 5 1 1326 1325 2406
8809 2 2 5 1 1353 1352 6971
8810 2 2 5 1 4649 4647 4651
8811 2 2 5 1 3483 4047 5003
8812 2 2 5 1 1393 1392 1547
8813 2 2 5 1 5326 5325 5764
8814 2 2 5 1 4645 4646 4647
8815 2 2 5 1 2481 2482 2483
8816 2 2 5 1 3349 3351 5019
8817 2 2 5 1 1606 3401 7035
8818 2 2 5 1 3293 3296 3323
8819 2 2 5 1 4636 3641 4637
8820 2 2 5 1 3802 4375 7007
8821 2 2 5 1 3287 3850 7051
8822 2 2 5 1 1352 2451 6971
8823 2 2 5 1 1181 1200 1295
8824 2 2 5 1 6329 6328 7161
8825 2 2 5 1 4896 4050 7095
8826 2 2 5 1 4637 3641 7220
8827 2 2 5 1 2484 2482 2532
8828 2 2 5 1 4331 6336 6588
8829 2 2 5 1 2503 2507 2508
8830 2 2 5 1 4640 4642 4643
8831 2 2 5 1 6745 4326 6748
8832 2 2 5 1 2461 2464 2465
8833 2 2 5 1 2475 2474 2476
8834 2 2 5 1 4718 3489 7086
8835 2 2 5 1 4744 2946 7376
8836 2 2 5 1 1424 1445 6805
8837 2 2 5 1 3727 3159 3728
8838 2 2 5 1 3604 3756 3757
8839 2 2 5 1 7392 6589 7473
8840 2 2 5 1 4618 4619 5002
8841 2 2 5 1 4841 4166 5740
8842 2 2 5 1 3987 3986 3988
8843 2 2 5 1 3555 2527 6978
8844 2 2 5 1 2288 3908 4369
8845 2 2 5 1 132 133 6979
8846 2 2 5 1 4968 663 7072
8847 2 2 5 1 3761 3147 3762
8848 2 2 5 1 1548 1547 1604
8849 2 2 5 1 3116 2887 7382
8850 2 2 5 1 1529 1530 1531
8851 2 2 5 1 4727 3980 7000
8852 2 2 5 1 2772 2771 2773
8853 2 2 5 1 6158 4901 7620
8854 2 2 5 1 2915 3114 7379
8855 2 2 5 1 2420 2426 2427
8856 2 2 5 1 1656 1655 1657
8857 2 2 5 1 3453 6862 7341
8858 2 2 5 1 2040 2173 6977
8859 2 2 5 1 2473 2472 2474
8860 2 2 5 1 4612 5472 5695
8861 2 2 5 1 2767 2768 2789
8862 2 2 5 1 3242 5074 6974
8863 2 2 5 1 2479 2477 2480
8864 2 2 5 1 5417 5577 5578
8865 2 2 5 1 1538 1537 1539
8866 2 2 5 1 3483 5003 7174
8867 2 2 5 1 1087 1089 7006
8868 2 2 5 1 3235 4275 7139
8869 2 2 5 1 2799 3238 3312
8870 2 2 5 1 5074 4986 7803
8871 2 2 5 1 3786 3669 4846
8872 2 2 5 1 2453 2455 6984
8873 2 2 5 1 3701 3870 6888
8874 2 2 5 1 1635 1637 4417
8875 2 2 5 1 3974 3976 4726
8876 2 2 5 1 4094 4427 4768
8877 2 2 5 1 4052 5375 6767
8878 2 2 5 1 1698 1695 7517
8879 2 2 5 1 6977 4928 7063
8880 2 2 5 1 2800 2072 7324
8881 2 2 5 1 2173 3799 6977
8882 2 2 5 1 2794 4638 4639
8883 2 2 5 1 2649 2316 3166
8884 2 2 5 1 1341 1339 1368
8885 2 2 5 1 7009 6514 7428
8886 2 2 5 1 3083 3941 4460
8887 2 2 5 1 4069 4070 5514
8888 2 2 5 1 1374 1341 7030
8889 2 2 5 1 3411 3409 3412
8890 2 2 5 1 6675 2825 7139
8891 2 2 5 1 5344 4286 5592
8892 2 2 5 1 2948 2947 3249
8893 2 2 5 1 3982 3980 4727
8894 2 2 5 1 1006 1018 3032
8895 2 2 5 1 2474 2472 3045
8896 2 2 5 1 4550 4549 4975
8897 2 2 5 1 3830 4464 4993
8898 2 2 5 1 2068 2070 2091
8899 2 2 5 1 814 568 815
8900 2 2 5 1 6608 1248 6611
8901 2 2 5 1 4052 3966 5375
8902 2 2 5 1 3811 4504 4514
8903 2 2 5 1 2492 2490 2518
8904 2 2 5 1 4225 3258 4226
8905 2 2 5 1 1563 1565 7192
8906 2 2 5 1 3191 2838 3603
8907 2 2 5 1 4349 2320 6928
8908 2 2 5 1 6468 2514 6956
8909 2 2 5 1 3475 2815 7051
8910 2 2 5 1 1820 1819 1853
8911 2 2 5 1 1939 2147 7359
8912 2 2 5 1 122 123 6989
8913 2 2 5 1 4391 2332 7067
8914 2 2 5 1 2263 2261 3744
8915 2 2 5 1 3441 2977 3442
8916 2 2 5 1 2550 2487 7013
8917 2 2 5 1 7067 1562 7285
8918 2 2 5 1 3070 2943 3159
8919 2 2 5 1 2343 2336 2344
8920 2 2 5 1 509 6428 6429
8921 2 2 5 1 1355 1369 1370
8922 2 2 5 1 1041 1021 6648
8923 2 2 5 1 3108 3107 3109
8924 2 2 5 1 1531 1532 1533
8925 2 2 5 1 4663 3777 4723
8926 2 2 5 1 3205 4393 5062
8927 2 2 5 1 910 912 913
8928 2 2 5 1 3104 3103 3105
8929 2 2 5 1 1950 2167 3037
8930 2 2 5 1 3683 4064 4409
8931 2 2 5 1 1607 1605 1623
8932 2 2 5 1 2451 4371 6971
8933 2 2 5 1 3129 3130 3131
8934 2 2 5 1 3465 3464 3966
8935 2 2 5 1 6444 4885 6445
8936 2 2 5 1 1337 1328 1338
8937 2 2 5 1 1215 1334 6899
8938 2 2 5 1 3012 4193 7518
8939 2 2 5 1 908 909 910
8940 2 2 5 1 1822 2040 6977
8941 2 2 5 1 4667 3555 6978
8942 2 2 5 1 3813 2344 7058
8943 2 2 5 1 3531 2425 7003
8944 2 2 5 1 4220 4877 7148
8945 2 2 5 1 846 847 848
8946 2 2 5 1 2481 2480 2482
8947 2 2 5 1 140 141 6981
8948 2 2 5 1 2483 2484 2485
8949 2 2 5 1 5454 5455 5738
8950 2 2 5 1 4326 3077 6807
8951 2 2 5 1 6971 4371 6986
8952 2 2 5 1 1491 1594 1833
8953 2 2 5 1 978 979 980
8954 2 2 5 1 6318 3261 7012
8955 2 2 5 1 1666 1667 1668
8956 2 2 5 1 6640 6642 6644
8957 2 2 5 1 4155 3548 4156
8958 2 2 5 1 3919 4913 5446
8959 2 2 5 1 3132 3439 3830
8960 2 2 5 1 1571 1570 1572
8961 2 2 5 1 1623 1605 6903
8962 2 2 5 1 4371 6985 6986
8963 2 2 5 1 4371 2453 6984
8964 2 2 5 1 4948 3699 6463
8965 2 2 5 1 4720 3617 4910
8966 2 2 5 1 2468 2466 3798
8967 2 2 5 1 4519 4431 4520
8968 2 2 5 1 4436 4437 4438
8969 2 2 5 1 4388 5271 5272
8970 2 2 5 1 3799 4928 6977
8971 2 2 5 1 2483 2482 2484
8972 2 2 5 1 6867 6975 7133
8973 2 2 5 1 1680 1684 7077
8974 2 2 5 1 120 121 7033
8975 2 2 5 1 3367 2532 3368
8976 2 2 5 1 6156 5205 6164
8977 2 2 5 1 3119 3955 7256
8978 2 2 5 1 1050 1085 1086
8979 2 2 5 1 1493 2636 2637
8980 2 2 5 1 3666 3334 3667
8981 2 2 5 1 3328 2550 6973
8982 2 2 5 1 6036 4902 6374
8983 2 2 5 1 3086 3853 3855
8984 2 2 5 1 4645 4644 4646
8985 2 2 5 1 3392 3393 4054
8986 2 2 5 1 4457 1191 7006
8987 2 2 5 1 2455 2461 6984
8988 2 2 5 1 4772 3563 7015
8989 2 2 5 1 4319 3531 7003
8990 2 2 5 1 1271 1270 1272
8991 2 2 5 1 1142 1161 1162
8992 2 2 5 1 4162 4163 5219
8993 2 2 5 1 3606 3164 3607
8994 2 2 5 1 4371 6984 6985
8995 2 2 5 1 2018 2098 2099
8996 2 2 5 1 1113 1111 6698
8997 2 2 5 1 1822 6977 7063
8998 2 2 5 1 4794 4397 7371
8999 2 2 5 1 816 815 817
9000 2 2 5 1 6323 3165 6324
9001 2 2 5 1 3694 5069 5070
9002 2 2 5 1 4382 4923 4924
9003 2 2 5 1 1275 1353 1354
9004 2 2 5 1 2267 2265 3252
9005 2 2 5 1 4266 6330 8070
9006 2 2 5 1 4062 4060 5496
9007 2 2 5 1 2624 1494 2625
9008 2 2 5 1 5285 4761 5286
9009 2 2 5 1 6493 6492 7682
9010 2 2 5 1 834 833 835
9011 2 2 5 1 1505 1504 1506
9012 2 2 5 1 4108 4107 5325
9013 2 2 5 1 2338 2339 2340
9014 2 2 5 1 5473 4926 7648
9015 2 2 5 1 1597 1368 1598
9016 2 2 5 1 4443 4601 4602
9017 2 2 5 1 4577 6386 7121
9018 2 2 5 1 1868 1598 1869
9019 2 2 5 1 2980 2956 3713
9020 2 2 5 1 3910 4607 6990
9021 2 2 5 1 2489 2504 7013
9022 2 2 5 1 4643 4642 4644
9023 2 2 5 1 3085 4477 4479
9024 2 2 5 1 4525 5790 7682
9025 2 2 5 1 1981 2150 3416
9026 2 2 5 1 2468 3798 4382
9027 2 2 5 1 4759 5279 5280
9028 2 2 5 1 1334 4383 6899
9029 2 2 5 1 3031 3029 3515
9030 2 2 5 1 5569 5570 5571
9031 2 2 5 1 2487 2488 2489
9032 2 2 5 1 1614 1574 1615
9033 2 2 5 1 6400 4319 7003
9034 2 2 5 1 2240 2239 2241
9035 2 2 5 1 3766 3713 5143
9036 2 2 5 1 4221 4345 4346
9037 2 2 5 1 2859 3597 4422
9038 2 2 5 1 1835 1952 1953
9039 2 2 5 1 5379 4439 5381
9040 2 2 5 1 2940 2773 2941
9041 2 2 5 1 868 870 871
9042 2 2 5 1 1354 1353 1355
9043 2 2 5 1 6885 6886 6887
9044 2 2 5 1 4434 3776 4435
9045 2 2 5 1 4139 3474 4397
9046 2 2 5 1 4526 4527 4838
9047 2 2 5 1 2315 1687 2316
9048 2 2 5 1 4370 4729 5339
9049 2 2 5 1 3745 3515 3746
9050 2 2 5 1 149 150 7048
9051 2 2 5 1 1618 1617 1619
9052 2 2 5 1 4382 3798 4923
9053 2 2 5 1 1808 1557 7065
9054 2 2 5 1 1379 1380 1381
9055 2 2 5 1 5380 5379 5835
9056 2 2 5 1 1977 2129 7110
9057 2 2 5 1 2127 1975 7111
9058 2 2 5 1 2489 2488 2490
9059 2 2 5 1 2459 2457 7039
9060 2 2 5 1 2815 3287 7051
9061 2 2 5 1 4039 4857 4858
9062 2 2 5 1 3339 2053 6914
9063 2 2 5 1 4717 3489 4718
9064 2 2 5 1 4944 4943 7028
9065 2 2 5 1 4647 4646 7046
9066 2 2 5 1 3054 3053 3516
9067 2 2 5 1 3263 3265 4848
9068 2 2 5 1 2841 3918 3919
9069 2 2 5 1 4437 4440 7100
9070 2 2 5 1 5557 4637 5558
9071 2 2 5 1 1987 1986 2111
9072 2 2 5 1 3414 1806 6801
9073 2 2 5 1 2574 2573 3033
9074 2 2 5 1 2031 1991 2032
9075 2 2 5 1 3333 3331 3334
9076 2 2 5 1 913 914 915
9077 2 2 5 1 4768 4769 4770
9078 2 2 5 1 4103 3228 4104
9079 2 2 5 1 2112 2111 2195
9080 2 2 5 1 1878 1874 1986
9081 2 2 5 1 3725 4799 4800
9082 2 2 5 1 2053 1956 6914
9083 2 2 5 1 3991 5416 5417
9084 2 2 5 1 2439 3026 6958
9085 2 2 5 1 2322 2323 3153
9086 2 2 5 1 3713 2956 5004
9087 2 2 5 1 3416 3417 3418
9088 2 2 5 1 4067 3275 6580
9089 2 2 5 1 3839 3938 3939
9090 2 2 5 1 2196 2195 2239
9091 2 2 5 1 1060 1290 6897
9092 2 2 5 1 3921 4652 6967
9093 2 2 5 1 2268 2860 4573
9094 2 2 5 1 3367 3369 4946
9095 2 2 5 1 866 867 868
9096 2 2 5 1 2124 3007 7053
9097 2 2 5 1 2495 2497 2498
9098 2 2 5 1 3346 3349 7142
9099 2 2 5 1 1661 1662 1663
9100 2 2 5 1 142 1255 7010
9101 2 2 5 1 7436 5148 7904
9102 2 2 5 1 1659 1660 1661
9103 2 2 5 1 3367 3368 3369
9104 2 2 5 1 6446 598 7700
9105 2 2 5 1 4646 4644 5180
9106 2 2 5 1 1152 4389 7176
9107 2 2 5 1 2219 2218 6737
9108 2 2 5 1 133 466 6979
9109 2 2 5 1 864 865 866
9110 2 2 5 1 1140 1985 2027
9111 2 2 5 1 1086 1087 1191
9112 2 2 5 1 3382 3381 6791
9113 2 2 5 1 1873 1871 1874
9114 2 2 5 1 1002 1000 6901
9115 2 2 5 1 3850 5205 6156
9116 2 2 5 1 1927 1929 7370
9117 2 2 5 1 862 863 864
9118 2 2 5 1 5699 5384 5940
9119 2 2 5 1 2487 2489 7013
9120 2 2 5 1 4025 4026 6545
9121 2 2 5 1 4646 5180 5539
9122 2 2 5 1 850 851 852
9123 2 2 5 1 3727 3728 6997
9124 2 2 5 1 2498 2499 2500
9125 2 2 5 1 859 861 862
9126 2 2 5 1 832 831 833
9127 2 2 5 1 6781 4351 7070
9128 2 2 5 1 3818 5090 5092
9129 2 2 5 1 3443 3442 3444
9130 2 2 5 1 5401 4487 6716
9131 2 2 5 1 2487 2485 2488
9132 2 2 5 1 857 858 859
9133 2 2 5 1 2440 2438 7113
9134 2 2 5 1 3227 2539 3228
9135 2 2 5 1 852 854 855
9136 2 2 5 1 2942 1806 3414
9137 2 2 5 1 3498 4549 4550
9138 2 2 5 1 3770 1313 3771
9139 2 2 5 1 915 916 917
9140 2 2 5 1 4651 4647 7046
9141 2 2 5 1 855 856 857
9142 2 2 5 1 4550 4975 5988
9143 2 2 5 1 685 702 7055
9144 2 2 5 1 1355 1370 1378
9145 2 2 5 1 6778 1004 7043
9146 2 2 5 1 5462 4318 6564
9147 2 2 5 1 5475 4910 6626
9148 2 2 5 1 4232 5932 6864
9149 2 2 5 1 2437 2439 6958
9150 2 2 5 1 1423 1324 1424
9151 2 2 5 1 2560 2562 3867
9152 2 2 5 1 2469 2468 7042
9153 2 2 5 1 4384 3771 4385
9154 2 2 5 1 2924 3562 3886
9155 2 2 5 1 6736 1786 7129
9156 2 2 5 1 4436 4435 4437
9157 2 2 5 1 848 849 850
9158 2 2 5 1 2618 2617 2619
9159 2 2 5 1 2484 2532 3367
9160 2 2 5 1 2182 2184 2962
9161 2 2 5 1 6963 2176 7049
9162 2 2 5 1 4474 3768 4475
9163 2 2 5 1 3905 3202 7068
9164 2 2 5 1 3850 6156 7051
9165 2 2 5 1 2465 3127 3128
9166 2 2 5 1 1934 1932 7374
9167 2 2 5 1 2178 2185 7049
9168 2 2 5 1 7795 2916 7841
9169 2 2 5 1 3978 4143 4144
9170 2 2 5 1 4440 5379 5380
9171 2 2 5 1 917 918 919
9172 2 2 5 1 3031 3745 5223
9173 2 2 5 1 2164 2204 2205
9174 2 2 5 1 3418 3419 3420
9175 2 2 5 1 2472 2469 7042
9176 2 2 5 1 3365 3363 3614
9177 2 2 5 1 4908 3795 6873
9178 2 2 5 1 836 835 837
9179 2 2 5 1 3894 3525 4308
9180 2 2 5 1 1821 1822 7063
9181 2 2 5 1 2535 740 3145
9182 2 2 5 1 1984 2057 2100
9183 2 2 5 1 4777 3993 5273
9184 2 2 5 1 3642 3612 5482
9185 2 2 5 1 3985 3792 3986
9186 2 2 5 1 4838 5839 5857
9187 2 2 5 1 6794 6796 6797
9188 2 2 5 1 2466 2459 7039
9189 2 2 5 1 4646 5539 7046
9190 2 2 5 1 3613 3638 5486
9191 2 2 5 1 3463 4222 5018
9192 2 2 5 1 4482 3080 4484
9193 2 2 5 1 4151 3101 5308
9194 2 2 5 1 4793 4794 5227
9195 2 2 5 1 919 925 926
9196 2 2 5 1 5004 2956 7053
9197 2 2 5 1 1383 1384 1385
9198 2 2 5 1 818 817 819
9199 2 2 5 1 5768 7150 8197
9200 2 2 5 1 3045 2472 7042
9201 2 2 5 1 1233 4706 4707
9202 2 2 5 1 3467 3549 3906
9203 2 2 5 1 115 116 6991
9204 2 2 5 1 2133 2801 2802
9205 2 2 5 1 4894 2975 6827
9206 2 2 5 1 3279 4232 6864
9207 2 2 5 1 2620 2619 2621
9208 2 2 5 1 136 137 1319
9209 2 2 5 1 6046 6045 6047
9210 2 2 5 1 4903 3313 7116
9211 2 2 5 1 4456 4457 4458
9212 2 2 5 1 6244 2363 6245
9213 2 2 5 1 3128 3127 3129
9214 2 2 5 1 2765 6806 7087
9215 2 2 5 1 3817 3668 4969
9216 2 2 5 1 469 122 6989
9217 2 2 5 1 3395 3397 4069
9218 2 2 5 1 468 140 6981
9219 2 2 5 1 3527 3528 3688
9220 2 2 5 1 3374 3378 7348
9221 2 2 5 1 4687 4104 4688
9222 2 2 5 1 597 595 7240
9223 2 2 5 1 386 530 7540
9224 2 2 5 1 2822 3212 3973
9225 2 2 5 1 4175 5010 5011
9226 2 2 5 1 5007 4176 5008
9227 2 2 5 1 2218 2536 2826
9228 2 2 5 1 838 837 839
9229 2 2 5 1 4355 4056 5364
9230 2 2 5 1 976 978 2582
9231 2 2 5 1 1101 1102 1103
9232 2 2 5 1 3098 4152 5306
9233 2 2 5 1 1123 1138 1273
9234 2 2 5 1 3099 4018 4019
9235 2 2 5 1 1379 1381 1382
9236 2 2 5 1 2510 2515 2516
9237 2 2 5 1 3215 2824 3979
9238 2 2 5 1 2545 2893 2894
9239 2 2 5 1 7588 1380 7658
9240 2 2 5 1 1747 1748 1749
9241 2 2 5 1 1432 1578 7022
9242 2 2 5 1 3010 3155 3156
9243 2 2 5 1 4025 3145 4026
9244 2 2 5 1 3665 3639 4656
9245 2 2 5 1 2894 3009 3010
9246 2 2 5 1 2222 2221 2223
9247 2 2 5 1 2176 2178 7049
9248 2 2 5 1 3075 3423 3424
9249 2 2 5 1 119 120 2529
9250 2 2 5 1 3950 3587 4079
9251 2 2 5 1 3808 7661 7839
9252 2 2 5 1 2123 1936 2771
9253 2 2 5 1 1688 1648 1689
9254 2 2 5 1 2109 2132 2133
9255 2 2 5 1 3699 3249 4251
9256 2 2 5 1 1195 1270 1271
9257 2 2 5 1 5188 3739 5189
9258 2 2 5 1 3649 3581 4133
9259 2 2 5 1 2612 2611 2613
9260 2 2 5 1 4458 4459 5856
9261 2 2 5 1 3618 3414 3631
9262 2 2 5 1 4963 4223 4964
9263 2 2 5 1 3689 4368 4516
9264 2 2 5 1 2420 4392 7055
9265 2 2 5 1 2429 2431 3049
9266 2 2 5 1 1191 1087 7006
9267 2 2 5 1 3221 3690 3943
9268 2 2 5 1 3580 3644 4131
9269 2 2 5 1 3384 3385 3392
9270 2 2 5 1 4640 4639 4641
9271 2 2 5 1 4797 8052 9089
9272 2 2 5 1 1651 2321 2322
9273 2 2 5 1 4858 5565 5566
9274 2 2 5 1 4304 4303 4494
9275 2 2 5 1 118 119 7032
9276 2 2 5 1 2618 2620 2862
9277 2 2 5 1 2978 4892 6476
9278 2 2 5 1 3791 3622 3792
9279 2 2 5 1 4351 4353 7070
9280 2 2 5 1 1948 2259 7096
9281 2 2 5 1 3855 4099 5208
9282 2 2 5 1 121 469 7033
9283 2 2 5 1 3546 3937 6845
9284 2 2 5 1 3458 3457 3459
9285 2 2 5 1 2027 2170 6771
9286 2 2 5 1 1953 1954 1955
9287 2 2 5 1 3049 3807 3819
9288 2 2 5 1 3886 5001 7164
9289 2 2 5 1 7034 2444 7167
9290 2 2 5 1 5235 4323 5432
9291 2 2 5 1 3186 2371 7095
9292 2 2 5 1 4388 4048 5271
9293 2 2 5 1 1541 1543 1562
9294 2 2 5 1 4642 4641 4660
9295 2 2 5 1 2335 2337 2338
9296 2 2 5 1 5931 5317 6505
9297 2 2 5 1 2956 2124 7053
9298 2 2 5 1 2101 2103 2104
9299 2 2 5 1 3049 2431 3050
9300 2 2 5 1 4053 3673 4411
9301 2 2 5 1 728 965 7008
9302 2 2 5 1 4760 4494 4761
9303 2 2 5 1 2997 2996 3730
9304 2 2 5 1 4305 4306 4495
9305 2 2 5 1 2542 6980 7175
9306 2 2 5 1 4405 3589 6877
9307 2 2 5 1 1844 1845 1846
9308 2 2 5 1 2620 2621 2622
9309 2 2 5 1 2206 2093 2207
9310 2 2 5 1 2185 2180 7057
9311 2 2 5 1 5130 3697 5131
9312 2 2 5 1 2794 4639 4640
9313 2 2 5 1 2789 2790 3118
9314 2 2 5 1 3073 4238 7510
9315 2 2 5 1 3650 2991 4878
9316 2 2 5 1 3132 3131 3133
9317 2 2 5 1 4495 4758 4759
9318 2 2 5 1 2420 2427 4392
9319 2 2 5 1 5554 4400 5556
9320 2 2 5 1 4464 3439 4465
9321 2 2 5 1 1872 1870 3404
9322 2 2 5 1 4640 4641 4642
9323 2 2 5 1 4257 6261 7275
9324 2 2 5 1 1745 1744 6988
9325 2 2 5 1 3689 3528 4367
9326 2 2 5 1 3648 5690 5691
9327 2 2 5 1 2810 6994 7766
9328 2 2 5 1 2188 3029 3031
9329 2 2 5 1 4072 3200 6600
9330 2 2 5 1 1086 1191 4390
9331 2 2 5 1 878 8476 8997
9332 2 2 5 1 2565 3321 3322
9333 2 2 5 1 2359 2361 3310
9334 2 2 5 1 1333 3338 7008
9335 2 2 5 1 2024 2189 7076
9336 2 2 5 1 3031 3515 3745
9337 2 2 5 1 3338 1432 7022
9338 2 2 5 1 4546 4226 5879
9339 2 2 5 1 3830 3439 4464
9340 2 2 5 1 3699 4251 6463
9341 2 2 5 1 2291 2292 2855
9342 2 2 5 1 1875 1624 1876
9343 2 2 5 1 4024 4441 5294
9344 2 2 5 1 3885 1988 4902
9345 2 2 5 1 3775 3513 4396
9346 2 2 5 1 5076 2694 5077
9347 2 2 5 1 2107 2121 2846
9348 2 2 5 1 2622 6856 7241
9349 2 2 5 1 2615 2617 2618
9350 2 2 5 1 4002 4003 5215
9351 2 2 5 1 4335 4870 6119
9352 2 2 5 1 1378 1370 1379
9353 2 2 5 1 1170 1096 6555
9354 2 2 5 1 1846 1911 1912
9355 2 2 5 1 150 501 7048
9356 2 2 5 1 3323 3324 4788
9357 2 2 5 1 5454 3602 5455
9358 2 2 5 1 4437 4435 4439
9359 2 2 5 1 6981 141 7010
9360 2 2 5 1 3432 2415 7153
9361 2 2 5 1 2497 2496 2505
9362 2 2 5 1 2489 2491 2504
9363 2 2 5 1 3353 3355 3364
9364 2 2 5 1 6973 2550 7013
9365 2 2 5 1 4458 5856 6051
9366 2 2 5 1 1955 1956 2053
9367 2 2 5 1 5277 4072 6782
9368 2 2 5 1 1054 1053 1092
9369 2 2 5 1 4141 3746 4142
9370 2 2 5 1 1051 1052 1090
9371 2 2 5 1 2340 2341 2342
9372 2 2 5 1 2888 7798 7843
9373 2 2 5 1 1868 1869 7031
9374 2 2 5 1 1565 1571 7192
9375 2 2 5 1 1605 1604 6903
9376 2 2 5 1 2575 2577 4510
9377 2 2 5 1 3553 3554 4024
9378 2 2 5 1 6581 4081 6582
9379 2 2 5 1 2572 2520 2573
9380 2 2 5 1 3972 4790 4791
9381 2 2 5 1 3066 2389 7118
9382 2 2 5 1 4594 4593 7170
9383 2 2 5 1 148 149 2835
9384 2 2 5 1 1818 1817 1819
9385 2 2 5 1 5476 5131 5477
9386 2 2 5 1 873 874 875
9387 2 2 5 1 3241 2892 3242
9388 2 2 5 1 1326 2406 7038
9389 2 2 5 1 3604 2852 3756
9390 2 2 5 1 1578 1823 7022
9391 2 2 5 1 1386 1387 1566
9392 2 2 5 1 3402 3406 3407
9393 2 2 5 1 4406 4405 5442
9394 2 2 5 1 5754 5755 5756
9395 2 2 5 1 573 574 575
9396 2 2 5 1 614 613 615
9397 2 2 5 1 2826 2827 3157
9398 2 2 5 1 4897 4349 6928
9399 2 2 5 1 3129 3131 3132
9400 2 2 5 1 3312 3891 4287
9401 2 2 5 1 3111 3172 3173
9402 2 2 5 1 3664 4916 4917
9403 2 2 5 1 4139 4397 4793
9404 2 2 5 1 4636 4637 5557
9405 2 2 5 1 5202 5138 5456
9406 2 2 5 1 1766 1768 1769
9407 2 2 5 1 3798 2466 7039
9408 2 2 5 1 3381 3383 3384
9409 2 2 5 1 2861 2713 2984
9410 2 2 5 1 2618 2619 2620
9411 2 2 5 1 1803 1965 1966
9412 2 2 5 1 3683 4409 7322
9413 2 2 5 1 5460 5189 6418
9414 2 2 5 1 4733 4194 4734
9415 2 2 5 1 2251 3339 3553
9416 2 2 5 1 3157 3158 3544
9417 2 2 5 1 3759 4022 4811
9418 2 2 5 1 2468 4382 7042
9419 2 2 5 1 2806 3103 3104
9420 2 2 5 1 2091 2125 2126
9421 2 2 5 1 528 537 4366
9422 2 2 5 1 4341 3556 7122
9423 2 2 5 1 3253 3252 3731
9424 2 2 5 1 4609 3842 4805
9425 2 2 5 1 965 1333 7008
9426 2 2 5 1 1383 1385 1386
9427 2 2 5 1 2746 2749 2750
9428 2 2 5 1 2146 3726 3832
9429 2 2 5 1 3579 3710 3711
9430 2 2 5 1 3832 4713 4714
9431 2 2 5 1 4404 3589 4405
9432 2 2 5 1 3105 3107 3108
9433 2 2 5 1 3570 3571 3572
9434 2 2 5 1 2797 2594 5173
9435 2 2 5 1 978 977 979
9436 2 2 5 1 1763 1765 1766
9437 2 2 5 1 2193 1983 7116
9438 2 2 5 1 4770 5080 5081
9439 2 2 5 1 2042 3083 7141
9440 2 2 5 1 2180 2182 7057
9441 2 2 5 1 4280 4050 4896
9442 2 2 5 1 2254 2255 2256
9443 2 2 5 1 7089 896 7592
9444 2 2 5 1 1226 1315 1493
9445 2 2 5 1 1369 6986 6987
9446 2 2 5 1 4440 4439 5379
9447 2 2 5 1 2256 2310 2311
9448 2 2 5 1 6102 6101 6103
9449 2 2 5 1 3346 3345 3347
9450 2 2 5 1 1480 1479 1481
9451 2 2 5 1 3435 3437 3467
9452 2 2 5 1 4185 5036 5500
9453 2 2 5 1 4437 4439 4440
9454 2 2 5 1 4492 991 7572
9455 2 2 5 1 2480 2477 7133
9456 2 2 5 1 3348 3347 3360
9457 2 2 5 1 3251 3705 3838
9458 2 2 5 1 1794 1948 7096
9459 2 2 5 1 3222 2954 3581
9460 2 2 5 1 1538 1539 2332
9461 2 2 5 1 3181 3685 3686
9462 2 2 5 1 5756 5757 5758
9463 2 2 5 1 6975 2480 7133
9464 2 2 5 1 926 952 953
9465 2 2 5 1 5262 5261 5263
9466 2 2 5 1 4390 1191 4456
9467 2 2 5 1 4969 3668 7186
9468 2 2 5 1 2952 3216 3580
9469 2 2 5 1 3697 3419 7184
9470 2 2 5 1 2357 3067 7123
9471 2 2 5 1 1507 1506 1508
9472 2 2 5 1 6133 2364 6136
9473 2 2 5 1 2712 2711 2713
9474 2 2 5 1 3389 3388 7097
9475 2 2 5 1 1193 1019 6623
9476 2 2 5 1 2220 2156 2221
9477 2 2 5 1 1556 1591 1592
9478 2 2 5 1 2960 3769 7359
9479 2 2 5 1 3358 3356 3363
9480 2 2 5 1 3667 3668 3669
9481 2 2 5 1 5296 5297 5298
9482 2 2 5 1 1121 1119 7336
9483 2 2 5 1 1119 2602 7336
9484 2 2 5 1 5176 5174 5185
9485 2 2 5 1 3025 2388 3758
9486 2 2 5 1 1272 1286 7047
9487 2 2 5 1 4275 6081 7139
9488 2 2 5 1 2342 2650 3219
9489 2 2 5 1 3766 5143 7040
9490 2 2 5 1 1042 1060 6897
9491 2 2 5 1 3762 8036 8060
9492 2 2 5 1 2104 2105 2850
9493 2 2 5 1 3477 3569 3570
9494 2 2 5 1 1929 1994 3521
9495 2 2 5 1 2810 2822 6994
9496 2 2 5 1 3527 3688 5190
9497 2 2 5 1 5260 5258 5261
9498 2 2 5 1 3745 3746 4141
9499 2 2 5 1 3100 2215 3101
9500 2 2 5 1 3132 3133 3439
9501 2 2 5 1 3344 3343 3345
9502 2 2 5 1 1162 1196 1197
9503 2 2 5 1 2610 2609 2611
9504 2 2 5 1 2849 3047 3048
9505 2 2 5 1 1382 1381 1383
9506 2 2 5 1 4430 4429 4431
9507 2 2 5 1 3236 2941 3237
9508 2 2 5 1 4640 4643 7078
9509 2 2 5 1 1749 1750 1751
9510 2 2 5 1 7218 4923 7251
9511 2 2 5 1 116 504 6991
9512 2 2 5 1 4612 4054 5472
9513 2 2 5 1 4464 4465 4950
9514 2 2 5 1 3175 3247 3248
9515 2 2 5 1 3318 2323 7178
9516 2 2 5 1 3621 2950 3622
9517 2 2 5 1 1317 1229 1494
9518 2 2 5 1 6522 2422 7291
9519 2 2 5 1 5257 5256 5258
9520 2 2 5 1 1120 1124 1262
9521 2 2 5 1 1996 1934 3523
9522 2 2 5 1 1152 1259 4389
9523 2 2 5 1 2203 3097 3098
9524 2 2 5 1 2994 3188 3779
9525 2 2 5 1 1562 2419 7285
9526 2 2 5 1 3462 5013 7334
9527 2 2 5 1 2155 2152 2156
9528 2 2 5 1 3331 3328 6973
9529 2 2 5 1 3730 4826 7115
9530 2 2 5 1 2151 1982 2152
9531 2 2 5 1 2252 7227 7401
9532 2 2 5 1 2351 2348 7231
9533 2 2 5 1 2981 2982 3217
9534 2 2 5 1 4928 6907 7112
9535 2 2 5 1 5650 5434 5651
9536 2 2 5 1 3654 3655 3656
9537 2 2 5 1 3433 3435 7221
9538 2 2 5 1 1533 1534 1536
9539 2 2 5 1 2485 2484 7064
9540 2 2 5 1 1761 1762 1763
9541 2 2 5 1 5255 5254 5256
9542 2 2 5 1 1627 1631 2974
9543 2 2 5 1 3132 3830 7075
9544 2 2 5 1 3536 4242 7373
9545 2 2 5 1 104 105 7144
9546 2 2 5 1 162 163 6993
9547 2 2 5 1 820 819 821
9548 2 2 5 1 4826 6521 7570
9549 2 2 5 1 4287 5199 5200
9550 2 2 5 1 3661 4376 4377
9551 2 2 5 1 3245 3177 3246
9552 2 2 5 1 6844 4379 7251
9553 2 2 5 1 1751 1752 1753
9554 2 2 5 1 4142 5138 5202
9555 2 2 5 1 2825 3235 7139
9556 2 2 5 1 5598 4879 5599
9557 2 2 5 1 2427 2429 7066
9558 2 2 5 1 153 154 2921
9559 2 2 5 1 1371 1555 1556
9560 2 2 5 1 2513 2520 2572
9561 2 2 5 1 2891 2544 2892
9562 2 2 5 1 4950 4465 6352
9563 2 2 5 1 3514 3775 3776
9564 2 2 5 1 3560 3313 4903
9565 2 2 5 1 3402 1824 3406
9566 2 2 5 1 3838 3705 3839
9567 2 2 5 1 3909 3219 7018
9568 2 2 5 1 6285 4864 7672
9569 2 2 5 1 2126 3180 3181
9570 2 2 5 1 3416 6752 7149
9571 2 2 5 1 3446 1804 3862
9572 2 2 5 1 4964 4223 6085
9573 2 2 5 1 3037 5929 7287
9574 2 2 5 1 989 4490 7574
9575 2 2 5 1 41 2770 7157
9576 2 2 5 1 4007 1566 4939
9577 2 2 5 1 1966 2144 2145
9578 2 2 5 1 478 42 7157
9579 2 2 5 1 2495 2494 2496
9580 2 2 5 1 1493 6206 7196
9581 2 2 5 1 2697 2696 2698
9582 2 2 5 1 5154 4058 5155
9583 2 2 5 1 3473 4388 7107
9584 2 2 5 1 4465 3439 7088
9585 2 2 5 1 3667 3334 3668
9586 2 2 5 1 6612 6611 6613
9587 2 2 5 1 2703 2698 2704
9588 2 2 5 1 2225 2226 7107
9589 2 2 5 1 3209 4185 7101
9590 2 2 5 1 2610 2612 3473
9591 2 2 5 1 1310 1365 1366
9592 2 2 5 1 113 114 2922
9593 2 2 5 1 2621 2794 7078
9594 2 2 5 1 42 41 7157
9595 2 2 5 1 4139 4793 5848
9596 2 2 5 1 4964 6085 6086
9597 2 2 5 1 3943 3690 3944
9598 2 2 5 1 3048 3429 3464
9599 2 2 5 1 3556 6869 7122
9600 2 2 5 1 3946 3718 4374
9601 2 2 5 1 1509 1508 1510
9602 2 2 5 1 2488 2485 7064
9603 2 2 5 1 3770 3771 4384
9604 2 2 5 1 6672 7007 7235
9605 2 2 5 1 1869 1870 1871
9606 2 2 5 1 2418 1108 7117
9607 2 2 5 1 5253 5252 5254
9608 2 2 5 1 1253 131 7169
9609 2 2 5 1 3108 3109 3489
9610 2 2 5 1 4956 7047 7127
9611 2 2 5 1 830 829 831
9612 2 2 5 1 1679 1678 1680
9613 2 2 5 1 2757 2740 7166
9614 2 2 5 1 1949 7063 7112
9615 2 2 5 1 2682 2675 4423
9616 2 2 5 1 1126 1121 7336
9617 2 2 5 1 4198 5971 5972
9618 2 2 5 1 681 685 7055
9619 2 2 5 1 1696 1695 1697
9620 2 2 5 1 3617 1868 7031
9621 2 2 5 1 2182 2962 7057
9622 2 2 5 1 5050 2945 5078
9623 2 2 5 1 3431 3433 4999
9624 2 2 5 1 3352 3350 3362
9625 2 2 5 1 622 621 623
9626 2 2 5 1 581 582 583
9627 2 2 5 1 624 623 625
9628 2 2 5 1 583 584 585
9629 2 2 5 1 1386 1385 1387
9630 2 2 5 1 4717 4718 5214
9631 2 2 5 1 2029 1876 2030
9632 2 2 5 1 4440 5452 7100
9633 2 2 5 1 3541 4868 5428
9634 2 2 5 1 1271 1272 1313
9635 2 2 5 1 4293 1261 5391
9636 2 2 5 1 953 982 983
9637 2 2 5 1 2340 2339 2341
9638 2 2 5 1 1511 1510 1512
9639 2 2 5 1 4384 4385 5512
9640 2 2 5 1 663 681 7072
9641 2 2 5 1 3454 2979 3456
9642 2 2 5 1 1629 1879 1915
9643 2 2 5 1 3656 3657 3658
9644 2 2 5 1 616 615 617
9645 2 2 5 1 575 576 577
9646 2 2 5 1 3879 4695 4696
9647 2 2 5 1 2593 2591 2594
9648 2 2 5 1 1335 1221 6868
9649 2 2 5 1 3664 4917 6992
9650 2 2 5 1 3481 1312 3849
9651 2 2 5 1 3128 3129 7075
9652 2 2 5 1 2622 2621 7078
9653 2 2 5 1 2379 2382 7234
9654 2 2 5 1 3743 3060 3764
9655 2 2 5 1 5251 5250 5252
9656 2 2 5 1 7662 3809 7844
9657 2 2 5 1 4644 4642 7061
9658 2 2 5 1 4428 3647 4429
9659 2 2 5 1 620 619 621
9660 2 2 5 1 579 580 581
9661 2 2 5 1 1004 1006 7043
9662 2 2 5 1 5190 3688 5337
9663 2 2 5 1 4428 4430 7156
9664 2 2 5 1 1484 1806 2942
9665 2 2 5 1 6914 1958 7069
9666 2 2 5 1 4865 3282 7323
9667 2 2 5 1 2717 2718 2719
9668 2 2 5 1 618 617 619
9669 2 2 5 1 577 578 579
9670 2 2 5 1 3819 3807 5264
9671 2 2 5 1 3032 1018 7050
9672 2 2 5 1 2701 2692 2707
9673 2 2 5 1 2719 2720 2721
9674 2 2 5 1 1006 3032 7043
9675 2 2 5 1 1885 1866 1886
9676 2 2 5 1 3711 3712 4166
9677 2 2 5 1 3807 3050 4162
9678 2 2 5 1 4388 5272 7079
9679 2 2 5 1 3776 3775 4990
9680 2 2 5 1 1018 1050 7050
9681 2 2 5 1 3694 5070 7281
9682 2 2 5 1 2572 2574 3828
9683 2 2 5 1 1129 1159 2547
9684 2 2 5 1 2226 2609 2610
9685 2 2 5 1 1050 1086 7050
9686 2 2 5 1 3610 3609 3611
9687 2 2 5 1 3221 3943 7018
9688 2 2 5 1 1869 1598 1870
9689 2 2 5 1 1881 1630 1916
9690 2 2 5 1 3429 3047 3430
9691 2 2 5 1 3583 3053 7062
9692 2 2 5 1 4454 4542 5313
9693 2 2 5 1 7006 1089 7080
9694 2 2 5 1 2477 2476 7133
9695 2 2 5 1 3450 3448 3451
9696 2 2 5 1 2589 1473 4395
9697 2 2 5 1 3572 3748 3749
9698 2 2 5 1 1430 1002 6901
9699 2 2 5 1 3576 4112 7323
9700 2 2 5 1 2816 3209 7101
9701 2 2 5 1 3688 3528 3689
9702 2 2 5 1 1536 1537 1538
9703 2 2 5 1 5189 7065 7249
9704 2 2 5 1 5431 3758 5861
9705 2 2 5 1 983 1025 1026
9706 2 2 5 1 2272 6635 7600
9707 2 2 5 1 7231 4381 7375
9708 2 2 5 1 1372 1500 1501
9709 2 2 5 1 4167 3932 4168
9710 2 2 5 1 3388 3382 6791
9711 2 2 5 1 1562 1563 2419
9712 2 2 5 1 6636 2271 7599
9713 2 2 5 1 3658 3660 3661
9714 2 2 5 1 3209 3714 4185
9715 2 2 5 1 3817 4970 5815
9716 2 2 5 1 3405 3770 4223
9717 2 2 5 1 414 415 7252
9718 2 2 5 1 1558 1601 1629
9719 2 2 5 1 4890 4853 5979
9720 2 2 5 1 4806 4805 5811
9721 2 2 5 1 6748 4326 6807
9722 2 2 5 1 4643 4645 7120
9723 2 2 5 1 2222 2223 2225
9724 2 2 5 1 2269 1896 7942
9725 2 2 5 1 1377 1495 1496
9726 2 2 5 1 5180 4644 7061
9727 2 2 5 1 3221 2650 3641
9728 2 2 5 1 3049 3050 3807
9729 2 2 5 1 4794 7371 7522
9730 2 2 5 1 5249 5248 5250
9731 2 2 5 1 131 132 7169
9732 2 2 5 1 962 1022 6909
9733 2 2 5 1 3473 3474 4048
9734 2 2 5 1 4516 4368 5384
9735 2 2 5 1 5151 5068 5152
9736 2 2 5 1 4852 4256 6021
9737 2 2 5 1 3831 3404 3837
9738 2 2 5 1 3817 4969 4970
9739 2 2 5 1 4035 4543 5413
9740 2 2 5 1 2610 2611 2612
9741 2 2 5 1 2649 3486 7199
9742 2 2 5 1 2145 2839 2943
9743 2 2 5 1 58 57 762
9744 2 2 5 1 4636 5557 5559
9745 2 2 5 1 1872 3831 4035
9746 2 2 5 1 1185 2318 6982
9747 2 2 5 1 1130 1075 2546
9748 2 2 5 1 3544 3545 3546
9749 2 2 5 1 3652 3653 3654
9750 2 2 5 1 3407 3408 3409
9751 2 2 5 1 1311 3371 3372
9752 2 2 5 1 877 878 879
9753 2 2 5 1 1989 2031 7034
9754 2 2 5 1 2111 1986 2216
9755 2 2 5 1 2239 2195 3072
9756 2 2 5 1 2484 3367 7064
9757 2 2 5 1 1271 1313 3405
9758 2 2 5 1 5247 5246 5248
9759 2 2 5 1 2849 2311 3047
9760 2 2 5 1 1501 1502 1503
9761 2 2 5 1 2343 2344 3203
9762 2 2 5 1 4470 4471 4473
9763 2 2 5 1 967 988 3479
9764 2 2 5 1 4973 3423 7160
9765 2 2 5 1 3040 2834 3041
9766 2 2 5 1 3923 4615 4616
9767 2 2 5 1 4552 6029 7937
9768 2 2 5 1 1602 1559 1630
9769 2 2 5 1 4048 3474 4139
9770 2 2 5 1 4526 3765 4527
9771 2 2 5 1 7026 1845 7237
9772 2 2 5 1 4623 3926 4624
9773 2 2 5 1 3528 2043 7076
9774 2 2 5 1 1105 1103 6955
9775 2 2 5 1 4401 5554 5555
9776 2 2 5 1 1434 1373 1435
9777 2 2 5 1 5243 4782 5244
9778 2 2 5 1 3880 3895 4454
9779 2 2 5 1 4435 3776 7085
9780 2 2 5 1 1519 1518 1520
9781 2 2 5 1 1523 1522 1524
9782 2 2 5 1 2401 6483 7331
9783 2 2 5 1 3405 4963 7081
9784 2 2 5 1 7063 4928 7112
9785 2 2 5 1 1946 2168 7134
9786 2 2 5 1 3690 3641 4636
9787 2 2 5 1 3203 3204 3880
9788 2 2 5 1 1503 1504 1505
9789 2 2 5 1 1592 1797 1798
9790 2 2 5 1 2254 1974 2255
9791 2 2 5 1 4275 5178 6081
9792 2 2 5 1 4255 4684 6016
9793 2 2 5 1 3340 2369 3341
9794 2 2 5 1 4077 4076 4078
9795 2 2 5 1 3865 3451 3866
9796 2 2 5 1 3473 2612 3474
9797 2 2 5 1 3133 3251 7088
9798 2 2 5 1 3119 3121 3955
9799 2 2 5 1 3049 3819 7066
9800 2 2 5 1 5323 5523 5905
9801 2 2 5 1 4632 4630 4634
9802 2 2 5 1 3732 2953 3733
9803 2 2 5 1 6783 4333 7214
9804 2 2 5 1 5368 3949 7143
9805 2 2 5 1 132 6979 7169
9806 2 2 5 1 3485 3166 6885
9807 2 2 5 1 1026 1061 1062
9808 2 2 5 1 4642 4660 7061
9809 2 2 5 1 4399 4400 4401
9810 2 2 5 1 2839 2144 2840
9811 2 2 5 1 1223 1166 1224
9812 2 2 5 1 3471 3469 7219
9813 2 2 5 1 547 542 548
9814 2 2 5 1 544 549 550
9815 2 2 5 1 2942 3414 3618
9816 2 2 5 1 2346 4381 7231
9817 2 2 5 1 4077 4987 5046
9818 2 2 5 1 7007 4375 7235
9819 2 2 5 1 1871 1870 1872
9820 2 2 5 1 2529 120 7033
9821 2 2 5 1 3728 4058 4599
9822 2 2 5 1 1942 2093 2206
9823 2 2 5 1 3367 4946 7064
9824 2 2 5 1 2974 3168 4056
9825 2 2 5 1 2505 2513 7082
9826 2 2 5 1 2375 1042 6897
9827 2 2 5 1 2231 2230 7518
9828 2 2 5 1 664 652 2585
9829 2 2 5 1 2572 2573 2574
9830 2 2 5 1 1089 1123 7080
9831 2 2 5 1 5381 4439 7085
9832 2 2 5 1 4196 3719 4197
9833 2 2 5 1 5245 5244 5246
9834 2 2 5 1 4353 5030 7070
9835 2 2 5 1 3108 3489 4716
9836 2 2 5 1 2310 2255 4418
9837 2 2 5 1 4460 4711 5042
9838 2 2 5 1 2981 2522 2982
9839 2 2 5 1 3349 5019 7142
9840 2 2 5 1 5067 3693 5068
9841 2 2 5 1 4713 3726 5389
9842 2 2 5 1 2213 3639 3665
9843 2 2 5 1 3689 4367 4368
9844 2 2 5 1 2168 3122 4470
9845 2 2 5 1 4019 4140 5211
9846 2 2 5 1 1635 4417 7415
9847 2 2 5 1 1702 1701 1703
9848 2 2 5 1 1022 2375 6909
9849 2 2 5 1 2104 2850 2859
9850 2 2 5 1 3342 3341 3343
9851 2 2 5 1 5168 4265 5169
9852 2 2 5 1 3219 2650 3221
9853 2 2 5 1 2100 2101 7130
9854 2 2 5 1 3991 5417 7380
9855 2 2 5 1 2201 2030 2807
9856 2 2 5 1 4419 4418 4467
9857 2 2 5 1 896 897 7071
9858 2 2 5 1 3779 4575 6079
9859 2 2 5 1 5341 4341 7122
9860 2 2 5 1 2551 2552 2553
9861 2 2 5 1 2942 3618 4399
9862 2 2 5 1 4397 3474 7119
9863 2 2 5 1 2429 3049 7066
9864 2 2 5 1 158 159 1282
9865 2 2 5 1 3759 3412 4022
9866 2 2 5 1 2574 3033 3034
9867 2 2 5 1 5433 4746 5434
9868 2 2 5 1 3190 4428 7364
9869 2 2 5 1 6984 2461 7092
9870 2 2 5 1 7031 1873 7183
9871 2 2 5 1 2237 2238 2245
9872 2 2 5 1 822 821 823
9873 2 2 5 1 2063 3143 3948
9874 2 2 5 1 3822 3821 3823
9875 2 2 5 1 2754 2755 2756
9876 2 2 5 1 2332 1539 7067
9877 2 2 5 1 2794 4640 7078
9878 2 2 5 1 1062 1076 1077
9879 2 2 5 1 1387 1392 1393
9880 2 2 5 1 1606 1607 1824
9881 2 2 5 1 3771 1313 7047
9882 2 2 5 1 2752 2753 2754
9883 2 2 5 1 108 109 1283
9884 2 2 5 1 2518 2490 7213
9885 2 2 5 1 4924 4923 7271
9886 2 2 5 1 2209 2211 3605
9887 2 2 5 1 105 464 7144
9888 2 2 5 1 465 162 6993
9889 2 2 5 1 3416 2150 3417
9890 2 2 5 1 2461 2465 7092
9891 2 2 5 1 4311 3451 7222
9892 2 2 5 1 4910 3617 7031
9893 2 2 5 1 1955 2053 2146
9894 2 2 5 1 2325 2303 6957
9895 2 2 5 1 2684 2680 2685
9896 2 2 5 1 6477 4067 6478
9897 2 2 5 1 2802 3086 7041
9898 2 2 5 1 3669 3668 3817
9899 2 2 5 1 4533 3890 4998
9900 2 2 5 1 3553 4024 4617
9901 2 2 5 1 1816 1815 1817
9902 2 2 5 1 1182 1238 1239
9903 2 2 5 1 2724 2730 2731
9904 2 2 5 1 5098 4632 6872
9905 2 2 5 1 2146 2053 2251
9906 2 2 5 1 4379 6804 7218
9907 2 2 5 1 6418 5189 7249
9908 2 2 5 1 2226 2610 7107
9909 2 2 5 1 3360 3589 4404
9910 2 2 5 1 2859 2850 3548
9911 2 2 5 1 1572 1574 1614
9912 2 2 5 1 4885 3900 7024
9913 2 2 5 1 4263 4261 6262
9914 2 2 5 1 1966 1965 2144
9915 2 2 5 1 2101 2104 7130
9916 2 2 5 1 3337 2805 7177
9917 2 2 5 1 2489 2490 2491
9918 2 2 5 1 1958 1984 7069
9919 2 2 5 1 2804 2802 7041
9920 2 2 5 1 2756 2762 2763
9921 2 2 5 1 2184 2188 7104
9922 2 2 5 1 4751 5493 5494
9923 2 2 5 1 4781 4780 4782
9924 2 2 5 1 5064 3420 6992
9925 2 2 5 1 5015 3733 5016
9926 2 2 5 1 4383 2377 7234
9927 2 2 5 1 3597 4155 4712
9928 2 2 5 1 2338 2337 2339
9929 2 2 5 1 7772 5187 7821
9930 2 2 5 1 2493 2492 2494
9931 2 2 5 1 2859 3548 3597
9932 2 2 5 1 3514 3513 3775
9933 2 2 5 1 5667 8750 8891
9934 2 2 5 1 1565 1570 1571
9935 2 2 5 1 3597 3548 4155
9936 2 2 5 1 3405 1313 3770
9937 2 2 5 1 4712 4155 5274
9938 2 2 5 1 3353 3364 7158
9939 2 2 5 1 3849 1312 7102
9940 2 2 5 1 764 752 7289
9941 2 2 5 1 2901 2900 2902
9942 2 2 5 1 960 938 2541
9943 2 2 5 1 1814 1813 1815
9944 2 2 5 1 554 555 556
9945 2 2 5 1 3861 3432 7153
9946 2 2 5 1 7218 1249 7271
9947 2 2 5 1 990 969 3480
9948 2 2 5 1 2542 3513 3514
9949 2 2 5 1 4392 2427 7066
9950 2 2 5 1 1875 1876 2029
9951 2 2 5 1 2721 2722 2723
9952 2 2 5 1 3048 3047 3429
9953 2 2 5 1 1615 1617 1618
9954 2 2 5 1 1111 1110 2288
9955 2 2 5 1 5298 5300 5301
9956 2 2 5 1 1294 1363 1558
9957 2 2 5 1 6230 3752 6231
9958 2 2 5 1 1360 1292 1559
9959 2 2 5 1 4946 3369 7159
9960 2 2 5 1 2612 2613 7119
9961 2 2 5 1 3129 3132 7075
9962 2 2 5 1 3418 3417 3419
9963 2 2 5 1 3065 3497 3529
9964 2 2 5 1 4716 3489 4717
9965 2 2 5 1 3420 3419 3664
9966 2 2 5 1 780 764 781
9967 2 2 5 1 2600 3064 3065
9968 2 2 5 1 554 2409 7225
9969 2 2 5 1 1706 1705 1707
9970 2 2 5 1 3369 3368 7229
9971 2 2 5 1 1081 1079 2555
9972 2 2 5 1 2168 4470 7134
9973 2 2 5 1 2872 2873 2874
9974 2 2 5 1 2145 2144 2839
9975 2 2 5 1 3031 5223 7104
9976 2 2 5 1 4661 2219 6737
9977 2 2 5 1 2029 2201 2542
9978 2 2 5 1 1329 2369 3340
9979 2 2 5 1 4088 4087 6674
9980 2 2 5 1 2256 2255 2310
9981 2 2 5 1 3221 3641 3690
9982 2 2 5 1 6831 7608 7633
9983 2 2 5 1 3948 6685 8299
9984 2 2 5 1 4714 4713 5351
9985 2 2 5 1 1120 1262 7147
9986 2 2 5 1 5019 3351 7158
9987 2 2 5 1 3434 3432 3861
9988 2 2 5 1 1045 1012 1046
9989 2 2 5 1 4401 4400 5554
9990 2 2 5 1 1924 1923 1959
9991 2 2 5 1 2750 2751 2752
9992 2 2 5 1 2507 2506 2511
9993 2 2 5 1 824 823 825
9994 2 2 5 1 3832 3726 4713
9995 2 2 5 1 2679 2678 2680
9996 2 2 5 1 3811 4514 7229
9997 2 2 5 1 1960 1959 2051
9998 2 2 5 1 3169 7231 7375
9999 2 2 5 1 6383 4876 7580
10000 2 2 5 1 3516 3053 3583
10001 2 2 5 1 1447 1446 1448
10002 2 2 5 1 1812 1811 1813
10003 2 2 5 1 2962 2184 7104
10004 2 2 5 1 1607 1623 1791
10005 2 2 5 1 1123 1273 7080
10006 2 2 5 1 2835 149 7048
10007 2 2 5 1 2105 2107 7084
10008 2 2 5 1 3728 3159 4058
10009 2 2 5 1 3439 3133 7088
10010 2 2 5 1 4399 3618 4400
10011 2 2 5 1 3344 3345 3346
10012 2 2 5 1 5284 5315 5579
10013 2 2 5 1 5367 5368 5369
10014 2 2 5 1 910 909 912
10015 2 2 5 1 5025 4068 6477
10016 2 2 5 1 5156 4096 5358
10017 2 2 5 1 1267 889 6590
10018 2 2 5 1 7936 3521 8925
10019 2 2 5 1 1313 1272 7047
10020 2 2 5 1 2465 3128 7092
10021 2 2 5 1 3377 4995 4997
10022 2 2 5 1 752 741 2583
10023 2 2 5 1 2498 2497 2499
10024 2 2 5 1 3449 3452 3477
10025 2 2 5 1 2406 3399 3768
10026 2 2 5 1 3988 4578 4579
10027 2 2 5 1 5391 1261 7463
10028 2 2 5 1 6985 6984 7092
10029 2 2 5 1 4917 4918 5340
10030 2 2 5 1 3464 3429 3491
10031 2 2 5 1 3920 3444 4150
10032 2 2 5 1 2859 4422 7130
10033 2 2 5 1 2943 2839 3256
10034 2 2 5 1 3219 3221 7018
10035 2 2 5 1 3346 3347 3348
10036 2 2 5 1 3109 3111 7086
10037 2 2 5 1 3733 2953 6833
10038 2 2 5 1 2850 2105 7084
10039 2 2 5 1 1158 1195 7081
10040 2 2 5 1 1101 1083 1102
10041 2 2 5 1 4095 3533 4096
10042 2 2 5 1 2342 2341 2650
10043 2 2 5 1 4846 3669 7090
10044 2 2 5 1 1658 1657 1659
10045 2 2 5 1 4667 6978 7224
10046 2 2 5 1 1872 3404 3831
10047 2 2 5 1 1034 1067 1068
10048 2 2 5 1 4571 3471 7219
10049 2 2 5 1 2613 2615 7109
10050 2 2 5 1 1086 4390 7050
10051 2 2 5 1 3546 3936 3937
10052 2 2 5 1 7792 5394 9020
10053 2 2 5 1 2508 2507 2509
10054 2 2 5 1 3381 3379 3383
10055 2 2 5 1 5703 2763 8202
10056 2 2 5 1 3776 4990 7085
10057 2 2 5 1 2206 2207 3046
10058 2 2 5 1 2220 2221 2222
10059 2 2 5 1 2488 7064 7213
10060 2 2 5 1 5070 5069 5644
10061 2 2 5 1 2502 2501 2503
10062 2 2 5 1 2669 2668 2670
10063 2 2 5 1 5558 4637 7124
10064 2 2 5 1 2206 3046 4952
10065 2 2 5 1 3156 3155 3519
10066 2 2 5 1 828 827 829
10067 2 2 5 1 4439 4435 7085
10068 2 2 5 1 1803 1624 1875
10069 2 2 5 1 2491 2490 2492
10070 2 2 5 1 2736 2738 2739
10071 2 2 5 1 2741 2742 2743
10072 2 2 5 1 1810 1809 1811
10073 2 2 5 1 2318 4310 6982
10074 2 2 5 1 4321 6793 7268
10075 2 2 5 1 2121 2806 7099
10076 2 2 5 1 1103 1102 1233
10077 2 2 5 1 1948 2258 2259
10078 2 2 5 1 1619 1621 7129
10079 2 2 5 1 4419 4467 4882
10080 2 2 5 1 4412 4413 4414
10081 2 2 5 1 119 2529 7032
10082 2 2 5 1 2218 1798 2536
10083 2 2 5 1 2739 2740 2741
10084 2 2 5 1 1505 1506 1507
10085 2 2 5 1 3445 3447 5012
10086 2 2 5 1 4585 5359 5361
10087 2 2 5 1 4849 4071 5221
10088 2 2 5 1 2743 2744 2745
10089 2 2 5 1 4838 4527 5839
10090 2 2 5 1 2807 2953 3732
10091 2 2 5 1 3677 3675 3678
10092 2 2 5 1 3401 3488 7500
10093 2 2 5 1 2319 597 7240
10094 2 2 5 1 1524 1526 1528
10095 2 2 5 1 1803 1875 1965
10096 2 2 5 1 2524 3074 5005
10097 2 2 5 1 2667 2666 2668
10098 2 2 5 1 2146 2251 3726
10099 2 2 5 1 908 907 909
10100 2 2 5 1 913 912 914
10101 2 2 5 1 2060 2059 2061
10102 2 2 5 1 1031 1030 1053
10103 2 2 5 1 1028 1029 1051
10104 2 2 5 1 3858 3586 3859
10105 2 2 5 1 2029 2030 2201
10106 2 2 5 1 4719 3682 6528
10107 2 2 5 1 2917 2914 2954
10108 2 2 5 1 2733 2734 2758
10109 2 2 5 1 5927 5923 7659
10110 2 2 5 1 2803 3152 4412
10111 2 2 5 1 2341 2339 3182
10112 2 2 5 1 2714 2707 2715
10113 2 2 5 1 2406 1325 3399
10114 2 2 5 1 2310 4418 4419
10115 2 2 5 1 4413 3152 4709
10116 2 2 5 1 3754 3120 4447
10117 2 2 5 1 4538 4539 5024
10118 2 2 5 1 2886 2889 2952
10119 2 2 5 1 7227 4412 7401
10120 2 2 5 1 2188 3031 7104
10121 2 2 5 1 1984 2100 7069
10122 2 2 5 1 4686 5690 8176
10123 2 2 5 1 1610 1439 1809
10124 2 2 5 1 4224 4959 6017
10125 2 2 5 1 3838 3839 4971
10126 2 2 5 1 1520 1522 1523
10127 2 2 5 1 3489 3109 7086
10128 2 2 5 1 2618 2862 7109
10129 2 2 5 1 6898 6673 7643
10130 2 2 5 1 3407 3406 3408
10131 2 2 5 1 1339 1338 7278
10132 2 2 5 1 2909 2908 2910
10133 2 2 5 1 5102 5099 6342
10134 2 2 5 1 3665 4656 5585
10135 2 2 5 1 7075 4994 7313
10136 2 2 5 1 3712 3972 7083
10137 2 2 5 1 3614 4060 4062
10138 2 2 5 1 3251 3838 7088
10139 2 2 5 1 1925 1927 4488
10140 2 2 5 1 2911 2910 2912
10141 2 2 5 1 546 553 554
10142 2 2 5 1 4404 4405 4406
10143 2 2 5 1 6238 7272 7517
10144 2 2 5 1 3430 3047 7182
10145 2 2 5 1 3340 3342 4951
10146 2 2 5 1 1538 2332 2333
10147 2 2 5 1 4089 3737 4090
10148 2 2 5 1 1548 1605 1606
10149 2 2 5 1 826 825 827
10150 2 2 5 1 1516 1518 1519
10151 2 2 5 1 2042 2043 2044
10152 2 2 5 1 1791 1837 1888
10153 2 2 5 1 3602 3389 7097
10154 2 2 5 1 1582 6311 7892
10155 2 2 5 1 3300 3298 3301
10156 2 2 5 1 3346 3348 3349
10157 2 2 5 1 3232 3233 3335
10158 2 2 5 1 2880 2881 2882
10159 2 2 5 1 3778 4853 4890
10160 2 2 5 1 2803 2802 2804
10161 2 2 5 1 2882 2883 2884
10162 2 2 5 1 3447 3449 7325
10163 2 2 5 1 1093 1092 1147
10164 2 2 5 1 1090 1091 1145
10165 2 2 5 1 4983 4984 5419
10166 2 2 5 1 2926 2715 2927
10167 2 2 5 1 3010 3009 3155
10168 2 2 5 1 2615 2618 7109
10169 2 2 5 1 2495 2496 2497
10170 2 2 5 1 4978 7530 7590
10171 2 2 5 1 1820 1853 1854
10172 2 2 5 1 2542 2201 3513
10173 2 2 5 1 2220 2222 3320
10174 2 2 5 1 1718 1717 1719
10175 2 2 5 1 1217 1312 3481
10176 2 2 5 1 3342 3343 3344
10177 2 2 5 1 4092 3224 4094
10178 2 2 5 1 4406 5442 5443
10179 2 2 5 1 4531 3823 4710
10180 2 2 5 1 1932 1930 4489
10181 2 2 5 1 3223 2726 3224
10182 2 2 5 1 3083 4460 7141
10183 2 2 5 1 3574 2985 4981
10184 2 2 5 1 594 596 7700
10185 2 2 5 1 2062 2061 2142
10186 2 2 5 1 4749 4748 4780
10187 2 2 5 1 3275 2927 3276
10188 2 2 5 1 3392 3385 3393
10189 2 2 5 1 3306 2964 3307
10190 2 2 5 1 4716 7867 8851
10191 2 2 5 1 1195 1271 7081
10192 2 2 5 1 915 914 916
10193 2 2 5 1 2257 2036 2844
10194 2 2 5 1 4309 4308 5540
10195 2 2 5 1 4968 7072 7393
10196 2 2 5 1 7473 6589 7632
10197 2 2 5 1 1888 1943 2034
10198 2 2 5 1 3230 3231 3232
10199 2 2 5 1 1598 1368 7132
10200 2 2 5 1 901 902 903
10201 2 2 5 1 3374 3375 3376
10202 2 2 5 1 897 898 899
10203 2 2 5 1 3372 3373 3374
10204 2 2 5 1 2725 2710 2726
10205 2 2 5 1 948 984 2548
10206 2 2 5 1 4224 3399 4958
10207 2 2 5 1 4333 4335 7214
10208 2 2 5 1 7019 2037 7293
10209 2 2 5 1 905 906 907
10210 2 2 5 1 2155 2156 2220
10211 2 2 5 1 3939 4076 4077
10212 2 2 5 1 4367 3528 7076
10213 2 2 5 1 2510 2509 2515
10214 2 2 5 1 4583 4584 4585
10215 2 2 5 1 2151 2152 2155
10216 2 2 5 1 5420 4984 5421
10217 2 2 5 1 5130 5131 5476
10218 2 2 5 1 917 916 918
10219 2 2 5 1 4035 3831 4543
10220 2 2 5 1 6965 2476 7305
10221 2 2 5 1 919 918 925
10222 2 2 5 1 1874 1871 7105
10223 2 2 5 1 3585 3584 3586
10224 2 2 5 1 2613 7109 7119
10225 2 2 5 1 2963 2576 2964
10226 2 2 5 1 1216 1214 7179
10227 2 2 5 1 1103 1233 6955
10228 2 2 5 1 672 598 673
10229 2 2 5 1 635 674 675
10230 2 2 5 1 4221 4220 4345
10231 2 2 5 1 2143 2142 2833
10232 2 2 5 1 6445 4885 7024
10233 2 2 5 1 2997 3730 7115
10234 2 2 5 1 926 925 952
10235 2 2 5 1 731 697 1416
10236 2 2 5 1 1590 1624 1803
10237 2 2 5 1 3732 3733 5015
10238 2 2 5 1 6112 4288 7762
10239 2 2 5 1 3398 3396 3457
10240 2 2 5 1 4166 3712 7083
10241 2 2 5 1 4421 3563 4772
10242 2 2 5 1 3664 3419 3697
10243 2 2 5 1 4614 3922 4680
10244 2 2 5 1 2894 2893 3009
10245 2 2 5 1 1393 1547 1548
10246 2 2 5 1 4100 4057 5739
10247 2 2 5 1 3734 3307 3735
10248 2 2 5 1 3798 7039 7251
10249 2 2 5 1 881 882 883
10250 2 2 5 1 1280 1198 4387
10251 2 2 5 1 3925 4622 4681
10252 2 2 5 1 3925 4681 6968
10253 2 2 5 1 2333 2332 2334
10254 2 2 5 1 1148 1147 1177
10255 2 2 5 1 1145 1146 1174
10256 2 2 5 1 6360 4897 7135
10257 2 2 5 1 1531 1533 1535
10258 2 2 5 1 4599 4058 5154
10259 2 2 5 1 2493 2494 2495
10260 2 2 5 1 3574 4982 4983
10261 2 2 5 1 3404 1870 7132
10262 2 2 5 1 1950 3037 7287
10263 2 2 5 1 1671 1670 1672
10264 2 2 5 1 6801 1858 7155
10265 2 2 5 1 1587 1585 7422
10266 2 2 5 1 1556 1555 1591
10267 2 2 5 1 2107 2846 7084
10268 2 2 5 1 2428 2426 7471
10269 2 2 5 1 4369 3908 4442
10270 2 2 5 1 6438 4685 6473
10271 2 2 5 1 1860 2005 2006
10272 2 2 5 1 735 711 1549
10273 2 2 5 1 3377 4997 7136
10274 2 2 5 1 1507 1508 1509
10275 2 2 5 1 1389 1160 3466
10276 2 2 5 1 1286 1310 7127
10277 2 2 5 1 889 890 891
10278 2 2 5 1 1178 1177 1202
10279 2 2 5 1 1174 1175 1201
10280 2 2 5 1 3646 3189 7427
10281 2 2 5 1 3203 3880 3881
10282 2 2 5 1 3384 3383 3385
10283 2 2 5 1 3474 2612 7119
10284 2 2 5 1 3185 6753 7808
10285 2 2 5 1 3564 3684 4715
10286 2 2 5 1 5046 4987 6007
10287 2 2 5 1 2337 2336 2343
10288 2 2 5 1 7064 4946 7213
10289 2 2 5 1 4313 4312 4314
10290 2 2 5 1 1960 2051 2052
10291 2 2 5 1 6390 3354 7368
10292 2 2 5 1 1824 1607 7188
10293 2 2 5 1 4054 3393 7195
10294 2 2 5 1 6069 6068 8310
10295 2 2 5 1 1509 1510 1511
10296 2 2 5 1 1511 1583 1981
10297 2 2 5 1 4553 4904 5284
10298 2 2 5 1 3125 6173 7279
10299 2 2 5 1 4996 5031 5032
10300 2 2 5 1 1511 1512 1583
10301 2 2 5 1 3042 3041 3043
10302 2 2 5 1 6712 6713 7720
10303 2 2 5 1 1220 1222 7173
10304 2 2 5 1 3420 3664 6992
10305 2 2 5 1 1452 1454 7385
10306 2 2 5 1 7065 1428 7249
10307 2 2 5 1 1646 1648 1688
10308 2 2 5 1 1818 1819 1820
10309 2 2 5 1 2335 2334 2336
10310 2 2 5 1 2476 2474 7305
10311 2 2 5 1 7154 4972 7269
10312 2 2 5 1 4939 7311 7500
10313 2 2 5 1 1609 1841 1842
10314 2 2 5 1 4179 4180 5591
10315 2 2 5 1 163 164 2530
10316 2 2 5 1 103 104 2531
10317 2 2 5 1 1790 1835 7269
10318 2 2 5 1 1449 1448 1450
10319 2 2 5 1 7039 6844 7251
10320 2 2 5 1 2190 1992 7204
10321 2 2 5 1 3123 7357 7578
10322 2 2 5 1 1548 1604 1605
10323 2 2 5 1 2348 2346 7231
10324 2 2 5 1 3111 3173 7086
10325 2 2 5 1 1468 1471 7476
10326 2 2 5 1 2377 2379 7234
10327 2 2 5 1 3664 3697 4916
10328 2 2 5 1 2104 2859 7130
10329 2 2 5 1 2731 2732 2733
10330 2 2 5 1 3114 3113 3921
10331 2 2 5 1 2151 2155 2260
10332 2 2 5 1 5959 5958 6272
10333 2 2 5 1 4248 4246 6896
10334 2 2 5 1 2540 3229 3230
10335 2 2 5 1 2846 2121 7099
10336 2 2 5 1 4628 4627 4629
10337 2 2 5 1 1438 1608 1609
10338 2 2 5 1 2523 3201 7203
10339 2 2 5 1 3115 3116 3924
10340 2 2 5 1 4198 4166 4841
10341 2 2 5 1 3718 3560 7126
10342 2 2 5 1 2317 1187 6969
10343 2 2 5 1 2806 3104 7099
10344 2 2 5 1 2108 2046 2109
10345 2 2 5 1 2045 2108 2603
10346 2 2 5 1 4613 4455 5049
10347 2 2 5 1 3885 6037 7212
10348 2 2 5 1 5096 3873 5097
10349 2 2 5 1 4986 6736 7729
10350 2 2 5 1 4581 4582 4583
10351 2 2 5 1 3410 3408 4502
10352 2 2 5 1 3835 4980 5000
10353 2 2 5 1 4251 4252 4771
10354 2 2 5 1 1872 4035 7105
10355 2 2 5 1 3693 3242 6974
10356 2 2 5 1 2896 2897 2898
10357 2 2 5 1 2826 2536 2827
10358 2 2 5 1 1953 1955 7154
10359 2 2 5 1 4409 4064 5541
10360 2 2 5 1 1451 1450 1452
10361 2 2 5 1 5972 5971 5973
10362 2 2 5 1 6143 3362 7611
10363 2 2 5 1 6786 774 7459
10364 2 2 5 1 4579 4580 4581
10365 2 2 5 1 2503 2501 2506
10366 2 2 5 1 2863 2856 2864
10367 2 2 5 1 2335 2336 2337
10368 2 2 5 1 786 769 787
10369 2 2 5 1 771 798 799
10370 2 2 5 1 2610 3473 7107
10371 2 2 5 1 5223 8865 8957
10372 2 2 5 1 3711 4166 4198
10373 2 2 5 1 5079 7577 7728
10374 2 2 5 1 1734 1733 1735
10375 2 2 5 1 2620 2622 7241
10376 2 2 5 1 1058 1040 6890
10377 2 2 5 1 2411 2308 7272
10378 2 2 5 1 4626 4625 4627
10379 2 2 5 1 2984 2985 3573
10380 2 2 5 1 2913 2912 2914
10381 2 2 5 1 1979 2045 7193
10382 2 2 5 1 4160 3471 4571
10383 2 2 5 1 5013 4254 5014
10384 2 2 5 1 1152 1076 1258
10385 2 2 5 1 5455 3602 7097
10386 2 2 5 1 1981 1982 2150
10387 2 2 5 1 1365 1484 7138
10388 2 2 5 1 2513 2572 7082
10389 2 2 5 1 1311 1211 3371
10390 2 2 5 1 3395 4069 7195
10391 2 2 5 1 2884 2885 2886
10392 2 2 5 1 2869 2868 2870
10393 2 2 5 1 2500 2499 2501
10394 2 2 5 1 4811 4022 5459
10395 2 2 5 1 4427 3224 7530
10396 2 2 5 1 2042 2024 2043
10397 2 2 5 1 4323 4321 7268
10398 2 2 5 1 3340 3341 3342
10399 2 2 5 1 5172 4020 5333
10400 2 2 5 1 775 812 813
10401 2 2 5 1 4453 4451 4592
10402 2 2 5 1 5003 4047 5290
10403 2 2 5 1 1233 1102 4420
10404 2 2 5 1 3577 2938 4057
10405 2 2 5 1 4916 3697 5130
10406 2 2 5 1 953 952 982
10407 2 2 5 1 5264 7459 7560
10408 2 2 5 1 5131 3697 7184
10409 2 2 5 1 3044 3043 3089
10410 2 2 5 1 5406 5408 7958
10411 2 2 5 1 3278 3503 7052
10412 2 2 5 1 3157 2827 3158
10413 2 2 5 1 1025 982 1027
10414 2 2 5 1 2146 3832 7154
10415 2 2 5 1 1156 1188 7198
10416 2 2 5 1 5514 4070 5515
10417 2 2 5 1 2298 6434 7887
10418 2 2 5 1 4600 4472 5447
10419 2 2 5 1 1871 1872 7105
10420 2 2 5 1 4077 4078 4987
10421 2 2 5 1 873 871 874
10422 2 2 5 1 4902 1988 7034
10423 2 2 5 1 5029 4499 7612
10424 2 2 5 1 3349 3350 3351
10425 2 2 5 1 223 224 8419
10426 2 2 5 1 1592 1591 1797
10427 2 2 5 1 6374 4902 7167
10428 2 2 5 1 6752 4386 7290
10429 2 2 5 1 3669 3817 7090
10430 2 2 5 1 1179 1206 3494
10431 2 2 5 1 5027 4667 7224
10432 2 2 5 1 1888 2034 2035
10433 2 2 5 1 1979 1912 1980
10434 2 2 5 1 2688 2686 3851
10435 2 2 5 1 1618 1619 1786
10436 2 2 5 1 1204 1176 3495
10437 2 2 5 1 733 737 1550
10438 2 2 5 1 1319 5633 8902
10439 2 2 5 1 5068 3693 6974
10440 2 2 5 1 1843 1782 1844
10441 2 2 5 1 1974 1430 7151
10442 2 2 5 1 3421 2695 3883
10443 2 2 5 1 1546 1427 2194
10444 2 2 5 1 3184 3912 3913
10445 2 2 5 1 3757 4220 4221
10446 2 2 5 1 983 982 1025
10447 2 2 5 1 675 694 695
10448 2 2 5 1 692 673 693
10449 2 2 5 1 3223 4092 4093
10450 2 2 5 1 1259 1258 1260
10451 2 2 5 1 4091 4090 4921
10452 2 2 5 1 2045 1980 2046
10453 2 2 5 1 2490 2488 7213
10454 2 2 5 1 3349 3348 3350
10455 2 2 5 1 1277 1260 1278
10456 2 2 5 1 2896 2358 2897
10457 2 2 5 1 1371 1278 1372
10458 2 2 5 1 1606 1605 1607
10459 2 2 5 1 1590 1575 1624
10460 2 2 5 1 1026 1025 1061
10461 2 2 5 1 4967 7132 7278
10462 2 2 5 1 3169 2351 7231
10463 2 2 5 1 4093 4568 4569
10464 2 2 5 1 3550 2190 3551
10465 2 2 5 1 3972 4791 7083
10466 2 2 5 1 7047 1286 7127
10467 2 2 5 1 2818 2646 2831
10468 2 2 5 1 3366 3878 3879
10469 2 2 5 1 3368 3811 7229
10470 2 2 5 1 1842 1998 1999
10471 2 2 5 1 2333 2334 2335
10472 2 2 5 1 7076 2189 7226
10473 2 2 5 1 3817 5815 7090
10474 2 2 5 1 6293 4702 6294
10475 2 2 5 1 2195 2111 7152
10476 2 2 5 1 2767 2567 2768
10477 2 2 5 1 4923 7218 7271
10478 2 2 5 1 4771 4252 5410
10479 2 2 5 1 2493 6772 7266
10480 2 2 5 1 4897 6928 7135
10481 2 2 5 1 3620 4065 4066
10482 2 2 5 1 2390 2868 2869
10483 2 2 5 1 5741 4704 5742
10484 2 2 5 1 3086 3855 7041
10485 2 2 5 1 2168 2014 2600
10486 2 2 5 1 7059 4391 7285
10487 2 2 5 1 3406 1824 7188
10488 2 2 5 1 5839 4527 6023
10489 2 2 5 1 3679 3678 3680
10490 2 2 5 1 3730 3774 4169
10491 2 2 5 1 4443 4442 4601
10492 2 2 5 1 720 688 1192
10493 2 2 5 1 4890 5979 6559
10494 2 2 5 1 2694 2685 7207
10495 2 2 5 1 3047 2311 7182
10496 2 2 5 1 3090 3089 3091
10497 2 2 5 1 5417 5416 5577
10498 2 2 5 1 4381 1335 6868
10499 2 2 5 1 3409 3408 3410
10500 2 2 5 1 4188 4186 5842
10501 2 2 5 1 6352 4465 7288
10502 2 2 5 1 1077 1076 1152
10503 2 2 5 1 4081 3278 7052
10504 2 2 5 1 1781 1777 1782
10505 2 2 5 1 2150 1982 2151
10506 2 2 5 1 2133 2802 2803
10507 2 2 5 1 4069 3397 4070
10508 2 2 5 1 3862 1804 7077
10509 2 2 5 1 1558 6161 7310
10510 2 2 5 1 5731 4197 5732
10511 2 2 5 1 1062 1061 1076
10512 2 2 5 1 2324 2326 7260
10513 2 2 5 1 1032 5680 8339
10514 2 2 5 1 1310 1366 7127
10515 2 2 5 1 4169 4883 4884
10516 2 2 5 1 1988 1989 7034
10517 2 2 5 1 2891 2892 3241
10518 2 2 5 1 4375 5201 7235
10519 2 2 5 1 1870 1598 7132
10520 2 2 5 1 6772 6666 7745
10521 2 2 5 1 2706 2710 2711
10522 2 2 5 1 3681 3680 3990
10523 2 2 5 1 1981 1583 1982
10524 2 2 5 1 4213 4214 5345
10525 2 2 5 1 883 884 885
10526 2 2 5 1 4198 4841 5971
10527 2 2 5 1 1501 1503 3826
10528 2 2 5 1 3217 3218 4084
10529 2 2 5 1 3159 2943 7171
10530 2 2 5 1 4094 4768 5418
10531 2 2 5 1 7357 4463 7578
10532 2 2 5 1 3906 3549 3907
10533 2 2 5 1 3095 3579 7228
10534 2 2 5 1 1797 1591 1883
10535 2 2 5 1 3304 3303 3674
10536 2 2 5 1 3114 3923 7379
10537 2 2 5 1 6440 7746 7759
10538 2 2 5 1 1781 1843 1877
10539 2 2 5 1 3302 3301 3303
10540 2 2 5 1 3926 3116 7382
10541 2 2 5 1 2503 2506 2507
10542 2 2 5 1 4636 5559 7146
10543 2 2 5 1 4450 3206 4451
10544 2 2 5 1 3421 3884 4978
10545 2 2 5 1 1271 3405 7081
10546 2 2 5 1 893 894 895
10547 2 2 5 1 3481 3849 4524
10548 2 2 5 1 891 893 7089
10549 2 2 5 1 1858 1942 7155
10550 2 2 5 1 4396 3513 7197
10551 2 2 5 1 3884 3883 5051
10552 2 2 5 1 2311 2310 7182
10553 2 2 5 1 2251 3553 7145
10554 2 2 5 1 4463 5230 5231
10555 2 2 5 1 4917 4916 4918
10556 2 2 5 1 3092 3091 3297
10557 2 2 5 1 5155 4058 7171
10558 2 2 5 1 5419 4984 5420
10559 2 2 5 1 1127 1126 1141
10560 2 2 5 1 2129 2295 7736
10561 2 2 5 1 2293 2127 7735
10562 2 2 5 1 5472 4054 7195
10563 2 2 5 1 1505 1507 1599
10564 2 2 5 1 2491 2492 2493
10565 2 2 5 1 524 523 533
10566 2 2 5 1 521 522 531
10567 2 2 5 1 556 557 558
10568 2 2 5 1 415 2854 7252
10569 2 2 5 1 1922 1921 1923
10570 2 2 5 1 880 2780 7275
10571 2 2 5 1 2354 2351 3169
10572 2 2 5 1 4475 3768 7140
10573 2 2 5 1 1177 1147 7695
10574 2 2 5 1 2789 2768 2790
10575 2 2 5 1 4066 4149 4199
10576 2 2 5 1 1585 1627 7422
10577 2 2 5 1 2704 2705 2706
10578 2 2 5 1 2522 2516 7014
10579 2 2 5 1 3241 3242 3693
10580 2 2 5 1 2949 3619 3620
10581 2 2 5 1 4062 5496 5497
10582 2 2 5 1 6576 6574 7912
10583 2 2 5 1 1693 1695 1696
10584 2 2 5 1 3205 5062 7128
10585 2 2 5 1 1746 1745 1747
10586 2 2 5 1 3944 3690 7146
10587 2 2 5 1 3065 3529 3889
10588 2 2 5 1 4041 3504 4042
10589 2 2 5 1 3690 4636 7146
10590 2 2 5 1 3768 3399 4224
10591 2 2 5 1 4471 3122 4472
10592 2 2 5 1 5207 5480 5713
10593 2 2 5 1 3124 3557 3601
10594 2 2 5 1 1676 1678 1679
10595 2 2 5 1 4242 6293 7373
10596 2 2 5 1 5526 4588 5527
10597 2 2 5 1 4413 4709 4742
10598 2 2 5 1 1946 1883 2014
10599 2 2 5 1 2984 2713 2985
10600 2 2 5 1 689 721 722
10601 2 2 5 1 5108 5106 5120
10602 2 2 5 1 840 839 841
10603 2 2 5 1 4001 6590 6591
10604 2 2 5 1 4394 2325 6957
10605 2 2 5 1 4367 7076 7226
10606 2 2 5 1 1312 1218 7461
10607 2 2 5 1 1366 1365 7138
10608 2 2 5 1 4983 4982 4984
10609 2 2 5 1 2245 3149 3150
10610 2 2 5 1 2763 2762 7073
10611 2 2 5 1 3668 3334 7186
10612 2 2 5 1 2382 3170 7234
10613 2 2 5 1 1827 1828 1988
10614 2 2 5 1 7219 3469 7562
10615 2 2 5 1 3720 3138 4455
10616 2 2 5 1 2689 2695 2696
10617 2 2 5 1 3626 3056 3627
10618 2 2 5 1 6915 1118 7147
10619 2 2 5 1 2505 7082 7286
10620 2 2 5 1 3158 2827 3438
10621 2 2 5 1 2799 3312 7293
10622 2 2 5 1 3765 3764 7299
10623 2 2 5 1 4335 6119 7214
10624 2 2 5 1 3227 3228 4103
10625 2 2 5 1 4412 3152 4413
10626 2 2 5 1 3560 4903 7126
10627 2 2 5 1 1454 2580 7385
10628 2 2 5 1 2634 2820 2828
10629 2 2 5 1 885 886 887
10630 2 2 5 1 3467 3437 3549
10631 2 2 5 1 5756 5758 5759
10632 2 2 5 1 2382 2385 3170
10633 2 2 5 1 1233 4420 4706
10634 2 2 5 1 3544 3158 3545
10635 2 2 5 1 3944 7995 8190
10636 2 2 5 1 7022 1823 7287
10637 2 2 5 1 3985 3986 3987
10638 2 2 5 1 604 1241 7553
10639 2 2 5 1 891 892 893
10640 2 2 5 1 2925 2776 3205
10641 2 2 5 1 4470 3122 4471
10642 2 2 5 1 2011 2094 2095
10643 2 2 5 1 2588 2590 4468
10644 2 2 5 1 2803 2804 3152
10645 2 2 5 1 3839 3939 7163
10646 2 2 5 1 3889 3529 3947
10647 2 2 5 1 5965 5963 5966
10648 2 2 5 1 3351 3350 3352
10649 2 2 5 1 2572 3828 7082
10650 2 2 5 1 3481 4524 4953
10651 2 2 5 1 842 841 843
10652 2 2 5 1 4417 1637 5640
10653 2 2 5 1 4670 4432 4671
10654 2 2 5 1 1863 1864 1865
10655 2 2 5 1 844 843 845
10656 2 2 5 1 6595 6596 6597
10657 2 2 5 1 5357 4046 5471
10658 2 2 5 1 846 845 847
10659 2 2 5 1 3155 3009 3915
10660 2 2 5 1 2920 3183 3184
10661 2 2 5 1 1325 1216 7179
10662 2 2 5 1 1311 3372 7635
10663 2 2 5 1 2329 2327 7259
10664 2 2 5 1 751 763 2792
10665 2 2 5 1 3334 3331 7186
10666 2 2 5 1 3463 5018 7335
10667 2 2 5 1 4669 5671 5672
10668 2 2 5 1 3502 3277 4517
10669 2 2 5 1 1186 1154 7236
10670 2 2 5 1 4217 6142 7509
10671 2 2 5 1 1290 1097 7504
10672 2 2 5 1 1484 2942 7138
10673 2 2 5 1 952 925 2578
10674 2 2 5 1 4189 4191 5843
10675 2 2 5 1 4053 4411 5530
10676 2 2 5 1 1665 1663 1666
10677 2 2 5 1 2943 3256 7171
10678 2 2 5 1 1156 7198 7504
10679 2 2 5 1 4374 3718 7126
10680 2 2 5 1 1481 1483 6900
10681 2 2 5 1 4127 4126 4128
10682 2 2 5 1 5814 1756 8028
10683 2 2 5 1 3541 3274 4868
10684 2 2 5 1 4072 6600 6782
10685 2 2 5 1 1011 1010 1030
10686 2 2 5 1 1008 1009 1028
10687 2 2 5 1 4957 4956 7238
10688 2 2 5 1 3426 3898 3902
10689 2 2 5 1 3574 4981 4982
10690 2 2 5 1 2915 2907 3113
10691 2 2 5 1 1475 1478 6910
10692 2 2 5 1 2543 6544 7282
10693 2 2 5 1 3730 2996 3774
10694 2 2 5 1 2553 2554 2983
10695 2 2 5 1 1770 1769 1771
10696 2 2 5 1 4510 2577 7223
10697 2 2 5 1 918 916 920
10698 2 2 5 1 2111 2216 7152
10699 2 2 5 1 3691 3692 7300
10700 2 2 5 1 2879 2887 3115
10701 2 2 5 1 1145 1174 7708
10702 2 2 5 1 1152 1258 1259
10703 2 2 5 1 3072 2195 7152
10704 2 2 5 1 1371 1372 1555
10705 2 2 5 1 1277 1278 1371
10706 2 2 5 1 1259 1260 1277
10707 2 2 5 1 2675 2670 7131
10708 2 2 5 1 7092 3128 7313
10709 2 2 5 1 2682 4423 7394
10710 2 2 5 1 2685 2687 7207
10711 2 2 5 1 4130 4128 4292
10712 2 2 5 1 5389 3726 7145
10713 2 2 5 1 3351 3352 3353
10714 2 2 5 1 4112 4869 7323
10715 2 2 5 1 8009 6301 8039
10716 2 2 5 1 1988 1828 1989
10717 2 2 5 1 3435 3467 7221
10718 2 2 5 1 2687 2688 2689
10719 2 2 5 1 3537 4425 4463
10720 2 2 5 1 1688 1689 1850
10721 2 2 5 1 1699 1701 1702
10722 2 2 5 1 4939 1566 7311
10723 2 2 5 1 3889 3947 4743
10724 2 2 5 1 1024 963 6905
10725 2 2 5 1 1222 1329 7173
10726 2 2 5 1 3782 1764 4432
10727 2 2 5 1 2108 2109 2252
10728 2 2 5 1 2419 1563 7192
10729 2 2 5 1 2762 3099 7073
10730 2 2 5 1 3075 3424 3721
10731 2 2 5 1 3936 3545 3965
10732 2 2 5 1 5139 3847 5140
10733 2 2 5 1 6626 4910 7183
10734 2 2 5 1 4239 4229 7509
10735 2 2 5 1 3150 3992 3993
10736 2 2 5 1 4234 4240 7503
10737 2 2 5 1 868 867 870
10738 2 2 5 1 1877 1992 2131
10739 2 2 5 1 1770 1772 7243
10740 2 2 5 1 4103 4104 4687
10741 2 2 5 1 3358 3363 3365
10742 2 2 5 1 3898 4658 7215
10743 2 2 5 1 1989 1990 1991
10744 2 2 5 1 2862 2620 7241
10745 2 2 5 1 8280 3948 8388
10746 2 2 5 1 4224 4958 4959
10747 2 2 5 1 7105 5414 7292
10748 2 2 5 1 1955 2146 7154
10749 2 2 5 1 2154 1990 5021
10750 2 2 5 1 5018 4222 5521
10751 2 2 5 1 1639 1638 1640
10752 2 2 5 1 1495 1575 1590
10753 2 2 5 1 1377 1434 1495
10754 2 2 5 1 1314 1373 1377
10755 2 2 5 1 3331 6973 7186
10756 2 2 5 1 4085 4654 5422
10757 2 2 5 1 2304 1041 6648
10758 2 2 5 1 4251 3249 4252
10759 2 2 5 1 1238 1306 1314
10760 2 2 5 1 722 739 740
10761 2 2 5 1 4077 5046 7163
10762 2 2 5 1 1860 2006 2023
10763 2 2 5 1 2149 2148 2837
10764 2 2 5 1 1772 1771 1773
10765 2 2 5 1 5980 2269 7770
10766 2 2 5 1 1772 1776 2651
10767 2 2 5 1 905 903 906
10768 2 2 5 1 2042 2044 3083
10769 2 2 5 1 5161 4082 6680
10770 2 2 5 1 4687 4688 5338
10771 2 2 5 1 1220 7173 7461
10772 2 2 5 1 3223 3224 4092
10773 2 2 5 1 2942 4399 7138
10774 2 2 5 1 2699 2716 2765
10775 2 2 5 1 5067 5068 5151
10776 2 2 5 1 4411 3673 7247
10777 2 2 5 1 866 865 867
10778 2 2 5 1 3726 2251 7145
10779 2 2 5 1 1182 1223 1238
10780 2 2 5 1 1238 1223 1306
10781 2 2 5 1 2765 2919 2920
10782 2 2 5 1 864 863 865
10783 2 2 5 1 2725 2726 3223
10784 2 2 5 1 1314 1306 1373
10785 2 2 5 1 1377 1373 1434
10786 2 2 5 1 1495 1434 1575
10787 2 2 5 1 2545 2891 2893
10788 2 2 5 1 1776 1773 1777
10789 2 2 5 1 862 861 863
10790 2 2 5 1 859 858 861
10791 2 2 5 1 1182 1166 1223
10792 2 2 5 1 852 851 854
10793 2 2 5 1 1445 1446 1447
10794 2 2 5 1 1846 1912 1979
10795 2 2 5 1 3362 3350 7209
10796 2 2 5 1 2058 1839 2776
10797 2 2 5 1 857 856 858
10798 2 2 5 1 3753 4020 5171
10799 2 2 5 1 1760 1767 1775
10800 2 2 5 1 3747 2007 4662
10801 2 2 5 1 4238 5953 7510
10802 2 2 5 1 855 854 856
10803 2 2 5 1 2797 5173 5174
10804 2 2 5 1 7236 1154 7543
10805 2 2 5 1 3241 3693 3694
10806 2 2 5 1 4923 3798 7251
10807 2 2 5 1 901 899 902
10808 2 2 5 1 3348 3360 7209
10809 2 2 5 1 5176 5185 5186
10810 2 2 5 1 3942 3084 5023
10811 2 2 5 1 2746 2750 7337
10812 2 2 5 1 6713 1508 7804
10813 2 2 5 1 3553 4617 7145
10814 2 2 5 1 2255 1974 7151
10815 2 2 5 1 4303 2918 7411
10816 2 2 5 1 3912 3183 3949
10817 2 2 5 1 2704 2698 2705
10818 2 2 5 1 5654 5653 5717
10819 2 2 5 1 2986 3550 3753
10820 2 2 5 1 3058 3633 3634
10821 2 2 5 1 1946 2014 2168
10822 2 2 5 1 3546 3545 3936
10823 2 2 5 1 1212 1311 7492
10824 2 2 5 1 3645 3189 3646
10825 2 2 5 1 2677 2673 2681
10826 2 2 5 1 1798 1797 7257
10827 2 2 5 1 2044 3527 7267
10828 2 2 5 1 4036 3611 4037
10829 2 2 5 1 1835 1953 7269
10830 2 2 5 1 570 653 3440
10831 2 2 5 1 3573 2985 3574
10832 2 2 5 1 850 849 851
10833 2 2 5 1 897 895 898
10834 2 2 5 1 3146 3760 3763
10835 2 2 5 1 2890 4305 7412
10836 2 2 5 1 848 847 849
10837 2 2 5 1 4418 2255 7151
10838 2 2 5 1 6114 7411 7554
10839 2 2 5 1 1632 1628 1633
10840 2 2 5 1 4569 4568 5222
10841 2 2 5 1 1474 1475 6910
10842 2 2 5 1 2906 2909 7554
10843 2 2 5 1 4093 4092 4568
10844 2 2 5 1 5112 5110 5115
10845 2 2 5 1 4169 3774 4883
10846 2 2 5 1 5340 4918 5689
10847 2 2 5 1 2131 2190 2986
10848 2 2 5 1 2834 2833 7174
10849 2 2 5 1 3074 2525 3075
10850 2 2 5 1 2516 2515 2524
10851 2 2 5 1 1618 1786 2543
10852 2 2 5 1 4226 3258 7324
10853 2 2 5 1 4553 4520 4904
10854 2 2 5 1 2497 2505 7286
10855 2 2 5 1 2168 2600 3122
10856 2 2 5 1 1289 1058 6890
10857 2 2 5 1 1823 1950 7287
10858 2 2 5 1 4517 7834 7921
10859 2 2 5 1 3360 4404 7209
10860 2 2 5 1 3631 3414 7487
10861 2 2 5 1 1273 1138 7358
10862 2 2 5 1 5151 5152 5612
10863 2 2 5 1 1636 1634 1638
10864 2 2 5 1 2045 2046 2108
10865 2 2 5 1 1786 1619 7129
10866 2 2 5 1 2758 2734 7165
10867 2 2 5 1 3365 3614 7247
10868 2 2 5 1 2881 2878 7558
10869 2 2 5 1 1430 6901 7151
10870 2 2 5 1 3787 1757 3860
10871 2 2 5 1 4058 3159 7171
10872 2 2 5 1 3791 3792 3985
10873 2 2 5 1 1778 1767 3848
10874 2 2 5 1 955 958 959
10875 2 2 5 1 2201 2807 7197
10876 2 2 5 1 1979 1980 2045
10877 2 2 5 1 6985 7092 7313
10878 2 2 5 1 2711 2710 2725
10879 2 2 5 1 3312 4287 4288
10880 2 2 5 1 1942 2206 7155
10881 2 2 5 1 1577 1655 1656
10882 2 2 5 1 2543 2544 2545
10883 2 2 5 1 1703 1705 1706
10884 2 2 5 1 1368 1339 7278
10885 2 2 5 1 3118 2790 3119
10886 2 2 5 1 877 875 878
10887 2 2 5 1 1118 1120 7147
10888 2 2 5 1 724 693 725
10889 2 2 5 1 695 726 727
10890 2 2 5 1 1801 1859 1860
10891 2 2 5 1 2504 2491 7266
10892 2 2 5 1 1110 1107 7347
10893 2 2 5 1 4684 5323 7172
10894 2 2 5 1 811 754 3422
10895 2 2 5 1 7412 6117 7558
10896 2 2 5 1 1781 1782 1843
10897 2 2 5 1 1142 1141 1161
10898 2 2 5 1 7071 900 7307
10899 2 2 5 1 2524 2515 2525
10900 2 2 5 1 40 39 7339
10901 2 2 5 1 3757 3756 4220
10902 2 2 5 1 4475 5970 7838
10903 2 2 5 1 1816 1817 1818
10904 2 2 5 1 4471 4472 4600
10905 2 2 5 1 4183 3860 5041
10906 2 2 5 1 4737 3949 5367
10907 2 2 5 1 2052 2158 2159
10908 2 2 5 1 1696 1697 2415
10909 2 2 5 1 4198 5972 7228
10910 2 2 5 1 1797 1883 1946
10911 2 2 5 1 2045 2603 7193
10912 2 2 5 1 914 912 2579
10913 2 2 5 1 2037 2799 7293
10914 2 2 5 1 2685 2686 2687
10915 2 2 5 1 2034 2036 2257
10916 2 2 5 1 1709 1711 1830
10917 2 2 5 1 2807 3732 7197
10918 2 2 5 1 3694 5067 5069
10919 2 2 5 1 2547 1159 7216
10920 2 2 5 1 2153 7495 7754
10921 2 2 5 1 3527 5190 7267
10922 2 2 5 1 881 879 882
10923 2 2 5 1 6391 5253 7405
10924 2 2 5 1 1079 1077 7176
10925 2 2 5 1 4382 4924 7455
10926 2 2 5 1 1159 1166 1182
10927 2 2 5 1 5077 6550 8054
10928 2 2 5 1 2169 1940 2290
10929 2 2 5 1 3393 3385 3394
10930 2 2 5 1 4734 4194 6111
10931 2 2 5 1 6562 2402 7397
10932 2 2 5 1 3379 3376 7136
10933 2 2 5 1 1083 1081 7185
10934 2 2 5 1 3353 3352 3354
10935 2 2 5 1 3764 7114 7299
10936 2 2 5 1 2706 2705 2710
10937 2 2 5 1 4971 3839 7163
10938 2 2 5 1 5218 6433 7308
10939 2 2 5 1 572 548 573
10940 2 2 5 1 550 612 613
10941 2 2 5 1 4265 4263 7180
10942 2 2 5 1 3937 3936 4787
10943 2 2 5 1 1652 1640 1653
10944 2 2 5 1 4026 4173 5289
10945 2 2 5 1 4978 3884 7630
10946 2 2 5 1 3282 3576 7323
10947 2 2 5 1 6277 6278 7410
10948 2 2 5 1 5311 4042 5952
10949 2 2 5 1 1095 1289 7543
10950 2 2 5 1 778 936 955
10951 2 2 5 1 959 994 995
10952 2 2 5 1 745 725 746
10953 2 2 5 1 727 747 748
10954 2 2 5 1 2670 2672 7131
10955 2 2 5 1 889 887 890
10956 2 2 5 1 1875 2029 7175
10957 2 2 5 1 3551 2190 7204
10958 2 2 5 1 1614 1615 7282
10959 2 2 5 1 70 69 484
10960 2 2 5 1 909 907 911
10961 2 2 5 1 2310 4419 7182
10962 2 2 5 1 4910 7031 7183
10963 2 2 5 1 768 746 769
10964 2 2 5 1 748 770 771
10965 2 2 5 1 1607 1791 7188
10966 2 2 5 1 3779 6079 6080
10967 2 2 5 1 6297 4594 8002
10968 2 2 5 1 3641 2650 7220
10969 2 2 5 1 2028 2027 2191
10970 2 2 5 1 2216 1986 7292
10971 2 2 5 1 2905 2903 3081
10972 2 2 5 1 3735 3737 4089
10973 2 2 5 1 2696 2695 3421
10974 2 2 5 1 2875 2877 3082
10975 2 2 5 1 4876 3291 7386
10976 2 2 5 1 2690 2681 2691
10977 2 2 5 1 1965 1875 7175
10978 2 2 5 1 558 559 560
10979 2 2 5 1 3579 3711 7228
10980 2 2 5 1 2855 2292 2856
10981 2 2 5 1 1754 1753 1755
10982 2 2 5 1 1580 1467 2556
10983 2 2 5 1 357 744 7549
10984 2 2 5 1 4002 3749 4003
10985 2 2 5 1 2446 356 7549
10986 2 2 5 1 4220 3756 4877
10987 2 2 5 1 2516 2524 7014
10988 2 2 5 1 4902 7034 7167
10989 2 2 5 1 4257 4753 6261
10990 2 2 5 1 4432 1764 7342
10991 2 2 5 1 1865 1866 1885
10992 2 2 5 1 3373 3371 4962
10993 2 2 5 1 2192 2191 2841
10994 2 2 5 1 1478 1479 1480
10995 2 2 5 1 6128 7820 7872
10996 2 2 5 1 2005 1859 2007
10997 2 2 5 1 7019 7293 7534
10998 2 2 5 1 5649 5167 5898
10999 2 2 5 1 3621 3622 3791
11000 2 2 5 1 3983 3520 3984
11001 2 2 5 1 2545 2544 2891
11002 2 2 5 1 1182 1239 7216
11003 2 2 5 1 4224 6017 7140
11004 2 2 5 1 1814 1815 1816
11005 2 2 5 1 2724 2731 7327
11006 2 2 5 1 3513 2201 7197
11007 2 2 5 1 4600 5447 5503
11008 2 2 5 1 5634 5361 5635
11009 2 2 5 1 2689 2688 2695
11010 2 2 5 1 1571 1572 7395
11011 2 2 5 1 1715 1717 1718
11012 2 2 5 1 5432 4323 7268
11013 2 2 5 1 5005 3074 5006
11014 2 2 5 1 3421 3883 3884
11015 2 2 5 1 3731 4433 4815
11016 2 2 5 1 1760 1759 1761
11017 2 2 5 1 1877 1843 1992
11018 2 2 5 1 4192 7094 7825
11019 2 2 5 1 2593 2594 2797
11020 2 2 5 1 3190 3645 3647
11021 2 2 5 1 2029 2542 7175
11022 2 2 5 1 1898 1976 7942
11023 2 2 5 1 6121 4851 8239
11024 2 2 5 1 2563 2561 3151
11025 2 2 5 1 995 1043 1044
11026 2 2 5 1 1758 1755 1759
11027 2 2 5 1 1754 1758 4503
11028 2 2 5 1 1986 1874 7292
11029 2 2 5 1 1188 1217 7198
11030 2 2 5 1 2474 3045 7305
11031 2 2 5 1 5879 4226 5880
11032 2 2 5 1 2024 2006 2189
11033 2 2 5 1 5743 5742 5824
11034 2 2 5 1 5428 4868 6237
11035 2 2 5 1 894 892 1257
11036 2 2 5 1 1812 1813 1814
11037 2 2 5 1 3377 3375 3482
11038 2 2 5 1 1775 1778 1779
11039 2 2 5 1 2816 7101 7274
11040 2 2 5 1 4453 4592 5040
11041 2 2 5 1 7077 7206 7210
11042 2 2 5 1 4968 7393 7560
11043 2 2 5 1 2206 4952 7155
11044 2 2 5 1 1818 1820 2581
11045 2 2 5 1 2339 2337 7191
11046 2 2 5 1 7293 4288 7534
11047 2 2 5 1 4529 3887 4530
11048 2 2 5 1 2543 1786 2544
11049 2 2 5 1 1566 1387 7311
11050 2 2 5 1 3293 3323 7386
11051 2 2 5 1 1668 1670 1671
11052 2 2 5 1 3335 3233 3696
11053 2 2 5 1 4185 3714 5036
11054 2 2 5 1 3243 4043 5474
11055 2 2 5 1 3258 2800 7324
11056 2 2 5 1 3372 3371 3373
11057 2 2 5 1 4295 4248 6896
11058 2 2 5 1 3099 4019 7073
11059 2 2 5 1 2925 3206 4449
11060 2 2 5 1 2288 3526 3908
11061 2 2 5 1 1077 1152 7176
11062 2 2 5 1 3694 3693 5067
11063 2 2 5 1 2328 2994 7312
11064 2 2 5 1 6208 6209 6210
11065 2 2 5 1 7132 1368 7278
11066 2 2 5 1 3768 4224 7140
11067 2 2 5 1 3922 3921 6967
11068 2 2 5 1 1810 1811 1812
11069 2 2 5 1 1776 1777 1781
11070 2 2 5 1 2555 1079 7176
11071 2 2 5 1 4107 3516 7189
11072 2 2 5 1 2699 2691 2700
11073 2 2 5 1 3201 3778 7203
11074 2 2 5 1 1766 1769 1770
11075 2 2 5 1 3232 3231 3233
11076 2 2 5 1 3351 3353 7158
11077 2 2 5 1 1951 1834 7344
11078 2 2 5 1 1044 1072 1074
11079 2 2 5 1 4431 4429 4862
11080 2 2 5 1 3939 4077 7163
11081 2 2 5 1 7021 2499 7286
11082 2 2 5 1 5172 5333 5747
11083 2 2 5 1 5077 2694 7207
11084 2 2 5 1 2734 2736 7165
11085 2 2 5 1 871 870 7274
11086 2 2 5 1 4449 4450 4452
11087 2 2 5 1 2337 2343 7191
11088 2 2 5 1 2032 1991 7383
11089 2 2 5 1 5852 3195 8432
11090 2 2 5 1 1719 1721 1783
11091 2 2 5 1 1733 1732 7674
11092 2 2 5 1 2589 4395 7248
11093 2 2 5 1 1458 1460 1462
11094 2 2 5 1 7864 5214 8875
11095 2 2 5 1 2096 7870 7934
11096 2 2 5 1 2869 2871 4446
11097 2 2 5 1 2263 3744 7387
11098 2 2 5 1 2974 1631 3168
11099 2 2 5 1 2592 2595 2596
11100 2 2 5 1 4783 4784 5721
11101 2 2 5 1 6508 6509 7329
11102 2 2 5 1 4112 4114 4869
11103 2 2 5 1 4953 4524 4954
11104 2 2 5 1 2670 2671 2672
11105 2 2 5 1 7696 6811 7718
11106 2 2 5 1 2333 6709 7392
11107 2 2 5 1 1779 1839 1840
11108 2 2 5 1 7179 1214 7492
11109 2 2 5 1 2899 2897 4444
11110 2 2 5 1 1800 1588 3478
11111 2 2 5 1 2770 40 7339
11112 2 2 5 1 2991 2760 7428
11113 2 2 5 1 3429 3430 7306
11114 2 2 5 1 1372 1501 7190
11115 2 2 5 1 1688 1850 3829
11116 2 2 5 1 593 598 672
11117 2 2 5 1 635 633 674
11118 2 2 5 1 6595 6593 6596
11119 2 2 5 1 560 561 562
11120 2 2 5 1 3491 3429 7306
11121 2 2 5 1 1329 3340 7173
11122 2 2 5 1 163 2530 6993
11123 2 2 5 1 2531 104 7144
11124 2 2 5 1 1159 1130 1166
11125 2 2 5 1 4632 4634 6872
11126 2 2 5 1 1144 1172 3484
11127 2 2 5 1 4307 2317 6969
11128 2 2 5 1 2594 2591 7248
11129 2 2 5 1 1874 7105 7292
11130 2 2 5 1 39 785 7339
11131 2 2 5 1 3184 3183 3912
11132 2 2 5 1 4995 3482 4996
11133 2 2 5 1 2078 2076 2089
11134 2 2 5 1 7241 4934 7522
11135 2 2 5 1 2672 2673 2674
11136 2 2 5 1 2674 2677 2678
11137 2 2 5 1 2716 2700 2717
11138 2 2 5 1 2772 2773 2940
11139 2 2 5 1 3788 2665 3789
11140 2 2 5 1 2650 2341 7220
11141 2 2 5 1 1081 2555 7185
11142 2 2 5 1 4680 3922 6967
11143 2 2 5 1 3973 3974 6996
11144 2 2 5 1 2546 1075 7270
11145 2 2 5 1 3503 3532 3533
11146 2 2 5 1 1320 1250 1425
11147 2 2 5 1 3393 3394 3395
11148 2 2 5 1 4116 4118 4164
11149 2 2 5 1 1342 4270 7361
11150 2 2 5 1 5323 5905 7172
11151 2 2 5 1 2123 2771 2772
11152 2 2 5 1 3244 2727 7449
11153 2 2 5 1 2596 2976 2977
11154 2 2 5 1 3516 3583 7189
11155 2 2 5 1 1725 1727 1774
11156 2 2 5 1 3252 2265 7387
11157 2 2 5 1 1560 1792 1794
11158 2 2 5 1 2687 2686 2688
11159 2 2 5 1 2131 1992 2190
11160 2 2 5 1 2191 2027 6771
11161 2 2 5 1 1747 1749 7168
11162 2 2 5 1 1158 7081 7358
11163 2 2 5 1 2109 2133 7227
11164 2 2 5 1 2074 6366 7804
11165 2 2 5 1 956 954 957
11166 2 2 5 1 5590 6181 8035
11167 2 2 5 1 893 892 894
11168 2 2 5 1 2713 2711 7230
11169 2 2 5 1 3866 4312 4313
11170 2 2 5 1 2656 2654 7298
11171 2 2 5 1 3753 3550 4020
11172 2 2 5 1 2685 2680 2686
11173 2 2 5 1 3182 2339 7191
11174 2 2 5 1 1860 1859 2005
11175 2 2 5 1 1946 7134 7257
11176 2 2 5 1 2986 2190 3550
11177 2 2 5 1 5358 4096 5801
11178 2 2 5 1 1731 1733 1734
11179 2 2 5 1 3570 3569 3571
11180 2 2 5 1 2524 2525 3074
11181 2 2 5 1 3398 3457 3458
11182 2 2 5 1 3230 3229 3231
11183 2 2 5 1 5135 4480 5387
11184 2 2 5 1 3237 3821 3822
11185 2 2 5 1 1840 2058 2059
11186 2 2 5 1 4657 3924 6968
11187 2 2 5 1 4969 7186 7388
11188 2 2 5 1 1454 1456 2580
11189 2 2 5 1 3140 3725 7449
11190 2 2 5 1 3886 3562 3887
11191 2 2 5 1 4391 7067 7285
11192 2 2 5 1 2832 2831 3085
11193 2 2 5 1 2341 3182 7220
11194 2 2 5 1 4585 5361 5634
11195 2 2 5 1 1162 1161 1196
11196 2 2 5 1 562 563 564
11197 2 2 5 1 1706 1707 2422
11198 2 2 5 1 3793 6788 7659
11199 2 2 5 1 6016 4684 7172
11200 2 2 5 1 2963 2964 3306
11201 2 2 5 1 2536 1798 7257
11202 2 2 5 1 3747 4662 5310
11203 2 2 5 1 4838 5858 7712
11204 2 2 5 1 2575 4510 7332
11205 2 2 5 1 6906 4968 7560
11206 2 2 5 1 3912 3949 4737
11207 2 2 5 1 879 878 7108
11208 2 2 5 1 7081 4963 7358
11209 2 2 5 1 1451 1452 1473
11210 2 2 5 1 4434 4436 7604
11211 2 2 5 1 1393 7035 7311
11212 2 2 5 1 5284 4904 5315
11213 2 2 5 1 2643 2642 2821
11214 2 2 5 1 6440 2423 7773
11215 2 2 5 1 6462 4830 7641
11216 2 2 5 1 6422 6421 7425
11217 2 2 5 1 1960 2052 7341
11218 2 2 5 1 1107 1105 7347
11219 2 2 5 1 2798 3536 7373
11220 2 2 5 1 1953 7154 7269
11221 2 2 5 1 759 6404 7367
11222 2 2 5 1 4120 4122 4513
11223 2 2 5 1 5672 5675 5836
11224 2 2 5 1 3233 3231 3989
11225 2 2 5 1 1102 1083 7185
11226 2 2 5 1 6801 7155 7487
11227 2 2 5 1 3399 1325 7179
11228 2 2 5 1 2291 2290 2292
11229 2 2 5 1 564 565 566
11230 2 2 5 1 1610 1809 1810
11231 2 2 5 1 1743 1745 1746
11232 2 2 5 1 4441 3554 7597
11233 2 2 5 1 3312 4288 7293
11234 2 2 5 1 4082 3627 4083
11235 2 2 5 1 3417 2150 7314
11236 2 2 5 1 1770 1771 1772
11237 2 2 5 1 3614 4062 7247
11238 2 2 5 1 5169 4265 7180
11239 2 2 5 1 566 567 568
11240 2 2 5 1 2288 1110 3526
11241 2 2 5 1 6966 3045 7455
11242 2 2 5 1 992 957 993
11243 2 2 5 1 6582 4081 7052
11244 2 2 5 1 3376 3375 3377
11245 2 2 5 1 3398 3458 3683
11246 2 2 5 1 3908 3526 4842
11247 2 2 5 1 4527 3765 7299
11248 2 2 5 1 4940 3789 5935
11249 2 2 5 1 883 882 884
11250 2 2 5 1 4876 7386 7580
11251 2 2 5 1 556 555 557
11252 2 2 5 1 3829 1850 5009
11253 2 2 5 1 891 890 892
11254 2 2 5 1 1847 1653 1849
11255 2 2 5 1 2940 2941 3236
11256 2 2 5 1 4450 4451 4453
11257 2 2 5 1 5171 4020 5172
11258 2 2 5 1 3301 3298 7354
11259 2 2 5 1 6601 4814 6602
11260 2 2 5 1 3549 3437 4023
11261 2 2 5 1 833 831 2584
11262 2 2 5 1 3276 3277 3278
11263 2 2 5 1 4327 4144 4328
11264 2 2 5 1 1772 1773 1776
11265 2 2 5 1 3007 3008 3691
11266 2 2 5 1 3537 2723 4424
11267 2 2 5 1 6544 6449 7701
11268 2 2 5 1 4479 4477 4480
11269 2 2 5 1 2230 3012 7518
11270 2 2 5 1 3306 3307 3734
11271 2 2 5 1 3431 4999 7261
11272 2 2 5 1 2518 7213 7381
11273 2 2 5 1 4914 4532 7832
11274 2 2 5 1 8078 2581 8099
11275 2 2 5 1 1696 2415 3431
11276 2 2 5 1 885 884 886
11277 2 2 5 1 2541 938 7254
11278 2 2 5 1 4801 4800 5727
11279 2 2 5 1 4460 5042 7739
11280 2 2 5 1 2557 2556 2558
11281 2 2 5 1 2833 3138 3483
11282 2 2 5 1 2358 2354 7202
11283 2 2 5 1 3374 3373 3375
11284 2 2 5 1 1924 1959 1960
11285 2 2 5 1 1737 1739 2549
11286 2 2 5 1 4395 1473 7385
11287 2 2 5 1 780 781 7254
11288 2 2 5 1 3377 3482 4995
11289 2 2 5 1 2385 2390 7205
11290 2 2 5 1 3340 4951 7173
11291 2 2 5 1 1045 1046 7270
11292 2 2 5 1 5231 5230 5712
11293 2 2 5 1 3083 3084 3941
11294 2 2 5 1 3278 3502 3503
11295 2 2 5 1 3350 3348 7209
11296 2 2 5 1 2641 2640 2642
11297 2 2 5 1 2194 1427 7233
11298 2 2 5 1 3435 3436 3437
11299 2 2 5 1 1761 1763 7194
11300 2 2 5 1 5790 4526 7712
11301 2 2 5 1 1447 1448 1449
11302 2 2 5 1 4581 4583 5225
11303 2 2 5 1 3692 4538 7300
11304 2 2 5 1 3393 3395 7195
11305 2 2 5 1 2920 2919 3183
11306 2 2 5 1 3458 3459 7340
11307 2 2 5 1 2717 2719 3123
11308 2 2 5 1 3450 3451 3865
11309 2 2 5 1 1037 993 1038
11310 2 2 5 1 2126 3181 3428
11311 2 2 5 1 2828 2829 3080
11312 2 2 5 1 7460 6586 7631
11313 2 2 5 1 2600 3065 7211
11314 2 2 5 1 4616 4615 5513
11315 2 2 5 1 5295 3984 5296
11316 2 2 5 1 4973 7160 7579
11317 2 2 5 1 1746 1757 3462
11318 2 2 5 1 1545 1585 1587
11319 2 2 5 1 2257 3189 3190
11320 2 2 5 1 3306 3734 3991
11321 2 2 5 1 2925 3205 3206
11322 2 2 5 1 4623 4624 5509
11323 2 2 5 1 2279 2114 2782
11324 2 2 5 1 3128 7075 7313
11325 2 2 5 1 932 776 954
11326 2 2 5 1 1138 1158 7358
11327 2 2 5 1 567 565 569
11328 2 2 5 1 4124 4126 4127
11329 2 2 5 1 960 2541 7264
11330 2 2 5 1 2803 4412 7227
11331 2 2 5 1 2564 2566 2567
11332 2 2 5 1 3838 4971 7288
11333 2 2 5 1 791 793 935
11334 2 2 5 1 805 803 934
11335 2 2 5 1 4001 1267 6590
11336 2 2 5 1 4396 7197 7419
11337 2 2 5 1 2252 2109 7227
11338 2 2 5 1 3383 3379 7136
11339 2 2 5 1 1046 1012 7264
11340 2 2 5 1 3395 3396 3397
11341 2 2 5 1 4945 7069 7437
11342 2 2 5 1 2663 2665 2666
11343 2 2 5 1 2723 2724 7327
11344 2 2 5 1 165 166 7318
11345 2 2 5 1 7197 3732 7419
11346 2 2 5 1 4423 2675 7131
11347 2 2 5 1 1772 2651 7243
11348 2 2 5 1 101 102 7320
11349 2 2 5 1 3433 3434 3435
11350 2 2 5 1 1615 1618 7282
11351 2 2 5 1 812 780 938
11352 2 2 5 1 4491 1126 7336
11353 2 2 5 1 4425 4424 4426
11354 2 2 5 1 1129 1130 1159
11355 2 2 5 1 1067 1075 1129
11356 2 2 5 1 1034 1045 1067
11357 2 2 5 1 984 1012 1034
11358 2 2 5 1 6411 6413 7297
11359 2 2 5 1 948 938 960
11360 2 2 5 1 948 960 984
11361 2 2 5 1 1480 1481 1553
11362 2 2 5 1 1449 1450 1451
11363 2 2 5 1 2559 2558 2565
11364 2 2 5 1 1116 1113 6698
11365 2 2 5 1 3352 3362 7368
11366 2 2 5 1 2898 2897 2899
11367 2 2 5 1 984 960 1012
11368 2 2 5 1 1034 1012 1045
11369 2 2 5 1 1067 1045 1075
11370 2 2 5 1 1129 1075 1130
11371 2 2 5 1 886 884 1261
11372 2 2 5 1 3353 3354 3355
11373 2 2 5 1 3477 3452 3569
11374 2 2 5 1 1105 6955 7347
11375 2 2 5 1 5263 5261 5646
11376 2 2 5 1 1069 1038 1071
11377 2 2 5 1 781 764 7289
11378 2 2 5 1 7437 4422 7597
11379 2 2 5 1 7184 3417 7314
11380 2 2 5 1 812 938 948
11381 2 2 5 1 980 1020 1143
11382 2 2 5 1 2833 3483 7174
11383 2 2 5 1 1918 1626 1919
11384 2 2 5 1 1671 1672 1829
11385 2 2 5 1 2639 2638 2640
11386 2 2 5 1 4299 4297 5867
11387 2 2 5 1 4958 3399 7179
11388 2 2 5 1 2499 2497 7286
11389 2 2 5 1 4345 7148 7217
11390 2 2 5 1 3572 3571 3748
11391 2 2 5 1 3323 4788 4906
11392 2 2 5 1 2670 2668 2671
11393 2 2 5 1 4263 6262 7180
11394 2 2 5 1 2151 2260 7314
11395 2 2 5 1 4945 7437 7597
11396 2 2 5 1 3406 7188 7208
11397 2 2 5 1 3408 3406 7208
11398 2 2 5 1 2630 2631 2823
11399 2 2 5 1 2869 2870 2871
11400 2 2 5 1 4447 3120 7421
11401 2 2 5 1 1751 1753 1754
11402 2 2 5 1 5258 5256 5683
11403 2 2 5 1 4630 4629 7181
11404 2 2 5 1 1555 1372 7190
11405 2 2 5 1 2765 2716 2919
11406 2 2 5 1 1706 2422 2575
11407 2 2 5 1 2061 2059 3208
11408 2 2 5 1 2084 2082 2085
11409 2 2 5 1 1948 1947 2114
11410 2 2 5 1 3879 3878 4695
11411 2 2 5 1 554 553 555
11412 2 2 5 1 2538 1257 2539
11413 2 2 5 1 3430 7182 7404
11414 2 2 5 1 4089 4091 5600
11415 2 2 5 1 1760 1761 1767
11416 2 2 5 1 1804 1680 7077
11417 2 2 5 1 3991 4955 5416
11418 2 2 5 1 4473 4471 7294
11419 2 2 5 1 4026 3145 4173
11420 2 2 5 1 4370 4159 4729
11421 2 2 5 1 3421 4978 7258
11422 2 2 5 1 2902 2900 2903
11423 2 2 5 1 4502 3408 7208
11424 2 2 5 1 1387 1393 7311
11425 2 2 5 1 1920 1919 1921
11426 2 2 5 1 2698 2696 7258
11427 2 2 5 1 795 797 2606
11428 2 2 5 1 3119 2790 3120
11429 2 2 5 1 809 807 2607
11430 2 2 5 1 2833 2142 3138
11431 2 2 5 1 2540 2539 3227
11432 2 2 5 1 1211 1186 7236
11433 2 2 5 1 2745 2746 7337
11434 2 2 5 1 4091 4921 5448
11435 2 2 5 1 722 721 739
11436 2 2 5 1 3731 3252 4433
11437 2 2 5 1 2005 2007 3747
11438 2 2 5 1 2872 2874 2875
11439 2 2 5 1 2577 2963 2965
11440 2 2 5 1 2677 2681 2690
11441 2 2 5 1 2225 7079 7407
11442 2 2 5 1 2222 2225 7407
11443 2 2 5 1 4089 4090 4091
11444 2 2 5 1 2265 2263 7387
11445 2 2 5 1 2220 3320 7244
11446 2 2 5 1 7213 4946 7381
11447 2 2 5 1 3045 7042 7455
11448 2 2 5 1 3435 3434 3436
11449 2 2 5 1 3634 4087 4088
11450 2 2 5 1 7173 4951 7461
11451 2 2 5 1 2058 2776 2925
11452 2 2 5 1 4993 7588 7658
11453 2 2 5 1 4981 2985 7230
11454 2 2 5 1 2028 2192 3472
11455 2 2 5 1 1775 1767 1778
11456 2 2 5 1 3276 2927 3277
11457 2 2 5 1 476 13 7441
11458 2 2 5 1 2996 2329 7259
11459 2 2 5 1 3291 3293 7386
11460 2 2 5 1 3711 4198 7228
11461 2 2 5 1 5254 5252 5730
11462 2 2 5 1 4672 4530 4757
11463 2 2 5 1 3533 3532 4989
11464 2 2 5 1 1797 1946 7257
11465 2 2 5 1 2736 2739 7165
11466 2 2 5 1 587 589 2570
11467 2 2 5 1 7077 1684 7206
11468 2 2 5 1 1609 1608 1841
11469 2 2 5 1 7155 4952 7487
11470 2 2 5 1 2699 2700 2716
11471 2 2 5 1 1621 1646 7343
11472 2 2 5 1 7013 2504 7388
11473 2 2 5 1 4242 4702 6293
11474 2 2 5 1 629 627 2571
11475 2 2 5 1 7773 2423 7782
11476 2 2 5 1 7287 5929 7640
11477 2 2 5 1 1961 1849 1962
11478 2 2 5 1 2628 2629 2630
11479 2 2 5 1 775 780 812
11480 2 2 5 1 1217 3481 7198
11481 2 2 5 1 1074 1134 1135
11482 2 2 5 1 3577 4057 4100
11483 2 2 5 1 2731 2733 3139
11484 2 2 5 1 1746 1747 1757
11485 2 2 5 1 1230 1318 1410
11486 2 2 5 1 2575 2576 2577
11487 2 2 5 1 5510 3987 5511
11488 2 2 5 1 2781 1682 7589
11489 2 2 5 1 2721 2723 3537
11490 2 2 5 1 3395 3394 3396
11491 2 2 5 1 3459 3457 7802
11492 2 2 5 1 1702 1703 7332
11493 2 2 5 1 3243 3006 3643
11494 2 2 5 1 2690 2691 2699
11495 2 2 5 1 4043 3643 4179
11496 2 2 5 1 3683 3873 4064
11497 2 2 5 1 3355 3354 3356
11498 2 2 5 1 3734 3735 7366
11499 2 2 5 1 2715 2707 3179
11500 2 2 5 1 5880 4226 7324
11501 2 2 5 1 3364 3355 7436
11502 2 2 5 1 4209 4207 4215
11503 2 2 5 1 4463 4425 5230
11504 2 2 5 1 4482 4484 4485
11505 2 2 5 1 2976 2595 3006
11506 2 2 5 1 1794 1947 1948
11507 2 2 5 1 2150 2151 7314
11508 2 2 5 1 3882 4653 5293
11509 2 2 5 1 3366 3365 3673
11510 2 2 5 1 6478 4067 6580
11511 2 2 5 1 2626 2627 2628
11512 2 2 5 1 3487 3485 6884
11513 2 2 5 1 6333 8187 8224
11514 2 2 5 1 970 991 4492
11515 2 2 5 1 3462 3787 4254
11516 2 2 5 1 1384 1381 7588
11517 2 2 5 1 7186 6973 7388
11518 2 2 5 1 817 815 1805
11519 2 2 5 1 664 2585 7302
11520 2 2 5 1 775 764 780
11521 2 2 5 1 4127 4130 4258
11522 2 2 5 1 7198 4953 7504
11523 2 2 5 1 2661 2662 2663
11524 2 2 5 1 3483 3720 4047
11525 2 2 5 1 4485 5149 5402
11526 2 2 5 1 3041 2834 7174
11527 2 2 5 1 4205 4203 4611
11528 2 2 5 1 2840 2144 7434
11529 2 2 5 1 4451 3206 7128
11530 2 2 5 1 5625 5624 5626
11531 2 2 5 1 2562 2563 2564
11532 2 2 5 1 5572 5761 8568
11533 2 2 5 1 4465 7088 7288
11534 2 2 5 1 3919 5446 5562
11535 2 2 5 1 3990 4046 5356
11536 2 2 5 1 4777 5273 5787
11537 2 2 5 1 7422 4355 7423
11538 2 2 5 1 5176 5186 5187
11539 2 2 5 1 7577 4798 7728
11540 2 2 5 1 1922 1923 1924
11541 2 2 5 1 1116 6553 7556
11542 2 2 5 1 4605 3021 4606
11543 2 2 5 1 989 968 4490
11544 2 2 5 1 6237 4868 6238
11545 2 2 5 1 2711 2725 7230
11546 2 2 5 1 3020 4603 4604
11547 2 2 5 1 2260 2155 7244
11548 2 2 5 1 4327 4328 4840
11549 2 2 5 1 2637 2636 2638
11550 2 2 5 1 3431 3432 3433
11551 2 2 5 1 3449 3477 7325
11552 2 2 5 1 829 827 853
11553 2 2 5 1 4094 5418 7283
11554 2 2 5 1 3121 3754 3882
11555 2 2 5 1 3358 3365 3366
11556 2 2 5 1 4150 4165 5615
11557 2 2 5 1 4449 3206 4450
11558 2 2 5 1 7311 7035 7500
11559 2 2 5 1 1734 1735 1764
11560 2 2 5 1 3119 3120 3121
11561 2 2 5 1 2795 2087 2796
11562 2 2 5 1 68 67 2008
11563 2 2 5 1 1316 1227 1398
11564 2 2 5 1 5250 5248 5816
11565 2 2 5 1 2659 2660 2661
11566 2 2 5 1 3433 3432 3434
11567 2 2 5 1 2159 2160 2979
11568 2 2 5 1 2983 3178 6118
11569 2 2 5 1 3206 3205 7128
11570 2 2 5 1 739 721 741
11571 2 2 5 1 6717 1575 7491
11572 2 2 5 1 5033 5032 5044
11573 2 2 5 1 3778 4890 7203
11574 2 2 5 1 7114 4344 7720
11575 2 2 5 1 1844 1846 7265
11576 2 2 5 1 7129 1621 7343
11577 2 2 5 1 3372 3374 7348
11578 2 2 5 1 7038 4474 7548
11579 2 2 5 1 6997 3728 7586
11580 2 2 5 1 566 565 567
11581 2 2 5 1 3720 4455 4613
11582 2 2 5 1 564 563 565
11583 2 2 5 1 1661 1663 1665
11584 2 2 5 1 2674 2673 2677
11585 2 2 5 1 4314 4316 5204
11586 2 2 5 1 2741 2743 2791
11587 2 2 5 1 3357 3356 3358
11588 2 2 5 1 562 561 563
11589 2 2 5 1 2155 2220 7244
11590 2 2 5 1 2116 1962 2117
11591 2 2 5 1 2672 2671 2673
11592 2 2 5 1 2768 2567 2937
11593 2 2 5 1 1999 1998 2401
11594 2 2 5 1 7240 6105 7886
11595 2 2 5 1 4092 4094 7283
11596 2 2 5 1 7411 2904 7554
11597 2 2 5 1 2657 2658 2659
11598 2 2 5 1 1682 6399 7589
11599 2 2 5 1 7175 6980 7434
11600 2 2 5 1 2662 2660 2664
11601 2 2 5 1 560 559 561
11602 2 2 5 1 666 696 2599
11603 2 2 5 1 3431 2415 3432
11604 2 2 5 1 4996 5032 5033
11605 2 2 5 1 558 557 559
11606 2 2 5 1 3647 3645 4063
11607 2 2 5 1 2898 2899 2900
11608 2 2 5 1 2902 2903 2904
11609 2 2 5 1 3083 2044 3084
11610 2 2 5 1 3298 3297 7354
11611 2 2 5 1 3692 4497 4538
11612 2 2 5 1 887 886 7389
11613 2 2 5 1 1501 3826 7190
11614 2 2 5 1 3007 2032 3008
11615 2 2 5 1 4629 5404 7181
11616 2 2 5 1 5024 4539 5581
11617 2 2 5 1 3217 2982 3218
11618 2 2 5 1 3114 3921 3922
11619 2 2 5 1 943 971 981
11620 2 2 5 1 7149 6752 7525
11621 2 2 5 1 723 6960 7861
11622 2 2 5 1 1536 1538 7392
11623 2 2 5 1 1679 1680 1804
11624 2 2 5 1 1415 1418 1419
11625 2 2 5 1 5175 5174 5176
11626 2 2 5 1 2875 2874 2876
11627 2 2 5 1 1553 1481 6900
11628 2 2 5 1 882 879 7108
11629 2 2 5 1 2372 1024 6905
11630 2 2 5 1 7088 3838 7288
11631 2 2 5 1 894 1257 2538
11632 2 2 5 1 947 1010 1011
11633 2 2 5 1 2797 5174 5175
11634 2 2 5 1 1008 946 1009
11635 2 2 5 1 3122 2600 7211
11636 2 2 5 1 2871 2870 2872
11637 2 2 5 1 4327 4840 6072
11638 2 2 5 1 1842 1841 1998
11639 2 2 5 1 1840 1839 2058
11640 2 2 5 1 3121 3120 3754
11641 2 2 5 1 3924 3116 3925
11642 2 2 5 1 4472 3122 7211
11643 2 2 5 1 1671 1829 4448
11644 2 2 5 1 1814 1816 1944
11645 2 2 5 1 1538 2333 7392
11646 2 2 5 1 7278 1338 7548
11647 2 2 5 1 1140 2027 2028
11648 2 2 5 1 3882 3754 4653
11649 2 2 5 1 1754 1755 1758
11650 2 2 5 1 1779 1778 1839
11651 2 2 5 1 2658 2656 2769
11652 2 2 5 1 4420 1102 7185
11653 2 2 5 1 3564 3136 3684
11654 2 2 5 1 3923 4616 7379
11655 2 2 5 1 2624 2625 2626
11656 2 2 5 1 874 871 7274
11657 2 2 5 1 3297 4588 4589
11658 2 2 5 1 3859 4747 4748
11659 2 2 5 1 2491 2493 7266
11660 2 2 5 1 3822 3823 4531
11661 2 2 5 1 2876 7412 7558
11662 2 2 5 1 4213 4211 4214
11663 2 2 5 1 3620 3619 4065
11664 2 2 5 1 1471 4898 7476
11665 2 2 5 1 4624 3926 7382
11666 2 2 5 1 1758 1759 1760
11667 2 2 5 1 1159 1182 7216
11668 2 2 5 1 2982 2522 7014
11669 2 2 5 1 3985 3987 5510
11670 2 2 5 1 69 68 5673
11671 2 2 5 1 6973 7013 7388
11672 2 2 5 1 2760 7009 7428
11673 2 2 5 1 1588 1424 6805
11674 2 2 5 1 3376 3377 7136
11675 2 2 5 1 7188 1791 7345
11676 2 2 5 1 4082 4083 6680
11677 2 2 5 1 4153 4253 5241
11678 2 2 5 1 2133 2803 7227
11679 2 2 5 1 1603 1685 1687
11680 2 2 5 1 3081 2903 7479
11681 2 2 5 1 2875 3082 7485
11682 2 2 5 1 1734 1764 3463
11683 2 2 5 1 2588 4468 7513
11684 2 2 5 1 1411 1413 1414
11685 2 2 5 1 763 752 764
11686 2 2 5 1 5477 5131 7615
11687 2 2 5 1 1425 7232 7233
11688 2 2 5 1 3310 2361 7508
11689 2 2 5 1 3990 3680 4046
11690 2 2 5 1 2540 3227 3229
11691 2 2 5 1 4127 4128 4130
11692 2 2 5 1 1405 1403 1406
11693 2 2 5 1 3166 3167 3700
11694 2 2 5 1 1426 1545 7242
11695 2 2 5 1 1656 1657 1658
11696 2 2 5 1 2583 741 7316
11697 2 2 5 1 3089 3043 3888
11698 2 2 5 1 38 37 7453
11699 2 2 5 1 37 2788 7453
11700 2 2 5 1 2575 2422 2576
11701 2 2 5 1 6172 5355 8537
11702 2 2 5 1 1929 3521 7370
11703 2 2 5 1 3190 3189 3645
11704 2 2 5 1 3503 3502 3532
11705 2 2 5 1 4225 4546 7984
11706 2 2 5 1 2750 2752 2759
11707 2 2 5 1 2577 2576 2963
11708 2 2 5 1 4878 6465 7691
11709 2 2 5 1 13 12 7441
11710 2 2 5 1 667 655 4789
11711 2 2 5 1 7182 4419 7404
11712 2 2 5 1 763 764 775
11713 2 2 5 1 4066 4065 4149
11714 2 2 5 1 5871 5870 5872
11715 2 2 5 1 6047 6048 7724
11716 2 2 5 1 3782 4432 4670
11717 2 2 5 1 2517 7203 7524
11718 2 2 5 1 12 2784 7441
11719 2 2 5 1 5422 5423 5531
11720 2 2 5 1 2655 2656 2657
11721 2 2 5 1 2994 3779 7312
11722 2 2 5 1 6023 4527 7299
11723 2 2 5 1 3566 2814 3567
11724 2 2 5 1 7069 2100 7437
11725 2 2 5 1 2840 7434 7604
11726 2 2 5 1 1591 1555 7239
11727 2 2 5 1 865 863 961
11728 2 2 5 1 2538 2539 2540
11729 2 2 5 1 3991 3734 4955
11730 2 2 5 1 5923 6970 7659
11731 2 2 5 1 870 867 2586
11732 2 2 5 1 4589 5526 5528
11733 2 2 5 1 730 753 1281
11734 2 2 5 1 5014 4254 5865
11735 2 2 5 1 7425 1544 7547
11736 2 2 5 1 1401 1399 1402
11737 2 2 5 1 2122 3196 3197
11738 2 2 5 1 5383 5602 8678
11739 2 2 5 1 1280 4387 7303
11740 2 2 5 1 4199 4149 5350
11741 2 2 5 1 1909 2138 2139
11742 2 2 5 1 2136 1899 2137
11743 2 2 5 1 3523 1934 7374
11744 2 2 5 1 1572 1614 7395
11745 2 2 5 1 5320 3698 6157
11746 2 2 5 1 1132 1071 1133
11747 2 2 5 1 1989 1828 1990
11748 2 2 5 1 2899 4444 4567
11749 2 2 5 1 861 858 2587
11750 2 2 5 1 2401 1998 2402
11751 2 2 5 1 1883 1591 7239
11752 2 2 5 1 3278 3277 3502
11753 2 2 5 1 3526 1110 7347
11754 2 2 5 1 2696 3421 7258
11755 2 2 5 1 3192 3563 4421
11756 2 2 5 1 4446 2871 4570
11757 2 2 5 1 3303 3301 4398
11758 2 2 5 1 3297 3091 4588
11759 2 2 5 1 1358 1492 1603
11760 2 2 5 1 2257 2844 3189
11761 2 2 5 1 3749 3748 7390
11762 2 2 5 1 1810 1812 2598
11763 2 2 5 1 1809 1439 7303
11764 2 2 5 1 3683 3458 3873
11765 2 2 5 1 2234 2233 2235
11766 2 2 5 1 2985 2713 7230
11767 2 2 5 1 6330 1395 7475
11768 2 2 5 1 4654 4086 4655
11769 2 2 5 1 1419 1420 1422
11770 2 2 5 1 3537 4424 4425
11771 2 2 5 1 3065 3889 7211
11772 2 2 5 1 1697 1699 7253
11773 2 2 5 1 1979 7193 7265
11774 2 2 5 1 2192 2841 3207
11775 2 2 5 1 2754 2756 2931
11776 2 2 5 1 3787 3860 4183
11777 2 2 5 1 1826 2551 7502
11778 2 2 5 1 3397 3396 3398
11779 2 2 5 1 2750 2759 7337
11780 2 2 5 1 856 854 921
11781 2 2 5 1 7386 4906 7580
11782 2 2 5 1 3366 3879 7273
11783 2 2 5 1 2149 3073 7510
11784 2 2 5 1 971 944 972
11785 2 2 5 1 7072 4392 7393
11786 2 2 5 1 677 5822 8394
11787 2 2 5 1 5097 3873 7340
11788 2 2 5 1 4149 4065 5508
11789 2 2 5 1 2688 3851 7280
11790 2 2 5 1 3355 3356 3357
11791 2 2 5 1 4815 4433 5814
11792 2 2 5 1 3878 3673 4053
11793 2 2 5 1 1407 1406 1409
11794 2 2 5 1 570 569 652
11795 2 2 5 1 943 811 944
11796 2 2 5 1 2020 1915 2785
11797 2 2 5 1 2692 2682 7394
11798 2 2 5 1 1684 1832 7206
11799 2 2 5 1 7204 1992 7304
11800 2 2 5 1 3463 3782 4222
11801 2 2 5 1 1135 1189 1190
11802 2 2 5 1 4084 3218 4085
11803 2 2 5 1 851 849 2597
11804 2 2 5 1 3902 3898 7215
11805 2 2 5 1 972 974 1032
11806 2 2 5 1 3835 1261 4293
11807 2 2 5 1 870 2586 2816
11808 2 2 5 1 3483 3138 3720
11809 2 2 5 1 847 845 869
11810 2 2 5 1 5036 3714 5037
11811 2 2 5 1 1627 2974 7422
11812 2 2 5 1 3692 3008 4496
11813 2 2 5 1 5244 4782 5259
11814 2 2 5 1 561 559 1622
11815 2 2 5 1 5352 3928 5353
11816 2 2 5 1 1916 2021 2786
11817 2 2 5 1 1888 2035 7345
11818 2 2 5 1 810 754 811
11819 2 2 5 1 3847 3118 7256
11820 2 2 5 1 751 741 752
11821 2 2 5 1 4540 3761 4541
11822 2 2 5 1 2577 2965 7223
11823 2 2 5 1 5521 4222 5718
11824 2 2 5 1 3357 3358 7273
11825 2 2 5 1 3760 3147 3761
11826 2 2 5 1 4387 1198 7497
11827 2 2 5 1 3883 2695 7280
11828 2 2 5 1 3095 7228 7508
11829 2 2 5 1 5468 4040 5469
11830 2 2 5 1 2918 2902 7411
11831 2 2 5 1 1790 7269 7591
11832 2 2 5 1 2874 2890 7412
11833 2 2 5 1 3175 2248 3247
11834 2 2 5 1 2258 2114 2279
11835 2 2 5 1 1649 1600 1651
11836 2 2 5 1 2727 3140 7449
11837 2 2 5 1 1791 1888 7345
11838 2 2 5 1 653 652 664
11839 2 2 5 1 1493 1315 2636
11840 2 2 5 1 1691 1693 7261
11841 2 2 5 1 2023 2006 2024
11842 2 2 5 1 3481 4953 7198
11843 2 2 5 1 839 837 860
11844 2 2 5 1 3146 2279 3147
11845 2 2 5 1 4675 4937 4938
11846 2 2 5 1 3154 3153 3695
11847 2 2 5 1 4935 4674 4936
11848 2 2 5 1 5571 5570 5573
11849 2 2 5 1 2415 1697 7253
11850 2 2 5 1 2592 2591 2593
11851 2 2 5 1 3462 1757 3787
11852 2 2 5 1 1843 1844 7304
11853 2 2 5 1 665 664 688
11854 2 2 5 1 4946 7159 7381
11855 2 2 5 1 1608 1439 1610
11856 2 2 5 1 4980 4293 5265
11857 2 2 5 1 1833 1594 7591
11858 2 2 5 1 689 688 720
11859 2 2 5 1 739 741 751
11860 2 2 5 1 4962 7236 7543
11861 2 2 5 1 823 821 1265
11862 2 2 5 1 886 1261 3835
11863 2 2 5 1 751 752 763
11864 2 2 5 1 2028 2191 2192
11865 2 2 5 1 3930 5354 5355
11866 2 2 5 1 6809 1173 7718
11867 2 2 5 1 2538 6586 7460
11868 2 2 5 1 2250 3177 3245
11869 2 2 5 1 3848 1767 7194
11870 2 2 5 1 5701 2115 8485
11871 2 2 5 1 1451 1473 2588
11872 2 2 5 1 1703 1706 7332
11873 2 2 5 1 2567 2566 7246
11874 2 2 5 1 753 731 754
11875 2 2 5 1 4301 4299 7333
11876 2 2 5 1 689 720 721
11877 2 2 5 1 665 688 689
11878 2 2 5 1 653 664 665
11879 2 2 5 1 1646 1688 7343
11880 2 2 5 1 5715 5713 5716
11881 2 2 5 1 2590 2589 2591
11882 2 2 5 1 972 944 973
11883 2 2 5 1 3788 3789 4940
11884 2 2 5 1 1801 1800 1859
11885 2 2 5 1 1652 1847 1848
11886 2 2 5 1 2731 3139 7327
11887 2 2 5 1 5965 5966 6040
11888 2 2 5 1 5206 4541 5207
11889 2 2 5 1 2836 3566 3584
11890 2 2 5 1 1438 1280 1439
11891 2 2 5 1 570 652 653
11892 2 2 5 1 1972 2048 2135
11893 2 2 5 1 1665 1666 2537
11894 2 2 5 1 3924 3925 6968
11895 2 2 5 1 4455 3138 7402
11896 2 2 5 1 2557 2559 2560
11897 2 2 5 1 2666 2665 3788
11898 2 2 5 1 2949 2402 2950
11899 2 2 5 1 1317 1494 2624
11900 2 2 5 1 4085 3218 4086
11901 2 2 5 1 1618 2543 7282
11902 2 2 5 1 3994 4803 4804
11903 2 2 5 1 3619 2950 3621
11904 2 2 5 1 1535 1533 7473
11905 2 2 5 1 5427 5320 8341
11906 2 2 5 1 2897 2358 7202
11907 2 2 5 1 1948 2114 2258
11908 2 2 5 1 4397 7119 7371
11909 2 2 5 1 3274 2411 7272
11910 2 2 5 1 3323 4906 7386
11911 2 2 5 1 1489 1350 1600
11912 2 2 5 1 2564 2563 2566
11913 2 2 5 1 1279 1198 1280
11914 2 2 5 1 5021 1990 7502
11915 2 2 5 1 4898 1474 4899
11916 2 2 5 1 2663 2662 2665
11917 2 2 5 1 4150 3444 4165
11918 2 2 5 1 3621 3791 4074
11919 2 2 5 1 567 569 570
11920 2 2 5 1 4958 7179 7492
11921 2 2 5 1 2390 2869 7205
11922 2 2 5 1 2816 2938 3209
11923 2 2 5 1 3371 1211 7236
11924 2 2 5 1 7471 6851 7724
11925 2 2 5 1 3453 3454 3455
11926 2 2 5 1 2680 2678 7317
11927 2 2 5 1 6987 6986 7559
11928 2 2 5 1 4448 5020 7391
11929 2 2 5 1 1587 7422 7423
11930 2 2 5 1 3118 3119 7256
11931 2 2 5 1 945 5039 7668
11932 2 2 5 1 3209 3577 3714
11933 2 2 5 1 2047 1969 2134
11934 2 2 5 1 1757 1747 7168
11935 2 2 5 1 1590 6763 7490
11936 2 2 5 1 1190 1303 1304
11937 2 2 5 1 35 475 7501
11938 2 2 5 1 2588 1473 2589
11939 2 2 5 1 1767 1761 7194
11940 2 2 5 1 2893 2891 7281
11941 2 2 5 1 4053 5530 5916
11942 2 2 5 1 3915 7551 7699
11943 2 2 5 1 2601 2814 2836
11944 2 2 5 1 4467 4418 7496
11945 2 2 5 1 3354 3352 7368
11946 2 2 5 1 3673 3365 7247
11947 2 2 5 1 3835 4293 4980
11948 2 2 5 1 1172 1171 1250
11949 2 2 5 1 3700 3701 6888
11950 2 2 5 1 4532 4533 7877
11951 2 2 5 1 3725 4800 4801
11952 2 2 5 1 2560 2561 2562
11953 2 2 5 1 7119 7109 7371
11954 2 2 5 1 721 720 7316
11955 2 2 5 1 6884 6885 6887
11956 2 2 5 1 5640 1637 5641
11957 2 2 5 1 5224 3999 7458
11958 2 2 5 1 1635 1636 1637
11959 2 2 5 1 1961 2116 2601
11960 2 2 5 1 2837 3470 6835
11961 2 2 5 1 1141 1126 4491
11962 2 2 5 1 4589 4588 5526
11963 2 2 5 1 1183 1133 1184
11964 2 2 5 1 7279 4947 7768
11965 2 2 5 1 6995 3973 6996
11966 2 2 5 1 3774 2996 7259
11967 2 2 5 1 4064 3873 5096
11968 2 2 5 1 4399 4401 7610
11969 2 2 5 1 1251 1250 1320
11970 2 2 5 1 4258 4130 4835
11971 2 2 5 1 3539 4154 4556
11972 2 2 5 1 1192 688 7302
11973 2 2 5 1 2596 2595 2976
11974 2 2 5 1 166 167 502
11975 2 2 5 1 100 101 503
11976 2 2 5 1 1788 1970 1972
11977 2 2 5 1 4911 3843 7927
11978 2 2 5 1 5023 3084 7267
11979 2 2 5 1 2915 3113 3114
11980 2 2 5 1 787 789 2407
11981 2 2 5 1 7164 5001 7780
11982 2 2 5 1 1965 7175 7434
11983 2 2 5 1 6735 4348 7755
11984 2 2 5 1 730 697 731
11985 2 2 5 1 6286 1910 7607
11986 2 2 5 1 7388 2504 7563
11987 2 2 5 1 1279 1280 1438
11988 2 2 5 1 2227 2001 2228
11989 2 2 5 1 3115 2887 3116
11990 2 2 5 1 7126 6168 7644
11991 2 2 5 1 2705 2698 7258
11992 2 2 5 1 1763 1766 7315
11993 2 2 5 1 5978 2570 8326
11994 2 2 5 1 4448 1829 5020
11995 2 2 5 1 3366 3673 3878
11996 2 2 5 1 4392 7066 7393
11997 2 2 5 1 5527 4588 7439
11998 2 2 5 1 1632 1633 1634
11999 2 2 5 1 2565 3322 4466
12000 2 2 5 1 3320 2222 7407
12001 2 2 5 1 4412 4414 7401
12002 2 2 5 1 4474 4475 7693
12003 2 2 5 1 7834 6448 7921
12004 2 2 5 1 801 799 2408
12005 2 2 5 1 4043 4179 5163
12006 2 2 5 1 843 841 2648
12007 2 2 5 1 3243 3643 4043
12008 2 2 5 1 4419 4882 7404
12009 2 2 5 1 2354 3169 7202
12010 2 2 5 1 5356 4046 5357
12011 2 2 5 1 3569 3452 4174
12012 2 2 5 1 4878 2991 7428
12013 2 2 5 1 2661 2660 2662
12014 2 2 5 1 1117 1116 7556
12015 2 2 5 1 1465 1467 1580
12016 2 2 5 1 3257 6359 8083
12017 2 2 5 1 2976 3006 3243
12018 2 2 5 1 6005 6002 7617
12019 2 2 5 1 7259 4394 7557
12020 2 2 5 1 1636 1638 1639
12021 2 2 5 1 1666 1668 7301
12022 2 2 5 1 2023 2024 2042
12023 2 2 5 1 1555 7190 7239
12024 2 2 5 1 2659 2658 2660
12025 2 2 5 1 4433 3252 7387
12026 2 2 5 1 3463 1764 3782
12027 2 2 5 1 4568 4092 7283
12028 2 2 5 1 1967 1787 1969
12029 2 2 5 1 2118 5697 8497
12030 2 2 5 1 1639 1640 1652
12031 2 2 5 1 2816 2586 2938
12032 2 2 5 1 774 6906 7459
12033 2 2 5 1 1707 1709 7291
12034 2 2 5 1 2911 2913 7841
12035 2 2 5 1 1781 1877 7338
12036 2 2 5 1 3454 3456 7444
12037 2 2 5 1 3851 2686 7317
12038 2 2 5 1 3455 4040 4045
12039 2 2 5 1 3835 5000 7389
12040 2 2 5 1 3170 2385 7205
12041 2 2 5 1 1846 1979 7265
12042 2 2 5 1 3209 2938 3577
12043 2 2 5 1 2657 2656 2658
12044 2 2 5 1 4769 7630 7717
12045 2 2 5 1 2144 1965 7434
12046 2 2 5 1 5337 7053 8638
12047 2 2 5 1 2252 5760 9066
12048 2 2 5 1 7530 4978 7630
12049 2 2 5 1 7646 4950 7703
12050 2 2 5 1 3860 1757 7168
12051 2 2 5 1 1304 1357 1358
12052 2 2 5 1 1832 1863 7206
12053 2 2 5 1 4517 3277 7406
12054 2 2 5 1 1296 1184 1297
12055 2 2 5 1 50 49 1163
12056 2 2 5 1 1277 6664 7567
12057 2 2 5 1 4240 6601 7503
12058 2 2 5 1 3859 3586 4747
12059 2 2 5 1 2401 2402 2949
12060 2 2 5 1 4629 5403 5404
12061 2 2 5 1 6529 4239 7509
12062 2 2 5 1 3158 3438 7321
12063 2 2 5 1 1438 1439 1608
12064 2 2 5 1 5422 4654 5423
12065 2 2 5 1 2244 2944 2945
12066 2 2 5 1 3701 3869 3870
12067 2 2 5 1 3241 3694 7281
12068 2 2 5 1 4798 5302 5470
12069 2 2 5 1 2010 2243 2244
12070 2 2 5 1 2891 3241 7281
12071 2 2 5 1 6901 3415 7496
12072 2 2 5 1 6987 7559 7658
12073 2 2 5 1 2885 2883 7843
12074 2 2 5 1 5033 5044 5045
12075 2 2 5 1 3636 4796 4798
12076 2 2 5 1 3870 3871 3872
12077 2 2 5 1 2935 2228 2936
12078 2 2 5 1 1196 1198 1279
12079 2 2 5 1 4715 3684 5054
12080 2 2 5 1 1495 1590 7490
12081 2 2 5 1 1665 2537 4493
12082 2 2 5 1 4180 3643 7670
12083 2 2 5 1 5615 4165 5616
12084 2 2 5 1 938 780 7254
12085 2 2 5 1 1384 7646 7703
12086 2 2 5 1 981 2654 2655
12087 2 2 5 1 6114 4303 7411
12088 2 2 5 1 898 895 7460
12089 2 2 5 1 2386 6681 7665
12090 2 2 5 1 2426 6851 7471
12091 2 2 5 1 1218 1220 7461
12092 2 2 5 1 2159 2979 3453
12093 2 2 5 1 99 100 7319
12094 2 2 5 1 167 168 7353
12095 2 2 5 1 1679 1804 3445
12096 2 2 5 1 5869 5870 5871
12097 2 2 5 1 1632 1634 1635
12098 2 2 5 1 1828 1826 7502
12099 2 2 5 1 1075 1045 7270
12100 2 2 5 1 36 35 7501
12101 2 2 5 1 2035 2034 7364
12102 2 2 5 1 1196 1161 1198
12103 2 2 5 1 3748 3571 5059
12104 2 2 5 1 4305 6117 7412
12105 2 2 5 1 4497 4496 4498
12106 2 2 5 1 785 38 7453
12107 2 2 5 1 2232 2231 2233
12108 2 2 5 1 5207 5713 5715
12109 2 2 5 1 8075 4932 8102
12110 2 2 5 1 2949 2950 3619
12111 2 2 5 1 4471 4600 7294
12112 2 2 5 1 3449 3450 3452
12113 2 2 5 1 7109 2862 7371
12114 2 2 5 1 3651 2936 3652
12115 2 2 5 1 368 5689 8241
12116 2 2 5 1 4962 3371 7236
12117 2 2 5 1 3735 4089 7366
12118 2 2 5 1 5468 5469 5601
12119 2 2 5 1 3236 3237 7417
12120 2 2 5 1 4993 4464 7646
12121 2 2 5 1 730 731 753
12122 2 2 5 1 4712 5274 7457
12123 2 2 5 1 169 170 7351
12124 2 2 5 1 4494 4303 6114
12125 2 2 5 1 4305 4495 6117
12126 2 2 5 1 97 98 7349
12127 2 2 5 1 3822 4531 4823
12128 2 2 5 1 6999 6998 7494
12129 2 2 5 1 1171 933 4515
12130 2 2 5 1 696 697 730
12131 2 2 5 1 2695 2688 7280
12132 2 2 5 1 1794 1792 1947
12133 2 2 5 1 753 754 810
12134 2 2 5 1 7106 1586 7416
12135 2 2 5 1 943 944 971
12136 2 2 5 1 810 811 943
12137 2 2 5 1 5292 3952 5430
12138 2 2 5 1 1575 1434 7491
12139 2 2 5 1 1652 1653 1847
12140 2 2 5 1 890 887 7389
12141 2 2 5 1 2852 2098 7355
12142 2 2 5 1 1699 1702 7253
12143 2 2 5 1 3732 5015 7419
12144 2 2 5 1 1741 1743 7334
12145 2 2 5 1 7066 3819 7393
12146 2 2 5 1 7228 5972 7508
12147 2 2 5 1 1012 960 7264
12148 2 2 5 1 2422 1707 7291
12149 2 2 5 1 7208 7188 7345
12150 2 2 5 1 2562 2561 2563
12151 2 2 5 1 6035 7968 7977
12152 2 2 5 1 5345 4214 5346
12153 2 2 5 1 7610 4401 7744
12154 2 2 5 1 491 248 7826
12155 2 2 5 1 7022 7287 7640
12156 2 2 5 1 736 735 755
12157 2 2 5 1 5826 4374 7644
12158 2 2 5 1 3447 3448 3449
12159 2 2 5 1 1349 1297 1350
12160 2 2 5 1 1380 6987 7658
12161 2 2 5 1 3965 3545 7321
12162 2 2 5 1 7151 6901 7496
12163 2 2 5 1 1533 1536 7473
12164 2 2 5 1 1392 1385 7703
12165 2 2 5 1 1580 2556 2557
12166 2 2 5 1 7115 4826 7570
12167 2 2 5 1 3862 7077 7210
12168 2 2 5 1 3237 3822 7417
12169 2 2 5 1 1658 1659 2533
12170 2 2 5 1 4759 5280 5894
12171 2 2 5 1 2100 7130 7437
12172 2 2 5 1 1998 1841 7397
12173 2 2 5 1 5286 4761 5893
12174 2 2 5 1 3570 3572 7959
12175 2 2 5 1 3114 3922 3923
12176 2 2 5 1 2557 2558 2559
12177 2 2 5 1 2832 3085 7245
12178 2 2 5 1 2588 2589 2590
12179 2 2 5 1 3725 4801 7449
12180 2 2 5 1 4398 3301 7354
12181 2 2 5 1 1546 2194 7416
12182 2 2 5 1 546 552 553
12183 2 2 5 1 1844 7265 7304
12184 2 2 5 1 7371 2862 7522
12185 2 2 5 1 3925 3116 3926
12186 2 2 5 1 937 1388 4512
12187 2 2 5 1 7601 5499 7853
12188 2 2 5 1 3449 3448 3450
12189 2 2 5 1 4218 4234 7503
12190 2 2 5 1 2010 1856 2011
12191 2 2 5 1 4801 5727 5729
12192 2 2 5 1 2205 3124 6367
12193 2 2 5 1 895 894 7460
12194 2 2 5 1 2591 2589 7248
12195 2 2 5 1 3941 3084 3942
12196 2 2 5 1 6292 6306 7566
12197 2 2 5 1 6886 3700 6888
12198 2 2 5 1 2590 2591 2592
12199 2 2 5 1 2592 2593 2595
12200 2 2 5 1 1992 1843 7304
12201 2 2 5 1 793 795 7276
12202 2 2 5 1 807 805 7277
12203 2 2 5 1 2258 2279 3146
12204 2 2 5 1 7042 4382 7455
12205 2 2 5 1 1437 1321 4416
12206 2 2 5 1 696 667 697
12207 2 2 5 1 4085 4086 4654
12208 2 2 5 1 777 932 933
12209 2 2 5 1 1770 7243 7315
12210 2 2 5 1 1693 1696 7261
12211 2 2 5 1 3453 2979 3454
12212 2 2 5 1 870 2816 7274
12213 2 2 5 1 98 99 2569
12214 2 2 5 1 168 169 2568
12215 2 2 5 1 2651 1776 7338
12216 2 2 5 1 3691 3008 3692
12217 2 2 5 1 4780 4748 7442
12218 2 2 5 1 3445 3446 3447
12219 2 2 5 1 4229 4217 7509
12220 2 2 5 1 3872 3931 3932
12221 2 2 5 1 4238 5863 5953
12222 2 2 5 1 5956 5958 5959
12223 2 2 5 1 4168 4745 4746
12224 2 2 5 1 4538 4497 4539
12225 2 2 5 1 3636 2946 3637
12226 2 2 5 1 4418 7151 7496
12227 2 2 5 1 3146 3147 3760
12228 2 2 5 1 1427 1425 7233
12229 2 2 5 1 1447 1449 1582
12230 2 2 5 1 1214 1212 7492
12231 2 2 5 1 3983 3984 5295
12232 2 2 5 1 1855 1686 1856
12233 2 2 5 1 3760 3761 4540
12234 2 2 5 1 1920 1921 1922
12235 2 2 5 1 3779 6080 7312
12236 2 2 5 1 2235 2237 7608
12237 2 2 5 1 4985 7021 7587
12238 2 2 5 1 5060 5059 5506
12239 2 2 5 1 3447 3446 3448
12240 2 2 5 1 6578 2355 7706
12241 2 2 5 1 3973 3212 3974
12242 2 2 5 1 1627 1628 1631
12243 2 2 5 1 4003 3749 7390
12244 2 2 5 1 6067 6069 7954
12245 2 2 5 1 3215 3979 3980
12246 2 2 5 1 1560 1561 1792
12247 2 2 5 1 3659 3952 4625
12248 2 2 5 1 4114 4116 7330
12249 2 2 5 1 4070 3397 7322
12250 2 2 5 1 1827 1826 1828
12251 2 2 5 1 3923 3922 4614
12252 2 2 5 1 1585 1586 1627
12253 2 2 5 1 1545 1546 1585
12254 2 2 5 1 967 3479 7480
12255 2 2 5 1 2006 2005 7328
12256 2 2 5 1 2052 2159 7341
12257 2 2 5 1 3545 3158 7321
12258 2 2 5 1 14 476 7506
12259 2 2 5 1 3925 3926 4622
12260 2 2 5 1 4796 3637 4797
12261 2 2 5 1 2668 2666 7362
12262 2 2 5 1 4750 4377 4751
12263 2 2 5 1 2769 2656 7298
12264 2 2 5 1 1729 1731 7335
12265 2 2 5 1 4493 5043 5053
12266 2 2 5 1 2198 2137 7857
12267 2 2 5 1 2139 2200 7858
12268 2 2 5 1 797 947 7295
12269 2 2 5 1 4900 3852 7964
12270 2 2 5 1 946 809 7296
12271 2 2 5 1 2944 2243 2946
12272 2 2 5 1 1467 1468 7476
12273 2 2 5 1 4540 4541 5206
12274 2 2 5 1 3056 2832 7245
12275 2 2 5 1 1496 1495 7490
12276 2 2 5 1 3748 5059 5060
12277 2 2 5 1 3445 1804 3446
12278 2 2 5 1 4969 7388 7563
12279 2 2 5 1 6382 3624 7499
12280 2 2 5 1 2904 2903 2905
12281 2 2 5 1 1072 1043 1073
12282 2 2 5 1 2947 6455 7760
12283 2 2 5 1 2234 2923 2924
12284 2 2 5 1 5346 4214 5347
12285 2 2 5 1 886 3835 7389
12286 2 2 5 1 1735 1737 7342
12287 2 2 5 1 1796 1795 1825
12288 2 2 5 1 1426 1427 1545
12289 2 2 5 1 666 667 696
12290 2 2 5 1 1685 1492 1686
12291 2 2 5 1 4634 4630 7181
12292 2 2 5 1 2935 3651 3659
12293 2 2 5 1 5517 7616 7859
12294 2 2 5 1 2788 36 7501
12295 2 2 5 1 5140 3847 7256
12296 2 2 5 1 2875 2876 2877
12297 2 2 5 1 1847 1849 1961
12298 2 2 5 1 959 958 994
12299 2 2 5 1 537 545 546
12300 2 2 5 1 1097 1156 7504
12301 2 2 5 1 4748 4747 5170
12302 2 2 5 1 2655 2654 2656
12303 2 2 5 1 2308 1698 7517
12304 2 2 5 1 5296 5298 5395
12305 2 2 5 1 3248 3247 3903
12306 2 2 5 1 756 776 777
12307 2 2 5 1 553 552 654
12308 2 2 5 1 4823 4531 5303
12309 2 2 5 1 955 936 958
12310 2 2 5 1 1935 1553 1936
12311 2 2 5 1 2122 1936 2123
12312 2 2 5 1 1480 1553 1935
12313 2 2 5 1 4424 2723 7327
12314 2 2 5 1 1434 1435 7491
12315 2 2 5 1 4868 3274 7272
12316 2 2 5 1 4871 5436 7797
12317 2 2 5 1 4421 4772 5093
12318 2 2 5 1 4297 4295 7360
12319 2 2 5 1 6048 7471 7724
12320 2 2 5 1 7393 3819 7560
12321 2 2 5 1 528 536 537
12322 2 2 5 1 736 755 756
12323 2 2 5 1 7056 2671 7362
12324 2 2 5 1 15 14 7506
12325 2 2 5 1 7746 1173 7759
12326 2 2 5 1 2772 2940 2957
12327 2 2 5 1 514 527 528
12328 2 2 5 1 5864 4576 7954
12329 2 2 5 1 2904 2905 2906
12330 2 2 5 1 3978 4144 4327
12331 2 2 5 1 995 994 1043
12332 2 2 5 1 1922 1924 2153
12333 2 2 5 1 3537 4463 7357
12334 2 2 5 1 3245 3246 3897
12335 2 2 5 1 1589 1800 1801
12336 2 2 5 1 2937 2567 7246
12337 2 2 5 1 1320 1425 1426
12338 2 2 5 1 1250 1171 7232
12339 2 2 5 1 2877 2876 2878
12340 2 2 5 1 991 1230 7572
12341 2 2 5 1 2719 2721 7357
12342 2 2 5 1 7603 4964 7716
12343 2 2 5 1 1507 1509 7525
12344 2 2 5 1 1674 1676 7493
12345 2 2 5 1 5060 5506 6009
12346 2 2 5 1 1423 1424 1588
12347 2 2 5 1 2560 2559 2561
12348 2 2 5 1 1688 3829 7343
12349 2 2 5 1 2076 1999 7331
12350 2 2 5 1 2864 2856 3755
12351 2 2 5 1 480 507 508
12352 2 2 5 1 3445 5012 7493
12353 2 2 5 1 6196 4722 7945
12354 2 2 5 1 3145 740 7365
12355 2 2 5 1 5242 4767 5479
12356 2 2 5 1 4955 3734 7366
12357 2 2 5 1 1037 1069 1070
12358 2 2 5 1 1098 1063 7759
12359 2 2 5 1 1489 1649 1650
12360 2 2 5 1 3508 3015 3509
12361 2 2 5 1 3013 3505 3506
12362 2 2 5 1 1044 1043 1072
12363 2 2 5 1 2361 3095 7508
12364 2 2 5 1 1536 7392 7473
12365 2 2 5 1 1826 1825 2551
12366 2 2 5 1 1426 1425 1427
12367 2 2 5 1 2292 2290 3790
12368 2 2 5 1 1793 1795 1796
12369 2 2 5 1 1257 7657 7749
12370 2 2 5 1 1303 1189 1305
12371 2 2 5 1 3358 3366 7273
12372 2 2 5 1 7495 6862 7754
12373 2 2 5 1 2189 2006 7328
12374 2 2 5 1 4858 4857 5565
12375 2 2 5 1 2707 2692 7394
12376 2 2 5 1 756 777 7440
12377 2 2 5 1 1473 1452 7385
12378 2 2 5 1 4240 4814 6601
12379 2 2 5 1 4493 2537 5043
12380 2 2 5 1 4122 4124 7356
12381 2 2 5 1 1629 1601 1879
12382 2 2 5 1 3080 2829 7263
12383 2 2 5 1 4193 5827 7518
12384 2 2 5 1 4183 6301 8009
12385 2 2 5 1 936 779 937
12386 2 2 5 1 2829 3058 7263
12387 2 2 5 1 6955 4707 7625
12388 2 2 5 1 1471 1474 4898
12389 2 2 5 1 2537 1666 7301
12390 2 2 5 1 1961 1962 2116
12391 2 2 5 1 4556 4154 4595
12392 2 2 5 1 3923 4614 4615
12393 2 2 5 1 2869 4446 7205
12394 2 2 5 1 3994 3993 4777
12395 2 2 5 1 4671 4432 7443
12396 2 2 5 1 4444 2897 7202
12397 2 2 5 1 3719 3125 7279
12398 2 2 5 1 1602 1630 1881
12399 2 2 5 1 4622 3926 4623
12400 2 2 5 1 4855 4038 4856
12401 2 2 5 1 2690 7087 7396
12402 2 2 5 1 1776 1781 7338
12403 2 2 5 1 751 2792 7399
12404 2 2 5 1 2388 2386 7665
12405 2 2 5 1 4879 4878 7691
12406 2 2 5 1 1509 7149 7525
12407 2 2 5 1 4810 4239 6529
12408 2 2 5 1 1925 4488 7537
12409 2 2 5 1 1227 989 7574
12410 2 2 5 1 3478 1588 6805
12411 2 2 5 1 2686 2680 7317
12412 2 2 5 1 2906 2907 2908
12413 2 2 5 1 2135 2214 2215
12414 2 2 5 1 546 545 552
12415 2 2 5 1 1442 1364 1443
12416 2 2 5 1 1361 1440 1441
12417 2 2 5 1 4470 4473 7730
12418 2 2 5 1 1885 1886 2096
12419 2 2 5 1 4704 4188 7255
12420 2 2 5 1 3480 969 7456
12421 2 2 5 1 1635 1634 1636
12422 2 2 5 1 2726 2710 7590
12423 2 2 5 1 2879 2878 2880
12424 2 2 5 1 1183 1296 1298
12425 2 2 5 1 1732 6286 8170
12426 2 2 5 1 932 954 956
12427 2 2 5 1 7130 4422 7437
12428 2 2 5 1 2002 2227 2229
12429 2 2 5 1 1766 1770 7315
12430 2 2 5 1 3223 4093 7552
12431 2 2 5 1 1659 1661 7372
12432 2 2 5 1 2202 2134 2203
12433 2 2 5 1 6287 6522 7541
12434 2 2 5 1 976 975 977
12435 2 2 5 1 1749 1751 7398
12436 2 2 5 1 5308 5309 5900
12437 2 2 5 1 3438 2827 7529
12438 2 2 5 1 3166 2316 3167
12439 2 2 5 1 4766 3933 4767
12440 2 2 5 1 1706 2575 7332
12441 2 2 5 1 1709 1830 7291
12442 2 2 5 1 508 513 514
12443 2 2 5 1 7281 5070 7551
12444 2 2 5 1 2776 1839 7413
12445 2 2 5 1 7434 6980 7604
12446 2 2 5 1 3084 2044 7267
12447 2 2 5 1 1362 1293 1364
12448 2 2 5 1 1291 1359 1361
12449 2 2 5 1 78 77 1131
12450 2 2 5 1 5307 5306 5875
12451 2 2 5 1 738 734 1554
12452 2 2 5 1 3584 3566 4356
12453 2 2 5 1 3414 6801 7487
12454 2 2 5 1 4191 4669 7284
12455 2 2 5 1 1439 1280 7303
12456 2 2 5 1 4615 4614 5676
12457 2 2 5 1 7143 2919 7378
12458 2 2 5 1 2643 2821 7569
12459 2 2 5 1 1991 1990 2154
12460 2 2 5 1 2906 2905 2907
12461 2 2 5 1 1259 1277 7567
12462 2 2 5 1 6591 7089 7592
12463 2 2 5 1 4489 1930 7542
12464 2 2 5 1 1631 1628 1632
12465 2 2 5 1 976 977 978
12466 2 2 5 1 4468 2590 7418
12467 2 2 5 1 5817 7726 8723
12468 2 2 5 1 4622 4623 5679
12469 2 2 5 1 4133 5094 5464
12470 2 2 5 1 2877 2878 2879
12471 2 2 5 1 4467 7496 7643
12472 2 2 5 1 1545 1427 1546
12473 2 2 5 1 1999 2401 7331
12474 2 2 5 1 5095 4131 5463
12475 2 2 5 1 475 34 7533
12476 2 2 5 1 1585 1546 1586
12477 2 2 5 1 1627 1586 1628
12478 2 2 5 1 672 673 692
12479 2 2 5 1 675 674 694
12480 2 2 5 1 2813 3213 3214
12481 2 2 5 1 981 971 2654
12482 2 2 5 1 4141 8878 8975
12483 2 2 5 1 3210 2811 3211
12484 2 2 5 1 7176 4389 7519
12485 2 2 5 1 4459 4944 7752
12486 2 2 5 1 3701 3167 3868
12487 2 2 5 1 2908 2907 2915
12488 2 2 5 1 956 957 992
12489 2 2 5 1 1764 1735 7342
12490 2 2 5 1 2234 2235 2923
12491 2 2 5 1 740 739 7399
12492 2 2 5 1 4963 4964 7603
12493 2 2 5 1 4942 6966 7696
12494 2 2 5 1 1643 1443 1644
12495 2 2 5 1 1441 1641 1642
12496 2 2 5 1 741 721 7316
12497 2 2 5 1 2879 2880 2887
12498 2 2 5 1 6900 1483 7550
12499 2 2 5 1 1796 1826 1827
12500 2 2 5 1 6194 4987 7998
12501 2 2 5 1 4629 4627 5403
12502 2 2 5 1 2237 2246 7608
12503 2 2 5 1 1760 1775 7414
12504 2 2 5 1 7194 1763 7315
12505 2 2 5 1 2836 2814 3566
12506 2 2 5 1 1900 1644 1901
12507 2 2 5 1 1642 1890 1891
12508 2 2 5 1 7631 4922 7721
12509 2 2 5 1 1388 1389 1560
12510 2 2 5 1 5078 2945 5079
12511 2 2 5 1 3931 3871 3933
12512 2 2 5 1 3983 5295 5299
12513 2 2 5 1 992 993 1037
12514 2 2 5 1 7102 4951 7636
12515 2 2 5 1 7348 3378 7539
12516 2 2 5 1 34 33 7533
12517 2 2 5 1 1558 1363 1601
12518 2 2 5 1 1650 1851 1852
12519 2 2 5 1 4899 1474 6910
12520 2 2 5 1 4689 3487 6884
12521 2 2 5 1 2716 2717 7378
12522 2 2 5 1 2355 2359 7706
12523 2 2 5 1 1360 1559 1602
12524 2 2 5 1 2601 2116 2814
12525 2 2 5 1 4089 5600 7366
12526 2 2 5 1 1037 1038 1069
12527 2 2 5 1 1273 7358 7603
12528 2 2 5 1 3197 3196 5602
12529 2 2 5 1 1778 3848 7413
12530 2 2 5 1 3398 3683 7322
12531 2 2 5 1 537 536 545
12532 2 2 5 1 2237 2245 2246
12533 2 2 5 1 3729 3608 5141
12534 2 2 5 1 3124 3601 6367
12535 2 2 5 1 1754 4503 7398
12536 2 2 5 1 2322 3153 3154
12537 2 2 5 1 2007 1859 7384
12538 2 2 5 1 3113 2907 7466
12539 2 2 5 1 3607 3608 3609
12540 2 2 5 1 7313 4994 7559
12541 2 2 5 1 4014 4029 4740
12542 2 2 5 1 2879 3115 7468
12543 2 2 5 1 2924 3520 3562
12544 2 2 5 1 2558 2556 7409
12545 2 2 5 1 7369 5175 7670
12546 2 2 5 1 4027 4013 4738
12547 2 2 5 1 3523 7930 8928
12548 2 2 5 1 4531 4710 7484
12549 2 2 5 1 688 664 7302
12550 2 2 5 1 1074 1072 1134
12551 2 2 5 1 2717 3123 7378
12552 2 2 5 1 1545 1587 7242
12553 2 2 5 1 5447 4472 7555
12554 2 2 5 1 1801 1860 7486
12555 2 2 5 1 2678 2677 7396
12556 2 2 5 1 1935 1936 2122
12557 2 2 5 1 3297 4589 7354
12558 2 2 5 1 3915 3009 7551
12559 2 2 5 1 3654 3656 3934
12560 2 2 5 1 4967 7278 7548
12561 2 2 5 1 1154 1095 7543
12562 2 2 5 1 6960 7008 7764
12563 2 2 5 1 557 555 3476
12564 2 2 5 1 528 527 536
12565 2 2 5 1 1852 2001 2002
12566 2 2 5 1 4404 4406 7611
12567 2 2 5 1 6587 1583 7763
12568 2 2 5 1 249 2398 7826
12569 2 2 5 1 7211 3889 7555
12570 2 2 5 1 1676 1679 7493
12571 2 2 5 1 4177 6750 7576
12572 2 2 5 1 1800 3478 7384
12573 2 2 5 1 4503 1758 7414
12574 2 2 5 1 4757 5181 5736
12575 2 2 5 1 6159 6158 7620
12576 2 2 5 1 7286 7082 7587
12577 2 2 5 1 514 513 527
12578 2 2 5 1 3208 2059 7400
12579 2 2 5 1 4472 7211 7555
12580 2 2 5 1 3394 3385 7521
12581 2 2 5 1 3085 4476 4477
12582 2 2 5 1 1865 1885 2110
12583 2 2 5 1 570 3440 7420
12584 2 2 5 1 1668 1671 7301
12585 2 2 5 1 1506 2074 7804
12586 2 2 5 1 3344 7142 7636
12587 2 2 5 1 583 585 676
12588 2 2 5 1 625 623 677
12589 2 2 5 1 2823 2631 7583
12590 2 2 5 1 3397 3398 7322
12591 2 2 5 1 4188 5842 7255
12592 2 2 5 1 2925 4449 7400
12593 2 2 5 1 2536 7257 7529
12594 2 2 5 1 2960 3723 3769
12595 2 2 5 1 3958 3959 4700
12596 2 2 5 1 3961 3960 4701
12597 2 2 5 1 4458 6051 7715
12598 2 2 5 1 7230 2725 7552
12599 2 2 5 1 7269 4972 7591
12600 2 2 5 1 6114 2916 7795
12601 2 2 5 1 7035 3401 7500
12602 2 2 5 1 2232 2233 2234
12603 2 2 5 1 7160 2509 7579
12604 2 2 5 1 2912 2910 3003
12605 2 2 5 1 2142 2061 7402
12606 2 2 5 1 170 171 7352
12607 2 2 5 1 937 779 1160
12608 2 2 5 1 96 97 7350
12609 2 2 5 1 1696 3431 7261
12610 2 2 5 1 4951 3342 7636
12611 2 2 5 1 6985 7313 7559
12612 2 2 5 1 2882 2884 3005
12613 2 2 5 1 3006 7369 7670
12614 2 2 5 1 3355 3357 7436
12615 2 2 5 1 1792 1561 1793
12616 2 2 5 1 2927 2715 7406
12617 2 2 5 1 2059 2058 7400
12618 2 2 5 1 1603 1492 1685
12619 2 2 5 1 1338 7038 7548
12620 2 2 5 1 2666 3788 7362
12621 2 2 5 1 5929 6046 7640
12622 2 2 5 1 2122 2123 3196
12623 2 2 5 1 3482 3375 7447
12624 2 2 5 1 3150 3993 3994
12625 2 2 5 1 1933 1995 2026
12626 2 2 5 1 778 779 936
12627 2 2 5 1 6306 6308 7566
12628 2 2 5 1 4383 7234 7470
12629 2 2 5 1 1993 1928 2025
12630 2 2 5 1 994 958 3069
12631 2 2 5 1 2509 2507 7579
12632 2 2 5 1 4794 7522 7737
12633 2 2 5 1 5831 5828 7994
12634 2 2 5 1 2141 4012 4014
12635 2 2 5 1 894 2538 7460
12636 2 2 5 1 4180 7772 7821
12637 2 2 5 1 2593 2797 7369
12638 2 2 5 1 5346 5347 5388
12639 2 2 5 1 4010 2140 4013
12640 2 2 5 1 4118 4120 7565
12641 2 2 5 1 1656 1658 3825
12642 2 2 5 1 6593 6591 7592
12643 2 2 5 1 3455 3454 4040
12644 2 2 5 1 1036 1016 7782
12645 2 2 5 1 3627 3056 7245
12646 2 2 5 1 759 760 778
12647 2 2 5 1 606 604 7553
12648 2 2 5 1 2888 6117 7798
12649 2 2 5 1 4757 4530 5181
12650 2 2 5 1 4197 3719 7279
12651 2 2 5 1 3873 3458 7340
12652 2 2 5 1 1882 1931 4565
12653 2 2 5 1 4740 4741 4795
12654 2 2 5 1 2592 2596 7418
12655 2 2 5 1 2555 7176 7519
12656 2 2 5 1 3385 3383 7521
12657 2 2 5 1 1926 1880 4564
12658 2 2 5 1 480 45 507
12659 2 2 5 1 4739 4738 4792
12660 2 2 5 1 1069 1071 1132
12661 2 2 5 1 2965 2963 7380
12662 2 2 5 1 7317 2678 7396
12663 2 2 5 1 3228 2539 7749
12664 2 2 5 1 1743 1746 7334
12665 2 2 5 1 2159 3453 7341
12666 2 2 5 1 778 760 779
12667 2 2 5 1 356 357 7549
12668 2 2 5 1 4481 3080 4482
12669 2 2 5 1 2954 2914 3194
12670 2 2 5 1 3123 2719 7357
12671 2 2 5 1 4460 3941 4711
12672 2 2 5 1 3373 4962 7447
12673 2 2 5 1 2886 2952 3195
12674 2 2 5 1 6492 4525 7682
12675 2 2 5 1 4805 7115 7570
12676 2 2 5 1 2924 2923 3520
12677 2 2 5 1 2919 2716 7378
12678 2 2 5 1 4869 4114 7330
12679 2 2 5 1 974 975 976
12680 2 2 5 1 3214 3874 3875
12681 2 2 5 1 3876 3211 3877
12682 2 2 5 1 4299 5867 7333
12683 2 2 5 1 3756 2852 7355
12684 2 2 5 1 1135 1134 1189
12685 2 2 5 1 2671 2668 7362
12686 2 2 5 1 4045 4040 5468
12687 2 2 5 1 5387 4480 5810
12688 2 2 5 1 2838 2837 6835
12689 2 2 5 1 2739 2741 7424
12690 2 2 5 1 4116 4164 7330
12691 2 2 5 1 2556 1467 7476
12692 2 2 5 1 770 747 7456
12693 2 2 5 1 974 973 975
12694 2 2 5 1 2902 2904 7411
12695 2 2 5 1 2990 1422 3808
12696 2 2 5 1 4505 6440 7773
12697 2 2 5 1 2876 2874 7412
12698 2 2 5 1 4374 7126 7644
12699 2 2 5 1 2402 1998 7397
12700 2 2 5 1 3243 5474 7454
12701 2 2 5 1 1731 1734 7335
12702 2 2 5 1 7314 2260 7615
12703 2 2 5 1 956 992 3071
12704 2 2 5 1 777 776 932
12705 2 2 5 1 1243 6353 8238
12706 2 2 5 1 1409 2988 3809
12707 2 2 5 1 1489 1600 1649
12708 2 2 5 1 3032 7050 7623
12709 2 2 5 1 1918 1919 1920
12710 2 2 5 1 1833 7591 7694
12711 2 2 5 1 6411 7297 7673
12712 2 2 5 1 1190 1189 1303
12713 2 2 5 1 4877 3756 7355
12714 2 2 5 1 7548 4474 7693
12715 2 2 5 1 4389 1259 7567
12716 2 2 5 1 4804 4803 5348
12717 2 2 5 1 3306 3991 7380
12718 2 2 5 1 1991 2154 7383
12719 2 2 5 1 3562 3520 3983
12720 2 2 5 1 568 567 7420
12721 2 2 5 1 2089 2076 7331
12722 2 2 5 1 756 755 776
12723 2 2 5 1 3692 4496 4497
12724 2 2 5 1 3085 2831 4476
12725 2 2 5 1 2893 7281 7551
12726 2 2 5 1 4161 8887 8981
12727 2 2 5 1 786 787 7523
12728 2 2 5 1 4211 4209 7403
12729 2 2 5 1 3586 3584 7435
12730 2 2 5 1 1304 1303 1357
12731 2 2 5 1 2244 2243 2944
12732 2 2 5 1 4890 6559 7524
12733 2 2 5 1 508 507 513
12734 2 2 5 1 2905 3081 7466
12735 2 2 5 1 2963 3306 7380
12736 2 2 5 1 3008 2032 7383
12737 2 2 5 1 3082 2877 7468
12738 2 2 5 1 1358 1357 1492
12739 2 2 5 1 3700 3167 3701
12740 2 2 5 1 3058 3634 7263
12741 2 2 5 1 2677 2690 7396
12742 2 2 5 1 7383 2154 7727
12743 2 2 5 1 799 798 7528
12744 2 2 5 1 692 693 724
12745 2 2 5 1 695 694 726
12746 2 2 5 1 5742 4704 7255
12747 2 2 5 1 1737 2549 7342
12748 2 2 5 1 2721 3537 7357
12749 2 2 5 1 4798 4796 5302
12750 2 2 5 1 1516 1519 7681
12751 2 2 5 1 712 735 736
12752 2 2 5 1 5299 5295 5844
12753 2 2 5 1 1599 1507 7525
12754 2 2 5 1 5843 4191 7284
12755 2 2 5 1 2005 3747 7328
12756 2 2 5 1 1746 3462 7334
12757 2 2 5 1 6986 6985 7559
12758 2 2 5 1 7203 4890 7524
12759 2 2 5 1 2504 7266 7563
12760 2 2 5 1 2790 2768 7421
12761 2 2 5 1 6483 6482 7596
12762 2 2 5 1 2257 3190 7364
12763 2 2 5 1 7234 3170 7470
12764 2 2 5 1 1066 1140 7438
12765 2 2 5 1 4669 5672 7284
12766 2 2 5 1 2034 2257 7364
12767 2 2 5 1 1855 1856 2010
12768 2 2 5 1 2023 7141 7486
12769 2 2 5 1 2227 2228 2935
12770 2 2 5 1 4168 3932 4745
12771 2 2 5 1 6442 4504 7773
12772 2 2 5 1 3636 3637 4796
12773 2 2 5 1 7499 6072 7796
12774 2 2 5 1 3224 2726 7530
12775 2 2 5 1 1132 1133 1183
12776 2 2 5 1 2010 2011 2243
12777 2 2 5 1 4748 5170 7442
12778 2 2 5 1 531 532 541
12779 2 2 5 1 534 533 543
12780 2 2 5 1 4513 4122 7356
12781 2 2 5 1 1685 1686 1855
12782 2 2 5 1 4173 3145 7365
12783 2 2 5 1 7212 6037 7793
12784 2 2 5 1 3822 4823 7417
12785 2 2 5 1 7636 7142 7783
12786 2 2 5 1 4295 6896 7360
12787 2 2 5 1 385 386 7540
12788 2 2 5 1 972 973 974
12789 2 2 5 1 7168 1749 7398
12790 2 2 5 1 3383 7136 7521
12791 2 2 5 1 3189 2844 7427
12792 2 2 5 1 937 1160 1388
12793 2 2 5 1 6238 4868 7272
12794 2 2 5 1 3661 4377 4750
12795 2 2 5 1 1751 1754 7398
12796 2 2 5 1 4485 5402 5726
12797 2 2 5 1 5595 4410 8016
12798 2 2 5 1 1799 1967 1968
12799 2 2 5 1 1486 1787 1799
12800 2 2 5 1 2827 2536 7529
12801 2 2 5 1 8064 4002 8079
12802 2 2 5 1 2862 7241 7522
12803 2 2 5 1 6831 2923 7608
12804 2 2 5 1 4124 4127 7356
12805 2 2 5 1 3789 2665 7469
12806 2 2 5 1 1850 1689 7671
12807 2 2 5 1 2977 2976 7454
12808 2 2 5 1 7655 4712 7771
12809 2 2 5 1 4924 6811 7696
12810 2 2 5 1 4851 4850 7621
12811 2 2 5 1 2061 3208 7402
12812 2 2 5 1 2011 2095 7376
12813 2 2 5 1 3607 3164 3608
12814 2 2 5 1 1183 1184 1296
12815 2 2 5 1 2058 2925 7400
12816 2 2 5 1 1031 1053 1054
12817 2 2 5 1 1051 1029 1052
12818 2 2 5 1 2944 2946 3636
12819 2 2 5 1 3138 2142 7402
12820 2 2 5 1 1970 1802 1971
12821 2 2 5 1 1788 1488 1802
12822 2 2 5 1 2935 2936 3651
12823 2 2 5 1 5683 2403 8452
12824 2 2 5 1 2828 3080 4481
12825 2 2 5 1 5434 4746 5481
12826 2 2 5 1 3999 2781 7589
12827 2 2 5 1 5867 4297 7360
12828 2 2 5 1 2646 2643 7569
12829 2 2 5 1 6382 7499 7796
12830 2 2 5 1 3994 4777 4803
12831 2 2 5 1 739 751 7399
12832 2 2 5 1 7745 6666 7777
12833 2 2 5 1 6994 6995 7594
12834 2 2 5 1 3179 2707 7394
12835 2 2 5 1 1917 1626 1918
12836 2 2 5 1 2844 3192 7427
12837 2 2 5 1 2831 2646 7569
12838 2 2 5 1 1172 1250 1251
12839 2 2 5 1 1027 982 7687
12840 2 2 5 1 1251 1320 1321
12841 2 2 5 1 4981 7230 7552
12842 2 2 5 1 1296 1297 1349
12843 2 2 5 1 7551 5070 7699
12844 2 2 5 1 4625 3952 5292
12845 2 2 5 1 3006 2595 7369
12846 2 2 5 1 1349 1350 1489
12847 2 2 5 1 7455 4924 7696
12848 2 2 5 1 3659 3651 3952
12849 2 2 5 1 4751 5494 5495
12850 2 2 5 1 1671 4448 7301
12851 2 2 5 1 3597 4712 7655
12852 2 2 5 1 4445 7776 7808
12853 2 2 5 1 5811 4805 7570
12854 2 2 5 1 665 6676 7584
12855 2 2 5 1 3154 3695 4905
12856 2 2 5 1 7496 3415 7643
12857 2 2 5 1 3091 3089 7439
12858 2 2 5 1 6513 755 7669
12859 2 2 5 1 2642 2640 2644
12860 2 2 5 1 4164 4118 7565
12861 2 2 5 1 3774 7259 7557
12862 2 2 5 1 5892 5376 8472
12863 2 2 5 1 2533 1659 7372
12864 2 2 5 1 3151 2561 7489
12865 2 2 5 1 1408 1485 1486
12866 2 2 5 1 3009 2893 7551
12867 2 2 5 1 1202 2274 3460
12868 2 2 5 1 2277 1201 3461
12869 2 2 5 1 7136 4997 7521
12870 2 2 5 1 1625 1437 1626
12871 2 2 5 1 7341 6862 7495
12872 2 2 5 1 3748 5060 7390
12873 2 2 5 1 1650 1649 1851
12874 2 2 5 1 7522 4934 7737
12875 2 2 5 1 3043 3041 7452
12876 2 2 5 1 7258 4978 7590
12877 2 2 5 1 1839 1778 7413
12878 2 2 5 1 1758 1760 7414
12879 2 2 5 1 3981 4845 4992
12880 2 2 5 1 5661 4098 5662
12881 2 2 5 1 3277 2927 7406
12882 2 2 5 1 4844 3975 4991
12883 2 2 5 1 3870 3869 3871
12884 2 2 5 1 745 768 7480
12885 2 2 5 1 4102 5667 5668
12886 2 2 5 1 2602 1117 7556
12887 2 2 5 1 2507 2511 7579
12888 2 2 5 1 1487 1421 1488
12889 2 2 5 1 6589 6336 7632
12890 2 2 5 1 2047 2202 2653
12891 2 2 5 1 2214 2048 2652
12892 2 2 5 1 1915 1879 7537
12893 2 2 5 1 7257 7134 7529
12894 2 2 5 1 1859 1800 7384
12895 2 2 5 1 1972 1970 2048
12896 2 2 5 1 2715 3179 7406
12897 2 2 5 1 1410 1318 1411
12898 2 2 5 1 4120 4513 7565
12899 2 2 5 1 7184 7314 7615
12900 2 2 5 1 1881 1916 7542
12901 2 2 5 1 1594 1790 7591
12902 2 2 5 1 2705 7258 7590
12903 2 2 5 1 3120 2790 7421
12904 2 2 5 1 2002 2001 2227
12905 2 2 5 1 3468 2983 3538
12906 2 2 5 1 6826 4561 7901
12907 2 2 5 1 3819 5264 7560
12908 2 2 5 1 6035 4998 7968
12909 2 2 5 1 1316 1398 1399
12910 2 2 5 1 3872 3871 3931
12911 2 2 5 1 3394 7521 7733
12912 2 2 5 1 572 573 668
12913 2 2 5 1 613 612 669
12914 2 2 5 1 5876 5877 5878
12915 2 2 5 1 3554 4945 7597
12916 2 2 5 1 1967 1969 2047
12917 2 2 5 1 7365 740 7399
12918 2 2 5 1 2638 2636 4509
12919 2 2 5 1 724 725 745
12920 2 2 5 1 727 726 747
12921 2 2 5 1 2631 2634 7583
12922 2 2 5 1 7171 3256 7536
12923 2 2 5 1 2797 5175 7369
12924 2 2 5 1 6552 7019 7534
12925 2 2 5 1 1344 5665 8264
12926 2 2 5 1 567 570 7420
12927 2 2 5 1 3457 3396 7733
12928 2 2 5 1 5505 8550 8938
12929 2 2 5 1 3484 1172 7467
12930 2 2 5 1 867 865 7446
12931 2 2 5 1 4899 6910 6911
12932 2 2 5 1 4127 4258 7356
12933 2 2 5 1 4422 3597 7655
12934 2 2 5 1 1903 1905 2013
12935 2 2 5 1 1895 1893 2012
12936 2 2 5 1 745 746 768
12937 2 2 5 1 748 747 770
12938 2 2 5 1 7559 4994 7658
12939 2 2 5 1 2595 2593 7369
12940 2 2 5 1 1589 1588 1800
12941 2 2 5 1 952 2578 7687
12942 2 2 5 1 863 861 7448
12943 2 2 5 1 4783 5721 5722
12944 2 2 5 1 577 579 2115
12945 2 2 5 1 1226 1227 1315
12946 2 2 5 1 899 898 7721
12947 2 2 5 1 768 769 786
12948 2 2 5 1 771 770 798
12949 2 2 5 1 2634 2828 7583
12950 2 2 5 1 3168 1631 7415
12951 2 2 5 1 547 548 572
12952 2 2 5 1 550 549 612
12953 2 2 5 1 4970 4969 7563
12954 2 2 5 1 18 17 7622
12955 2 2 5 1 2628 2630 2632
12956 2 2 5 1 777 933 1144
12957 2 2 5 1 7832 4532 7877
12958 2 2 5 1 2741 2791 7424
12959 2 2 5 1 4499 6292 7612
12960 2 2 5 1 4766 4767 5242
12961 2 2 5 1 1734 3463 7335
12962 2 2 5 1 4430 4519 7836
12963 2 2 5 1 4595 4154 5329
12964 2 2 5 1 858 856 7451
12965 2 2 5 1 854 851 7450
12966 2 2 5 1 1625 1626 1917
12967 2 2 5 1 2624 2626 4511
12968 2 2 5 1 5029 7612 7869
12969 2 2 5 1 5902 5901 5904
12970 2 2 5 1 7028 1273 7603
12971 2 2 5 1 7553 1241 8149
12972 2 2 5 1 4477 4476 4478
12973 2 2 5 1 7322 4409 7616
12974 2 2 5 1 7028 7603 7716
12975 2 2 5 1 5544 5545 5546
12976 2 2 5 1 2837 3469 3470
12977 2 2 5 1 3857 4909 7970
12978 2 2 5 1 1917 1918 2148
12979 2 2 5 1 3375 3373 7447
12980 2 2 5 1 2903 2900 7479
12981 2 2 5 1 1414 1413 1415
12982 2 2 5 1 3507 3014 3960
12983 2 2 5 1 3016 3510 3958
12984 2 2 5 1 5037 3714 7426
12985 2 2 5 1 1144 933 1171
12986 2 2 5 1 1261 884 7463
12987 2 2 5 1 3701 3868 3869
12988 2 2 5 1 2768 2937 7421
12989 2 2 5 1 1401 1403 1404
12990 2 2 5 1 1316 1399 1400
12991 2 2 5 1 4934 4779 7737
12992 2 2 5 1 1419 1418 1420
12993 2 2 5 1 5469 4040 7444
12994 2 2 5 1 2872 2875 7485
12995 2 2 5 1 2559 2565 7489
12996 2 2 5 1 3728 4599 7586
12997 2 2 5 1 95 96 671
12998 2 2 5 1 171 172 670
12999 2 2 5 1 1401 1402 1403
13000 2 2 5 1 5512 6066 7999
13001 2 2 5 1 7358 4963 7603
13002 2 2 5 1 1381 1380 7588
13003 2 2 5 1 7165 2739 7424
13004 2 2 5 1 1230 1229 1317
13005 2 2 5 1 1405 1406 1407
13006 2 2 5 1 3889 4743 7555
13007 2 2 5 1 619 617 2118
13008 2 2 5 1 6884 3485 6885
13009 2 2 5 1 988 989 1226
13010 2 2 5 1 3791 3985 7462
13011 2 2 5 1 1852 1851 2001
13012 2 2 5 1 5581 4539 5583
13013 2 2 5 1 4950 6352 7756
13014 2 2 5 1 1436 1437 1625
13015 2 2 5 1 7492 1311 7635
13016 2 2 5 1 541 542 547
13017 2 2 5 1 544 543 549
13018 2 2 5 1 3714 3577 7426
13019 2 2 5 1 7014 5005 7571
13020 2 2 5 1 1251 1321 1436
13021 2 2 5 1 845 843 7472
13022 2 2 5 1 1415 1413 1417
13023 2 2 5 1 1560 1389 1561
13024 2 2 5 1 3931 3933 4766
13025 2 2 5 1 1411 1318 1412
13026 2 2 5 1 1614 7282 7701
13027 2 2 5 1 2565 4466 7489
13028 2 2 5 1 1608 1610 7433
13029 2 2 5 1 2899 4567 7479
13030 2 2 5 1 7661 6456 7839
13031 2 2 5 1 4883 3774 7557
13032 2 2 5 1 1583 1512 7763
13033 2 2 5 1 2725 3223 7552
13034 2 2 5 1 666 655 667
13035 2 2 5 1 1405 1407 1408
13036 2 2 5 1 1550 737 7367
13037 2 2 5 1 2028 3472 7438
13038 2 2 5 1 4133 3581 5094
13039 2 2 5 1 3577 4100 7426
13040 2 2 5 1 2972 18 7622
13041 2 2 5 1 3580 4131 5095
13042 2 2 5 1 3440 653 7584
13043 2 2 5 1 4570 2871 7485
13044 2 2 5 1 1189 1134 7346
13045 2 2 5 1 2900 2899 7479
13046 2 2 5 1 849 847 7464
13047 2 2 5 1 1425 1250 7232
13048 2 2 5 1 4159 3471 4160
13049 2 2 5 1 4481 4482 4483
13050 2 2 5 1 7847 5033 7894
13051 2 2 5 1 653 665 7584
13052 2 2 5 1 884 882 7463
13053 2 2 5 1 2871 2872 7485
13054 2 2 5 1 1420 1418 1421
13055 2 2 5 1 2602 6339 7769
13056 2 2 5 1 1144 1171 1172
13057 2 2 5 1 5569 5398 5570
13058 2 2 5 1 3621 4074 7445
13059 2 2 5 1 5688 5365 8351
13060 2 2 5 1 3089 3888 7439
13061 2 2 5 1 2135 2048 2214
13062 2 2 5 1 991 990 1229
13063 2 2 5 1 967 968 988
13064 2 2 5 1 1388 1560 7408
13065 2 2 5 1 5155 7171 7536
13066 2 2 5 1 31 30 7629
13067 2 2 5 1 1661 1665 7372
13068 2 2 5 1 2910 2908 7514
13069 2 2 5 1 2662 2664 7469
13070 2 2 5 1 5544 5546 5547
13071 2 2 5 1 1679 3445 7493
13072 2 2 5 1 6980 4434 7604
13073 2 2 5 1 768 786 967
13074 2 2 5 1 4595 5329 5330
13075 2 2 5 1 2880 2882 7515
13076 2 2 5 1 3619 3621 7445
13077 2 2 5 1 1011 1030 1031
13078 2 2 5 1 1028 1009 1029
13079 2 2 5 1 4176 3225 7735
13080 2 2 5 1 3226 4175 7736
13081 2 2 5 1 2915 7379 7514
13082 2 2 5 1 2123 2772 7432
13083 2 2 5 1 2047 2134 2202
13084 2 2 5 1 3888 3043 7452
13085 2 2 5 1 4588 3091 7439
13086 2 2 5 1 5308 3101 5309
13087 2 2 5 1 2290 1940 7465
13088 2 2 5 1 5548 484 5549
13089 2 2 5 1 2099 2231 2232
13090 2 2 5 1 841 839 7488
13091 2 2 5 1 4463 5231 7578
13092 2 2 5 1 7174 5003 7452
13093 2 2 5 1 7382 2887 7515
13094 2 2 5 1 4535 4974 7860
13095 2 2 5 1 1140 2028 7438
13096 2 2 5 1 3041 7174 7452
13097 2 2 5 1 7347 6955 7625
13098 2 2 5 1 865 961 7446
13099 2 2 5 1 3098 5306 5307
13100 2 2 5 1 961 863 7448
13101 2 2 5 1 737 738 759
13102 2 2 5 1 1144 3484 7440
13103 2 2 5 1 1841 1608 7433
13104 2 2 5 1 2586 867 7446
13105 2 2 5 1 2424 6832 7956
13106 2 2 5 1 3584 4356 7435
13107 2 2 5 1 692 724 1887
13108 2 2 5 1 4093 4569 7709
13109 2 2 5 1 4104 7817 7856
13110 2 2 5 1 17 1287 7622
13111 2 2 5 1 3884 5051 7717
13112 2 2 5 1 4174 3452 7431
13113 2 2 5 1 4209 4215 7403
13114 2 2 5 1 882 7108 7463
13115 2 2 5 1 861 2587 7448
13116 2 2 5 1 1554 734 7538
13117 2 2 5 1 4193 4501 5827
13118 2 2 5 1 798 770 969
13119 2 2 5 1 7247 4062 7601
13120 2 2 5 1 3470 3471 4159
13121 2 2 5 1 2537 7301 7705
13122 2 2 5 1 5985 4536 7860
13123 2 2 5 1 726 694 1889
13124 2 2 5 1 8669 3990 8714
13125 2 2 5 1 5626 5624 5627
13126 2 2 5 1 2587 858 7451
13127 2 2 5 1 3452 3450 7431
13128 2 2 5 1 1436 1321 1437
13129 2 2 5 1 712 736 2022
13130 2 2 5 1 5508 4065 7445
13131 2 2 5 1 3624 3978 7499
13132 2 2 5 1 1531 1535 7753
13133 2 2 5 1 1171 4515 7232
13134 2 2 5 1 970 969 990
13135 2 2 5 1 2590 2592 7418
13136 2 2 5 1 30 2951 7629
13137 2 2 5 1 3985 5510 7462
13138 2 2 5 1 1940 1664 7465
13139 2 2 5 1 474 20 7628
13140 2 2 5 1 7657 5000 7749
13141 2 2 5 1 1586 1546 7416
13142 2 2 5 1 856 921 7451
13143 2 2 5 1 3450 3865 7431
13144 2 2 5 1 8310 6068 8473
13145 2 2 5 1 3192 4421 7427
13146 2 2 5 1 7334 5013 7660
13147 2 2 5 1 1054 1092 1093
13148 2 2 5 1 1090 1052 1091
13149 2 2 5 1 5871 5872 5873
13150 2 2 5 1 146 147 7815
13151 2 2 5 1 3470 3469 3471
13152 2 2 5 1 5041 3860 7787
13153 2 2 5 1 921 854 7450
13154 2 2 5 1 1388 1160 1389
13155 2 2 5 1 4065 3619 7445
13156 2 2 5 1 2665 2662 7469
13157 2 2 5 1 4675 3875 4937
13158 2 2 5 1 3877 4674 4935
13159 2 2 5 1 5573 5570 5589
13160 2 2 5 1 851 2597 7450
13161 2 2 5 1 1366 7138 7610
13162 2 2 5 1 2976 3243 7454
13163 2 2 5 1 3415 6898 7643
13164 2 2 5 1 1860 2023 7486
13165 2 2 5 1 4214 4211 7403
13166 2 2 5 1 5339 4729 5563
13167 2 2 5 1 4919 3391 7862
13168 2 2 5 1 6469 7662 7844
13169 2 2 5 1 4194 4177 7576
13170 2 2 5 1 4427 7530 7630
13171 2 2 5 1 4496 3008 7383
13172 2 2 5 1 7886 6105 8026
13173 2 2 5 1 6586 6334 7631
13174 2 2 5 1 1483 1577 7550
13175 2 2 5 1 2664 2660 7481
13176 2 2 5 1 7021 7286 7587
13177 2 2 5 1 1560 1794 7408
13178 2 2 5 1 1924 1960 7495
13179 2 2 5 1 3928 3248 7429
13180 2 2 5 1 1788 1802 1970
13181 2 2 5 1 1632 1635 7415
13182 2 2 5 1 4062 5497 7601
13183 2 2 5 1 94 95 7482
13184 2 2 5 1 172 173 7483
13185 2 2 5 1 7552 4093 7709
13186 2 2 5 1 7238 1366 7610
13187 2 2 5 1 6440 4507 7746
13188 2 2 5 1 4029 4012 4030
13189 2 2 5 1 1257 892 7657
13190 2 2 5 1 1288 31 7629
13191 2 2 5 1 4010 4027 4028
13192 2 2 5 1 1230 1410 7572
13193 2 2 5 1 6111 4194 7576
13194 2 2 5 1 4074 3791 7462
13195 2 2 5 1 7643 6673 7761
13196 2 2 5 1 847 869 7464
13197 2 2 5 1 5330 5329 5576
13198 2 2 5 1 7588 4993 7646
13199 2 2 5 1 4926 6143 7868
13200 2 2 5 1 1799 1787 1967
13201 2 2 5 1 7458 3999 7589
13202 2 2 5 1 2658 2769 7481
13203 2 2 5 1 2578 925 7748
13204 2 2 5 1 3248 3903 7429
13205 2 2 5 1 869 845 7472
13206 2 2 5 1 28 473 7634
13207 2 2 5 1 4502 7758 7836
13208 2 2 5 1 1487 1488 1788
13209 2 2 5 1 3729 5141 5142
13210 2 2 5 1 2597 849 7464
13211 2 2 5 1 654 552 655
13212 2 2 5 1 20 19 7628
13213 2 2 5 1 1398 1227 7574
13214 2 2 5 1 918 920 7748
13215 2 2 5 1 2555 7519 7639
13216 2 2 5 1 2710 2705 7590
13217 2 2 5 1 4922 4415 7656
13218 2 2 5 1 1631 1632 7415
13219 2 2 5 1 21 474 7647
13220 2 2 5 1 1486 1485 1787
13221 2 2 5 1 7486 7141 7739
13222 2 2 5 1 166 502 7318
13223 2 2 5 1 969 770 7456
13224 2 2 5 1 503 101 7320
13225 2 2 5 1 7082 3828 7587
13226 2 2 5 1 7397 1841 7433
13227 2 2 5 1 1423 1588 1589
13228 2 2 5 1 2078 2089 7697
13229 2 2 5 1 972 1032 7507
13230 2 2 5 1 1161 1141 7497
13231 2 2 5 1 759 738 760
13232 2 2 5 1 19 2972 7628
13233 2 2 5 1 1960 7341 7495
13234 2 2 5 1 6596 6593 7592
13235 2 2 5 1 4864 5846 7672
13236 2 2 5 1 3567 2814 7527
13237 2 2 5 1 1691 7261 7671
13238 2 2 5 1 1400 1399 1401
13239 2 2 5 1 6066 3030 7999
13240 2 2 5 1 2215 2214 3002
13241 2 2 5 1 22 21 7647
13242 2 2 5 1 1411 1412 1413
13243 2 2 5 1 1990 1828 7502
13244 2 2 5 1 4747 3586 7435
13245 2 2 5 1 3410 6187 7908
13246 2 2 5 1 2907 2905 7466
13247 2 2 5 1 3438 7529 7730
13248 2 2 5 1 2202 2203 3001
13249 2 2 5 1 1919 1626 7512
13250 2 2 5 1 2877 2879 7468
13251 2 2 5 1 5515 4070 7616
13252 2 2 5 1 6916 3826 7781
13253 2 2 5 1 5303 4531 7484
13254 2 2 5 1 6386 4555 7935
13255 2 2 5 1 2116 2117 7527
13256 2 2 5 1 7238 7610 7744
13257 2 2 5 1 1404 1403 1405
13258 2 2 5 1 3021 2277 7363
13259 2 2 5 1 1415 1417 1418
13260 2 2 5 1 29 28 7634
13261 2 2 5 1 712 711 735
13262 2 2 5 1 4490 968 7523
13263 2 2 5 1 3529 8006 8032
13264 2 2 5 1 6412 6411 7673
13265 2 2 5 1 3903 3247 5065
13266 2 2 5 1 2316 1687 7505
13267 2 2 5 1 3609 3608 3729
13268 2 2 5 1 1408 1407 1485
13269 2 2 5 1 1315 1227 1316
13270 2 2 5 1 3249 2947 7760
13271 2 2 5 1 1420 1421 1487
13272 2 2 5 1 4938 5276 5560
13273 2 2 5 1 5275 4936 5561
13274 2 2 5 1 3245 3897 5066
13275 2 2 5 1 1230 1317 1318
13276 2 2 5 1 7050 4390 7623
13277 2 2 5 1 1665 4493 7372
13278 2 2 5 1 4496 7383 7727
13279 2 2 5 1 2549 1739 7660
13280 2 2 5 1 970 4492 7528
13281 2 2 5 1 6234 2299 7962
13282 2 2 5 1 737 759 7367
13283 2 2 5 1 7261 4999 7671
13284 2 2 5 1 7245 4479 7609
13285 2 2 5 1 1320 1426 7474
13286 2 2 5 1 843 2648 7472
13287 2 2 5 1 733 734 737
13288 2 2 5 1 3338 7022 7640
13289 2 2 5 1 967 786 968
13290 2 2 5 1 7336 2602 7769
13291 2 2 5 1 2660 2658 7481
13292 2 2 5 1 839 860 7488
13293 2 2 5 1 2951 29 7634
13294 2 2 5 1 4070 7322 7616
13295 2 2 5 1 1994 2140 4009
13296 2 2 5 1 2908 2915 7514
13297 2 2 5 1 734 732 7538
13298 2 2 5 1 2141 1996 4011
13299 2 2 5 1 2932 22 7647
13300 2 2 5 1 4441 7597 7655
13301 2 2 5 1 6218 6221 7713
13302 2 2 5 1 5421 4984 7779
13303 2 2 5 1 2887 2880 7515
13304 2 2 5 1 768 967 7480
13305 2 2 5 1 1305 1189 7346
13306 2 2 5 1 5477 7615 7719
13307 2 2 5 1 4507 4942 7746
13308 2 2 5 1 1290 8072 8104
13309 2 2 5 1 1449 1451 7513
13310 2 2 5 1 1736 1733 7674
13311 2 2 5 1 7138 4399 7610
13312 2 2 5 1 7521 4997 7733
13313 2 2 5 1 4022 7908 7990
13314 2 2 5 1 6970 3793 7659
13315 2 2 5 1 4480 4477 7477
13316 2 2 5 1 3852 4307 7624
13317 2 2 5 1 5482 3612 5484
13318 2 2 5 1 4855 4856 5580
13319 2 2 5 1 2319 7240 7886
13320 2 2 5 1 798 969 970
13321 2 2 5 1 7209 4404 7611
13322 2 2 5 1 1681 6352 7818
13323 2 2 5 1 1850 7671 7800
13324 2 2 5 1 2561 2559 7489
13325 2 2 5 1 6832 945 7668
13326 2 2 5 1 1093 1147 1148
13327 2 2 5 1 1145 1091 1146
13328 2 2 5 1 2243 2011 7376
13329 2 2 5 1 5030 5029 7637
13330 2 2 5 1 1226 989 1227
13331 2 2 5 1 3887 3562 7478
13332 2 2 5 1 935 793 7276
13333 2 2 5 1 805 934 7277
13334 2 2 5 1 8705 5102 8782
13335 2 2 5 1 971 972 7507
13336 2 2 5 1 3790 2290 7465
13337 2 2 5 1 6124 3310 7810
13338 2 2 5 1 787 2407 7523
13339 2 2 5 1 1198 1161 7497
13340 2 2 5 1 173 174 2604
13341 2 2 5 1 93 94 2605
13342 2 2 5 1 4994 4993 7658
13343 2 2 5 1 5713 1197 8377
13344 2 2 5 1 1829 1672 7757
13345 2 2 5 1 7513 4468 7794
13346 2 2 5 1 2553 2983 3468
13347 2 2 5 1 3196 2123 7432
13348 2 2 5 1 991 1229 1230
13349 2 2 5 1 3526 7347 7625
13350 2 2 5 1 3858 3859 7811
13351 2 2 5 1 654 655 666
13352 2 2 5 1 890 7389 7657
13353 2 2 5 1 2785 1915 7537
13354 2 2 5 1 1916 2786 7542
13355 2 2 5 1 4986 7729 7803
13356 2 2 5 1 2408 799 7528
13357 2 2 5 1 2616 3061 7881
13358 2 2 5 1 2648 841 7488
13359 2 2 5 1 2946 2243 7376
13360 2 2 5 1 1148 1177 1178
13361 2 2 5 1 1174 1146 1175
13362 2 2 5 1 2085 2082 7704
13363 2 2 5 1 2837 2148 3469
13364 2 2 5 1 7298 2654 7507
13365 2 2 5 1 4830 4829 7641
13366 2 2 5 1 2080 2078 7697
13367 2 2 5 1 1848 1847 7526
13368 2 2 5 1 6711 7239 7642
13369 2 2 5 1 795 2606 7276
13370 2 2 5 1 2607 807 7277
13371 2 2 5 1 1774 1727 7711
13372 2 2 5 1 1141 4491 7497
13373 2 2 5 1 2020 2785 7649
13374 2 2 5 1 1961 2601 7526
13375 2 2 5 1 3170 7205 7686
13376 2 2 5 1 1702 7332 7638
13377 2 2 5 1 988 968 989
13378 2 2 5 1 3342 3344 7636
13379 2 2 5 1 6966 7455 7696
13380 2 2 5 1 7571 5005 7812
13381 2 2 5 1 1486 1963 7852
13382 2 2 5 1 2248 2020 7649
13383 2 2 5 1 8005 1944 8055
13384 2 2 5 1 4967 7548 7693
13385 2 2 5 1 1739 1741 7660
13386 2 2 5 1 1294 1362 1363
13387 2 2 5 1 1359 1292 1360
13388 2 2 5 1 1384 7588 7646
13389 2 2 5 1 4344 6712 7720
13390 2 2 5 1 4411 7247 7601
13391 2 2 5 1 598 594 7700
13392 2 2 5 1 4464 4950 7646
13393 2 2 5 1 511 6024 8596
13394 2 2 5 1 4547 6120 7714
13395 2 2 5 1 2021 2250 7651
13396 2 2 5 1 2786 2021 7651
13397 2 2 5 1 26 25 7676
13398 2 2 5 1 5347 4214 7403
13399 2 2 5 1 6025 512 8595
13400 2 2 5 1 970 990 991
13401 2 2 5 1 1929 1993 1994
13402 2 2 5 1 1577 1656 7550
13403 2 2 5 1 4831 4832 7652
13404 2 2 5 1 3994 4804 7545
13405 2 2 5 1 1741 7334 7660
13406 2 2 5 1 1995 1934 1996
13407 2 2 5 1 2082 2080 7704
13408 2 2 5 1 551 6775 7888
13409 2 2 5 1 24 23 7675
13410 2 2 5 1 3805 5076 7921
13411 2 2 5 1 6851 723 7724
13412 2 2 5 1 2606 797 7295
13413 2 2 5 1 809 2607 7296
13414 2 2 5 1 3321 7409 7690
13415 2 2 5 1 1323 1324 1423
13416 2 2 5 1 1528 1526 7801
13417 2 2 5 1 7102 7636 7783
13418 2 2 5 1 4512 1388 7408
13419 2 2 5 1 2153 1924 7495
13420 2 2 5 1 1451 2588 7513
13421 2 2 5 1 4288 4287 7762
13422 2 2 5 1 7623 4390 7666
13423 2 2 5 1 2130 1978 7684
13424 2 2 5 1 4037 4038 4039
13425 2 2 5 1 4441 7655 7771
13426 2 2 5 1 4390 4456 7666
13427 2 2 5 1 4014 4012 4029
13428 2 2 5 1 4395 8101 8139
13429 2 2 5 1 1426 7242 7474
13430 2 2 5 1 4842 3526 7625
13431 2 2 5 1 1689 1691 7671
13432 2 2 5 1 4401 5555 7744
13433 2 2 5 1 755 735 7669
13434 2 2 5 1 1505 1599 7781
13435 2 2 5 1 4010 4013 4027
13436 2 2 5 1 4086 3218 7571
13437 2 2 5 1 4740 4029 4741
13438 2 2 5 1 1855 7103 7575
13439 2 2 5 1 2904 2906 7554
13440 2 2 5 1 3826 1503 7781
13441 2 2 5 1 3974 3975 3976
13442 2 2 5 1 3981 3980 3982
13443 2 2 5 1 2772 2957 7432
13444 2 2 5 1 4027 4738 4739
13445 2 2 5 1 1514 1516 7681
13446 2 2 5 1 3459 7802 7847
13447 2 2 5 1 1206 1293 1294
13448 2 2 5 1 1291 1204 1292
13449 2 2 5 1 6635 4402 7605
13450 2 2 5 1 7239 7190 7642
13451 2 2 5 1 5131 7184 7615
13452 2 2 5 1 4327 6072 7499
13453 2 2 5 1 4403 6636 7606
13454 2 2 5 1 4476 2831 7569
13455 2 2 5 1 23 2932 7675
13456 2 2 5 1 2878 2876 7558
13457 2 2 5 1 3758 2388 7665
13458 2 2 5 1 3362 7209 7611
13459 2 2 5 1 25 1308 7676
13460 2 2 5 1 4482 4485 7498
13461 2 2 5 1 7335 5018 7711
13462 2 2 5 1 1437 4416 7512
13463 2 2 5 1 4959 4958 7635
13464 2 2 5 1 1308 24 7675
13465 2 2 5 1 4040 3454 7444
13466 2 2 5 1 2782 7883 7941
13467 2 2 5 1 7301 4448 7705
13468 2 2 5 1 947 1011 7295
13469 2 2 5 1 1009 946 7296
13470 2 2 5 1 4484 7263 7626
13471 2 2 5 1 735 1549 7669
13472 2 2 5 1 1687 1685 7575
13473 2 2 5 1 5300 7633 7963
13474 2 2 5 1 2245 3150 7545
13475 2 2 5 1 6913 6912 7888
13476 2 2 5 1 5353 3928 7429
13477 2 2 5 1 1348 6706 8908
13478 2 2 5 1 4086 7571 7812
13479 2 2 5 1 1900 2271 2810
13480 2 2 5 1 5353 7429 7430
13481 2 2 5 1 2272 1890 2812
13482 2 2 5 1 1487 6456 7661
13483 2 2 5 1 1927 1928 1929
13484 2 2 5 1 3978 4327 7499
13485 2 2 5 1 100 503 7319
13486 2 2 5 1 502 167 7353
13487 2 2 5 1 1933 1932 1934
13488 2 2 5 1 174 175 7531
13489 2 2 5 1 92 93 7581
13490 2 2 5 1 4981 7552 7709
13491 2 2 5 1 3551 5749 9073
13492 2 2 5 1 7591 4972 7694
13493 2 2 5 1 7332 4510 7638
13494 2 2 5 1 3003 2910 7514
13495 2 2 5 1 3539 3538 4153
13496 2 2 5 1 7153 7253 7638
13497 2 2 5 1 2882 3005 7515
13498 2 2 5 1 4972 4714 7694
13499 2 2 5 1 4037 3611 4038
13500 2 2 5 1 982 952 7687
13501 2 2 5 1 5370 5694 8360
13502 2 2 5 1 1362 1364 1442
13503 2 2 5 1 1361 1359 1440
13504 2 2 5 1 1201 1175 7627
13505 2 2 5 1 3983 5299 7478
13506 2 2 5 1 7387 3744 7692
13507 2 2 5 1 3636 4798 7577
13508 2 2 5 1 1031 1054 3027
13509 2 2 5 1 8502 5388 8979
13510 2 2 5 1 1052 1029 3028
13511 2 2 5 1 2822 3210 3212
13512 2 2 5 1 6469 1485 7662
13513 2 2 5 1 3213 2824 3215
13514 2 2 5 1 3837 4967 7693
13515 2 2 5 1 2982 7014 7571
13516 2 2 5 1 3467 3906 7863
13517 2 2 5 1 1589 1801 2809
13518 2 2 5 1 6088 2183 7895
13519 2 2 5 1 5972 5973 7810
13520 2 2 5 1 7776 4940 7808
13521 2 2 5 1 2828 4481 7583
13522 2 2 5 1 5297 6831 7633
13523 2 2 5 1 3562 3983 7478
13524 2 2 5 1 2795 2796 7742
13525 2 2 5 1 1582 1449 7513
13526 2 2 5 1 4596 8163 9071
13527 2 2 5 1 7361 4270 7831
13528 2 2 5 1 4039 4855 4857
13529 2 2 5 1 5079 2945 7577
13530 2 2 5 1 1837 1623 7910
13531 2 2 5 1 6843 3244 7747
13532 2 2 5 1 1879 1601 1880
13533 2 2 5 1 7866 4550 8004
13534 2 2 5 1 715 705 7865
13535 2 2 5 1 1602 1881 1882
13536 2 2 5 1 1900 1901 2271
13537 2 2 5 1 1891 1890 2272
13538 2 2 5 1 2636 1315 7511
13539 2 2 5 1 2534 6317 8034
13540 2 2 5 1 1147 1164 7695
13541 2 2 5 1 8149 1241 8179
13542 2 2 5 1 1879 1880 1925
13543 2 2 5 1 4958 7492 7635
13544 2 2 5 1 2945 2944 7577
13545 2 2 5 1 7668 5039 7925
13546 2 2 5 1 1882 1881 1930
13547 2 2 5 1 7529 7134 7730
13548 2 2 5 1 1925 1926 1927
13549 2 2 5 1 3684 3136 7742
13550 2 2 5 1 7282 6544 7701
13551 2 2 5 1 7129 7343 7729
13552 2 2 5 1 5430 3952 7582
13553 2 2 5 1 1931 1930 1932
13554 2 2 5 1 1179 1205 1206
13555 2 2 5 1 1203 1176 1204
13556 2 2 5 1 70 484 5542
13557 2 2 5 1 1626 1437 7512
13558 2 2 5 1 4530 3887 7546
13559 2 2 5 1 3981 4992 7732
13560 2 2 5 1 4991 3975 7734
13561 2 2 5 1 1729 7335 7711
13562 2 2 5 1 1796 1825 1826
13563 2 2 5 1 1847 1961 7526
13564 2 2 5 1 5031 7447 7740
13565 2 2 5 1 2580 8049 8084
13566 2 2 5 1 4795 4741 5305
13567 2 2 5 1 2569 99 7319
13568 2 2 5 1 168 2568 7353
13569 2 2 5 1 2999 3013 7074
13570 2 2 5 1 4944 7028 7716
13571 2 2 5 1 3218 2982 7571
13572 2 2 5 1 3468 3538 3539
13573 2 2 5 1 5861 3758 7698
13574 2 2 5 1 892 890 7657
13575 2 2 5 1 4739 4792 5304
13576 2 2 5 1 2054 5768 5769
13577 2 2 5 1 5776 2055 5777
13578 2 2 5 1 898 7631 7721
13579 2 2 5 1 6292 7566 7851
13580 2 2 5 1 2654 971 7507
13581 2 2 5 1 6905 4266 8007
13582 2 2 5 1 1317 2624 7516
13583 2 2 5 1 1442 1643 3500
13584 2 2 5 1 7877 4533 7915
13585 2 2 5 1 5599 4879 7691
13586 2 2 5 1 2568 169 7351
13587 2 2 5 1 98 2569 7349
13588 2 2 5 1 1641 1440 3501
13589 2 2 5 1 4606 3021 7363
13590 2 2 5 1 3651 3652 7582
13591 2 2 5 1 7190 3826 7642
13592 2 2 5 1 1321 1320 7474
13593 2 2 5 1 6811 6809 7718
13594 2 2 5 1 2923 2235 7608
13595 2 2 5 1 2814 2116 7527
13596 2 2 5 1 2551 2553 7688
13597 2 2 5 1 1385 1384 7703
13598 2 2 5 1 7666 4456 7715
13599 2 2 5 1 7854 3068 7901
13600 2 2 5 1 6910 1478 7593
13601 2 2 5 1 5565 4857 5567
13602 2 2 5 1 3539 4153 4154
13603 2 2 5 1 2181 3022 7895
13604 2 2 5 1 5384 4368 8897
13605 2 2 5 1 2810 2811 2822
13606 2 2 5 1 3136 2795 7742
13607 2 2 5 1 2813 2812 2824
13608 2 2 5 1 2141 4011 4012
13609 2 2 5 1 3214 3213 3874
13610 2 2 5 1 3210 3211 3876
13611 2 2 5 1 4009 2140 4010
13612 2 2 5 1 1165 1145 7708
13613 2 2 5 1 175 176 1048
13614 2 2 5 1 91 92 1047
13615 2 2 5 1 7910 6903 7957
13616 2 2 5 1 2359 3310 7706
13617 2 2 5 1 7389 5000 7657
13618 2 2 5 1 4477 4478 7477
13619 2 2 5 1 1727 1729 7711
13620 2 2 5 1 7205 4446 7686
13621 2 2 5 1 1442 1443 1643
13622 2 2 5 1 1441 1440 1641
13623 2 2 5 1 3215 3980 3981
13624 2 2 5 1 3974 3212 3975
13625 2 2 5 1 853 5896 8976
13626 2 2 5 1 2229 2227 7568
13627 2 2 5 1 2084 2085 7765
13628 2 2 5 1 8011 1499 8019
13629 2 2 5 1 1643 1644 1900
13630 2 2 5 1 1642 1641 1890
13631 2 2 5 1 1478 1480 7593
13632 2 2 5 1 5294 4441 7771
13633 2 2 5 1 3164 2866 7561
13634 2 2 5 1 2935 3659 7568
13635 2 2 5 1 7597 4422 7655
13636 2 2 5 1 4039 4038 4855
13637 2 2 5 1 6286 7607 8147
13638 2 2 5 1 3338 7640 7764
13639 2 2 5 1 3167 2316 7505
13640 2 2 5 1 2035 7156 7758
13641 2 2 5 1 7611 4406 7868
13642 2 2 5 1 1580 7250 7743
13643 2 2 5 1 6667 3848 7750
13644 2 2 5 1 7483 2604 8607
13645 2 2 5 1 4526 4838 7712
13646 2 2 5 1 1203 6537 7627
13647 2 2 5 1 3643 3006 7670
13648 2 2 5 1 4456 4458 7715
13649 2 2 5 1 2796 2087 7765
13650 2 2 5 1 5070 5644 7699
13651 2 2 5 1 3868 3167 7505
13652 2 2 5 1 4433 7387 7692
13653 2 2 5 1 7253 1702 7638
13654 2 2 5 1 3178 3864 6118
13655 2 2 5 1 3808 1422 7661
13656 2 2 5 1 6900 7550 7816
13657 2 2 5 1 710 668 711
13658 2 2 5 1 936 937 7532
13659 2 2 5 1 7709 4569 7779
13660 2 2 5 1 10 1276 7849
13661 2 2 5 1 1995 1996 2141
13662 2 2 5 1 1465 1580 7743
13663 2 2 5 1 1674 7493 7757
13664 2 2 5 1 1994 1993 2140
13665 2 2 5 1 1409 3809 7662
13666 2 2 5 1 6930 6931 9056
13667 2 2 5 1 1582 7513 7794
13668 2 2 5 1 2809 7486 7739
13669 2 2 5 1 7185 2555 7639
13670 2 2 5 1 1519 1520 7851
13671 2 2 5 1 7505 1687 7575
13672 2 2 5 1 1288 7629 7751
13673 2 2 5 1 7630 3884 7717
13674 2 2 5 1 4964 6086 7716
13675 2 2 5 1 937 4512 7532
13676 2 2 5 1 5008 4176 5763
13677 2 2 5 1 4175 5011 5762
13678 2 2 5 1 4310 3857 7707
13679 2 2 5 1 4483 4482 7498
13680 2 2 5 1 3225 2293 7735
13681 2 2 5 1 2295 3226 7736
13682 2 2 5 1 669 732 733
13683 2 2 5 1 7718 1173 7746
13684 2 2 5 1 7087 6806 7809
13685 2 2 5 1 5810 4480 7477
13686 2 2 5 1 1929 1928 1993
13687 2 2 5 1 1933 1934 1995
13688 2 2 5 1 5176 5187 7772
13689 2 2 5 1 1863 1865 7613
13690 2 2 5 1 2784 11 7849
13691 2 2 5 1 933 932 7544
13692 2 2 5 1 4468 6309 7794
13693 2 2 5 1 7640 6046 7764
13694 2 2 5 1 3758 7665 7698
13695 2 2 5 1 2246 2245 7545
13696 2 2 5 1 3079 7512 7791
13697 2 2 5 1 7543 1289 7740
13698 2 2 5 1 4982 4981 7709
13699 2 2 5 1 7937 6825 7949
13700 2 2 5 1 1656 3825 7550
13701 2 2 5 1 4445 7056 7776
13702 2 2 5 1 1148 1178 1179
13703 2 2 5 1 1175 1146 1176
13704 2 2 5 1 3104 3105 7876
13705 2 2 5 1 3498 4550 7866
13706 2 2 5 1 4448 7391 7705
13707 2 2 5 1 1037 1070 7614
13708 2 2 5 1 7502 2551 7688
13709 2 2 5 1 4835 4130 7775
13710 2 2 5 1 4416 1321 7474
13711 2 2 5 1 4356 8398 8403
13712 2 2 5 1 4410 6348 8016
13713 2 2 5 1 7758 7156 7836
13714 2 2 5 1 5227 4794 7737
13715 2 2 5 1 3981 3982 4845
13716 2 2 5 1 7351 170 7352
13717 2 2 5 1 97 7349 7350
13718 2 2 5 1 7730 4473 7786
13719 2 2 5 1 3976 3975 4844
13720 2 2 5 1 3101 2215 7602
13721 2 2 5 1 1294 1293 1362
13722 2 2 5 1 1291 1292 1359
13723 2 2 5 1 1480 1935 7593
13724 2 2 5 1 7202 3169 7741
13725 2 2 5 1 2574 3034 7848
13726 2 2 5 1 7430 6175 8559
13727 2 2 5 1 7343 3829 7729
13728 2 2 5 1 7616 4409 7859
13729 2 2 5 1 449 448 7955
13730 2 2 5 1 7362 3788 7776
13731 2 2 5 1 3034 3033 7866
13732 2 2 5 1 1918 1920 7562
13733 2 2 5 1 2640 2638 7595
13734 2 2 5 1 1879 1925 7537
13735 2 2 5 1 1927 1926 1928
13736 2 2 5 1 4083 3627 7609
13737 2 2 5 1 3014 2198 7857
13738 2 2 5 1 2200 3016 7858
13739 2 2 5 1 1931 1932 1933
13740 2 2 5 1 4420 7185 7639
13741 2 2 5 1 53 482 5677
13742 2 2 5 1 5181 4530 7546
13743 2 2 5 1 2148 1918 7562
13744 2 2 5 1 3142 6281 7885
13745 2 2 5 1 3247 2248 7649
13746 2 2 5 1 7395 1614 7701
13747 2 2 5 1 3150 3994 7545
13748 2 2 5 1 5814 4433 7692
13749 2 2 5 1 737 734 738
13750 2 2 5 1 4557 7973 7980
13751 2 2 5 1 2250 3245 7651
13752 2 2 5 1 1930 1881 7542
13753 2 2 5 1 4529 4672 7934
13754 2 2 5 1 1206 1205 1293
13755 2 2 5 1 1203 1204 1291
13756 2 2 5 1 5141 3608 7561
13757 2 2 5 1 2080 7697 7704
13758 2 2 5 1 1172 1251 7467
13759 2 2 5 1 1925 1880 1926
13760 2 2 5 1 6924 6925 7909
13761 2 2 5 1 1882 1930 1931
13762 2 2 5 1 5003 5290 7907
13763 2 2 5 1 925 918 7748
13764 2 2 5 1 1865 2110 7613
13765 2 2 5 1 902 899 7721
13766 2 2 5 1 1422 1420 7661
13767 2 2 5 1 958 936 7532
13768 2 2 5 1 4348 4350 7755
13769 2 2 5 1 3506 6110 7074
13770 2 2 5 1 4543 3831 7845
13771 2 2 5 1 1523 1524 7869
13772 2 2 5 1 4515 933 7544
13773 2 2 5 1 500 288 7960
13774 2 2 5 1 1179 1178 1205
13775 2 2 5 1 1175 1176 1203
13776 2 2 5 1 7493 5012 7757
13777 2 2 5 1 7206 1863 7613
13778 2 2 5 1 5026 5027 7751
13779 2 2 5 1 4497 4498 7598
13780 2 2 5 1 4485 5726 7498
13781 2 2 5 1 2810 2271 2811
13782 2 2 5 1 5410 4252 7738
13783 2 2 5 1 1407 1409 7662
13784 2 2 5 1 2272 2812 2813
13785 2 2 5 1 1316 1400 7511
13786 2 2 5 1 968 786 7523
13787 2 2 5 1 4789 655 7731
13788 2 2 5 1 777 1144 7440
13789 2 2 5 1 6286 8147 8170
13790 2 2 5 1 7563 7266 7745
13791 2 2 5 1 7615 2260 7719
13792 2 2 5 1 1315 1316 7511
13793 2 2 5 1 1571 7395 7832
13794 2 2 5 1 8571 5117 8576
13795 2 2 5 1 7874 2598 7935
13796 2 2 5 1 1514 7681 7763
13797 2 2 5 1 7250 7045 7743
13798 2 2 5 1 1412 1318 7516
13799 2 2 5 1 1173 1098 7759
13800 2 2 5 1 798 970 7528
13801 2 2 5 1 1318 1317 7516
13802 2 2 5 1 4502 7208 7758
13803 2 2 5 1 2087 2084 7765
13804 2 2 5 1 1463 1465 7743
13805 2 2 5 1 2944 3636 7577
13806 2 2 5 1 7703 4950 7756
13807 2 2 5 1 2227 2935 7568
13808 2 2 5 1 1685 1855 7575
13809 2 2 5 1 5368 7143 7827
13810 2 2 5 1 3069 958 7532
13811 2 2 5 1 611 767 7929
13812 2 2 5 1 3469 2148 7562
13813 2 2 5 1 7210 7206 7613
13814 2 2 5 1 6881 8849 8931
13815 2 2 5 1 2822 2811 3210
13816 2 2 5 1 2813 2824 3213
13817 2 2 5 1 1829 7757 7842
13818 2 2 5 1 2260 7244 7719
13819 2 2 5 1 2553 3468 7688
13820 2 2 5 1 1529 1531 7753
13821 2 2 5 1 4411 7601 7853
13822 2 2 5 1 3907 3549 7837
13823 2 2 5 1 5856 4459 7752
13824 2 2 5 1 4498 4496 7727
13825 2 2 5 1 6911 6910 7593
13826 2 2 5 1 5660 5066 8686
13827 2 2 5 1 1672 1674 7757
13828 2 2 5 1 1392 7703 7756
13829 2 2 5 1 3108 4716 7876
13830 2 2 5 1 289 6720 7960
13831 2 2 5 1 3952 3651 7582
13832 2 2 5 1 3461 1201 7627
13833 2 2 5 1 1512 1514 7763
13834 2 2 5 1 7134 4470 7730
13835 2 2 5 1 1251 1436 7467
13836 2 2 5 1 1792 1793 7793
13837 2 2 5 1 683 679 7891
13838 2 2 5 1 520 1322 1323
13839 2 2 5 1 3608 3164 7561
13840 2 2 5 1 7925 5039 7973
13841 2 2 5 1 7684 5991 7943
13842 2 2 5 1 1793 7212 7793
13843 2 2 5 1 5542 484 5548
13844 2 2 5 1 3071 992 7614
13845 2 2 5 1 3169 7375 7741
13846 2 2 5 1 81 80 1913
13847 2 2 5 1 3244 7725 7747
13848 2 2 5 1 992 1037 7614
13849 2 2 5 1 7059 7915 7972
13850 2 2 5 1 7793 6037 7883
13851 2 2 5 1 1601 1363 7650
13852 2 2 5 1 3634 4088 7626
13853 2 2 5 1 6862 4469 7754
13854 2 2 5 1 7345 2035 7758
13855 2 2 5 1 3477 3570 7920
13856 2 2 5 1 7265 7193 7710
13857 2 2 5 1 5043 2537 7705
13858 2 2 5 1 1360 1602 7654
13859 2 2 5 1 932 956 7544
13860 2 2 5 1 5009 1850 7800
13861 2 2 5 1 7194 7315 7750
13862 2 2 5 1 3000 5956 7137
13863 2 2 5 1 5041 7787 7854
13864 2 2 5 1 7809 6806 7871
13865 2 2 5 1 7891 6925 8027
13866 2 2 5 1 4509 2636 7511
13867 2 2 5 1 7304 7265 7710
13868 2 2 5 1 5763 4176 7735
13869 2 2 5 1 4175 5762 7736
13870 2 2 5 1 7780 5001 7870
13871 2 2 5 1 4856 4038 7645
13872 2 2 5 1 3611 3609 7645
13873 2 2 5 1 7835 5046 7957
13874 2 2 5 1 2215 3002 7602
13875 2 2 5 1 7470 3170 7686
13876 2 2 5 1 3887 7478 7546
13877 2 2 5 1 6352 7288 7818
13878 2 2 5 1 2676 4259 7989
13879 2 2 5 1 4938 4937 5276
13880 2 2 5 1 4935 4936 5275
13881 2 2 5 1 545 536 2777
13882 2 2 5 1 956 3071 7544
13883 2 2 5 1 710 711 712
13884 2 2 5 1 6736 7129 7729
13885 2 2 5 1 572 668 710
13886 2 2 5 1 4287 5200 7762
13887 2 2 5 1 3396 3394 7733
13888 2 2 5 1 6089 6088 7895
13889 2 2 5 1 3627 7245 7609
13890 2 2 5 1 2624 4511 7516
13891 2 2 5 1 4444 7202 7741
13892 2 2 5 1 1970 1971 7618
13893 2 2 5 1 4975 4549 7909
13894 2 2 5 1 7315 7243 7750
13895 2 2 5 1 4882 4467 7761
13896 2 2 5 1 8352 4797 9089
13897 2 2 5 1 4252 3249 7760
13898 2 2 5 1 4539 4497 7598
13899 2 2 5 1 2141 4014 7677
13900 2 2 5 1 4494 6114 7795
13901 2 2 5 1 7153 7638 7830
13902 2 2 5 1 72 2033 5724
13903 2 2 5 1 7638 4510 7830
13904 2 2 5 1 7266 6772 7745
13905 2 2 5 1 4798 5470 7728
13906 2 2 5 1 4013 2140 7679
13907 2 2 5 1 6117 4495 7798
13908 2 2 5 1 4970 7563 7745
13909 2 2 5 1 7008 3338 7764
13910 2 2 5 1 1417 1413 7653
13911 2 2 5 1 2644 2640 7595
13912 2 2 5 1 4504 4505 7773
13913 2 2 5 1 1901 1903 7599
13914 2 2 5 1 7738 4252 7760
13915 2 2 5 1 1893 1891 7600
13916 2 2 5 1 1933 2026 7683
13917 2 2 5 1 2026 1995 7677
13918 2 2 5 1 4957 7238 7744
13919 2 2 5 1 6841 8846 8924
13920 2 2 5 1 2025 1928 7685
13921 2 2 5 1 2652 2048 7618
13922 2 2 5 1 1993 2025 7679
13923 2 2 5 1 2638 4509 7595
13924 2 2 5 1 4277 4551 7925
13925 2 2 5 1 5893 4761 7795
13926 2 2 5 1 5583 4539 7598
13927 2 2 5 1 7141 4460 7739
13928 2 2 5 1 1241 6776 8179
13929 2 2 5 1 5858 6879 7966
13930 2 2 5 1 4759 5894 7798
13931 2 2 5 1 5237 5008 7663
13932 2 2 5 1 5011 5239 7664
13933 2 2 5 1 2793 7002 7938
13934 2 2 5 1 61 60 3234
13935 2 2 5 1 2539 1257 7749
13936 2 2 5 1 669 612 732
13937 2 2 5 1 7740 1289 7884
13938 2 2 5 1 733 732 734
13939 2 2 5 1 4859 6382 7796
13940 2 2 5 1 4996 5033 7847
13941 2 2 5 1 7204 7304 7710
13942 2 2 5 1 3244 7449 7725
13943 2 2 5 1 4565 1931 7683
13944 2 2 5 1 2277 3461 7363
13945 2 2 5 1 7447 4962 7740
13946 2 2 5 1 7566 1519 7851
13947 2 2 5 1 1926 4564 7685
13948 2 2 5 1 7671 4999 7800
13949 2 2 5 1 2139 2199 2200
13950 2 2 5 1 2197 2137 2198
13951 2 2 5 1 5329 4154 7585
13952 2 2 5 1 4130 4292 7775
13953 2 2 5 1 4801 5729 7725
13954 2 2 5 1 2605 7482 8605
13955 2 2 5 1 4982 7709 7779
13956 2 2 5 1 7569 2821 7805
13957 2 2 5 1 3112 47 5657
13958 2 2 5 1 3504 3142 7885
13959 2 2 5 1 3870 3872 7913
13960 2 2 5 1 5732 4197 7768
13961 2 2 5 1 7870 5001 7934
13962 2 2 5 1 7056 7362 7776
13963 2 2 5 1 7263 3634 7626
13964 2 2 5 1 3958 3510 3959
13965 2 2 5 1 3507 3960 3961
13966 2 2 5 1 2423 1036 7782
13967 2 2 5 1 5041 7854 7901
13968 2 2 5 1 7916 3428 7984
13969 2 2 5 1 4560 6789 8010
13970 2 2 5 1 7208 7345 7758
13971 2 2 5 1 5815 4970 7777
13972 2 2 5 1 2232 7164 7780
13973 2 2 5 1 3723 4783 7678
13974 2 2 5 1 7219 7562 7806
13975 2 2 5 1 6373 1851 7820
13976 2 2 5 1 6250 3825 7985
13977 2 2 5 1 4564 1880 7650
13978 2 2 5 1 1882 4565 7654
13979 2 2 5 1 661 657 7922
13980 2 2 5 1 3603 2838 6835
13981 2 2 5 1 4467 7643 7761
13982 2 2 5 1 6824 2424 7949
13983 2 2 5 1 5987 4866 8198
13984 2 2 5 1 171 670 7352
13985 2 2 5 1 5021 7502 7688
13986 2 2 5 1 671 96 7350
13987 2 2 5 1 7550 3825 7816
13988 2 2 5 1 2823 7583 7813
13989 2 2 5 1 3755 2856 7819
13990 2 2 5 1 4153 5241 7585
13991 2 2 5 1 2048 1970 7618
13992 2 2 5 1 1922 2153 7806
13993 2 2 5 1 5124 5224 8495
13994 2 2 5 1 3895 3204 7944
13995 2 2 5 1 3185 7808 7846
13996 2 2 5 1 6082 6083 8083
13997 2 2 5 1 3609 3729 7645
13998 2 2 5 1 2809 1801 7486
13999 2 2 5 1 2099 2232 7780
14000 2 2 5 1 4962 7543 7740
14001 2 2 5 1 4940 5935 7846
14002 2 2 5 1 4154 4153 7585
14003 2 2 5 1 4197 7279 7768
14004 2 2 5 1 4423 6558 7790
14005 2 2 5 1 4942 7718 7746
14006 2 2 5 1 6132 4313 9064
14007 2 2 5 1 2271 1901 7599
14008 2 2 5 1 1891 2272 7600
14009 2 2 5 1 2018 2099 7780
14010 2 2 5 1 3769 3723 7678
14011 2 2 5 1 3848 7194 7750
14012 2 2 5 1 6839 1499 8011
14013 2 2 5 1 7163 5046 7835
14014 2 2 5 1 549 543 3493
14015 2 2 5 1 5309 3101 7602
14016 2 2 5 1 1503 1505 7781
14017 2 2 5 1 4744 7376 7799
14018 2 2 5 1 7415 4417 7784
14019 2 2 5 1 7414 3068 7854
14020 2 2 5 1 1413 1412 7653
14021 2 2 5 1 5005 5006 7812
14022 2 2 5 1 3409 3410 7908
14023 2 2 5 1 7449 4801 7725
14024 2 2 5 1 3259 4225 7994
14025 2 2 5 1 3961 5706 8387
14026 2 2 5 1 5707 3959 8386
14027 2 2 5 1 4022 3412 7908
14028 2 2 5 1 5000 4980 7817
14029 2 2 5 1 2292 3790 7819
14030 2 2 5 1 3655 4559 7919
14031 2 2 5 1 5828 4172 7994
14032 2 2 5 1 4984 4982 7779
14033 2 2 5 1 8422 4147 8551
14034 2 2 5 1 6143 7611 7868
14035 2 2 5 1 6098 6100 8042
14036 2 2 5 1 2667 2669 7989
14037 2 2 5 1 7317 7396 7809
14038 2 2 5 1 3612 2130 7684
14039 2 2 5 1 6014 4871 7797
14040 2 2 5 1 6643 5471 8893
14041 2 2 5 1 6753 4445 7808
14042 2 2 5 1 1529 7753 7801
14043 2 2 5 1 7612 1523 7869
14044 2 2 5 1 7394 4423 7790
14045 2 2 5 1 7168 7398 7787
14046 2 2 5 1 6063 8320 8911
14047 2 2 5 1 712 2022 7903
14048 2 2 5 1 7398 4503 7787
14049 2 2 5 1 4970 7745 7777
14050 2 2 5 1 4761 4494 7795
14051 2 2 5 1 7693 4475 7838
14052 2 2 5 1 5065 3247 7649
14053 2 2 5 1 3255 5715 8454
14054 2 2 5 1 3245 5066 7651
14055 2 2 5 1 7395 4914 7832
14056 2 2 5 1 1420 1487 7661
14057 2 2 5 1 5031 7740 7884
14058 2 2 5 1 4495 4759 7798
14059 2 2 5 1 4180 7670 7772
14060 2 2 5 1 4999 7221 7800
14061 2 2 5 1 1947 1792 7793
14062 2 2 5 1 7142 5019 7783
14063 2 2 5 1 3788 4940 7776
14064 2 2 5 1 5051 3883 7950
14065 2 2 5 1 1485 1407 7662
14066 2 2 5 1 8376 7438 8560
14067 2 2 5 1 4846 6733 7997
14068 2 2 5 1 3849 7102 7783
14069 2 2 5 1 3457 7733 7802
14070 2 2 5 1 1526 1529 7801
14071 2 2 5 1 3908 4842 7902
14072 2 2 5 1 5020 1829 7842
14073 2 2 5 1 2008 5623 5624
14074 2 2 5 1 4783 5722 7678
14075 2 2 5 1 6806 4548 7871
14076 2 2 5 1 5009 7800 7863
14077 2 2 5 1 4997 4995 7802
14078 2 2 5 1 5063 6667 7931
14079 2 2 5 1 4038 3611 7645
14080 2 2 5 1 1462 1460 7890
14081 2 2 5 1 2122 3197 7879
14082 2 2 5 1 4557 3492 7973
14083 2 2 5 1 4712 7457 7771
14084 2 2 5 1 8361 5913 8399
14085 2 2 5 1 1810 2598 7874
14086 2 2 5 1 3935 7690 8062
14087 2 2 5 1 4491 7336 7769
14088 2 2 5 1 2782 2114 7883
14089 2 2 5 1 4386 5064 7987
14090 2 2 5 1 6087 6085 7981
14091 2 2 5 1 5080 7717 8024
14092 2 2 5 1 4949 4932 8075
14093 2 2 5 1 5937 5936 7917
14094 2 2 5 1 6388 2779 8192
14095 2 2 5 1 773 5730 8443
14096 2 2 5 1 7404 6576 7912
14097 2 2 5 1 3430 7404 7912
14098 2 2 5 1 446 445 7988
14099 2 2 5 1 1508 1506 7804
14100 2 2 5 1 5023 7300 8647
14101 2 2 5 1 5013 5014 7889
14102 2 2 5 1 5912 8362 8400
14103 2 2 5 1 541 547 3496
14104 2 2 5 1 8316 5150 8361
14105 2 2 5 1 6805 1445 7892
14106 2 2 5 1 3438 7730 7786
14107 2 2 5 1 670 172 7483
14108 2 2 5 1 95 671 7482
14109 2 2 5 1 5314 4542 7977
14110 2 2 5 1 5175 5176 7772
14111 2 2 5 1 470 146 7815
14112 2 2 5 1 7103 5050 7924
14113 2 2 5 1 4776 3858 7811
14114 2 2 5 1 552 545 7731
14115 2 2 5 1 4753 5406 7958
14116 2 2 5 1 6444 4985 7833
14117 2 2 5 1 4806 5813 8021
14118 2 2 5 1 7376 2095 7799
14119 2 2 5 1 5153 8317 8362
14120 2 2 5 1 7729 3829 7803
14121 2 2 5 1 3829 5009 7803
14122 2 2 5 1 2096 1886 7870
14123 2 2 5 1 1851 1649 7820
14124 2 2 5 1 7783 5019 7828
14125 2 2 5 1 178 179 1567
14126 2 2 5 1 88 89 1568
14127 2 2 5 1 7512 4416 7791
14128 2 2 5 1 3849 7783 7828
14129 2 2 5 1 7321 3438 7786
14130 2 2 5 1 3168 7415 7784
14131 2 2 5 1 3459 7847 7894
14132 2 2 5 1 3310 7508 7810
14133 2 2 5 1 4608 5597 8035
14134 2 2 5 1 4546 5881 7916
14135 2 2 5 1 5597 4609 8021
14136 2 2 5 1 7863 3906 7969
14137 2 2 5 1 1175 1203 7627
14138 2 2 5 1 697 667 7918
14139 2 2 5 1 6015 3657 7919
14140 2 2 5 1 7433 1610 7874
14141 2 2 5 1 859 922 8056
14142 2 2 5 1 4476 7569 7805
14143 2 2 5 1 1880 1601 7650
14144 2 2 5 1 7396 7087 7809
14145 2 2 5 1 1602 1882 7654
14146 2 2 5 1 5642 8614 8615
14147 2 2 5 1 1995 2141 7677
14148 2 2 5 1 2140 1993 7679
14149 2 2 5 1 3156 3519 7968
14150 2 2 5 1 6096 6097 8026
14151 2 2 5 1 6648 6541 8090
14152 2 2 5 1 3860 7168 7787
14153 2 2 5 1 7639 4911 7927
14154 2 2 5 1 7583 4481 7813
14155 2 2 5 1 3179 7394 7790
14156 2 2 5 1 6536 6535 8048
14157 2 2 5 1 1920 1922 7806
14158 2 2 5 1 4286 4284 7976
14159 2 2 5 1 5019 7158 7828
14160 2 2 5 1 7562 1920 7806
14161 2 2 5 1 7538 732 7774
14162 2 2 5 1 4777 5787 7906
14163 2 2 5 1 4655 4086 7812
14164 2 2 5 1 2200 3000 3015
14165 2 2 5 1 2999 2198 3013
14166 2 2 5 1 4905 6015 7919
14167 2 2 5 1 173 2604 7483
14168 2 2 5 1 2605 94 7482
14169 2 2 5 1 527 513 1244
14170 2 2 5 1 2322 3154 7872
14171 2 2 5 1 6368 6900 7816
14172 2 2 5 1 5742 7255 7840
14173 2 2 5 1 5936 7469 7917
14174 2 2 5 1 1931 1933 7683
14175 2 2 5 1 7593 1935 7879
14176 2 2 5 1 7733 4997 7802
14177 2 2 5 1 3228 7749 7817
14178 2 2 5 1 1363 1362 7722
14179 2 2 5 1 1928 1926 7685
14180 2 2 5 1 1359 1360 7723
14181 2 2 5 1 2856 2292 7819
14182 2 2 5 1 6879 1061 7966
14183 2 2 5 1 3039 3040 8039
14184 2 2 5 1 4998 3890 7968
14185 2 2 5 1 6085 4223 7981
14186 2 2 5 1 1649 1651 7820
14187 2 2 5 1 3851 7317 7809
14188 2 2 5 1 5368 7827 7932
14189 2 2 5 1 3215 3981 7732
14190 2 2 5 1 3975 3212 7734
14191 2 2 5 1 1903 2013 7599
14192 2 2 5 1 2012 1893 7600
14193 2 2 5 1 7288 4971 7818
14194 2 2 5 1 7378 3123 7827
14195 2 2 5 1 2309 857 8056
14196 2 2 5 1 124 1254 7992
14197 2 2 5 1 4270 6124 7831
14198 2 2 5 1 4551 7668 7925
14199 2 2 5 1 4977 7926 7987
14200 2 2 5 1 6972 6839 8003
14201 2 2 5 1 553 654 7905
14202 2 2 5 1 3770 4384 7981
14203 2 2 5 1 3213 3215 7732
14204 2 2 5 1 3212 3210 7734
14205 2 2 5 1 2916 2911 7841
14206 2 2 5 1 4847 4846 7997
14207 2 2 5 1 7818 4971 7835
14208 2 2 5 1 1447 1582 7892
14209 2 2 5 1 6776 2319 8201
14210 2 2 5 1 7784 4913 8216
14211 2 2 5 1 3539 4556 7893
14212 2 2 5 1 6989 123 7992
14213 2 2 5 1 3851 7809 7871
14214 2 2 5 1 7757 5012 7842
14215 2 2 5 1 248 249 7826
14216 2 2 5 1 2883 2888 7843
14217 2 2 5 1 3184 3913 7983
14218 2 2 5 1 5286 5893 7911
14219 2 2 5 1 5369 5368 7932
14220 2 2 5 1 1423 1589 7807
14221 2 2 5 1 5894 5280 7914
14222 2 2 5 1 7284 5672 7855
14223 2 2 5 1 5591 4180 7821
14224 2 2 5 1 4510 7223 7830
14225 2 2 5 1 5058 4562 8019
14226 2 2 5 1 1589 2809 7807
14227 2 2 5 1 3502 4517 7965
14228 2 2 5 1 1061 1025 7966
14229 2 2 5 1 7739 5042 7940
14230 2 2 5 1 7781 1599 7926
14231 2 2 5 1 5051 7950 7983
14232 2 2 5 1 4478 4476 7805
14233 2 2 5 1 6563 7433 7874
14234 2 2 5 1 5956 5959 7137
14235 2 2 5 1 7650 1363 7722
14236 2 2 5 1 4977 6916 7926
14237 2 2 5 1 5614 853 8976
14238 2 2 5 1 1360 7654 7723
14239 2 2 5 1 7192 1571 7832
14240 2 2 5 1 5484 3612 7684
14241 2 2 5 1 7059 7285 7915
14242 2 2 5 1 7508 5972 7810
14243 2 2 5 1 7969 3906 8051
14244 2 2 5 1 5072 4597 8123
14245 2 2 5 1 5916 4522 8298
14246 2 2 5 1 5896 853 8990
14247 2 2 5 1 4524 3849 7828
14248 2 2 5 1 7670 5175 7772
14249 2 2 5 1 6007 7910 7957
14250 2 2 5 1 6004 7098 8008
14251 2 2 5 1 717 715 8023
14252 2 2 5 1 2604 174 7531
14253 2 2 5 1 93 2605 7581
14254 2 2 5 1 3311 7835 7957
14255 2 2 5 1 6911 7593 7879
14256 2 2 5 1 6177 5047 8076
14257 2 2 5 1 6252 8085 8113
14258 2 2 5 1 3549 4023 7837
14259 2 2 5 1 5008 5763 7663
14260 2 2 5 1 5762 5011 7664
14261 2 2 5 1 5020 7842 7920
14262 2 2 5 1 5598 2546 9091
14263 2 2 5 1 7883 6037 7941
14264 2 2 5 1 5789 5273 8824
14265 2 2 5 1 3783 5838 8054
14266 2 2 5 1 1442 3500 7722
14267 2 2 5 1 4481 4483 7813
14268 2 2 5 1 3501 1440 7723
14269 2 2 5 1 7743 7045 7890
14270 2 2 5 1 7749 5000 7817
14271 2 2 5 1 7787 4503 7854
14272 2 2 5 1 1418 1417 7961
14273 2 2 5 1 2126 3428 7953
14274 2 2 5 1 7800 7221 7863
14275 2 2 5 1 6456 6071 7839
14276 2 2 5 1 2990 3808 7896
14277 2 2 5 1 1073 1043 7933
14278 2 2 5 1 5012 7325 7842
14279 2 2 5 1 1900 2810 7766
14280 2 2 5 1 11 10 7849
14281 2 2 5 1 655 552 7731
14282 2 2 5 1 2812 1890 7767
14283 2 2 5 1 3179 7790 7834
14284 2 2 5 1 3476 555 7905
14285 2 2 5 1 8179 6776 8201
14286 2 2 5 1 7944 3813 7972
14287 2 2 5 1 3831 3837 7845
14288 2 2 5 1 3529 3497 8006
14289 2 2 5 1 3828 2574 7848
14290 2 2 5 1 2373 314 8068
14291 2 2 5 1 315 493 8068
14292 2 2 5 1 3809 2988 7899
14293 2 2 5 1 5484 7684 7943
14294 2 2 5 1 4971 7163 7835
14295 2 2 5 1 5300 7963 8077
14296 2 2 5 1 2066 2068 8013
14297 2 2 5 1 4987 4078 7998
14298 2 2 5 1 1031 3027 7788
14299 2 2 5 1 473 7308 8010
14300 2 2 5 1 3028 1029 7789
14301 2 2 5 1 2549 7660 7889
14302 2 2 5 1 3657 3655 7919
14303 2 2 5 1 6070 6469 7844
14304 2 2 5 1 7143 7378 7827
14305 2 2 5 1 5558 6818 8455
14306 2 2 5 1 504 117 8022
14307 2 2 5 1 7833 3828 7848
14308 2 2 5 1 5058 8019 8023
14309 2 2 5 1 7802 4995 7847
14310 2 2 5 1 3500 1643 7766
14311 2 2 5 1 1362 1442 7722
14312 2 2 5 1 300 301 8030
14313 2 2 5 1 1440 1359 7723
14314 2 2 5 1 1641 3501 7767
14315 2 2 5 1 6660 6658 8034
14316 2 2 5 1 5824 5742 7840
14317 2 2 5 1 5977 5978 8326
14318 2 2 5 1 7949 2424 7956
14319 2 2 5 1 3410 4502 7878
14320 2 2 5 1 3082 6199 8037
14321 2 2 5 1 3861 7153 7830
14322 2 2 5 1 518 463 5806
14323 2 2 5 1 6434 4816 7887
14324 2 2 5 1 4536 4535 7860
14325 2 2 5 1 477 5907 8663
14326 2 2 5 1 6201 3081 8041
14327 2 2 5 1 7338 6959 7975
14328 2 2 5 1 4420 7639 7927
14329 2 2 5 1 5662 4098 7896
14330 2 2 5 1 4985 7587 7833
14331 2 2 5 1 2284 6135 8252
14332 2 2 5 1 5050 5078 8015
14333 2 2 5 1 4517 7406 7834
14334 2 2 5 1 2782 6362 8036
14335 2 2 5 1 6993 2530 8194
14336 2 2 5 1 6624 1884 8553
14337 2 2 5 1 4563 5058 8027
14338 2 2 5 1 3015 3000 7137
14339 2 2 5 1 3837 7693 7838
14340 2 2 5 1 1453 5840 8226
14341 2 2 5 1 7828 7158 7875
14342 2 2 5 1 6960 7764 7861
14343 2 2 5 1 7741 4900 7964
14344 2 2 5 1 6459 7377 8110
14345 2 2 5 1 6097 6095 8042
14346 2 2 5 1 6258 5088 8100
14347 2 2 5 1 7808 4940 7846
14348 2 2 5 1 3874 3213 7732
14349 2 2 5 1 5063 7931 7975
14350 2 2 5 1 3210 3876 7734
14351 2 2 5 1 118 7032 8022
14352 2 2 5 1 1520 1523 7851
14353 2 2 5 1 3123 7578 7827
14354 2 2 5 1 4102 5668 7899
14355 2 2 5 1 4666 5026 8044
14356 2 2 5 1 4578 4577 8055
14357 2 2 5 1 1323 1423 7807
14358 2 2 5 1 4995 4996 7847
14359 2 2 5 1 7689 5982 8126
14360 2 2 5 1 7156 4430 7836
14361 2 2 5 1 994 3069 7933
14362 2 2 5 1 175 1048 7531
14363 2 2 5 1 1047 92 7581
14364 2 2 5 1 533 523 1596
14365 2 2 5 1 2008 67 5623
14366 2 2 5 1 1463 7743 7890
14367 2 2 5 1 7308 6433 8010
14368 2 2 5 1 7862 4724 7880
14369 2 2 5 1 3391 4724 7862
14370 2 2 5 1 6573 3198 8097
14371 2 2 5 1 6993 8194 8917
14372 2 2 5 1 4954 7875 7904
14373 2 2 5 1 6902 2066 8013
14374 2 2 5 1 7192 7832 7877
14375 2 2 5 1 7836 4519 7878
14376 2 2 5 1 705 704 7865
14377 2 2 5 1 5299 5845 8231
14378 2 2 5 1 4469 4574 8065
14379 2 2 5 1 2663 2667 8046
14380 2 2 5 1 4569 5222 7991
14381 2 2 5 1 3033 3498 7866
14382 2 2 5 1 7915 4533 7972
14383 2 2 5 1 1964 1488 8047
14384 2 2 5 1 6046 6047 7861
14385 2 2 5 1 8156 4672 8269
14386 2 2 5 1 5584 5488 8130
14387 2 2 5 1 536 527 7792
14388 2 2 5 1 87 88 7726
14389 2 2 5 1 179 180 7824
14390 2 2 5 1 7406 3179 7834
14391 2 2 5 1 7875 3364 7904
14392 2 2 5 1 4717 5214 7864
14393 2 2 5 1 3752 2661 8046
14394 2 2 5 1 6563 7874 7935
14395 2 2 5 1 51 50 8687
14396 2 2 5 1 6388 8192 8963
14397 2 2 5 1 2022 736 7952
14398 2 2 5 1 4585 5634 7993
14399 2 2 5 1 5838 2992 8080
14400 2 2 5 1 5530 4411 7853
14401 2 2 5 1 4524 7828 7875
14402 2 2 5 1 4597 5985 8004
14403 2 2 5 1 1947 7793 7883
14404 2 2 5 1 6000 5999 7873
14405 2 2 5 1 612 549 7774
14406 2 2 5 1 5672 5836 7855
14407 2 2 5 1 5985 7866 8004
14408 2 2 5 1 6231 3752 8046
14409 2 2 5 1 1643 1900 7766
14410 2 2 5 1 4716 4717 7867
14411 2 2 5 1 1890 1641 7767
14412 2 2 5 1 3762 3147 8036
14413 2 2 5 1 5225 4583 7993
14414 2 2 5 1 7295 1011 7788
14415 2 2 5 1 1011 1031 7788
14416 2 2 5 1 1009 7296 7789
14417 2 2 5 1 1029 1009 7789
14418 2 2 5 1 920 916 8014
14419 2 2 5 1 3988 4579 8031
14420 2 2 5 1 2018 7780 7870
14421 2 2 5 1 7820 1651 7872
14422 2 2 5 1 8036 6362 8060
14423 2 2 5 1 4183 5041 7939
14424 2 2 5 1 5183 5182 8098
14425 2 2 5 1 4409 5541 7859
14426 2 2 5 1 4980 5265 7856
14427 2 2 5 1 3016 3508 3510
14428 2 2 5 1 3505 3014 3507
14429 2 2 5 1 6024 8593 8596
14430 2 2 5 1 756 7440 7952
14431 2 2 5 1 1886 2018 7870
14432 2 2 5 1 1651 2322 7872
14433 2 2 5 1 8592 6025 8595
14434 2 2 5 1 4717 7864 7867
14435 2 2 5 1 3837 7838 7845
14436 2 2 5 1 547 572 7785
14437 2 2 5 1 4278 6415 8193
14438 2 2 5 1 6903 3311 7957
14439 2 2 5 1 4406 5443 7868
14440 2 2 5 1 8003 6839 8011
14441 2 2 5 1 914 2579 8014
14442 2 2 5 1 1524 1528 7869
14443 2 2 5 1 3105 3108 7876
14444 2 2 5 1 4724 5834 7880
14445 2 2 5 1 4387 7497 7850
14446 2 2 5 1 1408 1486 7852
14447 2 2 5 1 2623 2616 7881
14448 2 2 5 1 7908 6187 7990
14449 2 2 5 1 5032 5031 7884
14450 2 2 5 1 7817 4980 7856
14451 2 2 5 1 7924 5050 8015
14452 2 2 5 1 7121 2598 8005
14453 2 2 5 1 6722 4557 7980
14454 2 2 5 1 4491 7769 7850
14455 2 2 5 1 5998 4815 8028
14456 2 2 5 1 7587 3828 7833
14457 2 2 5 1 5152 5068 8059
14458 2 2 5 1 3505 3507 4016
14459 2 2 5 1 3510 3508 4015
14460 2 2 5 1 3198 7303 8058
14461 2 2 5 1 6540 6650 8096
14462 2 2 5 1 7688 3468 7893
14463 2 2 5 1 9014 5428 9049
14464 2 2 5 1 3650 4880 8080
14465 2 2 5 1 520 1323 4528
14466 2 2 5 1 4917 5340 8057
14467 2 2 5 1 4664 5121 8060
14468 2 2 5 1 5865 4254 8009
14469 2 2 5 1 7445 4074 7829
14470 2 2 5 1 7983 3913 8024
14471 2 2 5 1 4503 7414 7854
14472 2 2 5 1 1610 1810 7874
14473 2 2 5 1 4954 4524 7875
14474 2 2 5 1 2579 912 8025
14475 2 2 5 1 7158 3364 7875
14476 2 2 5 1 2114 1947 7883
14477 2 2 5 1 7750 7243 7931
14478 2 2 5 1 5301 5300 8077
14479 2 2 5 1 3721 3424 8029
14480 2 2 5 1 3824 6251 8113
14481 2 2 5 1 909 911 8025
14482 2 2 5 1 1814 1944 8005
14483 2 2 5 1 3144 6443 8233
14484 2 2 5 1 4292 5720 8001
14485 2 2 5 1 7791 4416 7928
14486 2 2 5 1 3426 3902 8029
14487 2 2 5 1 7326 6462 8122
14488 2 2 5 1 4998 7944 7972
14489 2 2 5 1 2419 7192 7877
14490 2 2 5 1 5508 7445 7829
14491 2 2 5 1 6912 551 7888
14492 2 2 5 1 7280 3851 7871
14493 2 2 5 1 7221 3467 7863
14494 2 2 5 1 2598 1812 8005
14495 2 2 5 1 7408 7096 7986
14496 2 2 5 1 1445 1447 7892
14497 2 2 5 1 704 683 7891
14498 2 2 5 1 5143 5699 8657
14499 2 2 5 1 6100 6099 8073
14500 2 2 5 1 5690 4774 8484
14501 2 2 5 1 6567 2787 8143
14502 2 2 5 1 2787 6573 8124
14503 2 2 5 1 3787 4183 8009
14504 2 2 5 1 5511 3987 8031
14505 2 2 5 1 7660 5013 7889
14506 2 2 5 1 2531 7144 8203
14507 2 2 5 1 4042 3504 7885
14508 2 2 5 1 545 2777 7731
14509 2 2 5 1 4098 2990 7896
14510 2 2 5 1 2183 2181 7895
14511 2 2 5 1 5899 1163 8943
14512 2 2 5 1 1460 1463 7890
14513 2 2 5 1 3068 6826 7901
14514 2 2 5 1 7497 4491 7850
14515 2 2 5 1 1289 6890 7884
14516 2 2 5 1 6417 6567 8166
14517 2 2 5 1 5881 5883 7916
14518 2 2 5 1 7901 4561 7939
14519 2 2 5 1 4593 5139 8084
14520 2 2 5 1 1909 2139 7947
14521 2 2 5 1 2137 1899 7948
14522 2 2 5 1 5631 8163 8866
14523 2 2 5 1 2988 4102 7899
14524 2 2 5 1 3960 3014 7857
14525 2 2 5 1 3016 3958 7858
14526 2 2 5 1 5730 773 8450
14527 2 2 5 1 4444 7741 7964
14528 2 2 5 1 7872 3154 8040
14529 2 2 5 1 8203 7144 8923
14530 2 2 5 1 1935 2122 7879
14531 2 2 5 1 6667 7750 7931
14532 2 2 5 1 3825 1658 7985
14533 2 2 5 1 2864 3755 8000
14534 2 2 5 1 7443 2549 7889
14535 2 2 5 1 5897 1265 9000
14536 2 2 5 1 8139 5140 8159
14537 2 2 5 1 6916 7781 7926
14538 2 2 5 1 7435 4356 8403
14539 2 2 5 1 4559 6128 8040
14540 2 2 5 1 5021 7688 7893
14541 2 2 5 1 7686 4446 7970
14542 2 2 5 1 5262 5263 8109
14543 2 2 5 1 4601 4442 7897
14544 2 2 5 1 1457 2282 8148
14545 2 2 5 1 7792 1244 8568
14546 2 2 5 1 2623 8142 8154
14547 2 2 5 1 6135 5096 8252
14548 2 2 5 1 7827 7578 7932
14549 2 2 5 1 4909 7686 7970
14550 2 2 5 1 7842 7325 7920
14551 2 2 5 1 3016 3015 3508
14552 2 2 5 1 3013 3014 3505
14553 2 2 5 1 7625 4707 7882
14554 2 2 5 1 5944 5937 7917
14555 2 2 5 1 1462 7170 8049
14556 2 2 5 1 6959 3911 8033
14557 2 2 5 1 1246 306 8103
14558 2 2 5 1 2279 2782 8036
14559 2 2 5 1 3412 3409 7908
14560 2 2 5 1 5073 7128 8066
14561 2 2 5 1 549 3493 7774
14562 2 2 5 1 6704 6703 8098
14563 2 2 5 1 1584 1459 8148
14564 2 2 5 1 5288 5286 7911
14565 2 2 5 1 4442 3908 7902
14566 2 2 5 1 7340 3459 7894
14567 2 2 5 1 7920 3570 7959
14568 2 2 5 1 5717 5653 8706
14569 2 2 5 1 3517 4108 8093
14570 2 2 5 1 521 531 1581
14571 2 2 5 1 853 5614 8974
14572 2 2 5 1 572 710 7785
14573 2 2 5 1 5280 5282 7914
14574 2 2 5 1 5809 516 7974
14575 2 2 5 1 732 612 7774
14576 2 2 5 1 4514 6825 7937
14577 2 2 5 1 4549 6924 7909
14578 2 2 5 1 5952 4042 7898
14579 2 2 5 1 7893 4556 7967
14580 2 2 5 1 7807 2809 7940
14581 2 2 5 1 2580 1456 8049
14582 2 2 5 1 1458 1462 8049
14583 2 2 5 1 1090 1165 8131
14584 2 2 5 1 7098 760 8008
14585 2 2 5 1 6448 3805 7921
14586 2 2 5 1 3479 6602 8205
14587 2 2 5 1 5074 7803 7969
14588 2 2 5 1 5203 4005 8282
14589 2 2 5 1 2200 3015 3016
14590 2 2 5 1 3013 2198 3014
14591 2 2 5 1 2270 5983 8412
14592 2 2 5 1 7764 6046 7861
14593 2 2 5 1 2115 5701 8506
14594 2 2 5 1 6722 7980 8003
14595 2 2 5 1 3075 3721 8063
14596 2 2 5 1 86 87 3134
14597 2 2 5 1 180 181 3135
14598 2 2 5 1 7871 4548 7950
14599 2 2 5 1 6704 466 9027
14600 2 2 5 1 555 553 7905
14601 2 2 5 1 1623 6903 7910
14602 2 2 5 1 6215 2110 8069
14603 2 2 5 1 5033 5045 7894
14604 2 2 5 1 6888 3870 7913
14605 2 2 5 1 872 6762 8266
14606 2 2 5 1 6252 2533 8085
14607 2 2 5 1 7121 8005 8055
14608 2 2 5 1 6187 4554 7990
14609 2 2 5 1 5862 5324 7930
14610 2 2 5 1 5074 7969 8051
14611 2 2 5 1 3326 1051 8131
14612 2 2 5 1 710 712 7903
14613 2 2 5 1 2392 5529 8926
14614 2 2 5 1 7897 4442 7902
14615 2 2 5 1 4571 7219 7971
14616 2 2 5 1 7285 2419 7915
14617 2 2 5 1 7806 2153 7971
14618 2 2 5 1 1462 7890 8002
14619 2 2 5 1 7002 2623 8154
14620 2 2 5 1 911 907 8067
14621 2 2 5 1 1164 1092 8140
14622 2 2 5 1 7306 3430 7912
14623 2 2 5 1 2450 661 7922
14624 2 2 5 1 4618 5002 8530
14625 2 2 5 1 760 738 8008
14626 2 2 5 1 5697 2118 8525
14627 2 2 5 1 8325 7048 9015
14628 2 2 5 1 5006 3074 8063
14629 2 2 5 1 5321 5866 7936
14630 2 2 5 1 3813 7059 7972
14631 2 2 5 1 8196 3955 8206
14632 2 2 5 1 667 4789 7918
14633 2 2 5 1 2419 7877 7915
14634 2 2 5 1 3364 7436 7904
14635 2 2 5 1 7744 5555 7900
14636 2 2 5 1 4803 4777 7906
14637 2 2 5 1 1907 1909 7947
14638 2 2 5 1 1899 1897 7948
14639 2 2 5 1 7505 7575 7924
14640 2 2 5 1 3496 547 7785
14641 2 2 5 1 3533 4989 8071
14642 2 2 5 1 4424 7327 8017
14643 2 2 5 1 3796 4277 7925
14644 2 2 5 1 7561 2866 8000
14645 2 2 5 1 5423 4654 8050
14646 2 2 5 1 7926 7290 7987
14647 2 2 5 1 4582 4580 8099
14648 2 2 5 1 5001 4529 7934
14649 2 2 5 1 4042 7885 7898
14650 2 2 5 1 657 611 7929
14651 2 2 5 1 1053 3325 8140
14652 2 2 5 1 4555 6563 7935
14653 2 2 5 1 5255 5257 8114
14654 2 2 5 1 7921 5076 7965
14655 2 2 5 1 2571 6091 8330
14656 2 2 5 1 8006 5064 8032
14657 2 2 5 1 5044 5032 7951
14658 2 2 5 1 6715 1944 8078
14659 2 2 5 1 5674 5924 8234
14660 2 2 5 1 4722 6153 7945
14661 2 2 5 1 4528 1323 7807
14662 2 2 5 1 5801 4096 8071
14663 2 2 5 1 4842 7625 7882
14664 2 2 5 1 5948 5947 8146
14665 2 2 5 1 6108 7480 8205
14666 2 2 5 1 7975 6959 8033
14667 2 2 5 1 7469 2664 7917
14668 2 2 5 1 4576 6067 7954
14669 2 2 5 1 1896 1898 7942
14670 2 2 5 1 2777 536 7792
14671 2 2 5 1 1599 7290 7926
14672 2 2 5 1 6037 6036 7941
14673 2 2 5 1 7727 7967 8020
14674 2 2 5 1 7850 6340 8058
14675 2 2 5 1 7973 5039 7980
14676 2 2 5 1 4706 4420 7927
14677 2 2 5 1 4502 7836 7878
14678 2 2 5 1 2396 5712 8653
14679 2 2 5 1 2787 8124 8143
14680 2 2 5 1 6320 6319 8162
14681 2 2 5 1 4740 4795 8425
14682 2 2 5 1 4638 2793 7938
14683 2 2 5 1 3468 3539 7893
14684 2 2 5 1 6715 8078 8099
14685 2 2 5 1 5381 7085 8082
14686 2 2 5 1 8092 3753 8107
14687 2 2 5 1 7229 4514 7937
14688 2 2 5 1 736 756 7952
14689 2 2 5 1 4267 6909 8158
14690 2 2 5 1 1043 994 7933
14691 2 2 5 1 4792 4738 8424
14692 2 2 5 1 2139 7858 7947
14693 2 2 5 1 7857 2137 7948
14694 2 2 5 1 7162 4611 8602
14695 2 2 5 1 6201 8041 8125
14696 2 2 5 1 7339 8038 9004
14697 2 2 5 1 3061 7070 8112
14698 2 2 5 1 5133 7857 7948
14699 2 2 5 1 7858 5132 7947
14700 2 2 5 1 2860 3162 8121
14701 2 2 5 1 6620 6617 8120
14702 2 2 5 1 8869 7488 8881
14703 2 2 5 1 3204 3813 7944
14704 2 2 5 1 6573 8097 8124
14705 2 2 5 1 412 5717 8706
14706 2 2 5 1 6175 7430 8619
14707 2 2 5 1 1818 2581 8078
14708 2 2 5 1 5032 7884 7951
14709 2 2 5 1 531 541 7814
14710 2 2 5 1 906 903 8089
14711 2 2 5 1 6913 7888 8449
14712 2 2 5 1 4954 6917 8072
14713 2 2 5 1 5044 7951 8007
14714 2 2 5 1 4957 7744 7900
14715 2 2 5 1 5355 6172 8609
14716 2 2 5 1 3933 3871 8061
14717 2 2 5 1 1290 7504 8072
14718 2 2 5 1 2986 3753 8092
14719 2 2 5 1 6969 1170 8152
14720 2 2 5 1 5819 676 8423
14721 2 2 5 1 5084 5085 8115
14722 2 2 5 1 6235 6234 7962
14723 2 2 5 1 8015 5078 8061
14724 2 2 5 1 8033 3911 8066
14725 2 2 5 1 7987 5064 8006
14726 2 2 5 1 6029 7229 7937
14727 2 2 5 1 3796 7925 7973
14728 2 2 5 1 3888 7452 7907
14729 2 2 5 1 5203 8282 8288
14730 2 2 5 1 6825 6824 7949
14731 2 2 5 1 1170 6555 8186
14732 2 2 5 1 4493 5053 8085
14733 2 2 5 1 4387 7850 8058
14734 2 2 5 1 7480 3479 8205
14735 2 2 5 1 136 1319 8105
14736 2 2 5 1 6890 2372 7951
14737 2 2 5 1 1944 1816 8078
14738 2 2 5 1 4815 5814 8028
14739 2 2 5 1 7325 3477 7920
14740 2 2 5 1 7727 2154 7967
14741 2 2 5 1 7243 2651 7931
14742 2 2 5 1 6557 1169 8189
14743 2 2 5 1 5052 8069 8156
14744 2 2 5 1 5021 7893 7967
14745 2 2 5 1 3720 4613 8081
14746 2 2 5 1 7884 6890 7951
14747 2 2 5 1 7456 6166 8218
14748 2 2 5 1 4517 7921 7965
14749 2 2 5 1 5071 4689 8091
14750 2 2 5 1 4551 4552 7956
14751 2 2 5 1 6331 6332 8178
14752 2 2 5 1 4195 4109 8136
14753 2 2 5 1 4953 4954 8072
14754 2 2 5 1 5058 7865 8027
14755 2 2 5 1 8072 6917 8104
14756 2 2 5 1 6341 2581 8119
14757 2 2 5 1 2091 2126 7953
14758 2 2 5 1 4528 7807 7940
14759 2 2 5 1 1169 6982 8155
14760 2 2 5 1 6246 6247 8260
14761 2 2 5 1 5990 2162 8161
14762 2 2 5 1 8049 7170 8084
14763 2 2 5 1 2110 1885 8069
14764 2 2 5 1 7017 4799 8234
14765 2 2 5 1 2400 5816 8439
14766 2 2 5 1 7280 7871 7950
14767 2 2 5 1 4639 4638 8184
14768 2 2 5 1 7219 7806 7971
14769 2 2 5 1 2298 7887 8416
14770 2 2 5 1 5046 6007 7957
14771 2 2 5 1 6610 6609 8120
14772 2 2 5 1 8037 6199 8128
14773 2 2 5 1 2594 7248 8159
14774 2 2 5 1 7452 5003 7907
14775 2 2 5 1 288 289 7960
14776 2 2 5 1 7575 7103 7924
14777 2 2 5 1 4639 8184 8190
14778 2 2 5 1 2967 446 7988
14779 2 2 5 1 7931 2651 7975
14780 2 2 5 1 5614 2584 8974
14781 2 2 5 1 6615 6616 8217
14782 2 2 5 1 3890 3156 7968
14783 2 2 5 1 3534 449 7955
14784 2 2 5 1 3883 7280 7950
14785 2 2 5 1 7191 6819 9114
14786 2 2 5 1 3868 7505 7924
14787 2 2 5 1 7391 5020 7959
14788 2 2 5 1 5041 7901 7939
14789 2 2 5 1 1802 1964 8129
14790 2 2 5 1 1025 1027 7966
14791 2 2 5 1 7865 704 8027
14792 2 2 5 1 5737 5247 8167
14793 2 2 5 1 6261 4753 7958
14794 2 2 5 1 5249 5331 8167
14795 2 2 5 1 2154 5021 7967
14796 2 2 5 1 6629 8934 9030
14797 2 2 5 1 3492 3796 7973
14798 2 2 5 1 527 1244 7792
14799 2 2 5 1 7578 5231 7932
14800 2 2 5 1 4522 6123 8298
14801 2 2 5 1 767 608 8144
14802 2 2 5 1 6555 2304 8209
14803 2 2 5 1 4570 7485 8037
14804 2 2 5 1 6567 8143 8166
14805 2 2 5 1 513 507 7923
14806 2 2 5 1 7479 4567 8041
14807 2 2 5 1 4567 7624 8041
14808 2 2 5 1 3558 204 8185
14809 2 2 5 1 4542 6035 7977
14810 2 2 5 1 4567 4444 7964
14811 2 2 5 1 3532 3502 7965
14812 2 2 5 1 2763 7073 8202
14813 2 2 5 1 4533 4998 7972
14814 2 2 5 1 3480 7456 8218
14815 2 2 5 1 5709 5710 8290
14816 2 2 5 1 7951 2372 8007
14817 2 2 5 1 7474 7242 7928
14818 2 2 5 1 5592 4286 7976
14819 2 2 5 1 205 495 8185
14820 2 2 5 1 541 3496 7814
14821 2 2 5 1 5039 3490 7980
14822 2 2 5 1 6805 7892 8111
14823 2 2 5 1 5421 7779 7991
14824 2 2 5 1 4641 4639 8190
14825 2 2 5 1 7613 2110 7982
14826 2 2 5 1 1421 1418 7961
14827 2 2 5 1 4638 8165 8184
14828 2 2 5 1 5830 5829 8505
14829 2 2 5 1 3933 8061 8095
14830 2 2 5 1 5890 7814 8473
14831 2 2 5 1 6884 6887 8091
14832 2 2 5 1 5076 5077 8086
14833 2 2 5 1 8186 6555 8209
14834 2 2 5 1 4566 6722 8011
14835 2 2 5 1 5009 7863 7969
14836 2 2 5 1 4223 3770 7981
14837 2 2 5 1 5770 5769 8087
14838 2 2 5 1 7799 4850 8513
14839 2 2 5 1 5777 5778 8088
14840 2 2 5 1 5903 5654 8617
14841 2 2 5 1 7950 4548 7983
14842 2 2 5 1 7707 4570 8037
14843 2 2 5 1 4446 4570 7970
14844 2 2 5 1 3868 7924 8015
14845 2 2 5 1 7246 6595 8371
14846 2 2 5 1 4566 8011 8019
14847 2 2 5 1 7045 6297 8002
14848 2 2 5 1 4548 3184 7983
14849 2 2 5 1 2669 2676 7989
14850 2 2 5 1 6530 3480 8218
14851 2 2 5 1 2162 2164 8161
14852 2 2 5 1 4395 7385 8101
14853 2 2 5 1 6433 4560 8010
14854 2 2 5 1 8547 5411 9013
14855 2 2 5 1 2581 1820 8119
14856 2 2 5 1 5628 481 8283
14857 2 2 5 1 2623 7881 8142
14858 2 2 5 1 6622 5268 8081
14859 2 2 5 1 7785 710 7903
14860 2 2 5 1 123 124 7992
14861 2 2 5 1 6128 7872 8040
14862 2 2 5 1 4172 3259 7994
14863 2 2 5 1 2809 7739 7940
14864 2 2 5 1 6311 4705 8111
14865 2 2 5 1 5279 4758 8194
14866 2 2 5 1 2651 7338 7975
14867 2 2 5 1 4416 7474 7928
14868 2 2 5 1 3753 5171 8107
14869 2 2 5 1 810 6875 8150
14870 2 2 5 1 5082 4931 8142
14871 2 2 5 1 7023 4573 8192
14872 2 2 5 1 7210 7613 7982
14873 2 2 5 1 4571 7971 8065
14874 2 2 5 1 4824 5906 7996
14875 2 2 5 1 7545 4804 7963
14876 2 2 5 1 6536 8048 9032
14877 2 2 5 1 6450 1307 8195
14878 2 2 5 1 743 5954 8357
14879 2 2 5 1 7488 860 8881
14880 2 2 5 1 5073 8066 8092
14881 2 2 5 1 7775 4292 8001
14882 2 2 5 1 8101 5139 8139
14883 2 2 5 1 4583 4585 7993
14884 2 2 5 1 5459 4022 7990
14885 2 2 5 1 4552 7949 7956
14886 2 2 5 1 4537 5072 8149
14887 2 2 5 1 4179 5591 8138
14888 2 2 5 1 7633 2246 7963
14889 2 2 5 1 3947 3529 8032
14890 2 2 5 1 4660 4641 7995
14891 2 2 5 1 4078 4824 7998
14892 2 2 5 1 55 2242 8127
14893 2 2 5 1 1658 2533 7985
14894 2 2 5 1 6217 7210 7982
14895 2 2 5 1 5450 4847 7997
14896 2 2 5 1 7980 3490 8003
14897 2 2 5 1 4760 5285 8203
14898 2 2 5 1 4671 7443 8135
14899 2 2 5 1 7553 5072 8144
14900 2 2 5 1 1349 6923 8137
14901 2 2 5 1 7852 1963 8530
14902 2 2 5 1 4574 5622 8074
14903 2 2 5 1 7125 5674 8234
14904 2 2 5 1 606 7553 8144
14905 2 2 5 1 2091 7953 8013
14906 2 2 5 1 8065 4574 8074
14907 2 2 5 1 7290 4386 7987
14908 2 2 5 1 443 442 8169
14909 2 2 5 1 2998 338 8172
14910 2 2 5 1 5821 4171 8207
14911 2 2 5 1 507 45 5396
14912 2 2 5 1 5613 3773 8198
14913 2 2 5 1 6453 1282 9048
14914 2 2 5 1 4512 7408 7986
14915 2 2 5 1 88 1568 7726
14916 2 2 5 1 1567 179 7824
14917 2 2 5 1 3490 6972 8003
14918 2 2 5 1 4899 6911 8062
14919 2 2 5 1 7963 4804 8077
14920 2 2 5 1 5020 7920 7959
14921 2 2 5 1 4824 7996 7998
14922 2 2 5 1 2866 2864 8000
14923 2 2 5 1 3729 5142 8108
14924 2 2 5 1 6557 8189 8221
14925 2 2 5 1 8107 5171 8117
14926 2 2 5 1 4598 6705 8213
14927 2 2 5 1 7890 7045 8002
14928 2 2 5 1 4550 5988 8004
14929 2 2 5 1 2306 6557 8221
14930 2 2 5 1 3497 4977 8006
14931 2 2 5 1 5087 4590 8177
14932 2 2 5 1 4262 4264 8188
14933 2 2 5 1 339 784 8172
14934 2 2 5 1 3319 4618 8168
14935 2 2 5 1 4498 8020 8043
14936 2 2 5 1 2153 7754 7971
14937 2 2 5 1 5603 3197 9119
14938 2 2 5 1 4607 3909 8165
14939 2 2 5 1 410 3561 8228
14940 2 2 5 1 738 1554 8008
14941 2 2 5 1 6244 6245 8260
14942 2 2 5 1 6332 3299 8225
14943 2 2 5 1 2246 7545 7963
14944 2 2 5 1 7967 4556 8020
14945 2 2 5 1 4562 4566 8019
14946 2 2 5 1 2068 2091 8013
14947 2 2 5 1 4767 3933 8095
14948 2 2 5 1 6111 6195 8833
14949 2 2 5 1 5649 5899 8943
14950 2 2 5 1 916 914 8014
14951 2 2 5 1 496 409 8228
14952 2 2 5 1 1812 1814 8005
14953 2 2 5 1 6568 5709 8290
14954 2 2 5 1 1581 531 7814
14955 2 2 5 1 1421 7961 8047
14956 2 2 5 1 2299 866 8223
14957 2 2 5 1 5059 3571 8141
14958 2 2 5 1 117 118 8022
14959 2 2 5 1 4609 4806 8021
14960 2 2 5 1 4546 7916 7984
14961 2 2 5 1 5051 7983 8024
14962 2 2 5 1 5822 4775 8394
14963 2 2 5 1 4254 3787 8009
14964 2 2 5 1 3569 4174 8141
14965 2 2 5 1 1499 717 8023
14966 2 2 5 1 2113 6631 8468
14967 2 2 5 1 868 872 8223
14968 2 2 5 1 5072 7553 8149
14969 2 2 5 1 7637 8075 8102
14970 2 2 5 1 6571 5716 8393
14971 2 2 5 1 3508 3509 8132
14972 2 2 5 1 7902 4842 8233
14973 2 2 5 1 8019 1499 8023
14974 2 2 5 1 6823 6800 8626
14975 2 2 5 1 5063 7975 8033
14976 2 2 5 1 5931 5178 8483
14977 2 2 5 1 2533 7372 8085
14978 2 2 5 1 4932 5082 8102
14979 2 2 5 1 1283 6438 9052
14980 2 2 5 1 6689 6690 8094
14981 2 2 5 1 3071 5794 8381
14982 2 2 5 1 2372 6905 8007
14983 2 2 5 1 6105 6096 8026
14984 2 2 5 1 493 6605 8217
14985 2 2 5 1 8425 4795 8464
14986 2 2 5 1 7803 5009 7969
14987 2 2 5 1 4610 4802 8211
14988 2 2 5 1 3198 8058 8097
14989 2 2 5 1 1455 1453 8226
14990 2 2 5 1 3947 8032 8057
14991 2 2 5 1 8526 6116 8763
14992 2 2 5 1 7650 7722 8012
14993 2 2 5 1 6527 6526 8038
14994 2 2 5 1 6199 5128 8128
14995 2 2 5 1 8030 301 8427
14996 2 2 5 1 7888 4742 8449
14997 2 2 5 1 4792 8424 8463
14998 2 2 5 1 3300 3305 8225
14999 2 2 5 1 753 810 8150
15000 2 2 5 1 5908 4825 8213
15001 2 2 5 1 6228 5114 8290
15002 2 2 5 1 7377 1091 8110
15003 2 2 5 1 6658 2534 8034
15004 2 2 5 1 912 909 8025
15005 2 2 5 1 7327 3139 8017
15006 2 2 5 1 5996 8603 8702
15007 2 2 5 1 5014 6320 8135
15008 2 2 5 1 5816 2400 8445
15009 2 2 5 1 85 86 7822
15010 2 2 5 1 181 182 7823
15011 2 2 5 1 4662 2007 8200
15012 2 2 5 1 2392 300 8030
15013 2 2 5 1 8007 4266 8070
15014 2 2 5 1 8601 5993 8697
15015 2 2 5 1 6925 4563 8027
15016 2 2 5 1 4663 4723 8195
15017 2 2 5 1 3500 7594 8012
15018 2 2 5 1 5491 5487 8652
15019 2 2 5 1 3987 3988 8031
15020 2 2 5 1 5954 3534 8328
15021 2 2 5 1 2445 6919 8482
15022 2 2 5 1 4556 4595 8020
15023 2 2 5 1 3424 3426 8029
15024 2 2 5 1 1296 1349 8137
15025 2 2 5 1 6974 8051 8059
15026 2 2 5 1 1093 7326 8122
15027 2 2 5 1 3869 3868 8015
15028 2 2 5 1 6181 4608 8035
15029 2 2 5 1 5129 6201 8125
15030 2 2 5 1 6722 8003 8011
15031 2 2 5 1 5707 4936 8307
15032 2 2 5 1 4938 5706 8308
15033 2 2 5 1 5002 7852 8530
15034 2 2 5 1 6095 6098 8042
15035 2 2 5 1 7705 7391 8064
15036 2 2 5 1 1263 5726 8812
15037 2 2 5 1 6974 5074 8051
15038 2 2 5 1 6641 6643 8442
15039 2 2 5 1 5174 5173 8206
15040 2 2 5 1 7294 4600 8181
15041 2 2 5 1 6301 3039 8039
15042 2 2 5 1 8102 5082 8112
15043 2 2 5 1 5062 5063 8033
15044 2 2 5 1 7779 4569 7991
15045 2 2 5 1 7494 3501 8018
15046 2 2 5 1 1205 6026 8334
15047 2 2 5 1 676 5819 8448
15048 2 2 5 1 5764 2019 8552
15049 2 2 5 1 5064 6992 8032
15050 2 2 5 1 6091 6090 8330
15051 2 2 5 1 7391 3904 8064
15052 2 2 5 1 4498 7727 8020
15053 2 2 5 1 5479 4767 8153
15054 2 2 5 1 1091 1052 8110
15055 2 2 5 1 8020 4595 8043
15056 2 2 5 1 128 129 8219
15057 2 2 5 1 7722 3500 8012
15058 2 2 5 1 6789 4666 8044
15059 2 2 5 1 4615 5676 8164
15060 2 2 5 1 6650 2306 8253
15061 2 2 5 1 4171 3257 8243
15062 2 2 5 1 7917 2664 8116
15063 2 2 5 1 3147 2279 8036
15064 2 2 5 1 1856 1686 8235
15065 2 2 5 1 6535 4708 8048
15066 2 2 5 1 5428 6237 9049
15067 2 2 5 1 5822 677 8456
15068 2 2 5 1 8105 6704 9027
15069 2 2 5 1 5679 4623 8171
15070 2 2 5 1 4403 7606 8255
15071 2 2 5 1 7605 4402 8256
15072 2 2 5 1 1054 1093 8122
15073 2 2 5 1 8018 4565 8157
15074 2 2 5 1 7892 6311 8111
15075 2 2 5 1 6288 2313 8053
15076 2 2 5 1 7971 7754 8065
15077 2 2 5 1 2304 6648 8248
15078 2 2 5 1 6720 2374 8277
15079 2 2 5 1 7489 4466 8133
15080 2 2 5 1 1244 513 7923
15081 2 2 5 1 7485 3082 8037
15082 2 2 5 1 6484 6485 8259
15083 2 2 5 1 5531 5423 8045
15084 2 2 5 1 3081 7479 8041
15085 2 2 5 1 7015 7016 8422
15086 2 2 5 1 6503 1254 8898
15087 2 2 5 1 7965 5076 8086
15088 2 2 5 1 8111 4705 8160
15089 2 2 5 1 7654 4565 8018
15090 2 2 5 1 8209 2304 8248
15091 2 2 5 1 4705 4659 8160
15092 2 2 5 1 5066 5660 8726
15093 2 2 5 1 1528 7801 8075
15094 2 2 5 1 8041 7624 8125
15095 2 2 5 1 3843 3315 8251
15096 2 2 5 1 4056 3168 8216
15097 2 2 5 1 8051 3907 8059
15098 2 2 5 1 7717 5051 8024
15099 2 2 5 1 4638 7938 8165
15100 2 2 5 1 1456 1458 8049
15101 2 2 5 1 6226 6394 8397
15102 2 2 5 1 5944 7917 8116
15103 2 2 5 1 7475 1395 8227
15104 2 2 5 1 4763 5849 8407
15105 2 2 5 1 4564 7650 8012
15106 2 2 5 1 6378 5685 8375
15107 2 2 5 1 6550 3783 8054
15108 2 2 5 1 2661 2663 8046
15109 2 2 5 1 3532 7965 8086
15110 2 2 5 1 1306 5800 9046
15111 2 2 5 1 5231 5712 8212
15112 2 2 5 1 4654 4655 8050
15113 2 2 5 1 8207 4171 8243
15114 2 2 5 1 7598 4498 8043
15115 2 2 5 1 5717 412 8940
15116 2 2 5 1 3154 4905 8040
15117 2 2 5 1 5052 8156 8269
15118 2 2 5 1 5849 3493 8344
15119 2 2 5 1 4262 8188 8713
15120 2 2 5 1 5335 6211 9081
15121 2 2 5 1 7881 5082 8142
15122 2 2 5 1 3906 3907 8051
15123 2 2 5 1 4809 5618 8330
15124 2 2 5 1 1488 1421 8047
15125 2 2 5 1 5666 5065 8724
15126 2 2 5 1 5718 4222 8210
15127 2 2 5 1 8032 6992 8057
15128 2 2 5 1 6501 6503 8898
15129 2 2 5 1 1569 4325 8276
15130 2 2 5 1 8476 5425 8997
15131 2 2 5 1 3134 87 7726
15132 2 2 5 1 180 3135 7824
15133 2 2 5 1 6183 6184 8322
15134 2 2 5 1 6953 2449 8758
15135 2 2 5 1 5140 7256 8196
15136 2 2 5 1 6935 964 8180
15137 2 2 5 1 6939 4438 9034
15138 2 2 5 1 3534 8242 8328
15139 2 2 5 1 6211 3162 9081
15140 2 2 5 1 2013 1905 8182
15141 2 2 5 1 1895 2012 8183
15142 2 2 5 1 4595 5330 8043
15143 2 2 5 1 6684 6685 8280
15144 2 2 5 1 857 859 8056
15145 2 2 5 1 5062 8033 8066
15146 2 2 5 1 6362 4664 8060
15147 2 2 5 1 6738 4721 8280
15148 2 2 5 1 4150 5615 8222
15149 2 2 5 1 4461 1364 8334
15150 2 2 5 1 6298 2019 8366
15151 2 2 5 1 3782 4670 8210
15152 2 2 5 1 6271 6270 8331
15153 2 2 5 1 5978 5976 8423
15154 2 2 5 1 1169 8155 8189
15155 2 2 5 1 4513 7356 8147
15156 2 2 5 1 5097 7340 8174
15157 2 2 5 1 6377 2397 8297
15158 2 2 5 1 6992 4917 8057
15159 2 2 5 1 7561 8000 8207
15160 2 2 5 1 5983 5984 8364
15161 2 2 5 1 5951 6091 8394
15162 2 2 5 1 7607 4513 8147
15163 2 2 5 1 3955 3121 8230
15164 2 2 5 1 2306 8221 8253
15165 2 2 5 1 7770 2269 8130
15166 2 2 5 1 7934 4672 8156
15167 2 2 5 1 3506 3505 8197
15168 2 2 5 1 7707 8037 8128
15169 2 2 5 1 2285 6489 8298
15170 2 2 5 1 7146 6930 9056
15171 2 2 5 1 1573 1570 8276
15172 2 2 5 1 5567 4857 8173
15173 2 2 5 1 526 6634 8633
15174 2 2 5 1 3869 8015 8061
15175 2 2 5 1 4977 7987 8006
15176 2 2 5 1 5708 4730 8322
15177 2 2 5 1 5639 4754 8332
15178 2 2 5 1 4855 5580 8173
15179 2 2 5 1 8152 1170 8186
15180 2 2 5 1 3074 3075 8063
15181 2 2 5 1 1596 523 7946
15182 2 2 5 1 4751 5495 8204
15183 2 2 5 1 4577 7121 8055
15184 2 2 5 1 5068 6974 8059
15185 2 2 5 1 907 906 8067
15186 2 2 5 1 2369 1330 8264
15187 2 2 5 1 5048 4715 8263
15188 2 2 5 1 7020 8906 9010
15189 2 2 5 1 7723 7654 8018
15190 2 2 5 1 7303 4387 8058
15191 2 2 5 1 155 472 8258
15192 2 2 5 1 5771 8387 9028
15193 2 2 5 1 8386 5779 9029
15194 2 2 5 1 5852 5851 8349
15195 2 2 5 1 4279 4596 8281
15196 2 2 5 1 5434 5481 8199
15197 2 2 5 1 5447 7555 8175
15198 2 2 5 1 7887 5163 8416
15199 2 2 5 1 8340 5134 8358
15200 2 2 5 1 5346 5388 8052
15201 2 2 5 1 7494 8018 8157
15202 2 2 5 1 5716 5713 8377
15203 2 2 5 1 314 315 8068
15204 2 2 5 1 7128 5062 8066
15205 2 2 5 1 8128 5128 8155
15206 2 2 5 1 5620 4813 8326
15207 2 2 5 1 1332 1344 8264
15208 2 2 5 1 8602 4611 8716
15209 2 2 5 1 5739 8735 8811
15210 2 2 5 1 672 6289 8265
15211 2 2 5 1 6099 6102 8073
15212 2 2 5 1 2921 154 8258
15213 2 2 5 1 472 6451 8956
15214 2 2 5 1 5988 767 8123
15215 2 2 5 1 4011 6186 8982
15216 2 2 5 1 471 112 8271
15217 2 2 5 1 8235 1686 8980
15218 2 2 5 1 4735 5680 8331
15219 2 2 5 1 6371 4057 8720
15220 2 2 5 1 3866 4313 8245
15221 2 2 5 1 4096 3533 8071
15222 2 2 5 1 3461 7689 8126
15223 2 2 5 1 7690 4899 8062
15224 2 2 5 1 902 7656 8089
15225 2 2 5 1 7318 5281 8284
15226 2 2 5 1 2835 7048 8325
15227 2 2 5 1 3871 3869 8061
15228 2 2 5 1 5269 6182 8369
15229 2 2 5 1 7363 3461 8126
15230 2 2 5 1 5049 4455 8300
15231 2 2 5 1 5129 8125 8152
15232 2 2 5 1 113 2922 8271
15233 2 2 5 1 6379 674 8274
15234 2 2 5 1 6691 6689 8094
15235 2 2 5 1 5949 5948 8146
15236 2 2 5 1 5045 5044 8070
15237 2 2 5 1 1885 2096 8069
15238 2 2 5 1 5892 470 8483
15239 2 2 5 1 4802 6496 8896
15240 2 2 5 1 8017 3139 8109
15241 2 2 5 1 2648 7488 8869
15242 2 2 5 1 6685 4728 8315
15243 2 2 5 1 6178 6177 8076
15244 2 2 5 1 571 83 8106
15245 2 2 5 1 4662 8200 8222
15246 2 2 5 1 6703 5183 8098
15247 2 2 5 1 3501 7723 8018
15248 2 2 5 1 2584 5614 9009
15249 2 2 5 1 6176 5270 8374
15250 2 2 5 1 287 500 8324
15251 2 2 5 1 8567 6845 8618
15252 2 2 5 1 7262 5049 8300
15253 2 2 5 1 2992 3650 8080
15254 2 2 5 1 4160 4571 8074
15255 2 2 5 1 7938 4607 8165
15256 2 2 5 1 7801 4949 8075
15257 2 2 5 1 4564 8012 8145
15258 2 2 5 1 7586 4599 8449
15259 2 2 5 1 8048 501 9032
15260 2 2 5 1 6443 7902 8233
15261 2 2 5 1 6225 6224 8397
15262 2 2 5 1 6345 6420 8515
15263 2 2 5 1 8743 7527 8832
15264 2 2 5 1 6359 6082 8083
15265 2 2 5 1 5096 6135 8305
15266 2 2 5 1 7815 147 8353
15267 2 2 5 1 1496 5681 8822
15268 2 2 5 1 6091 2571 8373
15269 2 2 5 1 264 265 8215
15270 2 2 5 1 6489 4695 8278
15271 2 2 5 1 3823 3824 8335
15272 2 2 5 1 6397 6396 8365
15273 2 2 5 1 3661 4750 8232
15274 2 2 5 1 83 82 8106
15275 2 2 5 1 7504 4953 8072
15276 2 2 5 1 4693 5316 8325
15277 2 2 5 1 4449 4452 8296
15278 2 2 5 1 8061 5078 8095
15279 2 2 5 1 3684 7742 8239
15280 2 2 5 1 5230 6688 8958
15281 2 2 5 1 4778 6946 8384
15282 2 2 5 1 4660 6931 8435
15283 2 2 5 1 4241 6225 8414
15284 2 2 5 1 5363 4733 8283
15285 2 2 5 1 1816 1818 8078
15286 2 2 5 1 5159 7189 8872
15287 2 2 5 1 281 282 8314
15288 2 2 5 1 6643 3678 8830
15289 2 2 5 1 3934 3656 8246
15290 2 2 5 1 5043 8064 8079
15291 2 2 5 1 4452 7262 8296
15292 2 2 5 1 593 672 8265
15293 2 2 5 1 6541 3326 8090
15294 2 2 5 1 5043 7705 8064
15295 2 2 5 1 4047 3720 8081
15296 2 2 5 1 5287 7320 8293
15297 2 2 5 1 2931 5737 8639
15298 2 2 5 1 7085 4990 8082
15299 2 2 5 1 4856 7645 8108
15300 2 2 5 1 6668 5259 8431
15301 2 2 5 1 5481 4746 8249
15302 2 2 5 1 5760 6669 9066
15303 2 2 5 1 976 2582 8306
15304 2 2 5 1 6407 4452 8784
15305 2 2 5 1 4625 5292 8261
15306 2 2 5 1 5053 5043 8079
15307 2 2 5 1 1854 1853 8299
15308 2 2 5 1 6427 6432 8469
15309 2 2 5 1 8012 7594 8145
15310 2 2 5 1 2530 164 8284
15311 2 2 5 1 6322 6323 8370
15312 2 2 5 1 674 633 8274
15313 2 2 5 1 4955 7366 8238
15314 2 2 5 1 7637 1528 8075
15315 2 2 5 1 6690 8017 8109
15316 2 2 5 1 3229 3227 8279
15317 2 2 5 1 5403 4627 8261
15318 2 2 5 1 5669 3573 9101
15319 2 2 5 1 4804 5348 8077
15320 2 2 5 1 1247 6691 8094
15321 2 2 5 1 2063 3948 8299
15322 2 2 5 1 2570 5978 8408
15323 2 2 5 1 3146 3763 8302
15324 2 2 5 1 5820 6155 8485
15325 2 2 5 1 903 902 8089
15326 2 2 5 1 4053 5916 8278
15327 2 2 5 1 8387 5706 9028
15328 2 2 5 1 5707 8386 9029
15329 2 2 5 1 103 2531 8293
15330 2 2 5 1 8084 5139 8101
15331 2 2 5 1 8192 5289 8963
15332 2 2 5 1 4755 6271 8365
15333 2 2 5 1 4518 6364 8416
15334 2 2 5 1 2259 2258 8302
15335 2 2 5 1 6145 5823 8497
15336 2 2 5 1 4614 4680 8301
15337 2 2 5 1 7622 1287 8100
15338 2 2 5 1 4108 5327 8093
15339 2 2 5 1 4989 3532 8086
15340 2 2 5 1 4695 3878 8278
15341 2 2 5 1 5083 4719 8375
15342 2 2 5 1 165 7318 8284
15343 2 2 5 1 7170 4593 8084
15344 2 2 5 1 3325 6540 8096
15345 2 2 5 1 6102 6103 8441
15346 2 2 5 1 5137 3746 8340
15347 2 2 5 1 5489 7363 8126
15348 2 2 5 1 2570 589 8286
15349 2 2 5 1 6585 2774 8356
15350 2 2 5 1 5457 5138 8336
15351 2 2 5 1 5222 6749 8542
15352 2 2 5 1 6392 6393 8380
15353 2 2 5 1 6323 6324 8398
15354 2 2 5 1 3654 3934 8273
15355 2 2 5 1 4681 4622 8309
15356 2 2 5 1 5073 8092 8107
15357 2 2 5 1 8066 3911 8092
15358 2 2 5 1 7754 4469 8065
15359 2 2 5 1 8285 4766 8769
15360 2 2 5 1 4689 6884 8091
15361 2 2 5 1 8079 5215 8220
15362 2 2 5 1 6818 7124 9114
15363 2 2 5 1 518 5806 7946
15364 2 2 5 1 6432 2394 8470
15365 2 2 5 1 3911 2986 8092
15366 2 2 5 1 4767 8095 8153
15367 2 2 5 1 7582 3652 8273
15368 2 2 5 1 5086 5688 8369
15369 2 2 5 1 521 1581 7974
15370 2 2 5 1 629 2571 8295
15371 2 2 5 1 3573 5669 9094
15372 2 2 5 1 7320 102 8293
15373 2 2 5 1 6919 761 8350
15374 2 2 5 1 7204 7710 8275
15375 2 2 5 1 1622 559 8294
15376 2 2 5 1 2977 7454 8291
15377 2 2 5 1 6340 4966 8097
15378 2 2 5 1 5908 8 8663
15379 2 2 5 1 5832 5833 8505
15380 2 2 5 1 2241 2239 8337
15381 2 2 5 1 8160 4659 8200
15382 2 2 5 1 5739 5233 8735
15383 2 2 5 1 4064 5096 8305
15384 2 2 5 1 4745 3932 8285
15385 2 2 5 1 5694 5089 8374
15386 2 2 5 1 6188 4009 8984
15387 2 2 5 1 7372 4493 8085
15388 2 2 5 1 4756 5643 8349
15389 2 2 5 1 49 48 8118
15390 2 2 5 1 8058 6340 8097
15391 2 2 5 1 3341 2369 8359
15392 2 2 5 1 5088 5087 8100
15393 2 2 5 1 5528 8030 8427
15394 2 2 5 1 4580 6715 8099
15395 2 2 5 1 7546 7478 8231
15396 2 2 5 1 1032 974 8306
15397 2 2 5 1 4436 4438 8391
15398 2 2 5 1 7010 1255 8281
15399 2 2 5 1 5947 5944 8116
15400 2 2 5 1 818 1264 8421
15401 2 2 5 1 3740 2241 8358
15402 2 2 5 1 1609 6571 8393
15403 2 2 5 1 135 136 8105
15404 2 2 5 1 3931 4766 8285
15405 2 2 5 1 557 3476 8294
15406 2 2 5 1 1293 1205 8334
15407 2 2 5 1 2582 978 8355
15408 2 2 5 1 8415 6012 8546
15409 2 2 5 1 8045 5423 8507
15410 2 2 5 1 5044 8007 8070
15411 2 2 5 1 8172 784 8793
15412 2 2 5 1 7742 6121 8239
15413 2 2 5 1 148 2835 8353
15414 2 2 5 1 3760 4540 8318
15415 2 2 5 1 8495 3935 8694
15416 2 2 5 1 7882 4707 8282
15417 2 2 5 1 5078 5079 8095
15418 2 2 5 1 1265 5897 9003
15419 2 2 5 1 523 518 7946
15420 2 2 5 1 1282 159 8351
15421 2 2 5 1 8409 5795 8532
15422 2 2 5 1 1907 7947 8182
15423 2 2 5 1 7948 1897 8183
15424 2 2 5 1 7385 2580 8101
15425 2 2 5 1 306 307 8103
15426 2 2 5 1 6897 1290 8104
15427 2 2 5 1 6149 6150 8500
15428 2 2 5 1 6546 5134 8340
15429 2 2 5 1 5810 1266 8802
15430 2 2 5 1 4080 3193 8414
15431 2 2 5 1 4592 5073 8107
15432 2 2 5 1 8219 129 8971
15433 2 2 5 1 7710 7193 8321
15434 2 2 5 1 8183 2012 8268
15435 2 2 5 1 2013 8182 8267
15436 2 2 5 1 3515 6546 8340
15437 2 2 5 1 2289 816 8421
15438 2 2 5 1 5172 5747 8324
15439 2 2 5 1 108 1283 8360
15440 2 2 5 1 4571 8065 8074
15441 2 2 5 1 5318 7815 8353
15442 2 2 5 1 323 324 8383
15443 2 2 5 1 1725 1774 8346
15444 2 2 5 1 5257 5332 8114
15445 2 2 5 1 5030 8102 8112
15446 2 2 5 1 6251 6252 8113
15447 2 2 5 1 5669 4079 9094
15448 2 2 5 1 4738 4013 8404
15449 2 2 5 1 4014 4740 8405
15450 2 2 5 1 980 1143 8355
15451 2 2 5 1 6917 5147 8104
15452 2 2 5 1 1236 6934 8384
15453 2 2 5 1 6946 6945 8384
15454 2 2 5 1 126 127 8379
15455 2 2 5 1 7223 6619 8945
15456 2 2 5 1 4005 7882 8282
15457 2 2 5 1 507 5396 7923
15458 2 2 5 1 5759 5758 9099
15459 2 2 5 1 5085 6508 8115
15460 2 2 5 1 8402 6102 8441
15461 2 2 5 1 5612 5152 8747
15462 2 2 5 1 3941 3942 8354
15463 2 2 5 1 3208 7400 8296
15464 2 2 5 1 7070 5030 8112
15465 2 2 5 1 2912 3003 8327
15466 2 2 5 1 6571 2075 8454
15467 2 2 5 1 8097 4966 8124
15468 2 2 5 1 3194 2914 8327
15469 2 2 5 1 4592 8107 8117
15470 2 2 5 1 5448 4921 8670
15471 2 2 5 1 6799 6796 8323
15472 2 2 5 1 8644 6774 9096
15473 2 2 5 1 1783 1721 8367
15474 2 2 5 1 6617 6610 8120
15475 2 2 5 1 561 1622 8348
15476 2 2 5 1 3143 4004 8388
15477 2 2 5 1 3005 2884 8333
15478 2 2 5 1 4597 8004 8123
15479 2 2 5 1 5147 5146 8134
15480 2 2 5 1 2886 3195 8333
15481 2 2 5 1 56 55 8127
15482 2 2 5 1 7402 3208 8300
15483 2 2 5 1 516 521 7974
15484 2 2 5 1 5259 6668 8436
15485 2 2 5 1 6033 6034 8759
15486 2 2 5 1 5030 7637 8102
15487 2 2 5 1 5569 5571 8459
15488 2 2 5 1 302 490 8427
15489 2 2 5 1 1279 1438 8393
15490 2 2 5 1 1245 225 8431
15491 2 2 5 1 5715 3255 8814
15492 2 2 5 1 975 973 8401
15493 2 2 5 1 4573 2860 8121
15494 2 2 5 1 8000 5821 8207
15495 2 2 5 1 5283 8118 8801
15496 2 2 5 1 4773 5819 8423
15497 2 2 5 1 226 6668 8431
15498 2 2 5 1 3534 7955 8242
15499 2 2 5 1 2077 3255 8454
15500 2 2 5 1 569 565 8372
15501 2 2 5 1 86 3134 7822
15502 2 2 5 1 3135 181 7823
15503 2 2 5 1 1052 3028 8110
15504 2 2 5 1 1820 1854 8119
15505 2 2 5 1 1051 1090 8131
15506 2 2 5 1 5040 4592 8117
15507 2 2 5 1 4966 4602 8124
15508 2 2 5 1 3079 7791 8466
15509 2 2 5 1 5160 5701 8485
15510 2 2 5 1 7813 5342 9058
15511 2 2 5 1 529 228 8439
15512 2 2 5 1 7645 3729 8108
15513 2 2 5 1 1143 1020 8376
15514 2 2 5 1 229 2400 8439
15515 2 2 5 1 2664 7481 8116
15516 2 2 5 1 5045 7475 8174
15517 2 2 5 1 5417 5578 8458
15518 2 2 5 1 5302 4796 8352
15519 2 2 5 1 5840 5567 8226
15520 2 2 5 1 3478 6805 8111
15521 2 2 5 1 32 1288 8382
15522 2 2 5 1 2400 230 8443
15523 2 2 5 1 4784 3724 8479
15524 2 2 5 1 231 773 8443
15525 2 2 5 1 4867 5168 8460
15526 2 2 5 1 773 232 8447
15527 2 2 5 1 5697 5164 8497
15528 2 2 5 1 5954 8328 8357
15529 2 2 5 1 233 2403 8447
15530 2 2 5 1 2403 234 8446
15531 2 2 5 1 235 1247 8446
15532 2 2 5 1 2571 627 8373
15533 2 2 5 1 6897 8104 8134
15534 2 2 5 1 7365 7399 8345
15535 2 2 5 1 1196 1279 8377
15536 2 2 5 1 8370 6323 8378
15537 2 2 5 1 457 456 8429
15538 2 2 5 1 1092 1053 8140
15539 2 2 5 1 5847 3695 8548
15540 2 2 5 1 8104 5147 8134
15541 2 2 5 1 5336 5897 9000
15542 2 2 5 1 488 367 8241
15543 2 2 5 1 4109 5461 8136
15544 2 2 5 1 3027 1054 8122
15545 2 2 5 1 7248 4395 8139
15546 2 2 5 1 1066 7438 8376
15547 2 2 5 1 222 223 8434
15548 2 2 5 1 5737 2931 8929
15549 2 2 5 1 5229 4836 8467
15550 2 2 5 1 5835 2448 8667
15551 2 2 5 1 7977 3519 8236
15552 2 2 5 1 7226 4867 8460
15553 2 2 5 1 6818 6816 8455
15554 2 2 5 1 625 677 8373
15555 2 2 5 1 5595 8880 8970
15556 2 2 5 1 8134 5146 8158
15557 2 2 5 1 8495 5224 8861
15558 2 2 5 1 6150 1013 8512
15559 2 2 5 1 4356 3566 8378
15560 2 2 5 1 8124 4602 8143
15561 2 2 5 1 6115 6116 8512
15562 2 2 5 1 1971 1802 8129
15563 2 2 5 1 2375 6897 8134
15564 2 2 5 1 6595 6597 8371
15565 2 2 5 1 6171 6172 8537
15566 2 2 5 1 7889 5014 8135
15567 2 2 5 1 5232 5575 8543
15568 2 2 5 1 5328 5326 8466
15569 2 2 5 1 3207 2841 8410
15570 2 2 5 1 3151 7489 8133
15571 2 2 5 1 3478 8111 8160
15572 2 2 5 1 7533 33 8382
15573 2 2 5 1 1719 1783 8413
15574 2 2 5 1 1587 7423 8390
15575 2 2 5 1 608 606 8144
15576 2 2 5 1 6654 3913 8462
15577 2 2 5 1 1612 7853 8457
15578 2 2 5 1 8031 4579 8572
15579 2 2 5 1 535 6840 8455
15580 2 2 5 1 5182 5184 8845
15581 2 2 5 1 4931 6990 8142
15582 2 2 5 1 8304 8743 8832
15583 2 2 5 1 6265 6266 8468
15584 2 2 5 1 8222 5615 8313
15585 2 2 5 1 6944 344 8453
15586 2 2 5 1 5115 6548 8630
15587 2 2 5 1 345 1945 8453
15588 2 2 5 1 5357 8103 8684
15589 2 2 5 1 8038 6526 9004
15590 2 2 5 1 775 813 8426
15591 2 2 5 1 3919 5562 8410
15592 2 2 5 1 8194 5269 8917
15593 2 2 5 1 7788 5629 8316
15594 2 2 5 1 6258 8100 9005
15595 2 2 5 1 5551 8325 9015
15596 2 2 5 1 7947 5132 8182
15597 2 2 5 1 5133 7948 8183
15598 2 2 5 1 5163 4179 8138
15599 2 2 5 1 6662 6659 9109
15600 2 2 5 1 855 2309 8486
15601 2 2 5 1 1298 1296 8137
15602 2 2 5 1 5630 7789 8317
15603 2 2 5 1 6061 6060 8597
15604 2 2 5 1 5903 5309 9041
15605 2 2 5 1 3571 3569 8141
15606 2 2 5 1 7624 4307 8125
15607 2 2 5 1 4602 4601 8143
15608 2 2 5 1 1459 1457 8148
15609 2 2 5 1 6011 942 8486
15610 2 2 5 1 8142 6990 8154
15611 2 2 5 1 6083 1584 8444
15612 2 2 5 1 6850 4537 8149
15613 2 2 5 1 6542 5232 8556
15614 2 2 5 1 5139 5140 8139
15615 2 2 5 1 587 2570 8408
15616 2 2 5 1 6179 6180 8558
15617 2 2 5 1 6942 6935 8180
15618 2 2 5 1 3970 6041 8342
15619 2 2 5 1 5007 5236 8605
15620 2 2 5 1 7927 3843 8288
15621 2 2 5 1 2375 8134 8158
15622 2 2 5 1 5640 4080 9067
15623 2 2 5 1 6055 6056 8606
15624 2 2 5 1 2792 763 8426
15625 2 2 5 1 5208 6350 8829
15626 2 2 5 1 5595 8016 8880
15627 2 2 5 1 3824 8113 8220
15628 2 2 5 1 4368 4367 8460
15629 2 2 5 1 942 852 8486
15630 2 2 5 1 6497 6847 8574
15631 2 2 5 1 5232 8543 8556
15632 2 2 5 1 7233 7232 8409
15633 2 2 5 1 7000 6999 8254
15634 2 2 5 1 5533 5853 8208
15635 2 2 5 1 8125 4307 8152
15636 2 2 5 1 5870 3001 8417
15637 2 2 5 1 4771 6624 8553
15638 2 2 5 1 676 585 8408
15639 2 2 5 1 6833 5419 9118
15640 2 2 5 1 6266 6148 8490
15641 2 2 5 1 8056 922 9002
15642 2 2 5 1 4310 7707 8128
15643 2 2 5 1 7906 6408 8539
15644 2 2 5 1 5911 5990 8161
15645 2 2 5 1 1715 1718 8433
15646 2 2 5 1 2830 3542 8498
15647 2 2 5 1 576 574 8507
15648 2 2 5 1 2840 7604 8391
15649 2 2 5 1 5393 4196 8437
15650 2 2 5 1 5270 8203 8923
15651 2 2 5 1 687 398 8502
15652 2 2 5 1 4310 8128 8155
15653 2 2 5 1 7582 8273 8955
15654 2 2 5 1 6329 7162 8602
15655 2 2 5 1 5177 5892 8483
15656 2 2 5 1 399 6565 8502
15657 2 2 5 1 6147 6146 8500
15658 2 2 5 1 1281 753 8150
15659 2 2 5 1 8162 3117 8178
15660 2 2 5 1 5259 4782 8428
15661 2 2 5 1 1830 1711 8451
15662 2 2 5 1 6850 8149 8179
15663 2 2 5 1 6999 7494 8157
15664 2 2 5 1 7295 7788 8316
15665 2 2 5 1 5328 7928 8390
15666 2 2 5 1 7789 7296 8317
15667 2 2 5 1 6141 6140 8947
15668 2 2 5 1 3001 2203 8417
15669 2 2 5 1 4267 8158 8187
15670 2 2 5 1 6795 5477 8323
15671 2 2 5 1 5816 5248 8438
15672 2 2 5 1 4780 7442 8428
15673 2 2 5 1 3493 543 8344
15674 2 2 5 1 6990 4607 8154
15675 2 2 5 1 5059 8141 8749
15676 2 2 5 1 56 8127 8312
15677 2 2 5 1 1255 143 8472
15678 2 2 5 1 6319 3117 8162
15679 2 2 5 1 5173 2594 8159
15680 2 2 5 1 7432 5405 8662
15681 2 2 5 1 5244 5259 8436
15682 2 2 5 1 5730 5252 8445
15683 2 2 5 1 4307 6969 8152
15684 2 2 5 1 6982 4310 8155
15685 2 2 5 1 5646 5261 8452
15686 2 2 5 1 5683 5256 8450
15687 2 2 5 1 5250 5816 8445
15688 2 2 5 1 5258 5683 8452
15689 2 2 5 1 7594 6995 8145
15690 2 2 5 1 4856 8108 8444
15691 2 2 5 1 6871 4817 8514
15692 2 2 5 1 5254 5730 8450
15693 2 2 5 1 4215 6329 9083
15694 2 2 5 1 5410 6027 8907
15695 2 2 5 1 4575 6542 8570
15696 2 2 5 1 4819 6908 8518
15697 2 2 5 1 5680 4736 8339
15698 2 2 5 1 5634 5635 8540
15699 2 2 5 1 5377 5034 8558
15700 2 2 5 1 3517 8093 8867
15701 2 2 5 1 7506 5278 8503
15702 2 2 5 1 3317 3319 8168
15703 2 2 5 1 533 1596 8344
15704 2 2 5 1 7356 4258 8147
15705 2 2 5 1 6909 2375 8158
15706 2 2 5 1 6162 2088 8575
15707 2 2 5 1 3913 3912 8462
15708 2 2 5 1 5238 5010 8607
15709 2 2 5 1 3117 6331 8178
15710 2 2 5 1 8473 6068 8835
15711 2 2 5 1 6172 6170 8658
15712 2 2 5 1 3098 5307 8417
15713 2 2 5 1 4861 5439 8629
15714 2 2 5 1 3195 2952 8432
15715 2 2 5 1 468 6981 8163
15716 2 2 5 1 8147 4258 8170
15717 2 2 5 1 6436 471 8999
15718 2 2 5 1 6397 8376 8560
15719 2 2 5 1 367 368 8241
15720 2 2 5 1 5369 7932 8212
15721 2 2 5 1 8143 4601 8166
15722 2 2 5 1 7894 5045 8174
15723 2 2 5 1 6438 5371 9052
15724 2 2 5 1 935 6871 8474
15725 2 2 5 1 5247 5249 8167
15726 2 2 5 1 8095 5079 8153
15727 2 2 5 1 198 2853 8564
15728 2 2 5 1 152 153 8338
15729 2 2 5 1 7685 4564 8145
15730 2 2 5 1 5339 5891 8910
15731 2 2 5 1 2854 416 8565
15732 2 2 5 1 6908 934 8475
15733 2 2 5 1 4850 4213 8513
15734 2 2 5 1 4015 3508 8132
15735 2 2 5 1 811 3422 8465
15736 2 2 5 1 8016 6348 8881
15737 2 2 5 1 973 944 8465
15738 2 2 5 1 5215 4003 8415
15739 2 2 5 1 878 875 8476
15740 2 2 5 1 4787 3936 8469
15741 2 2 5 1 1268 443 8169
15742 2 2 5 1 5079 7728 8153
15743 2 2 5 1 7384 3478 8160
15744 2 2 5 1 3422 5735 8465
15745 2 2 5 1 583 676 8448
15746 2 2 5 1 6431 7786 8985
15747 2 2 5 1 3909 7018 8165
15748 2 2 5 1 5152 8059 8319
15749 2 2 5 1 2164 2205 8161
15750 2 2 5 1 6196 7945 9050
15751 2 2 5 1 6706 391 8545
15752 2 2 5 1 3580 5095 8432
15753 2 2 5 1 6822 6823 8519
15754 2 2 5 1 1905 1907 8182
15755 2 2 5 1 1897 1895 8183
15756 2 2 5 1 8073 6102 8402
15757 2 2 5 1 5513 4615 8164
15758 2 2 5 1 3464 3491 8496
15759 2 2 5 1 392 526 8545
15760 2 2 5 1 5441 4860 8631
15761 2 2 5 1 8865 6792 8957
15762 2 2 5 1 3959 3510 8386
15763 2 2 5 1 3507 3961 8387
15764 2 2 5 1 7442 1245 8428
15765 2 2 5 1 6062 7825 9024
15766 2 2 5 1 3880 4454 8492
15767 2 2 5 1 677 623 8456
15768 2 2 5 1 8004 5988 8123
15769 2 2 5 1 6542 8556 8570
15770 2 2 5 1 652 569 8504
15771 2 2 5 1 338 339 8172
15772 2 2 5 1 6526 4828 8538
15773 2 2 5 1 3907 7837 8319
15774 2 2 5 1 2407 789 8474
15775 2 2 5 1 8176 5690 8484
15776 2 2 5 1 5418 4768 8493
15777 2 2 5 1 801 2408 8475
15778 2 2 5 1 5120 6729 8685
15779 2 2 5 1 4590 5084 8177
15780 2 2 5 1 5366 6453 9048
15781 2 2 5 1 6237 2009 9104
15782 2 2 5 1 6930 7146 8793
15783 2 2 5 1 6995 6996 8247
15784 2 2 5 1 6749 251 8542
15785 2 2 5 1 2019 1923 8552
15786 2 2 5 1 381 538 8540
15787 2 2 5 1 8694 5603 9119
15788 2 2 5 1 5075 6198 8732
15789 2 2 5 1 791 935 8474
15790 2 2 5 1 2294 2928 8643
15791 2 2 5 1 2365 6329 8602
15792 2 2 5 1 4258 4835 8170
15793 2 2 5 1 934 803 8475
15794 2 2 5 1 8159 5140 8196
15795 2 2 5 1 7443 7889 8135
15796 2 2 5 1 4658 6850 8179
15797 2 2 5 1 4623 5509 8171
15798 2 2 5 1 4565 7683 8157
15799 2 2 5 1 4673 5213 8671
15800 2 2 5 1 6748 6808 8533
15801 2 2 5 1 7606 2013 8267
15802 2 2 5 1 2012 7605 8268
15803 2 2 5 1 4600 5503 8181
15804 2 2 5 1 5320 6157 8581
15805 2 2 5 1 2929 2296 8649
15806 2 2 5 1 8165 7018 8184
15807 2 2 5 1 4680 8090 8301
15808 2 2 5 1 2965 7380 8458
15809 2 2 5 1 5818 5817 8723
15810 2 2 5 1 2115 579 8461
15811 2 2 5 1 2779 7023 8192
15812 2 2 5 1 6747 6745 8533
15813 2 2 5 1 3646 7427 8478
15814 2 2 5 1 7728 5470 8418
15815 2 2 5 1 4652 5129 8186
15816 2 2 5 1 6708 6707 8480
15817 2 2 5 1 4074 7462 8480
15818 2 2 5 1 252 515 8542
15819 2 2 5 1 4003 6012 8415
15820 2 2 5 1 1921 3079 8552
15821 2 2 5 1 4784 8479 8807
15822 2 2 5 1 6079 4575 8604
15823 2 2 5 1 6486 6488 8599
15824 2 2 5 1 8184 3943 8190
15825 2 2 5 1 7018 3943 8184
15826 2 2 5 1 6802 1242 8557
15827 2 2 5 1 4264 5453 8188
15828 2 2 5 1 1287 16 8503
15829 2 2 5 1 4421 5093 8478
15830 2 2 5 1 4575 8570 8604
15831 2 2 5 1 7000 8254 8329
15832 2 2 5 1 65 64 8707
15833 2 2 5 1 3203 3881 8522
15834 2 2 5 1 4251 4771 8553
15835 2 2 5 1 7274 7101 8481
15836 2 2 5 1 4857 4855 8173
15837 2 2 5 1 5146 4698 8187
15838 2 2 5 1 619 2118 8471
15839 2 2 5 1 8096 4681 8309
15840 2 2 5 1 6428 6427 8561
15841 2 2 5 1 6548 6547 8630
15842 2 2 5 1 5128 4657 8189
15843 2 2 5 1 8188 5310 8713
15844 2 2 5 1 204 205 8185
15845 2 2 5 1 5369 6384 8996
15846 2 2 5 1 494 309 8588
15847 2 2 5 1 940 6288 8636
15848 2 2 5 1 6175 1402 8559
15849 2 2 5 1 4758 5269 8194
15850 2 2 5 1 8247 6996 8311
15851 2 2 5 1 7337 5331 8889
15852 2 2 5 1 7189 3583 8872
15853 2 2 5 1 310 6604 8588
15854 2 2 5 1 3647 4063 8509
15855 2 2 5 1 7191 2343 8522
15856 2 2 5 1 7555 4743 8175
15857 2 2 5 1 5711 5022 8191
15858 2 2 5 1 6655 4278 8193
15859 2 2 5 1 3943 3944 8190
15860 2 2 5 1 2580 8084 8101
15861 2 2 5 1 4862 4429 8509
15862 2 2 5 1 1200 1232 8550
15863 2 2 5 1 7538 7774 8257
15864 2 2 5 1 8069 2096 8156
15865 2 2 5 1 8878 6725 8975
15866 2 2 5 1 5155 7536 8180
15867 2 2 5 1 4007 4939 8541
15868 2 2 5 1 6304 6303 8672
15869 2 2 5 1 6019 8235 8980
15870 2 2 5 1 5803 5564 8270
15871 2 2 5 1 5997 4991 8610
15872 2 2 5 1 4658 8179 8201
15873 2 2 5 1 89 90 8517
15874 2 2 5 1 4904 4520 8526
15875 2 2 5 1 4913 6441 8216
15876 2 2 5 1 7541 1830 8598
15877 2 2 5 1 5121 4663 8195
15878 2 2 5 1 7256 3955 8196
15879 2 2 5 1 4431 4862 8526
15880 2 2 5 1 6467 5873 8941
15881 2 2 5 1 7544 3071 8381
15882 2 2 5 1 7825 1913 9024
15883 2 2 5 1 6779 6780 8630
15884 2 2 5 1 1035 1055 8566
15885 2 2 5 1 6451 5319 8956
15886 2 2 5 1 176 177 8524
15887 2 2 5 1 7520 4764 8715
15888 2 2 5 1 3773 5987 8198
15889 2 2 5 1 15 7506 8503
15890 2 2 5 1 4325 6079 8660
15891 2 2 5 1 1305 6018 8627
15892 2 2 5 1 7928 7242 8390
15893 2 2 5 1 8887 6786 8981
15894 2 2 5 1 5270 4760 8203
15895 2 2 5 1 4833 6962 8580
15896 2 2 5 1 3695 3153 8548
15897 2 2 5 1 6548 5115 8659
15898 2 2 5 1 7955 4528 8242
15899 2 2 5 1 5437 4320 8578
15900 2 2 5 1 5760 2252 8796
15901 2 2 5 1 3072 6747 8656
15902 2 2 5 1 5632 5633 8692
15903 2 2 5 1 4097 5660 8686
15904 2 2 5 1 4652 8186 8209
15905 2 2 5 1 6006 7538 8257
15906 2 2 5 1 5642 5641 8800
15907 2 2 5 1 8155 5128 8189
15908 2 2 5 1 5383 8694 9119
15909 2 2 5 1 1848 6891 8615
15910 2 2 5 1 5221 6439 8654
15911 2 2 5 1 2733 2758 8544
15912 2 2 5 1 6857 5015 8350
15913 2 2 5 1 6707 7829 8480
15914 2 2 5 1 2449 6943 8594
15915 2 2 5 1 5651 5434 8199
15916 2 2 5 1 5185 5174 8206
15917 2 2 5 1 4723 7040 9063
15918 2 2 5 1 7472 2648 8737
15919 2 2 5 1 1395 6240 8227
15920 2 2 5 1 7384 8160 8200
15921 2 2 5 1 6235 8151 9098
15922 2 2 5 1 5129 8152 8186
15923 2 2 5 1 1399 1398 8559
15924 2 2 5 1 7106 7416 8576
15925 2 2 5 1 2096 7934 8156
15926 2 2 5 1 6028 7062 8646
15927 2 2 5 1 5022 4610 8211
15928 2 2 5 1 8089 7656 8543
15929 2 2 5 1 7049 2185 8580
15930 2 2 5 1 668 573 8534
15931 2 2 5 1 2095 2094 8739
15932 2 2 5 1 7215 4658 8201
15933 2 2 5 1 7699 5644 8259
15934 2 2 5 1 177 178 8555
15935 2 2 5 1 4799 7125 8234
15936 2 2 5 1 5091 5830 8621
15937 2 2 5 1 5520 5090 8621
15938 2 2 5 1 5631 5632 8674
15939 2 2 5 1 6967 4652 8209
15940 2 2 5 1 4528 7940 8242
15941 2 2 5 1 5436 5435 8219
15942 2 2 5 1 4825 4598 8213
15943 2 2 5 1 8189 4657 8221
15944 2 2 5 1 8227 6240 8252
15945 2 2 5 1 64 63 8389
15946 2 2 5 1 6762 7958 8266
15947 2 2 5 1 577 2115 8506
15948 2 2 5 1 4750 4751 8204
15949 2 2 5 1 7945 3234 9050
15950 2 2 5 1 711 668 8623
15951 2 2 5 1 6605 6615 8217
15952 2 2 5 1 6039 1404 8589
15953 2 2 5 1 6041 6042 8826
15954 2 2 5 1 8187 4698 8224
15955 2 2 5 1 5380 5835 8214
15956 2 2 5 1 4148 44 8673
15957 2 2 5 1 5984 4461 8364
15958 2 2 5 1 7837 6614 8319
15959 2 2 5 1 2007 7384 8200
15960 2 2 5 1 6729 6728 8685
15961 2 2 5 1 5349 7805 9045
15962 2 2 5 1 4886 6821 8655
15963 2 2 5 1 669 733 8634
15964 2 2 5 1 613 669 8549
15965 2 2 5 1 7572 1410 8537
15966 2 2 5 1 4222 3782 8210
15967 2 2 5 1 8206 3955 8230
15968 2 2 5 1 4752 3997 8678
15969 2 2 5 1 240 2396 8653
15970 2 2 5 1 6951 8693 8883
15971 2 2 5 1 948 2548 8600
15972 2 2 5 1 772 239 8653
15973 2 2 5 1 6855 1237 8642
15974 2 2 5 1 6931 6932 8435
15975 2 2 5 1 467 128 8219
15976 2 2 5 1 4601 7897 8166
15977 2 2 5 1 7812 5006 8402
15978 2 2 5 1 4581 5225 8572
15979 2 2 5 1 7962 5409 8151
15980 2 2 5 1 6439 4090 8654
15981 2 2 5 1 2118 617 8525
15982 2 2 5 1 4821 7011 8569
15983 2 2 5 1 498 6377 8665
15984 2 2 5 1 2448 5835 8988
15985 2 2 5 1 4992 5994 8616
15986 2 2 5 1 3521 7936 9033
15987 2 2 5 1 6782 5451 8766
15988 2 2 5 1 90 91 8573
15989 2 2 5 1 4056 8216 8613
15990 2 2 5 1 3998 5383 8678
15991 2 2 5 1 115 6991 8611
15992 2 2 5 1 8242 5042 8328
15993 2 2 5 1 6235 4823 9002
15994 2 2 5 1 813 812 8600
15995 2 2 5 1 6996 4726 8311
15996 2 2 5 1 2922 114 8611
15997 2 2 5 1 6317 940 8521
15998 2 2 5 1 3299 3300 8225
15999 2 2 5 1 2282 1455 8226
16000 2 2 5 1 57 56 8312
16001 2 2 5 1 6819 6818 9114
16002 2 2 5 1 2791 2743 8579
16003 2 2 5 1 866 868 8223
16004 2 2 5 1 4659 4150 8222
16005 2 2 5 1 7062 1139 8646
16006 2 2 5 1 5648 5647 8510
16007 2 2 5 1 1264 5844 8813
16008 2 2 5 1 3472 2192 8584
16009 2 2 5 1 5303 8056 9002
16010 2 2 5 1 1065 1193 8646
16011 2 2 5 1 8108 6083 8444
16012 2 2 5 1 1282 6453 8708
16013 2 2 5 1 3737 3738 8654
16014 2 2 5 1 7785 7903 8310
16015 2 2 5 1 4698 4696 8224
16016 2 2 5 1 7340 7894 8174
16017 2 2 5 1 1867 6548 8685
16018 2 2 5 1 5749 5333 9073
16019 2 2 5 1 6740 8031 8572
16020 2 2 5 1 4019 5211 8590
16021 2 2 5 1 5213 5166 8801
16022 2 2 5 1 8090 3326 8301
16023 2 2 5 1 6619 6620 8945
16024 2 2 5 1 7300 4538 8647
16025 2 2 5 1 308 494 8684
16026 2 2 5 1 7405 2791 8579
16027 2 2 5 1 6749 5222 8871
16028 2 2 5 1 5749 3551 8779
16029 2 2 5 1 4657 6968 8221
16030 2 2 5 1 7053 3007 8638
16031 2 2 5 1 1404 1405 8589
16032 2 2 5 1 5028 6599 8717
16033 2 2 5 1 3897 3246 8609
16034 2 2 5 1 5130 5476 8915
16035 2 2 5 1 4201 4199 8633
16036 2 2 5 1 7046 5539 8883
16037 2 2 5 1 7407 7079 8626
16038 2 2 5 1 6883 2216 9097
16039 2 2 5 1 8127 5638 8312
16040 2 2 5 1 5141 8207 8243
16041 2 2 5 1 5141 7561 8207
16042 2 2 5 1 5654 5903 9041
16043 2 2 5 1 1639 1652 8614
16044 2 2 5 1 5372 7694 8722
16045 2 2 5 1 4023 3437 8622
16046 2 2 5 1 409 410 8228
16047 2 2 5 1 6077 1056 8983
16048 2 2 5 1 1034 1068 8651
16049 2 2 5 1 3121 3882 8230
16050 2 2 5 1 2094 1856 8235
16051 2 2 5 1 9049 6237 9104
16052 2 2 5 1 6634 6633 8716
16053 2 2 5 1 5271 6849 8890
16054 2 2 5 1 3505 4016 8197
16055 2 2 5 1 5314 7977 8236
16056 2 2 5 1 2839 2840 8648
16057 2 2 5 1 6295 6761 8712
16058 2 2 5 1 7420 3440 8554
16059 2 2 5 1 2448 263 8667
16060 2 2 5 1 5559 8172 8793
16061 2 2 5 1 5204 6134 9064
16062 2 2 5 1 6439 5221 8669
16063 2 2 5 1 860 8016 8881
16064 2 2 5 1 8224 4696 8237
16065 2 2 5 1 6729 5120 8705
16066 2 2 5 1 3658 3661 8232
16067 2 2 5 1 3168 7784 8216
16068 2 2 5 1 4813 5977 8326
16069 2 2 5 1 7 477 8663
16070 2 2 5 1 7751 6126 8920
16071 2 2 5 1 4823 6235 9098
16072 2 2 5 1 4413 4742 8644
16073 2 2 5 1 4370 5339 8910
16074 2 2 5 1 5151 5612 8383
16075 2 2 5 1 8230 3882 8244
16076 2 2 5 1 4776 7811 8202
16077 2 2 5 1 2548 984 8651
16078 2 2 5 1 138 139 8674
16079 2 2 5 1 8100 1287 9005
16080 2 2 5 1 3522 3004 8713
16081 2 2 5 1 7930 3523 9036
16082 2 2 5 1 3325 8096 8309
16083 2 2 5 1 5436 8219 8971
16084 2 2 5 1 5450 8038 8754
16085 2 2 5 1 3930 5355 8609
16086 2 2 5 1 3681 3990 8669
16087 2 2 5 1 5103 5102 8705
16088 2 2 5 1 3914 3191 8808
16089 2 2 5 1 5185 8230 8244
16090 2 2 5 1 6946 4778 8761
16091 2 2 5 1 6967 8209 8248
16092 2 2 5 1 190 191 8741
16093 2 2 5 1 423 424 8742
16094 2 2 5 1 5108 5120 8659
16095 2 2 5 1 6500 6501 8379
16096 2 2 5 1 5575 8089 8543
16097 2 2 5 1 4696 4695 8237
16098 2 2 5 1 2754 2931 8639
16099 2 2 5 1 4816 3772 8719
16100 2 2 5 1 2759 2752 8639
16101 2 2 5 1 7478 5299 8231
16102 2 2 5 1 8200 4659 8222
16103 2 2 5 1 5608 5607 8725
16104 2 2 5 1 411 412 8706
16105 2 2 5 1 5891 5339 9019
16106 2 2 5 1 7811 5703 8202
16107 2 2 5 1 4131 4132 8698
16108 2 2 5 1 5055 5449 8699
16109 2 2 5 1 6189 4873 8612
16110 2 2 5 1 1945 346 8688
16111 2 2 5 1 44 43 8673
16112 2 2 5 1 6949 6947 8693
16113 2 2 5 1 6240 2284 8252
16114 2 2 5 1 4134 4133 8700
16115 2 2 5 1 5092 5520 8672
16116 2 2 5 1 6245 6246 8260
16117 2 2 5 1 1303 1305 8627
16118 2 2 5 1 137 138 8692
16119 2 2 5 1 4672 4757 8269
16120 2 2 5 1 5221 4071 8669
16121 2 2 5 1 5310 4662 8313
16122 2 2 5 1 574 8045 8507
16123 2 2 5 1 5899 5427 8687
16124 2 2 5 1 3645 3646 8661
16125 2 2 5 1 5689 4918 8241
16126 2 2 5 1 1408 7852 8589
16127 2 2 5 1 3865 3866 8245
16128 2 2 5 1 6418 1429 8877
16129 2 2 5 1 6254 496 9102
16130 2 2 5 1 742 6484 8259
16131 2 2 5 1 4937 3875 8601
16132 2 2 5 1 3476 7905 8270
16133 2 2 5 1 4727 7000 8329
16134 2 2 5 1 3877 4935 8603
16135 2 2 5 1 4916 5130 8683
16136 2 2 5 1 5199 6304 8710
16137 2 2 5 1 5115 5110 8659
16138 2 2 5 1 5186 5185 8244
16139 2 2 5 1 3281 5162 8735
16140 2 2 5 1 7366 5600 8238
16141 2 2 5 1 5404 5403 8240
16142 2 2 5 1 1129 2547 8695
16143 2 2 5 1 5054 3684 8239
16144 2 2 5 1 3656 3658 8246
16145 2 2 5 1 4674 4403 8255
16146 2 2 5 1 4402 4675 8256
16147 2 2 5 1 4461 6013 8364
16148 2 2 5 1 3882 5293 8244
16149 2 2 5 1 2529 7033 9112
16150 2 2 5 1 8182 5132 8267
16151 2 2 5 1 5133 8183 8268
16152 2 2 5 1 3315 4661 8251
16153 2 2 5 1 59 58 8272
16154 2 2 5 1 1397 6655 8755
16155 2 2 5 1 6999 8157 8254
16156 2 2 5 1 4738 8404 8424
16157 2 2 5 1 7453 5449 8754
16158 2 2 5 1 8405 4740 8425
16159 2 2 5 1 8221 6968 8253
16160 2 2 5 1 4661 6738 8262
16161 2 2 5 1 5699 5940 8657
16162 2 2 5 1 6438 1283 8709
16163 2 2 5 1 3658 8232 8246
16164 2 2 5 1 8251 4661 8262
16165 2 2 5 1 8236 3519 9106
16166 2 2 5 1 3255 6162 8814
16167 2 2 5 1 8145 6995 8247
16168 2 2 5 1 157 158 8708
16169 2 2 5 1 628 630 8772
16170 2 2 5 1 5890 8473 8835
16171 2 2 5 1 109 110 8709
16172 2 2 5 1 5432 6649 8927
16173 2 2 5 1 8849 1354 8931
16174 2 2 5 1 154 155 8258
16175 2 2 5 1 1068 1067 8695
16176 2 2 5 1 5233 3575 8735
16177 2 2 5 1 374 2393 8664
16178 2 2 5 1 8093 5364 8867
16179 2 2 5 1 5292 5430 8250
16180 2 2 5 1 5142 5141 8243
16181 2 2 5 1 4746 4745 8249
16182 2 2 5 1 7940 5042 8242
16183 2 2 5 1 5633 6701 8902
16184 2 2 5 1 5220 5363 8951
16185 2 2 5 1 6968 4681 8253
16186 2 2 5 1 4803 7906 8539
16187 2 2 5 1 5132 4700 8267
16188 2 2 5 1 4701 5133 8268
16189 2 2 5 1 6451 472 8760
16190 2 2 5 1 591 593 8265
16191 2 2 5 1 1962 2417 8745
16192 2 2 5 1 4057 2938 8720
16193 2 2 5 1 4680 6967 8248
16194 2 2 5 1 1550 7367 8689
16195 2 2 5 1 5607 5216 8736
16196 2 2 5 1 6732 6074 8847
16197 2 2 5 1 8269 4757 8289
16198 2 2 5 1 8272 6197 8363
16199 2 2 5 1 6894 6895 8921
16200 2 2 5 1 3046 6008 8499
16201 2 2 5 1 2954 3194 8668
16202 2 2 5 1 4674 8255 8307
16203 2 2 5 1 8256 4675 8308
16204 2 2 5 1 1330 1332 8264
16205 2 2 5 1 4627 4625 8261
16206 2 2 5 1 4316 5052 8269
16207 2 2 5 1 6255 8285 8769
16208 2 2 5 1 7932 5231 8212
16209 2 2 5 1 1288 7751 8920
16210 2 2 5 1 7685 8145 8247
16211 2 2 5 1 5682 6523 8786
16212 2 2 5 1 4715 5054 8263
16213 2 2 5 1 6439 8669 8714
16214 2 2 5 1 8846 1378 8924
16215 2 2 5 1 405 406 8777
16216 2 2 5 1 112 113 8271
16217 2 2 5 1 6406 492 8831
16218 2 2 5 1 1266 1071 8802
16219 2 2 5 1 2025 8247 8311
16220 2 2 5 1 3196 7432 8662
16221 2 2 5 1 1074 1263 8812
16222 2 2 5 1 153 2921 8338
16223 2 2 5 1 215 216 8780
16224 2 2 5 1 7430 7429 8619
16225 2 2 5 1 5408 5782 8266
16226 2 2 5 1 189 190 9075
16227 2 2 5 1 424 425 9074
16228 2 2 5 1 633 631 8274
16229 2 2 5 1 8553 1884 8773
16230 2 2 5 1 7903 6069 8310
16231 2 2 5 1 5926 5373 9116
16232 2 2 5 1 2064 995 8795
16233 2 2 5 1 720 1192 8711
16234 2 2 5 1 3069 7532 8547
16235 2 2 5 1 5094 3581 8668
16236 2 2 5 1 5120 5106 8705
16237 2 2 5 1 6502 6500 9054
16238 2 2 5 1 5792 2395 9110
16239 2 2 5 1 6156 5209 8842
16240 2 2 5 1 6758 5125 8774
16241 2 2 5 1 3104 7876 8899
16242 2 2 5 1 4948 6463 8411
16243 2 2 5 1 6729 8705 8782
16244 2 2 5 1 2804 6030 8882
16245 2 2 5 1 495 6242 9026
16246 2 2 5 1 993 2073 8790
16247 2 2 5 1 6079 8604 8660
16248 2 2 5 1 8141 6480 8749
16249 2 2 5 1 5309 7602 9041
16250 2 2 5 1 4006 6164 8841
16251 2 2 5 1 5552 5198 8818
16252 2 2 5 1 156 157 8760
16253 2 2 5 1 5332 5260 8827
16254 2 2 5 1 1391 437 9115
16255 2 2 5 1 3637 4744 8764
16256 2 2 5 1 2025 7685 8247
16257 2 2 5 1 3652 3654 8273
16258 2 2 5 1 6683 5219 8864
16259 2 2 5 1 4778 4649 8761
16260 2 2 5 1 6326 6327 8748
16261 2 2 5 1 5298 5301 8704
16262 2 2 5 1 6695 3316 8875
16263 2 2 5 1 110 111 8768
16264 2 2 5 1 2374 6407 8277
16265 2 2 5 1 6560 2421 8834
16266 2 2 5 1 8157 7683 8254
16267 2 2 5 1 1570 1569 8276
16268 2 2 5 1 5067 5151 8729
16269 2 2 5 1 686 6326 8775
16270 2 2 5 1 512 196 8529
16271 2 2 5 1 4512 7986 8547
16272 2 2 5 1 418 511 8531
16273 2 2 5 1 4757 5736 8289
16274 2 2 5 1 401 402 8806
16275 2 2 5 1 6891 4339 8838
16276 2 2 5 1 4721 6684 8280
16277 2 2 5 1 4842 7882 8233
16278 2 2 5 1 3992 4673 8824
16279 2 2 5 1 6209 1805 8733
16280 2 2 5 1 8254 2026 8329
16281 2 2 5 1 5546 6109 8562
16282 2 2 5 1 7669 1549 8676
16283 2 2 5 1 5114 6568 8290
16284 2 2 5 1 2586 7446 8720
16285 2 2 5 1 4573 8121 8817
16286 2 2 5 1 2307 846 8852
16287 2 2 5 1 6933 2446 8791
16288 2 2 5 1 6350 4677 8829
16289 2 2 5 1 7683 2026 8254
16290 2 2 5 1 5304 8529 8564
16291 2 2 5 1 212 213 8823
16292 2 2 5 1 4165 3444 8728
16293 2 2 5 1 6545 4026 8817
16294 2 2 5 1 202 6467 8941
16295 2 2 5 1 1805 815 8733
16296 2 2 5 1 8531 5305 8565
16297 2 2 5 1 436 435 9061
16298 2 2 5 1 3162 3160 9081
16299 2 2 5 1 3551 7204 8275
16300 2 2 5 1 485 201 8941
16301 2 2 5 1 5848 4793 8440
16302 2 2 5 1 6637 4279 8281
16303 2 2 5 1 7958 5408 8266
16304 2 2 5 1 7768 4948 8916
16305 2 2 5 1 6355 3283 9090
16306 2 2 5 1 5851 4756 8349
16307 2 2 5 1 371 497 9110
16308 2 2 5 1 6186 5308 8982
16309 2 2 5 1 5596 5243 8929
16310 2 2 5 1 5518 5334 9000
16311 2 2 5 1 5245 5737 8929
16312 2 2 5 1 164 165 8284
16313 2 2 5 1 7694 4714 8722
16314 2 2 5 1 568 7420 8733
16315 2 2 5 1 2436 6725 8989
16316 2 2 5 1 591 8265 8286
16317 2 2 5 1 4733 4734 8283
16318 2 2 5 1 5896 5343 8976
16319 2 2 5 1 6134 6132 9064
16320 2 2 5 1 5273 3993 8824
16321 2 2 5 1 5015 5016 8350
16322 2 2 5 1 7244 3320 8727
16323 2 2 5 1 589 591 8286
16324 2 2 5 1 6876 6683 8864
16325 2 2 5 1 7431 3865 8677
16326 2 2 5 1 3227 4103 8279
16327 2 2 5 1 5006 8073 8402
16328 2 2 5 1 2395 370 9110
16329 2 2 5 1 4707 4706 8282
16330 2 2 5 1 3878 4053 8278
16331 2 2 5 1 2394 379 8888
16332 2 2 5 1 6796 6795 8323
16333 2 2 5 1 1833 6751 9053
16334 2 2 5 1 4316 8269 8289
16335 2 2 5 1 3543 4322 8851
16336 2 2 5 1 4785 5159 8872
16337 2 2 5 1 499 298 8926
16338 2 2 5 1 299 2392 8926
16339 2 2 5 1 4952 3046 8499
16340 2 2 5 1 7905 5803 8270
16341 2 2 5 1 5344 5614 8976
16342 2 2 5 1 1151 1181 8821
16343 2 2 5 1 6841 5191 8846
16344 2 2 5 1 372 373 8859
16345 2 2 5 1 4834 3054 8867
16346 2 2 5 1 8053 2313 8591
16347 2 2 5 1 4990 3775 8805
16348 2 2 5 1 6881 5196 8849
16349 2 2 5 1 1386 4006 8841
16350 2 2 5 1 5362 5188 8857
16351 2 2 5 1 6927 6926 8840
16352 2 2 5 1 5322 6436 8999
16353 2 2 5 1 3967 5335 9081
16354 2 2 5 1 7101 4185 8876
16355 2 2 5 1 1377 1496 8822
16356 2 2 5 1 1945 6951 8883
16357 2 2 5 1 5170 8430 8434
16358 2 2 5 1 6849 6848 8890
16359 2 2 5 1 58 762 8272
16360 2 2 5 1 471 6436 8768
16361 2 2 5 1 8274 631 8295
16362 2 2 5 1 1084 1128 8937
16363 2 2 5 1 4736 5949 8339
16364 2 2 5 1 102 103 8293
16365 2 2 5 1 630 632 9072
16366 2 2 5 1 412 413 8940
16367 2 2 5 1 6090 4809 8330
16368 2 2 5 1 7549 5848 8440
16369 2 2 5 1 3932 3931 8285
16370 2 2 5 1 6164 5205 8843
16371 2 2 5 1 1239 1238 8803
16372 2 2 5 1 2397 6652 8297
16373 2 2 5 1 4775 5951 8394
16374 2 2 5 1 631 629 8295
16375 2 2 5 1 5262 8109 8544
16376 2 2 5 1 4138 6950 8863
16377 2 2 5 1 6123 2285 8298
16378 2 2 5 1 6608 6612 9068
16379 2 2 5 1 6247 505 8955
16380 2 2 5 1 5399 5669 9101
16381 2 2 5 1 211 212 8954
16382 2 2 5 1 404 405 9031
16383 2 2 5 1 3 266 8862
16384 2 2 5 1 265 3 8862
16385 2 2 5 1 4 349 8863
16386 2 2 5 1 348 4 8863
16387 2 2 5 1 1574 1573 9039
16388 2 2 5 1 5501 4163 8901
16389 2 2 5 1 4161 3759 8887
16390 2 2 5 1 4160 6084 8839
16391 2 2 5 1 4103 4687 8287
16392 2 2 5 1 402 403 8992
16393 2 2 5 1 1382 1383 8841
16394 2 2 5 1 214 215 9025
16395 2 2 5 1 7774 3493 8257
16396 2 2 5 1 8279 4103 8287
16397 2 2 5 1 7011 5201 8825
16398 2 2 5 1 7051 6156 8842
16399 2 2 5 1 6629 2405 8934
16400 2 2 5 1 3442 2977 8291
16401 2 2 5 1 8282 4706 8288
16402 2 2 5 1 1963 5606 8530
16403 2 2 5 1 1256 1099 8885
16404 2 2 5 1 6921 2442 8905
16405 2 2 5 1 431 1 8949
16406 2 2 5 1 2 183 8950
16407 2 2 5 1 638 2331 9093
16408 2 2 5 1 4043 5163 8787
16409 2 2 5 1 5886 5891 9019
16410 2 2 5 1 4145 6860 8957
16411 2 2 5 1 559 557 8294
16412 2 2 5 1 5053 8079 8220
16413 2 2 5 1 5223 3745 8865
16414 2 2 5 1 5505 5197 8912
16415 2 2 5 1 5226 6792 8975
16416 2 2 5 1 7853 5499 8457
16417 2 2 5 1 4991 7734 8610
16418 2 2 5 1 4822 4135 8895
16419 2 2 5 1 5641 1637 8800
16420 2 2 5 1 5204 4316 8289
16421 2 2 5 1 3733 6833 9118
16422 2 2 5 1 5877 4028 8731
16423 2 2 5 1 125 126 8898
16424 2 2 5 1 5242 5479 8292
16425 2 2 5 1 1853 2063 8299
16426 2 2 5 1 4141 4142 8878
16427 2 2 5 1 7732 4992 8616
16428 2 2 5 1 1064 1256 8913
16429 2 2 5 1 6785 6786 9001
16430 2 2 5 1 4936 4674 8307
16431 2 2 5 1 4675 4938 8308
16432 2 2 5 1 1128 7457 8937
16433 2 2 5 1 4030 5902 8734
16434 2 2 5 1 4028 4027 8731
16435 2 2 5 1 5591 7821 8968
16436 2 2 5 1 2241 8336 8358
16437 2 2 5 1 3152 2804 8882
16438 2 2 5 1 4029 4030 8734
16439 2 2 5 1 5306 6188 8984
16440 2 2 5 1 1367 1347 9060
16441 2 2 5 1 8158 5146 8187
16442 2 2 5 1 4554 4553 8991
16443 2 2 5 1 6872 4634 8304
16444 2 2 5 1 5471 4046 8893
16445 2 2 5 1 4004 8262 8388
16446 2 2 5 1 4455 7402 8300
16447 2 2 5 1 1805 6207 9022
16448 2 2 5 1 7400 4449 8296
16449 2 2 5 1 1223 1224 9120
16450 2 2 5 1 1355 1378 8931
16451 2 2 5 1 6270 4735 8331
16452 2 2 5 1 4079 3587 9094
16453 2 2 5 1 1379 1382 8924
16454 2 2 5 1 2984 3573 9094
16455 2 2 5 1 1163 5899 8687
16456 2 2 5 1 5207 5715 8814
16457 2 2 5 1 1275 1354 8938
16458 2 2 5 1 5602 5383 9119
16459 2 2 5 1 2962 7104 8853
16460 2 2 5 1 4687 5338 8303
16461 2 2 5 1 282 487 8314
16462 2 2 5 1 5315 8763 8772
16463 2 2 5 1 8287 4687 8303
16464 2 2 5 1 5541 4064 8305
16465 2 2 5 1 130 1253 8971
16466 2 2 5 1 3855 5208 9117
16467 2 2 5 1 4617 6719 9012
16468 2 2 5 1 5294 6677 8986
16469 2 2 5 1 1636 1639 8800
16470 2 2 5 1 466 134 9027
16471 2 2 5 1 151 152 9032
16472 2 2 5 1 223 8419 8434
16473 2 2 5 1 7020 7084 8906
16474 2 2 5 1 5296 5395 8813
16475 2 2 5 1 4662 8222 8313
16476 2 2 5 1 2258 3146 8302
16477 2 2 5 1 5835 5379 8988
16478 2 2 5 1 477 6 8939
16479 2 2 5 1 5333 4020 9073
16480 2 2 5 1 1373 1306 9046
16481 2 2 5 1 1491 1833 9053
16482 2 2 5 1 7876 5291 8899
16483 2 2 5 1 8273 6247 8955
16484 2 2 5 1 4155 4156 9030
16485 2 2 5 1 5222 4568 8871
16486 2 2 5 1 5676 4614 8301
16487 2 2 5 1 4728 6845 8315
16488 2 2 5 1 6789 8044 8918
16489 2 2 5 1 4730 6183 8322
16490 2 2 5 1 974 976 8306
16491 2 2 5 1 3155 3915 9106
16492 2 2 5 1 6952 2448 8988
16493 2 2 5 1 5170 4747 8430
16494 2 2 5 1 4024 5294 8986
16495 2 2 5 1 5844 5295 8813
16496 2 2 5 1 486 5904 8617
16497 2 2 5 1 5360 8567 8618
16498 2 2 5 1 2563 3151 8874
16499 2 2 5 1 3680 3678 8893
16500 2 2 5 1 4622 5679 8309
16501 2 2 5 1 4939 7500 8858
16502 2 2 5 1 4293 5391 8969
16503 2 2 5 1 3316 7864 8875
16504 2 2 5 1 4747 7435 8430
16505 2 2 5 1 5652 5654 9041
16506 2 2 5 1 5551 4693 8325
16507 2 2 5 1 473 27 8909
16508 2 2 5 1 2108 2252 9066
16509 2 2 5 1 5325 4107 8966
16510 2 2 5 1 3550 3551 9073
16511 2 2 5 1 3182 7191 9114
16512 2 2 5 1 8180 964 8718
16513 2 2 5 1 6326 8748 8775
16514 2 2 5 1 3763 3760 8318
16515 2 2 5 1 8763 2281 8772
16516 2 2 5 1 286 287 8324
16517 2 2 5 1 1237 8082 8642
16518 2 2 5 1 860 837 8880
16519 2 2 5 1 79 78 8320
16520 2 2 5 1 5363 8283 8707
16521 2 2 5 1 7459 5264 8981
16522 2 2 5 1 2398 6749 8871
16523 2 2 5 1 7193 2603 8321
16524 2 2 5 1 7537 4488 8750
16525 2 2 5 1 5393 8437 8770
16526 2 2 5 1 4737 8297 8462
16527 2 2 5 1 8081 5268 8679
16528 2 2 5 1 4489 7542 8751
16529 2 2 5 1 833 2584 8970
16530 2 2 5 1 7308 473 8909
16531 2 2 5 1 2584 831 8974
16532 2 2 5 1 4203 4201 8994
16533 2 2 5 1 5758 5757 8385
16534 2 2 5 1 829 853 8974
16535 2 2 5 1 853 827 8990
16536 2 2 5 1 4314 5204 9064
16537 2 2 5 1 2788 7501 8699
16538 2 2 5 1 1492 1357 8980
16539 2 2 5 1 6013 5855 8364
16540 2 2 5 1 817 1805 9022
16541 2 2 5 1 4159 4160 8839
16542 2 2 5 1 3747 5310 9044
16543 2 2 5 1 5350 4149 8908
16544 2 2 5 1 7145 4617 9012
16545 2 2 5 1 2914 2912 8327
16546 2 2 5 1 4091 5448 9055
16547 2 2 5 1 1265 821 9017
16548 2 2 5 1 5042 4711 8328
16549 2 2 5 1 5374 6536 8338
16550 2 2 5 1 823 1265 9003
16551 2 2 5 1 762 57 8312
16552 2 2 5 1 2606 7295 8316
16553 2 2 5 1 3603 6835 8910
16554 2 2 5 1 7867 3543 8851
16555 2 2 5 1 7296 2607 8317
16556 2 2 5 1 482 52 8341
16557 2 2 5 1 4710 3823 8335
16558 2 2 5 1 2965 8458 8886
16559 2 2 5 1 7346 1134 8952
16560 2 2 5 1 2216 7292 9097
16561 2 2 5 1 7165 7424 9108
16562 2 2 5 1 6430 6431 8985
16563 2 2 5 1 5173 8159 8196
16564 2 2 5 1 4793 5227 8440
16565 2 2 5 1 8540 5635 8888
16566 2 2 5 1 5714 5805 8392
16567 2 2 5 1 7679 2025 8311
16568 2 2 5 1 5138 5137 8336
16569 2 2 5 1 2239 3072 8337
16570 2 2 5 1 1364 1293 8334
16571 2 2 5 1 3746 3515 8340
16572 2 2 5 1 8963 4173 8973
16573 2 2 5 1 8113 5053 8220
16574 2 2 5 1 1072 1073 8952
16575 2 2 5 1 2884 2886 8333
16576 2 2 5 1 1356 62 8511
16577 2 2 5 1 7786 4473 8985
16578 2 2 5 1 5807 2330 8942
16579 2 2 5 1 5329 7585 9069
16580 2 2 5 1 4438 7100 9034
16581 2 2 5 1 5179 4508 8347
16582 2 2 5 1 1163 8118 8943
16583 2 2 5 1 4719 6378 8375
16584 2 2 5 1 6508 7329 8948
16585 2 2 5 1 6180 7346 8952
16586 2 2 5 1 5545 5543 8342
16587 2 2 5 1 7462 5510 8783
16588 2 2 5 1 5163 7887 8787
16589 2 2 5 1 5753 5750 8779
16590 2 2 5 1 7751 7629 8828
16591 2 2 5 1 5477 7719 8323
16592 2 2 5 1 8354 6290 8357
16593 2 2 5 1 2362 6255 8769
16594 2 2 5 1 6396 4755 8365
16595 2 2 5 1 4843 5228 8953
16596 2 2 5 1 26 7676 8909
16597 2 2 5 1 8464 4795 8488
16598 2 2 5 1 1723 1725 8346
16599 2 2 5 1 8529 197 8564
16600 2 2 5 1 4792 8463 8487
16601 2 2 5 1 7016 477 8422
16602 2 2 5 1 6182 5086 8369
16603 2 2 5 1 417 8531 8565
16604 2 2 5 1 5470 5302 8343
16605 2 2 5 1 5289 4173 8963
16606 2 2 5 1 159 160 8351
16607 2 2 5 1 761 6857 8350
16608 2 2 5 1 3134 5817 8810
16609 2 2 5 1 4727 8329 8405
16610 2 2 5 1 483 6585 9023
16611 2 2 5 1 4706 7927 8288
16612 2 2 5 1 2026 7677 8329
16613 2 2 5 1 7399 2792 8345
16614 2 2 5 1 563 561 8348
16615 2 2 5 1 147 148 8353
16616 2 2 5 1 7463 7108 8933
16617 2 2 5 1 5288 8520 8967
16618 2 2 5 1 5405 4752 8662
16619 2 2 5 1 3496 7785 8310
16620 2 2 5 1 2774 6813 8356
16621 2 2 5 1 5702 5161 8696
16622 2 2 5 1 5165 5698 8703
16623 2 2 5 1 4023 8622 9068
16624 2 2 5 1 5065 7649 8724
16625 2 2 5 1 8133 5028 8717
16626 2 2 5 1 5089 6176 8374
16627 2 2 5 1 8508 5282 8960
16628 2 2 5 1 7651 5066 8726
16629 2 2 5 1 3317 8168 8548
16630 2 2 5 1 4796 4797 8352
16631 2 2 5 1 3359 3341 8359
16632 2 2 5 1 107 108 8360
16633 2 2 5 1 543 533 8344
16634 2 2 5 1 8311 4726 8404
16635 2 2 5 1 7523 2407 8585
16636 2 2 5 1 78 1131 8320
16637 2 2 5 1 5134 3740 8358
16638 2 2 5 1 6327 6322 8370
16639 2 2 5 1 8934 5274 9030
16640 2 2 5 1 4137 8214 8215
16641 2 2 5 1 2408 7528 8587
16642 2 2 5 1 978 980 8355
16643 2 2 5 1 2606 8316 8361
16644 2 2 5 1 6758 7441 8818
16645 2 2 5 1 5026 7751 8828
16646 2 2 5 1 5159 6298 8366
16647 2 2 5 1 5212 5678 9062
16648 2 2 5 1 1723 8346 8367
16649 2 2 5 1 8317 2607 8362
16650 2 2 5 1 488 8241 8683
16651 2 2 5 1 7161 5347 9083
16652 2 2 5 1 1721 1723 8367
16653 2 2 5 1 5321 7936 8925
16654 2 2 5 1 4711 3941 8354
16655 2 2 5 1 7943 2270 8412
16656 2 2 5 1 8318 6141 8947
16657 2 2 5 1 8177 5084 8993
16658 2 2 5 1 3320 7407 9016
16659 2 2 5 1 6185 5312 8563
16660 2 2 5 1 4047 8081 8679
16661 2 2 5 1 5224 5909 8861
16662 2 2 5 1 60 59 8363
16663 2 2 5 1 7930 5324 8928
16664 2 2 5 1 4774 6064 8484
16665 2 2 5 1 563 8348 8372
16666 2 2 5 1 8103 307 8684
16667 2 2 5 1 8398 6325 8403
16668 2 2 5 1 8328 4711 8357
16669 2 2 5 1 8211 2529 9112
16670 2 2 5 1 7276 2606 8361
16671 2 2 5 1 5347 7403 9083
16672 2 2 5 1 5537 5535 8477
16673 2 2 5 1 2607 7277 8362
16674 2 2 5 1 7484 4710 8546
16675 2 2 5 1 7457 1128 8972
16676 2 2 5 1 6487 8236 9106
16677 2 2 5 1 627 625 8373
16678 2 2 5 1 2094 8263 8739
16679 2 2 5 1 565 563 8372
16680 2 2 5 1 6394 6392 8380
16681 2 2 5 1 5438 3663 8788
16682 2 2 5 1 6932 1252 8435
16683 2 2 5 1 5758 9096 9099
16684 2 2 5 1 5878 485 8690
16685 2 2 5 1 6799 8323 8727
16686 2 2 5 1 8259 6485 8738
16687 2 2 5 1 5157 8191 8836
16688 2 2 5 1 6133 6137 8677
16689 2 2 5 1 1020 1066 8376
16690 2 2 5 1 8203 5285 8944
16691 2 2 5 1 6325 525 8403
16692 2 2 5 1 2937 7246 8371
16693 2 2 5 1 127 467 8379
16694 2 2 5 1 324 2413 8383
16695 2 2 5 1 1197 1196 8377
16696 2 2 5 1 772 8653 8958
16697 2 2 5 1 33 32 8382
16698 2 2 5 1 8016 860 8880
16699 2 2 5 1 80 79 8368
16700 2 2 5 1 5279 8194 8935
16701 2 2 5 1 3566 3567 8378
16702 2 2 5 1 6945 1236 8384
16703 2 2 5 1 8216 6441 8613
16704 2 2 5 1 4173 7365 8973
16705 2 2 5 1 7771 7457 8972
16706 2 2 5 1 8335 5215 8415
16707 2 2 5 1 5841 6084 9035
16708 2 2 5 1 8121 6545 8817
16709 2 2 5 1 6324 6325 8398
16710 2 2 5 1 5117 5112 8650
16711 2 2 5 1 8325 5316 8995
16712 2 2 5 1 3662 5440 8792
16713 2 2 5 1 5855 5485 8412
16714 2 2 5 1 7731 2777 8770
16715 2 2 5 1 7604 4436 8391
16716 2 2 5 1 3948 3143 8388
16717 2 2 5 1 6224 6226 8397
16718 2 2 5 1 6619 7223 8886
16719 2 2 5 1 8464 8488 8596
16720 2 2 5 1 1438 1609 8393
16721 2 2 5 1 8034 6317 8521
16722 2 2 5 1 7401 4414 8385
16723 2 2 5 1 5416 4955 8701
16724 2 2 5 1 8487 8463 8595
16725 2 2 5 1 6840 2998 8820
16726 2 2 5 1 5743 1266 9065
16727 2 2 5 1 5622 5841 9035
16728 2 2 5 1 3567 8370 8378
16729 2 2 5 1 1884 975 8401
16730 2 2 5 1 4764 4763 8407
16731 2 2 5 1 498 8665 8996
16732 2 2 5 1 4174 7431 8930
16733 2 2 5 1 7536 3256 9079
16734 2 2 5 1 5185 8206 8230
16735 2 2 5 1 8281 1255 9095
16736 2 2 5 1 1263 5675 9057
16737 2 2 5 1 63 1356 8389
16738 2 2 5 1 496 8249 9102
16739 2 2 5 1 4515 7544 8381
16740 2 2 5 1 7242 1587 8390
16741 2 2 5 1 5614 5593 9009
16742 2 2 5 1 5772 5144 8810
16743 2 2 5 1 8059 3907 8319
16744 2 2 5 1 5004 7054 8645
16745 2 2 5 1 2393 8181 8664
16746 2 2 5 1 7805 2821 9045
16747 2 2 5 1 7054 4516 8645
16748 2 2 5 1 4739 5304 8395
16749 2 2 5 1 5976 4773 8423
16750 2 2 5 1 5305 4741 8396
16751 2 2 5 1 4750 8204 9026
16752 2 2 5 1 3193 4241 8414
16753 2 2 5 1 1254 6503 8797
16754 2 2 5 1 6947 6946 8761
16755 2 2 5 1 7276 8361 8399
16756 2 2 5 1 8362 7277 8400
16757 2 2 5 1 585 587 8408
16758 2 2 5 1 1913 80 8368
16759 2 2 5 1 5735 5734 8411
16760 2 2 5 1 8204 495 9026
16761 2 2 5 1 6364 2298 8416
16762 2 2 5 1 2841 3919 8410
16763 2 2 5 1 3234 60 8363
16764 2 2 5 1 5407 2957 8987
16765 2 2 5 1 4515 8381 8409
16766 2 2 5 1 935 7276 8399
16767 2 2 5 1 4196 5731 8437
16768 2 2 5 1 6393 6397 8560
16769 2 2 5 1 7277 934 8400
16770 2 2 5 1 3510 4015 8386
16771 2 2 5 1 4016 3507 8387
16772 2 2 5 1 1718 1719 8413
16773 2 2 5 1 9090 5338 9104
16774 2 2 5 1 6452 6451 8760
16775 2 2 5 1 2853 8395 8564
16776 2 2 5 1 6503 6504 8797
16777 2 2 5 1 8396 2854 8565
16778 2 2 5 1 7856 5265 9014
16779 2 2 5 1 7679 8311 8404
16780 2 2 5 1 7232 4515 8409
16781 2 2 5 1 5563 4729 8406
16782 2 2 5 1 5360 8119 8567
16783 2 2 5 1 816 818 8421
16784 2 2 5 1 2823 7813 9058
16785 2 2 5 1 2203 3098 8417
16786 2 2 5 1 6018 6019 8627
16787 2 2 5 1 4450 4453 8784
16788 2 2 5 1 5611 8737 8869
16789 2 2 5 1 8430 525 8434
16790 2 2 5 1 6391 7405 8579
16791 2 2 5 1 8109 3139 8544
16792 2 2 5 1 7830 7223 8945
16793 2 2 5 1 8329 7677 8405
16794 2 2 5 1 4013 7679 8404
16795 2 2 5 1 7677 4014 8405
16796 2 2 5 1 6436 6437 8768
16797 2 2 5 1 486 8617 8940
16798 2 2 5 1 6408 1397 8539
16799 2 2 5 1 5123 4849 8682
16800 2 2 5 1 7442 5170 8419
16801 2 2 5 1 6329 7161 9083
16802 2 2 5 1 5312 5311 8563
16803 2 2 5 1 1047 7581 8489
16804 2 2 5 1 7531 1048 8491
16805 2 2 5 1 301 302 8427
16806 2 2 5 1 525 222 8434
16807 2 2 5 1 4726 3976 8424
16808 2 2 5 1 3982 4727 8425
16809 2 2 5 1 5155 8180 8718
16810 2 2 5 1 225 226 8431
16811 2 2 5 1 8240 215 8780
16812 2 2 5 1 456 540 8429
16813 2 2 5 1 763 775 8426
16814 2 2 5 1 4782 4780 8428
16815 2 2 5 1 4655 8402 8441
16816 2 2 5 1 5485 7943 8412
16817 2 2 5 1 1713 1715 8433
16818 2 2 5 1 4655 7812 8402
16819 2 2 5 1 3496 8310 8473
16820 2 2 5 1 7061 4660 8435
16821 2 2 5 1 3283 8303 9090
16822 2 2 5 1 7622 8100 8904
16823 2 2 5 1 5416 8701 9084
16824 2 2 5 1 61 3234 8511
16825 2 2 5 1 2952 3580 8432
16826 2 2 5 1 2446 7549 8440
16827 2 2 5 1 8117 5171 8767
16828 2 2 5 1 5246 5244 8436
16829 2 2 5 1 228 229 8439
16830 2 2 5 1 215 8240 9025
16831 2 2 5 1 5479 8153 8418
16832 2 2 5 1 7546 8231 8641
16833 2 2 5 1 4147 6534 8551
16834 2 2 5 1 5248 5246 8438
16835 2 2 5 1 2075 2077 8454
16836 2 2 5 1 230 231 8443
16837 2 2 5 1 4744 7799 8513
16838 2 2 5 1 234 235 8446
16839 2 2 5 1 232 233 8447
16840 2 2 5 1 8250 212 8823
16841 2 2 5 1 344 345 8453
16842 2 2 5 1 5252 5250 8445
16843 2 2 5 1 8406 1391 9115
16844 2 2 5 1 6453 6452 8708
16845 2 2 5 1 1713 8433 8451
16846 2 2 5 1 5535 5700 8477
16847 2 2 5 1 1913 7825 8582
16848 2 2 5 1 1711 1713 8451
16849 2 2 5 1 5310 8188 9044
16850 2 2 5 1 5181 7546 8641
16851 2 2 5 1 5246 8436 8438
16852 2 2 5 1 6294 3763 8947
16853 2 2 5 1 135 8105 9027
16854 2 2 5 1 6878 5648 8510
16855 2 2 5 1 5256 5254 8450
16856 2 2 5 1 212 8250 8954
16857 2 2 5 1 5261 5258 8452
16858 2 2 5 1 5571 5911 8459
16859 2 2 5 1 581 583 8448
16860 2 2 5 1 81 1913 8582
16861 2 2 5 1 8563 5311 8583
16862 2 2 5 1 8906 5235 9010
16863 2 2 5 1 6816 535 8455
16864 2 2 5 1 5499 6435 8457
16865 2 2 5 1 8380 3472 8584
16866 2 2 5 1 8292 405 8777
16867 2 2 5 1 5829 5832 8505
16868 2 2 5 1 5404 8240 8780
16869 2 2 5 1 5761 5394 8568
16870 2 2 5 1 8241 4918 8683
16871 2 2 5 1 5276 8697 8742
16872 2 2 5 1 5311 5952 8583
16873 2 2 5 1 8106 82 8582
16874 2 2 5 1 5580 4856 8444
16875 2 2 5 1 405 8292 9031
16876 2 2 5 1 7380 5417 8458
16877 2 2 5 1 6534 8528 8551
16878 2 2 5 1 8702 5275 8741
16879 2 2 5 1 5547 5546 8562
16880 2 2 5 1 5723 1613 8671
16881 2 2 5 1 623 621 8456
16882 2 2 5 1 5409 5407 8620
16883 2 2 5 1 7602 5652 9041
16884 2 2 5 1 8100 5087 8904
16885 2 2 5 1 2777 7792 9020
16886 2 2 5 1 5758 8385 9096
16887 2 2 5 1 6033 3135 8844
16888 2 2 5 1 5800 1306 9120
16889 2 2 5 1 4367 7226 8460
16890 2 2 5 1 6437 6438 8709
16891 2 2 5 1 8424 3976 8463
16892 2 2 5 1 3982 8425 8464
16893 2 2 5 1 8479 5549 8807
16894 2 2 5 1 5380 8214 8758
16895 2 2 5 1 5952 5229 8608
16896 2 2 5 1 5420 5421 8860
16897 2 2 5 1 6195 3267 8586
16898 2 2 5 1 4836 5025 8467
16899 2 2 5 1 5363 8389 8951
16900 2 2 5 1 581 8448 8461
16901 2 2 5 1 579 581 8461
16902 2 2 5 1 3912 4737 8462
16903 2 2 5 1 3234 7945 8511
16904 2 2 5 1 944 811 8465
16905 2 2 5 1 6777 5878 8977
16906 2 2 5 1 3724 3970 8479
16907 2 2 5 1 6631 6265 8468
16908 2 2 5 1 4779 6934 9103
16909 2 2 5 1 5326 5764 8466
16910 2 2 5 1 3558 5874 9051
16911 2 2 5 1 196 197 8529
16912 2 2 5 1 5731 7918 8437
16913 2 2 5 1 6534 2113 8528
16914 2 2 5 1 417 418 8531
16915 2 2 5 1 8213 6705 8892
16916 2 2 5 1 2331 9007 9093
16917 2 2 5 1 5292 8250 8823
16918 2 2 5 1 143 144 8472
16919 2 2 5 1 5795 6472 8532
16920 2 2 5 1 8240 5403 9025
16921 2 2 5 1 789 791 8474
16922 2 2 5 1 8343 402 8992
16923 2 2 5 1 803 801 8475
16924 2 2 5 1 402 8343 8806
16925 2 2 5 1 3936 3965 8469
16926 2 2 5 1 8544 2758 8827
16927 2 2 5 1 8456 621 8471
16928 2 2 5 1 621 619 8471
16929 2 2 5 1 8250 5430 8954
16930 2 2 5 1 6155 5160 8485
16931 2 2 5 1 875 874 8476
16932 2 2 5 1 3976 4844 8463
16933 2 2 5 1 4845 3982 8464
16934 2 2 5 1 6377 8297 8665
16935 2 2 5 1 8324 500 8767
16936 2 2 5 1 7647 474 8948
16937 2 2 5 1 7918 4789 8437
16938 2 2 5 1 5878 5877 8977
16939 2 2 5 1 4156 8927 9030
16940 2 2 5 1 6420 4291 8515
16941 2 2 5 1 8583 5952 8608
16942 2 2 5 1 8262 6738 8388
16943 2 2 5 1 190 8535 9075
16944 2 2 5 1 8536 424 9074
16945 2 2 5 1 5817 5772 8810
16946 2 2 5 1 8163 6981 9071
16947 2 2 5 1 4653 8034 8521
16948 2 2 5 1 5178 5177 8483
16949 2 2 5 1 5904 7252 8978
16950 2 2 5 1 5572 8568 9043
16951 2 2 5 1 6148 6147 8490
16952 2 2 5 1 5332 8827 9108
16953 2 2 5 1 6895 8821 8921
16954 2 2 5 1 852 855 8486
16955 2 2 5 1 874 7274 8481
16956 2 2 5 1 5164 6145 8497
16957 2 2 5 1 8476 874 8481
16958 2 2 5 1 7427 4421 8478
16959 2 2 5 1 5236 5237 8489
16960 2 2 5 1 5239 5238 8491
16961 2 2 5 1 6813 6814 8961
16962 2 2 5 1 5902 5904 8978
16963 2 2 5 1 5144 431 8949
16964 2 2 5 1 183 5145 8950
16965 2 2 5 1 5675 7498 9057
16966 2 2 5 1 6725 8878 8989
16967 2 2 5 1 5145 5780 8844
16968 2 2 5 1 2412 2830 8498
16969 2 2 5 1 8646 1193 8907
16970 2 2 5 1 2412 8498 8501
16971 2 2 5 1 1 85 8949
16972 2 2 5 1 182 2 8950
16973 2 2 5 1 6146 6149 8500
16974 2 2 5 1 3322 3935 8495
16975 2 2 5 1 3881 3880 8492
16976 2 2 5 1 4768 4770 8493
16977 2 2 5 1 3567 7527 8743
16978 2 2 5 1 5375 3966 8494
16979 2 2 5 1 8532 6472 8571
16980 2 2 5 1 3965 7321 8965
16981 2 2 5 1 7634 473 8918
16982 2 2 5 1 3966 3464 8496
16983 2 2 5 1 8219 5435 9054
16984 2 2 5 1 5304 4792 8487
16985 2 2 5 1 8494 3966 8496
16986 2 2 5 1 467 8219 9054
16987 2 2 5 1 4795 5305 8488
16988 2 2 5 1 62 61 8511
16989 2 2 5 1 3675 3674 8830
16990 2 2 5 1 8366 5325 8966
16991 2 2 5 1 3442 8291 8728
16992 2 2 5 1 8527 6077 8983
16993 2 2 5 1 4291 2412 8501
16994 2 2 5 1 6467 3558 9051
16995 2 2 5 1 6059 6058 8508
16996 2 2 5 1 1498 576 8507
16997 2 2 5 1 6064 6063 8911
16998 2 2 5 1 1613 5789 8671
16999 2 2 5 1 5364 4056 8613
17000 2 2 5 1 264 8215 8667
17001 2 2 5 1 6944 5180 8850
17002 2 2 5 1 7626 4088 8819
17003 2 2 5 1 16 15 8503
17004 2 2 5 1 6786 8887 9001
17005 2 2 5 1 3672 4586 8873
17006 2 2 5 1 398 399 8502
17007 2 2 5 1 8283 481 8707
17008 2 2 5 1 2585 652 8504
17009 2 2 5 1 1410 6171 8537
17010 2 2 5 1 8249 4745 9102
17011 2 2 5 1 8304 4634 8748
17012 2 2 5 1 6053 6054 8520
17013 2 2 5 1 4083 7609 8798
17014 2 2 5 1 1013 6115 8512
17015 2 2 5 1 6472 5117 8571
17016 2 2 5 1 4817 5352 8514
17017 2 2 5 1 8337 3072 8656
17018 2 2 5 1 1573 8477 9039
17019 2 2 5 1 8275 5753 8779
17020 2 2 5 1 5354 4819 8518
17021 2 2 5 1 7829 4074 8480
17022 2 2 5 1 7441 2784 8818
17023 2 2 5 1 1382 8843 8924
17024 2 2 5 1 6792 8865 8975
17025 2 2 5 1 758 8702 8741
17026 2 2 5 1 1378 8846 8931
17027 2 2 5 1 7189 5159 8966
17028 2 2 5 1 8338 2921 9116
17029 2 2 5 1 8038 785 8754
17030 2 2 5 1 5808 5807 8942
17031 2 2 5 1 1354 8849 8938
17032 2 2 5 1 5700 1616 9039
17033 2 2 5 1 8385 5757 8796
17034 2 2 5 1 5459 7990 9040
17035 2 2 5 1 8050 4655 8441
17036 2 2 5 1 2531 8203 8944
17037 2 2 5 1 8315 6845 8567
17038 2 2 5 1 8697 757 8742
17039 2 2 5 1 6327 8304 8748
17040 2 2 5 1 4213 5345 8513
17041 2 2 5 1 5264 8870 8981
17042 2 2 5 1 6860 8853 8957
17043 2 2 5 1 8194 2530 8935
17044 2 2 5 1 575 577 8506
17045 2 2 5 1 4429 3647 8509
17046 2 2 5 1 8523 630 9072
17047 2 2 5 1 8281 4596 9071
17048 2 2 5 1 3038 6822 8519
17049 2 2 5 1 3646 8490 8661
17050 2 2 5 1 5228 8345 8953
17051 2 2 5 1 1192 8467 8711
17052 2 2 5 1 2343 3203 8522
17053 2 2 5 1 5034 6179 8558
17054 2 2 5 1 8422 477 8939
17055 2 2 5 1 5184 6743 8804
17056 2 2 5 1 4291 8501 8515
17057 2 2 5 1 5873 5872 8690
17058 2 2 5 1 7887 4816 8787
17059 2 2 5 1 5579 5315 8523
17060 2 2 5 1 5293 4653 8521
17061 2 2 5 1 5242 8292 8777
17062 2 2 5 1 8404 4726 8424
17063 2 2 5 1 1256 8825 8913
17064 2 2 5 1 8535 190 8741
17065 2 2 5 1 424 8536 8742
17066 2 2 5 1 7814 3496 8473
17067 2 2 5 1 4520 4431 8526
17068 2 2 5 1 8119 1854 8567
17069 2 2 5 1 4727 8405 8425
17070 2 2 5 1 3440 6253 8554
17071 2 2 5 1 8191 5022 9112
17072 2 2 5 1 4490 7523 8585
17073 2 2 5 1 6485 6487 8738
17074 2 2 5 1 7528 4492 8587
17075 2 2 5 1 5453 7328 9044
17076 2 2 5 1 7169 5184 8804
17077 2 2 5 1 1224 8612 9120
17078 2 2 5 1 617 615 8525
17079 2 2 5 1 6157 5212 8581
17080 2 2 5 1 5181 8641 8964
17081 2 2 5 1 6637 8281 9095
17082 2 2 5 1 4828 5277 8538
17083 2 2 5 1 8618 3937 8628
17084 2 2 5 1 6745 6748 8533
17085 2 2 5 1 6845 3937 8618
17086 2 2 5 1 5726 1263 9057
17087 2 2 5 1 6012 6011 8546
17088 2 2 5 1 5213 5723 8671
17089 2 2 5 1 3944 7146 9056
17090 2 2 5 1 5112 5115 8650
17091 2 2 5 1 630 8523 8772
17092 2 2 5 1 4955 8238 8701
17093 2 2 5 1 8590 5211 8838
17094 2 2 5 1 1596 7946 8691
17095 2 2 5 1 573 575 8534
17096 2 2 5 1 8117 8767 9088
17097 2 2 5 1 575 8506 8534
17098 2 2 5 1 380 381 8540
17099 2 2 5 1 2194 7233 8532
17100 2 2 5 1 5093 4772 8528
17101 2 2 5 1 251 252 8542
17102 2 2 5 1 1048 176 8524
17103 2 2 5 1 5210 4007 8541
17104 2 2 5 1 3153 3317 8548
17105 2 2 5 1 8336 5137 8358
17106 2 2 5 1 8528 4772 8551
17107 2 2 5 1 4490 8585 8632
17108 2 2 5 1 391 392 8545
17109 2 2 5 1 1568 89 8517
17110 2 2 5 1 347 6950 8688
17111 2 2 5 1 6743 7797 8804
17112 2 2 5 1 7435 8403 8430
17113 2 2 5 1 2194 8532 8571
17114 2 2 5 1 8587 4492 8635
17115 2 2 5 1 3937 4787 8628
17116 2 2 5 1 473 8010 8918
17117 2 2 5 1 8543 4415 8556
17118 2 2 5 1 1923 1921 8552
17119 2 2 5 1 59 8272 8363
17120 2 2 5 1 6463 4251 8553
17121 2 2 5 1 8323 7719 8727
17122 2 2 5 1 1295 1200 8550
17123 2 2 5 1 3139 2733 8544
17124 2 2 5 1 5348 4803 8539
17125 2 2 5 1 7574 4490 8632
17126 2 2 5 1 474 7628 8993
17127 2 2 5 1 5560 5276 8536
17128 2 2 5 1 5275 5561 8535
17129 2 2 5 1 6803 6802 8557
17130 2 2 5 1 4492 7572 8635
17131 2 2 5 1 8153 7728 8418
17132 2 2 5 1 5449 5450 8754
17133 2 2 5 1 4849 5221 8682
17134 2 2 5 1 5681 1496 9070
17135 2 2 5 1 4415 4033 8556
17136 2 2 5 1 3541 5428 9037
17137 2 2 5 1 3173 3172 8900
17138 2 2 5 1 6109 4034 8562
17139 2 2 5 1 615 613 8549
17140 2 2 5 1 3856 6381 9021
17141 2 2 5 1 8455 6840 8820
17142 2 2 5 1 8525 615 8549
17143 2 2 5 1 4772 7015 8551
17144 2 2 5 1 6060 6059 8597
17145 2 2 5 1 6431 6428 8561
17146 2 2 5 1 82 81 8582
17147 2 2 5 1 1402 1399 8559
17148 2 2 5 1 7946 5808 8691
17149 2 2 5 1 8202 7073 8590
17150 2 2 5 1 7699 8259 8738
17151 2 2 5 1 8541 5501 8901
17152 2 2 5 1 6895 4821 8569
17153 2 2 5 1 5025 6477 8746
17154 2 2 5 1 197 198 8564
17155 2 2 5 1 4739 8395 8731
17156 2 2 5 1 5214 4718 8919
17157 2 2 5 1 416 417 8565
17158 2 2 5 1 5358 5802 8884
17159 2 2 5 1 1149 1035 8566
17160 2 2 5 1 5208 8829 9117
17161 2 2 5 1 4718 7086 8914
17162 2 2 5 1 4912 8598 8625
17163 2 2 5 1 8396 4741 8734
17164 2 2 5 1 7656 4415 8543
17165 2 2 5 1 5374 8338 9116
17166 2 2 5 1 4033 6756 8570
17167 2 2 5 1 6391 8579 8889
17168 2 2 5 1 8435 1252 8850
17169 2 2 5 1 7532 4512 8547
17170 2 2 5 1 6342 5098 8815
17171 2 2 5 1 4776 8202 8590
17172 2 2 5 1 8550 5505 8912
17173 2 2 5 1 8437 4789 8770
17174 2 2 5 1 474 8115 8948
17175 2 2 5 1 2330 5989 9042
17176 2 2 5 1 8292 5479 9031
17177 2 2 5 1 2313 6299 8591
17178 2 2 5 1 2088 6141 8575
17179 2 2 5 1 8487 512 8529
17180 2 2 5 1 8746 6477 8765
17181 2 2 5 1 511 8488 8531
17182 2 2 5 1 8480 7462 8783
17183 2 2 5 1 7401 8385 8796
17184 2 2 5 1 4912 7541 8598
17185 2 2 5 1 5665 5664 8922
17186 2 2 5 1 8556 4033 8570
17187 2 2 5 1 6488 483 8599
17188 2 2 5 1 6847 1149 8577
17189 2 2 5 1 8458 6618 8886
17190 2 2 5 1 4827 6497 8574
17191 2 2 5 1 7438 3472 8560
17192 2 2 5 1 2585 8563 8583
17193 2 2 5 1 4711 8354 8357
17194 2 2 5 1 3990 5356 8714
17195 2 2 5 1 4827 8574 8578
17196 2 2 5 1 6780 7106 8576
17197 2 2 5 1 4873 5800 8612
17198 2 2 5 1 4320 4827 8578
17199 2 2 5 1 6962 7049 8580
17200 2 2 5 1 4579 4581 8572
17201 2 2 5 1 2835 8325 8995
17202 2 2 5 1 178 1567 8555
17203 2 2 5 1 6093 5007 8605
17204 2 2 5 1 4718 8914 8919
17205 2 2 5 1 7574 8632 8666
17206 2 2 5 1 8569 1256 8885
17207 2 2 5 1 4710 8335 8415
17208 2 2 5 1 7416 2194 8571
17209 2 2 5 1 1149 8566 8577
17210 2 2 5 1 5425 4762 8997
17211 2 2 5 1 8577 4822 8895
17212 2 2 5 1 2743 2745 8579
17213 2 2 5 1 6634 8716 8994
17214 2 2 5 1 309 310 8588
17215 2 2 5 1 6478 6581 8785
17216 2 2 5 1 6632 2365 8602
17217 2 2 5 1 7302 2585 8583
17218 2 2 5 1 6384 498 8996
17219 2 2 5 1 6688 772 8958
17220 2 2 5 1 2192 3207 8584
17221 2 2 5 1 8245 6133 8677
17222 2 2 5 1 6477 6478 8765
17223 2 2 5 1 6943 6938 8594
17224 2 2 5 1 8231 1167 8641
17225 2 2 5 1 5780 6033 8844
17226 2 2 5 1 6092 4861 8629
17227 2 2 5 1 2286 5736 8964
17228 2 2 5 1 91 1047 8573
17229 2 2 5 1 5010 6092 8607
17230 2 2 5 1 7073 4019 8590
17231 2 2 5 1 5054 7621 8739
17232 2 2 5 1 1405 1408 8589
17233 2 2 5 1 6441 4834 8613
17234 2 2 5 1 5678 5677 9062
17235 2 2 5 1 8711 5025 8746
17236 2 2 5 1 5626 5627 8586
17237 2 2 5 1 8419 5170 8434
17238 2 2 5 1 8570 6756 8604
17239 2 2 5 1 812 948 8600
17240 2 2 5 1 4453 8277 8784
17241 2 2 5 1 8120 6609 8622
17242 2 2 5 1 5989 1284 9086
17243 2 2 5 1 79 8320 8368
17244 2 2 5 1 8303 5338 9090
17245 2 2 5 1 4844 4991 8592
17246 2 2 5 1 4992 4845 8593
17247 2 2 5 1 6054 6055 8606
17248 2 2 5 1 1235 5771 9028
17249 2 2 5 1 5779 1234 9029
17250 2 2 5 1 1167 6130 8641
17251 2 2 5 1 6756 5536 8604
17252 2 2 5 1 8657 1136 9063
17253 2 2 5 1 4860 6093 8631
17254 2 2 5 1 8765 6478 8785
17255 2 2 5 1 5872 5870 9047
17256 2 2 5 1 114 115 8611
17257 2 2 5 1 8151 5409 8620
17258 2 2 5 1 3246 3930 8609
17259 2 2 5 1 6116 2281 8763
17260 2 2 5 1 4823 5303 9002
17261 2 2 5 1 8486 2309 8809
17262 2 2 5 1 5359 5360 8618
17263 2 2 5 1 5090 5091 8621
17264 2 2 5 1 5268 6409 8679
17265 2 2 5 1 3875 3874 8601
17266 2 2 5 1 1549 711 8623
17267 2 2 5 1 1652 1848 8614
17268 2 2 5 1 7907 5290 8624
17269 2 2 5 1 5907 5908 8663
17270 2 2 5 1 8585 5352 8632
17271 2 2 5 1 3738 4912 8625
17272 2 2 5 1 3876 3877 8603
17273 2 2 5 1 1398 7574 8666
17274 2 2 5 1 5458 5457 8656
17275 2 2 5 1 8727 3320 9016
17276 2 2 5 1 8406 4729 8839
17277 2 2 5 1 1192 7302 8608
17278 2 2 5 1 5102 6342 8782
17279 2 2 5 1 6512 8676 8721
17280 2 2 5 1 6581 6582 8799
17281 2 2 5 1 5354 8587 8635
17282 2 2 5 1 5359 8618 8628
17283 2 2 5 1 7302 8583 8608
17284 2 2 5 1 8343 5302 8806
17285 2 2 5 1 4156 7020 9010
17286 2 2 5 1 8942 2330 9042
17287 2 2 5 1 6547 6779 8630
17288 2 2 5 1 7061 8435 8850
17289 2 2 5 1 6512 7669 8676
17290 2 2 5 1 8105 1319 8902
17291 2 2 5 1 3638 8643 8652
17292 2 2 5 1 1854 8315 8567
17293 2 2 5 1 8684 494 9038
17294 2 2 5 1 8785 6581 8799
17295 2 2 5 1 6582 5378 8816
17296 2 2 5 1 7367 6403 8689
17297 2 2 5 1 733 1550 8634
17298 2 2 5 1 3437 3436 8622
17299 2 2 5 1 1131 8176 8484
17300 2 2 5 1 5162 6346 8811
17301 2 2 5 1 7431 8677 8930
17302 2 2 5 1 5562 5446 9067
17303 2 2 5 1 5361 5359 8628
17304 2 2 5 1 4844 8592 8595
17305 2 2 5 1 8593 4845 8596
17306 2 2 5 1 7079 5272 8626
17307 2 2 5 1 3638 2294 8643
17308 2 2 5 1 5889 5890 8835
17309 2 2 5 1 7429 3903 8619
17310 2 2 5 1 8689 6403 8730
17311 2 2 5 1 3691 8637 8638
17312 2 2 5 1 3542 4008 8959
17313 2 2 5 1 5024 8640 8647
17314 2 2 5 1 5024 5582 8640
17315 2 2 5 1 5415 7520 8715
17316 2 2 5 1 2296 3642 8649
17317 2 2 5 1 3691 7300 8637
17318 2 2 5 1 3007 3691 8638
17319 2 2 5 1 1139 1065 8646
17320 2 2 5 1 4199 5350 8633
17321 2 2 5 1 5993 757 8697
17322 2 2 5 1 5487 3638 8652
17323 2 2 5 1 1357 1303 8627
17324 2 2 5 1 6496 5179 8854
17325 2 2 5 1 5352 5353 8632
17326 2 2 5 1 6084 4160 9035
17327 2 2 5 1 7797 1253 8804
17328 2 2 5 1 6283 6282 8794
17329 2 2 5 1 8683 5130 8915
17330 2 2 5 1 4516 5699 8645
17331 2 2 5 1 5355 5354 8635
17332 2 2 5 1 964 6921 8718
17333 2 2 5 1 5470 8343 8992
17334 2 2 5 1 6854 6855 8642
17335 2 2 5 1 3876 8603 8610
17336 2 2 5 1 4538 5024 8647
17337 2 2 5 1 6282 5061 8789
17338 2 2 5 1 6632 8602 8716
17339 2 2 5 1 2752 2754 8639
17340 2 2 5 1 6170 5057 8658
17341 2 2 5 1 5378 5156 8848
17342 2 2 5 1 8601 3874 8616
17343 2 2 5 1 1276 8213 8892
17344 2 2 5 1 4414 4413 8644
17345 2 2 5 1 758 5996 8702
17346 2 2 5 1 3256 2839 8648
17347 2 2 5 1 8572 5225 8834
17348 2 2 5 1 2407 8514 8585
17349 2 2 5 1 7737 4779 9103
17350 2 2 5 1 5098 6872 8815
17351 2 2 5 1 8799 6582 8816
17352 2 2 5 1 373 374 8664
17353 2 2 5 1 8816 5378 8848
17354 2 2 5 1 5887 5889 8932
17355 2 2 5 1 239 240 8653
17356 2 2 5 1 7734 3876 8610
17357 2 2 5 1 8518 2408 8587
17358 2 2 5 1 4090 3737 8654
17359 2 2 5 1 4887 4886 8655
17360 2 2 5 1 5161 6680 8696
17361 2 2 5 1 8658 5057 8686
17362 2 2 5 1 8619 3903 8675
17363 2 2 5 1 984 1034 8651
17364 2 2 5 1 5677 482 9062
17365 2 2 5 1 6303 5092 8672
17366 2 2 5 1 6674 5165 8703
17367 2 2 5 1 7786 6431 8965
17368 2 2 5 1 5218 7676 8736
17369 2 2 5 1 5156 5358 8868
17370 2 2 5 1 3874 7732 8616
17371 2 2 5 1 5536 5537 8660
17372 2 2 5 1 8115 474 8993
17373 2 2 5 1 6480 2307 8749
17374 2 2 5 1 8868 5358 8884
17375 2 2 5 1 5061 6200 8781
17376 2 2 5 1 6344 6345 8856
17377 2 2 5 1 6661 8371 9109
17378 2 2 5 1 5110 5108 8659
17379 2 2 5 1 8632 5353 8666
17380 2 2 5 1 8 7 8663
17381 2 2 5 1 1266 5810 9065
17382 2 2 5 1 263 264 8667
17383 2 2 5 1 1295 8912 8921
17384 2 2 5 1 7477 5743 9065
17385 2 2 5 1 6346 6344 8837
17386 2 2 5 1 6808 719 9008
17387 2 2 5 1 8345 2792 8953
17388 2 2 5 1 6728 1867 8685
17389 2 2 5 1 5057 4097 8686
17390 2 2 5 1 4071 3681 8669
17391 2 2 5 1 4063 3645 8661
17392 2 2 5 1 3997 3998 8678
17393 2 2 5 1 4737 5367 8665
17394 2 2 5 1 8622 6609 9068
17395 2 2 5 1 8289 5736 8527
17396 2 2 5 1 6524 8744 8786
17397 2 2 5 1 43 478 8673
17398 2 2 5 1 7609 5135 8798
17399 2 2 5 1 8347 504 8854
17400 2 2 5 1 5602 3196 8662
17401 2 2 5 1 8770 2777 9020
17402 2 2 5 1 139 468 8674
17403 2 2 5 1 8504 6185 8563
17404 2 2 5 1 3322 8495 8861
17405 2 2 5 1 3581 2954 8668
17406 2 2 5 1 8848 5156 8868
17407 2 2 5 1 5353 7430 8666
17408 2 2 5 1 8815 6872 8832
17409 2 2 5 1 499 8624 9087
17410 2 2 5 1 6282 8789 8794
17411 2 2 5 1 3038 8519 8890
17412 2 2 5 1 8082 4990 8642
17413 2 2 5 1 5586 7907 8624
17414 2 2 5 1 6394 8380 8584
17415 2 2 5 1 307 308 8684
17416 2 2 5 1 3197 5602 9119
17417 2 2 5 1 1282 8351 9048
17418 2 2 5 1 5383 5124 8694
17419 2 2 5 1 5290 4047 8679
17420 2 2 5 1 4918 4916 8683
17421 2 2 5 1 8360 1283 9052
17422 2 2 5 1 8680 5439 8752
17423 2 2 5 1 3903 5065 8675
17424 2 2 5 1 6061 8680 8752
17425 2 2 5 1 8701 2373 9084
17426 2 2 5 1 7822 5144 8949
17427 2 2 5 1 5145 7823 8950
17428 2 2 5 1 346 347 8688
17429 2 2 5 1 6647 5528 9059
17430 2 2 5 1 719 6765 8998
17431 2 2 5 1 380 8540 8888
17432 2 2 5 1 6950 6951 8688
17433 2 2 5 1 8407 1596 8691
17434 2 2 5 1 6353 2373 8701
17435 2 2 5 1 5038 6204 8762
17436 2 2 5 1 8395 5304 8564
17437 2 2 5 1 6200 5038 8776
17438 2 2 5 1 8604 5536 8660
17439 2 2 5 1 5204 8289 8527
17440 2 2 5 1 5440 5441 8756
17441 2 2 5 1 5305 8396 8565
17442 2 2 5 1 9042 5989 9086
17443 2 2 5 1 6705 5552 8892
17444 2 2 5 1 8623 5702 8696
17445 2 2 5 1 6951 6949 8693
17446 2 2 5 1 1319 137 8692
17447 2 2 5 1 1242 6754 9006
17448 2 2 5 1 8403 525 8430
17449 2 2 5 1 5149 7626 8819
17450 2 2 5 1 5698 8634 8703
17451 2 2 5 1 471 8271 8999
17452 2 2 5 1 719 8998 9008
17453 2 2 5 1 50 1163 8687
17454 2 2 5 1 5313 5314 9023
17455 2 2 5 1 7329 5608 8725
17456 2 2 5 1 6524 5200 8744
17457 2 2 5 1 501 8048 9015
17458 2 2 5 1 5579 9072 9093
17459 2 2 5 1 3561 411 8706
17460 2 2 5 1 5439 5438 8752
17461 2 2 5 1 5463 4131 8698
17462 2 2 5 1 1067 1129 8695
17463 2 2 5 1 5168 5941 8897
17464 2 2 5 1 7351 7352 8680
17465 2 2 5 1 6821 5055 8699
17466 2 2 5 1 7350 7349 8681
17467 2 2 5 1 8258 472 8956
17468 2 2 5 1 6633 6632 8716
17469 2 2 5 1 4133 5464 8700
17470 2 2 5 1 8837 6344 8856
17471 2 2 5 1 6350 5208 9070
17472 2 2 5 1 2957 2940 8987
17473 2 2 5 1 6860 5195 8946
17474 2 2 5 1 6761 5412 8712
17475 2 2 5 1 6941 6940 9079
17476 2 2 5 1 8297 4737 8665
17477 2 2 5 1 8811 6346 8837
17478 2 2 5 1 5195 5437 8936
17479 2 2 5 1 5172 8324 8767
17480 2 2 5 1 7676 1308 8736
17481 2 2 5 1 5441 8681 8756
17482 2 2 5 1 5106 5103 8705
17483 2 2 5 1 8681 6056 8756
17484 2 2 5 1 8591 6299 8968
17485 2 2 5 1 469 6989 8836
17486 2 2 5 1 6511 6512 8721
17487 2 2 5 1 6504 5158 8797
17488 2 2 5 1 8077 5348 9092
17489 2 2 5 1 8238 6353 8701
17490 2 2 5 1 6200 8776 8781
17491 2 2 5 1 1884 8401 8773
17492 2 2 5 1 8022 6496 8854
17493 2 2 5 1 3004 4262 8713
17494 2 2 5 1 6599 6598 8717
17495 2 2 5 1 4366 5787 9121
17496 2 2 5 1 158 1282 8708
17497 2 2 5 1 3772 4807 8719
17498 2 2 5 1 8576 5117 8650
17499 2 2 5 1 5200 5199 8710
17500 2 2 5 1 5195 8936 8946
17501 2 2 5 1 1283 109 8709
17502 2 2 5 1 191 758 8741
17503 2 2 5 1 757 423 8742
17504 2 2 5 1 5395 5298 8704
17505 2 2 5 1 5664 4380 8922
17506 2 2 5 1 5891 5887 8932
17507 2 2 5 1 5061 8781 8789
17508 2 2 5 1 5135 5387 8855
17509 2 2 5 1 6403 6402 8730
17510 2 2 5 1 3436 8120 8622
17511 2 2 5 1 4921 6439 8714
17512 2 2 5 1 4988 6263 8740
17513 2 2 5 1 6204 4988 8757
17514 2 2 5 1 6288 8053 8636
17515 2 2 5 1 8579 2745 8889
17516 2 2 5 1 2928 3662 8792
17517 2 2 5 1 7010 8281 9071
17518 2 2 5 1 4452 4450 8784
17519 2 2 5 1 7316 720 8711
17520 2 2 5 1 3663 2929 8788
17521 2 2 5 1 5154 5155 8718
17522 2 2 5 1 481 65 8707
17523 2 2 5 1 3678 3675 8830
17524 2 2 5 1 8641 6130 8964
17525 2 2 5 1 2940 3236 8987
17526 2 2 5 1 6370 6371 8778
17527 2 2 5 1 4714 5351 8722
17528 2 2 5 1 2932 7329 8725
17529 2 2 5 1 5276 4937 8697
17530 2 2 5 1 5017 6370 8771
17531 2 2 5 1 5331 6391 8889
17532 2 2 5 1 5273 5788 9121
17533 2 2 5 1 2938 2586 8720
17534 2 2 5 1 5552 7849 8892
17535 2 2 5 1 5638 5075 8732
17536 2 2 5 1 6817 3881 8961
17537 2 2 5 1 6979 466 8845
17538 2 2 5 1 5750 5749 8779
17539 2 2 5 1 5802 5598 9091
17540 2 2 5 1 7223 2965 8886
17541 2 2 5 1 4935 5275 8702
17542 2 2 5 1 6263 5017 8753
17543 2 2 5 1 3444 3442 8728
17544 2 2 5 1 3575 3281 8735
17545 2 2 5 1 8594 6938 9034
17546 2 2 5 1 5788 4366 9121
17547 2 2 5 1 6614 489 8747
17548 2 2 5 1 5069 5067 8729
17549 2 2 5 1 8698 5438 8788
17550 2 2 5 1 6702 8105 8902
17551 2 2 5 1 8368 6063 9024
17552 2 2 5 1 6056 4134 8756
17553 2 2 5 1 7649 2785 8724
17554 2 2 5 1 5216 5218 8736
17555 2 2 5 1 2786 7651 8726
17556 2 2 5 1 8798 5135 8855
17557 2 2 5 1 5144 7822 8810
17558 2 2 5 1 815 568 8733
17559 2 2 5 1 4008 5426 8959
17560 2 2 5 1 7146 5559 8793
17561 2 2 5 1 4132 6061 8752
17562 2 2 5 1 7675 2932 8725
17563 2 2 5 1 6204 8757 8762
17564 2 2 5 1 5402 5149 8879
17565 2 2 5 1 8557 5459 9040
17566 2 2 5 1 8724 2785 8750
17567 2 2 5 1 6134 5204 8983
17568 2 2 5 1 2786 8726 8751
17569 2 2 5 1 2117 1962 8745
17570 2 2 5 1 7823 5145 8844
17571 2 2 5 1 4027 4739 8731
17572 2 2 5 1 7719 7244 8727
17573 2 2 5 1 1255 8472 9095
17574 2 2 5 1 8771 6370 8778
17575 2 2 5 1 5038 8762 8776
17576 2 2 5 1 5757 5760 8796
17577 2 2 5 1 7316 8711 8746
17578 2 2 5 1 4741 4029 8734
17579 2 2 5 1 3172 3672 8900
17580 2 2 5 1 2583 8746 8765
17581 2 2 5 1 5440 8700 8792
17582 2 2 5 1 6042 3582 8826
17583 2 2 5 1 2583 7316 8746
17584 2 2 5 1 5919 2823 9058
17585 2 2 5 1 5506 5059 8749
17586 2 2 5 1 5452 5380 8758
17587 2 2 5 1 2587 8740 8753
17588 2 2 5 1 4160 8074 9035
17589 2 2 5 1 4764 8407 8691
17590 2 2 5 1 2587 7451 8740
17591 2 2 5 1 2281 628 8772
17592 2 2 5 1 472 156 8760
17593 2 2 5 1 4634 7181 8748
17594 2 2 5 1 4649 4651 8761
17595 2 2 5 1 3915 7699 8738
17596 2 2 5 1 8653 5712 8958
17597 2 2 5 1 7086 3173 8914
17598 2 2 5 1 5931 8483 9011
17599 2 2 5 1 406 2362 8777
17600 2 2 5 1 7289 2583 8765
17601 2 2 5 1 4797 3637 8764
17602 2 2 5 1 785 7453 8754
17603 2 2 5 1 8304 6327 8743
17604 2 2 5 1 5277 6782 8766
17605 2 2 5 1 111 471 8768
17606 2 2 5 1 216 686 8780
17607 2 2 5 1 8740 6263 8753
17608 2 2 5 1 6061 8597 9076
17609 2 2 5 1 530 6708 8783
17610 2 2 5 1 2785 7537 8750
17611 2 2 5 1 8629 5439 9082
17612 2 2 5 1 5149 8819 8879
17613 2 2 5 1 3674 8442 8830
17614 2 2 5 1 7542 2786 8751
17615 2 2 5 1 5125 5126 8774
17616 2 2 5 1 8757 921 8762
17617 2 2 5 1 5315 4904 8763
17618 2 2 5 1 7448 2587 8753
17619 2 2 5 1 5171 5172 8767
17620 2 2 5 1 8044 5026 8828
17621 2 2 5 1 8606 6056 9077
17622 2 2 5 1 7451 921 8757
17623 2 2 5 1 5319 5926 8956
17624 2 2 5 1 6597 6662 9109
17625 2 2 5 1 5281 5279 8935
17626 2 2 5 1 8492 6813 8961
17627 2 2 5 1 8118 5283 8943
17628 2 2 5 1 5200 8710 8744
17629 2 2 5 1 8679 6409 9087
17630 2 2 5 1 5285 5287 8944
17631 2 2 5 1 5166 5283 8801
17632 2 2 5 1 8665 5367 8996
17633 2 2 5 1 921 7450 8762
17634 2 2 5 1 4766 5242 8769
17635 2 2 5 1 8748 7181 8775
17636 2 2 5 1 4789 7731 8770
17637 2 2 5 1 2417 6729 8782
17638 2 2 5 1 7289 8765 8785
17639 2 2 5 1 8740 7451 8757
17640 2 2 5 1 7181 5404 8775
17641 2 2 5 1 6523 6524 8786
17642 2 2 5 1 961 8771 8778
17643 2 2 5 1 5441 8631 9085
17644 2 2 5 1 961 7448 8771
17645 2 2 5 1 8753 5017 8771
17646 2 2 5 1 4988 8740 8757
17647 2 2 5 1 8625 5123 8682
17648 2 2 5 1 3151 8133 8717
17649 2 2 5 1 8776 2597 8781
17650 2 2 5 1 7032 2529 8896
17651 2 2 5 1 5593 5594 9009
17652 2 2 5 1 1038 993 8790
17653 2 2 5 1 6934 6933 8791
17654 2 2 5 1 5563 8406 9115
17655 2 2 5 1 4488 7370 8891
17656 2 2 5 1 7450 2597 8776
17657 2 2 5 1 784 6930 8793
17658 2 2 5 1 7448 8753 8771
17659 2 2 5 1 5316 5318 8995
17660 2 2 5 1 1038 8790 8802
17661 2 2 5 1 7446 961 8778
17662 2 2 5 1 7374 4489 8894
17663 2 2 5 1 6327 8370 8743
17664 2 2 5 1 781 7289 8785
17665 2 2 5 1 5152 8319 8747
17666 2 2 5 1 2597 7464 8781
17667 2 2 5 1 5474 4043 8787
17668 2 2 5 1 781 8785 8799
17669 2 2 5 1 995 1044 8795
17670 2 2 5 1 8762 7450 8776
17671 2 2 5 1 1228 401 8806
17672 2 2 5 1 8795 1044 8812
17673 2 2 5 1 7726 1568 8723
17674 2 2 5 1 1252 6944 8850
17675 2 2 5 1 5087 8177 8904
17676 2 2 5 1 5158 7992 8797
17677 2 2 5 1 6526 8538 9004
17678 2 2 5 1 8561 3965 8965
17679 2 2 5 1 8098 5182 8845
17680 2 2 5 1 7992 1254 8797
17681 2 2 5 1 7960 5040 9088
17682 2 2 5 1 8789 869 8794
17683 2 2 5 1 1071 1038 8802
17684 2 2 5 1 2252 7401 8796
17685 2 2 5 1 5736 5181 8964
17686 2 2 5 1 5198 6758 8818
17687 2 2 5 1 7464 869 8789
17688 2 2 5 1 3191 3603 8808
17689 2 2 5 1 8374 5270 8923
17690 2 2 5 1 1253 7169 8804
17691 2 2 5 1 1238 1314 8803
17692 2 2 5 1 7254 781 8799
17693 2 2 5 1 5269 8369 8917
17694 2 2 5 1 3775 4396 8805
17695 2 2 5 1 4688 9014 9049
17696 2 2 5 1 6068 3914 8835
17697 2 2 5 1 213 1225 8823
17698 2 2 5 1 5 4147 8939
17699 2 2 5 1 1044 1074 8812
17700 2 2 5 1 1637 1636 8800
17701 2 2 5 1 869 7472 8794
17702 2 2 5 1 5290 8679 9087
17703 2 2 5 1 8803 1314 8822
17704 2 2 5 1 8781 7464 8789
17705 2 2 5 1 8181 5503 8664
17706 2 2 5 1 8371 6597 9109
17707 2 2 5 1 4026 5289 8817
17708 2 2 5 1 5260 5262 8827
17709 2 2 5 1 1181 1295 8821
17710 2 2 5 1 492 6621 8831
17711 2 2 5 1 4100 5739 8811
17712 2 2 5 1 5557 5558 8820
17713 2 2 5 1 6814 6817 8961
17714 2 2 5 1 8382 1288 8920
17715 2 2 5 1 2821 5921 9045
17716 2 2 5 1 3993 3992 8824
17717 2 2 5 1 1356 6153 8951
17718 2 2 5 1 1314 1377 8822
17719 2 2 5 1 5201 5502 8825
17720 2 2 5 1 4677 5240 8829
17721 2 2 5 1 2541 8816 8848
17722 2 2 5 1 2541 7254 8816
17723 2 2 5 1 4339 4776 8838
17724 2 2 5 1 2421 6740 8834
17725 2 2 5 1 5295 5296 8813
17726 2 2 5 1 4762 3856 9021
17727 2 2 5 1 4368 8460 8897
17728 2 2 5 1 5206 5207 8814
17729 2 2 5 1 5262 8544 8827
17730 2 2 5 1 8884 5802 9091
17731 2 2 5 1 7254 8799 8816
17732 2 2 5 1 2038 9019 9061
17733 2 2 5 1 6463 8553 8773
17734 2 2 5 1 5577 5416 9084
17735 2 2 5 1 7370 3521 9033
17736 2 2 5 1 4414 8644 9096
17737 2 2 5 1 6074 5362 8847
17738 2 2 5 1 6511 8798 8855
17739 2 2 5 1 8840 3475 8842
17740 2 2 5 1 3523 7374 9036
17741 2 2 5 1 8858 3488 8864
17742 2 2 5 1 4734 6111 8833
17743 2 2 5 1 6926 3475 8840
17744 2 2 5 1 5205 6841 8843
17745 2 2 5 1 6835 4370 8910
17746 2 2 5 1 3475 7051 8842
17747 2 2 5 1 1383 1386 8841
17748 2 2 5 1 846 848 8852
17749 2 2 5 1 1567 7824 8759
17750 2 2 5 1 5191 6881 8846
17751 2 2 5 1 4100 8811 8837
17752 2 2 5 1 497 372 8859
17753 2 2 5 1 2073 6511 8855
17754 2 2 5 1 4688 7856 9014
17755 2 2 5 1 3558 8185 9078
17756 2 2 5 1 6381 3541 9037
17757 2 2 5 1 5196 5505 8849
17758 2 2 5 1 4322 5291 8851
17759 2 2 5 1 5610 8869 8881
17760 2 2 5 1 7500 3488 8858
17761 2 2 5 1 5188 5460 8857
17762 2 2 5 1 5610 5611 8869
17763 2 2 5 1 5415 8942 9042
17764 2 2 5 1 504 8022 8854
17765 2 2 5 1 5180 7061 8850
17766 2 2 5 1 6904 2445 8860
17767 2 2 5 1 7264 2541 8848
17768 2 2 5 1 7104 5223 8853
17769 2 2 5 1 3488 6876 8864
17770 2 2 5 1 2117 8815 8832
17771 2 2 5 1 8912 6893 8921
17772 2 2 5 1 3054 3517 8867
17773 2 2 5 1 7629 2951 8828
17774 2 2 5 1 466 8098 8845
17775 2 2 5 1 6153 5220 8951
17776 2 2 5 1 4586 5631 8866
17777 2 2 5 1 266 4137 8862
17778 2 2 5 1 349 4138 8863
17779 2 2 5 1 6348 5610 8881
17780 2 2 5 1 5424 6732 8873
17781 2 2 5 1 7527 2117 8832
17782 2 2 5 1 1287 8503 9005
17783 2 2 5 1 5304 8487 8529
17784 2 2 5 1 6257 4161 8870
17785 2 2 5 1 8211 4802 8896
17786 2 2 5 1 8488 5305 8531
17787 2 2 5 1 6402 2064 8879
17788 2 2 5 1 1046 8868 8884
17789 2 2 5 1 5874 3558 9078
17790 2 2 5 1 8819 6402 8879
17791 2 2 5 1 4729 4159 8839
17792 2 2 5 1 3745 4141 8865
17793 2 2 5 1 4185 5500 8876
17794 2 2 5 1 5478 4785 8872
17795 2 2 5 1 7426 4100 8837
17796 2 2 5 1 512 8487 8595
17797 2 2 5 1 8488 511 8596
17798 2 2 5 1 6188 5321 8925
17799 2 2 5 1 6618 6619 8886
17800 2 2 5 1 6694 6695 8875
17801 2 2 5 1 1429 6694 8877
17802 2 2 5 1 6694 8875 8877
17803 2 2 5 1 4466 3322 8861
17804 2 2 5 1 5283 5649 8943
17805 2 2 5 1 8010 6789 8918
17806 2 2 5 1 1046 7264 8868
17807 2 2 5 1 6893 6894 8921
17808 2 2 5 1 4709 3152 8882
17809 2 2 5 1 8467 5025 8711
17810 2 2 5 1 4142 5202 8878
17811 2 2 5 1 6848 3038 8890
17812 2 2 5 1 1099 1151 8885
17813 2 2 5 1 5037 7426 8856
17814 2 2 5 1 3759 4811 8887
17815 2 2 5 1 379 380 8888
17816 2 2 5 1 5833 4843 8953
17817 2 2 5 1 2038 5886 9019
17818 2 2 5 1 8215 265 8862
17819 2 2 5 1 2566 2563 8874
17820 2 2 5 1 7264 8848 8868
17821 2 2 5 1 7270 1046 8884
17822 2 2 5 1 837 835 8880
17823 2 2 5 1 4568 7283 8871
17824 2 2 5 1 3865 8245 8677
17825 2 2 5 1 4135 4136 8895
17826 2 2 5 1 7426 8837 8856
17827 2 2 5 1 8188 5453 9044
17828 2 2 5 1 2309 8056 9080
17829 2 2 5 1 6701 6702 8902
17830 2 2 5 1 1254 125 8898
17831 2 2 5 1 2951 8044 8828
17832 2 2 5 1 4046 3680 8893
17833 2 2 5 1 7161 687 8979
17834 2 2 5 1 4163 6927 8901
17835 2 2 5 1 7849 1276 8892
17836 2 2 5 1 6532 488 8915
17837 2 2 5 1 5558 8455 8820
17838 2 2 5 1 2442 6913 8905
17839 2 2 5 1 7484 8809 9080
17840 2 2 5 1 6027 6028 8907
17841 2 2 5 1 8681 7349 9077
17842 2 2 5 1 7099 3104 8899
17843 2 2 5 1 2745 7337 8889
17844 2 2 5 1 8195 1307 8962
17845 2 2 5 1 8427 490 9059
17846 2 2 5 1 6137 6138 8930
17847 2 2 5 1 8191 469 8836
17848 2 2 5 1 6140 6294 8947
17849 2 2 5 1 5197 6893 8912
17850 2 2 5 1 27 26 8909
17851 2 2 5 1 5668 5667 8891
17852 2 2 5 1 413 486 8940
17853 2 2 5 1 8614 1848 8615
17854 2 2 5 1 2846 8903 8906
17855 2 2 5 1 2846 7099 8903
17856 2 2 5 1 5040 8117 9088
17857 2 2 5 1 1055 1064 8913
17858 2 2 5 1 5661 5662 8894
17859 2 2 5 1 5243 5245 8929
17860 2 2 5 1 5324 6186 8928
17861 2 2 5 1 6692 1084 8937
17862 2 2 5 1 7099 8899 8903
17863 2 2 5 1 6130 2286 8964
17864 2 2 5 1 7084 2846 8906
17865 2 2 5 1 7321 7786 8965
17866 2 2 5 1 425 1235 9074
17867 2 2 5 1 1234 189 9075
17868 2 2 5 1 6649 6629 8927
17869 2 2 5 1 6126 5266 8920
17870 2 2 5 1 8934 6692 8937
17871 2 2 5 1 505 211 8954
17872 2 2 5 1 5391 7463 8933
17873 2 2 5 1 6030 2804 9113
17874 2 2 5 1 298 299 8926
17875 2 2 5 1 5460 6418 8919
17876 2 2 5 1 4380 6767 8922
17877 2 2 5 1 5267 6388 8963
17878 2 2 5 1 6299 987 8968
17879 2 2 5 1 2405 6692 8934
17880 2 2 5 1 5457 8337 8656
17881 2 2 5 1 201 202 8941
17882 2 2 5 1 1378 1379 8924
17883 2 2 5 1 465 6993 8917
17884 2 2 5 1 8417 5307 9047
17885 2 2 5 1 4149 5508 8908
17886 2 2 5 1 8490 6147 8661
17887 2 2 5 1 1354 1355 8931
17888 2 2 5 1 6409 499 9087
17889 2 2 5 1 5347 7161 8979
17890 2 2 5 1 8880 835 8970
17891 2 2 5 1 2530 8284 8935
17892 2 2 5 1 7144 464 8923
17893 2 2 5 1 1232 1275 8938
17894 2 2 5 1 922 6235 9002
17895 2 2 5 1 6056 8681 9077
17896 2 2 5 1 6565 1228 9089
17897 2 2 5 1 2185 7057 8936
17898 2 2 5 1 5228 5267 8973
17899 2 2 5 1 6 5 8939
17900 2 2 5 1 6063 6062 9024
17901 2 2 5 1 5267 8963 8973
17902 2 2 5 1 8293 2531 8944
17903 2 2 5 1 435 2038 9061
17904 2 2 5 1 6356 9090 9104
17905 2 2 5 1 1056 6134 8983
17906 2 2 5 1 6792 4145 8957
17907 2 2 5 1 5343 5344 8976
17908 2 2 5 1 2009 6356 9104
17909 2 2 5 1 6197 6196 9050
17910 2 2 5 1 8914 5460 8919
17911 2 2 5 1 6872 8304 8832
17912 2 2 5 1 8353 2835 8995
17913 2 2 5 1 2972 7622 8904
17914 2 2 5 1 5411 5377 9013
17915 2 2 5 1 8244 5293 9105
17916 2 2 5 1 7057 2962 8946
17917 2 2 5 1 8463 4844 8595
17918 2 2 5 1 4845 8464 8596
17919 2 2 5 1 7351 8680 9076
17920 2 2 5 1 403 506 8992
17921 2 2 5 1 8936 7057 8946
17922 2 2 5 1 2585 8504 8563
17923 2 2 5 1 5394 5393 9020
17924 2 2 5 1 2853 6777 8977
17925 2 2 5 1 5179 8347 8854
17926 2 2 5 1 6242 6243 9026
17927 2 2 5 1 6725 5226 8975
17928 2 2 5 1 4088 8730 8819
17929 2 2 5 1 5334 5336 9000
17930 2 2 5 1 6765 2436 8989
17931 2 2 5 1 6376 5389 9018
17932 2 2 5 1 5084 8115 8993
17933 2 2 5 1 129 130 8971
17934 2 2 5 1 5301 8077 9092
17935 2 2 5 1 6708 8480 8783
17936 2 2 5 1 8721 4083 8798
17937 2 2 5 1 5522 5322 8999
17938 2 2 5 1 5308 5900 8982
17939 2 2 5 1 5875 5306 8984
17940 2 2 5 1 1496 6350 9070
17941 2 2 5 1 5712 5230 8958
17942 2 2 5 1 5265 4293 8969
17943 2 2 5 1 8991 5284 9007
17944 2 2 5 1 1225 214 9025
17945 2 2 5 1 4553 5284 8991
17946 2 2 5 1 7252 2854 8978
17947 2 2 5 1 4107 7189 8966
17948 2 2 5 1 5227 7737 9103
17949 2 2 5 1 6786 7459 8981
17950 2 2 5 1 8271 5522 8999
17951 2 2 5 1 1686 1492 8980
17952 2 2 5 1 506 404 9031
17953 2 2 5 1 5284 5579 9007
17954 2 2 5 1 5278 6258 9005
17955 2 2 5 1 5613 8198 9107
17956 2 2 5 1 6800 6799 9016
17957 2 2 5 1 835 833 8970
17958 2 2 5 1 5379 5381 8988
17959 2 2 5 1 6754 6785 9001
17960 2 2 5 1 1134 1072 8952
17961 2 2 5 1 831 829 8974
17962 2 2 5 1 4617 4024 8986
17963 2 2 5 1 8680 6061 9076
17964 2 2 5 1 5435 6502 9054
17965 2 2 5 1 2373 8068 9084
17966 2 2 5 1 7417 4823 9098
17967 2 2 5 1 5732 7768 8916
17968 2 2 5 1 5202 5456 8998
17969 2 2 5 1 4473 7294 8985
17970 2 2 5 1 5235 5432 9010
17971 2 2 5 1 8998 5456 9008
17972 2 2 5 1 5787 5273 9121
17973 2 2 5 1 5456 5458 9008
17974 2 2 5 1 7498 5726 9057
17975 2 2 5 1 1616 1574 9039
17976 2 2 5 1 5706 5560 9028
17977 2 2 5 1 5561 5707 9029
17978 2 2 5 1 4811 5459 9006
17979 2 2 5 1 7270 8884 9091
17980 2 2 5 1 5926 8258 8956
17981 2 2 5 1 5367 5369 8996
17982 2 2 5 1 6028 8646 8907
17983 2 2 5 1 827 825 8990
17984 2 2 5 1 7048 501 9015
17985 2 2 5 1 500 7960 9088
17986 2 2 5 1 5388 5347 8979
17987 2 2 5 1 5430 7582 8955
17988 2 2 5 1 6255 6254 9102
17989 2 2 5 1 7108 878 8997
17990 2 2 5 1 5389 7145 9012
17991 2 2 5 1 825 823 9003
17992 2 2 5 1 4611 4203 8994
17993 2 2 5 1 5365 5366 9048
17994 2 2 5 1 6356 6355 9090
17995 2 2 5 1 6938 6939 9034
17996 2 2 5 1 2770 7339 9004
17997 2 2 5 1 5371 5370 9052
17998 2 2 5 1 8990 825 9003
17999 2 2 5 1 134 135 9027
18000 2 2 5 1 7318 502 8960
18001 2 2 5 1 6609 6608 9068
18002 2 2 5 1 5274 4155 9030
18003 2 2 5 1 5294 7771 8972
18004 2 2 5 1 501 151 9032
18005 2 2 5 1 5376 6637 9095
18006 2 2 5 1 3160 3967 9081
18007 2 2 5 1 821 819 9017
18008 2 2 5 1 8068 5577 9084
18009 2 2 5 1 503 7320 8967
18010 2 2 5 1 1435 1373 9046
18011 2 2 5 1 5389 9012 9018
18012 2 2 5 1 8516 5872 9047
18013 2 2 5 1 8514 5352 8585
18014 2 2 5 1 819 817 9022
18015 2 2 5 1 5356 5357 9038
18016 2 2 5 1 8715 5808 8942
18017 2 2 5 1 9072 636 9093
18018 2 2 5 1 632 636 9072
18019 2 2 5 1 1376 1491 9053
18020 2 2 5 1 8351 5365 9048
18021 2 2 5 1 9017 819 9022
18022 2 2 5 1 5354 8518 8587
18023 2 2 5 1 1347 1376 9060
18024 2 2 5 1 5616 4165 9107
18025 2 2 5 1 1376 9053 9060
18026 2 2 5 1 6774 3023 9099
18027 2 2 5 1 5338 4688 9049
18028 2 2 5 1 636 638 9093
18029 2 2 5 1 6655 8193 8755
18030 2 2 5 1 5373 5374 9116
18031 2 2 5 1 5241 5415 9042
18032 2 2 5 1 437 436 9115
18033 2 2 5 1 1136 6625 9063
18034 2 2 5 1 5208 5681 9070
18035 2 2 5 1 9097 5414 9100
18036 2 2 5 1 6981 7010 9071
18037 2 2 5 1 5783 5399 9101
18038 2 2 5 1 370 371 9110
18039 2 2 5 1 5240 6030 9113
18040 2 2 5 1 5370 8360 9052
18041 2 2 5 1 5810 7477 9065
18042 2 2 5 1 2603 2108 9066
18043 2 2 5 1 7124 3182 9114
18044 2 2 5 1 4776 8590 8838
18045 2 2 5 1 3587 2984 9094
18046 2 2 5 1 5414 5413 9100
18047 2 2 5 1 4020 3550 9073
18048 2 2 5 1 5016 3733 9118
18049 2 2 5 1 5600 4091 9055
18050 2 2 5 1 8680 7352 9082
18051 2 2 5 1 4313 4314 9064
18052 2 2 5 1 7933 3069 9013
18053 2 2 5 1 8052 6565 9089
18054 2 2 5 1 3861 7830 8945
18055 2 2 5 1 2758 7165 9108
18056 2 2 5 1 2546 7270 9091
18057 2 2 5 1 1306 1223 9120
18058 2 2 5 1 2804 7041 9113
18059 2 2 5 1 3519 3155 9106
18060 2 2 5 1 7041 3855 9117
18061 2 2 5 1 5576 5329 9069
18062 2 2 5 1 5240 9113 9117
18063 2 2 5 1 7328 3747 9044
18064 2 2 5 1 7350 8681 9085
18065 2 2 5 1 8319 6614 8747
18066 2 2 5 1 9113 7041 9117
18067 2 2 5 1 7292 5414 9097
18068 2 2 5 1 8809 2309 9080
18069 2 2 5 1 5439 8680 9082
18070 2 2 5 1 762 8312 8732
18071 2 2 5 1 7822 3134 8810
18072 2 2 5 1 2568 7351 9076
18073 2 2 5 1 470 7815 9011
18074 2 2 5 1 8523 5315 8772
18075 2 2 5 1 8263 5054 8739
18076 2 2 5 1 8681 5441 9085
18077 2 2 5 1 7403 4215 9083
18078 2 2 5 1 7349 2569 9077
18079 2 2 5 1 671 7350 9085
18080 2 2 5 1 7352 670 9082
18081 2 2 5 1 482 8581 9062
18082 2 2 5 1 5303 7484 9080
18083 2 2 5 1 5241 9042 9086
18084 2 2 5 1 2529 8211 8896
18085 2 2 5 1 7585 5241 9086
18086 2 2 5 1 8312 5638 8732
18087 2 2 5 1 5275 8535 8741
18088 2 2 5 1 8536 5276 8742
18089 2 2 5 1 6011 8486 8809
18090 2 2 5 1 8767 500 9088
18091 2 2 5 1 7990 4554 9040
18092 2 2 5 1 3135 7823 8844
18093 2 2 5 1 8163 5424 8866
18094 2 2 5 1 5662 7930 9036
18095 2 2 5 1 7936 5668 9033
18096 2 2 5 1 8177 2972 8904
18097 2 2 5 1 4137 8215 8862
18098 2 2 5 1 8053 5186 9105
18099 2 2 5 1 8056 5303 9080
18100 2 2 5 1 5377 7933 9013
18101 2 2 5 1 3551 8275 8779
18102 2 2 5 1 8370 3567 8743
18103 2 2 5 1 8745 6342 8815
18104 2 2 5 1 8277 6407 8784
18105 2 2 5 1 8891 7370 9033
18106 2 2 5 1 7374 8894 9036
18107 2 2 5 1 6780 8576 8650
18108 2 2 5 1 5560 8536 9074
18109 2 2 5 1 8535 5561 9075
18110 2 2 5 1 8284 5281 8935
18111 2 2 5 1 85 7822 8949
18112 2 2 5 1 7823 182 8950
18113 2 2 5 1 5348 8755 9092
18114 2 2 5 1 6803 8557 9040
18115 2 2 5 1 8482 5420 8860
18116 2 2 5 1 5210 8541 8901
18117 2 2 5 1 5579 8523 9072
18118 2 2 5 1 5124 8495 8694
18119 2 2 5 1 2445 8482 8860
18120 2 2 5 1 7995 3944 9056
18121 2 2 5 1 5287 8293 8944
18122 2 2 5 1 3763 8318 8947
18123 2 2 5 1 1295 8550 8912
18124 2 2 5 1 6740 8572 8834
18125 2 2 5 1 1244 7923 9043
18126 2 2 5 1 8115 6508 8948
18127 2 2 5 1 8827 2758 9108
18128 2 2 5 1 8185 5495 9078
18129 2 2 5 1 8074 5622 9035
18130 2 2 5 1 8151 7417 9098
18131 2 2 5 1 5159 8366 8966
18132 2 2 5 1 5318 8353 8995
18133 2 2 5 1 8677 6137 8930
18134 2 2 5 1 5314 8599 9023
18135 2 2 5 1 1913 8368 9024
18136 2 2 5 1 8411 6463 8773
18137 2 2 5 1 6895 8569 8885
18138 2 2 5 1 5668 8891 9033
18139 2 2 5 1 8894 5662 9036
18140 2 2 5 1 5338 9049 9104
18141 2 2 5 1 3738 8625 8682
18142 2 2 5 1 5293 8636 9105
18143 2 2 5 1 5121 8195 8962
18144 2 2 5 1 6847 8577 8895
18145 2 2 5 1 7484 8546 8809
18146 2 2 5 1 8648 6941 9079
18147 2 2 5 1 1549 8623 8696
18148 2 2 5 1 8472 5376 9095
18149 2 2 5 1 5889 8808 8932
18150 2 2 5 1 3236 8620 8987
18151 2 2 5 1 6799 8727 9016
18152 2 2 5 1 5357 8684 9038
18153 2 2 5 1 5266 8382 8920
18154 2 2 5 1 9096 6774 9099
18155 2 2 5 1 488 8683 8915
18156 2 2 5 1 8634 1550 8703
18157 2 2 5 1 5528 8427 9059
18158 2 2 5 1 8363 6197 9050
18159 2 2 5 1 8716 4611 8994
18160 2 2 5 1 8193 5301 9092
18161 2 2 5 1 8198 5616 9107
18162 2 2 5 1 5393 8770 9020
18163 2 2 5 1 8442 6643 8830
18164 2 2 5 1 8477 5700 9039
18165 2 2 5 1 1131 8484 8911
18166 2 2 5 1 8389 1356 8951
18167 2 2 5 1 8369 465 8917
18168 2 2 5 1 8320 1131 8911
18169 2 2 5 1 464 8374 8923
18170 2 2 5 1 8484 6064 8911
18171 2 2 5 1 3234 8363 9050
18172 2 2 5 1 5022 8211 9112
18173 2 2 5 1 8546 6011 8809
18174 2 2 5 1 8392 5121 8962
18175 2 2 5 1 4147 8422 8939
18176 2 2 5 1 8460 5168 8897
18177 2 2 5 1 5186 8244 9105
18178 2 2 5 1 1228 8352 9089
18179 2 2 5 1 8843 6841 8924
18180 2 2 5 1 502 8508 8960
18181 2 2 5 1 8846 6881 8931
18182 2 2 5 1 8520 503 8967
18183 2 2 5 1 8612 5800 9120
18184 2 2 5 1 8849 5505 8938
18185 2 2 5 1 8825 5502 8913
18186 2 2 5 1 8821 1295 8921
18187 2 2 5 1 8927 6629 9030
18188 2 2 5 1 8538 2770 9004
18189 2 2 5 1 8568 1244 9043
18190 2 2 5 1 8503 5278 9005
18191 2 2 5 1 5463 8698 8788
18192 2 2 5 1 5307 8516 9047
18193 2 2 5 1 8700 5464 8792
18194 2 2 5 1 8878 5202 8989
18195 2 2 5 1 8870 4161 8981
18196 2 2 5 1 8853 5223 8957
18197 2 2 5 1 8865 4141 8975
18198 2 2 5 1 5426 8876 8959
18199 2 2 5 1 8887 4811 9001
18200 2 2 5 1 3881 8492 8961
18201 2 2 5 1 8483 470 9011
18202 2 2 5 1 3672 8847 8900
18203 2 2 5 1 6511 8721 8798
18204 2 2 5 1 5204 8527 8983
18205 2 2 5 1 3173 8857 8914
18206 2 2 5 1 5870 8417 9047
18207 2 2 5 1 8385 4414 9096
18208 2 2 5 1 8730 6402 8819
18209 2 2 5 1 8866 5424 8873
18210 2 2 5 1 4586 8866 8873
18211 2 2 5 1 2117 8745 8815
18212 2 2 5 1 9007 5579 9093
18213 2 2 5 1 6431 8561 8965
18214 2 2 5 1 8989 5202 8998
18215 2 2 5 1 6765 8989 8998
18216 2 2 5 1 9001 4811 9006
18217 2 2 5 1 6754 9001 9006
18218 2 2 5 1 8636 8053 9105
18219 2 2 5 1 8620 5407 8987
18220 2 2 5 1 8599 483 9023
18221 2 2 5 1 8597 2568 9076
18222 2 2 5 1 670 8629 9082
18223 2 2 5 1 8631 671 9085
18224 2 2 5 1 2569 8606 9077
18225 2 2 5 1 8581 5212 9062
18226 2 2 5 1 5415 8715 8942
18227 2 2 5 1 8670 5356 9038
18228 2 2 5 1 8933 4762 9021
18229 2 2 5 1 8791 5227 9103
18230 2 2 5 1 494 8670 9038
18231 2 2 5 1 8969 6381 9037
18232 2 2 5 1 8624 5290 9087
18233 2 2 5 1 3256 8648 9079
18234 2 2 5 1 8847 5362 8900
18235 2 2 5 1 8808 3603 8932
18236 2 2 5 1 8857 5460 8914
18237 2 2 5 1 8876 5500 8959
18238 2 2 5 1 8755 8193 9092
18239 2 2 5 1 6934 8791 9103
18240 2 2 5 1 5391 8933 9021
18241 2 2 5 1 8829 5240 9117
18242 2 2 5 1 5265 8969 9037
$EndElements
