{
  "alphas": [
    0.1,
    3.4000000000000004,
    6.7,
    10.0
  ],
  "objectives": [
    0.142761345834692,
    0.14441315419702372,
    0.23353683974325717,
    0.3804416853017888
  ]
}