{
  "alphas": [
    1.0,
    2.0,
    3.0,
    4.0,
    5.0,
    6.0,
    7.0,
    8.0,
    9.0,
    10.0,
    11.0,
    12.0,
    13.0,
    14.0,
    15.0,
    16.0,
    17.0,
    18.0,
    19.0,
    20.0,
    21.0,
    22.0,
    23.0,
    24.0,
    25.0,
    26.0,
    27.0,
    28.0,
    29.0,
    30.0,
    31.0,
    32.0,
    33.0,
    34.0,
    35.0,
    36.0,
    37.0,
    38.0,
    39.0,
    40.0,
    41.0,
    42.0,
    43.0,
    44.0,
    45.0,
    46.0,
    47.0,
    48.0,
    49.0,
    50.0,
    51.0,
    52.0,
    53.0,
    54.0,
    55.0,
    56.0,
    57.0,
    58.0,
    59.0,
    60.0,
    61.0,
    62.0,
    63.0,
    64.0,
    65.0,
    66.0,
    67.0,
    68.0,
    69.0,
    70.0,
    71.0,
    72.0,
    73.0,
    74.0,
    75.0,
    76.0,
    77.0,
    78.0,
    79.0,
    80.0,
    81.0,
    82.0,
    83.0,
    84.0,
    85.0,
    86.0,
    87.0,
    88.0,
    89.0,
    90.0,
    91.0,
    92.0,
    93.0,
    94.0,
    95.0,
    96.0,
    97.0,
    98.0,
    99.0,
    100.0
  ],
  "objectives": [
    0.035527848765079764,
    0.035437122647492804,
    0.036961545620798876,
    0.03988943044608159,
    0.0440106374125635,
    0.049118121582280946,
    0.05500931895294986,
    0.061487418380872204,
    0.06836255477588402,
    0.07545295252778073,
    0.08258604211760581,
    0.08959956620464311,
    0.09634268396314885,
    0.10267707425590314,
    0.10847802973171009,
    0.11363552556331122,
    0.11805523876202481,
    0.12165948730204428,
    0.12438805312878715,
    0.1261988499649816,
    0.12706839606038806,
    0.12699205396087512,
    0.1259840041542807,
    0.12407692703915982,
    0.12132137775115079,
    0.1177848503724761,
    0.11355054103289608,
    0.10871583218182625,
    0.10339053142224938,
    0.09769490611801931,
    0.09175755781176106,
    0.0857131765886534,
    0.07970020325499401,
    0.07385840509883299,
    0.06832633805590935,
    0.06323862455204127,
    0.05872292582034862,
    0.05489644252752121,
    0.05186177000885016,
    0.04970203120095075,
    0.048475515799075594,
    0.04821063980196852,
    0.04890272808340557,
    0.05051428612507296,
    0.05297942919219883,
    0.05621144120508165,
    0.06011141908947303,
    0.06457599573574425,
    0.06950220344995003,
    0.07478844306259427,
    0.08033430265696373,
    0.08603736721223092,
    0.09178575554497917,
    0.09745828340030556,
    0.10291184466620984,
    0.10794404998350983,
    0.11246925898226054,
    0.1163564793607913,
    0.11941273558221385,
    0.12153446511900602,
    0.12274803837829476,
    0.12316664336234542,
    0.12293857449457751,
    0.12204138083333596,
    0.12048092340660756,
    0.11857599638648045,
    0.11652658900778623,
    0.1143823753310774,
    0.1122982811851498,
    0.11041289526480179,
    0.10883222154329684,
    0.10767996255976173,
    0.10703897778538672,
    0.10694939769153235,
    0.1074221954921061,
    0.10845762737398118,
    0.11006507333972956,
    0.11223420923272195,
    0.11491740519845572,
    0.11805295900636117,
    0.12157290783818873,
    0.1254057974940087,
    0.12947892617715143,
    0.13371638634325558,
    0.13803851854482463,
    0.14235029532039284,
    0.14655924345551083,
    0.15057630754483028,
    0.1543154779798631,
    0.15769482099325363,
    0.16064065075395945,
    0.16308609562601464,
    0.16496073349314946,
    0.16620816325100285,
    0.16678285653860098,
    0.16665084243473371,
    0.165790833093253,
    0.1641950975204066,
    0.1618699434116197,
    0.15883574424294852
  ]
}