{
  "alphas": [
    0.1,
    0.14949494949494951,
    0.198989898989899,
    0.2484848484848485,
    0.297979797979798,
    0.3474747474747475,
    0.396969696969697,
    0.44646464646464656,
    0.49595959595959604,
    0.5454545454545455,
    0.594949494949495,
    0.6444444444444445,
    0.693939393939394,
    0.7434343434343434,
    0.792929292929293,
    0.8424242424242425,
    0.891919191919192,
    0.9414141414141415,
    0.990909090909091,
    1.0404040404040407,
    1.0898989898989901,
    1.1393939393939396,
    1.188888888888889,
    1.2383838383838386,
    1.287878787878788,
    1.3373737373737375,
    1.386868686868687,
    1.4363636363636367,
    1.4858585858585862,
    1.5353535353535357,
    1.5848484848484852,
    1.6343434343434347,
    1.6838383838383841,
    1.7333333333333336,
    1.782828282828283,
    1.8323232323232326,
    1.881818181818182,
    1.9313131313131315,
    1.9808080808080812,
    2.0303030303030307,
    2.07979797979798,
    2.1292929292929297,
    2.178787878787879,
    2.2282828282828286,
    2.277777777777778,
    2.3272727272727276,
    2.376767676767677,
    2.4262626262626266,
    2.475757575757576,
    2.5252525252525255,
    2.574747474747475,
    2.6242424242424245,
    2.673737373737374,
    2.7232323232323234,
    2.7727272727272734,
    2.822222222222223,
    2.8717171717171723,
    2.921212121212122,
    2.9707070707070713,
    3.0202020202020208,
    3.0696969696969703,
    3.1191919191919197,
    3.168686868686869,
    3.2181818181818187,
    3.267676767676768,
    3.3171717171717177,
    3.366666666666667,
    3.4161616161616166,
    3.465656565656566,
    3.5151515151515156,
    3.564646464646465,
    3.6141414141414145,
    3.663636363636364,
    3.7131313131313135,
    3.762626262626263,
    3.812121212121213,
    3.8616161616161624,
    3.911111111111112,
    3.9606060606060614,
    4.01010101010101,
    4.05959595959596,
    4.109090909090909,
    4.158585858585859,
    4.208080808080808,
    4.257575757575758,
    4.307070707070707,
    4.356565656565657,
    4.406060606060606,
    4.455555555555556,
    4.505050505050505,
    4.554545454545455,
    4.604040404040404,
    4.653535353535354,
    4.703030303030303,
    4.752525252525253,
    4.802020202020202,
    4.851515151515152,
    4.901010101010101,
    4.9505050505050505,
    5.0
  ],
  "objectives": [
    0.037165253638181385,
    0.037034177960696836,
    0.0369080140137277,
    0.036786736582597575,
    0.036670320424027986,
    0.036558740267256175,
    0.036451970815092764,
    0.036349986745006904,
    0.03625276271020182,
    0.03616027334048287,
    0.03607249324329928,
    0.035989397004638296,
    0.035910959189943824,
    0.0358371543449245,
    0.03576795699651792,
    0.03570334165362294,
    0.03564328280795408,
    0.0355877549348362,
    0.03553673249394417,
    0.035490189930130714,
    0.0354481016740992,
    0.03541044214320187,
    0.03537718574208375,
    0.03534830686350213,
    0.03532377988888938,
    0.03530357918914871,
    0.03528767912526965,
    0.03527605404898817,
    0.03526867830351648,
    0.035265526224100965,
    0.03526657213871108,
    0.035271790368638874,
    0.0352811552291817,
    0.03529464103019079,
    0.035312222076719475,
    0.03533387266962463,
    0.0353595671061362,
    0.035389279680496696,
    0.035422984684476175,
    0.03546065640803461,
    0.03550226913981348,
    0.035547797167761644,
    0.03559721477967459,
    0.03565049626374198,
    0.035707615909124614,
    0.03576854800649004,
    0.035833266848546944,
    0.03590174673058701,
    0.03597396195104506,
    0.03604988681197889,
    0.03612949561964521,
    0.036212762684990595,
    0.03629966232418475,
    0.03639016885911217,
    0.036484256617909716,
    0.0365818999354466,
    0.036683073153914905,
    0.03678775062311237,
    0.0368959067011923,
    0.037007515755013175,
    0.037122552160651766,
    0.03724099030389293,
    0.03736280458072174,
    0.037487969397796785,
    0.037616459172920516,
    0.03774824833550153,
    0.037883311327071706,
    0.038021622601687156,
    0.03816315662644181,
    0.03830788788191847,
    0.03845579086263041,
    0.03860684007748775,
    0.03876101005027255,
    0.03891827532003199,
    0.03907861044159939,
    0.039241989985983064,
    0.03940838854084938,
    0.03957778071091308,
    0.03975014111842896,
    0.0399254444036002,
    0.04010366522500844,
    0.04028477826006395,
    0.04046875820541061,
    0.040655579777370374,
    0.04084521771236763,
    0.0410376467673248,
    0.04123284172014281,
    0.04143077737002934,
    0.04163142853799335,
    0.04183477006722349,
    0.042040776823513176,
    0.04224942369565551,
    0.042460685595863225,
    0.04267453746015886,
    0.04289095424879742,
    0.04310991094668917,
    0.043331382563715284,
    0.04355534413522672,
    0.04378177072238169,
    0.04401063741256716
  ]
}