$MeshFormat
2.2 0 8
$EndMeshFormat
$PhysicalNames
5
1 1 "outer_walls"
1 2 "bottom_wall"
1 3 "perturbed_rect_obstacle_boundary"
2 5 "background_domain"
2 6 "obstacle_domain"
$EndPhysicalNames
$Nodes
9543
1 0 0 0
2 1 0 0
3 1 1 0
4 0 1 0
5 0.3 0.4 0
6 0.3102564102564103 0.4008046656871673 0
7 0.3205128205128205 0.4016041128085776 0
8 0.3307692307692308 0.4023931566428756 0
9 0.341025641025641 0.4031666799380147 0
10 0.3512820512820513 0.4039196660986007 0
11 0.3615384615384615 0.4046472317204377 0
12 0.3717948717948718 0.405344658261278 0
13 0.382051282051282 0.4060074226423798 0
14 0.3923076923076923 0.406631226582408 0
15 0.4025641025641025 0.4072120244734382 0
16 0.4128205128205128 0.4077460496182765 0
17 0.4230769230769231 0.4082298386589366 0
18 0.4333333333333333 0.4086602540378444 0
19 0.4435897435897436 0.4090345043461038 0
20 0.4538461538461538 0.4093501624268542 0
21 0.4641025641025641 0.4096051811163137 0
22 0.4743589743589743 0.4097979065204227 0
23 0.4846153846153846 0.4099270887409805 0
24 0.4948717948717948 0.4099918899817157 0
25 0.5051282051282051 0.4099918899817157 0
26 0.5153846153846153 0.4099270887409805 0
27 0.5256410256410255 0.4097979065204227 0
28 0.5358974358974359 0.4096051811163137 0
29 0.5461538461538461 0.4093501624268542 0
30 0.5564102564102564 0.4090345043461038 0
31 0.5666666666666667 0.4086602540378444 0
32 0.5769230769230769 0.4082298386589366 0
33 0.5871794871794871 0.4077460496182765 0
34 0.5974358974358974 0.4072120244734382 0
35 0.6076923076923078 0.406631226582408 0
36 0.617948717948718 0.4060074226423798 0
37 0.6282051282051282 0.405344658261278 0
38 0.6384615384615384 0.4046472317204377 0
39 0.6487179487179486 0.4039196660986007 0
40 0.658974358974359 0.4031666799380147 0
41 0.6692307692307692 0.4023931566428756 0
42 0.6794871794871794 0.4016041128085776 0
43 0.6897435897435897 0.4008046656871673 0
44 0.7 0.4 0
45 0.7 0.6 0
46 0.3 0.6 0
47 0.01010101010099096 0 0
48 0.02020202020198209 0 0
49 0.03030303030297262 0 0
50 0.04040404040396117 0 0
51 0.05050505050494877 0 0
52 0.06060606060593743 0 0
53 0.07070707070692972 0 0
54 0.08080808080792434 0 0
55 0.09090909090891897 0 0
56 0.1010101010099136 0 0
57 0.1111111111109082 0 0
58 0.1212121212119015 0 0
59 0.1313131313128882 0 0
60 0.1414141414138693 0 0
61 0.15151515151485 0 0
62 0.1616161616158306 0 0
63 0.1717171717168112 0 0
64 0.1818181818177918 0 0
65 0.1919191919187724 0 0
66 0.202020202019753 0 0
67 0.2121212121207337 0 0
68 0.2222222222217143 0 0
69 0.2323232323226949 0 0
70 0.2424242424236755 0 0
71 0.2525252525246561 0 0
72 0.2626262626256367 0 0
73 0.2727272727266173 0 0
74 0.282828282827598 0 0
75 0.2929292929285786 0 0
76 0.3030303030295592 0 0
77 0.3131313131305398 0 0
78 0.3232323232315205 0 0
79 0.3333333333325011 0 0
80 0.3434343434334817 0 0
81 0.3535353535344622 0 0
82 0.3636363636354429 0 0
83 0.3737373737364235 0 0
84 0.3838383838374042 0 0
85 0.3939393939383848 0 0
86 0.4040404040393654 0 0
87 0.414141414140346 0 0
88 0.4242424242413266 0 0
89 0.4343434343423073 0 0
90 0.4444444444432879 0 0
91 0.4545454545442685 0 0
92 0.4646464646452491 0 0
93 0.4747474747462297 0 0
94 0.4848484848472103 0 0
95 0.4949494949481948 0 0
96 0.5050505050492035 0 0
97 0.5151515151502364 0 0
98 0.5252525252512731 0 0
99 0.5353535353523099 0 0
100 0.5454545454533466 0 0
101 0.5555555555543834 0 0
102 0.5656565656554201 0 0
103 0.5757575757564569 0 0
104 0.5858585858574936 0 0
105 0.5959595959585303 0 0
106 0.606060606059567 0 0
107 0.6161616161606038 0 0
108 0.6262626262616405 0 0
109 0.6363636363626773 0 0
110 0.646464646463714 0 0
111 0.6565656565647509 0 0
112 0.6666666666657876 0 0
113 0.6767676767668243 0 0
114 0.6868686868678611 0 0
115 0.6969696969688978 0 0
116 0.7070707070699345 0 0
117 0.7171717171709712 0 0
118 0.727272727272008 0 0
119 0.7373737373730447 0 0
120 0.7474747474740815 0 0
121 0.7575757575751182 0 0
122 0.767676767676155 0 0
123 0.7777777777771917 0 0
124 0.7878787878782285 0 0
125 0.7979797979792652 0 0
126 0.8080808080803019 0 0
127 0.8181818181813386 0 0
128 0.8282828282823754 0 0
129 0.8383838383834121 0 0
130 0.8484848484844489 0 0
131 0.8585858585854856 0 0
132 0.8686868686865225 0 0
133 0.8787878787875592 0 0
134 0.888888888888596 0 0
135 0.8989898989896327 0 0
136 0.9090909090906695 0 0
137 0.9191919191917061 0 0
138 0.9292929292927429 0 0
139 0.9393939393937796 0 0
140 0.9494949494948164 0 0
141 0.9595959595958531 0 0
142 0.9696969696968899 0 0
143 0.9797979797979266 0 0
144 0.9898989898989634 0 0
145 1 0.01190476190473943 0
146 1 0.02380952380947898 0
147 1 0.03571428571421677 0
148 1 0.04761904761895251 0
149 1 0.05952380952368881 0
150 1 0.07142857142842962 0
151 1 0.08333333333317335 0
152 1 0.09523809523791707 0
153 1 0.1071428571426608 0
154 1 0.1190476190474038 0
155 1 0.1309523809521393 0
156 1 0.1428571428568671 0
157 1 0.1547619047615943 0
158 1 0.1666666666663215 0
159 1 0.1785714285710487 0
160 1 0.1904761904757759 0
161 1 0.202380952380503 0
162 1 0.2142857142852302 0
163 1 0.2261904761899574 0
164 1 0.2380952380946846 0
165 1 0.2499999999994118 0
166 1 0.261904761904139 0
167 1 0.2738095238088661 0
168 1 0.2857142857135933 0
169 1 0.2976190476183205 0
170 1 0.3095238095230477 0
171 1 0.3214285714277749 0
172 1 0.333333333332502 0
173 1 0.3452380952372292 0
174 1 0.3571428571419564 0
175 1 0.3690476190466836 0
176 1 0.3809523809514108 0
177 1 0.3928571428561379 0
178 1 0.4047619047608651 0
179 1 0.4166666666655923 0
180 1 0.4285714285703195 0
181 1 0.4404761904750467 0
182 1 0.4523809523797739 0
183 1 0.464285714284501 0
184 1 0.4761904761892283 0
185 1 0.4880952380939554 0
186 1 0.4999999999986934 0
187 1 0.5119047619034759 0
188 1 0.5238095238082692 0
189 1 0.5357142857130623 0
190 1 0.5476190476178556 0
191 1 0.5595238095226489 0
192 1 0.5714285714274422 0
193 1 0.5833333333322355 0
194 1 0.5952380952370288 0
195 1 0.607142857141822 0
196 1 0.6190476190466153 0
197 1 0.6309523809514086 0
198 1 0.6428571428562019 0
199 1 0.6547619047609952 0
200 1 0.6666666666657884 0
201 1 0.6785714285705817 0
202 1 0.6904761904753749 0
203 1 0.7023809523801682 0
204 1 0.7142857142849615 0
205 1 0.7261904761897547 0
206 1 0.738095238094548 0
207 1 0.7499999999993413 0
208 1 0.7619047619041346 0
209 1 0.7738095238089278 0
210 1 0.785714285713721 0
211 1 0.7976190476185143 0
212 1 0.8095238095233076 0
213 1 0.8214285714281009 0
214 1 0.8333333333328942 0
215 1 0.8452380952376874 0
216 1 0.8571428571424807 0
217 1 0.8690476190472739 0
218 1 0.8809523809520672 0
219 1 0.8928571428568605 0
220 1 0.9047619047616537 0
221 1 0.916666666666447 0
222 1 0.9285714285712403 0
223 1 0.9404761904760336 0
224 1 0.9523809523808269 0
225 1 0.9642857142856202 0
226 1 0.9761904761904134 0
227 1 0.9880952380952067 0
228 0.9880952380951885 1 0
229 0.976190476190377 1 0
230 0.9642857142855655 1 0
231 0.952380952380754 1 0
232 0.9404761904759426 1 0
233 0.9285714285711311 1 0
234 0.9166666666663197 1 0
235 0.9047619047615082 1 0
236 0.8928571428566967 1 0
237 0.8809523809518904 1 0
238 0.869047619047145 1 0
239 0.8571428571424605 1 0
240 0.8452380952377813 1 0
241 0.833333333333102 1 0
242 0.8214285714284226 1 0
243 0.8095238095237434 1 0
244 0.7976190476190641 1 0
245 0.7857142857143848 1 0
246 0.7738095238097055 1 0
247 0.7619047619050262 1 0
248 0.7500000000003469 1 0
249 0.7380952380956676 1 0
250 0.7261904761909883 1 0
251 0.714285714286309 1 0
252 0.7023809523816298 1 0
253 0.6904761904769505 1 0
254 0.6785714285722713 1 0
255 0.6666666666675919 1 0
256 0.6547619047629126 1 0
257 0.6428571428582333 1 0
258 0.630952380953554 1 0
259 0.6190476190488747 1 0
260 0.6071428571441955 1 0
261 0.5952380952395161 1 0
262 0.5833333333348368 1 0
263 0.5714285714301575 1 0
264 0.5595238095254782 1 0
265 0.5476190476207989 1 0
266 0.5357142857161197 1 0
267 0.5238095238114404 1 0
268 0.5119047619067612 1 0
269 0.50000000000206 1 0
270 0.4880952380972703 1 0
271 0.4761904761924587 1 0
272 0.4642857142876473 1 0
273 0.4523809523828358 1 0
274 0.4404761904780243 1 0
275 0.428571428573213 1 0
276 0.4166666666684015 1 0
277 0.40476190476359 1 0
278 0.3928571428587785 1 0
279 0.3809523809539671 1 0
280 0.3690476190491556 1 0
281 0.3571428571443441 1 0
282 0.3452380952395326 1 0
283 0.3333333333347211 1 0
284 0.3214285714299097 1 0
285 0.3095238095250983 1 0
286 0.2976190476202868 1 0
287 0.2857142857154753 1 0
288 0.2738095238106638 1 0
289 0.2619047619058524 1 0
290 0.2500000000010408 1 0
291 0.2380952380962295 1 0
292 0.2261904761914179 1 0
293 0.2142857142866065 1 0
294 0.202380952381795 1 0
295 0.1904761904769835 1 0
296 0.178571428572172 1 0
297 0.1666666666673606 1 0
298 0.1547619047625491 1 0
299 0.1428571428577377 1 0
300 0.1309523809529262 1 0
301 0.1190476190481148 1 0
302 0.1071428571433033 1 0
303 0.09523809523849169 1 0
304 0.0833333333336802 1 0
305 0.07142857142886894 1 0
306 0.05952380952405734 1 0
307 0.04761904761924585 1 0
308 0.03571428571443458 1 0
309 0.02380952380962298 1 0
310 0.01190476190481149 1 0
311 0 0.9880952380951885 0
312 0 0.976190476190377 0
313 0 0.9642857142855655 0
314 0 0.952380952380754 0
315 0 0.9404761904759426 0
316 0 0.9285714285711311 0
317 0 0.9166666666663197 0
318 0 0.9047619047615082 0
319 0 0.8928571428566967 0
320 0 0.8809523809518904 0
321 0 0.869047619047145 0
322 0 0.8571428571424605 0
323 0 0.8452380952377813 0
324 0 0.833333333333102 0
325 0 0.8214285714284226 0
326 0 0.8095238095237434 0
327 0 0.7976190476190641 0
328 0 0.7857142857143848 0
329 0 0.7738095238097055 0
330 0 0.7619047619050262 0
331 0 0.7500000000003469 0
332 0 0.7380952380956676 0
333 0 0.7261904761909883 0
334 0 0.714285714286309 0
335 0 0.7023809523816298 0
336 0 0.6904761904769505 0
337 0 0.6785714285722713 0
338 0 0.6666666666675919 0
339 0 0.6547619047629126 0
340 0 0.6428571428582333 0
341 0 0.630952380953554 0
342 0 0.6190476190488747 0
343 0 0.6071428571441955 0
344 0 0.5952380952395161 0
345 0 0.5833333333348368 0
346 0 0.5714285714301575 0
347 0 0.5595238095254782 0
348 0 0.5476190476207989 0
349 0 0.5357142857161197 0
350 0 0.5238095238114404 0
351 0 0.5119047619067612 0
352 0 0.50000000000206 0
353 0 0.4880952380972703 0
354 0 0.4761904761924587 0
355 0 0.4642857142876473 0
356 0 0.4523809523828358 0
357 0 0.4404761904780243 0
358 0 0.428571428573213 0
359 0 0.4166666666684015 0
360 0 0.40476190476359 0
361 0 0.3928571428587785 0
362 0 0.3809523809539671 0
363 0 0.3690476190491556 0
364 0 0.3571428571443441 0
365 0 0.3452380952395326 0
366 0 0.3333333333347211 0
367 0 0.3214285714299097 0
368 0 0.3095238095250983 0
369 0 0.2976190476202868 0
370 0 0.2857142857154753 0
371 0 0.2738095238106638 0
372 0 0.2619047619058524 0
373 0 0.2500000000010408 0
374 0 0.2380952380962295 0
375 0 0.2261904761914179 0
376 0 0.2142857142866065 0
377 0 0.202380952381795 0
378 0 0.1904761904769835 0
379 0 0.178571428572172 0
380 0 0.1666666666673606 0
381 0 0.1547619047625491 0
382 0 0.1428571428577377 0
383 0 0.1309523809529262 0
384 0 0.1190476190481148 0
385 0 0.1071428571433033 0
386 0 0.09523809523849169 0
387 0 0.0833333333336802 0
388 0 0.07142857142886894 0
389 0 0.05952380952405734 0
390 0 0.04761904761924585 0
391 0 0.03571428571443458 0
392 0 0.02380952380962298 0
393 0 0.01190476190481149 0
394 0.7 0.411764705882316 0
395 0.7 0.4235294117646542 0
396 0.7 0.4352941176469912 0
397 0.7 0.4470588235293071 0
398 0.7 0.4588235294116231 0
399 0.7 0.4705882352939391 0
400 0.7 0.482352941176255 0
401 0.7 0.4941176470585844 0
402 0.7 0.5058823529409303 0
403 0.7 0.5176470588233331 0
404 0.7 0.5294117647057102 0
405 0.7 0.541176470588095 0
406 0.7 0.5529411764704735 0
407 0.7 0.564705882352857 0
408 0.7 0.5764705882352368 0
409 0.7 0.5882352941176191 0
410 0.6882352941176808 0.6 0
411 0.6764705882353617 0.6 0
412 0.6647058823530145 0.6 0
413 0.6529411764706801 0.6 0
414 0.6411764705883609 0.6 0
415 0.6294117647060418 0.6 0
416 0.6176470588237226 0.6 0
417 0.6058823529414035 0.6 0
418 0.5941176470590843 0.6 0
419 0.5823529411767652 0.6 0
420 0.570588235294446 0.6 0
421 0.5588235294121269 0.6 0
422 0.5470588235298077 0.6 0
423 0.5352941176474886 0.6 0
424 0.5235294117651694 0.6 0
425 0.5117647058828503 0.6 0
426 0.5000000000005311 0.6 0
427 0.4882352941181603 0.6 0
428 0.4764705882357729 0.6 0
429 0.464705882353383 0.6 0
430 0.452941176471004 0.6 0
431 0.441176470588623 0.6 0
432 0.4294117647062305 0.6 0
433 0.417647058823845 0.6 0
434 0.405882352941466 0.6 0
435 0.3941176470590856 0.6 0
436 0.3823529411766931 0.6 0
437 0.3705882352943071 0.6 0
438 0.358823529411928 0.6 0
439 0.3470588235295374 0.6 0
440 0.3352941176471481 0.6 0
441 0.3235294117647691 0.6 0
442 0.3117647058823899 0.6 0
443 0.3 0.5882352941176127 0
444 0.3 0.5764705882352469 0
445 0.3 0.5647058823529246 0
446 0.3 0.5529411764706023 0
447 0.3 0.54117647058828 0
448 0.3 0.5294117647059576 0
449 0.3 0.5176470588236787 0
450 0.3 0.5058823529414431 0
451 0.3 0.4941176470591124 0
452 0.3 0.4823529411767193 0
453 0.3 0.470588235294337 0
454 0.3 0.4588235294119369 0
455 0.3 0.4470588235295616 0
456 0.3 0.4352941176471621 0
457 0.3 0.4235294117647862 0
458 0.3 0.4117647058823873 0
459 0.217171717171224 0.008747731351332423 0
460 0.7829503223946256 0.008773656521777601 0
461 0.5008887879282288 0.008692126450034948 0
462 0.4383942567559312 0.008403064852583497 0
463 0.5606060606049017 0.008747731351381001 0
464 0.3794605508817631 0.008513569226797635 0
465 0.6217240293491465 0.008643997207118455 0
466 0.2777905056412088 0.007976632659337252 0
467 0.7221918206663345 0.007988351683988534 0
468 0.530385958856515 0.4006888926250853 0
469 0.4592328351224788 0.39971212993989 0
470 0.6020038192032909 0.3998779499205218 0
471 0.3877806879608615 0.3993588069089163 0
472 0.3160172181797534 0.3924753991275249 0
473 0.6841259797899194 0.3923240319638827 0
474 0.9900750560809534 0.2202380954700405 0
475 0.01051958816858224 0.2195638698716436 0
476 0.779762850020268 0.9896915177179416 0
477 0.2202368629511547 0.9896907835438917 0
478 0.01058141909059375 0.7808940790037522 0
479 0.989691598767219 0.7797637607800736 0
480 0.5070528739754854 0.6105622856305521 0
481 0.4352947932937196 0.6091716152653965 0
482 0.5765542729311154 0.610516024755532 0
483 0.3669174635191324 0.6109392819026787 0
484 0.6459630710160342 0.6105807200306334 0
485 0.2909733385412344 0.9897055562248158 0
486 0.7076575882048355 0.9897381499039688 0
487 0.4702315563401597 0.9896759041529262 0
488 0.5416628140944653 0.9896765593113496 0
489 0.3988081422747212 0.9896908323522716 0
490 0.6130970900557732 0.9896914458841255 0
491 0.9913015641363343 0.2794957191819503 0
492 0.01007152563727767 0.2783000736827825 0
493 0.3058830616269003 0.6101900006972872 0
494 0.671041151391828 0.008001539043453496 0
495 0.8329176166322682 0.008229101808147647 0
496 0.1670802424280816 0.008222175081102713 0
497 0.3282828282820108 0.008747731351332446 0
498 0.98942251575735 0.7211140506597516 0
499 0.01015515354284312 0.7197779371051417 0
500 0.9897006285235432 0.3392641998616646 0
501 0.01137245114275978 0.3399255783477575 0
502 0.8392857142854417 0.9896901737645425 0
503 0.01060781740744996 0.8376408290583784 0
504 0.009771879079398338 0.1609809590152769 0
505 0.9905807973713842 0.1615590428758642 0
506 0.2941143965116114 0.6101903415964848 0
507 0.2995919790656099 0.6201479109475154 0
508 0.7093852859688887 0.4056964594316544 0
509 0.709467931986639 0.3947427223726545 0
510 0.2904556683787897 0.4059742124046012 0
511 0.2903361500063009 0.3950937685583213 0
512 0.9896901737644438 0.6607142857133917 0
513 0.2881585142624722 0.620344400542115 0
514 0.2936273059150143 0.6303000287741387 0
515 0.7186348785483936 0.4001868259627815 0
516 0.7187018650096597 0.3895010553374351 0
517 0.2811469151893837 0.4005693787954758 0
518 0.2810597038804489 0.3899280758640049 0
519 0.9898313175784234 0.4706553910929309 0
520 0.01013786488037137 0.4702393399382757 0
521 0.2822825602549341 0.6305500536960995 0
522 0.2877193780368431 0.6404908682395811 0
523 0.7278891535813479 0.3949323001232171 0
524 0.7280067359780236 0.384239167294412 0
525 0.2719124083689565 0.3952800694131072 0
526 0.2719048361807292 0.3846393455650869 0
527 0.7101897305264995 0.5941171415405702 0
528 0.7101738445046945 0.6058946795307172 0
529 0.2898114658378567 0.5588235294117635 0
530 0.7100231157019735 0.5361132692722514 0
531 0.1602592845310419 0.9898200623206093 0
532 0.9896787877961086 0.8392790408718384 0
533 0.2768997360703223 0.6410472447992852 0
534 0.281910513193223 0.6507451469127432 0
535 0.2897149138114824 0.4998458503241002 0
536 0.01016320018778564 0.5296987232127341 0
537 0.9914991296500261 0.5633389368298066 0
538 0.7371069787891061 0.3896504405084977 0
539 0.7370346618482373 0.3782965622815606 0
540 0.2627228784080549 0.3899879388319349 0
541 0.2627566557452331 0.3793211951060013 0
542 0.2710633636996216 0.6512887298662163 0
543 0.2764430191659064 0.6612009942483518 0
544 0.7203805322147555 0.6000011194775106 0
545 0.7203086141590351 0.6118987142624256 0
546 0.009971620423313787 0.5887632806380561 0
547 0.2647326190479701 0.6612510660895383 0
548 0.2705605736561695 0.6714265049987835 0
549 0.7464090694971711 0.3844617234722648 0
550 0.7462990452591783 0.3733736822649314 0
551 0.2535277929678843 0.3846887453302522 0
552 0.2535323968195158 0.3740598767815853 0
553 0.2587615513934576 0.6714274044723487 0
554 0.2646525579108661 0.6816419627084658 0
555 0.2593886796215966 0.6499517533326427 0
556 0.730572068510226 0.6059043523814098 0
557 0.7303558614086084 0.6180458338950211 0
558 0.2764506453735931 0.6816369691514113 0
559 0.2705509078461403 0.6918613078804379 0
560 0.2823586090897446 0.6918591860205392 0
561 0.2764550748082068 0.7020859745726062 0
562 0.2882662084028991 0.7020840357223701 0
563 0.2823612235375963 0.712309927487639 0
564 0.2941724739837343 0.7123091093264858 0
565 0.2705483146100472 0.7123152835749443 0
566 0.2764716282546602 0.7225416810967848 0
567 0.2646409530570159 0.7225476191495401 0
568 0.2705682676795241 0.7327831531111284 0
569 0.2591512926412901 0.7330284412001732 0
570 0.7407529730983075 0.6118361919592706 0
571 0.7406005905762095 0.6238632926014518 0
572 0.755662673099365 0.3792353617751294 0
573 0.7553673133132085 0.3685951328021802 0
574 0.7464073943365758 0.3628277047207503 0
575 0.7555071781647021 0.358054165730914 0
576 0.7465448331908637 0.3524510763873364 0
577 0.7553610458338379 0.3473862575159578 0
578 0.7464004545308716 0.3420975977019725 0
579 0.7553263334804221 0.336792874497946 0
580 0.746314625042884 0.3314607337584575 0
581 0.7554620979287341 0.3261746095991968 0
582 0.7463429498728751 0.3208585963572572 0
583 0.7553135141312471 0.3155459564627913 0
584 0.7463284437757227 0.310256165584981 0
585 0.7552943740332335 0.3049254936329825 0
586 0.7463131790925522 0.2996399853864559 0
587 0.7552678018176656 0.2943106237952732 0
588 0.7462855482236153 0.2890347114749197 0
589 0.7552547449536346 0.2837088678823266 0
590 0.7462474334212712 0.278459328424516 0
591 0.7553634135996146 0.2731194774098498 0
592 0.7463111175476767 0.2678540211365689 0
593 0.7552275245585035 0.2625540421061964 0
594 0.746292456127932 0.2572963334705251 0
595 0.7371497348700502 0.2626039145656984 0
596 0.7373808658336243 0.2518045254146025 0
597 0.7280882137697905 0.2572905277333742 0
598 0.7553863399229438 0.2520067305202526 0
599 0.7282994673062128 0.2465118147727264 0
600 0.7190074412378312 0.2520345266360148 0
601 0.7190225734996383 0.2414943889374708 0
602 0.7098722038995114 0.2468625216811885 0
603 0.70989144783295 0.2363494257037483 0
604 0.7008301481089508 0.2416258729830481 0
605 0.7010135344649306 0.230793155565526 0
606 0.6918662638939987 0.2362799205498988 0
607 0.6921983452800131 0.2251318375269463 0
608 0.6828876343738215 0.2309889485914611 0
609 0.7100049800099579 0.2256011657425955 0
610 0.6829337546529366 0.2204241634714288 0
611 0.6737963844725188 0.225951833979227 0
612 0.2442987109912019 0.3793875645042402 0
613 0.2443041196329269 0.3687305063354383 0
614 0.2535484271840903 0.3634080317465296 0
615 0.2443267990424667 0.358085404251372 0
616 0.253553263402804 0.3527818634256179 0
617 0.244348253625483 0.3474454097929683 0
618 0.2535633761826757 0.3421513977148513 0
619 0.2444019755027903 0.3368112655868927 0
620 0.2535890325545514 0.331509665596809 0
621 0.2444122295334961 0.3261773107901925 0
622 0.2536077107458233 0.320892318410664 0
623 0.2444530852101322 0.3155516177037929 0
624 0.2536246893811409 0.3102565688984368 0
625 0.2446346289923794 0.3049264554266931 0
626 0.2536671844099894 0.2996402000429841 0
627 0.2446928068796004 0.2943107709049443 0
628 0.2534900280027973 0.2893822447280019 0
629 0.2446619129365622 0.2837666952623353 0
630 0.254549515578213 0.2782035729174311 0
631 0.2447692156397292 0.2731052221340101 0
632 0.2535708226881144 0.2672927476571244 0
633 0.244728901890072 0.2624579750457388 0
634 0.2534367132800543 0.2568270497420282 0
635 0.2442672840389999 0.251120340002933 0
636 0.2626553598571093 0.26227067158355 0
637 0.2622569036274748 0.251276208032973 0
638 0.2715081371260646 0.2566144561659757 0
639 0.2719669284818408 0.246823964010534 0
640 0.2809682629630075 0.2519699440183253 0
641 0.2808594112836543 0.2412620368199344 0
642 0.2900713261852708 0.2467824385674009 0
643 0.2899061666710678 0.2360047139159689 0
644 0.2991302194895218 0.2415665355843721 0
645 0.298876486132953 0.2307880469757983 0
646 0.3081571846458478 0.2363588872150824 0
647 0.3076218808843852 0.2252657909768965 0
648 0.3171319103331445 0.2311037491937944 0
649 0.2896953397205934 0.2251711777346017 0
650 0.3172669943947616 0.2208319822287339 0
651 0.3262402785927451 0.2260292173464194 0
652 0.6739702465516977 0.2152297678822078 0
653 0.6647979484540583 0.2207272668503361 0
654 0.3260430378151323 0.2152543337301807 0
655 0.3352202733727514 0.2208007593001752 0
656 0.2647139613048917 0.7430660773234036 0
657 0.2533167299242002 0.7433901517135839 0
658 0.6649786953057406 0.2100508724942302 0
659 0.6557915093881908 0.215574961040336 0
660 0.3350037134442326 0.2100089165896618 0
661 0.344205346806821 0.2156033865770486 0
662 0.009838106115792715 0.660455225124441 0
663 0.750958123414602 0.617721531497019 0
664 0.7509302238034448 0.6294692800665593 0
665 0.7406650859064091 0.6357426946265121 0
666 0.7510387890417328 0.6411848321342798 0
667 0.7407896123458559 0.6471736426497059 0
668 0.751101472838156 0.6529446874140226 0
669 0.7406688621129175 0.6589299285901213 0
670 0.7509694160758241 0.6647774716107907 0
671 0.7404992102663586 0.6707371208339328 0
672 0.7510104023265731 0.6765121367285352 0
673 0.740598251317643 0.6825196209992256 0
674 0.7510553742361253 0.6883388346196988 0
675 0.7406468967828663 0.694319825973691 0
676 0.751107900345648 0.7002257819299734 0
677 0.7406608380489096 0.7061433478770431 0
678 0.7511191420473977 0.7120544051028195 0
679 0.7406644077255649 0.7179679634910757 0
680 0.7509864657860524 0.7238747791597039 0
681 0.7405456628554221 0.729792964168112 0
682 0.7509559056270581 0.7356823299912355 0
683 0.7406122374898809 0.7416096367985519 0
684 0.750985363951721 0.7475203943677453 0
685 0.7407202585694368 0.7534330917608272 0
686 0.7303121835850463 0.7474856238118532 0
687 0.7304596513501684 0.7593340301460394 0
688 0.7201484846739465 0.7533849174884331 0
689 0.7509811602566546 0.7593494763650555 0
690 0.7202251395555287 0.7652426972626764 0
691 0.7100090471437357 0.7593382936002167 0
692 0.7658647860204519 0.3725780100383896 0
693 0.7651066082761157 0.3845121535138768 0
694 0.2350299853866689 0.3740543905010145 0
695 0.8831888220544193 0.008206974501362735 0
696 0.1168184303651787 0.00820760394193952 0
697 0.7641218008728582 0.2576180298770306 0
698 0.7644654728037015 0.2467432844188427 0
699 0.2355080226103231 0.2572755049465719 0
700 0.2353923040424291 0.2461239810510609 0
701 0.7639727140489028 0.3112215089196304 0
702 0.2358650661913562 0.3106771093880214 0
703 0.655785470002026 0.205240661991951 0
704 0.6467698647927814 0.2105335042048006 0
705 0.344191749462152 0.2051714266305617 0
706 0.353238531301747 0.210503279934586 0
707 0.2588247253124898 0.7533383161709668 0
708 0.2469966820514234 0.7534168882241455 0
709 0.7100410826184773 0.7710974234570867 0
710 0.6997659220852244 0.765238862341025 0
711 0.6467601045127169 0.2001598517272744 0
712 0.6377787614710126 0.2053430619674794 0
713 0.3532212567387638 0.2000747271329516 0
714 0.3622246995365723 0.2053396836526208 0
715 0.01001006980252896 0.4109603326579673 0
716 0.7742813267540364 0.3794119450202039 0
717 0.7743064486417139 0.3901669371309318 0
718 0.6653817035177728 0.1988946169358482 0
719 0.3350961413821893 0.1996954326848332 0
720 0.7734224117775697 0.2523872463882827 0
721 0.773635064125628 0.2414321058001607 0
722 0.2264401214475554 0.2521329854121973 0
723 0.2263093763452724 0.2413566416595202 0
724 0.7611656935725054 0.6235209139793365 0
725 0.6377731520657981 0.1950076202918599 0
726 0.6288153181014037 0.2002086888859471 0
727 0.3622462188985838 0.1949841610594565 0
728 0.3712146801894664 0.2001951228091863 0
729 0.3711959268423906 0.2105475448976279 0
730 0.3801718148556852 0.205387836796117 0
731 0.6287828538204092 0.2105067662653426 0
732 0.6198651714657861 0.2053689443173466 0
733 0.380156683092348 0.2157410950562939 0
734 0.3891288006961056 0.2105785662608151 0
735 0.3891454328769027 0.2002300363796671 0
736 0.3980978245124757 0.2054184759186765 0
737 0.6997511479736582 0.777060593132856 0
738 0.6895111673766003 0.7711580597598966 0
739 0.7616443020467646 0.6941001550165163 0
740 0.7612367589276473 0.7534247028571053 0
741 0.7612307995261848 0.7652654391486371 0
742 0.6198501245414207 0.1950405673840108 0
743 0.6108989060796889 0.2002260279852301 0
744 0.6109076446455338 0.2105881802033827 0
745 0.6019435167387196 0.2054253893591788 0
746 0.2528473550077003 0.7635551370148843 0
747 0.2646699457630497 0.7635342518064929 0
748 0.2409802521751679 0.763520865460806 0
749 0.2350779650146532 0.7533679676508737 0
750 0.2291448848418638 0.7635384114444773 0
751 0.6019094645115169 0.2157702917839118 0
752 0.3981163650235296 0.1950767479229243 0
753 0.6018991872725148 0.1959548494603217 0
754 0.2232250870749101 0.7532851439517444 0
755 0.783710084586775 0.3848066905375443 0
756 0.7837010699536253 0.3956892439343944 0
757 0.3981054364097544 0.2157304958306009 0
758 0.7827010973598517 0.2467199410418641 0
759 0.7828340894580809 0.2360282492457118 0
760 0.2172255604367609 0.2466648626971492 0
761 0.2171444269197981 0.2360064921647659 0
762 0.4070616335561533 0.2002598678435377 0
763 0.407081172314573 0.1899279656960441 0
764 0.2173024140641044 0.7635285593672281 0
765 0.6894358595171417 0.7829926430983711 0
766 0.6792487849940777 0.7770756085420256 0
767 0.2349100755332197 0.3845710174132048 0
768 0.2256707140127379 0.3793781578486563 0
769 0.2255602269978483 0.3899934082989135 0
770 0.2162896199018617 0.384781662871266 0
771 0.2162754419727129 0.395676079318538 0
772 0.2587427983605738 0.7737777977601322 0
773 0.2705766421814051 0.7737705168729427 0
774 0.7714847651968679 0.7593451100978378 0
775 0.7714800092679317 0.7711856334099896 0
776 0.7931918347288088 0.3902586633570306 0
777 0.7931502203239799 0.4011757283800288 0
778 0.2113804833316406 0.7532679917175178 0
779 0.9898745266771001 0.5179606875726044 0
780 0.9896901737644438 0.6130952380942188 0
781 0.3507768730597514 0.9896592184004185 0
782 0.6792436723394972 0.7889110552881584 0
783 0.6690071951643317 0.7829911191940839 0
784 0.8869047650443256 0.9901788815406896 0
785 0.01011453118719042 0.885554947847184 0
786 0.7918669264579558 0.2414965423698229 0
787 0.7920424580546679 0.2306624889509745 0
788 0.2081197563663126 0.2414922397775943 0
789 0.207951736102025 0.2306581357257 0
790 0.5929861735365864 0.2106117404743198 0
791 0.5929982309426629 0.2209520244251564 0
792 0.689086831270922 0.7942741601581405 0
793 0.2054585995207967 0.7635238712202429 0
794 0.2113812451615988 0.7737826522324163 0
795 0.01019124181845632 0.1133703884045313 0
796 0.9898442879045413 0.1133707996963909 0
797 0.2068781880830197 0.3901941079739391 0
798 0.20683636058211 0.4012157617058698 0
799 0.2646569723536192 0.784022157480441 0
800 0.2764942775576067 0.7840173494276599 0
801 0.7817392563064853 0.7652617428228761 0
802 0.7817325353265009 0.7771072335743756 0
803 0.6690032529655185 0.7948274298393745 0
804 0.6587528812932806 0.7889028000042062 0
805 0.8027319090218434 0.3957453679012384 0
806 0.8025080115351395 0.4067165957838133 0
807 0.5840453922614418 0.2157956376574275 0
808 0.5840604492217746 0.2261339243355368 0
809 0.6736479479867041 0.2361457601994421 0
810 0.1995334895283445 0.7737837296699532 0
811 0.205459204372837 0.7840453851058858 0
812 0.1995360457687546 0.753265605633734 0
813 0.8011544567215427 0.2362530146552894 0
814 0.801293337139249 0.2252945507763092 0
815 0.1987929397587594 0.2361823067178262 0
816 0.1986969222565837 0.2252820306361046 0
817 0.6587521372381727 0.8007438873668529 0
818 0.6484986297415301 0.7948179420780763 0
819 0.3262206342778707 0.2364217319113547 0
820 0.791991183586559 0.7711847391143738 0
821 0.791987501393567 0.783031500329449 0
822 0.1973418820892635 0.395664618981459 0
823 0.1973213239341243 0.4067617323512141 0
824 0.2705751869889245 0.7942735899828924 0
825 0.2824232667709424 0.794270466859918 0
826 0.6484976861552887 0.8066611889720976 0
827 0.6382464152775793 0.8007376337865525 0
828 0.8122997368739384 0.4012403769249971 0
829 0.8120985181618194 0.4123509332149607 0
830 0.1936075400637849 0.7840465147578969 0
831 0.1995348414031897 0.7943118795812425 0
832 0.575101530327645 0.2209780499909053 0
833 0.5751158521831677 0.2313129934338994 0
834 0.1122412756219874 0.9896426054028995 0
835 0.9896810488279359 0.8869009812461602 0
836 0.6382441401272976 0.7888953141502113 0
837 0.6279904735602357 0.7948128772028897 0
838 0.6279902519103959 0.8066540069366797 0
839 0.6177369610467203 0.800729466882585 0
840 0.6177339549912499 0.8125712716229426 0
841 0.6074818125380512 0.8066455110406562 0
842 0.6074858138798958 0.7948050673004678 0
843 0.5972308664972652 0.800719788292435 0
844 0.5972370577241993 0.7888806993639561 0
845 0.5869812295568273 0.794794951624433 0
846 0.5869754438738062 0.806632257939581 0
847 0.5767252076849193 0.8007070692056832 0
848 0.5767320105428753 0.7888698240099591 0
849 0.5664760858264004 0.79478120825662 0
850 0.5664696506061642 0.8066210196169209 0
851 0.5562181589757389 0.800693356208941 0
852 0.5562109013799603 0.8125359136511606 0
853 0.5459581481203846 0.8066063239078393 0
854 0.5459677369927831 0.794765481370479 0
855 0.5357083347952687 0.8006772391368805 0
856 0.5357176528514513 0.7888380377579443 0
857 0.5254595974152954 0.7947491664199486 0
858 0.5254502620390511 0.8065866272604927 0
859 0.515200932924316 0.8006590252686585 0
860 0.5152150557632096 0.7888202852249068 0
861 0.5049534940908864 0.7947297109527131 0
862 0.5049415303333993 0.8065687914161691 0
863 0.494693404301935 0.8006384775637974 0
864 0.4947126246909297 0.7887982873236774 0
865 0.4844475715689083 0.7947078584960831 0
866 0.4844326361546274 0.8065474084940352 0
867 0.4741857763105702 0.8006148192581045 0
868 0.4741691178796946 0.8124561458286002 0
869 0.642886969270007 0.3957835447946185 0
870 0.8105996026764299 0.2306434855193372 0
871 0.8105826140213572 0.2198733171028577 0
872 0.8012916042474749 0.2145392594562299 0
873 0.8103049589588514 0.2091485731015975 0
874 0.8012173284303979 0.203845466568349 0
875 0.8101992970625416 0.1984619844281631 0
876 0.8011656107462215 0.1931769691830317 0
877 0.8103551840207579 0.1878053481713342 0
878 0.8011604543258303 0.1825361249748113 0
879 0.8103331263521594 0.1771798607002722 0
880 0.8011344332697168 0.1719256296752625 0
881 0.8102780821605302 0.1665843500692277 0
882 0.1893900580031411 0.2306296022009935 0
883 0.189414051956898 0.2198689089174639 0
884 0.1987061984943867 0.2145364396149522 0
885 0.1896814510065702 0.2091473218853133 0
886 0.1987800123252602 0.2038448214818566 0
887 0.1897853274558264 0.1984616500975694 0
888 0.198831353637544 0.1931768695253249 0
889 0.1896417527886069 0.1878053562873556 0
890 0.1988385024870357 0.1825361971806971 0
891 0.1896661926168718 0.1771799792629878 0
892 0.1988652526806326 0.1719257734737639 0
893 0.1897217533093222 0.1665845222232454 0
894 0.4742002503323975 0.7887767194954916 0
895 0.1876795620099547 0.7943125611475378 0
896 0.1988999862682808 0.1613346141849256 0
897 0.8010973278220288 0.1613340788481608 0
898 0.1936086895846171 0.8045811640945095 0
899 0.8022448055584542 0.7771099703029354 0
900 0.8022447649987158 0.7889573705915746 0
901 0.5661603342989252 0.2261562773014886 0
902 0.5661440810850034 0.2158269932564151 0
903 0.5661753163152485 0.2364885632825874 0
904 0.575127628103502 0.241642579252383 0
905 0.5661895128987128 0.2468182855145509 0
906 0.1810317800329397 0.1934413248324587 0
907 0.8189333300824773 0.1934609130029073 0
908 0.2764981594510759 0.8045302630966162 0
909 0.2883477812777856 0.8045273460607474 0
910 0.1877517157391753 0.4012448249525378 0
911 0.187752060205011 0.4123207511554633 0
912 0.8219052883021345 0.4068062374304928 0
913 0.8219052136029992 0.4179427789859619 0
914 0.8219338467293934 0.3956868081955333 0
915 0.5572382715851369 0.2416663298241979 0
916 0.5572534906295338 0.2519929422608286 0
917 0.6607090863684287 0.9896867906957302 0
918 0.1817497262672836 0.8045817690757999 0
919 0.1758077318414988 0.7942924538646109 0
920 0.575133916183912 0.2519607294857353 0
921 0.1897815012178425 0.1560151151466054 0
922 0.8102181576563273 0.1560148627653654 0
923 0.7919826449340828 0.7948805268948901 0
924 0.8022457508706853 0.8008084006237614 0
925 0.791977958648554 0.8067335290226587 0
926 0.8022438362348308 0.8126629187441479 0
927 0.7919752171018525 0.8185884574016673 0
928 0.8125129195981355 0.8067360016978 0
929 0.8125115459816051 0.818593893161538 0
930 0.5483049827667095 0.2468422665214818 0
931 0.5483200729631502 0.2571662508583294 0
932 0.1876804218765637 0.8148529112043891 0
933 0.1877849313502207 0.3901254783109159 0
934 0.1758181673666608 0.8148539861817323 0
935 0.1781606534303784 0.3957151020452736 0
936 0.1781671500527209 0.3846428547953035 0
937 0.4639402462666334 0.7946819678712409 0
938 0.463954857388564 0.7828450312641904 0
939 0.1989296195252824 0.1507820576108819 0
940 0.8010682541343608 0.1507790191746199 0
941 0.2824248208680419 0.8147896644299265 0
942 0.2942732574294267 0.8147864763947501 0
943 0.8315860222975374 0.4012463108975908 0
944 0.831588394183892 0.3900747353754979 0
945 0.3001939473882033 0.8045235416553936 0
946 0.3061213126050206 0.8147825751353579 0
947 0.7611909755739787 0.611773991319709 0
948 0.7713702713309019 0.6176188410343855 0
949 0.7713981045662713 0.6058778371439222 0
950 0.7815655989192636 0.6117323833640527 0
951 0.7815837762797637 0.6000045148503659 0
952 0.7917588726385569 0.6058698606183335 0
953 0.7917711101402205 0.5941364508162996 0
954 0.801918436473002 0.5999825314897429 0
955 0.8019431226580891 0.5882769649621912 0
956 0.8120946286596031 0.5941449331622937 0
957 0.8120956686891186 0.582428845579499 0
958 0.8121097923176019 0.605778004294123 0
959 0.4160185301569888 0.1951055307207908 0
960 0.4160379522049319 0.184782863641396 0
961 0.8103292876749101 0.2418824148518093 0
962 0.8199370299863646 0.2360368474208284 0
963 0.1895659379519288 0.2417294684466623 0
964 0.1800446469606432 0.2360100317368284 0
965 0.8222416591286642 0.5882898968837869 0
966 0.8222434328428295 0.5765795083129881 0
967 0.8227828914502299 0.8126653505931448 0
968 0.8227818070299392 0.8245264818130079 0
969 0.8198147306544376 0.2471009708365481 0
970 0.8293745133050132 0.2413823575651261 0
971 0.5393695387988562 0.2520104111611407 0
972 0.5393883075832693 0.2623397879320866 0
973 0.1801200034495909 0.2470011890666967 0
974 0.1706127256820837 0.2413622229291368 0
975 0.1706310092770026 0.2523784057832811 0
976 0.1685410153794735 0.3901815510911002 0
977 0.8293983391065103 0.2522771158476145 0
978 0.424969007363092 0.1899570127548942 0
979 0.4249842550879775 0.1796419553063938 0
980 0.4160639066760045 0.1744684029709205 0
981 0.4250008513373847 0.1693329750007491 0
982 0.4160939435100843 0.1641636902839964 0
983 0.4250174165844514 0.1590380783968965 0
984 0.4161217415397565 0.153873871762689 0
985 0.4250362700157655 0.1487553607711546 0
986 0.4339280545131302 0.1539093245347387 0
987 0.4339447673500831 0.1436353804218099 0
988 0.4428296143662588 0.1487836486129999 0
989 0.4161471891772164 0.1435987223667554 0
990 0.1898360133495844 0.1454657980460975 0
991 0.1806894109449999 0.1506870602745247 0
992 0.8101635740255653 0.1454650797158398 0
993 0.8193106073737503 0.1506868299085466 0
994 0.1817519052560168 0.8251280441637641 0
995 0.1698852107076682 0.8251291347256335 0
996 0.6792624789369202 0.7652436787154562 0
997 0.2625376287595182 0.315608080818777 0
998 0.7371673446027174 0.3155447065741325 0
999 0.5304399797841072 0.2571827524141631 0
1000 0.5304415692359223 0.2675079710766367 0
1001 0.4428455317470136 0.1385185288133842 0
1002 0.4517240307761999 0.1436643598512917 0
1003 0.3002007104846245 0.8250469473715152 0
1004 0.3120516290445382 0.8250434704004204 0
1005 0.8412704689886721 0.3956652468360812 0
1006 0.8412673106148142 0.3844601868215305 0
1007 0.3120409156855422 0.8045201206957096 0
1008 0.1611213248179834 0.2467628258935973 0
1009 0.161139389946601 0.2578713367508653 0
1010 0.8388825093836387 0.2467495872834924 0
1011 0.1989795308142037 0.1402613622060033 0
1012 0.2080466267978242 0.1455514881855137 0
1013 0.8010234637689569 0.1402593637764722 0
1014 0.7919519882602587 0.1455476834785842 0
1015 0.1807363416730822 0.1401348186798152 0
1016 0.1715519311420832 0.1453666636892076 0
1017 0.8192653228143874 0.1401326734259001 0
1018 0.8284483835636631 0.1453661034650724 0
1019 0.5393434041326264 0.2726610397104597 0
1020 0.5217842011844726 0.2623617439516571 0
1021 0.5215569654021233 0.2726784631470237 0
1022 0.8323891262532968 0.5824357918181838 0
1023 0.8323770986461165 0.5707307044181379 0
1024 0.7919087208034898 0.1350712683703765 0
1025 0.7828646263762685 0.1403353452075389 0
1026 0.2080964892829106 0.1350722422545952 0
1027 0.2171350340657984 0.1403386292404697 0
1028 0.8330562211334229 0.8185962820944411 0
1029 0.8330553987887575 0.8304608758040627 0
1030 0.07576847780562498 0.00885400457915995 0
1031 0.9242971301583457 0.008858915128238148 0
1032 0.8222538022193865 0.5648857283371168 0
1033 0.8323674423002019 0.5590433481481717 0
1034 0.8222711055449932 0.5532200535695343 0
1035 0.8324553627381042 0.5475587824164646 0
1036 0.4517408600738823 0.1334068696718122 0
1037 0.4606140668287414 0.1385488829734297 0
1038 0.1715558470228733 0.1348609033858486 0
1039 0.1624437150147176 0.1400486795189457 0
1040 0.8284460532501488 0.1348628962927247 0
1041 0.8375534038707653 0.140048764444703 0
1042 0.5131590648459061 0.2679612822247595 0
1043 0.7828224304027884 0.1298888388051855 0
1044 0.7738029322237967 0.1351369660448716 0
1045 0.2171819333416961 0.1298850939700478 0
1046 0.226200922236126 0.135140553364103 0
1047 0.9900792855896176 0.4231865487841975 0
1048 0.3061296133133787 0.8353099882001703 0
1049 0.3179883458450957 0.8353051148353237 0
1050 0.1758210632259447 0.8354062801586247 0
1051 0.1639507711401445 0.8354071590503227 0
1052 0.5126909565120752 0.2779187741298725 0
1053 0.5040259625712222 0.2732148390437955 0
1054 0.1515873982031026 0.2522088077327847 0
1055 0.1515700059521177 0.2632623417330533 0
1056 0.8389000542652788 0.2576730600306878 0
1057 0.8483996854921102 0.2521744609846585 0
1058 0.8120547037607394 0.4235074110365651 0
1059 0.8484236615707178 0.2632042830371811 0
1060 0.8509769207568729 0.3900690635209519 0
1061 0.842458176583758 0.553236056100965 0
1062 0.8424861484483632 0.5416618511932075 0
1063 0.4608880710014509 0.1287356394732965 0
1064 0.4695466550710201 0.1335086257036677 0
1065 0.4694939561929756 0.1437020317447626 0
1066 0.4783823182031053 0.1385893515115127 0
1067 0.4783990638861612 0.1283380976110569 0
1068 0.4872601642273141 0.1334648521231694 0
1069 0.1623955128165079 0.129508961254387 0
1070 0.1533276981814079 0.1348269102423946 0
1071 0.8376059072541292 0.1295117438816277 0
1072 0.8466653055118363 0.134833222013391 0
1073 0.8433320511904367 0.8245288431783756 0
1074 0.8433317056123351 0.8363965956553401 0
1075 0.8330523705791905 0.8423290314874256 0
1076 0.8433302109114845 0.8482661679632066 0
1077 0.7302059517542914 0.6883475912550068 0
1078 0.8433321724545282 0.812662722615211 0
1079 0.8330472832907996 0.8542008279162859 0
1080 0.7737613748737187 0.1247174330388618 0
1081 0.7647685088844354 0.1299488662326784 0
1082 0.2262457596114527 0.1247169134541573 0
1083 0.2352350211507681 0.1299501679010553 0
1084 0.3120607506523226 0.8455755436518553 0
1085 0.3239249484877866 0.8455699378563277 0
1086 0.5037425549101677 0.283112396701316 0
1087 0.495054649595805 0.2783835167093472 0
1088 0.4872723977777469 0.1232172032528369 0
1089 0.4961366120186517 0.1283484823146569 0
1090 0.4536804281113471 0.1237928401343266 0
1091 0.1698863047430038 0.8456861952639658 0
1092 0.1580145736838527 0.8456877238664537 0
1093 0.1520785485589008 0.8354061026432876 0
1094 0.1461409926071829 0.8456883243466429 0
1095 0.1817585212803188 0.8456848517047286 0
1096 0.4536963971483773 0.7887501690203239 0
1097 0.4537111503452256 0.7769150385553703 0
1098 0.7099792417917664 0.4892175589754178 0
1099 0.1402031336297614 0.8354016447586377 0
1100 0.4961494420810489 0.1181073211412206 0
1101 0.5050091282637086 0.1232351843224939 0
1102 0.1420336284518037 0.257632524654536 0
1103 0.1420980639958581 0.2686893277409168 0
1104 0.8579872738329237 0.2576567865689459 0
1105 0.8580119315844639 0.2687247325744012 0
1106 0.8525187732719812 0.5473936932754674 0
1107 0.8526047939979178 0.5359340000175887 0
1108 0.1532745816759636 0.1240916830567889 0
1109 0.1440602458731437 0.1294870920132376 0
1110 0.8467247609347575 0.1240926134848238 0
1111 0.8559350335301572 0.129494104775782 0
1112 0.8022490064548615 0.7652625719777563 0
1113 0.5216505647716094 0.2520460378837975 0
1114 0.8536096238337861 0.8185954232205286 0
1115 0.853610622350262 0.8067240810929024 0
1116 0.8433288808993022 0.86013898922392 0
1117 0.494823758830885 0.2882832441986438 0
1118 0.4859107954920001 0.2839281843251657 0
1119 0.3179932292141262 0.8558433439582551 0
1120 0.3298559527107644 0.8558386686287318 0
1121 0.3061320941507947 0.8558468816699418 0
1122 0.7647196872842226 0.1195521150433966 0
1123 0.7557441943429646 0.124779556235757 0
1124 0.2352804877064911 0.1195482865723065 0
1125 0.2442583578120762 0.1247795827198301 0
1126 0.5050228439097378 0.1130023747866536 0
1127 0.5138778440810858 0.1181263373979312 0
1128 0.1973534888389951 0.4178392810057515 0
1129 0.187752435305125 0.4234332773399188 0
1130 0.8330434895796675 0.8660748088137484 0
1131 0.1758232287419483 0.8559666330268785 0
1132 0.4434537848511151 0.7828195891605284 0
1133 0.443470554122665 0.7709860666629975 0
1134 0.4537230341497123 0.7650829376643359 0
1135 0.443486595728537 0.7591561216958952 0
1136 0.4537344369833731 0.7532544693578348 0
1137 0.4435023083965964 0.7473301687725153 0
1138 0.4537486375104088 0.7414313414295839 0
1139 0.4332541455992152 0.7532294026294541 0
1140 0.4332706823055595 0.7414057897898105 0
1141 0.423024248225247 0.7473032774615765 0
1142 0.4230421561776467 0.7354836146850319 0
1143 0.8370253044741254 0.1192257983619922 0
1144 0.1629748373731336 0.1192146391714605 0
1145 0.8579606096594068 0.2465990233589227 0
1146 0.1420424096529244 0.2466046860249752 0
1147 0.132454282898762 0.2520764625450055 0
1148 0.1323089560236375 0.2412635890231851 0
1149 0.8675744104391507 0.2521083750871239 0
1150 0.8675327270662758 0.2409942475390776 0
1151 0.1876961445965441 0.8559650813274226 0
1152 0.8222987414897717 0.5419480978563699 0
1153 0.862592880850746 0.5415835844442922 0
1154 0.8626892513246653 0.5301386121259738 0
1155 0.1342646182327891 0.8456886334013444 0
1156 0.4961698575854467 0.1078705733917023 0
1157 0.7734788357862183 0.1143081641770027 0
1158 0.2265285680789789 0.1143001024651148 0
1159 0.5036974023621142 0.2933241785681618 0
1160 0.1440549397466511 0.1186852579970915 0
1161 0.1347253275289806 0.1239709992592859 0
1162 0.8559444467997765 0.1186859903031223 0
1163 0.8656039724486628 0.1239579252994136 0
1164 0.4858676381910298 0.2935124715383 0
1165 0.4767121783138766 0.2887591082701158 0
1166 0.8638897952824753 0.8126609118522465 0
1167 0.8638906803494205 0.800785814703997 0
1168 0.1283257856511954 0.8353996462913096 0
1169 0.755698581932435 0.1144089041174897 0
1170 0.7467483615125867 0.1196195972974811 0
1171 0.2443050460678853 0.1144046411595571 0
1172 0.2532562214932753 0.1196192971560875 0
1173 0.4783606824666008 0.1488306831635906 0
1174 0.1974534312838402 0.4289965784947343 0
1175 0.1877527634258185 0.434632682757757 0
1176 0.1347318421074338 0.1348525402003976 0
1177 0.86531882067607 0.1348573692661648 0
1178 0.3239259723100998 0.8661139266892979 0
1179 0.3357875377146546 0.8661092920584651 0
1180 0.8509613831800469 0.3788544085925998 0
1181 0.8607004490741474 0.3844600011950451 0
1182 0.8607136220160188 0.3957185118210432 0
1183 0.8704883046388139 0.3900831105488057 0
1184 0.8704966476542668 0.4013985718637306 0
1185 0.8704725441329013 0.3787794884596999 0
1186 0.5138921826967795 0.1079002532705433 0
1187 0.5227440028522174 0.1130241937182025 0
1188 0.843327701062874 0.8720145427358303 0
1189 0.8536142072696875 0.8660722525370121 0
1190 0.181760767907313 0.8662488984449361 0
1191 0.1936353898505429 0.8662471234281398 0
1192 0.4768966755197088 0.2986319265626642 0
1193 0.4682156257682424 0.2934846481633994 0
1194 0.3417180029452973 0.8558337475384749 0
1195 0.3476509861487604 0.8661039690674925 0
1196 0.4127964034457013 0.7413791597073122 0
1197 0.4131500005350249 0.7295617476295182 0
1198 0.1974904710923119 0.4402239305528851 0
1199 0.1877472833984347 0.4458840169862865 0
1200 0.1779665754152049 0.4402483084833659 0
1201 0.1779568457699292 0.4515702021330659 0
1202 0.1681214192867053 0.4458896956086716 0
1203 0.1681175383156973 0.4572669644243588 0
1204 0.177985623862406 0.4629577931544647 0
1205 0.1681106574067757 0.4686773522853079 0
1206 0.1780181139743507 0.4743841338917569 0
1207 0.1681041635161778 0.4801257275663304 0
1208 0.1582743806302024 0.451552744790207 0
1209 0.178051058793555 0.4858617619185314 0
1210 0.1680979449434257 0.4916273819418818 0
1211 0.1780801345494141 0.4973750156892969 0
1212 0.1680944037998544 0.5031653376364266 0
1213 0.1580918627129137 0.4973909819456759 0
1214 0.1580811837601409 0.5089573553015042 0
1215 0.168111952284418 0.5147416979560431 0
1216 0.1580774995464806 0.520560259184773 0
1217 0.168132100979315 0.5263596418411152 0
1218 0.1580781756011786 0.5321873097489841 0
1219 0.1679897305268745 0.5379985292102388 0
1220 0.1580546746192794 0.5438355114165873 0
1221 0.1480652128267816 0.503136469888537 0
1222 0.1680861617101813 0.5496525113383486 0
1223 0.1580716412789476 0.5555059989069046 0
1224 0.1479732612632731 0.5496699377420345 0
1225 0.1479737519208299 0.5613569067953115 0
1226 0.1581093963335778 0.5671882798796918 0
1227 0.1479830727652635 0.5730566253666483 0
1228 0.1581351282737253 0.5789011211246877 0
1229 0.1479942486145391 0.584769896433401 0
1230 0.1381285804484731 0.5565693294720224 0
1231 0.1581572933908046 0.5906244128777317 0
1232 0.1479969101607624 0.5965013638219177 0
1233 0.1579800764066067 0.6023679707224456 0
1234 0.14796803561989 0.6082532032873893 0
1235 0.1580858564534822 0.614125115328377 0
1236 0.1479945525804509 0.6200260626355359 0
1237 0.1378015726407869 0.6141432792560861 0
1238 0.1378198120720877 0.6259257356764989 0
1239 0.1480375216551991 0.6318034905744884 0
1240 0.1378354527584056 0.6377106655518816 0
1241 0.1347916276049493 0.1132275813913614 0
1242 0.8655933287286099 0.1132111464421085 0
1243 0.1685451332282638 0.3790461039418796 0
1244 0.1588912535843964 0.3846179478840821 0
1245 0.1276161506463925 0.6200433186124594 0
1246 0.125338169168451 0.1292617648961511 0
1247 0.1252823206303728 0.1401232744762155 0
1248 0.8751448193715228 0.1294151146831182 0
1249 0.8747230559017829 0.1400936489365007 0
1250 0.8330412699246639 0.8779506581726301 0
1251 0.746707861684157 0.1092652750559958 0
1252 0.7377681400968779 0.1144797975376343 0
1253 0.2532968313086946 0.1092621129935489 0
1254 0.26223933389212 0.1144769464488966 0
1255 0.7378003842139731 0.1248214084443001 0
1256 0.7288373256041455 0.1196706101889763 0
1257 0.7287970738172871 0.1093480867326745 0
1258 0.7198816509333473 0.1145300110514212 0
1259 0.7198424821482785 0.1042271545706199 0
1260 0.7109421990184317 0.1094020323729158 0
1261 0.2622071795807622 0.1248237621678245 0
1262 0.2711753983969715 0.119670519877791 0
1263 0.2712123764332361 0.1093360730179568 0
1264 0.2801381846987822 0.1145274332453691 0
1265 0.2801768658516972 0.1042124765397159 0
1266 0.2890840274026134 0.1093932947530808 0
1267 0.8802962633433934 0.3844324316897445 0
1268 0.8802857709808518 0.3730871335324347 0
1269 0.1227855243151475 0.2465894976423416 0
1270 0.8771963750234765 0.2465396428916004 0
1271 0.3000777512585242 0.7020809772350712 0
1272 0.1480584855892103 0.6435930325454944 0
1273 0.1378479603229893 0.6495037284977749 0
1274 0.4680411639696721 0.3037150743884965 0
1275 0.4596341750712106 0.2990011896635614 0
1276 0.8741706774842766 0.8067262184467489 0
1277 0.8741714804910959 0.7948508697512293 0
1278 0.167822225140923 0.5966047242928481 0
1279 0.8725281053698424 0.5359705505196978 0
1280 0.8726466595553438 0.5474205566441062 0
1281 0.8724314061710016 0.5251852720625541 0
1282 0.9887498436639841 0.07788525049677687 0
1283 0.01123772431852865 0.07784271805697419 0
1284 0.1223861393438747 0.8456890654900479 0
1285 0.1283261962218222 0.8559771938632088 0
1286 0.9336294088287836 0.9901836256305323 0
1287 0.01030983081416432 0.9345236991025004 0
1288 0.700625369049886 0.2519017318429917 0
1289 0.01032336958727042 0.375474523123713 0
1290 0.3000076304849105 0.2531441793597848 0
1291 0.4769279748373707 0.3088479111200236 0
1292 0.4231121067993241 0.7236671792877829 0
1293 0.4345173668211489 0.989685076863166 0
1294 0.255469481539868 0.9896987202776597 0
1295 0.5773709745385931 0.9896627159479664 0
1296 0.7440521617513328 0.9896905593619124 0
1297 0.5059462610605171 0.9896705848632581 0
1298 0.9896901737644438 0.9226190476188438 0
1299 0.07695880669731421 0.9897214143442679 0
1300 0.4721692310791321 0.6111752034886008 0
1301 0.6120981923596293 0.608835173025837 0
1302 0.5414048972599754 0.6093717778530946 0
1303 0.4681324803057608 0.008634028600887198 0
1304 0.4085384349253858 0.008110565706491737 0
1305 0.5907206738776686 0.007943613524345243 0
1306 0.4434380312962865 0.7946549304442954 0
1307 0.4946115942725289 0.2680145862041454 0
1308 0.6587513564337493 0.812585266852824 0
1309 0.1164471677893167 0.835400661529993 0
1310 0.1589075851129807 0.3734690540110064 0
1311 0.1492241783099505 0.3790406009091113 0
1312 0.1776629094978021 0.5321936833337657 0
1313 0.5227602691455224 0.1027978543308044 0
1314 0.5316104217434204 0.1079189077688082 0
1315 0.5315958182668261 0.1181495863439615 0
1316 0.5404589387914015 0.1130441473858863 0
1317 0.5050012162570766 0.1334746470230931 0
1318 0.8536130491507634 0.877954669976611 0
1319 0.8639024534913027 0.8720107677256635 0
1320 0.4591911452309481 0.3089243890080652 0
1321 0.4505254475189332 0.3042315994520872 0
1322 0.4132326640362791 0.7177473680061085 0
1323 0.3468058932773974 0.3946616514768639 0
1324 0.1876992910411781 0.8765299189994438 0
1325 0.1995751459975841 0.8765301966360258 0
1326 0.8484170387518757 0.2742616926222689 0
1327 0.009515424836817421 0.6245576859630637 0
1328 0.7524115248680125 0.007949963612846703 0
1329 0.2475890551274267 0.007931833681613688 0
1330 0.3298601543110539 0.87638724277541 0
1331 0.5404743016420368 0.1028152200427703 0
1332 0.5493192638965229 0.1079382702925325 0
1333 0.4182337871289306 0.4000096799276558 0
1334 0.5714936206716514 0.4002689524735675 0
1335 0.2767626427679094 0.6195757765122909 0
1336 0.122657574894792 0.2357014117015225 0
1337 0.8771523577562044 0.2353877305715797 0
1338 0.7648055266394103 0.1403341081086706 0
1339 0.2351906290450349 0.1402420394652804 0
1340 0.1158495104671221 0.1345938376530354 0
1341 0.8841270622188159 0.1346184692977875 0
1342 0.1515851105561544 0.2742681136201146 0
1343 0.1420745628847058 0.2798035950380778 0
1344 0.4680262309714772 0.2840129632668538 0
1345 0.7109072005538316 0.09911207431618504 0
1346 0.7020104898532269 0.1042831129016423 0
1347 0.2891157601960783 0.09909309604792285 0
1348 0.298018932529369 0.1042684782959288 0
1349 0.3059841049545651 0.7123034191745563 0
1350 0.3118875946152458 0.7020780469667698 0
1351 0.1158094652417867 0.1455959115096582 0
1352 0.7832718585269363 0.4065618381029144 0
1353 0.8841911125324369 0.1455892080726292 0
1354 0.8522079796938096 0.5251160681407244 0
1355 0.1164453027439978 0.8559782171605935 0
1356 0.122386931644351 0.8662682188338392 0
1357 0.8901370597815222 0.3787592299444589 0
1358 0.8904499734670273 0.3679328054158508 0
1359 0.8827151092012767 0.5419968035790035 0
1360 0.8827666198625741 0.5533000320115726 0
1361 0.499944302647401 0.4012636024054253 0
1362 0.8639003502695559 0.8838970056452293 0
1363 0.8741913514834799 0.8779570909712016 0
1364 0.8412550010075407 0.3732556944191677 0
1365 0.5493319988034879 0.09771530670951512 0
1366 0.5581765446071382 0.1028344835114488 0
1367 0.7288677428309731 0.1299961052031277 0
1368 0.2711459349011748 0.1300164953297375 0
1369 0.1480757547984425 0.6553884746949558 0
1370 0.1378607863253035 0.6612992415951494 0
1371 0.1276310694854612 0.6554136555867069 0
1372 0.1276412272811287 0.6672194142786446 0
1373 0.5404513596973133 0.1232777584073061 0
1374 0.1131416355003819 0.2409874005059139 0
1375 0.8868586590230627 0.2409188315473602 0
1376 0.8868763540178312 0.2521224196304294 0
1377 0.4231490323464858 0.7118549611088927 0
1378 0.3535777397916522 0.8558280008925276 0
1379 0.3595129850274779 0.866098006336392 0
1380 0.1936337037546572 0.8868119676884765 0
1381 0.2055135277019364 0.8868159895649731 0
1382 0.8844548323084069 0.8007904720088193 0
1383 0.8844536056753453 0.7889150282062466 0
1384 0.5304028772993974 0.008245779304892112 0
1385 0.4129285143448684 0.7059369482867088 0
1386 0.7020410451204895 0.1145717392921087 0
1387 0.6931189313816408 0.1094493973749532 0
1388 0.6930893163467882 0.09916888533404192 0
1389 0.6842081597625082 0.1043298622088168 0
1390 0.2979912353733303 0.114566096490813 0
1391 0.3068526623057852 0.1093267392776544 0
1392 0.3069346595084763 0.09913337513964116 0
1393 0.3157559272512497 0.1041815697802096 0
1394 0.4249539853937125 0.2002799217645932 0
1395 0.117890856264358 0.6613282662637442 0
1396 0.11749757714845 0.6731475280309693 0
1397 0.8741927339555545 0.8898365819152151 0
1398 0.7197966367704551 0.09393807008838935 0
1399 0.2802225195047666 0.09391513441909578 0
1400 0.1105034453521303 0.8662690575145326 0
1401 0.1164458994995849 0.8765614209595458 0
1402 0.2054563353806777 0.7430047707215666 0
1403 0.8218971201644246 0.4291218074187576 0
1404 0.8121797037744967 0.4347019876967152 0
1405 0.6841859478128499 0.09405875098748435 0
1406 0.675306943709961 0.0992125440978624 0
1407 0.6753258910886961 0.1094765980887428 0
1408 0.6664248219246218 0.1043599983198505 0
1409 0.6664076191644589 0.09410182892856708 0
1410 0.6575338456833822 0.09924809389637186 0
1411 0.315834828279091 0.09401769353970359 0
1412 0.324713631680089 0.09917235849393533 0
1413 0.3242876235856447 0.1099206707505443 0
1414 0.3335011926147882 0.1049594528960314 0
1415 0.3335831373437782 0.09417458331282394 0
1416 0.3421920972600239 0.09885310274874877 0
1417 0.1276642692368163 0.6790447734047823 0
1418 0.1174472766625777 0.6849753671005067 0
1419 0.5581951241955346 0.09261148421256093 0
1420 0.4502552513721974 0.3141071658729322 0
1421 0.4413195537670107 0.3089722248706318 0
1422 0.4417676418353518 0.2992944574435511 0
1423 0.4326644324009133 0.3043021363637975 0
1424 0.1063151637131938 0.140030730203874 0
1425 0.1063821244940283 0.1290079924621124 0
1426 0.1062595681702964 0.1510472824045903 0
1427 0.893681646504092 0.1400335916218126 0
1428 0.8936971181111202 0.1291711852067938 0
1429 0.8937384461148402 0.151047145038792 0
1430 0.6810184466417319 0.6107168586200183 0
1431 0.8844836709701008 0.8838996021567198 0
1432 0.5670315453200819 0.09773145732905937 0
1433 0.567030101562489 0.1079470381593438 0
1434 0.3443045431786441 0.1097730983539865 0
1435 0.6575457981982573 0.1095064650623819 0
1436 0.4324027289295265 0.31414838450504 0
1437 0.4234609375232958 0.3090118212334849 0
1438 0.1880499748724722 0.4915924122027993 0
1439 0.8844877349945983 0.8957762721098426 0
1440 0.8965910620531892 0.2464865708191866 0
1441 0.8966226445141405 0.2577706167707843 0
1442 0.6575157850530198 0.08899535876267971 0
1443 0.3424436510852885 0.08892661432697482 0
1444 0.3512227132031383 0.0938485524166694 0
1445 0.8999338444859397 0.3733549383830025 0
1446 0.8999755925775093 0.3616215278903745 0
1447 0.9000076672860879 0.3845276269277366 0
1448 0.151602544456437 0.2853577956769032 0
1449 0.1422722195491079 0.2904204663629099 0
1450 0.4015865880717377 0.7339099173693373 0
1451 0.4023885766313194 0.7470177104258156 0
1452 0.7094172026990193 0.4529095893148277 0
1453 0.4239051799669782 0.2993169170596647 0
1454 0.4147969760121422 0.3043283873445054 0
1455 0.4145503084675038 0.3141750378566751 0
1456 0.4055915250485205 0.3090335658951161 0
1457 0.4049099812462187 0.2983042149310207 0
1458 0.3962520328755608 0.3041366585352417 0
1459 0.3965664345425307 0.3141578332361556 0
1460 0.3875725258183201 0.3090192704245219 0
1461 0.3873186325381606 0.2990822619390187 0
1462 0.3786015263171017 0.3038957967476085 0
1463 0.1045599609254243 0.8765621664254565 0
1464 0.1105037659366333 0.8868566517959718 0
1465 0.8965490524993468 0.2352278115272555 0
1466 0.1582845157634655 0.649474153324072 0
1467 0.8930132110341976 0.547653326736779 0
1468 0.8929323869625053 0.5591270391944729 0
1469 0.2898114658378077 0.4647058823531371 0
1470 0.3786768671948657 0.3141543991945947 0
1471 0.3696964141445283 0.309007843164781 0
1472 0.7921193965206264 0.18789261407418 0
1473 0.2079757964202069 0.1874840810120275 0
1474 0.1071959246454009 0.6790724989894376 0
1475 0.1071950815039803 0.6909044675199811 0
1476 0.117452747327365 0.6968066653455649 0
1477 0.1072106698299049 0.7027420788445877 0
1478 0.1174735476147135 0.708647067130671 0
1479 0.1072274642028031 0.714585664364042 0
1480 0.3654409777738297 0.85582159543648 0
1481 0.3713796005337294 0.8660908184640592 0
1482 0.3654490374206175 0.8763694861825567 0
1483 0.3773163581058801 0.8763633755013254 0
1484 0.3713853322781263 0.8866444771136237 0
1485 0.3832540460028026 0.8866381523249506 0
1486 0.3891838103312854 0.8763567154197519 0
1487 0.3951223609833033 0.8866311726779521 0
1488 0.8639129194875246 0.8957668635081913 0
1489 0.1223858617294773 0.8251104166661229 0
1490 0.11050829723124 0.8251125655666859 0
1491 0.1164467678100973 0.8148243617952003 0
1492 0.1043198214773311 0.814672331782862 0
1493 0.8227565873167266 0.8720101396948037 0
1494 0.8227531860896788 0.8838857219555425 0
1495 0.8124691688860995 0.8779453556003198 0
1496 0.81246528563327 0.8898217012135722 0
1497 0.8021805569349661 0.8838816090825979 0
1498 0.8021776366756943 0.8957593381794495 0
1499 0.7918919546402186 0.889818091909632 0
1500 0.168559766781758 0.3679045136834715 0
1501 0.4010508831682988 0.8763500404463783 0
1502 0.4069903648461565 0.8866241904651259 0
1503 0.0986184077240151 0.8868591627488918 0
1504 0.5670543175655323 0.08751169998911221 0
1505 0.3997622004530611 0.6110052598186135 0
1506 0.5496029453718031 0.08789421548319729 0
1507 0.4072361679080815 0.1487113677048503 0
1508 0.8741715017504587 0.7829775574155274 0
1509 0.8844521553602328 0.7770413482960331 0
1510 0.8741813257942088 0.7711070068765487 0
1511 0.8844514578540739 0.7651718921654012 0
1512 0.874178846933769 0.7592411101634968 0
1513 0.8844494058139571 0.7533049993300966 0
1514 0.8741692345107459 0.7473753207442752 0
1515 0.8844453036465231 0.7414400283607462 0
1516 0.8741731008407526 0.7355093622227546 0
1517 0.8844431285673802 0.7295779841396781 0
1518 0.8741359479350984 0.7236504652835789 0
1519 0.8844309244913485 0.7177225695400942 0
1520 0.8741303136739871 0.7117978538330301 0
1521 0.8844238478202981 0.7058731946799873 0
1522 0.8741704321986083 0.699951075334155 0
1523 0.8844309933385088 0.6940294888691065 0
1524 0.8741546194381231 0.6881066111640088 0
1525 0.8843822925614986 0.6821804293502483 0
1526 0.8638408278699053 0.7059092700249926 0
1527 0.894677141670408 0.6881079032604328 0
1528 0.8946735067647595 0.6762693255302642 0
1529 0.8947243458100311 0.7473576977605628 0
1530 0.8843778046761406 0.6703406441260802 0
1531 0.8946653289660791 0.6644358988177835 0
1532 0.4338983133085478 0.1951336163110101 0
1533 0.4338843702475293 0.2054492219209893 0
1534 0.4428255291443942 0.2003042206177198 0
1535 0.8580244189875953 0.2798124304982283 0
1536 0.8484129911513971 0.2853674041293012 0
1537 0.3773250369348673 0.8969214593027344 0
1538 0.4231126859898041 0.7000472461347007 0
1539 0.8947393763905434 0.7948525221824657 0
1540 0.1995723811720359 0.8971010701078292 0
1541 0.211455164288976 0.8971032364508409 0
1542 0.7816598593082641 0.5882638580949645 0
1543 0.0967880315017339 0.1344780254078037 0
1544 0.09686038290746621 0.1233668265401649 0
1545 0.9032264549472788 0.1344925409814076 0
1546 0.9031293427614278 0.1233938143260658 0
1547 0.2114359557263489 0.8765127131780043 0
1548 0.3923240534350884 0.7413505070785988 0
1549 0.3922796580274264 0.7531292796878378 0
1550 0.1174998892808326 0.7204964432335427 0
1551 0.1072431199936197 0.7264323876914576 0
1552 0.5758830692347848 0.09263056252373947 0
1553 0.8947779791947897 0.8898424090810374 0
1554 0.8947821396269365 0.9017225061269741 0
1555 0.1583041721531704 0.6612725382194067 0
1556 0.9063812767080064 0.2520365784951326 0
1557 0.9064364640536393 0.2634079398094184 0
1558 0.3513391469857923 0.08380453498185532 0
1559 0.3599330958304834 0.08846892547042547 0
1560 0.8219178856961962 0.4403450738468212 0
1561 0.8121654722497154 0.4459475089206731 0
1562 0.7918891570589167 0.9016958670533141 0
1563 0.7816042109112633 0.8957534232615705 0
1564 0.2627379134827488 0.3474795886783802 0
1565 0.7370775241864226 0.3464939619623706 0
1566 0.1045609203252501 0.897154292102294 0
1567 0.8844308449355052 0.6585269070280239 0
1568 0.8946643203050606 0.6526148268790157 0
1569 0.6018169011707817 0.2261173826663936 0
1570 0.7614948043316276 0.6586378300429958 0
1571 0.09858611205817493 0.825086847870089 0
1572 0.7199837991990414 0.7764652151590932 0
1573 0.8124691301832991 0.9016969743166965 0
1574 0.09693817067470639 0.6849999044522939 0
1575 0.1164460811303267 0.8971493228423008 0
1576 0.894778638542689 0.877949417252905 0
1577 0.369742015123666 0.3193358916282696 0
1578 0.3607458401670892 0.3141810149619049 0
1579 0.1324919388885972 0.285306113537903 0
1580 0.1334111430969082 0.2974237550116784 0
1581 0.1227462877830972 0.2910084845958394 0
1582 0.1226286466101335 0.3021331767409027 0
1583 0.1128947315165177 0.2965334132040869 0
1584 0.1128908628197383 0.3078395850242922 0
1585 0.1030825160101952 0.3021452902688924 0
1586 0.1031026751584899 0.3135457238760913 0
1587 0.09322568392582353 0.3077930208938293 0
1588 0.09323874370271108 0.3192249243271401 0
1589 0.783556141230606 0.3745071845711766 0
1590 0.9099170561581864 0.3787324795327326 0
1591 0.9099338195154034 0.3902366668133428 0
1592 0.2246345743088147 0.4011904332213411 0
1593 0.5758978370558979 0.08241941078271271 0
1594 0.4129176727605407 0.8763428356076298 0
1595 0.4188586250134361 0.886617223685221 0
1596 0.4129303449977771 0.8969003324346879 0
1597 0.4248007812182714 0.8968928403736048 0
1598 0.430729004241444 0.8866091465869841 0
1599 0.4366715942858849 0.8968801027955617 0
1600 0.4426000611948795 0.8865994639461242 0
1601 0.4485423248988314 0.8968706565288074 0
1602 0.454470294185335 0.8866631828491124 0
1603 0.4604128009737095 0.8968725867614401 0
1604 0.4663406874709235 0.8866685002247505 0
1605 0.4722831760338424 0.8968616880678512 0
1606 0.4782105010280364 0.8865893832174804 0
1607 0.484153374952156 0.8968468927915312 0
1608 0.4900806354211662 0.8865680943212355 0
1609 0.4960235325366595 0.8968337627171978 0
1610 0.501951349700298 0.8865570002128755 0
1611 0.507893757765829 0.896828190035164 0
1612 0.5138214227306027 0.8865485140131617 0
1613 0.519763791904686 0.8968155033334473 0
1614 0.5256880436148108 0.8865395818376204 0
1615 0.5316332029918622 0.896804787310757 0
1616 0.5375607862007248 0.8866392011402723 0
1617 0.5435037031562735 0.896806934812741 0
1618 0.549431235879694 0.8866505116953389 0
1619 0.5553735388476388 0.8968101673376806 0
1620 0.5613021216319392 0.8865368576198609 0
1621 0.5672435194173443 0.8967848898873136 0
1622 0.5731708822655166 0.8865060678951833 0
1623 0.5791131342363828 0.8967813364483825 0
1624 0.5850401701205152 0.8864980780386956 0
1625 0.5909827936280552 0.8967617203390669 0
1626 0.596909821911794 0.8864878047678295 0
1627 0.6028525052924529 0.896749407584712 0
1628 0.608778943461471 0.8864774214741917 0
1629 0.6147223069554391 0.8967481350675718 0
1630 0.6206498713973408 0.8864720361209127 0
1631 0.626592115113481 0.8967329090757065 0
1632 0.6325184522896886 0.8864607964676285 0
1633 0.6384617309090634 0.8967213707497895 0
1634 0.6443883750559869 0.8864480124354155 0
1635 0.6503316037361391 0.8967116800583215 0
1636 0.6562591219138175 0.8864443411136401 0
1637 0.6622017562965015 0.8967024092948691 0
1638 0.6677244024938173 0.8866687106453824 0
1639 0.6740046002427065 0.8967327814980965 0
1640 0.6797479750676558 0.884736816933777 0
1641 0.6858896634555603 0.8964266285438069 0
1642 0.6918710415614991 0.8864202902887265 0
1643 0.697805462476131 0.896650780537347 0
1644 0.7037402460441627 0.8864038967748451 0
1645 0.1685164782959683 0.6553563818112151 0
1646 0.1131544163435318 0.2297866656983137 0
1647 0.1034955842641179 0.2353757063779918 0
1648 0.09267671689856487 0.8971586609355298 0
1649 0.09268189503074982 0.8765714146625873 0
1650 0.3820708537196397 0.747239046645733 0
1651 0.3820541223113363 0.7590621172546 0
1652 0.3822173605128116 0.7359840024717679 0
1653 0.7816001314267578 0.9076327856894193 0
1654 0.8842069229454363 0.1566099240908253 0
1655 0.3785823131588228 0.2935558824254617 0
1656 0.9545454545453349 0.008747731351381001 0
1657 0.04546376520175661 0.008643712865428074 0
1658 0.4128839431728857 0.6941315210597112 0
1659 0.09268897422621405 0.8148217862391386 0
1660 0.9049385885256762 0.6821872502024952 0
1661 0.4428112462208577 0.210616973746692 0
1662 0.4517494833727834 0.2054725309150695 0
1663 0.9030768120948047 0.55325315579444 0
1664 0.9031037621626292 0.5415964408957703 0
1665 0.9030687719023527 0.5649165587091955 0
1666 0.1157972291168854 0.1566216341965736 0
1667 0.2705739641203367 0.8147916586621788 0
1668 0.3718241004357135 0.7531406407849297 0
1669 0.1034889578165509 0.2240729587827698 0
1670 0.4069786457466508 0.8660698942054279 0
1671 0.8814315666866206 0.361044556665098 0
1672 0.09373712988920686 0.2297346578741645 0
1673 0.09375573654756461 0.2183682528732517 0
1674 0.127791956741834 0.7146536616409748 0
1675 0.1175411258304055 0.7323573289997234 0
1676 0.3601619243278869 0.07864913399965996 0
1677 0.3690382595736695 0.08380125473668887 0
1678 0.3423310778592275 0.0786324165519848 0
1679 0.09697509978683694 0.7205267229214334 0
1680 0.09699364565773545 0.7323800926198102 0
1681 0.6326541277350596 0.9070137026729548 0
1682 0.6800576736472634 0.9069614647669235 0
1683 0.2718994349111457 0.4059460392363517 0
1684 0.180223436907148 0.2580900782821024 0
1685 0.8198644924909948 0.2579301673292641 0
1686 0.6486570768283009 0.1043916547285707 0
1687 0.6486680601295629 0.114650499591439 0
1688 0.8937743149024497 0.1620838640655495 0
1689 0.360767257725762 0.3245408103394847 0
1690 0.3517753086495515 0.3193815489476522 0
1691 0.351756473985009 0.3090046390130049 0
1692 0.3427748805256182 0.3142114059243679 0
1693 0.597015688176994 0.9070328344446074 0
1694 0.5613926749888551 0.9070667146724991 0
1695 0.905073801038575 0.8957855907699229 0
1696 0.9050737337046091 0.9076777312519169 0
1697 0.5257687198343708 0.9070875157279589 0
1698 0.4901438042111952 0.9071160032191006 0
1699 0.4545182407827448 0.9071448542312176 0
1700 0.4188719354115389 0.9071788392013422 0
1701 0.1685340884250787 0.6671587119512026 0
1702 0.7646190987673688 0.235881999311211 0
1703 0.2352164409512464 0.2352535241270536 0
1704 0.3595041635105501 0.8455537932708634 0
1705 0.7098576444077995 0.7474329612006765 0
1706 0.2997930301811917 0.6405617666856033 0
1707 0.2055186335508971 0.9073925373482825 0
1708 0.2174011581612642 0.9073905502492698 0
1709 0.1936316570846501 0.9073915658680691 0
1710 0.0986174766783043 0.9074539853244126 0
1711 0.342814035758816 0.324564380285034 0
1712 0.8844299292331954 0.6467139423217638 0
1713 0.8742029695843688 0.6526146806139496 0
1714 0.4231006634569078 0.6882438626460052 0
1715 0.4333211787244876 0.6941542237220567 0
1716 0.08720667428269618 0.1288949407939603 0
1717 0.08728466638365132 0.1177126285224608 0
1718 0.9127785553019725 0.128873617353317 0
1719 0.9126980298421602 0.1176926695956585 0
1720 0.08333345435408063 0.3134913622507042 0
1721 0.08333327480030756 0.324929216267819 0
1722 0.08334400885383249 0.3020421791311508 0
1723 0.3698364156526162 0.3296319114971633 0
1724 0.252847278582748 0.681641314385046 0
1725 0.2350986345695824 0.3419638622148641 0
1726 0.821906069831781 0.4515931497379089 0
1727 0.8121217122668403 0.4572151213472621 0
1728 0.802358350587476 0.4515426507315184 0
1729 0.8022887815240015 0.4628440128593028 0
1730 0.792434040495164 0.4570611963039876 0
1731 0.792401236299328 0.4684615377366445 0
1732 0.8316966391624585 0.4459785691859957 0
1733 0.8929214584203452 0.5708012102020097 0
1734 0.9030867607896482 0.5766605479099717 0
1735 0.6977992966107162 0.8761358283394446 0
1736 0.7096686417771679 0.8761272530325744 0
1737 0.08673023744371433 0.9074581396643489 0
1738 0.8947858088652212 0.9136030780844933 0
1739 0.9197620597580769 0.3846900015983385 0
1740 0.9198820736265994 0.3960373818798856 0
1741 0.9162609376290813 0.2577127721682455 0
1742 0.9162985912948752 0.269126377969948 0
1743 0.0867382173969837 0.8251071846334943 0
1744 0.1517576689082875 0.2961840036682771 0
1745 0.3691079747004792 0.07368123883283742 0
1746 0.3779437503942754 0.07879873437989654 0
1747 0.3337917771280153 0.3194225470952436 0
1748 0.9132176366530453 0.5473403445150528 0
1749 0.9133263252866716 0.5358193160743656 0
1750 0.09325589101098153 0.3306534537056688 0
1751 0.0833446519479466 0.3363725070331301 0
1752 0.8580318104164095 0.2909191167540808 0
1753 0.8484063649361329 0.296481744280688 0
1754 0.4333194611328035 0.6823552738616656 0
1755 0.4435342732401222 0.6882639949704302 0
1756 0.7304657146691478 0.6531299240150142 0
1757 0.1787489539143138 0.6612403457405176 0
1758 0.7816072751360976 0.8838758684509647 0
1759 0.2824224245183298 0.7737576144429099 0
1760 0.7817089239856801 0.812658362715815 0
1761 0.8947397825763747 0.8067305703625809 0
1762 0.9050278766062415 0.8007913725388585 0
1763 0.1995313782145963 0.8148455819962344 0
1764 0.9050275321547987 0.8126725918056177 0
1765 0.915318525765106 0.8067317094482404 0
1766 0.915312549478096 0.8186056062292085 0
1767 0.1230819812029249 0.2251748471112131 0
1768 0.08080329545262513 0.8152783229176049 0
1769 0.5847281172518485 0.08753227065932663 0
1770 0.5847350560244442 0.0773265158198958 0
1771 0.5759115974956315 0.07221807021708367 0
1772 0.4517345104438245 0.2157826755288211 0
1773 0.4606692893778981 0.2106378533985706 0
1774 0.4428007380175668 0.220928758226468 0
1775 0.3427576426737926 0.3038255871101151 0
1776 0.3718094602145432 0.7649689444263207 0
1777 0.3615758119856576 0.759040807443652 0
1778 0.3820451976417896 0.7708974324562765 0
1779 0.8842088008158266 0.1676392424529028 0
1780 0.1492114934037732 0.3902413280048781 0
1781 0.1394798674745212 0.3846417208568836 0
1782 0.1394786558714518 0.395899840355724 0
1783 0.1297103826779371 0.3903117530828643 0
1784 0.1296810338255832 0.4016080710435698 0
1785 0.1198686894876395 0.3959809115566575 0
1786 0.1198353038933555 0.4073254379659548 0
1787 0.1099760523982694 0.4016641522982024 0
1788 0.1099457063330321 0.413052999904011 0
1789 0.1000466994812763 0.4073729758827241 0
1790 0.1000157729734492 0.4188055881929273 0
1791 0.09005757996083832 0.4130430377947534 0
1792 0.09004324606754951 0.4245610548630148 0
1793 0.3685182225079277 0.09492748702242379 0
1794 0.3779804272639289 0.06862661876400111 0
1795 0.3868015659254732 0.07373849042129975 0
1796 0.369039297431286 0.06345821582966077 0
1797 0.1000319497100216 0.4303134115023757 0
1798 0.09003928201536922 0.4360988235353735 0
1799 0.1000585921685602 0.4418615214249558 0
1800 0.09005538298867084 0.4476709649539657 0
1801 0.08000876953696144 0.441884628249595 0
1802 0.0800218382363537 0.4534884793322798 0
1803 0.09008825168404558 0.459278201940828 0
1804 0.0800337586682187 0.4651142813797825 0
1805 0.4128841919031161 0.6823307181312211 0
1806 0.4026579629184114 0.6882161632962986 0
1807 0.1995805658615702 0.9176850986974363 0
1808 0.1876932835500269 0.9176863681167952 0
1809 0.08671331048275446 0.7264670740652834 0
1810 0.08673350924665485 0.7383291331284593 0
1811 0.9153716766666877 0.9017351823568779 0
1812 0.9153707419242515 0.9136280040559295 0
1813 0.7096190365948278 0.8967175567510741 0
1814 0.3338290833890957 0.3297783008610319 0
1815 0.08392489789260628 0.2239987893309099 0
1816 0.08377170916303847 0.2130002179561167 0
1817 0.08393099324892191 0.2354262002786196 0
1818 0.1787654464347646 0.6730446556933989 0
1819 0.7825201273496611 0.4626739693675913 0
1820 0.7824933490046213 0.4741313188615971 0
1821 0.09012801104849917 0.4709151812002413 0
1822 0.08005126988136953 0.4767577448768202 0
1823 0.09016151149197767 0.4825768215640059 0
1824 0.0800635564498392 0.4884301655513181 0
1825 0.09019148112184447 0.4942551811356733 0
1826 0.08007592105818034 0.5001237760724059 0
1827 0.07341563420319637 0.3077431358207481 0
1828 0.07341955346028338 0.2962617640144807 0
1829 0.1589317834877714 0.3623258493828193 0
1830 0.1685823073710586 0.3567842881164125 0
1831 0.09267230448075908 0.917755172967061 0
1832 0.08078213380727139 0.9177587380114698 0
1833 0.8020240492666307 0.4741959606972828 0
1834 0.8316278066644617 0.4572813941142531 0
1835 0.8415147076402596 0.4516313503581746 0
1836 0.9233939366267236 0.541471518519181 0
1837 0.9233782495601472 0.5297226342969753 0
1838 0.7033417750187367 0.8658649543485517 0
1839 0.7155281937485621 0.8658474540840048 0
1840 0.9256864458540194 0.8128029795170001 0
1841 0.9259320318158945 0.8252296691584313 0
1842 0.9256223429850479 0.8008081602311862 0
1843 0.3717921512402643 0.7768000292543121 0
1844 0.3820323404442952 0.7827303576480722 0
1845 0.5847418400096583 0.06712954068035756 0
1846 0.5935657555135198 0.07223223525963485 0
1847 0.7264783470636806 0.4056006895366902 0
1848 0.4026717185217997 0.6764180435352608 0
1849 0.39244687931342 0.6823014109419394 0
1850 0.110536157293865 0.8045448488360347 0
1851 0.4485735531814085 0.8769296638077512 0
1852 0.8742023304703167 0.6408130671124541 0
1853 0.8639840183416091 0.6467117443318497 0
1854 0.8122134962682336 0.5473788166522451 0
1855 0.7305779390871304 0.5941087703582493 0
1856 0.4435420453733691 0.6764686446449901 0
1857 0.453753101253985 0.6823789862653198 0
1858 0.6397776312772738 0.1095317476614862 0
1859 0.6397887982100268 0.1197953752197196 0
1860 0.6486873708885265 0.124918514308944 0
1861 0.6397999690440719 0.1300673003715215 0
1862 0.6487060109206815 0.1351952867731507 0
1863 0.6309056548787788 0.124935990967885 0
1864 0.6309088599679505 0.1352137626933329 0
1865 0.6220110885357732 0.1300830833416805 0
1866 0.4639782911932808 0.7473537451830509 0
1867 0.1936126811770313 0.7430050326953277 0
1868 0.09037354509213226 0.4014128275181129 0
1869 0.893814855226315 0.1731714608844053 0
1870 0.903433934015583 0.1675939618029688 0
1871 0.3247968549486814 0.3246263322579024 0
1872 0.9896901737645011 0.3749999999990472 0
1873 0.07758216855962291 0.1232474564090439 0
1874 0.07768411546911513 0.1120697651991747 0
1875 0.08737151658141896 0.1065581680034777 0
1876 0.07780500455548588 0.1009213447870468 0
1877 0.08744973689127131 0.0954648111147533 0
1878 0.07804296294806309 0.08985048204407078 0
1879 0.08748644331624512 0.08443792905479365 0
1880 0.07752449844067144 0.1344424879136157 0
1881 0.07823610090629665 0.07886584138811609 0
1882 0.08755701717322165 0.07350588995692957 0
1883 0.07830302762619266 0.06797997885176899 0
1884 0.9224123668574472 0.1232415695237772 0
1885 0.9223139947396566 0.1120677324395144 0
1886 0.912619809757176 0.10651148937225 0
1887 0.9222028578720067 0.1009142869607186 0
1888 0.9125581153412204 0.0954334164068627 0
1889 0.9219600054799472 0.08984368329716877 0
1890 0.9124508846991251 0.08441616096095665 0
1891 0.9217542845817835 0.07886066668224383 0
1892 0.9123693485503215 0.07350931936528229 0
1893 0.9216834096556316 0.06797925475130502 0
1894 0.1624613994363725 0.1508109331981731 0
1895 0.1936406444235531 0.9279809515504659 0
1896 0.181750425683371 0.9279820483451259 0
1897 0.0902453912237758 0.5059602504319305 0
1898 0.08009455605533462 0.5118359530454885 0
1899 0.08007049360445939 0.4072785510640858 0
1900 0.9034666368462971 0.1787470332537987 0
1901 0.9131504271665412 0.1731344324037602 0
1902 0.9131785171393612 0.1843758560966052 0
1903 0.9229351229949071 0.1787148645470169 0
1904 0.923126051200382 0.1894833204669734 0
1905 0.579101122147484 0.8762225378988722 0
1906 0.4960058926696114 0.8762830343028705 0
1907 0.5935704436461453 0.06204320066914724 0
1908 0.6023896161696103 0.06713965540800165 0
1909 0.5315165105452115 0.8768630118341516 0
1910 0.3248121470604444 0.3350327688240181 0
1911 0.9887508868801256 0.956808471126281 0
1912 0.0412424526702679 0.9898397516772643 0
1913 0.4517220144897467 0.2260922689560619 0
1914 0.4427879012221547 0.2312412333141892 0
1915 0.3868465531599981 0.06354974750617549 0
1916 0.395644578607013 0.06866380703371829 0
1917 0.3956247097131257 0.07885423209685542 0
1918 0.4044606450520609 0.07377395544891972 0
1919 0.4044434965069267 0.08396633955283561 0
1920 0.4132795434257945 0.07888379784762797 0
1921 0.4132934633601293 0.0686901842047897 0
1922 0.4221091172688647 0.07379843531299168 0
1923 0.8638691173007176 0.7414750796745606 0
1924 0.08007796339338166 0.3957310396264724 0
1925 0.6384383139565371 0.8761715906074359 0
1926 0.8676469838571965 0.2301484293838872 0
1927 0.8946524181272002 0.6408067874234538 0
1928 0.9048917424682005 0.64670133788283 0
1929 0.9261822499793329 0.2633782408999227 0
1930 0.9262112351645255 0.2748208934008102 0
1931 0.9163062571400681 0.2805693089513591 0
1932 0.926229043957304 0.286279487971917 0
1933 0.9164112852033497 0.292018603234328 0
1934 0.9262586848540219 0.2977454548511642 0
1935 0.9261232813195417 0.2518582235677425 0
1936 0.07485149541774157 0.9074751172886996 0
1937 0.4072613158173783 0.1384408567555236 0
1938 0.3983545408838854 0.1435523814236329 0
1939 0.08769478213874732 0.0626975323169035 0
1940 0.0969663956732192 0.0683879056227262 0
1941 0.9122909690250107 0.06269755509489985 0
1942 0.903009940817997 0.0681238673402722 0
1943 0.06991257059376187 0.4942343876051911 0
1944 0.4221274672889455 0.06361471725649216 0
1945 0.43093385515837 0.06871584319651787 0
1946 0.07485841155976988 0.8251865354530304 0
1947 0.06891752235441265 0.8149046982454722 0
1948 0.8580349254681194 0.3020411996156253 0
1949 0.8483963552523497 0.3075913420785581 0
1950 0.83878887415577 0.3020305480732239 0
1951 0.8387767474866702 0.3131147118341825 0
1952 0.8292060661533222 0.3075731990043165 0
1953 0.8291899122424576 0.3186187914947615 0
1954 0.07644462825219295 0.7324065208744801 0
1955 0.07646076272543409 0.7442751080302847 0
1956 0.6220142675951672 0.1403644310243778 0
1957 0.6129641184010129 0.1349867277962037 0
1958 0.06995160024292579 0.4476899795455215 0
1959 0.7726343569806087 0.468413923647214 0
1960 0.7725924983820884 0.479896127967316 0
1961 0.812130233931828 0.5360036376236574 0
1962 0.8021526271371715 0.5415991780649397 0
1963 0.8414445313929104 0.4630099138306012 0
1964 0.8513741863709019 0.4573105520568006 0
1965 0.9327337854943794 0.1843856723475285 0
1966 0.9330445375339564 0.1948674726120922 0
1967 0.392120125360204 0.6710977234395354 0
1968 0.3821829089805205 0.6764869688487969 0
1969 0.1889795090776365 0.6671256708893032 0
1970 0.1889613045265042 0.655323126225635 0
1971 0.1890010561923962 0.6789334427336664 0
1972 0.9256719808722262 0.907682402818164 0
1973 0.9256722252983464 0.8957864857508526 0
1974 0.9256712068027896 0.9195774825523857 0
1975 0.07404621179241681 0.2296451350518317 0
1976 0.7095787105312008 0.8555770601831467 0
1977 0.7214923004128686 0.855567035312071 0
1978 0.31779470535722 0.7122985156128864 0
1979 0.3338932747079897 0.3401314623454575 0
1980 0.5759235704466188 0.06202892911129941 0
1981 0.4639907295095957 0.7355332368763018 0
1982 0.4742196250941025 0.7414533614907253 0
1983 0.4742319206788855 0.7296362847454746 0
1984 0.4844592512959437 0.7355548162214681 0
1985 0.4844783955272431 0.7237513926669519 0
1986 0.4947174621513383 0.7296615219594715 0
1987 0.4947205042807532 0.7178589970604887 0
1988 0.5049615157721812 0.723758431237159 0
1989 0.504951069609183 0.7119525259923396 0
1990 0.51516619874994 0.7178664553679234 0
1991 0.5151784469452737 0.7060577078435992 0
1992 0.5254263150863607 0.7119737091761373 0
1993 0.5254150067735572 0.7001677424072158 0
1994 0.5356682444942729 0.7060691416968272 0
1995 0.5356474014020388 0.6942756652122157 0
1996 0.5458584470200192 0.7001849532066252 0
1997 0.5458694001775661 0.688386333765323 0
1998 0.5560829401053866 0.6942968051459305 0
1999 0.5561205309071313 0.7060732466378934 0
2000 0.5662961019088263 0.700208793184617 0
2001 0.51517773342614 0.6942525754790282 0
2002 0.5663065221919575 0.6884068652869145 0
2003 0.5765225446038154 0.6943161577117796 0
2004 0.5765660811070934 0.7060888158057741 0
2005 0.5867379099081934 0.7002258975852045 0
2006 0.5867465605824803 0.6884237361150445 0
2007 0.5969638099364407 0.6943313831702801 0
2008 0.5969545327403049 0.7061344291870155 0
2009 0.6071803898015976 0.700239754534467 0
2010 0.6071873749453049 0.6884369578336699 0
2011 0.6174066178481579 0.6943428764494117 0
2012 0.61739903523312 0.7061472907848223 0
2013 0.6276246243220152 0.7002502133641564 0
2014 0.6276322588699438 0.6884463140269045 0
2015 0.6378488505522778 0.6943529039323997 0
2016 0.6378551530281126 0.682551410140385 0
2017 0.6480712882156417 0.6884560143782523 0
2018 0.6276220759381463 0.7120551001149855 0
2019 0.6480750532268313 0.67665844044461 0
2020 0.6582913510270266 0.6825599260652386 0
2021 0.6582987545700913 0.6943584252729256 0
2022 0.5254802307546531 0.7237776082842395 0
2023 0.6378441121031849 0.6707488725099271 0
2024 0.6582954094148608 0.6707645897949145 0
2025 0.7817060618187327 0.8245144016515114 0
2026 0.7714396017007303 0.8185832645112827 0
2027 0.9048792909137948 0.6348922591316888 0
2028 0.9151191072704521 0.6407864049839046 0
2029 0.9151116859598236 0.6289722485406898 0
2030 0.9253564657382874 0.6348711915223121 0
2031 0.925247131899704 0.6232211778832457 0
2032 0.7724152506007377 0.4567480441475023 0
2033 0.3119306463046064 0.7225292047812616 0
2034 0.06845191894706323 0.09522400980255311 0
2035 0.9315450303605872 0.09523809832325328 0
2036 0.1787819070844852 0.6848555683532369 0
2037 0.8375351363637424 0.1508114144790093 0
2038 0.09027984293735006 0.5176808256933546 0
2039 0.08011186795385229 0.5235611091100262 0
2040 0.453766761164871 0.6705840613096179 0
2041 0.1226599452710825 0.3134181840322858 0
2042 0.3236970605275152 0.7020751997130671 0
2043 0.9325947036940705 0.1735485340070822 0
2044 0.6685115564565719 0.6766648948611302 0
2045 0.9297211113854262 0.3905231845284959 0
2046 0.9284062910908554 0.3790198468807724 0
2047 0.9298819784873205 0.4018253943951573 0
2048 0.9198878081623957 0.4075486360731995 0
2049 0.9299116320260625 0.413353457728948 0
2050 0.9199157607365545 0.4190616159331746 0
2051 0.9299111126685122 0.4249277783335513 0
2052 0.9199073956216034 0.4306484518743532 0
2053 0.929910197592547 0.4365322410007693 0
2054 0.9199037070390005 0.4422446530154594 0
2055 0.929918258301538 0.4481539298059434 0
2056 0.9198902200150911 0.4538750001674817 0
2057 0.9299183935871029 0.4597963519152755 0
2058 0.9198237621114626 0.4656123700151108 0
2059 0.9299004498236765 0.4714756898767749 0
2060 0.9099981993060201 0.4360105572361131 0
2061 0.9359964032983854 0.8068864101840499 0
2062 0.9359213478396994 0.7948700151084171 0
2063 0.9164337529873305 0.3034890015709056 0
2064 0.926276646652717 0.3092304030127102 0
2065 0.315794354710984 0.329846459193595 0
2066 0.3157895746854438 0.3194271759996697 0
2067 0.3158077244481342 0.3402629422695682 0
2068 0.4606847503078398 0.2003312535438016 0
2069 0.469601666422591 0.2054950207693609 0
2070 0.1758153180351883 0.8765273364951561 0
2071 0.1299232745392373 0.3786204979068146 0
2072 0.9362257958312517 0.3034586049947004 0
2073 0.9362354266149782 0.3150019852632056 0
2074 0.06780004330015289 0.1287774365780783 0
2075 0.06775068596923532 0.1400920093298802 0
2076 0.77143322150588 0.8304348559241856 0
2077 0.07403319158410959 0.2410928929469733 0
2078 0.8929197400542744 0.5825362376403206 0
2079 0.08672509099145834 0.9280573344030201 0
2080 0.09862031261788626 0.9280556610171803 0
2081 0.07483231144806285 0.9280597718018284 0
2082 0.9360885398130797 0.2576196070489261 0
2083 0.771320685686431 0.889811239971523 0
2084 0.0634460763217093 0.3019976263670665 0
2085 0.06345556108680682 0.2904685582373669 0
2086 0.4132678898303659 0.08908239371136117 0
2087 0.07005739023553351 0.4014830442864281 0
2088 0.0700620616803414 0.3898984311032052 0
2089 0.01028403200777762 0.041423515513696 0
2090 0.9897159679438446 0.04142351604826698 0
2091 0.8639838289338562 0.6349166759141888 0
2092 0.8537864499329368 0.6408430685335892 0
2093 0.4309463717161662 0.05854123379940002 0
2094 0.4397528223032091 0.06363883976273943 0
2095 0.8125036316590031 0.7711868220091372 0
2096 0.8125038216928904 0.7593411577026952 0
2097 0.851366366321056 0.4687231777661852 0
2098 0.4014106595897988 0.6641327035486767 0
2099 0.1876973758879679 0.9382783086602302 0
2100 0.1758067306014084 0.938279800925392 0
2101 0.199587747983127 0.9382758638380125 0
2102 0.7155618560471153 0.8452984883444851 0
2103 0.1698602349997147 0.9279821792350178 0
2104 0.1639151653671971 0.9382808261423987 0
2105 0.1612133289584026 0.2908618696483392 0
2106 0.1615077598317246 0.3014330531150353 0
2107 0.170808000841509 0.2963548236847472 0
2108 0.9126140430425527 0.5248633208678554 0
2109 0.7186709105420062 0.377655129287869 0
2110 0.9335586837378944 0.5355521281807927 0
2111 0.9335642693062136 0.5473088563350694 0
2112 0.3713649568838003 0.8455448040670427 0
2113 0.8537702783113558 0.6526129315906783 0
2114 0.8435746748654666 0.6467434435902963 0
2115 0.8435417219355342 0.6584864757418862 0
2116 0.8333386518808413 0.6526058497634267 0
2117 0.8333190397618618 0.6643742214413196 0
2118 0.823114769486226 0.6584942046593577 0
2119 0.8231054029385297 0.6702836528291055 0
2120 0.09991925504965407 0.4767204209339103 0
2121 0.2516149568643827 0.7239682129882862 0
2122 0.3654529319487519 0.8969269503666466 0
2123 0.3713940743139862 0.9072066631308342 0
2124 0.3595189633691494 0.9072120015742915 0
2125 0.365461718608474 0.9174946045024603 0
2126 0.3535837808850608 0.9174997575085019 0
2127 0.3595278715324632 0.927785249339761 0
2128 0.3476474515281803 0.9277895502635432 0
2129 0.3714087011788426 0.9277791755088273 0
2130 0.0767202490375022 0.7210394413026107 0
2131 0.6023916610296044 0.05695744110406415 0
2132 0.6112099864213065 0.06205051873873491 0
2133 0.09028941730667625 0.5294120965812423 0
2134 0.08011976466642426 0.5352935691112761 0
2135 0.09031341976594617 0.5411581406133008 0
2136 0.08013099210936162 0.5470496119668761 0
2137 0.09033688795095705 0.5529166195327799 0
2138 0.08015791318162133 0.5588262248944336 0
2139 0.06993752739092685 0.5529480967405305 0
2140 0.06996310510073721 0.5647427932853625 0
2141 0.08018525270770099 0.5706056058293401 0
2142 0.06999131944758386 0.5765398722645217 0
2143 0.08022079840068624 0.5824075052863537 0
2144 0.07001601583265366 0.5883461010258552 0
2145 0.9253675851240285 0.6466891602120727 0
2146 0.4397426938136147 0.07381234351676264 0
2147 0.4485595703675642 0.06873366452337451 0
2148 0.4485628932367062 0.05855832314280461 0
2149 0.4573769158415258 0.06365232935677041 0
2150 0.4573683921950309 0.07383001301395889 0
2151 0.4661839066337488 0.06874434698951597 0
2152 0.4661915470499236 0.05857218481181423 0
2153 0.4749958571300967 0.06365996613690567 0
2154 0.0661708574145518 0.738352842417362 0
2155 0.06618732682483881 0.7502267088617958 0
2156 0.2072097125604996 0.4345523842924059 0
2157 0.2072599653046069 0.4458069484370264 0
2158 0.2167800475062717 0.4405054691552697 0
2159 0.217014677464524 0.4514737607094175 0
2160 0.2265564073110315 0.4461572338165788 0
2161 0.2268237277216215 0.4571204797304851 0
2162 0.2163714540057937 0.3738260603658852 0
2163 0.1991887671884764 0.6612058129857011 0
2164 0.1988595109844257 0.6492622861085909 0
2165 0.6130946575835942 0.1454745172244084 0
2166 0.6040370760063758 0.1400886791010292 0
2167 0.8611630403299679 0.4630164182275757 0
2168 0.2807345678703435 0.3794954446836402 0
2169 0.8413297643179953 0.4744458858290456 0
2170 0.3717748480459254 0.7886340782858892 0
2171 0.3820171451833261 0.7945664337500543 0
2172 0.9356093223238837 0.640774206679112 0
2173 0.9356214860612342 0.6526085010092957 0
2174 0.2176668746526126 0.258054258714999 0
2175 0.7821208019802258 0.2583540555128419 0
2176 0.08025880897407776 0.5942276941418803 0
2177 0.07004234611541062 0.6001626351263147 0
2178 0.08029190831206763 0.6060471253497632 0
2179 0.07006700915216856 0.6119857930013112 0
2180 0.7639265113773281 0.3433439203492826 0
2181 0.6977890794416517 0.8555835369779419 0
2182 0.4750043877846494 0.05349354771330706 0
2183 0.483800254025933 0.05857815354714195 0
2184 0.9333629832768537 0.5240496893858495 0
2185 0.05974033918354299 0.5588640788866649 0
2186 0.8196543494025755 0.3131114294460436 0
2187 0.8196366834837759 0.3241039798354811 0
2188 0.8022554556719115 0.5301646447631465 0
2189 0.7921274371330976 0.5357442667536423 0
2190 0.08675915092622738 0.7502020031172909 0
2191 0.0970491643091384 0.05738203716288168 0
2192 0.1062668811668657 0.06280377462364421 0
2193 0.9029512456997828 0.05738139986829002 0
2194 0.893748862553093 0.06278124145650013 0
2195 0.8121421203096704 0.5250961416914767 0
2196 0.1710877496360415 0.3069088865100105 0
2197 0.1803486789742935 0.3018595130995618 0
2198 0.1806255846917081 0.3123777419294774 0
2199 0.1062791424099046 0.1620945302563735 0
2200 0.1157947839537846 0.167647090361525 0
2201 0.9360439579262072 0.2460832395782394 0
2202 0.0784231578816966 0.05720597215611781 0
2203 0.06902563792505928 0.06250162048080646 0
2204 0.9215725080897148 0.05720540787700418 0
2205 0.9309717054243355 0.06250095808281991 0
2206 0.06410542894750204 0.2353113397820654 0
2207 0.9422155999678196 0.1898539128720841 0
2208 0.3818470264994863 0.6653019071160508 0
2209 0.3719577675718437 0.6706106814931716 0
2210 0.3710599370210132 0.6830848472441844 0
2211 0.884221375476073 0.1787113647164396 0
2212 0.6685156797097288 0.6648698627440304 0
2213 0.4426273509007582 0.6653836426745562 0
2214 0.09046068938033314 0.5882856178299377 0
2215 0.404422596237797 0.09417065399613755 0
2216 0.0803246539990395 0.6178747158929334 0
2217 0.07009377344798791 0.623815594526443 0
2218 0.3296046991357529 0.7122948898610103 0
2219 0.2363794752428827 0.4518277534398304 0
2220 0.2367303007930638 0.4626822716276139 0
2221 0.9391912975758349 0.3965648084836098 0
2222 0.4517105718191775 0.2364060929167499 0
2223 0.4427485738243653 0.241586778486639 0
2224 0.7626612752656889 0.4741016849198499 0
2225 0.7626246224264884 0.4856290349496795 0
2226 0.6787288154313331 0.6707710292181783 0
2227 0.05795470969861354 0.1343536639542051 0
2228 0.05788649911216125 0.1457146930310813 0
2229 0.8486261589570996 0.3182323445706011 0
2230 0.9359741064286636 0.9017356714048865 0
2231 0.9359744360667295 0.889840145829445 0
2232 0.7817991949835787 0.6233574429640194 0
2233 0.9400017836513779 0.4422688428639157 0
2234 0.1589547187793429 0.3511769152182393 0
2235 0.4639737212216974 0.6764933648947649 0
2236 0.4639869149563061 0.6647012357046318 0
2237 0.4696152997574651 0.1951921088192946 0
2238 0.4785311690819379 0.2003533412142866 0
2239 0.4785180459451428 0.2106566355736626 0
2240 0.4874457457781387 0.2055144717575597 0
2241 0.4874587490693548 0.1952129041731814 0
2242 0.4963727061916625 0.2003726251281663 0
2243 0.4963827452908667 0.1900742856547988 0
2244 0.5052955360637698 0.1952320677581331 0
2245 0.5053061364271672 0.1849366355387389 0
2246 0.5142167236163608 0.1900930125831929 0
2247 0.5142432630536578 0.1798257844677257 0
2248 0.523138259633587 0.1849595735419183 0
2249 0.5231518143847994 0.1746879093709526 0
2250 0.5320534054364106 0.1798236355522711 0
2251 0.5136807260396986 0.1999494160682762 0
2252 0.4874365910079562 0.2158187046975681 0
2253 0.5320607106414541 0.1695296159547309 0
2254 0.5409664713425854 0.1746851040286867 0
2255 0.3176660015255391 0.6923528782283521 0
2256 0.1223888924126379 0.8045392466520151 0
2257 0.1167716608848465 0.7944404727731583 0
2258 0.9050249969721709 0.8245481500499396 0
2259 0.1891165176598287 0.6905807912831327 0
2260 0.1787983621802044 0.696670248295217 0
2261 0.9437676741227637 0.5414091451360116 0
2262 0.9437906422780244 0.5531926110098211 0
2263 0.05618155993624047 0.7447985031722766 0
2264 0.05595856373981918 0.7562625860154727 0
2265 0.06340495123601769 0.8253877378560361 0
2266 0.05625032941211228 0.8152029826110638 0
2267 0.1004798257387219 0.5235424876378376 0
2268 0.4221487735538706 0.05344223876212471 0
2269 0.6041879447725643 0.1506117200915252 0
2270 0.5951266789785048 0.1452219820711743 0
2271 0.8611771884600258 0.451640557402232 0
2272 0.0932720658717143 0.3420788984255729 0
2273 0.06915292282548501 0.05169845977643495 0
2274 0.05971748502476868 0.05701251998377284 0
2275 0.9308577118200949 0.05166252729889517 0
2276 0.9402841736678563 0.05700595531665226 0
2277 0.09267283761330497 0.9383589099667795 0
2278 0.1045698590796339 0.9383577509917167 0
2279 0.6112085981991928 0.07223948758103876 0
2280 0.6202523294638199 0.06752507606317174 0
2281 0.62006374999266 0.05702461228289367 0
2282 0.6291154479893237 0.06250457435116585 0
2283 0.6288988997892939 0.05195743054381621 0
2284 0.6378572729798876 0.05728189172536587 0
2285 0.6377151142571699 0.04684950462426188 0
2286 0.64665637284262 0.05216636812757953 0
2287 0.9460624107771013 0.2518598792829019 0
2288 0.946009005117058 0.2403034828950211 0
2289 0.62292581938184 0.151810961674329 0
2290 0.3654730763946166 0.9380730410936649 0
2291 0.3773580356490362 0.9380668745130191 0
2292 0.6130979646172235 0.1249602710644412 0
2293 0.9462502035986261 0.3091971325508933 0
2294 0.9462477795281526 0.3208021131242983 0
2295 0.07575465779722536 0.8038814962750013 0
2296 0.05980660801143528 0.6060705127384437 0
2297 0.06000338410119133 0.3956966689738846 0
2298 0.06001574334575419 0.3840637800844291 0
2299 0.8612580869486328 0.4744698948818225 0
2300 0.5953613836169863 0.1556264344411205 0
2301 0.5862352157445647 0.1503479765962794 0
2302 0.5861664907486838 0.1604630000609913 0
2303 0.4132543979069602 0.09928941750790002 0
2304 0.3985975965438984 0.1312186317724987 0
2305 0.3895061128409767 0.1380466782208106 0
2306 0.389450788218437 0.1486106912223703 0
2307 0.3805611675311409 0.1434350300174524 0
2308 0.7611692325610109 0.8245083890171618 0
2309 0.9362095954825055 0.3265943770902563 0
2310 0.9462450807348934 0.3324023871882685 0
2311 0.3067806778423621 0.3350627366937257 0
2312 0.8195778503571876 0.3021692235031907 0
2313 0.6787334898844783 0.658977297964769 0
2314 0.8128949255310421 0.6643917676363287 0
2315 0.812884084035945 0.6761851794984626 0
2316 0.9031057697945573 0.08965498212502285 0
2317 0.09696376186673908 0.09008689812284605 0
2318 0.9320825814337093 0.1175890136762824 0
2319 0.2365475484213233 0.4407617152600551 0
2320 0.8558730991044086 0.1080152069477119 0
2321 0.8655719332156908 0.1025264800688857 0
2322 0.8558399292174872 0.09732774030621572 0
2323 0.1441926631587303 0.1080192433782388 0
2324 0.1348963955628342 0.1025394114712614 0
2325 0.144250586108542 0.09733159728471781 0
2326 0.7371678661880245 0.2943564930142276 0
2327 0.26261616288589 0.2948940885992348 0
2328 0.5409289119137335 0.1643153853864083 0
2329 0.7921519992393578 0.2092373287403824 0
2330 0.2078135238374895 0.2092175123610301 0
2331 0.01020537086400514 0.1843748507765494 0
2332 0.9898525152613141 0.137354319624687 0
2333 0.1063572883814501 0.05218350897735209 0
2334 0.1153058702624184 0.05782213569157513 0
2335 0.8936456549052478 0.05217922326948539 0
2336 0.8846987955729215 0.0578194867312295 0
2337 0.2084234106593897 0.1246009892813764 0
2338 0.7915895202566726 0.1246048563974812 0
2339 0.4741919763278604 0.6706084828819053 0
2340 0.4745236422686588 0.6593705697059893 0
2341 0.3805304543929969 0.1537866180385157 0
2342 0.3716364969888631 0.1486087890506561 0
2343 0.7286768267681656 0.235219320617434 0
2344 0.2713934436168261 0.2353075044250228 0
2345 0.2443622133768154 0.1040522312015481 0
2346 0.7556436400860134 0.1040569120182021 0
2347 0.7189036935886222 0.2624761455749438 0
2348 0.4607031377323181 0.1900295247864188 0
2349 0.2801219501379699 0.2613549513122128 0
2350 0.2891443472413631 0.08880729795795897 0
2351 0.2802692939684048 0.0836407891188585 0
2352 0.2891902179916959 0.07854405129560536 0
2353 0.2803065787944724 0.07338056578314431 0
2354 0.289220130669874 0.06829850165208379 0
2355 0.2803522788121168 0.06314522293612537 0
2356 0.2714729657927404 0.06822747867596038 0
2357 0.289229673533609 0.05807204788547921 0
2358 0.2715091658172411 0.05800124860495896 0
2359 0.2626422280323101 0.06307382614663593 0
2360 0.2980911277628751 0.06320105676554583 0
2361 0.2980916559267393 0.05299366740828665 0
2362 0.2626778131804878 0.05285707647013087 0
2363 0.2538181724240901 0.05792516876641921 0
2364 0.3069170130822764 0.05811540802569416 0
2365 0.3069379939901036 0.04792336455920846 0
2366 0.3157468122906233 0.05304090593860417 0
2367 0.4844615153595833 0.6648166592269362 0
2368 0.01030982623557188 0.2440476190486351 0
2369 0.009715447192027772 0.3022466743122548 0
2370 0.8027286039120582 0.3855412228415173 0
2371 0.01010036030220967 0.4345239519951232 0
2372 0.353029835037153 0.1892285133735126 0
2373 0.6467232478155275 0.1898213422857578 0
2374 0.7102579655651198 0.5119875329613984 0
2375 0.5139125007484797 0.0976790563624105 0
2376 0.3068956765128101 0.1197359543316344 0
2377 0.289793606134634 0.4410166541822595 0
2378 0.3165198870359566 0.2092156662883729 0
2379 0.5935841238733366 0.05186510889447019 0
2380 0.7828973762530737 0.1507893822890898 0
2381 0.2171134693304781 0.150810739094439 0
2382 0.7108769485664563 0.08883419135166984 0
2383 0.7197484247772419 0.08366853117674068 0
2384 0.7108350172723454 0.07857508089648155 0
2385 0.7197079446450472 0.07341463347347184 0
2386 0.7108044190081061 0.06833448362834488 0
2387 0.7196626417318567 0.06318380159105415 0
2388 0.7285397548552299 0.06826260865485925 0
2389 0.7107916563807291 0.05810913135380542 0
2390 0.7285039381341196 0.05803703355814135 0
2391 0.7373680041896216 0.0631100826144924 0
2392 0.701937635451404 0.06324075548624407 0
2393 0.7019281691554804 0.0530380782557338 0
2394 0.6931093954528331 0.05815867479710607 0
2395 0.7373318675624204 0.05289609812554162 0
2396 0.7461896201515521 0.05796302172176254 0
2397 0.6930827111177945 0.04796919413394603 0
2398 0.01014588580764191 0.4940279843158281 0
2399 0.9898611089878095 0.4943536138324073 0
2400 0.683344300688711 0.2092322058213891 0
2401 0.1419652175773424 0.2364040100359721 0
2402 0.8227597890442397 0.7652602040508552 0
2403 0.8227583206419228 0.7534180642039102 0
2404 0.8125029028780443 0.7474970729034585 0
2405 0.8227548738644997 0.7415758409570707 0
2406 0.8125048073891487 0.7356552994057675 0
2407 0.822753842432888 0.7297372575119253 0
2408 0.8125045119941714 0.7238201109033598 0
2409 0.7713229190432593 0.8779367043646003 0
2410 0.4786609643816779 0.1185207572022933 0
2411 0.6931421065779189 0.11974058507637 0
2412 0.8193731937580983 0.2150569429510954 0
2413 0.1806047018422101 0.215042697572799 0
2414 0.1283756555512765 0.7942868533844174 0
2415 0.122449710681531 0.784566792210757 0
2416 0.1342919931390613 0.7840853609565076 0
2417 0.4662001845799975 0.04840882447263159 0
2418 0.8022575433163014 0.7297362634735466 0
2419 0.8022675507382756 0.7179206692926613 0
2420 0.3711822150775589 0.2209039073675821 0
2421 0.521525850889919 0.2830010302261443 0
2422 0.5571855268390922 0.2623284454074005 0
2423 0.5572089138021133 0.221002037125293 0
2424 0.5356551520293256 0.6824765580075457 0
2425 0.3801384906675122 0.2260886165517825 0
2426 0.3711689776597364 0.2312582949613378 0
2427 0.3801233046969897 0.2364416250914585 0
2428 0.3711526356855057 0.2416114287385559 0
2429 0.3801119161990104 0.2467995415907944 0
2430 0.3711387602665597 0.2519668322091408 0
2431 0.3890813341924851 0.2416031251057971 0
2432 0.3890685570280215 0.2519801235898898 0
2433 0.459114085717337 0.319151179471389 0
2434 0.3980365389620613 0.2467924631002621 0
2435 0.4718542493057966 0.8763484253874778 0
2436 0.5547756267023625 0.8763551549221057 0
2437 0.602837022230797 0.8762064912537191 0
2438 0.6074898757098844 0.7829675676870973 0
2439 0.5459779429860714 0.7829282363005154 0
2440 0.6618573491816089 0.8764334633618388 0
2441 0.5842967175548894 0.2059238707631439 0
2442 0.658761074411692 0.7770699902479647 0
2443 0.4947435699614689 0.7414798914263052 0
2444 0.7611733555431675 0.8126536794226173 0
2445 0.5357292113230159 0.7770030656357956 0
2446 0.5459839326611224 0.7710949073387983 0
2447 0.597244314498269 0.7770459705782966 0
2448 0.6074946499340385 0.771134613349308 0
2449 0.5972029175400788 0.7652117315353646 0
2450 0.6074764494735613 0.8184888591856299 0
2451 0.6177315704073026 0.8244159070382273 0
2452 0.5458780363685668 0.6765889264728117 0
2453 0.5356707716236092 0.670681289497826 0
2454 0.5458882567371683 0.6647964831744154 0
2455 0.535685684319285 0.6588904111685486 0
2456 0.5459481683523375 0.8184500190147205 0
2457 0.5562040920115994 0.8243808884594386 0
2458 0.9883094864284556 0.6956016564109455 0
2459 0.9904458804630304 0.7440501724225237 0
2460 0.9896940584280265 0.5892815447780448 0
2461 0.9896901737644438 0.6369047619038046 0
2462 0.9896901737644438 0.803571428570912 0
2463 0.01004090265262995 0.6961621460918012 0
2464 0.314983653437378 0.9896944256119102 0
2465 0.8035709773734796 0.9901548336604319 0
2466 0.6841843935885037 0.9899764267420117 0
2467 0.6369033858916011 0.9896908321505937 0
2468 0.2233407705632111 0.8970989540488176 0
2469 0.2292835672615509 0.9073874350204196 0
2470 0.2352245972271144 0.8970985448361855 0
2471 0.2411649769402944 0.9073846874601061 0
2472 0.247101914865389 0.8970946825471257 0
2473 0.2530447680232402 0.9073812384411608 0
2474 0.2471075424891122 0.9176723549304284 0
2475 0.2589894693466226 0.917669262625337 0
2476 0.2649230825484145 0.9073759901062172 0
2477 0.270870836616705 0.9176653537253732 0
2478 0.2649337964262541 0.9279589404431463 0
2479 0.2768177911197218 0.9279539539103687 0
2480 0.282754496922472 0.917660658113884 0
2481 0.2887017065980285 0.92794856943666 0
2482 0.294637761568148 0.9176546039529099 0
2483 0.2708799660546851 0.9382497328462702 0
2484 0.2411632721544611 0.8868108140626081 0
2485 0.2886862329190577 0.9073673074022089 0
2486 0.720650578715354 0.8760656030170481 0
2487 0.5393561524033409 0.2416713425307095 0
2488 0.1995554761253884 0.8559546739230293 0
2489 0.2530368265635015 0.8868063363060368 0
2490 0.2470978468283192 0.8765241808871204 0
2491 0.01001359335915836 0.8627621946792848 0
2492 0.7302268520448287 0.7120641917589594 0
2493 0.1366777682051839 0.9896894246285652 0
2494 0.8630952507981955 0.9901381755048544 0
2495 0.199258307809261 0.6847937458291598 0
2496 0.9896764837986654 0.8630882248402476 0
2497 0.9108274972499315 0.9902107336552493 0
2498 0.959145791588349 0.9902178633769025 0
2499 0.009862231963665848 0.9109273191622083 0
2500 0.01013970962519428 0.9580382706751058 0
2501 0.6466120643681069 0.2207461702904889 0
2502 0.1098284142615225 0.4360550714750017 0
2503 0.187689699039558 0.7532637978720904 0
2504 0.1817674833415662 0.7430036893878087 0
2505 0.1758425670433213 0.7532626027199602 0
2506 0.8227531553947293 0.7179026114604877 0
2507 0.3239176181893959 0.8250364271667019 0
2508 0.9153686165692685 0.9255234812735914 0
2509 0.9256698570816778 0.9314740361096621 0
2510 0.9153656738203632 0.9374205373910118 0
2511 0.4502092966860555 0.3243232917649539 0
2512 0.4591228238106854 0.3294439112844352 0
2513 0.4502153876028254 0.3346035391096581 0
2514 0.4591331275703877 0.3397331437491707 0
2515 0.450230427395806 0.3448904014452403 0
2516 0.4591446769079164 0.3500210992771152 0
2517 0.4680457640887175 0.3448649253438876 0
2518 0.4680582672172198 0.3551488321148949 0
2519 0.4769545509607839 0.3499960418890674 0
2520 0.4502446266448908 0.3551766854880576 0
2521 0.4413307018996685 0.3500478668347602 0
2522 0.476967795142313 0.3602747427387002 0
2523 0.4858639257944493 0.355124387086292 0
2524 0.4413466696127129 0.3603318540262613 0
2525 0.4324319163513352 0.3552045358461951 0
2526 0.4858502051377324 0.3448455089008237 0
2527 0.4947602679888717 0.3499741867044076 0
2528 0.4947466759326371 0.3396933820963471 0
2529 0.5036565093585288 0.3448230775208694 0
2530 0.5036695968912361 0.3551032190255715 0
2531 0.5125655126675395 0.3499534814637067 0
2532 0.5125543526979918 0.3396718491148245 0
2533 0.5214652683105921 0.3448029462594684 0
2534 0.5214531710009613 0.3345206740267036 0
2535 0.5303680577586016 0.339651699161183 0
2536 0.5303487492171004 0.3293671732797203 0
2537 0.5392697676420994 0.3344997594274555 0
2538 0.5392826539453337 0.3447858705398993 0
2539 0.5481856078639371 0.3396334903254872 0
2540 0.548173241517983 0.3293447394627599 0
2541 0.5570928015840958 0.33448142056802 0
2542 0.5570836783996846 0.3241897838053255 0
2543 0.5660045128004613 0.3293288766079902 0
2544 0.5659946317011733 0.319032030700152 0
2545 0.5749168418548808 0.3241722362975228 0
2546 0.5749263860234805 0.3344703828083841 0
2547 0.5838407836965014 0.3293139682815603 0
2548 0.5838341123999533 0.3190144158352018 0
2549 0.5927614529459331 0.3241580728890247 0
2550 0.5927543768531929 0.3138507572714951 0
2551 0.6016855246936534 0.3189981855955998 0
2552 0.6016772808722115 0.3086701535153887 0
2553 0.6106256290114167 0.3138366260998482 0
2554 0.6106158939971753 0.3034922087380176 0
2555 0.6195782503031994 0.3086707751898684 0
2556 0.6195707903155696 0.2983239647577674 0
2557 0.6285370620928368 0.3034931262472015 0
2558 0.6285413100821446 0.3138477121503062 0
2559 0.6375112362906068 0.3086609962948924 0
2560 0.6375172224022496 0.3190275865433959 0
2561 0.646495452829048 0.3138338099793055 0
2562 0.646525665892312 0.3242689581903527 0
2563 0.6555028174085935 0.3190605632876559 0
2564 0.6016819230839804 0.3293017703501174 0
2565 0.6285297577380368 0.2931400629162484 0
2566 0.6554857397582259 0.3086374586336814 0
2567 0.6644843571692636 0.3138332738013072 0
2568 0.6645048023732817 0.3242769354489471 0
2569 0.6734920097609393 0.3190237150628046 0
2570 0.6735036276955567 0.3294564773884774 0
2571 0.6644733115316168 0.3034096989926616 0
2572 0.6195587795040965 0.2879699850874896 0
2573 0.628520399817274 0.2827854024738397 0
2574 0.5481947595792118 0.3499198908099781 0
2575 0.6825112127192502 0.3242129288459232 0
2576 0.6825138251024799 0.3346348666949531 0
2577 0.6735089803749773 0.3398662255047046 0
2578 0.5927390743593107 0.3035341691925962 0
2579 0.6195469340933446 0.2776163964164117 0
2580 0.6285087204976191 0.2724320215586673 0
2581 0.637518579823713 0.3294054759089857 0
2582 0.6825106987765175 0.3450407707427173 0
2583 0.6735082224604533 0.3502372989312921 0
2584 0.6915407758391103 0.3294257853315335 0
2585 0.6915364017891177 0.3189795570312502 0
2586 0.539294902522374 0.3550703428721466 0
2587 0.5482031755565971 0.360202450839332 0
2588 0.9359736284044535 0.925527018576531 0
2589 0.9359725831167233 0.9374248061927717 0
2590 0.2902959402510127 0.5233644035069356 0
2591 0.3397933310624462 0.6105516318229571 0
2592 0.2589934128522502 0.9382541964571793 0
2593 0.359206275691503 0.009499910232738499 0
2594 0.7816812368300488 0.8363662092796018 0
2595 0.7101885341621925 0.558823529411665 0
2596 0.2896949645386644 0.5824649619973707 0
2597 0.8032308211328969 0.008034084863743405 0
2598 0.1967690294563811 0.008022463354873041 0
2599 0.8947015946071755 0.7236488918413861 0
2600 0.4844204117924696 0.8183904302345264 0
2601 0.4741532724506475 0.8243017167541519 0
2602 0.0568297571281048 0.7338970527047124 0
2603 0.2765016622419829 0.8250502219818775 0
2604 0.2646499661286175 0.8250556865889674 0
2605 0.2587217658504689 0.8147918625489032 0
2606 0.2527970160035771 0.8250571703528706 0
2607 0.3615341947062892 0.7827019346877507 0
2608 0.8638875479947554 0.824529017233245 0
2609 0.9050247398965308 0.7889086143485813 0
2610 0.252813530832756 0.7840181519052869 0
2611 0.791887641372931 0.9135762067651784 0
2612 0.7815960036005919 0.919515069961551 0
2613 0.7918865831603867 0.9254595894917822 0
2614 0.7815913791962253 0.9313995747275264 0
2615 0.7713010665693254 0.9254536507884465 0
2616 0.771148395053885 0.9370837953143352 0
2617 0.7609790376060569 0.9313499076287848 0
2618 0.791883247177835 0.937346165639185 0
2619 0.8021788768671423 0.9314043251903971 0
2620 0.6787367746636545 0.6825604928431362 0
2621 0.09679603432905227 0.6733892109744081 0
2622 0.08692520993981478 0.6796006066015521 0
2623 0.7037573781197631 0.9069759606808701 0
2624 0.4230079607664869 0.7591232556452062 0
2625 0.6564065079959472 0.9069954841406798 0
2626 0.5570691092765916 0.3138914008250049 0
2627 0.128327471192148 0.8765570168872021 0
2628 0.06898711222467649 0.8354655277905582 0
2629 0.1682649444401755 0.573022324687454 0
2630 0.08365377728141776 0.2909056720132006 0
2631 0.874653597823126 0.1732006425363216 0
2632 0.1099633768273475 0.3901732093120167 0
2633 0.6582915575934183 0.658968476069558 0
2634 0.8741949483106954 0.8660562803825884 0
2635 0.8537701195467623 0.6290237852778933 0
2636 0.3922767872223195 0.788659983420033 0
2637 0.392263293296702 0.800498885507723 0
2638 0.5838476692736062 0.3396125407423997 0
2639 0.2113884124664017 0.7943085816529682 0
2640 0.6173912375620764 0.7179551386869258 0
2641 0.6276181876285594 0.7238648546336104 0
2642 0.05971823274993658 0.5470572390115607 0
2643 0.1579682062739546 0.9279817775588174 0
2644 0.8541570076997803 0.008202035780968205 0
2645 0.1458576661554571 0.008186519018410197 0
2646 0.763968964725384 0.2898403270910345 0
2647 0.235918702205668 0.289702929797539 0
2648 0.6374863467879111 0.277599542782954 0
2649 0.6374738963850792 0.2672351750253815 0
2650 0.6464380804136225 0.2724091759142165 0
2651 0.2706209169373305 0.8353298611452189 0
2652 0.0699211769055387 0.5176650238750146 0
2653 0.06994085304853118 0.4708927702841446 0
2654 0.8746529100477689 0.184225456483869 0
2655 0.8651226605216367 0.1787443797895184 0
2656 0.1520226730724256 0.9382815431206849 0
2657 0.9163316961659165 0.3149587651301711 0
2658 0.1581731364422142 0.4743853966627565 0
2659 0.073390796675562 0.3306556554170205 0
2660 0.2589702025706115 0.876520680928264 0
2661 0.3720777301218144 0.6585126666120514 0
2662 0.3618242999243879 0.6645592176456678 0
2663 0.9047969723959991 0.009202070374219076 0
2664 0.09520956340993771 0.009201602635681455 0
2665 0.8525227734984373 0.5590185141448556 0
2666 0.8315909560085817 0.4235270475215918 0
2667 0.1780974334691214 0.4178151393666164 0
2668 0.06414723919117338 0.2238425171390719 0
2669 0.936149081067567 0.2805188354769725 0
2670 0.3744084440328852 0.9897807367319424 0
2671 0.6195365322693152 0.2672656155798052 0
2672 0.6630489361022899 0.3945107713340058 0
2673 0.8676957266655019 0.2964710004860868 0
2674 0.8676932332058753 0.3076552983121706 0
2675 0.5125756849756652 0.3602326703370101 0
2676 0.715556293532269 0.9070108357957138 0
2677 0.7096892772870058 0.9172655497528073 0
2678 0.3417068626870441 0.9175054657610408 0
2679 0.3005851762355848 0.9279427528954139 0
2680 0.2946488468139655 0.9382380291359743 0
2681 0.3065346105556889 0.9382328050868591 0
2682 0.1936442715597015 0.9485756320682499 0
2683 0.6105781431112791 0.2724496813232472 0
2684 0.06002293919493784 0.4072492241118849 0
2685 0.06772165603436714 0.1514537525221093 0
2686 0.05783379147794976 0.1571035645511159 0
2687 0.06768966134891302 0.1628353067584257 0
2688 0.05778598602398312 0.1685102753658748 0
2689 0.3667359592897244 0.3962850494967458 0
2690 0.8842106011128672 0.1897744144408681 0
2691 0.2055373188059462 0.9485733509112482 0
2692 0.623018361920111 0.3966929323915916 0
2693 0.1131934105973142 0.2522491355968249 0
2694 0.1699199284314932 0.7430012447402596 0
2695 0.2268820971453849 0.4684327277607275 0
2696 0.2370088852404507 0.474131945545215 0
2697 0.8101365067682091 0.3186184624963856 0
2698 0.810117194753383 0.3295720891456032 0
2699 0.7509000033072499 0.8185788101460113 0
2700 0.8741948231678008 0.6290205134978228 0
2701 0.7456643516428532 0.3948248191121487 0
2702 0.1033256428591061 0.2131648394694345 0
2703 0.246944227533642 0.6714175024555248 0
2704 0.3613990130207927 0.7943354814406353 0
2705 0.9399708647766645 0.419136856750744 0
2706 0.4638828878186974 0.6522429525104866 0
2707 0.9400186323124182 0.4656466770212359 0
2708 0.9400174908386841 0.4773616493392292 0
2709 0.4838096072099088 0.04841760881340483 0
2710 0.4925999167593179 0.05349926042646726 0
2711 0.1395205898286151 0.4072375697744384 0
2712 0.2269160472672238 0.4799067354589235 0
2713 0.2374349460187299 0.48524495280651 0
2714 0.2269804377021745 0.4913594699714836 0
2715 0.2388847985869083 0.4974893499689418 0
2716 0.2273689309601815 0.5030742790848001 0
2717 0.2369834608724583 0.5087742882233828 0
2718 0.2270697264339961 0.5147337330361805 0
2719 0.2370578655386192 0.5204293477558821 0
2720 0.2269706371349237 0.5262647980882017 0
2721 0.2370884392610456 0.5320709659912644 0
2722 0.2269178991698289 0.5379391210963103 0
2723 0.2370117319434383 0.5437478310691786 0
2724 0.2269550199780829 0.5496257661702314 0
2725 0.2370374872178386 0.5554439298360041 0
2726 0.2270226819383866 0.5613285020972264 0
2727 0.2371926615657848 0.5671549644811212 0
2728 0.2270790469385323 0.5730461223515919 0
2729 0.2370508986312181 0.5788796495476829 0
2730 0.2270787787844856 0.5847777405712777 0
2731 0.237056227589005 0.5906148673545987 0
2732 0.2270996716849552 0.5965181886233413 0
2733 0.9321677914320956 0.128841904203605 0
2734 0.9419376093099479 0.1231195744105907 0
2735 0.7100498484671361 0.6177239816223463 0
2736 0.05978621827055862 0.5824545784618597 0
2737 0.3980210524337107 0.2571612035392492 0
2738 0.9898113322754556 0.4469139452646009 0
2739 0.9898903662353815 0.3999821209823146 0
2740 0.01006200664726206 0.5652080863953817 0
2741 0.8021770371000324 0.9432932427486743 0
2742 0.8124759458305091 0.9373496629059452 0
2743 0.8710061443028583 0.4688364221544755 0
2744 0.7824157784712049 0.4856020533723637 0
2745 0.2168723083102328 0.5555009712442274 0
2746 0.920196151741635 0.4770689333111849 0
2747 0.9420023481611879 0.1345053168565575 0
2748 0.2169086008795329 0.5789375674101875 0
2749 0.1898484048842906 0.3073385742580674 0
2750 0.1895591020945809 0.3182935449138192 0
2751 0.1897992131630753 0.2965003874389154 0
2752 0.7608233037666168 0.9429744252291821 0
2753 0.05754222834254377 0.8357128002364608 0
2754 0.06306793042269278 0.8457667779812632 0
2755 0.6023905289839677 0.0467859037921959 0
2756 0.8285517645777563 0.3291245023753643 0
2757 0.7611190849281326 0.8363743102138509 0
2758 0.5458998120193819 0.653008183414727 0
2759 0.5561020890743827 0.6589115822525626 0
2760 0.1383357773205208 0.5796185264483307 0
2761 0.1993776314591926 0.6964388414627517 0
2762 0.6512899426406626 0.007915850865236976 0
2763 0.2377275116644697 0.6023413321704245 0
2764 0.2272407885787134 0.6082637607742837 0
2765 0.2169866398609411 0.6024205811593444 0
2766 0.0640869054432712 0.2467843285507834 0
2767 0.5459379048637413 0.8302973284762293 0
2768 0.4309570400402076 0.04837516543571518 0
2769 0.6074718128495975 0.8303329756100097 0
2770 0.009889905921214626 0.8035956065166536 0
2771 0.1003389075576943 0.5000756988172884 0
2772 0.4844097824481086 0.8302377779395982 0
2773 0.7506733347768424 0.9372740268523599 0
2774 0.3068055137373984 0.3454792207744571 0
2775 0.3158208675864123 0.3506713840623144 0
2776 0.8711893074726755 0.4802490225348355 0
2777 0.148001235725095 0.5263698266671918 0
2778 0.4838004023747304 0.06874571193796089 0
2779 0.7107524913513703 0.04790720306316552 0
2780 0.3716666977556608 0.1383338654190213 0
2781 0.3627428995387292 0.1434499449750566 0
2782 0.8124731226045522 0.9492413094415203 0
2783 0.8227725255920464 0.9432972857346589 0
2784 0.01030982623557192 0.1369047619053319 0
2785 0.4661819857270115 0.07892543176401272 0
2786 0.289213596398649 0.04784897932485689 0
2787 0.3615922590080506 0.7472149974697557 0
2788 0.3513433667925845 0.753112784254984 0
2789 0.4848768453254264 0.6535777036745674 0
2790 0.9901926848129964 0.1964430660944954 0
2791 0.2468211959251956 0.4798086860172509 0
2792 0.8651184317506533 0.1897213201364407 0
2793 0.4573570014322297 0.0840151036585417 0
2794 0.7461444979094769 0.04775792136248047 0
2795 0.7550147768036726 0.05280761060601281 0
2796 0.7550559929084778 0.06303327088271352 0
2797 0.7638938587943012 0.05786658299102683 0
2798 0.7639365768974593 0.06811117285704588 0
2799 0.7727819981656205 0.06294808995785291 0
2800 0.7727230167404856 0.05270102664490055 0
2801 0.7816301112025184 0.05778060443309266 0
2802 0.7816901964508836 0.06804629079682505 0
2803 0.7905600915319358 0.06285920358981556 0
2804 0.7906257792818667 0.07315465122648429 0
2805 0.7995340950310359 0.06795600361436348 0
2806 0.7995993252160178 0.07829048077850455 0
2807 0.8085359937275742 0.07306263170446695 0
2808 0.8084640135487466 0.06269471278046006 0
2809 0.817479153773674 0.06782051456909875 0
2810 0.8173915742723019 0.05748399059119117 0
2811 0.8263450774809706 0.06245536056207183 0
2812 0.826327934929414 0.05221962064019131 0
2813 0.8352745230307181 0.05718798827227019 0
2814 0.8086090597149701 0.08343552560041295 0
2815 0.8083055798853734 0.05245547557225148 0
2816 0.8352931928273577 0.04696091235964763 0
2817 0.7815618746241212 0.04753430972509582 0
2818 0.2538604680756132 0.04770724450495423 0
2819 0.2449879907544107 0.05275653960246311 0
2820 0.2449494887741624 0.06299435685769625 0
2821 0.2361097306864764 0.05782651437346115 0
2822 0.2360676519566139 0.06807443552846709 0
2823 0.2272224166714993 0.06291134271380469 0
2824 0.2272797574136544 0.05266281799538863 0
2825 0.2183719933683459 0.05774334862755257 0
2826 0.2183120595161163 0.06801027399393866 0
2827 0.2094408387951723 0.06282271268273872 0
2828 0.2093753086090968 0.07311920520623427 0
2829 0.2004660861812751 0.0679201162937588 0
2830 0.2004010017288067 0.07825550694242481 0
2831 0.1914635726325506 0.07302732628649698 0
2832 0.1915353659469295 0.06265863636914545 0
2833 0.1825197696702376 0.06778495011707496 0
2834 0.1826070962476023 0.05744772668059445 0
2835 0.1736517546957178 0.06242228084957448 0
2836 0.173670028299316 0.05218368464800294 0
2837 0.1647216180067068 0.05715533355816749 0
2838 0.1913906828215093 0.08340097288082939 0
2839 0.1916937401924814 0.05241832091567098 0
2840 0.1647045933988241 0.04692481419399686 0
2841 0.2184398337501038 0.04749590007549641 0
2842 0.3619391484709327 0.652432682870473 0
2843 0.3516446349048842 0.6585975530338346 0
2844 0.7031794815682053 0.008184510747136046 0
2845 0.2979767773134249 0.009417326930765494 0
2846 0.114940209193007 0.04726433531620081 0
2847 0.8850645879875434 0.04727093187179366 0
2848 0.479599051251817 0.4009804493946684 0
2849 0.07851365678369558 0.04645441393883745 0
2850 0.9214867844381283 0.04645373338483329 0
2851 0.08035660363184374 0.6297068757037936 0
2852 0.07012040821007934 0.635652013430321 0
2853 0.05985334427575764 0.6297555174193762 0
2854 0.05987818251323444 0.6416025312386404 0
2855 0.2469610710742787 0.5386720404788845 0
2856 0.3837089687509456 0.6525718632702688 0
2857 0.5847225549505393 0.09774861643143098 0
2858 0.5510087058281378 0.4003107514215963 0
2859 0.8441959290911459 0.05189844606968683 0
2860 0.1558639477859614 0.05175668630180606 0
2861 0.8260919136871615 0.0419927325202319 0
2862 0.1739064582433008 0.04195575511135167 0
2863 0.0541504138747749 0.2295328231928159 0
2864 0.05420030544518633 0.2179916927632765 0
2865 0.5330550185487893 0.1908673785486242 0
2866 0.4339687666060147 0.1333737081131336 0
2867 0.08010408626562612 0.3841512974817914 0
2868 0.4516816765896539 0.2467487919139078 0
2869 0.4427253398361544 0.2519678962014886 0
2870 0.4606357714211786 0.2415770760850922 0
2871 0.5946387870083463 0.1344299427774465 0
2872 0.9886818033284651 0.5431151946249132 0
2873 0.438670818095202 0.4000672308773956 0
2874 0.3895010705027647 0.128126446185725 0
2875 0.07323896778410367 0.3424113616014005 0
2876 0.06337150586473961 0.3364488766855609 0
2877 0.7726829583156639 0.04246467205985938 0
2878 0.2273192726655232 0.04242540582868147 0
2879 0.246578502898276 0.4569294232571231 0
2880 0.9458740781435427 0.6466857561961301 0
2881 0.9458801688032281 0.6585393115393302 0
2882 0.9458588644652022 0.6348366376677393 0
2883 0.6824993366496145 0.3554262444169332 0
2884 0.6914975267949625 0.3502425653915707 0
2885 0.04641153158642164 0.7510477167231971 0
2886 0.9130800245809603 0.1956436062974135 0
2887 0.1062558566961819 0.1731602038302594 0
2888 0.1157831550432258 0.1787077909961238 0
2889 0.1253442943715333 0.1732038297859761 0
2890 0.1253452748659172 0.1842230010455888 0
2891 0.1348753988696664 0.1787337171183158 0
2892 0.1348705183580398 0.18970563708557 0
2893 0.05990439565211085 0.04616128186789926 0
2894 0.940106558260847 0.04616533411799921 0
2895 0.2095090420474173 0.6906717193188323 0
2896 0.2095312716644747 0.702487870422466 0
2897 0.6177287164596356 0.8362638943095607 0
2898 0.09862232929730676 0.9486624181943714 0
2899 0.08672391503582168 0.9486633379351025 0
2900 0.1105200991684611 0.9486605941252724 0
2901 0.2484387353476853 0.5152348350515797 0
2902 0.7526853684678306 0.4798333692879623 0
2903 0.7526287090145213 0.4913725568717169 0
2904 0.7527127513507562 0.4682822536508269 0
2905 0.7626042343710651 0.4971800719922199 0
2906 0.752579078241719 0.5029402708291929 0
2907 0.0534315479834043 0.296234770623911 0
2908 0.05344536139762338 0.2846550097953169 0
2909 0.9560666995848861 0.2460385772929895 0
2910 0.173083456918342 0.0724633133154679 0
2911 0.8269121771287243 0.07248955025674741 0
2912 0.9464249786306351 0.8957884860155342 0
2913 0.9464497202102053 0.8838915696323651 0
2914 0.9360035732404026 0.8779433626110623 0
2915 0.9461870760456106 0.8722093003291309 0
2916 0.9563145813820016 0.3149987053199034 0
2917 0.9462780014519564 0.9314772148334686 0
2918 0.9462769672474219 0.9433767649290681 0
2919 0.485880971503769 0.3654022047705771 0
2920 0.06621406315936137 0.7621175300990377 0
2921 0.05593712150936515 0.7680754223051649 0
2922 0.05037409742837458 0.05141328779052874 0
2923 0.05020547699819054 0.06242407785663329 0
2924 0.9496180514363772 0.05141737074150519 0
2925 0.9497938373327552 0.06242319558748478 0
2926 0.6889451136238812 0.6648777379375168 0
2927 0.2470725503002634 0.5729793225525066 0
2928 0.04992343579799546 0.3898838696662349 0
2929 0.0499404181327943 0.3782336217991532 0
2930 0.05117890532594033 0.8457661910130382 0
2931 0.05705637704757497 0.856027242917393 0
2932 0.3512532374889273 0.788570661852785 0
2933 0.5319510261180594 0.1591791487527729 0
2934 0.865491397845858 0.09187803984289564 0
2935 0.134994943332216 0.0918903440474633 0
2936 0.8026701536330416 0.6702922915460388 0
2937 0.5052219591134951 0.1746426202204435 0
2938 0.8129025650046543 0.6525941177873537 0
2939 0.1781924151592314 0.3623836040764535 0
2940 0.6663901237782659 0.08384716152744166 0
2941 0.6840208227699722 0.05307624438538253 0
2942 0.5498822649944045 0.1695466962638643 0
2943 0.549827336809028 0.1591998168077091 0
2944 0.5498713692260796 0.1798398352648903 0
2945 0.4517339093136925 0.1539359743484962 0
2946 0.6464182335304056 0.2620408770192378 0
2947 0.6553929512113602 0.2670733136070538 0
2948 0.637454944730235 0.2568686953604152 0
2949 0.792104118792358 0.547362578561762 0
2950 0.7820378927486265 0.5415335067652794 0
2951 0.4874084457041504 0.1848983220502137 0
2952 0.4338092195621485 0.236412199943098 0
2953 0.1880806184886322 0.6435557671359023 0
2954 0.5125304368604342 0.3293925755622639 0
2955 0.2893908396238678 0.6600538668640987 0
2956 0.6198628556713228 0.07806101797280382 0
2957 0.3627091609412896 0.1537402424704571 0
2958 0.3538042737379737 0.1485629211349321 0
2959 0.3924274401285099 0.6940991009190217 0
2960 0.5357391034206234 0.7651701284066433 0
2961 0.5459902286788434 0.7592650976658716 0
2962 0.8638925014988462 0.7770443378381937 0
2963 0.8006469221395678 0.3240907680501728 0
2964 0.8006582573967402 0.3131745220403984 0
2965 0.8006231944058282 0.3350143826499637 0
2966 0.8100975031703008 0.3405153607165002 0
2967 0.2476812788051439 0.595716423042346 0
2968 0.9562986178401027 0.3033436404141696 0
2969 0.1639100474981085 0.9176814917859587 0
2970 0.1639940708867065 0.7532615497415724 0
2971 0.3621747651740597 0.2467758157147426 0
2972 0.3621605626310487 0.2571385904937554 0
2973 0.8331869429337697 0.6762870611571694 0
2974 0.55619513473069 0.8362282128619064 0
2975 0.8227648270839493 0.8482553601560296 0
2976 0.3891954200680339 0.1898808316107379 0
2977 0.7509081831782878 0.8067254965864876 0
2978 0.7406427626072826 0.8126456843370609 0
2979 0.1685547626866507 0.6907773783697604 0
2980 0.1683652081298744 0.7026000402015132 0
2981 0.3179946033516322 0.8763908891716234 0
2982 0.1090525211123353 0.785183982978535 0
2983 0.1460753312669052 0.9279817195091967 0
2984 0.1614239442775368 0.3127738543913805 0
2985 0.9358203515074492 0.8663329709180509 0
2986 0.9468119517923573 0.8614144340952226 0
2987 0.9361840378692647 0.3381911572289101 0
2988 0.9462304178525047 0.3440385579468422 0
2989 0.0675395160625881 0.1742540491781957 0
2990 0.1272145175975468 0.7732693316131126 0
2991 0.9098800501991279 0.4132823684393508 0
2992 0.4221644197971952 0.04327859222268969 0
2993 0.6105672971444474 0.2621038974177106 0
2994 0.7372945888667376 0.04269521319683477 0
2995 0.7511313444195771 0.9254236191342373 0
2996 0.9462017711623586 0.8007857408836848 0
2997 0.9460904460439542 0.789098084412331 0
2998 0.9358879630008273 0.7829897756046076 0
2999 0.9464455164528187 0.7777038424354104 0
3000 0.9359425540188755 0.7711862130417915 0
3001 0.946626225068557 0.7657152559631519 0
3002 0.9359811972160986 0.7592966630706256 0
3003 0.9469070369973865 0.753402294734705 0
3004 0.9360345996740995 0.7473392935782037 0
3005 0.9467422298925581 0.7414093166227488 0
3006 0.9360337092958888 0.7354248109438544 0
3007 0.9463055783817348 0.7294777838965822 0
3008 0.9359445117707452 0.7235282271827213 0
3009 0.9462160969639478 0.7175869697429333 0
3010 0.9468651608772701 0.8135252461574251 0
3011 0.93591554841122 0.7116469433185191 0
3012 0.9461534562721898 0.7057077104566964 0
3013 0.2627139844996614 0.04265211330758029 0
3014 0.9561089441772812 0.2576593324337045 0
3015 0.7921376260138837 0.4455088971386769 0
3016 0.9048628392922963 0.6230874075679278 0
3017 0.6036302896161865 0.1612619143540766 0
3018 0.9359701603851542 0.9493245887101556 0
3019 0.7005348650423289 0.3242043578374009 0
3020 0.7005201333798388 0.3137500213778983 0
3021 0.5393072625036832 0.3653509092930408 0
3022 0.6377547871144911 0.1846687961490439 0
3023 0.6469495114182013 0.1790344205146444 0
3024 0.2093414202143671 0.6552631645692925 0
3025 0.2182728687275395 0.07827190208794249 0
3026 0.4741406741220887 0.8361508744999963 0
3027 0.463883657982664 0.8302132322204676 0
3028 0.7817290185368611 0.07830694014751585 0
3029 0.8966054287190531 0.2691247775933667 0
3030 0.5356987114863687 0.64710373301035 0
3031 0.238354459977486 0.6140726574262053 0
3032 0.3516144656823044 0.6704356559925302 0
3033 0.3414142186342405 0.6645232599298256 0
3034 0.3414327224222303 0.6527342740171325 0
3035 0.6839552226420996 0.04289060976964197 0
3036 0.4680632804252459 0.3654327981456513 0
3037 0.315747265654114 0.04281149812116876 0
3038 0.3245685679817584 0.04796201509305874 0
3039 0.792214348980977 0.9492344307279552 0
3040 0.9359794662393895 0.2345884156796552 0
3041 0.9459434228038268 0.228765785074335 0
3042 0.4926029498603349 0.04334311089849966 0
3043 0.5013962991722785 0.04842355444434492 0
3044 0.5011702573423975 0.05814826171370113 0
3045 0.5101670519695491 0.05340868858737127 0
3046 0.5101912906827305 0.0433311486225318 0
3047 0.5189866751929034 0.04840164273163156 0
3048 0.5189989329275639 0.05854192114248317 0
3049 0.5277901113537221 0.05349510820120363 0
3050 0.5277855745875154 0.04333450480940021 0
3051 0.5365826760948536 0.0484091839206852 0
3052 0.1698621492659423 0.9485796730634305 0
3053 0.2649406594553517 0.9485473749006608 0
3054 0.2530555305189285 0.9485492467690567 0
3055 0.3005963945446862 0.9485301558986411 0
3056 0.3124845835381796 0.9485246161486469 0
3057 0.1845255376354239 0.9896901545319279 0
3058 0.2003620229749529 0.08863629552467714 0
3059 0.1913264328630314 0.0938032802662719 0
3060 0.7996383403655209 0.08867054719710757 0
3061 0.8086734413907029 0.09383717207780742 0
3062 0.7505619636049375 0.9489774261197211 0
3063 0.7404601836306441 0.9433616941588991 0
3064 0.5561130188402085 0.6471261463430928 0
3065 0.5663135698170833 0.6530274406939465 0
3066 0.04949981863239945 0.5529759653987378 0
3067 0.04948612600160896 0.5411559851667446 0
3068 0.1580710039426425 0.7429986496804981 0
3069 0.4324494474277745 0.3654889764561643 0
3070 0.4235314135703548 0.3603616336643181 0
3071 0.4235129063268708 0.35007567434167 0
3072 0.4146096318961719 0.3552323539633897 0
3073 0.4146216420158422 0.3655284006325458 0
3074 0.4056991807172879 0.3603972901480853 0
3075 0.4056839925607144 0.3500966106178298 0
3076 0.3967736107259151 0.3552625629357007 0
3077 0.02525252525247736 0.008747731351340158 0
3078 0.974747474747408 0.008747731351381001 0
3079 0.21704839919598 0.5207104149560255 0
3080 0.05771461123040379 0.1799537085347744 0
3081 0.7923151106122469 0.5246536467131381 0
3082 0.6889499888597482 0.653085142045668 0
3083 0.6787409554998685 0.6471864188334217 0
3084 0.04959884294527029 0.6356976714878806 0
3085 0.04962716385212911 0.647557249797182 0
3086 0.3714198954654263 0.9483635472481865 0
3087 0.38330648770659 0.9483572380249169 0
3088 0.3595333778191366 0.9483688723998164 0
3089 0.3892444024558154 0.938059782827753 0
3090 0.3951934771531643 0.9482423678017643 0
3091 0.0740302486897427 0.2525565987704743 0
3092 0.3824756705896151 0.8064070652621191 0
3093 0.3923273122346829 0.8123413787367163 0
3094 0.4025255321190775 0.8064317079812834 0
3095 0.4028162161057532 0.8177530565737794 0
3096 0.5254862773024206 0.6529842351087634 0
3097 0.8323923887649622 0.5941564947989487 0
3098 0.842546454853782 0.5882881095576394 0
3099 0.8612382818923583 0.4859690186091841 0
3100 0.2625935135871532 0.07329986574132259 0
3101 0.7374121091415665 0.0733334350451717 0
3102 0.5365755442068528 0.03825411332766832 0
3103 0.5450708571614924 0.04305501610361979 0
3104 0.5441691072273178 0.05300919422291098 0
3105 0.8332491156120986 0.6408260927269639 0
3106 0.4741813909262216 0.6823947340081761 0
3107 0.7613257824942208 0.7179248932178026 0
3108 0.4537508509493437 0.6941769482459326 0
3109 0.1443648410049222 0.1842321908641147 0
3110 0.1443534993704232 0.1951674778236346 0
3111 0.1639437614287268 0.8148385416279313 0
3112 0.8556228548588388 0.1842554581499253 0
3113 0.8556140926710004 0.1952120613232693 0
3114 0.9099053043118481 0.4594855804181206 0
3115 0.8021812949182793 0.872005650637975 0
3116 0.843330859910429 0.8007922477023612 0
3117 0.1992504910548498 0.3019689308791706 0
3118 0.1992336474773291 0.2910712096669115 0
3119 0.2468688994171633 0.8147914999843879 0
3120 0.240941161783461 0.8250589113232989 0
3121 0.2468703032362309 0.8353271076778441 0
3122 0.2350114411570359 0.8353285361391057 0
3123 0.5935989290405224 0.04169888016821052 0
3124 0.6173823104167129 0.7297665853673396 0
3125 0.627625659062373 0.7356528476834792 0
3126 0.6378507964594177 0.7297710208986585 0
3127 0.6378586580666943 0.7415613017910498 0
3128 0.6480819273353444 0.7356823162024322 0
3129 0.2977573463819902 0.3402861742239185 0
3130 0.2977371283245758 0.3298420825100687 0
3131 0.8774068585103487 0.302043155949567 0
3132 0.8774001662231254 0.3132969051247455 0
3133 0.3068330588164517 0.3558864797121466 0
3134 0.1548891867131084 0.0610339469455588 0
3135 0.8449025870236329 0.06154375893066275 0
3136 0.7610391284639754 0.8838701301127769 0
3137 0.04781668121928509 0.1741832518907092 0
3138 0.6288685190445842 0.04172227831882628 0
3139 0.6735086497060158 0.3606023641514728 0
3140 0.6645388123587065 0.3554320606869375 0
3141 0.6465246101978477 0.04175708417455123 0
3142 0.04799352379494948 0.1513188697494322 0
3143 0.9518374009346637 0.1287512291310299 0
3144 0.9517545701406963 0.1173167604821218 0
3145 0.9519000756641715 0.1401780834802187 0
3146 0.8442160001840124 0.04169906752664436 0
3147 0.6914865270013784 0.3606310057912745 0
3148 0.7005032966228356 0.3554424011527509 0
3149 0.1557918748750721 0.04164544739307036 0
3150 0.1064124695813116 0.04168278265810706 0
3151 0.893588733197638 0.04168256372446888 0
3152 0.2170312833489005 0.6141748690060012 0
3153 0.20682315341495 0.6083239751064686 0
3154 0.9501769017912128 0.4714856645991373 0
3155 0.9501705916027923 0.4832289500681917 0
3156 0.1582764185475079 0.4401778848813044 0
3157 0.1484082815960927 0.4458466955466135 0
3158 0.6023907447285302 0.03662832627976092 0
3159 0.1005068526508949 0.5470148505472888 0
3160 0.04776605828830544 0.1856711564692943 0
3161 0.7612400880814799 0.9561067621858022 0
3162 0.3355370277032101 0.7013887094102189 0
3163 0.3411056162569438 0.7120024888203781 0
3164 0.04527767810650988 0.8343144562258397 0
3165 0.331211393224023 0.658622172496875 0
3166 0.3312312869913492 0.6468343109249513 0
3167 0.3967898271424036 0.3655638575394921 0
3168 0.3878618861140362 0.3604306046120707 0
3169 0.802658209427153 0.6820847309395651 0
3170 0.7402838248844525 0.9549537780144526 0
3171 0.7301778881805362 0.949332832143817 0
3172 0.8770858854462127 0.2243072559985466 0
3173 0.0900759874917347 0.6119352537932304 0
3174 0.3159459440816123 0.3610099583093017 0
3175 0.7090614305112074 0.4287816527315886 0
3176 0.4069813289473307 0.2520057645627225 0
3177 0.406967319966229 0.2623448461608466 0
3178 0.1031615975931438 0.3363590869466623 0
3179 0.103187008596247 0.3477746876403667 0
3180 0.1126744765177793 0.3420489862481673 0
3181 0.7612792526754163 0.5999710277965105 0
3182 0.8388313598582968 0.2798963978352156 0
3183 0.3157563089554555 0.06322303963192052 0
3184 0.7924411861046674 0.676189798188633 0
3185 0.7924494084933951 0.6643862369512866 0
3186 0.9358669015327561 0.6997892263796959 0
3187 0.3609257794572847 0.3348283795776379 0
3188 0.4133611734323775 0.04834349938354036 0
3189 0.7610437933674011 0.8719972543204975 0
3190 0.5227694999618027 0.09258210251482715 0
3191 0.8387843472392362 0.2362663473540298 0
3192 0.5562274607799619 0.7651847447943015 0
3193 0.5562337443804073 0.7533589046771395 0
3194 0.3005721323340017 0.9073705910197416 0
3195 0.1100579737696109 0.4476190681775916 0
3196 0.8191693612647135 0.1297026068931515 0
3197 0.1808338394653975 0.1296961572908576 0
3198 0.3061158886473802 0.7942633873884136 0
3199 0.4188424972416632 0.866063527271006 0
3200 0.4129057954755498 0.8557934034999632 0
3201 0.4243745530708627 0.8560128456334313 0
3202 0.8509381835537495 0.3676480997431733 0
3203 0.1005348355815832 0.5587703384543414 0
3204 0.4742223512136141 0.7769419450712425 0
3205 0.574935844412751 0.344766943115504 0
3206 0.5838534151749107 0.3499076252563865 0
3207 0.574945256833623 0.3550596439840574 0
3208 0.5838615858101479 0.3601996455561327 0
3209 0.5927684428499468 0.3550494194216003 0
3210 0.5749507181648743 0.3653482846422498 0
3211 0.5927770658329156 0.3653406239766644 0
3212 0.6016855665576912 0.3601894600736303 0
3213 0.4339443171365258 0.1745195540929134 0
3214 0.2764945642371206 0.7430253427807132 0
3215 0.8227753490614029 0.9314053901561256 0
3216 0.8330717162587928 0.9373528492913565 0
3217 0.8330737884554839 0.9254618343429254 0
3218 0.843370121171968 0.9314085005111203 0
3219 0.8433693917820323 0.9433007527448983 0
3220 0.8536695431072886 0.9373555507409452 0
3221 0.8536687759425938 0.9492493313245758 0
3222 0.8639702721785989 0.9433027811867504 0
3223 0.2284338881087736 0.7435325437535434 0
3224 0.433331938231115 0.7177743877490204 0
3225 0.8330129518009903 0.7593331680512895 0
3226 0.8330019953967037 0.7238179373921854 0
3227 0.8330001072216455 0.7119838256513646 0
3228 0.2233469574518276 0.9176787899076355 0
3229 0.09267922756138655 0.8353978191102045 0
3230 0.4838195086959219 0.03826577358309602 0
3231 0.7714973812634708 0.7474969153215189 0
3232 0.7924306609851138 0.6879859150779273 0
3233 0.152078792123857 0.855968530890988 0
3234 0.5664619023226191 0.830310417084516 0
3235 0.6484945177809827 0.8185037060605481 0
3236 0.6587493807430074 0.8244305252915677 0
3237 0.4070047440859453 0.9071819424288377 0
3238 0.669009277414178 0.8185090721850532 0
3239 0.6685440236355437 0.8303564521936041 0
3240 0.6797219720168066 0.8246841757189831 0
3241 0.6586677555770855 0.8362797191447593 0
3242 0.7509814573354463 0.7711815698983924 0
3243 0.4011274446596357 0.9380364004271092 0
3244 0.4070798005152863 0.9482145263726749 0
3245 0.4130064114951953 0.938023134570194 0
3246 0.4189652680005665 0.9482032324049667 0
3247 0.4248951115887823 0.9380125887352357 0
3248 0.4308536202659874 0.9482656844984509 0
3249 0.4249484851142924 0.2105891317915984 0
3250 0.4221028089058645 0.09419688850085318 0
3251 0.833043808805826 0.8898226438121247 0
3252 0.436790914393402 0.9380157870427492 0
3253 0.4427406722151701 0.9482011214053596 0
3254 0.4486802244673169 0.9380002280304246 0
3255 0.4546278385520821 0.948179253439893 0
3256 0.460566152660027 0.9379899669340144 0
3257 0.4665142543972213 0.9482427298757845 0
3258 0.297962180363515 0.1248677264061041 0
3259 0.3067948469416316 0.1301871665615001 0
3260 0.297926255082642 0.1352035255273554 0
3261 0.3070282819407177 0.1403903998513271 0
3262 0.2979357869052893 0.1455107088506538 0
3263 0.3070595963569687 0.1506986408384169 0
3264 0.2979129478693273 0.1558389562364952 0
3265 0.3068643929603472 0.1610323837369612 0
3266 0.2978478169323475 0.1661798249513674 0
3267 0.2888970911521548 0.1609825912423269 0
3268 0.2888650751391413 0.1713435483315914 0
3269 0.2798985080762871 0.1661371788799197 0
3270 0.2798698439051208 0.1765130866026244 0
3271 0.270886211825424 0.1712978253262876 0
3272 0.270866346603437 0.1817020789376655 0
3273 0.2618571213935741 0.1764707089491653 0
3274 0.2618369266077171 0.1869033210983471 0
3275 0.2527976794373484 0.1816329809611504 0
3276 0.2527691485242416 0.1920993818857495 0
3277 0.3164427398241739 0.1360399171335474 0
3278 0.3068053367634879 0.1713766750776498 0
3279 0.3157802042425196 0.1662230172294252 0
3280 0.2888634983488267 0.1817223713314191 0
3281 0.2618228020254071 0.1973541498369095 0
3282 0.2619055085556963 0.1660760198152589 0
3283 0.2527449600068783 0.2025696486433293 0
3284 0.2436762262329342 0.1973102765512187 0
3285 0.9256176569245522 0.7651352262138083 0
3286 0.4724528033483966 0.9379939769196164 0
3287 0.4784009603761795 0.948177989156197 0
3288 0.4843404180616739 0.9379785221468424 0
3289 0.4902876724828463 0.9481554424574163 0
3290 0.4962258708912249 0.9379681656893033 0
3291 0.5021738009686807 0.9482205009766502 0
3292 0.5659854886898701 0.3087321240739597 0
3293 0.5570575048161014 0.3035922375952925 0
3294 0.5659578669161573 0.2984088463157982 0
3295 0.5481409831433323 0.3087517139003864 0
3296 0.7820183044480442 0.5531763934354861 0
3297 0.771938583408761 0.547333293135287 0
3298 0.7719642850628895 0.5360468811026907 0
3299 0.7617448262397396 0.5417176192144695 0
3300 0.7618035739204754 0.5531920418801257 0
3301 0.7515673215553202 0.5473348102411593 0
3302 0.7515256346270311 0.5589959641721679 0
3303 0.5081123101362841 0.9379723966555394 0
3304 0.5140603669677818 0.9481559737723552 0
3305 0.5199998062084368 0.937956991143361 0
3306 0.5259469570573987 0.9481347404112692 0
3307 0.5318851245823757 0.9379468783578919 0
3308 0.5378329628595924 0.9481995659438549 0
3309 0.7378329132343114 0.1351660741059784 0
3310 0.7288929837612682 0.1403535391656228 0
3311 0.7378684743254563 0.1455248710020221 0
3312 0.7289115256166295 0.15073886493909 0
3313 0.7379107349619538 0.1559069694595038 0
3314 0.728930352920969 0.1611255722756288 0
3315 0.7379485844034656 0.1663074710470328 0
3316 0.7199482893367933 0.1559460169747326 0
3317 0.7199481943676922 0.1663366303279784 0
3318 0.7109625430203836 0.1611560117749419 0
3319 0.7109628325702395 0.1715446381053028 0
3320 0.7019616108284065 0.1663725847945015 0
3321 0.7199623461343041 0.1767244794929665 0
3322 0.7109734480557545 0.1819368186186291 0
3323 0.7199850968288948 0.1871222337855789 0
3324 0.7019979281483104 0.1559705293827069 0
3325 0.6929867110779827 0.1612003742538853 0
3326 0.6929863414589477 0.1715722034217524 0
3327 0.6840173455897396 0.1663943149146589 0
3328 0.6840007236415599 0.1560446820931266 0
3329 0.6750630446805064 0.161256964632069 0
3330 0.7109871960894641 0.1923405131140484 0
3331 0.7200104369037408 0.1975321137958269 0
3332 0.7290141714972194 0.1923166175014707 0
3333 0.7290463822540474 0.2027383678382339 0
3334 0.7380768104369113 0.197507104114919 0
3335 0.7381042231123971 0.2079536124865918 0
3336 0.7471581720677124 0.2027004830735252 0
3337 0.7020717172722883 0.1248674761474912 0
3338 0.1176706214271199 0.6495145762685053 0
3339 0.1276071982934334 0.6082558755241355 0
3340 0.9049417429863236 0.6940336221609141 0
3341 0.5437701601797235 0.937951864970442 0
3342 0.5497192160309901 0.9481357604543411 0
3343 0.5556557768103617 0.9379373414393566 0
3344 0.5616053851812822 0.9481191112528851 0
3345 0.5675419250330647 0.9379273963925461 0
3346 0.5734917349176964 0.948179900562364 0
3347 0.2197408037220679 0.6965860593622624 0
3348 0.5794275819945207 0.937930186102887 0
3349 0.5853777859266054 0.9481147937930487 0
3350 0.5913125041999088 0.9379142732906505 0
3351 0.5972637840362435 0.9481015626008127 0
3352 0.6031995545956718 0.9379055607462141 0
3353 0.6091504313556825 0.9481611649798838 0
3354 0.3517390287461658 0.2986291504965405 0
3355 0.3427453491517159 0.2934377008156859 0
3356 0.4069995820159316 0.2415416461158844 0
3357 0.6575996849772281 0.1300399819849302 0
3358 0.5315793514648781 0.1283865049853125 0
3359 0.333752856578185 0.2986437039277778 0
3360 0.3337394218105848 0.288243523407206 0
3361 0.324735700375954 0.2934577722927783 0
3362 0.324751229148685 0.283052103402878 0
3363 0.315782134369066 0.2882009970284996 0
3364 0.3337355088827155 0.2778393062657967 0
3365 0.3247483500407532 0.2726448452868804 0
3366 0.3337292566149044 0.2674354386957812 0
3367 0.6150867498039535 0.9379100819047116 0
3368 0.6210366315967072 0.948099717832418 0
3369 0.6269723233888922 0.9378955570924919 0
3370 0.6329228383402565 0.948083138251526 0
3371 0.6388590257911941 0.9378855193152582 0
3372 0.644809313817855 0.9480739863604879 0
3373 0.6507468760917244 0.937877749791444 0
3374 0.6566961174510695 0.9480668409267553 0
3375 0.5935673180444958 0.09264683082116495 0
3376 0.4071587890038174 0.1692888519363817 0
3377 0.6626337755373293 0.9378704200203961 0
3378 0.6685829193387534 0.9480597180202308 0
3379 0.6745197562565332 0.9378632153285988 0
3380 0.6804706533977614 0.9481536828842361 0
3381 0.4332134319666079 0.7887085033840362 0
3382 0.1582868942171957 0.6967016791793681 0
3383 0.4128105269440993 0.8122688301484821 0
3384 0.8827556276718612 0.5766654029229934 0
3385 0.8828300638682876 0.588272251521066 0
3386 0.9584513247186457 0.7607287741766143 0
3387 0.8639705248218548 0.9314090056105898 0
3388 0.8742714991426642 0.9373557116097155 0
3389 0.8742716585202902 0.9492514640850336 0
3390 0.6915119099793673 0.3085260516520997 0
3391 0.7005124732102608 0.3032902991532503 0
3392 0.6914936761944511 0.2980663343841247 0
3393 0.7004975057485945 0.2928305100291033 0
3394 0.6914798934513211 0.287607940591843 0
3395 0.9132556973732192 0.5707755436856389 0
3396 0.9132717866667897 0.5825370888465577 0
3397 0.3537731979156736 0.1588658898878202 0
3398 0.3626648724641758 0.1640159233799194 0
3399 0.1104958446366801 0.9280304165064229 0
3400 0.3967546680181179 0.3449581224372494 0
3401 0.8227700427197364 0.9551904373363024 0
3402 0.7471094048896665 0.1922597816496366 0
3403 0.7562310456109089 0.197437435472381 0
3404 0.7561682780415644 0.1869801958461837 0
3405 0.9356155053993274 0.6644238382791333 0
3406 0.1492816314904055 0.3567371425891053 0
3407 0.1493126830265266 0.3455513475224981 0
3408 0.9460717207547316 0.693870415987293 0
3409 0.874844306519511 0.1076233833767253 0
3410 0.1255339976261747 0.1076197803306747 0
3411 0.3449815915196566 0.1534855081518018 0
3412 0.3449177556799468 0.1433461115262894 0
3413 0.9234472784314283 0.5766424187110362 0
3414 0.2072931120793754 0.4571115141374394 0
3415 0.05803739528204396 0.1230131603379037 0
3416 0.04812549044596605 0.1286063896127324 0
3417 0.04821515655350859 0.1171790431071839 0
3418 0.3890582556668031 0.2623305215136622 0
3419 0.7427177330570641 0.4740146019421365 0
3420 0.7427771834249404 0.4624655337822549 0
3421 0.2621750918785684 0.1351732030290752 0
3422 0.7469472603401777 0.1610733249343844 0
3423 0.1805907136307889 0.1718198485921922 0
3424 0.8194899554968129 0.1718183014662298 0
3425 0.9564574420171398 0.9376465787247876 0
3426 0.9565615335602002 0.9493654175671382 0
3427 0.9569303926050022 0.9262827537623465 0
3428 0.1781978745727427 0.3512897830646923 0
3429 0.1877669369867661 0.356859949784242 0
3430 0.3517349002234916 0.2882355745233653 0
3431 0.5277975525586146 0.06365397231002254 0
3432 0.05991080007119185 0.6534581300323624 0
3433 0.04965819181505195 0.6594179551149867 0
3434 0.5840755866593691 0.2467974576008427 0
3435 0.3239617141662059 0.8866490260967425 0
3436 0.2945816803193398 0.8970503587308768 0
3437 0.05344374942959552 0.3077939945103692 0
3438 0.3441039636977001 0.1629924037482597 0
3439 0.601635839905875 0.2673230363759199 0
3440 0.1347619452053506 0.145717734407243 0
3441 0.8606922318560597 0.4070494065735664 0
3442 0.8704923749512382 0.4127414241566565 0
3443 0.2535265863008034 0.3953464633170944 0
3444 0.1876902851688355 0.73274654776324 0
3445 0.8651778983722622 0.1457960872632822 0
3446 0.9128060749099685 0.1399968074452368 0
3447 0.3511153419748365 0.8002017533142187 0
3448 0.6464008656345357 0.251673134484848 0
3449 0.6374394913325204 0.2465052185373766 0
3450 0.4606078838692313 0.2519149096967547 0
3451 0.4695594157927438 0.2467439152317521 0
3452 0.5587262210587056 0.1748373435778366 0
3453 0.4413624822345708 0.3706137655281297 0
3454 0.0407515460403005 0.05684110564291318 0
3455 0.0408210519844894 0.04603026600951012 0
3456 0.04065110159080403 0.06774626529145999 0
3457 0.9592490004378074 0.05674325966097354 0
3458 0.9592261500738708 0.04593051921406588 0
3459 0.9593556880136421 0.06774022907138517 0
3460 0.4638699941988526 0.8420650988339304 0
3461 0.4536134029444031 0.8361260434973778 0
3462 0.1129770461735503 0.2853587462978303 0
3463 0.8606534048129442 0.4184202519099823 0
3464 0.5571926051596789 0.2106796690995938 0
3465 0.5482632067035207 0.215852585238863 0
3466 0.5459284171523359 0.8421474400403707 0
3467 0.5356717788661576 0.8362133917595644 0
3468 0.8406987653928826 0.3618848798200826 0
3469 0.849095956730845 0.3557294339316054 0
3470 0.8310155437620763 0.367896297370873 0
3471 0.1582505436419999 0.7088827320491813 0
3472 0.9235649148753615 0.5882656039132217 0
3473 0.9336783914143635 0.5825190807001385 0
3474 0.5255002262536403 0.64120004558999 0
3475 0.1880890852234823 0.5031371176235808 0
3476 0.5128617709054665 0.08687225799289797 0
3477 0.3351110484704485 0.7227354962152637 0
3478 0.9399957768661192 0.4890969862614366 0
3479 0.9501583452432585 0.4949772308476482 0
3480 0.4661804667984759 0.08911665953043146 0
3481 0.5664545142551961 0.8421609349805481 0
3482 0.2197601860443443 0.7084097295913614 0
3483 0.4843971125034796 0.8420888062495533 0
3484 0.4946678244233927 0.8361734387015997 0
3485 0.03933763121181513 0.5472298306812605 0
3486 0.4309635756087219 0.03821941159434274 0
3487 0.4220915619376268 0.1044070813268273 0
3488 0.4309346326075193 0.09931195383320823 0
3489 0.9536604925844905 0.5478829681575283 0
3490 0.9539514090935794 0.5591779718496511 0
3491 0.9550854706908214 0.5364728087415515 0
3492 0.04514974126008063 0.8560191811460851 0
3493 0.05108406814587775 0.8663148983948421 0
3494 0.8704837576498119 0.4241111919200251 0
3495 0.5482116099950531 0.3704806738828743 0
3496 0.36277497325346 0.1331619716381459 0
3497 0.09267423506860402 0.9589681815489524 0
3498 0.08077423277255799 0.9588548006731661 0
3499 0.4133772868337976 0.03818980187471311 0
3500 0.4045805263314411 0.04324697182072414 0
3501 0.1995922238184434 0.9587638612255912 0
3502 0.2114860514737579 0.9587429235821447 0
3503 0.2174308858015937 0.94854906913554 0
3504 0.2238482563760201 0.9586069131384909 0
3505 0.04337674474858097 0.2904402569434978 0
3506 0.04323911139303669 0.2790690674173387 0
3507 0.306874472298981 0.3662656193527463 0
3508 0.01034326768778321 0.7441852703803559 0
3509 0.6929945937455405 0.03778951725022621 0
3510 0.7302957354897881 0.9607428266838978 0
3511 0.7200364686682414 0.9550077007674451 0
3512 0.7517769345708712 0.5357631904932637 0
3513 0.3070161098654042 0.03740443807730712 0
3514 0.03933909944733156 0.6416525113445897 0
3515 0.03931298481596909 0.6297840805188486 0
3516 0.3654277393609234 0.835281947386439 0
3517 0.08038754817651425 0.6415427287423269 0
3518 0.4142363912781711 0.9585327954264252 0
3519 0.4499136851870181 0.9585057698725614 0
3520 0.6074703222271218 0.8421825026012435 0
3521 0.485593161060949 0.9584803119349132 0
3522 0.3245697509717326 0.0377446938538815 0
3523 0.333387382616367 0.04290053872235097 0
3524 0.5212722344813583 0.9584653665335027 0
3525 0.5569414213311751 0.9584643103304116 0
3526 0.5926382574235507 0.9584630081363216 0
3527 0.03924051885050094 0.5352493937486911 0
3528 0.8531273745660728 0.04664410715626006 0
3529 0.1469447043314678 0.0464812837004483 0
3530 0.9337465075897715 0.594228358007366 0
3531 0.9439185858230578 0.5884099289950345 0
3532 0.9440379247829066 0.6000483843063555 0
3533 0.95419365071524 0.5942728531045252 0
3534 0.727430556747154 0.8452895839659966 0
3535 0.8005940841157504 0.3459547307629123 0
3536 0.03927037985848865 0.5589125431282238 0
3537 0.9542085028368574 0.6061130691046489 0
3538 0.315751793837869 0.1765699425116863 0
3539 0.781503499459772 0.03730162135836831 0
3540 0.7726370663838861 0.03225525378702879 0
3541 0.7460970544707872 0.03756867396355222 0
3542 0.2184978022750273 0.03726224474893329 0
3543 0.2273646730614679 0.03221523665934371 0
3544 0.4573511631249931 0.09420615502980761 0
3545 0.2539118671348543 0.03751371463950844 0
3546 0.8712009011117359 0.4917582674393734 0
3547 0.8812052310911315 0.4860019203392966 0
3548 0.6750640338819177 0.171580364207425 0
3549 0.6174878775945196 0.8477015449915224 0
3550 0.6684528645533573 0.8422074733550911 0
3551 0.3179068138668232 0.7942295058328654 0
3552 0.3120267268095974 0.784001548484084 0
3553 0.9561483497588164 0.6526039618282231 0
3554 0.9561574446827912 0.6644681965708156 0
3555 0.2298130795891423 0.7027818402824464 0
3556 0.7425694675460544 0.4971194325908109 0
3557 0.7425108789563365 0.5087280853513398 0
3558 0.9571169734374938 0.8788280882054302 0
3559 0.9572547725348649 0.7960690914579169 0
3560 0.9562426499458727 0.7114267180470417 0
3561 0.9573104023654243 0.7345225421054722 0
3562 0.638485511094979 0.06801598570581703 0
3563 0.8846083639993869 0.06816445403188735 0
3564 0.1154248116885488 0.06812042390322107 0
3565 0.04446348201582685 0.2242773090549429 0
3566 0.04416346104645556 0.2354045921461944 0
3567 0.2618053118158253 0.2078132483014306 0
3568 0.2708731112117477 0.2025989188180799 0
3569 0.09329981010503349 0.3535123473178481 0
3570 0.6397764690519973 0.09927525980023667 0
3571 0.6308948585652657 0.104413900264726 0
3572 0.3115117826582881 0.6218597939362051 0
3573 0.5937478686933377 0.1028704598262649 0
3574 0.6645489144134139 0.3657784487474243 0
3575 0.6555881092374771 0.3606124477987638 0
3576 0.6028462716452714 0.09802478641071827 0
3577 0.65562262463532 0.04683981717868891 0
3578 0.6556426018287325 0.03663424251872555 0
3579 0.1245086718104617 0.06302355393500086 0
3580 0.966029019519835 0.2520591861402062 0
3581 0.8753632194706736 0.06344662279685337 0
3582 0.8531497041972047 0.03645701529823109 0
3583 0.2888421741520128 0.3348004402369125 0
3584 0.2891159654820515 0.3446455273137708 0
3585 0.2889420732585831 0.3245588096839196 0
3586 0.1468756182372294 0.03639063864104911 0
3587 0.4188125748839528 0.8455477011838451 0
3588 0.1150772336919039 0.03650890986341022 0
3589 0.8849259875206961 0.03651549251546804 0
3590 0.6555710992729344 0.0572599044580723 0
3591 0.6016927397282532 0.3704829203593412 0
3592 0.6106075016841407 0.3653332627773465 0
3593 0.6105996350401358 0.3550320600763551 0
3594 0.6195252815088936 0.3601771875717327 0
3595 0.5927839205650931 0.3756300100574674 0
3596 0.06003957806428774 0.3724197572439848 0
3597 0.04996868650303313 0.3665791045837418 0
3598 0.8812001254872529 0.4975700925025444 0
3599 0.8912488020007618 0.4917909519819268 0
3600 0.9662045733963514 0.308798788046444 0
3601 0.9563106069393597 0.3382277328746055 0
3602 0.9563044742702301 0.3498988528230635 0
3603 0.5453100364535862 0.03313397866163313 0
3604 0.5529664432448953 0.03775741238495973 0
3605 0.1032272105973834 0.3591996191480648 0
3606 0.2436525357423566 0.2078067218098825 0
3607 0.7911903891695047 0.329513622405995 0
3608 0.7562632438072268 0.2079402553922645 0
3609 0.4069632185429466 0.845600421009036 0
3610 0.6755213877700021 0.9583167109001171 0
3611 0.6866702029957628 0.9583604112066294 0
3612 0.6520871650735173 0.9584454396900086 0
3613 0.6283055888340964 0.9584578348217666 0
3614 0.7214965950751562 0.8354984385634288 0
3615 0.5663245515642303 0.6412443601790252 0
3616 0.5765239234199135 0.6471453149361264 0
3617 0.3414471208994579 0.6409580112233538 0
3618 0.2195916890000676 0.6849887866756745 0
3619 0.3898554622107029 0.9584376784634296 0
3620 0.3654812154270207 0.9586624895334355 0
3621 0.3535911127582422 0.9586672317909525 0
3622 0.737254258945901 0.03251934769390849 0
3623 0.3878813404678186 0.3707316142797988 0
3624 0.3789488824414491 0.3656017208964682 0
3625 0.3968082063421796 0.3758606903374929 0
3626 0.2627540721732941 0.03246703082891718 0
3627 0.3334131073069194 0.03274297713307842 0
3628 0.3422013756404315 0.03785256820277473 0
3629 0.3421820845256615 0.04801471702276301 0
3630 0.3509898175128028 0.04295474973240724 0
3631 0.06806669009380446 0.1866993310836052 0
3632 0.6377807734478772 0.1742628714829532 0
3633 0.6467415439077303 0.1662676893909435 0
3634 0.4046041926222664 0.0330991345399175 0
3635 0.3958064804057084 0.03815465026837969 0
3636 0.741618537498557 0.5414121533461926 0
3637 0.3065447737062851 0.95871439271445 0
3638 0.2946590272769709 0.958809580146653 0
3639 0.3184354088069453 0.9586898564510206 0
3640 0.6924013037553141 0.9481678931564798 0
3641 0.7096389741371552 0.30908433034982 0
3642 0.1898168796693208 0.2856184493936827 0
3643 0.469543230666821 0.2570821325643579 0
3644 0.05994684598327163 0.6653211869446857 0
3645 0.04969043738820435 0.6712810072432841 0
3646 0.05947697244176473 0.6771875272453736 0
3647 0.04963698672430214 0.6831480452402832 0
3648 0.03942588386543609 0.6772412240535854 0
3649 0.05972658960517627 0.689054190657491 0
3650 0.0496903181353618 0.6950170844608508 0
3651 0.4044012601775825 0.1043845086377565 0
3652 0.7096400277571099 0.8351112415996245 0
3653 0.7154019019310616 0.8252352217205787 0
3654 0.6991609874576026 0.6589855076556732 0
3655 0.6991566856355749 0.6707798945803184 0
3656 0.6889530932619616 0.6412975053565052 0
3657 0.5670974398701155 0.06710997335429521 0
3658 0.577395675842022 0.1556373312769651 0
3659 0.5773735617147275 0.145385546541751 0
3660 0.7332338938933536 0.8545129634216737 0
3661 0.06622654682027163 0.7739832581347397 0
3662 0.05594734478277839 0.7799442261336118 0
3663 0.04564656454508601 0.7740182156609654 0
3664 0.0456626670795945 0.7859027159010573 0
3665 0.559000071470925 0.1846227261162462 0
3666 0.5676514260868259 0.1799542389118549 0
3667 0.199238030853187 0.2802049068775003 0
3668 0.9675647517146483 0.2397152311948433 0
3669 0.09060630682954697 0.6356237169992333 0
3670 0.3473162457049828 0.7020694886652513 0
3671 0.3529681997166894 0.7120010770397585 0
3672 0.6842486987472554 0.06326848608056242 0
3673 0.3244747505667813 0.2626528020812491 0
3674 0.6931639494133308 0.13003926920083 0
3675 0.5404234480460091 0.1334866529503412 0
3676 0.5493161858637102 0.1284002253782667 0
3677 0.515249404608316 0.6470794492967562 0
3678 0.5151510636850911 0.6588654908770382 0
3679 0.6555711344151917 0.3502703604931449 0
3680 0.1061599468740578 0.1842468053398472 0
3681 0.03918210131693325 0.86631125439051 0
3682 0.04512754074295212 0.8766138718002936 0
3683 0.05702512053765672 0.8766143175904497 0
3684 0.05107471713555145 0.8869175641783522 0
3685 0.6466256008329399 0.3554508288682542 0
3686 0.6465679394883761 0.3657434954185917 0
3687 0.1443685539546438 0.1733103917322613 0
3688 0.240942323264789 0.8455978153396047 0
3689 0.03981208943810641 0.3840499487735008 0
3690 0.03984367487604656 0.3956808376483013 0
3691 0.8556192613095727 0.1733189109655378 0
3692 0.6195309106777551 0.3704810829949293 0
3693 0.5459998747949935 0.7474404572863746 0
3694 0.5562409898131789 0.7415357559272738 0
3695 0.5664741844534655 0.7474533714171919 0
3696 0.6480752485011883 0.7475005110981653 0
3697 0.6583113442576579 0.7415997560617569 0
3698 0.658316406068419 0.729782015285289 0
3699 0.6685475328743697 0.7356955673993326 0
3700 0.6685515338708561 0.7238787053573976 0
3701 0.6787830599889891 0.7297905351370361 0
3702 0.6787869828263682 0.7179750021341711 0
3703 0.6890172608877432 0.7238854929435903 0
3704 0.6890219450952656 0.7120713337198532 0
3705 0.637899939810453 0.7533479945281445 0
3706 0.6992511960003691 0.7179817059077644 0
3707 0.6992393994160487 0.706166640318668 0
3708 0.9256402412295206 0.7176435828133381 0
3709 0.4946943302642466 0.7060687819437208 0
3710 0.4159166477859667 0.2572054293732829 0
3711 0.41590874653245 0.2675257925531958 0
3712 0.4742457719336481 0.7178248325077317 0
3713 0.6016280557074454 0.2776339823553074 0
3714 0.5926824307234687 0.2724948506478765 0
3715 0.9256521330999214 0.7413742145708813 0
3716 0.7713248160662073 0.8660647037587872 0
3717 0.7920145271510721 0.723823222182802 0
3718 0.140205119067608 0.7942781056788029 0
3719 0.1461514754770994 0.7839996244588372 0
3720 0.3535728723330492 0.8352881015623814 0
3721 0.4858384445851006 0.3345625492630219 0
3722 0.5765211573268983 0.6589278396497971 0
3723 0.586725305786581 0.6530446507764047 0
3724 0.5868213702488082 0.6411327951373036 0
3725 0.5969510272851855 0.6471395442691581 0
3726 0.5969318051546652 0.6589364235218406 0
3727 0.6071393649314557 0.6530556118984396 0
3728 0.6071491616463051 0.6412725083466838 0
3729 0.6173454772818057 0.6471733488120159 0
3730 0.7714751631877688 0.7830269400597918 0
3731 0.8536534228294764 0.6644057198111689 0
3732 0.7610346709107521 0.8957453486377394 0
3733 0.7507532389939394 0.8898035563371727 0
3734 0.4785062839993105 0.2209615098098351 0
3735 0.4874255254873175 0.2261240061795904 0
3736 0.49635652628961 0.2209803579679853 0
3737 0.4963455323783866 0.2312868983796766 0
3738 0.5052772199720812 0.2261420608244443 0
3739 0.6841627104503264 0.03273691941217795 0
3740 0.1521439965912925 0.7532602961570445 0
3741 0.9256528778500031 0.8720426726846173 0
3742 0.9255002629332985 0.860406545712893 0
3743 0.822767926702714 0.7770983025517327 0
3744 0.3527074861803432 0.2514707268359876 0
3745 0.4536278816398627 0.8242749979215391 0
3746 0.2533326900013639 0.09893114681518811 0
3747 0.5481286085172383 0.298451633094843 0
3748 0.5392131661584612 0.3036127574708812 0
3749 0.8128581486769563 0.6880276186976144 0
3750 0.1699176336156104 0.7635117814611574 0
3751 0.3357992132494545 0.8866621479834609 0
3752 0.08672787655745962 0.6910210779324943 0
3753 0.7466721519988263 0.09893719246051604 0
3754 0.6279448823366913 0.8421241062386022 0
3755 0.5767180329354684 0.8362411001005337 0
3756 0.6195216500902871 0.3498688710920397 0
3757 0.06893947611090002 0.8560198801723985 0
3758 0.5664819836588986 0.7356335300404356 0
3759 0.5767135236734189 0.7415485804611734 0
3760 0.740907499019352 0.8007971906673728 0
3761 0.880286171391406 0.407091395730405 0
3762 0.3531330782486367 0.2415097371160952 0
3763 0.8433710833447616 0.9195182572516286 0
3764 0.5277796643638528 0.03318769430733727 0
3765 0.2350136510114009 0.8147915244801167 0
3766 0.8425093711067966 0.6000247870845058 0
3767 0.6464333535389892 0.2827728854748092 0
3768 0.1401395570705435 0.9382763415020268 0
3769 0.1460785481792677 0.9485819961729983 0
3770 0.8934009293337996 0.5939175824919388 0
3771 0.4056708250431689 0.3397902394246436 0
3772 0.7920734244692114 0.5589930768460087 0
3773 0.6576109981595895 0.1403090021459884 0
3774 0.3955631872533474 0.09925900726642697 0
3775 0.2290922012423741 0.8455936229345006 0
3776 0.884561436331468 0.943303763290433 0
3777 0.8845722397614801 0.9552006354551339 0
3778 0.2231856173059757 0.8353179221721065 0
3779 0.6665045405079365 0.135148183206203 0
3780 0.3789289853773186 0.3552973252649749 0
3781 0.3700138856760188 0.3604670771282904 0
3782 0.4324692201340306 0.3757693134232477 0
3783 0.2161859036937355 0.4293366595291744 0
3784 0.2711277846927581 0.1403784006823613 0
3785 0.4069553433980844 0.2726783202260046 0
3786 0.3242904183865605 0.9484038684124531 0
3787 0.2444718678623168 0.09372013454358465 0
3788 0.61739485306617 0.7415734124599311 0
3789 0.6071570715039685 0.7356653051710795 0
3790 0.7555313172542669 0.09373203467707464 0
3791 0.8676125526280805 0.2742616804870429 0
3792 0.7617581599079603 0.5648223979229788 0
3793 0.7516220359369546 0.5706862789998169 0
3794 0.741095136063324 0.5647880090005279 0
3795 0.09680580772901616 0.1566828987577796 0
3796 0.06994911256884212 0.4360612272294643 0
3797 0.05986363953043125 0.441872909383914 0
3798 0.7653633042316886 0.2026633759218305 0
3799 0.3123915849239656 0.9278702018853995 0
3800 0.2346932300902741 0.2025350435819191 0
3801 0.2346111283185331 0.192021372357311 0
3802 0.9616959919969781 0.1229707735260649 0
3803 0.9612998754972315 0.1115004962366866 0
3804 0.8725957903027602 0.5825160319575944 0
3805 0.8729882506267855 0.5940220400334986 0
3806 0.4436728447715131 0.8301872855759571 0
3807 0.1875348784195294 0.3462274310938379 0
3808 0.1972421667757868 0.3513835908234773 0
3809 0.178265787698384 0.3402593326848772 0
3810 0.6588864877771093 0.8476990120533707 0
3811 0.891229566043269 0.5034041043819966 0
3812 0.9013144648625311 0.4976015485827406 0
3813 0.3233001476437405 0.7842532882991957 0
3814 0.3178558641615822 0.7737934790511702 0
3815 0.2086283857089804 0.2965106813247325 0
3816 0.2085725533760268 0.3069741078367253 0
3817 0.5393182898791049 0.3756261275896245 0
3818 0.03854801425553694 0.122824359028928 0
3819 0.03871047821913761 0.1113519068979311 0
3820 0.2085920407810684 0.6433451515799149 0
3821 0.2194551200640408 0.6493432621036273 0
3822 0.7005281252271019 0.2823736717658553 0
3823 0.6914767429980394 0.2771628567433683 0
3824 0.6824379705076349 0.2823922356334451 0
3825 0.6824281732472393 0.2719612794056751 0
3826 0.7096083018314907 0.287588748543968 0
3827 0.6465608648272505 0.03154877419385971 0
3828 0.2590003683185866 0.9587361527501798 0
3829 0.09664448964695574 0.1787685137646452 0
3830 0.8870695376757226 0.3076567239922413 0
3831 0.8871618201896907 0.3189348849304777 0
3832 0.8773732772394804 0.3245699655446086 0
3833 0.8870535350894329 0.3302390782939892 0
3834 0.1253579924649623 0.1952269345135856 0
3835 0.9361566836396286 0.3498149721206786 0
3836 0.9261428022443674 0.3440020730527584 0
3837 0.1465204331540558 0.7431694173041172 0
3838 0.1537877986987237 0.1787772523268389 0
3839 0.8461827110503509 0.178799335350228 0
3840 0.9603461855040082 0.4773607723542758 0
3841 0.9603495861209177 0.4655924059959511 0
3842 0.2003309216073348 0.09905107010370663 0
3843 0.1912825449026537 0.1042402789837415 0
3844 0.1822498120806777 0.09896858949899202 0
3845 0.8743925513550037 0.9608440712011348 0
3846 0.7996678314138606 0.09908194357105543 0
3847 0.8087155052469456 0.1042704217582918 0
3848 0.8177494122439233 0.09900157015107103 0
3849 0.03917526385434185 0.8869164955389248 0
3850 0.04512475038550168 0.897222406562207 0
3851 0.721565374560615 0.9172581738702403 0
3852 0.9661215587512275 0.2978222689977211 0
3853 0.8871137713477899 0.2964243753932337 0
3854 0.370034766570021 0.3707745802728395 0
3855 0.3610980109276961 0.3656404036856427 0
3856 0.4087723379334154 0.1275087648571002 0
3857 0.2169958049775772 0.4856447623577348 0
3858 0.395830329956652 0.02801289451841436 0
3859 0.3868471512220169 0.03303439087523762 0
3860 0.3935594522801578 0.8248308062525765 0
3861 0.3304665196905487 0.775082369441463 0
3862 0.3235820310982803 0.7639511389330359 0
3863 0.3119708688407518 0.763586481840298 0
3864 0.3178904620532426 0.7533456193360097 0
3865 0.306098125241306 0.7532877036752725 0
3866 0.1399590329378987 0.3511313563792727 0
3867 0.1400594306655004 0.3399323134602087 0
3868 0.4926029239727933 0.03319986286347509 0
3869 0.1440913886310169 0.08628045058242569 0
3870 0.153704176642148 0.09226407176351066 0
3871 0.9498336724189664 0.07353034041361943 0
3872 0.9601296542349147 0.07842762658657706 0
3873 0.05016772882415002 0.07353197980079285 0
3874 0.03985729077645243 0.07837872988745917 0
3875 0.9661320344895744 0.2634309502382589 0
3876 0.8124689014141746 0.9611352105864747 0
3877 0.8558736141639092 0.08661390451935391 0
3878 0.8463064308030954 0.09232358458476299 0
3879 0.1484163665955116 0.4344629160042964 0
3880 0.04374606370297714 0.2119912388563688 0
3881 0.7330560160479074 0.4687761858946931 0
3882 0.460588043243563 0.2623335726505355 0
3883 0.8100739491660722 0.3514681624435216 0
3884 0.3360244276112065 0.1483867362061985 0
3885 0.9420220596447557 0.1459053970108004 0
3886 0.9519471281618164 0.1516312807861309 0
3887 0.9618925353299865 0.1458596872559771 0
3888 0.9619351403307774 0.1573914747770345 0
3889 0.1386955095428312 0.4401511470651779 0
3890 0.1385033158725369 0.4515833919570564 0
3891 0.3510107027635656 0.03280128467128546 0
3892 0.3597927584061563 0.03789553594726763 0
3893 0.8773468455095733 0.3358753202289127 0
3894 0.4948471431139934 0.8476958064049462 0
3895 0.5049562461888668 0.8420503055351467 0
3896 0.4535975793139064 0.8479797491328825 0
3897 0.4784829643799479 0.2519100036314413 0
3898 0.9359217235206231 0.2230785506016752 0
3899 0.9260065304666383 0.22885661491092 0
3900 0.9461661458821888 0.2177409693070772 0
3901 0.1962033792372221 0.3395940650919905 0
3902 0.2066641157534724 0.3457817533169126 0
3903 0.2068291008384157 0.3352594944726229 0
3904 0.5769371416447935 0.8477090260992131 0
3905 0.5561266261290982 0.6353440918889086 0
3906 0.5356638127203357 0.8480667420117278 0
3907 0.3875486109086846 0.2896063664408861 0
3908 0.3788615091848702 0.2833542025394309 0
3909 0.2090262009977299 0.7134479740700759 0
3910 0.6173525467049592 0.6353924504221062 0
3911 0.6275508817419163 0.6412897481072171 0
3912 0.06387525553394202 0.2793234131555528 0
3913 0.7625885291387697 0.5087610725114894 0
3914 0.9667395340870257 0.9436406451529402 0
3915 0.9690646599302972 0.06215343531093666 0
3916 0.0309358493239912 0.0621541671863756 0
3917 0.8441724634352004 0.03138648848874714 0
3918 0.1558321525439319 0.03134516794522392 0
3919 0.9638451197699673 0.5538865700026516 0
3920 0.9641850085532775 0.5650910933137943 0
3921 0.8612016806368061 0.4975018434113367 0
3922 0.315698359627368 0.2674480187329281 0
3923 0.7273375382371803 0.9074780213492142 0
3924 0.4306701591128904 0.1090758399709129 0
3925 0.1065033658037148 0.03121884572645697 0
3926 0.8935038459078999 0.03121627799392278 0
3927 0.5049155140445362 0.85396482282334 0
3928 0.648716513363391 0.1454831636770171 0
3929 0.9663512701226799 0.5987750884350312 0
3930 0.9647788564199523 0.6118270272436788 0
3931 0.03796657413018129 0.179578730844467 0
3932 0.8651056818489627 0.2006827846398151 0
3933 0.8554452916836693 0.2058727174149544 0
3934 0.8461086088300593 0.200635489133119 0
3935 0.890888908761149 0.4804760207257694 0
3936 0.4838271394451275 0.02812655429389641 0
3937 0.6787490770029148 0.635399559621474 0
3938 0.6275580910930679 0.6295106226533227 0
3939 0.6377872487727492 0.6354013170898658 0
3940 0.7198133935901883 0.9432631003595642 0
3941 0.8227687299907063 0.967085606651771 0
3942 0.5936077292555115 0.03154885777804353 0
3943 0.5848191688219297 0.03661359715153154 0
3944 0.6023944244334236 0.02648551666053562 0
3945 0.3360111400206648 0.1381715046977738 0
3946 0.2346925439521772 0.2130588743328515 0
3947 0.8460889529183717 0.2115363124078995 0
3948 0.7110020521954978 0.2027487621645599 0
3949 0.7019847264247907 0.1975581731512611 0
3950 0.1106949270755356 0.5528662254202452 0
3951 0.1107287932316072 0.5646189500609071 0
3952 0.2709010609646194 0.2131248172701665 0
3953 0.279958747265008 0.2079148247436527 0
3954 0.2618041971494767 0.2182910490248748 0
3955 0.2801023757163549 0.3287595016498414 0
3956 0.7652482123245576 0.2131951902594829 0
3957 0.03323370097005331 0.8560058818509733 0
3958 0.7314847505012977 0.4573274887866882 0
3959 0.7428422978742332 0.4509067482792258 0
3960 0.7328971022900256 0.4451002175064282 0
3961 0.7428294857005295 0.4394617987631243 0
3962 0.7330139426920071 0.433691053999352 0
3963 0.7429015554540617 0.4281330367819024 0
3964 0.7526227181731988 0.4338092225999312 0
3965 0.7526523678521437 0.4225479373738213 0
3966 0.7623304143548008 0.4281875241461656 0
3967 0.7288765661674442 0.2135105121054475 0
3968 0.7380875432914361 0.2184713400327709 0
3969 0.09631055662464971 0.1894368414618162 0
3970 0.6734994249995797 0.3709477143758582 0
3971 0.7287695578996208 0.8055748907315237 0
3972 0.3611253387016063 0.3759470088783063 0
3973 0.3521837961363963 0.3708158466574327 0
3974 0.3521560871402237 0.3604993642536276 0
3975 0.3432530704865394 0.3657168652702287 0
3976 0.2064716557693637 0.9689935629746547 0
3977 0.5152976534882023 0.6352980330701725 0
3978 0.1177843055950122 0.6143201822653164 0
3979 0.1183729454641665 0.6033099445278873 0
3980 0.9670128180633937 0.955331060017973 0
3981 0.9565976842074428 0.9612455438485228 0
3982 0.9670634985210949 0.9671949156842047 0
3983 0.3415072283781707 0.6761272114202088 0
3984 0.7006058295046966 0.3660611523850097 0
3985 0.7096648760188804 0.3609038585123008 0
3986 0.7095693715978665 0.3502761192738988 0
3987 0.7623356391159174 0.4170562716552511 0
3988 0.09039088880136689 0.6469892390587082 0
3989 0.8312456564885604 0.3569081897147686 0
3990 0.1685904848591105 0.7144273665658216 0
3991 0.2299757734767071 0.7143576479684119 0
3992 0.02985011729609984 0.389883471380087 0
3993 0.5671118120823115 0.05692955063254941 0
3994 0.3591083443835656 0.8246078368160306 0
3995 0.03327272230057723 0.8971942303795554 0
3996 0.03923119538835682 0.9074956990433238 0
3997 0.03442545991423477 0.2301416690550631 0
3998 0.03402253326721263 0.2411426653914772 0
3999 0.6691889158911735 0.8535569992533518 0
4000 0.6574565324698117 0.07883200867138937 0
4001 0.800561302930719 0.35691107068302 0
4002 0.7910998655689068 0.3513692278430114 0
4003 0.8100501450983019 0.3624355493330536 0
4004 0.861995538892789 0.0418657625407909 0
4005 0.8614871228752674 0.03159968780216168 0
4006 0.1380203349112522 0.04180633732369729 0
4007 0.1385485928502551 0.03154057928934727 0
4008 0.5050274943054691 0.2360347349348606 0
4009 0.5146045314775258 0.2311072824866108 0
4010 0.9261214343394841 0.355555901213858 0
4011 0.9819598350277411 0.9909166149413796 0
4012 0.01109649417095792 0.9809520831138883 0
4013 0.9259396324818143 0.2174196890183646 0
4014 0.5681886735142602 0.1888833275988649 0
4015 0.5769310567630616 0.1844151086215196 0
4016 0.5485081500276097 0.2059847561894498 0
4017 0.5393654574353475 0.2107831075704225 0
4018 0.2989594906989579 0.3901048820468322 0
4019 0.7004828191750981 0.3879619899782925 0
4020 0.1494231993119811 0.3343624228379625 0
4021 0.4656283758230755 0.09931812619880294 0
4022 0.4753868416486292 0.09386088797107178 0
4023 0.3331937365365495 0.2583600026149161 0
4024 0.3509938130462905 0.2625622490564597 0
4025 0.361541119880444 0.2671231433940698 0
4026 0.350969969333559 0.05311963723938513 0
4027 0.7822115658898883 0.6820896968737644 0
4028 0.4133999266060545 0.02804471998155714 0
4029 0.703682878045592 0.824861861502769 0
4030 0.7094357923608621 0.8145039753307004 0
4031 0.06004927803094164 0.7009236048684098 0
4032 0.04977325282374238 0.7068907229732118 0
4033 0.0394711441706235 0.7009802084328084 0
4034 0.03951037842115581 0.712860083557732 0
4035 0.7093738274869483 0.6648853030905569 0
4036 0.7094536667362488 0.6531429090768794 0
4037 0.7093443854909098 0.6766379548985162 0
4038 0.7822000342982768 0.6938866433939233 0
4039 0.3210124410359338 0.6527122606595426 0
4040 0.3209926148262364 0.6645003751434547 0
4041 0.2192164707701277 0.6375891284066793 0
4042 0.2297089416966324 0.6434555407376596 0
4043 0.2068563922864893 0.6200851569577566 0
4044 0.1966544915281051 0.6142316290482374 0
4045 0.1966219696112028 0.6024740432768263 0
4046 0.9025169995754208 0.03632549929567244 0
4047 0.09748465029124828 0.03632640826289452 0
4048 0.6890147575752107 0.7357022980100087 0
4049 0.415894445739571 0.277853888795512 0
4050 0.4248427108583764 0.2727030258560146 0
4051 0.4843322524419589 0.8550655529377952 0
4052 0.05427731794673073 0.2064059921766039 0
4053 0.1973431371730276 0.3623192398751743 0
4054 0.6659895335524557 0.0734621323061268 0
4055 0.9160715115199588 0.2231868737645176 0
4056 0.3312513882224628 0.6350521411117888 0
4057 0.3421502701267523 0.05818715548598265 0
4058 0.1524205050200632 0.7330474882115818 0
4059 0.7200777335802782 0.9673673979202606 0
4060 0.8432430915253996 0.7178861500799278 0
4061 0.5315395265638464 0.1385943647617122 0
4062 0.7021020745092177 0.1351759968943218 0
4063 0.6091353649879199 0.9276281596398717 0
4064 0.3160758565897264 0.3712839975205705 0
4065 0.1708419368308027 0.2854685444335197 0
4066 0.2350497829319086 0.8558870563206284 0
4067 0.2529958314158385 0.8662243916732193 0
4068 0.2648970195985998 0.8662360954834292 0
4069 0.2708395441544264 0.8765161335642571 0
4070 0.2767723285249356 0.8662346882174049 0
4071 0.3247216093536891 0.1714117507599056 0
4072 0.5050375570638945 0.6411586911463845 0
4073 0.5734761740107506 0.9276495175957178 0
4074 0.8432366710247072 0.7060510166058203 0
4075 0.546009477287754 0.7356200532424074 0
4076 0.5378229100787699 0.927670991301172 0
4077 0.2715425946468915 0.0375909024309501 0
4078 0.7284671841648952 0.03763613521221416 0
4079 0.03588346149080453 0.1919950507413181 0
4080 0.5255112109796336 0.6294210697382292 0
4081 0.5021640457204801 0.9276932729177345 0
4082 0.7920180710372775 0.1665025457897943 0
4083 0.2079534077889515 0.1663820672932947 0
4084 0.6173493123587676 0.6589587188261843 0
4085 0.3069615043649734 0.08887088511481024 0
4086 0.3158424687678016 0.08377841889926732 0
4087 0.6111729316958121 0.03155719960436024 0
4088 0.5926814204126372 0.2828074619197529 0
4089 0.5837475330808719 0.2776804654434569 0
4090 0.5848995145173757 0.02659212323562502 0
4091 0.5760521455141574 0.03155424218734026 0
4092 0.6930678169612012 0.08889997003143149 0
4093 0.4665044794705397 0.9277145938073521 0
4094 0.8432524010650759 0.7297335605464814 0
4095 0.1582774267159849 0.428793914288999 0
4096 0.1106678766734902 0.5411247855709601 0
4097 0.576707632940924 0.753367326847686 0
4098 0.3248989919708083 0.3558173139270838 0
4099 0.684192471479845 0.08377640810676654 0
4100 0.2096161646328384 0.04232557848712493 0
4101 0.2096735863933125 0.03210414506891171 0
4102 0.5357690910069959 0.7415216877019479 0
4103 0.7903846946925992 0.04236423778373794 0
4104 0.7903269224551428 0.03214344057969209 0
4105 0.2354456056409308 0.09883547091703905 0
4106 0.7645555974961858 0.09884069253451246 0
4107 0.7610472222263627 0.8601274532094426 0
4108 0.7920117596560053 0.735650644213629 0
4109 0.7317114866676209 0.5028056777660883 0
4110 0.7322908428103676 0.5144915569880149 0
4111 0.475017154656814 0.03319265652183148 0
4112 0.6486407588718608 0.08390387731350335 0
4113 0.5393434132918773 0.2210346128158474 0
4114 0.530682182693052 0.2158918645116671 0
4115 0.5049027266073391 0.09245612598428549 0
4116 0.5049337555345277 0.08232058959120572 0
4117 0.4962049013913302 0.08741233539930501 0
4118 0.4308217639487792 0.9277352783282595 0
4119 0.6288095817070121 0.1795015486137665 0
4120 0.6562333668327798 0.1836189255353317 0
4121 0.5304023949735879 0.3704954686402011 0
4122 0.82191558046144 0.3845361867843541 0
4123 0.4397523692379808 0.04330559679253394 0
4124 0.439754664006063 0.0331551618277288 0
4125 0.4485380648059443 0.03823803568959203 0
4126 0.4485416998729828 0.02809658733810272 0
4127 0.4309616989855734 0.02807149863917514 0
4128 0.3712362497594529 0.1898460782124967 0
4129 0.3716931857051883 0.1280529916510871 0
4130 0.3628144060411784 0.1228894857566192 0
4131 0.3716113167750502 0.1172476172234266 0
4132 0.3628309119973841 0.1125376871300978 0
4133 0.347478307996846 0.8249613153124218 0
4134 0.5767187963311521 0.7297326293649917 0
4135 0.1684924261845856 0.6435566563305989 0
4136 0.1520635774266948 0.794261908336345 0
4137 0.1461280222292287 0.8045367326828208 0
4138 0.4428389389831006 0.1899902064669916 0
4139 0.4537636821133595 0.7296128451004398 0
4140 0.2351895048742011 0.8765179459826666 0
4141 0.469613064209816 0.1848948504534272 0
4142 0.4607187413446452 0.1797345452581486 0
4143 0.4696102129307471 0.1745842296561939 0
4144 0.8675993627676586 0.3302143167930216 0
4145 0.6685129006443461 0.6412883255601168 0
4146 0.6685437286616902 0.629504637145373 0
4147 0.2826832781685561 0.8764966970618332 0
4148 0.6914856060947688 0.3710470366202022 0
4149 0.6177393487989471 0.7770541978342467 0
4150 0.5036834864808837 0.3653805538280166 0
4151 0.5125861066263704 0.3705082026347092 0
4152 0.503696855080511 0.3756541204952827 0
4153 0.512595657282783 0.380779370847806 0
4154 0.9153424186263105 0.8661064017678887 0
4155 0.9153404484158449 0.854216801046261 0
4156 0.9050668264337418 0.8601213118076508 0
4157 0.3446991643084611 0.1326396255649156 0
4158 0.03479299693209454 0.7798564242286652 0
4159 0.03528090083468866 0.7918444371315208 0
4160 0.6284766301585647 0.2516996582739046 0
4161 0.6284628186173529 0.2413410950999036 0
4162 0.6195028944309996 0.2465326951098386 0
4163 0.525488440884642 0.7710774099025521 0
4164 0.525504779923234 0.7592482119573553 0
4165 0.5152527356291641 0.7651526379635785 0
4166 0.5152667463118188 0.7533265590677837 0
4167 0.5050148670818934 0.7592292155123568 0
4168 0.5869703804449408 0.7711186302959749 0
4169 0.6977841558189537 0.8350663416847129 0
4170 0.781768417788035 0.7297346980404154 0
4171 0.7817698085972808 0.717905783388237 0
4172 0.4742089835893945 0.7532729342830456 0
4173 0.07650513737521421 0.7680262718387443 0
4174 0.07652393449333544 0.77990542142069 0
4175 0.08680113177090927 0.7739503729221503 0
4176 0.0868202825848835 0.7858267247955308 0
4177 0.5253802717560419 0.6765650653486639 0
4178 0.2193609009676789 0.6607595002559549 0
4179 0.7507476184979469 0.9016784551481091 0
4180 0.1817427947001349 0.9073878908775774 0
4181 0.4412909894165068 0.3294717806280018 0
4182 0.4014612372678777 0.7122805317389319 0
4183 0.3233321587100025 0.8041527809916924 0
4184 0.894735149450451 0.7710971995193284 0
4185 0.2897591459272766 0.6812257912316249 0
4186 0.2409400180164437 0.8045259986259066 0
4187 0.4434399645367715 0.8183383704358846 0
4188 0.2767748025332819 0.8867920421085178 0
4189 0.7906506245101964 0.09390498438421997 0
4190 0.2093500334222536 0.09387146709910056 0
4191 0.750953516755324 0.7948766809681451 0
4192 0.2471125513922623 0.9382527060481012 0
4193 0.07482399438345329 0.9486449052445085 0
4194 0.06887368050430449 0.9588334550288351 0
4195 0.06292275251411832 0.9486379202771613 0
4196 0.05697237473989693 0.9588291524602779 0
4197 0.05102109729227795 0.9486356160522418 0
4198 0.04507032971900365 0.9588286523870539 0
4199 0.03945925976141263 0.9484386450072684 0
4200 0.04514528383053447 0.9383240964579835 0
4201 0.06377420526547865 0.9690488782117888 0
4202 0.3869818784584628 0.04320687346460167 0
4203 0.5049402702987865 0.8302475513375833 0
4204 0.8125079905238957 0.8304512711231503 0
4205 0.3513108884420415 0.7767620195542909 0
4206 0.9151956845452395 0.6880933754136681 0
4207 0.8433678436153218 0.9551951359973014 0
4208 0.8536675499128888 0.9611455177953925 0
4209 0.8512410954173544 0.4917007775667206 0
4210 0.1877748699822786 0.9585418601001441 0
4211 0.4962967489700918 0.2415259964883252 0
4212 0.06969296983554965 0.6593570300922652 0
4213 0.294300568349538 0.8352970381038639 0
4214 0.2528389194988378 0.8456070832442398 0
4215 0.4680281356549701 0.3242808366680968 0
4216 0.8536119234601836 0.8423283750064726 0
4217 0.6978238477007523 0.9172658793000276 0
4218 0.03467179535736069 0.7677758851631109 0
4219 0.104565906572174 0.8559793029291535 0
4220 0.3360372269818404 0.1278961382500662 0
4221 0.8227816487542015 0.8008070674449617 0
4222 0.1196030017788792 0.4186061946795362 0
4223 0.2350622758615138 0.7737749500644915 0
4224 0.4025099920261495 0.7590443213193755 0
4225 0.271330995586926 0.08873086456925233 0
4226 0.4947327453144628 0.3294127947112635 0
4227 0.3832696722027179 0.9071977290720679 0
4228 0.6991522284345102 0.6825666835893538 0
4229 0.7286773248502191 0.08875145111024213 0
4230 0.5493622354315002 0.1386667330792984 0
4231 0.5584553789267463 0.1338304519252907 0
4232 0.2708893606870401 0.9588235466454578 0
4233 0.6583196849965496 0.7179689201619572 0
4234 0.1583080016218372 0.6848827806267104 0
4235 0.7726128808344306 0.5029894199996654 0
4236 0.0510804599812695 0.9075202429231097 0
4237 0.6377595763511698 0.6471776046857773 0
4238 0.5972212133907802 0.824400852933437 0
4239 0.833073918691231 0.9135752776558581 0
4240 0.6787906775422622 0.7061640554425175 0
4241 0.3298838342187682 0.8969331222934145 0
4242 0.4694720834020879 0.1539440655832803 0
4243 0.3622079241387123 0.2260691360833162 0
4244 0.3951725858340409 0.9277614573474265 0
4245 0.1385729181819421 0.545056823211544 0
4246 0.04947400556575107 0.5293432067290299 0
4247 0.0392953600621686 0.5233197485621529 0
4248 0.04947479887006145 0.5175024425668054 0
4249 0.03932109327440118 0.5117204740490233 0
4250 0.1480688068707376 0.4915820722895722 0
4251 0.1380348126498707 0.4973299018565991 0
4252 0.1380289343258068 0.4857648678255266 0
4253 0.128296958186844 0.4915487756012715 0
4254 0.1289174931655153 0.5038442031451278 0
4255 0.1282847054095573 0.480096753960448 0
4256 0.1403592708159414 0.7531760285186405 0
4257 0.951680426688005 0.106033202985793 0
4258 0.1612086623128199 0.2362648293020646 0
4259 0.1179386925699089 0.6259699663345861 0
4260 0.9138011419059286 0.5938987322083362 0
4261 0.04945789997271489 0.5057081057427499 0
4262 0.03927237164771448 0.4998004999607285 0
4263 0.04943704020784014 0.4938876471279524 0
4264 0.039299779129083 0.4878798305255517 0
4265 0.04944046862972935 0.4820850717859851 0
4266 0.03930401818865705 0.4762988592412776 0
4267 0.04959181368520998 0.470477717399941 0
4268 0.03971217434913799 0.4646951418045533 0
4269 0.1580204246424238 0.7839924937664087 0
4270 0.04829009129797002 0.1059095569274922 0
4271 0.5847440752028054 0.1079682233941112 0
4272 0.5937802671082577 0.1131024078174577 0
4273 0.5847502914921161 0.1182007097947819 0
4274 0.2471078476939815 0.9588513190046624 0
4275 0.3067795811241252 0.1817254336530543 0
4276 0.3157353098754817 0.1869278817553375 0
4277 0.3067770979673144 0.1920883698589957 0
4278 0.5837372166371432 0.2879746695527052 0
4279 0.5748112086788504 0.2828463433140123 0
4280 0.7562702525043844 0.2184779107452192 0
4281 0.1480902717205862 0.7026876711736617 0
4282 0.243655303310371 0.2183318642860044 0
4283 0.8433551554891052 0.9076341952257164 0
4284 0.8536562323896609 0.9135774678983056 0
4285 0.8323852954084154 0.6058941692378339 0
4286 0.7819293039289358 0.5648002897267286 0
4287 0.0629721563020903 0.8869094110303632 0
4288 0.06891690660761987 0.876608575457397 0
4289 0.3894246348905737 0.1589501204530089 0
4290 0.3805003924790265 0.1640798650017617 0
4291 0.2980572304283526 0.3611059818091635 0
4292 0.4485454184462391 0.08909955802834575 0
4293 0.6583055000112765 0.7534230186432632 0
4294 0.8018855932552604 0.42880927159879 0
4295 0.7409707034713012 0.788951062745999 0
4296 0.5667386049049409 0.8550780219629146 0
4297 0.2977750633224739 0.3193656379395222 0
4298 0.2889620290756145 0.3141179292161331 0
4299 0.2977450011275752 0.3088841117891216 0
4300 0.2889646582083468 0.3036431579745145 0
4301 0.8871274997061225 0.3415392477854894 0
4302 0.8969578015055755 0.3366394168657221 0
4303 0.4127755083600314 0.8005055172578763 0
4304 0.4230075343034682 0.8064380236584184 0
4305 0.1341882035652078 0.9279787777281374 0
4306 0.1401293853280588 0.9176817297611313 0
4307 0.1282441689005897 0.9176834419648864 0
4308 0.4397044832552622 0.1043399951414154 0
4309 0.8742606455268711 0.9254618432602875 0
4310 0.8413859631795166 0.4403924903448156 0
4311 0.9258790482253031 0.8491083857754862 0
4312 0.4320359750958388 0.8253622504911473 0
4313 0.2448885124040539 0.07319945135106783 0
4314 0.7551179076506125 0.07323697776225396 0
4315 0.9050647341449902 0.8482355731800336 0
4316 0.8947790701712275 0.8541628433678172 0
4317 0.04410369344992018 0.2469238921600335 0
4318 0.03389378621590219 0.2528424809450341 0
4319 0.9050849685591325 0.9314380417362493 0
4320 0.9151837729092616 0.6762562834876752 0
4321 0.4783510465413176 0.1590885134883314 0
4322 0.4872442601214844 0.1539729556105413 0
4323 0.4872379255358432 0.1642306203901902 0
4324 0.4961187444253543 0.1591157432687107 0
4325 0.8948493699747004 0.9492515371377355 0
4326 0.894873225292769 0.9611503877012546 0
4327 0.9051498923700746 0.955199995614434 0
4328 0.396730941950501 0.3346544286133353 0
4329 0.3878166418778434 0.3398197785172579 0
4330 0.1342050007850217 0.9485829663377159 0
4331 0.1401342003465368 0.9587751247079522 0
4332 0.1519318995848435 0.9588106873912263 0
4333 0.3893992955305714 0.1692462511372846 0
4334 0.8938580274194186 0.1179995635421559 0
4335 0.1065029366557811 0.1179721692849545 0
4336 0.8726511902728521 0.5590585554921024 0
4337 0.351362169960291 0.7412884003427025 0
4338 0.3628732468733415 0.7336817645428392 0
4339 0.7094340208254031 0.6883258089164453 0
4340 0.684249324870261 0.1248869785853619 0
4341 0.6842174949702786 0.1352008847058694 0
4342 0.8947778156557538 0.8422786653548993 0
4343 0.8844893409382438 0.8482145417697162 0
4344 0.8844722721300747 0.836348428635751 0
4345 0.2231946641188772 0.855868149594044 0
4346 0.1341877465476942 0.9073862916676981 0
4347 0.1460739430969886 0.9073834933003551 0
4348 0.1401330274575793 0.897089568035962 0
4349 0.1520170935063269 0.8970868835701186 0
4350 0.1460771983768816 0.8867951739231641 0
4351 0.2008057305649155 0.03714763791572646 0
4352 0.7991944541485798 0.03718633201325357 0
4353 0.7327037547280183 0.479856595671214 0
4354 0.3157719799041784 0.2986392213683609 0
4355 0.9675080722141945 0.3205420284224926 0
4356 0.3590824625978684 0.7022055500516875 0
4357 0.3650922367923117 0.7122023967359052 0
4358 0.9559689908412811 0.2230090726579097 0
4359 0.9562099334769849 0.2119508764301816 0
4360 0.5392076272155001 0.2933223040295606 0
4361 0.5302933022773393 0.2984882829233113 0
4362 0.5302988063630119 0.3087763721060688 0
4363 0.5213815330496072 0.3036453865143814 0
4364 0.1282425208034988 0.9588286576100097 0
4365 0.5869473263171209 0.7474623172325461 0
4366 0.3246742760670885 0.02746631324422595 0
4367 0.6447965821598672 0.9276226906768537 0
4368 0.1878621525888004 0.4686378859162108 0
4369 0.9254371827841785 0.6821161982325112 0
4370 0.8330121965678737 0.7001506373858539 0
4371 0.8432281433518911 0.6942550769300038 0
4372 0.5481298314251728 0.2881596517921918 0
4373 0.9561779315255917 0.291846397873304 0
4374 0.6685704815021436 0.9276094744948714 0
4375 0.841225091090424 0.4068721990822204 0
4376 0.703881286524776 0.9274686032581499 0
4377 0.297744356736782 0.2984024559501966 0
4378 0.2889652176474852 0.2931628466328638 0
4379 0.2977423580811717 0.2879214994358914 0
4380 0.1398301283495602 0.3280343080822822 0
4381 0.9000033460964302 0.395956468331678 0
4382 0.216933182755191 0.2251202007884724 0
4383 0.7828345146362701 0.2250721681779478 0
4384 0.1685663134563597 0.4012552554533031 0
4385 0.2621398596454751 0.1455355029012999 0
4386 0.0378665249692628 0.1683029253358153 0
4387 0.9624110400178355 0.5882955249530504 0
4388 0.568596354819961 0.150706627247733 0
4389 0.6734303628312628 0.2771894172079017 0
4390 0.67342159815591 0.2667671581017664 0
4391 0.6823676513665271 0.2616135310254292 0
4392 0.03824069973643172 0.1342492598712937 0
4393 0.6177067500932577 0.7652235221734754 0
4394 0.6278949843955843 0.7711128210910347 0
4395 0.6576405596695543 0.1506187744622584 0
4396 0.6273532565199322 0.8550345707983669 0
4397 0.6929845388652844 0.02763181305971458 0
4398 0.7018602355380337 0.03267192650220128 0
4399 0.05988729038946362 0.4302487045733909 0
4400 0.04975883827536271 0.4360418713230647 0
4401 0.04982239644469819 0.4244424548778671 0
4402 0.03975313478324236 0.4301450282242783 0
4403 0.7720003344744895 0.4226839568609866 0
4404 0.7720112190125634 0.4338315266048586 0
4405 0.9748695933899555 0.3034177716507794 0
4406 0.6463934856319077 0.2413335705740715 0
4407 0.6553484279548399 0.2464427771873158 0
4408 0.5748804528583441 0.2725766273530185 0
4409 0.5659158834746529 0.277792001892781 0
4410 0.7617043014689466 0.5764735133999732 0
4411 0.288442711709685 0.2831488728783324 0
4412 0.296640848585026 0.2770024265440583 0
4413 0.3476424614061639 0.9483717402513152 0
4414 0.3302263928109626 0.9586766876577438 0
4415 0.3357663617041813 0.9277940769825214 0
4416 0.3299427853359462 0.9174653334915699 0
4417 0.6016449612385026 0.2570051519095756 0
4418 0.5303775966726127 0.3807267901999762 0
4419 0.9130019343049744 0.1620550115957676 0
4420 0.1380853047230377 0.4742359897189777 0
4421 0.1287051004103356 0.4690317161224469 0
4422 0.6195110888988702 0.2362205780952462 0
4423 0.6284731750171054 0.2310343449343207 0
4424 0.9763092151005486 0.2576034635221102 0
4425 0.610530908278239 0.2413686674573984 0
4426 0.3413384477941869 0.7472798532213596 0
4427 0.9399698754327748 0.5008341298751531 0
4428 0.9501427327614108 0.5067404846594266 0
4429 0.9603535269424313 0.5008680833932579 0
4430 0.9596063431667705 0.5150167614941641 0
4431 0.9298051137464477 0.4949370853090381 0
4432 0.9660205185902196 0.2171947472478546 0
4433 0.9663190669355762 0.2061742209919746 0
4434 0.7332191223415419 0.8357362683508784 0
4435 0.235918913649547 0.07825270372413809 0
4436 0.7515020229507032 0.582376027273637 0
4437 0.5457405088919258 0.85368799359002 0
4438 0.7640842095299126 0.07828474259735282 0
4439 0.6360710201678397 0.1631681472869115 0
4440 0.03995853608651491 0.4185656173071291 0
4441 0.967167759848595 0.3444780414915228 0
4442 0.9662638429608124 0.3563179184599458 0
4443 0.9562457228890976 0.3616907337896101 0
4444 0.9663933648673351 0.3674647039545983 0
4445 0.9562307583564388 0.3733105772604847 0
4446 0.9666106284993541 0.3791919159992508 0
4447 0.09278746678634071 0.365243946282871 0
4448 0.08242608798825625 0.3598950497682864 0
4449 0.5531994737914878 0.02773840543738362 0
4450 0.5451932849191504 0.02297404506350038 0
4451 0.8675623153221395 0.3414707853882581 0
4452 0.8561462873563824 0.3356911088643869 0
4453 0.03147756287438694 0.9583155816447176 0
4454 0.4636540143623571 0.853567866631278 0
4455 0.4414293795817564 0.3808059277005015 0
4456 0.4502779441832382 0.3757245266302496 0
4457 0.1979894721904382 0.4973329097251138 0
4458 0.8606142401899551 0.429778839522693 0
4459 0.5758167618916121 0.0221121834817593 0
4460 0.7646504224526816 0.3954210746565549 0
4461 0.6732892748906443 0.2564819841046399 0
4462 0.9560462385102424 0.269190964701405 0
4463 0.03306183339578279 0.2843882964293226 0
4464 0.03328175513299846 0.296303859209995 0
4465 0.02924782114293489 0.5530850836722055 0
4466 0.3432097781098849 0.375906768803452 0
4467 0.8652326750484902 0.08070360695041948 0
4468 0.8753864580221962 0.08529742796481721 0
4469 0.1344518650674728 0.08001090679886086 0
4470 0.1253514587494165 0.085827407665586 0
4471 0.9675605061686001 0.2861052295103621 0
4472 0.03986602735851216 0.441530776501496 0
4473 0.3598704068883137 0.02784584146222882 0
4474 0.02948822776199989 0.5175480042859968 0
4475 0.7019673054863104 0.2079800367146128 0
4476 0.1821313593876874 0.1093161266889831 0
4477 0.1731793891469039 0.1040570004072187 0
4478 0.1732151728872546 0.09365465049883384 0
4479 0.03201880493104733 0.9368596500815404 0
4480 0.4211830274394207 0.1154646752148029 0
4481 0.9065422684890097 0.2861829380329421 0
4482 0.8178687288553423 0.1093472053827874 0
4483 0.8268184222730794 0.1040871941425781 0
4484 0.8267839605971892 0.09368815259722808 0
4485 0.9520904676245951 0.1631652656979342 0
4486 0.9619865397189904 0.1689474595655583 0
4487 0.674564911331229 0.03741081076296905 0
4488 0.209337038486534 0.1042802166943719 0
4489 0.7185757185977633 0.355492231897121 0
4490 0.7185128427760877 0.3451031890287817 0
4491 0.6650923677173478 0.0523295319852134 0
4492 0.05675644590105042 0.7933480010086572 0
4493 0.7906638307756532 0.1043135673517425 0
4494 0.7005219124658744 0.2719214135810664 0
4495 0.07735207957404751 0.1684563566676752 0
4496 0.9051771547930377 0.9671007960449303 0
4497 0.9154539754484069 0.9611498035196335 0
4498 0.06209446701219318 0.3486692637483191 0
4499 0.05248388238434938 0.3423554091866122 0
4500 0.05323284564444306 0.3306728504978823 0
4501 0.04302366503332612 0.3362887606831234 0
4502 0.04327816921296856 0.3248383848127575 0
4503 0.03324194821173961 0.3303774001258697 0
4504 0.03290759041851709 0.341100036311083 0
4505 0.03327723322209663 0.3189893357644272 0
4506 0.1979963188792909 0.5089054684573513 0
4507 0.02945743522775778 0.4820969979507519 0
4508 0.5481932605372467 0.3807087788752477 0
4509 0.5571081209146806 0.3756045547502903 0
4510 0.7396363664885022 0.9662042679786854 0
4511 0.8433861981776323 0.9670567627961232 0
4512 0.9666977827825582 0.6585269882576691 0
4513 0.9667502547587448 0.6704007341049725 0
4514 0.9662113494824247 0.6467409371806749 0
4515 0.9615159376965701 0.1001086394409708 0
4516 0.72843096903973 0.02746929811447166 0
4517 0.7372055773240237 0.0223620520998923 0
4518 0.1908561037682196 0.1143739611511486 0
4519 0.8091436718759019 0.1143949273936354 0
4520 0.6298053136181074 0.09394167268400985 0
4521 0.2715799918965066 0.02742522234204892 0
4522 0.280357427234215 0.03253283753195951 0
4523 0.2628123711417244 0.02230686732222106 0
4524 0.6890360266848277 0.629650788478441 0
4525 0.6991098763149004 0.6354308372477611 0
4526 0.9701510154423503 0.507164622021565 0
4527 0.6554308676976475 0.02659746428637963 0
4528 0.1865383536324978 0.6085235173352262 0
4529 0.1864984590193294 0.6201643854921783 0
4530 0.2258778036514964 0.197484727516208 0
4531 0.2257978661286 0.1867556282943579 0
4532 0.2346767898190606 0.1815020379250201 0
4533 0.2256744951989669 0.1761911326817145 0
4534 0.2346841239404571 0.1709706051012319 0
4535 0.6982249165100194 0.9585231424286693 0
4536 0.9504845544787197 0.08439150498738004 0
4537 0.04949473910527178 0.08436595313268011 0
4538 0.9705566652574604 0.5185881688781966 0
4539 0.03844197023943169 0.09996343267596713 0
4540 0.3705173701487933 0.7023142931275752 0
4541 0.3767818919428726 0.7123154299033541 0
4542 0.1386226344770411 0.4288039167307929 0
4543 0.08693924193951497 0.9690181026286148 0
4544 0.09866200750469228 0.9692308834242629 0
4545 0.1462919671972187 0.9689168859411845 0
4546 0.1584059389415554 0.968791486820882 0
4547 0.197916761130739 0.4857787576993038 0
4548 0.6076826878278048 0.8530754437048303 0
4549 0.6744339898168843 0.0272458325012384 0
4550 0.2651896575889939 0.9688735966107087 0
4551 0.2768788602684533 0.9690893263697429 0
4552 0.3015943551996749 0.9690904019213837 0
4553 0.3246182797814773 0.9688170735809816 0
4554 0.3362806309570714 0.9691073773118219 0
4555 0.6977445366394617 0.8148273129973509 0
4556 0.3107755774311548 0.6585795880319048 0
4557 0.3108140493014517 0.6703011497238941 0
4558 0.4572660286986637 0.1044089979183074 0
4559 0.3955395549007719 0.1094974688304636 0
4560 0.3870622440067547 0.1043540184736292 0
4561 0.1395209849678993 0.7328878175092118 0
4562 0.5191933240172297 0.0692731075025793 0
4563 0.5278592339147639 0.07388331053824954 0
4564 0.5360035175737841 0.06819818058058515 0
4565 0.8704693712110996 0.4354956667455959 0
4566 0.8803680477979705 0.4298103708685748 0
4567 0.8804189809323267 0.4411558384357948 0
4568 0.3595852841143264 0.9688306822549522 0
4569 0.3720332165760599 0.9688490441250943 0
4570 0.02983516680305025 0.4014037040585378 0
4571 0.621313671762119 0.09895488691155631 0
4572 0.6930605998200621 0.968814483831721 0
4573 0.8511046660751584 0.5030674206718495 0
4574 0.8412098013764645 0.497411906065449 0
4575 0.8410811391605562 0.5087705274631197 0
4576 0.8312125264368957 0.5031291432621343 0
4577 0.8312711348991679 0.4916454536213057 0
4578 0.8212828095031803 0.4973707979022773 0
4579 0.821394302219273 0.4858777534854909 0
4580 0.8114309571313179 0.4915816279681122 0
4581 0.8313430474888289 0.5146653747201064 0
4582 0.8114104215793818 0.5029187062439309 0
4583 0.8014871814295151 0.4972580070289403 0
4584 0.7726260452882956 0.5142336896377356 0
4585 0.03008320094018947 0.42367431770674 0
4586 0.6661073317120807 0.1664299246475412 0
4587 0.9444887149606664 0.6119165243429127 0
4588 0.0292518639160689 0.6357415642707502 0
4589 0.02907388686957755 0.6476169270642733 0
4590 0.02930450651148268 0.6237964174305968 0
4591 0.03933527829928929 0.617906455615416 0
4592 0.02909476676617686 0.6119101592777013 0
4593 0.03928967427686805 0.6060303215838634 0
4594 0.02920932159676936 0.706945636463357 0
4595 0.02969397200776941 0.6952484680142922 0
4596 0.02920467463254892 0.6001065988256175 0
4597 0.03929923219921135 0.5941831703085169 0
4598 0.02907753291157231 0.5882521394270785 0
4599 0.03930631942518929 0.5823884907050408 0
4600 0.02907162393427296 0.5764027604234986 0
4601 0.4128134127644802 0.8233410828875715 0
4602 0.9701892279991193 0.4950451116476204 0
4603 0.03029817642258045 0.3776291510192412 0
4604 0.1534026579555448 0.08141576761015593 0
4605 0.2415894490037105 0.6810467877389806 0
4606 0.2472815709900136 0.6907956177460883 0
4607 0.8466346795833376 0.08158422370862274 0
4608 0.06406726879348479 0.258273315310013 0
4609 0.07402546112479948 0.2640277208779617 0
4610 0.08395583838873394 0.258302636835039 0
4611 0.08396136766973891 0.2697346789133411 0
4612 0.09383766019148324 0.264025594611612 0
4613 0.09387073225722307 0.2752999306565897 0
4614 0.1036795786711308 0.2695248725751637 0
4615 0.7990775147787429 0.0270793837676666 0
4616 0.8079925202290894 0.03203726222878721 0
4617 0.2009240731032745 0.02704298552173989 0
4618 0.1920075254845477 0.03199903956795268 0
4619 0.9164322283261852 0.3495386820769193 0
4620 0.9162899314625307 0.338181654017085 0
4621 0.7817070085252228 0.4283032245667595 0
4622 0.5663345076252729 0.6294650290057173 0
4623 0.2979500115380072 0.3713919871064386 0
4624 0.6071548366385714 0.6295315487398607 0
4625 0.02924042220564234 0.7188305633272077 0
4626 0.2177591519098256 0.3018649155867149 0
4627 0.2184799949630252 0.3132672265506531 0
4628 0.2177281025926062 0.2910577644553692 0
4629 0.3724442484346213 0.8240373789708892 0
4630 0.02302210526039442 0.3247419026786744 0
4631 0.3687047450850822 0.03288782451675933 0
4632 0.3688332605310009 0.04305524025444564 0
4633 0.1898604724845422 0.2747682634292782 0
4634 0.1992571670449871 0.2693749824125378 0
4635 0.2086105723159786 0.2748089062734767 0
4636 0.02842512285060583 0.1734761920190504 0
4637 0.1032212042166149 0.3706278609796028 0
4638 0.1131489380397614 0.3648787857989717 0
4639 0.7226389497298773 0.4739196524200774 0
4640 0.3514202782373178 0.02320062784906227 0
4641 0.04395923120221522 0.257783072479312 0
4642 0.7824944412173347 0.5084925892223454 0
4643 0.3515881314745478 0.6819603784679904 0
4644 0.2885138177043647 0.6002484543834143 0
4645 0.03335518379797605 0.273208731470767 0
4646 0.3156683730097667 0.2584310344203929 0
4647 0.4782155533185631 0.2622432445989626 0
4648 0.7195573964665188 0.6707314053259106 0
4649 0.5049708255999245 0.245432798964384 0
4650 0.9462817105651935 0.3671011575624199 0
4651 0.1867025831957726 0.5967620503531139 0
4652 0.1965854882941674 0.5907211310350325 0
4653 0.18660276244249 0.5848599659203064 0
4654 0.196580799831242 0.5789851735941073 0
4655 0.186473955200803 0.5731336513051871 0
4656 0.1965549166116189 0.5672635694906722 0
4657 0.186443814287031 0.5614208340918309 0
4658 0.1964948551005298 0.555556463661381 0
4659 0.7509280611667688 0.8663404855312637 0
4660 0.8369676064090755 0.2061002508233509 0
4661 0.8368255368558548 0.2168614584019808 0
4662 0.8368468661666288 0.1948356276029134 0
4663 0.3343199541711572 0.3708837342135481 0
4664 0.3342760349161107 0.3810720191989985 0
4665 0.1537978047379559 0.167935771528873 0
4666 0.1443831823703345 0.1624200476984946 0
4667 0.5305665506370658 0.2261915046173819 0
4668 0.8461834406106831 0.167944048859196 0
4669 0.8555671607407774 0.1624431669693365 0
4670 0.6646822880571677 0.3758875034707371 0
4671 0.5137188129636173 0.2192570554385934 0
4672 0.7094803090769868 0.7120804518055643 0
4673 0.7095022975455257 0.7238540431580132 0
4674 0.2401499443853277 0.7085295017063531 0
4675 0.3509512204731571 0.06329708563297083 0
4676 0.1190789960872266 0.4867903184658873 0
4677 0.216150429189021 0.3404273026217981 0
4678 0.2162135097469696 0.3516378206894902 0
4679 0.9719380060201596 0.1515826954536062 0
4680 0.6284807339269779 0.3654395928898103 0
4681 0.6284440203136559 0.3756587575180473 0
4682 0.9161210416689824 0.2346854583541982 0
4683 0.989395682697034 0.2445335150260236 0
4684 0.719618141421192 0.03258591846874033 0
4685 0.6465888779570392 0.3450738305144939 0
4686 0.6376242626288222 0.3502247181954038 0
4687 0.1878064782032798 0.3790540957066673 0
4688 0.2804092643428315 0.3075843636482016 0
4689 0.4947406714808079 0.6589463407760472 0
4690 0.4946113304229336 0.6706298663310586 0
4691 0.115388059809362 0.02638704713620179 0
4692 0.8846244902619774 0.02638402507086116 0
4693 0.8425353698730984 0.6117440747274687 0
4694 0.8323807775732405 0.61764533387202 0
4695 0.852778696752255 0.6057772685763235 0
4696 0.4573466483439954 0.03317935887159686 0
4697 0.4573231444306381 0.02306364240092901 0
4698 0.6583422262563228 0.6353876185603957 0
4699 0.3651115486746863 0.8136055595444285 0
4700 0.09382409911949655 0.2525597611859239 0
4701 0.4607218014444121 0.1694345576281163 0
4702 0.8535068395834303 0.7237463617300747 0
4703 0.112602788277757 0.3306261094882578 0
4704 0.3069741686143311 0.07860081191301252 0
4705 0.3804484189537182 0.1743818245902106 0
4706 0.6734162066480477 0.287611106411279 0
4707 0.3398951460407159 0.7943038937785327 0
4708 0.6015433131126202 0.3805033666173332 0
4709 0.5924509812236276 0.3860066648056619 0
4710 0.5838281090120705 0.3807930701671414 0
4711 0.6930392526852013 0.07863950885882232 0
4712 0.7924381396948401 0.6998120721858473 0
4713 0.6555535160785289 0.3399186691029488 0
4714 0.02900984063013776 0.1273673892622618 0
4715 0.02844205462824429 0.1387102583933411 0
4716 0.2361969895397714 0.0373673171099745 0
4717 0.2362348902599482 0.02717677170450845 0
4718 0.7638066543959707 0.03742008704734148 0
4719 0.7637653212944382 0.02723035921648322 0
4720 0.5664628753890754 0.7238062831844851 0
4721 0.5759934140614045 0.04169115721400727 0
4722 0.451818996301235 0.1745736416062239 0
4723 0.2707927788334893 0.8559408253477462 0
4724 0.2826453813583358 0.8558928607963409 0
4725 0.2535168200050739 0.08861050752885952 0
4726 0.8612530107848744 0.3604753497997679 0
4727 0.7713412554340342 0.8541854546459566 0
4728 0.7816038482233653 0.8601312660576961 0
4729 0.4045562318162727 0.05339924095503194 0
4730 0.2800389313107287 0.2876592860929514 0
4731 0.7512558137655878 0.855360441278979 0
4732 0.6016363933213219 0.2879696141968482 0
4733 0.746484120447129 0.08862927431045875 0
4734 0.6219075029155895 0.109488092625899 0
4735 0.3002041173256073 0.7635044878663785 0
4736 0.2942859738264708 0.7532619008689737 0
4737 0.3001926370340799 0.7430248826709873 0
4738 0.5660226065513475 0.3601996387587018 0
4739 0.1005659080995772 0.5705279206544316 0
4740 0.1107654817125941 0.5763803203987304 0
4741 0.1461358711294826 0.8251096141813068 0
4742 0.3416909103189072 0.8352823365983127 0
4743 0.5049992129025577 0.771055632194664 0
4744 0.4947650340107075 0.7651315742055146 0
4745 0.6750334334996685 0.1508922364156847 0
4746 0.1579587373857613 0.8867926585849382 0
4747 0.1639018283014007 0.8970859427380949 0
4748 0.430254045838487 0.8663197813405821 0
4749 0.3001893679248413 0.7840064660803956 0
4750 0.4784961777854475 0.2312717258769852 0
4751 0.8741839754495562 0.842288395918558 0
4752 0.02899712831536239 0.1052229929972499 0
4753 0.02857357162632526 0.0941101347484893 0
4754 0.5664852188317505 0.7829442455710909 0
4755 0.9153685613812981 0.8779506376558843 0
4756 0.09314935810524066 0.9793818895452159 0
4757 0.4858294869901172 0.3242732034904004 0
4758 0.4947310981039331 0.3191252383808684 0
4759 0.4536604860640311 0.8124296000275818 0
4760 0.2799165210652338 0.1973966478774945 0
4761 0.2889523091107647 0.202620031735942 0
4762 0.4129567652667193 0.9174656971362781 0
4763 0.7610264915364949 0.9076226514217353 0
4764 0.03926236867446077 0.9689977693126395 0
4765 0.0273219657411897 0.9700142277556929 0
4766 0.9464463338570597 0.9076842939692462 0
4767 0.9568546404362086 0.9019956977118134 0
4768 0.4695756500801712 0.2261057741069268 0
4769 0.1876864572512564 0.7737819550211773 0
4770 0.5767179734869656 0.8243913317891769 0
4771 0.6790981188487559 0.8121685805228478 0
4772 0.9709620317632256 0.105355538039247 0
4773 0.9713773621268249 0.09424604105030579 0
4774 0.5562719003283374 0.6237933305917901 0
4775 0.5460780028441399 0.6297093226328128 0
4776 0.9765775363321723 0.3616305967777103 0
4777 0.3686473586465485 0.2871926166970602 0
4778 0.5213924437818511 0.313938320458597 0
4779 0.5124942095436962 0.3088088165222027 0
4780 0.3535844751505752 0.8969305009605484 0
4781 0.4961354921081171 0.1488519632656222 0
4782 0.5050098778075005 0.1540597296397156 0
4783 0.4309316166138795 0.08909781227787175 0
4784 0.5749074214865111 0.3035741588139296 0
4785 0.229393219517519 0.9484005502882829 0
4786 0.2233756380638973 0.9382334285445975 0
4787 0.1284949930045498 0.5969682381239925 0
4788 0.6484971481878739 0.8421295505821624 0
4789 0.6492630972505782 0.8550119606649225 0
4790 0.1520370635292573 0.8765064436274986 0
4791 0.3877675118813853 0.3295295264948482 0
4792 0.289027805666825 0.1300216762284518 0
4793 0.587005917522083 0.8421066015280192 0
4794 0.5885718011051745 0.8549273842712752 0
4795 0.6111975929838622 0.08243766629589186 0
4796 0.2532079334687016 0.1402918658359676 0
4797 0.2530811575470855 0.1505197061978327 0
4798 0.5151973001206663 0.8361927971496584 0
4799 0.5152018324671197 0.8243407038463344 0
4800 0.2714333344477108 0.9792692248621868 0
4801 0.5582331399688815 0.1233417725020465 0
4802 0.5673473323017634 0.1287483355793088 0
4803 0.7110070114384285 0.1299998898857 0
4804 0.7110209592855014 0.1403517971285944 0
4805 0.07486433977341422 0.8869018146994478 0
4806 0.7468364337865666 0.140314625079857 0
4807 0.5226927954259202 0.1334922490723959 0
4808 0.5226886599741091 0.1437361497446626 0
4809 0.9565427923211122 0.3849050000038961 0
4810 0.9666462310267436 0.3905470751110893 0
4811 0.6664684280709275 0.1248822143278178 0
4812 0.3442346673799211 0.2260334306429328 0
4813 0.9152207208966923 0.6999145119175579 0
4814 0.9049483767863938 0.705871753923363 0
4815 0.3410920509636667 0.8067868969173776 0
4816 0.1462298603483794 0.7634880088936012 0
4817 0.6105885410441008 0.3447242782642223 0
4818 0.619514663715246 0.3395550206757358 0
4819 0.3699988222139963 0.350167734314212 0
4820 0.04513069134312016 0.917820331487019 0
4821 0.03359574364135173 0.9173444617672359 0
4822 0.05702259511655089 0.9178079534515047 0
4823 0.3868117968181192 0.09413544837614571 0
4824 0.6824667577378422 0.3033015194402614 0
4825 0.6644055370835169 0.2825273044121713 0
4826 0.229086989424068 0.8045245601411131 0
4827 0.2231644040403959 0.8147916462431565 0
4828 0.2350252754462067 0.7942634773022264 0
4829 0.8020178142114034 0.576544449829128 0
4830 0.6554936823509323 0.2361894900855095 0
4831 0.1880339052850506 0.5145952574497192 0
4832 0.1974352175023673 0.5205001559395984 0
4833 0.6554364734733633 0.2982319991282185 0
4834 0.7431873390976996 0.4172322208642455 0
4835 0.3431538403244357 0.3554712371759155 0
4836 0.4056337682241742 0.3295027690033414 0
4837 0.4145726171370724 0.3346503069855143 0
4838 0.9234094585069725 0.5648955574407977 0
4839 0.7469818776030691 0.171484058367578 0
4840 0.7560002495774505 0.1662324995321957 0
4841 0.737969606639862 0.1767083680763533 0
4842 0.3308803125845869 0.9792467466250641 0
4843 0.679850482307515 0.8467008633739233 0
4844 0.6791033764519563 0.8597459490020256 0
4845 0.6071997645205378 0.7474824456866536 0
4846 0.7005601460982562 0.3346420095820289 0
4847 0.7095462657930582 0.3298561153637414 0
4848 0.9708520030661334 0.1395005931231771 0
4849 0.1396446413213447 0.3622940227431765 0
4850 0.07000162456772011 0.4244867823394004 0
4851 0.0977837085147438 0.02617994268213675 0
4852 0.08858646780265263 0.03103986589193508 0
4853 0.9022306611733164 0.02617641769754335 0
4854 0.911416446551397 0.03103867160472351 0
4855 0.943785048959963 0.5649986387771573 0
4856 0.3121884014527917 0.8866618412353282 0
4857 0.3062288556337636 0.8763659791794967 0
4858 0.2799438832686795 0.1557835094595856 0
4859 0.3683557920414399 0.0234351803598962 0
4860 0.5568830710945689 0.3854393537073253 0
4861 0.5659899978443577 0.3806721059188982 0
4862 0.4319793463297728 0.8465681098175726 0
4863 0.896805311294258 0.3024342222687877 0
4864 0.7559338669759591 0.1558386189469294 0
4865 0.7649926535632516 0.1610327673814756 0
4866 0.7650804283337789 0.1714170617867436 0
4867 0.5048958731172083 0.6297451463203652 0
4868 0.4948476240850891 0.6353108300560054 0
4869 0.4945333510634174 0.6236564867052492 0
4870 0.4848051850556647 0.6292019361491807 0
4871 0.5839906469755752 0.2571276358052358 0
4872 0.6803799441659606 0.9275563804467213 0
4873 0.7741022984167618 0.1661921839380145 0
4874 0.7739978453197434 0.1767129536665102 0
4875 0.352113903922643 0.3502407560459876 0
4876 0.08715908415585956 0.1842347300497123 0
4877 0.9561591370316477 0.6763423366529946 0
4878 0.9665195419468309 0.682243539452247 0
4879 0.9775930253499387 0.6765514475522243 0
4880 0.8508344583807823 0.4239433745128429 0
4881 0.8902322025262707 0.4355181116601171 0
4882 0.8902138697589317 0.4470004119493643 0
4883 0.8901975365227269 0.4241632154224849 0
4884 0.8625732446039708 0.5882806171199262 0
4885 0.8624822020593319 0.5766270259812855 0
4886 0.6193579569718702 0.3804816669064607 0
4887 0.02839818521235721 0.1621356711457248 0
4888 0.1308663465766162 0.3556026075046931 0
4889 0.6196328095704502 0.2259934876725682 0
4890 0.05988810220671319 0.4535003582761826 0
4891 0.1480996724563706 0.7144600661919512 0
4892 0.3416802487997262 0.6295546506090723 0
4893 0.3516759215360701 0.6351454275108794 0
4894 0.6824309031886082 0.2515408113580623 0
4895 0.01999022344314575 0.3945379895147292 0
4896 0.4507067929610499 0.3853669766360523 0
4897 0.459282679686528 0.3806858644972492 0
4898 0.7724883680018021 0.02222634903863696 0
4899 0.4328127288771442 0.3854638162860718 0
4900 0.42365128783823 0.3807778786888503 0
4901 0.2275144314904919 0.0221868776936333 0
4902 0.1867656720892751 0.5498318720177151 0
4903 0.1965908548851225 0.5440213747898184 0
4904 0.2892498312510147 0.3654287449421057 0
4905 0.1065956775412568 0.1959606276545159 0
4906 0.7741864525789942 0.2083754246741394 0
4907 0.7743095040746218 0.1978681964564784 0
4908 0.1395499617758625 0.05215458987936045 0
4909 0.8636031142075186 0.05101081253277381 0
4910 0.1209311124058354 0.570468487280607 0
4911 0.3881016321506076 0.3806832904921456 0
4912 0.3972386582764514 0.3860229741296948 0
4913 0.4057931799534917 0.3809691870052838 0
4914 0.7817695252814308 0.09898735665221736 0
4915 0.2182303797888009 0.09896136864792987 0
4916 0.9405416567960729 0.07883566418099182 0
4917 0.0594554966728725 0.07883209895662968 0
4918 0.5686034487704844 0.1609873128468527 0
4919 0.3247411751727704 0.1610677777864083 0
4920 0.5765794994560399 0.1750457223134481 0
4921 0.5855178161986065 0.1799612827986111 0
4922 0.8615103698327959 0.5084422395464108 0
4923 0.3325856796445668 0.6219027566758993 0
4924 0.01039672326330054 0.01731357752078345 0
4925 0.9896231908434353 0.01726424445905769 0
4926 0.2256651989447656 0.1657304131421841 0
4927 0.2347170965357887 0.1605089591589034 0
4928 0.243757050943224 0.1657738365944431 0
4929 0.2295346078085984 0.6316849476984976 0
4930 0.2399166203566396 0.6375212638021907 0
4931 0.2399087143921516 0.648879757777959 0
4932 0.8005904096608562 0.3676807154413281 0
4933 0.1290287482273418 0.4348894141069247 0
4934 0.1630752726148579 0.1728217142685118 0
4935 0.1630719296125137 0.1835073665482412 0
4936 0.9705484619461763 0.471478485169063 0
4937 0.9705460297553602 0.4596882893415102 0
4938 0.9603463613260321 0.45382828902063 0
4939 0.9705281404845452 0.4478976423915209 0
4940 0.960330976484892 0.4420457149644204 0
4941 0.970508822100827 0.4361154398132954 0
4942 0.9603258009147582 0.4302784512114557 0
4943 0.9703984712451532 0.4243443731162306 0
4944 0.9603443501034297 0.4186564973316017 0
4945 0.9701348311250533 0.4127538864451551 0
4946 0.387054689885469 0.02292915653134102 0
4947 0.3948319563284135 0.01734998829085671 0
4948 0.8369053285856953 0.1728289955383894 0
4949 0.207568934930848 0.5031025483207987 0
4950 0.9903605994293501 0.3154727527531833 0
4951 0.9011688688700565 0.5090258380174533 0
4952 0.8914174920422272 0.5150134610650968 0
4953 0.9108007116072665 0.5037825130702952 0
4954 0.0874200758354733 0.6689219672846822 0
4955 0.7333799363949344 0.9184576487036541 0
4956 0.7032656948034678 0.8052713752674389 0
4957 0.1084772714634627 0.6210889892384073 0
4958 0.8523295262472911 0.9712292138340504 0
4959 0.762352716495777 0.5197714917151088 0
4960 0.6110616531183655 0.02161718895896975 0
4961 0.6198896705138348 0.02670136414070881 0
4962 0.2159840646977244 0.3299802932712617 0
4963 0.2061996240944062 0.3243182084492072 0
4964 0.3335341066304469 0.02308546874408231 0
4965 0.880398012095565 0.4525212403978883 0
4966 0.8902691448432307 0.4585246938424025 0
4967 0.8563288494835751 0.2157783753835393 0
4968 0.492938646380979 0.02352386321190613 0
4969 0.5014671871167165 0.02822938327892114 0
4970 0.4843731477102817 0.01750330033243444 0
4971 0.1004570946986622 0.640199082642174 0
4972 0.1004888789531532 0.6532486953691294 0
4973 0.05886400017573327 0.7121162983418353 0
4974 0.9292791930723185 0.5074299774512464 0
4975 0.8112181811193452 0.9726387223202519 0
4976 0.8011704245309096 0.9667802688930413 0
4977 0.8218115348720472 0.9795571920617826 0
4978 0.03902756468220794 0.7247457929864375 0
4979 0.02927443914173532 0.7307173669180972 0
4980 0.9579877412000093 0.3960944604576415 0
4981 0.3519543979759237 0.6238466094109576 0
4982 0.3617668575525806 0.629348293825835 0
4983 0.5585142546926032 0.06239635301666478 0
4984 0.5583077743655962 0.0722534158901086 0
4985 0.4250560369334561 0.2826347155006373 0
4986 0.4338121304999172 0.2778100994869327 0
4987 0.433794518614547 0.267545512316038 0
4988 0.44272397717479 0.2727156434307149 0
4989 0.01924600958986315 0.6420165498104905 0
4990 0.530459024939902 0.2061715005849285 0
4991 0.442937990573022 0.2826384517227497 0
4992 0.4514365842809632 0.2774000538358474 0
4993 0.9172903278364046 0.3615590776002267 0
4994 0.2344849299249343 0.6719030483558768 0
4995 0.01932622076480085 0.6061551229306099 0
4996 0.3702827504687645 0.3806974276332936 0
4997 0.3413929725953766 0.7590376759641662 0
4998 0.9501077075309586 0.5185312096066121 0
4999 0.9157222236754488 0.9726374133192426 0
5000 0.9257971545188968 0.967101134719206 0
5001 0.08611407937133553 0.1938409032229449 0
5002 0.4964926358951405 0.2512984988795288 0
5003 0.5855752901133801 0.1887941410641232 0
5004 0.893936152445062 0.9726738642612661 0
5005 0.407168881227674 0.2826186911693516 0
5006 0.8017413115893007 0.5084057140851708 0
5007 0.9522311398263661 0.1744211761146475 0
5008 0.9620274782524934 0.1804357482703318 0
5009 0.9720170428090243 0.1747187697017916 0
5010 0.9719766781839062 0.1878004204014589 0
5011 0.3885700729483555 0.2803435566510264 0
5012 0.3796177766822187 0.2740406109958363 0
5013 0.1309895654396345 0.3322358918072752 0
5014 0.5350461475149674 0.07880718599671589 0
5015 0.5038959860118295 0.3855992414522011 0
5016 0.4948422860624057 0.380746407691516 0
5017 0.5126069646463653 0.3910463811044504 0
5018 0.353552027021139 0.2720927781970449 0
5019 0.1767458784365157 0.6143913277039541 0
5020 0.1771574411942645 0.6263174037109447 0
5021 0.02780016272098131 0.8666572149913088 0
5022 0.5503440123468692 0.1888609402012887 0
5023 0.7424756221324516 0.5202792353861642 0
5024 0.7323774797206731 0.525742617752567 0
5025 0.1796545462251088 0.3218119191891036 0
5026 0.3521201353100112 0.7307813549892955 0
5027 0.5663891968556942 0.2059566525393673 0
5028 0.8189985362082413 0.345596378084786 0
5029 0.7407388134140986 0.8952653540461754 0
5030 0.7407946952526722 0.8837831951198274 0
5031 0.9821528111857868 0.1805205667758419 0
5032 0.4974735980860179 0.07696927277647958 0
5033 0.4884456807895659 0.08216057564921406 0
5034 0.7316929172300588 0.8894962412732923 0
5035 0.01904375526336873 0.09917825940845609 0
5036 0.7271997569568613 0.9278634395607459 0
5037 0.3433807260480153 0.245755204116548 0
5038 0.08946994488292873 0.01921968062321742 0
5039 0.0796423298973486 0.0256704190541299 0
5040 0.9105390811925455 0.01921942649045617 0
5041 0.9203580295786287 0.02566972721721986 0
5042 0.5835480935838105 0.390854974367123 0
5043 0.6586218635407923 0.6236735895703467 0
5044 0.7897193586748104 0.0226803561863347 0
5045 0.9808179944827874 0.09910965655378451 0
5046 0.2102845734842598 0.02265010637763032 0
5047 0.4641961742121644 0.1098359628463724 0
5048 0.02319635845945035 0.2898342723488573 0
5049 0.6734785909070724 0.3809299087528055 0
5050 0.7223040581411744 0.4396609496758774 0
5051 0.4061204809180934 0.3908045023600168 0
5052 0.1208474779098371 0.5469689712208655 0
5053 0.120406417795709 0.5352466423625916 0
5054 0.8079818432444641 0.02235746809560564 0
5055 0.8168115651314916 0.0268661345167934 0
5056 0.8176544148302265 0.01661370050862299 0
5057 0.825859714613901 0.02184769669099678 0
5058 0.2794497533785603 0.2776821237369075 0
5059 0.1920181001199285 0.02232383124319241 0
5060 0.1831880205394953 0.02682736344550936 0
5061 0.1823439805021453 0.01658805106329422 0
5062 0.1741390580013932 0.02181134308338837 0
5063 0.5051186656076175 0.07215819478206477 0
5064 0.02791418290885769 0.8872758570974395 0
5065 0.02263100309173516 0.8975947316004073 0
5066 0.9768708133520539 0.3847044107379434 0
5067 0.438889596972676 0.1154844643707434 0
5068 0.4536216606693513 0.8594111013302024 0
5069 0.9162910746181414 0.21225618364382 0
5070 0.9062646762723442 0.2176132333060139 0
5071 0.9761697687530611 0.2690476088099469 0
5072 0.9562903546016392 0.9725836084403966 0
5073 0.946242467492137 0.9670651537941454 0
5074 0.2710190412702145 0.2819889574029684 0
5075 0.6465170420184722 0.02197787850372236 0
5076 0.6377295916951689 0.0265562771294766 0
5077 0.636859030474466 0.01637126547740486 0
5078 0.7192803170847633 0.02287273506355808 0
5079 0.2806571130648036 0.02284303133351132 0
5080 0.2892054665642293 0.0275612143427016 0
5081 0.9753364743704603 0.2104150069491504 0
5082 0.07710819403536315 0.6869288620166044 0
5083 0.07692651992780064 0.6985426663344111 0
5084 0.08679064118438173 0.7030688148292452 0
5085 0.9111930547909024 0.4927421750119841 0
5086 0.5358892087260446 0.8594043626662239 0
5087 0.5254451502413667 0.8538948983984983 0
5088 0.9559813540759639 0.2006265119562837 0
5089 0.3538022934968818 0.117389458013401 0
5090 0.1491535543838312 0.3235529111100168 0
5091 0.1587258751718322 0.3293594288425039 0
5092 0.1398282233191656 0.3161045574934749 0
5093 0.3876423937615115 0.1153769422815486 0
5094 0.02295022001752649 0.236130573031586 0
5095 0.973724054832926 0.6061905611513962 0
5096 0.9740709459696602 0.6163371320760024 0
5097 0.9647394858980256 0.6234721511556836 0
5098 0.9745841351948865 0.6282723600429583 0
5099 0.3215769982457431 0.6754803876482209 0
5100 0.7312492275647213 0.8173391784544459 0
5101 0.9738046272841705 0.5592102691489964 0
5102 0.9745439727277921 0.5709350945257076 0
5103 0.9740875738467092 0.5466988443383657 0
5104 0.55926845866083 0.05268177235060479 0
5105 0.7638256510342691 0.01771406576975481 0
5106 0.7551827719150543 0.02282560625015992 0
5107 0.4837501598785825 0.6176112318981357 0
5108 0.2361739414779085 0.01767708765278542 0
5109 0.2448207964558413 0.02276523034993109 0
5110 0.3711736487944434 0.1067262959894765 0
5111 0.370082836934001 0.7224470626166906 0
5112 0.7015192065645627 0.02304223942012107 0
5113 0.6925357233569094 0.01824565876513343 0
5114 0.6388710903010515 0.6217693766938827 0
5115 0.6269408751183858 0.6180662859853723 0
5116 0.3267988609804733 0.1425641954762253 0
5117 0.6024470846503107 0.01711147426320268 0
5118 0.7035263597065375 0.9483555636353513 0
5119 0.6693920456630407 0.6176175835859208 0
5120 0.09184610123767346 0.3771655710882154 0
5121 0.4043891017681643 0.1146104908881993 0
5122 0.02471077364106912 0.785934758928293 0
5123 0.02569354158471159 0.7978226449134918 0
5124 0.03548058154030653 0.8037541678996714 0
5125 0.02590274931893147 0.8097201462385861 0
5126 0.03556308539157807 0.8156535329223791 0
5127 0.02527939780294564 0.8216195501346456 0
5128 0.02349607932140144 0.3137675636479868 0
5129 0.7022782212123889 0.9672921552128138 0
5130 0.9462519552378638 0.9777339033361578 0
5131 0.1205087406854188 0.5818185502626054 0
5132 0.1100507074482616 0.5877034259364342 0
5133 0.9775532559505669 0.9496372024982926 0
5134 0.978084119076414 0.9383100617464476 0
5135 0.8114004901966443 0.3719568031763388 0
5136 0.6487274450529442 0.1557855400865173 0
5137 0.6397985856754503 0.1506438203542815 0
5138 0.9778383587703889 0.6534018435994409 0
5139 0.715542620204503 0.8042360021434475 0
5140 0.709611403055985 0.7939826660435693 0
5141 0.7224641945183687 0.7945647569441215 0
5142 0.9771074207170051 0.688488919451718 0
5143 0.9665765631433503 0.6940716006552818 0
5144 0.7186897851281071 0.3662447308580148 0
5145 0.7278043963514034 0.3609715189745182 0
5146 0.4432764440676009 0.8535379746973883 0
5147 0.5675767311495103 0.02681397158850436 0
5148 0.7005201811777032 0.3769327024066203 0
5149 0.4740941847505258 0.6238424073335155 0
5150 0.46285963229291 0.6200201757456251 0
5151 0.4655532622535126 0.6313107855050568 0
5152 0.4546331530022032 0.6283466592800673 0
5153 0.451014620602068 0.6179700439537039 0
5154 0.4430700843338433 0.6254592318654509 0
5155 0.4461827572078224 0.6366393025934171 0
5156 0.4344639371018898 0.6327992904199191 0
5157 0.4371609409183062 0.6441322774495923 0
5158 0.4259312209789533 0.6407585063495346 0
5159 0.4231347535675603 0.6294025137611566 0
5160 0.4146368870321728 0.6374190913355272 0
5161 0.4288054487677743 0.6513110420562843 0
5162 0.4116604642545897 0.6266438217086816 0
5163 0.4032807980927851 0.6342798888459786 0
5164 0.4057620164305076 0.6455803975643915 0
5165 0.4182742276089938 0.6189890672284408 0
5166 0.4495103332076484 0.647882035306474 0
5167 0.3944293404923379 0.6425286142033353 0
5168 0.3919390354129406 0.6309300111510447 0
5169 0.6744812844913525 0.05784307300363073 0
5170 0.1121310952985326 0.3768898051207688 0
5171 0.4864740524903819 0.09306226473308625 0
5172 0.7218766501989016 0.5198275683593752 0
5173 0.896765016910372 0.3500222724624906 0
5174 0.4488957157836154 0.01855330177337509 0
5175 0.4581543208705837 0.01373904589414279 0
5176 0.5218642251249408 0.212109732042955 0
5177 0.9751982565949475 0.2217874950386146 0
5178 0.3158951394322059 0.1976142949559864 0
5179 0.3069372404118911 0.2029593568935908 0
5180 0.325004282018196 0.1925558007666297 0
5181 0.3073139127813992 0.2141597944052092 0
5182 0.8764701553225641 0.03152541208048631 0
5183 0.87578459428622 0.02124051530216312 0
5184 0.1235391661337262 0.03150957528375936 0
5185 0.1242203869284504 0.02123728379928007 0
5186 0.3826721878246133 0.6388338119304026 0
5187 0.3808661981666684 0.6272666043193943 0
5188 0.628208016547902 0.3866096325041383 0
5189 0.6374612580540577 0.3807318020949695 0
5190 0.6904133374777203 0.3830569776617844 0
5191 0.341547670069337 0.6895731895064543 0
5192 0.6659576835055517 0.1770409583746096 0
5193 0.6749884272019249 0.1820775364345704 0
5194 0.5944801843078443 0.1850301623659766 0
5195 0.5944464756518761 0.1752626853570039 0
5196 0.6039116039775144 0.1796130998125811 0
5197 0.3062235713058865 0.2626675559221663 0
5198 0.5503533020795806 0.06741770242137271 0
5199 0.7020804748758261 0.9781684624601905 0
5200 0.6485028582199727 0.07366111392807458 0
5201 0.638845555546646 0.07892468405279163 0
5202 0.8712318205630911 0.04671538032622475 0
5203 0.1310306774996299 0.04781329629209697 0
5204 0.6928445987146375 0.203000795398956 0
5205 0.6929560869274181 0.1924117180891643 0
5206 0.6838043083712778 0.1979718103715831 0
5207 0.7110123968182487 0.2131574871911476 0
5208 0.2890493173228476 0.2135173112188544 0
5209 0.6131465442275547 0.1044316361638239 0
5210 0.03825932740955564 0.7359361318854936 0
5211 0.02839768818486157 0.7409666787802408 0
5212 0.8749863128096245 0.0743869952544523 0
5213 0.864903086391611 0.07000979883731154 0
5214 0.8845842710750397 0.07897439176263235 0
5215 0.8851016743121298 0.09000300467471768 0
5216 0.1248181719593927 0.07407858226965927 0
5217 0.1338674468155522 0.06888875860180926 0
5218 0.1160446203829324 0.08084768779817016 0
5219 0.116179910962613 0.09125988790730122 0
5220 0.1434916132435532 0.07379826553601974 0
5221 0.1434701537457881 0.06317806095306977 0
5222 0.2709987598684183 0.2238926636062703 0
5223 0.2618260844328939 0.2291439940789755 0
5224 0.2620068758580525 0.24019213382844 0
5225 0.2525420742422958 0.2340356775578889 0
5226 0.3620408617301428 0.2771799610556124 0
5227 0.5054338895201886 0.2542985486057937 0
5228 0.8369950472689462 0.08740672150520694 0
5229 0.4516337132860156 0.2866079794224858 0
5230 0.1630093694227152 0.08736762148075156 0
5231 0.02395762258711745 0.2235533303341717 0
5232 0.8364514902716718 0.09822869280103963 0
5233 0.9767421225883283 0.7001042038904869 0
5234 0.5584581353274742 0.1440467087324807 0
5235 0.1637032386143986 0.09838558784399537 0
5236 0.3898751299874932 0.6194889856591252 0
5237 0.3786043211870298 0.6162123221808122 0
5238 0.9661013318249501 0.9794839931317592 0
5239 0.9771960486856541 0.9731370244042381 0
5240 0.7287524802995429 0.2242917937974145 0
5241 0.7380866693330581 0.2292862196852607 0
5242 0.7382488634015122 0.2401180208461873 0
5243 0.7471495486113537 0.2346042200033733 0
5244 0.7236429259650057 0.4279300662397976 0
5245 0.3553367156210257 0.1066254974185736 0
5246 0.3672804108096733 0.9793014214336158 0
5247 0.2892198811498298 0.01739372456275277 0
5248 0.2981353071199532 0.02141858386470529 0
5249 0.3076817184495425 0.01541855725880285 0
5250 0.189693573358311 0.3293306041447922 0
5251 0.3077395115785193 0.02594915662741153 0
5252 0.9427068025949994 0.2011772785891663 0
5253 0.2348122107844003 0.2240692481690244 0
5254 0.9759591627571197 0.1995130074687569 0
5255 0.727783895398214 0.3722248513202172 0
5256 0.3725224703422181 0.6459244178514691 0
5257 0.7650963150471772 0.2241166507645519 0
5258 0.4253234315600454 0.8360482158225194 0
5259 0.09731158361890205 0.7796654228946076 0
5260 0.09705050795596201 0.7678579151172236 0
5261 0.09722807620657031 0.7913751075712345 0
5262 0.547647808373489 0.8656207277948402 0
5263 0.6647358960085028 0.03174193085923295 0
5264 0.6654262617396367 0.02247359696300726 0
5265 0.3613180890921797 0.3864571464975872 0
5266 0.3159760884242777 0.0199343186814813 0
5267 0.5939371765640165 0.1235056630185256 0
5268 0.5848918996258849 0.1285420771505853 0
5269 0.6034667026277695 0.1188083980908103 0
5270 0.9818640873932503 0.08761857723408077 0
5271 0.08670558553443815 0.797297306045248 0
5272 0.9068690113611632 0.2057954219716488 0
5273 0.8965062409415077 0.2120362374761946 0
5274 0.8961781718767773 0.2005543674888888 0
5275 0.885430776634957 0.207884332599106 0
5276 0.6131393698676825 0.09419060742110606 0
5277 0.2704206520425551 0.2731786219871095 0
5278 0.9780774722074981 0.3955816990063621 0
5279 0.01809052173008757 0.08753887618509075 0
5280 0.1064818118988812 0.07470724597077208 0
5281 0.6645107684054554 0.06230517255626719 0
5282 0.9269410743667859 0.9795932201554366 0
5283 0.342624040749115 0.9790843366510651 0
5284 0.02084186526571728 0.8563817373485887 0
5285 0.02839146138286074 0.8456862568536702 0
5286 0.3946770849281593 0.6549147745283118 0
5287 0.1528588345481714 0.9794103139137527 0
5288 0.9854836950212846 0.2628864365809135 0
5289 0.06026135103494469 0.360770821848648 0
5290 0.07041418263504881 0.3665814955209629 0
5291 0.05124016744561578 0.3543640032612823 0
5292 0.04148461457828113 0.3598891605221931 0
5293 0.2827972818317268 0.9794400400009518 0
5294 0.3523456278981221 0.8131339463249402 0
5295 0.7725913342425237 0.4117920702715862 0
5296 0.4650503540078084 0.86557705920754 0
5297 0.9888698436241621 0.6835683054686534 0
5298 0.4948651444086592 0.3918953326100439 0
5299 0.4857238668029359 0.3857609225716691 0
5300 0.3823735661849438 0.7241460226232195 0
5301 0.3885877396231726 0.7128567128447543 0
5302 0.3948427047747437 0.7229178692218619 0
5303 0.01480769426408554 0.815686990935424 0
5304 0.03382960294723295 0.9796305875330191 0
5305 0.1629273238597476 0.1620501770771243 0
5306 0.2255590565277955 0.3349899140168747 0
5307 0.2248634423657512 0.3238981734128659 0
5308 0.8370582987332191 0.1620537461793634 0
5309 0.7817266799783226 0.4394655145342449 0
5310 0.5546218592766052 0.0171648481675661 0
5311 0.5454086155944681 0.01258975674874688 0
5312 0.5357628623877827 0.01687715740360926 0
5313 0.1045793573812153 0.9795798792550602 0
5314 0.1109356546344022 0.9691061818552 0
5315 0.5682575591447196 0.140038103551767 0
5316 0.1632952129957153 0.07719702692335718 0
5317 0.8366927631516594 0.0772495338243963 0
5318 0.8668349408171105 0.2199008259293541 0
5319 0.3342790026173209 0.1670410482150114 0
5320 0.3339857985534807 0.1772217206532426 0
5321 0.7210997940372279 0.4845992989126489 0
5322 0.01281354071399555 0.3188741680612897 0
5323 0.2401445618136769 0.7197387611767698 0
5324 0.2306984747710906 0.7257409151010012 0
5325 0.2406484809754154 0.7307996071352777 0
5326 0.3215565617471696 0.6289877635946814 0
5327 0.9860290891296501 0.7081754587612343 0
5328 0.9778641630917547 0.7181191757220337 0
5329 0.980915625836423 0.7287132546837507 0
5330 0.9679558977670937 0.7282311263973529 0
5331 0.9729409910047544 0.7372026665340558 0
5332 0.3441067824636445 0.1216621846982277 0
5333 0.333362356563286 0.1178496412862684 0
5334 0.3234058299456689 0.1185577347416357 0
5335 0.1501545193746332 0.3139972051492639 0
5336 0.1412220803377753 0.3064620511879549 0
5337 0.9255266738877725 0.2077275930594333 0
5338 0.3302405031194212 0.7532766784618691 0
5339 0.3235178510386325 0.742814356558795 0
5340 0.1726197816470078 0.1142182557733711 0
5341 0.8273805493246496 0.1142398347333323 0
5342 0.1898377252883001 0.2638688471253494 0
5343 0.1992382376314552 0.2583413594736196 0
5344 0.1803838608064204 0.2692318133367935 0
5345 0.3005694160881485 0.6644665465030251 0
5346 0.3007676756731619 0.6755428309155798 0
5347 0.153896562770612 0.1029568165482072 0
5348 0.8461120748529399 0.1029515433834129 0
5349 0.7725954942711484 0.01062035178410059 0
5350 0.8195831280920806 0.3679441856163998 0
5351 0.2274239403046567 0.01059950870687508 0
5352 0.7016456240637502 0.2190510176277162 0
5353 0.9886741436885291 0.9446335467183911 0
5354 0.01599366678075707 0.7939495616156487 0
5355 0.02157469208384389 0.7731035994045345 0
5356 0.02480735868840018 0.7610973724300453 0
5357 0.01299321963870056 0.7628811876067936 0
5358 0.02910798024391121 0.08303454970814127 0
5359 0.9708579166824676 0.08314993335549378 0
5360 0.3253969293367952 0.2037162307766346 0
5361 0.3350092610800078 0.1885749961260624 0
5362 0.1707876407456489 0.2636853001018934 0
5363 0.7917851075806523 0.4340747229934903 0
5364 0.7919079796742948 0.4230516165677476 0
5365 0.9837644392705741 0.5551550352902899 0
5366 0.9784745298311854 0.5348574526055749 0
5367 0.967271751569027 0.5363351206762483 0
5368 0.896474742550148 0.2237035540929846 0
5369 0.5661628025503648 0.6178654755379683 0
5370 0.5765898617087419 0.6231251720079076 0
5371 0.5876329561241129 0.6170472976553537 0
5372 0.5872566576210413 0.6287033733360302 0
5373 0.3776750862538374 0.02809924797599125 0
5374 0.7213506433203796 0.5311884120228693 0
5375 0.6994827377632968 0.6237843630351966 0
5376 0.8429425086699799 0.6233157504798633 0
5377 0.6290062421609189 0.0732456943680164 0
5378 0.6655095640757659 0.1882374914450596 0
5379 0.7088867221285878 0.4168924341653016 0
5380 0.8755986317885469 0.2142007574639767 0
5381 0.7719633628823744 0.6880249108120112 0
5382 0.7718716720469924 0.6762288989286647 0
5383 0.3600120430877143 0.05827779457818032 0
5384 0.6743755320604718 0.2040319624194231 0
5385 0.9115836279734354 0.04140884980758052 0
5386 0.08841675327009156 0.04140952127941842 0
5387 0.01017863935304273 0.02953468241620155 0
5388 0.02018940204861105 0.03546152599758635 0
5389 0.02047929696363731 0.04698818622909263 0
5390 0.01024221067853704 0.05333782078963074 0
5391 0.01036015087423098 0.06549000364233447 0
5392 0.02078753936868664 0.06952776958980235 0
5393 0.02013183052224748 0.02439606038719689 0
5394 0.03018949261486929 0.029783036243093 0
5395 0.9898213606275966 0.02953468244966744 0
5396 0.9798292312510037 0.03534066177524531 0
5397 0.9795194069508214 0.0469005800924223 0
5398 0.9897576357425386 0.05332321939801382 0
5399 0.9896378138226011 0.06549465806143601 0
5400 0.9792170314239843 0.06955771512673395 0
5401 0.9799255837023809 0.02429822898164588 0
5402 0.9699349797832465 0.02961964741808454 0
5403 0.7720200256894342 0.4451113020189382 0
5404 0.9017889137993588 0.520073168998023 0
5405 0.8924932212656441 0.5258350244435005 0
5406 0.5974152472991385 0.6228299612043826 0
5407 0.3106577456827541 0.6467360287200574 0
5408 0.01641113789735178 0.8271691883279761 0
5409 0.2803447645246147 0.2298049840987632 0
5410 0.9273046491940153 0.3672094128618782 0
5411 0.03519701771074694 0.8273269891699311 0
5412 0.04528013393659459 0.8214663222888521 0
5413 0.7192752789669739 0.2197725733422974 0
5414 0.9065539850350116 0.3087662421368743 0
5415 0.9065035088505613 0.3200395064166403 0
5416 0.7096713574642211 0.3831913996970023 0
5417 0.2902009688769165 0.4173503872055174 0
5418 0.2899273537932699 0.4291784785336175 0
5419 0.2797502440066666 0.4350080138693744 0
5420 0.2796478340436599 0.4467987584061636 0
5421 0.2696124723086591 0.4409286147805013 0
5422 0.269541093895693 0.4525038393503039 0
5423 0.2697301667413373 0.4292766330174329 0
5424 0.2597958277788684 0.4351106313084987 0
5425 0.2598212417993014 0.4237868089247093 0
5426 0.2502937475958908 0.4290204991454874 0
5427 0.2500823633859797 0.4181875974152479 0
5428 0.2406918870960939 0.4233164284551579 0
5429 0.2406869798337676 0.4128467965884742 0
5430 0.2318479230605976 0.4181947258601866 0
5431 0.2604278600662763 0.4123884192391683 0
5432 0.2494005593487612 0.4405075469210534 0
5433 0.2325928490976271 0.4291708201627552 0
5434 0.2800582105524016 0.4233619166811653 0
5435 0.719764420167925 0.717979313728118 0
5436 0.7197264697519833 0.7297823971588213 0
5437 0.7198208673693582 0.706078606407756 0
5438 0.6284749851239735 0.3447454673850364 0
5439 0.03005754686324908 0.01833513091608567 0
5440 0.04086433543214518 0.02463552729572059 0
5441 0.7720275787118707 0.6998758288976248 0
5442 0.3778705128293692 0.03809971467447892 0
5443 0.3779751825113685 0.04823159599198015 0
5444 0.6565358983259375 0.1722998247826842 0
5445 0.9693105796941324 0.04065100796694308 0
5446 0.3289814523732895 0.6918921187639895 0
5447 0.8580174044576345 0.3486822589757169 0
5448 0.8470330262840244 0.3445887302472017 0
5449 0.8449446428836285 0.3338646561024594 0
5450 0.8368091167482256 0.3413456559061544 0
5451 0.8672832124043156 0.3514420498658917 0
5452 0.2794837784473048 0.4583964169343533 0
5453 0.2693888448677821 0.464088426566038 0
5454 0.2583131265253422 0.458411949130472 0
5455 0.2592765594523492 0.4697536150697019 0
5456 0.2692520964554618 0.4756955520138355 0
5457 0.2589032393632992 0.4824349636049524 0
5458 0.2690693720306674 0.4875033900493572 0
5459 0.2589392039009853 0.4930087334658625 0
5460 0.2689495329333053 0.4990098987446357 0
5461 0.2792645416160629 0.4816312710096801 0
5462 0.2568081910750545 0.5055935357696598 0
5463 0.2687220460434141 0.5104134375546909 0
5464 0.6682155934806898 0.8660566764659856 0
5465 0.6793389340647092 0.8718733037349575 0
5466 0.6901687375036164 0.8658700704397226 0
5467 0.5855072906545636 0.1388678326946796 0
5468 0.8755335905003361 0.09632313861052255 0
5469 0.8853105276005153 0.1009827545163528 0
5470 0.855810827517824 0.07598971172838223 0
5471 0.8552479371020897 0.06602499673388483 0
5472 0.496119598676029 0.169387809995851 0
5473 0.6649313820563341 0.04214810053356158 0
5474 0.5253747632116879 0.8658433955813019 0
5475 0.6753051029078908 0.0683442057332528 0
5476 0.5549811326354871 0.6113387139147145 0
5477 0.9164368898179764 0.3264272626013113 0
5478 0.2266556232854512 0.2958636392754957 0
5479 0.841562398648894 0.5199226147071327 0
5480 0.832126234818962 0.5256280818449556 0
5481 0.05964184091455871 0.4881256174933323 0
5482 0.6111058967307524 0.01033616338073873 0
5483 0.183073740977187 0.0370151599778336 0
5484 0.8169256994622955 0.03705334775308917 0
5485 0.8330411269610025 0.688288312527624 0
5486 0.2982228271704987 0.03212315615772814 0
5487 0.3253919594442614 0.3760531873396428 0
5488 0.3253502691013841 0.3863168948596628 0
5489 0.3348605599507806 0.392068716938977 0
5490 0.8369211282927758 0.18349882228597 0
5491 0.2487551651357239 0.4986969801842048 0
5492 0.6745076651680557 0.04761639507339988 0
5493 0.2258793428556735 0.2192188845387267 0
5494 0.2513449450122976 0.4068296438470641 0
5495 0.2426705202985844 0.4013352015150817 0
5496 0.7614381422368415 0.6822865162461503 0
5497 0.4427322747845815 0.2624113743053048 0
5498 0.4337737795340728 0.2572185672383814 0
5499 0.7105846204167765 0.02770457285321708 0
5500 0.7095891153239731 0.01723930609085098 0
5501 0.831314976539584 0.4801690026919562 0
5502 0.821605555127487 0.4743362915997751 0
5503 0.4337890309970363 0.2468007426221593 0
5504 0.424861980607355 0.2415754548742455 0
5505 0.4249249058857415 0.2311728783126395 0
5506 0.6281556871497079 0.02216840023494086 0
5507 0.6924889881477264 0.2141366760935082 0
5508 0.7105593562565464 0.4406031660382441 0
5509 0.6472951107206103 0.06344437233041186 0
5510 0.2705217250718919 0.4176652155697824 0
5511 0.3689444597066245 0.05325656028575929 0
5512 0.9305817584839603 0.04100694182284709 0
5513 0.9398580419642968 0.03546721716833769 0
5514 0.9302452736785156 0.03047243448547329 0
5515 0.9396050820436888 0.02491260268318887 0
5516 0.9495051646552977 0.02984247932260886 0
5517 0.9295169292078197 0.01842247161602762 0
5518 0.9393585208097028 0.01538372191990693 0
5519 0.06947433331072164 0.04102142938597672 0
5520 0.06023274653385431 0.03545378102452221 0
5521 0.06985970800561464 0.03047392945483818 0
5522 0.06061049028632479 0.02487434236363982 0
5523 0.05095128018324731 0.02994183324623865 0
5524 0.07059920488642157 0.01840005846262275 0
5525 0.06085955218132066 0.01534177320459516 0
5526 0.3600915337830755 0.06847413694616344 0
5527 0.6839740864647382 0.1457087722407706 0
5528 0.3421188784314238 0.06836966055813144 0
5529 0.3333285221942276 0.06324091034111515 0
5530 0.3334075460578557 0.07348810744638172 0
5531 0.3335330240114268 0.08376597913134171 0
5532 0.646566205617828 0.3347122944857961 0
5533 0.7094575805708533 0.6297647705043904 0
5534 0.7198472139892254 0.6240571656545049 0
5535 0.7196952178122602 0.6359428923001321 0
5536 0.2766046852089032 0.8455894341384775 0
5537 0.09691917035293419 0.101070220549826 0
5538 0.09690829285181693 0.1122229801906291 0
5539 0.1065110842296499 0.1066578682428909 0
5540 0.9032111211877681 0.1008454320547259 0
5541 0.9032553966891825 0.1123300590089072 0
5542 0.7531131425354906 0.4114157184004945 0
5543 0.6643639206205908 0.2617088878051165 0
5544 0.5048651367412034 0.6647648320842509 0
5545 0.5048227252004771 0.6765403511887468 0
5546 0.4945987472925286 0.6824228235165722 0
5547 0.7097935224263983 0.3719810107458046 0
5548 0.6643754561682669 0.2412767492925883 0
5549 0.09762120978711172 0.8036232068856364 0
5550 0.9002692642731956 0.4527846808627471 0
5551 0.9501576503268462 0.4363240134506406 0
5552 0.7334529217014374 0.4227673913641601 0
5553 0.7254692534769492 0.4168172401423027 0
5554 0.9030214260703637 0.07892255333543335 0
5555 0.9897932673409606 0.1250924521369011 0
5556 0.9798658072430519 0.1207453157450846 0
5557 0.9798055591401998 0.1318350965446671 0
5558 0.2292048108944688 0.8661967220843414 0
5559 0.2394385984465662 0.6257900813186392 0
5560 0.2500617069624824 0.6316103483057881 0
5561 0.2497849542875939 0.6198754318574281 0
5562 0.2597843624999995 0.6255830422709601 0
5563 0.2592440690257238 0.6132034970162067 0
5564 0.2596411213417086 0.6372760387399183 0
5565 0.3431776611104131 0.3450171554351212 0
5566 0.6288253397865693 0.08369667540184875 0
5567 0.2485901823845667 0.6075371859326029 0
5568 0.2581324933113502 0.600478855827681 0
5569 0.2565941326212609 0.5887255505743713 0
5570 0.2673306294607335 0.5922753096438811 0
5571 0.2651867700431672 0.5809454653320447 0
5572 0.2697719972290213 0.6075815713952278 0
5573 0.2771202280485269 0.5847274503193617 0
5574 0.2731493530629391 0.5728550659949607 0
5575 0.2630339273500849 0.5697493537882452 0
5576 0.2707017044553666 0.5613456573452984 0
5577 0.2581777823927912 0.557839923669464 0
5578 0.2679890921844834 0.549800159860817 0
5579 0.2572463743225143 0.5461750230467629 0
5580 0.2661481495276679 0.5381907536266424 0
5581 0.2783430424001843 0.5404986317126127 0
5582 0.2733369345632581 0.5285995643057424 0
5583 0.2633599285095509 0.5267893831124593 0
5584 0.8848541526150658 0.1128510603161107 0
5585 0.4661767805578918 0.02813992898681058 0
5586 0.6479817127727353 0.641296156926496 0
5587 0.7526797831071506 0.4451974878107522 0
5588 0.752675675412891 0.4567192421744535 0
5589 0.2803575808932717 0.04271797380862131 0
5590 0.7020458084555419 0.1455721224690999 0
5591 0.05968014493831621 0.5116871409131133 0
5592 0.2066561400051151 0.5497098849282196 0
5593 0.2066445910014346 0.5381519943900056 0
5594 0.1970200357701142 0.532366798812947 0
5595 0.875100341792647 0.1185994661809901 0
5596 0.7196064636485122 0.04277028206270979 0
5597 0.5048037697244633 0.6883307932097807 0
5598 0.009906880766583765 0.1250518985856968 0
5599 0.01954272484235946 0.1205217223856695 0
5600 0.9901278331357022 0.1499370979395043 0
5601 0.2086162750624931 0.2856018310158401 0
5602 0.2177068269569417 0.2802340002012106 0
5603 0.2178504334397628 0.2693475118751455 0
5604 0.2269188098876682 0.2742592099141057 0
5605 0.5659277835777549 0.2881292562057381 0
5606 0.5357673546347466 0.72970283338748 0
5607 0.5459950873592364 0.7237927297413839 0
5608 0.9699322299993459 0.01805481070463046 0
5609 0.9594020459906224 0.02453660079022228 0
5610 0.7446598949272892 0.4059064648635895 0
5611 0.05051073431904404 0.01817868235014184 0
5612 0.9001084790741046 0.4299547496980732 0
5613 0.7822454010242375 0.4510263747622056 0
5614 0.4159511941468345 0.2363050713947143 0
5615 0.4160188802443006 0.2259761629857789 0
5616 0.4070437873272085 0.2311224098746792 0
5617 0.3980571836609638 0.2363534985578046 0
5618 0.8017087578957572 0.4857122823648585 0
5619 0.4872150128386755 0.1745140569037316 0
5620 0.1649038700023588 0.03665109476106473 0
5621 0.1648836699367552 0.02666177770609935 0
5622 0.1560603535011709 0.02126171694241077 0
5623 0.1472299310851691 0.02646784726859622 0
5624 0.1384814504695511 0.02114226375929159 0
5625 0.835096927723826 0.03669140707638902 0
5626 0.8351142077251433 0.02669703324947969 0
5627 0.8439578989866166 0.02129745323571521 0
5628 0.852797968283031 0.02651842893824002 0
5629 0.8615594331837381 0.02119704436019816 0
5630 0.5589039922011311 0.1543416937138133 0
5631 0.2790083463163755 0.5049442368255307 0
5632 0.2792117533615456 0.5183639937402645 0
5633 0.01008733867034532 0.1488518787530006 0
5634 0.2170602561481838 0.6259373402120555 0
5635 0.2072594807731398 0.6317312957809951 0
5636 0.5675331720674093 0.04729083239223401 0
5637 0.7912113049626479 0.3186196264889904 0
5638 0.7912288745078528 0.3077459623835564 0
5639 0.7818183920260322 0.324048980602535 0
5640 0.8006271577339904 0.3023016150100654 0
5641 0.7912134628471551 0.2969047154232086 0
5642 0.8005792155876801 0.2914702771629197 0
5643 0.7911983069930677 0.2860775853258588 0
5644 0.8005507844923768 0.280630859191806 0
5645 0.8099413612523048 0.2860115084565332 0
5646 0.8100540510904858 0.2750384374903333 0
5647 0.8005379367646223 0.2697722048189435 0
5648 0.7820541228472766 0.3349421004689778 0
5649 0.7821120150764067 0.302324888517888 0
5650 0.8196585391297143 0.2802167840355074 0
5651 0.772847492313892 0.328389025275751 0
5652 0.8099639862007457 0.2642281423762839 0
5653 0.8005210893378877 0.2586769636397495 0
5654 0.7729712116702664 0.3175646547774573 0
5655 0.8101533801195147 0.2529996324826342 0
5656 0.8198305326277961 0.2690934722508144 0
5657 0.791157080936996 0.2643111503324975 0
5658 0.7912074616899416 0.340449596525228 0
5659 0.7820651105790943 0.3458653668669766 0
5660 0.781843249486766 0.3563909861280879 0
5661 0.7728937596542593 0.3501376091897406 0
5662 0.7720989013974698 0.3615943059136045 0
5663 0.7912594986833346 0.3616768426331767 0
5664 0.7303531767913269 0.6299266625443083 0
5665 0.2623757828734182 0.09382960603330295 0
5666 0.6480092128393584 0.6530678538692165 0
5667 0.009673404941815412 0.1728938064013098 0
5668 0.1897103581285591 0.2527990810749257 0
5669 0.6200077449357324 0.03666385931614285 0
5670 0.5316413953983432 0.1487828816167245 0
5671 0.5228656344988317 0.1540701325815925 0
5672 0.5406962406789929 0.1536135013908977 0
5673 0.5230566690734607 0.1644440963167076 0
5674 0.514000734664708 0.1593143728385787 0
5675 0.1589436751703963 0.3400923078261233 0
5676 0.1683438680386959 0.3350816054321222 0
5677 0.1678253437365849 0.3238688010553197 0
5678 0.8934776420787853 0.02117410877626688 0
5679 0.1065389217628521 0.02117523203327159 0
5680 0.2069874871341938 0.4234510473248417 0
5681 0.2162002160866803 0.4177559274475759 0
5682 0.7371768488550745 0.3049628936076235 0
5683 0.7280858850535067 0.2996706480179109 0
5684 0.7280642012634835 0.2891188639342644 0
5685 0.718920694081649 0.293875985267585 0
5686 0.7280965280467179 0.3102355950060413 0
5687 0.7280772576770851 0.3207968043880803 0
5688 0.7189383595354074 0.3150070509672375 0
5689 0.7371479689561019 0.3261155778312425 0
5690 0.7277699666310059 0.3309721720934352 0
5691 0.7369624684491015 0.3363170110079365 0
5692 0.7371253545297791 0.2837992767774494 0
5693 0.7280998425592233 0.2785018303719941 0
5694 0.7371645306514876 0.2731749911715426 0
5695 0.7376261448137729 0.09384478417381359 0
5696 0.7821295927723357 0.2915124359887687 0
5697 0.7821114863417504 0.2807141298746324 0
5698 0.7732534994206659 0.2961905650558558 0
5699 0.7912200515551944 0.2752440861979748 0
5700 0.7819292546091782 0.269789344502401 0
5701 0.7728731479707843 0.274588020001133 0
5702 0.7729807562332762 0.2634241292481628 0
5703 0.2007288047641458 0.0473784804116827 0
5704 0.2624709932278126 0.3050620196412107 0
5705 0.2715931564649445 0.3007852150109659 0
5706 0.7992715909354031 0.04741680735182963 0
5707 0.07748510130572545 0.157081081348307 0
5708 0.07747863873355459 0.1456908435101253 0
5709 0.8412872748087029 0.4859189150769193 0
5710 0.4573783375126727 0.04332385441374727 0
5711 0.8317261323611489 0.3793504369079447 0
5712 0.226781855177567 0.2631461127438467 0
5713 0.2085964060956419 0.2638714348819174 0
5714 0.6033572390583775 0.1086524608351076 0
5715 0.2077270393395216 0.2198983597707728 0
5716 0.7000827067018764 0.6124254200045305 0
5717 0.3157699542141229 0.07346568096505278 0
5718 0.7920572778185289 0.2198825718764155 0
5719 0.8388141025463325 0.2909500663628848 0
5720 0.829153008518853 0.2965862735426402 0
5721 0.5751362347168936 0.385418504224411 0
5722 0.1612400708255671 0.2799105566887708 0
5723 0.178185784038784 0.3735153941918101 0
5724 0.5050177247208941 0.7474043775500485 0
5725 0.5152622551360446 0.7414946107560972 0
5726 0.4518395480074163 0.1642913300741885 0
5727 0.1253487303085389 0.162210535768251 0
5728 0.08393679780528358 0.2468691721534398 0
5729 0.7830865688532166 0.214154412769146 0
5730 0.8462160436449424 0.1895394656409042 0
5731 0.874628571853268 0.1622135103159031 0
5732 0.2401886830936971 0.660844313052448 0
5733 0.2888801610936074 0.1921242690967851 0
5734 0.2625104419473108 0.3368722993635656 0
5735 0.2712941175336389 0.3424776019980041 0
5736 0.2715543712677685 0.3528122573436368 0
5737 0.2624409258740599 0.326236286689682 0
5738 0.2711681899312504 0.3219811641404585 0
5739 0.3981844495241361 0.276939824790431 0
5740 0.3985529268562603 0.2877990827094446 0
5741 0.2067285714449642 0.5730975752084833 0
5742 0.1105784219841395 0.5294006881534479 0
5743 0.1206850184754519 0.5235707969653679 0
5744 0.1301620950317678 0.528384671404836 0
5745 0.1301049860853243 0.5166169445045492 0
5746 0.1105789969567885 0.5176874789396286 0
5747 0.3957124846471549 0.05846887641980734 0
5748 0.1030602548845168 0.3249563748683013 0
5749 0.2186402442701774 0.02721134435852698 0
5750 0.7813619020855558 0.02724869534004595 0
5751 0.306663127516392 0.2827798827285741 0
5752 0.9901222961700542 0.2083505110031685 0
5753 0.3248376359805497 0.3454303823007092 0
5754 0.3340604828797398 0.3504376712340409 0
5755 0.781793618662333 0.08858844358058322 0
5756 0.2182063042254265 0.08856010491293709 0
5757 0.2883637468449155 0.7430206657633307 0
5758 0.29426987557468 0.7327747477365757 0
5759 0.6752794027952042 0.07866369334560226 0
5760 0.2980848385793251 0.08370664911587457 0
5761 0.7301450616118814 0.7238834976856978 0
5762 0.1873048006766413 0.6319061899624062 0
5763 0.05813415387985282 0.111733979315332 0
5764 0.1878024796527901 0.367905879656297 0
5765 0.1973993206830371 0.3734345426905548 0
5766 0.2068979822485759 0.3676000682885722 0
5767 0.1973746741424998 0.3846418159601568 0
5768 0.990451784451214 0.232219576992136 0
5769 0.9796870297940733 0.2376458991416727 0
5770 0.01029762395116478 0.2321217221672621 0
5771 0.01967465978239558 0.2117354628658799 0
5772 0.02238087689069637 0.2478315506751883 0
5773 0.02346067129128164 0.2593128747857168 0
5774 0.03149321278760024 0.2123948309616032 0
5775 0.02731587841419599 0.2026512079599839 0
5776 0.017726013568834 0.2019273740490981 0
5777 0.02107117168654394 0.1910498400917407 0
5778 0.7019542998041313 0.08373420044761543 0
5779 0.7921514154868146 0.198550033843603 0
5780 0.2079401605239282 0.1982653589432866 0
5781 0.9062861270093096 0.2292064806126683 0
5782 0.9262495394255718 0.3323509113432702 0
5783 0.3156322092318871 0.03238004450546936 0
5784 0.9471210111494225 0.3788220561347875 0
5785 0.1126408398196386 0.3534586054169707 0
5786 0.1216011457833584 0.3486822734208541 0
5787 0.01197778636877491 0.2913787801990484 0
5788 0.3403923529740356 0.2630536282502573 0
5789 0.4145064553463873 0.3854717035577515 0
5790 0.9898215598827287 0.3273802604739997 0
5791 0.9800284511747035 0.3331763561348274 0
5792 0.979661500705346 0.345167249362307 0
5793 0.9904462129825814 0.3511490938881956 0
5794 0.9887125773460476 0.3633511762357236 0
5795 0.9794338683603924 0.3214493419139277 0
5796 0.8388852185814624 0.2687970429161196 0
5797 0.2981098035249952 0.04278011142118379 0
5798 0.2627350253851292 0.3581174229973194 0
5799 0.2716509547232095 0.3633321142174178 0
5800 0.2803126550743006 0.3589183381392086 0
5801 0.2627069003086971 0.3686832255715576 0
5802 0.282426728861243 0.7532628993198986 0
5803 0.8315259510989123 0.4686703797650345 0
5804 0.8676595909767839 0.3189212025820873 0
5805 0.9496684694039038 0.01814829753438862 0
5806 0.9594376124147894 0.0351931825555462 0
5807 0.0405885012961034 0.03532424634699796 0
5808 0.08721307371304157 0.1625379533496011 0
5809 0.8534860985165056 0.7001441395126973 0
5810 0.8534450405173027 0.6882737753086127 0
5811 0.1998767447962786 0.3140770477114282 0
5812 0.9260691820122782 0.2403485951438127 0
5813 0.9161985761471613 0.2462439300600285 0
5814 0.7822233774302871 0.3130080112443099 0
5815 0.1537776555437886 0.1895494658417096 0
5816 0.1538140354479037 0.2005670097036406 0
5817 0.1443690586273836 0.2060903970628336 0
5818 0.1538305585553714 0.2115333111348143 0
5819 0.1629748881774426 0.2060115362259051 0
5820 0.1631265666345991 0.2168141740739121 0
5821 0.1441912491914817 0.2167435257839209 0
5822 0.1346302143644435 0.2105798122461487 0
5823 0.1342968164361227 0.2218267167550972 0
5824 0.163070103213028 0.1946399774988288 0
5825 0.9779915666573527 0.9616543920863423 0
5826 0.8008807383248706 0.2472053406037143 0
5827 0.6481464932573747 0.6294916524463025 0
5828 0.9893615860350793 0.5297619047606659 0
5829 0.7107183147577913 0.03774675328898315 0
5830 0.719635667224342 0.05297172109595692 0
5831 0.1480951741957404 0.4800444819908727 0
5832 0.1481663301291056 0.4685592307861345 0
5833 0.7920376976787128 0.1771404198348944 0
5834 0.207963506347371 0.1767712499202067 0
5835 0.8291758737577549 0.2856006758333854 0
5836 0.989088137593239 0.3881796257555359 0
5837 0.9800720755153451 0.4067572443016851 0
5838 0.01000081170291716 0.422662730067084 0
5839 0.07010424172040688 0.3782354614871152 0
5840 0.08128036110555871 0.3718788036048737 0
5841 0.09094444293506432 0.3893755637651087 0
5842 0.07211644710320993 0.3546106216018051 0
5843 0.1132286126342387 0.2187460914567289 0
5844 0.1132471618358906 0.2071056042897182 0
5845 0.1241559054038011 0.2146427398300182 0
5846 0.1681395245751172 0.4345401672826132 0
5847 0.3439220090663986 0.1940553848877458 0
5848 0.3788646843638104 0.3347204410036744 0
5849 0.8580186258582452 0.2357027661517854 0
5850 0.04955620101900524 0.6001470143820958 0
5851 0.2437358289103756 0.1762461756589748 0
5852 0.1484995047552309 0.4231308332852548 0
5853 0.1586001870521479 0.4176766319345955 0
5854 0.4428756522988082 0.1693897482636406 0
5855 0.7377240680186701 0.1041521887774191 0
5856 0.2897924891734925 0.4764002307910956 0
5857 0.1683230080054154 0.4233438874770171 0
5858 0.9898800716580614 0.4352256063732018 0
5859 0.2980433404032642 0.09397996361202277 0
5860 0.7817606678705286 0.7415699790005517 0
5861 0.7920070946037198 0.7474885234675535 0
5862 0.7715042071246648 0.7356532306980745 0
5863 0.7191878196432546 0.2306327126160146 0
5864 0.3802884447165931 0.1222053996290262 0
5865 0.3955212792959296 0.1198001235494074 0
5866 0.3646821158586264 0.6931148855362899 0
5867 0.7124708381655928 0.4653460826627877 0
5868 0.7199637649278181 0.4575342517646925 0
5869 0.711031470620744 0.4776706282401876 0
5870 0.7202501655464866 0.4962615604493982 0
5871 0.9898627133053635 0.4589327440592725 0
5872 0.158000889207847 0.8045466648495683 0
5873 0.7824324395799633 0.4971643076168895 0
5874 0.7019843453476058 0.09400540573043099 0
5875 0.270860693764852 0.1921410400949843 0
5876 0.06421519687052091 0.2123177369944981 0
5877 0.06474273467035328 0.2004015767425212 0
5878 0.07399473207579699 0.2071347455178412 0
5879 0.07431652871553736 0.1951638685299845 0
5880 0.5393754039145704 0.2313466823919099 0
5881 0.9898968232376459 0.4826176253489048 0
5882 0.1004131339896016 0.5117875018711344 0
5883 0.1103430579359093 0.5055356555707402 0
5884 0.8121444595125875 0.5707223458525219 0
5885 0.2622805637338063 0.1041436122617417 0
5886 0.1004726356866448 0.5352755081840128 0
5887 0.5503342963632566 0.07781803637126834 0
5888 0.791850928926991 0.5823928301204717 0
5889 0.5214659705180534 0.3858561128826302 0
5890 0.01003797193612548 0.4821249155022914 0
5891 0.2526224089281292 0.2449905018207452 0
5892 0.7715483439942334 0.5940883888804548 0
5893 0.2724838854017433 0.01647436759800372 0
5894 0.2628652955510249 0.01216921282701817 0
5895 0.2530326514750941 0.01644498914453467 0
5896 0.521424384900557 0.2933466933818094 0
5897 0.53921150168873 0.2830031542011152 0
5898 0.2898362149715473 0.4528983097136526 0
5899 0.6644133774157021 0.2929619044498074 0
5900 0.6734442741880075 0.298121409277761 0
5901 0.7554638808883301 0.2412704162542104 0
5902 0.16392605642526 0.876514944684698 0
5903 0.7274934533548322 0.01650283957908109 0
5904 0.7371583864398459 0.01221803685875595 0
5905 0.7469757264391707 0.01648640172851353 0
5906 0.2824060289315214 0.7327769421756678 0
5907 0.7510084729262524 0.6058932254919145 0
5908 0.1158757301678007 0.1236113074920852 0
5909 0.874199040740411 0.8541553680055627 0
5910 0.8535191952460051 0.7356402891959098 0
5911 0.8432589854883397 0.7415722780303353 0
5912 0.8535344403114135 0.7474872583313505 0
5913 0.8638942279004318 0.7533520322844149 0
5914 0.8535783830868114 0.759303981506657 0
5915 0.5214860618632114 0.3653642195581281 0
5916 0.1348774297775498 0.1677793932904074 0
5917 0.1348681688594502 0.1568138079982405 0
5918 0.1442813252388328 0.1513640040237884 0
5919 0.5571086663195304 0.3550585975507262 0
5920 0.6752937514567641 0.08894339783228739 0
5921 0.7616905220377034 0.7060006984685452 0
5922 0.2537380528860237 0.02730351675601603 0
5923 0.244988938470947 0.03243986783320583 0
5924 0.2450146896339185 0.042557559705827 0
5925 0.2361467416277672 0.04758041156412972 0
5926 0.01097834670282977 0.2569486368062605 0
5927 0.01632285594713894 0.2680368194112697 0
5928 0.02249797059636412 0.2778186287683037 0
5929 0.8650824450529396 0.1677984471517582 0
5930 0.865091210162456 0.1568347615793119 0
5931 0.8556846611307677 0.1513918501330749 0
5932 0.7625782265208332 0.4625320761485315 0
5933 0.2168642997169425 0.2032124604061621 0
5934 0.3423039154162374 0.02787473589759111 0
5935 0.342946615122972 0.01731322962999217 0
5936 0.9357213533988642 0.6879936910267578 0
5937 0.2896926737732339 0.4880134168436486 0
5938 0.5307098033984117 0.236520252499089 0
5939 0.4221675465839949 0.0331291602302977 0
5940 0.4221879610484314 0.02299442316792698 0
5941 0.432167537512573 0.0170556170094417 0
5942 0.4231581118606466 0.01225464199718494 0
5943 0.4403039426663922 0.02345919064775841 0
5944 0.4132226729901119 0.01665692386149442 0
5945 0.4042964465942463 0.02301308208564115 0
5946 0.6287260330015974 0.03173646741003165 0
5947 0.4591828194160491 0.3705544831873836 0
5948 0.4680902379627819 0.3756744549688088 0
5949 0.4678905784572445 0.3854382277858182 0
5950 0.4769262116299016 0.3806978570854803 0
5951 0.1036487082616051 0.2582626421547058 0
5952 0.1134093607973607 0.2635757238611984 0
5953 0.6556103292617717 0.3709016934212976 0
5954 0.6561674665452466 0.3804576332331715 0
5955 0.6466568586797465 0.3760268463130156 0
5956 0.9899245654611806 0.5062963114358643 0
5957 0.01047966618264596 0.3512732888623659 0
5958 0.02099645591148725 0.3454792948403778 0
5959 0.02125457848651791 0.3579346957407865 0
5960 0.01044549353588265 0.3632959915456002 0
5961 0.02066096249115661 0.37081560318351 0
5962 0.9906001629807594 0.291601170286814 0
5963 0.9809798674382391 0.2856009083554509 0
5964 0.9904836987011807 0.3035362258107831 0
5965 0.7407871424773407 0.6000142171283156 0
5966 0.7407683656301153 0.5882121362083281 0
5967 0.730696680619487 0.5823543072845846 0
5968 0.2801579982776836 0.2189042964453848 0
5969 0.2899035971483517 0.3850984404161268 0
5970 0.6840328505260371 0.02265978001546468 0
5971 0.6850716031543058 0.01233533566481548 0
5972 0.2803627058256755 0.05292778800024837 0
5973 0.8101396682262973 0.1350185944901511 0
5974 0.1898679874768298 0.1350157535324506 0
5975 0.424817797490303 0.9174589970050824 0
5976 0.01000595059199151 0.38777500530508 0
5977 0.5588633818277895 0.1648819963594993 0
5978 0.2260491634352636 0.2301708319079272 0
5979 0.7737469750867747 0.2303213502563044 0
5980 0.2175635108500759 0.1194318356257405 0
5981 0.7824448536161458 0.1194406285566517 0
5982 0.655526025456405 0.3294966485605855 0
5983 0.9152755493818716 0.7117763369993347 0
5984 0.3357512202360285 0.825326342455216 0
5985 0.6390922062101465 0.08897977939548786 0
5986 0.75495958433833 0.0426164704918197 0
5987 0.7549744917363663 0.03251073573918225 0
5988 0.5847603210277112 0.05694729011384805 0
5989 0.3622784175381717 0.1845381877130175 0
5990 0.3529092656773791 0.1788099369501682 0
5991 0.371392188902945 0.1794818381806408 0
5992 0.576021155962273 0.05194252646250228 0
5993 0.2980789147857369 0.07343720133208684 0
5994 0.4146390522795521 0.3756816976276245 0
5995 0.7019723423200577 0.1871618325742622 0
5996 0.6929669552545026 0.1819794316637146 0
5997 0.9418311157288418 0.111703201992501 0
5998 0.6824852765581746 0.3657964872646802 0
5999 0.7816463519849657 0.8482368505659514 0
6000 0.7919064088924808 0.8541821307348375 0
6001 0.7300633991899506 0.7002001772234406 0
6002 0.7197387124553563 0.6942578126662096 0
6003 0.6130722215494725 0.1145932014814679 0
6004 0.6035884431954304 0.1292201138472652 0
6005 0.4873283057932741 0.113051295512346 0
6006 0.4793322393463795 0.1090893685785168 0
6007 0.2715795705691769 0.3740000104141994 0
6008 0.01026507006344454 0.4583394470517996 0
6009 0.02001446262175929 0.4644016800006499 0
6010 0.0203572795048922 0.452406239593445 0
6011 0.01021729964343696 0.4464338260797635 0
6012 0.02000996788651583 0.4406750843771302 0
6013 0.5940060720817645 0.02219927944180837 0
6014 0.9099093151027693 0.4711391710069556 0
6015 0.8999822554914194 0.4647604844477534 0
6016 0.1208808971051653 0.5587015028904391 0
6017 0.1991749017446858 0.1298298827291135 0
6018 0.4875811085915451 0.1034873031617244 0
6019 0.8008307633484417 0.1298345067227404 0
6020 0.5150838817604861 0.6824488274630667 0
6021 0.7817499495955799 0.7534141391156455 0
6022 0.6285104177818024 0.3241765912287823 0
6023 0.8101019995838921 0.3077043932837462 0
6024 0.4431712926100255 0.1263933676803461 0
6025 0.8947786021369516 0.8660563784899185 0
6026 0.4339238196899586 0.1848238328378297 0
6027 0.4784883683921304 0.2415845424614931 0
6028 0.398186949896066 0.1847317063181519 0
6029 0.6112064414710314 0.05188508602520897 0
6030 0.225763625110397 0.3686193058454739 0
6031 0.4340974243503274 0.1240997293472289 0
6032 0.4251444162426089 0.1264068346442725 0
6033 0.3801960232410627 0.195039695621932 0
6034 0.1802819871283383 0.2909953723760799 0
6035 0.7019482403550931 0.07347384471888403 0
6036 0.4573731818467248 0.05348172932499951 0
6037 0.3431987277257932 0.2724759328082634 0
6038 0.2885883694125306 0.8867343551950013 0
6039 0.2827141126567719 0.8970658215408156 0
6040 0.3805361131753874 0.1330334018538537 0
6041 0.469831701644683 0.1237149367642716 0
6042 0.09354819709647857 0.2083971499250716 0
6043 0.316509461489061 0.1561662272821003 0
6044 0.5406252913053606 0.09282118102909127 0
6045 0.5318816644440582 0.09813786335935182 0
6046 0.7018894192776683 0.04285377874904267 0
6047 0.5749635603942619 0.3755334119607427 0
6048 0.7817307859537415 0.576526557203574 0
6049 0.1784848032546804 0.6496164070621487 0
6050 0.5189906134949244 0.03826181027806087 0
6051 0.5189952775163866 0.02812228376918515 0
6052 0.5277734291100352 0.02304800766106438 0
6053 0.5189965739224084 0.01798720662678455 0
6054 0.5102583823122266 0.023138836306324 0
6055 0.5103508941034007 0.01366504662121317 0
6056 0.3522031602343974 0.3806530047749909 0
6057 0.8637942342532567 0.6231716849489404 0
6058 0.8741783415628666 0.6172818932739546 0
6059 0.8843921745778606 0.6231184908720862 0
6060 0.8842441986457615 0.6113879206589208 0
6061 0.8639860124280405 0.6113503274192189 0
6062 0.894626650092783 0.6172589643754607 0
6063 0.7396759868953757 0.9078207961451863 0
6064 0.3298439826985715 0.8353472338933101 0
6065 0.2167464441195719 0.5438318899336897 0
6066 0.4162343177555854 0.1332216771551364 0
6067 0.4165949615058209 0.1239106728504568 0
6068 0.8638401597600812 0.7296103254382043 0
6069 0.8637774822021534 0.7177565550862961 0
6070 0.6105523984960366 0.2517500349660298 0
6071 0.6015919932084709 0.2466352648628989 0
6072 0.6747037787823358 0.1929946058580602 0
6073 0.7918963516873073 0.8660653344347296 0
6074 0.5751716932517905 0.2108000392249388 0
6075 0.5758717705726665 0.2014462186740997 0
6076 0.6930319474347929 0.1508067867674323 0
6077 0.4045009601171439 0.06358398194770734 0
6078 0.1001271491024104 0.465072607576988 0
6079 0.1094381438295751 0.4705867314265833 0
6080 0.1097335480208251 0.4591665970633111 0
6081 0.4963086864960086 0.1797528687529922 0
6082 0.5482951981415682 0.2365040075778623 0
6083 0.5680095106023695 0.03713954187546253 0
6084 0.6374987773396839 0.3604297770891488 0
6085 0.2067859477829762 0.5965708040496016 0
6086 0.4785133120380666 0.1900517375404037 0
6087 0.01013022819936099 0.5058967603157882 0
6088 0.01975915682397363 0.4998738070499975 0
6089 0.01006063066631084 0.517757982442381 0
6090 0.07393685759484885 0.285256112350353 0
6091 0.09988601144294995 0.4884056701134647 0
6092 0.1520666303707037 0.8148225499746906 0
6093 0.1401956450495777 0.81482100095568 0
6094 0.8121783326643013 0.5590394866015519 0
6095 0.8726399676697387 0.5707744107176078 0
6096 0.6195208365275736 0.2569019830453206 0
6097 0.3309321752679191 0.8136057743206426 0
6098 0.5255186657826436 0.7355969160429414 0
6099 0.9233239117013661 0.5179156665105333 0
6100 0.4750326721288983 0.02334381009344581 0
6101 0.6285236160994934 0.1690355053500036 0
6102 0.6200686670357355 0.174333645518535 0
6103 0.6204738820807723 0.1634246205569082 0
6104 0.6108637252211256 0.169282145737178 0
6105 0.620147354639647 0.1846821427400896 0
6106 0.3630870610832733 0.10290902935141 0
6107 0.3080718382207788 0.2461080754255422 0
6108 0.4591586365132843 0.3602982017503372 0
6109 0.3790433244397096 0.3757817006874307 0
6110 0.3792404216036203 0.3853903574020533 0
6111 0.8279592530758546 0.1995603238325295 0
6112 0.4517671295625161 0.1951650346443659 0
6113 0.1685480386051034 0.3457807053904111 0
6114 0.8638567819034247 0.694061807869944 0
6115 0.8637548474282077 0.6822212846011012 0
6116 0.8533319041955992 0.6764389808244506 0
6117 0.8741290445211383 0.676241534303091 0
6118 0.5049260757261913 0.7001427518556188 0
6119 0.576729294369386 0.777030080824026 0
6120 0.5664764787818909 0.7711058219506484 0
6121 0.4946395750736088 0.694253695503753 0
6122 0.4844356415836329 0.7001318497680749 0
6123 0.5932712972946957 0.2013971028714758 0
6124 0.32710010662067 0.1330082139081901 0
6125 0.3169102375350941 0.1458516035028354 0
6126 0.5102052846956145 0.03319728301721356 0
6127 0.6195615250361173 0.3189951857633904 0
6128 0.7096433086432363 0.2570847672297467 0
6129 0.6582280640263034 0.6471789123601435 0
6130 0.009979325621543283 0.5769124056583068 0
6131 0.4339298781687684 0.1642067828384501 0
6132 0.1989868188805725 0.2470778643603807 0
6133 0.6824321148976917 0.3761245582323408 0
6134 0.4397501182322989 0.05346566978090368 0
6135 0.0904214325345848 0.6001085902182846 0
6136 0.09946926464222194 0.6055509949571133 0
6137 0.4661926133270836 0.03826252652639577 0
6138 0.3169068730837927 0.2410180149778705 0
6139 0.3256873081681919 0.2460675698320195 0
6140 0.9255564865906029 0.7057856582495059 0
6141 0.9152942382583302 0.7236115301332728 0
6142 0.09001743961647614 0.6237954874750568 0
6143 0.5869283885051118 0.7592860672048407 0
6144 0.8580013659924963 0.3238274453955634 0
6145 0.7105847291310623 0.5243626010241562 0
6146 0.7208290571648981 0.5418889541858326 0
6147 0.7212451398080817 0.5079494330798129 0
6148 0.8638920791094336 0.7889122075956543 0
6149 0.8536008840443094 0.782990908347451 0
6150 0.853607942072901 0.7948549887577858 0
6151 0.8433299141611188 0.7889246503045079 0
6152 0.843304540468259 0.7770780257260266 0
6153 0.7509932099800447 0.7830284510165804 0
6154 0.7407685172597734 0.7770981014326401 0
6155 0.7612121976709753 0.7889520138858043 0
6156 0.1529628711339374 0.2215237070704388 0
6157 0.4159329452389906 0.2468260307850355 0
6158 0.5389634810908855 0.3853567226354156 0
6159 0.628495260094731 0.2620671914739157 0
6160 0.9151146994477909 0.6172397081979073 0
6161 0.9248204363839473 0.6114412236911527 0
6162 0.9047502457483965 0.6113384151182006 0
6163 0.8231081279945476 0.6467051529774509 0
6164 0.8129087141044153 0.6408032810902192 0
6165 0.802695474718186 0.6466933066879018 0
6166 0.8027031580938423 0.6349054158921325 0
6167 0.7925109358108426 0.6408265422481061 0
6168 0.8127093258234657 0.6289944924441883 0
6169 0.8024108058368136 0.6231701878776893 0
6170 0.8228530266653911 0.63487956428147 0
6171 0.7019705884146514 0.1767612515296937 0
6172 0.5579687663026582 0.201453816500355 0
6173 0.5050233875948784 0.1027555327621885 0
6174 0.5935638120926031 0.08243387103439638 0
6175 0.2898097190254062 0.257269393047472 0
6176 0.2898071290047436 0.2675645789515255 0
6177 0.5049805952889248 0.7355712029428443 0
6178 0.4947581248085402 0.7533041837686767 0
6179 0.4844876767521782 0.7592043091571343 0
6180 0.4844963247605627 0.7710360428528688 0
6181 0.01000131822945037 0.5533437369026017 0
6182 0.0100976484069871 0.5415319056907487 0
6183 0.01978362449038796 0.5354227091932329 0
6184 0.617422780030418 0.6244953809213816 0
6185 0.4680376238982382 0.3140076445418867 0
6186 0.6288583863616287 0.189851560677453 0
6187 0.6101355141737996 0.1889197631116468 0
6188 0.4947758747590741 0.2984889405161831 0
6189 0.4858464399053952 0.3037092196137876 0
6190 0.4947882919477355 0.308790233922393 0
6191 0.6105587598574276 0.3755350466399798 0
6192 0.6104980233370152 0.3854472030262401 0
6193 0.9256549495619959 0.753268914555461 0
6194 0.9153311294148777 0.7591868319306015 0
6195 0.9153205132992093 0.7710717537935944 0
6196 0.9050308068053786 0.7651292751826744 0
6197 0.9153073412533322 0.7473300329491789 0
6198 0.8125163950891566 0.7120064281158746 0
6199 0.8227726575508398 0.7060739604493105 0
6200 0.812507650852565 0.7001605820491862 0
6201 0.4365877566083358 0.8764732157985859 0
6202 0.4430453781053461 0.8655728847457842 0
6203 0.4831432361077749 0.6418182655286951 0
6204 0.6793628366184381 0.6235745116902774 0
6205 0.4639702431057267 0.7710094722480969 0
6206 0.7924752835991771 0.6525886123788127 0
6207 0.7822778937272787 0.6467242064990228 0
6208 0.4529550649066919 0.6590319271970924 0
6209 0.4590365423040725 0.6412561753406507 0
6210 0.4706755756233011 0.6422573548486696 0
6211 0.5482720381019739 0.2674898739608628 0
6212 0.5481592729447924 0.2778526940629186 0
6213 0.5303800413785242 0.349936760832772 0
6214 0.7638468082314041 0.04764607497349345 0
6215 0.476973488136813 0.3705270466029376 0
6216 0.5363991369068767 0.02791249940413545 0
6217 0.4640054780001601 0.7237180558484011 0
6218 0.4537771804164843 0.7177982148641271 0
6219 0.4435416183003786 0.7236933816912973 0
6220 0.4435525605518221 0.7118775835312958 0
6221 0.4640085474114373 0.7119052620112634 0
6222 0.4537823253132637 0.7059847884629875 0
6223 0.4639946024478588 0.7000892768232041 0
6224 0.5661376608770443 0.2571459994961063 0
6225 0.9367798365567607 0.2113746149610746 0
6226 0.6685542630587343 0.7120637025017873 0
6227 0.6685653614389961 0.7002515106389277 0
6228 0.556230411930186 0.7770183207630945 0
6229 0.05971275914107645 0.5352536253845137 0
6230 0.3718393800757107 0.7413167997437233 0
6231 0.5926960570717155 0.2931483383596605 0
6232 0.5141996439658398 0.6217623969591145 0
6233 0.5260624270490163 0.6180188850444139 0
6234 0.5357366384449801 0.6244467991602678 0
6235 0.4947761009137992 0.3602545057653523 0
6236 0.4858572590370405 0.3756107178577746 0
6237 0.5660146821907682 0.339626938302567 0
6238 0.5928971541797958 0.2312986080981812 0
6239 0.474224410554738 0.7651063204174111 0
6240 0.311953410878217 0.7430064537484548 0
6241 0.3178100143948883 0.7327434048785598 0
6242 0.4164204335389652 0.2868570439386254 0
6243 0.6480858254038185 0.7238695646012452 0
6244 0.6480822525904368 0.7120618612133043 0
6245 0.6378505437745903 0.7179629577392094 0
6246 0.501410989250078 0.03828739052083102 0
6247 0.06865084875007271 0.67104060185324 0
6248 0.4680346019693932 0.3345788142003506 0
6249 0.5909677532459424 0.8762155519243928 0
6250 0.5958394686565158 0.8660452562879757 0
6251 0.6081201622642135 0.8645671269342011 0
6252 0.5842814148704916 0.8661662780870387 0
6253 0.5727802121196235 0.8662142727639985 0
6254 0.5670687092636519 0.8762986523351219 0
6255 0.5608558133812029 0.8661806253019029 0
6256 0.6145962413034748 0.8759700654486365 0
6257 0.6209022708479551 0.8658567808897547 0
6258 0.6265985896816264 0.8761385662004711 0
6259 0.6324863882947622 0.8659001276684591 0
6260 0.644354791703822 0.865887388383802 0
6261 0.6502527442537767 0.8762073713667233 0
6262 0.6556972244431647 0.8661641688784814 0
6263 0.5304927896167058 0.2468603952745574 0
6264 0.521074265614994 0.2405643803247779 0
6265 0.4840685731152082 0.876303370482852 0
6266 0.4780882348504966 0.8661309395851601 0
6267 0.4900361086686359 0.8662798088914709 0
6268 0.5033667855466062 0.8656717587315272 0
6269 0.507872690269407 0.8762690554406448 0
6270 0.6276366757892757 0.6766463020329621 0
6271 0.627592421221033 0.6648483591374488 0
6272 0.617411788718945 0.6825425697244918 0
6273 0.6071735034657981 0.6766352186573479 0
6274 0.5969597180912412 0.6825267908139107 0
6275 0.5867389155218361 0.6766184799142333 0
6276 0.5765292458462677 0.6825155546388714 0
6277 0.5663117533720603 0.6766084156413364 0
6278 0.5560904951511049 0.6824981962643021 0
6279 0.627972967663345 0.7829704372998255 0
6280 0.6381668376128425 0.7770220698429392 0
6281 0.6484882637517421 0.7829652783719833 0
6282 0.6483623052788328 0.7711138675978453 0
6283 0.1581639631018255 0.6378521241633613 0
6284 0.3058179029746628 0.692539823125939 0
6285 0.6914395063092571 0.2667653374817735 0
6286 0.6889933359604866 0.700254863681574 0
6287 0.6566841822082295 0.9276189877928809 0
6288 0.662507890470436 0.9173265421146098 0
6289 0.3891096002336437 0.2209044419723591 0
6290 0.4005222827513691 0.6227551101688752 0
6291 0.4126809066584691 0.6704521750229333 0
6292 0.4133417305474798 0.6598227427985722 0
6293 0.4227596426331836 0.6654598582450542 0
6294 0.423010548366668 0.676565878106596 0
6295 0.4329011575458835 0.6712267931917062 0
6296 0.7821982839910661 0.6702922774006056 0
6297 0.7718120871498334 0.6644555097328029 0
6298 0.7822200058292903 0.6584817839894911 0
6299 0.7719449218461192 0.6526179052816288 0
6300 0.7720504252450879 0.6407727976991536 0
6301 0.7614484273658003 0.6468773207924722 0
6302 0.2943930770603616 0.6924928863591457 0
6303 0.4333036481835874 0.7295884014871592 0
6304 0.5303901840819569 0.3602175439767077 0
6305 0.2094452462517424 0.6789199708641483 0
6306 0.5562425984734675 0.7297159887347164 0
6307 0.01007825875140739 0.7077576026061779 0
6308 0.3411956077364997 0.7339999968102858 0
6309 0.0867751328025195 0.7620514645415399 0
6310 0.09704951681876858 0.7560985065479336 0
6311 0.1072782578977886 0.7619117154231245 0
6312 0.1073054833909719 0.7501450990581616 0
6313 0.1171148129080785 0.7560669223215479 0
6314 0.1166797883199273 0.7672616238669263 0
6315 0.1174910400910844 0.7442131563679835 0
6316 0.1283386087925211 0.7516150133460282 0
6317 0.1278400775156938 0.738365683112673 0
6318 0.1277988420476518 0.7264198215125712 0
6319 0.09701751517547388 0.7442386217706896 0
6320 0.9896912158479441 0.6488077188670296 0
6321 0.9782166681572022 0.6648452578421788 0
6322 0.9880117577172766 0.5752351932404203 0
6323 0.9781667969378767 0.5827707049401043 0
6324 0.9896912158479465 0.625001804940579 0
6325 0.9903561536226972 0.6011850680569136 0
6326 0.5660207486740891 0.3499137858283795 0
6327 0.5391408238961367 0.2003424315626089 0
6328 0.4250624272698256 0.1384868845160618 0
6329 0.6690122497616344 0.7711566857530231 0
6330 0.6690209123579236 0.7593250640867326 0
6331 0.6792674459506528 0.7534147101462987 0
6332 0.6895143131806331 0.7593319440047611 0
6333 0.6997378129090066 0.753407678163712 0
6334 0.6997000228880303 0.7415821254676114 0
6335 0.2293333277559613 0.6921060394579106 0
6336 0.6559674873669084 0.1945149850988266 0
6337 0.4639031733741981 0.8183660058271804 0
6338 0.01014204678499789 0.7316227705262812 0
6339 0.2067506281952088 0.5848307887723433 0
6340 0.6106025796541665 0.2931492524092911 0
6341 0.8330550260121694 0.7948673699513262 0
6342 0.2067068688547685 0.5613889177397945 0
6343 0.6685037745596906 0.6530782155886731 0
6344 0.134261013191128 0.8251105873984435 0
6345 0.1520197620654611 0.9176806579659196 0
6346 0.7611592120677566 0.8484397672424924 0
6347 0.7498567208384991 0.8436382252091704 0
6348 0.7511191400197081 0.8306426454758037 0
6349 0.2168757069943974 0.5323253765506246 0
6350 0.5392257059585006 0.3139140731746738 0
6351 0.7716312186594743 0.7237389353441717 0
6352 0.3832920734006526 0.9277717472751843 0
6353 0.2712665173306417 0.09902796114017755 0
6354 0.3538070876150359 0.1381916450748952 0
6355 0.1640429590796728 0.7331270894521946 0
6356 0.1582480478418119 0.7221330062567475 0
6357 0.1758529902510438 0.7331436761461807 0
6358 0.1801364440472521 0.7211490374963809 0
6359 0.1934763884032288 0.7233301435650087 0
6360 0.1900747051704784 0.7133417226430764 0
6361 0.1995108138101971 0.7331469493824218 0
6362 0.2115994841944867 0.7328036158628587 0
6363 0.2172306709185197 0.7430535498250515 0
6364 0.3951138287794521 0.8660767978901031 0
6365 0.3832471407186513 0.8660838660601786 0
6366 0.3891757157664661 0.8558052743838308 0
6367 0.5214771255462481 0.3550846037379654 0
6368 0.2411140266718189 0.8662215045673506 0
6369 0.2233377204346103 0.8765585544622784 0
6370 0.5497068793154423 0.9276706357084578 0
6371 0.5437342473131118 0.9173800086983641 0
6372 0.5318771089121075 0.917390809072365 0
6373 0.5615813626387525 0.9276610482196419 0
6374 0.5675286226349803 0.9173705192617464 0
6375 0.5793708821745804 0.9173537455437424 0
6376 0.5853418840354074 0.9276458772511413 0
6377 0.5972329991673212 0.9276384375950042 0
6378 0.603189297043194 0.9173467432638653 0
6379 0.6150701313938808 0.9173410034378248 0
6380 0.5259277220727695 0.9276788159093586 0
6381 0.5140554227983829 0.9276874964073709 0
6382 0.5080725965300029 0.9173988387549645 0
6383 0.4962173792015309 0.9174117099338255 0
6384 0.490270059299065 0.9276992991962327 0
6385 0.4783959149809691 0.9277088629308244 0
6386 0.472419715497979 0.9174215939231081 0
6387 0.4605577929579252 0.9174327605024045 0
6388 0.4546119015445943 0.927719718138617 0
6389 0.4427359837061472 0.9277300876591793 0
6390 0.4367523613803408 0.9174461089068473 0
6391 0.6210210045569691 0.9276365483401638 0
6392 0.6329085242336758 0.9276320135998479 0
6393 0.6387424660220372 0.9173400955335206 0
6394 0.9064550075693998 0.2748303780416775 0
6395 0.8966306910014553 0.2802926910721122 0
6396 0.8868517795471376 0.2744952993935569 0
6397 0.8868503691743852 0.2633827783149757 0
6398 0.6105918142319422 0.2827981519647659 0
6399 0.3425833016786158 0.2834163517760351 0
6400 0.325034675786454 0.182210348762144 0
6401 0.3433139367114019 0.1828895234058114 0
6402 0.6200367506925544 0.04682612777525738 0
6403 0.7204027570529653 0.5882336781871589 0
6404 0.7204066965413531 0.5764712350368848 0
6405 0.7307743740298234 0.5706131296915521 0
6406 0.7205193186209954 0.5648884923121666 0
6407 0.7308749402452381 0.5589902115085712 0
6408 0.7102169692073235 0.5706187780875397 0
6409 0.9896910630305671 0.7916675838108634 0
6410 0.9793851599142522 0.7857161736936438 0
6411 0.979384172219067 0.7738160166253475 0
6412 0.9685868945759945 0.7795031997632769 0
6413 0.9689422087734583 0.7676267766162206 0
6414 0.9793599220464705 0.7618763786138413 0
6415 0.9690747842286178 0.7559735314132179 0
6416 0.9690811443206213 0.7916641539336724 0
6417 0.9589549968744344 0.7473948594932553 0
6418 0.9574780109275716 0.7725684535611307 0
6419 0.9790985728746932 0.7484981289457636 0
6420 0.351649270256188 0.646868702428653 0
6421 0.3773051567714494 0.855812305650232 0
6422 0.3832263850478514 0.8455685804457327 0
6423 0.3950988097623511 0.8455803392140038 0
6424 0.6250005840378177 0.9896914384527973 0
6425 0.6190499225197188 0.9794877866531305 0
6426 0.6071493503804097 0.9794009878457529 0
6427 0.6131001989850737 0.9690791472265079 0
6428 0.6012034097559813 0.9690774775435453 0
6429 0.5952440697616894 0.9794784372038172 0
6430 0.6309514755396691 0.9795051970056807 0
6431 0.6428523274564978 0.9795059420787628 0
6432 0.6357971026888456 0.969124733360189 0
6433 0.6488060206692455 0.9897106950352211 0
6434 0.6547536617202268 0.9795077301421888 0
6435 0.6666544327563226 0.9794986759219771 0
6436 0.6595893708953672 0.9691170958566235 0
6437 0.672556728050311 0.9897544788469661 0
6438 0.6778106825275085 0.9795157282233289 0
6439 0.2114798685488379 0.9382644394931194 0
6440 0.7714426149502003 0.8067298883317836 0
6441 0.7817151118443003 0.8008047825624569 0
6442 0.3033739836328262 0.9898061944933927 0
6443 0.3086734316597056 0.9793072846822999 0
6444 0.5255132671933188 0.7474218686708181 0
6445 0.434308742909327 0.2868525849365512 0
6446 0.3868066923892582 0.9897066439174584 0
6447 0.392241879533467 0.9792574414625561 0
6448 0.4047199033429431 0.9794151249121029 0
6449 0.3983354668907133 0.9690211721934154 0
6450 0.4107092410655915 0.9896872618210774 0
6451 0.4166524080635315 0.9794955831769596 0
6452 0.3803704650085207 0.9793170050504316 0
6453 0.4226124861569757 0.9897075805436977 0
6454 0.4285596254085119 0.9794013203669891 0
6455 0.4404611323627 0.9794841226566473 0
6456 0.43450580063873 0.9690715636670196 0
6457 0.446420062226653 0.9896973909985003 0
6458 0.4523665077203641 0.9794873457790165 0
6459 0.4583242002084763 0.9897006742745976 0
6460 0.4642768949825941 0.9793834487969241 0
6461 0.4761769701483687 0.9794691057551526 0
6462 0.4702321234704733 0.9690486123656197 0
6463 0.4583345680365883 0.969026587006632 0
6464 0.4821345827113518 0.9896878010676184 0
6465 0.488082518394325 0.9794696914927116 0
6466 0.4940384952376984 0.9896918144726572 0
6467 0.4999723711606665 0.9793228094123553 0
6468 0.5118919888261629 0.979454398140799 0
6469 0.5059606954268068 0.9690363199664898 0
6470 0.4940629314231463 0.9689962943989856 0
6471 0.5178497122759795 0.9896841152976399 0
6472 0.5237991382204419 0.9794654270079546 0
6473 0.5297541357279698 0.9896915250238904 0
6474 0.5356893402493729 0.9793230485263984 0
6475 0.5476088272096851 0.9794561917793194 0
6476 0.5416787878039313 0.9690373443675525 0
6477 0.5297810795592419 0.9689959175951723 0
6478 0.5535651577297357 0.989687106950228 0
6479 0.5595062695609699 0.9794741291024358 0
6480 0.5654667751796328 0.989692355440226 0
6481 0.5714045485013531 0.9793657184532545 0
6482 0.5654421892262657 0.9690343670904763 0
6483 0.5773389006215482 0.9690184823453661 0
6484 0.5833291346297207 0.9794855877433883 0
6485 0.4226087193180721 0.9690747013892441 0
6486 0.2942702633942663 0.7942668503332452 0
6487 0.2883513283564452 0.7840098939546026 0
6488 0.2942763809426284 0.7737543071440581 0
6489 0.9399363550731391 0.512580490912719 0
6490 0.5214856313227698 0.3756216941272418 0
6491 0.863962487019586 0.9195215423879926 0
6492 0.8742509601774242 0.9135734173646077 0
6493 0.6283206397609586 0.1596896610012598 0
6494 0.4010393356789027 0.8558210217003941 0
6495 0.4003271934920152 0.8356902886653359 0
6496 0.8124684802970628 0.8660654750142563 0
6497 0.8021781937970998 0.8601232900781227 0
6498 0.8022046913450176 0.8482378199807279 0
6499 0.8124784602479569 0.8541880880140371 0
6500 0.7462816468052172 0.02737880291253478 0
6501 0.773844055306501 0.1455378059724914 0
6502 0.8227756572941824 0.9195175191749609 0
6503 0.8227670008270758 0.9076376897996861 0
6504 0.8124764146287637 0.9254621780453032 0
6505 0.4516123165785706 0.2674630731162032 0
6506 0.460581675311276 0.2727537587623997 0
6507 0.4692512527121525 0.2670296828949915 0
6508 0.4773562551520287 0.2711950948894019 0
6509 0.2589773140613806 0.8970889237924867 0
6510 0.2588420871646244 0.8559068796068493 0
6511 0.2261481901038096 0.1455358452657216 0
6512 0.7610817913763221 0.9194947850497526 0
6513 0.2527955960036157 0.804528012145632 0
6514 0.791666523411686 0.9897688191990666 0
6515 0.7857151818448562 0.9797542763053697 0
6516 0.7738143282557826 0.9794456746416684 0
6517 0.7811704820398826 0.9676227856148866 0
6518 0.7679629752564874 0.9681987330609433 0
6519 0.7619308701376903 0.9792467754219905 0
6520 0.7561075698486552 0.9690629087389619 0
6521 0.7728735120213545 0.9589599045461871 0
6522 0.7506534970598971 0.9797145906327015 0
6523 0.799218669739993 0.9789261130171873 0
6524 0.3064683367370067 0.9176170563694572 0
6525 0.3123368098632224 0.9072583383154786 0
6526 0.2885744250071483 0.8661656324677645 0
6527 0.5562300028213222 0.7888527945261119 0
6528 0.04526435613035588 0.8095987597856081 0
6529 0.5049386212689668 0.6529601167789065 0
6530 0.4071334874320516 0.1796008815702854 0
6531 0.5357035968839194 0.7178723204240033 0
6532 0.7287388160294502 0.09904248545753286 0
6533 0.7920136616338145 0.7119928481760586 0
6534 0.5049792335496506 0.7828884393025668 0
6535 0.7507615141858814 0.8779271201714429 0
6536 0.7405424535647567 0.8722693119583016 0
6537 0.0100776220600634 0.6844393777887399 0
6538 0.01019090498769411 0.6725628272051749 0
6539 0.01989226544564061 0.6658750765130362 0
6540 0.02007181150686917 0.6779388929862835 0
6541 0.3892155338346122 0.917476389869553 0
6542 0.4072074049664863 0.1589927209067418 0
6543 0.9256143638065165 0.7770361560897492 0
6544 0.9153155055249345 0.7829486948548248 0
6545 0.9256129349463024 0.7889172856353566 0
6546 0.3210914516837585 0.6408897182443867 0
6547 0.3110224489968282 0.6349006956568357 0
6548 0.3004799766433446 0.6529782694900874 0
6549 0.5459377123578217 0.6412690083338458 0
6550 0.5357437503944307 0.6355249964109158 0
6551 0.5253932411912648 0.6883644056529559 0
6552 0.3518721115516411 0.3296895898470119 0
6553 0.1992149392297717 0.673011598132063 0
6554 0.5766418120313346 0.6351360074336849 0
6555 0.7394877429911407 0.9300028711947446 0
6556 0.5869823811894161 0.7829566927827742 0
6557 0.9153736216344044 0.842461619882007 0
6558 0.5254750769523702 0.7829111256861798 0
6559 0.9256734275499061 0.8838993985290184 0
6560 0.9153715736468226 0.889842998318804 0
6561 0.6921808881466532 0.8250708635597666 0
6562 0.6863139432232348 0.83551819003621 0
6563 0.6918654585041275 0.8453054782141769 0
6564 0.2054760295916616 0.8662102326145452 0
6565 0.6863635508800359 0.9378598732097828 0
6566 0.4333323370307783 0.7059595261176044 0
6567 0.7714579217275161 0.794877634186606 0
6568 0.5151289456676127 0.6706594227345271 0
6569 0.1936283919806177 0.8456815381135425 0
6570 0.2054709380809246 0.8456518273257915 0
6571 0.1995391445912988 0.8353865459652688 0
6572 0.187685315755693 0.8354018294289796 0
6573 0.4946750980576107 0.8243223852595827 0
6574 0.7920105769266392 0.1560037792753019 0
6575 0.6074461985184394 0.7593053173291735 0
6576 0.3352322122451304 0.2312188692029262 0
6577 0.2083339707581156 0.9898028740051098 0
6578 0.2135079995911633 0.9794049485384099 0
6579 0.2255899757203553 0.9792912457360505 0
6580 0.2320402742505997 0.9896750664647802 0
6581 0.2377371261784196 0.9794992438558381 0
6582 0.2304194602607473 0.9689982354674368 0
6583 0.2438883445902078 0.9897084901907678 0
6584 0.2488710802322787 0.9793150429584316 0
6585 0.1964295828918489 0.9898213819823918 0
6586 0.1904772404331559 0.9793823149130718 0
6587 0.1785753335453417 0.9793813900366534 0
6588 0.1725439781365582 0.9897118543153433 0
6589 0.1660546673720703 0.979246524946735 0
6590 0.1707331039010724 0.9687987180139623 0
6591 0.7321441103308657 0.9896916102985021 0
6592 0.7388224747624454 0.9781165395024203 0
6593 0.7261948061991713 0.9793844104678413 0
6594 0.7201264015637677 0.9896996410218923 0
6595 0.714620739052817 0.9792872159122534 0
6596 0.5892857142871765 0.9896901737645434 0
6597 0.7923226869537416 0.6290994749617054 0
6598 0.5560943186910919 0.6707018312734966 0
6599 0.4695669768712398 0.2364216990835219 0
6600 0.1277066973943523 0.702710778309166 0
6601 0.9793847643097076 0.7976179652237404 0
6602 0.979380676982054 0.8095182832273223 0
6603 0.968572768090409 0.8029171517969014 0
6604 0.9687366086317333 0.8149653227181686 0
6605 0.979318108601416 0.8213363203155801 0
6606 0.9689997513109933 0.8272645382840601 0
6607 0.9578710393552227 0.8202880882955015 0
6608 0.9582882444344333 0.8327927693698678 0
6609 0.9689675082084561 0.839158480280359 0
6610 0.9587785188238862 0.8448856284681037 0
6611 0.9480814882577332 0.8387508977341588 0
6612 0.9690381265314737 0.8510887775525636 0
6613 0.9581141618263438 0.8562732308005108 0
6614 0.9684514019328645 0.8626308332011099 0
6615 0.9574917970987715 0.8078287236300263 0
6616 0.9472187667289919 0.8261548107453145 0
6617 0.9373177932381372 0.8337408546455013 0
6618 0.9372814289600735 0.8444332078419972 0
6619 0.9365027669687829 0.8197233284012869 0
6620 0.9792562905981349 0.8570384932306327 0
6621 0.979234192018587 0.868939084818436 0
6622 0.968411825410868 0.8744536493644242 0
6623 0.9792214375624148 0.8808291257288863 0
6624 0.9685944656293181 0.8861904974698269 0
6625 0.9792391853882412 0.8926999604366419 0
6626 0.9687040160288519 0.8982133924568616 0
6627 0.9792462774070337 0.9046133270826602 0
6628 0.9687897307784552 0.9102800949826328 0
6629 0.9794077488198989 0.9163297187691781 0
6630 0.9681372717095963 0.9210885244701434 0
6631 0.9574109696620486 0.8903390656771499 0
6632 0.9573938414168515 0.9138541642472404 0
6633 0.9896601887528924 0.9106306865033906 0
6634 0.989677493339157 0.8154593713777958 0
6635 0.9896733556308275 0.8273591458077363 0
6636 0.2764873294070687 0.7635122090674692 0
6637 0.06298155487926536 0.8663150871487266 0
6638 0.07486618857783303 0.866302886842032 0
6639 0.08081022301705362 0.8559987155529412 0
6640 0.4025270537494546 0.7945876526405773 0
6641 0.4025376575405908 0.782752994568615 0
6642 0.4127867828960626 0.7886797553811371 0
6643 0.4127853643657257 0.7768417214682894 0
6644 0.9896612380413244 0.8511671665119152 0
6645 0.2214213675188544 0.672634724658448 0
6646 0.2079612828196391 0.155946859575121 0
6647 0.4221036018688247 0.08399445013672144 0
6648 0.8844871607086435 0.8601104844961436 0
6649 0.8639072752697272 0.8601177856069202 0
6650 0.3411211439597184 0.781876593377556 0
6651 0.318065968250403 0.8145235247850874 0
6652 0.9896877183049264 0.7678549218626738 0
6653 0.205530114384482 0.927977905133075 0
6654 0.7918937106851047 0.8779420998268458 0
6655 0.60119286281146 0.9897101741163732 0
6656 0.9050674661778523 0.8720141403040859 0
6657 0.9049344705023722 0.6703484899428404 0
6658 0.915153017353156 0.6644215223910676 0
6659 0.8155399425170324 0.9902842119859465 0
6660 0.1579617647739514 0.9073826542627317 0
6661 0.1698512152459598 0.9073842931309271 0
6662 0.1757943484492546 0.897090997677903 0
6663 0.9896516014530177 0.874985265830274 0
6664 0.8021801599835189 0.9195190321929718 0
6665 0.6991017666988181 0.6472064163055445 0
6666 0.2438715208902678 0.1554373424311282 0
6667 0.8536666653091866 0.9254650540667636 0
6668 0.07487779719217924 0.8457161028543138 0
6669 0.1379530900797182 0.6024598048798682 0
6670 0.4516234692616764 0.257157762441284 0
6671 0.822759854636027 0.8601324499348602 0
6672 0.7611912983042451 0.8008025655635739 0
6673 0.7678635511549144 0.9896791165967451 0
6674 0.116441124192643 0.9383234992686221 0
6675 0.7195920801705334 0.6589901900635993 0
6676 0.7299555317768753 0.6648772529031877 0
6677 0.1045523824152388 0.9177431547291728 0
6678 0.5572254803830403 0.2313308233490247 0
6679 0.8020552829562081 0.4177688789434682 0
6680 0.7612306120135282 0.7415888559985813 0
6681 0.3922893876213045 0.7768263926183968 0
6682 0.14808435255246 0.6908092660308195 0
6683 0.1480831117761727 0.6789858279487565 0
6684 0.3183140099842174 0.9381073775002423 0
6685 0.6374124738185272 0.2361829612848707 0
6686 0.6375159520953824 0.2259218433011756 0
6687 0.3803250010305757 0.2567608472985977 0
6688 0.3710447299261346 0.2613828986765217 0
6689 0.009870188064594826 0.8507339774446426 0
6690 0.05702073644266469 0.8972093189561294 0
6691 0.05700265480916056 0.9383526685020027 0
6692 0.04957689539226723 0.6238344306568796 0
6693 0.8508979812268451 0.9901128941291498 0
6694 0.1639299928488123 0.7942648496561822 0
6695 0.1698915492532527 0.7840166256022929 0
6696 0.4518009378346609 0.1848624715361939 0
6697 0.4435217628016482 0.7355103213784675 0
6698 0.01008351044517141 0.8742061331460513 0
6699 0.8750000042015706 0.9898463160984462 0
6700 0.8690476284159425 0.9793804437238648 0
6701 0.8824742149671689 0.9789588096608748 0
6702 0.1248199705164837 0.9896822236153655 0
6703 0.130345005181282 0.9792321761443177 0
6704 0.1182813103094861 0.979339408494882 0
6705 0.7037116347773222 0.8453132911564327 0
6706 0.8988986046610736 0.99028388716831 0
6707 0.01023519763935626 0.9226545857816177 0
6708 0.02060931954691472 0.9296375127485359 0
6709 0.02052109624355018 0.9412189573838896 0
6710 0.02143915165907877 0.9172298041805707 0
6711 0.01027789644048647 0.9464816730721469 0
6712 0.0206196121833509 0.9523802753909613 0
6713 0.06547619299913693 0.9896901752208953 0
6714 0.07071964944901825 0.9793420505720218 0
6715 0.05350075451108183 0.9898297949598365 0
6716 0.04639686463328258 0.9794929961260606 0
6717 0.009947129022783519 0.9688731769589448 0
6718 0.9889942875789162 0.9689391913596552 0
6719 0.4332275388017011 0.7768767914993191 0
6720 0.4433415092628276 0.8420379937122044 0
6721 0.08674830638895537 0.8456974790762986 0
6722 0.4502621964341243 0.3654499194350698 0
6723 0.5869505967546366 0.7356446618853358 0
6724 0.5868954918063187 0.7238097218422433 0
6725 0.57652108756356 0.6707163623219776 0
6726 0.5571028777019387 0.3447723538975263 0
6727 0.884416039710831 0.634914106185155 0
6728 0.3476472205873682 0.9072171457409972 0
6729 0.1342605746329941 0.8662532173161317 0
6730 0.4246982669506512 0.8764042883816681 0
6731 0.2171154717365535 0.4741447147562787 0
6732 0.9897653489481867 0.7556973939580464 0
6733 0.06624529887889512 0.7858647570814992 0
6734 0.3826378978318543 0.7009834280179593 0
6735 0.9501698933098937 0.4597367456316658 0
6736 0.4070847887867018 0.2105550169186707 0
6737 0.3476424236689452 0.8455582040517564 0
6738 0.5049265407485675 0.2155440626773442 0
6739 0.4963038924567555 0.2106264299417641 0
6740 0.583864973349669 0.3704791915916418 0
6741 0.5303263609610256 0.3190762911203042 0
6742 0.8947364266294473 0.8185931727970356 0
6743 0.06307668005350067 0.8044583070849927 0
6744 0.7560674736682014 0.9897218403355583 0
6745 0.8845340382084694 0.9314082574232425 0
6746 0.5125109541990776 0.3191130103134369 0
6747 0.200121061264712 0.1092247934553146 0
6748 0.2172993446658636 0.7840327647973232 0
6749 0.9462767887028131 0.9552541812163344 0
6750 0.7998798707835492 0.1092473347034756 0
6751 0.5561736018674674 0.7178715993860589 0
6752 0.1758013336128859 0.9176840452485668 0
6753 0.3060872210008347 0.7737744617443973 0
6754 0.06887295210468913 0.9383590105383262 0
6755 0.6071930230206324 0.7238346502646507 0
6756 0.2354838195113118 0.1091813395590423 0
6757 0.8330564699524967 0.8067318400669077 0
6758 0.4248471225475399 0.2623852237386233 0
6759 0.3595191434061976 0.8866488426353056 0
6760 0.4412951026137014 0.3192105975615583 0
6761 0.5840055546521254 0.236468884291031 0
6762 0.592763300357474 0.3447560302432259 0
6763 0.535689994976398 0.8243618233910787 0
6764 0.6279779674478303 0.830330159022922 0
6765 0.1104997336896622 0.9074461603904184 0
6766 0.6176365317238809 0.7533847285528095 0
6767 0.8330396544198284 0.7830150495642267 0
6768 0.7147728708020505 0.886080907301948 0
6769 0.7101912815123714 0.5823542022892648 0
6770 0.1223842116943113 0.8868499834604695 0
6771 0.6071417631858553 0.6648437794876541 0
6772 0.5481584039878548 0.3190510889452249 0
6773 0.4235603438776306 0.3706013167487917 0
6774 0.469587981708753 0.2157996751978404 0
6775 0.4942608875911468 0.6113617812001918 0
6776 0.6587907619645595 0.6113741323345866 0
6777 0.3173698194961392 0.6102344112095432 0
6778 0.3525876258088881 0.6120459833128206 0
6779 0.5989049168983492 0.6107738222942024 0
6780 0.2530510509096713 0.9279621604403039 0
6781 0.802252405209902 0.753417840860392 0
6782 0.0807751835961317 0.9383572116482607 0
6783 0.5571077721138056 0.3653367247714473 0
6784 0.2068254780897527 0.3569836555244659 0
6785 0.6587030278762842 0.7652394336894278 0
6786 0.4898655733518635 0.008376635892273578 0
6787 0.7292518002903777 0.8662846944916747 0
6788 0.1876896119255237 0.8970976725222882 0
6789 0.9256679168937739 0.9433725634123122 0
6790 0.9360023451649762 0.9136313428721412 0
6791 0.8844846524813044 0.8720084811495831 0
6792 0.289705158956736 0.5116746493603255 0
6793 0.2898114658378853 0.5352941176471168 0
6794 0.2889872907673072 0.5470350340524788 0
6795 0.5707070707059386 0.008085911825527281 0
6796 0.3284484249922665 0.6103094896949962 0
6797 0.3417234958438397 0.8763807155122145 0
6798 0.764518102508137 0.1091864718496228 0
6799 0.1046362005376412 0.9589253807421134 0
6800 0.2646502472169426 0.8045311355203332 0
6801 0.6016556849916457 0.2983178915382589 0
6802 0.2588538646284761 0.7127364460000409 0
6803 0.4413115937746393 0.3397610201226839 0
6804 0.4323890123950573 0.3346339265870477 0
6805 0.4323815255861439 0.3243644706298811 0
6806 0.423457301806393 0.3192485446504079 0
6807 0.8536173358887291 0.889824427790543 0
6808 0.3891949182374475 0.8969124714009108 0
6809 0.8125125022344988 0.7948818379222526 0
6810 0.3892643279097179 0.008293632038441705 0
6811 0.3173637991428364 0.009926405384391492 0
6812 0.9050812712803126 0.9195548862557048 0
6813 0.9793418051569904 0.8332830456376998 0
6814 0.2901441737526137 0.5705977608740993 0
6815 0.7931082351733982 0.008126881197728583 0
6816 0.430754804283273 0.9071651571052574 0
6817 0.9049062063965763 0.9796696252398972 0
6818 0.2768266876261135 0.9485376782672896 0
6819 0.48446234648346 0.7828737318829636 0
6820 0.4057251814084595 0.370666853881754 0
6821 0.9153160865207892 0.794850911923356 0
6822 0.03348265700906838 0.8767661687800851 0
6823 0.5664691935910603 0.7592769962267463 0
6824 0.02397666415581288 0.8345645599659099 0
6825 0.1578601814384708 0.9485139191440851 0
6826 0.9049054389598565 0.6585196092811595 0
6827 0.8844488921654192 0.8126559972859464 0
6828 0.8947360434831352 0.7829757303615288 0
6829 0.8843125667934615 0.9667957678810446 0
6830 0.8330697734490313 0.9492459779415692 0
6831 0.2054606825299622 0.8045765562719753 0
6832 0.2767996052425425 0.9073684513662902 0
6833 0.7816439769533921 0.9432083072972584 0
6834 0.1580101322226044 0.8251188503671952 0
6835 0.07648359563559921 0.7561498477481154 0
6836 0.6177359067765045 0.7888899357011852 0
6837 0.8639897868596862 0.9551479897776867 0
6838 0.5482852693727817 0.2261784580831334 0
6839 0.535752724169668 0.7533445752815018 0
6840 0.4639665356122402 0.7591782473467874 0
6841 0.4947894931797348 0.3705080850680865 0
6842 0.03957057526325609 0.8458438203508354 0
6843 0.5972262708975984 0.8125590480780677 0
6844 0.9322014410382085 0.1401777418134587 0
6845 0.9322268813591419 0.1513694310473159 0
6846 0.9422068473263883 0.157217790745914 0
6847 0.2352270253248576 0.9176745019477615 0
6848 0.4872511317939968 0.1437166599726862 0
6849 0.5357001264837992 0.8125164459019502 0
6850 0.2290990504599681 0.8250529602062407 0
6851 0.52541716905901 0.6647743191225611 0
6852 0.1818828028941766 0.9484464126770984 0
6853 0.09862567144117547 0.8662735218273208 0
6854 0.1105070930057231 0.8456893992676824 0
6855 0.6484821648434944 0.8303419632589408 0
6856 0.4844795385836047 0.7473782493912258 0
6857 0.4639729147685323 0.6882821649321241 0
6858 0.4874113251532997 0.2364220920670057 0
6859 0.4536756316133912 0.8005887741821175 0
6860 0.4639224052514197 0.8065228854991374 0
6861 0.2531479141397969 0.6612516804470955 0
6862 0.1276761481212423 0.690860450429447 0
6863 0.4160178355472755 0.2054117036459883 0
6864 0.7816081534735568 0.8720026628156037 0
6865 0.9793239593887481 0.8451691673475015 0
6866 0.246882761233603 0.7942686847862095 0
6867 0.3831164816227119 0.8179519281811027 0
6868 0.163951707900295 0.8559628758274079 0
6869 0.09339208868228217 0.2966079393295532 0
6870 0.4332412868366845 0.765049397276374 0
6871 0.2827646092446178 0.9382434060595514 0
6872 0.3772798789286498 0.8352738629737824 0
6873 0.04568123629496983 0.797792274392479 0
6874 0.3513907382201155 0.7649409334139605 0
6875 0.258729780888087 0.8353234844332849 0
6876 0.843328650717893 0.8838864433573811 0
6877 0.8536068837890182 0.8304582758204083 0
6878 0.7407377268605795 0.7652593508038361 0
6879 0.5663106626408461 0.6648155786388528 0
6880 0.1045596634163949 0.8353955766433077 0
6881 0.1402021304576141 0.8559656914474966 0
6882 0.8227773809715819 0.8363889796324621 0
6883 0.6787793003117764 0.7416069628920031 0
6884 0.668543446606704 0.7475139715581269 0
6885 0.8021788620793565 0.9076377568551732 0
6886 0.2114641350936594 0.9176824921586699 0
6887 0.1936098981154059 0.8251224087010419 0
6888 0.07658335232306782 0.7914108485647545 0
6889 0.4026361875650314 0.7000179510687484 0
6890 0.5664640580368396 0.8184639691573905 0
6891 0.2649080683163341 0.8867998830139445 0
6892 0.3357908531142152 0.8455632444479788 0
6893 0.181753009530024 0.7840368248357346 0
6894 0.4946824668071669 0.8124788341710838 0
6895 0.3313587800077603 0.6701512407405268 0
6896 0.0808148453873252 0.8354284414863165 0
6897 0.6382426258806724 0.8125779503025022 0
6898 0.4127491675565099 0.7531452283127857 0
6899 0.945890768857826 0.6703361067557881 0
6900 0.4010631111070653 0.896905176096282 0
6901 0.1698750448268049 0.8045630442093041 0
6902 0.3613229287319694 0.6759134130105382 0
6903 0.2168863463944029 0.5672166093419184 0
6904 0.3825127716719115 0.6883739778695729 0
6905 0.7381733825121307 0.8447901083895204 0
6906 0.5806762721706762 0.007858530764668584 0
6907 0.1342688527112671 0.8045471901485566 0
6908 0.8020636640837943 0.955134319071953 0
6909 0.6071872814806138 0.7120244329469056 0
6910 0.7713165052823772 0.9016874626189835 0
6911 0.1719943220902996 0.1995001306135392 0
6912 0.1698827113899791 0.8662399450417986 0
6913 0.962925407308581 0.5268715543884535 0
6914 0.7919660972736465 0.830438390238515 0
6915 0.5560262588761929 0.847892695201176 0
6916 0.270589228910571 0.7532829396427296 0
6917 0.4434365344688729 0.806487039734737 0
6918 0.7919987936668574 0.7593371427515563 0
6919 0.4738827610966785 0.8477807811772885 0
6920 0.04872024494106469 0.718168016822917 0
6921 0.1283245054840308 0.8148254672693365 0
6922 0.4883771859028922 0.2582128843349072 0
6923 0.2468991066184321 0.7737695769600805 0
6924 0.04568572158527123 0.7622314205326879 0
6925 0.1936115776445198 0.7635232642623629 0
6926 0.8947316068767716 0.7592270606730223 0
6927 0.3615688741348185 0.770869111463381 0
6928 0.6689781611543674 0.8065968562981443 0
6929 0.7156073886869827 0.926926036409965 0
6930 0.2824943969382976 0.6709889469711563 0
6931 0.3773402955898809 0.917487718226488 0
6932 0.8741637773821602 0.8185877155016488 0
6933 0.5927601101714879 0.3344580297753575 0
6934 0.5151953547643666 0.8124962170917893 0
6935 0.3535891199770765 0.9380779764946745 0
6936 0.6919163259290422 0.9069037661323891 0
6937 0.8022402632680197 0.8245173838985276 0
6938 0.6915185206298095 0.3398416901497539 0
6939 0.2646666490371862 0.7021573684019116 0
6940 0.3711659538143067 0.8021466144474066 0
6941 0.954824829663566 0.6178913806150224 0
6942 0.07954033301955028 0.6528723829530418 0
6943 0.3775686592385713 0.958495043367563 0
6944 0.9565933654301471 0.7230776475345883 0
6945 0.1698535674488884 0.8868003048877746 0
6946 0.3072954860538692 0.3764100039932375 0
6947 0.3162518585287381 0.3816709784357827 0
6948 0.300218661009608 0.8455701357553099 0
6949 0.8947138787929148 0.7355040200904819 0
6950 0.9049716804071783 0.7295645139497906 0
6951 0.2883553040457376 0.825044097881508 0
6952 0.2169447391533539 0.5906775258143796 0
6953 0.7412943881497656 0.5530108484339094 0
6954 0.7313791070453038 0.5476219075717097 0
6955 0.7817251464022893 0.7889547696012615 0
6956 0.2473495081186597 0.5612577067421295 0
6957 0.6889444847223138 0.67666498856677 0
6958 0.3121045506394305 0.8660993033100162 0
6959 0.6791322380436245 0.8005399703244656 0
6960 0.4744839648014332 0.08325804595463754 0
6961 0.8022560855088536 0.7415742740540577 0
6962 0.6464785555241761 0.3034646832165888 0
6963 0.5766866185617756 0.7179085941519229 0
6964 0.1580702640701793 0.7634970119301456 0
6965 0.7612288061613919 0.7771066745698658 0
6966 0.4338807530097499 0.2157547413722501 0
6967 0.2096621068951484 0.666965795244268 0
6968 0.7713203316319782 0.9135677342549813 0
6969 0.6279859705344011 0.8184941302057315 0
6970 0.05376949615394478 0.2738633399411164 0
6971 0.9777287166727531 0.3726093976717213 0
6972 0.9465040904833831 0.9197427980434956 0
6973 0.2588072688244772 0.6916969733340759 0
6974 0.4844045617738376 0.6765299301885742 0
6975 0.6824564631212173 0.2928500909564523 0
6976 0.3535853480754897 0.8763748089050224 0
6977 0.2824296360606025 0.6092426905426829 0
6978 0.2232221230386493 0.7737767796187804 0
6979 0.06706943326419598 0.7274950041621542 0
6980 0.5050054968630986 0.1437355758988059 0
6981 0.392290858747592 0.7649938389680589 0
6982 0.9462056483221183 0.3556818232442515 0
6983 0.9050166650633373 0.7532736008638748 0
6984 0.9026438788334206 0.1904651232345791 0
6985 0.2183732621503634 0.7217420156549572 0
6986 0.5152349592802655 0.7769842550457413 0
6987 0.6485360236164512 0.09413233731614169 0
6988 0.6308928058318852 0.1146607845703989 0
6989 0.3484186111347273 0.008399996166881953 0
6990 0.3700080283788581 0.008653377909105898 0
6991 0.9050271264099399 0.7770218780100887 0
6992 0.3607237032732622 0.303824000105113 0
6993 0.3803024643221721 0.1846872787313965 0
6994 0.2411715989335225 0.9279606255985717 0
6995 0.6378441246271631 0.7061553449734529 0
6996 0.6839070044941147 0.18736239087545 0
6997 0.6842327094369317 0.1146006666597785 0
6998 0.4769432175155486 0.3397134814354613 0
6999 0.9050730033303378 0.8838975322304399 0
7000 0.1996619022889591 0.7073895231093271 0
7001 0.5036405433551077 0.3345458618400317 0
7002 0.4428561094446791 0.1590861347787523 0
7003 0.6895080242347996 0.7475119733964853 0
7004 0.1578925047799867 0.6260970176034175 0
7005 0.8637428607666828 0.9682553626753163 0
7006 0.8026855175657205 0.6584898093876217 0
7007 0.09697228453263559 0.6969023055686484 0
7008 0.812507810045339 0.7830320721997321 0
7009 0.1065832287291778 0.66547015700018 0
7010 0.5493243422690101 0.1181762346866714 0
7011 0.5969550233608176 0.6353772687873196 0
7012 0.6613284476031872 0.007890796299340469 0
7013 0.5048555161246578 0.20540083542751 0
7014 0.8330711511057263 0.9611350177950722 0
7015 0.6480772923953402 0.700258016063489 0
7016 0.4606060263424258 0.1488030813545759 0
7017 0.398265843209843 0.2669641113576308 0
7018 0.1685509550027719 0.6789640441368471 0
7019 0.8330044005496641 0.735655227171194 0
7020 0.2708494975597875 0.8970818519880451 0
7021 0.6275614021756448 0.6530610326846182 0
7022 0.4025301807575863 0.7709104857100275 0
7023 0.2295134629446677 0.6546556212929566 0
7024 0.3622132694567637 0.2157088653994364 0
7025 0.2174148832350861 0.9279694005432428 0
7026 0.6173842441232791 0.6707458246443481 0
7027 0.52312553190593 0.1952463432262205 0
7028 0.3417104811818985 0.9380794056199465 0
7029 0.1276704790960836 0.6436168883285944 0
7030 0.0394030715754607 0.6534583379033794 0
7031 0.6375302571171314 0.3397698236932009 0
7032 0.4606540876872074 0.2209436956275962 0
7033 0.181765525225777 0.7635190399929401 0
7034 0.5749110791350687 0.3138735637685012 0
7035 0.2054441172816301 0.8250899129480721 0
7036 0.5670863057738872 0.0773146504851315 0
7037 0.3621809870301423 0.2364096225846053 0
7038 0.6583184838164303 0.7061635466105992 0
7039 0.8536193836929141 0.8541890217290942 0
7040 0.1004877612703135 0.5822492989829924 0
7041 0.2887113569728186 0.9485315516984103 0
7042 0.06992170697101996 0.6474141360814929 0
7043 0.6376874555039362 0.03669506430850122 0
7044 0.4309210815187645 0.07889452467139825 0
7045 0.353224713393028 0.2208585702551507 0
7046 0.8946281218212269 0.6290121395873478 0
7047 0.1680609491373371 0.5847565992627393 0
7048 0.4145904334767641 0.3449398951149099 0
7049 0.7822982599973871 0.53041305097639 0
7050 0.8293633135929122 0.2633972234641804 0
7051 0.6480476815461383 0.6648544415378821 0
7052 0.4961316855447091 0.138598696766339 0
7053 0.5227251638670679 0.1232546426838864 0
7054 0.6374853814460039 0.2879536214852144 0
7055 0.112954611619986 0.3192763545207681 0
7056 0.1217088064919742 0.3251281192191059 0
7057 0.1969784142087783 0.6258096636949844 0
7058 0.3598812928021541 0.04807968261794176 0
7059 0.4746666346563655 0.07329070407727124 0
7060 0.5767198284137292 0.8125442443431302 0
7061 0.699272631534996 0.7297808223343636 0
7062 0.5359844632560173 0.05812883435171626 0
7063 0.09862751510482233 0.8456884299347716 0
7064 0.3878422404751837 0.3501292734609392 0
7065 0.2275449350000444 0.6200082178131763 0
7066 0.6285209484364396 0.3551476023705287 0
7067 0.8639525653482782 0.658490885487459 0
7068 0.4324114597740261 0.3449195348481283 0
7069 0.7300727220875709 0.7356848610424651 0
7070 0.8424564687581224 0.576563216113066 0
7071 0.909907977001239 0.4017814431405059 0
7072 0.8999658950488711 0.4073773970921509 0
7073 0.03964489524126433 0.6653090850880057 0
7074 0.5847961854645295 0.04679309333409497 0
7075 0.6839883513135244 0.1768277069195952 0
7076 0.4924638260813443 0.0634235628087452 0
7077 0.2587290491049102 0.7942736219701325 0
7078 0.03971895099225906 0.689139361295279 0
7079 0.2800833826957332 0.1351977162076493 0
7080 0.5414306685795689 0.1844984862207742 0
7081 0.6398078502539788 0.1403481475673947 0
7082 0.8329615470339459 0.9726786295430989 0
7083 0.4606441787281202 0.2312577677959915 0
7084 0.812474537499366 0.9135785250641321 0
7085 0.9537663491427977 0.5825268866104318 0
7086 0.9121280284840024 0.05202203694758108 0
7087 0.08787239158698194 0.0520226924940602 0
7088 0.8638983415425672 0.848241724482516 0
7089 0.4133313449281233 0.05851231041828103 0
7090 0.7918781498721205 0.9611214520340523 0
7091 0.7284732849335045 0.04783441387523309 0
7092 0.6685185838380512 0.6884591009910301 0
7093 0.1000201496223538 0.4534448268562733 0
7094 0.1196163857791175 0.4527532728444236 0
7095 0.822777428028125 0.788950283272372 0
7096 0.3536674511964436 0.1276557284577008 0
7097 0.9557901046028188 0.6409425283402654 0
7098 0.1583185182745677 0.6730745294786713 0
7099 0.2715273074772048 0.04779118377041498 0
7100 0.8827778751433126 0.5649544417567931 0
7101 0.519679015238192 0.8768615387806842 0
7102 0.5049337259432192 0.8184064409583378 0
7103 0.6787586706647298 0.6943540194715504 0
7104 0.3957673339590203 0.04829901349394539 0
7105 0.5581922713030001 0.1130702135453952 0
7106 0.2292959016752103 0.9279593942645087 0
7107 0.4844072897436528 0.6883154520567496 0
7108 0.4485517850628309 0.0789115102117591 0
7109 0.6575675033290348 0.1197692608091421 0
7110 0.5392503715474273 0.3242088542350231 0
7111 0.0597599762172719 0.5706630873188016 0
7112 0.8815612225757922 0.5089631817849419 0
7113 0.7511058908788329 0.913586413328305 0
7114 0.9496252631342463 0.0406693505200105 0
7115 0.7396554480634427 0.8255435050575594 0
7116 0.4428788177701797 0.1796953595037207 0
7117 0.7289488574425688 0.1715145696230023 0
7118 0.5758790763386765 0.1028432736558246 0
7119 0.6111935118952962 0.04171844085572636 0
7120 0.935543302207744 0.6290418174463099 0
7121 0.1682244565012621 0.5613367029417775 0
7122 0.8946853616323289 0.699949448207922 0
7123 0.6930892268746499 0.1404173053797207 0
7124 0.2889581565328205 0.1506529980365628 0
7125 0.09037003187343871 0.5646748675997564 0
7126 0.2069136305748946 0.008113144941671206 0
7127 0.4128266762313047 0.1091845976594096 0
7128 0.63823842315046 0.8244168638883211 0
7129 0.9462143835964136 0.297583032838909 0
7130 0.3983287336651473 0.1538198790899507 0
7131 0.6127011159435933 0.156639935372556 0
7132 0.03023590650348022 0.04094999335408501 0
7133 0.8227609153431783 0.895760848891431 0
7134 0.395609887145484 0.08905322184010855 0
7135 0.6023848730669146 0.07733663167438491 0
7136 0.802228450134516 0.8363716854410251 0
7137 0.8124936333844861 0.8423155340579053 0
7138 0.3067772759399327 0.3141507921995565 0
7139 0.6737071362937004 0.3916077311825624 0
7140 0.2709476788373181 0.1609458796474841 0
7141 0.5748868426967161 0.2932576353555316 0
7142 0.6824963129137127 0.3137782294904347 0
7143 0.6481389099559738 0.7593009671353974 0
7144 0.2827815160410089 0.9588192446091029 0
7145 0.3610806159664872 0.3553545986799899 0
7146 0.1072653216898818 0.7382944477513043 0
7147 0.8330084089305547 0.7474943238855661 0
7148 0.1277151021954032 0.6318329487989367 0
7149 0.9793569996180032 0.5955128243371168 0
7150 0.3951391263884736 0.9071889642473728 0
7151 0.1229953801755751 0.2577326049912284 0
7152 0.1230285338771304 0.2688460210214382 0
7153 0.05982842848188673 0.617913042884902 0
7154 0.4794530417424914 0.008253947945060999 0
7155 0.5869712168508001 0.818472450193205 0
7156 0.2891887673942544 0.03760941874475121 0
7157 0.2890505535793605 0.1197013399794606 0
7158 0.4750072427090625 0.04334015627177779 0
7159 0.7109772626521744 0.1196994992416172 0
7160 0.2292958670273311 0.8868182968023668 0
7161 0.8215451398402794 0.5086917169459486 0
7162 0.347656064205869 0.8866527295397134 0
7163 0.3716038373546847 0.1589063324539801 0
7164 0.7094810384451997 0.7002063821959373 0
7165 0.1382593595699341 0.5685796214999889 0
7166 0.2173817104188296 0.8868206962035817 0
7167 0.6219812063881204 0.1197869040086287 0
7168 0.60167850292013 0.3498928407041417 0
7169 0.8330549231051529 0.9016970621735609 0
7170 0.3337683510251998 0.3090331329398453 0
7171 0.2511105395710281 0.7025238583272103 0
7172 0.8867740417323329 0.2297154554868023 0
7173 0.8741676042275224 0.664399602413382 0
7174 0.7198705188843253 0.2082433027395855 0
7175 0.1480843898881721 0.6671836878828056 0
7176 0.2532189917993767 0.1299711326825854 0
7177 0.2469384008085212 0.855893599221079 0
7178 0.2883504924802247 0.7635089031182813 0
7179 0.9151373641020598 0.6526017098258409 0
7180 0.09698090901276407 0.7087420231156452 0
7181 0.3511656303100938 0.07353782811179428 0
7182 0.2537735395875114 0.06813727140711087 0
7183 0.6645176874770965 0.345088657648786 0
7184 0.7511045825462037 0.5941080139061159 0
7185 0.7462356631124141 0.06817900547726218 0
7186 0.5767135614388854 0.7651974872249869 0
7187 0.1345741775553158 0.7628808685268412 0
7188 0.2893885472757841 0.9692170253251093 0
7189 0.3247698913213996 0.3038467948030398 0
7190 0.2978287339583753 0.176534144833225 0
7191 0.583826296886634 0.3087099246096849 0
7192 0.4485591608120545 0.04839553485743017 0
7193 0.709645353300596 0.2774166027368491 0
7194 0.04953492065939611 0.5647659944022606 0
7195 0.9896245312395497 0.8987754316578831 0
7196 0.4769301906516188 0.3191377464765309 0
7197 0.4947357960663114 0.7769639512937091 0
7198 0.9033427138376189 0.5881383827819099 0
7199 0.1879507350486865 0.4800869386929271 0
7200 0.4070461747276998 0.9277597720502672 0
7201 0.09268838997220691 0.8559854331456527 0
7202 0.1758341028294524 0.7737665349617575 0
7203 0.9442323092557903 0.5292624179232437 0
7204 0.06993031200167189 0.5411715702007615 0
7205 0.5660237959972212 0.3704491201337217 0
7206 0.3358366877071939 0.9071908698694809 0
7207 0.3333594211324513 0.05307252700003354 0
7208 0.5570243074490669 0.2933172020532104 0
7209 0.2714229712472345 0.07846997598752628 0
7210 0.8432770566176275 0.7534041233736595 0
7211 0.7285931322347455 0.07849826919703035 0
7212 0.181747640109115 0.8868096997118404 0
7213 0.4875915381155838 0.2468256696437835 0
7214 0.7467930143588486 0.129972501084965 0
7215 0.52544592923558 0.8184233133794058 0
7216 0.5670899289254515 0.1182389651140163 0
7217 0.09984411830659046 0.5939873953577428 0
7218 0.728053700980925 0.2678315757530295 0
7219 0.8470615769250387 0.2216684892717072 0
7220 0.3417345825198715 0.8969310860646026 0
7221 0.5867277607578165 0.6648255808971943 0
7222 0.1491933755493994 0.4013205858719591 0
7223 0.2793763233087971 0.4700129198699285 0
7224 0.080804502108706 0.8765879431581901 0
7225 0.1484840033070991 0.5382187589050045 0
7226 0.2527341814004015 0.2130526058637732 0
7227 0.6382289066336793 0.8362441564359442 0
7228 0.5584301272726016 0.0825672504052298 0
7229 0.4189116921686707 0.9277484998637725 0
7230 0.5869752838891618 0.8303082018681343 0
7231 0.476934012894458 0.329424438588977 0
7232 0.1809027579541785 0.1824966176861468 0
7233 0.264738194755212 0.8456162613193028 0
7234 0.1097204237278262 0.424505783417136 0
7235 0.9262899656932776 0.3207606174068207 0
7236 0.610608329018749 0.324144491204308 0
7237 0.4960593390434869 0.09784068923871532 0
7238 0.1484215333879392 0.5147246480589269 0
7239 0.3867935363435883 0.08393364975225021 0
7240 0.4858221841774526 0.3139838340231616 0
7241 0.2437111335404155 0.1868020375565708 0
7242 0.04956551424679196 0.6119836296436 0
7243 0.8771707754517224 0.3490908458561097 0
7244 0.1877765901750123 0.4572273914531395 0
7245 0.8190999060684732 0.182499597152437 0
7246 0.8946902919883649 0.7117978246469981 0
7247 0.6664473809253504 0.1146191858720603 0
7248 0.2350722410837248 0.3633709536028715 0
7249 0.225671140836277 0.3575659452895578 0
7250 0.4435455876349697 0.7000695108417179 0
7251 0.6374979785699393 0.2983040306444654 0
7252 0.4338613747611134 0.2260634609254063 0
7253 0.378913875941606 0.3450102745391627 0
7254 0.2469220119960258 0.5274530751135988 0
7255 0.9302100399633453 0.4831652213924884 0
7256 0.9132199025077854 0.5590443805999912 0
7257 0.597227485343073 0.8362394445792187 0
7258 0.6309171625523284 0.1454855515350649 0
7259 0.819249225708929 0.1612413120786719 0
7260 0.1807621079346166 0.1612417265101282 0
7261 0.9009407056076416 0.4866666022845464 0
7262 0.8222441364108413 0.6000048917934274 0
7263 0.08674316507755871 0.8868756319682598 0
7264 0.4127639319123267 0.7649982929968427 0
7265 0.5214270193367416 0.3242346741268376 0
7266 0.3529736732787859 0.1685776302110858 0
7267 0.8433371708670978 0.8957584270425248 0
7268 0.7412844852058289 0.5765128695365039 0
7269 0.8390421579541147 0.3243089664860101 0
7270 0.5208902822612848 0.395575796493862 0
7271 0.0629678323925419 0.907493052010398 0
7272 0.08677296729411051 0.7147587343324433 0
7273 0.8639349120417236 0.90763713651334 0
7274 0.7298601728933225 0.6766492831903554 0
7275 0.09375532054833366 0.2410751402615007 0
7276 0.9602896022489429 0.489116233608532 0
7277 0.3694932724056526 0.2984903809920345 0
7278 0.4234943982215645 0.3397897448920777 0
7279 0.6382459682786891 0.848113985877749 0
7280 0.5254384575121995 0.830276485894191 0
7281 0.8230751365565672 0.007886847029067789 0
7282 0.1563162153943019 0.01034172664437608 0
7283 0.1769242391749872 0.007874469658305768 0
7284 0.8512743904815899 0.4460503196002311 0
7285 0.747176436288616 0.2131889324754798 0
7286 0.9460510364272094 0.263361896740132 0
7287 0.7718824315238559 0.5589727029397766 0
7288 0.2409709206049105 0.7840163634708401 0
7289 0.08674614502462082 0.866286652531454 0
7290 0.2824780373279217 0.8353025915589027 0
7291 0.4758533408868618 0.3916715907455879 0
7292 0.4010891550229152 0.9174723705132892 0
7293 0.5978050462489437 0.8475975502799621 0
7294 0.2352561002566322 0.9382243620468764 0
7295 0.8424502752216843 0.5648709851265081 0
7296 0.6530584083468967 0.3953554422863101 0
7297 0.7651804410346463 0.1922720125793098 0
7298 0.3780127361699653 0.05845408376078577 0
7299 0.880807794192621 0.4746559678768749 0
7300 0.3247882006184795 0.3142366869239235 0
7301 0.5254312917442072 0.8421104628939551 0
7302 0.8580541074356876 0.3130807335030403 0
7303 0.7199518330385892 0.1455644348983967 0
7304 0.1362436318624122 0.007803997570638068 0
7305 0.1263984502647176 0.007670135610923206 0
7306 0.8637668777279859 0.007814883811438043 0
7307 0.873607364735169 0.007671388763415039 0
7308 0.8436920130646338 0.01035907470069204 0
7309 0.855867535716366 0.1402784091806436 0
7310 0.5138590589286768 0.1283571215882477 0
7311 0.8901362887359905 0.3901806907369611 0
7312 0.3246876288906473 0.08893150914840765 0
7313 0.7725686584573532 0.4913896171779275 0
7314 0.1441199765216764 0.1402577054968179 0
7315 0.1255951390399845 0.09685850218335781 0
7316 0.3067756791376287 0.3246158140893562 0
7317 0.05744696880808306 0.1917483985709896 0
7318 0.4426357804557862 0.9071522954647467 0
7319 0.2798761774635129 0.1869332489901621 0
7320 0.8291605334667184 0.2307190165092688 0
7321 0.1253298342663654 0.1512229528496453 0
7322 0.1708338138678844 0.2307151457346684 0
7323 0.2625012838268828 0.08355016810232845 0
7324 0.7928294161827671 0.3800831606590007 0
7325 0.596945577696202 0.6707310455486966 0
7326 0.2412006083255341 0.9484128037328837 0
7327 0.1821590492845657 0.08854212937690695 0
7328 0.5838117170857678 0.2984124827763859 0
7329 0.2882937180589946 0.7225372157259764 0
7330 0.8178387734785544 0.08857617787712732 0
7331 0.8125490621305734 0.3906961102721154 0
7332 0.1384235151146297 0.5910051621455655 0
7333 0.1176962943127703 0.6377312135233182 0
7334 0.07705752488761347 0.710299005698114 0
7335 0.6016747776110821 0.3395988016182547 0
7336 0.5151712510045179 0.8480184621500901 0
7337 0.3532062215691176 0.2312151570382192 0
7338 0.8330256720872811 0.7711697467301482 0
7339 0.05047867884636331 0.04072078271428282 0
7340 0.2291362577601203 0.7840140783316193 0
7341 0.9396451431902723 0.4078604157581652 0
7342 0.8772923399564873 0.29094697800786 0
7343 0.06998886705476988 0.4592584209212535 0
7344 0.3001098032967989 0.7225325043969849 0
7345 0.08000702962682502 0.4303109309602098 0
7346 0.3715301161310803 0.1691792130662174 0
7347 0.8222615876768256 0.6117203813161767 0
7348 0.05979873620964497 0.5942515394693368 0
7349 0.1295662972219098 0.4127877741073698 0
7350 0.09038174028867496 0.5764584693638019 0
7351 0.2095466153633028 0.05256707020361333 0
7352 0.790454389420541 0.0526047074097371 0
7353 0.9049802885715522 0.7177118085823575 0
7354 0.06340929539747248 0.3249369775133059 0
7355 0.2068393399632133 0.4122767999590212 0
7356 0.423000926001502 0.7709247455253718 0
7357 0.1581051814468682 0.4858593403995149 0
7358 0.8020853089102475 0.4400975065133106 0
7359 0.5146790208510246 0.8594165019436637 0
7360 0.3060443979138784 0.7327685330354706 0
7361 0.8432930539964512 0.7652428261321977 0
7362 0.8742145710121008 0.9017023666512096 0
7363 0.7426637030453273 0.485553894032895 0
7364 0.4486267760056101 0.9174506718983276 0
7365 0.9049879792165276 0.7414201184785076 0
7366 0.2981131453259687 0.3505551039909361 0
7367 0.1160287275474887 0.1895330866572263 0
7368 0.2528617664382731 0.1712339058909263 0
7369 0.4397377594733183 0.08398794770307932 0
7370 0.1780875060744549 0.5089231271831274 0
7371 0.8745228591902869 0.1950406647302604 0
7372 0.8714130681282941 0.5029792804953152 0
7373 0.377787672971043 0.3964607650777339 0
7374 0.8315904294592938 0.4347473243105685 0
7375 0.0689057000673596 0.9177790898174465 0
7376 0.7468613110107469 0.1506804654792483 0
7377 0.05968934858690945 0.5234868324377356 0
7378 0.8746907352058584 0.1511879341036543 0
7379 0.4663796360861793 0.907123713575637 0
7380 0.632734465415019 0.3961438936737821 0
7381 0.1580029900492813 0.8662351648231759 0
7382 0.5036228530100424 0.3242665588185391 0
7383 0.7524948288590242 0.5142599951802499 0
7384 0.456020210595269 0.1143291307681754 0
7385 0.3347392924158066 0.2408531861089994 0
7386 0.04955946936132608 0.5765344406746038 0
7387 0.280102498936843 0.1248489918423247 0
7388 0.8625843933766612 0.5532241144831597 0
7389 0.7919388727434458 0.842305514373443 0
7390 0.7612040551866074 0.7297555627558086 0
7391 0.2093236784442022 0.08342928921162397 0
7392 0.7304371739011997 0.771070669639349 0
7393 0.7906774703561394 0.08346376166780836 0
7394 0.323654958470747 0.7225704109837914 0
7395 0.7374732351391688 0.08355895572169655 0
7396 0.3890801215466332 0.2312476541139338 0
7397 0.8638837056013667 0.8363774851240453 0
7398 0.850910193278911 0.4125744976060284 0
7399 0.7830757212801118 0.1822039750689142 0
7400 0.8536356210273067 0.9016997529964367 0
7401 0.8512868116176833 0.4802046116216462 0
7402 0.4782514123872329 0.9071159907725961 0
7403 0.802144173345784 0.5531894015343159 0
7404 0.2271415538150216 0.07311939595114789 0
7405 0.8608003922287724 0.3729542945452564 0
7406 0.1063122740068102 0.01044318055919755 0
7407 0.8937013836568337 0.01044333631367748 0
7408 0.7728614891753637 0.07315460391343026 0
7409 0.7713967271251363 0.8423395746453398 0
7410 0.08294967180004403 0.3481467976246738 0
7411 0.6027832062834715 0.08784506560961039 0
7412 0.04041428683932134 0.3721536288002402 0
7413 0.08080214690069021 0.8971740252431308 0
7414 0.1461308163302064 0.8662356178738017 0
7415 0.7199185434891572 0.1248313281731235 0
7416 0.137869149803554 0.6731058776381016 0
7417 0.3983005609598901 0.1641118182826324 0
7418 0.3607083188936518 0.2934661468121828 0
7419 0.6118777875947741 0.3968208157265882 0
7420 0.2232020496214475 0.7942818288776607 0
7421 0.158230610004701 0.4629395017150288 0
7422 0.7292911093025257 0.7841028808050832 0
7423 0.8934553361393818 0.1839557272580227 0
7424 0.2442443858158097 0.1350770271535821 0
7425 0.6889597359956232 0.6884550035355611 0
7426 0.870914228531782 0.367596584614455 0
7427 0.8741689366376921 0.8304383142019618 0
7428 0.3976011594080147 0.3970432477040489 0
7429 0.06891524702909946 0.8971878322036078 0
7430 0.3245419179507674 0.05812983156534197 0
7431 0.9400170327845838 0.4539570058070018 0
7432 0.1381155046698203 0.7201908890282434 0
7433 0.1821562046042388 0.07808210933261632 0
7434 0.1492586775107004 0.3678920903073322 0
7435 0.8178407324313707 0.07811546967255251 0
7436 0.3064576909825598 0.8970627424582864 0
7437 0.4842767269385113 0.9174352615588666 0
7438 0.4741967235817137 0.6942035047615913 0
7439 0.8315529422139023 0.4123831428152687 0
7440 0.1976846561943663 0.4742571147319611 0
7441 0.7289815392202736 0.1819171187256629 0
7442 0.2791042567198673 0.4932736113691955 0
7443 0.4229894806147342 0.782765761219562 0
7444 0.6645145462308063 0.3347006599629999 0
7445 0.1803495763687562 0.2255134523040586 0
7446 0.9145718533087273 0.008974970889273091 0
7447 0.8196361834406144 0.2255277478684719 0
7448 0.1781729625329936 0.4067613676312827 0
7449 0.5019993097817929 0.9070900938145261 0
7450 0.5921511493640843 0.3973267722687452 0
7451 0.9564993256381564 0.3265704374374435 0
7452 0.04988147920495269 0.4475230573270462 0
7453 0.7109878935475199 0.1507601521047454 0
7454 0.2172754229262321 0.8045499954915079 0
7455 0.140177444955835 0.87652634475465 0
7456 0.7557957990626885 0.1351337453464166 0
7457 0.8772057910023023 0.2576734057086242 0
7458 0.02006017610896034 0.417417543441871 0
7459 0.8485234814992842 0.2415179107345189 0
7460 0.5138707806989493 0.9070837775894446 0
7461 0.6753467067108698 0.1197440941729121 0
7462 0.8638808341886343 0.7652027300124528 0
7463 0.1514696741547913 0.241644019362718 0
7464 0.06991420487591216 0.5294052883532212 0
7465 0.691653717279209 0.2465496728878458 0
7466 0.1378805344804537 0.6849160193898131 0
7467 0.04998403860263489 0.4014257086418707 0
7468 0.2005685752072178 0.05762755614610166 0
7469 0.7994316267255059 0.05766448505307621 0
7470 0.4234742356706421 0.3295089659823418 0
7471 0.8844468854286108 0.8245073006767687 0
7472 0.4229913896375394 0.7946038969461675 0
7473 0.3439876996511045 0.2360975973709534 0
7474 0.1342350202183125 0.8868201454345815 0
7475 0.6105962894285888 0.3344395043724139 0
7476 0.2599032280163623 0.4464585833732415 0
7477 0.06987720325995937 0.505886622033759 0
7478 0.08005038202615634 0.4187715226142936 0
7479 0.7005375073137095 0.3450471599079875 0
7480 0.9253795444411657 0.6585106975704537 0
7481 0.06296467160168663 0.928076378909823 0
7482 0.6734761705502301 0.308577974344205 0
7483 0.08544169802437836 0.008974170603257444 0
7484 0.2476544754660822 0.4676405278340463 0
7485 0.9415837592341436 0.1007027838826237 0
7486 0.1033016203781715 0.2911384943365534 0
7487 0.1975248630070251 0.4515146819706695 0
7488 0.9361558600379278 0.2919979492807922 0
7489 0.1282896241014455 0.8971172922095509 0
7490 0.8676209311147277 0.2853714100835136 0
7491 0.9233835896369428 0.553164701731692 0
7492 0.8803030821103246 0.4184485069906031 0
7493 0.2113499994751172 0.8148167997621741 0
7494 0.5199259598565446 0.9174197291739913 0
7495 0.5152282435807312 0.729677537438534 0
7496 0.6464443335269877 0.2931150839608141 0
7497 0.4055977397375972 0.3192694624998216 0
7498 0.377837027158337 0.08913510039086066 0
7499 0.8190912956354098 0.334907909692726 0
7500 0.07339734431190108 0.3191991966586167 0
7501 0.4332121840596775 0.8005380417542979 0
7502 0.8845063447181942 0.9076365562073023 0
7503 0.956249945965301 0.2344086623368239 0
7504 0.9319265565614909 0.1063691862124822 0
7505 0.06810180858994708 0.1063860213957337 0
7506 0.4397352730575615 0.09421206934392767 0
7507 0.1639799258815353 0.7737519833653361 0
7508 0.05107362577220618 0.9280767075476373 0
7509 0.252689492023176 0.2235998081931575 0
7510 0.8947499136117606 0.8304404745460596 0
7511 0.8535916995472184 0.7711438015938297 0
7512 0.53763638205894 0.9070686216079458 0
7513 0.513849839668519 0.1386089846649894 0
7514 0.2172698464645959 0.8250569395032128 0
7515 0.8199928171265642 0.3567523228685756 0
7516 0.4314929285912411 0.6208668720693542 0
7517 0.9224766563338906 0.1456618003306487 0
7518 0.850964754664493 0.4013248209066485 0
7519 0.5758945150294591 0.1130818161531364 0
7520 0.2978363600018626 0.1869088354589428 0
7521 0.4741885020203839 0.7060075509812198 0
7522 0.5494921945079148 0.9070579690693845 0
7523 0.2157142724420534 0.4066632670959524 0
7524 0.1535679730278555 0.1566464809367166 0
7525 0.03938563574024537 0.9276736534436245 0
7526 0.1223448255370222 0.9074159147794993 0
7527 0.6992099598462118 0.6943292303729233 0
7528 0.8845126441763815 0.9195178058428859 0
7529 0.7471798302876751 0.2236869040417709 0
7530 0.6378024010394214 0.6589596940708116 0
7531 0.04340959635625991 0.3020214388401726 0
7532 0.9361004817856755 0.2690618236790575 0
7533 0.05964237379855359 0.4998792622113472 0
7534 0.9364900682473626 0.3611264273423514 0
7535 0.4285024177597518 0.4002663261530212 0
7536 0.08716451809282318 0.1399961707266106 0
7537 0.4606295308947636 0.1590746853141017 0
7538 0.5555787980279153 0.9174108789200274 0
7539 0.2356606367941561 0.08853315262732001 0
7540 0.9050455591549215 0.8364007838726637 0
7541 0.1253333792492355 0.1183355162720801 0
7542 0.1164015988524149 0.9177129796021426 0
7543 0.4482133025084598 0.4003736563899161 0
7544 0.8948017773203445 0.9254694399138358 0
7545 0.1521234284675553 0.7737423203640088 0
7546 0.5612490646103864 0.4005172040312435 0
7547 0.1349037989738784 0.2006401848252819 0
7548 0.158909734002539 0.3957020312036655 0
7549 0.9033159524880388 0.1565281257549115 0
7550 0.5415156000127006 0.4007058799377149 0
7551 0.7199431789739862 0.1351828490757608 0
7552 0.5732358126199475 0.907029263369439 0
7553 0.2890031342600449 0.1403365169076667 0
7554 0.1223448580257641 0.9279959613379321 0
7555 0.915386952358206 0.8306050848981756 0
7556 0.4249456648818337 0.2208728547040686 0
7557 0.9716716542208875 0.1631830294798707 0
7558 0.3982593736455736 0.1744102512712215 0
7559 0.3868826948176616 0.05336836510621596 0
7560 0.3966938432652323 0.3243807668585189 0
7561 0.4699632252086374 0.4008977513009068 0
7562 0.2979549901728356 0.2082092735611455 0
7563 0.1400975754308263 0.7735775858021514 0
7564 0.1378939204856931 0.6967569752374404 0
7565 0.4330171357453079 0.8125678239093224 0
7566 0.4485281379134137 0.09929686053349564 0
7567 0.5851068403088183 0.9070238141696216 0
7568 0.1282839715891554 0.938282108297531 0
7569 0.07401666449759214 0.2183231903317115 0
7570 0.06988716009399044 0.4824809529109536 0
7571 0.4844605242683179 0.7119405674880311 0
7572 0.8803012316223027 0.3957647162883063 0
7573 0.4145476618405637 0.3243925144963503 0
7574 0.4248535844518269 0.2520019081052879 0
7575 0.0583915107408525 0.1006709574086498 0
7576 0.9253823086071884 0.6703194537053127 0
7577 0.05413599051300751 0.2410575840899109 0
7578 0.9261951460386697 0.8375964703669331 0
7579 0.0790822081783541 0.03601159650085595 0
7580 0.6930978617266961 0.06837024137162773 0
7581 0.9209453201173441 0.03600839305377959 0
7582 0.4695119768187205 0.1642167042627781 0
7583 0.5750690427256043 0.2622621665687543 0
7584 0.1726771591938783 0.08299575768730309 0
7585 0.8948158715421368 0.9373597164459507 0
7586 0.4897835658845438 0.4013969624850685 0
7587 0.5113190921285528 0.400853456945611 0
7588 0.06792900356791223 0.1175815191456494 0
7589 0.1223492656818601 0.9486003084906287 0
7590 0.05976653104964941 0.4764877977639944 0
7591 0.9227325248032896 0.1677339297775832 0
7592 0.827317812177594 0.08303164392847222 0
7593 0.9501706163139376 0.4480267686230457 0
7594 0.422487790067067 0.8178329972220004 0
7595 0.8464086987760486 0.1566570080420245 0
7596 0.9703448699899401 0.4832264468455734 0
7597 0.5912193901418258 0.9173900113782817 0
7598 0.9051004734983243 0.9432990281080219 0
7599 0.8937743213422747 0.07351696544323467 0
7600 0.7463246635803525 0.07838053583130332 0
7601 0.823012786561552 0.6821675356395657 0
7602 0.1779623145499451 0.520401502545356 0
7603 0.1165053187367348 0.9587792946338484 0
7604 0.8625740828106071 0.5648697828981346 0
7605 0.6753601952516564 0.130014913589617 0
7606 0.8462287820001315 0.113647685512352 0
7607 0.3783773905550079 0.09962417696416305 0
7608 0.5036104806988744 0.3139821129554806 0
7609 0.6841937983903487 0.07351042391610567 0
7610 0.7464047191159899 0.2466628189719802 0
7611 0.2981813457564115 0.2192963250466599 0
7612 0.3876831738190876 0.3192760670048448 0
7613 0.933604270111641 0.5590368642649415 0
7614 0.2113667171066002 0.8353435243604783 0
7615 0.9154031229426316 0.9492477039454826 0
7616 0.9153217918931809 0.7354608609454729 0
7617 0.6088835736952407 0.9070090074919189 0
7618 0.3069312479024662 0.0683405331055521 0
7619 0.1537817657150406 0.1136441991156719 0
7620 0.7643373311885751 0.08855303168326123 0
7621 0.04794618021843901 0.1627598021150086 0
7622 0.8100027945892999 0.2968383006577715 0
7623 0.1160618759892157 0.1127018038834243 0
7624 0.9032426716341747 0.1454741901253278 0
7625 0.6208130282338278 0.9070450299002673 0
7626 0.8228464401790692 0.6942396780330961 0
7627 0.1803812193892614 0.2801200458988883 0
7628 0.8535151684536835 0.7119155821733014 0
7629 0.4783877648774723 0.1693716579652953 0
7630 0.5139033739127945 0.1489208242280574 0
7631 0.503639040472589 0.3036478257883788 0
7632 0.1379496705781094 0.7085766735969061 0
7633 0.9257173749188975 0.9552239021259612 0
7634 0.2172816498953393 0.8455981669883034 0
7635 0.2171023486235727 0.4626792471342019 0
7636 0.3980987926872416 0.2260281550820371 0
7637 0.6268682136959083 0.9173347322474298 0
7638 0.03531415807139633 0.008574512768175301 0
7639 0.5459199180886745 0.7119773318487985 0
7640 0.9617548667189019 0.1343962943484796 0
7641 0.1780052900326338 0.429002243784548 0
7642 0.04809043561107114 0.1399570291981306 0
7643 0.7380180019825718 0.1871006940374805 0
7644 0.8025592102034182 0.69398079470373 0
7645 0.9360094662729598 0.9611534959859409 0
7646 0.09737279319452642 0.04678072602741314 0
7647 0.9026275912837212 0.04678007306725179 0
7648 0.8675921132347854 0.2631921090813413 0
7649 0.7558365469888368 0.1454874975783413 0
7650 0.25367628451212 0.07835245882941072 0
7651 0.2113658198287724 0.8559059396814892 0
7652 0.5759730508061731 0.1233706132651757 0
7653 0.6195333094219861 0.3292946581523533 0
7654 0.6445553214774 0.9070339764387142 0
7655 0.7623204950965907 0.4394055017941937 0
7656 0.5125140721595686 0.2985128876694318 0
7657 0.936521018503446 0.9723753325757803 0
7658 0.8023111519784033 0.7061653499828981 0
7659 0.5661684182131211 0.3914013303710121 0
7660 0.5049401080388657 0.1642627491685553 0
7661 0.9256676589815114 0.7294950761914805 0
7662 0.6506154917223195 0.9173229627828765 0
7663 0.4784531444056759 0.1797588985320194 0
7664 0.3787789443505584 0.3244337250943365 0
7665 0.3157921148309322 0.30903897709969 0
7666 0.2349605855276046 0.3523788079052699 0
7667 0.9336256698826595 0.57080099157026 0
7668 0.5125792256979518 0.2881903601910231 0
7669 0.04955102941415591 0.5883265390002422 0
7670 0.2173358334324565 0.8662087186024504 0
7671 0.3892986537360225 0.1795563572765005 0
7672 0.3291014056515036 0.7327532406280872 0
7673 0.8021118183621867 0.5648432983639292 0
7674 0.6682808253909778 0.9070220763331731 0
7675 0.4160395902758043 0.2156807528367389 0
7676 0.7821591328174512 0.7056315872792928 0
7677 0.1612373995737055 0.2689392468864454 0
7678 0.3411627642717381 0.7708227846377099 0
7679 0.9224738143122639 0.1344655734450072 0
7680 0.5663843016235615 0.7119928887251251 0
7681 0.6743267908919274 0.9172696368536097 0
7682 0.4479149637429558 0.1091529676802916 0
7683 0.5303277420337329 0.2882052813185104 0
7684 0.7318330619284558 0.4910327432371758 0
7685 0.2438850253931289 0.3899440376119397 0
7686 0.1195182451560709 0.4412284677989125 0
7687 0.6285137021639754 0.3344911728406824 0
7688 0.9254997216247222 0.6939487768699493 0
7689 0.4121851366380541 0.60940409212765 0
7690 0.1064622401867324 0.09580001254141476 0
7691 0.3618142959650057 0.6409039813558115 0
7692 0.5867955918952903 0.7119684700728224 0
7693 0.5303690850798259 0.2778251939899472 0
7694 0.2800318291895317 0.1454917292708017 0
7695 0.1717732180668713 0.1561009845586896 0
7696 0.8282237155825207 0.1561014477222838 0
7697 0.6981892469567037 0.9379080038602341 0
7698 0.9399364517022071 0.4307109485707511 0
7699 0.1918456586647831 0.04219768247747899 0
7700 0.09676041276816588 0.1455385860428462 0
7701 0.4665950812978959 0.01865502980349769 0
7702 0.8081539193333176 0.04223568419797322 0
7703 0.7470393835664574 0.1818546156839776 0
7704 0.4945974258886599 0.647295324660101 0
7705 0.2624627971179872 0.4007190558237123 0
7706 0.7919523459754116 0.5706834170149733 0
7707 0.886913586995306 0.3522169851549323 0
7708 0.5970090628622213 0.7178779387964683 0
7709 0.3245704887723543 0.06837126524386437 0
7710 0.05419114195821388 0.2522751726249389 0
7711 0.7094600628733937 0.3400640910695301 0
7712 0.03812119404563744 0.1568856794339613 0
7713 0.8524972309711265 0.5707009172806825 0
7714 0.6314784135576944 0.007859497935969807 0
7715 0.3699665569960978 0.3399161934287419 0
7716 0.1395756124660289 0.3733858121344446 0
7717 0.5970410629319762 0.7297314267404316 0
7718 0.8274412763946347 0.9903313312112255 0
7719 0.7554329929814256 0.3896826937418253 0
7720 0.01552755075460412 0.008205139558396225 0
7721 0.9844757682631171 0.008176402661319887 0
7722 0.9646856746967806 0.00852056085046392 0
7723 0.5970411316440805 0.7415562824828126 0
7724 0.2710395325819666 0.1506549947222434 0
7725 0.9663698330303379 0.3324496576950927 0
7726 0.1975817559924096 0.4628342902572403 0
7727 0.9437871209693049 0.5766733230959616 0
7728 0.9501609501563428 0.4246492973595554 0
7729 0.8432833469178137 0.6822831817694386 0
7730 0.3246351851190348 0.07863349347238592 0
7731 0.597035282552672 0.7533775817632368 0
7732 0.65538781650433 0.2878936004048412 0
7733 0.06343972693549546 0.3134800256813532 0
7734 0.3610170315253901 0.345086713362562 0
7735 0.3067728240371857 0.3037646454302367 0
7736 0.675293994451108 0.1403408743845178 0
7737 0.1827644100054214 0.04722745607600761 0
7738 0.8172336713391658 0.04726488026862835 0
7739 0.6663750940164357 0.1455876132922692 0
7740 0.7560516645186903 0.1766184561768781 0
7741 0.6554321913452095 0.2774442054809368 0
7742 0.9460809234286646 0.2862026184283183 0
7743 0.3570306591018547 0.3955377023565735 0
7744 0.2884438768902968 0.8455691856867642 0
7745 0.8638315647583702 0.670366334573442 0
7746 0.243900611959464 0.2290383324261687 0
7747 0.03548875277357473 0.756208697328217 0
7748 0.9356737260619066 0.6762075984148411 0
7749 0.9403917144729862 0.06797843530281049 0
7750 0.05960879096233655 0.06797911272306703 0
7751 0.09958994208425087 0.6283951285337298 0
7752 0.9659468057301067 0.2286198249058453 0
7753 0.8292959188591851 0.2745552291683826 0
7754 0.7561575365349363 0.2292889267910189 0
7755 0.664407760207975 0.272118381102491 0
7756 0.8901341536738956 0.4014929094274629 0
7757 0.2943944979320584 0.8558465825946007 0
7758 0.4070652126218351 0.2208488322547509 0
7759 0.6661670378107575 0.1562166091389628 0
7760 0.9539486805929888 0.5707844119227483 0
7761 0.5278710426630404 0.08390215863619642 0
7762 0.9063545226809993 0.2406478049780783 0
7763 0.6198941877180905 0.2156438746842879 0
7764 0.2586854824005445 0.5162261013115316 0
7765 0.6553641359298459 0.2567273262518819 0
7766 0.5193803936824507 0.07928156025136636 0
7767 0.2978896931263793 0.197485022767567 0
7768 0.03933068145717288 0.5706139448767266 0
7769 0.300330118458267 0.8660798723812816 0
7770 0.8434374554526953 0.6702372940687716 0
7771 0.2620149211806316 0.1557835671539374 0
7772 0.5094081191312808 0.06500889331508249 0
7773 0.3067461301074626 0.2932847836569599 0
7774 0.9499105243311169 0.4134572198905518 0
7775 0.6572259525792822 0.1614070302330349 0
7776 0.7623700495143167 0.4509273083513434 0
7777 0.7648894195543662 0.1506777500377989 0
7778 0.07006079635915781 0.4129896139150374 0
7779 0.7190637034059476 0.2730564704556923 0
7780 0.2944477586679748 0.8764066185274377 0
7781 0.6276975814608368 0.7474046986804372 0
7782 0.3004154594114934 0.8867136492210711 0
7783 0.6376709680628038 0.2156567645521829 0
7784 0.8434920703397886 0.6350153445633775 0
7785 0.0292829906751924 0.5647125966566646 0
7786 0.1482978613972938 0.4572271559984757 0
7787 0.7650498873406104 0.1818139969782391 0
7788 0.514271773618841 0.1696285844726086 0
7789 0.3891469698992563 0.8354561510041562 0
7790 0.1202381492217522 0.5111275181756777 0
7791 0.8533011569205653 0.6173971485716179 0
7792 0.1096490169268715 0.4934436286837572 0
7793 0.04730690574828629 0.1974422637646792 0
7794 0.5765584490413053 0.1341587514638779 0
7795 0.6277849046381562 0.7592935799223433 0
7796 0.8218151285575821 0.4628469893688758 0
7797 0.2529449383905417 0.1608849952386971 0
7798 0.6380413136153071 0.7651985500196173 0
7799 0.3157402052387237 0.2777650167532127 0
7800 0.64651794780778 0.2310465645945259 0
7801 0.771825849861991 0.5705656490611232 0
7802 0.3429337771226017 0.3348098018034603 0
7803 0.1740158029500817 0.03182041568087451 0
7804 0.3622914223320897 0.1741004549168415 0
7805 0.8259833380573032 0.03185805863449666 0
7806 0.9657256275359805 0.5785259191594631 0
7807 0.2501005327352608 0.6432476584514153 0
7808 0.7636632499895387 0.4060444654971934 0
7809 0.170812021361901 0.2745592512243851 0
7810 0.8195849046008524 0.2912371276715047 0
7811 0.13025073764706 0.3666003219580581 0
7812 0.6556785452886611 0.2258940446964803 0
7813 0.8019107205281288 0.6115803056094695 0
7814 0.3181866422127979 0.8968389075932005 0
7815 0.2068685398441313 0.379079709691729 0
7816 0.2164381684898049 0.3629376315038857 0
7817 0.5838294660182228 0.2674612671217952 0
7818 0.1389587609855297 0.5093643375394914 0
7819 0.6647425792730814 0.2310548368480827 0
7820 0.7918773431538363 0.6174664279426849 0
7821 0.5570352819582856 0.2829819439007204 0
7822 0.2073664445242512 0.4684391658805818 0
7823 0.09693617065642021 0.07928302452648536 0
7824 0.9459753187323652 0.68210586112575 0
7825 0.05997334586170655 0.4187241687705275 0
7826 0.7820401953924478 0.6350012825159144 0
7827 0.3241010091533135 0.9071206745465124 0
7828 0.8939313900656854 0.08416877672527298 0
7829 0.2807138204967548 0.4118111916488155 0
7830 0.8441789132391871 0.9793274729326837 0
7831 0.1385867048531506 0.4629404072998806 0
7832 0.9310406737911273 0.07339362839339424 0
7833 0.06895472993997911 0.07339434074977683 0
7834 0.6906313063026697 0.8058059902683194 0
7835 0.9562704753662914 0.6880360357056614 0
7836 0.5570855811266165 0.2726639593643813 0
7837 0.7614327540279486 0.6704830605483232 0
7838 0.7717198254954735 0.5823531215484878 0
7839 0.7739492297609716 0.1558697072694949 0
7840 0.8524999333778475 0.5824351687983402 0
7841 0.9562230750843137 0.6997672242371917 0
7842 0.5660456913168923 0.2674615333470736 0
7843 0.6861027668172037 0.9172310675169629 0
7844 0.3520067107816622 0.3399453993452968 0
7845 0.8771701354470169 0.2687474784351686 0
7846 0.7712800356341579 0.6292272307234799 0
7847 0.1035097930485415 0.2467516310138101 0
7848 0.692123440507572 0.9275483012653131 0
7849 0.8737539103222897 0.6055886935042358 0
7850 0.2446888392045446 0.08344473476739681 0
7851 0.966330803065472 0.705432566689298 0
7852 0.05342727339445209 0.3191919843037681 0
7853 0.318170233124312 0.9175086223653981 0
7854 0.7553132582751414 0.08346943281028413 0
7855 0.8863954975384731 0.2186435288237027 0
7856 0.3241173500798836 0.9276637657373126 0
7857 0.5927701801175951 0.262298234660047 0
7858 0.2705233608344518 0.6307866471736858 0
7859 0.8939696647001704 0.6054196574284761 0
7860 0.81194035143372 0.4685895756170083 0
7861 0.7096208058475314 0.7355178852608585 0
7862 0.5927935100153855 0.2519501349212279 0
7863 0.7613189324437881 0.6351753958992135 0
7864 0.3300573951841892 0.9379740173066893 0
7865 0.8525769428153491 0.5941191164211085 0
7866 0.5403819640847922 0.1436099491747454 0
7867 0.8901075580979421 0.4128436636747835 0
7868 0.7199015682524751 0.7414688592272525 0
7869 0.1229454628207503 0.2799043614130569 0
7870 0.8411946089195312 0.4180698698472302 0
7871 0.7614763881884962 0.5882283488008632 0
7872 0.2253407923850151 0.3460111675952162 0
7873 0.8628374018066294 0.5998820108877747 0
7874 0.306749891963068 0.272940302098604 0
7875 0.3360004345465144 0.9482522261379794 0
7876 0.3990840197005411 0.008111502892899494 0
7877 0.3252604175432596 0.3659604883686814 0
7878 0.3419417461333846 0.958648826011229 0
7879 0.6375182646337496 0.3706717118872639 0
7880 0.33415779289599 0.3607145516982497 0
7881 0.549641400267638 0.1490005083007161 0
7882 0.3479376992526813 0.9688258688943853 0
7883 0.05000734592993337 0.4129242528328896 0
7884 0.5927566575651435 0.2416277430253433 0
7885 0.6642748879247933 0.251481239368205 0
7886 0.912898659077822 0.151064945294392 0
7887 0.782996048432364 0.1611079092134096 0
7888 0.5299439236290771 0.3902885113146614 0
7889 0.6016796567797571 0.2364948853745646 0
7890 0.2352354786381081 0.3312221619795456 0
7891 0.6106518046182582 0.2312455089729726 0
7892 0.7202329645843578 0.6474667371408183 0
7893 0.7738364634066218 0.4009444210692247 0
7894 0.7196154944428373 0.6824408780637909 0
7895 0.946052740343995 0.2748043101385033 0
7896 0.3383183015620964 0.008193027262920448 0
7897 0.6106801463204471 0.2209214133806226 0
7898 0.03817839993019555 0.1453946136609467 0
7899 0.8772303201964071 0.2798986438271525 0
7900 0.02808735712818758 0.9071497876327208 0
7901 0.7190359004438172 0.2835712351307868 0
7902 0.8117133916116257 0.4800632474432678 0
7903 0.6285663118291297 0.2208892412838101 0
7904 0.2354375271354098 0.3208448521501105 0
7905 0.7097371980904639 0.2986005419664759 0
7906 0.7719866222899978 0.7116568132510459 0
7907 0.04343735934981226 0.3134004446718358 0
7908 0.9149340428815809 0.6055623372571404 0
7909 0.772956475614498 0.08332755299864536 0
7910 0.6472077608576614 0.3864626522989951 0
7911 0.227044634783759 0.0832972345059039 0
7912 0.7189029398241501 0.3044123585958451 0
7913 0.1685378445848651 0.4122343951826537 0
7914 0.5471542434157558 0.3914197387641984 0
7915 0.7372259790970843 0.367408562599388 0
7916 0.02272237624216843 0.9801196449255742 0
7917 0.3283035422274362 0.7942004570099753 0
7918 0.08715125872372112 0.1512545889558783 0
7919 0.6750932444818695 0.01630694583621147 0
7920 0.7276188591883058 0.3505780242154833 0
7921 0.709508512119573 0.6414924270959209 0
7922 0.1325781364568731 0.2632050340717338 0
7923 0.8412082650486752 0.4292295140018269 0
7924 0.7097383948294429 0.3196526529113142 0
7925 0.9813729136650801 0.168324936193077 0
7926 0.7821511773976806 0.4173720977950553 0
7927 0.1007251115727383 0.3952713829903257 0
7928 0.7830379470274951 0.1716433312519228 0
7929 0.9225256166998484 0.9901841421169837 0
7930 0.04004211749730566 0.4070712829088607 0
7931 0.01139328641620642 0.8980891650863198 0
7932 0.2441694123923449 0.1453016644460346 0
7933 0.7186840813545639 0.3252907914974251 0
7934 0.7921651034614685 0.4799083630925512 0
7935 0.02949641210644046 0.659368691834331 0
7936 0.0209027228430258 0.8782200950466649 0
7937 0.9703703501850109 0.9902691396345834 0
7938 0.9000451654994207 0.4186670874385013 0
7939 0.4603983897859278 0.876743419778356 0
7940 0.05985811279735493 0.4649374423592449 0
7941 0.4128259939595603 0.8343187097119752 0
7942 0.6993341281780014 0.788084962352127 0
7943 0.2408315168659682 0.7419208704343669 0
7944 0.0194385884262098 0.6540236656928574 0
7945 0.12030417257202 0.3840823851559537 0
7946 0.7220835513419736 0.8956981575636555 0
7947 0.9100038610124396 0.4245703263325379 0
7948 0.1904013103448472 0.1245617221974908 0
7949 0.1588711369195877 0.4066940090583061 0
7950 0.0207145043260565 0.05817227042140076 0
7951 0.9792975952570548 0.05813944083471843 0
7952 0.8096014862810066 0.1245729539898827 0
7953 0.2074340686599825 0.4799091260142302 0
7954 0.5017065737870163 0.0187619568674648 0
7955 0.0333827522051082 0.3077011401042035 0
7956 0.04989056942694932 0.4590308054176842 0
7957 0.7095315398132338 0.7820652857383937 0
7958 0.4235183707494324 0.3913424605927286 0
7959 0.09672792418628359 0.1678008783625285 0
7960 0.2349745214434368 0.1504203019026432 0
7961 0.519511552372622 0.008684834949630633 0
7962 0.5186701378907819 0.6097688826813813 0
7963 0.0193838253616106 0.6182233449511128 0
7964 0.9591203226091062 0.4074563230035714 0
7965 0.7108200934355113 0.9382151171578601 0
7966 0.4593879598318389 0.3903574917025204 0
7967 0.9001503579082343 0.441480073614369 0
7968 0.8123159053857668 0.6173242020946073 0
7969 0.634315447249126 0.6097945848291904 0
7970 0.9780753235321917 0.6399853440501894 0
7971 0.9563040483358396 0.2804627183038456 0
7972 0.8510233803541581 0.4349623129692674 0
7973 0.1533670145701438 0.145659118902806 0
7974 0.673507620100547 0.2463531656776291 0
7975 0.3114731088590232 0.6823311714852844 0
7976 0.02836267567581538 0.1501306968367721 0
7977 0.10224315269162 0.3824566081335873 0
7978 0.2270054526009495 0.09363088477242933 0
7979 0.116057374672395 0.1018163091815106 0
7980 0.7729881378179244 0.09363723150774877 0
7981 0.4166222482328182 0.6491606604844069 0
7982 0.8225156185366109 0.6231870851022268 0
7983 0.1065707814622292 0.08530422646382911 0
7984 0.8869494835500251 0.2855580590924298 0
7985 0.9225834919570799 0.1566936862738533 0
7986 0.171841362738655 0.1245034758224445 0
7987 0.02141928050828017 0.3017016268991071 0
7988 0.2075014134438407 0.491514107566646 0
7989 0.8466191235615877 0.1456701113821411 0
7990 0.2259177641092127 0.1556133907606264 0
7991 0.03984889475712616 0.4529068128470804 0
7992 0.6568780223809531 0.06856106514042611 0
7993 0.1325361164873191 0.2742924088038544 0
7994 0.9100801325108834 0.4476119302797995 0
7995 0.8281626756507051 0.1245160097818845 0
7996 0.8328370713056268 0.6290766438901103 0
7997 0.7920106226014012 0.491412746297919 0
7998 0.69587345653513 0.9897347785503172 0
7999 0.6826656811371481 0.2413097132107232 0
8000 0.9066826123496411 0.2974742763416565 0
8001 0.277781745297179 0.5974949659416671 0
8002 0.9692778987239972 0.05175304051334331 0
8003 0.2172681245700357 0.4973521135031696 0
8004 0.6641786916804651 0.9586145784623399 0
8005 0.6473252972021424 0.9689315561807059 0
8006 0.671027796193744 0.9687867132695613 0
8007 0.691364569987037 0.2567365672840664 0
8008 0.6402078843261187 0.9585194481107806 0
8009 0.6240839566672766 0.9691463408619283 0
8010 0.6150994984358211 0.9578976308951059 0
8011 0.7925074217357064 0.4121077925955046 0
8012 0.6039935236371035 0.958187933067175 0
8013 0.1825381217818233 0.9687144071167697 0
8014 0.2269094686992588 0.1039586978782047 0
8015 0.9659059500379437 0.2746267891711809 0
8016 0.773086864906396 0.1039663111149682 0
8017 0.588199082952394 0.9689013583035836 0
8018 0.216869165437816 0.1608476845861351 0
8019 0.5524932285295715 0.9688952795411938 0
8020 0.8608942109087536 0.4406491544598774 0
8021 0.5683141218454995 0.9581797656687563 0
8022 0.5168046511898383 0.9688897040343051 0
8023 0.4371725293819885 0.9581431736678236 0
8024 0.4096159418295565 0.9689220069720721 0
8025 0.4259692994431195 0.9583861801437972 0
8026 0.4454590372212315 0.9689530937749501 0
8027 0.4811018367685754 0.9689014456685454 0
8028 0.5799700944817896 0.9581005581923011 0
8029 0.5434894434409553 0.8769032905936301 0
8030 0.4017771130510971 0.9582830183757882 0
8031 0.3620432641499596 0.9895596893187113 0
8032 0.5437818760454021 0.9579053345769682 0
8033 0.3850675249096725 0.9688962307770815 0
8034 0.5660697366029859 0.01705168267881793 0
8035 0.3546304388172599 0.9790406475457438 0
8036 0.4724633161141907 0.9579446580638904 0
8037 0.163359262544516 0.1087460831433208 0
8038 0.3381287912073826 0.989753983902711 0
8039 0.7920254415883179 0.5026895717571442 0
8040 0.5081227706250178 0.9579207949619125 0
8041 0.01654711715164535 0.7535679499981693 0
8042 0.1642174488666076 0.9586529476131216 0
8043 0.278527116695468 0.9898210177442169 0
8044 0.2357661409827113 0.9588593998979525 0
8045 0.2961334896901586 0.9794277504413256 0
8046 0.3132998704225123 0.9688629079675839 0
8047 0.2185538998652346 0.9690063049061979 0
8048 0.1483396335330177 0.9898199658741924 0
8049 0.2014778732861359 0.979319403223353 0
8050 0.1940386296458718 0.9686721355170234 0
8051 0.1343454233387916 0.9686055469462442 0
8052 0.07775376976837707 0.1792318762318736 0
8053 0.2538738595939834 0.9690463367999711 0
8054 0.4613101774689543 0.9582199739105441 0
8055 0.8966324722860197 0.3136089401985682 0
8056 0.9879083069549789 0.9815852711053228 0
8057 0.1231092055006993 0.9689818776140836 0
8058 0.8363904568095324 0.1087829350426219 0
8059 0.2472973258449201 0.5505227424737371 0
8060 0.5326540934583875 0.958177795888788 0
8061 0.7741959886176255 0.1873474625857247 0
8062 0.4969831814455934 0.9581918270354999 0
8063 0.1000630418440765 0.9898368482369083 0
8064 0.2173050263952608 0.5089387978313449 0
8065 0.4425659084509361 0.391329355177597 0
8066 0.0584816427027301 0.9793326014088148 0
8067 0.07552331222499357 0.9689897250475351 0
8068 0.7003965223465074 0.2619573386943176 0
8069 0.05147750478511552 0.9689464478543002 0
8070 0.02957805899526942 0.9902270669095898 0
8071 0.9312352217777784 0.08430256275478383 0
8072 0.06876202557805099 0.08430183607555192 0
8073 0.9463462297635431 0.9887784999621878 0
8074 0.2179914725242753 0.109017962657308 0
8075 0.8969087304618266 0.3252790933207609 0
8076 0.2168672526973913 0.1712219330838558 0
8077 0.7819915258683646 0.1089872493562914 0
8078 0.08716917492260168 0.173561170216512 0
8079 0.01822635048451969 0.9901894416808251 0
8080 0.3765145254326402 0.0177222285301243 0
8081 0.1070036352076413 0.7732876011712532 0
8082 0.2073800280413987 0.514868571057439 0
8083 0.8707079944065257 0.4464021569439295 0
8084 0.7985689677918005 0.01689979141511627 0
8085 0.03747318014258404 0.2031658754900262 0
8086 0.7096957489584639 0.2673187897121026 0
8087 0.89672754002789 0.291364695555566 0
8088 0.2014354231356821 0.01687547898704971 0
8089 0.02943759816019017 0.5291174646955759 0
8090 0.2089399452817748 0.114217454385126 0
8091 0.9070290403402721 0.332094317989598 0
8092 0.3597965988616812 0.01913352823015121 0
8093 0.03065635919032585 0.05185599814056288 0
8094 0.8707497599769388 0.4575545605221141 0
8095 0.3434661911213215 0.3856481027931267 0
8096 0.2083056090105593 0.2525836699842767 0
8097 0.1489782091388284 0.4122115310435838 0
8098 0.3589260134515413 0.7221146176476638 0
8099 0.4493617845471417 0.008884378175682861 0
8100 0.7910662461694469 0.1142270405817677 0
8101 0.7303669620182262 0.6415637588794151 0
8102 0.1133517040862 0.2746041512411873 0
8103 0.2168893951424261 0.1817303261287533 0
8104 0.9422336151297015 0.1683497699485538 0
8105 0.7834466105227573 0.1931218682179174 0
8106 0.9324296773782785 0.1624855236333837 0
8107 0.02989992873921066 0.4585182204537975 0
8108 0.02946514773359096 0.493793508609755 0
8109 0.2168908869306 0.1924887637167992 0
8110 0.02967242578143427 0.4703681377918656 0
8111 0.2070270273491478 0.5266491678239855 0
8112 0.8806483664304749 0.4635300417271897 0
8113 0.1762661791493484 0.9585654406634372 0
8114 0.1996527888439382 0.119468133866595 0
8115 0.2794700974114525 0.5537014824559831 0
8116 0.7833342449816743 0.2036533275160126 0
8117 0.8003519264525032 0.1194802699648305 0
8118 0.9519775356068927 0.09521305427110757 0
8119 0.1391181956806466 0.4179212225468618 0
8120 0.7128387932129574 0.008068156349020753 0
8121 0.1874820248856274 0.5264891695819606 0
8122 0.01977841405346606 0.4762022873660395 0
8123 0.315418815943169 0.1145820316922723 0
8124 0.9412279597090323 0.08978061140002336 0
8125 0.05874930645339359 0.08975379814578126 0
8126 0.1035162979221071 0.2803025202807202 0
8127 0.2874951444958677 0.008144963862534625 0
8128 0.01966683225266776 0.4879931171705056 0
8129 0.9801141474160837 0.5124195617292951 0
8130 0.9067354826890274 0.3434417221048733 0
8131 0.9798997590617888 0.5008697889861599 0
8132 0.7099523403223159 0.9595550313017401 0
8133 0.2257113154763363 0.2083476383123742 0
8134 0.187123047902823 0.5381182106375009 0
8135 0.5852829805873869 0.01683592780481634 0
8136 0.6898792067815829 0.6182478735040475 0
8137 0.813125969947073 0.007778823014522446 0
8138 0.9798744443127212 0.4890404547715018 0
8139 0.04794014767625052 0.09512793349862288 0
8140 0.7300196224134736 0.9380702993038303 0
8141 0.8835311695828489 0.5997680242730226 0
8142 0.9518793076237341 0.184825465508861 0
8143 0.02950644425063995 0.5057225751736415 0
8144 0.1868719335284618 0.007766073104294701 0
8145 0.2168214506635258 0.2141691760295897 0
8146 0.9799794119531176 0.4771772945092974 0
8147 0.961287740527917 0.08930582231788635 0
8148 0.1814472928919691 0.119444949820716 0
8149 0.7740331730878316 0.2192058661502621 0
8150 0.177048791789841 0.6025152150007096 0
8151 0.8185544122087198 0.1194622563624456 0
8152 0.1291394291159785 0.4238683261534083 0
8153 0.01978267697409092 0.5117034124757939 0
8154 0.9799355346718708 0.4654303167885158 0
8155 0.9600089372186199 0.1907716677553619 0
8156 0.9890616184826244 0.6718195653021362 0
8157 0.9799775503380888 0.4535623751796309 0
8158 0.7915412890662978 0.2527939989167483 0
8159 0.6560853823517331 0.01643249633902584 0
8160 0.9040331230679157 0.5997125178810003 0
8161 0.01976038572542019 0.5234525922369635 0
8162 0.163765653069204 0.0670027990204464 0
8163 0.1718952174684972 0.1668494373943385 0
8164 0.0298225588626207 0.4466383355610856 0
8165 0.9798918398112447 0.4418197204721688 0
8166 0.9801407427133204 0.5236273276736401 0
8167 0.1193086590252078 0.4299567501224327 0
8168 0.2361845666379599 0.2678846451768599 0
8169 0.9800529424267652 0.4298562462633807 0
8170 0.8280057631916113 0.1667362137080307 0
8171 0.153231985927781 0.07132922876751156 0
8172 0.02948933655169642 0.5414503752417571 0
8173 0.836181036975833 0.06711640051891615 0
8174 0.5859204550686555 0.1702190135743387 0
8175 0.1773490058466974 0.5438421883193882 0
8176 0.5946520575059377 0.165642039646764 0
8177 0.03865989765110683 0.08921518675329648 0
8178 0.6940864995649518 0.00906078096337345 0
8179 0.0300338862064401 0.4123900782978708 0
8180 0.567411516600169 0.1703229721722863 0
8181 0.8844635869214317 0.1237758098711594 0
8182 0.8217759609055989 0.5197856386320985 0
8183 0.01974126717243603 0.5472952422474278 0
8184 0.0198278542131595 0.558937642784021 0
8185 0.0938129628202627 0.2858120729231812 0
8186 0.1773540189562412 0.5555387339895662 0
8187 0.8020415722309467 0.5192239855560445 0
8188 0.3253618622082119 0.01781427454203762 0
8189 0.7213037888314571 0.8157474479088711 0
8190 0.8459116385590627 0.07158477090747749 0
8191 0.7620247825012002 0.008328476360877647 0
8192 0.02008727815229228 0.4291012184707909 0
8193 0.3537897294532849 0.6924849456948959 0
8194 0.9241129794368708 0.5995103895654375 0
8195 0.6413990195993253 0.007665863328494976 0
8196 0.2357573956591498 0.2790594390838559 0
8197 0.9423146919560118 0.1792307551331262 0
8198 0.1773399377489712 0.5672179348783685 0
8199 0.5770182107152885 0.1653187502150052 0
8200 0.317813383866792 0.1253479461201307 0
8201 0.02993702799722879 0.4352941268069201 0
8202 0.8326336510210008 0.5366059187491046 0
8203 0.2379765085812329 0.00831018350579479 0
8204 0.4405345059282829 0.6548113977168958 0
8205 0.1896111323802633 0.701570933105687 0
8206 0.979559164155687 0.4184457890211905 0
8207 0.129187420194082 0.4462684421647812 0
8208 0.1773419683007012 0.5789287080727779 0
8209 0.8940816838852828 0.1064916054081416 0
8210 0.9343649775175092 0.6058818289108263 0
8211 0.7808233103883608 0.01781923981032824 0
8212 0.1719632218720997 0.1775276680453219 0
8213 0.08425844049432694 0.28020575714203 0
8214 0.1678577418425623 0.6324249198890923 0
8215 0.8426345711967872 0.5308870753427373 0
8216 0.1779570860862802 0.6381162071905655 0
8217 0.8117760877425297 0.5140203171924449 0
8218 0.1772632133345108 0.5907378771504157 0
8219 0.8279466675227604 0.1773811972860775 0
8220 0.04274810710283238 0.3470809068739301 0
8221 0.2191883000753786 0.01779820113960344 0
8222 0.01958660327985376 0.7362880278961567 0
8223 0.9349592610007637 0.6177502248435233 0
8224 0.1978458109854476 0.6376017257104656 0
8225 0.2267809100979142 0.2850294971212626 0
8226 0.8221844904128053 0.530844586066277 0
8227 0.01987442757083836 0.724960532768145 0
8228 0.7209841936127249 0.5540011370215172 0
8229 0.1673919757830236 0.6083026795215652 0
8230 0.4304611529425569 0.007542664771842027 0
8231 0.0100383939400477 0.3995167299107051 0
8232 0.009596286271798128 0.648503208359138 0
8233 0.4585512533418225 0.6096301799353311 0
8234 0.01995993915607321 0.7130673106053601 0
8235 0.5814860384317835 0.3999112242080621 0
8236 0.8517754015292318 0.5141180415268822 0
8237 0.1675218997483058 0.6202764106262251 0
8238 0.7824835670518802 0.5193821132702002 0
8239 0.9696504309821274 0.07349956082483453 0
8240 0.9452141939452563 0.6238033903180928 0
8241 0.00965045850919863 0.6125369173618418 0
8242 0.02002806808728397 0.7011678799925607 0
8243 0.1792627227945305 0.7082932247179492 0
8244 0.02018813330537409 0.3826859572543934 0
8245 0.009724925266433671 0.636452068992108 0
8246 0.01975831883780081 0.5706527634782234 0
8247 0.03023977525046928 0.6832842652497798 0
8248 0.762155645761844 0.5305854641865926 0
8249 0.9554135407450269 0.6297241135405331 0
8250 0.01940442591371273 0.6301312719030202 0
8251 0.2467853076356405 0.5842850023313537 0
8252 0.009774841713605067 0.6005079962760882 0
8253 0.01983848773379174 0.5823860800005108 0
8254 0.02979517390268666 0.671502872620837 0
8255 0.9651478726557338 0.6348170572126013 0
8256 0.0196472779193634 0.5943165347693539 0
8257 0.02002535859418086 0.6897068383539096 0
8258 0.7723134199430122 0.5250721151481196 0
8259 0.749659184608521 0.9605615616113319 0
8260 0.8620697529461477 0.5194400486149715 0
8261 0.2227728361484725 0.7335351309832409 0
8262 0.7183713899479469 0.3353752701879567 0
8263 0.1720056857958432 0.1885188475374227 0
8264 0.03034397266584523 0.07345689225375859 0
8265 0.07428675808246084 0.2744910194561879 0
8266 0.894123694474323 0.09535775925070562 0
8267 0.8279511918681616 0.1885394135271391 0
8268 0.03136904355786728 0.36513552310661 0
8269 0.752410787087116 0.5251270493004557 0
8270 0.710337483440298 0.5474907561583058 0
8271 0.8661742116647679 0.06062119493316099 0
8272 0.3872556588073567 0.6089298880932208 0
8273 0.3071370916926545 0.3859540460158084 0
8274 0.792127310923782 0.5136925452028436 0
8275 0.2356289812279231 0.3004668685549616 0
8276 0.9574894641426375 0.7844344709272897 0
8277 0.3317403995624012 0.6811151466530238 0
8278 0.2809273025708093 0.5656323473862246 0
8279 0.7640025029751192 0.2682814291350522 0
8280 0.7423332884584848 0.5309082398566318 0
8281 0.854541858942538 0.05629055272607154 0
8282 0.7642250004540743 0.2792769374519073 0
8283 0.06430730687711321 0.2687471767292888 0
8284 0.3602274970765489 0.8046846710143258 0
8285 0.7277188418631449 0.3408066047493273 0
8286 0.7730936152808324 0.2853537359105552 0
8287 0.2271028928384167 0.3063268661347189 0
8288 0.08846691643964839 0.9896302025495294 0
8289 0.2439901873604274 0.2400937261643084 0
8290 0.8932052324045002 0.5367184436834918 0
8291 0.9473626507614359 0.8502347705866362 0
8292 0.009315321191755132 0.2092708124191515 0
8293 0.08195954747595499 0.9793472307811975 0
8294 0.2308158635129364 0.6820807246620797 0
8295 0.9570360092733994 0.8675485517364314 0
8296 0.1288525026081425 0.4579330042035353 0
8297 0.881925530499673 0.5199595867743447 0
8298 0.1806987953582194 0.2045136949740358 0
8299 0.8718185583589506 0.514161601546423 0
8300 0.02330723724302222 0.3352003820883384 0
8301 0.05380386522473853 0.2632723088238177 0
8302 0.9786514877204479 0.9273889896155703 0
8303 0.9675000412026042 0.9323929255787059 0
8304 0.2802958948244113 0.3691769547022135 0
8305 0.890510466512911 0.4696229211649749 0
8306 0.9032516432499718 0.5309304101417027 0
8307 0.6004940033645798 0.008058184690113906 0
8308 0.764292636730728 0.3007054121983682 0
8309 0.9891833207083058 0.9336665441244212 0
8310 0.2890727225115136 0.3546891051789371 0
8311 0.3702474396049443 0.6229130708712425 0
8312 0.371648241576005 0.6341983633590258 0
8313 0.9077193092757443 0.3558017239080192 0
8314 0.205454477101984 0.7240485504014506 0
8315 0.7324806128422336 0.7947981563788201 0
8316 0.9907318793041711 0.7325460900156558 0
8317 0.6192761867682252 0.01752423815463032 0
8318 0.09608356814641808 0.6635231143769744 0
8319 0.01999465271736218 0.4060377296469468 0
8320 0.7094640730243228 0.5004605514850461 0
8321 0.1414764386672775 0.9792790522413761 0
8322 0.8192767992207065 0.2045390975255969 0
8323 0.5457471719003986 0.6190007548800988 0
8324 0.01175255572669533 0.3289173226567818 0
8325 0.7731375757295427 0.3068358401189182 0
8326 0.9114427300946299 0.5142340560985743 0
8327 0.2803218215828758 0.3487018260672017 0
8328 0.08037544606286143 0.01644361729861108 0
8329 0.9196893409180548 0.01639578524349956 0
8330 0.3277094760698249 0.152427586008863 0
8331 0.7545306757548798 0.400549206045301 0
8332 0.3353066061147466 0.1575668433527571 0
8333 0.2422959191570203 0.9690949296640486 0
8334 0.6193459703532356 0.08755545396985329 0
8335 0.2669318280678595 0.9895673824339914 0
8336 0.2710925456009516 0.3322467172824192 0
8337 0.9090197235622897 0.3678740323079582 0
8338 0.882549767485323 0.5309442801770987 0
8339 0.7313289120873836 0.8784725582368793 0
8340 0.4081954310679349 0.3997997919833388 0
8341 0.260294873578449 0.9792950506571582 0
8342 0.2339031447008129 0.3959450542228448 0
8343 0.9211373396703159 0.4888773312261576 0
8344 0.900460720891304 0.4757106331108328 0
8345 0.3264479392291607 0.9895422657658421 0
8346 0.7373741121052391 0.3567794980169391 0
8347 0.8354207499336563 0.01725681570511529 0
8348 0.2800003405635643 0.3178837146856706 0
8349 0.3435942734226781 0.1729220438639298 0
8350 0.2713632622149869 0.3114840929908806 0
8351 0.1718682432807552 0.2104494268536316 0
8352 0.763978591126818 0.3217289236744279 0
8353 0.1645747432153188 0.01723398224577311 0
8354 0.9210437327949158 0.500477385874309 0
8355 0.05478526870023433 0.008162399184410984 0
8356 0.2637219741109826 0.2778512816196045 0
8357 0.3198172478524701 0.9792451173722803 0
8358 0.9186166845999715 0.373180808463651 0
8359 0.9360613983285297 0.8554158635621267 0
8360 0.2802735612556985 0.297328396522324 0
8361 0.8280944193423846 0.2104924918736662 0
8362 0.4756542887581559 0.6336861498730235 0
8363 0.2894740094396027 0.3751862076186748 0
8364 0.9106395479674279 0.4820341409919436 0
8365 0.6130253730095645 0.1793661593840061 0
8366 0.9335275438362856 0.008162758814179466 0
8367 0.6653304138606876 0.3850910413294797 0
8368 0.724291150875563 0.4493286809619756 0
8369 0.9891028686407419 0.09422214816424231 0
8370 0.7642739579817324 0.3327965448485406 0
8371 0.7316480188680493 0.5364603807893005 0
8372 0.7707924364209711 0.9480121527289613 0
8373 0.3717651407306546 0.2783829984268688 0
8374 0.01098265943667017 0.09418846840065623 0
8375 0.849095111363069 0.2316152792742253 0
8376 0.1522237075394146 0.2313781400023775 0
8377 0.4597118189970886 0.2899390303069844 0
8378 0.2984532810952405 0.3806909278661864 0
8379 0.9664142397759877 0.715939046974128 0
8380 0.773010159125597 0.3392457611665448 0
8381 0.1192872696166773 0.4640702915784874 0
8382 0.6081262051899576 0.6187950008227087 0
8383 0.9903923627700597 0.4113707809794754 0
8384 0.2970762578651917 0.2621249238383266 0
8385 0.9451803312895288 0.008174956274894995 0
8386 0.7360277393074028 0.4006562721126191 0
8387 0.04373399031523444 0.26834859798644 0
8388 0.2328738073235611 0.4068961353885495 0
8389 0.9774182608704995 0.2474790739307713 0
8390 0.3415198764725165 0.8167628550661196 0
8391 0.01891435130591198 0.1671377502280225 0
8392 0.0187455217631903 0.1549803993828848 0
8393 0.6235294117648819 0.6083511262652543 0
8394 0.5137401291135325 0.2578434722931191 0
8395 0.01951895339910192 0.1787871493894258 0
8396 0.9909544279460878 0.1733610751009276 0
8397 0.4853417115588718 0.2670755327791803 0
8398 0.9913967250448112 0.1846499108290316 0
8399 0.9374259671293632 0.37322177785151 0
8400 0.9822085819892821 0.1915416167051344 0
8401 0.03179339834258384 0.3527699362324966 0
8402 0.5240165420860615 0.2310854403297955 0
8403 0.5138491322165261 0.247405525887286 0
8404 0.4352706214039995 0.8360407710838802 0
8405 0.5225754741637105 0.2226071465711673 0
8406 0.5134422409469201 0.2091962343472421 0
8407 0.4235294117650384 0.6082902085454585 0
8408 0.06645123616624729 0.008162439620575572 0
8409 0.1718101855817606 0.2208143276615987 0
8410 0.109238066550733 0.4820156779637205 0
8411 0.5294117647063307 0.6082697284542078 0
8412 0.03404337065320048 0.2632277595642348 0
8413 0.7414653327224057 0.8618114739154195 0
8414 0.8520533430862467 0.01742555290753458 0
8415 0.1195317120685933 0.498322170488789 0
8416 0.7638239248510175 0.3539847159516331 0
8417 0.9803029536206601 0.1451553758696336 0
8418 0.1968427364773268 0.3236280210131775 0
8419 0.9847714897769448 0.2535841667330199 0
8420 0.1190053803173508 0.4754319149195955 0
8421 0.9806059392948911 0.1569790258061624 0
8422 0.8281641267347181 0.2208368777074439 0
8423 0.857867822491585 0.2258667830258085 0
8424 0.2563132803523493 0.5339126313979943 0
8425 0.9702307095417444 0.1167976986589076 0
8426 0.01843355538988646 0.1428922799130368 0
8427 0.1320701329456859 0.2313587959369024 0
8428 0.1479863163583285 0.01738232589539734 0
8429 0.01866119027132844 0.1312036885984682 0
8430 0.7831115330959303 0.9550518402984177 0
8431 0.09896603847288503 0.01721093892358879 0
8432 0.1695313502032372 0.7247095544862951 0
8433 0.3078367822131806 0.006952457914791968 0
8434 0.02905069851555951 0.1161084011020244 0
8435 0.7348792492624098 0.4114967131472678 0
8436 0.76253242074937 0.3629612660873443 0
8437 0.9010536591236957 0.01721132390613299 0
8438 0.938285688005271 0.3847200354138711 0
8439 0.9702824841299437 0.1281651259631416 0
8440 0.4047850928712562 0.7233856060421522 0
8441 0.01959878562735182 0.962516375170231 0
8442 0.2391865481492856 0.6983354448834755 0
8443 0.2924474847660548 0.6704136228124162 0
8444 0.1365158750492223 0.7438427919581341 0
8445 0.8852525245062097 0.01738824669850968 0
8446 0.162027634511736 0.2262517206408433 0
8447 0.1147738620224198 0.01738935833768195 0
8448 0.322182426260234 0.6189825351673679 0
8449 0.6877540864899397 0.8545210411919406 0
8450 0.1310331377183113 0.3084260220932716 0
8451 0.8646318004447935 0.2100490202559701 0
8452 0.123562378164327 0.05337679147289649 0
8453 0.7917085389467415 0.971122068938602 0
8454 0.838181872097439 0.2263279114197759 0
8455 0.8748528237154107 0.970953986812942 0
8456 0.6877900560294909 0.8771631744892533 0
8457 0.8759581523237031 0.05364610376319234 0
8458 0.6011208402388255 0.3900004455977759 0
8459 0.1327460522559221 0.059002535556161 0
8460 0.6015008303945281 0.1702123769815207 0
8461 0.5551788368694146 0.8579594520379756 0
8462 0.346187093886954 0.721863836571657 0
8463 0.1064776141402944 0.7953520285619061 0
8464 0.8277565659019058 0.3392326200115185 0
8465 0.3606947568922938 0.6198186478647069 0
8466 0.2802575755208383 0.3386232283308709 0
8467 0.6705882352941895 0.608003879012961 0
8468 0.3255020197027939 0.3949716560755236 0
8469 0.2845498763553381 0.5907754739484244 0
8470 0.2486627861100355 0.7134461590688199 0
8471 0.8743757868191386 0.2044096129248963 0
8472 0.1481435908704377 0.05492091355604867 0
8473 0.682091968165019 0.9690532799378484 0
8474 0.4823529411769661 0.6079747162067619 0
8475 0.692690873674355 0.3926652444974885 0
8476 0.552329327296741 0.007700467253538796 0
8477 0.9489068005494729 0.4023154417891162 0
8478 0.131008301098288 0.3205578471212825 0
8479 0.9479609059622454 0.3904555113015054 0
8480 0.1219401244839795 0.3373726920566278 0
8481 0.1431538549945311 0.2263885171470641 0
8482 0.0194960048308229 0.1093620360401063 0
8483 0.2487876631213992 0.4893260684070685 0
8484 0.8385184746238714 0.3510569922825885 0
8485 0.0285730567114475 0.1829773926172004 0
8486 0.1313494911723569 0.01593902851712139 0
8487 0.8686604089481175 0.01608287513226961 0
8488 0.6888297398032595 0.9798546599653775 0
8489 0.1208985998943739 0.3709755423650419 0
8490 0.124870898589748 0.2045047726830748 0
8491 0.4957921200290665 0.8578947273506985 0
8492 0.1309026076478312 0.3441595224381553 0
8493 0.1397511467502129 0.5209122953783984 0
8494 0.1209241559786726 0.3593724418479326 0
8495 0.538476487217461 0.007542538691449652 0
8496 0.02903463484265802 0.9474630822671075 0
8497 0.4466595432236221 0.6088610170019283 0
8498 0.649862771272592 0.61948225419432 0
8499 0.06768328699074787 0.7957926820029808 0
8500 0.6384121147501157 0.8579978926845796 0
8501 0.1389198606221593 0.5333380068529797 0
8502 0.2553720539607783 0.5777241145509966 0
8503 0.9804184521214994 0.1095170474525989 0
8504 0.869592300473955 0.0365350205105744 0
8505 0.7310054233040369 0.9703630885106213 0
8506 0.6185920292743345 0.3892104501110038 0
8507 0.1308042143235609 0.03667713302925235 0
8508 0.3935921807747838 0.7038851542059366 0
8509 0.4730015233518599 0.8576244399078123 0
8510 0.744278824518831 0.007330880440023237 0
8511 0.1292834688552577 0.54052548035345 0
8512 0.503249402223267 0.6195062275338232 0
8513 0.2557277034607677 0.007309207130633305 0
8514 0.7176459689587706 0.4112018443229911 0
8515 0.775514382191963 0.3706090150083801 0
8516 0.3906688545958651 0.731661663752957 0
8517 0.5652766230085275 0.6079922289052984 0
8518 0.009625093073672011 0.1034355236958626 0
8519 0.1172200915958693 0.1984662051596242 0
8520 0.1287717822270763 0.552617851715537 0
8521 0.3795329734991975 0.110502025693431 0
8522 0.04044210797751825 0.0156735132391103 0
8523 0.4848057175122066 0.3943234117775772 0
8524 0.03429791015717686 0.8373716334038288 0
8525 0.128818201444038 0.5643061302235939 0
8526 0.742870387511962 0.8362154104830942 0
8527 0.7429721125472813 0.9194781730708103 0
8528 0.9683514048837281 0.4012386715292937 0
8529 0.1474844397258795 0.7242645811627627 0
8530 0.9910316792740185 0.103514031891434 0
8531 0.1288846381579201 0.5758721570190958 0
8532 0.2283497846987919 0.315002845527274 0
8533 0.5048412600710672 0.3942461379006212 0
8534 0.3437202566583102 0.6195803263663414 0
8535 0.9745560378566329 0.3127618910779171 0
8536 0.8689256691816436 0.02636342586464221 0
8537 0.6376996940289295 0.3891463050733007 0
8538 0.3334099556738092 0.7648203138583649 0
8539 0.102383630737357 0.2043659540405951 0
8540 0.05340580955839781 0.80408006497656 0
8541 0.13115721697965 0.02634097727967534 0
8542 0.9595959595958521 0.01557309169539106 0
8543 0.5779135854087244 0.857910118903968 0
8544 0.7302980250212131 0.007341845624365115 0
8545 0.8571617351646391 0.9814623249849903 0
8546 0.2254191210942333 0.4357516699519726 0
8547 0.9694824088209226 0.746105837739012 0
8548 0.3832068075752497 0.8276410918650045 0
8549 0.282257933255241 0.576027778132896 0
8550 0.009216709160261322 0.1949629534835451 0
8551 0.2711908787070194 0.2914218326156102 0
8552 0.3732090452774622 0.7318300293312828 0
8553 0.6812480846779855 0.3844010954463105 0
8554 0.2696986443892462 0.007324042616871827 0
8555 0.02612048366324463 0.751119341312819 0
8556 0.4342775875747941 0.8571361363463028 0
8557 0.9718738193359148 0.5280559248444227 0
8558 0.2619064236979869 0.2858096134238327 0
8559 0.2696651771180757 0.5200573019084825 0
8560 0.3888147817758488 0.3896577665158954 0
8561 0.3333189537978058 0.7416557783218282 0
8562 0.2147573304481758 0.3214498184137853 0
8563 0.5882352941179231 0.6074609363185144 0
8564 0.08674012845910267 0.8072116233572614 0
8565 0.1094678824688186 0.5985563338703824 0
8566 0.4041832615573442 0.6549620013798964 0
8567 0.6880914165286334 0.8161507584281248 0
8568 0.8095238095237428 0.9821648822632564 0
8569 0.4316556347935615 0.6608582353556105 0
8570 0.1290383019298798 0.5861367819347096 0
8571 0.2286535528168381 0.6644720854966534 0
8572 0.6765492415467377 0.8360042842870296 0
8573 0.6714481983696428 0.8772697010875834 0
8574 0.2241558682106998 0.4123236921604457 0
8575 0.8777387339268693 0.04149692330753323 0
8576 0.09951966949226299 0.6166690064719978 0
8577 0.7272890536814931 0.8269593370524005 0
8578 0.2485469047965006 0.6528350326123121 0
8579 0.1231589798343592 0.04219167354293603 0
8580 0.1095112223392715 0.6323471171912014 0
8581 0.01825772322261264 0.8451173965752786 0
8582 0.3033544623365815 0.6292659773945579 0
8583 0.3748627806271883 0.8128297092811891 0
8584 0.9161845236777183 0.982459026897362 0
8585 0.1193965148228654 0.5921648348710493 0
8586 0.08341668489305996 0.2032852233301921 0
8587 0.6163092510108851 0.8572470934637352 0
8588 0.1247843810346779 0.7622187519348912 0
8589 0.2419053183119393 0.4325554019889018 0
8590 0.4039947061077397 0.0146484125674767 0
8591 0.9745413017134974 0.2940959935098729 0
8592 0.3742820185064397 0.6935742863591163 0
8593 0.2916176843431488 0.6495423323692413 0
8594 0.7823595396145696 0.3653939817094417 0
8595 0.1093178387725152 0.644744720322687 0
8596 0.976707174535667 0.9830784086434566 0
8597 0.8934239887028412 0.9823530135742076 0
8598 0.2494266008022604 0.7342420983162314 0
8599 0.4747422898120801 0.01507956366898321 0
8600 0.1103902848292648 0.6548612830448493 0
8601 0.4545733471191141 0.8691097818619461 0
8602 0.8129176995718399 0.3811226002474853 0
8603 0.9828265898966144 0.73820206252035 0
8604 0.02025288815140626 0.01544357498858855 0
8605 0.02985313166255877 0.9266442820390522 0
8606 0.07874711812639852 0.6641311257232366 0
8607 0.8332485619317628 0.9824564094550815 0
8608 0.3714069040125129 0.3891049105478545 0
8609 0.2244003135405956 0.4237555825186851 0
8610 0.4772134209185308 0.2797161227719615 0
8611 0.05368390813069378 0.8266103285217689 0
8612 0.8845154774958909 0.1984213932003442 0
8613 0.6602425021973086 0.8574687471643322 0
8614 0.9191780558540993 0.5087679198009917 0
8615 0.49782136028956 0.2596453165580064 0
8616 0.06724912524082771 0.6830986843932326 0
8617 0.8233149641371307 0.3758795206762453 0
8618 0.1088485565209908 0.6099159085551841 0
8619 0.06726805595907154 0.6949678214457436 0
8620 0.5562197042271269 0.3938530663833272 0
8621 0.06755131516022339 0.7064360297532478 0
8622 0.7919624339631437 0.3709526723366796 0
8623 0.1857087629896629 0.3374361868710624 0
8624 0.3854252100876007 0.01496171492351227 0
8625 0.3810735461684627 0.2653352252914631 0
8626 0.394916436884977 0.2957857169111223 0
8627 0.01813310364708362 0.8681920329135829 0
8628 0.3891283240333032 0.2709923084333416 0
8629 0.4085981249627681 0.2903236778236973 0
8630 0.2443324748304185 0.4482630715253364 0
8631 0.9797408495111374 0.01530828363160698 0
8632 0.4943355448805461 0.01532248533638942 0
8633 0.08900165432175937 0.6572034516808488 0
8634 0.5138006610574332 0.8691056739772252 0
8635 0.4257151147670331 0.2911043704231986 0
8636 0.04809519784973752 0.7293047931140213 0
8637 0.5602317871605356 0.0421891930401219 0
8638 0.4435580860361859 0.2910890037803017 0
8639 0.8922006930916677 0.1926342051245406 0
8640 0.007976720895625827 0.7545078339781384 0
8641 0.5118160048130954 0.07581910057253276 0
8642 0.5426213843876435 0.1926158331576727 0
8643 0.3334940780668857 0.01469720642931612 0
8644 0.01868260605177476 0.9061981615324455 0
8645 0.5513732348702758 0.05737986188615943 0
8646 0.3586954683542458 0.2852680743848229 0
8647 0.1778479467869561 0.3314327681658132 0
8648 0.3764705882354996 0.6070538087938143 0
8649 0.9912851094336641 0.9912851094336694 0
8650 0.008714890566333186 0.9912851094336668 0
8651 0.2095772495355825 0.3160172817923599 0
8652 0.3503459022773942 0.2802660728358938 0
8653 0.5594772407816211 0.1930935517942429 0
8654 0.560438239797405 0.02376115301411228 0
8655 0.3423878382194333 0.2550745178196837 0
8656 0.09489896740330188 0.199007838495197 0
8657 0.6913521144197082 0.6085918531484852 0
8658 0.5606434030328905 0.0322615282949097 0
8659 0.5330502028662065 0.08989191446980954 0
8660 0.5372572068160796 0.8689837021098946 0
8661 0.2672172864714212 0.6193461068736743 0
8662 0.5419538453708269 0.08423504314810214 0
8663 0.5773198836459585 0.1930616034509513 0
8664 0.9750885651062602 0.2775227626100442 0
8665 0.4868913164732762 0.2750650849882585 0
8666 0.7318154240574474 0.898838744504399 0
8667 0.8020715089145514 0.3762228624503917 0
8668 0.3237937927384902 0.2542067741102667 0
8669 0.07791568431521809 0.6758674951413508 0
8670 0.3524355262293736 0.3890626296953688 0
8671 0.02529652077748567 0.268669259985212 0
8672 0.5124440961833073 0.2394807783712901 0
8673 0.3527692476278976 0.01525305211840135 0
8674 0.1164800345837963 0.7767138663681168 0
8675 0.4166606116315634 0.007404426313034219 0
8676 0.1990768128702566 0.3309102561235816 0
8677 0.4996107194356931 0.06739183195474424 0
8678 0.8275377059670733 0.3490301106206778 0
8679 0.9173487421389221 0.2035572785972996 0
8680 0.5521799813875578 0.04767874166472943 0
8681 0.3704348972956407 0.2703652226799031 0
8682 0.5263254707819174 0.01541800477784309 0
8683 0.5988720634684055 0.8570539249951855 0
8684 0.4906913196730874 0.07251694613462309 0
8685 0.4335426525070563 0.3937455868350546 0
8686 0.3327486792789956 0.802545442157012 0
8687 0.06761204243795035 0.7165191781121811 0
8688 0.4823399513479429 0.0769520797323129 0
8689 0.05786511263279777 0.7229167238763035 0
8690 0.5205423077979091 0.4037211614211471 0
8691 0.3229256480170407 0.6847809293132769 0
8692 0.4599050166424235 0.2809880396246894 0
8693 0.172123433713396 0.3155482406150583 0
8694 0.5049658540554817 0.2642115084138805 0
8695 0.5435692784120947 0.06226530660858902 0
8696 0.7878787878782321 0.01459358453945629 0
8697 0.04727690492887554 0.740085666668446 0
8698 0.5375802523751108 0.3935267530509994 0
8699 0.542876731219085 0.07312357585443888 0
8700 0.7211327373506985 0.9346282772480242 0
8701 0.03765196289661048 0.7456246161271595 0
8702 0.5758308023974228 0.3935802152407536 0
8703 0.4683881543598946 0.2755893628073839 0
8704 0.3275437807956515 0.1245319348612582 0
8705 0.2121212121207335 0.01457143431000879 0
8706 0.4157854732335046 0.2953248889058118 0
8707 0.4800977213515308 0.1007847476519501 0
8708 0.4337304801018642 0.2956725288577763 0
8709 0.7170116488142693 0.4222032684260671 0
8710 0.1574566473888837 0.320710440109697 0
8711 0.4710383629937572 0.1152584659487909 0
8712 0.808532820901107 0.01413830568570049 0
8713 0.5221807387522066 0.2034059887454885 0
8714 0.9838116015267491 0.2737350963991347 0
8715 0.9746680392832708 0.3529317585592487 0
8716 0.4623974550995954 0.1199664876572763 0
8717 0.4511384804574644 0.2950272100114952 0
8718 0.3060402301770976 0.3941957365613353 0
8719 0.1914569783006934 0.01411145454929518 0
8720 0.5300430631745954 0.1984994522901788 0
8721 0.4664655879014123 0.3936154382949447 0
8722 0.007205056823779126 0.007484695796798235 0
8723 0.9927995898011033 0.007469081805023401 0
8724 0.3000788447090622 0.6851675048193302 0
8725 0.4211387020779153 0.8272776000870481 0
8726 0.2676658950785045 0.6424260271135163 0
8727 0.7181504763713589 0.01466641827297105 0
8728 0.5497095777851921 0.1973028386757102 0
8729 0.3326172999124319 0.7859433203813445 0
8730 0.8273561841616235 0.01441052852703502 0
8731 0.9475596216194855 0.2086914660207076 0
8732 0.07923607380136118 0.1881856201955414 0
8733 0.1726423723936498 0.01438949965044915 0
8734 0.7131311929680109 0.9492055283653669 0
8735 0.4592756235681479 0.005967784514620499 0
8736 0.4476913060110249 0.1176099264761583 0
8737 0.5676095975164515 0.1976065860574161 0
8738 0.1516265457688522 0.3049821006527837 0
8739 0.4042999709242746 0.8269832861784568 0
8740 0.3337335748167336 0.2495396035232113 0
8741 0.9748573839588539 0.7090932564523469 0
8742 0.4296806374358994 0.1175762771877842 0
8743 0.5848677499616307 0.1971981089494547 0
8744 0.4082529631876007 0.6179458605596451 0
8745 0.2864555463908054 0.2750344674726455 0
8746 0.8364347497794369 0.3327425685075079 0
8747 0.4522433890836313 0.3934283862914252 0
8748 0.2827336735476738 0.5293160389286986 0
8749 0.6459384480967375 0.01384856569235822 0
8750 0.5932679644247723 0.1925975897756455 0
8751 0.1440579315321862 0.2990944753767208 0
8752 0.2818388502408883 0.01484210888269333 0
8753 0.3164036442525918 0.2500801387208508 0
8754 0.6578803072599778 0.3886043608500763 0
8755 0.4141149050421558 0.3934856276842983 0
8756 0.3087943594579267 0.2543620335644898 0
8757 0.2793900285716711 0.2699085814700708 0
8758 0.983174982819465 0.2975337890350508 0
8759 0.6978764248773072 0.7976165552494375 0
8760 0.6017974788972554 0.1873947618621379 0
8761 0.4816131184703845 0.0866162374947347 0
8762 0.627498669459848 0.01451347980201286 0
8763 0.4114407668549405 0.1176203707822291 0
8764 0.9538871524599528 0.5259507531149731 0
8765 0.6660439744142616 0.01425028828675864 0
8766 0.2538363464394368 0.5670917854499694 0
8767 0.9653289393665259 0.7386914064538297 0
8768 0.7184676778542392 0.7857008542856306 0
8769 0.9321173951792153 0.515572521975203 0
8770 0.4032750380186616 0.1220984490544294 0
8771 0.232677039373944 0.7351058134814861 0
8772 0.01945675777100038 0.7453812671554697 0
8773 0.9413137862038452 0.5207947531602677 0
8774 0.9546553167010758 0.9817090199279267 0
8775 0.475622564085699 0.6499929121406836 0
8776 0.9931634355515165 0.5536627429615022 0
8777 0.9829033805684072 0.3093301749753347 0
8778 0.5101243443409269 0.005667987004180017 0
8779 0.4723564512630073 0.1046148752800413 0
8780 0.6789801880786066 0.007109214902364966 0
8781 0.360196847141275 0.6850756139396315 0
8782 0.9823247853299679 0.5647749058070441 0
8783 0.9378839931320339 0.9816050874637965 0
8784 0.9786604041899607 0.07913872239058639 0
8785 0.8497377917561042 0.3268990519956121 0
8786 0.2993663111048485 0.2688939444537213 0
8787 0.9046927716630803 0.1981146297481325 0
8788 0.9744396143711671 0.230790882420847 0
8789 0.1997706597265161 0.7165225010989645 0
8790 0.756424664509689 0.01483374832469457 0
8791 0.01879091198282773 0.8888883105510029 0
8792 0.2522202117525754 0.4506895290000614 0
8793 0.9711609748272809 0.588919356789368 0
8794 0.9829404293168345 0.6075124378362164 0
8795 0.871944304598063 0.3586745648593149 0
8796 0.9830079753771395 0.6194667898133084 0
8797 0.2435707440441801 0.01480589287354157 0
8798 0.9832719072742548 0.6306855186445012 0
8799 0.358388993783781 0.09674585025232109 0
8800 0.4415023398375456 0.01582297729872697 0
8801 0.03592551993887767 0.22100881622838 0
8802 0.02133094865764728 0.07907348884882356 0
8803 0.3496561043458462 0.1013835166239587 0
8804 0.9728042387867786 0.3273258327682046 0
8805 0.4216755374856823 0.656679329888224 0
8806 0.9932005288157957 0.2562592163131311 0
8807 0.2454090063638395 0.5058989156210125 0
8808 0.8254592863673204 0.3623752488926543 0
8809 0.5757575757564601 0.01406646655836593 0
8810 0.2553429605950586 0.5240211335766544 0
8811 0.2380493842048512 0.6893294313978937 0
8812 0.2615571809654991 0.2702150396566053 0
8813 0.8587472889725617 0.01429119907551031 0
8814 0.2926283513919464 0.5924805995505003 0
8815 0.1409581689794303 0.01420214950234394 0
8816 0.007495590184315621 0.8257677844372872 0
8817 0.006208981762153717 0.8154761904760847 0
8818 0.9918526148109207 0.08636984819453558 0
8819 0.01813735016089028 0.9724951015848662 0
8820 0.01889694850509359 0.8037836136649747 0
8821 0.00647668454094697 0.7918457195163664 0
8822 0.8782071802663196 0.014295627838231 0
8823 0.7424593670402369 0.8528326347137924 0
8824 0.9930570753437735 0.2679377463470739 0
8825 0.8915802553572403 0.3589694451035735 0
8826 0.5346747621694531 0.6153466673176601 0
8827 0.3904212527277551 0.6622624874367442 0
8828 0.1218083179521257 0.0142899673942091 0
8829 0.6180908117568424 0.6154731957558762 0
8830 0.950234423407892 0.1934886134229512 0
8831 0.9727148635870135 0.3377742385106817 0
8832 0.9626100083235258 0.5444528795106108 0
8833 0.007079272324955211 0.267816300190478 0
8834 0.7169902976426712 0.4329196586596582 0
8835 0.008120491978042776 0.0863084062682366 0
8836 0.2703974865546264 0.2649842824114926 0
8837 0.595431528563926 0.01440251203367033 0
8838 0.6329119811106004 0.1534119296711198 0
8839 0.008416629083633128 0.7712519717387012 0
8840 0.9241077218821301 0.1986479391665272 0
8841 0.7239228638744987 0.4645807323057878 0
8842 0.4409789450444957 0.6163942628571387 0
8843 0.01388770249887215 0.3096388627697922 0
8844 0.6416364982251233 0.1577757616111891 0
8845 0.01727325298572462 0.2842566517618252 0
8846 0.9820131733298837 0.3548459749646371 0
8847 0.7240157697223975 0.8849061513332457 0
8848 0.7474844964813958 0.9710375919906877 0
8849 0.710541784037871 0.9705625320531155 0
8850 0.3667762440812245 0.01568884505240322 0
8851 0.7166034520566199 0.4475021404787006 0
8852 0.933199064431098 0.2034122033011274 0
8853 0.9833693395769936 0.2029220437059596 0
8854 0.699893805473532 0.01559918060315575 0
8855 0.9830232364462457 0.2261737519706645 0
8856 0.9833205601762108 0.2146427425198684 0
8857 0.9665934232438067 0.1971131889312008 0
8858 0.5930211753426006 0.4158546601255206 0
8859 0.4076498306223857 0.4169110208421988 0
8860 0.5515553967359649 0.4180739153513616 0
8861 0.4473067206747098 0.4182387080311825 0
8862 0.5103357353072505 0.4194875240483473 0
8863 0.482384586844093 0.5898267234887529 0
8864 0.5767934242251308 0.5903614092284895 0
8865 0.4237305635816913 0.5894493939702954 0
8866 0.5311758379669141 0.5883986633160233 0
8867 0.3102643812705285 0.4991454091425777 0
8868 0.6893932732794086 0.4998616832553715 0
8869 0.3763948229801234 0.5901966659745004 0
8870 0.6233493737053766 0.5898656601373596 0
8871 0.3658164047265423 0.4137675547943316 0
8872 0.6351226856979945 0.4139648660256541 0
8873 0.4792898928155219 0.4186572505156764 0
8874 0.310194958377724 0.5352623060223175 0
8875 0.6899785917568295 0.5346530108895582 0
8876 0.3102839820932465 0.4653544117312477 0
8877 0.6914671609740495 0.463175213381483 0
8878 0.3411764705883427 0.5898114658378031 0
8879 0.6588193864425882 0.5899997163760118 0
8880 0.6631138344314782 0.41222078951763 0
8881 0.3358210055272356 0.4102859778374575 0
8882 0.5297738674097362 0.4199432846917828 0
8883 0.5714650256527386 0.4178507631591895 0
8884 0.4278324175226026 0.417326405738067 0
8885 0.3866803326450138 0.4148037127734735 0
8886 0.6125400675229226 0.4154428676959452 0
8887 0.4589447348347883 0.5897344904894735 0
8888 0.5058313098817143 0.5898177319630329 0
8889 0.4001107052544337 0.5895357608351042 0
8890 0.5531438145334576 0.5887540831611574 0
8891 0.59998341378409 0.5898331173602136 0
8892 0.3100698300218213 0.4409923603595018 0
8893 0.6898238722212274 0.4425645924121532 0
8894 0.3104308031775304 0.5588016300060199 0
8895 0.6901831455412231 0.5581581937691383 0
8896 0.3168737066771812 0.5904400300318789 0
8897 0.6886067396456185 0.5813712953153092 0
8898 0.3103113996839804 0.4183068768089493 0
8899 0.6896831432938725 0.418306954921441 0
8900 0.3100480372195684 0.4294610642123642 0
8901 0.3199605794516925 0.4350763866518884 0
8902 0.3201133545185491 0.4464933076859801 0
8903 0.3297962589103805 0.4405923963888381 0
8904 0.3301650950989955 0.4516509646891294 0
8905 0.3396126883603006 0.4459528256512134 0
8906 0.3399944247228721 0.4569219355040841 0
8907 0.3493597239829768 0.4512462494618185 0
8908 0.3497217841220621 0.4622371640926388 0
8909 0.3590701899485891 0.4565468854741023 0
8910 0.3594315923717398 0.4675176216062312 0
8911 0.3687708038397222 0.4619038494356763 0
8912 0.3690945121707664 0.4728603823552218 0
8913 0.3784513679844477 0.4672031051083637 0
8914 0.3787739252228233 0.4781457503887954 0
8915 0.3881321988746366 0.4724480598009955 0
8916 0.388448025736538 0.4834170201844289 0
8917 0.3978304427264133 0.4777319175719374 0
8918 0.3981200869643788 0.4887098987979739 0
8919 0.4075298279875945 0.4830084183618654 0
8920 0.4078065662258836 0.4939836909752693 0
8921 0.4172306991676186 0.4882510068468424 0
8922 0.3886856824598314 0.4945076942446621 0
8923 0.4175017296924459 0.4992670955537939 0
8924 0.4269064898253623 0.4935218197978233 0
8925 0.4271934709389529 0.504573633820471 0
8926 0.4366595700783105 0.4987905951324499 0
8927 0.4368839700894638 0.5098179486919748 0
8928 0.4462968577171637 0.5039802108335483 0
8929 0.4460692418355225 0.4930238878125358 0
8930 0.4557917477421457 0.4982622597227566 0
8931 0.4557952112991416 0.5092057215288566 0
8932 0.4654319534047323 0.5034862127432188 0
8933 0.4175530914748969 0.5103257239189649 0
8934 0.4652185515295154 0.4924869288391308 0
8935 0.4748908020748608 0.4977146638401219 0
8936 0.4751493563514524 0.5087304456529218 0
8937 0.4845790767660355 0.5029191340373728 0
8938 0.4842508570333341 0.4919284992651525 0
8939 0.4939462872516133 0.4970990116660433 0
8940 0.4943151549833845 0.5081158007071085 0
8941 0.5036737756534686 0.5022598063144015 0
8942 0.5040737192160749 0.513310770522474 0
8943 0.5134324912208577 0.5074324228702762 0
8944 0.5130020067747275 0.496416938301901 0
8945 0.5227612045167223 0.5015525894973822 0
8946 0.5232103671217486 0.5125686252569333 0
8947 0.532550896849046 0.5066942674207973 0
8948 0.5320551765389351 0.495654453811419 0
8949 0.5418758962017491 0.50077270913657 0
8950 0.542385385988456 0.5117833738309427 0
8951 0.5517323953816836 0.5059118750520231 0
8952 0.5511862876582236 0.4948171835027989 0
8953 0.5610763499029816 0.4999337109114675 0
8954 0.5616293876475952 0.5109472640168192 0
8955 0.5709852410058514 0.5050341881390353 0
8956 0.5703551835526941 0.4938760369234773 0
8957 0.5803322683981698 0.498987471202028 0
8958 0.5808290980360296 0.5102106801204945 0
8959 0.5903212661773984 0.5041598147360817 0
8960 0.5898909312759184 0.492817079536306 0
8961 0.599783997464222 0.4980600946177857 0
8962 0.6003346991450642 0.5093117292356365 0
8963 0.6097769712926145 0.5031963859785364 0
8964 0.6092481616401019 0.4919700769377632 0
8965 0.6103885524316907 0.5144671265499605 0
8966 0.6192108324937189 0.4970693302002066 0
8967 0.6186805298015956 0.4858612074738806 0
8968 0.4172260079465471 0.4771747539649073 0
8969 0.3589623933676362 0.4783304453571437 0
8970 0.6286196755303324 0.490954278793905 0
8971 0.6279971082336087 0.4797755760130417 0
8972 0.6180779461754505 0.4747006949548232 0
8973 0.627358439050427 0.4686894795150733 0
8974 0.637986435337507 0.4848311767947369 0
8975 0.6386169473028355 0.4960741078738121 0
8976 0.6175926796255928 0.4636665724198635 0
8977 0.3878564047202362 0.4614615071021594 0
8978 0.6008672419922675 0.52060649956119 0
8979 0.6109876180739466 0.5257957079175314 0
8980 0.6013796503609551 0.5319772331681076 0
8981 0.6115516633612175 0.5371930367061248 0
8982 0.6211682295965735 0.5309777827727504 0
8983 0.6219230451745004 0.5420890094500999 0
8984 0.6314328125747157 0.5361258943365047 0
8985 0.4935414536020882 0.4861458132231293 0
8986 0.4839360170956472 0.4810039280161627 0
8987 0.4931454160912657 0.4752644832118016 0
8988 0.4836235385333357 0.4701648010130018 0
8989 0.4927756231713787 0.4644732007351333 0
8990 0.5022722264860177 0.4695398049885571 0
8991 0.494665794509599 0.5191772833473265 0
8992 0.504518917714939 0.5244040006886819 0
8993 0.4949990296429827 0.5303310500072922 0
8994 0.5049597817660982 0.5355916030934011 0
8995 0.4952274054442428 0.5413134592778355 0
8996 0.4853982661865878 0.5362153828438625 0
8997 0.6321954745707085 0.5472902750812169 0
8998 0.6019405898654628 0.5433919499421704 0
8999 0.5917485645112284 0.5381593908178479 0
9000 0.626742630104639 0.4577056779531102 0
9001 0.6365389519009236 0.4626600502515809 0
9002 0.6417288413405611 0.5413351185649429 0
9003 0.4833030740271327 0.4594197911144185 0
9004 0.474173384217238 0.4650537860381373 0
9005 0.5048338418049535 0.5484301968600503 0
9006 0.5148917163209059 0.5411052553918798 0
9007 0.473866191508851 0.454362047693238 0
9008 0.4647697691525433 0.4599584176874124 0
9009 0.5018940940379641 0.4588061715599615 0
9010 0.5113545958375546 0.4638264662595223 0
9011 0.3402004679299337 0.468206175803668 0
9012 0.485608310838106 0.5472494220137045 0
9013 0.4757488909710104 0.542142395966164 0
9014 0.6480820264489662 0.4899144243797353 0
9015 0.6486940487215533 0.5012246428195405 0
9016 0.6358558018327077 0.4517168899428046 0
9017 0.64569839225639 0.4566624929162458 0
9018 0.6170375487444568 0.4527730369764482 0
9019 0.607930034767751 0.4586570589366697 0
9020 0.5922930664387615 0.5495649874807752 0
9021 0.5821200905989292 0.5443402557031507 0
9022 0.3689045873082757 0.4495361566264526 0
9023 0.6450461681916621 0.445739026600178 0
9024 0.515356895682857 0.5521823674992895 0
9025 0.5249831752999756 0.5461526517157491 0
9026 0.5109719120491764 0.4531579994883158 0
9027 0.5204045257358394 0.4581482825015605 0
9028 0.5014608375361328 0.4479196514637241 0
9029 0.476167260270136 0.5531173596671142 0
9030 0.4661079644974678 0.5480972329016571 0
9031 0.6423903587181485 0.552758664576471 0
9032 0.6520479372787238 0.5466151929994723 0
9033 0.6012953916003581 0.5555295542653833 0
9034 0.4644632417704374 0.4493071957122988 0
9035 0.4553781661019204 0.4548947217386552 0
9036 0.6073961184206851 0.4478841889889282 0
9037 0.5989238645125737 0.4536878521852828 0
9038 0.6548645712043989 0.4506674347106079 0
9039 0.6511570457631972 0.5350691026092589 0
9040 0.6555713485862589 0.4616168782756708 0
9041 0.5826515382739751 0.5557640941278514 0
9042 0.572620319162526 0.5504216459715092 0
9043 0.4871076706077689 0.5590528310215063 0
9044 0.5254362185416631 0.5574943559136327 0
9045 0.5350042472538448 0.5513473225367893 0
9046 0.5200442716899383 0.4474975515236226 0
9047 0.5294612146547935 0.452471366762264 0
9048 0.5299850367879995 0.4631028578155365 0
9049 0.5388815440181638 0.4574515795335498 0
9050 0.5385134961957333 0.4467958966352601 0
9051 0.5479162634353131 0.4517610626139242 0
9052 0.5486564571855768 0.4622661697549075 0
9053 0.5573486525403128 0.4567276844447459 0
9054 0.5569234791008679 0.4460670771877398 0
9055 0.5663315835035413 0.4509822998835258 0
9056 0.5671349535707788 0.4615636051230617 0
9057 0.3490607665959157 0.4402240333923365 0
9058 0.6527089560914334 0.5580965917503956 0
9059 0.6582272979837633 0.4950167525243028 0
9060 0.6588434268168 0.5064096912602674 0
9061 0.6542282022269441 0.4397379984179438 0
9062 0.5347311929958123 0.5634050085882432 0
9063 0.6163795760500693 0.4420068710675891 0
9064 0.631033431634741 0.5593982921106173 0
9065 0.5989239646263196 0.4644983941197188 0
9066 0.4658024766587093 0.5599687400217979 0
9067 0.4559933755688096 0.5537065721325771 0
9068 0.4559768733887635 0.5426874147883762 0
9069 0.4462870311225823 0.5486780865480904 0
9070 0.4465501384017478 0.5600827010288858 0
9071 0.4364605360851906 0.5552164839318261 0
9072 0.4362693367234807 0.5434091919713471 0
9073 0.4265658746750524 0.549409848736377 0
9074 0.4556570820615546 0.4655428238068152 0
9075 0.4462649888098335 0.4604738171580322 0
9076 0.4459896792540319 0.4497950370079642 0
9077 0.4368947940421489 0.4553660861993692 0
9078 0.4368072464114582 0.4446831817083266 0
9079 0.4275799101290685 0.4502685267179429 0
9080 0.5722744098192638 0.5388788228946726 0
9081 0.5966822142280539 0.4419110705940364 0
9082 0.5730025427799773 0.5619285360852456 0
9083 0.6391930903731919 0.507354428854019 0
9084 0.4269380725365315 0.5607608152866094 0
9085 0.4168672840378683 0.5553189691044458 0
9086 0.4165609828296878 0.5438914275656525 0
9087 0.4068354321791683 0.5498316458538455 0
9088 0.4065472173240366 0.5383952802418235 0
9089 0.3968190707877173 0.544364328006308 0
9090 0.396534755530165 0.5329011167225488 0
9091 0.3867818580528205 0.5388566935734602 0
9092 0.3870773486478946 0.5503251083955223 0
9093 0.37702065276653 0.5448420552192396 0
9094 0.3767426415229807 0.5333555003554772 0
9095 0.3669613168455192 0.5393254182572591 0
9096 0.3667167287093918 0.5278522135766692 0
9097 0.3671906271575134 0.5508365739131775 0
9098 0.3570798385339259 0.5452819733990786 0
9099 0.3573156965376333 0.5568434121728134 0
9100 0.3471554480588424 0.551264708406521 0
9101 0.3469361985684125 0.539673970150784 0
9102 0.3764767559766105 0.5219214700116643 0
9103 0.3665130954758495 0.5164457868202275 0
9104 0.5346302667698657 0.5400572108437092 0
9105 0.4073410353247848 0.5608490375205069 0
9106 0.3374436673533941 0.545652170449725 0
9107 0.3367604492274567 0.5340310256300846 0
9108 0.3372782356269138 0.5572931878307272 0
9109 0.3674695600489571 0.562409158666872 0
9110 0.4735119020338093 0.4437373324279104 0
9111 0.4641846724549823 0.4387323252299888 0
9112 0.5446623755483008 0.5453082345740515 0
9113 0.6624181882833886 0.5519035146114148 0
9114 0.6626480080477877 0.5629962663491366 0
9115 0.6648299995371737 0.4555886037437392 0
9116 0.6654749145851924 0.4667499387587436 0
9117 0.5157435235772549 0.5635953296508938 0
9118 0.5825573215258899 0.5671079749388395 0
9119 0.3575648249192838 0.5684485414647591 0
9120 0.5658836484671927 0.4403828821831383 0
9121 0.4371411042980671 0.466060342788658 0
9122 0.4279655902975379 0.4392553681983166 0
9123 0.4184611917894633 0.4447644163698004 0
9124 0.6444871097868449 0.4348815553435844 0
9125 0.5752921619856399 0.4452718170518861 0
9126 0.511769738740031 0.4745459891626266 0
9127 0.3467226476700712 0.5280617762519615 0
9128 0.3370540473767392 0.5224385906046933 0
9129 0.3464865733532207 0.5164707924963557 0
9130 0.3369588617328031 0.5108924733268131 0
9131 0.3462500898805013 0.5049545882355742 0
9132 0.3367911959299027 0.4994093968597394 0
9133 0.3267516681758513 0.5169301662332889 0
9134 0.5441080035038632 0.5339853346398427 0
9135 0.475454695440754 0.5308990294755147 0
9136 0.5887908275794927 0.4586723512889345 0
9137 0.5896445279360126 0.4701907500495593 0
9138 0.4460173313813884 0.4391621111842117 0
9139 0.4184267417821764 0.4556333278463095 0
9140 0.4091376440628368 0.4506302982118835 0
9141 0.4090413530870814 0.4396432562208292 0
9142 0.3997976036794442 0.4455157169692777 0
9143 0.399551943184049 0.4348955157935136 0
9144 0.3904461632827065 0.4404748038492708 0
9145 0.4162520621604053 0.5324918542961715 0
9146 0.5628026807962168 0.5567367646237071 0
9147 0.5633071172946412 0.5681679864237967 0
9148 0.6535431903903748 0.4289552102238833 0
9149 0.6628681499096163 0.43394309271502 0
9150 0.6529447559225594 0.5683144190612107 0
9151 0.6684242849485553 0.5001619585461237 0
9152 0.6690611471910783 0.511628662096231 0
9153 0.6680829977065004 0.4887916841860225 0
9154 0.4088797704631425 0.4613050123335293 0
9155 0.3761967234961833 0.5106272723045961 0
9156 0.3861875822080332 0.5161210092011834 0
9157 0.3663055505135908 0.5051164956871042 0
9158 0.3460084178228566 0.4935059812053996 0
9159 0.3360200379330792 0.4881373388708173 0
9160 0.5749995780618911 0.434970898159006 0
9161 0.5565947081124798 0.4356558261362602 0
9162 0.5992486844213711 0.475441664031826 0
9163 0.5338408921051185 0.5287672632182289 0
9164 0.3295038012113299 0.4295479185292255 0
9165 0.630653403768303 0.5247184288047345 0
9166 0.6472419453347413 0.4786806820845103 0
9167 0.6594318602604711 0.5178308216630398 0
9168 0.6696714042686881 0.5231386069842694 0
9169 0.6794603740503704 0.5170271690484785 0
9170 0.3271278809384441 0.5506204052925735 0
9171 0.3276831871531161 0.563164497597043 0
9172 0.3374387466855604 0.5687710280997279 0
9173 0.5542990124525703 0.5392918978901058 0
9174 0.5534730021318431 0.5279599708288216 0
9175 0.3688342178710292 0.5735103825146278 0
9176 0.3784778376033254 0.5674923847111779 0
9177 0.358317172010692 0.580308409548384 0
9178 0.5537054366248505 0.5627023691433286 0
9179 0.4734241867714109 0.4336770896631914 0
9180 0.4825065532196525 0.4380868039488558 0
9181 0.4640296666790273 0.4276228094854441 0
9182 0.3279055847918786 0.5749924091909745 0
9183 0.32712263990317 0.4935020494289799 0
9184 0.3260261038948449 0.4824206623222739 0
9185 0.6725927560856795 0.5572241705909333 0
9186 0.6713538052619645 0.5695966845932148 0
9187 0.6715872131889028 0.5455423946152349 0
9188 0.3904639922217117 0.4302879154182406 0
9189 0.3811910140182722 0.4354568333149465 0
9190 0.6425034847877813 0.4230165413325479 0
9191 0.6347693048919859 0.4300743969448204 0
9192 0.6743068277432962 0.4606310692067246 0
9193 0.6755575426100335 0.4718884140113841 0
9194 0.6733430130731284 0.4496215425540786 0
9195 0.5534381143339246 0.5752886719191681 0
9196 0.5635549586847566 0.5796988811360548 0
9197 0.5428465642628617 0.5817713918676443 0
9198 0.3457679947658213 0.4821274523424446 0
9199 0.5853528126212573 0.4405664960590088 0
9200 0.5833744058243675 0.4292040029530149 0
9201 0.380233679294092 0.4456313767087135 0
9202 0.6533530511155879 0.4183795402214427 0
9203 0.4085242858976861 0.4283784130307121 0
9204 0.5797262458495483 0.4654436503997094 0
9205 0.5803865787202183 0.4762811918004968 0
9206 0.3759789151682408 0.4992399388243605 0
9207 0.3660925031392586 0.4938157197897587 0
9208 0.3171035194304138 0.4892266263375663 0
9209 0.678387955446441 0.4939788845999169 0
9210 0.3159890012172056 0.476965975133723 0
9211 0.326889379781239 0.4715764131279729 0
9212 0.3186368865394973 0.567370059438434 0
9213 0.3200476833031907 0.4574037634786088 0
9214 0.3812538407540725 0.4240923421006478 0
9215 0.3722606387558869 0.4317635151722883 0
9216 0.6899279728556846 0.4297231645049703 0
9217 0.6804694884891603 0.4239021869391859 0
9218 0.6807599422394313 0.434588853790902 0
9219 0.3393058557971751 0.4349086394060029 0
9220 0.3487408961696755 0.4293000682189817 0
9221 0.3583222978055427 0.4345068804124876 0
9222 0.3589631916854958 0.4227779936232381 0
9223 0.3483199399603586 0.4192991356495196 0
9224 0.6843278922550757 0.4543606504004963 0
9225 0.35816406894465 0.4452978832921609 0
9226 0.3197886641203678 0.4240662328290399 0
9227 0.4547830656487218 0.4339487039664307 0
9228 0.3393217131182807 0.4248381610665476 0
9229 0.6066421175898136 0.4370180014006944 0
9230 0.6159637465594237 0.4317042019525402 0
9231 0.6071602454919687 0.4255510092486287 0
9232 0.6254631990038959 0.4361427821059898 0
9233 0.6246092570743755 0.4255188349752924 0
9234 0.6351152384815638 0.4408365169047584 0
9235 0.6800051665504445 0.528430248401182 0
9236 0.3991090669546021 0.4245510223925141 0
9237 0.4182306449400739 0.4230355835739822 0
9238 0.418525478828448 0.4340284992176653 0
9239 0.4278944114363554 0.4283123508563805 0
9240 0.4374180038057728 0.4235103034842843 0
9241 0.626098999036222 0.4468636291584501 0
9242 0.5661417172939665 0.4283343123555115 0
9243 0.5475543221805046 0.4411032476592657 0
9244 0.5379940990194922 0.4363828589609907 0
9245 0.529070102656225 0.4418784027717558 0
9246 0.5197012899058158 0.4369258244332721 0
9247 0.5286572976854225 0.4312440116808325 0
9248 0.5196505922055068 0.4262781361777401 0
9249 0.5104055591994692 0.4311542760698543 0
9250 0.500543846336037 0.4254799111201762 0
9251 0.5009873389487229 0.4364459125336553 0
9252 0.4918199676279699 0.4307936689688783 0
9253 0.5469568881293966 0.428911606114373 0
9254 0.5976883673131834 0.4316563280740893 0
9255 0.4924355437329616 0.4537481799294457 0
9256 0.4921798272377196 0.4431131599023633 0
9257 0.5244369135693117 0.5348522796348063 0
9258 0.3198357573560675 0.413727623453591 0
9259 0.4746202104741002 0.4867420641318507 0
9260 0.4651414318159462 0.4814980198576371 0
9261 0.4556164251697659 0.4871896908461905 0
9262 0.4458944317575698 0.4820091369970484 0
9263 0.4363817552713727 0.4877753152165146 0
9264 0.4266700946036017 0.4825102830767805 0
9265 0.4271866459408736 0.4715308159128445 0
9266 0.3976878633784572 0.4667520236910021 0
9267 0.3100858083228012 0.4526876993661395 0
9268 0.6802686632524756 0.413615833548295 0
9269 0.6883145992873239 0.4749551007072488 0
9270 0.6894742614476902 0.4880558459209231 0
9271 0.3865047467333731 0.5274536772713254 0
9272 0.3962156678453173 0.5215214662605494 0
9273 0.3959505913527732 0.5102210748717992 0
9274 0.4058647528050977 0.5155896000897831 0
9275 0.4062250186496653 0.5270414379194908 0
9276 0.4262646158550513 0.5379585398494258 0
9277 0.4361496175186111 0.5319436115287367 0
9278 0.4459975307523074 0.5373636156272253 0
9279 0.4556907197687569 0.5314265375802976 0
9280 0.4460149536194132 0.5260099962774909 0
9281 0.426331282936696 0.5266043755456011 0
9282 0.4657192849566506 0.5367714553608771 0
9283 0.4655009857379336 0.5256263887890054 0
9284 0.5144457833704343 0.5296215703937343 0
9285 0.3563014360807392 0.4995776758047678 0
9286 0.4941093734731086 0.5898412962101025 0
9287 0.4999339459023074 0.5797159546421157 0
9288 0.5116930546349181 0.580187445147243 0
9289 0.517533015357052 0.5897112670806847 0
9290 0.5235577352482532 0.5796435320241901 0
9291 0.4882545373825136 0.5797483549369168 0
9292 0.4766434862262028 0.5797570778287038 0
9293 0.4938809202776784 0.5695933162208768 0
9294 0.4706944114133992 0.5897743971140095 0
9295 0.4649727618755365 0.5796904909950303 0
9296 0.453235248336944 0.579731511421554 0
9297 0.45959627406993 0.5703777694031089 0
9298 0.4472315474494158 0.5896611928126212 0
9299 0.4415815611273428 0.5795622457993809 0
9300 0.4355118705440902 0.5895027039955447 0
9301 0.4301520224226714 0.5795229354875692 0
9302 0.417730324670154 0.5777494074377887 0
9303 0.4362350479694227 0.5685365206642625 0
9304 0.5067741547291224 0.569067367762202 0
9305 0.4994990133985556 0.559370869678675 0
9306 0.4118330475587442 0.5891962981182242 0
9307 0.4050336714444469 0.5788568023370456 0
9308 0.3939376290946823 0.5792799339386636 0
9309 0.3881307080943167 0.5897299431093231 0
9310 0.3806360445253794 0.5792281703104095 0
9311 0.4829998063874419 0.4487571048010742 0
9312 0.5032359861817284 0.4912895583416407 0
9313 0.5816240534024912 0.5329018339425812 0
9314 0.5719021509736131 0.5274002227907457 0
9315 0.591164261218199 0.5267454665619842 0
9316 0.5813048726138212 0.5214581139659524 0
9317 0.5124583204522102 0.4854615458858345 0
9318 0.5222744214921795 0.4905631674914603 0
9319 0.5315277510559513 0.4846945920972588 0
9320 0.541344822583388 0.4897474723423907 0
9321 0.5506437212208066 0.4838263386432863 0
9322 0.5407704359292526 0.4787580748205065 0
9323 0.5604628239362093 0.4888449653289633 0
9324 0.5599404182054243 0.4778669402799915 0
9325 0.5697904728681804 0.48278247857367 0
9326 0.5801518746730889 0.4876385399909225 0
9327 0.5216295239307062 0.4796573925024579 0
9328 0.5882892281821711 0.5899265121695942 0
9329 0.5946036346263139 0.579989738139427 0
9330 0.605888041408787 0.5797354487350466 0
9331 0.6008667902780948 0.5683025381195413 0
9332 0.612264413572604 0.5696348052852911 0
9333 0.6174645085779602 0.5796269847713403 0
9334 0.6236838436161666 0.5698611444380934 0
9335 0.6185245587433752 0.5600958959080802 0
9336 0.6353786069095262 0.5711433688832404 0
9337 0.5827565688755169 0.5791020492498405 0
9338 0.6624863026234312 0.4231387147363677 0
9339 0.3096710510021802 0.511597642147448 0
9340 0.3196747737353567 0.5066533109934026 0
9341 0.3095846512814686 0.5234787169818192 0
9342 0.3203590915377723 0.5293830370183645 0
9343 0.3199888692546482 0.5414128639777559 0
9344 0.4905011342031152 0.4200067161357328 0
9345 0.4691162845143497 0.4181821339105618 0
9346 0.5412464790578384 0.4183593951591316 0
9347 0.4586686044471891 0.4180368065789309 0
9348 0.5614970929431308 0.417991233564755 0
9349 0.5105952015548758 0.4421835359187407 0
9350 0.4551360261019136 0.4443066824732582 0
9351 0.4457555524684286 0.428664302214572 0
9352 0.5824769909614977 0.4183566558451495 0
9353 0.3098290863241931 0.5464833124029991 0
9354 0.485106218041723 0.5250500427557308 0
9355 0.4744280093378145 0.4758471666792308 0
9356 0.3567245273216028 0.5223228530472454 0
9357 0.5700398388236139 0.4718759689005563 0
9358 0.6026405622490165 0.4157008335090029 0
9359 0.3646088619103482 0.5905994637754317 0
9360 0.6351190159567313 0.5900167710155708 0
9361 0.6470308931490779 0.5900978628225793 0
9362 0.6901357286392155 0.5461183487319898 0
9363 0.6901587809095969 0.5693757864055957 0
9364 0.3286428023853241 0.587722078765793 0
9365 0.6705413436720391 0.5898468145164022 0
9366 0.6651688996525156 0.5803279709699734 0
9367 0.5991979267870139 0.4869290114737097 0
9368 0.6898588908943653 0.5116825632746433 0
9369 0.6372354381805759 0.4736995607971421 0
9370 0.6408093260526322 0.529862614987757 0
9371 0.61170245820689 0.5898435351673266 0
9372 0.6613610382060832 0.5403139747761392 0
9373 0.376387298099866 0.4142461735815997 0
9374 0.6238910028559478 0.4159049907049937 0
9375 0.6204618595973156 0.5195972869554664 0
9376 0.3568568762748206 0.5337530341138329 0
9377 0.5306888753223473 0.4738104418583928 0
9378 0.417287211204399 0.565851811358926 0
9379 0.6573814504355338 0.4837226308169953 0
9380 0.3566178156433866 0.5109393061795909 0
9381 0.4465561320243723 0.4711931138422553 0
9382 0.3774263346807523 0.5562706441643042 0
9383 0.5908035731971299 0.5154153840302231 0
9384 0.6197978501907164 0.5082955216176003 0
9385 0.4077373864225735 0.4719945477678669 0
9386 0.3474026407058934 0.562851022232338 0
9387 0.6635683612250366 0.4446972046958455 0
9388 0.5026751446326938 0.4803560973729482 0
9389 0.6787667787228037 0.4825293732767174 0
9390 0.5209720493924129 0.4688485716833495 0
9391 0.482304096818546 0.5701004876997503 0
9392 0.5138807673327545 0.5184775640183825 0
9393 0.3971132625692909 0.5557233987937398 0
9394 0.3982322435199477 0.5683157192641284 0
9395 0.6124688379072882 0.5501968621465109 0
9396 0.6788801779866263 0.5055332102227225 0
9397 0.4650419088932913 0.4706454247731533 0
9398 0.4848985711790664 0.5139644345607917 0
9399 0.4364594120321715 0.4768445761739051 0
9400 0.6493241961043927 0.512484414635422 0
9401 0.399968115845562 0.4562871427517097 0
9402 0.4275809990865601 0.4607615183936096 0
9403 0.3791487659229277 0.4561382210182713 0
9404 0.6291976542261632 0.5021648646969186 0
9405 0.3727456120780629 0.4406464033977479 0
9406 0.6089118738161596 0.4807277491999027 0
9407 0.3475383905324598 0.5739250910736187 0
9408 0.5331130880622498 0.5176469688756509 0
9409 0.3903892493018113 0.451047724333777 0
9410 0.6084475305721073 0.4696153556104673 0
9411 0.5495954935152692 0.4728907424414336 0
9412 0.4752747055450708 0.5198233486186462 0
9413 0.5524327244867601 0.5168041222712977 0
9414 0.4271215993694008 0.5155601816956401 0
9415 0.4159356562329704 0.521349309906069 0
9416 0.4558423149032648 0.5202253681877093 0
9417 0.6464295932557228 0.4676305402136361 0
9418 0.3877359812935138 0.5616248374648778 0
9419 0.4654990878735992 0.5145162475867263 0
9420 0.5838234739660404 0.4498669452569872 0
9421 0.5715045467910693 0.5161170653300708 0
9422 0.5757008035382717 0.4557875279585431 0
9423 0.4078886950503647 0.5048930355269414 0
9424 0.5897534206356039 0.4815497061471367 0
9425 0.3981710671273005 0.4996042601693022 0
9426 0.6454139975693016 0.4123328568107317 0
9427 0.5918126088085801 0.5612544727165671 0
9428 0.5238213019269362 0.5236557118996226 0
9429 0.4556512352870833 0.4763463683538499 0
9430 0.6298355815507625 0.513392874174494 0
9431 0.386023407842038 0.5050574650974523 0
9432 0.4710145210336725 0.5704214140831961 0
9433 0.5257441516908905 0.5687308464761356 0
9434 0.6899424167090227 0.5230921410222151 0
9435 0.3788410509775127 0.4889143293705756 0
9436 0.6399656206928431 0.5185500978989519 0
9437 0.5397629737931013 0.4680466443707211 0
9438 0.368375696480794 0.4835296949117735 0
9439 0.3528892648794256 0.5906846984945273 0
9440 0.5733502970142801 0.5731415524261391 0
9441 0.6563764004669412 0.472593085668606 0
9442 0.6764564441154293 0.580692351647992 0
9443 0.3560682837107957 0.4887370517483088 0
9444 0.5432255160463817 0.5228245056107973 0
9445 0.482258700033782 0.4280781162488067 0
9446 0.6501130421912863 0.5236835764155485 0
9447 0.5439008225402866 0.5692324996584076 0
9448 0.6819496745573543 0.5905496831729475 0
9449 0.6289713620548498 0.5800446462628925 0
9450 0.6669400140878341 0.4777125211197447 0
9451 0.4462850180509879 0.5148400918682983 0
9452 0.3086023324548488 0.5827016064586337 0
9453 0.6603558577219677 0.5288907275187048 0
9454 0.5623257434921067 0.5218728058139357 0
9455 0.5540410608181365 0.5505815266653264 0
9456 0.5443408559635384 0.5570961601943576 0
9457 0.6406923214716886 0.5807474129860855 0
9458 0.533659384117503 0.575196990321774 0
9459 0.5653146578507882 0.5904198782533248 0
9460 0.4364644069307622 0.520796034267957 0
9461 0.5587859689734958 0.4671985184907828 0
9462 0.6705050615775858 0.5341865961455015 0
9463 0.4371173143694251 0.4339091289922541 0
9464 0.3506721215996356 0.4719943356757831 0
9465 0.3969759237027703 0.4150443811146286 0
9466 0.6432698737640781 0.5637390215458438 0
9467 0.35526082883679 0.4124811293807915 0
9468 0.3349807968609836 0.4784936084934353 0
9469 0.6529666117012979 0.5791139018976995 0
9470 0.3377612750513252 0.5797754454191645 0
9471 0.3303935866043084 0.4183855400704231 0
9472 0.4178395919403122 0.4663999960365111 0
9473 0.562909797535154 0.5333340503962243 0
9474 0.3297915092884093 0.4619933412450528 0
9475 0.6715191481173948 0.4188018773714134 0
9476 0.5631578800973112 0.5448741180735908 0
9477 0.4481415680844457 0.5703842103189596 0
9478 0.5567434948991921 0.4259936521385193 0
9479 0.5369257262603772 0.4269682313214221 0
9480 0.6716950628294629 0.4287848452301956 0
9481 0.6803492811418357 0.5396472516507869 0
9482 0.5201571671896269 0.4170867880358546 0
9483 0.5411764705886463 0.5916667708107793 0
9484 0.5756136328770123 0.425734615473979 0
9485 0.4944552484187254 0.5510833557703542 0
9486 0.6807816019086957 0.5512757732546808 0
9487 0.3878039472073698 0.5711882091378515 0
9488 0.3697854415022944 0.4226019882266588 0
9489 0.6719783463723734 0.439081580073554 0
9490 0.5980649457213538 0.4228125278987876 0
9491 0.5002761431692806 0.4169915862535375 0
9492 0.3456449238278302 0.4104751943986215 0
9493 0.6233395914580238 0.5518957216777246 0
9494 0.6810603898955813 0.56308295032958 0
9495 0.3181951043353735 0.5789858936191966 0
9496 0.4258589445558144 0.5703803790454617 0
9497 0.4539662976643908 0.4252792884690028 0
9498 0.3088288182800897 0.5712437410495547 0
9499 0.3204477289887688 0.5578524039374181 0
9500 0.6166699087577766 0.4229266785372742 0
9501 0.6543252766349597 0.4100692954657075 0
9502 0.3121832775618558 0.4092415969281345 0
9503 0.6878365151554234 0.4092192545695594 0
9504 0.5167025239760878 0.5722449042121328 0
9505 0.3285317544332401 0.5382419088447675 0
9506 0.6322346923668009 0.4220709499039018 0
9507 0.4767680305531103 0.562633918550786 0
9508 0.329891402150212 0.5282049456662398 0
9509 0.3172082471465258 0.5176085746748647 0
9510 0.6804106165641082 0.4440169739333036 0
9511 0.4741630881878494 0.4250502606663824 0
9512 0.3288646853701711 0.5049695228678499 0
9513 0.370164760072474 0.5827673910154508 0
9514 0.3079907418544721 0.4869099872581217 0
9515 0.3913343770456532 0.4217802944979686 0
9516 0.4091248972327465 0.5703245555836791 0
9517 0.5086810534545017 0.5581215495473005 0
9518 0.6913876375579973 0.5913876375579821 0
9519 0.3085524619359596 0.5914475380640403 0
9520 0.3068527450329848 0.4764343101188298 0
9521 0.5901571860026797 0.4242701570274181 0
9522 0.4177297264375536 0.4142176500241221 0
9523 0.6932036011125812 0.4529411764704652 0
9524 0.5907171447975998 0.5711817354140342 0
9525 0.3274410395003121 0.4095515274820779 0
9526 0.6727239189038594 0.4097271539777584 0
9527 0.6088051543838841 0.5610706909173535 0
9528 0.3473507318257059 0.5833888518055466 0
9529 0.5724905318204306 0.5819294704793826 0
9530 0.3196675333315025 0.4664033176848208 0
9531 0.6450504339538301 0.572611624874816 0
9532 0.4380690233303975 0.4150171738136955 0
9533 0.6815272319656381 0.5728238136583383 0
9534 0.3640312749919026 0.4289643500878473 0
9535 0.3189854494468717 0.4978010434457376 0
9536 0.5902008089194684 0.4337923744866182 0
9537 0.6824134337353336 0.4652492355231275 0
9538 0.5915175517592133 0.4487798211744126 0
9539 0.3646498217755898 0.4393953152084447 0
9540 0.4549105741411077 0.5625257694024098 0
9541 0.6611224820471922 0.5720135506357932 0
9542 0.3402309421275194 0.4166192113824882 0
9543 0.3180701592203365 0.5499354185229661 0
$EndNodes
$Elements
19191
1 1 2 2 1 1 47
2 1 2 2 1 47 48
3 1 2 2 1 48 49
4 1 2 2 1 49 50
5 1 2 2 1 50 51
6 1 2 2 1 51 52
7 1 2 2 1 52 53
8 1 2 2 1 53 54
9 1 2 2 1 54 55
10 1 2 2 1 55 56
11 1 2 2 1 56 57
12 1 2 2 1 57 58
13 1 2 2 1 58 59
14 1 2 2 1 59 60
15 1 2 2 1 60 61
16 1 2 2 1 61 62
17 1 2 2 1 62 63
18 1 2 2 1 63 64
19 1 2 2 1 64 65
20 1 2 2 1 65 66
21 1 2 2 1 66 67
22 1 2 2 1 67 68
23 1 2 2 1 68 69
24 1 2 2 1 69 70
25 1 2 2 1 70 71
26 1 2 2 1 71 72
27 1 2 2 1 72 73
28 1 2 2 1 73 74
29 1 2 2 1 74 75
30 1 2 2 1 75 76
31 1 2 2 1 76 77
32 1 2 2 1 77 78
33 1 2 2 1 78 79
34 1 2 2 1 79 80
35 1 2 2 1 80 81
36 1 2 2 1 81 82
37 1 2 2 1 82 83
38 1 2 2 1 83 84
39 1 2 2 1 84 85
40 1 2 2 1 85 86
41 1 2 2 1 86 87
42 1 2 2 1 87 88
43 1 2 2 1 88 89
44 1 2 2 1 89 90
45 1 2 2 1 90 91
46 1 2 2 1 91 92
47 1 2 2 1 92 93
48 1 2 2 1 93 94
49 1 2 2 1 94 95
50 1 2 2 1 95 96
51 1 2 2 1 96 97
52 1 2 2 1 97 98
53 1 2 2 1 98 99
54 1 2 2 1 99 100
55 1 2 2 1 100 101
56 1 2 2 1 101 102
57 1 2 2 1 102 103
58 1 2 2 1 103 104
59 1 2 2 1 104 105
60 1 2 2 1 105 106
61 1 2 2 1 106 107
62 1 2 2 1 107 108
63 1 2 2 1 108 109
64 1 2 2 1 109 110
65 1 2 2 1 110 111
66 1 2 2 1 111 112
67 1 2 2 1 112 113
68 1 2 2 1 113 114
69 1 2 2 1 114 115
70 1 2 2 1 115 116
71 1 2 2 1 116 117
72 1 2 2 1 117 118
73 1 2 2 1 118 119
74 1 2 2 1 119 120
75 1 2 2 1 120 121
76 1 2 2 1 121 122
77 1 2 2 1 122 123
78 1 2 2 1 123 124
79 1 2 2 1 124 125
80 1 2 2 1 125 126
81 1 2 2 1 126 127
82 1 2 2 1 127 128
83 1 2 2 1 128 129
84 1 2 2 1 129 130
85 1 2 2 1 130 131
86 1 2 2 1 131 132
87 1 2 2 1 132 133
88 1 2 2 1 133 134
89 1 2 2 1 134 135
90 1 2 2 1 135 136
91 1 2 2 1 136 137
92 1 2 2 1 137 138
93 1 2 2 1 138 139
94 1 2 2 1 139 140
95 1 2 2 1 140 141
96 1 2 2 1 141 142
97 1 2 2 1 142 143
98 1 2 2 1 143 144
99 1 2 2 1 144 2
100 1 2 1 2 2 145
101 1 2 1 2 145 146
102 1 2 1 2 146 147
103 1 2 1 2 147 148
104 1 2 1 2 148 149
105 1 2 1 2 149 150
106 1 2 1 2 150 151
107 1 2 1 2 151 152
108 1 2 1 2 152 153
109 1 2 1 2 153 154
110 1 2 1 2 154 155
111 1 2 1 2 155 156
112 1 2 1 2 156 157
113 1 2 1 2 157 158
114 1 2 1 2 158 159
115 1 2 1 2 159 160
116 1 2 1 2 160 161
117 1 2 1 2 161 162
118 1 2 1 2 162 163
119 1 2 1 2 163 164
120 1 2 1 2 164 165
121 1 2 1 2 165 166
122 1 2 1 2 166 167
123 1 2 1 2 167 168
124 1 2 1 2 168 169
125 1 2 1 2 169 170
126 1 2 1 2 170 171
127 1 2 1 2 171 172
128 1 2 1 2 172 173
129 1 2 1 2 173 174
130 1 2 1 2 174 175
131 1 2 1 2 175 176
132 1 2 1 2 176 177
133 1 2 1 2 177 178
134 1 2 1 2 178 179
135 1 2 1 2 179 180
136 1 2 1 2 180 181
137 1 2 1 2 181 182
138 1 2 1 2 182 183
139 1 2 1 2 183 184
140 1 2 1 2 184 185
141 1 2 1 2 185 186
142 1 2 1 2 186 187
143 1 2 1 2 187 188
144 1 2 1 2 188 189
145 1 2 1 2 189 190
146 1 2 1 2 190 191
147 1 2 1 2 191 192
148 1 2 1 2 192 193
149 1 2 1 2 193 194
150 1 2 1 2 194 195
151 1 2 1 2 195 196
152 1 2 1 2 196 197
153 1 2 1 2 197 198
154 1 2 1 2 198 199
155 1 2 1 2 199 200
156 1 2 1 2 200 201
157 1 2 1 2 201 202
158 1 2 1 2 202 203
159 1 2 1 2 203 204
160 1 2 1 2 204 205
161 1 2 1 2 205 206
162 1 2 1 2 206 207
163 1 2 1 2 207 208
164 1 2 1 2 208 209
165 1 2 1 2 209 210
166 1 2 1 2 210 211
167 1 2 1 2 211 212
168 1 2 1 2 212 213
169 1 2 1 2 213 214
170 1 2 1 2 214 215
171 1 2 1 2 215 216
172 1 2 1 2 216 217
173 1 2 1 2 217 218
174 1 2 1 2 218 219
175 1 2 1 2 219 220
176 1 2 1 2 220 221
177 1 2 1 2 221 222
178 1 2 1 2 222 223
179 1 2 1 2 223 224
180 1 2 1 2 224 225
181 1 2 1 2 225 226
182 1 2 1 2 226 227
183 1 2 1 2 227 3
184 1 2 1 3 3 228
185 1 2 1 3 228 229
186 1 2 1 3 229 230
187 1 2 1 3 230 231
188 1 2 1 3 231 232
189 1 2 1 3 232 233
190 1 2 1 3 233 234
191 1 2 1 3 234 235
192 1 2 1 3 235 236
193 1 2 1 3 236 237
194 1 2 1 3 237 238
195 1 2 1 3 238 239
196 1 2 1 3 239 240
197 1 2 1 3 240 241
198 1 2 1 3 241 242
199 1 2 1 3 242 243
200 1 2 1 3 243 244
201 1 2 1 3 244 245
202 1 2 1 3 245 246
203 1 2 1 3 246 247
204 1 2 1 3 247 248
205 1 2 1 3 248 249
206 1 2 1 3 249 250
207 1 2 1 3 250 251
208 1 2 1 3 251 252
209 1 2 1 3 252 253
210 1 2 1 3 253 254
211 1 2 1 3 254 255
212 1 2 1 3 255 256
213 1 2 1 3 256 257
214 1 2 1 3 257 258
215 1 2 1 3 258 259
216 1 2 1 3 259 260
217 1 2 1 3 260 261
218 1 2 1 3 261 262
219 1 2 1 3 262 263
220 1 2 1 3 263 264
221 1 2 1 3 264 265
222 1 2 1 3 265 266
223 1 2 1 3 266 267
224 1 2 1 3 267 268
225 1 2 1 3 268 269
226 1 2 1 3 269 270
227 1 2 1 3 270 271
228 1 2 1 3 271 272
229 1 2 1 3 272 273
230 1 2 1 3 273 274
231 1 2 1 3 274 275
232 1 2 1 3 275 276
233 1 2 1 3 276 277
234 1 2 1 3 277 278
235 1 2 1 3 278 279
236 1 2 1 3 279 280
237 1 2 1 3 280 281
238 1 2 1 3 281 282
239 1 2 1 3 282 283
240 1 2 1 3 283 284
241 1 2 1 3 284 285
242 1 2 1 3 285 286
243 1 2 1 3 286 287
244 1 2 1 3 287 288
245 1 2 1 3 288 289
246 1 2 1 3 289 290
247 1 2 1 3 290 291
248 1 2 1 3 291 292
249 1 2 1 3 292 293
250 1 2 1 3 293 294
251 1 2 1 3 294 295
252 1 2 1 3 295 296
253 1 2 1 3 296 297
254 1 2 1 3 297 298
255 1 2 1 3 298 299
256 1 2 1 3 299 300
257 1 2 1 3 300 301
258 1 2 1 3 301 302
259 1 2 1 3 302 303
260 1 2 1 3 303 304
261 1 2 1 3 304 305
262 1 2 1 3 305 306
263 1 2 1 3 306 307
264 1 2 1 3 307 308
265 1 2 1 3 308 309
266 1 2 1 3 309 310
267 1 2 1 3 310 4
268 1 2 1 4 4 311
269 1 2 1 4 311 312
270 1 2 1 4 312 313
271 1 2 1 4 313 314
272 1 2 1 4 314 315
273 1 2 1 4 315 316
274 1 2 1 4 316 317
275 1 2 1 4 317 318
276 1 2 1 4 318 319
277 1 2 1 4 319 320
278 1 2 1 4 320 321
279 1 2 1 4 321 322
280 1 2 1 4 322 323
281 1 2 1 4 323 324
282 1 2 1 4 324 325
283 1 2 1 4 325 326
284 1 2 1 4 326 327
285 1 2 1 4 327 328
286 1 2 1 4 328 329
287 1 2 1 4 329 330
288 1 2 1 4 330 331
289 1 2 1 4 331 332
290 1 2 1 4 332 333
291 1 2 1 4 333 334
292 1 2 1 4 334 335
293 1 2 1 4 335 336
294 1 2 1 4 336 337
295 1 2 1 4 337 338
296 1 2 1 4 338 339
297 1 2 1 4 339 340
298 1 2 1 4 340 341
299 1 2 1 4 341 342
300 1 2 1 4 342 343
301 1 2 1 4 343 344
302 1 2 1 4 344 345
303 1 2 1 4 345 346
304 1 2 1 4 346 347
305 1 2 1 4 347 348
306 1 2 1 4 348 349
307 1 2 1 4 349 350
308 1 2 1 4 350 351
309 1 2 1 4 351 352
310 1 2 1 4 352 353
311 1 2 1 4 353 354
312 1 2 1 4 354 355
313 1 2 1 4 355 356
314 1 2 1 4 356 357
315 1 2 1 4 357 358
316 1 2 1 4 358 359
317 1 2 1 4 359 360
318 1 2 1 4 360 361
319 1 2 1 4 361 362
320 1 2 1 4 362 363
321 1 2 1 4 363 364
322 1 2 1 4 364 365
323 1 2 1 4 365 366
324 1 2 1 4 366 367
325 1 2 1 4 367 368
326 1 2 1 4 368 369
327 1 2 1 4 369 370
328 1 2 1 4 370 371
329 1 2 1 4 371 372
330 1 2 1 4 372 373
331 1 2 1 4 373 374
332 1 2 1 4 374 375
333 1 2 1 4 375 376
334 1 2 1 4 376 377
335 1 2 1 4 377 378
336 1 2 1 4 378 379
337 1 2 1 4 379 380
338 1 2 1 4 380 381
339 1 2 1 4 381 382
340 1 2 1 4 382 383
341 1 2 1 4 383 384
342 1 2 1 4 384 385
343 1 2 1 4 385 386
344 1 2 1 4 386 387
345 1 2 1 4 387 388
346 1 2 1 4 388 389
347 1 2 1 4 389 390
348 1 2 1 4 390 391
349 1 2 1 4 391 392
350 1 2 1 4 392 393
351 1 2 1 4 393 1
352 1 2 3 5 5 6
353 1 2 3 6 6 7
354 1 2 3 7 7 8
355 1 2 3 8 8 9
356 1 2 3 9 9 10
357 1 2 3 10 10 11
358 1 2 3 11 11 12
359 1 2 3 12 12 13
360 1 2 3 13 13 14
361 1 2 3 14 14 15
362 1 2 3 15 15 16
363 1 2 3 16 16 17
364 1 2 3 17 17 18
365 1 2 3 18 18 19
366 1 2 3 19 19 20
367 1 2 3 20 20 21
368 1 2 3 21 21 22
369 1 2 3 22 22 23
370 1 2 3 23 23 24
371 1 2 3 24 24 25
372 1 2 3 25 25 26
373 1 2 3 26 26 27
374 1 2 3 27 27 28
375 1 2 3 28 28 29
376 1 2 3 29 29 30
377 1 2 3 30 30 31
378 1 2 3 31 31 32
379 1 2 3 32 32 33
380 1 2 3 33 33 34
381 1 2 3 34 34 35
382 1 2 3 35 35 36
383 1 2 3 36 36 37
384 1 2 3 37 37 38
385 1 2 3 38 38 39
386 1 2 3 39 39 40
387 1 2 3 40 40 41
388 1 2 3 41 41 42
389 1 2 3 42 42 43
390 1 2 3 43 43 44
391 1 2 3 44 44 394
392 1 2 3 44 394 395
393 1 2 3 44 395 396
394 1 2 3 44 396 397
395 1 2 3 44 397 398
396 1 2 3 44 398 399
397 1 2 3 44 399 400
398 1 2 3 44 400 401
399 1 2 3 44 401 402
400 1 2 3 44 402 403
401 1 2 3 44 403 404
402 1 2 3 44 404 405
403 1 2 3 44 405 406
404 1 2 3 44 406 407
405 1 2 3 44 407 408
406 1 2 3 44 408 409
407 1 2 3 44 409 45
408 1 2 3 45 45 410
409 1 2 3 45 410 411
410 1 2 3 45 411 412
411 1 2 3 45 412 413
412 1 2 3 45 413 414
413 1 2 3 45 414 415
414 1 2 3 45 415 416
415 1 2 3 45 416 417
416 1 2 3 45 417 418
417 1 2 3 45 418 419
418 1 2 3 45 419 420
419 1 2 3 45 420 421
420 1 2 3 45 421 422
421 1 2 3 45 422 423
422 1 2 3 45 423 424
423 1 2 3 45 424 425
424 1 2 3 45 425 426
425 1 2 3 45 426 427
426 1 2 3 45 427 428
427 1 2 3 45 428 429
428 1 2 3 45 429 430
429 1 2 3 45 430 431
430 1 2 3 45 431 432
431 1 2 3 45 432 433
432 1 2 3 45 433 434
433 1 2 3 45 434 435
434 1 2 3 45 435 436
435 1 2 3 45 436 437
436 1 2 3 45 437 438
437 1 2 3 45 438 439
438 1 2 3 45 439 440
439 1 2 3 45 440 441
440 1 2 3 45 441 442
441 1 2 3 45 442 46
442 1 2 3 46 46 443
443 1 2 3 46 443 444
444 1 2 3 46 444 445
445 1 2 3 46 445 446
446 1 2 3 46 446 447
447 1 2 3 46 447 448
448 1 2 3 46 448 449
449 1 2 3 46 449 450
450 1 2 3 46 450 451
451 1 2 3 46 451 452
452 1 2 3 46 452 453
453 1 2 3 46 453 454
454 1 2 3 46 454 455
455 1 2 3 46 455 456
456 1 2 3 46 456 457
457 1 2 3 46 457 458
458 1 2 3 46 458 5
459 2 2 5 1 4024 5018 6037
460 2 2 5 1 5566 5201 5985
461 2 2 5 1 5066 1872 5836
462 2 2 5 1 5788 4024 6037
463 2 2 5 1 5011 5739 5740
464 2 2 5 1 5167 2856 5186
465 2 2 5 1 2739 5278 5836
466 2 2 5 1 3907 5011 5740
467 2 2 5 1 5278 5066 5836
468 2 2 5 1 4380 5013 8478
469 2 2 5 1 2369 5787 7987
470 2 2 5 1 484 5114 7969
471 2 2 5 1 2591 4923 6796
472 2 2 5 1 3744 4024 8655
473 2 2 5 1 4520 4571 8334
474 2 2 5 1 4923 2591 8534
475 2 2 5 1 5094 2368 5770
476 2 2 5 1 6232 480 7962
477 2 2 5 1 4024 5788 8655
478 2 2 5 1 4109 5870 7684
479 2 2 5 1 7806 6323 8793
480 2 2 5 1 475 5231 5770
481 2 2 5 1 1872 5066 6971
482 2 2 5 1 7005 6700 8545
483 2 2 5 1 5231 5094 5770
484 2 2 5 1 5247 2845 5248
485 2 2 5 1 4452 5448 5449
486 2 2 5 1 8268 5959 8401
487 2 2 5 1 5102 6323 7806
488 2 2 5 1 2856 5167 5286
489 2 2 5 1 3971 5139 5141
490 2 2 5 1 2872 5103 5366
491 2 2 5 1 5787 5048 7987
492 2 2 5 1 5102 6322 6323
493 2 2 5 1 486 5199 6595
494 2 2 5 1 4958 7005 8545
495 2 2 5 1 4079 5775 5777
496 2 2 5 1 2706 5166 6209
497 2 2 5 1 6595 5199 8849
498 2 2 5 1 7761 3190 7766
499 2 2 5 1 3190 3476 7766
500 2 2 5 1 5166 2706 6208
501 2 2 5 1 6322 5102 8782
502 2 2 5 1 3633 5136 7775
503 2 2 5 1 5330 3561 6944
504 2 2 5 1 480 6232 8512
505 2 2 5 1 5089 1434 5245
506 2 2 5 1 5199 5129 8849
507 2 2 5 1 2368 5094 5772
508 2 2 5 1 6192 7419 8458
509 2 2 5 1 1300 5107 5149
510 2 2 5 1 5114 484 8498
511 2 2 5 1 5248 2845 5249
512 2 2 5 1 3003 3005 6417
513 2 2 5 1 3670 3162 5191
514 2 2 5 1 2664 5038 7483
515 2 2 5 1 5040 2663 7446
516 2 2 5 1 1911 5133 5353
517 2 2 5 1 224 1911 5353
518 2 2 5 1 122 123 5349
519 2 2 5 1 5120 2867 5840
520 2 2 5 1 1323 9 5489
521 2 2 5 1 1335 5572 6977
522 2 2 5 1 2791 5455 5457
523 2 2 5 1 68 69 5351
524 2 2 5 1 5122 478 5355
525 2 2 5 1 203 204 5327
526 2 2 5 1 3161 6518 6520
527 2 2 5 1 1434 5089 5332
528 2 2 5 1 5178 2378 5179
529 2 2 5 1 5822 5823 5845
530 2 2 5 1 5823 1767 5845
531 2 2 5 1 5455 2791 7484
532 2 2 5 1 1302 422 5476
533 2 2 5 1 3561 5330 8767
534 2 2 5 1 5119 1430 6204
535 2 2 5 1 2372 5847 6401
536 2 2 5 1 6449 6447 8033
537 2 2 5 1 2867 5120 5841
538 2 2 5 1 4120 3023 5444
539 2 2 5 1 366 367 8324
540 2 2 5 1 6124 8200 8704
541 2 2 5 1 5192 4120 5444
542 2 2 5 1 4447 5120 5840
543 2 2 5 1 3386 6413 6418
544 2 2 5 1 3001 3386 6418
545 2 2 5 1 7772 4562 8641
546 2 2 5 1 1414 1434 5333
547 2 2 5 1 4157 5332 7096
548 2 2 5 1 2715 2713 8483
549 2 2 5 1 4976 4975 6523
550 2 2 5 1 5378 718 6336
551 2 2 5 1 7419 470 8458
552 2 2 5 1 8271 4909 8457
553 2 2 5 1 5959 5958 8401
554 2 2 5 1 6607 3010 6615
555 2 2 5 1 4448 4447 5840
556 2 2 5 1 5572 1335 8661
557 2 2 5 1 5116 3277 6124
558 2 2 5 1 5103 2872 5365
559 2 2 5 1 5290 4448 5840
560 2 2 5 1 4218 4158 5355
561 2 2 5 1 5013 7056 8478
562 2 2 5 1 5063 7772 8641
563 2 2 5 1 7266 5990 8349
564 2 2 5 1 1413 1414 5333
565 2 2 5 1 2879 5454 7484
566 2 2 5 1 202 2458 5297
567 2 2 5 1 2458 5142 5297
568 2 2 5 1 4726 3469 5447
569 2 2 5 1 4909 5202 8457
570 2 2 5 1 5067 6024 6031
571 2 2 5 1 7373 6110 8560
572 2 2 5 1 5111 4338 8098
573 2 2 5 1 4452 5447 5448
574 2 2 5 1 5259 2982 5261
575 2 2 5 1 5523 5440 5611
576 2 2 5 1 4480 6032 6067
577 2 2 5 1 478 5122 5354
578 2 2 5 1 6024 5067 8736
579 2 2 5 1 4699 3994 5294
580 2 2 5 1 5246 4569 6452
581 2 2 5 1 6358 3990 8243
582 2 2 5 1 2670 5246 6452
583 2 2 5 1 5837 4945 8528
584 2 2 5 1 5036 4955 6555
585 2 2 5 1 4726 5447 5451
586 2 2 5 1 3443 5494 5495
587 2 2 5 1 8271 5471 8281
588 2 2 5 1 6523 4975 8568
589 2 2 5 1 6032 4480 8742
590 2 2 5 1 367 368 5322
591 2 2 5 1 5864 4131 8521
592 2 2 5 1 550 539 7915
593 2 2 5 1 5155 5152 6209
594 2 2 5 1 2436 5262 6255
595 2 2 5 1 539 524 5255
596 2 2 5 1 471 7373 8560
597 2 2 5 1 3443 5495 7685
598 2 2 5 1 5107 1300 8474
599 2 2 5 1 5266 5249 6811
600 2 2 5 1 5877 3631 5879
601 2 2 5 1 5609 5516 5805
602 2 2 5 1 5322 368 8843
603 2 2 5 1 5566 4520 8334
604 2 2 5 1 6518 3161 6521
605 2 2 5 1 4469 5216 5217
606 2 2 5 1 5148 4019 5190
607 2 2 5 1 5093 2874 5864
608 2 2 5 1 660 654 5360
609 2 2 5 1 3619 6449 8033
610 2 2 5 1 5204 2400 5206
611 2 2 5 1 2874 5093 5865
612 2 2 5 1 6708 4479 6709
613 2 2 5 1 6124 3277 8200
614 2 2 5 1 5431 5494 7705
615 2 2 5 1 3469 3468 8484
616 2 2 5 1 5867 4639 5869
617 2 2 5 1 5323 2121 5325
618 2 2 5 1 4776 5794 6971
619 2 2 5 1 503 5408 6824
620 2 2 5 1 718 5378 6072
621 2 2 5 1 4909 8271 8281
622 2 2 5 1 2663 5040 8437
623 2 2 5 1 5038 2664 8431
624 2 2 5 1 3631 5877 7317
625 2 2 5 1 3277 5116 6125
626 2 2 5 1 2461 6320 7970
627 2 2 5 1 4549 4487 5263
628 2 2 5 1 4549 5263 5264
629 2 2 5 1 2304 2874 5865
630 2 2 5 1 4468 4467 5212
631 2 2 5 1 637 634 5891
632 2 2 5 1 4469 4470 5216
633 2 2 5 1 6412 6416 8276
634 2 2 5 1 4498 5289 5291
635 2 2 5 1 5494 3443 7705
636 2 2 5 1 6985 6362 8314
637 2 2 5 1 5577 6956 8059
638 2 2 5 1 6618 4311 7578
639 2 2 5 1 539 5255 7915
640 2 2 5 1 605 607 5352
641 2 2 5 1 4639 5867 8841
642 2 2 5 1 4054 5281 5475
643 2 2 5 1 2304 5865 8770
644 2 2 5 1 4338 5111 8552
645 2 2 5 1 5352 607 5507
646 2 2 5 1 6617 1841 6619
647 2 2 5 1 5281 5169 5475
648 2 2 5 1 1289 5961 8244
649 2 2 5 1 5772 5773 5926
650 2 2 5 1 4491 5169 5281
651 2 2 5 1 4549 5264 7919
652 2 2 5 1 6614 6622 8295
653 2 2 5 1 4499 4498 5291
654 2 2 5 1 9 8 5489
655 2 2 5 1 503 6824 8581
656 2 2 5 1 5278 5837 8528
657 2 2 5 1 2280 2282 5377
658 2 2 5 1 7927 5841 7977
659 2 2 5 1 5877 4052 7317
660 2 2 5 1 5320 5361 6400
661 2 2 5 1 4639 5321 5869
662 2 2 5 1 3010 6607 6616
663 2 2 5 1 4468 5212 5214
664 2 2 5 1 483 5237 8311
665 2 2 5 1 5321 1098 5869
666 2 2 5 1 4430 6913 8764
667 2 2 5 1 1793 5110 6106
668 2 2 5 1 5377 5201 5566
669 2 2 5 1 5110 1793 7607
670 2 2 5 1 4998 4430 8764
671 2 2 5 1 106 107 5482
672 2 2 5 1 719 5180 5361
673 2 2 5 1 5454 5455 7484
674 2 2 5 1 512 5138 6320
675 2 2 5 1 201 202 5297
676 2 2 5 1 6043 6125 8330
677 2 2 5 1 4052 3880 7793
678 2 2 5 1 647 645 7611
679 2 2 5 1 5142 2458 5233
680 2 2 5 1 2109 5144 5255
681 2 2 5 1 5775 4079 8085
682 2 2 5 1 4479 6708 8605
683 2 2 5 1 7317 4052 7793
684 2 2 5 1 781 282 8038
685 2 2 5 1 524 2109 5255
686 2 2 5 1 607 610 5507
687 2 2 5 1 5222 2344 5223
688 2 2 5 1 6147 2374 8320
689 2 2 5 1 650 647 5181
690 2 2 5 1 6617 6618 7578
691 2 2 5 1 3409 5468 5469
692 2 2 5 1 5095 3929 7149
693 2 2 5 1 5181 647 7611
694 2 2 5 1 1430 5119 8467
695 2 2 5 1 6103 6104 7131
696 2 2 5 1 367 5322 8324
697 2 2 5 1 5208 649 5968
698 2 2 5 1 6104 3017 7131
699 2 2 5 1 5293 7188 8045
700 2 2 5 1 6103 2289 6493
701 2 2 5 1 5179 2378 5181
702 2 2 5 1 2289 6103 7131
703 2 2 5 1 3409 5469 5584
704 2 2 5 1 485 287 8043
705 2 2 5 1 7149 3929 8793
706 2 2 5 1 5224 637 5891
707 2 2 5 1 6320 5138 7970
708 2 2 5 1 5431 1683 5510
709 2 2 5 1 1683 5431 7705
710 2 2 5 1 3994 4133 5294
711 2 2 5 1 5325 2121 8598
712 2 2 5 1 7793 3880 8085
713 2 2 5 1 8342 5495 8388
714 2 2 5 1 6146 5374 8371
715 2 2 5 1 5794 1872 6971
716 2 2 5 1 2331 5777 8550
717 2 2 5 1 4448 5290 5842
718 2 2 5 1 5557 2332 8417
719 2 2 5 1 4688 8348 8350
720 2 2 5 1 5870 4109 6147
721 2 2 5 1 5144 2109 5547
722 2 2 5 1 5777 2331 8395
723 2 2 5 1 5491 2715 8483
724 2 2 5 1 652 658 5384
725 2 2 5 1 8348 5738 8350
726 2 2 5 1 1592 8342 8388
727 2 2 5 1 223 224 5353
728 2 2 5 1 6604 6607 6615
729 2 2 5 1 3562 5200 5201
730 2 2 5 1 3559 6416 6603
731 2 2 5 1 6413 3386 6415
732 2 2 5 1 2999 3001 6418
733 2 2 5 1 6555 4955 8527
734 2 2 5 1 5146 4862 6720
735 2 2 5 1 3005 3561 6417
736 2 2 5 1 6954 6146 8371
737 2 2 5 1 2343 5240 5241
738 2 2 5 1 6582 6579 8047
739 2 2 5 1 5870 6147 8320
740 2 2 5 1 5136 3633 8844
741 2 2 5 1 4604 3869 5220
742 2 2 5 1 4794 6250 6252
743 2 2 5 1 4158 5122 5355
744 2 2 5 1 7450 4709 8458
745 2 2 5 1 720 2175 5702
746 2 2 5 1 1671 7243 7707
747 2 2 5 1 123 460 5349
748 2 2 5 1 3559 6603 6615
749 2 2 5 1 3558 6622 6624
750 2 2 5 1 4795 5276 7411
751 2 2 5 1 5004 6701 6829
752 2 2 5 1 5579 5577 8059
753 2 2 5 1 5267 2871 5268
754 2 2 5 1 4767 6626 6628
755 2 2 5 1 2901 5462 7764
756 2 2 5 1 7243 1671 8795
757 2 2 5 1 459 68 5351
758 2 2 5 1 6940 4699 8284
759 2 2 5 1 5462 2901 8807
760 2 2 5 1 5221 3134 8171
761 2 2 5 1 481 7516 8407
762 2 2 5 1 4699 6940 8583
763 2 2 5 1 5180 719 5360
764 2 2 5 1 4009 4671 8405
765 2 2 5 1 2175 5700 5702
766 2 2 5 1 8402 4009 8405
767 2 2 5 1 6811 5249 8433
768 2 2 5 1 4231 4802 5315
769 2 2 5 1 5093 5864 8521
770 2 2 5 1 5166 6208 8204
771 2 2 5 1 6645 4994 8294
772 2 2 5 1 3031 2763 5567
773 2 2 5 1 5239 8056 8596
774 2 2 5 1 8200 5334 8704
775 2 2 5 1 3653 8189 8577
776 2 2 5 1 4994 6645 8571
777 2 2 5 1 5561 3031 5567
778 2 2 5 1 204 498 5327
779 2 2 5 1 643 641 5409
780 2 2 5 1 4469 5217 5220
781 2 2 5 1 5240 2343 5863
782 2 2 5 1 3971 5141 8315
783 2 2 5 1 5239 6718 8056
784 2 2 5 1 5345 2955 6548
785 2 2 5 1 2378 5178 5360
786 2 2 5 1 5958 4504 8401
787 2 2 5 1 5283 781 8038
788 2 2 5 1 5870 5321 7684
789 2 2 5 1 6608 6611 6616
790 2 2 5 1 5169 4491 5492
791 2 2 5 1 7790 5883 8415
792 2 2 5 1 5133 1911 5825
793 2 2 5 1 4019 5148 5416
794 2 2 5 1 5266 4366 5783
795 2 2 5 1 2321 2934 5468
796 2 2 5 1 4484 5228 5232
797 2 2 5 1 3967 5413 7174
798 2 2 5 1 635 700 8289
799 2 2 5 1 5191 3162 5446
800 2 2 5 1 5227 4649 8403
801 2 2 5 1 5228 3878 5232
802 2 2 5 1 8394 5227 8403
803 2 2 5 1 5212 4467 5213
804 2 2 5 1 5138 512 6321
805 2 2 5 1 516 509 5416
806 2 2 5 1 5230 4478 5235
807 2 2 5 1 4879 6321 8156
808 2 2 5 1 6362 6985 8261
809 2 2 5 1 2071 7945 8489
810 2 2 5 1 834 302 8063
811 2 2 5 1 639 637 5224
812 2 2 5 1 3870 5230 5235
813 2 2 5 1 4520 5566 5985
814 2 2 5 1 5263 4487 5473
815 2 2 5 1 5175 1303 7701
816 2 2 5 1 8004 3610 8006
817 2 2 5 1 6436 8004 8006
818 2 2 5 1 6250 4794 8683
819 2 2 5 1 5394 5807 7132
820 2 2 5 1 3670 5191 8193
821 2 2 5 1 5961 4603 8244
822 2 2 5 1 3558 6624 6631
823 2 2 5 1 3612 8005 8008
824 2 2 5 1 485 5293 8045
825 2 2 5 1 8005 6432 8008
826 2 2 5 1 8017 6483 8028
827 2 2 5 1 3990 6358 8432
828 2 2 5 1 8292 377 8550
829 2 2 5 1 5293 485 8043
830 2 2 5 1 5448 3469 8484
831 2 2 5 1 4767 6628 6632
832 2 2 5 1 3613 8009 8010
833 2 2 5 1 8009 6427 8010
834 2 2 5 1 3526 8017 8028
835 2 2 5 1 5261 2982 8463
836 2 2 5 1 6536 6787 8413
837 2 2 5 1 5287 4546 6589
838 2 2 5 1 531 5287 6589
839 2 2 5 1 2374 5172 6145
840 2 2 5 1 6416 3559 8276
841 2 2 5 1 7516 5165 8407
842 2 2 5 1 4218 5355 5356
843 2 2 5 1 8370 5651 8380
844 2 2 5 1 6316 4256 7187
845 2 2 5 1 5406 5371 6779
846 2 2 5 1 2180 8370 8380
847 2 2 5 1 2632 7927 7977
848 2 2 5 1 5990 2372 6401
849 2 2 5 1 8372 6833 8430
850 2 2 5 1 2458 203 5327
851 2 2 5 1 3023 3633 5444
852 2 2 5 1 5216 4470 5218
853 2 2 5 1 5332 5089 7096
854 2 2 5 1 5662 692 8436
855 2 2 5 1 5990 6401 8349
856 2 2 5 1 5276 3576 7411
857 2 2 5 1 4387 7806 8793
858 2 2 5 1 3386 3003 6417
859 2 2 5 1 8189 5100 8577
860 2 2 5 1 5776 8292 8550
861 2 2 5 1 3572 5326 6547
862 2 2 5 1 5172 5374 6145
863 2 2 5 1 4120 5192 5378
864 2 2 5 1 5209 3576 5276
865 2 2 5 1 5444 3633 7775
866 2 2 5 1 4157 4220 5332
867 2 2 5 1 5172 2374 6147
868 2 2 5 1 5374 530 6145
869 2 2 5 1 5361 5180 6400
870 2 2 5 1 2435 5296 6266
871 2 2 5 1 7090 6517 8430
872 2 2 5 1 3525 8019 8032
873 2 2 5 1 8480 5013 8492
874 2 2 5 1 596 599 5242
875 2 2 5 1 6622 3558 8295
876 2 2 5 1 8019 6476 8032
877 2 2 5 1 692 5662 8515
878 2 2 5 1 3504 6582 8047
879 2 2 5 1 4843 6562 6563
880 2 2 5 1 5251 3513 5486
881 2 2 5 1 422 421 5476
882 2 2 5 1 4120 5378 6336
883 2 2 5 1 2292 5269 6003
884 2 2 5 1 5786 8480 8492
885 2 2 5 1 6255 5262 8461
886 2 2 5 1 5167 5164 5286
887 2 2 5 1 1446 5173 8313
888 2 2 5 1 5542 5610 8331
889 2 2 5 1 5540 8209 8266
890 2 2 5 1 5847 5361 6401
891 2 2 5 1 473 5190 8475
892 2 2 5 1 3524 8022 8040
893 2 2 5 1 5942 88 8230
894 2 2 5 1 8022 6469 8040
895 2 2 5 1 4972 7009 8318
896 2 2 5 1 5042 4709 7450
897 2 2 5 1 5510 1683 7829
898 2 2 5 1 785 6698 7936
899 2 2 5 1 2378 650 5181
900 2 2 5 1 4254 5745 7790
901 2 2 5 1 5926 5773 5927
902 2 2 5 1 5313 5314 6704
903 2 2 5 1 4468 5214 5215
904 2 2 5 1 834 5313 6704
905 2 2 5 1 5173 1446 8825
906 2 2 5 1 5206 2400 5384
907 2 2 5 1 3521 8027 8036
908 2 2 5 1 6308 3477 8462
909 2 2 5 1 122 5349 8191
910 2 2 5 1 5745 4254 7818
911 2 2 5 1 8027 6462 8036
912 2 2 5 1 5239 5825 6718
913 2 2 5 1 4561 6317 6318
914 2 2 5 1 5627 7308 8414
915 2 2 5 1 5517 1031 8366
916 2 2 5 1 5304 4764 6716
917 2 2 5 1 1912 5304 6716
918 2 2 5 1 7009 4972 8600
919 2 2 5 1 8310 5800 8327
920 2 2 5 1 1303 5175 8735
921 2 2 5 1 1450 5302 8440
922 2 2 5 1 5223 2344 5224
923 2 2 5 1 7950 5389 8093
924 2 2 5 1 3584 8310 8327
925 2 2 5 1 2368 5772 5926
926 2 2 5 1 6208 2213 8204
927 2 2 5 1 8023 3519 8026
928 2 2 5 1 6456 8023 8026
929 2 2 5 1 5302 1450 8516
930 2 2 5 1 88 5942 8675
931 2 2 5 1 5351 69 8203
932 2 2 5 1 1030 5524 8408
933 2 2 5 1 5152 5151 6209
934 2 2 5 1 5516 5609 5806
935 2 2 5 1 3518 8024 8030
936 2 2 5 1 8024 6449 8030
937 2 2 5 1 5397 7951 8002
938 2 2 5 1 5611 5440 8522
939 2 2 5 1 6626 4767 6631
940 2 2 5 1 7282 5622 8428
941 2 2 5 1 6630 3427 6632
942 2 2 5 1 5509 3590 7992
943 2 2 5 1 5139 3971 8189
944 2 2 5 1 4848 5557 8417
945 2 2 5 1 8291 2986 8359
946 2 2 5 1 719 660 5360
947 2 2 5 1 5190 473 8553
948 2 2 5 1 1302 5476 8323
949 2 2 5 1 5166 5155 6209
950 2 2 5 1 6701 5004 8597
951 2 2 5 1 5200 3562 5509
952 2 2 5 1 5289 4498 5842
953 2 2 5 1 609 605 5352
954 2 2 5 1 5301 4182 5302
955 2 2 5 1 8031 781 8035
956 2 2 5 1 5246 8031 8035
957 2 2 5 1 2181 1838 5466
958 2 2 5 1 654 2378 5360
959 2 2 5 1 1163 1242 5595
960 2 2 5 1 5207 609 5352
961 2 2 5 1 609 5207 5413
962 2 2 5 1 1841 6617 7578
963 2 2 5 1 8386 5610 8435
964 2 2 5 1 1446 8313 8337
965 2 2 5 1 6607 6608 6616
966 2 2 5 1 6618 8291 8359
967 2 2 5 1 1838 1735 5466
968 2 2 5 1 2344 5222 5409
969 2 2 5 1 2343 5241 5242
970 2 2 5 1 3577 3578 5473
971 2 2 5 1 3869 4469 5220
972 2 2 5 1 5311 100 8476
973 2 2 5 1 7171 4674 8442
974 2 2 5 1 3581 5212 5213
975 2 2 5 1 2270 2301 5467
976 2 2 5 1 100 5311 8495
977 2 2 5 1 4862 5146 8556
978 2 2 5 1 5313 834 8063
979 2 2 5 1 4662 6111 8267
980 2 2 5 1 4059 6593 6595
981 2 2 5 1 2046 8399 8438
982 2 2 5 1 8313 4993 8337
983 2 2 5 1 6521 8372 8430
984 2 2 5 1 8399 5784 8438
985 2 2 5 1 1847 8386 8435
986 2 2 5 1 4388 5234 5315
987 2 2 5 1 447 446 6794
988 2 2 5 1 6268 3927 7359
989 2 2 5 1 5232 3878 5348
990 2 2 5 1 5402 5445 5806
991 2 2 5 1 785 7936 8791
992 2 2 5 1 3471 3990 6356
993 2 2 5 1 5234 4231 5315
994 2 2 5 1 3564 5218 5280
995 2 2 5 1 3870 5235 5347
996 2 2 5 1 483 8311 8465
997 2 2 5 1 5563 5568 5572
998 2 2 5 1 2400 5204 5507
999 2 2 5 1 2174 722 5712
1000 2 2 5 1 1957 2166 6004
1001 2 2 5 1 5307 4627 8532
1002 2 2 5 1 537 6322 8782
1003 2 2 5 1 5269 2292 6004
1004 2 2 5 1 430 8233 8497
1005 2 2 5 1 5268 2871 5467
1006 2 2 5 1 5231 475 5771
1007 2 2 5 1 4627 5307 8562
1008 2 2 5 1 2282 3562 5377
1009 2 2 5 1 649 5208 7611
1010 2 2 5 1 5467 3659 7794
1011 2 2 5 1 2692 5188 7380
1012 2 2 5 1 2956 2280 5377
1013 2 2 5 1 6427 6428 8012
1014 2 2 5 1 8010 6427 8012
1015 2 2 5 1 5603 2174 5712
1016 2 2 5 1 2661 2842 5256
1017 2 2 5 1 6630 8302 8303
1018 2 2 5 1 5679 7406 8447
1019 2 2 5 1 5236 1505 6290
1020 2 2 5 1 8302 5134 8303
1021 2 2 5 1 2632 5170 7945
1022 2 2 5 1 1031 5517 8329
1023 2 2 5 1 3576 5209 5714
1024 2 2 5 1 7407 5678 8445
1025 2 2 5 1 5440 5523 5807
1026 2 2 5 1 5196 6104 8365
1027 2 2 5 1 5203 4908 8459
1028 2 2 5 1 5170 2632 7977
1029 2 2 5 1 5286 5164 8566
1030 2 2 5 1 8452 5203 8459
1031 2 2 5 1 1868 1924 5841
1032 2 2 5 1 6548 2955 8593
1033 2 2 5 1 6104 5196 8460
1034 2 2 5 1 6712 4453 8441
1035 2 2 5 1 5825 1911 6718
1036 2 2 5 1 6990 464 8080
1037 2 2 5 1 8355 52 8408
1038 2 2 5 1 107 465 5482
1039 2 2 5 1 4463 5048 5928
1040 2 2 5 1 1434 5332 5333
1041 2 2 5 1 5971 114 8178
1042 2 2 5 1 5251 5266 5783
1043 2 2 5 1 6911 5824 8263
1044 2 2 5 1 8032 6476 8060
1045 2 2 5 1 1323 5489 8095
1046 2 2 5 1 6587 6589 6590
1047 2 2 5 1 6476 6477 8060
1048 2 2 5 1 6603 6604 6615
1049 2 2 5 1 5400 3915 7951
1050 2 2 5 1 813 961 5826
1051 2 2 5 1 8366 139 8385
1052 2 2 5 1 6616 6617 6619
1053 2 2 5 1 6483 6482 8021
1054 2 2 5 1 3916 5392 7950
1055 2 2 5 1 6483 8021 8028
1056 2 2 5 1 2284 2286 5509
1057 2 2 5 1 2344 639 5224
1058 2 2 5 1 4912 7428 8560
1059 2 2 5 1 5842 2875 7410
1060 2 2 5 1 3564 5216 5218
1061 2 2 5 1 5220 5221 8171
1062 2 2 5 1 4254 7790 8415
1063 2 2 5 1 5581 6793 6794
1064 2 2 5 1 5361 5320 6401
1065 2 2 5 1 6628 6630 6632
1066 2 2 5 1 6779 5371 8563
1067 2 2 5 1 6624 6626 6631
1068 2 2 5 1 5434 5510 7829
1069 2 2 5 1 7308 5627 8347
1070 2 2 5 1 1924 2867 5841
1071 2 2 5 1 8040 6469 8062
1072 2 2 5 1 1300 5149 5150
1073 2 2 5 1 2871 5267 6004
1074 2 2 5 1 6469 6470 8062
1075 2 2 5 1 961 5655 5826
1076 2 2 5 1 5186 2856 5256
1077 2 2 5 1 3671 8098 8462
1078 2 2 5 1 6977 5572 8001
1079 2 2 5 1 6266 4051 6267
1080 2 2 5 1 658 718 5384
1081 2 2 5 1 4891 3471 6356
1082 2 2 5 1 5807 3455 7132
1083 2 2 5 1 3820 2164 8224
1084 2 2 5 1 2400 652 5384
1085 2 2 5 1 5622 7282 8353
1086 2 2 5 1 5234 4388 5630
1087 2 2 5 1 5164 7981 8566
1088 2 2 5 1 3909 6985 8314
1089 2 2 5 1 5243 5901 7610
1090 2 2 5 1 8036 6462 8054
1091 2 2 5 1 6462 6463 8054
1092 2 2 5 1 7945 5170 8489
1093 2 2 5 1 634 635 5891
1094 2 2 5 1 1413 5333 5334
1095 2 2 5 1 3035 2941 5492
1096 2 2 5 1 5744 8501 8511
1097 2 2 5 1 7981 6292 8566
1098 2 2 5 1 8308 5698 8325
1099 2 2 5 1 6260 4789 6262
1100 2 2 5 1 106 5482 8307
1101 2 2 5 1 8162 5316 8171
1102 2 2 5 1 610 2400 5507
1103 2 2 5 1 114 5971 8780
1104 2 2 5 1 368 2369 8843
1105 2 2 5 1 1850 1492 5549
1106 2 2 5 1 8501 4245 8511
1107 2 2 5 1 599 2343 5242
1108 2 2 5 1 6793 5581 8748
1109 2 2 5 1 5384 718 6072
1110 2 2 5 1 3134 8162 8171
1111 2 2 5 1 961 969 5655
1112 2 2 5 1 3161 6520 8259
1113 2 2 5 1 6456 6485 8025
1114 2 2 5 1 4956 4555 7834
1115 2 2 5 1 4430 4538 6913
1116 2 2 5 1 8023 6456 8025
1117 2 2 5 1 697 720 5702
1118 2 2 5 1 6257 4396 6259
1119 2 2 5 1 5524 1030 8328
1120 2 2 5 1 701 8308 8325
1121 2 2 5 1 6616 6611 6617
1122 2 2 5 1 4296 6253 6255
1123 2 2 5 1 5584 4334 8181
1124 2 2 5 1 6316 7187 8588
1125 2 2 5 1 5609 5805 8542
1126 2 2 5 1 5568 5570 5572
1127 2 2 5 1 5242 5243 7610
1128 2 2 5 1 5228 4484 7592
1129 2 2 5 1 6447 6452 8033
1130 2 2 5 1 5269 5714 6003
1131 2 2 5 1 5653 5657 8158
1132 2 2 5 1 5199 486 7998
1133 2 2 5 1 2959 6734 6904
1134 2 2 5 1 4963 5811 8651
1135 2 2 5 1 4478 5230 7584
1136 2 2 5 1 6650 3861 7678
1137 2 2 5 1 5769 4683 8389
1138 2 2 5 1 5145 7920 8346
1139 2 2 5 1 5266 6811 8188
1140 2 2 5 1 5348 7606 8058
1141 2 2 5 1 5887 8662 8699
1142 2 2 5 1 649 643 5409
1143 2 2 5 1 1702 5901 7754
1144 2 2 5 1 2911 5317 7592
1145 2 2 5 1 6125 5116 8330
1146 2 2 5 1 8173 3135 8190
1147 2 2 5 1 5017 7270 7587
1148 2 2 5 1 5317 8173 8190
1149 2 2 5 1 5271 2295 6888
1150 2 2 5 1 7619 5347 8037
1151 2 2 5 1 5891 635 8289
1152 2 2 5 1 6787 6536 8339
1153 2 2 5 1 557 571 5664
1154 2 2 5 1 5316 2910 7584
1155 2 2 5 1 5811 4963 8418
1156 2 2 5 1 4383 5979 8149
1157 2 2 5 1 2175 5657 5700
1158 2 2 5 1 8662 5014 8699
1159 2 2 5 1 5867 5868 8841
1160 2 2 5 1 470 7450 8458
1161 2 2 5 1 8209 5469 8266
1162 2 2 5 1 641 2344 5409
1163 2 2 5 1 5582 5632 8748
1164 2 2 5 1 5413 5207 7174
1165 2 2 5 1 4777 5226 8373
1166 2 2 5 1 3612 6436 8005
1167 2 2 5 1 6360 6358 8243
1168 2 2 5 1 8389 4683 8419
1169 2 2 5 1 645 649 7611
1170 2 2 5 1 6436 3612 8004
1171 2 2 5 1 7291 2848 7561
1172 2 2 5 1 5841 5120 7977
1173 2 2 5 1 574 550 7915
1174 2 2 5 1 3984 3985 5547
1175 2 2 5 1 509 4019 5416
1176 2 2 5 1 5253 1703 5978
1177 2 2 5 1 6922 1307 8397
1178 2 2 5 1 6517 6521 8430
1179 2 2 5 1 5610 2701 8331
1180 2 2 5 1 3613 6432 8009
1181 2 2 5 1 6432 3613 8008
1182 2 2 5 1 5901 5243 7754
1183 2 2 5 1 1703 5253 7746
1184 2 2 5 1 3572 6547 8582
1185 2 2 5 1 2763 2967 5567
1186 2 2 5 1 1656 5805 8385
1187 2 2 5 1 6990 8080 8850
1188 2 2 5 1 649 5409 5968
1189 2 2 5 1 1940 2192 5280
1190 2 2 5 1 3967 5240 5413
1191 2 2 5 1 4513 4512 6321
1192 2 2 5 1 7666 7249 7872
1193 2 2 5 1 1457 5740 8629
1194 2 2 5 1 8049 6586 8050
1195 2 2 5 1 3976 8049 8050
1196 2 2 5 1 5559 3031 5561
1197 2 2 5 1 5740 1457 8626
1198 2 2 5 1 6428 3526 8012
1199 2 2 5 1 2934 4468 5468
1200 2 2 5 1 3409 2321 5468
1201 2 2 5 1 3526 6428 8017
1202 2 2 5 1 5563 5567 5568
1203 2 2 5 1 5611 1657 8355
1204 2 2 5 1 8228 2595 8270
1205 2 2 5 1 3562 5201 5377
1206 2 2 5 1 3031 5559 7065
1207 2 2 5 1 5559 4929 7065
1208 2 2 5 1 6083 8637 8658
1209 2 2 5 1 1307 6922 8615
1210 2 2 5 1 6264 4009 8402
1211 2 2 5 1 5310 463 8034
1212 2 2 5 1 6562 4843 8572
1213 2 2 5 1 5844 4905 8519
1214 2 2 5 1 5445 3458 5806
1215 2 2 5 1 462 5941 8230
1216 2 2 5 1 3880 5774 8085
1217 2 2 5 1 4905 5844 8539
1218 2 2 5 1 3998 4318 5772
1219 2 2 5 1 2109 516 5416
1220 2 2 5 1 5226 4777 8646
1221 2 2 5 1 4929 5634 7065
1222 2 2 5 1 3164 5411 5412
1223 2 2 5 1 4929 4041 5634
1224 2 2 5 1 5094 3998 5772
1225 2 2 5 1 5777 5776 8550
1226 2 2 5 1 3860 6495 7789
1227 2 2 5 1 2845 5247 8127
1228 2 2 5 1 2856 2661 5256
1229 2 2 5 1 5493 5253 5978
1230 2 2 5 1 5634 4041 5635
1231 2 2 5 1 4041 3820 5635
1232 2 2 5 1 1702 5257 5979
1233 2 2 5 1 3659 5315 7794
1234 2 2 5 1 1640 5465 8456
1235 2 2 5 1 3525 6482 8019
1236 2 2 5 1 5104 8645 8680
1237 2 2 5 1 4382 5493 5978
1238 2 2 5 1 6482 3525 8021
1239 2 2 5 1 8636 6920 8689
1240 2 2 5 1 4294 5363 5364
1241 2 2 5 1 5413 5240 5863
1242 2 2 5 1 5026 6308 8462
1243 2 2 5 1 8282 5701 8286
1244 2 2 5 1 5257 1702 7754
1245 2 2 5 1 8637 3604 8658
1246 2 2 5 1 3524 6477 8022
1247 2 2 5 1 5369 482 5370
1248 2 2 5 1 1657 5611 8522
1249 2 2 5 1 2646 8282 8286
1250 2 2 5 1 6688 8625 8681
1251 2 2 5 1 8233 5153 8497
1252 2 2 5 1 6787 3660 8413
1253 2 2 5 1 5370 482 5371
1254 2 2 5 1 3477 6308 7672
1255 2 2 5 1 2858 7550 7914
1256 2 2 5 1 5691 1565 8285
1257 2 2 5 1 8625 5012 8681
1258 2 2 5 1 7951 3915 8002
1259 2 2 5 1 6587 6590 8013
1260 2 2 5 1 5514 5041 5517
1261 2 2 5 1 2602 8636 8689
1262 2 2 5 1 5248 5251 5486
1263 2 2 5 1 6477 3524 8060
1264 2 2 5 1 5941 462 8800
1265 2 2 5 1 4446 4444 6971
1266 2 2 5 1 4571 5276 8334
1267 2 2 5 1 6586 8013 8050
1268 2 2 5 1 4079 5777 8485
1269 2 2 5 1 5595 5584 8181
1270 2 2 5 1 5465 1640 8573
1271 2 2 5 1 4009 6264 8672
1272 2 2 5 1 8322 6111 8361
1273 2 2 5 1 1047 8206 8383
1274 2 2 5 1 3521 6470 8027
1275 2 2 5 1 4561 6318 7432
1276 2 2 5 1 5478 8275 8287
1277 2 2 5 1 8645 3104 8680
1278 2 2 5 1 8066 6716 8069
1279 2 2 5 1 4201 8066 8069
1280 2 2 5 1 4699 5294 8284
1281 2 2 5 1 5237 483 8648
1282 2 2 5 1 2260 8205 8243
1283 2 2 5 1 5290 5289 5842
1284 2 2 5 1 5394 5440 5807
1285 2 2 5 1 5963 8664 8714
1286 2 2 5 1 5176 4671 8406
1287 2 2 5 1 4671 5176 8405
1288 2 2 5 1 5363 4294 7358
1289 2 2 5 1 3916 7950 8093
1290 2 2 5 1 6470 3521 8062
1291 2 2 5 1 5233 2458 5327
1292 2 2 5 1 3590 5281 7992
1293 2 2 5 1 3519 6463 8026
1294 2 2 5 1 5292 8268 8401
1295 2 2 5 1 4022 5171 8707
1296 2 2 5 1 6911 8298 8351
1297 2 2 5 1 8275 702 8287
1298 2 2 5 1 6268 7359 8634
1299 2 2 5 1 3015 5363 7358
1300 2 2 5 1 6111 907 8267
1301 2 2 5 1 5295 7808 7893
1302 2 2 5 1 6463 3519 8054
1303 2 2 5 1 8606 6942 8633
1304 2 2 5 1 5274 5275 8612
1305 2 2 5 1 6811 497 8188
1306 2 2 5 1 6517 7090 8453
1307 2 2 5 1 2412 8322 8361
1308 2 2 5 1 6586 6587 8013
1309 2 2 5 1 1118 8610 8665
1310 2 2 5 1 5049 7139 8367
1311 2 2 5 1 4912 5051 7428
1312 2 2 5 1 3518 6485 8024
1313 2 2 5 1 7808 4460 7893
1314 2 2 5 1 2192 3564 5280
1315 2 2 5 1 963 815 6132
1316 2 2 5 1 6485 3518 8025
1317 2 2 5 1 6693 7830 8545
1318 2 2 5 1 1505 5236 8272
1319 2 2 5 1 6743 4492 8499
1320 2 2 5 1 5119 5043 6776
1321 2 2 5 1 5190 4019 8475
1322 2 2 5 1 5298 1361 7586
1323 2 2 5 1 6778 4981 8534
1324 2 2 5 1 5500 2844 8120
1325 2 2 5 1 5274 8612 8639
1326 2 2 5 1 6589 4546 6590
1327 2 2 5 1 3513 5251 5783
1328 2 2 5 1 6449 3619 8030
1329 2 2 5 1 5330 5331 8767
1330 2 2 5 1 5933 5780 8109
1331 2 2 5 1 8602 2370 8667
1332 2 2 5 1 4492 6743 8540
1333 2 2 5 1 8610 6508 8665
1334 2 2 5 1 5713 5343 8096
1335 2 2 5 1 5315 4802 7794
1336 2 2 5 1 3263 3261 6125
1337 2 2 5 1 4388 4918 5630
1338 2 2 5 1 5534 557 5664
1339 2 2 5 1 5135 8602 8667
1340 2 2 5 1 4869 6775 8512
1341 2 2 5 1 5297 4879 8156
1342 2 2 5 1 3915 5400 8239
1343 2 2 5 1 7406 5679 8431
1344 2 2 5 1 6327 2865 8642
1345 2 2 5 1 6452 4569 8033
1346 2 2 5 1 282 283 8038
1347 2 2 5 1 1290 5197 8384
1348 2 2 5 1 491 5963 8714
1349 2 2 5 1 5246 2670 8031
1350 2 2 5 1 5630 4918 5977
1351 2 2 5 1 3578 5263 5473
1352 2 2 5 1 2871 2270 5467
1353 2 2 5 1 5678 7407 8437
1354 2 2 5 1 2301 3659 5467
1355 2 2 5 1 6187 5196 8365
1356 2 2 5 1 7249 4678 7872
1357 2 2 5 1 7094 8296 8381
1358 2 2 5 1 5668 963 6132
1359 2 2 5 1 5514 5512 7581
1360 2 2 5 1 5392 3916 8264
1361 2 2 5 1 1248 1163 5595
1362 2 2 5 1 4645 4463 5928
1363 2 2 5 1 5171 4022 8761
1364 2 2 5 1 4491 3577 5473
1365 2 2 5 1 5609 5402 5806
1366 2 2 5 1 8298 2413 8351
1367 2 2 5 1 5262 2436 8029
1368 2 2 5 1 7188 4552 8045
1369 2 2 5 1 6793 447 6794
1370 2 2 5 1 5661 5662 8416
1371 2 2 5 1 2865 6327 8720
1372 2 2 5 1 446 529 6794
1373 2 2 5 1 4956 7834 8759
1374 2 2 5 1 5041 5514 7581
1375 2 2 5 1 6776 5043 8498
1376 2 2 5 1 2292 1957 6004
1377 2 2 5 1 8044 4274 8333
1378 2 2 5 1 4272 3573 5714
1379 2 2 5 1 2166 2871 6004
1380 2 2 5 1 5650 5646 5656
1381 2 2 5 1 906 6911 8263
1382 2 2 5 1 596 5242 7610
1383 2 2 5 1 6517 6518 6521
1384 2 2 5 1 6784 4678 7816
1385 2 2 5 1 8602 5135 8617
1386 2 2 5 1 5278 2739 5837
1387 2 2 5 1 8375 7219 8423
1388 2 2 5 1 2982 5259 8081
1389 2 2 5 1 4954 8606 8633
1390 2 2 5 1 8416 5662 8436
1391 2 2 5 1 7543 2873 8065
1392 2 2 5 1 287 288 8043
1393 2 2 5 1 5336 5092 8450
1394 2 2 5 1 5114 5115 7969
1395 2 2 5 1 8048 2493 8321
1396 2 2 5 1 3581 5213 8271
1397 2 2 5 1 1354 8236 8260
1398 2 2 5 1 5250 3901 8623
1399 2 2 5 1 8576 6136 8618
1400 2 2 5 1 973 963 5668
1401 2 2 5 1 5652 1685 5656
1402 2 2 5 1 2376 8123 8200
1403 2 2 5 1 5539 7690 7979
1404 2 2 5 1 1242 3409 5595
1405 2 2 5 1 5135 5350 8617
1406 2 2 5 1 6266 5296 8509
1407 2 2 5 1 5275 5273 7855
1408 2 2 5 1 722 699 5712
1409 2 2 5 1 8546 3783 8609
1410 2 2 5 1 5291 5292 8220
1411 2 2 5 1 8452 2846 8579
1412 2 2 5 1 3015 5309 5363
1413 2 2 5 1 5845 5844 8490
1414 2 2 5 1 5419 5423 5434
1415 2 2 5 1 4919 6043 8330
1416 2 2 5 1 3901 5250 8676
1417 2 2 5 1 5805 1656 8542
1418 2 2 5 1 6061 6057 7791
1419 2 2 5 1 5141 7422 8315
1420 2 2 5 1 4678 7249 7816
1421 2 2 5 1 5335 5336 8738
1422 2 2 5 1 8236 4922 8260
1423 2 2 5 1 5904 119 8510
1424 2 2 5 1 5525 8355 8408
1425 2 2 5 1 8738 5336 8751
1426 2 2 5 1 5961 5959 8268
1427 2 2 5 1 2174 5603 5713
1428 2 2 5 1 3438 7266 8349
1429 2 2 5 1 5317 5228 7592
1430 2 2 5 1 5632 5582 8559
1431 2 2 5 1 8473 4572 8488
1432 2 2 5 1 2696 2220 7484
1433 2 2 5 1 119 5904 8544
1434 2 2 5 1 5039 5521 5524
1435 2 2 5 1 2847 8457 8575
1436 2 2 5 1 7428 471 8560
1437 2 2 5 1 5092 4380 8478
1438 2 2 5 1 6204 1430 8136
1439 2 2 5 1 8450 5092 8478
1440 2 2 5 1 5188 2692 8506
1441 2 2 5 1 5319 4919 8332
1442 2 2 5 1 5714 5209 6003
1443 2 2 5 1 4919 8330 8332
1444 2 2 5 1 6579 6578 8047
1445 2 2 5 1 2941 5169 5492
1446 2 2 5 1 5563 5572 8661
1447 2 2 5 1 8565 5132 8585
1448 2 2 5 1 5230 5316 7584
1449 2 2 5 1 6209 5151 6210
1450 2 2 5 1 5518 8366 8385
1451 2 2 5 1 4908 5221 8459
1452 2 2 5 1 3861 6650 8729
1453 2 2 5 1 5275 5380 8471
1454 2 2 5 1 501 366 8324
1455 2 2 5 1 7908 6162 8160
1456 2 2 5 1 2286 3590 5509
1457 2 2 5 1 72 5894 8513
1458 2 2 5 1 8098 5026 8462
1459 2 2 5 1 6438 8473 8488
1460 2 2 5 1 5449 5448 5450
1461 2 2 5 1 6419 5331 8603
1462 2 2 5 1 6233 6232 7962
1463 2 2 5 1 3562 2284 5509
1464 2 2 5 1 4448 5842 7410
1465 2 2 5 1 5519 5521 7579
1466 2 2 5 1 5303 5408 8816
1467 2 2 5 1 5303 8816 8817
1468 2 2 5 1 7433 7327 7584
1469 2 2 5 1 5572 5570 8001
1470 2 2 5 1 5406 4624 7011
1471 2 2 5 1 7892 4036 7921
1472 2 2 5 1 5604 8196 8225
1473 2 2 5 1 7308 2644 8414
1474 2 2 5 1 4426 4997 5338
1475 2 2 5 1 8490 5844 8519
1476 2 2 5 1 7219 4967 8423
1477 2 2 5 1 4869 5107 6775
1478 2 2 5 1 7330 7435 7592
1479 2 2 5 1 5777 8395 8485
1480 2 2 5 1 5282 1286 7929
1481 2 2 5 1 5894 72 8554
1482 2 2 5 1 786 813 5826
1483 2 2 5 1 7924 5688 7933
1484 2 2 5 1 5958 501 8300
1485 2 2 5 1 4847 7924 7933
1486 2 2 5 1 5564 555 7807
1487 2 2 5 1 8296 4421 8381
1488 2 2 5 1 5366 5103 5367
1489 2 2 5 1 1492 1659 5549
1490 2 2 5 1 7139 5049 8553
1491 2 2 5 1 829 1058 6679
1492 2 2 5 1 2266 5412 6528
1493 2 2 5 1 7859 6060 8141
1494 2 2 5 1 4606 7171 8442
1495 2 2 5 1 4946 3859 5373
1496 2 2 5 1 7406 696 8447
1497 2 2 5 1 5433 8546 8609
1498 2 2 5 1 6321 512 8156
1499 2 2 5 1 4294 5364 6679
1500 2 2 5 1 4957 8576 8618
1501 2 2 5 1 5517 5041 8329
1502 2 2 5 1 4498 2875 5842
1503 2 2 5 1 969 1685 5655
1504 2 2 5 1 7291 7561 8721
1505 2 2 5 1 5380 5318 8451
1506 2 2 5 1 5635 3820 8224
1507 2 2 5 1 5657 2175 8158
1508 2 2 5 1 695 7407 8445
1509 2 2 5 1 4644 6977 8001
1510 2 2 5 1 5380 5275 7855
1511 2 2 5 1 8075 5415 8091
1512 2 2 5 1 6703 6704 8057
1513 2 2 5 1 4674 7171 8470
1514 2 2 5 1 6810 4947 8624
1515 2 2 5 1 8196 2647 8225
1516 2 2 5 1 1684 5342 5344
1517 2 2 5 1 8300 501 8324
1518 2 2 5 1 4695 6061 7791
1519 2 2 5 1 2645 7282 8428
1520 2 2 5 1 5281 4054 7992
1521 2 2 5 1 5248 5249 5251
1522 2 2 5 1 7587 7270 8690
1523 2 2 5 1 3641 7905 7912
1524 2 2 5 1 7914 7550 8698
1525 2 2 5 1 7905 5685 7912
1526 2 2 5 1 5232 5348 8058
1527 2 2 5 1 8051 6703 8057
1528 2 2 5 1 5521 5039 7579
1529 2 2 5 1 5979 5257 8149
1530 2 2 5 1 3134 5221 8472
1531 2 2 5 1 5347 5235 8037
1532 2 2 5 1 5380 8451 8471
1533 2 2 5 1 4487 3035 5492
1534 2 2 5 1 571 665 5664
1535 2 2 5 1 5197 1290 8756
1536 2 2 5 1 4453 6712 8496
1537 2 2 5 1 3985 5144 5547
1538 2 2 5 1 7193 7779 7901
1539 2 2 5 1 8089 3527 8172
1540 2 2 5 1 2168 8304 8363
1541 2 2 5 1 5256 2842 7691
1542 2 2 5 1 5250 8623 8647
1543 2 2 5 1 4302 8075 8091
1544 2 2 5 1 302 303 8063
1545 2 2 5 1 6415 3386 6417
1546 2 2 5 1 2498 5238 7937
1547 2 2 5 1 6042 8586 8656
1548 2 2 5 1 5372 3724 6554
1549 2 2 5 1 6418 6412 8276
1550 2 2 5 1 6097 4815 8390
1551 2 2 5 1 1685 5652 5655
1552 2 2 5 1 8108 4262 8143
1553 2 2 5 1 5203 8452 8579
1554 2 2 5 1 8206 5837 8383
1555 2 2 5 1 5735 8336 8466
1556 2 2 5 1 5025 5250 8647
1557 2 2 5 1 5306 5307 7890
1558 2 2 5 1 5196 6187 8760
1559 2 2 5 1 5646 5652 5656
1560 2 2 5 1 4007 8507 8541
1561 2 2 5 1 4302 8091 8130
1562 2 2 5 1 8301 6970 8387
1563 2 2 5 1 7524 5918 7973
1564 2 2 5 1 3979 8565 8585
1565 2 2 5 1 5148 3984 5547
1566 2 2 5 1 2844 5500 8854
1567 2 2 5 1 5221 4908 8472
1568 2 2 5 1 4512 5138 6321
1569 2 2 5 1 3982 3980 5825
1570 2 2 5 1 4879 4513 6321
1571 2 2 5 1 7935 6539 7944
1572 2 2 5 1 4947 6810 7876
1573 2 2 5 1 1840 2061 6619
1574 2 2 5 1 5364 7926 8011
1575 2 2 5 1 8457 5202 8575
1576 2 2 5 1 6539 662 7944
1577 2 2 5 1 6262 4789 8613
1578 2 2 5 1 3633 4439 8844
1579 2 2 5 1 4439 6493 8838
1580 2 2 5 1 5265 2689 7743
1581 2 2 5 1 4439 8838 8844
1582 2 2 5 1 5524 5525 8408
1583 2 2 5 1 5550 3114 6015
1584 2 2 5 1 2347 7779 8086
1585 2 2 5 1 4632 5442 5443
1586 2 2 5 1 5650 5656 7753
1587 2 2 5 1 5331 6419 8547
1588 2 2 5 1 4604 5220 8171
1589 2 2 5 1 6495 3860 8739
1590 2 2 5 1 8586 5001 8656
1591 2 2 5 1 6351 3107 7906
1592 2 2 5 1 7422 5141 8768
1593 2 2 5 1 7890 5307 7904
1594 2 2 5 1 5309 3015 5613
1595 2 2 5 1 2912 2913 6631
1596 2 2 5 1 4182 5301 8508
1597 2 2 5 1 5296 2435 7939
1598 2 2 5 1 4966 5550 6015
1599 2 2 5 1 5570 5573 8001
1600 2 2 5 1 5134 8302 8309
1601 2 2 5 1 1894 5305 7524
1602 2 2 5 1 545 557 5534
1603 2 2 5 1 5620 5621 7803
1604 2 2 5 1 5626 5625 7805
1605 2 2 5 1 8504 4005 8536
1606 2 2 5 1 5488 472 6947
1607 2 2 5 1 5373 3859 5442
1608 2 2 5 1 4766 6632 6972
1609 2 2 5 1 7920 1565 8346
1610 2 2 5 1 4552 6443 8045
1611 2 2 5 1 1098 5321 5870
1612 2 2 5 1 5308 2037 7595
1613 2 2 5 1 6017 7948 8114
1614 2 2 5 1 6443 4552 8046
1615 2 2 5 1 7952 6019 8117
1616 2 2 5 1 2590 5632 6792
1617 2 2 5 1 5353 5134 8309
1618 2 2 5 1 5931 7595 7989
1619 2 2 5 1 5976 1289 8244
1620 2 2 5 1 5432 2319 8589
1621 2 2 5 1 7543 8065 8747
1622 2 2 5 1 5372 5406 7011
1623 2 2 5 1 4815 6097 8686
1624 2 2 5 1 1111 1177 7309
1625 2 2 5 1 8125 7575 8139
1626 2 2 5 1 6613 6614 8295
1627 2 2 5 1 8118 7485 8124
1628 2 2 5 1 4453 4765 8441
1629 2 2 5 1 6693 502 7830
1630 2 2 5 1 6203 6210 8362
1631 2 2 5 1 492 5927 5928
1632 2 2 5 1 3794 6405 6407
1633 2 2 5 1 3240 6561 6562
1634 2 2 5 1 5295 1352 7926
1635 2 2 5 1 5464 2440 6262
1636 2 2 5 1 4946 5373 8080
1637 2 2 5 1 2319 5432 8630
1638 2 2 5 1 4064 3174 7877
1639 2 2 5 1 6146 8228 8270
1640 2 2 5 1 3197 7986 8148
1641 2 2 5 1 5195 8174 8176
1642 2 2 5 1 8174 2302 8176
1643 2 2 5 1 1352 5295 7893
1644 2 2 5 1 4537 8139 8177
1645 2 2 5 1 8121 5594 8134
1646 2 2 5 1 5284 2491 6689
1647 2 2 5 1 5518 5517 8366
1648 2 2 5 1 7892 5535 8101
1649 2 2 5 1 5774 5775 8085
1650 2 2 5 1 7995 3196 8151
1651 2 2 5 1 8118 4536 8147
1652 2 2 5 1 1725 7666 7872
1653 2 2 5 1 1176 1109 7314
1654 2 2 5 1 5654 5651 8352
1655 2 2 5 1 5305 1894 7695
1656 2 2 5 1 1009 975 5362
1657 2 2 5 1 5772 4318 5773
1658 2 2 5 1 5418 5419 5434
1659 2 2 5 1 8042 3052 8113
1660 2 2 5 1 3445 5930 5931
1661 2 2 5 1 7916 5304 8070
1662 2 2 5 1 2872 5366 5828
1663 2 2 5 1 2401 8427 8481
1664 2 2 5 1 8375 3191 8454
1665 2 2 5 1 5258 4312 8404
1666 2 2 5 1 4258 8376 8446
1667 2 2 5 1 5967 6405 7268
1668 2 2 5 1 5306 1725 7872
1669 2 2 5 1 3010 2996 6615
1670 2 2 5 1 2996 3559 6615
1671 2 2 5 1 6405 3794 7268
1672 2 2 5 1 3301 3302 6953
1673 2 2 5 1 2037 5308 7696
1674 2 2 5 1 4977 6659 8568
1675 2 2 5 1 5933 8133 8145
1676 2 2 5 1 4444 4776 6971
1677 2 2 5 1 4396 6257 8587
1678 2 2 5 1 678 676 5921
1679 2 2 5 1 5765 5766 7815
1680 2 2 5 1 5066 4446 6971
1681 2 2 5 1 7849 6061 7873
1682 2 2 5 1 6904 6734 8592
1683 2 2 5 1 5766 2162 7815
1684 2 2 5 1 5439 3077 7638
1685 2 2 5 1 5220 5217 5221
1686 2 2 5 1 671 673 7274
1687 2 2 5 1 1796 5383 5511
1688 2 2 5 1 6582 3504 8044
1689 2 2 5 1 7690 5219 7979
1690 2 2 5 1 3826 7193 7901
1691 2 2 5 1 1570 668 6301
1692 2 2 5 1 669 671 6676
1693 2 2 5 1 5632 5631 6792
1694 2 2 5 1 7916 8070 8079
1695 2 2 5 1 6210 6203 8775
1696 2 2 5 1 8337 4993 8358
1697 2 2 5 1 3976 6578 8049
1698 2 2 5 1 4632 4631 5442
1699 2 2 5 1 3261 3277 6125
1700 2 2 5 1 6578 3976 8047
1701 2 2 5 1 815 788 6132
1702 2 2 5 1 8352 5651 8370
1703 2 2 5 1 7432 1674 7632
1704 2 2 5 1 4064 5487 6947
1705 2 2 5 1 5487 5488 6947
1706 2 2 5 1 6043 3263 6125
1707 2 2 5 1 5556 5557 8439
1708 2 2 5 1 6676 671 7274
1709 2 2 5 1 5621 5062 7803
1710 2 2 5 1 5367 3491 6913
1711 2 2 5 1 2591 6778 8534
1712 2 2 5 1 2325 3870 5347
1713 2 2 5 1 5057 5626 7805
1714 2 2 5 1 1312 8121 8134
1715 2 2 5 1 1684 5344 5362
1716 2 2 5 1 7483 5038 8328
1717 2 2 5 1 2109 5416 5547
1718 2 2 5 1 2317 7823 7983
1719 2 2 5 1 5040 7446 8329
1720 2 2 5 1 6299 1570 6301
1721 2 2 5 1 5368 1465 7172
1722 2 2 5 1 3878 2322 5348
1723 2 2 5 1 8133 5493 8145
1724 2 2 5 1 6593 4059 8505
1725 2 2 5 1 4993 5410 8358
1726 2 2 5 1 4338 5026 8098
1727 2 2 5 1 2323 2325 5347
1728 2 2 5 1 4641 8301 8387
1729 2 2 5 1 4632 5443 5511
1730 2 2 5 1 2713 2791 8483
1731 2 2 5 1 456 2377 5418
1732 2 2 5 1 2174 5713 8096
1733 2 2 5 1 3175 395 5379
1734 2 2 5 1 3874 4537 8177
1735 2 2 5 1 2322 2320 5348
1736 2 2 5 1 389 5390 5391
1737 2 2 5 1 5398 149 5399
1738 2 2 5 1 5173 4302 8130
1739 2 2 5 1 8425 5556 8439
1740 2 2 5 1 5287 531 8048
1741 2 2 5 1 7115 4434 8577
1742 2 2 5 1 5917 3440 5918
1743 2 2 5 1 6297 5382 7837
1744 2 2 5 1 5631 535 6792
1745 2 2 5 1 4536 3872 8147
1746 2 2 5 1 3078 5608 7722
1747 2 2 5 1 5 510 511
1748 2 2 5 1 508 44 509
1749 2 2 5 1 3573 3576 5714
1750 2 2 5 1 4530 5933 8109
1751 2 2 5 1 5267 5269 6004
1752 2 2 5 1 5300 1652 8552
1753 2 2 5 1 2943 2328 5672
1754 2 2 5 1 1465 5368 5781
1755 2 2 5 1 5511 5383 7058
1756 2 2 5 1 7866 4230 7881
1757 2 2 5 1 4955 3923 6063
1758 2 2 5 1 1940 5280 7823
1759 2 2 5 1 5039 5524 8328
1760 2 2 5 1 5632 2590 8748
1761 2 2 5 1 5269 4272 5714
1762 2 2 5 1 5275 8471 8612
1763 2 2 5 1 2032 5403 5613
1764 2 2 5 1 5213 4467 5470
1765 2 2 5 1 6786 4970 7154
1766 2 2 5 1 781 5283 8035
1767 2 2 5 1 5200 5509 7992
1768 2 2 5 1 1684 973 5668
1769 2 2 5 1 5 458 510
1770 2 2 5 1 394 44 508
1771 2 2 5 1 5688 3641 7912
1772 2 2 5 1 5036 6555 8140
1773 2 2 5 1 1730 1819 5613
1774 2 2 5 1 4887 8391 8392
1775 2 2 5 1 6824 5285 8581
1776 2 2 5 1 7830 4958 8545
1777 2 2 5 1 201 5297 8156
1778 2 2 5 1 1283 388 5391
1779 2 2 5 1 150 1282 5399
1780 2 2 5 1 739 674 5496
1781 2 2 5 1 7926 1352 8011
1782 2 2 5 1 2089 5387 5388
1783 2 2 5 1 5395 2090 5396
1784 2 2 5 1 5381 739 5496
1785 2 2 5 1 8220 5292 8401
1786 2 2 5 1 5403 2032 7776
1787 2 2 5 1 6176 4412 8745
1788 2 2 5 1 6072 5193 6996
1789 2 2 5 1 715 8231 8319
1790 2 2 5 1 8056 4011 8596
1791 2 2 5 1 5418 2377 5419
1792 2 2 5 1 5356 5355 5357
1793 2 2 5 1 3805 7849 7873
1794 2 2 5 1 1725 5306 7890
1795 2 2 5 1 8205 6360 8243
1796 2 2 5 1 4109 4110 6147
1797 2 2 5 1 5434 5423 5510
1798 2 2 5 1 530 5374 6146
1799 2 2 5 1 5937 535 7442
1800 2 2 5 1 668 666 6301
1801 2 2 5 1 6002 5437 7164
1802 2 2 5 1 8003 2716 8064
1803 2 2 5 1 5146 5068 6202
1804 2 2 5 1 389 390 5390
1805 2 2 5 1 148 149 5398
1806 2 2 5 1 4459 5147 8034
1807 2 2 5 1 6846 8104 8106
1808 2 2 5 1 5387 4924 5393
1809 2 2 5 1 1565 7920 8285
1810 2 2 5 1 5407 1706 6547
1811 2 2 5 1 2220 2879 7484
1812 2 2 5 1 1868 5841 7927
1813 2 2 5 1 5085 8343 8354
1814 2 2 5 1 806 829 6679
1815 2 2 5 1 5327 498 5328
1816 2 2 5 1 8507 5184 8541
1817 2 2 5 1 5685 3826 7901
1818 2 2 5 1 4931 5732 7023
1819 2 2 5 1 3010 6616 6619
1820 2 2 5 1 6297 1570 6299
1821 2 2 5 1 535 5631 7442
1822 2 2 5 1 5401 5396 5402
1823 2 2 5 1 5395 5396 5401
1824 2 2 5 1 3641 5688 7924
1825 2 2 5 1 7784 3105 7996
1826 2 2 5 1 719 5361 5847
1827 2 2 5 1 5268 5467 7794
1828 2 2 5 1 5231 5771 5774
1829 2 2 5 1 8290 5405 8306
1830 2 2 5 1 6659 4977 7718
1831 2 2 5 1 4953 5085 8354
1832 2 2 5 1 7541 5908 7623
1833 2 2 5 1 5342 1684 5668
1834 2 2 5 1 7691 4982 8312
1835 2 2 5 1 3164 5412 8611
1836 2 2 5 1 4499 5291 8220
1837 2 2 5 1 2910 7433 7584
1838 2 2 5 1 6317 4561 8444
1839 2 2 5 1 675 677 6001
1840 2 2 5 1 1144 7619 8037
1841 2 2 5 1 2295 5271 8564
1842 2 2 5 1 4631 5373 5442
1843 2 2 5 1 5833 7399 7928
1844 2 2 5 1 7606 1143 8058
1845 2 2 5 1 3952 3953 5968
1846 2 2 5 1 975 1684 5362
1847 2 2 5 1 7435 2911 7592
1848 2 2 5 1 2492 5435 5437
1849 2 2 5 1 5370 5372 6554
1850 2 2 5 1 5491 5462 8807
1851 2 2 5 1 2089 391 5387
1852 2 2 5 1 147 2090 5395
1853 2 2 5 1 5535 5664 8101
1854 2 2 5 1 5705 4688 8350
1855 2 2 5 1 7919 5264 8765
1856 2 2 5 1 5399 1282 5400
1857 2 2 5 1 679 681 5761
1858 2 2 5 1 681 683 7069
1859 2 2 5 1 3826 5685 7905
1860 2 2 5 1 8410 6079 8420
1861 2 2 5 1 5223 5224 5225
1862 2 2 5 1 5761 681 7069
1863 2 2 5 1 3686 5955 7879
1864 2 2 5 1 3668 5769 8389
1865 2 2 5 1 5808 5707 7918
1866 2 2 5 1 1283 5391 5392
1867 2 2 5 1 1979 5565 5754
1868 2 2 5 1 1894 7524 7973
1869 2 2 5 1 5405 5404 8306
1870 2 2 5 1 2791 2696 7484
1871 2 2 5 1 674 672 5496
1872 2 2 5 1 4201 6714 8066
1873 2 2 5 1 4110 5172 6147
1874 2 2 5 1 4468 5215 5468
1875 2 2 5 1 5385 2850 7086
1876 2 2 5 1 2849 5386 7087
1877 2 2 5 1 5487 4064 7877
1878 2 2 5 1 6714 4201 8067
1879 2 2 5 1 2855 5579 8059
1880 2 2 5 1 6716 4764 8069
1881 2 2 5 1 5304 1912 8070
1882 2 2 5 1 5218 4470 5219
1883 2 2 5 1 739 5381 5441
1884 2 2 5 1 6710 4821 8605
1885 2 2 5 1 5512 2850 7581
1886 2 2 5 1 6099 2108 8326
1887 2 2 5 1 7595 2037 7989
1888 2 2 5 1 2461 7970 8798
1889 2 2 5 1 6775 480 8512
1890 2 2 5 1 5930 3445 7378
1891 2 2 5 1 1850 5549 8463
1892 2 2 5 1 6253 4296 8543
1893 2 2 5 1 5213 5471 8271
1894 2 2 5 1 1058 4294 6679
1895 2 2 5 1 6176 8745 8757
1896 2 2 5 1 5383 1796 5526
1897 2 2 5 1 6704 5314 8057
1898 2 2 5 1 6582 8044 8333
1899 2 2 5 1 5781 4682 7762
1900 2 2 5 1 5581 5582 8748
1901 2 2 5 1 8391 504 8392
1902 2 2 5 1 5375 2735 5533
1903 2 2 5 1 5242 5241 5243
1904 2 2 5 1 3856 2304 8770
1905 2 2 5 1 7274 1077 7894
1906 2 2 5 1 2349 6176 8757
1907 2 2 5 1 5951 4700 7847
1908 2 2 5 1 5182 8504 8536
1909 2 2 5 1 7327 4478 7584
1910 2 2 5 1 5805 5518 8385
1911 2 2 5 1 2735 5375 5716
1912 2 2 5 1 6985 5324 8261
1913 2 2 5 1 4894 7974 7999
1914 2 2 5 1 4484 7330 7592
1915 2 2 5 1 461 6055 7954
1916 2 2 5 1 6946 8273 8378
1917 2 2 5 1 6146 6954 8228
1918 2 2 5 1 2032 5932 7776
1919 2 2 5 1 6106 5245 8799
1920 2 2 5 1 5565 4835 5754
1921 2 2 5 1 5835 5720 7810
1922 2 2 5 1 5573 2596 8469
1923 2 2 5 1 5535 7892 7921
1924 2 2 5 1 3980 5133 5825
1925 2 2 5 1 5239 3982 5825
1926 2 2 5 1 4312 5258 8725
1927 2 2 5 1 6067 3856 8763
1928 2 2 5 1 8799 5245 8803
1929 2 2 5 1 4715 8426 8429
1930 2 2 5 1 1841 1840 6619
1931 2 2 5 1 2061 3010 6619
1932 2 2 5 1 5178 5180 5360
1933 2 2 5 1 5355 478 8839
1934 2 2 5 1 8061 7399 8105
1935 2 2 5 1 4688 5705 8360
1936 2 2 5 1 5451 7243 8795
1937 2 2 5 1 3724 5372 7011
1938 2 2 5 1 5287 8048 8321
1939 2 2 5 1 1570 6297 7837
1940 2 2 5 1 2913 3558 6631
1941 2 2 5 1 4767 2912 6631
1942 2 2 5 1 8123 5334 8200
1943 2 2 5 1 5150 5149 5151
1944 2 2 5 1 7942 737 7957
1945 2 2 5 1 8763 3856 8770
1946 2 2 5 1 4925 5395 5401
1947 2 2 5 1 5179 5181 7562
1948 2 2 5 1 5951 2693 5952
1949 2 2 5 1 5388 5387 5393
1950 2 2 5 1 2735 545 5534
1951 2 2 5 1 3445 5931 7309
1952 2 2 5 1 713 705 5847
1953 2 2 5 1 4260 7908 8160
1954 2 2 5 1 6057 2635 7791
1955 2 2 5 1 4059 6595 8849
1956 2 2 5 1 6632 3427 6972
1957 2 2 5 1 4766 4767 6632
1958 2 2 5 1 6675 1756 6676
1959 2 2 5 1 3511 4059 8132
1960 2 2 5 1 1756 669 6676
1961 2 2 5 1 5037 3744 8655
1962 2 2 5 1 5461 5856 5937
1963 2 2 5 1 1072 1111 7309
1964 2 2 5 1 5461 5937 7442
1965 2 2 5 1 2937 7660 7788
1966 2 2 5 1 5011 5012 8628
1967 2 2 5 1 5012 8625 8628
1968 2 2 5 1 7974 809 7999
1969 2 2 5 1 3794 6407 6953
1970 2 2 5 1 5332 4220 5333
1971 2 2 5 1 4632 5511 7058
1972 2 2 5 1 5766 6784 7816
1973 2 2 5 1 6617 6611 6618
1974 2 2 5 1 4051 6266 8509
1975 2 2 5 1 5530 1678 5531
1976 2 2 5 1 7970 4514 8255
1977 2 2 5 1 3107 5921 7906
1978 2 2 5 1 822 933 5767
1979 2 2 5 1 601 603 5863
1980 2 2 5 1 6115 6116 7745
1981 2 2 5 1 5346 4185 8443
1982 2 2 5 1 700 1703 8289
1983 2 2 5 1 509 44 4019
1984 2 2 5 1 5 511 4018
1985 2 2 5 1 5447 3469 5448
1986 2 2 5 1 3522 3037 5783
1987 2 2 5 1 5738 3955 8336
1988 2 2 5 1 4686 5438 7031
1989 2 2 5 1 3929 4387 8793
1990 2 2 5 1 2849 5519 7579
1991 2 2 5 1 1009 5362 7677
1992 2 2 5 1 5528 1678 5530
1993 2 2 5 1 1090 6024 8736
1994 2 2 5 1 3770 7859 8141
1995 2 2 5 1 1109 1070 7314
1996 2 2 5 1 1465 5781 7762
1997 2 2 5 1 4481 8000 8087
1998 2 2 5 1 8290 1359 8338
1999 2 2 5 1 7050 5796 7753
2000 2 2 5 1 2984 5677 8710
2001 2 2 5 1 6031 6032 8742
2002 2 2 5 1 6116 3731 7745
2003 2 2 5 1 5671 2933 5673
2004 2 2 5 1 5722 7677 7809
2005 2 2 5 1 7747 8555 8701
2006 2 2 5 1 6053 6055 7961
2007 2 2 5 1 5010 5254 8857
2008 2 2 5 1 1706 5407 6548
2009 2 2 5 1 2746 8343 8364
2010 2 2 5 1 1286 5282 8783
2011 2 2 5 1 5302 4182 8440
2012 2 2 5 1 5670 2933 5671
2013 2 2 5 1 676 739 5921
2014 2 2 5 1 3468 3989 8484
2015 2 2 5 1 5674 4782 7630
2016 2 2 5 1 3107 678 5921
2017 2 2 5 1 555 5564 8726
2018 2 2 5 1 5677 2984 8693
2019 2 2 5 1 3015 1730 5613
2020 2 2 5 1 5952 2693 7151
2021 2 2 5 1 1282 5270 8784
2022 2 2 5 1 5918 3440 7314
2023 2 2 5 1 5394 5393 5439
2024 2 2 5 1 3636 3301 6953
2025 2 2 5 1 5414 5415 8055
2026 2 2 5 1 5226 8646 8652
2027 2 2 5 1 8345 2464 8357
2028 2 2 5 1 3410 7541 7623
2029 2 2 5 1 686 688 7868
2030 2 2 5 1 3302 3794 6953
2031 2 2 5 1 5966 4436 7184
2032 2 2 5 1 1077 6002 7894
2033 2 2 5 1 388 389 5391
2034 2 2 5 1 149 150 5399
2035 2 2 5 1 7823 5280 7983
2036 2 2 5 1 1177 3445 7309
2037 2 2 5 1 5835 5650 7753
2038 2 2 5 1 2497 6706 6817
2039 2 2 5 1 2596 5573 8549
2040 2 2 5 1 4339 6002 7164
2041 2 2 5 1 5388 5393 5394
2042 2 2 5 1 4714 4715 8429
2043 2 2 5 1 3181 7184 7871
2044 2 2 5 1 2042 2255 5446
2045 2 2 5 1 6905 6347 8823
2046 2 2 5 1 6347 4731 8823
2047 2 2 5 1 4491 5473 5492
2048 2 2 5 1 3162 2042 5446
2049 2 2 5 1 8052 4495 8078
2050 2 2 5 1 526 541 6007
2051 2 2 5 1 4907 8061 8105
2052 2 2 5 1 8336 3955 8466
2053 2 2 5 1 5018 5226 8652
2054 2 2 5 1 484 6776 8498
2055 2 2 5 1 5378 5193 6072
2056 2 2 5 1 4842 8345 8357
2057 2 2 5 1 7826 6300 7846
2058 2 2 5 1 2056 3114 7994
2059 2 2 5 1 5218 5219 7983
2060 2 2 5 1 5254 5010 8400
2061 2 2 5 1 3440 5917 7321
2062 2 2 5 1 5966 5967 7268
2063 2 2 5 1 2232 7826 7846
2064 2 2 5 1 1819 2032 5613
2065 2 2 5 1 2328 2933 5672
2066 2 2 5 1 5370 5371 5372
2067 2 2 5 1 4335 5538 5539
2068 2 2 5 1 3440 1176 7314
2069 2 2 5 1 5273 5368 7855
2070 2 2 5 1 4366 5266 8188
2071 2 2 5 1 4218 5356 7747
2072 2 2 5 1 1469 5856 7223
2073 2 2 5 1 5276 4795 8334
2074 2 2 5 1 673 1077 7274
2075 2 2 5 1 4891 7432 7632
2076 2 2 5 1 5702 5701 8279
2077 2 2 5 1 5330 6944 8379
2078 2 2 5 1 1144 5340 7986
2079 2 2 5 1 5376 2635 7784
2080 2 2 5 1 392 4924 5387
2081 2 2 5 1 4925 146 5395
2082 2 2 5 1 1719 1546 5541
2083 2 2 5 1 5403 5309 5613
2084 2 2 5 1 4686 6084 7066
2085 2 2 5 1 7023 5732 8571
2086 2 2 5 1 1546 4334 5541
2087 2 2 5 1 6084 4680 7066
2088 2 2 5 1 6318 1674 7432
2089 2 2 5 1 6076 5527 7123
2090 2 2 5 1 8464 2756 8746
2091 2 2 5 1 5096 8794 8796
2092 2 2 5 1 392 393 4924
2093 2 2 5 1 145 146 4925
2094 2 2 5 1 8406 2251 8713
2095 2 2 5 1 7779 7193 8086
2096 2 2 5 1 5096 5095 8794
2097 2 2 5 1 7112 8297 8299
2098 2 2 5 1 5341 1143 7995
2099 2 2 5 1 7139 2672 8367
2100 2 2 5 1 578 1565 5691
2101 2 2 5 1 8055 5415 8075
2102 2 2 5 1 4131 5110 8521
2103 2 2 5 1 5856 5461 7223
2104 2 2 5 1 4379 5751 7773
2105 2 2 5 1 8202 5480 8215
2106 2 2 5 1 8335 1294 8341
2107 2 2 5 1 5527 4341 7123
2108 2 2 5 1 188 189 5828
2109 2 2 5 1 2323 5347 7619
2110 2 2 5 1 2706 6209 6210
2111 2 2 5 1 3795 5808 7918
2112 2 2 5 1 6012 8192 8201
2113 2 2 5 1 6989 5935 7896
2114 2 2 5 1 5348 2320 7606
2115 2 2 5 1 495 7308 8347
2116 2 2 5 1 4412 6176 8786
2117 2 2 5 1 1469 5452 5898
2118 2 2 5 1 4675 5383 5526
2119 2 2 5 1 8394 1042 8694
2120 2 2 5 1 6953 6407 6954
2121 2 2 5 1 6001 5437 6002
2122 2 2 5 1 6161 8210 8223
2123 2 2 5 1 6954 6407 8228
2124 2 2 5 1 2635 5376 7791
2125 2 2 5 1 7685 5495 8342
2126 2 2 5 1 5435 2492 5761
2127 2 2 5 1 2492 679 5761
2128 2 2 5 1 5846 5857 7641
2129 2 2 5 1 4800 8335 8341
2130 2 2 5 1 4651 8150 8218
2131 2 2 5 1 3953 5208 5968
2132 2 2 5 1 5650 5835 7810
2133 2 2 5 1 8210 4587 8223
2134 2 2 5 1 2052 2060 7947
2135 2 2 5 1 8082 3079 8111
2136 2 2 5 1 5047 8711 8716
2137 2 2 5 1 5928 5048 8845
2138 2 2 5 1 4752 8434 8482
2139 2 2 5 1 5098 8796 8798
2140 2 2 5 1 5098 5096 8796
2141 2 2 5 1 3955 5738 8348
2142 2 2 5 1 5616 3356 5617
2143 2 2 5 1 5238 2498 8774
2144 2 2 5 1 8279 5701 8282
2145 2 2 5 1 4436 5966 7268
2146 2 2 5 1 5206 6072 6996
2147 2 2 5 1 1963 2169 5803
2148 2 2 5 1 5438 4686 7066
2149 2 2 5 1 7739 4745 7759
2150 2 2 5 1 1077 675 6001
2151 2 2 5 1 5189 5955 7910
2152 2 2 5 1 5552 5244 5553
2153 2 2 5 1 4821 6710 7900
2154 2 2 5 1 4398 5112 5499
2155 2 2 5 1 5480 5479 8215
2156 2 2 5 1 2956 5377 5566
2157 2 2 5 1 3877 4607 5470
2158 2 2 5 1 677 2492 6001
2159 2 2 5 1 5955 5189 7879
2160 2 2 5 1 7570 5481 7590
2161 2 2 5 1 7282 496 8353
2162 2 2 5 1 5731 5930 7378
2163 2 2 5 1 2492 5437 6001
2164 2 2 5 1 5626 5057 8347
2165 2 2 5 1 5062 5621 8353
2166 2 2 5 1 457 456 5418
2167 2 2 5 1 7384 5047 8716
2168 2 2 5 1 5222 3952 5968
2169 2 2 5 1 1678 5528 7181
2170 2 2 5 1 5472 2937 6081
2171 2 2 5 1 6282 6280 7798
2172 2 2 5 1 2693 5951 7847
2173 2 2 5 1 1676 1558 7181
2174 2 2 5 1 4395 7739 7759
2175 2 2 5 1 8425 4772 8503
2176 2 2 5 1 8107 4268 8110
2177 2 2 5 1 5270 1282 8818
2178 2 2 5 1 1817 1672 7275
2179 2 2 5 1 6984 5274 8639
2180 2 2 5 1 4685 4686 7031
2181 2 2 5 1 4537 8125 8139
2182 2 2 5 1 5614 3356 5616
2183 2 2 5 1 2850 2204 7086
2184 2 2 5 1 2202 2849 7087
2185 2 2 5 1 5516 5806 7114
2186 2 2 5 1 2169 5501 5803
2187 2 2 5 1 5390 5389 7950
2188 2 2 5 1 5397 5398 7951
2189 2 2 5 1 4467 3877 5470
2190 2 2 5 1 5590 6076 7123
2191 2 2 5 1 4536 8118 8124
2192 2 2 5 1 6356 3990 8432
2193 2 2 5 1 2862 5483 7737
2194 2 2 5 1 1530 1525 6117
2195 2 2 5 1 5590 3324 6076
2196 2 2 5 1 5484 2861 7738
2197 2 2 5 1 4975 4977 8568
2198 2 2 5 1 4981 6778 8465
2199 2 2 5 1 683 686 7069
2200 2 2 5 1 6267 4051 8491
2201 2 2 5 1 2951 5619 6081
2202 2 2 5 1 6183 8089 8172
2203 2 2 5 1 5656 7050 7753
2204 2 2 5 1 6169 6597 7820
2205 2 2 5 1 5252 5088 8731
2206 2 2 5 1 5394 5439 5440
2207 2 2 5 1 5989 5990 7804
2208 2 2 5 1 4012 6717 8819
2209 2 2 5 1 4335 1544 5538
2210 2 2 5 1 7729 2973 7770
2211 2 2 5 1 5399 5400 7951
2212 2 2 5 1 7399 4874 7928
2213 2 2 5 1 4048 6334 7003
2214 2 2 5 1 2653 7570 7590
2215 2 2 5 1 5056 7281 8730
2216 2 2 5 1 5536 4723 7233
2217 2 2 5 1 7813 6169 7820
2218 2 2 5 1 7419 6192 8506
2219 2 2 5 1 8427 5823 8481
2220 2 2 5 1 5661 2180 8380
2221 2 2 5 1 1935 1741 5813
2222 2 2 5 1 3787 7539 7850
2223 2 2 5 1 797 822 5767
2224 2 2 5 1 7644 6200 7658
2225 2 2 5 1 5100 7115 8577
2226 2 2 5 1 5619 5472 6081
2227 2 2 5 1 5806 3458 7114
2228 2 2 5 1 8377 1275 8717
2229 2 2 5 1 5392 5391 7950
2230 2 2 5 1 3859 4202 5442
2231 2 2 5 1 2952 2223 5503
2232 2 2 5 1 5525 5611 8355
2233 2 2 5 1 5676 3809 6113
2234 2 2 5 1 4395 7759 7775
2235 2 2 5 1 4687 5765 5767
2236 2 2 5 1 5564 5562 7858
2237 2 2 5 1 5819 5816 5824
2238 2 2 5 1 3356 5614 6157
2239 2 2 5 1 580 578 5691
2240 2 2 5 1 2372 713 5847
2241 2 2 5 1 4185 5346 8724
2242 2 2 5 1 2939 3429 5764
2243 2 2 5 1 5490 4662 8267
2244 2 2 5 1 5251 5249 5266
2245 2 2 5 1 4712 7644 7658
2246 2 2 5 1 541 5801 6007
2247 2 2 5 1 744 7763 7897
2248 2 2 5 1 4675 5526 7181
2249 2 2 5 1 603 609 5863
2250 2 2 5 1 705 719 5847
2251 2 2 5 1 4054 5475 5759
2252 2 2 5 1 4366 3522 5783
2253 2 2 5 1 7660 5674 7788
2254 2 2 5 1 8245 1327 8250
2255 2 2 5 1 2651 5536 7233
2256 2 2 5 1 6334 4048 7061
2257 2 2 5 1 6088 8108 8143
2258 2 2 5 1 2581 2562 5532
2259 2 2 5 1 2720 2722 6349
2260 2 2 5 1 5401 5402 5608
2261 2 2 5 1 4580 5618 7902
2262 2 2 5 1 7283 5061 8733
2263 2 2 5 1 6505 3882 6506
2264 2 2 5 1 2689 5265 8608
2265 2 2 5 1 4989 8245 8250
2266 2 2 5 1 6785 6282 7143
2267 2 2 5 1 8241 343 8252
2268 2 2 5 1 5671 5674 7630
2269 2 2 5 1 6510 4067 7177
2270 2 2 5 1 6883 4048 7003
2271 2 2 5 1 933 4687 5767
2272 2 2 5 1 1524 6115 6117
2273 2 2 5 1 4293 6330 6785
2274 2 2 5 1 5136 4395 7775
2275 2 2 5 1 3298 8248 8258
2276 2 2 5 1 4961 5506 5946
2277 2 2 5 1 6331 6330 6884
2278 2 2 5 1 1520 1518 6069
2279 2 2 5 1 7436 3436 7782
2280 2 2 5 1 6331 6883 7003
2281 2 2 5 1 2910 5316 8162
2282 2 2 5 1 5672 7866 7881
2283 2 2 5 1 5219 7690 7983
2284 2 2 5 1 3037 3513 5783
2285 2 2 5 1 5452 1469 7223
2286 2 2 5 1 390 2089 5390
2287 2 2 5 1 2090 148 5398
2288 2 2 5 1 4519 7952 8117
2289 2 2 5 1 6506 3882 6507
2290 2 2 5 1 6883 6331 6884
2291 2 2 5 1 4687 5764 5765
2292 2 2 5 1 7620 3790 7854
2293 2 2 5 1 7948 4518 8114
2294 2 2 5 1 5888 6048 7706
2295 2 2 5 1 6867 4629 8583
2296 2 2 5 1 4293 6785 7143
2297 2 2 5 1 5340 1144 8037
2298 2 2 5 1 6330 4293 6884
2299 2 2 5 1 6116 7729 7770
2300 2 2 5 1 3677 3678 6529
2301 2 2 5 1 2937 5472 7660
2302 2 2 5 1 7677 5362 7809
2303 2 2 5 1 4214 6510 7177
2304 2 2 5 1 4830 7812 7819
2305 2 2 5 1 511 517 518
2306 2 2 5 1 515 509 516
2307 2 2 5 1 3458 5445 8002
2308 2 2 5 1 4099 5759 7609
2309 2 2 5 1 463 5310 8476
2310 2 2 5 1 5876 5878 7569
2311 2 2 5 1 2722 6065 6349
2312 2 2 5 1 3678 5544 6529
2313 2 2 5 1 330 5357 8839
2314 2 2 5 1 2869 5497 5498
2315 2 2 5 1 7562 4761 7767
2316 2 2 5 1 5245 1434 8803
2317 2 2 5 1 5717 4704 7618
2318 2 2 5 1 6157 5504 7574
2319 2 2 5 1 5317 2911 8173
2320 2 2 5 1 4928 6666 7797
2321 2 2 5 1 2862 5620 7803
2322 2 2 5 1 5499 5112 5500
2323 2 2 5 1 2343 601 5863
2324 2 2 5 1 5625 2861 7805
2325 2 2 5 1 1586 1584 7055
2326 2 2 5 1 5669 4961 5946
2327 2 2 5 1 7846 6300 7863
2328 2 2 5 1 8202 1152 8226
2329 2 2 5 1 4140 5558 6368
2330 2 2 5 1 5558 4066 6368
2331 2 2 5 1 2850 5385 7581
2332 2 2 5 1 5386 2849 7579
2333 2 2 5 1 6533 4171 7676
2334 2 2 5 1 6675 4036 7892
2335 2 2 5 1 1942 1892 5554
2336 2 2 5 1 7697 6565 7848
2337 2 2 5 1 4947 4946 8624
2338 2 2 5 1 4620 5477 5782
2339 2 2 5 1 2722 2724 6065
2340 2 2 5 1 4995 8241 8252
2341 2 2 5 1 1143 5341 8058
2342 2 2 5 1 4676 8410 8420
2343 2 2 5 1 5579 2855 8424
2344 2 2 5 1 2168 526 6007
2345 2 2 5 1 4111 5585 6100
2346 2 2 5 1 5417 5418 5434
2347 2 2 5 1 5425 5431 5510
2348 2 2 5 1 6300 6301 7863
2349 2 2 5 1 5486 3513 5797
2350 2 2 5 1 5274 6984 8787
2351 2 2 5 1 5614 5504 6157
2352 2 2 5 1 5057 5056 8730
2353 2 2 5 1 4628 5601 5602
2354 2 2 5 1 5078 5499 5500
2355 2 2 5 1 7986 5340 8148
2356 2 2 5 1 5532 2562 5982
2357 2 2 5 1 5905 5106 6500
2358 2 2 5 1 4684 5596 5829
2359 2 2 5 1 6200 3749 7626
2360 2 2 5 1 5109 5895 5922
2361 2 2 5 1 4177 6568 6851
2362 2 2 5 1 5106 5987 6500
2363 2 2 5 1 3962 5244 5552
2364 2 2 5 1 541 552 5801
2365 2 2 5 1 2861 2812 7738
2366 2 2 5 1 2836 2862 7737
2367 2 2 5 1 2309 5782 7235
2368 2 2 5 1 4666 5917 5918
2369 2 2 5 1 4662 5490 5730
2370 2 2 5 1 3138 5669 5946
2371 2 2 5 1 5416 5148 5547
2372 2 2 5 1 1834 1963 5803
2373 2 2 5 1 1452 397 5508
2374 2 2 5 1 5936 3186 7688
2375 2 2 5 1 5526 1676 7181
2376 2 2 5 1 5857 2667 7641
2377 2 2 5 1 5812 1935 5813
2378 2 2 5 1 6708 6710 8605
2379 2 2 5 1 5061 5062 8733
2380 2 2 5 1 6061 4695 7873
2381 2 2 5 1 5204 4475 5507
2382 2 2 5 1 2089 5388 5389
2383 2 2 5 1 5396 2090 5397
2384 2 2 5 1 5809 5810 6114
2385 2 2 5 1 5341 7995 8151
2386 2 2 5 1 5804 6144 7302
2387 2 2 5 1 7916 4012 8819
2388 2 2 5 1 1741 1556 5813
2389 2 2 5 1 2562 2563 5982
2390 2 2 5 1 595 592 5694
2391 2 2 5 1 3839 3112 5730
2392 2 2 5 1 4177 6020 6568
2393 2 2 5 1 5423 5424 5425
2394 2 2 5 1 1526 5809 6114
2395 2 2 5 1 1525 1524 6117
2396 2 2 5 1 4398 5499 5829
2397 2 2 5 1 5213 5470 5471
2398 2 2 5 1 4666 5916 5917
2399 2 2 5 1 3114 5550 7994
2400 2 2 5 1 5206 5384 6072
2401 2 2 5 1 6020 4177 6551
2402 2 2 5 1 5751 3363 7773
2403 2 2 5 1 5419 5421 5423
2404 2 2 5 1 7562 5181 7611
2405 2 2 5 1 8304 4904 8363
2406 2 2 5 1 609 5413 5863
2407 2 2 5 1 6360 7000 8789
2408 2 2 5 1 8214 7004 8237
2409 2 2 5 1 2275 2850 5512
2410 2 2 5 1 4475 5352 5507
2411 2 2 5 1 6224 7583 7842
2412 2 2 5 1 5729 4383 8149
2413 2 2 5 1 2233 5551 7593
2414 2 2 5 1 5728 1817 7275
2415 2 2 5 1 3438 5319 8332
2416 2 2 5 1 1544 1717 5538
2417 2 2 5 1 3965 4834 5542
2418 2 2 5 1 6288 7674 7681
2419 2 2 5 1 5598 795 5599
2420 2 2 5 1 5596 2779 5829
2421 2 2 5 1 5481 1943 7533
2422 2 2 5 1 3715 7616 7661
2423 2 2 5 1 779 188 5828
2424 2 2 5 1 4689 2789 7704
2425 2 2 5 1 2658 5831 5832
2426 2 2 5 1 5494 5429 5495
2427 2 2 5 1 4825 7741 7755
2428 2 2 5 1 5656 1685 7050
2429 2 2 5 1 189 2872 5828
2430 2 2 5 1 7674 1682 7681
2431 2 2 5 1 5442 4202 5443
2432 2 2 5 1 3939 5114 5827
2433 2 2 5 1 5605 4279 7141
2434 2 2 5 1 8247 4595 8257
2435 2 2 5 1 4209 5709 7401
2436 2 2 5 1 6575 4845 6766
2437 2 2 5 1 3872 5359 8147
2438 2 2 5 1 6590 8042 8113
2439 2 2 5 1 5991 4705 6993
2440 2 2 5 1 4730 8360 8551
2441 2 2 5 1 4504 5958 8300
2442 2 2 5 1 3429 4053 5764
2443 2 2 5 1 3535 4002 5658
2444 2 2 5 1 4845 3788 6766
2445 2 2 5 1 5208 7562 7611
2446 2 2 5 1 2658 5832 7421
2447 2 2 5 1 7477 5591 7533
2448 2 2 5 1 5279 1283 8802
2449 2 2 5 1 2201 1935 5812
2450 2 2 5 1 511 518 5969
2451 2 2 5 1 5417 457 5418
2452 2 2 5 1 5623 4007 5624
2453 2 2 5 1 5710 4696 6137
2454 2 2 5 1 5504 5503 7574
2455 2 2 5 1 6393 7654 7662
2456 2 2 5 1 6666 4797 7797
2457 2 2 5 1 4907 8105 8116
2458 2 2 5 1 5908 4335 7623
2459 2 2 5 1 3749 7601 7626
2460 2 2 5 1 155 2332 5555
2461 2 2 5 1 3441 7398 7518
2462 2 2 5 1 3294 5605 7141
2463 2 2 5 1 5109 5922 5923
2464 2 2 5 1 1351 1247 7321
2465 2 2 5 1 5501 2169 5709
2466 2 2 5 1 2952 5503 5504
2467 2 2 5 1 552 614 5801
2468 2 2 5 1 5528 4675 7181
2469 2 2 5 1 2999 6418 8276
2470 2 2 5 1 5639 5654 5814
2471 2 2 5 1 1796 1745 5526
2472 2 2 5 1 2434 2431 5617
2473 2 2 5 1 5409 5222 5968
2474 2 2 5 1 1524 6114 6115
2475 2 2 5 1 1678 1443 5531
2476 2 2 5 1 5425 5427 5431
2477 2 2 5 1 5769 3668 8788
2478 2 2 5 1 3581 8271 8457
2479 2 2 5 1 5555 2332 5557
2480 2 2 5 1 1160 2323 7619
2481 2 2 5 1 5658 4002 5659
2482 2 2 5 1 7219 8375 8454
2483 2 2 5 1 6533 4712 7658
2484 2 2 5 1 5774 5771 5775
2485 2 2 5 1 5376 7784 7996
2486 2 2 5 1 2320 1162 7606
2487 2 2 5 1 390 391 2089
2488 2 2 5 1 147 148 2090
2489 2 2 5 1 5797 2786 7156
2490 2 2 5 1 4171 6351 7906
2491 2 2 5 1 7654 2625 7662
2492 2 2 5 1 7086 2193 7647
2493 2 2 5 1 2191 7087 7646
2494 2 2 5 1 6141 6950 7353
2495 2 2 5 1 7741 2947 7755
2496 2 2 5 1 5420 2377 5898
2497 2 2 5 1 2581 7031 7687
2498 2 2 5 1 1745 1676 5526
2499 2 2 5 1 1580 5336 8450
2500 2 2 5 1 5382 5496 7837
2501 2 2 5 1 8616 5082 8619
2502 2 2 5 1 5897 1019 6212
2503 2 2 5 1 3174 4098 7877
2504 2 2 5 1 1892 1890 5554
2505 2 2 5 1 592 590 5694
2506 2 2 5 1 8376 6156 8446
2507 2 2 5 1 5474 1909 7101
2508 2 2 5 1 3029 6395 6396
2509 2 2 5 1 1877 2317 5537
2510 2 2 5 1 4603 5961 8268
2511 2 2 5 1 1443 1415 5531
2512 2 2 5 1 739 5441 5921
2513 2 2 5 1 6144 2229 7302
2514 2 2 5 1 8619 5083 8621
2515 2 2 5 1 384 795 5598
2516 2 2 5 1 4628 3815 5601
2517 2 2 5 1 6100 5585 7701
2518 2 2 5 1 5431 5427 5494
2519 2 2 5 1 2868 3450 6670
2520 2 2 5 1 5878 1816 7569
2521 2 2 5 1 5427 5429 5494
2522 2 2 5 1 5675 5676 6113
2523 2 2 5 1 5527 4745 7736
2524 2 2 5 1 2022 1992 6531
2525 2 2 5 1 1979 1814 7802
2526 2 2 5 1 5423 5421 5424
2527 2 2 5 1 5521 5522 5524
2528 2 2 5 1 5419 2377 5420
2529 2 2 5 1 5606 2022 6531
2530 2 2 5 1 2060 5612 7947
2531 2 2 5 1 5746 5883 7790
2532 2 2 5 1 5077 5506 8762
2533 2 2 5 1 4372 5897 6212
2534 2 2 5 1 2223 2869 5503
2535 2 2 5 1 2077 1817 5728
2536 2 2 5 1 3356 2434 5617
2537 2 2 5 1 5082 5083 8619
2538 2 2 5 1 5542 4834 5610
2539 2 2 5 1 1886 1719 5541
2540 2 2 5 1 5191 4643 8193
2541 2 2 5 1 3324 5590 7453
2542 2 2 5 1 2352 2354 5993
2543 2 2 5 1 622 997 5737
2544 2 2 5 1 5524 5522 5525
2545 2 2 5 1 396 395 3175
2546 2 2 5 1 2332 5600 8417
2547 2 2 5 1 5450 8464 8746
2548 2 2 5 1 5746 5882 5883
2549 2 2 5 1 3586 4007 5623
2550 2 2 5 1 1723 1577 7664
2551 2 2 5 1 6379 7625 7637
2552 2 2 5 1 6369 1547 7670
2553 2 2 5 1 4712 6533 7676
2554 2 2 5 1 5215 5214 7828
2555 2 2 5 1 582 580 5689
2556 2 2 5 1 5689 580 5691
2557 2 2 5 1 3882 6505 6670
2558 2 2 5 1 5358 3874 8177
2559 2 2 5 1 2332 156 5600
2560 2 2 5 1 5726 5854 7002
2561 2 2 5 1 7811 8489 8494
2562 2 2 5 1 2945 5726 7002
2563 2 2 5 1 1943 7477 7533
2564 2 2 5 1 4656 4658 6342
2565 2 2 5 1 7625 1681 7637
2566 2 2 5 1 5748 1586 7055
2567 2 2 5 1 1672 1647 7275
2568 2 2 5 1 5900 4824 7482
2569 2 2 5 1 5388 5394 7132
2570 2 2 5 1 2976 6993 7671
2571 2 2 5 1 5452 5420 5898
2572 2 2 5 1 1289 5960 5961
2573 2 2 5 1 5328 498 5329
2574 2 2 5 1 5513 5512 5514
2575 2 2 5 1 5567 2967 5568
2576 2 2 5 1 5731 5929 5930
2577 2 2 5 1 5733 4760 7319
2578 2 2 5 1 2164 2953 8224
2579 2 2 5 1 5106 4719 5987
2580 2 2 5 1 5083 7334 8621
2581 2 2 5 1 3183 5717 7618
2582 2 2 5 1 5648 5658 5659
2583 2 2 5 1 5425 5426 5427
2584 2 2 5 1 5515 5514 5517
2585 2 2 5 1 7132 3455 8093
2586 2 2 5 1 5591 2652 7377
2587 2 2 5 1 5515 5517 5518
2588 2 2 5 1 5551 4940 7593
2589 2 2 5 1 6751 5607 7639
2590 2 2 5 1 6963 4720 7680
2591 2 2 5 1 4189 5755 7393
2592 2 2 5 1 5497 2869 6670
2593 2 2 5 1 3749 6200 7644
2594 2 2 5 1 5756 4190 7391
2595 2 2 5 1 5737 997 5738
2596 2 2 5 1 1796 5511 7298
2597 2 2 5 1 2571 4833 5899
2598 2 2 5 1 5312 1384 8495
2599 2 2 5 1 2038 1897 5882
2600 2 2 5 1 5618 1833 7902
2601 2 2 5 1 6129 4145 6343
2602 2 2 5 1 5565 1979 7802
2603 2 2 5 1 4250 5831 7357
2604 2 2 5 1 3961 3962 3963
2605 2 2 5 1 5385 7086 7647
2606 2 2 5 1 7087 5386 7646
2607 2 2 5 1 5396 5397 5445
2608 2 2 5 1 5604 5712 8168
2609 2 2 5 1 2501 6686 7783
2610 2 2 5 1 1055 1009 7677
2611 2 2 5 1 5473 4487 5492
2612 2 2 5 1 5620 3918 5621
2613 2 2 5 1 396 3175 5508
2614 2 2 5 1 3917 5625 5626
2615 2 2 5 1 2417 5710 6137
2616 2 2 5 1 7601 5485 7626
2617 2 2 5 1 5681 5680 7355
2618 2 2 5 1 5885 5665 6353
2619 2 2 5 1 5826 5653 8158
2620 2 2 5 1 5519 5520 5521
2621 2 2 5 1 5515 5518 5805
2622 2 2 5 1 4229 5695 6532
2623 2 2 5 1 5589 2786 5972
2624 2 2 5 1 2075 1880 5708
2625 2 2 5 1 1289 363 5960
2626 2 2 5 1 3708 5983 6140
2627 2 2 5 1 5499 4684 5829
2628 2 2 5 1 5695 5855 6532
2629 2 2 5 1 5423 5425 5510
2630 2 2 5 1 1923 5910 6068
2631 2 2 5 1 2894 2275 5512
2632 2 2 5 1 5800 4904 8304
2633 2 2 5 1 4098 5754 7880
2634 2 2 5 1 7069 686 7868
2635 2 2 5 1 175 1872 5794
2636 2 2 5 1 4222 8152 8167
2637 2 2 5 1 4018 511 5969
2638 2 2 5 1 7184 4436 7871
2639 2 2 5 1 5809 1526 7628
2640 2 2 5 1 5608 5402 5609
2641 2 2 5 1 2571 5899 5900
2642 2 2 5 1 2386 2384 6035
2643 2 2 5 1 5402 5396 5445
2644 2 2 5 1 3965 3963 4834
2645 2 2 5 1 2034 7505 7575
2646 2 2 5 1 3079 2720 6349
2647 2 2 5 1 5665 4225 6353
2648 2 2 5 1 5511 5443 7298
2649 2 2 5 1 4703 7055 7056
2650 2 2 5 1 3643 4647 6507
2651 2 2 5 1 5513 5514 5515
2652 2 2 5 1 5681 7355 7523
2653 2 2 5 1 1584 2041 7055
2654 2 2 5 1 3280 5733 7319
2655 2 2 5 1 5532 4685 7031
2656 2 2 5 1 2839 5703 7468
2657 2 2 5 1 5637 5639 5814
2658 2 2 5 1 1952 2312 5720
2659 2 2 5 1 2162 5766 7816
2660 2 2 5 1 5983 4813 6140
2661 2 2 5 1 1890 2316 5554
2662 2 2 5 1 5706 2815 7469
2663 2 2 5 1 5910 4702 6068
2664 2 2 5 1 2973 5485 7601
2665 2 2 5 1 5782 5477 7235
2666 2 2 5 1 8214 5020 8216
2667 2 2 5 1 2232 6597 7826
2668 2 2 5 1 2867 5839 5840
2669 2 2 5 1 5657 5699 5700
2670 2 2 5 1 5490 3839 5730
2671 2 2 5 1 1959 2224 5932
2672 2 2 5 1 7636 757 7758
2673 2 2 5 1 3149 3918 5620
2674 2 2 5 1 3182 5719 5835
2675 2 2 5 1 3917 3146 5625
2676 2 2 5 1 5521 5520 5522
2677 2 2 5 1 391 392 5387
2678 2 2 5 1 146 147 5395
2679 2 2 5 1 5486 5797 7156
2680 2 2 5 1 3959 3960 3961
2681 2 2 5 1 1249 1353 7378
2682 2 2 5 1 1652 5300 8516
2683 2 2 5 1 7714 5077 8762
2684 2 2 5 1 2563 2568 5982
2685 2 2 5 1 6844 7517 7679
2686 2 2 5 1 5643 5697 5699
2687 2 2 5 1 1526 1520 6069
2688 2 2 5 1 4335 5539 7623
2689 2 2 5 1 3135 5471 8190
2690 2 2 5 1 5976 4895 8231
2691 2 2 5 1 5694 5693 7218
2692 2 2 5 1 6098 5725 7495
2693 2 2 5 1 5916 5727 5917
2694 2 2 5 1 3029 6394 6395
2695 2 2 5 1 3882 3643 6507
2696 2 2 5 1 1588 1586 5748
2697 2 2 5 1 3318 3324 7453
2698 2 2 5 1 5917 5727 7321
2699 2 2 5 1 944 4122 5711
2700 2 2 5 1 1756 6675 7892
2701 2 2 5 1 5731 2631 5929
2702 2 2 5 1 7736 4745 7739
2703 2 2 5 1 796 5555 5556
2704 2 2 5 1 5723 2939 5764
2705 2 2 5 1 6597 2232 7820
2706 2 2 5 1 5548 4830 7819
2707 2 2 5 1 4782 5674 7660
2708 2 2 5 1 380 504 5667
2709 2 2 5 1 3815 3118 5601
2710 2 2 5 1 7107 6122 7438
2711 2 2 5 1 1518 6068 6069
2712 2 2 5 1 382 2784 5633
2713 2 2 5 1 5843 5844 5845
2714 2 2 5 1 4830 7800 7812
2715 2 2 5 1 5912 1923 5913
2716 2 2 5 1 7722 5608 8542
2717 2 2 5 1 5851 4928 7368
2718 2 2 5 1 2275 2204 2850
2719 2 2 5 1 2202 2273 2849
2720 2 2 5 1 1247 3440 7321
2721 2 2 5 1 4970 6786 8632
2722 2 2 5 1 5519 2893 5520
2723 2 2 5 1 7976 8392 8426
2724 2 2 5 1 1943 5481 7570
2725 2 2 5 1 2568 2570 7444
2726 2 2 5 1 4687 936 5723
2727 2 2 5 1 5873 4235 7313
2728 2 2 5 1 2329 5718 5729
2729 2 2 5 1 6796 4923 8448
2730 2 2 5 1 5819 5824 6911
2731 2 2 5 1 8477 2221 8479
2732 2 2 5 1 2779 5596 5830
2733 2 2 5 1 7877 4098 7880
2734 2 2 5 1 7161 8182 8217
2735 2 2 5 1 2786 5589 7156
2736 2 2 5 1 5755 3028 7393
2737 2 2 5 1 6575 2449 7731
2738 2 2 5 1 5020 5762 8216
2739 2 2 5 1 1889 1888 1890
2740 2 2 5 1 1877 1878 1879
2741 2 2 5 1 4072 3677 6529
2742 2 2 5 1 3025 5756 7391
2743 2 2 5 1 2273 2893 5519
2744 2 2 5 1 5759 5475 7609
2745 2 2 5 1 3959 5587 5588
2746 2 2 5 1 5586 3939 5827
2747 2 2 5 1 5910 1923 5912
2748 2 2 5 1 1875 1877 5537
2749 2 2 5 1 1530 6117 7173
2750 2 2 5 1 3112 3113 5730
2751 2 2 5 1 2869 5498 5503
2752 2 2 5 1 1915 7298 7559
2753 2 2 5 1 4949 8003 8064
2754 2 2 5 1 6010 6011 6012
2755 2 2 5 1 1558 1678 7181
2756 2 2 5 1 1941 1942 2193
2757 2 2 5 1 1940 1939 2191
2758 2 2 5 1 5111 5300 8552
2759 2 2 5 1 5851 3275 7241
2760 2 2 5 1 5709 2169 7401
2761 2 2 5 1 5544 3678 6568
2762 2 2 5 1 2032 1959 5932
2763 2 2 5 1 5150 5151 5152
2764 2 2 5 1 4382 789 5715
2765 2 2 5 1 5854 6131 7002
2766 2 2 5 1 3926 4692 5678
2767 2 2 5 1 2748 5741 6903
2768 2 2 5 1 5225 5224 5891
2769 2 2 5 1 4719 4718 5987
2770 2 2 5 1 5219 4470 7315
2771 2 2 5 1 4723 6510 7233
2772 2 2 5 1 5699 5697 5700
2773 2 2 5 1 787 4383 5718
2774 2 2 5 1 5558 4140 6369
2775 2 2 5 1 4698 5586 5827
2776 2 2 5 1 3195 6080 7093
2777 2 2 5 1 4705 5991 7346
2778 2 2 5 1 1891 1890 1892
2779 2 2 5 1 1879 1881 1882
2780 2 2 5 1 1693 6378 7597
2781 2 2 5 1 387 388 1283
2782 2 2 5 1 150 151 1282
2783 2 2 5 1 1893 1892 1941
2784 2 2 5 1 1882 1883 1939
2785 2 2 5 1 4065 2105 5722
2786 2 2 5 1 5539 5537 7690
2787 2 2 5 1 4532 5851 7241
2788 2 2 5 1 4409 7821 7836
2789 2 2 5 1 5816 5815 5824
2790 2 2 5 1 2724 2745 6065
2791 2 2 5 1 5767 5765 7815
2792 2 2 5 1 2581 5532 7031
2793 2 2 5 1 5637 3607 5639
2794 2 2 5 1 590 5692 5694
2795 2 2 5 1 5831 2658 7357
2796 2 2 5 1 2894 5512 5513
2797 2 2 5 1 5419 5420 5421
2798 2 2 5 1 6048 4286 7706
2799 2 2 5 1 5724 2443 6177
2800 2 2 5 1 6080 6078 7093
2801 2 2 5 1 3987 3965 5542
2802 2 2 5 1 2443 1986 6177
2803 2 2 5 1 4733 5695 7395
2804 2 2 5 1 5425 5424 5426
2805 2 2 5 1 2326 5682 5683
2806 2 2 5 1 3091 2077 5728
2807 2 2 5 1 5414 4863 8000
2808 2 2 5 1 5445 5397 8002
2809 2 2 5 1 3838 4935 5815
2810 2 2 5 1 2815 2808 7469
2811 2 2 5 1 2832 2839 7468
2812 2 2 5 1 5319 3438 8349
2813 2 2 5 1 5704 2327 5705
2814 2 2 5 1 5669 3138 6402
2815 2 2 5 1 2001 6020 6551
2816 2 2 5 1 5585 4111 6137
2817 2 2 5 1 6568 3678 6851
2818 2 2 5 1 3961 3960 3962
2819 2 2 5 1 2193 2194 2335
2820 2 2 5 1 2192 2191 2333
2821 2 2 5 1 5368 5070 5781
2822 2 2 5 1 4148 5190 6133
2823 2 2 5 1 3182 1536 5719
2824 2 2 5 1 5272 2886 8679
2825 2 2 5 1 7698 2705 7728
2826 2 2 5 1 5753 1979 5754
2827 2 2 5 1 3917 5627 5628
2828 2 2 5 1 4067 6368 7177
2829 2 2 5 1 2685 2075 5708
2830 2 2 5 1 1893 1941 2204
2831 2 2 5 1 1939 1883 2202
2832 2 2 5 1 5586 4698 6129
2833 2 2 5 1 4369 5936 7688
2834 2 2 5 1 1526 6069 7628
2835 2 2 5 1 6379 6378 7617
2836 2 2 5 1 2326 586 5682
2837 2 2 5 1 5854 3213 6131
2838 2 2 5 1 2335 2336 2847
2839 2 2 5 1 2334 2333 2846
2840 2 2 5 1 3964 3963 3965
2841 2 2 5 1 1156 6018 7237
2842 2 2 5 1 2942 2943 5977
2843 2 2 5 1 2933 2253 5673
2844 2 2 5 1 590 588 5692
2845 2 2 5 1 2571 5900 7482
2846 2 2 5 1 4704 4085 5760
2847 2 2 5 1 7398 4375 7518
2848 2 2 5 1 5768 4683 5769
2849 2 2 5 1 1890 1888 2316
2850 2 2 5 1 1877 1879 2317
2851 2 2 5 1 5696 5649 5698
2852 2 2 5 1 5636 4721 5992
2853 2 2 5 1 4696 5585 6137
2854 2 2 5 1 1897 2771 5882
2855 2 2 5 1 5924 2819 5925
2856 2 2 5 1 1891 1892 1893
2857 2 2 5 1 1882 1881 1883
2858 2 2 5 1 3151 2847 3589
2859 2 2 5 1 2846 3150 3588
2860 2 2 5 1 6026 3213 7116
2861 2 2 5 1 626 2327 5704
2862 2 2 5 1 2253 2249 5673
2863 2 2 5 1 7210 5914 7361
2864 2 2 5 1 2965 3535 5658
2865 2 2 5 1 5536 2651 7290
2866 2 2 5 1 5983 6141 7353
2867 2 2 5 1 3961 3964 5587
2868 2 2 5 1 5793 174 5794
2869 2 2 5 1 5407 4556 6548
2870 2 2 5 1 4716 4717 5923
2871 2 2 5 1 7505 5763 7575
2872 2 2 5 1 6379 7617 7625
2873 2 2 5 1 5592 2745 6342
2874 2 2 5 1 4727 6346 7409
2875 2 2 5 1 2354 2360 5993
2876 2 2 5 1 2035 7485 7504
2877 2 2 5 1 1174 1128 5680
2878 2 2 5 1 2933 5670 5672
2879 2 2 5 1 5597 2001 6118
2880 2 2 5 1 5707 2685 5708
2881 2 2 5 1 2940 5759 5920
2882 2 2 5 1 1767 5843 5845
2883 2 2 5 1 1942 5554 7599
2884 2 2 5 1 4248 5591 7377
2885 2 2 5 1 4901 3543 5749
2886 2 2 5 1 796 154 5555
2887 2 2 5 1 5848 1723 7664
2888 2 2 5 1 4556 5345 6548
2889 2 2 5 1 2001 5597 6020
2890 2 2 5 1 3540 4898 5750
2891 2 2 5 1 1779 2631 5731
2892 2 2 5 1 3109 3838 5815
2893 2 2 5 1 5619 2951 7663
2894 2 2 5 1 3445 1249 7378
2895 2 2 5 1 2744 5873 7313
2896 2 2 5 1 1889 1890 1891
2897 2 2 5 1 1879 1878 1881
2898 2 2 5 1 2491 5284 8627
2899 2 2 5 1 5879 5001 8586
2900 2 2 5 1 4682 5813 7762
2901 2 2 5 1 524 516 2109
2902 2 2 5 1 2963 3607 5637
2903 2 2 5 1 170 4950 5964
2904 2 2 5 1 3117 3816 5811
2905 2 2 5 1 5644 5643 5699
2906 2 2 5 1 2943 5630 5977
2907 2 2 5 1 5718 4383 5729
2908 2 2 5 1 2234 3407 5675
2909 2 2 5 1 3926 3589 4692
2910 2 2 5 1 1910 1979 5753
2911 2 2 5 1 3588 3925 4691
2912 2 2 5 1 5533 2735 5534
2913 2 2 5 1 1887 1886 1888
2914 2 2 5 1 3040 2201 5812
2915 2 2 5 1 1875 1876 1877
2916 2 2 5 1 4001 4932 5663
2917 2 2 5 1 1950 1952 5720
2918 2 2 5 1 3409 5584 5595
2919 2 2 5 1 7462 2962 7511
2920 2 2 5 1 5427 5428 5429
2921 2 2 5 1 5070 4055 5781
2922 2 2 5 1 45 528 5716
2923 2 2 5 1 1564 5736 5798
2924 2 2 5 1 1694 6374 7538
2925 2 2 5 1 704 2501 7783
2926 2 2 5 1 6368 4066 7177
2927 2 2 5 1 4950 5790 5795
2928 2 2 5 1 7143 6282 7798
2929 2 2 5 1 1767 1646 5843
2930 2 2 5 1 1006 944 5711
2931 2 2 5 1 4597 4599 7669
2932 2 2 5 1 4969 6054 6126
2933 2 2 5 1 2193 1942 2194
2934 2 2 5 1 1940 2191 2192
2935 2 2 5 1 5790 5791 5795
2936 2 2 5 1 8288 1299 8293
2937 2 2 5 1 4092 4711 5778
2938 2 2 5 1 4005 5628 5629
2939 2 2 5 1 6510 4214 7233
2940 2 2 5 1 6118 3709 6121
2941 2 2 5 1 5867 1452 5868
2942 2 2 5 1 1557 1742 6394
2943 2 2 5 1 936 1243 5723
2944 2 2 5 1 3925 4851 5679
2945 2 2 5 1 4666 3687 5916
2946 2 2 5 1 5372 5371 5406
2947 2 2 5 1 2745 5592 6065
2948 2 2 5 1 528 2735 5716
2949 2 2 5 1 2234 5675 6113
2950 2 2 5 1 5032 5033 8684
2951 2 2 5 1 2022 5606 6098
2952 2 2 5 1 3210 6047 7205
2953 2 2 5 1 3691 4669 5929
2954 2 2 5 1 2309 2987 5782
2955 2 2 5 1 8104 2043 8106
2956 2 2 5 1 5665 4725 7323
2957 2 2 5 1 1941 1892 1942
2958 2 2 5 1 1882 1939 1940
2959 2 2 5 1 1750 1588 5748
2960 2 2 5 1 2625 6288 7662
2961 2 2 5 1 2889 5727 5916
2962 2 2 5 1 5785 3180 5786
2963 2 2 5 1 5641 5649 5696
2964 2 2 5 1 1992 1994 6531
2965 2 2 5 1 2790 161 5752
2966 2 2 5 1 4853 3926 5678
2967 2 2 5 1 4718 5986 5987
2968 2 2 5 1 6700 7005 8455
2969 2 2 5 1 5965 5966 7184
2970 2 2 5 1 5686 998 5687
2971 2 2 5 1 6375 6374 7552
2972 2 2 5 1 5741 2748 6339
2973 2 2 5 1 2392 2386 6035
2974 2 2 5 1 2988 3602 6982
2975 2 2 5 1 897 4082 6574
2976 2 2 5 1 3417 4270 5763
2977 2 2 5 1 2335 2194 2336
2978 2 2 5 1 2192 2333 2334
2979 2 2 5 1 3712 7521 7571
2980 2 2 5 1 3450 3882 6670
2981 2 2 5 1 2757 6346 6347
2982 2 2 5 1 789 816 5715
2983 2 2 5 1 6000 5999 7389
2984 2 2 5 1 3179 3180 5785
2985 2 2 5 1 3783 5680 5681
2986 2 2 5 1 814 787 5718
2987 2 2 5 1 5531 1415 7312
2988 2 2 5 1 2867 2088 5839
2989 2 2 5 1 454 1469 5898
2990 2 2 5 1 3213 5854 7116
2991 2 2 5 1 2633 5666 6129
2992 2 2 5 1 5538 5537 5539
2993 2 2 5 1 3151 3589 3926
2994 2 2 5 1 3588 3150 3925
2995 2 2 5 1 5922 3545 5923
2996 2 2 5 1 3959 3961 5587
2997 2 2 5 1 7485 5997 7504
2998 2 2 5 1 2749 3117 5811
2999 2 2 5 1 2204 1941 7086
3000 2 2 5 1 1939 2202 7087
3001 2 2 5 1 5368 7172 7855
3002 2 2 5 1 3420 3959 5588
3003 2 2 5 1 2869 2868 6670
3004 2 2 5 1 5597 6118 6121
3005 2 2 5 1 5603 4635 5713
3006 2 2 5 1 3029 6396 6397
3007 2 2 5 1 4658 5592 6342
3008 2 2 5 1 2757 6347 6348
3009 2 2 5 1 3687 2891 5916
3010 2 2 5 1 1681 6393 7637
3011 2 2 5 1 4381 7071 7072
3012 2 2 5 1 7567 1693 7597
3013 2 2 5 1 384 385 795
3014 2 2 5 1 153 154 796
3015 2 2 5 1 2943 5672 7881
3016 2 2 5 1 4856 7436 7782
3017 2 2 5 1 518 526 2168
3018 2 2 5 1 2819 2821 5925
3019 2 2 5 1 1697 6372 7494
3020 2 2 5 1 1472 876 5779
3021 2 2 5 1 2818 2819 5924
3022 2 2 5 1 888 1473 5780
3023 2 2 5 1 4906 4907 8116
3024 2 2 5 1 620 622 5737
3025 2 2 5 1 2655 3691 5929
3026 2 2 5 1 4698 4145 6129
3027 2 2 5 1 8192 4585 8201
3028 2 2 5 1 2335 2847 3151
3029 2 2 5 1 2846 2333 3150
3030 2 2 5 1 5760 2352 5993
3031 2 2 5 1 6484 6429 6596
3032 2 2 5 1 2797 2795 6214
3033 2 2 5 1 4668 3839 4948
3034 2 2 5 1 4717 5109 5923
3035 2 2 5 1 5274 5273 5275
3036 2 2 5 1 3420 3958 3959
3037 2 2 5 1 3838 4665 4934
3038 2 2 5 1 7051 2023 7530
3039 2 2 5 1 3961 3963 3964
3040 2 2 5 1 3016 6062 6162
3041 2 2 5 1 6375 7552 7567
3042 2 2 5 1 5700 5697 5701
3043 2 2 5 1 4687 5723 5764
3044 2 2 5 1 5249 2845 8433
3045 2 2 5 1 3029 1557 6394
3046 2 2 5 1 7539 4435 7850
3047 2 2 5 1 4278 6231 7328
3048 2 2 5 1 2156 1174 5680
3049 2 2 5 1 3691 3112 3839
3050 2 2 5 1 3109 3687 3838
3051 2 2 5 1 6080 3195 7094
3052 2 2 5 1 1887 1888 1889
3053 2 2 5 1 1877 1876 1878
3054 2 2 5 1 4279 4278 7141
3055 2 2 5 1 6351 5862 7390
3056 2 2 5 1 4634 5343 5713
3057 2 2 5 1 616 1564 5798
3058 2 2 5 1 743 753 6187
3059 2 2 5 1 5721 4861 6047
3060 2 2 5 1 2267 2038 5882
3061 2 2 5 1 157 505 5600
3062 2 2 5 1 164 4683 5768
3063 2 2 5 1 4721 5636 6083
3064 2 2 5 1 5990 7266 7804
3065 2 2 5 1 2368 374 5770
3066 2 2 5 1 5815 4935 5824
3067 2 2 5 1 8684 5033 8688
3068 2 2 5 1 1283 5279 8835
3069 2 2 5 1 828 805 7331
3070 2 2 5 1 2784 383 5598
3071 2 2 5 1 5742 2267 5746
3072 2 2 5 1 2105 1448 5722
3073 2 2 5 1 5766 4053 6784
3074 2 2 5 1 398 1452 5867
3075 2 2 5 1 4920 8180 8199
3076 2 2 5 1 5666 2633 7051
3077 2 2 5 1 5272 5070 5273
3078 2 2 5 1 3415 5763 7588
3079 2 2 5 1 4691 3925 5679
3080 2 2 5 1 3214 568 5906
3081 2 2 5 1 7031 5438 7687
3082 2 2 5 1 6121 6122 7107
3083 2 2 5 1 3543 3542 5749
3084 2 2 5 1 5798 5736 5799
3085 2 2 5 1 6036 2148 7192
3086 2 2 5 1 4934 4665 5305
3087 2 2 5 1 7517 3446 7679
3088 2 2 5 1 518 525 526
3089 2 2 5 1 523 516 524
3090 2 2 5 1 4692 5182 5183
3091 2 2 5 1 5179 7562 7767
3092 2 2 5 1 5184 4691 5185
3093 2 2 5 1 2416 2990 7563
3094 2 2 5 1 5780 1473 8109
3095 2 2 5 1 5621 3918 5622
3096 2 2 5 1 3838 3687 4665
3097 2 2 5 1 5604 8168 8196
3098 2 2 5 1 5299 5950 6236
3099 2 2 5 1 3917 5626 5627
3100 2 2 5 1 3539 3540 5750
3101 2 2 5 1 6010 6008 6011
3102 2 2 5 1 2088 2298 5839
3103 2 2 5 1 4537 3873 4917
3104 2 2 5 1 3871 4536 4916
3105 2 2 5 1 6540 8247 8257
3106 2 2 5 1 6288 2625 7674
3107 2 2 5 1 5982 2568 7444
3108 2 2 5 1 4668 4948 5308
3109 2 2 5 1 3691 3839 4668
3110 2 2 5 1 2940 4054 5759
3111 2 2 5 1 8187 3081 8274
3112 2 2 5 1 1717 1875 5538
3113 2 2 5 1 5682 998 5686
3114 2 2 5 1 4005 3582 5628
3115 2 2 5 1 4172 6179 6239
3116 2 2 5 1 2789 6203 7704
3117 2 2 5 1 4825 5899 7732
3118 2 2 5 1 5617 2431 7396
3119 2 2 5 1 5427 5426 5428
3120 2 2 5 1 2849 2273 5519
3121 2 2 5 1 5069 4055 5070
3122 2 2 5 1 399 5867 5869
3123 2 2 5 1 4053 3808 6784
3124 2 2 5 1 6507 4647 6508
3125 2 2 5 1 5764 4053 5765
3126 2 2 5 1 395 394 5379
3127 2 2 5 1 3959 3958 3960
3128 2 2 5 1 3835 2988 6982
3129 2 2 5 1 568 566 5906
3130 2 2 5 1 2687 2685 5707
3131 2 2 5 1 1295 6484 6596
3132 2 2 5 1 5760 4085 5859
3133 2 2 5 1 5957 501 5958
3134 2 2 5 1 370 492 5787
3135 2 2 5 1 5757 3214 5906
3136 2 2 5 1 173 174 5793
3137 2 2 5 1 4013 3899 4055
3138 2 2 5 1 1419 1506 7228
3139 2 2 5 1 5720 2312 7810
3140 2 2 5 1 5558 6369 7670
3141 2 2 5 1 4950 171 5790
3142 2 2 5 1 7522 1694 7538
3143 2 2 5 1 5223 5225 7509
3144 2 2 5 1 2200 1666 5727
3145 2 2 5 1 5272 5273 5274
3146 2 2 5 1 6371 6372 7512
3147 2 2 5 1 220 221 6633
3148 2 2 5 1 5349 460 8211
3149 2 2 5 1 3109 2891 3687
3150 2 2 5 1 4716 5923 5924
3151 2 2 5 1 5950 6215 6236
3152 2 2 5 1 4143 4701 7582
3153 2 2 5 1 4495 2687 5707
3154 2 2 5 1 3934 4660 4662
3155 2 2 5 1 2889 2200 5727
3156 2 2 5 1 5063 5032 8677
3157 2 2 5 1 363 364 5960
3158 2 2 5 1 6505 5497 6670
3159 2 2 5 1 6114 5810 6115
3160 2 2 5 1 2158 2156 3783
3161 2 2 5 1 4082 880 5833
3162 2 2 5 1 174 175 5794
3163 2 2 5 1 219 220 7195
3164 2 2 5 1 5741 4656 6342
3165 2 2 5 1 2633 6129 6343
3166 2 2 5 1 5605 3294 7208
3167 2 2 5 1 892 4083 5834
3168 2 2 5 1 5747 4729 6077
3169 2 2 5 1 2655 3112 3691
3170 2 2 5 1 4756 8288 8293
3171 2 2 5 1 6032 6066 6067
3172 2 2 5 1 155 156 2332
3173 2 2 5 1 3731 6116 7770
3174 2 2 5 1 5556 5555 5557
3175 2 2 5 1 5710 2417 6036
3176 2 2 5 1 5846 4095 5857
3177 2 2 5 1 992 1013 5973
3178 2 2 5 1 1011 990 5974
3179 2 2 5 1 3570 4520 5985
3180 2 2 5 1 5659 5660 5661
3181 2 2 5 1 740 684 6680
3182 2 2 5 1 3392 4824 6975
3183 2 2 5 1 4118 5975 6390
3184 2 2 5 1 5589 5972 7099
3185 2 2 5 1 1888 1886 5540
3186 2 2 5 1 3783 2156 5680
3187 2 2 5 1 6393 1681 7654
3188 2 2 5 1 504 381 5633
3189 2 2 5 1 2554 2552 6801
3190 2 2 5 1 3902 3903 4677
3191 2 2 5 1 6117 6115 7745
3192 2 2 5 1 2384 5778 6035
3193 2 2 5 1 1246 1340 5908
3194 2 2 5 1 5996 3326 6171
3195 2 2 5 1 2951 6086 7663
3196 2 2 5 1 1376 1441 6397
3197 2 2 5 1 7709 5530 7730
3198 2 2 5 1 4230 5234 7881
3199 2 2 5 1 6047 4861 7205
3200 2 2 5 1 5069 5070 5272
3201 2 2 5 1 4677 4962 5306
3202 2 2 5 1 6371 7512 7522
3203 2 2 5 1 3808 3901 3902
3204 2 2 5 1 373 2368 5926
3205 2 2 5 1 7394 3477 7672
3206 2 2 5 1 2443 5724 6178
3207 2 2 5 1 1298 6629 6633
3208 2 2 5 1 6018 5171 7237
3209 2 2 5 1 1591 1740 7071
3210 2 2 5 1 1056 1059 5796
3211 2 2 5 1 4559 5121 5865
3212 2 2 5 1 2890 2889 2891
3213 2 2 5 1 2067 1910 5753
3214 2 2 5 1 5950 5299 7291
3215 2 2 5 1 2631 2654 2655
3216 2 2 5 1 5765 4053 5766
3217 2 2 5 1 5912 5914 7210
3218 2 2 5 1 6390 5975 6816
3219 2 2 5 1 3898 3040 3899
3220 2 2 5 1 4701 5726 7537
3221 2 2 5 1 5876 4052 5877
3222 2 2 5 1 2964 2963 5637
3223 2 2 5 1 3214 5757 5802
3224 2 2 5 1 5602 5603 5604
3225 2 2 5 1 6189 6190 7240
3226 2 2 5 1 2964 5640 6023
3227 2 2 5 1 1506 5887 7228
3228 2 2 5 1 3429 3807 3808
3229 2 2 5 1 5140 7942 7957
3230 2 2 5 1 3117 3118 3815
3231 2 2 5 1 1000 1019 7693
3232 2 2 5 1 4612 4700 5951
3233 2 2 5 1 4083 896 6646
3234 2 2 5 1 2655 2792 3112
3235 2 2 5 1 2267 5742 5886
3236 2 2 5 1 1698 6383 7437
3237 2 2 5 1 3310 7303 7551
3238 2 2 5 1 5093 4559 5865
3239 2 2 5 1 5802 6636 6916
3240 2 2 5 1 2674 3132 5804
3241 2 2 5 1 7296 869 7910
3242 2 2 5 1 3642 2751 6034
3243 2 2 5 1 4635 4634 5713
3244 2 2 5 1 4626 4628 5478
3245 2 2 5 1 919 6695 6893
3246 2 2 5 1 4065 5722 7809
3247 2 2 5 1 1124 1158 6756
3248 2 2 5 1 6993 4705 7671
3249 2 2 5 1 2749 2751 3117
3250 2 2 5 1 4013 4055 5069
3251 2 2 5 1 1986 1988 6177
3252 2 2 5 1 2939 3428 3429
3253 2 2 5 1 1242 1162 2320
3254 2 2 5 1 1160 1241 2323
3255 2 2 5 1 5719 1950 5720
3256 2 2 5 1 2734 2318 5997
3257 2 2 5 1 2892 2891 3109
3258 2 2 5 1 4092 5778 5874
3259 2 2 5 1 5700 5701 5702
3260 2 2 5 1 5876 5877 5878
3261 2 2 5 1 4824 5900 6975
3262 2 2 5 1 805 2370 7331
3263 2 2 5 1 1926 1150 5849
3264 2 2 5 1 971 999 6263
3265 2 2 5 1 5659 4002 5660
3266 2 2 5 1 1865 2292 7167
3267 2 2 5 1 7438 6122 7521
3268 2 2 5 1 2989 2687 4495
3269 2 2 5 1 4126 4124 5943
3270 2 2 5 1 5639 5648 5651
3271 2 2 5 1 2578 6231 6801
3272 2 2 5 1 221 1298 6633
3273 2 2 5 1 2840 3149 5620
3274 2 2 5 1 5995 5996 6171
3275 2 2 5 1 3146 2816 5625
3276 2 2 5 1 359 715 5838
3277 2 2 5 1 7164 3707 7527
3278 2 2 5 1 2321 2320 2322
3279 2 2 5 1 2323 2324 2325
3280 2 2 5 1 1579 7869 7993
3281 2 2 5 1 4611 4610 4612
3282 2 2 5 1 5653 5647 5657
3283 2 2 5 1 3452 2942 5977
3284 2 2 5 1 5695 3753 5855
3285 2 2 5 1 7629 5619 7663
3286 2 2 5 1 919 6694 6695
3287 2 2 5 1 3138 2283 6402
3288 2 2 5 1 6315 1675 6317
3289 2 2 5 1 1441 3029 6397
3290 2 2 5 1 7616 6141 7661
3291 2 2 5 1 3886 4485 6846
3292 2 2 5 1 6008 356 6011
3293 2 2 5 1 3147 4148 5998
3294 2 2 5 1 2312 2186 6023
3295 2 2 5 1 2697 2964 6023
3296 2 2 5 1 2630 1828 6090
3297 2 2 5 1 6359 6360 8789
3298 2 2 5 1 1263 5885 6353
3299 2 2 5 1 2331 379 5667
3300 2 2 5 1 4904 5800 8310
3301 2 2 5 1 491 5962 5963
3302 2 2 5 1 3898 3899 4013
3303 2 2 5 1 2934 2322 3877
3304 2 2 5 1 2325 2935 3869
3305 2 2 5 1 5930 4669 5931
3306 2 2 5 1 177 2739 5836
3307 2 2 5 1 2751 2197 6034
3308 2 2 5 1 5174 4126 5943
3309 2 2 5 1 2107 4065 6034
3310 2 2 5 1 6317 1675 6318
3311 2 2 5 1 6346 2757 7409
3312 2 2 5 1 6178 6179 6856
3313 2 2 5 1 3667 4634 4635
3314 2 2 5 1 5986 4718 6214
3315 2 2 5 1 5540 1886 5541
3316 2 2 5 1 4128 5991 6993
3317 2 2 5 1 3214 5802 6916
3318 2 2 5 1 3877 3878 4607
3319 2 2 5 1 365 501 5957
3320 2 2 5 1 3870 3869 4604
3321 2 2 5 1 5643 5641 5696
3322 2 2 5 1 5604 5603 5712
3323 2 2 5 1 5734 620 5737
3324 2 2 5 1 1295 6481 6484
3325 2 2 5 1 6199 6200 7626
3326 2 2 5 1 1999 6751 7639
3327 2 2 5 1 4613 4612 4614
3328 2 2 5 1 2964 5637 5638
3329 2 2 5 1 4084 6271 7026
3330 2 2 5 1 3934 3947 4660
3331 2 2 5 1 6315 6312 7146
3332 2 2 5 1 3117 2751 3118
3333 2 2 5 1 5938 6263 6264
3334 2 2 5 1 5641 5638 5649
3335 2 2 5 1 1052 2421 7668
3336 2 2 5 1 5972 2358 7099
3337 2 2 5 1 5671 5673 5674
3338 2 2 5 1 220 6633 7195
3339 2 2 5 1 5878 5877 5879
3340 2 2 5 1 4969 6126 6246
3341 2 2 5 1 2022 6098 7495
3342 2 2 5 1 6378 6377 7597
3343 2 2 5 1 6180 3204 6239
3344 2 2 5 1 3149 3586 3918
3345 2 2 5 1 614 5798 5801
3346 2 2 5 1 1297 6467 6468
3347 2 2 5 1 3582 3146 3917
3348 2 2 5 1 380 381 504
3349 2 2 5 1 157 158 505
3350 2 2 5 1 3902 3901 3903
3351 2 2 5 1 5643 5696 5697
3352 2 2 5 1 3384 6095 7100
3353 2 2 5 1 4438 7620 7854
3354 2 2 5 1 4020 5090 5091
3355 2 2 5 1 2382 1345 5874
3356 2 2 5 1 2922 3455 7339
3357 2 2 5 1 4297 7138 7316
3358 2 2 5 1 1415 1412 7312
3359 2 2 5 1 1654 1779 5731
3360 2 2 5 1 2963 2965 3607
3361 2 2 5 1 6222 6220 7250
3362 2 2 5 1 3808 3807 3901
3363 2 2 5 1 2888 2200 2889
3364 2 2 5 1 4972 4971 8595
3365 2 2 5 1 3858 4947 5945
3366 2 2 5 1 5850 2296 7242
3367 2 2 5 1 5602 4635 5603
3368 2 2 5 1 4143 7582 7629
3369 2 2 5 1 1500 1830 2939
3370 2 2 5 1 595 5694 7218
3371 2 2 5 1 488 6474 6475
3372 2 2 5 1 3429 3428 3807
3373 2 2 5 1 4381 1591 7071
3374 2 2 5 1 362 1289 5976
3375 2 2 5 1 998 582 5689
3376 2 2 5 1 4677 3903 4962
3377 2 2 5 1 1340 1425 5908
3378 2 2 5 1 5790 500 5791
3379 2 2 5 1 1885 1719 1886
3380 2 2 5 1 1717 1874 1875
3381 2 2 5 1 5799 5736 5800
3382 2 2 5 1 2224 2904 5932
3383 2 2 5 1 6378 1693 7617
3384 2 2 5 1 4626 3815 4628
3385 2 2 5 1 3809 3428 6113
3386 2 2 5 1 4612 4610 4700
3387 2 2 5 1 1703 723 5978
3388 2 2 5 1 6694 919 6901
3389 2 2 5 1 2668 5876 7569
3390 2 2 5 1 1059 1326 5796
3391 2 2 5 1 8231 4895 8319
3392 2 2 5 1 5796 3182 7753
3393 2 2 5 1 4168 6119 7186
3394 2 2 5 1 459 5351 8221
3395 2 2 5 1 6179 4172 6856
3396 2 2 5 1 2697 2963 2964
3397 2 2 5 1 876 874 5779
3398 2 2 5 1 886 888 5780
3399 2 2 5 1 4452 5449 8785
3400 2 2 5 1 1779 2211 2631
3401 2 2 5 1 5741 6342 6903
3402 2 2 5 1 5843 2702 5844
3403 2 2 5 1 721 1702 5979
3404 2 2 5 1 4753 5279 5358
3405 2 2 5 1 5270 4773 5359
3406 2 2 5 1 5804 4144 6144
3407 2 2 5 1 5929 4669 5930
3408 2 2 5 1 1952 2186 2312
3409 2 2 5 1 578 576 1565
3410 2 2 5 1 616 618 1564
3411 2 2 5 1 1150 1145 5849
3412 2 2 5 1 2749 2197 2751
3413 2 2 5 1 4607 5228 5317
3414 2 2 5 1 2107 2105 4065
3415 2 2 5 1 5230 4604 5316
3416 2 2 5 1 6084 3686 7879
3417 2 2 5 1 5872 6694 6901
3418 2 2 5 1 4704 5760 5993
3419 2 2 5 1 2939 1830 3428
3420 2 2 5 1 2904 3420 5588
3421 2 2 5 1 880 878 5833
3422 2 2 5 1 6179 6180 6239
3423 2 2 5 1 5675 5091 5676
3424 2 2 5 1 5306 4962 5307
3425 2 2 5 1 890 892 5834
3426 2 2 5 1 2004 6963 7680
3427 2 2 5 1 5432 5424 7476
3428 2 2 5 1 4900 5789 5994
3429 2 2 5 1 6190 4758 7240
3430 2 2 5 1 1326 3182 5796
3431 2 2 5 1 4609 3091 4610
3432 2 2 5 1 6382 6383 7449
3433 2 2 5 1 5676 5091 5677
3434 2 2 5 1 3582 3917 5628
3435 2 2 5 1 5834 4083 8076
3436 2 2 5 1 4666 5918 7524
3437 2 2 5 1 4418 5889 6490
3438 2 2 5 1 2106 2105 2107
3439 2 2 5 1 3966 3965 3987
3440 2 2 5 1 1952 1953 2186
3441 2 2 5 1 511 510 517
3442 2 2 5 1 508 509 515
3443 2 2 5 1 2947 5543 7755
3444 2 2 5 1 3187 1723 7715
3445 2 2 5 1 4209 4574 5709
3446 2 2 5 1 4095 5852 5853
3447 2 2 5 1 5601 4635 5602
3448 2 2 5 1 2198 2197 2749
3449 2 2 5 1 3428 1830 6113
3450 2 2 5 1 5243 5241 7529
3451 2 2 5 1 3468 1364 3470
3452 2 2 5 1 3816 3815 4626
3453 2 2 5 1 2196 2107 2197
3454 2 2 5 1 6996 5193 7075
3455 2 2 5 1 5639 5651 5654
3456 2 2 5 1 4729 5747 7104
3457 2 2 5 1 4121 4418 6490
3458 2 2 5 1 1950 1951 1952
3459 2 2 5 1 3274 3272 5875
3460 2 2 5 1 2186 2187 2697
3461 2 2 5 1 2697 2698 2963
3462 2 2 5 1 3746 5665 5885
3463 2 2 5 1 1759 6636 7178
3464 2 2 5 1 5988 5992 7074
3465 2 2 5 1 2836 2840 2862
3466 2 2 5 1 1200 1202 5846
3467 2 2 5 1 2816 2812 2861
3468 2 2 5 1 3877 2322 3878
3469 2 2 5 1 2325 3869 3870
3470 2 2 5 1 4825 7732 7741
3471 2 2 5 1 5857 5853 7913
3472 2 2 5 1 3468 3470 3989
3473 2 2 5 1 181 2738 5858
3474 2 2 5 1 2864 4052 5876
3475 2 2 5 1 3144 2734 5997
3476 2 2 5 1 5992 4721 7074
3477 2 2 5 1 4495 5707 5808
3478 2 2 5 1 3132 3832 5804
3479 2 2 5 1 2390 5830 7091
3480 2 2 5 1 266 267 6473
3481 2 2 5 1 6686 2501 7800
3482 2 2 5 1 2033 6241 7360
3483 2 2 5 1 4854 4853 5040
3484 2 2 5 1 7141 4278 7328
3485 2 2 5 1 4851 4852 5038
3486 2 2 5 1 5357 5355 8839
3487 2 2 5 1 1753 1950 5719
3488 2 2 5 1 5996 6996 7075
3489 2 2 5 1 1536 1753 5719
3490 2 2 5 1 8677 5032 8684
3491 2 2 5 1 4607 3878 5228
3492 2 2 5 1 6623 835 6625
3493 2 2 5 1 6062 3016 7046
3494 2 2 5 1 269 270 6466
3495 2 2 5 1 3870 4604 5230
3496 2 2 5 1 5860 3231 5862
3497 2 2 5 1 6946 4064 6947
3498 2 2 5 1 2738 182 5871
3499 2 2 5 1 5468 5215 5469
3500 2 2 5 1 1646 1669 5843
3501 2 2 5 1 4701 7537 7582
3502 2 2 5 1 3836 4010 4619
3503 2 2 5 1 4144 4451 4452
3504 2 2 5 1 6066 6032 6328
3505 2 2 5 1 5639 3607 5648
3506 2 2 5 1 1666 1351 7321
3507 2 2 5 1 519 184 5881
3508 2 2 5 1 3113 3933 3934
3509 2 2 5 1 2443 6178 6856
3510 2 2 5 1 2365 2361 5797
3511 2 2 5 1 7298 5443 7559
3512 2 2 5 1 1425 4335 5908
3513 2 2 5 1 586 584 5682
3514 2 2 5 1 473 7139 8553
3515 2 2 5 1 2059 2708 7255
3516 2 2 5 1 584 582 998
3517 2 2 5 1 3138 5946 7043
3518 2 2 5 1 4692 3589 5182
3519 2 2 5 1 3588 4691 5184
3520 2 2 5 1 622 624 997
3521 2 2 5 1 1157 1122 6798
3522 2 2 5 1 1669 2702 5843
3523 2 2 5 1 4967 5318 8423
3524 2 2 5 1 874 2329 5779
3525 2 2 5 1 3596 5289 5290
3526 2 2 5 1 2330 886 5780
3527 2 2 5 1 5999 2594 7389
3528 2 2 5 1 5759 4099 5920
3529 2 2 5 1 4127 5939 5940
3530 2 2 5 1 7460 1697 7494
3531 2 2 5 1 5176 8406 8713
3532 2 2 5 1 6273 6274 7325
3533 2 2 5 1 5915 4121 6490
3534 2 2 5 1 624 626 5704
3535 2 2 5 1 3179 3178 3180
3536 2 2 5 1 1675 6315 7146
3537 2 2 5 1 382 383 2784
3538 2 2 5 1 3832 4144 5804
3539 2 2 5 1 6375 7567 7597
3540 2 2 5 1 6372 6380 7494
3541 2 2 5 1 3180 3178 4703
3542 2 2 5 1 3513 2365 5797
3543 2 2 5 1 6382 7449 7460
3544 2 2 5 1 5803 5502 7796
3545 2 2 5 1 5424 5421 7476
3546 2 2 5 1 5778 4711 6035
3547 2 2 5 1 3753 1251 5855
3548 2 2 5 1 5483 7699 7737
3549 2 2 5 1 731 7783 7903
3550 2 2 5 1 1546 1428 4334
3551 2 2 5 1 1425 1544 4335
3552 2 2 5 1 5839 5290 5840
3553 2 2 5 1 2832 2834 2839
3554 2 2 5 1 2821 2824 5925
3555 2 2 5 1 618 620 5734
3556 2 2 5 1 2810 2808 2815
3557 2 2 5 1 3535 4001 4002
3558 2 2 5 1 3281 3274 5875
3559 2 2 5 1 5551 7698 7728
3560 2 2 5 1 5661 5660 5662
3561 2 2 5 1 4704 5993 7618
3562 2 2 5 1 1699 6387 7364
3563 2 2 5 1 2800 2797 6214
3564 2 2 5 1 2387 2389 5830
3565 2 2 5 1 5710 6036 7192
3566 2 2 5 1 4972 8595 8600
3567 2 2 5 1 6095 4336 7100
3568 2 2 5 1 7323 4725 7650
3569 2 2 5 1 5818 5816 5819
3570 2 2 5 1 5830 5596 7091
3571 2 2 5 1 2795 5986 6214
3572 2 2 5 1 1448 1342 5722
3573 2 2 5 1 3836 4619 4620
3574 2 2 5 1 7702 5484 7738
3575 2 2 5 1 383 384 5598
3576 2 2 5 1 4534 4928 5851
3577 2 2 5 1 3918 3586 5623
3578 2 2 5 1 4640 5934 5935
3579 2 2 5 1 2862 2840 5620
3580 2 2 5 1 5923 3545 5924
3581 2 2 5 1 1326 1536 3182
3582 2 2 5 1 4845 6575 7731
3583 2 2 5 1 3458 2924 7114
3584 2 2 5 1 2816 2861 5625
3585 2 2 5 1 614 616 5798
3586 2 2 5 1 4614 5951 5952
3587 2 2 5 1 3111 5872 6901
3588 2 2 5 1 3634 3858 5945
3589 2 2 5 1 5647 5644 5699
3590 2 2 5 1 1744 1448 2105
3591 2 2 5 1 7138 2066 7316
3592 2 2 5 1 6301 666 7863
3593 2 2 5 1 1931 1933 4481
3594 2 2 5 1 263 264 6480
3595 2 2 5 1 4733 7395 7600
3596 2 2 5 1 3415 3417 5763
3597 2 2 5 1 2214 2143 7350
3598 2 2 5 1 1542 951 5892
3599 2 2 5 1 4055 4682 5781
3600 2 2 5 1 6374 1694 7552
3601 2 2 5 1 3407 4020 5675
3602 2 2 5 1 1017 992 5973
3603 2 2 5 1 5994 3073 6773
3604 2 2 5 1 990 1015 5974
3605 2 2 5 1 6339 2748 6952
3606 2 2 5 1 8001 5573 8469
3607 2 2 5 1 4127 5940 5941
3608 2 2 5 1 2063 2657 5414
3609 2 2 5 1 2292 6003 7167
3610 2 2 5 1 3605 3179 5785
3611 2 2 5 1 4711 4099 7609
3612 2 2 5 1 6222 3108 6223
3613 2 2 5 1 3156 4095 5846
3614 2 2 5 1 4471 5963 8591
3615 2 2 5 1 1032 966 5884
3616 2 2 5 1 154 155 5555
3617 2 2 5 1 4450 3603 6216
3618 2 2 5 1 4638 3605 5785
3619 2 2 5 1 1110 1071 1143
3620 2 2 5 1 5686 5687 5688
3621 2 2 5 1 1069 1108 1144
3622 2 2 5 1 1564 5734 5735
3623 2 2 5 1 5501 4579 5502
3624 2 2 5 1 5778 2382 5874
3625 2 2 5 1 6374 6373 7538
3626 2 2 5 1 1347 2350 5859
3627 2 2 5 1 3118 3667 5601
3628 2 2 5 1 3242 6153 6154
3629 2 2 5 1 5485 2973 7729
3630 2 2 5 1 2449 4168 6143
3631 2 2 5 1 4900 5994 6773
3632 2 2 5 1 1473 5834 8103
3633 2 2 5 1 3832 3893 4144
3634 2 2 5 1 3016 2027 7046
3635 2 2 5 1 2750 2749 5811
3636 2 2 5 1 1297 6466 6467
3637 2 2 5 1 5746 2267 5882
3638 2 2 5 1 4716 5924 5925
3639 2 2 5 1 1409 2940 5920
3640 2 2 5 1 1253 3746 5885
3641 2 2 5 1 3107 6351 7390
3642 2 2 5 1 2987 3835 3836
3643 2 2 5 1 3545 2818 5924
3644 2 2 5 1 398 397 1452
3645 2 2 5 1 1753 1949 1950
3646 2 2 5 1 3962 5050 5244
3647 2 2 5 1 1269 1147 7151
3648 2 2 5 1 4593 5850 7242
3649 2 2 5 1 4046 3926 4853
3650 2 2 5 1 3925 4047 4851
3651 2 2 5 1 2285 3138 7043
3652 2 2 5 1 5957 5958 5959
3653 2 2 5 1 2326 5683 5684
3654 2 2 5 1 162 474 5752
3655 2 2 5 1 6196 6195 6991
3656 2 2 5 1 4184 6196 6991
3657 2 2 5 1 6207 6299 6300
3658 2 2 5 1 2398 353 5890
3659 2 2 5 1 742 743 6187
3660 2 2 5 1 2904 5588 5932
3661 2 2 5 1 884 886 2330
3662 2 2 5 1 874 872 2329
3663 2 2 5 1 5501 5502 5803
3664 2 2 5 1 953 1542 5888
3665 2 2 5 1 3417 3819 4270
3666 2 2 5 1 2442 6282 6785
3667 2 2 5 1 3060 4189 7393
3668 2 2 5 1 723 761 5978
3669 2 2 5 1 488 6473 6474
3670 2 2 5 1 3803 3144 4257
3671 2 2 5 1 6011 2371 6012
3672 2 2 5 1 397 396 5508
3673 2 2 5 1 6371 7522 7538
3674 2 2 5 1 3231 5860 6021
3675 2 2 5 1 5872 3111 6092
3676 2 2 5 1 4443 4445 4650
3677 2 2 5 1 6383 6384 7437
3678 2 2 5 1 4190 3058 7391
3679 2 2 5 1 378 379 2331
3680 2 2 5 1 2389 2779 5830
3681 2 2 5 1 5831 4420 5832
3682 2 2 5 1 878 1472 5833
3683 2 2 5 1 1473 890 5834
3684 2 2 5 1 5568 2967 5569
3685 2 2 5 1 156 157 5600
3686 2 2 5 1 487 6460 6461
3687 2 2 5 1 759 721 5979
3688 2 2 5 1 3156 3879 4095
3689 2 2 5 1 3113 3934 5730
3690 2 2 5 1 1243 1500 5723
3691 2 2 5 1 6223 3108 6857
3692 2 2 5 1 2502 1797 7234
3693 2 2 5 1 4403 3987 5295
3694 2 2 5 1 2298 3596 5839
3695 2 2 5 1 5791 500 5792
3696 2 2 5 1 1364 1006 5711
3697 2 2 5 1 1033 1034 1035
3698 2 2 5 1 5328 5329 5330
3699 2 2 5 1 6052 5312 6216
3700 2 2 5 1 3172 1926 5318
3701 2 2 5 1 5638 5637 5814
3702 2 2 5 1 2952 5504 5505
3703 2 2 5 1 5719 5720 5835
3704 2 2 5 1 4127 3486 5939
3705 2 2 5 1 5273 5070 5368
3706 2 2 5 1 3242 6154 6878
3707 2 2 5 1 4118 3247 7229
3708 2 2 5 1 5855 1257 6532
3709 2 2 5 1 5343 6132 8096
3710 2 2 5 1 5683 5682 5686
3711 2 2 5 1 4101 4617 5046
3712 2 2 5 1 4257 3144 5997
3713 2 2 5 1 1377 1538 6566
3714 2 2 5 1 6636 5802 7178
3715 2 2 5 1 474 163 5768
3716 2 2 5 1 4615 4104 5044
3717 2 2 5 1 267 6471 6473
3718 2 2 5 1 4942 4940 5551
3719 2 2 5 1 375 475 5770
3720 2 2 5 1 1564 618 5734
3721 2 2 5 1 6271 4084 7021
3722 2 2 5 1 1200 5846 7641
3723 2 2 5 1 698 598 5901
3724 2 2 5 1 6155 6153 6965
3725 2 2 5 1 5882 2771 5883
3726 2 2 5 1 4611 4612 4613
3727 2 2 5 1 6079 6078 6080
3728 2 2 5 1 160 161 2790
3729 2 2 5 1 2272 1750 3178
3730 2 2 5 1 1156 6005 6018
3731 2 2 5 1 4055 3899 4682
3732 2 2 5 1 456 455 2377
3733 2 2 5 1 5907 570 5965
3734 2 2 5 1 588 2326 5692
3735 2 2 5 1 4609 4610 4611
3736 2 2 5 1 1013 1014 1024
3737 2 2 5 1 584 998 5682
3738 2 2 5 1 6155 3730 6567
3739 2 2 5 1 1012 1011 1026
3740 2 2 5 1 2786 2357 5972
3741 2 2 5 1 3507 3174 4064
3742 2 2 5 1 5520 2893 7339
3743 2 2 5 1 4640 3891 5934
3744 2 2 5 1 2652 5591 7477
3745 2 2 5 1 270 6464 6466
3746 2 2 5 1 6092 3111 6834
3747 2 2 5 1 4741 6092 6834
3748 2 2 5 1 2487 5880 6082
3749 2 2 5 1 5113 5970 5971
3750 2 2 5 1 1295 6480 6481
3751 2 2 5 1 3570 5985 6987
3752 2 2 5 1 2552 2578 6801
3753 2 2 5 1 6746 4778 7265
3754 2 2 5 1 4148 5148 5190
3755 2 2 5 1 3686 5953 5955
3756 2 2 5 1 2361 2786 5797
3757 2 2 5 1 588 586 2326
3758 2 2 5 1 997 624 5704
3759 2 2 5 1 2993 4417 6070
3760 2 2 5 1 1854 1034 6094
3761 2 2 5 1 4637 3605 4638
3762 2 2 5 1 2399 186 5956
3763 2 2 5 1 491 168 5962
3764 2 2 5 1 172 500 5790
3765 2 2 5 1 2369 369 5787
3766 2 2 5 1 5962 169 5964
3767 2 2 5 1 5948 3036 6215
3768 2 2 5 1 5975 4118 7229
3769 2 2 5 1 4121 5915 6304
3770 2 2 5 1 5113 4397 5970
3771 2 2 5 1 4445 4809 5784
3772 2 2 5 1 1202 3156 5846
3773 2 2 5 1 951 949 5892
3774 2 2 5 1 5849 1145 7459
3775 2 2 5 1 2993 6070 6096
3776 2 2 5 1 6231 2578 7328
3777 2 2 5 1 4095 5853 5857
3778 2 2 5 1 6068 4702 6069
3779 2 2 5 1 3686 3575 5953
3780 2 2 5 1 1040 1017 3196
3781 2 2 5 1 6386 6387 7379
3782 2 2 5 1 5880 2487 5938
3783 2 2 5 1 4888 7811 8494
3784 2 2 5 1 1015 1038 3197
3785 2 2 5 1 520 6008 6009
3786 2 2 5 1 2634 5909 6648
3787 2 2 5 1 4547 1438 7199
3788 2 2 5 1 2312 6023 7622
3789 2 2 5 1 1348 1347 5859
3790 2 2 5 1 2182 2417 7158
3791 2 2 5 1 4189 4914 5755
3792 2 2 5 1 1098 400 5869
3793 2 2 5 1 5864 2874 6040
3794 2 2 5 1 3902 4677 4678
3795 2 2 5 1 6387 6388 7364
3796 2 2 5 1 3133 2775 3174
3797 2 2 5 1 4915 4190 5756
3798 2 2 5 1 6207 6298 6299
3799 2 2 5 1 5888 1542 6048
3800 2 2 5 1 4948 3839 5490
3801 2 2 5 1 2779 2393 6046
3802 2 2 5 1 3963 3962 5552
3803 2 2 5 1 5909 2634 6649
3804 2 2 5 1 2585 2575 7142
3805 2 2 5 1 3118 3642 3667
3806 2 2 5 1 2655 2654 2792
3807 2 2 5 1 999 1113 6263
3808 2 2 5 1 5640 5638 5641
3809 2 2 5 1 5652 5647 5653
3810 2 2 5 1 6153 3242 6965
3811 2 2 5 1 2180 5661 8416
3812 2 2 5 1 6496 6499 6671
3813 2 2 5 1 684 682 6680
3814 2 2 5 1 3110 3109 5815
3815 2 2 5 1 4634 5342 5343
3816 2 2 5 1 264 6478 6480
3817 2 2 5 1 726 742 6186
3818 2 2 5 1 2390 2387 5830
3819 2 2 5 1 1875 5537 5538
3820 2 2 5 1 626 628 2327
3821 2 2 5 1 556 1855 5965
3822 2 2 5 1 2325 2324 2935
3823 2 2 5 1 2321 2322 2934
3824 2 2 5 1 884 885 886
3825 2 2 5 1 873 872 874
3826 2 2 5 1 4861 5721 7659
3827 2 2 5 1 886 887 888
3828 2 2 5 1 875 874 876
3829 2 2 5 1 7040 5132 7217
3830 2 2 5 1 5642 5641 5643
3831 2 2 5 1 888 889 890
3832 2 2 5 1 877 876 878
3833 2 2 5 1 4425 6070 6071
3834 2 2 5 1 1035 1034 1152
3835 2 2 5 1 742 6105 6186
3836 2 2 5 1 4760 5875 7319
3837 2 2 5 1 890 891 892
3838 2 2 5 1 879 878 880
3839 2 2 5 1 3187 7715 7734
3840 2 2 5 1 6372 1697 7512
3841 2 2 5 1 881 880 897
3842 2 2 5 1 892 893 896
3843 2 2 5 1 922 897 940
3844 2 2 5 1 896 921 939
3845 2 2 5 1 1314 1313 6045
3846 2 2 5 1 992 940 1013
3847 2 2 5 1 939 990 1011
3848 2 2 5 1 6648 6025 6791
3849 2 2 5 1 5950 5948 6215
3850 2 2 5 1 3667 4633 4634
3851 2 2 5 1 1921 6077 7089
3852 2 2 5 1 4250 4252 5831
3853 2 2 5 1 6498 7136 7137
3854 2 2 5 1 2634 6648 6791
3855 2 2 5 1 2890 2891 2892
3856 2 2 5 1 6034 4065 7627
3857 2 2 5 1 1024 1025 1043
3858 2 2 5 1 2631 2211 2654
3859 2 2 5 1 3838 4934 4935
3860 2 2 5 1 6467 6465 6470
3861 2 2 5 1 3429 3808 4053
3862 2 2 5 1 5998 4148 6133
3863 2 2 5 1 2198 2749 2750
3864 2 2 5 1 487 6459 6460
3865 2 2 5 1 5108 4901 5351
3866 2 2 5 1 1027 1026 1045
3867 2 2 5 1 5995 5205 5996
3868 2 2 5 1 2888 2889 2890
3869 2 2 5 1 1564 5735 5736
3870 2 2 5 1 1297 269 6466
3871 2 2 5 1 6474 6472 6477
3872 2 2 5 1 2934 3877 4467
3873 2 2 5 1 4702 4060 7628
3874 2 2 5 1 3869 2935 4469
3875 2 2 5 1 816 883 884
3876 2 2 5 1 871 814 872
3877 2 2 5 1 5496 672 7837
3878 2 2 5 1 5684 5683 5685
3879 2 2 5 1 4898 5105 5349
3880 2 2 5 1 1313 3190 6045
3881 2 2 5 1 6206 3185 6298
3882 2 2 5 1 5919 4738 6783
3883 2 2 5 1 379 380 5667
3884 2 2 5 1 5550 7967 7994
3885 2 2 5 1 272 273 6459
3886 2 2 5 1 5363 4621 5364
3887 2 2 5 1 835 6623 6663
3888 2 2 5 1 2746 2059 7255
3889 2 2 5 1 5953 5954 5955
3890 2 2 5 1 164 165 4683
3891 2 2 5 1 5422 5453 5454
3892 2 2 5 1 1550 1674 6318
3893 2 2 5 1 488 266 6473
3894 2 2 5 1 1406 1409 5920
3895 2 2 5 1 451 535 5937
3896 2 2 5 1 537 5365 8776
3897 2 2 5 1 373 374 2368
3898 2 2 5 1 5389 5388 7132
3899 2 2 5 1 2878 3542 3543
3900 2 2 5 1 1337 1150 1926
3901 2 2 5 1 2431 2427 7396
3902 2 2 5 1 4096 3159 5886
3903 2 2 5 1 2487 971 6263
3904 2 2 5 1 6087 2398 6088
3905 2 2 5 1 3539 2877 3540
3906 2 2 5 1 5893 4523 5894
3907 2 2 5 1 3626 3545 5922
3908 2 2 5 1 6649 7039 7088
3909 2 2 5 1 399 398 5867
3910 2 2 5 1 6035 4711 7580
3911 2 2 5 1 3231 740 6680
3912 2 2 5 1 2336 3563 3581
3913 2 2 5 1 6620 2496 6621
3914 2 2 5 1 4717 4901 5108
3915 2 2 5 1 2421 5896 7668
3916 2 2 5 1 3564 2334 3579
3917 2 2 5 1 7707 5173 8825
3918 2 2 5 1 1019 5897 7693
3919 2 2 5 1 4516 5078 5903
3920 2 2 5 1 5414 2657 5415
3921 2 2 5 1 4020 5091 5675
3922 2 2 5 1 4619 4010 4993
3923 2 2 5 1 3436 2485 6039
3924 2 2 5 1 4252 4420 5831
3925 2 2 5 1 2021 6227 7038
3926 2 2 5 1 1923 1514 5913
3927 2 2 5 1 1024 1014 1025
3928 2 2 5 1 4898 4719 5105
3929 2 2 5 1 6340 4732 6398
3930 2 2 5 1 1669 1673 2702
3931 2 2 5 1 4532 4534 5851
3932 2 2 5 1 4577 4578 4579
3933 2 2 5 1 7800 2501 7812
3934 2 2 5 1 7402 1698 7437
3935 2 2 5 1 372 373 5926
3936 2 2 5 1 4650 4445 5784
3937 2 2 5 1 267 268 6471
3938 2 2 5 1 3174 2775 4098
3939 2 2 5 1 6105 742 6187
3940 2 2 5 1 5305 4665 7524
3941 2 2 5 1 4534 4926 4927
3942 2 2 5 1 3204 6180 6819
3943 2 2 5 1 3801 4532 7241
3944 2 2 5 1 3117 3815 3816
3945 2 2 5 1 1012 1026 1027
3946 2 2 5 1 4534 4927 4928
3947 2 2 5 1 2330 5780 5933
3948 2 2 5 1 6340 2554 6801
3949 2 2 5 1 6771 4084 7026
3950 2 2 5 1 6767 6341 7095
3951 2 2 5 1 1823 2120 6091
3952 2 2 5 1 2196 2197 2198
3953 2 2 5 1 1392 1348 5859
3954 2 2 5 1 2442 6281 6282
3955 2 2 5 1 5965 1855 5966
3956 2 2 5 1 6219 3224 6220
3957 2 2 5 1 1810 1680 6319
3958 2 2 5 1 3202 1364 3468
3959 2 2 5 1 6241 6240 7360
3960 2 2 5 1 2106 2107 2196
3961 2 2 5 1 1742 1931 6394
3962 2 2 5 1 6077 4729 7089
3963 2 2 5 1 6143 4168 7186
3964 2 2 5 1 1034 1032 6094
3965 2 2 5 1 6386 7379 7402
3966 2 2 5 1 4252 4255 4420
3967 2 2 5 1 1952 1951 1953
3968 2 2 5 1 3112 2792 3113
3969 2 2 5 1 1872 176 5836
3970 2 2 5 1 3836 3835 4010
3971 2 2 5 1 1336 1646 1767
3972 2 2 5 1 1675 1550 6318
3973 2 2 5 1 3196 1017 5973
3974 2 2 5 1 864 6819 7197
3975 2 2 5 1 5649 5638 5814
3976 2 2 5 1 2375 1186 6173
3977 2 2 5 1 878 876 1472
3978 2 2 5 1 2120 6078 6079
3979 2 2 5 1 888 890 1473
3980 2 2 5 1 6038 3436 6039
3981 2 2 5 1 381 382 5633
3982 2 2 5 1 1033 1032 1034
3983 2 2 5 1 5657 5647 5699
3984 2 2 5 1 1015 3197 5974
3985 2 2 5 1 3542 4101 5749
3986 2 2 5 1 5947 3036 5948
3987 2 2 5 1 4104 3539 5750
3988 2 2 5 1 3667 4635 5601
3989 2 2 5 1 4717 3543 4901
3990 2 2 5 1 1154 1107 1354
3991 2 2 5 1 2379 1907 5988
3992 2 2 5 1 4895 5976 8244
3993 2 2 5 1 3596 5290 5839
3994 2 2 5 1 8659 5014 8662
3995 2 2 5 1 5150 5152 5153
3996 2 2 5 1 711 2373 6336
3997 2 2 5 1 1744 2105 2106
3998 2 2 5 1 2136 2139 7204
3999 2 2 5 1 1295 263 6480
4000 2 2 5 1 4521 4523 5893
4001 2 2 5 1 3586 4006 4007
4002 2 2 5 1 5147 4091 6083
4003 2 2 5 1 3540 4719 4898
4004 2 2 5 1 5090 5092 5335
4005 2 2 5 1 375 376 475
4006 2 2 5 1 162 163 474
4007 2 2 5 1 2186 1953 2187
4008 2 2 5 1 4004 3582 4005
4009 2 2 5 1 3463 4458 4880
4010 2 2 5 1 3949 5205 5995
4011 2 2 5 1 270 271 6464
4012 2 2 5 1 4642 4235 5873
4013 2 2 5 1 5216 3579 5217
4014 2 2 5 1 4532 4533 4534
4015 2 2 5 1 1514 1512 5913
4016 2 2 5 1 2371 358 5838
4017 2 2 5 1 4749 6488 6753
4018 2 2 5 1 2891 2889 5916
4019 2 2 5 1 816 884 5715
4020 2 2 5 1 2048 2050 2991
4021 2 2 5 1 370 371 492
4022 2 2 5 1 365 366 501
4023 2 2 5 1 167 168 491
4024 2 2 5 1 172 173 500
4025 2 2 5 1 4577 4579 5501
4026 2 2 5 1 966 957 5884
4027 2 2 5 1 3816 4626 4627
4028 2 2 5 1 2350 5760 5859
4029 2 2 5 1 2697 2187 2698
4030 2 2 5 1 3041 3040 3898
4031 2 2 5 1 2878 2841 3542
4032 2 2 5 1 2699 2308 6348
4033 2 2 5 1 2824 2841 2878
4034 2 2 5 1 169 170 5964
4035 2 2 5 1 2963 2698 2965
4036 2 2 5 1 4020 4380 5090
4037 2 2 5 1 4738 5919 6326
4038 2 2 5 1 3114 6014 6015
4039 2 2 5 1 2572 6340 6398
4040 2 2 5 1 4376 7697 7848
4041 2 2 5 1 1043 1044 1080
4042 2 2 5 1 2892 3109 3110
4043 2 2 5 1 368 369 2369
4044 2 2 5 1 1046 1045 1082
4045 2 2 5 1 872 814 5718
4046 2 2 5 1 2817 2800 2877
4047 2 2 5 1 3099 4209 7401
4048 2 2 5 1 4225 5665 7323
4049 2 2 5 1 1345 1346 5874
4050 2 2 5 1 1500 2939 5723
4051 2 2 5 1 2817 2877 3539
4052 2 2 5 1 170 171 4950
4053 2 2 5 1 5117 3944 6013
4054 2 2 5 1 1500 1829 1830
4055 2 2 5 1 4452 4451 5447
4056 2 2 5 1 264 265 6478
4057 2 2 5 1 6273 6771 7026
4058 2 2 5 1 2440 6261 6262
4059 2 2 5 1 6394 4481 6395
4060 2 2 5 1 3730 6155 6965
4061 2 2 5 1 3394 3392 6975
4062 2 2 5 1 5655 5653 5826
4063 2 2 5 1 6112 4138 6696
4064 2 2 5 1 1728 3015 7358
4065 2 2 5 1 5829 2779 6046
4066 2 2 5 1 5429 5428 5430
4067 2 2 5 1 7055 2041 7056
4068 2 2 5 1 1080 1081 1122
4069 2 2 5 1 1702 698 5901
4070 2 2 5 1 4296 6255 8461
4071 2 2 5 1 1950 1949 1951
4072 2 2 5 1 2631 2655 5929
4073 2 2 5 1 3073 5994 6820
4074 2 2 5 1 1032 5884 6094
4075 2 2 5 1 1083 1082 1124
4076 2 2 5 1 2775 2067 5753
4077 2 2 5 1 1122 1123 1169
4078 2 2 5 1 663 570 5907
4079 2 2 5 1 362 363 1289
4080 2 2 5 1 801 774 6021
4081 2 2 5 1 1585 1587 6869
4082 2 2 5 1 6423 3609 6494
4083 2 2 5 1 4144 3893 4451
4084 2 2 5 1 5483 2862 7803
4085 2 2 5 1 6613 2986 8291
4086 2 2 5 1 1767 5823 8427
4087 2 2 5 1 5986 3541 5987
4088 2 2 5 1 7361 5914 7511
4089 2 2 5 1 4263 4265 5481
4090 2 2 5 1 3993 5636 5992
4091 2 2 5 1 989 6066 6328
4092 2 2 5 1 1011 5974 6017
4093 2 2 5 1 518 2168 5969
4094 2 2 5 1 1045 2337 5980
4095 2 2 5 1 2346 1251 3753
4096 2 2 5 1 2120 1821 6078
4097 2 2 5 1 3159 2135 5886
4098 2 2 5 1 6164 6168 6170
4099 2 2 5 1 1253 2345 3746
4100 2 2 5 1 6662 6945 7212
4101 2 2 5 1 1156 1100 6005
4102 2 2 5 1 922 940 992
4103 2 2 5 1 939 921 990
4104 2 2 5 1 881 897 922
4105 2 2 5 1 896 893 921
4106 2 2 5 1 1146 1148 2401
4107 2 2 5 1 6009 6008 6010
4108 2 2 5 1 3486 2992 5939
4109 2 2 5 1 879 880 881
4110 2 2 5 1 892 891 893
4111 2 2 5 1 7079 1368 7387
4112 2 2 5 1 877 878 879
4113 2 2 5 1 890 889 891
4114 2 2 5 1 1885 1886 1887
4115 2 2 5 1 875 876 877
4116 2 2 5 1 888 887 889
4117 2 2 5 1 1875 1874 1876
4118 2 2 5 1 2052 2054 2060
4119 2 2 5 1 364 365 5957
4120 2 2 5 1 1288 602 6128
4121 2 2 5 1 1047 180 5858
4122 2 2 5 1 6229 7377 7464
4123 2 2 5 1 944 914 4122
4124 2 2 5 1 1013 940 1014
4125 2 2 5 1 897 880 4082
4126 2 2 5 1 2357 2355 5972
4127 2 2 5 1 2190 1810 6319
4128 2 2 5 1 520 355 6008
4129 2 2 5 1 892 896 4083
4130 2 2 5 1 5654 701 8325
4131 2 2 5 1 6499 2975 6671
4132 2 2 5 1 2205 2204 2275
4133 2 2 5 1 2202 2203 2273
4134 2 2 5 1 1125 1124 1171
4135 2 2 5 1 939 1011 1012
4136 2 2 5 1 804 818 6281
4137 2 2 5 1 6234 4775 6550
4138 2 2 5 1 3891 3628 5934
4139 2 2 5 1 7344 2033 7360
4140 2 2 5 1 3036 5947 6108
4141 2 2 5 1 933 936 4687
4142 2 2 5 1 359 360 715
4143 2 2 5 1 2308 2757 6348
4144 2 2 5 1 3108 6222 7250
4145 2 2 5 1 4124 4127 5943
4146 2 2 5 1 3790 3753 4733
4147 2 2 5 1 6207 6206 6298
4148 2 2 5 1 217 218 6663
4149 2 2 5 1 3326 5996 7075
4150 2 2 5 1 1242 2320 2321
4151 2 2 5 1 5666 7051 7530
4152 2 2 5 1 2323 1241 2324
4153 2 2 5 1 1540 1709 6788
4154 2 2 5 1 3746 3787 4725
4155 2 2 5 1 487 272 6459
4156 2 2 5 1 1686 3570 6987
4157 2 2 5 1 5421 5420 5422
4158 2 2 5 1 352 2398 6087
4159 2 2 5 1 4660 3947 4661
4160 2 2 5 1 3934 3933 3947
4161 2 2 5 1 1169 1170 1251
4162 2 2 5 1 636 634 637
4163 2 2 5 1 1023 1032 1033
4164 2 2 5 1 183 519 5871
4165 2 2 5 1 761 4382 5978
4166 2 2 5 1 4614 4612 5951
4167 2 2 5 1 5984 2507 6097
4168 2 2 5 1 1172 1171 1253
4169 2 2 5 1 1319 1189 6649
4170 2 2 5 1 1090 1036 6024
4171 2 2 5 1 3470 1364 5711
4172 2 2 5 1 636 637 638
4173 2 2 5 1 552 613 614
4174 2 2 5 1 573 550 574
4175 2 2 5 1 594 595 596
4176 2 2 5 1 6027 3451 6599
4177 2 2 5 1 5646 5644 5647
4178 2 2 5 1 401 400 1098
4179 2 2 5 1 2774 2067 2775
4180 2 2 5 1 1043 1025 1044
4181 2 2 5 1 4708 6191 6192
4182 2 2 5 1 3603 3102 6216
4183 2 2 5 1 361 362 5976
4184 2 2 5 1 2861 5484 7805
4185 2 2 5 1 4095 3879 5852
4186 2 2 5 1 3115 6073 6497
4187 2 2 5 1 638 639 640
4188 2 2 5 1 4750 6027 6599
4189 2 2 5 1 3507 4064 6946
4190 2 2 5 1 638 637 639
4191 2 2 5 1 357 2371 6011
4192 2 2 5 1 6092 4741 6093
4193 2 2 5 1 979 3213 6026
4194 2 2 5 1 6073 6000 6497
4195 2 2 5 1 1027 1045 1046
4196 2 2 5 1 5716 5375 8136
4197 2 2 5 1 6182 536 6183
4198 2 2 5 1 596 595 597
4199 2 2 5 1 4935 4934 8212
4200 2 2 5 1 640 639 641
4201 2 2 5 1 6215 2919 6236
4202 2 2 5 1 5983 3708 6141
4203 2 2 5 1 3322 5995 6171
4204 2 2 5 1 2305 2307 6040
4205 2 2 5 1 626 627 628
4206 2 2 5 1 587 586 588
4207 2 2 5 1 596 597 599
4208 2 2 5 1 2293 2072 7129
4209 2 2 5 1 873 874 875
4210 2 2 5 1 886 885 887
4211 2 2 5 1 4716 3543 4717
4212 2 2 5 1 5725 6098 6444
4213 2 2 5 1 1469 453 5856
4214 2 2 5 1 3540 4718 4719
4215 2 2 5 1 599 597 600
4216 2 2 5 1 2377 455 5898
4217 2 2 5 1 599 600 601
4218 2 2 5 1 7583 4408 7842
4219 2 2 5 1 5758 5906 7329
4220 2 2 5 1 1828 2085 6090
4221 2 2 5 1 3609 6423 6495
4222 2 2 5 1 1636 1634 6261
4223 2 2 5 1 640 641 642
4224 2 2 5 1 5312 4450 6216
4225 2 2 5 1 3149 3529 3586
4226 2 2 5 1 2577 2582 2583
4227 2 2 5 1 4235 2905 7313
4228 2 2 5 1 4166 5725 6444
4229 2 2 5 1 5914 7462 7511
4230 2 2 5 1 6741 6350 7110
4231 2 2 5 1 4180 6661 6662
4232 2 2 5 1 642 641 643
4233 2 2 5 1 4383 759 5979
4234 2 2 5 1 3528 3146 3582
4235 2 2 5 1 2272 3178 3179
4236 2 2 5 1 4248 4261 5591
4237 2 2 5 1 2583 2883 3139
4238 2 2 5 1 5744 5743 5745
4239 2 2 5 1 1961 2188 2195
4240 2 2 5 1 1080 1044 1081
4241 2 2 5 1 5902 2070 6945
4242 2 2 5 1 601 602 603
4243 2 2 5 1 454 453 1469
4244 2 2 5 1 601 600 602
4245 2 2 5 1 1085 1049 6064
4246 2 2 5 1 1347 1399 2350
4247 2 2 5 1 4637 4638 5170
4248 2 2 5 1 602 600 6128
4249 2 2 5 1 1046 1082 1083
4250 2 2 5 1 5818 5819 5820
4251 2 2 5 1 175 176 1872
4252 2 2 5 1 4377 4379 7773
4253 2 2 5 1 2214 7040 7217
4254 2 2 5 1 6025 1576 6791
4255 2 2 5 1 2794 3541 5986
4256 2 2 5 1 1180 1006 1364
4257 2 2 5 1 1234 1237 6669
4258 2 2 5 1 1821 1803 6078
4259 2 2 5 1 1837 2108 6099
4260 2 2 5 1 177 178 2739
4261 2 2 5 1 1122 1081 1123
4262 2 2 5 1 4115 2375 6173
4263 2 2 5 1 6309 2190 6310
4264 2 2 5 1 6621 2496 6663
4265 2 2 5 1 1080 1157 5981
4266 2 2 5 1 4574 4576 4577
4267 2 2 5 1 6304 5915 6367
4268 2 2 5 1 2219 2160 2319
4269 2 2 5 1 185 2399 5881
4270 2 2 5 1 3964 3965 3966
4271 2 2 5 1 3140 3139 3574
4272 2 2 5 1 3602 4443 6982
4273 2 2 5 1 603 602 604
4274 2 2 5 1 354 520 5890
4275 2 2 5 1 2986 6613 8295
4276 2 2 5 1 648 819 6138
4277 2 2 5 1 3013 3545 3626
4278 2 2 5 1 2668 2864 5876
4279 2 2 5 1 6926 1529 6983
4280 2 2 5 1 2864 3880 4052
4281 2 2 5 1 6115 5810 6116
4282 2 2 5 1 6402 6029 7119
4283 2 2 5 1 3953 3568 4760
4284 2 2 5 1 6382 7460 7494
4285 2 2 5 1 774 3231 6021
4286 2 2 5 1 4138 6026 7116
4287 2 2 5 1 179 180 1047
4288 2 2 5 1 2693 1269 7151
4289 2 2 5 1 957 955 4829
4290 2 2 5 1 1185 7405 7426
4291 2 2 5 1 6522 1296 6592
4292 2 2 5 1 273 6457 6459
4293 2 2 5 1 4397 3739 5970
4294 2 2 5 1 1534 4138 6112
4295 2 2 5 1 3574 3970 4670
4296 2 2 5 1 2283 2281 6402
4297 2 2 5 1 3541 2994 3622
4298 2 2 5 1 4910 3951 6016
4299 2 2 5 1 7092 2620 7103
4300 2 2 5 1 4143 7629 7663
4301 2 2 5 1 761 789 4382
4302 2 2 5 1 6213 6304 6367
4303 2 2 5 1 7655 5403 7776
4304 2 2 5 1 6126 3046 6246
4305 2 2 5 1 2350 2351 2352
4306 2 2 5 1 2496 6620 6644
4307 2 2 5 1 1083 1124 1125
4308 2 2 5 1 4834 3963 5552
4309 2 2 5 1 4517 4516 5903
4310 2 2 5 1 3746 2345 3787
4311 2 2 5 1 161 162 5752
4312 2 2 5 1 5742 4096 5886
4313 2 2 5 1 628 629 630
4314 2 2 5 1 589 588 590
4315 2 2 5 1 4996 6109 6110
4316 2 2 5 1 6383 1698 7449
4317 2 2 5 1 2346 3753 3790
4318 2 2 5 1 6078 1803 7093
4319 2 2 5 1 2976 735 6033
4320 2 2 5 1 2135 2133 5886
4321 2 2 5 1 4610 3091 5728
4322 2 2 5 1 1398 1345 2382
4323 2 2 5 1 1645 4135 6049
4324 2 2 5 1 6499 6498 7137
4325 2 2 5 1 6149 6151 6152
4326 2 2 5 1 2840 2860 3149
4327 2 2 5 1 2507 5984 6064
4328 2 2 5 1 1243 1310 1500
4329 2 2 5 1 4091 4721 6083
4330 2 2 5 1 2859 2816 3146
4331 2 2 5 1 4668 5308 7595
4332 2 2 5 1 2634 1319 6649
4333 2 2 5 1 6196 6926 6983
4334 2 2 5 1 1257 1258 1259
4335 2 2 5 1 3953 4760 4761
4336 2 2 5 1 2352 2353 2354
4337 2 2 5 1 787 759 4383
4338 2 2 5 1 6047 3210 6740
4339 2 2 5 1 5669 6402 7119
4340 2 2 5 1 603 604 605
4341 2 2 5 1 1169 1123 1170
4342 2 2 5 1 1538 1715 6566
4343 2 2 5 1 1253 1171 2345
4344 2 2 5 1 6310 2190 6319
4345 2 2 5 1 354 355 520
4346 2 2 5 1 183 184 519
4347 2 2 5 1 5052 4096 5053
4348 2 2 5 1 7160 2468 7166
4349 2 2 5 1 1124 1082 1158
4350 2 2 5 1 2350 1399 2351
4351 2 2 5 1 6460 6458 6463
4352 2 2 5 1 1080 1122 1157
4353 2 2 5 1 5059 5060 5061
4354 2 2 5 1 4420 4255 4421
4355 2 2 5 1 642 643 644
4356 2 2 5 1 5053 5742 5743
4357 2 2 5 1 3154 2707 6735
4358 2 2 5 1 4761 4760 5733
4359 2 2 5 1 1169 1251 2346
4360 2 2 5 1 632 634 636
4361 2 2 5 1 5055 5054 5056
4362 2 2 5 1 2362 2818 3013
4363 2 2 5 1 801 6021 6918
4364 2 2 5 1 2383 2382 2384
4365 2 2 5 1 2354 2353 2355
4366 2 2 5 1 3607 2965 5658
4367 2 2 5 1 2056 2058 3114
4368 2 2 5 1 4101 5046 5749
4369 2 2 5 1 5044 4104 5750
4370 2 2 5 1 1576 6025 6656
4371 2 2 5 1 1252 1256 1257
4372 2 2 5 1 2281 2132 6029
4373 2 2 5 1 3178 1750 5748
4374 2 2 5 1 4265 4266 4267
4375 2 2 5 1 4905 3680 7367
4376 2 2 5 1 3801 4531 4532
4377 2 2 5 1 6488 4735 6753
4378 2 2 5 1 4189 4493 4914
4379 2 2 5 1 3081 2189 7049
4380 2 2 5 1 2213 1856 6295
4381 2 2 5 1 2385 2384 2386
4382 2 2 5 1 2354 2355 2357
4383 2 2 5 1 3013 2818 3545
4384 2 2 5 1 6271 6270 7026
4385 2 2 5 1 570 556 5965
4386 2 2 5 1 357 358 2371
4387 2 2 5 1 594 592 595
4388 2 2 5 1 1152 1854 1961
4389 2 2 5 1 6645 6305 6967
4390 2 2 5 1 835 219 7195
4391 2 2 5 1 4488 4190 4915
4392 2 2 5 1 4085 1392 5859
4393 2 2 5 1 950 949 951
4394 2 2 5 1 2794 2395 2994
4395 2 2 5 1 3596 3597 5289
4396 2 2 5 1 1125 1171 1172
4397 2 2 5 1 2093 2768 6134
4398 2 2 5 1 952 951 953
4399 2 2 5 1 5079 4521 5893
4400 2 2 5 1 4670 3970 5049
4401 2 2 5 1 2781 2958 6354
4402 2 2 5 1 954 953 955
4403 2 2 5 1 956 955 957
4404 2 2 5 1 6513 6866 7077
4405 2 2 5 1 1264 1263 1265
4406 2 2 5 1 7039 4216 7088
4407 2 2 5 1 2373 4120 6336
4408 2 2 5 1 3804 4885 6095
4409 2 2 5 1 6366 6423 6494
4410 2 2 5 1 1411 4085 4086
4411 2 2 5 1 3407 3867 4020
4412 2 2 5 1 2385 2386 2387
4413 2 2 5 1 630 631 632
4414 2 2 5 1 591 590 592
4415 2 2 5 1 4580 4583 5618
4416 2 2 5 1 4379 4412 5751
4417 2 2 5 1 2583 2582 2883
4418 2 2 5 1 5543 2947 7765
4419 2 2 5 1 5590 4804 7453
4420 2 2 5 1 605 604 606
4421 2 2 5 1 1251 1170 1252
4422 2 2 5 1 3952 3568 3953
4423 2 2 5 1 2352 2351 2353
4424 2 2 5 1 6093 4741 6344
4425 2 2 5 1 4521 3626 4523
4426 2 2 5 1 5758 7329 7344
4427 2 2 5 1 2794 2994 3541
4428 2 2 5 1 6922 3897 7213
4429 2 2 5 1 4086 4704 5717
4430 2 2 5 1 2355 2358 5972
4431 2 2 5 1 1142 1292 6303
4432 2 2 5 1 2768 4123 6134
4433 2 2 5 1 2387 2386 2389
4434 2 2 5 1 2441 6074 6075
4435 2 2 5 1 884 2330 5715
4436 2 2 5 1 2671 2993 6096
4437 2 2 5 1 2149 2148 6036
4438 2 2 5 1 5530 5531 7730
4439 2 2 5 1 884 883 885
4440 2 2 5 1 2133 2267 5886
4441 2 2 5 1 3574 3139 3970
4442 2 2 5 1 1398 2382 2383
4443 2 2 5 1 2609 6544 6821
4444 2 2 5 1 871 872 873
4445 2 2 5 1 6066 3856 6067
4446 2 2 5 1 1049 2507 6064
4447 2 2 5 1 1262 1254 1263
4448 2 2 5 1 3622 4516 4517
4449 2 2 5 1 2383 2384 2385
4450 2 2 5 1 1064 1063 6041
4451 2 2 5 1 644 643 645
4452 2 2 5 1 3496 2781 6354
4453 2 2 5 1 2579 2572 6398
4454 2 2 5 1 605 606 607
4455 2 2 5 1 949 947 3181
4456 2 2 5 1 163 164 5768
4457 2 2 5 1 978 979 6026
4458 2 2 5 1 632 633 634
4459 2 2 5 1 593 592 594
4460 2 2 5 1 2329 872 5718
4461 2 2 5 1 3060 3846 4189
4462 2 2 5 1 374 375 5770
4463 2 2 5 1 644 646 6107
4464 2 2 5 1 4263 4264 4265
4465 2 2 5 1 5862 3231 6680
4466 2 2 5 1 1910 1814 1979
4467 2 2 5 1 3509 3035 3739
4468 2 2 5 1 5053 5743 5744
4469 2 2 5 1 5531 7312 7730
4470 2 2 5 1 2316 1888 5540
4471 2 2 5 1 2393 2397 6046
4472 2 2 5 1 3842 3058 4190
4473 2 2 5 1 2440 1636 6261
4474 2 2 5 1 1353 1654 7378
4475 2 2 5 1 2397 3509 6046
4476 2 2 5 1 6155 6567 6672
4477 2 2 5 1 6497 6000 6498
4478 2 2 5 1 3224 6219 6303
4479 2 2 5 1 2361 2357 2786
4480 2 2 5 1 5989 2372 5990
4481 2 2 5 1 7763 4889 7897
4482 2 2 5 1 181 182 2738
4483 2 2 5 1 3147 3984 4148
4484 2 2 5 1 4077 3626 4521
4485 2 2 5 1 1266 1265 1347
4486 2 2 5 1 3944 3942 6013
4487 2 2 5 1 2560 2581 6022
4488 2 2 5 1 1909 1614 7101
4489 2 2 5 1 755 1589 7324
4490 2 2 5 1 4662 4660 6111
4491 2 2 5 1 3355 3360 6399
4492 2 2 5 1 5941 5940 5942
4493 2 2 5 1 6334 6333 7003
4494 2 2 5 1 3575 3574 5953
4495 2 2 5 1 2442 804 6281
4496 2 2 5 1 2874 2305 6040
4497 2 2 5 1 614 615 616
4498 2 2 5 1 575 574 576
4499 2 2 5 1 1916 5747 6077
4500 2 2 5 1 948 947 949
4501 2 2 5 1 4941 4940 4942
4502 2 2 5 1 6661 4180 6752
4503 2 2 5 1 3622 4078 4516
4504 2 2 5 1 1259 1260 1345
4505 2 2 5 1 2389 2393 2779
4506 2 2 5 1 3627 4366 4964
4507 2 2 5 1 5935 6989 8673
4508 2 2 5 1 5912 5913 5914
4509 2 2 5 1 400 399 5869
4510 2 2 5 1 4517 5903 5904
4511 2 2 5 1 3047 3046 6050
4512 2 2 5 1 1023 966 1032
4513 2 2 5 1 4398 5829 6046
4514 2 2 5 1 2987 3836 5782
4515 2 2 5 1 4665 3687 4666
4516 2 2 5 1 2186 2697 6023
4517 2 2 5 1 4466 3973 6056
4518 2 2 5 1 3934 4662 5730
4519 2 2 5 1 1393 1392 1411
4520 2 2 5 1 4577 4576 4578
4521 2 2 5 1 725 726 6186
4522 2 2 5 1 1251 1252 5855
4523 2 2 5 1 4092 1405 4099
4524 2 2 5 1 2237 4141 6086
4525 2 2 5 1 3622 4517 6500
4526 2 2 5 1 1587 1722 6869
4527 2 2 5 1 6054 6051 6126
4528 2 2 5 1 1347 1265 1399
4529 2 2 5 1 3478 4427 4431
4530 2 2 5 1 4943 4942 4944
4531 2 2 5 1 1115 3116 6150
4532 2 2 5 1 3265 3263 6043
4533 2 2 5 1 3825 4391 6285
4534 2 2 5 1 3186 6140 7688
4535 2 2 5 1 1358 1268 1671
4536 2 2 5 1 2417 6137 7158
4537 2 2 5 1 2134 2136 7204
4538 2 2 5 1 1257 1256 1258
4539 2 2 5 1 3623 4911 6109
4540 2 2 5 1 4517 5905 6500
4541 2 2 5 1 5593 4903 5594
4542 2 2 5 1 5987 3541 6500
4543 2 2 5 1 6237 6326 6726
4544 2 2 5 1 1980 3993 5992
4545 2 2 5 1 727 2372 5989
4546 2 2 5 1 4522 4521 5079
4547 2 2 5 1 6095 4885 7604
4548 2 2 5 1 2937 2245 6081
4549 2 2 5 1 5533 5534 5535
4550 2 2 5 1 4948 5490 8219
4551 2 2 5 1 273 274 6457
4552 2 2 5 1 3224 1377 6566
4553 2 2 5 1 4433 4359 5088
4554 2 2 5 1 2070 5902 6912
4555 2 2 5 1 3366 5788 6037
4556 2 2 5 1 2466 6437 6438
4557 2 2 5 1 3624 3623 6109
4558 2 2 5 1 2730 2732 6952
4559 2 2 5 1 3430 3355 6399
4560 2 2 5 1 1925 6258 6259
4561 2 2 5 1 2583 3139 3140
4562 2 2 5 1 3691 4668 4669
4563 2 2 5 1 3509 3739 4397
4564 2 2 5 1 6227 7092 7103
4565 2 2 5 1 2288 2201 3040
4566 2 2 5 1 369 370 5787
4567 2 2 5 1 622 623 624
4568 2 2 5 1 583 582 584
4569 2 2 5 1 616 617 618
4570 2 2 5 1 577 576 578
4571 2 2 5 1 2516 2518 6108
4572 2 2 5 1 4934 5305 8163
4573 2 2 5 1 4939 4938 4940
4574 2 2 5 1 5824 4935 8263
4575 2 2 5 1 607 606 608
4576 2 2 5 1 618 619 620
4577 2 2 5 1 579 578 580
4578 2 2 5 1 620 621 622
4579 2 2 5 1 581 580 582
4580 2 2 5 1 983 986 6131
4581 2 2 5 1 2671 6096 6159
4582 2 2 5 1 168 169 5962
4583 2 2 5 1 624 625 626
4584 2 2 5 1 585 584 586
4585 2 2 5 1 1263 1254 5885
4586 2 2 5 1 171 172 5790
4587 2 2 5 1 3950 3159 4096
4588 2 2 5 1 2940 1442 4000
4589 2 2 5 1 1172 1253 1254
4590 2 2 5 1 4086 4085 4704
4591 2 2 5 1 3685 3686 6084
4592 2 2 5 1 6163 6164 6170
4593 2 2 5 1 610 611 652
4594 2 2 5 1 607 608 610
4595 2 2 5 1 4183 6097 6651
4596 2 2 5 1 646 645 647
4597 2 2 5 1 3950 4096 5052
4598 2 2 5 1 1232 1234 6669
4599 2 2 5 1 2197 2107 6034
4600 2 2 5 1 2190 6309 6835
4601 2 2 5 1 268 1297 6471
4602 2 2 5 1 187 779 5956
4603 2 2 5 1 3823 3825 6285
4604 2 2 5 1 4270 3819 4539
4605 2 2 5 1 6725 6277 6879
4606 2 2 5 1 1937 3856 6066
4607 2 2 5 1 4457 1438 4547
4608 2 2 5 1 3140 3574 3575
4609 2 2 5 1 1259 1345 1398
4610 2 2 5 1 1907 1845 5988
4611 2 2 5 1 1085 6064 6892
4612 2 2 5 1 2360 2357 2361
4613 2 2 5 1 2397 3035 3509
4614 2 2 5 1 3803 4257 4515
4615 2 2 5 1 4534 4533 4926
4616 2 2 5 1 2954 6746 7265
4617 2 2 5 1 4028 3634 5945
4618 2 2 5 1 5459 5462 5491
4619 2 2 5 1 2082 2287 7286
4620 2 2 5 1 2439 2446 6228
4621 2 2 5 1 4178 6645 6967
4622 2 2 5 1 3743 6767 7095
4623 2 2 5 1 1252 1257 5855
4624 2 2 5 1 6678 6082 6838
4625 2 2 5 1 4261 4262 4263
4626 2 2 5 1 648 647 650
4627 2 2 5 1 4092 4099 4711
4628 2 2 5 1 4641 4317 7710
4629 2 2 5 1 4516 4684 5078
4630 2 2 5 1 6980 4781 7052
4631 2 2 5 1 953 951 1542
4632 2 2 5 1 3823 3394 3824
4633 2 2 5 1 532 6644 6865
4634 2 2 5 1 3037 2365 3513
4635 2 2 5 1 3627 3522 4366
4636 2 2 5 1 2364 2361 2365
4637 2 2 5 1 2085 3912 6090
4638 2 2 5 1 3739 4549 5970
4639 2 2 5 1 5897 7683 7693
4640 2 2 5 1 4733 3753 5695
4641 2 2 5 1 1254 1253 5885
4642 2 2 5 1 1036 1001 6024
4643 2 2 5 1 2575 2569 7142
4644 2 2 5 1 1411 1392 4085
4645 2 2 5 1 1925 6259 6260
4646 2 2 5 1 3568 3281 5875
4647 2 2 5 1 700 723 1703
4648 2 2 5 1 185 186 2399
4649 2 2 5 1 349 536 6182
4650 2 2 5 1 2379 5988 7074
4651 2 2 5 1 1924 2088 2867
4652 2 2 5 1 1331 1314 6045
4653 2 2 5 1 4658 4657 4902
4654 2 2 5 1 3825 3824 4389
4655 2 2 5 1 644 645 646
4656 2 2 5 1 6138 819 6139
4657 2 2 5 1 4461 4390 5543
4658 2 2 5 1 721 698 1702
4659 2 2 5 1 6503 6502 7084
4660 2 2 5 1 5932 5588 7776
4661 2 2 5 1 6160 3016 6162
4662 2 2 5 1 6039 2485 6832
4663 2 2 5 1 6496 6497 6499
4664 2 2 5 1 2366 2365 3037
4665 2 2 5 1 3074 3073 6820
4666 2 2 5 1 4617 4618 5059
4667 2 2 5 1 6149 6150 6151
4668 2 2 5 1 4311 6618 8359
4669 2 2 5 1 820 801 6918
4670 2 2 5 1 5112 4397 5113
4671 2 2 5 1 651 650 654
4672 2 2 5 1 6771 6273 7325
4673 2 2 5 1 610 608 611
4674 2 2 5 1 5907 5965 7184
4675 2 2 5 1 2870 2222 7083
4676 2 2 5 1 1100 1088 6005
4677 2 2 5 1 6070 4417 6071
4678 2 2 5 1 4616 4615 5054
4679 2 2 5 1 5525 5522 5611
4680 2 2 5 1 2940 4000 4054
4681 2 2 5 1 634 633 635
4682 2 2 5 1 593 594 598
4683 2 2 5 1 1388 1405 4092
4684 2 2 5 1 364 5957 5960
4685 2 2 5 1 6419 2459 6732
4686 2 2 5 1 6097 2507 6651
4687 2 2 5 1 6468 6467 6469
4688 2 2 5 1 3067 4246 6229
4689 2 2 5 1 3038 3037 3522
4690 2 2 5 1 2091 2635 6057
4691 2 2 5 1 5953 4670 5954
4692 2 2 5 1 3567 3281 3568
4693 2 2 5 1 4527 3827 5075
4694 2 2 5 1 5666 5586 6129
4695 2 2 5 1 6082 5880 6838
4696 2 2 5 1 6227 6226 7038
4697 2 2 5 1 646 648 6138
4698 2 2 5 1 4658 4902 4903
4699 2 2 5 1 1856 1754 6295
4700 2 2 5 1 1061 1035 1062
4701 2 2 5 1 6241 2033 7394
4702 2 2 5 1 3318 3320 3324
4703 2 2 5 1 7303 4804 7551
4704 2 2 5 1 3192 6120 6228
4705 2 2 5 1 3392 3390 4824
4706 2 2 5 1 1388 1389 1405
4707 2 2 5 1 5999 4727 7409
4708 2 2 5 1 3825 4389 4390
4709 2 2 5 1 6475 6474 6476
4710 2 2 5 1 3578 3827 4527
4711 2 2 5 1 2389 2392 2393
4712 2 2 5 1 3330 3949 5995
4713 2 2 5 1 6051 6050 6126
4714 2 2 5 1 265 488 6478
4715 2 2 5 1 949 3181 5892
4716 2 2 5 1 3328 3329 4745
4717 2 2 5 1 2176 2214 6135
4718 2 2 5 1 3540 2877 4718
4719 2 2 5 1 1262 1263 1264
4720 2 2 5 1 500 173 5793
4721 2 2 5 1 6656 4755 6999
4722 2 2 5 1 6050 3046 6126
4723 2 2 5 1 2878 3543 4716
4724 2 2 5 1 6326 5919 6726
4725 2 2 5 1 6201 4748 6202
4726 2 2 5 1 981 983 6131
4727 2 2 5 1 1825 1823 6091
4728 2 2 5 1 358 359 5838
4729 2 2 5 1 6366 6422 6423
4730 2 2 5 1 4101 4351 4617
4731 2 2 5 1 3523 3522 3627
4732 2 2 5 1 3746 4725 5665
4733 2 2 5 1 6033 4128 6993
4734 2 2 5 1 632 631 633
4735 2 2 5 1 591 592 593
4736 2 2 5 1 3210 3208 6740
4737 2 2 5 1 3823 3824 3825
4738 2 2 5 1 6681 6981 7022
4739 2 2 5 1 6813 532 6865
4740 2 2 5 1 7318 1699 7364
4741 2 2 5 1 860 6534 6986
4742 2 2 5 1 2397 2941 3035
4743 2 2 5 1 271 487 6464
4744 2 2 5 1 2393 2394 2397
4745 2 2 5 1 6195 6544 6991
4746 2 2 5 1 3324 3320 3325
4747 2 2 5 1 646 647 648
4748 2 2 5 1 6498 6000 7389
4749 2 2 5 1 1733 3384 7100
4750 2 2 5 1 4352 4104 4615
4751 2 2 5 1 6073 3115 6654
4752 2 2 5 1 2832 2833 2834
4753 2 2 5 1 2755 2379 3123
4754 2 2 5 1 752 2976 6028
4755 2 2 5 1 3739 4487 4549
4756 2 2 5 1 2285 2283 3138
4757 2 2 5 1 5205 5204 5206
4758 2 2 5 1 2307 2780 6040
4759 2 2 5 1 3578 3141 3827
4760 2 2 5 1 4656 4655 4657
4761 2 2 5 1 3542 4100 4101
4762 2 2 5 1 2577 2583 7183
4763 2 2 5 1 4775 6549 6550
4764 2 2 5 1 3158 3123 3942
4765 2 2 5 1 2809 2808 2810
4766 2 2 5 1 1391 1348 1392
4767 2 2 5 1 6196 4184 6926
4768 2 2 5 1 3958 5868 8368
4769 2 2 5 1 2560 2562 2581
4770 2 2 5 1 4339 7164 7527
4771 2 2 5 1 4708 3591 6191
4772 2 2 5 1 1317 6980 7052
4773 2 2 5 1 1409 1442 2940
4774 2 2 5 1 2633 2024 7051
4775 2 2 5 1 3591 3592 6191
4776 2 2 5 1 3868 4969 6246
4777 2 2 5 1 4389 4706 4825
4778 2 2 5 1 4164 4166 6444
4779 2 2 5 1 2755 3123 3158
4780 2 2 5 1 3158 3942 3944
4781 2 2 5 1 5692 5684 5693
4782 2 2 5 1 3328 5527 6076
4783 2 2 5 1 4103 3539 4104
4784 2 2 5 1 965 957 966
4785 2 2 5 1 6220 3224 6566
4786 2 2 5 1 1416 1415 1443
4787 2 2 5 1 1558 1443 1678
4788 2 2 5 1 1573 6503 7084
4789 2 2 5 1 5488 4664 5489
4790 2 2 5 1 2919 6235 6841
4791 2 2 5 1 955 953 5888
4792 2 2 5 1 4248 4249 4261
4793 2 2 5 1 836 837 6279
4794 2 2 5 1 6819 6180 7197
4795 2 2 5 1 1291 6189 7240
4796 2 2 5 1 7521 6122 7571
4797 2 2 5 1 1799 1797 2502
4798 2 2 5 1 648 650 651
4799 2 2 5 1 176 177 5836
4800 2 2 5 1 1444 1443 1558
4801 2 2 5 1 1259 1258 1260
4802 2 2 5 1 735 730 6033
4803 2 2 5 1 1845 1771 1980
4804 2 2 5 1 3796 4399 4850
4805 2 2 5 1 1722 1828 2630
4806 2 2 5 1 6544 6545 6821
4807 2 2 5 1 2131 2379 2755
4808 2 2 5 1 4000 4112 5200
4809 2 2 5 1 4732 6340 6801
4810 2 2 5 1 957 4829 5884
4811 2 2 5 1 3949 5204 5205
4812 2 2 5 1 3722 6725 6879
4813 2 2 5 1 4960 3944 5117
4814 2 2 5 1 2131 1907 2379
4815 2 2 5 1 1559 1558 1676
4816 2 2 5 1 2085 2908 3912
4817 2 2 5 1 4128 5989 5991
4818 2 2 5 1 4654 4653 4655
4819 2 2 5 1 5205 5206 6996
4820 2 2 5 1 5988 1980 5992
4821 2 2 5 1 630 629 631
4822 2 2 5 1 589 590 591
4823 2 2 5 1 4917 3873 7750
4824 2 2 5 1 754 778 6363
4825 2 2 5 1 2029 3016 6160
4826 2 2 5 1 4131 4132 5110
4827 2 2 5 1 4960 5117 5482
4828 2 2 5 1 3871 4916 7749
4829 2 2 5 1 3879 4542 5852
4830 2 2 5 1 3042 3868 6246
4831 2 2 5 1 2536 6741 7110
4832 2 2 5 1 4045 4652 6085
4833 2 2 5 1 3451 2870 6599
4834 2 2 5 1 1296 6522 6744
4835 2 2 5 1 352 353 2398
4836 2 2 5 1 790 2441 6123
4837 2 2 5 1 6312 6319 7146
4838 2 2 5 1 6488 1759 7178
4839 2 2 5 1 1186 1126 6173
4840 2 2 5 1 4129 4130 4131
4841 2 2 5 1 1677 1676 1745
4842 2 2 5 1 4172 6239 6840
4843 2 2 5 1 6239 6205 6840
4844 2 2 5 1 1746 1745 1794
4845 2 2 5 1 2649 2580 6159
4846 2 2 5 1 1409 1410 1442
4847 2 2 5 1 6109 4911 6110
4848 2 2 5 1 5080 5079 5247
4849 2 2 5 1 6119 4168 6556
4850 2 2 5 1 3858 4946 4947
4851 2 2 5 1 4579 4578 4580
4852 2 2 5 1 4246 4247 4248
4853 2 2 5 1 3942 4090 6013
4854 2 2 5 1 1845 1980 5988
4855 2 2 5 1 2533 6213 6367
4856 2 2 5 1 254 255 6437
4857 2 2 5 1 536 350 6089
4858 2 2 5 1 1576 6656 6999
4859 2 2 5 1 5263 4527 5264
4860 2 2 5 1 4449 4450 5310
4861 2 2 5 1 2748 2730 6952
4862 2 2 5 1 3325 3327 3328
4863 2 2 5 1 1740 2048 7071
4864 2 2 5 1 2362 2363 2818
4865 2 2 5 1 1794 1745 1796
4866 2 2 5 1 1961 1962 2188
4867 2 2 5 1 6150 3116 6151
4868 2 2 5 1 2768 2992 3486
4869 2 2 5 1 2771 1825 6091
4870 2 2 5 1 4128 727 5989
4871 2 2 5 1 1770 1593 1771
4872 2 2 5 1 6253 6254 6255
4873 2 2 5 1 1022 966 1023
4874 2 2 5 1 2836 2837 2840
4875 2 2 5 1 1380 1540 6788
4876 2 2 5 1 2093 2268 2768
4877 2 2 5 1 1770 1771 1845
4878 2 2 5 1 215 216 6644
4879 2 2 5 1 1077 6001 6002
4880 2 2 5 1 6120 3192 6823
4881 2 2 5 1 2768 2268 2992
4882 2 2 5 1 3972 3854 4996
4883 2 2 5 1 825 800 6487
4884 2 2 5 1 2813 2812 2816
4885 2 2 5 1 1346 1387 1388
4886 2 2 5 1 6236 2919 6841
4887 2 2 5 1 979 980 981
4888 2 2 5 1 4656 4657 4658
4889 2 2 5 1 2834 2835 2836
4890 2 2 5 1 818 836 6281
4891 2 2 5 1 981 982 983
4892 2 2 5 1 5582 5580 5583
4893 2 2 5 1 1264 1265 1266
4894 2 2 5 1 5622 3918 5623
4895 2 2 5 1 3499 3634 4028
4896 2 2 5 1 223 5353 8309
4897 2 2 5 1 5960 5959 5961
4898 2 2 5 1 2518 3036 6108
4899 2 2 5 1 1414 1412 1415
4900 2 2 5 1 703 711 6336
4901 2 2 5 1 1481 1480 6421
4902 2 2 5 1 4654 5741 6339
4903 2 2 5 1 213 214 6635
4904 2 2 5 1 6021 5861 6918
4905 2 2 5 1 4473 3891 4640
4906 2 2 5 1 6893 6695 7202
4907 2 2 5 1 2811 2810 2812
4908 2 2 5 1 1620 2436 6254
4909 2 2 5 1 2496 217 6663
4910 2 2 5 1 1835 4310 7284
4911 2 2 5 1 6945 2070 7212
4912 2 2 5 1 645 643 649
4913 2 2 5 1 6623 6621 6663
4914 2 2 5 1 355 356 6008
4915 2 2 5 1 983 984 985
4916 2 2 5 1 1266 1347 1348
4917 2 2 5 1 4749 6487 6488
4918 2 2 5 1 2298 2929 3596
4919 2 2 5 1 218 835 6663
4920 2 2 5 1 4968 3936 4970
4921 2 2 5 1 4574 4577 5709
4922 2 2 5 1 3868 3936 4968
4923 2 2 5 1 3868 3230 3936
4924 2 2 5 1 5856 452 5937
4925 2 2 5 1 1146 2401 7463
4926 2 2 5 1 6032 2866 6328
4927 2 2 5 1 1167 1115 6150
4928 2 2 5 1 705 660 719
4929 2 2 5 1 3570 3571 4520
4930 2 2 5 1 4738 3210 7205
4931 2 2 5 1 2396 2395 2794
4932 2 2 5 1 1292 3224 6303
4933 2 2 5 1 1099 1168 6344
4934 2 2 5 1 1795 1794 1915
4935 2 2 5 1 2466 254 6437
4936 2 2 5 1 1393 1411 1412
4937 2 2 5 1 4652 4651 4653
4938 2 2 5 1 836 6279 6280
4939 2 2 5 1 1405 1406 5920
4940 2 2 5 1 1043 1080 5981
4941 2 2 5 1 7377 2652 7464
4942 2 2 5 1 3324 3325 6076
4943 2 2 5 1 3105 6163 6170
4944 2 2 5 1 5042 7450 8235
4945 2 2 5 1 3105 2116 6163
4946 2 2 5 1 3042 3230 3868
4947 2 2 5 1 184 185 5881
4948 2 2 5 1 2441 807 6074
4949 2 2 5 1 2570 2576 2577
4950 2 2 5 1 3993 5104 5636
4951 2 2 5 1 4799 4203 7102
4952 2 2 5 1 603 605 609
4953 2 2 5 1 3384 3804 6095
4954 2 2 5 1 5938 2487 6263
4955 2 2 5 1 658 703 718
4956 2 2 5 1 2883 3147 5998
4957 2 2 5 1 4002 4001 5663
4958 2 2 5 1 2990 7187 7563
4959 2 2 5 1 1757 1645 6049
4960 2 2 5 1 6441 6567 6955
4961 2 2 5 1 6227 2021 7092
4962 2 2 5 1 5743 5742 5746
4963 2 2 5 1 6386 7402 7437
4964 2 2 5 1 3316 3318 7453
4965 2 2 5 1 4697 5174 5175
4966 2 2 5 1 727 713 2372
4967 2 2 5 1 3685 3575 3686
4968 2 2 5 1 985 984 989
4969 2 2 5 1 1293 6453 6454
4970 2 2 5 1 1863 1865 7167
4971 2 2 5 1 2216 3173 6142
4972 2 2 5 1 1837 1749 2108
4973 2 2 5 1 4532 4531 4533
4974 2 2 5 1 1120 1085 6892
4975 2 2 5 1 3804 4884 4885
4976 2 2 5 1 4652 4654 6339
4977 2 2 5 1 5075 5076 5077
4978 2 2 5 1 1419 1365 1506
4979 2 2 5 1 983 982 984
4980 2 2 5 1 2238 2237 6086
4981 2 2 5 1 2093 1944 2268
4982 2 2 5 1 6461 6460 6462
4983 2 2 5 1 2520 2516 6108
4984 2 2 5 1 7405 4726 7426
4985 2 2 5 1 4654 4655 4656
4986 2 2 5 1 4124 3486 4127
4987 2 2 5 1 3328 3327 3329
4988 2 2 5 1 1391 1392 1393
4989 2 2 5 1 3303 4081 6381
4990 2 2 5 1 930 2487 6082
4991 2 2 5 1 2866 987 6328
4992 2 2 5 1 6052 6051 6053
4993 2 2 5 1 4449 3603 4450
4994 2 2 5 1 180 181 5858
4995 2 2 5 1 4804 7303 7453
4996 2 2 5 1 6107 646 6138
4997 2 2 5 1 6074 5027 6075
4998 2 2 5 1 2355 2356 2358
4999 2 2 5 1 981 980 982
5000 2 2 5 1 1297 6468 6471
5001 2 2 5 1 1290 644 6107
5002 2 2 5 1 1689 1577 1723
5003 2 2 5 1 809 5548 7819
5004 2 2 5 1 4127 5941 5943
5005 2 2 5 1 959 763 960
5006 2 2 5 1 4391 4390 4461
5007 2 2 5 1 4697 4126 5174
5008 2 2 5 1 5973 1013 6019
5009 2 2 5 1 3286 4093 6385
5010 2 2 5 1 3339 3979 4787
5011 2 2 5 1 1925 1632 6258
5012 2 2 5 1 1001 2866 6024
5013 2 2 5 1 978 960 979
5014 2 2 5 1 4631 4473 4859
5015 2 2 5 1 2780 3496 4129
5016 2 2 5 1 2358 2359 2362
5017 2 2 5 1 4063 3352 6377
5018 2 2 5 1 2350 2352 5760
5019 2 2 5 1 182 183 5871
5020 2 2 5 1 3376 980 6530
5021 2 2 5 1 3042 2709 3230
5022 2 2 5 1 5587 7655 7776
5023 2 2 5 1 4180 6662 6788
5024 2 2 5 1 985 989 6328
5025 2 2 5 1 3252 4118 6389
5026 2 2 5 1 2558 6022 6127
5027 2 2 5 1 3574 4670 5953
5028 2 2 5 1 3972 4996 5265
5029 2 2 5 1 5966 1855 5967
5030 2 2 5 1 728 727 4128
5031 2 2 5 1 6005 2410 6006
5032 2 2 5 1 4652 4653 4654
5033 2 2 5 1 2555 2558 6127
5034 2 2 5 1 6309 4173 6835
5035 2 2 5 1 980 960 6530
5036 2 2 5 1 6541 6352 6931
5037 2 2 5 1 4593 4597 5850
5038 2 2 5 1 488 6475 6478
5039 2 2 5 1 1937 2304 3856
5040 2 2 5 1 2824 2825 2841
5041 2 2 5 1 5053 4096 5742
5042 2 2 5 1 7071 2991 7072
5043 2 2 5 1 356 357 6011
5044 2 2 5 1 2373 725 3022
5045 2 2 5 1 5310 4450 5311
5046 2 2 5 1 800 1759 6487
5047 2 2 5 1 3764 6051 6052
5048 2 2 5 1 4398 4397 5112
5049 2 2 5 1 6005 6006 6018
5050 2 2 5 1 1088 2410 6005
5051 2 2 5 1 187 188 779
5052 2 2 5 1 1293 6454 6455
5053 2 2 5 1 628 627 629
5054 2 2 5 1 587 588 589
5055 2 2 5 1 5695 4229 7395
5056 2 2 5 1 4792 7079 7387
5057 2 2 5 1 4686 3685 6084
5058 2 2 5 1 1126 1100 1156
5059 2 2 5 1 2182 2152 2417
5060 2 2 5 1 6538 6539 6540
5061 2 2 5 1 3364 3366 6037
5062 2 2 5 1 1406 1408 1409
5063 2 2 5 1 1819 1959 2032
5064 2 2 5 1 3190 2375 3476
5065 2 2 5 1 2184 1837 6099
5066 2 2 5 1 3412 3945 4157
5067 2 2 5 1 2801 2800 2817
5068 2 2 5 1 6306 5607 6751
5069 2 2 5 1 1916 1915 5747
5070 2 2 5 1 3223 754 6363
5071 2 2 5 1 1455 1437 6806
5072 2 2 5 1 4132 5245 6106
5073 2 2 5 1 1313 1186 2375
5074 2 2 5 1 5487 4664 5488
5075 2 2 5 1 5110 4132 6106
5076 2 2 5 1 1045 1026 2337
5077 2 2 5 1 2446 3192 6228
5078 2 2 5 1 6635 532 6813
5079 2 2 5 1 6387 1699 7379
5080 2 2 5 1 6866 2610 7077
5081 2 2 5 1 1024 1043 2338
5082 2 2 5 1 6596 6429 6655
5083 2 2 5 1 2570 2577 7444
5084 2 2 5 1 3328 4745 5527
5085 2 2 5 1 6534 4743 6986
5086 2 2 5 1 3102 3050 3764
5087 2 2 5 1 351 352 6087
5088 2 2 5 1 711 725 2373
5089 2 2 5 1 1504 1419 7228
5090 2 2 5 1 3023 3022 3632
5091 2 2 5 1 4131 4130 4132
5092 2 2 5 1 5758 7344 7360
5093 2 2 5 1 6366 6421 6422
5094 2 2 5 1 4075 5607 6306
5095 2 2 5 1 1294 6583 6584
5096 2 2 5 1 6027 4750 6858
5097 2 2 5 1 2439 6228 6527
5098 2 2 5 1 1265 1263 6353
5099 2 2 5 1 1709 4180 6788
5100 2 2 5 1 1088 1067 2410
5101 2 2 5 1 989 1937 6066
5102 2 2 5 1 6024 2866 6031
5103 2 2 5 1 6058 6057 6061
5104 2 2 5 1 1063 1036 1090
5105 2 2 5 1 4584 4235 4642
5106 2 2 5 1 6121 3709 6122
5107 2 2 5 1 1402 6361 6362
5108 2 2 5 1 3892 3891 4473
5109 2 2 5 1 3366 4023 5788
5110 2 2 5 1 1213 4250 7357
5111 2 2 5 1 2391 2390 2395
5112 2 2 5 1 5934 4964 5935
5113 2 2 5 1 403 402 2374
5114 2 2 5 1 1345 1260 1346
5115 2 2 5 1 763 6028 6530
5116 2 2 5 1 4212 3432 7042
5117 2 2 5 1 6381 4081 6382
5118 2 2 5 1 2388 2387 2390
5119 2 2 5 1 1313 2375 3190
5120 2 2 5 1 2338 1043 5981
5121 2 2 5 1 4144 4452 6144
5122 2 2 5 1 6272 2010 6273
5123 2 2 5 1 1634 1925 6261
5124 2 2 5 1 4116 5032 5063
5125 2 2 5 1 3949 4475 5204
5126 2 2 5 1 4717 5108 5109
5127 2 2 5 1 5105 4719 5106
5128 2 2 5 1 1568 1567 1712
5129 2 2 5 1 6385 4093 6386
5130 2 2 5 1 2011 2010 6272
5131 2 2 5 1 6567 6440 6672
5132 2 2 5 1 3099 3921 4209
5133 2 2 5 1 6151 6341 6767
5134 2 2 5 1 3942 3943 4090
5135 2 2 5 1 2580 2671 6159
5136 2 2 5 1 915 6082 6678
5137 2 2 5 1 2281 6029 6402
5138 2 2 5 1 6389 4118 6390
5139 2 2 5 1 3013 3626 4077
5140 2 2 5 1 979 960 980
5141 2 2 5 1 1921 1918 6077
5142 2 2 5 1 5940 4028 5944
5143 2 2 5 1 3841 3154 6735
5144 2 2 5 1 3622 2994 4078
5145 2 2 5 1 2062 1842 6545
5146 2 2 5 1 4063 6377 6378
5147 2 2 5 1 5724 4167 6178
5148 2 2 5 1 1918 1916 6077
5149 2 2 5 1 854 2439 6527
5150 2 2 5 1 1001 987 2866
5151 2 2 5 1 655 654 660
5152 2 2 5 1 2700 2091 6057
5153 2 2 5 1 6364 6366 6494
5154 2 2 5 1 5717 7709 7730
5155 2 2 5 1 4071 3279 4919
5156 2 2 5 1 6832 2476 7020
5157 2 2 5 1 763 752 6028
5158 2 2 5 1 3852 2968 4373
5159 2 2 5 1 6101 6103 6493
5160 2 2 5 1 4129 3496 4130
5161 2 2 5 1 3185 6206 7006
5162 2 2 5 1 2373 3022 3023
5163 2 2 5 1 4090 4091 4459
5164 2 2 5 1 2558 2560 6022
5165 2 2 5 1 6101 6102 6103
5166 2 2 5 1 6322 2460 6323
5167 2 2 5 1 2577 2576 2582
5168 2 2 5 1 752 735 2976
5169 2 2 5 1 3913 2905 4235
5170 2 2 5 1 652 653 658
5171 2 2 5 1 1686 1858 3570
5172 2 2 5 1 2384 2382 5778
5173 2 2 5 1 3083 2313 6343
5174 2 2 5 1 6365 1481 6421
5175 2 2 5 1 5775 5776 5777
5176 2 2 5 1 4571 5209 5276
5177 2 2 5 1 6085 6339 6952
5178 2 2 5 1 1662 1534 6112
5179 2 2 5 1 408 407 6408
5180 2 2 5 1 5939 4028 5940
5181 2 2 5 1 6053 6054 6055
5182 2 2 5 1 4215 2433 6185
5183 2 2 5 1 2936 3185 7006
5184 2 2 5 1 1980 3657 3993
5185 2 2 5 1 4748 6201 6730
5186 2 2 5 1 1013 1024 6019
5187 2 2 5 1 3577 3141 3578
5188 2 2 5 1 6486 825 6487
5189 2 2 5 1 2641 2018 6245
5190 2 2 5 1 986 985 987
5191 2 2 5 1 2795 2794 5986
5192 2 2 5 1 3854 3624 6109
5193 2 2 5 1 3114 2058 6014
5194 2 2 5 1 5860 5861 6021
5195 2 2 5 1 5576 5575 5577
5196 2 2 5 1 5774 3880 8801
5197 2 2 5 1 1997 2452 6278
5198 2 2 5 1 1622 1620 6254
5199 2 2 5 1 452 451 5937
5200 2 2 5 1 6538 662 6539
5201 2 2 5 1 5523 5520 7339
5202 2 2 5 1 940 897 6574
5203 2 2 5 1 4157 3945 4220
5204 2 2 5 1 5909 6649 7088
5205 2 2 5 1 4087 3944 4960
5206 2 2 5 1 1945 1944 2093
5207 2 2 5 1 1531 1530 1567
5208 2 2 5 1 3604 3603 4449
5209 2 2 5 1 6254 2436 6255
5210 2 2 5 1 902 2423 3464
5211 2 2 5 1 4825 4706 5899
5212 2 2 5 1 1712 1713 1852
5213 2 2 5 1 6197 6194 6983
5214 2 2 5 1 2969 6661 6752
5215 2 2 5 1 7271 6690 7429
5216 2 2 5 1 3330 3948 3949
5217 2 2 5 1 6199 6198 6200
5218 2 2 5 1 6221 6218 6222
5219 2 2 5 1 661 660 705
5220 2 2 5 1 3185 6296 6298
5221 2 2 5 1 4123 3486 4124
5222 2 2 5 1 2360 2361 2364
5223 2 2 5 1 546 345 6130
5224 2 2 5 1 3118 2751 3642
5225 2 2 5 1 3993 4983 5104
5226 2 2 5 1 4045 4651 4652
5227 2 2 5 1 3692 4681 4886
5228 2 2 5 1 1291 1192 6189
5229 2 2 5 1 2133 2038 2267
5230 2 2 5 1 1922 1921 1944
5231 2 2 5 1 3630 3628 3891
5232 2 2 5 1 562 560 6302
5233 2 2 5 1 3858 3859 4946
5234 2 2 5 1 2349 6175 6176
5235 2 2 5 1 5326 6546 6547
5236 2 2 5 1 3659 4388 5315
5237 2 2 5 1 6070 4162 6096
5238 2 2 5 1 2245 2243 6081
5239 2 2 5 1 5687 5689 5690
5240 2 2 5 1 706 705 713
5241 2 2 5 1 2433 1320 6185
5242 2 2 5 1 714 713 727
5243 2 2 5 1 5578 5577 5579
5244 2 2 5 1 2968 2293 7129
5245 2 2 5 1 4318 4317 4641
5246 2 2 5 1 902 5027 6074
5247 2 2 5 1 915 930 6082
5248 2 2 5 1 5554 2316 7828
5249 2 2 5 1 3464 4016 6172
5250 2 2 5 1 6567 3730 6955
5251 2 2 5 1 3279 3265 6043
5252 2 2 5 1 2740 347 6181
5253 2 2 5 1 947 663 5907
5254 2 2 5 1 988 987 1001
5255 2 2 5 1 1137 1140 6697
5256 2 2 5 1 1852 1853 2091
5257 2 2 5 1 2964 5638 5640
5258 2 2 5 1 1416 1443 1444
5259 2 2 5 1 351 6087 6089
5260 2 2 5 1 3764 6050 6051
5261 2 2 5 1 1414 1415 1416
5262 2 2 5 1 2091 2092 2635
5263 2 2 5 1 2354 2357 2360
5264 2 2 5 1 1140 1142 6303
5265 2 2 5 1 2364 2365 2366
5266 2 2 5 1 4783 3250 6647
5267 2 2 5 1 3725 3724 7011
5268 2 2 5 1 5330 5329 5331
5269 2 2 5 1 4125 4124 4126
5270 2 2 5 1 3126 2641 6245
5271 2 2 5 1 186 187 5956
5272 2 2 5 1 6218 6220 6222
5273 2 2 5 1 3509 4398 6046
5274 2 2 5 1 658 659 703
5275 2 2 5 1 2029 2027 3016
5276 2 2 5 1 353 354 5890
5277 2 2 5 1 4162 4160 6096
5278 2 2 5 1 4456 3453 6722
5279 2 2 5 1 6217 6218 6221
5280 2 2 5 1 2626 2542 6772
5281 2 2 5 1 753 745 6123
5282 2 2 5 1 4389 3824 4706
5283 2 2 5 1 711 712 725
5284 2 2 5 1 5115 3938 6184
5285 2 2 5 1 455 454 5898
5286 2 2 5 1 703 704 711
5287 2 2 5 1 2157 2156 2158
5288 2 2 5 1 1516 1923 6068
5289 2 2 5 1 3325 3328 6076
5290 2 2 5 1 4937 3841 4938
5291 2 2 5 1 6644 6620 6865
5292 2 2 5 1 3103 3102 3603
5293 2 2 5 1 2284 2283 2285
5294 2 2 5 1 3203 3159 3950
5295 2 2 5 1 1480 2112 6421
5296 2 2 5 1 3173 6135 6136
5297 2 2 5 1 453 452 5856
5298 2 2 5 1 1024 2338 6019
5299 2 2 5 1 1388 1387 1389
5300 2 2 5 1 4099 1405 5920
5301 2 2 5 1 560 4185 6302
5302 2 2 5 1 611 608 809
5303 2 2 5 1 214 532 6635
5304 2 2 5 1 1365 1331 6044
5305 2 2 5 1 1019 972 6211
5306 2 2 5 1 3634 3635 3858
5307 2 2 5 1 4379 4411 4412
5308 2 2 5 1 6193 6194 6197
5309 2 2 5 1 652 611 653
5310 2 2 5 1 4696 4126 4697
5311 2 2 5 1 1897 1825 2771
5312 2 2 5 1 6844 3885 6845
5313 2 2 5 1 2998 2062 6545
5314 2 2 5 1 1444 1558 1559
5315 2 2 5 1 1991 1989 6118
5316 2 2 5 1 3633 3632 4439
5317 2 2 5 1 4071 4919 5319
5318 2 2 5 1 903 915 6678
5319 2 2 5 1 1002 1001 1036
5320 2 2 5 1 2282 2281 2283
5321 2 2 5 1 4367 6392 6393
5322 2 2 5 1 3822 3394 3823
5323 2 2 5 1 762 752 763
5324 2 2 5 1 6300 6299 6301
5325 2 2 5 1 5944 4028 5945
5326 2 2 5 1 736 735 752
5327 2 2 5 1 4000 1442 4112
5328 2 2 5 1 2553 2555 6127
5329 2 2 5 1 2700 6057 6058
5330 2 2 5 1 4077 4521 4522
5331 2 2 5 1 1908 1907 2131
5332 2 2 5 1 1033 1035 1061
5333 2 2 5 1 2286 2285 3141
5334 2 2 5 1 2366 3037 3038
5335 2 2 5 1 189 190 2872
5336 2 2 5 1 4317 3566 7577
5337 2 2 5 1 724 663 947
5338 2 2 5 1 2919 2523 6235
5339 2 2 5 1 4431 4427 4974
5340 2 2 5 1 1865 1957 2292
5341 2 2 5 1 2001 1991 6118
5342 2 2 5 1 5592 4903 5593
5343 2 2 5 1 5862 6680 7390
5344 2 2 5 1 4227 6541 6931
5345 2 2 5 1 3133 3174 3507
5346 2 2 5 1 1846 1845 1907
5347 2 2 5 1 8000 4863 8087
5348 2 2 5 1 2153 2152 2182
5349 2 2 5 1 2506 6198 6199
5350 2 2 5 1 4367 3371 6392
5351 2 2 5 1 917 6433 6434
5352 2 2 5 1 7015 2021 7038
5353 2 2 5 1 1252 1255 1256
5354 2 2 5 1 4129 4131 5864
5355 2 2 5 1 600 597 2347
5356 2 2 5 1 1405 1389 1406
5357 2 2 5 1 1037 1036 1063
5358 2 2 5 1 4760 3568 5875
5359 2 2 5 1 3499 3500 3634
5360 2 2 5 1 4146 5119 6204
5361 2 2 5 1 6405 6406 6407
5362 2 2 5 1 2710 2709 3042
5363 2 2 5 1 2404 6781 6961
5364 2 2 5 1 1823 1821 2120
5365 2 2 5 1 3038 3522 3523
5366 2 2 5 1 3774 4823 7134
5367 2 2 5 1 3110 5815 5816
5368 2 2 5 1 959 960 978
5369 2 2 5 1 2183 2182 2709
5370 2 2 5 1 6163 2938 6164
5371 2 2 5 1 3623 3167 3625
5372 2 2 5 1 902 901 2423
5373 2 2 5 1 6044 1331 6045
5374 2 2 5 1 3476 4115 4116
5375 2 2 5 1 6277 6278 6598
5376 2 2 5 1 2992 3188 3499
5377 2 2 5 1 1293 275 6453
5378 2 2 5 1 6274 2006 6275
5379 2 2 5 1 4145 3083 6343
5380 2 2 5 1 2166 2270 2871
5381 2 2 5 1 6191 4886 6192
5382 2 2 5 1 4741 1099 6344
5383 2 2 5 1 909 825 6486
5384 2 2 5 1 648 651 819
5385 2 2 5 1 6593 6594 6595
5386 2 2 5 1 1402 1867 6361
5387 2 2 5 1 1306 6859 6917
5388 2 2 5 1 1652 1650 6230
5389 2 2 5 1 2517 2514 6248
5390 2 2 5 1 4377 4378 4379
5391 2 2 5 1 3644 4212 6247
5392 2 2 5 1 4116 4117 5032
5393 2 2 5 1 3322 3330 5995
5394 2 2 5 1 651 654 655
5395 2 2 5 1 1852 2091 2700
5396 2 2 5 1 3628 3627 5934
5397 2 2 5 1 655 4812 6576
5398 2 2 5 1 1559 1676 1677
5399 2 2 5 1 2301 3658 3659
5400 2 2 5 1 3715 3004 6193
5401 2 2 5 1 2948 2649 6159
5402 2 2 5 1 5967 6404 6405
5403 2 2 5 1 4167 4744 6178
5404 2 2 5 1 2706 2236 6208
5405 2 2 5 1 3715 6193 6197
5406 2 2 5 1 1187 1186 1313
5407 2 2 5 1 3905 3064 6549
5408 2 2 5 1 1531 1567 1568
5409 2 2 5 1 6276 2002 6277
5410 2 2 5 1 1127 1126 1186
5411 2 2 5 1 1097 1134 6205
5412 2 2 5 1 3953 4761 5208
5413 2 2 5 1 1754 6294 6295
5414 2 2 5 1 1998 1997 6278
5415 2 2 5 1 6279 837 6836
5416 2 2 5 1 2422 916 6224
5417 2 2 5 1 3153 4045 6085
5418 2 2 5 1 3325 3326 3327
5419 2 2 5 1 6794 529 8115
5420 2 2 5 1 6277 6598 6879
5421 2 2 5 1 3444 6357 6358
5422 2 2 5 1 2969 6345 6660
5423 2 2 5 1 3623 3625 4911
5424 2 2 5 1 487 6461 6464
5425 2 2 5 1 2992 3499 5939
5426 2 2 5 1 3567 3568 3952
5427 2 2 5 1 4911 3625 4912
5428 2 2 5 1 6085 4652 6339
5429 2 2 5 1 2514 2512 6248
5430 2 2 5 1 3712 6217 6221
5431 2 2 5 1 1101 1100 1126
5432 2 2 5 1 1859 1863 6988
5433 2 2 5 1 2188 2189 3081
5434 2 2 5 1 3712 1983 6217
5435 2 2 5 1 2178 2176 6135
5436 2 2 5 1 2389 2386 2392
5437 2 2 5 1 2642 3067 6229
5438 2 2 5 1 599 601 2343
5439 2 2 5 1 1677 1745 1746
5440 2 2 5 1 1567 1530 7173
5441 2 2 5 1 6727 6059 7046
5442 2 2 5 1 917 256 6433
5443 2 2 5 1 4886 4681 5188
5444 2 2 5 1 1630 6256 6258
5445 2 2 5 1 2960 4164 6839
5446 2 2 5 1 4516 4078 4684
5447 2 2 5 1 6625 835 7195
5448 2 2 5 1 3350 6376 6377
5449 2 2 5 1 4829 5888 7706
5450 2 2 5 1 4240 6226 6227
5451 2 2 5 1 4445 4446 4809
5452 2 2 5 1 1089 1088 1100
5453 2 2 5 1 654 650 2378
5454 2 2 5 1 5967 1855 6403
5455 2 2 5 1 6101 4119 6102
5456 2 2 5 1 3316 3317 3318
5457 2 2 5 1 4599 7386 7669
5458 2 2 5 1 1294 290 6583
5459 2 2 5 1 6148 1167 6150
5460 2 2 5 1 1920 1918 1921
5461 2 2 5 1 3739 3035 4487
5462 2 2 5 1 2459 207 6732
5463 2 2 5 1 3592 3692 6191
5464 2 2 5 1 2328 2253 2933
5465 2 2 5 1 2007 2006 6274
5466 2 2 5 1 1746 1794 1795
5467 2 2 5 1 604 602 1288
5468 2 2 5 1 2765 3153 6085
5469 2 2 5 1 274 1293 6457
5470 2 2 5 1 638 640 2349
5471 2 2 5 1 5200 4112 5201
5472 2 2 5 1 1106 1062 1107
5473 2 2 5 1 641 639 2344
5474 2 2 5 1 6521 3161 8372
5475 2 2 5 1 3051 3050 3102
5476 2 2 5 1 538 524 539
5477 2 2 5 1 526 540 541
5478 2 2 5 1 7580 4711 7609
5479 2 2 5 1 6341 3116 6757
5480 2 2 5 1 1568 1712 1927
5481 2 2 5 1 248 1296 6744
5482 2 2 5 1 5568 5569 5570
5483 2 2 5 1 1237 3339 6669
5484 2 2 5 1 1068 1067 1088
5485 2 2 5 1 4597 4598 4599
5486 2 2 5 1 1973 1811 6560
5487 2 2 5 1 4141 4142 4143
5488 2 2 5 1 6599 2870 7083
5489 2 2 5 1 728 4128 6033
5490 2 2 5 1 3173 2178 6135
5491 2 2 5 1 4250 4251 4252
5492 2 2 5 1 917 6434 6435
5493 2 2 5 1 4240 3702 6226
5494 2 2 5 1 1769 1593 1770
5495 2 2 5 1 3318 3319 3320
5496 2 2 5 1 1067 1064 6041
5497 2 2 5 1 2393 2392 2394
5498 2 2 5 1 7105 1433 7216
5499 2 2 5 1 4522 5079 5080
5500 2 2 5 1 3067 3527 4246
5501 2 2 5 1 2958 3412 6354
5502 2 2 5 1 4045 4528 4651
5503 2 2 5 1 3213 981 6131
5504 2 2 5 1 4148 3984 5148
5505 2 2 5 1 3669 2851 6142
5506 2 2 5 1 3632 4119 6101
5507 2 2 5 1 2003 2002 6276
5508 2 2 5 1 1552 1504 1593
5509 2 2 5 1 1019 6211 6212
5510 2 2 5 1 894 3204 6819
5511 2 2 5 1 3393 3392 3394
5512 2 2 5 1 3439 3713 3714
5513 2 2 5 1 5563 5561 5567
5514 2 2 5 1 3570 1858 3571
5515 2 2 5 1 3360 3364 6399
5516 2 2 5 1 1409 1408 1410
5517 2 2 5 1 4919 3279 6043
5518 2 2 5 1 2094 2093 6134
5519 2 2 5 1 6634 213 6635
5520 2 2 5 1 3488 3250 4783
5521 2 2 5 1 1432 1419 1504
5522 2 2 5 1 3523 3627 3628
5523 2 2 5 1 3050 3047 6050
5524 2 2 5 1 3714 3713 4088
5525 2 2 5 1 3211 3591 3595
5526 2 2 5 1 338 662 6538
5527 2 2 5 1 346 347 2740
5528 2 2 5 1 2851 2216 6142
5529 2 2 5 1 2247 2245 2937
5530 2 2 5 1 4520 3571 4571
5531 2 2 5 1 6369 7160 7166
5532 2 2 5 1 6535 5030 6536
5533 2 2 5 1 1534 1532 4138
5534 2 2 5 1 2147 2094 2148
5535 2 2 5 1 3366 3673 4023
5536 2 2 5 1 1852 2700 6727
5537 2 2 5 1 2397 2394 2941
5538 2 2 5 1 3023 3632 3633
5539 2 2 5 1 1630 1628 6256
5540 2 2 5 1 4017 4990 6327
5541 2 2 5 1 2151 2149 2152
5542 2 2 5 1 1521 1520 1522
5543 2 2 5 1 3350 3348 6376
5544 2 2 5 1 4809 4810 4980
5545 2 2 5 1 2243 2241 2951
5546 2 2 5 1 1976 2181 6705
5547 2 2 5 1 979 981 3213
5548 2 2 5 1 3694 4075 6306
5549 2 2 5 1 1277 1167 6148
5550 2 2 5 1 1612 1610 6269
5551 2 2 5 1 4439 6101 6493
5552 2 2 5 1 3595 4708 4709
5553 2 2 5 1 837 839 6836
5554 2 2 5 1 2237 2348 4141
5555 2 2 5 1 3444 2504 6357
5556 2 2 5 1 2437 6249 6250
5557 2 2 5 1 4246 4248 7377
5558 2 2 5 1 2780 4129 6040
5559 2 2 5 1 6859 4759 6917
5560 2 2 5 1 1728 1730 3015
5561 2 2 5 1 4143 4142 4701
5562 2 2 5 1 4073 6373 6374
5563 2 2 5 1 1519 1518 1520
5564 2 2 5 1 1906 6265 6267
5565 2 2 5 1 2152 2149 6036
5566 2 2 5 1 2243 2951 6081
5567 2 2 5 1 5616 7636 7758
5568 2 2 5 1 4164 6444 6839
5569 2 2 5 1 3449 2948 4160
5570 2 2 5 1 5861 6781 6918
5571 2 2 5 1 3865 4737 6240
5572 2 2 5 1 3807 3428 3809
5573 2 2 5 1 5027 3464 6172
5574 2 2 5 1 2027 1927 7046
5575 2 2 5 1 1989 3709 6118
5576 2 2 5 1 1483 1481 6365
5577 2 2 5 1 6305 2495 6553
5578 2 2 5 1 6642 6641 6643
5579 2 2 5 1 1366 1365 1419
5580 2 2 5 1 6981 4224 7022
5581 2 2 5 1 1705 691 6333
5582 2 2 5 1 851 854 6527
5583 2 2 5 1 1705 6333 6334
5584 2 2 5 1 3714 4088 4089
5585 2 2 5 1 2148 2094 6134
5586 2 2 5 1 1517 1516 1518
5587 2 2 5 1 3185 3184 6296
5588 2 2 5 1 3011 3708 6140
5589 2 2 5 1 1272 1239 6283
5590 2 2 5 1 6231 4732 6801
5591 2 2 5 1 4996 3854 6109
5592 2 2 5 1 6380 3305 6381
5593 2 2 5 1 403 2374 6145
5594 2 2 5 1 3733 5030 6535
5595 2 2 5 1 7273 4284 7400
5596 2 2 5 1 2556 2554 6340
5597 2 2 5 1 6181 348 6182
5598 2 2 5 1 4775 3905 6549
5599 2 2 5 1 2116 2118 6163
5600 2 2 5 1 1168 1489 6344
5601 2 2 5 1 6354 4157 7096
5602 2 2 5 1 4928 4927 6666
5603 2 2 5 1 4234 6683 7098
5604 2 2 5 1 4161 4160 4162
5605 2 2 5 1 3329 3548 4586
5606 2 2 5 1 1712 1567 1713
5607 2 2 5 1 1522 1526 6114
5608 2 2 5 1 5795 4355 8535
5609 2 2 5 1 5075 3827 5076
5610 2 2 5 1 6384 3288 6385
5611 2 2 5 1 5578 5579 5580
5612 2 2 5 1 1126 1156 6173
5613 2 2 5 1 2114 2116 3105
5614 2 2 5 1 6388 3254 6389
5615 2 2 5 1 914 828 7331
5616 2 2 5 1 6265 6266 6267
5617 2 2 5 1 6136 6135 7217
5618 2 2 5 1 778 1402 6363
5619 2 2 5 1 1754 1714 6294
5620 2 2 5 1 2069 2068 2237
5621 2 2 5 1 1795 1915 1916
5622 2 2 5 1 3352 3350 6377
5623 2 2 5 1 2969 6660 6661
5624 2 2 5 1 743 745 753
5625 2 2 5 1 6164 6166 6168
5626 2 2 5 1 346 2740 6130
5627 2 2 5 1 6201 1598 6730
5628 2 2 5 1 1632 1630 6258
5629 2 2 5 1 4141 2348 4142
5630 2 2 5 1 4089 4088 4278
5631 2 2 5 1 1346 1388 5874
5632 2 2 5 1 1261 1254 1262
5633 2 2 5 1 2523 2527 6235
5634 2 2 5 1 2137 2135 3159
5635 2 2 5 1 1523 1522 1524
5636 2 2 5 1 532 215 6644
5637 2 2 5 1 4439 3632 6101
5638 2 2 5 1 4587 3537 6941
5639 2 2 5 1 6168 6166 6169
5640 2 2 5 1 2237 2068 2348
5641 2 2 5 1 5153 5152 5154
5642 2 2 5 1 216 2496 6644
5643 2 2 5 1 2615 6512 6968
5644 2 2 5 1 610 652 2400
5645 2 2 5 1 1394 978 1532
5646 2 2 5 1 4422 4162 4425
5647 2 2 5 1 3305 3303 6381
5648 2 2 5 1 3464 3465 4016
5649 2 2 5 1 4098 5753 5754
5650 2 2 5 1 2280 2132 2281
5651 2 2 5 1 1927 1712 6727
5652 2 2 5 1 726 732 742
5653 2 2 5 1 1931 4481 6394
5654 2 2 5 1 2674 5804 7302
5655 2 2 5 1 4740 3951 4910
5656 2 2 5 1 972 931 6211
5657 2 2 5 1 6258 6257 6259
5658 2 2 5 1 4608 3091 4609
5659 2 2 5 1 3890 7786 7831
5660 2 2 5 1 3312 3314 3316
5661 2 2 5 1 2408 2419 6198
5662 2 2 5 1 1332 1331 1365
5663 2 2 5 1 1228 2629 7047
5664 2 2 5 1 5077 5076 5506
5665 2 2 5 1 2437 1626 6249
5666 2 2 5 1 3288 3286 6385
5667 2 2 5 1 5365 537 8782
5668 2 2 5 1 4049 4985 6242
5669 2 2 5 1 4783 6647 7044
5670 2 2 5 1 1906 1608 6265
5671 2 2 5 1 2336 2194 3563
5672 2 2 5 1 2192 2334 3564
5673 2 2 5 1 6355 4058 6356
5674 2 2 5 1 4073 3345 6373
5675 2 2 5 1 3254 3252 6389
5676 2 2 5 1 1518 1516 6068
5677 2 2 5 1 5652 5653 5655
5678 2 2 5 1 2737 2434 3176
5679 2 2 5 1 4781 4322 6848
5680 2 2 5 1 3617 4893 6420
5681 2 2 5 1 1152 1034 1854
5682 2 2 5 1 3627 4964 5934
5683 2 2 5 1 3464 2423 3465
5684 2 2 5 1 6103 6102 6104
5685 2 2 5 1 3439 2683 3713
5686 2 2 5 1 2541 2543 6237
5687 2 2 5 1 6291 2098 6292
5688 2 2 5 1 2533 2535 6213
5689 2 2 5 1 2774 2775 3133
5690 2 2 5 1 1855 544 6403
5691 2 2 5 1 1117 1159 6188
5692 2 2 5 1 1532 978 6026
5693 2 2 5 1 547 553 6861
5694 2 2 5 1 4912 4913 5051
5695 2 2 5 1 5775 5771 5776
5696 2 2 5 1 1852 1713 1853
5697 2 2 5 1 762 763 959
5698 2 2 5 1 600 2347 6128
5699 2 2 5 1 3177 3176 3710
5700 2 2 5 1 996 6329 6330
5701 2 2 5 1 2164 1970 2953
5702 2 2 5 1 1524 1522 6114
5703 2 2 5 1 6736 762 6863
5704 2 2 5 1 2700 6059 6727
5705 2 2 5 1 3049 3047 3050
5706 2 2 5 1 2031 2029 6160
5707 2 2 5 1 2432 2431 2434
5708 2 2 5 1 4135 1466 6283
5709 2 2 5 1 3034 3617 6420
5710 2 2 5 1 4112 1442 6987
5711 2 2 5 1 6243 3126 6245
5712 2 2 5 1 4371 4370 5485
5713 2 2 5 1 4089 4278 4279
5714 2 2 5 1 989 1507 1937
5715 2 2 5 1 5818 5820 6156
5716 2 2 5 1 1516 1514 1923
5717 2 2 5 1 6039 6832 7020
5718 2 2 5 1 1533 1532 1534
5719 2 2 5 1 6096 4160 6159
5720 2 2 5 1 3771 4837 7048
5721 2 2 5 1 3046 3043 6246
5722 2 2 5 1 4631 4859 5373
5723 2 2 5 1 4663 4466 4664
5724 2 2 5 1 3373 4367 6287
5725 2 2 5 1 4016 4017 6327
5726 2 2 5 1 734 730 735
5727 2 2 5 1 1650 1668 6230
5728 2 2 5 1 2541 6237 6726
5729 2 2 5 1 3937 4146 6204
5730 2 2 5 1 4443 4444 4445
5731 2 2 5 1 642 644 1290
5732 2 2 5 1 6487 1759 6488
5733 2 2 5 1 2395 2390 7091
5734 2 2 5 1 5343 5342 5668
5735 2 2 5 1 3659 3658 4388
5736 2 2 5 1 1528 1525 1530
5737 2 2 5 1 6652 6414 6732
5738 2 2 5 1 2993 2683 3439
5739 2 2 5 1 3045 3043 3046
5740 2 2 5 1 3115 1497 6654
5741 2 2 5 1 1267 1357 7311
5742 2 2 5 1 3595 3591 4708
5743 2 2 5 1 212 213 6634
5744 2 2 5 1 3679 3575 3685
5745 2 2 5 1 6658 6657 6826
5746 2 2 5 1 2515 2514 2516
5747 2 2 5 1 7385 6576 7473
5748 2 2 5 1 916 905 6224
5749 2 2 5 1 530 404 6145
5750 2 2 5 1 4221 6341 6757
5751 2 2 5 1 2513 2512 2514
5752 2 2 5 1 3307 3305 6380
5753 2 2 5 1 848 6119 6556
5754 2 2 5 1 2181 6563 6705
5755 2 2 5 1 4455 4456 4896
5756 2 2 5 1 4593 4596 4597
5757 2 2 5 1 4160 2948 6159
5758 2 2 5 1 6173 1156 7237
5759 2 2 5 1 4161 4423 6685
5760 2 2 5 1 2091 1853 2092
5761 2 2 5 1 1733 2078 3384
5762 2 2 5 1 6151 3116 6341
5763 2 2 5 1 790 807 2441
5764 2 2 5 1 2742 2619 6504
5765 2 2 5 1 3632 3022 4119
5766 2 2 5 1 255 917 6437
5767 2 2 5 1 6654 1758 6864
5768 2 2 5 1 996 766 6329
5769 2 2 5 1 6256 6257 6258
5770 2 2 5 1 1506 1365 6044
5771 2 2 5 1 3290 3288 6384
5772 2 2 5 1 2176 2143 2214
5773 2 2 5 1 6640 6641 6642
5774 2 2 5 1 3256 3254 6388
5775 2 2 5 1 4284 6491 6667
5776 2 2 5 1 5162 5163 6290
5777 2 2 5 1 3449 4160 4161
5778 2 2 5 1 2163 1970 2164
5779 2 2 5 1 335 2463 6307
5780 2 2 5 1 5942 5940 5944
5781 2 2 5 1 4129 5864 6040
5782 2 2 5 1 1192 1164 6189
5783 2 2 5 1 2118 2938 6163
5784 2 2 5 1 2358 2362 7099
5785 2 2 5 1 7040 2214 7350
5786 2 2 5 1 6512 4763 6968
5787 2 2 5 1 4209 4573 4574
5788 2 2 5 1 6721 6668 6896
5789 2 2 5 1 2542 2540 6772
5790 2 2 5 1 6359 6358 6360
5791 2 2 5 1 3347 3618 6335
5792 2 2 5 1 5967 6403 6404
5793 2 2 5 1 6545 1842 6821
5794 2 2 5 1 6244 7015 7038
5795 2 2 5 1 983 985 986
5796 2 2 5 1 868 2601 6337
5797 2 2 5 1 3938 3910 6184
5798 2 2 5 1 1980 1771 3657
5799 2 2 5 1 3782 3453 4455
5800 2 2 5 1 651 655 6576
5801 2 2 5 1 6296 5382 6297
5802 2 2 5 1 3128 3126 6243
5803 2 2 5 1 3024 2164 3820
5804 2 2 5 1 2485 2480 6832
5805 2 2 5 1 2853 3084 6692
5806 2 2 5 1 3988 3669 4971
5807 2 2 5 1 3205 3206 3207
5808 2 2 5 1 199 512 6320
5809 2 2 5 1 537 192 6322
5810 2 2 5 1 2460 194 6325
5811 2 2 5 1 780 196 6324
5812 2 2 5 1 5178 4276 5180
5813 2 2 5 1 3021 3495 3817
5814 2 2 5 1 4409 4279 5605
5815 2 2 5 1 3444 6358 6359
5816 2 2 5 1 5560 5559 5561
5817 2 2 5 1 5078 4684 5499
5818 2 2 5 1 3102 3764 6216
5819 2 2 5 1 5326 4056 6546
5820 2 2 5 1 2671 2579 2683
5821 2 2 5 1 6537 6538 6540
5822 2 2 5 1 5574 5571 5575
5823 2 2 5 1 6337 4759 6860
5824 2 2 5 1 3892 4473 4631
5825 2 2 5 1 6781 5861 6961
5826 2 2 5 1 2737 3176 3177
5827 2 2 5 1 6593 6591 6594
5828 2 2 5 1 2511 2433 2512
5829 2 2 5 1 1466 1272 6283
5830 2 2 5 1 3069 2524 3453
5831 2 2 5 1 5747 1915 7559
5832 2 2 5 1 3207 3208 3210
5833 2 2 5 1 4049 3711 4050
5834 2 2 5 1 6469 6467 6470
5835 2 2 5 1 1171 1124 6756
5836 2 2 5 1 2429 2427 2431
5837 2 2 5 1 1848 2098 6291
5838 2 2 5 1 2969 2643 6345
5839 2 2 5 1 3068 4058 6355
5840 2 2 5 1 1112 820 6918
5841 2 2 5 1 7133 3251 7169
5842 2 2 5 1 6305 6553 6967
5843 2 2 5 1 3578 4527 5263
5844 2 2 5 1 6252 1905 6253
5845 2 2 5 1 2522 2919 6215
5846 2 2 5 1 1522 1520 1526
5847 2 2 5 1 3692 4886 6191
5848 2 2 5 1 6022 2581 7687
5849 2 2 5 1 6476 6474 6477
5850 2 2 5 1 1523 1524 1525
5851 2 2 5 1 734 757 6289
5852 2 2 5 1 6455 6454 6456
5853 2 2 5 1 2432 2434 2737
5854 2 2 5 1 2326 5684 5692
5855 2 2 5 1 276 6450 6453
5856 2 2 5 1 3817 4508 6158
5857 2 2 5 1 718 703 6336
5858 2 2 5 1 3942 3123 3943
5859 2 2 5 1 6298 6297 6299
5860 2 2 5 1 2601 3027 6337
5861 2 2 5 1 1689 1723 3187
5862 2 2 5 1 3153 4044 4045
5863 2 2 5 1 2586 2587 3021
5864 2 2 5 1 4265 4264 4266
5865 2 2 5 1 1140 6303 6697
5866 2 2 5 1 4161 4162 4422
5867 2 2 5 1 819 651 6576
5868 2 2 5 1 3177 3710 3711
5869 2 2 5 1 2014 2011 6272
5870 2 2 5 1 2462 212 6634
5871 2 2 5 1 4938 3841 6735
5872 2 2 5 1 2236 2040 6208
5873 2 2 5 1 333 499 6338
5874 2 2 5 1 4132 5089 5245
5875 2 2 5 1 1050 994 6572
5876 2 2 5 1 6244 6245 6995
5877 2 2 5 1 1271 562 6302
5878 2 2 5 1 3391 3390 3392
5879 2 2 5 1 734 735 736
5880 2 2 5 1 902 3464 5027
5881 2 2 5 1 2248 2247 2249
5882 2 2 5 1 3022 725 6186
5883 2 2 5 1 6119 6120 7186
5884 2 2 5 1 6370 4076 6371
5885 2 2 5 1 986 987 988
5886 2 2 5 1 1983 1981 6217
5887 2 2 5 1 3004 3002 6193
5888 2 2 5 1 2407 2406 2408
5889 2 2 5 1 3977 4867 6232
5890 2 2 5 1 1689 3187 6552
5891 2 2 5 1 1969 1757 1970
5892 2 2 5 1 3842 4190 4488
5893 2 2 5 1 742 732 743
5894 2 2 5 1 3449 4161 6685
5895 2 2 5 1 6424 490 6425
5896 2 2 5 1 4189 3846 4493
5897 2 2 5 1 5947 4456 6722
5898 2 2 5 1 3499 4028 5939
5899 2 2 5 1 6424 6425 6430
5900 2 2 5 1 2595 6406 6408
5901 2 2 5 1 2572 2556 6340
5902 2 2 5 1 3975 3973 4466
5903 2 2 5 1 2276 2275 2894
5904 2 2 5 1 3644 3432 4212
5905 2 2 5 1 6059 6062 7046
5906 2 2 5 1 832 901 902
5907 2 2 5 1 2273 2274 2893
5908 2 2 5 1 4930 4929 5559
5909 2 2 5 1 2304 2305 2874
5910 2 2 5 1 3207 3206 3208
5911 2 2 5 1 2313 2212 6343
5912 2 2 5 1 4586 5192 5444
5913 2 2 5 1 938 1097 6205
5914 2 2 5 1 908 1667 6800
5915 2 2 5 1 4710 4709 5042
5916 2 2 5 1 3186 3011 6140
5917 2 2 5 1 3704 4240 6286
5918 2 2 5 1 3541 3622 6500
5919 2 2 5 1 6649 1189 7039
5920 2 2 5 1 4042 4041 4929
5921 2 2 5 1 5180 4276 6400
5922 2 2 5 1 1937 1938 2304
5923 2 2 5 1 3821 3820 4041
5924 2 2 5 1 4779 7608 7631
5925 2 2 5 1 2683 2579 6398
5926 2 2 5 1 4049 4050 4985
5927 2 2 5 1 1528 1530 1531
5928 2 2 5 1 3855 3854 3972
5929 2 2 5 1 479 6409 6410
5930 2 2 5 1 1670 6364 6494
5931 2 2 5 1 4985 4050 4986
5932 2 2 5 1 1316 1314 1331
5933 2 2 5 1 948 949 950
5934 2 2 5 1 6587 6588 6589
5935 2 2 5 1 6270 6272 7026
5936 2 2 5 1 4811 3357 7109
5937 2 2 5 1 996 6331 6332
5938 2 2 5 1 2768 3486 4123
5939 2 2 5 1 1066 1064 1067
5940 2 2 5 1 3390 2585 7142
5941 2 2 5 1 1095 1050 6572
5942 2 2 5 1 6183 536 8161
5943 2 2 5 1 5687 998 5689
5944 2 2 5 1 6053 6051 6054
5945 2 2 5 1 348 349 6182
5946 2 2 5 1 4017 4114 4990
5947 2 2 5 1 6414 6419 6732
5948 2 2 5 1 6346 4731 6347
5949 2 2 5 1 3630 3891 3892
5950 2 2 5 1 6440 2444 6672
5951 2 2 5 1 3172 5318 5380
5952 2 2 5 1 5227 8394 8694
5953 2 2 5 1 4056 3166 6546
5954 2 2 5 1 1515 1514 1516
5955 2 2 5 1 4121 3817 4418
5956 2 2 5 1 1081 1044 1338
5957 2 2 5 1 5801 5799 6007
5958 2 2 5 1 6296 6297 6298
5959 2 2 5 1 1722 2630 6869
5960 2 2 5 1 4013 5069 5337
5961 2 2 5 1 5002 6922 7213
5962 2 2 5 1 6330 6329 6785
5963 2 2 5 1 2429 2431 2432
5964 2 2 5 1 2457 852 6890
5965 2 2 5 1 4080 6234 6550
5966 2 2 5 1 1811 1695 6560
5967 2 2 5 1 4622 5370 6554
5968 2 2 5 1 1046 1083 1339
5969 2 2 5 1 1180 1364 3202
5970 2 2 5 1 4177 2424 6551
5971 2 2 5 1 4027 5382 6296
5972 2 2 5 1 2250 2249 2253
5973 2 2 5 1 407 2595 6408
5974 2 2 5 1 1390 1348 1391
5975 2 2 5 1 4138 1532 6026
5976 2 2 5 1 6221 6222 6223
5977 2 2 5 1 347 348 6181
5978 2 2 5 1 2430 6687 6688
5979 2 2 5 1 2246 2245 2247
5980 2 2 5 1 4896 4456 4897
5981 2 2 5 1 3011 3008 3708
5982 2 2 5 1 5562 5561 5563
5983 2 2 5 1 3717 4171 6533
5984 2 2 5 1 5725 6177 7495
5985 2 2 5 1 3656 3083 3937
5986 2 2 5 1 3646 3644 6247
5987 2 2 5 1 291 6580 6583
5988 2 2 5 1 2241 2238 6086
5989 2 2 5 1 6073 6654 6864
5990 2 2 5 1 4152 4151 4153
5991 2 2 5 1 4074 3227 4370
5992 2 2 5 1 2543 2546 6237
5993 2 2 5 1 4163 2445 6558
5994 2 2 5 1 6164 6165 6166
5995 2 2 5 1 261 6596 6655
5996 2 2 5 1 2671 2683 2993
5997 2 2 5 1 3618 2895 6305
5998 2 2 5 1 832 902 6074
5999 2 2 5 1 1922 1944 1945
6000 2 2 5 1 1945 2093 2094
6001 2 2 5 1 6491 3387 6667
6002 2 2 5 1 1645 1466 4135
6003 2 2 5 1 1773 1662 2068
6004 2 2 5 1 4986 4991 6445
6005 2 2 5 1 3176 3356 6157
6006 2 2 5 1 2242 2241 2243
6007 2 2 5 1 3208 3211 6740
6008 2 2 5 1 4168 2447 6556
6009 2 2 5 1 6311 6310 6312
6010 2 2 5 1 2244 2243 2245
6011 2 2 5 1 2506 2408 6198
6012 2 2 5 1 2216 2178 3173
6013 2 2 5 1 3517 2851 3669
6014 2 2 5 1 479 210 6409
6015 2 2 5 1 5412 2266 8611
6016 2 2 5 1 1420 1320 2433
6017 2 2 5 1 3408 3186 5936
6018 2 2 5 1 5640 5641 5642
6019 2 2 5 1 4524 3937 6204
6020 2 2 5 1 4703 3178 5748
6021 2 2 5 1 945 909 6486
6022 2 2 5 1 6313 6312 6315
6023 2 2 5 1 4801 3676 7010
6024 2 2 5 1 6263 1113 6264
6025 2 2 5 1 5308 4948 8170
6026 2 2 5 1 6249 1905 6252
6027 2 2 5 1 2895 2495 6305
6028 2 2 5 1 6585 3057 6586
6029 2 2 5 1 5505 5504 5614
6030 2 2 5 1 988 1001 1002
6031 2 2 5 1 655 660 661
6032 2 2 5 1 1320 1274 6185
6033 2 2 5 1 5642 5643 5644
6034 2 2 5 1 6462 6460 6463
6035 2 2 5 1 4659 6535 6536
6036 2 2 5 1 836 6280 6281
6037 2 2 5 1 6435 6434 6436
6038 2 2 5 1 3764 3050 6050
6039 2 2 5 1 3167 3074 6820
6040 2 2 5 1 3207 4738 6326
6041 2 2 5 1 3538 3279 4071
6042 2 2 5 1 6519 6673 6744
6043 2 2 5 1 745 790 6123
6044 2 2 5 1 2148 6134 7192
6045 2 2 5 1 3036 2522 6215
6046 2 2 5 1 4591 4592 4593
6047 2 2 5 1 6591 250 6594
6048 2 2 5 1 3476 2375 4115
6049 2 2 5 1 3936 3230 4111
6050 2 2 5 1 3936 4111 6100
6051 2 2 5 1 3509 4397 4398
6052 2 2 5 1 3227 2506 6199
6053 2 2 5 1 4990 4114 5176
6054 2 2 5 1 4685 3685 4686
6055 2 2 5 1 1337 1926 3172
6056 2 2 5 1 4970 3936 6100
6057 2 2 5 1 3615 4622 6554
6058 2 2 5 1 6404 6403 6769
6059 2 2 5 1 4016 3465 4017
6060 2 2 5 1 5894 4523 5895
6061 2 2 5 1 6195 3285 6543
6062 2 2 5 1 2518 2522 3036
6063 2 2 5 1 3341 4076 6370
6064 2 2 5 1 3474 4080 6550
6065 2 2 5 1 903 904 905
6066 2 2 5 1 4299 4300 4377
6067 2 2 5 1 1510 1508 2962
6068 2 2 5 1 2026 2444 6440
6069 2 2 5 1 6275 6276 6725
6070 2 2 5 1 1993 2001 6551
6071 2 2 5 1 3012 3011 3186
6072 2 2 5 1 2424 1995 6551
6073 2 2 5 1 3702 3700 6226
6074 2 2 5 1 6316 6315 6317
6075 2 2 5 1 3993 3657 4983
6076 2 2 5 1 3116 1078 6757
6077 2 2 5 1 6496 3115 6497
6078 2 2 5 1 4418 3817 6158
6079 2 2 5 1 2515 2516 2520
6080 2 2 5 1 3082 2313 3083
6081 2 2 5 1 2513 2514 2515
6082 2 2 5 1 4090 3943 4091
6083 2 2 5 1 987 985 6328
6084 2 2 5 1 3617 4056 4892
6085 2 2 5 1 931 2422 6211
6086 2 2 5 1 1117 1086 1159
6087 2 2 5 1 2410 1067 6041
6088 2 2 5 1 341 342 1327
6089 2 2 5 1 1920 1921 1922
6090 2 2 5 1 6189 6188 6190
6091 2 2 5 1 2405 2404 2406
6092 2 2 5 1 1509 1508 1510
6093 2 2 5 1 5985 4112 6987
6094 2 2 5 1 4892 4056 4923
6095 2 2 5 1 3595 4709 4710
6096 2 2 5 1 2445 856 6558
6097 2 2 5 1 2780 2781 3496
6098 2 2 5 1 2516 2517 2518
6099 2 2 5 1 3141 2285 7043
6100 2 2 5 1 3656 4525 6665
6101 2 2 5 1 2703 4994 5732
6102 2 2 5 1 1274 1192 1291
6103 2 2 5 1 2530 2675 4150
6104 2 2 5 1 3656 3937 4524
6105 2 2 5 1 905 920 6224
6106 2 2 5 1 3617 3166 4056
6107 2 2 5 1 6382 4081 6383
6108 2 2 5 1 3667 3642 4633
6109 2 2 5 1 4391 4461 4894
6110 2 2 5 1 2447 844 6556
6111 2 2 5 1 658 653 659
6112 2 2 5 1 1164 1117 6188
6113 2 2 5 1 6453 6451 6454
6114 2 2 5 1 2511 2512 2513
6115 2 2 5 1 4063 6378 6379
6116 2 2 5 1 3354 3355 3430
6117 2 2 5 1 1486 1483 6365
6118 2 2 5 1 4074 4370 4371
6119 2 2 5 1 4459 4091 5147
6120 2 2 5 1 6205 1134 6840
6121 2 2 5 1 4152 4153 5015
6122 2 2 5 1 2942 2328 2943
6123 2 2 5 1 4107 4731 6346
6124 2 2 5 1 2291 2129 6352
6125 2 2 5 1 3168 3167 3623
6126 2 2 5 1 6386 4093 6387
6127 2 2 5 1 1164 6188 6189
6128 2 2 5 1 4078 2994 7091
6129 2 2 5 1 2538 2574 2586
6130 2 2 5 1 3595 4710 6740
6131 2 2 5 1 4123 4124 4125
6132 2 2 5 1 2212 2024 2633
6133 2 2 5 1 297 531 6588
6134 2 2 5 1 6446 2670 6452
6135 2 2 5 1 3082 3083 3656
6136 2 2 5 1 2512 4215 6248
6137 2 2 5 1 2010 2007 6274
6138 2 2 5 1 295 3057 6585
6139 2 2 5 1 1970 1757 6049
6140 2 2 5 1 5015 4153 5017
6141 2 2 5 1 479 6411 6652
6142 2 2 5 1 4150 2675 4151
6143 2 2 5 1 2349 640 6175
6144 2 2 5 1 3082 3656 6665
6145 2 2 5 1 1773 2068 2069
6146 2 2 5 1 259 490 6424
6147 2 2 5 1 4425 4162 6070
6148 2 2 5 1 3910 4624 6184
6149 2 2 5 1 3069 3453 3782
6150 2 2 5 1 276 277 6450
6151 2 2 5 1 724 947 948
6152 2 2 5 1 4146 5043 5119
6153 2 2 5 1 3774 4560 4823
6154 2 2 5 1 4912 3625 4913
6155 2 2 5 1 2987 2988 3835
6156 2 2 5 1 2993 3439 4417
6157 2 2 5 1 2732 2765 6952
6158 2 2 5 1 2465 6514 6523
6159 2 2 5 1 729 730 733
6160 2 2 5 1 971 931 972
6161 2 2 5 1 256 257 6433
6162 2 2 5 1 3998 3566 4317
6163 2 2 5 1 5726 2945 7537
6164 2 2 5 1 1052 1021 2421
6165 2 2 5 1 2979 4234 7018
6166 2 2 5 1 6559 1973 6560
6167 2 2 5 1 626 625 627
6168 2 2 5 1 585 586 587
6169 2 2 5 1 729 728 730
6170 2 2 5 1 5051 4913 5789
6171 2 2 5 1 710 6332 6333
6172 2 2 5 1 2694 6355 6357
6173 2 2 5 1 4324 4322 4781
6174 2 2 5 1 3184 4027 6296
6175 2 2 5 1 3285 3000 6543
6176 2 2 5 1 1002 1036 1037
6177 2 2 5 1 286 485 6442
6178 2 2 5 1 4962 3903 4963
6179 2 2 5 1 2254 2253 2328
6180 2 2 5 1 3949 3948 4475
6181 2 2 5 1 661 705 706
6182 2 2 5 1 3453 2524 6722
6183 2 2 5 1 5114 3938 5115
6184 2 2 5 1 691 710 6333
6185 2 2 5 1 6640 2636 6641
6186 2 2 5 1 1079 1130 6671
6187 2 2 5 1 4063 6379 6391
6188 2 2 5 1 6416 6410 6601
6189 2 2 5 1 6454 6451 6485
6190 2 2 5 1 3021 2587 3495
6191 2 2 5 1 6636 747 6916
6192 2 2 5 1 1377 1385 1538
6193 2 2 5 1 4755 6560 6999
6194 2 2 5 1 3371 3369 6392
6195 2 2 5 1 6421 2112 6422
6196 2 2 5 1 1292 1322 1377
6197 2 2 5 1 923 925 6441
6198 2 2 5 1 3034 3166 3617
6199 2 2 5 1 6504 2619 6664
6200 2 2 5 1 1538 1658 1714
6201 2 2 5 1 2002 1998 6278
6202 2 2 5 1 1377 1322 1385
6203 2 2 5 1 706 713 714
6204 2 2 5 1 3064 2758 6549
6205 2 2 5 1 1833 7860 7902
6206 2 2 5 1 6410 6409 6601
6207 2 2 5 1 905 904 920
6208 2 2 5 1 2019 2016 2023
6209 2 2 5 1 6294 6293 6295
6210 2 2 5 1 1593 1504 7036
6211 2 2 5 1 1538 1385 1658
6212 2 2 5 1 950 951 952
6213 2 2 5 1 6471 6468 6472
6214 2 2 5 1 6529 4689 7704
6215 2 2 5 1 714 727 728
6216 2 2 5 1 1714 1658 1805
6217 2 2 5 1 3009 3008 3011
6218 2 2 5 1 275 276 6453
6219 2 2 5 1 6426 490 6655
6220 2 2 5 1 3910 3728 4624
6221 2 2 5 1 1136 1137 1138
6222 2 2 5 1 3782 4455 4899
6223 2 2 5 1 4150 4151 4152
6224 2 2 5 1 6237 3205 6326
6225 2 2 5 1 4455 3453 4456
6226 2 2 5 1 4622 4774 5369
6227 2 2 5 1 996 6330 6331
6228 2 2 5 1 2417 2152 6036
6229 2 2 5 1 1134 1135 1136
6230 2 2 5 1 4622 3905 4774
6231 2 2 5 1 1413 1412 1414
6232 2 2 5 1 6514 6515 6523
6233 2 2 5 1 931 916 2422
6234 2 2 5 1 2454 2453 2455
6235 2 2 5 1 2758 2455 3030
6236 2 2 5 1 2040 2213 6208
6237 2 2 5 1 1136 1135 1137
6238 2 2 5 1 2454 2455 2758
6239 2 2 5 1 3204 6205 6239
6240 2 2 5 1 736 752 762
6241 2 2 5 1 6478 6475 6479
6242 2 2 5 1 279 2670 6446
6243 2 2 5 1 4080 6232 6233
6244 2 2 5 1 4125 4126 4696
6245 2 2 5 1 903 833 904
6246 2 2 5 1 10 9 1323
6247 2 2 5 1 2452 2453 2454
6248 2 2 5 1 3158 3944 4087
6249 2 2 5 1 6546 5407 6547
6250 2 2 5 1 1519 1520 1521
6251 2 2 5 1 2408 2418 2419
6252 2 2 5 1 2355 2353 2356
6253 2 2 5 1 1000 972 1019
6254 2 2 5 1 6588 531 6589
6255 2 2 5 1 2546 2638 3205
6256 2 2 5 1 1292 1197 1322
6257 2 2 5 1 6217 4139 6218
6258 2 2 5 1 5369 4774 5476
6259 2 2 5 1 1981 4139 6217
6260 2 2 5 1 6108 5947 6722
6261 2 2 5 1 2446 2960 2961
6262 2 2 5 1 2452 2424 2453
6263 2 2 5 1 3013 4077 7099
6264 2 2 5 1 2208 2661 2856
6265 2 2 5 1 3615 3905 4622
6266 2 2 5 1 2571 2566 4833
6267 2 2 5 1 3021 4121 6304
6268 2 2 5 1 4080 3977 6232
6269 2 2 5 1 3715 6197 7616
6270 2 2 5 1 3694 3693 4075
6271 2 2 5 1 2446 2445 2960
6272 2 2 5 1 12 11 2689
6273 2 2 5 1 4864 3422 7376
6274 2 2 5 1 2439 2445 2446
6275 2 2 5 1 2042 1350 2255
6276 2 2 5 1 2586 2574 2587
6277 2 2 5 1 1134 1133 1135
6278 2 2 5 1 6153 4295 6154
6279 2 2 5 1 4252 4253 4255
6280 2 2 5 1 5338 3864 5339
6281 2 2 5 1 1848 1967 2098
6282 2 2 5 1 642 1290 6175
6283 2 2 5 1 2419 3717 6533
6284 2 2 5 1 5168 5187 5236
6285 2 2 5 1 733 734 6289
6286 2 2 5 1 3861 3814 3862
6287 2 2 5 1 5725 5724 6177
6288 2 2 5 1 2147 2148 2149
6289 2 2 5 1 6603 6602 6604
6290 2 2 5 1 3006 3004 3715
6291 2 2 5 1 2975 1079 6671
6292 2 2 5 1 6497 6498 6499
6293 2 2 5 1 2946 2649 2948
6294 2 2 5 1 3193 3693 3694
6295 2 2 5 1 3868 4968 4969
6296 2 2 5 1 1436 1421 6760
6297 2 2 5 1 3204 938 6205
6298 2 2 5 1 4370 3227 6199
6299 2 2 5 1 4288 6637 6638
6300 2 2 5 1 4634 4633 5342
6301 2 2 5 1 3103 3603 3604
6302 2 2 5 1 1997 2424 2452
6303 2 2 5 1 3813 3552 3814
6304 2 2 5 1 3441 3463 7398
6305 2 2 5 1 6450 6451 6453
6306 2 2 5 1 6119 4754 6120
6307 2 2 5 1 4231 3676 4801
6308 2 2 5 1 4191 3760 4295
6309 2 2 5 1 2407 2408 2506
6310 2 2 5 1 1142 1197 1292
6311 2 2 5 1 4408 4279 4409
6312 2 2 5 1 952 953 954
6313 2 2 5 1 3176 2434 3356
6314 2 2 5 1 3119 4186 6513
6315 2 2 5 1 291 292 6580
6316 2 2 5 1 4696 4697 5585
6317 2 2 5 1 1805 1848 6291
6318 2 2 5 1 2448 2447 2449
6319 2 2 5 1 5260 6310 6311
6320 2 2 5 1 3229 6721 6896
6321 2 2 5 1 2439 856 2445
6322 2 2 5 1 6522 6519 6744
6323 2 2 5 1 6311 6312 6313
6324 2 2 5 1 5159 5162 5165
6325 2 2 5 1 954 955 956
6326 2 2 5 1 4338 4337 5026
6327 2 2 5 1 3817 3495 4508
6328 2 2 5 1 2006 2003 6276
6329 2 2 5 1 5574 5575 5576
6330 2 2 5 1 4263 4262 4264
6331 2 2 5 1 5260 6309 6310
6332 2 2 5 1 5236 5187 5237
6333 2 2 5 1 4185 558 6930
6334 2 2 5 1 1274 1291 6185
6335 2 2 5 1 2040 1856 2213
6336 2 2 5 1 5080 5247 5248
6337 2 2 5 1 4297 4298 4299
6338 2 2 5 1 3937 4145 4146
6339 2 2 5 1 4985 4986 6445
6340 2 2 5 1 3615 3064 3905
6341 2 2 5 1 1495 3115 6496
6342 2 2 5 1 4030 4555 4956
6343 2 2 5 1 6429 6426 6655
6344 2 2 5 1 2340 2236 2706
6345 2 2 5 1 1097 1133 1134
6346 2 2 5 1 2416 2415 2990
6347 2 2 5 1 3412 4157 6354
6348 2 2 5 1 6513 4186 6866
6349 2 2 5 1 1969 1970 2163
6350 2 2 5 1 894 938 3204
6351 2 2 5 1 6028 2976 7671
6352 2 2 5 1 703 659 704
6353 2 2 5 1 3474 3977 4080
6354 2 2 5 1 6583 6581 6584
6355 2 2 5 1 1213 1221 4250
6356 2 2 5 1 6164 2938 6165
6357 2 2 5 1 1981 1138 4139
6358 2 2 5 1 4540 4356 5866
6359 2 2 5 1 4362 6350 6741
6360 2 2 5 1 1985 1983 3712
6361 2 2 5 1 2438 844 2447
6362 2 2 5 1 4166 5724 5725
6363 2 2 5 1 6352 2129 6931
6364 2 2 5 1 3364 3365 3366
6365 2 2 5 1 1989 1987 3709
6366 2 2 5 1 4116 4115 4117
6367 2 2 5 1 4710 6047 6740
6368 2 2 5 1 3710 3176 6157
6369 2 2 5 1 1993 1991 2001
6370 2 2 5 1 1517 1518 1519
6371 2 2 5 1 2438 2447 2448
6372 2 2 5 1 1997 1995 2424
6373 2 2 5 1 3448 2948 3449
6374 2 2 5 1 2787 4337 4338
6375 2 2 5 1 5339 6240 6241
6376 2 2 5 1 3825 4390 4391
6377 2 2 5 1 5259 4175 5260
6378 2 2 5 1 4075 5606 5607
6379 2 2 5 1 6571 6572 6887
6380 2 2 5 1 915 905 916
6381 2 2 5 1 725 712 726
6382 2 2 5 1 3193 2961 3693
6383 2 2 5 1 2463 336 6537
6384 2 2 5 1 4737 5757 5758
6385 2 2 5 1 4134 3758 4720
6386 2 2 5 1 3551 3198 3552
6387 2 2 5 1 5032 4117 5033
6388 2 2 5 1 711 704 712
6389 2 2 5 1 6197 6983 7365
6390 2 2 5 1 3007 3006 3008
6391 2 2 5 1 848 4754 6119
6392 2 2 5 1 6942 4212 7042
6393 2 2 5 1 854 856 2439
6394 2 2 5 1 2504 2694 6357
6395 2 2 5 1 5692 5693 5694
6396 2 2 5 1 3084 3515 6692
6397 2 2 5 1 5576 5577 5578
6398 2 2 5 1 202 203 2458
6399 2 2 5 1 4363 4362 4778
6400 2 2 5 1 5570 5569 5571
6401 2 2 5 1 2408 2406 2418
6402 2 2 5 1 3555 3347 6335
6403 2 2 5 1 6411 6414 6652
6404 2 2 5 1 4151 5915 6490
6405 2 2 5 1 290 291 6583
6406 2 2 5 1 3862 3863 3864
6407 2 2 5 1 6059 6058 6060
6408 2 2 5 1 2414 2415 2416
6409 2 2 5 1 2992 2268 3188
6410 2 2 5 1 930 916 931
6411 2 2 5 1 6284 1271 6302
6412 2 2 5 1 1528 1531 6657
6413 2 2 5 1 901 833 903
6414 2 2 5 1 832 808 833
6415 2 2 5 1 6313 6315 6316
6416 2 2 5 1 4362 3748 6350
6417 2 2 5 1 807 791 808
6418 2 2 5 1 6178 4744 6179
6419 2 2 5 1 3205 2638 3206
6420 2 2 5 1 726 731 732
6421 2 2 5 1 4146 4698 5043
6422 2 2 5 1 3653 4029 4030
6423 2 2 5 1 1906 6267 6268
6424 2 2 5 1 790 751 791
6425 2 2 5 1 262 1295 6596
6426 2 2 5 1 6250 6249 6252
6427 2 2 5 1 2437 6250 6251
6428 2 2 5 1 1420 2433 2511
6429 2 2 5 1 4073 6374 6375
6430 2 2 5 1 6273 2010 6274
6431 2 2 5 1 842 844 2438
6432 2 2 5 1 2405 2406 2407
6433 2 2 5 1 1931 1932 1933
6434 2 2 5 1 1905 1622 6254
6435 2 2 5 1 2512 2433 4215
6436 2 2 5 1 3002 3285 6193
6437 2 2 5 1 4629 3994 4699
6438 2 2 5 1 2132 2131 6029
6439 2 2 5 1 6193 3285 6194
6440 2 2 5 1 3347 2895 3618
6441 2 2 5 1 3704 3702 4240
6442 2 2 5 1 1533 1534 1661
6443 2 2 5 1 2212 2633 6343
6444 2 2 5 1 3748 3295 6350
6445 2 2 5 1 2691 2101 6439
6446 2 2 5 1 3614 3652 3653
6447 2 2 5 1 3021 3817 4121
6448 2 2 5 1 3707 3704 6286
6449 2 2 5 1 6364 6365 6366
6450 2 2 5 1 4191 4295 6153
6451 2 2 5 1 6390 6816 7318
6452 2 2 5 1 1808 1896 6752
6453 2 2 5 1 2518 2519 2522
6454 2 2 5 1 2516 2514 2517
6455 2 2 5 1 4755 3741 6559
6456 2 2 5 1 2112 1704 3516
6457 2 2 5 1 757 736 6736
6458 2 2 5 1 4393 2448 6575
6459 2 2 5 1 4771 3238 6928
6460 2 2 5 1 3700 3698 4233
6461 2 2 5 1 2058 2746 6014
6462 2 2 5 1 824 908 6800
6463 2 2 5 1 1191 2488 6564
6464 2 2 5 1 6425 6426 6427
6465 2 2 5 1 1661 1534 1662
6466 2 2 5 1 3700 4233 6226
6467 2 2 5 1 3364 6037 6399
6468 2 2 5 1 2546 3205 6237
6469 2 2 5 1 35 34 470
6470 2 2 5 1 4862 3587 5258
6471 2 2 5 1 14 13 471
6472 2 2 5 1 3201 3200 3587
6473 2 2 5 1 6405 6404 6406
6474 2 2 5 1 3202 3468 3469
6475 2 2 5 1 2151 2152 2153
6476 2 2 5 1 4724 4723 5536
6477 2 2 5 1 3002 3000 3285
6478 2 2 5 1 6723 4134 6724
6479 2 2 5 1 3199 1670 3200
6480 2 2 5 1 1867 2504 3444
6481 2 2 5 1 2307 2342 2780
6482 2 2 5 1 1511 1510 1512
6483 2 2 5 1 4986 4987 4988
6484 2 2 5 1 2131 2755 6029
6485 2 2 5 1 4893 4892 4981
6486 2 2 5 1 4913 3625 6820
6487 2 2 5 1 3741 2914 6559
6488 2 2 5 1 2444 2699 2977
6489 2 2 5 1 2153 2182 2183
6490 2 2 5 1 2818 2363 2819
6491 2 2 5 1 3951 3950 6016
6492 2 2 5 1 2936 3184 3185
6493 2 2 5 1 6549 3030 6550
6494 2 2 5 1 2522 2523 2919
6495 2 2 5 1 3516 3720 3994
6496 2 2 5 1 6537 337 6538
6497 2 2 5 1 1491 1850 2256
6498 2 2 5 1 6291 6293 6294
6499 2 2 5 1 1350 1271 6284
6500 2 2 5 1 2977 4191 6672
6501 2 2 5 1 4027 5381 5382
6502 2 2 5 1 3278 3265 3279
6503 2 2 5 1 2467 6424 6430
6504 2 2 5 1 1394 1532 1533
6505 2 2 5 1 5139 4956 5140
6506 2 2 5 1 3205 3207 6326
6507 2 2 5 1 4986 4988 4991
6508 2 2 5 1 6265 2435 6266
6509 2 2 5 1 2643 2983 6345
6510 2 2 5 1 3864 3865 6240
6511 2 2 5 1 2465 244 6514
6512 2 2 5 1 4710 5042 5721
6513 2 2 5 1 2023 6270 6271
6514 2 2 5 1 3207 3210 4738
6515 2 2 5 1 3717 4170 4171
6516 2 2 5 1 2489 2484 2490
6517 2 2 5 1 2414 2257 2415
6518 2 2 5 1 6431 6430 6432
6519 2 2 5 1 6281 6280 6282
6520 2 2 5 1 6213 2586 6304
6521 2 2 5 1 2183 2709 2710
6522 2 2 5 1 2607 4205 6927
6523 2 2 5 1 4897 5948 5949
6524 2 2 5 1 2708 3478 7255
6525 2 2 5 1 4374 6287 6288
6526 2 2 5 1 4070 4724 6526
6527 2 2 5 1 1851 6201 6202
6528 2 2 5 1 2977 3760 4191
6529 2 2 5 1 2977 2978 3760
6530 2 2 5 1 4191 6155 6672
6531 2 2 5 1 3069 3782 6773
6532 2 2 5 1 6344 1489 6921
6533 2 2 5 1 3215 2742 6504
6534 2 2 5 1 1037 1063 1064
6535 2 2 5 1 6195 6543 6544
6536 2 2 5 1 1022 1023 7070
6537 2 2 5 1 783 2442 6329
6538 2 2 5 1 2476 2473 6509
6539 2 2 5 1 745 744 751
6540 2 2 5 1 999 972 1000
6541 2 2 5 1 489 6446 6447
6542 2 2 5 1 738 996 6332
6543 2 2 5 1 3771 4836 4837
6544 2 2 5 1 2403 2096 2404
6545 2 2 5 1 2240 2238 2241
6546 2 2 5 1 1194 1120 6892
6547 2 2 5 1 296 297 6588
6548 2 2 5 1 2660 2490 4067
6549 2 2 5 1 3369 6391 6392
6550 2 2 5 1 6448 6447 6449
6551 2 2 5 1 4991 4992 5229
6552 2 2 5 1 3194 2485 3436
6553 2 2 5 1 2694 3068 6355
6554 2 2 5 1 1407 1389 6997
6555 2 2 5 1 6364 1486 6365
6556 2 2 5 1 4361 3748 4362
6557 2 2 5 1 2385 2387 2388
6558 2 2 5 1 5906 566 7329
6559 2 2 5 1 4801 7105 7216
6560 2 2 5 1 4030 4029 4555
6561 2 2 5 1 2702 1673 6042
6562 2 2 5 1 1736 1735 1838
6563 2 2 5 1 1759 773 6636
6564 2 2 5 1 766 783 6329
6565 2 2 5 1 6464 6461 6465
6566 2 2 5 1 3865 4736 4737
6567 2 2 5 1 2586 3021 6304
6568 2 2 5 1 3745 4187 4759
6569 2 2 5 1 1515 1516 1517
6570 2 2 5 1 1007 945 3198
6571 2 2 5 1 4727 4107 6346
6572 2 2 5 1 2425 733 6289
6573 2 2 5 1 6580 6581 6583
6574 2 2 5 1 3939 3938 5114
6575 2 2 5 1 2309 2310 2987
6576 2 2 5 1 3950 5052 6016
6577 2 2 5 1 5454 5453 5455
6578 2 2 5 1 1053 1052 1086
6579 2 2 5 1 1020 1000 1021
6580 2 2 5 1 1042 1021 1052
6581 2 2 5 1 5163 5168 6290
6582 2 2 5 1 923 6441 6955
6583 2 2 5 1 3785 3711 4049
6584 2 2 5 1 3862 3864 5338
6585 2 2 5 1 6601 6602 6603
6586 2 2 5 1 1087 1086 1117
6587 2 2 5 1 1521 1522 1523
6588 2 2 5 1 3813 3814 3861
6589 2 2 5 1 3068 3837 4058
6590 2 2 5 1 6594 486 6595
6591 2 2 5 1 1127 1186 1187
6592 2 2 5 1 3329 3327 3548
6593 2 2 5 1 6694 4269 6695
6594 2 2 5 1 3716 3189 4107
6595 2 2 5 1 3534 2102 3614
6596 2 2 5 1 1118 1117 1164
6597 2 2 5 1 4701 4722 5726
6598 2 2 5 1 3551 3552 3813
6599 2 2 5 1 1402 6362 6363
6600 2 2 5 1 1715 1714 1754
6601 2 2 5 1 2464 6442 6443
6602 2 2 5 1 4070 4068 4723
6603 2 2 5 1 1165 1164 1192
6604 2 2 5 1 4759 6859 6860
6605 2 2 5 1 3005 3004 3006
6606 2 2 5 1 499 334 6307
6607 2 2 5 1 2976 6033 6993
6608 2 2 5 1 1839 1838 1976
6609 2 2 5 1 6882 2975 7137
6610 2 2 5 1 1101 1126 1127
6611 2 2 5 1 3911 3910 3938
6612 2 2 5 1 1138 1137 6697
6613 2 2 5 1 2461 198 6320
6614 2 2 5 1 195 780 6325
6615 2 2 5 1 193 2460 6322
6616 2 2 5 1 197 2461 6324
6617 2 2 5 1 1977 1976 2102
6618 2 2 5 1 710 738 6332
6619 2 2 5 1 1866 1138 1981
6620 2 2 5 1 556 544 1855
6621 2 2 5 1 6516 476 6673
6622 2 2 5 1 2530 2531 2675
6623 2 2 5 1 6425 490 6426
6624 2 2 5 1 2256 2257 2414
6625 2 2 5 1 2118 2314 2938
6626 2 2 5 1 1296 6591 6592
6627 2 2 5 1 791 751 1569
6628 2 2 5 1 3653 3652 4029
6629 2 2 5 1 4087 4960 4961
6630 2 2 5 1 1480 1378 1704
6631 2 2 5 1 730 728 6033
6632 2 2 5 1 1389 1387 6997
6633 2 2 5 1 6481 6479 6482
6634 2 2 5 1 6371 4076 6372
6635 2 2 5 1 4682 5812 5813
6636 2 2 5 1 1594 1501 1670
6637 2 2 5 1 1508 1277 6148
6638 2 2 5 1 6456 6454 6485
6639 2 2 5 1 2931 3757 6637
6640 2 2 5 1 2843 3034 6420
6641 2 2 5 1 6570 6569 6571
6642 2 2 5 1 1674 1478 6600
6643 2 2 5 1 1478 1476 6600
6644 2 2 5 1 3247 3245 7229
6645 2 2 5 1 3614 2102 3652
6646 2 2 5 1 2235 2040 2236
6647 2 2 5 1 4986 4050 4987
6648 2 2 5 1 2339 2236 2340
6649 2 2 5 1 1755 1754 1856
6650 2 2 5 1 6439 2101 6653
6651 2 2 5 1 4234 6682 6683
6652 2 2 5 1 5005 4049 6242
6653 2 2 5 1 1982 1981 1983
6654 2 2 5 1 3799 2679 6524
6655 2 2 5 1 1602 1600 1851
6656 2 2 5 1 1616 1614 1909
6657 2 2 5 1 3030 3096 3474
6658 2 2 5 1 1624 1622 1905
6659 2 2 5 1 1976 1838 2181
6660 2 2 5 1 3858 3635 3859
6661 2 2 5 1 1628 1626 2437
6662 2 2 5 1 1620 1618 2436
6663 2 2 5 1 1610 1608 1906
6664 2 2 5 1 2367 2340 2789
6665 2 2 5 1 1986 1985 1987
6666 2 2 5 1 1857 1856 2040
6667 2 2 5 1 1984 1983 1985
6668 2 2 5 1 3718 2416 3719
6669 2 2 5 1 1606 1604 2435
6670 2 2 5 1 2637 2636 6640
6671 2 2 5 1 2759 2758 3064
6672 2 2 5 1 3014 3875 4462
6673 2 2 5 1 3348 3345 4073
6674 2 2 5 1 1988 1987 1989
6675 2 2 5 1 3692 4680 4681
6676 2 2 5 1 3343 3341 6370
6677 2 2 5 1 2362 2359 2363
6678 2 2 5 1 4075 4102 5606
6679 2 2 5 1 3367 3352 4063
6680 2 2 5 1 3341 3307 4076
6681 2 2 5 1 4233 6243 6244
6682 2 2 5 1 3295 2626 6772
6683 2 2 5 1 2016 2014 6270
6684 2 2 5 1 1925 6260 6261
6685 2 2 5 1 1990 1989 1991
6686 2 2 5 1 3043 3042 6246
6687 2 2 5 1 1992 1991 1993
6688 2 2 5 1 3051 3102 3103
6689 2 2 5 1 6312 6310 6319
6690 2 2 5 1 3034 3165 3166
6691 2 2 5 1 1994 1993 1995
6692 2 2 5 1 3303 3290 4081
6693 2 2 5 1 4423 4422 4889
6694 2 2 5 1 2661 2662 2842
6695 2 2 5 1 3729 3728 3910
6696 2 2 5 1 1137 1139 1140
6697 2 2 5 1 3192 2961 3193
6698 2 2 5 1 1770 1846 6174
6699 2 2 5 1 3493 2931 6637
6700 2 2 5 1 1634 1632 1925
6701 2 2 5 1 479 6410 6411
6702 2 2 5 1 4869 4870 5107
6703 2 2 5 1 3474 3677 3977
6704 2 2 5 1 3286 3256 4093
6705 2 2 5 1 2208 2209 2661
6706 2 2 5 1 3695 3694 3758
6707 2 2 5 1 2396 2794 2795
6708 2 2 5 1 3977 4072 4867
6709 2 2 5 1 6278 2452 6598
6710 2 2 5 1 2535 2538 6213
6711 2 2 5 1 2960 4163 4164
6712 2 2 5 1 6218 6219 6220
6713 2 2 5 1 1187 1313 1314
6714 2 2 5 1 1967 1968 2208
6715 2 2 5 1 3508 332 6338
6716 2 2 5 1 4344 4343 4751
6717 2 2 5 1 2472 2470 2484
6718 2 2 5 1 1608 1606 6265
6719 2 2 5 1 3252 3247 4118
6720 2 2 5 1 1193 1192 1274
6721 2 2 5 1 3515 4590 4591
6722 2 2 5 1 3412 3884 3945
6723 2 2 5 1 4867 4868 4869
6724 2 2 5 1 3836 4620 5782
6725 2 2 5 1 960 763 6530
6726 2 2 5 1 2877 2800 6214
6727 2 2 5 1 743 744 745
6728 2 2 5 1 5311 4450 5312
6729 2 2 5 1 2772 2600 6573
6730 2 2 5 1 3243 3089 4244
6731 2 2 5 1 4991 4988 4992
6732 2 2 5 1 2482 2480 2485
6733 2 2 5 1 904 833 6761
6734 2 2 5 1 2520 6108 6722
6735 2 2 5 1 3065 3064 3615
6736 2 2 5 1 852 850 6890
6737 2 2 5 1 2489 2490 2660
6738 2 2 5 1 2951 2241 6086
6739 2 2 5 1 2256 1850 2257
6740 2 2 5 1 1996 1995 1997
6741 2 2 5 1 6275 2006 6276
6742 2 2 5 1 2488 6569 6570
6743 2 2 5 1 5646 5647 5652
6744 2 2 5 1 3325 3320 3326
6745 2 2 5 1 3373 3371 4367
6746 2 2 5 1 1089 1100 1101
6747 2 2 5 1 4166 4167 5724
6748 2 2 5 1 4164 4165 4166
6749 2 2 5 1 2026 2308 2444
6750 2 2 5 1 2660 4067 4068
6751 2 2 5 1 6194 6195 6196
6752 2 2 5 1 5016 5015 5298
6753 2 2 5 1 4485 4486 5007
6754 2 2 5 1 1626 1624 6249
6755 2 2 5 1 2710 3042 3043
6756 2 2 5 1 1760 2026 6440
6757 2 2 5 1 3345 3343 6373
6758 2 2 5 1 1848 1849 1967
6759 2 2 5 1 4342 4343 4344
6760 2 2 5 1 2255 1350 6284
6761 2 2 5 1 4039 5407 6546
6762 2 2 5 1 6270 2014 6272
6763 2 2 5 1 3516 3994 4629
6764 2 2 5 1 2063 2064 2657
6765 2 2 5 1 1097 1132 1133
6766 2 2 5 1 3759 3758 4134
6767 2 2 5 1 1007 3198 3551
6768 2 2 5 1 938 1096 1097
6769 2 2 5 1 2226 2212 2313
6770 2 2 5 1 4180 1808 6752
6771 2 2 5 1 2044 2024 2212
6772 2 2 5 1 4107 4659 4731
6773 2 2 5 1 6519 6516 6673
6774 2 2 5 1 1140 1141 1142
6775 2 2 5 1 4155 4315 6557
6776 2 2 5 1 925 1760 6441
6777 2 2 5 1 1805 1806 1848
6778 2 2 5 1 4070 4723 4724
6779 2 2 5 1 1068 1088 1089
6780 2 2 5 1 3716 4107 4727
6781 2 2 5 1 1142 1196 1197
6782 2 2 5 1 1644 1642 1735
6783 2 2 5 1 555 547 6861
6784 2 2 5 1 3379 3377 4374
6785 2 2 5 1 1600 1598 6201
6786 2 2 5 1 6025 4156 6656
6787 2 2 5 1 848 849 4754
6788 2 2 5 1 894 937 938
6789 2 2 5 1 7 6 472
6790 2 2 5 1 43 42 473
6791 2 2 5 1 6514 476 6515
6792 2 2 5 1 2020 2019 2024
6793 2 2 5 1 2962 6148 6149
6794 2 2 5 1 4186 4826 4828
6795 2 2 5 1 3275 5851 7368
6796 2 2 5 1 1691 1775 3354
6797 2 2 5 1 3384 3385 3804
6798 2 2 5 1 3377 3373 6287
6799 2 2 5 1 6277 2002 6278
6800 2 2 5 1 1501 1486 6364
6801 2 2 5 1 842 843 844
6802 2 2 5 1 2681 3799 6684
6803 2 2 5 1 1867 3444 6361
6804 2 2 5 1 5763 7505 7588
6805 2 2 5 1 1638 1636 2440
6806 2 2 5 1 4017 4113 4114
6807 2 2 5 1 4525 4524 5375
6808 2 2 5 1 3369 3367 6391
6809 2 2 5 1 3089 2291 6352
6810 2 2 5 1 854 855 856
6811 2 2 5 1 3003 3002 3004
6812 2 2 5 1 6934 4799 7102
6813 2 2 5 1 1933 1934 2063
6814 2 2 5 1 1346 1386 1387
6815 2 2 5 1 4303 6640 6642
6816 2 2 5 1 6411 6410 6412
6817 2 2 5 1 4175 4173 6309
6818 2 2 5 1 3899 3040 5812
6819 2 2 5 1 21 20 469
6820 2 2 5 1 738 766 996
6821 2 2 5 1 2472 2484 2489
6822 2 2 5 1 350 351 6089
6823 2 2 5 1 4045 4044 4528
6824 2 2 5 1 6416 6601 6603
6825 2 2 5 1 335 336 2463
6826 2 2 5 1 6333 6332 7003
6827 2 2 5 1 2409 3189 3716
6828 2 2 5 1 3199 3200 3201
6829 2 2 5 1 2017 2016 2019
6830 2 2 5 1 408 6408 6769
6831 2 2 5 1 2527 2530 6235
6832 2 2 5 1 3201 3587 4862
6833 2 2 5 1 4149 2448 4393
6834 2 2 5 1 2409 3136 3189
6835 2 2 5 1 2824 2878 5925
6836 2 2 5 1 6515 6516 6517
6837 2 2 5 1 1668 2787 6230
6838 2 2 5 1 1480 1704 2112
6839 2 2 5 1 2015 2014 2016
6840 2 2 5 1 5298 7586 8523
6841 2 2 5 1 791 1569 6238
6842 2 2 5 1 861 864 6534
6843 2 2 5 1 4170 5862 6351
6844 2 2 5 1 2069 2237 2238
6845 2 2 5 1 3782 4900 6773
6846 2 2 5 1 477 6577 6578
6847 2 2 5 1 1895 1807 6653
6848 2 2 5 1 2482 2485 3194
6849 2 2 5 1 4342 4316 4343
6850 2 2 5 1 5994 4913 6820
6851 2 2 5 1 1671 1268 7426
6852 2 2 5 1 1760 6440 6441
6853 2 2 5 1 1513 1512 1514
6854 2 2 5 1 2613 2611 6664
6855 2 2 5 1 2488 1151 6569
6856 2 2 5 1 1770 1845 1846
6857 2 2 5 1 2926 2313 3082
6858 2 2 5 1 1758 2083 2409
6859 2 2 5 1 4988 5497 6505
6860 2 2 5 1 4746 4790 5902
6861 2 2 5 1 2747 3885 6844
6862 2 2 5 1 6413 6412 6418
6863 2 2 5 1 5076 3827 7043
6864 2 2 5 1 5339 3864 6240
6865 2 2 5 1 4349 4350 4746
6866 2 2 5 1 6427 6426 6428
6867 2 2 5 1 3599 3935 7261
6868 2 2 5 1 1594 1670 3199
6869 2 2 5 1 3261 3259 3277
6870 2 2 5 1 6569 1095 6572
6871 2 2 5 1 6220 6566 7250
6872 2 2 5 1 1578 1691 6992
6873 2 2 5 1 4136 3719 4269
6874 2 2 5 1 3136 3733 6535
6875 2 2 5 1 5708 1880 7536
6876 2 2 5 1 5809 4371 5810
6877 2 2 5 1 4746 4350 4790
6878 2 2 5 1 3724 3616 6554
6879 2 2 5 1 3499 3188 3500
6880 2 2 5 1 3862 3814 3863
6881 2 2 5 1 5758 5757 5906
6882 2 2 5 1 2787 2788 4337
6883 2 2 5 1 6031 2866 6032
6884 2 2 5 1 4171 4170 6351
6885 2 2 5 1 4349 4348 4350
6886 2 2 5 1 3484 2772 6573
6887 2 2 5 1 3587 3200 3609
6888 2 2 5 1 773 747 6636
6889 2 2 5 1 2163 2164 3024
6890 2 2 5 1 489 6447 6448
6891 2 2 5 1 3698 3128 6243
6892 2 2 5 1 4278 4088 6231
6893 2 2 5 1 4239 6502 6503
6894 2 2 5 1 4700 4610 5728
6895 2 2 5 1 2467 6430 6431
6896 2 2 5 1 4987 4050 6758
6897 2 2 5 1 4798 4203 4799
6898 2 2 5 1 4156 4154 6656
6899 2 2 5 1 2286 3141 3577
6900 2 2 5 1 1606 2435 6265
6901 2 2 5 1 783 804 2442
6902 2 2 5 1 337 338 6538
6903 2 2 5 1 1495 1497 3115
6904 2 2 5 1 199 200 512
6905 2 2 5 1 204 205 498
6906 2 2 5 1 197 198 2461
6907 2 2 5 1 195 196 780
6908 2 2 5 1 193 194 2460
6909 2 2 5 1 191 192 537
6910 2 2 5 1 349 350 536
6911 2 2 5 1 4347 4348 4349
6912 2 2 5 1 2538 2586 6213
6913 2 2 5 1 1624 1905 6249
6914 2 2 5 1 4315 4316 4342
6915 2 2 5 1 5607 5606 6531
6916 2 2 5 1 6481 6482 6483
6917 2 2 5 1 3094 2637 6640
6918 2 2 5 1 3764 6052 6216
6919 2 2 5 1 4988 4987 5497
6920 2 2 5 1 845 848 6556
6921 2 2 5 1 4374 3377 6287
6922 2 2 5 1 3343 6370 6373
6923 2 2 5 1 2419 2418 3717
6924 2 2 5 1 6366 6365 6421
6925 2 2 5 1 3864 3863 3865
6926 2 2 5 1 6638 3757 6639
6927 2 2 5 1 28 27 468
6928 2 2 5 1 6152 6151 6767
6929 2 2 5 1 857 860 6558
6930 2 2 5 1 3745 3806 4187
6931 2 2 5 1 1499 1563 1758
6932 2 2 5 1 1383 1277 1508
6933 2 2 5 1 5126 5124 6528
6934 2 2 5 1 3367 4063 6391
6935 2 2 5 1 209 210 479
6936 2 2 5 1 328 329 478
6937 2 2 5 1 4315 4156 4316
6938 2 2 5 1 6685 4423 6686
6939 2 2 5 1 4261 4249 4262
6940 2 2 5 1 4174 4173 4175
6941 2 2 5 1 6390 7318 7364
6942 2 2 5 1 3763 3217 4239
6943 2 2 5 1 2615 2617 6512
6944 2 2 5 1 3552 3198 4749
6945 2 2 5 1 3516 1704 3720
6946 2 2 5 1 448 447 6793
6947 2 2 5 1 3634 3500 3635
6948 2 2 5 1 2843 3033 3034
6949 2 2 5 1 688 691 1705
6950 2 2 5 1 333 334 499
6951 2 2 5 1 1851 1600 6201
6952 2 2 5 1 1799 2502 3195
6953 2 2 5 1 1493 1495 6496
6954 2 2 5 1 1670 1501 6364
6955 2 2 5 1 4155 4154 4156
6956 2 2 5 1 4039 4556 5407
6957 2 2 5 1 3937 3083 4145
6958 2 2 5 1 4780 2124 6728
6959 2 2 5 1 3758 3694 6306
6960 2 2 5 1 3994 3720 4133
6961 2 2 5 1 6447 6446 6452
6962 2 2 5 1 4035 4036 6675
6963 2 2 5 1 3339 4787 6669
6964 2 2 5 1 5412 5126 6528
6965 2 2 5 1 4155 4156 4315
6966 2 2 5 1 4347 4346 4348
6967 2 2 5 1 2979 3382 4234
6968 2 2 5 1 4737 4736 5757
6969 2 2 5 1 3379 4872 6565
6970 2 2 5 1 4755 6559 6560
6971 2 2 5 1 1361 5298 8533
6972 2 2 5 1 5535 5534 5664
6973 2 2 5 1 211 2462 6409
6974 2 2 5 1 331 332 3508
6975 2 2 5 1 3727 3725 3728
6976 2 2 5 1 4244 6352 6541
6977 2 2 5 1 2561 2559 6962
6978 2 2 5 1 5168 5236 6290
6979 2 2 5 1 2758 3030 6549
6980 2 2 5 1 5798 5799 5801
6981 2 2 5 1 2617 2995 6512
6982 2 2 5 1 2605 3119 6513
6983 2 2 5 1 930 931 971
6984 2 2 5 1 4785 3503 4786
6985 2 2 5 1 2000 1998 2002
6986 2 2 5 1 1714 1805 6294
6987 2 2 5 1 4244 3089 6352
6988 2 2 5 1 6515 476 6516
6989 2 2 5 1 714 728 729
6990 2 2 5 1 6639 3757 6668
6991 2 2 5 1 2467 258 6424
6992 2 2 5 1 3012 3186 3408
6993 2 2 5 1 2005 2003 2006
6994 2 2 5 1 2096 1112 6781
6995 2 2 5 1 4203 3484 6573
6996 2 2 5 1 3701 3700 3702
6997 2 2 5 1 2403 2404 2405
6998 2 2 5 1 3723 3616 3724
6999 2 2 5 1 3119 3765 4186
7000 2 2 5 1 6291 6292 6293
7001 2 2 5 1 818 827 836
7002 2 2 5 1 6592 6591 6593
7003 2 2 5 1 3049 3050 3051
7004 2 2 5 1 4068 4067 6510
7005 2 2 5 1 6502 3215 6504
7006 2 2 5 1 1969 2163 6553
7007 2 2 5 1 2282 2283 2284
7008 2 2 5 1 4176 4175 5259
7009 2 2 5 1 6543 2998 6545
7010 2 2 5 1 2068 1662 6112
7011 2 2 5 1 4248 4247 4249
7012 2 2 5 1 2391 2395 2396
7013 2 2 5 1 1151 1095 6569
7014 2 2 5 1 489 278 6446
7015 2 2 5 1 1509 1510 1511
7016 2 2 5 1 6517 6516 6518
7017 2 2 5 1 2490 4140 6368
7018 2 2 5 1 4030 4956 5139
7019 2 2 5 1 3742 4154 4155
7020 2 2 5 1 3779 3357 4811
7021 2 2 5 1 6411 6412 6413
7022 2 2 5 1 2464 285 6442
7023 2 2 5 1 845 847 848
7024 2 2 5 1 3742 3741 4154
7025 2 2 5 1 3699 3698 3700
7026 2 2 5 1 2252 2240 6739
7027 2 2 5 1 2460 6325 7149
7028 2 2 5 1 1628 2437 6256
7029 2 2 5 1 3796 4850 7345
7030 2 2 5 1 344 345 546
7031 2 2 5 1 857 859 860
7032 2 2 5 1 3348 4073 6376
7033 2 2 5 1 1066 1067 1068
7034 2 2 5 1 865 867 894
7035 2 2 5 1 861 863 864
7036 2 2 5 1 243 2465 6659
7037 2 2 5 1 3703 3702 3704
7038 2 2 5 1 3733 5029 5030
7039 2 2 5 1 2256 6907 6921
7040 2 2 5 1 1610 1906 6269
7041 2 2 5 1 3001 3000 3002
7042 2 2 5 1 2428 2427 2429
7043 2 2 5 1 338 339 662
7044 2 2 5 1 4992 6505 6506
7045 2 2 5 1 3045 3046 3047
7046 2 2 5 1 1296 249 6591
7047 2 2 5 1 5168 5186 5187
7048 2 2 5 1 959 978 1394
7049 2 2 5 1 2101 1895 6653
7050 2 2 5 1 839 841 842
7051 2 2 5 1 1115 1078 3116
7052 2 2 5 1 1547 1325 6564
7053 2 2 5 1 3379 4374 4872
7054 2 2 5 1 3027 3745 6337
7055 2 2 5 1 2842 2843 6420
7056 2 2 5 1 851 853 854
7057 2 2 5 1 2444 2308 2699
7058 2 2 5 1 2009 2007 2010
7059 2 2 5 1 477 6578 6579
7060 2 2 5 1 6581 6579 6582
7061 2 2 5 1 6275 6725 7221
7062 2 2 5 1 2580 2579 2671
7063 2 2 5 1 3763 4239 4283
7064 2 2 5 1 903 905 915
7065 2 2 5 1 4658 4903 5592
7066 2 2 5 1 3319 3322 6171
7067 2 2 5 1 982 3376 6542
7068 2 2 5 1 4032 4973 6920
7069 2 2 5 1 4309 3387 6491
7070 2 2 5 1 2699 6348 7115
7071 2 2 5 1 3383 3094 4303
7072 2 2 5 1 2619 2613 6664
7073 2 2 5 1 989 984 1507
7074 2 2 5 1 251 486 6594
7075 2 2 5 1 345 346 6130
7076 2 2 5 1 3000 2998 6543
7077 2 2 5 1 3711 3710 6758
7078 2 2 5 1 5139 5140 5141
7079 2 2 5 1 5260 4175 6309
7080 2 2 5 1 2985 2914 3741
7081 2 2 5 1 1491 1492 1850
7082 2 2 5 1 336 337 6537
7083 2 2 5 1 6637 3757 6638
7084 2 2 5 1 2977 2699 2978
7085 2 2 5 1 2013 2011 2014
7086 2 2 5 1 4306 4346 4347
7087 2 2 5 1 6528 5124 6873
7088 2 2 5 1 6286 4240 7103
7089 2 2 5 1 2518 2517 2519
7090 2 2 5 1 2985 3741 3742
7091 2 2 5 1 3759 4134 6723
7092 2 2 5 1 4361 4362 4363
7093 2 2 5 1 5498 4987 6758
7094 2 2 5 1 3030 3474 6550
7095 2 2 5 1 5159 5160 5162
7096 2 2 5 1 3217 3215 6502
7097 2 2 5 1 3661 2920 4173
7098 2 2 5 1 3706 3704 3707
7099 2 2 5 1 3517 3669 3988
7100 2 2 5 1 6093 6344 6921
7101 2 2 5 1 3988 4971 4972
7102 2 2 5 1 4303 3094 6640
7103 2 2 5 1 3895 3484 4203
7104 2 2 5 1 3760 2978 3971
7105 2 2 5 1 1995 1993 6551
7106 2 2 5 1 3755 3234 4770
7107 2 2 5 1 3024 3820 3821
7108 2 2 5 1 2617 2773 2995
7109 2 2 5 1 734 736 757
7110 2 2 5 1 1548 1650 1652
7111 2 2 5 1 5018 4025 5226
7112 2 2 5 1 7200 4244 7292
7113 2 2 5 1 4136 4269 6694
7114 2 2 5 1 4316 6025 6648
7115 2 2 5 1 733 730 734
7116 2 2 5 1 1644 1735 1736
7117 2 2 5 1 2073 2309 7235
7118 2 2 5 1 245 476 6514
7119 2 2 5 1 6586 3057 6587
7120 2 2 5 1 808 791 6238
7121 2 2 5 1 6244 6995 7015
7122 2 2 5 1 1668 1777 2787
7123 2 2 5 1 3027 3461 3745
7124 2 2 5 1 5017 4153 5889
7125 2 2 5 1 3171 3511 3940
7126 2 2 5 1 1594 3199 6730
7127 2 2 5 1 1736 1838 1839
7128 2 2 5 1 4723 4068 6510
7129 2 2 5 1 2411 3674 4340
7130 2 2 5 1 3720 1704 6737
7131 2 2 5 1 1325 1191 6564
7132 2 2 5 1 4781 6848 7052
7133 2 2 5 1 2023 2016 6270
7134 2 2 5 1 477 293 6577
7135 2 2 5 1 6604 6606 6607
7136 2 2 5 1 3318 3317 3319
7137 2 2 5 1 4088 3713 4732
7138 2 2 5 1 745 751 790
7139 2 2 5 1 2565 2556 2572
7140 2 2 5 1 4654 4656 5741
7141 2 2 5 1 3360 3362 3364
7142 2 2 5 1 2573 2572 2579
7143 2 2 5 1 2284 2285 2286
7144 2 2 5 1 3534 3614 4434
7145 2 2 5 1 3515 4591 6692
7146 2 2 5 1 6699 6700 6701
7147 2 2 5 1 1489 1490 1491
7148 2 2 5 1 1293 6455 6457
7149 2 2 5 1 3009 3011 3012
7150 2 2 5 1 6441 6440 6567
7151 2 2 5 1 277 278 489
7152 2 2 5 1 289 290 1294
7153 2 2 5 1 286 287 485
7154 2 2 5 1 274 275 1293
7155 2 2 5 1 271 272 487
7156 2 2 5 1 292 293 477
7157 2 2 5 1 245 246 476
7158 2 2 5 1 248 249 1296
7159 2 2 5 1 262 263 1295
7160 2 2 5 1 251 252 486
7161 2 2 5 1 259 260 490
7162 2 2 5 1 265 266 488
7163 2 2 5 1 268 269 1297
7164 2 2 5 1 2975 6499 7137
7165 2 2 5 1 1497 1499 6654
7166 2 2 5 1 2527 2529 2530
7167 2 2 5 1 5422 5454 7476
7168 2 2 5 1 3299 3301 3512
7169 2 2 5 1 4363 4778 4779
7170 2 2 5 1 930 971 2487
7171 2 2 5 1 2092 2113 2114
7172 2 2 5 1 2490 2484 4140
7173 2 2 5 1 1977 2102 3534
7174 2 2 5 1 6724 4134 6963
7175 2 2 5 1 2535 2537 2538
7176 2 2 5 1 560 558 4185
7177 2 2 5 1 4309 6491 6492
7178 2 2 5 1 4088 4732 6231
7179 2 2 5 1 2448 2449 6575
7180 2 2 5 1 1130 1493 6671
7181 2 2 5 1 4930 5559 5560
7182 2 2 5 1 2522 2519 2523
7183 2 2 5 1 4089 4279 4408
7184 2 2 5 1 3503 2691 6439
7185 2 2 5 1 1839 1976 1977
7186 2 2 5 1 3203 3950 3951
7187 2 2 5 1 261 262 6596
7188 2 2 5 1 4146 4145 4698
7189 2 2 5 1 2538 2539 2574
7190 2 2 5 1 1093 4741 6834
7191 2 2 5 1 640 642 6175
7192 2 2 5 1 5194 4921 5195
7193 2 2 5 1 253 254 2466
7194 2 2 5 1 257 258 2467
7195 2 2 5 1 5411 5126 5412
7196 2 2 5 1 4035 3654 4036
7197 2 2 5 1 3697 3128 3698
7198 2 2 5 1 3199 4748 6730
7199 2 2 5 1 2607 2932 4205
7200 2 2 5 1 4107 3189 4659
7201 2 2 5 1 1418 1417 6862
7202 2 2 5 1 790 791 807
7203 2 2 5 1 915 916 930
7204 2 2 5 1 5043 4698 5827
7205 2 2 5 1 4287 3683 4288
7206 2 2 5 1 206 207 2459
7207 2 2 5 1 3617 4892 4893
7208 2 2 5 1 2999 2998 3000
7209 2 2 5 1 4067 2490 6368
7210 2 2 5 1 1406 1407 1408
7211 2 2 5 1 6137 4111 7158
7212 2 2 5 1 807 808 832
7213 2 2 5 1 971 972 999
7214 2 2 5 1 832 833 901
7215 2 2 5 1 2868 2222 2870
7216 2 2 5 1 2728 2748 6903
7217 2 2 5 1 6512 2995 7113
7218 2 2 5 1 2531 2533 6367
7219 2 2 5 1 255 256 917
7220 2 2 5 1 2351 1399 4225
7221 2 2 5 1 1383 1508 1509
7222 2 2 5 1 6608 6610 6611
7223 2 2 5 1 3618 6305 6645
7224 2 2 5 1 284 285 2464
7225 2 2 5 1 6409 2462 6601
7226 2 2 5 1 743 732 744
7227 2 2 5 1 4577 5501 5709
7228 2 2 5 1 726 712 731
7229 2 2 5 1 6661 4747 6662
7230 2 2 5 1 6641 2636 6681
7231 2 2 5 1 4239 3217 6502
7232 2 2 5 1 3240 3238 4771
7233 2 2 5 1 4742 6737 6892
7234 2 2 5 1 1846 1907 1908
7235 2 2 5 1 4508 4509 4860
7236 2 2 5 1 3684 4287 6690
7237 2 2 5 1 4923 4056 5326
7238 2 2 5 1 4233 3698 6243
7239 2 2 5 1 6577 294 6585
7240 2 2 5 1 1908 2131 2132
7241 2 2 5 1 3863 3814 6753
7242 2 2 5 1 2787 4338 6230
7243 2 2 5 1 279 280 2670
7244 2 2 5 1 4193 6754 6782
7245 2 2 5 1 334 335 6307
7246 2 2 5 1 999 1020 1113
7247 2 2 5 1 1257 1259 6532
7248 2 2 5 1 2414 2416 3718
7249 2 2 5 1 1349 1271 1350
7250 2 2 5 1 1978 1350 2042
7251 2 2 5 1 2950 3297 3298
7252 2 2 5 1 1961 1854 1962
7253 2 2 5 1 281 282 781
7254 2 2 5 1 2102 1976 6705
7255 2 2 5 1 3552 4749 6753
7256 2 2 5 1 4742 3720 6737
7257 2 2 5 1 4058 3837 4561
7258 2 2 5 1 849 851 6527
7259 2 2 5 1 1292 1377 3224
7260 2 2 5 1 2103 2643 2969
7261 2 2 5 1 6261 6260 6262
7262 2 2 5 1 1410 1435 1686
7263 2 2 5 1 3163 3162 3670
7264 2 2 5 1 6185 1291 7196
7265 2 2 5 1 3130 3585 4297
7266 2 2 5 1 1538 1714 1715
7267 2 2 5 1 1805 6291 6294
7268 2 2 5 1 4287 4288 4805
7269 2 2 5 1 1388 4092 5874
7270 2 2 5 1 2218 2042 3162
7271 2 2 5 1 1758 1563 2083
7272 2 2 5 1 1136 1138 1866
7273 2 2 5 1 198 199 6320
7274 2 2 5 1 192 193 6322
7275 2 2 5 1 194 195 6325
7276 2 2 5 1 196 197 6324
7277 2 2 5 1 4893 4981 4982
7278 2 2 5 1 5163 5167 5168
7279 2 2 5 1 4069 4068 4070
7280 2 2 5 1 2189 2950 7049
7281 2 2 5 1 899 820 1112
7282 2 2 5 1 4306 4307 4346
7283 2 2 5 1 3683 3493 6637
7284 2 2 5 1 860 861 6534
7285 2 2 5 1 4728 4727 5999
7286 2 2 5 1 2914 2231 6559
7287 2 2 5 1 2409 2083 3136
7288 2 2 5 1 2566 2561 6962
7289 2 2 5 1 4311 4155 6557
7290 2 2 5 1 2373 3023 4120
7291 2 2 5 1 6457 6455 6458
7292 2 2 5 1 5156 5158 5159
7293 2 2 5 1 4517 5904 5905
7294 2 2 5 1 4151 2675 5915
7295 2 2 5 1 982 980 3376
7296 2 2 5 1 2095 1112 2096
7297 2 2 5 1 4774 3905 4775
7298 2 2 5 1 5301 4541 6734
7299 2 2 5 1 2530 4150 6235
7300 2 2 5 1 2469 2468 2470
7301 2 2 5 1 6244 6243 6245
7302 2 2 5 1 2953 1970 6049
7303 2 2 5 1 332 333 6338
7304 2 2 5 1 2449 2447 4168
7305 2 2 5 1 2453 2424 4177
7306 2 2 5 1 211 212 2462
7307 2 2 5 1 3030 2455 3096
7308 2 2 5 1 2471 2470 2472
7309 2 2 5 1 4786 3503 6439
7310 2 2 5 1 2446 2961 3192
7311 2 2 5 1 6412 6410 6416
7312 2 2 5 1 3671 3670 4356
7313 2 2 5 1 4075 3693 4102
7314 2 2 5 1 294 295 6585
7315 2 2 5 1 4080 6233 6234
7316 2 2 5 1 3076 3074 3167
7317 2 2 5 1 2423 6678 6838
7318 2 2 5 1 6369 4140 7160
7319 2 2 5 1 4541 4540 6734
7320 2 2 5 1 5560 5561 5562
7321 2 2 5 1 4357 4356 4540
7322 2 2 5 1 3537 3930 6941
7323 2 2 5 1 4036 3654 6665
7324 2 2 5 1 1275 1274 1320
7325 2 2 5 1 4622 5369 5370
7326 2 2 5 1 4147 4070 6526
7327 2 2 5 1 2454 2758 2759
7328 2 2 5 1 1378 1194 6737
7329 2 2 5 1 3193 3694 3695
7330 2 2 5 1 6120 4754 6228
7331 2 2 5 1 4720 3758 6306
7332 2 2 5 1 1769 1770 6174
7333 2 2 5 1 2958 3411 3412
7334 2 2 5 1 4015 3666 4920
7335 2 2 5 1 2287 3014 7286
7336 2 2 5 1 5544 4689 6529
7337 2 2 5 1 2137 3159 3203
7338 2 2 5 1 4494 3823 6285
7339 2 2 5 1 1500 1310 1829
7340 2 2 5 1 3657 1771 7036
7341 2 2 5 1 736 762 6736
7342 2 2 5 1 2960 2445 4163
7343 2 2 5 1 210 211 6409
7344 2 2 5 1 1191 1151 2488
7345 2 2 5 1 4081 3290 6384
7346 2 2 5 1 4093 3256 6388
7347 2 2 5 1 5382 5381 5496
7348 2 2 5 1 553 2703 6861
7349 2 2 5 1 5030 5029 5034
7350 2 2 5 1 5025 2750 5250
7351 2 2 5 1 5335 5092 5336
7352 2 2 5 1 3007 3008 3009
7353 2 2 5 1 6218 4139 6219
7354 2 2 5 1 1137 1135 1139
7355 2 2 5 1 4076 3307 6380
7356 2 2 5 1 4337 4426 6308
7357 2 2 5 1 1153 1107 1154
7358 2 2 5 1 207 208 6732
7359 2 2 5 1 2997 2062 2998
7360 2 2 5 1 5435 4672 5437
7361 2 2 5 1 2438 2448 4149
7362 2 2 5 1 3166 4039 6546
7363 2 2 5 1 2521 2520 2524
7364 2 2 5 1 6524 3194 6525
7365 2 2 5 1 1866 1981 1982
7366 2 2 5 1 6437 6435 6438
7367 2 2 5 1 2915 2914 2985
7368 2 2 5 1 4992 4988 6505
7369 2 2 5 1 2278 3399 6674
7370 2 2 5 1 3616 3615 6554
7371 2 2 5 1 6194 3285 6195
7372 2 2 5 1 1715 1754 1755
7373 2 2 5 1 3718 3719 4136
7374 2 2 5 1 1381 1325 1547
7375 2 2 5 1 2868 2870 3450
7376 2 2 5 1 3738 3736 6738
7377 2 2 5 1 2235 2236 2339
7378 2 2 5 1 4042 4929 4930
7379 2 2 5 1 1982 1983 1984
7380 2 2 5 1 2339 2340 2367
7381 2 2 5 1 2280 2281 2282
7382 2 2 5 1 1984 1985 1986
7383 2 2 5 1 2481 2480 2482
7384 2 2 5 1 1986 1987 1988
7385 2 2 5 1 1385 1322 4182
7386 2 2 5 1 946 945 1007
7387 2 2 5 1 3821 4041 4042
7388 2 2 5 1 1857 2040 2235
7389 2 2 5 1 1805 1658 1806
7390 2 2 5 1 749 754 3223
7391 2 2 5 1 1844 1778 6681
7392 2 2 5 1 1988 1989 1990
7393 2 2 5 1 1990 1991 1992
7394 2 2 5 1 4586 3548 5192
7395 2 2 5 1 1992 1993 1994
7396 2 2 5 1 844 845 6556
7397 2 2 5 1 326 327 2770
7398 2 2 5 1 901 903 6678
7399 2 2 5 1 2367 2789 4689
7400 2 2 5 1 1755 1856 1857
7401 2 2 5 1 564 562 1271
7402 2 2 5 1 1831 1710 6677
7403 2 2 5 1 5107 4870 5149
7404 2 2 5 1 1240 1273 7029
7405 2 2 5 1 2240 2241 2242
7406 2 2 5 1 6276 6277 6725
7407 2 2 5 1 2983 4305 4306
7408 2 2 5 1 3745 4759 6337
7409 2 2 5 1 5090 4380 5092
7410 2 2 5 1 2358 2356 2359
7411 2 2 5 1 2240 2242 6739
7412 2 2 5 1 3226 2506 3227
7413 2 2 5 1 3474 3096 3677
7414 2 2 5 1 4599 4598 4600
7415 2 2 5 1 243 244 2465
7416 2 2 5 1 5606 4102 6098
7417 2 2 5 1 4867 4072 4868
7418 2 2 5 1 856 857 6558
7419 2 2 5 1 4288 3683 6637
7420 2 2 5 1 6571 6569 6572
7421 2 2 5 1 4869 4868 4870
7422 2 2 5 1 3977 3677 4072
7423 2 2 5 1 778 812 1402
7424 2 2 5 1 2995 2773 6555
7425 2 2 5 1 4267 4266 4268
7426 2 2 5 1 800 773 1759
7427 2 2 5 1 258 259 6424
7428 2 2 5 1 4173 2920 6835
7429 2 2 5 1 6558 860 6986
7430 2 2 5 1 295 296 3057
7431 2 2 5 1 6607 6606 6608
7432 2 2 5 1 1944 1921 7089
7433 2 2 5 1 285 286 6442
7434 2 2 5 1 1577 1470 7664
7435 2 2 5 1 247 248 6744
7436 2 2 5 1 4324 4781 4782
7437 2 2 5 1 4735 3863 6753
7438 2 2 5 1 3911 3938 3939
7439 2 2 5 1 2609 1539 6828
7440 2 2 5 1 4060 3227 4074
7441 2 2 5 1 1252 1170 1255
7442 2 2 5 1 1994 1995 1996
7443 2 2 5 1 1195 1194 1378
7444 2 2 5 1 5026 4337 6308
7445 2 2 5 1 1379 1378 1480
7446 2 2 5 1 2983 4306 6345
7447 2 2 5 1 3907 3908 5011
7448 2 2 5 1 6473 6472 6474
7449 2 2 5 1 209 479 6652
7450 2 2 5 1 3695 3758 3759
7451 2 2 5 1 6480 6479 6481
7452 2 2 5 1 5016 5298 5299
7453 2 2 5 1 1920 1922 6647
7454 2 2 5 1 4164 4163 4165
7455 2 2 5 1 1133 1132 6719
7456 2 2 5 1 4671 3738 6738
7457 2 2 5 1 6703 6702 6704
7458 2 2 5 1 4166 4165 4167
7459 2 2 5 1 1686 1687 1858
7460 2 2 5 1 4186 3765 4826
7461 2 2 5 1 2759 3064 3065
7462 2 2 5 1 1075 2975 6882
7463 2 2 5 1 1996 1997 1998
7464 2 2 5 1 3757 2754 6668
7465 2 2 5 1 3065 3615 3616
7466 2 2 5 1 2508 4319 6812
7467 2 2 5 1 3444 6359 6361
7468 2 2 5 1 1499 1758 6654
7469 2 2 5 1 2031 6160 6161
7470 2 2 5 1 2246 2247 2248
7471 2 2 5 1 278 279 6446
7472 2 2 5 1 6466 6465 6467
7473 2 2 5 1 4152 5015 5016
7474 2 2 5 1 5949 5948 5950
7475 2 2 5 1 1482 1484 6759
7476 2 2 5 1 6754 2081 6782
7477 2 2 5 1 6502 6504 7084
7478 2 2 5 1 1830 1829 2234
7479 2 2 5 1 3216 3215 3217
7480 2 2 5 1 2406 2404 6961
7481 2 2 5 1 6699 2494 6700
7482 2 2 5 1 917 6435 6437
7483 2 2 5 1 3504 3503 4785
7484 2 2 5 1 6668 2628 6896
7485 2 2 5 1 242 243 6659
7486 2 2 5 1 292 477 6580
7487 2 2 5 1 1871 1814 1910
7488 2 2 5 1 249 250 6591
7489 2 2 5 1 3736 2252 6739
7490 2 2 5 1 277 489 6450
7491 2 2 5 1 1502 1501 1594
7492 2 2 5 1 3218 3217 3763
7493 2 2 5 1 3166 3165 4039
7494 2 2 5 1 6256 6251 6257
7495 2 2 5 1 3383 4303 4304
7496 2 2 5 1 3729 3910 3911
7497 2 2 5 1 4751 4343 5909
7498 2 2 5 1 1471 1578 6992
7499 2 2 5 1 1487 1486 1501
7500 2 2 5 1 999 1000 1020
7501 2 2 5 1 1097 1096 1132
7502 2 2 5 1 257 2467 6433
7503 2 2 5 1 2493 6702 6703
7504 2 2 5 1 4149 4393 4394
7505 2 2 5 1 2842 2662 2843
7506 2 2 5 1 3211 3595 6740
7507 2 2 5 1 942 909 945
7508 2 2 5 1 1712 1852 6727
7509 2 2 5 1 938 937 1096
7510 2 2 5 1 1601 1600 1602
7511 2 2 5 1 2454 2759 6598
7512 2 2 5 1 3781 3624 3854
7513 2 2 5 1 1599 1598 1600
7514 2 2 5 1 1603 1602 1604
7515 2 2 5 1 844 843 845
7516 2 2 5 1 4025 2972 6688
7517 2 2 5 1 1321 1320 1420
7518 2 2 5 1 1020 1021 1042
7519 2 2 5 1 1042 1052 1053
7520 2 2 5 1 1605 1604 1606
7521 2 2 5 1 2065 1910 2067
7522 2 2 5 1 1772 1662 1773
7523 2 2 5 1 3450 2870 3451
7524 2 2 5 1 6459 6458 6460
7525 2 2 5 1 1955 2190 6835
7526 2 2 5 1 2661 2209 2662
7527 2 2 5 1 2703 4605 4994
7528 2 2 5 1 4316 4156 6025
7529 2 2 5 1 250 251 6594
7530 2 2 5 1 1607 1606 1608
7531 2 2 5 1 1053 1086 1087
7532 2 2 5 1 856 855 857
7533 2 2 5 1 1708 1541 2468
7534 2 2 5 1 2475 2473 2476
7535 2 2 5 1 3895 4203 4798
7536 2 2 5 1 2479 2477 2480
7537 2 2 5 1 2000 2002 2003
7538 2 2 5 1 5300 4541 5301
7539 2 2 5 1 2208 1968 2209
7540 2 2 5 1 1140 1139 1141
7541 2 2 5 1 836 827 837
7542 2 2 5 1 1609 1608 1610
7543 2 2 5 1 842 841 843
7544 2 2 5 1 37 36 2692
7545 2 2 5 1 6064 4742 6892
7546 2 2 5 1 4187 3806 4312
7547 2 2 5 1 1402 812 1867
7548 2 2 5 1 784 6699 6701
7549 2 2 5 1 1615 1614 1616
7550 2 2 5 1 1611 1610 1612
7551 2 2 5 1 1547 6369 7166
7552 2 2 5 1 1617 1616 1618
7553 2 2 5 1 2080 1831 6677
7554 2 2 5 1 1613 1612 1614
7555 2 2 5 1 1967 1849 1968
7556 2 2 5 1 6450 6448 6451
7557 2 2 5 1 1552 1593 1769
7558 2 2 5 1 2783 2742 3215
7559 2 2 5 1 848 847 849
7560 2 2 5 1 3246 3245 3247
7561 2 2 5 1 4829 955 5888
7562 2 2 5 1 4154 3741 4755
7563 2 2 5 1 3248 3247 3252
7564 2 2 5 1 3244 3243 3245
7565 2 2 5 1 1619 1618 1620
7566 2 2 5 1 2426 2425 2427
7567 2 2 5 1 1087 1117 1118
7568 2 2 5 1 3255 3254 3256
7569 2 2 5 1 3257 3256 3286
7570 2 2 5 1 3253 3252 3254
7571 2 2 5 1 3056 2681 6684
7572 2 2 5 1 894 867 937
7573 2 2 5 1 6518 6519 6520
7574 2 2 5 1 1621 1620 1622
7575 2 2 5 1 6433 6431 6434
7576 2 2 5 1 3287 3286 3288
7577 2 2 5 1 2636 1844 6681
7578 2 2 5 1 854 853 855
7579 2 2 5 1 3289 3288 3290
7580 2 2 5 1 3090 3089 3243
7581 2 2 5 1 3291 3290 3303
7582 2 2 5 1 3306 3305 3307
7583 2 2 5 1 6408 6404 6769
7584 2 2 5 1 3304 3303 3305
7585 2 2 5 1 3308 3307 3341
7586 2 2 5 1 1623 1622 1624
7587 2 2 5 1 2242 2243 2244
7588 2 2 5 1 860 859 861
7589 2 2 5 1 3342 3341 3343
7590 2 2 5 1 864 863 865
7591 2 2 5 1 490 260 6655
7592 2 2 5 1 2444 2977 6672
7593 2 2 5 1 3344 3343 3345
7594 2 2 5 1 3346 3345 3348
7595 2 2 5 1 2773 3063 6555
7596 2 2 5 1 5383 4026 7058
7597 2 2 5 1 1625 1624 1626
7598 2 2 5 1 3349 3348 3350
7599 2 2 5 1 6641 6681 7022
7600 2 2 5 1 3727 3728 3729
7601 2 2 5 1 3140 3575 3679
7602 2 2 5 1 1627 1626 1628
7603 2 2 5 1 2244 2245 2246
7604 2 2 5 1 1118 1164 1165
7605 2 2 5 1 6602 2462 6634
7606 2 2 5 1 3351 3350 3352
7607 2 2 5 1 2913 2231 2914
7608 2 2 5 1 3034 3033 3165
7609 2 2 5 1 1629 1628 1630
7610 2 2 5 1 1572 7392 7422
7611 2 2 5 1 3005 3006 3007
7612 2 2 5 1 3353 3352 3367
7613 2 2 5 1 1398 2383 4229
7614 2 2 5 1 865 894 6819
7615 2 2 5 1 1667 2605 6800
7616 2 2 5 1 6414 6413 6415
7617 2 2 5 1 3388 3387 4309
7618 2 2 5 1 2524 2520 6722
7619 2 2 5 1 2278 2080 3399
7620 2 2 5 1 3897 3451 6027
7621 2 2 5 1 839 842 6836
7622 2 2 5 1 244 245 6514
7623 2 2 5 1 1142 1141 1196
7624 2 2 5 1 3339 3978 3979
7625 2 2 5 1 1794 1796 7298
7626 2 2 5 1 1848 1806 1849
7627 2 2 5 1 3745 3461 3806
7628 2 2 5 1 1631 1630 1632
7629 2 2 5 1 4349 4746 4747
7630 2 2 5 1 3399 2080 6677
7631 2 2 5 1 3592 3594 3692
7632 2 2 5 1 3368 3367 3369
7633 2 2 5 1 3262 3264 7124
7634 2 2 5 1 1493 6496 6671
7635 2 2 5 1 1197 1196 1450
7636 2 2 5 1 2231 1973 6559
7637 2 2 5 1 3723 3724 3725
7638 2 2 5 1 3057 296 6588
7639 2 2 5 1 3088 4413 6935
7640 2 2 5 1 924 900 6809
7641 2 2 5 1 1093 1099 4741
7642 2 2 5 1 1432 1504 1552
7643 2 2 5 1 4337 2788 4426
7644 2 2 5 1 1168 1309 1489
7645 2 2 5 1 1049 1004 2507
7646 2 2 5 1 4154 4755 6656
7647 2 2 5 1 5596 4078 7091
7648 2 2 5 1 41 40 2672
7649 2 2 5 1 1489 1491 6921
7650 2 2 5 1 808 6238 6761
7651 2 2 5 1 1633 1632 1634
7652 2 2 5 1 2681 2679 3799
7653 2 2 5 1 2962 1508 6148
7654 2 2 5 1 4017 3465 4113
7655 2 2 5 1 293 294 6577
7656 2 2 5 1 3656 4524 4525
7657 2 2 5 1 3602 4442 4443
7658 2 2 5 1 6544 2609 6991
7659 2 2 5 1 3370 3369 3371
7660 2 2 5 1 3928 5136 5137
7661 2 2 5 1 4161 4422 4423
7662 2 2 5 1 1635 1634 1636
7663 2 2 5 1 4246 3527 4247
7664 2 2 5 1 6660 4747 6661
7665 2 2 5 1 3372 3371 3373
7666 2 2 5 1 4306 4347 6345
7667 2 2 5 1 3003 3004 3005
7668 2 2 5 1 3211 3212 3591
7669 2 2 5 1 3684 3683 4287
7670 2 2 5 1 3374 3373 3377
7671 2 2 5 1 2248 2249 2250
7672 2 2 5 1 3502 2691 3503
7673 2 2 5 1 1928 1927 2027
7674 2 2 5 1 1914 1913 2222
7675 2 2 5 1 1747 1711 1814
7676 2 2 5 1 3850 3684 6690
7677 2 2 5 1 2415 2257 2982
7678 2 2 5 1 6303 6219 6697
7679 2 2 5 1 4571 4734 5209
7680 2 2 5 1 6149 6148 6150
7681 2 2 5 1 6708 6707 6710
7682 2 2 5 1 3822 3823 4494
7683 2 2 5 1 670 668 1570
7684 2 2 5 1 2124 2126 6728
7685 2 2 5 1 3661 4173 4174
7686 2 2 5 1 3925 3150 4047
7687 2 2 5 1 3151 3926 4046
7688 2 2 5 1 3717 4108 4170
7689 2 2 5 1 1637 1636 1638
7690 2 2 5 1 3378 3377 3379
7691 2 2 5 1 4897 5947 5948
7692 2 2 5 1 3177 3711 3785
7693 2 2 5 1 896 939 6646
7694 2 2 5 1 2301 2302 3658
7695 2 2 5 1 2223 2222 2868
7696 2 2 5 1 3742 4155 4311
7697 2 2 5 1 1165 1192 1193
7698 2 2 5 1 1179 1120 1194
7699 2 2 5 1 3639 3056 3786
7700 2 2 5 1 2005 2006 2007
7701 2 2 5 1 1896 2103 6752
7702 2 2 5 1 4306 4305 4307
7703 2 2 5 1 1721 1588 1750
7704 2 2 5 1 3996 3850 4236
7705 2 2 5 1 2829 2831 2832
7706 2 2 5 1 1366 1419 1432
7707 2 2 5 1 4740 4910 5131
7708 2 2 5 1 2543 2545 2546
7709 2 2 5 1 4535 3640 5118
7710 2 2 5 1 776 755 7324
7711 2 2 5 1 6738 3736 6739
7712 2 2 5 1 6345 4347 6660
7713 2 2 5 1 2787 1777 2788
7714 2 2 5 1 476 246 6673
7715 2 2 5 1 4523 3626 5922
7716 2 2 5 1 2020 2024 2044
7717 2 2 5 1 2044 2212 2226
7718 2 2 5 1 4746 5902 6945
7719 2 2 5 1 4133 4742 5984
7720 2 2 5 1 1461 1655 3907
7721 2 2 5 1 3786 3056 6684
7722 2 2 5 1 3222 3220 3387
7723 2 2 5 1 1597 1595 1598
7724 2 2 5 1 2402 2096 2403
7725 2 2 5 1 1485 1483 1486
7726 2 2 5 1 6702 834 6704
7727 2 2 5 1 1511 1512 1513
7728 2 2 5 1 2009 2010 2011
7729 2 2 5 1 3972 5265 6056
7730 2 2 5 1 2452 2454 6598
7731 2 2 5 1 6534 864 7197
7732 2 2 5 1 3380 3379 6565
7733 2 2 5 1 5607 6531 7639
7734 2 2 5 1 1299 6713 6714
7735 2 2 5 1 1742 1930 1931
7736 2 2 5 1 4349 4747 6660
7737 2 2 5 1 3366 3365 3673
7738 2 2 5 1 4176 5259 5261
7739 2 2 5 1 2222 1913 7083
7740 2 2 5 1 2015 2016 2017
7741 2 2 5 1 3450 3451 3643
7742 2 2 5 1 6601 2462 6602
7743 2 2 5 1 3200 1670 6494
7744 2 2 5 1 6503 7133 7169
7745 2 2 5 1 3087 2291 3089
7746 2 2 5 1 4170 5860 5862
7747 2 2 5 1 4098 2775 5753
7748 2 2 5 1 2013 2014 2015
7749 2 2 5 1 3973 3972 6056
7750 2 2 5 1 2017 2019 2020
7751 2 2 5 1 6580 6579 6581
7752 2 2 5 1 4820 4236 4822
7753 2 2 5 1 4215 7196 7231
7754 2 2 5 1 4205 2932 6650
7755 2 2 5 1 3640 3380 6565
7756 2 2 5 1 1661 1662 1772
7757 2 2 5 1 1287 6708 6709
7758 2 2 5 1 6715 1912 6716
7759 2 2 5 1 2807 2805 2808
7760 2 2 5 1 4174 4175 4176
7761 2 2 5 1 2568 2569 2570
7762 2 2 5 1 5872 4136 6694
7763 2 2 5 1 2500 6711 6712
7764 2 2 5 1 2961 2960 6839
7765 2 2 5 1 2073 2294 2309
7766 2 2 5 1 3682 3493 3683
7767 2 2 5 1 1513 1514 1515
7768 2 2 5 1 3699 3700 3701
7769 2 2 5 1 4197 4200 6691
7770 2 2 5 1 5996 5205 6996
7771 2 2 5 1 3569 3179 3605
7772 2 2 5 1 1768 1947 2295
7773 2 2 5 1 2270 2300 2301
7774 2 2 5 1 2024 2019 7051
7775 2 2 5 1 1614 1612 7101
7776 2 2 5 1 1550 1478 1674
7777 2 2 5 1 6674 3399 7554
7778 2 2 5 1 3701 3702 3703
7779 2 2 5 1 2754 2628 6668
7780 2 2 5 1 4749 6486 6487
7781 2 2 5 1 3001 3002 3003
7782 2 2 5 1 5343 5668 6132
7783 2 2 5 1 3865 4735 4736
7784 2 2 5 1 4393 6575 6766
7785 2 2 5 1 1287 6707 6708
7786 2 2 5 1 2112 3516 6872
7787 2 2 5 1 6707 2499 6710
7788 2 2 5 1 4236 3850 6690
7789 2 2 5 1 4347 4349 6660
7790 2 2 5 1 2678 4415 4416
7791 2 2 5 1 3697 3698 3699
7792 2 2 5 1 2931 2754 3757
7793 2 2 5 1 3387 3220 6667
7794 2 2 5 1 260 261 6655
7795 2 2 5 1 831 2639 6831
7796 2 2 5 1 807 832 6074
7797 2 2 5 1 2525 2524 3069
7798 2 2 5 1 2500 314 6711
7799 2 2 5 1 2030 2031 7120
7800 2 2 5 1 2900 2278 6674
7801 2 2 5 1 2226 2313 2926
7802 2 2 5 1 1865 1956 1957
7803 2 2 5 1 1639 1638 1640
7804 2 2 5 1 3832 3833 3893
7805 2 2 5 1 5545 5544 6568
7806 2 2 5 1 4191 6153 6155
7807 2 2 5 1 6639 6668 6721
7808 2 2 5 1 3747 3295 3748
7809 2 2 5 1 544 527 6403
7810 2 2 5 1 6253 1905 6254
7811 2 2 5 1 1751 1750 2272
7812 2 2 5 1 323 503 6689
7813 2 2 5 1 1493 1494 1495
7814 2 2 5 1 3991 3555 4674
7815 2 2 5 1 1497 1498 1499
7816 2 2 5 1 4555 4029 6561
7817 2 2 5 1 2507 1004 6651
7818 2 2 5 1 2590 448 6793
7819 2 2 5 1 5313 4544 5314
7820 2 2 5 1 6960 2785 7059
7821 2 2 5 1 1957 2165 2166
7822 2 2 5 1 1495 1496 1497
7823 2 2 5 1 1499 1562 1563
7824 2 2 5 1 4525 5375 5533
7825 2 2 5 1 2660 4068 4069
7826 2 2 5 1 4029 3652 4169
7827 2 2 5 1 3088 3621 4413
7828 2 2 5 1 1760 2025 2026
7829 2 2 5 1 6696 4138 7116
7830 2 2 5 1 3611 3380 3640
7831 2 2 5 1 1641 1640 1642
7832 2 2 5 1 1075 1079 2975
7833 2 2 5 1 3198 945 6486
7834 2 2 5 1 4114 4113 4667
7835 2 2 5 1 3716 4727 4728
7836 2 2 5 1 240 502 6693
7837 2 2 5 1 3234 2457 6890
7838 2 2 5 1 3703 3704 3706
7839 2 2 5 1 3293 2626 3295
7840 2 2 5 1 1356 1285 6729
7841 2 2 5 1 1643 1642 1644
7842 2 2 5 1 4195 4197 6691
7843 2 2 5 1 3193 3695 6823
7844 2 2 5 1 6069 4702 7628
7845 2 2 5 1 2122 2124 4780
7846 2 2 5 1 6226 4233 7038
7847 2 2 5 1 208 209 6652
7848 2 2 5 1 5551 2233 7698
7849 2 2 5 1 2472 2489 6509
7850 2 2 5 1 1299 305 6713
7851 2 2 5 1 305 306 6713
7852 2 2 5 1 6311 6313 6314
7853 2 2 5 1 2388 2390 2391
7854 2 2 5 1 667 669 1756
7855 2 2 5 1 1863 1864 1865
7856 2 2 5 1 2126 2128 2678
7857 2 2 5 1 404 403 6145
7858 2 2 5 1 2926 3082 3654
7859 2 2 5 1 307 1912 6715
7860 2 2 5 1 314 315 6711
7861 2 2 5 1 3643 3451 3897
7862 2 2 5 1 2915 2985 2986
7863 2 2 5 1 3450 3643 3882
7864 2 2 5 1 246 247 6673
7865 2 2 5 1 323 324 503
7866 2 2 5 1 214 215 532
7867 2 2 5 1 6713 306 6715
7868 2 2 5 1 2166 2269 2270
7869 2 2 5 1 1484 2122 6759
7870 2 2 5 1 925 927 1760
7871 2 2 5 1 2491 322 6689
7872 2 2 5 1 6624 6625 6626
7873 2 2 5 1 321 2491 6698
7874 2 2 5 1 6711 6709 6712
7875 2 2 5 1 3981 5072 5073
7876 2 2 5 1 3706 3707 4672
7877 2 2 5 1 297 298 531
7878 2 2 5 1 240 241 502
7879 2 2 5 1 1476 1418 6862
7880 2 2 5 1 2546 2547 2638
7881 2 2 5 1 3643 3897 4647
7882 2 2 5 1 2508 2510 4319
7883 2 2 5 1 2981 4857 6958
7884 2 2 5 1 1276 1382 6827
7885 2 2 5 1 238 2494 6699
7886 2 2 5 1 2494 239 6693
7887 2 2 5 1 6626 6627 6628
7888 2 2 5 1 3080 2989 3631
7889 2 2 5 1 2913 2914 2915
7890 2 2 5 1 6622 6623 6624
7891 2 2 5 1 4574 4575 4576
7892 2 2 5 1 322 323 6689
7893 2 2 5 1 321 322 2491
7894 2 2 5 1 216 217 2496
7895 2 2 5 1 4197 4199 4200
7896 2 2 5 1 301 834 6702
7897 2 2 5 1 2476 6509 7020
7898 2 2 5 1 3168 3623 3624
7899 2 2 5 1 513 521 1335
7900 2 2 5 1 833 808 6761
7901 2 2 5 1 239 240 6693
7902 2 2 5 1 299 300 2493
7903 2 2 5 1 238 239 2494
7904 2 2 5 1 6628 6629 6630
7905 2 2 5 1 2473 2472 6509
7906 2 2 5 1 6604 6605 6606
7907 2 2 5 1 4979 4978 5210
7908 2 2 5 1 2493 300 6702
7909 2 2 5 1 785 320 6698
7910 2 2 5 1 2999 3000 3001
7911 2 2 5 1 228 229 4011
7912 2 2 5 1 3388 4309 6745
7913 2 2 5 1 320 321 6698
7914 2 2 5 1 784 237 6699
7915 2 2 5 1 1130 1250 1493
7916 2 2 5 1 1911 225 6718
7917 2 2 5 1 225 226 6718
7918 2 2 5 1 774 740 3231
7919 2 2 5 1 6383 4081 6384
7920 2 2 5 1 2482 3194 6524
7921 2 2 5 1 5162 5160 5163
7922 2 2 5 1 237 238 6699
7923 2 2 5 1 6403 527 6769
7924 2 2 5 1 306 307 6715
7925 2 2 5 1 236 784 6706
7926 2 2 5 1 2530 2529 2531
7927 2 2 5 1 1007 3551 4183
7928 2 2 5 1 2997 2998 2999
7929 2 2 5 1 4786 6439 7025
7930 2 2 5 1 6387 4093 6388
7931 2 2 5 1 300 301 6702
7932 2 2 5 1 319 320 785
7933 2 2 5 1 218 219 835
7934 2 2 5 1 236 237 784
7935 2 2 5 1 317 2499 6707
7936 2 2 5 1 2497 235 6706
7937 2 2 5 1 3785 4049 5005
7938 2 2 5 1 301 302 834
7939 2 2 5 1 673 675 1077
7940 2 2 5 1 3208 3209 3211
7941 2 2 5 1 3482 3347 3555
7942 2 2 5 1 317 318 2499
7943 2 2 5 1 235 236 6706
7944 2 2 5 1 234 235 2497
7945 2 2 5 1 1287 316 6707
7946 2 2 5 1 221 222 1298
7947 2 2 5 1 316 317 6707
7948 2 2 5 1 304 305 1299
7949 2 2 5 1 3735 2252 3736
7950 2 2 5 1 2469 2470 2471
7951 2 2 5 1 232 233 1286
7952 2 2 5 1 315 316 1287
7953 2 2 5 1 3763 4283 4284
7954 2 2 5 1 230 231 2498
7955 2 2 5 1 313 314 2500
7956 2 2 5 1 4012 312 6717
7957 2 2 5 1 313 2500 6717
7958 2 2 5 1 224 225 1911
7959 2 2 5 1 307 308 1912
7960 2 2 5 1 312 313 6717
7961 2 2 5 1 311 312 4012
7962 2 2 5 1 2821 2823 2824
7963 2 2 5 1 2026 2076 2308
7964 2 2 5 1 1316 1331 1332
7965 2 2 5 1 6471 6472 6473
7966 2 2 5 1 3654 3082 6665
7967 2 2 5 1 3136 3732 3733
7968 2 2 5 1 2627 1356 6729
7969 2 2 5 1 2432 2737 3418
7970 2 2 5 1 6478 6479 6480
7971 2 2 5 1 3763 4284 6667
7972 2 2 5 1 1708 2468 2469
7973 2 2 5 1 6907 6093 6921
7974 2 2 5 1 5168 5167 5186
7975 2 2 5 1 3996 4236 4820
7976 2 2 5 1 6608 6609 6610
7977 2 2 5 1 3851 2676 3923
7978 2 2 5 1 6729 1285 6881
7979 2 2 5 1 2981 4856 4857
7980 2 2 5 1 1133 6719 6870
7981 2 2 5 1 6610 6612 6613
7982 2 2 5 1 811 794 6748
7983 2 2 5 1 3935 8305 8344
7984 2 2 5 1 2592 3054 4192
7985 2 2 5 1 3664 4492 6873
7986 2 2 5 1 3804 3805 4884
7987 2 2 5 1 1491 1490 1492
7988 2 2 5 1 1867 2503 2504
7989 2 2 5 1 7224 6638 7289
7990 2 2 5 1 686 687 688
7991 2 2 5 1 1906 6268 6269
7992 2 2 5 1 1007 4183 6651
7993 2 2 5 1 5159 5158 5160
7994 2 2 5 1 3189 3136 6535
7995 2 2 5 1 2130 1954 6979
7996 2 2 5 1 1758 2409 6864
7997 2 2 5 1 6614 6621 6622
7998 2 2 5 1 1598 1595 6730
7999 2 2 5 1 4231 4801 4802
8000 2 2 5 1 967 928 4221
8001 2 2 5 1 4360 3748 4361
8002 2 2 5 1 4365 3759 6723
8003 2 2 5 1 2587 2574 5919
8004 2 2 5 1 1332 1365 1366
8005 2 2 5 1 6422 2112 6872
8006 2 2 5 1 1136 1866 6840
8007 2 2 5 1 4778 4362 6741
8008 2 2 5 1 1287 6709 6711
8009 2 2 5 1 2139 2642 7204
8010 2 2 5 1 4073 6375 6376
8011 2 2 5 1 2471 2472 2473
8012 2 2 5 1 4102 3693 6839
8013 2 2 5 1 6280 4394 7798
8014 2 2 5 1 2126 2678 6728
8015 2 2 5 1 6518 6516 6519
8016 2 2 5 1 2679 2482 6524
8017 2 2 5 1 655 661 4812
8018 2 2 5 1 4069 4070 4147
8019 2 2 5 1 2223 2868 2869
8020 2 2 5 1 2437 6251 6256
8021 2 2 5 1 868 6337 6860
8022 2 2 5 1 2783 3215 3216
8023 2 2 5 1 2450 4238 6843
8024 2 2 5 1 4728 5999 6000
8025 2 2 5 1 3018 2918 6749
8026 2 2 5 1 315 1287 6711
8027 2 2 5 1 5946 5076 7043
8028 2 2 5 1 2456 6763 6849
8029 2 2 5 1 3218 3763 6667
8030 2 2 5 1 4077 5589 7099
8031 2 2 5 1 3502 3503 3504
8032 2 2 5 1 6319 1680 7146
8033 2 2 5 1 4195 6691 6754
8034 2 2 5 1 6235 4150 6841
8035 2 2 5 1 1223 1222 7121
8036 2 2 5 1 2348 2068 6112
8037 2 2 5 1 4597 4596 4598
8038 2 2 5 1 3733 4179 5029
8039 2 2 5 1 3981 5073 6749
8040 2 2 5 1 2946 2948 3448
8041 2 2 5 1 4029 4169 6561
8042 2 2 5 1 6464 6465 6466
8043 2 2 5 1 2114 2115 2116
8044 2 2 5 1 3682 3683 3684
8045 2 2 5 1 2438 4149 6836
8046 2 2 5 1 729 733 2420
8047 2 2 5 1 6350 3295 6772
8048 2 2 5 1 2453 4177 6851
8049 2 2 5 1 2420 733 2425
8050 2 2 5 1 3216 3217 3218
8051 2 2 5 1 3222 3387 3388
8052 2 2 5 1 4132 4130 5089
8053 2 2 5 1 4200 4199 4479
8054 2 2 5 1 3876 4976 6908
8055 2 2 5 1 2799 2797 2800
8056 2 2 5 1 1704 1378 6737
8057 2 2 5 1 6020 5545 6568
8058 2 2 5 1 4648 4035 6675
8059 2 2 5 1 5314 4544 6799
8060 2 2 5 1 4009 3738 4671
8061 2 2 5 1 2899 3498 4193
8062 2 2 5 1 2479 2480 2481
8063 2 2 5 1 2475 2476 2477
8064 2 2 5 1 4024 2972 4025
8065 2 2 5 1 3096 2455 6851
8066 2 2 5 1 4320 6657 6658
8067 2 2 5 1 2423 901 6678
8068 2 2 5 1 3434 904 6761
8069 2 2 5 1 3199 3201 4748
8070 2 2 5 1 2918 3426 6749
8071 2 2 5 1 6411 6413 6414
8072 2 2 5 1 2709 2182 7158
8073 2 2 5 1 2103 2104 2643
8074 2 2 5 1 6372 4076 6380
8075 2 2 5 1 2615 2616 2617
8076 2 2 5 1 2643 2656 2983
8077 2 2 5 1 3876 4975 4976
8078 2 2 5 1 5127 5126 5411
8079 2 2 5 1 2481 2482 2679
8080 2 2 5 1 2612 2614 2615
8081 2 2 5 1 4137 4136 5872
8082 2 2 5 1 677 679 2492
8083 2 2 5 1 6604 6602 6605
8084 2 2 5 1 3235 3236 6855
8085 2 2 5 1 2538 2537 2539
8086 2 2 5 1 1489 1309 1490
8087 2 2 5 1 2155 1955 6835
8088 2 2 5 1 4152 5016 6841
8089 2 2 5 1 32 31 1334
8090 2 2 5 1 1917 1916 1918
8091 2 2 5 1 208 6652 6732
8092 2 2 5 1 2983 3768 4305
8093 2 2 5 1 2617 2752 2773
8094 2 2 5 1 4205 6874 6927
8095 2 2 5 1 688 690 691
8096 2 2 5 1 2766 2077 3091
8097 2 2 5 1 4234 3382 6682
8098 2 2 5 1 2932 4707 6650
8099 2 2 5 1 3957 5285 6842
8100 2 2 5 1 4625 4034 4978
8101 2 2 5 1 6428 6426 6429
8102 2 2 5 1 4878 5142 5143
8103 2 2 5 1 477 6579 6580
8104 2 2 5 1 3957 5284 5285
8105 2 2 5 1 3426 3980 3981
8106 2 2 5 1 2773 3062 3063
8107 2 2 5 1 5073 5072 5130
8108 2 2 5 1 17 16 1333
8109 2 2 5 1 4071 5319 5320
8110 2 2 5 1 2523 2526 2527
8111 2 2 5 1 6481 6483 6484
8112 2 2 5 1 4193 4194 4195
8113 2 2 5 1 3943 3123 7074
8114 2 2 5 1 946 1007 6651
8115 2 2 5 1 2898 2900 6799
8116 2 2 5 1 1132 3381 6719
8117 2 2 5 1 2936 3169 3184
8118 2 2 5 1 1349 1350 1978
8119 2 2 5 1 691 709 710
8120 2 2 5 1 710 737 738
8121 2 2 5 1 489 6448 6450
8122 2 2 5 1 1401 1356 2627
8123 2 2 5 1 564 1271 1349
8124 2 2 5 1 2218 3162 3163
8125 2 2 5 1 2467 6431 6433
8126 2 2 5 1 1172 1254 1261
8127 2 2 5 1 2277 2080 2278
8128 2 2 5 1 1709 1808 4180
8129 2 2 5 1 1139 1135 6870
8130 2 2 5 1 3063 3170 3171
8131 2 2 5 1 738 765 766
8132 2 2 5 1 766 782 783
8133 2 2 5 1 3728 3725 7011
8134 2 2 5 1 1423 1421 1436
8135 2 2 5 1 2028 2027 2029
8136 2 2 5 1 783 803 804
8137 2 2 5 1 942 945 946
8138 2 2 5 1 1237 1245 3339
8139 2 2 5 1 6626 6625 6627
8140 2 2 5 1 2250 2253 2254
8141 2 2 5 1 6561 4169 6562
8142 2 2 5 1 4765 4764 5304
8143 2 2 5 1 683 685 686
8144 2 2 5 1 1972 1811 1973
8145 2 2 5 1 1667 2604 2605
8146 2 2 5 1 1195 1378 1379
8147 2 2 5 1 6628 6627 6629
8148 2 2 5 1 6571 6887 7035
8149 2 2 5 1 1978 2042 2218
8150 2 2 5 1 3981 3982 5072
8151 2 2 5 1 2639 811 6748
8152 2 2 5 1 1379 1480 1481
8153 2 2 5 1 2295 1947 6743
8154 2 2 5 1 2480 2477 6832
8155 2 2 5 1 1896 2100 2103
8156 2 2 5 1 2897 2451 6764
8157 2 2 5 1 3425 2917 3427
8158 2 2 5 1 804 817 818
8159 2 2 5 1 4453 4198 4764
8160 2 2 5 1 4153 4151 6490
8161 2 2 5 1 4343 4316 6648
8162 2 2 5 1 4701 4142 4722
8163 2 2 5 1 3814 3552 6753
8164 2 2 5 1 3609 3200 6494
8165 2 2 5 1 2504 2505 2694
8166 2 2 5 1 3163 3670 3671
8167 2 2 5 1 5133 3914 5134
8168 2 2 5 1 1764 2258 6742
8169 2 2 5 1 3072 3070 3073
8170 2 2 5 1 2694 2970 3068
8171 2 2 5 1 3448 3449 4406
8172 2 2 5 1 6886 3228 7025
8173 2 2 5 1 4453 4764 4765
8174 2 2 5 1 6520 6519 6522
8175 2 2 5 1 5238 3982 5239
8176 2 2 5 1 1566 1464 1575
8177 2 2 5 1 2079 1831 2080
8178 2 2 5 1 3930 5096 5097
8179 2 2 5 1 899 1112 2095
8180 2 2 5 1 5125 5124 5126
8181 2 2 5 1 4020 3867 4380
8182 2 2 5 1 6169 6166 6597
8183 2 2 5 1 1179 1194 1195
8184 2 2 5 1 4193 3498 4194
8185 2 2 5 1 928 924 6809
8186 2 2 5 1 6673 247 6744
8187 2 2 5 1 4197 4198 4199
8188 2 2 5 1 3671 4356 4357
8189 2 2 5 1 4860 4509 4861
8190 2 2 5 1 4357 4540 4541
8191 2 2 5 1 2103 2969 6752
8192 2 2 5 1 3695 4097 6823
8193 2 2 5 1 3171 3510 3511
8194 2 2 5 1 1437 1436 6806
8195 2 2 5 1 6165 2938 7006
8196 2 2 5 1 6457 6458 6459
8197 2 2 5 1 4779 4778 6746
8198 2 2 5 1 6274 6275 7325
8199 2 2 5 1 6624 6623 6625
8200 2 2 5 1 1487 1501 1502
8201 2 2 5 1 1553 1431 1576
8202 2 2 5 1 2592 4192 6780
8203 2 2 5 1 3639 3786 4414
8204 2 2 5 1 1502 1594 1595
8205 2 2 5 1 1025 1014 2380
8206 2 2 5 1 2972 2430 6688
8207 2 2 5 1 704 659 2501
8208 2 2 5 1 1224 4245 7225
8209 2 2 5 1 4195 4196 4197
8210 2 2 5 1 2761 2495 2895
8211 2 2 5 1 1902 2886 6984
8212 2 2 5 1 2605 2606 3119
8213 2 2 5 1 1363 1319 2634
8214 2 2 5 1 4199 4198 4453
8215 2 2 5 1 6065 5593 6349
8216 2 2 5 1 2589 2918 3018
8217 2 2 5 1 2510 2509 6789
8218 2 2 5 1 5133 5134 5353
8219 2 2 5 1 1599 1600 1601
8220 2 2 5 1 5072 3982 5238
8221 2 2 5 1 3995 3850 3996
8222 2 2 5 1 1601 1602 1603
8223 2 2 5 1 3068 3740 3837
8224 2 2 5 1 4050 3711 6758
8225 2 2 5 1 1761 1764 6742
8226 2 2 5 1 6662 4747 6945
8227 2 2 5 1 2898 2278 2900
8228 2 2 5 1 1603 1604 1605
8229 2 2 5 1 3090 3243 3244
8230 2 2 5 1 1385 4182 6889
8231 2 2 5 1 1764 1766 2258
8232 2 2 5 1 3244 3245 3246
8233 2 2 5 1 4139 1138 6697
8234 2 2 5 1 1605 1606 1607
8235 2 2 5 1 3246 3247 3248
8236 2 2 5 1 4034 4032 6920
8237 2 2 5 1 1485 1486 1487
8238 2 2 5 1 3248 3252 3253
8239 2 2 5 1 1607 1608 1609
8240 2 2 5 1 3073 3070 6773
8241 2 2 5 1 5300 5301 5302
8242 2 2 5 1 1806 1658 6889
8243 2 2 5 1 6329 2442 6785
8244 2 2 5 1 4984 3657 7036
8245 2 2 5 1 1914 2222 2223
8246 2 2 5 1 6587 3057 6588
8247 2 2 5 1 3253 3254 3255
8248 2 2 5 1 6622 6621 6623
8249 2 2 5 1 3255 3256 3257
8250 2 2 5 1 1609 1610 1611
8251 2 2 5 1 553 1724 2703
8252 2 2 5 1 2259 1971 2495
8253 2 2 5 1 3257 3286 3287
8254 2 2 5 1 4133 3720 4742
8255 2 2 5 1 4999 4497 5000
8256 2 2 5 1 956 957 965
8257 2 2 5 1 1611 1612 1613
8258 2 2 5 1 1613 1614 1615
8259 2 2 5 1 1615 1616 1617
8260 2 2 5 1 3287 3288 3289
8261 2 2 5 1 4032 4031 4973
8262 2 2 5 1 2896 2895 3347
8263 2 2 5 1 1597 1598 1599
8264 2 2 5 1 3289 3290 3291
8265 2 2 5 1 6245 2018 6995
8266 2 2 5 1 1193 1274 1275
8267 2 2 5 1 1617 1618 1619
8268 2 2 5 1 4197 4196 4198
8269 2 2 5 1 967 4221 6757
8270 2 2 5 1 3291 3303 3304
8271 2 2 5 1 1343 1342 1448
8272 2 2 5 1 1012 1027 2381
8273 2 2 5 1 3181 947 5907
8274 2 2 5 1 3304 3305 3306
8275 2 2 5 1 3306 3307 3308
8276 2 2 5 1 1619 1620 1621
8277 2 2 5 1 5497 4987 5498
8278 2 2 5 1 3119 3120 3765
8279 2 2 5 1 1449 1448 1744
8280 2 2 5 1 6414 6415 6419
8281 2 2 5 1 3087 3089 3090
8282 2 2 5 1 3308 3341 3342
8283 2 2 5 1 1621 1622 1623
8284 2 2 5 1 3342 3343 3344
8285 2 2 5 1 2700 6058 6059
8286 2 2 5 1 3344 3345 3346
8287 2 2 5 1 3542 2841 4100
8288 2 2 5 1 4508 3495 4509
8289 2 2 5 1 3346 3348 3349
8290 2 2 5 1 1623 1624 1625
8291 2 2 5 1 932 898 1763
8292 2 2 5 1 4074 4371 5809
8293 2 2 5 1 3349 3350 3351
8294 2 2 5 1 2765 6085 6952
8295 2 2 5 1 6910 1653 6968
8296 2 2 5 1 1625 1626 1627
8297 2 2 5 1 3981 3980 3982
8298 2 2 5 1 1627 1628 1629
8299 2 2 5 1 3351 3352 3353
8300 2 2 5 1 1629 1630 1631
8301 2 2 5 1 2509 2589 6789
8302 2 2 5 1 3353 3367 3368
8303 2 2 5 1 2264 2155 2920
8304 2 2 5 1 3650 3649 4031
8305 2 2 5 1 1859 1861 1863
8306 2 2 5 1 3426 3914 3980
8307 2 2 5 1 4754 849 6527
8308 2 2 5 1 4591 4593 7242
8309 2 2 5 1 1631 1632 1633
8310 2 2 5 1 3975 4466 4663
8311 2 2 5 1 2404 2096 6781
8312 2 2 5 1 4195 4194 4196
8313 2 2 5 1 3928 5137 7081
8314 2 2 5 1 1266 1348 1390
8315 2 2 5 1 818 826 827
8316 2 2 5 1 3554 4513 4877
8317 2 2 5 1 1762 1539 2609
8318 2 2 5 1 4543 3497 4544
8319 2 2 5 1 1256 1255 1367
8320 2 2 5 1 4720 6306 6751
8321 2 2 5 1 1818 1757 1969
8322 2 2 5 1 3095 3094 3383
8323 2 2 5 1 4496 4327 4497
8324 2 2 5 1 3368 3369 3370
8325 2 2 5 1 1073 1028 1078
8326 2 2 5 1 3980 3914 5133
8327 2 2 5 1 1633 1634 1635
8328 2 2 5 1 2230 1973 2231
8329 2 2 5 1 1053 1087 1307
8330 2 2 5 1 3652 2102 6705
8331 2 2 5 1 6748 794 6978
8332 2 2 5 1 3894 3484 3895
8333 2 2 5 1 2254 2328 2942
8334 2 2 5 1 3372 3373 3374
8335 2 2 5 1 3378 3379 3380
8336 2 2 5 1 2686 2685 2687
8337 2 2 5 1 6629 6627 6633
8338 2 2 5 1 3370 3371 3372
8339 2 2 5 1 3497 2898 6799
8340 2 2 5 1 3717 2418 4108
8341 2 2 5 1 6608 6606 6609
8342 2 2 5 1 1279 1154 1281
8343 2 2 5 1 3374 3377 3378
8344 2 2 5 1 3904 3755 4793
8345 2 2 5 1 3481 3234 3755
8346 2 2 5 1 4326 4325 4327
8347 2 2 5 1 2899 4193 6782
8348 2 2 5 1 1132 1306 3381
8349 2 2 5 1 837 838 839
8350 2 2 5 1 3122 3775 3778
8351 2 2 5 1 2122 4780 6759
8352 2 2 5 1 3393 3394 3822
8353 2 2 5 1 2411 4340 6997
8354 2 2 5 1 4756 4544 5313
8355 2 2 5 1 1635 1636 1637
8356 2 2 5 1 845 846 847
8357 2 2 5 1 3426 3981 6749
8358 2 2 5 1 2965 2966 3535
8359 2 2 5 1 2256 2414 6907
8360 2 2 5 1 1261 1262 1368
8361 2 2 5 1 849 850 851
8362 2 2 5 1 4749 3198 6486
8363 2 2 5 1 4690 4689 5544
8364 2 2 5 1 1369 1272 1466
8365 2 2 5 1 3849 3684 3850
8366 2 2 5 1 857 858 859
8367 2 2 5 1 1866 4172 6840
8368 2 2 5 1 3241 3810 4788
8369 2 2 5 1 3661 4174 6733
8370 2 2 5 1 5188 4681 5189
8371 2 2 5 1 1493 1250 1494
8372 2 2 5 1 861 862 863
8373 2 2 5 1 1812 1974 2508
8374 2 2 5 1 3754 2897 6764
8375 2 2 5 1 865 866 867
8376 2 2 5 1 2314 2315 2936
8377 2 2 5 1 2912 2231 2913
8378 2 2 5 1 1473 8103 8109
8379 2 2 5 1 3426 3425 3914
8380 2 2 5 1 4379 4378 4411
8381 2 2 5 1 1937 1507 1938
8382 2 2 5 1 1382 1761 6827
8383 2 2 5 1 4897 4456 5947
8384 2 2 5 1 3645 3644 3646
8385 2 2 5 1 3124 3789 6755
8386 2 2 5 1 3611 3640 4535
8387 2 2 5 1 6613 6612 6614
8388 2 2 5 1 898 831 6831
8389 2 2 5 1 1131 1095 1151
8390 2 2 5 1 1190 1151 1191
8391 2 2 5 1 1760 927 2025
8392 2 2 5 1 1527 1525 1528
8393 2 2 5 1 2817 3539 4103
8394 2 2 5 1 3027 3460 3461
8395 2 2 5 1 6279 4394 6280
8396 2 2 5 1 3433 3432 3644
8397 2 2 5 1 2061 1842 2062
8398 2 2 5 1 1701 1645 1757
8399 2 2 5 1 831 811 2639
8400 2 2 5 1 5123 4159 5124
8401 2 2 5 1 6444 4102 6839
8402 2 2 5 1 3647 3646 3649
8403 2 2 5 1 4999 5000 5282
8404 2 2 5 1 1091 1050 1095
8405 2 2 5 1 4167 4743 4744
8406 2 2 5 1 2508 2509 2510
8407 2 2 5 1 1497 1496 1498
8408 2 2 5 1 1499 1498 1562
8409 2 2 5 1 3996 4820 4821
8410 2 2 5 1 4211 4649 5002
8411 2 2 5 1 5061 5060 5062
8412 2 2 5 1 1324 1191 1325
8413 2 2 5 1 6544 6543 6545
8414 2 2 5 1 6610 6609 6612
8415 2 2 5 1 3776 3388 6745
8416 2 2 5 1 4659 3189 6535
8417 2 2 5 1 2918 3425 3426
8418 2 2 5 1 4196 4194 4201
8419 2 2 5 1 407 406 2595
8420 2 2 5 1 6206 6165 7006
8421 2 2 5 1 3093 2637 3094
8422 2 2 5 1 3389 3388 3776
8423 2 2 5 1 2675 2531 6367
8424 2 2 5 1 3865 3863 4735
8425 2 2 5 1 1999 1998 2000
8426 2 2 5 1 2640 3124 6755
8427 2 2 5 1 839 840 841
8428 2 2 5 1 1737 1832 1936
8429 2 2 5 1 4097 3759 4365
8430 2 2 5 1 1830 2234 6113
8431 2 2 5 1 4667 5880 5938
8432 2 2 5 1 1774 1772 1913
8433 2 2 5 1 2983 2656 3768
8434 2 2 5 1 2118 2119 2314
8435 2 2 5 1 1495 1494 1496
8436 2 2 5 1 3020 2585 3390
8437 2 2 5 1 2643 2104 2656
8438 2 2 5 1 4543 4544 4756
8439 2 2 5 1 4447 3605 4637
8440 2 2 5 1 3483 2772 3484
8441 2 2 5 1 1736 1839 2486
8442 2 2 5 1 1595 1594 6730
8443 2 2 5 1 3136 2083 3732
8444 2 2 5 1 6600 1476 6862
8445 2 2 5 1 3516 4629 6872
8446 2 2 5 1 4149 6279 6836
8447 2 2 5 1 4263 5481 7533
8448 2 2 5 1 2004 2003 2005
8449 2 2 5 1 2678 2128 4415
8450 2 2 5 1 3625 3167 6820
8451 2 2 5 1 2974 2457 3234
8452 2 2 5 1 3777 3776 4325
8453 2 2 5 1 1114 1078 1115
8454 2 2 5 1 2079 2080 2277
8455 2 2 5 1 851 852 853
8456 2 2 5 1 1977 3534 3660
8457 2 2 5 1 5757 4736 5802
8458 2 2 5 1 4840 3422 4864
8459 2 2 5 1 3124 3788 3789
8460 2 2 5 1 2560 2561 2562
8461 2 2 5 1 5055 5056 5057
8462 2 2 5 1 1840 1765 1842
8463 2 2 5 1 3316 3314 3317
8464 2 2 5 1 2171 1844 2636
8465 2 2 5 1 2605 6513 6800
8466 2 2 5 1 5016 6236 6841
8467 2 2 5 1 5592 5593 6065
8468 2 2 5 1 1554 1696 1738
8469 2 2 5 1 2495 1971 6553
8470 2 2 5 1 6677 1710 6765
8471 2 2 5 1 2899 3497 3498
8472 2 2 5 1 2511 2513 4181
8473 2 2 5 1 3678 3096 6851
8474 2 2 5 1 1637 1638 1639
8475 2 2 5 1 2450 2769 4238
8476 2 2 5 1 4331 3769 4332
8477 2 2 5 1 5984 4742 6064
8478 2 2 5 1 3184 3232 4027
8479 2 2 5 1 2724 2726 2745
8480 2 2 5 1 3735 3736 3737
8481 2 2 5 1 2456 2767 6763
8482 2 2 5 1 2688 2687 2989
8483 2 2 5 1 3236 3241 6855
8484 2 2 5 1 2277 2278 2898
8485 2 2 5 1 3722 3616 3723
8486 2 2 5 1 3906 5086 5087
8487 2 2 5 1 3896 5146 6720
8488 2 2 5 1 19 18 2873
8489 2 2 5 1 2767 3466 3467
8490 2 2 5 1 2601 3026 3027
8491 2 2 5 1 1555 1466 1645
8492 2 2 5 1 2296 5850 7348
8493 2 2 5 1 6503 1573 7133
8494 2 2 5 1 3851 3923 4955
8495 2 2 5 1 2728 2730 2748
8496 2 2 5 1 3808 3902 6784
8497 2 2 5 1 2348 6112 6696
8498 2 2 5 1 3896 5068 5146
8499 2 2 5 1 1410 1686 6987
8500 2 2 5 1 2682 2101 2691
8501 2 2 5 1 3498 3497 4543
8502 2 2 5 1 2103 2100 2104
8503 2 2 5 1 4833 2566 6962
8504 2 2 5 1 4193 4195 6754
8505 2 2 5 1 1563 1562 1653
8506 2 2 5 1 2573 2579 2580
8507 2 2 5 1 2767 3467 6763
8508 2 2 5 1 3501 2691 3502
8509 2 2 5 1 2239 2238 2240
8510 2 2 5 1 3971 2978 5100
8511 2 2 5 1 3681 3493 3682
8512 2 2 5 1 3549 2897 3754
8513 2 2 5 1 4545 4332 4546
8514 2 2 5 1 3849 3995 5064
8515 2 2 5 1 4159 3664 6873
8516 2 2 5 1 2589 2917 2918
8517 2 2 5 1 1380 1325 1381
8518 2 2 5 1 4237 3939 5586
8519 2 2 5 1 2407 2506 3226
8520 2 2 5 1 4496 4497 4999
8521 2 2 5 1 4406 3449 6685
8522 2 2 5 1 2996 2062 2997
8523 2 2 5 1 1971 1969 6553
8524 2 2 5 1 3278 3279 3538
8525 2 2 5 1 3636 6953 6954
8526 2 2 5 1 2099 1895 2101
8527 2 2 5 1 3076 3167 3168
8528 2 2 5 1 3219 3218 3220
8529 2 2 5 1 3726 3725 3727
8530 2 2 5 1 30 29 2858
8531 2 2 5 1 4710 5721 6047
8532 2 2 5 1 1566 1575 6765
8533 2 2 5 1 1450 1451 1548
8534 2 2 5 1 5154 5152 5155
8535 2 2 5 1 1972 1973 2230
8536 2 2 5 1 2918 2917 3425
8537 2 2 5 1 3849 3850 3995
8538 2 2 5 1 3221 3220 3222
8539 2 2 5 1 1401 2627 6770
8540 2 2 5 1 2515 2520 2521
8541 2 2 5 1 2913 2915 3558
8542 2 2 5 1 3682 3684 3849
8543 2 2 5 1 1643 1644 1813
8544 2 2 5 1 4326 4327 4496
8545 2 2 5 1 2589 2588 2917
8546 2 2 5 1 5597 5545 6020
8547 2 2 5 1 3127 3126 3128
8548 2 2 5 1 5002 4649 5227
8549 2 2 5 1 1639 1640 1641
8550 2 2 5 1 2843 3032 3033
8551 2 2 5 1 4071 5320 6400
8552 2 2 5 1 4170 4108 5860
8553 2 2 5 1 2782 2742 2783
8554 2 2 5 1 2921 2920 3661
8555 2 2 5 1 1641 1642 1643
8556 2 2 5 1 6166 6165 6167
8557 2 2 5 1 1650 1651 1668
8558 2 2 5 1 3782 4899 4900
8559 2 2 5 1 1548 1549 1650
8560 2 2 5 1 4206 1660 4320
8561 2 2 5 1 6781 1112 6918
8562 2 2 5 1 3492 2931 3493
8563 2 2 5 1 1540 1381 1541
8564 2 2 5 1 2624 1139 6870
8565 2 2 5 1 3696 3128 3697
8566 2 2 5 1 4326 4496 5004
8567 2 2 5 1 3716 4728 6864
8568 2 2 5 1 2026 2025 2076
8569 2 2 5 1 2304 1938 2305
8570 2 2 5 1 934 995 3111
8571 2 2 5 1 2008 2007 2009
8572 2 2 5 1 3220 3218 6667
8573 2 2 5 1 2509 1974 2588
8574 2 2 5 1 5909 4343 6648
8575 2 2 5 1 2508 1974 2509
8576 2 2 5 1 565 567 6802
8577 2 2 5 1 2509 2588 2589
8578 2 2 5 1 1832 1831 2079
8579 2 2 5 1 1575 1464 6770
8580 2 2 5 1 4221 928 6809
8581 2 2 5 1 2607 2704 2932
8582 2 2 5 1 2277 2898 2899
8583 2 2 5 1 2932 3447 4707
8584 2 2 5 1 4648 6675 6676
8585 2 2 5 1 2899 2898 3497
8586 2 2 5 1 1166 1115 1167
8587 2 2 5 1 2116 2117 2118
8588 2 2 5 1 1668 1776 1777
8589 2 2 5 1 3733 3732 4179
8590 2 2 5 1 2930 2754 2931
8591 2 2 5 1 5064 3995 5065
8592 2 2 5 1 2230 2912 4766
8593 2 2 5 1 4443 4650 6982
8594 2 2 5 1 2012 2011 2013
8595 2 2 5 1 2539 2541 6726
8596 2 2 5 1 1412 1411 7312
8597 2 2 5 1 2703 5732 6861
8598 2 2 5 1 1707 1541 1708
8599 2 2 5 1 7153 6692 7242
8600 2 2 5 1 2308 2076 2757
8601 2 2 5 1 3239 3238 3240
8602 2 2 5 1 1454 1437 1455
8603 2 2 5 1 810 830 4769
8604 2 2 5 1 567 2121 6802
8605 2 2 5 1 5271 5261 5549
8606 2 2 5 1 3777 4325 4326
8607 2 2 5 1 1843 2170 2607
8608 2 2 5 1 2618 2613 2619
8609 2 2 5 1 3718 4136 4137
8610 2 2 5 1 2527 2528 2529
8611 2 2 5 1 3737 3736 3738
8612 2 2 5 1 3222 3388 3389
8613 2 2 5 1 2478 2477 2479
8614 2 2 5 1 2741 2619 2742
8615 2 2 5 1 5465 4844 5466
8616 2 2 5 1 1832 2079 2081
8617 2 2 5 1 4361 4363 5896
8618 2 2 5 1 4169 3652 6705
8619 2 2 5 1 4663 4664 5487
8620 2 2 5 1 2615 2614 2616
8621 2 2 5 1 1276 1167 1277
8622 2 2 5 1 3125 2641 3126
8623 2 2 5 1 6509 2489 6891
8624 2 2 5 1 1236 1235 7004
8625 2 2 5 1 5154 5155 5156
8626 2 2 5 1 1737 1831 1832
8627 2 2 5 1 6681 1778 6981
8628 2 2 5 1 4593 4592 4596
8629 2 2 5 1 3927 7336 7359
8630 2 2 5 1 1737 1710 1831
8631 2 2 5 1 1326 1535 1536
8632 2 2 5 1 6219 4139 6697
8633 2 2 5 1 3999 3550 4843
8634 2 2 5 1 5125 5126 5127
8635 2 2 5 1 2230 2231 2912
8636 2 2 5 1 1774 1913 1914
8637 2 2 5 1 2474 2473 2475
8638 2 2 5 1 1122 1169 6798
8639 2 2 5 1 4039 4040 4556
8640 2 2 5 1 1355 1400 4219
8641 2 2 5 1 1462 1460 1470
8642 2 2 5 1 1382 1277 1383
8643 2 2 5 1 3236 1308 3238
8644 2 2 5 1 3538 4071 6400
8645 2 2 5 1 3664 3662 4492
8646 2 2 5 1 3688 3121 4214
8647 2 2 5 1 2660 4069 6891
8648 2 2 5 1 6614 6620 6621
8649 2 2 5 1 5029 4179 6063
8650 2 2 5 1 1078 1028 6757
8651 2 2 5 1 2617 2616 2752
8652 2 2 5 1 2589 3018 6789
8653 2 2 5 1 3737 4008 4211
8654 2 2 5 1 3480 2785 6960
8655 2 2 5 1 746 707 747
8656 2 2 5 1 1390 1391 2376
8657 2 2 5 1 3389 3777 3845
8658 2 2 5 1 2584 4846 6938
8659 2 2 5 1 2712 3857 6731
8660 2 2 5 1 1536 1752 1753
8661 2 2 5 1 4220 3945 6124
8662 2 2 5 1 1867 812 2503
8663 2 2 5 1 567 569 2121
8664 2 2 5 1 1463 1503 1649
8665 2 2 5 1 6738 6739 7013
8666 2 2 5 1 5581 5580 5582
8667 2 2 5 1 6179 4744 6180
8668 2 2 5 1 708 748 749
8669 2 2 5 1 2773 2752 3062
8670 2 2 5 1 3389 3776 3777
8671 2 2 5 1 1919 1918 1920
8672 2 2 5 1 1576 1431 6791
8673 2 2 5 1 2426 2427 2428
8674 2 2 5 1 3085 2854 3432
8675 2 2 5 1 4027 4038 5381
8676 2 2 5 1 2535 2536 2537
8677 2 2 5 1 2941 3672 5169
8678 2 2 5 1 23 22 2848
8679 2 2 5 1 1812 1972 1974
8680 2 2 5 1 2239 2252 3734
8681 2 2 5 1 6606 6605 6813
8682 2 2 5 1 3734 4750 4768
8683 2 2 5 1 1051 1092 1093
8684 2 2 5 1 3063 3062 3170
8685 2 2 5 1 1284 1155 1285
8686 2 2 5 1 4137 5872 6092
8687 2 2 5 1 2069 2238 2239
8688 2 2 5 1 1363 2634 6791
8689 2 2 5 1 2680 2679 2681
8690 2 2 5 1 6737 1194 6892
8691 2 2 5 1 6572 994 6887
8692 2 2 5 1 4766 2912 4767
8693 2 2 5 1 1812 1811 1972
8694 2 2 5 1 4673 4672 5435
8695 2 2 5 1 451 450 535
8696 2 2 5 1 3629 3628 3630
8697 2 2 5 1 3492 3681 3957
8698 2 2 5 1 3897 6027 7213
8699 2 2 5 1 4188 4147 6038
8700 2 2 5 1 3053 2483 6818
8701 2 2 5 1 686 685 687
8702 2 2 5 1 1648 1566 1710
8703 2 2 5 1 3747 3748 4360
8704 2 2 5 1 3734 3735 4750
8705 2 2 5 1 1648 1710 1737
8706 2 2 5 1 3192 3193 6823
8707 2 2 5 1 1492 1571 1659
8708 2 2 5 1 3293 3295 3747
8709 2 2 5 1 2314 2936 7006
8710 2 2 5 1 6764 2451 6969
8711 2 2 5 1 656 568 3214
8712 2 2 5 1 5436 5435 5761
8713 2 2 5 1 3768 2656 3769
8714 2 2 5 1 1362 1397 1488
8715 2 2 5 1 429 428 1300
8716 2 2 5 1 432 431 481
8717 2 2 5 1 46 442 493
8718 2 2 5 1 414 413 484
8719 2 2 5 1 417 416 1301
8720 2 2 5 1 420 419 482
8721 2 2 5 1 423 422 1302
8722 2 2 5 1 426 425 480
8723 2 2 5 1 438 437 483
8724 2 2 5 1 3768 3769 4330
8725 2 2 5 1 5194 5195 5196
8726 2 2 5 1 2959 1806 6889
8727 2 2 5 1 3734 2252 3735
8728 2 2 5 1 4330 4331 4364
8729 2 2 5 1 3828 3053 4232
8730 2 2 5 1 1188 1116 1189
8731 2 2 5 1 4983 4984 5198
8732 2 2 5 1 3991 4674 5323
8733 2 2 5 1 2533 2534 2535
8734 2 2 5 1 5505 5614 5615
8735 2 2 5 1 2587 5919 6783
8736 2 2 5 1 5127 5411 6824
8737 2 2 5 1 2428 2429 2430
8738 2 2 5 1 3216 3218 3219
8739 2 2 5 1 842 2438 6836
8740 2 2 5 1 2095 2096 2402
8741 2 2 5 1 4550 4232 4551
8742 2 2 5 1 2265 1946 2628
8743 2 2 5 1 688 687 690
8744 2 2 5 1 427 426 6775
8745 2 2 5 1 1093 1094 1099
8746 2 2 5 1 3957 5021 5284
8747 2 2 5 1 4331 4332 4545
8748 2 2 5 1 2753 2628 2754
8749 2 2 5 1 450 449 6792
8750 2 2 5 1 3824 3394 6975
8751 2 2 5 1 6614 6612 6620
8752 2 2 5 1 1318 1362 6807
8753 2 2 5 1 1029 1074 1075
8754 2 2 5 1 2296 7153 7242
8755 2 2 5 1 4771 6928 6959
8756 2 2 5 1 1134 1136 6840
8757 2 2 5 1 3171 3170 3510
8758 2 2 5 1 1509 1511 4184
8759 2 2 5 1 4644 506 6977
8760 2 2 5 1 6605 6602 6634
8761 2 2 5 1 3153 4043 4044
8762 2 2 5 1 4150 4152 6841
8763 2 2 5 1 2531 2532 2533
8764 2 2 5 1 4544 3497 6799
8765 2 2 5 1 4826 3765 4827
8766 2 2 5 1 1099 1155 1168
8767 2 2 5 1 895 918 919
8768 2 2 5 1 3693 2961 6839
8769 2 2 5 1 1708 2469 3228
8770 2 2 5 1 543 534 2955
8771 2 2 5 1 3482 3555 3991
8772 2 2 5 1 418 417 6779
8773 2 2 5 1 3681 3682 6822
8774 2 2 5 1 1168 1284 1309
8775 2 2 5 1 3219 3221 4207
8776 2 2 5 1 1696 1811 1812
8777 2 2 5 1 4186 4828 6866
8778 2 2 5 1 1554 1553 1695
8779 2 2 5 1 1955 1810 2190
8780 2 2 5 1 4768 4750 6599
8781 2 2 5 1 3384 2078 3385
8782 2 2 5 1 1753 1948 1949
8783 2 2 5 1 3226 3227 4060
8784 2 2 5 1 439 438 6778
8785 2 2 5 1 2682 3501 4210
8786 2 2 5 1 95 96 461
8787 2 2 5 1 2523 2519 2526
8788 2 2 5 1 1743 1571 3229
8789 2 2 5 1 2753 2930 3164
8790 2 2 5 1 1696 1695 1811
8791 2 2 5 1 1554 1695 1696
8792 2 2 5 1 4800 4551 5293
8793 2 2 5 1 561 560 562
8794 2 2 5 1 3492 3493 3681
8795 2 2 5 1 1190 1191 1324
8796 2 2 5 1 772 747 773
8797 2 2 5 1 2455 2453 6851
8798 2 2 5 1 3679 3685 4685
8799 2 2 5 1 1131 1151 1190
8800 2 2 5 1 4556 4557 5345
8801 2 2 5 1 435 434 1505
8802 2 2 5 1 3055 2681 3056
8803 2 2 5 1 92 93 1303
8804 2 2 5 1 2765 3152 3153
8805 2 2 5 1 3511 3510 4059
8806 2 2 5 1 1503 1566 1648
8807 2 2 5 1 2605 2604 2606
8808 2 2 5 1 39 38 869
8809 2 2 5 1 1073 1078 1114
8810 2 2 5 1 449 448 2590
8811 2 2 5 1 2682 2691 3501
8812 2 2 5 1 1355 1285 1356
8813 2 2 5 1 3806 3461 6720
8814 2 2 5 1 3924 3488 4308
8815 2 2 5 1 3219 3220 3221
8816 2 2 5 1 1003 946 1004
8817 2 2 5 1 1239 1236 7004
8818 2 2 5 1 2478 2483 2592
8819 2 2 5 1 2930 2931 3492
8820 2 2 5 1 5789 4913 5994
8821 2 2 5 1 2146 2094 2147
8822 2 2 5 1 3855 3972 3973
8823 2 2 5 1 4211 4008 4649
8824 2 2 5 1 522 514 1706
8825 2 2 5 1 2104 2100 3052
8826 2 2 5 1 2623 2677 4217
8827 2 2 5 1 101 102 463
8828 2 2 5 1 89 90 462
8829 2 2 5 1 6605 6634 6635
8830 2 2 5 1 3501 3502 3976
8831 2 2 5 1 2239 2240 2252
8832 2 2 5 1 442 441 6777
8833 2 2 5 1 2402 2403 3225
8834 2 2 5 1 929 968 4204
8835 2 2 5 1 1091 1095 1131
8836 2 2 5 1 1075 1076 1079
8837 2 2 5 1 864 865 6819
8838 2 2 5 1 2504 2503 2505
8839 2 2 5 1 2099 2101 2682
8840 2 2 5 1 4545 4546 5287
8841 2 2 5 1 941 909 942
8842 2 2 5 1 559 558 560
8843 2 2 5 1 2429 2432 6687
8844 2 2 5 1 3487 3250 3488
8845 2 2 5 1 413 412 6776
8846 2 2 5 1 4330 3769 4331
8847 2 2 5 1 837 827 838
8848 2 2 5 1 5573 5571 5574
8849 2 2 5 1 441 440 6796
8850 2 2 5 1 5163 5164 5167
8851 2 2 5 1 3663 4158 4218
8852 2 2 5 1 1400 1356 1401
8853 2 2 5 1 710 709 737
8854 2 2 5 1 738 737 765
8855 2 2 5 1 4763 6910 6968
8856 2 2 5 1 1048 1004 1049
8857 2 2 5 1 1393 1412 1413
8858 2 2 5 1 2061 2062 2996
8859 2 2 5 1 691 690 709
8860 2 2 5 1 1324 1325 1380
8861 2 2 5 1 4553 4414 4554
8862 2 2 5 1 845 843 846
8863 2 2 5 1 1762 2609 6821
8864 2 2 5 1 908 825 909
8865 2 2 5 1 3957 3681 5021
8866 2 2 5 1 849 847 850
8867 2 2 5 1 1463 1401 1464
8868 2 2 5 1 1503 1464 1566
8869 2 2 5 1 1840 1842 2061
8870 2 2 5 1 799 773 800
8871 2 2 5 1 6609 6606 6813
8872 2 2 5 1 571 664 665
8873 2 2 5 1 766 765 782
8874 2 2 5 1 2092 1853 2113
8875 2 2 5 1 440 439 2591
8876 2 2 5 1 783 782 803
8877 2 2 5 1 3637 3056 3639
8878 2 2 5 1 3655 3654 4035
8879 2 2 5 1 857 855 858
8880 2 2 5 1 25 24 1361
8881 2 2 5 1 865 863 866
8882 2 2 5 1 1947 2266 6743
8883 2 2 5 1 861 859 862
8884 2 2 5 1 804 803 817
8885 2 2 5 1 2703 1724 4605
8886 2 2 5 1 1079 1116 1130
8887 2 2 5 1 1082 1045 5980
8888 2 2 5 1 749 750 754
8889 2 2 5 1 3054 3828 4274
8890 2 2 5 1 2621 2622 4954
8891 2 2 5 1 1275 1320 1321
8892 2 2 5 1 5083 3752 5084
8893 2 2 5 1 1482 1481 1483
8894 2 2 5 1 1135 1133 6870
8895 2 2 5 1 4207 4208 4511
8896 2 2 5 1 1318 1189 1319
8897 2 2 5 1 2574 2539 6726
8898 2 2 5 1 680 678 3107
8899 2 2 5 1 5156 5157 5158
8900 2 2 5 1 824 800 825
8901 2 2 5 1 3119 2606 3120
8902 2 2 5 1 1130 1188 1250
8903 2 2 5 1 1813 1644 6768
8904 2 2 5 1 818 817 826
8905 2 2 5 1 1896 2099 2100
8906 2 2 5 1 104 105 1305
8907 2 2 5 1 86 87 1304
8908 2 2 5 1 1710 1566 6765
8909 2 2 5 1 1084 1049 1085
8910 2 2 5 1 5123 5124 5125
8911 2 2 5 1 6674 7554 7568
8912 2 2 5 1 1439 1553 1554
8913 2 2 5 1 1132 1096 1306
8914 2 2 5 1 2592 3053 3054
8915 2 2 5 1 563 562 564
8916 2 2 5 1 2612 2615 6968
8917 2 2 5 1 1866 1982 4172
8918 2 2 5 1 4149 4394 6279
8919 2 2 5 1 3221 3222 6837
8920 2 2 5 1 3787 2345 4105
8921 2 2 5 1 6228 4754 6527
8922 2 2 5 1 1228 1226 2629
8923 2 2 5 1 6818 2483 6871
8924 2 2 5 1 554 548 558
8925 2 2 5 1 2782 3401 3876
8926 2 2 5 1 4939 4940 4941
8927 2 2 5 1 2409 3716 6864
8928 2 2 5 1 2782 2783 3401
8929 2 2 5 1 2780 2342 2781
8930 2 2 5 1 2471 2473 2474
8931 2 2 5 1 1984 1986 2443
8932 2 2 5 1 4591 4590 4592
8933 2 2 5 1 1809 1954 2130
8934 2 2 5 1 3354 1775 3355
8935 2 2 5 1 1168 1155 1284
8936 2 2 5 1 1540 1541 1707
8937 2 2 5 1 1380 1381 1540
8938 2 2 5 1 1705 6334 7861
8939 2 2 5 1 1990 1992 2022
8940 2 2 5 1 4979 5210 5211
8941 2 2 5 1 1596 1595 1597
8942 2 2 5 1 1362 1319 1363
8943 2 2 5 1 1812 2508 6812
8944 2 2 5 1 1659 1743 1768
8945 2 2 5 1 2694 2505 2970
8946 2 2 5 1 3435 1330 3751
8947 2 2 5 1 2235 2339 3106
8948 2 2 5 1 4332 3769 6825
8949 2 2 5 1 1119 1085 1120
8950 2 2 5 1 4941 4942 4943
8951 2 2 5 1 1808 1895 1896
8952 2 2 5 1 2475 2477 2478
8953 2 2 5 1 2079 2277 6782
8954 2 2 5 1 1397 1363 1431
8955 2 2 5 1 1439 1431 1553
8956 2 2 5 1 4940 4938 7593
8957 2 2 5 1 1761 6742 6827
8958 2 2 5 1 3695 3759 4097
8959 2 2 5 1 1346 1260 1386
8960 2 2 5 1 2367 4689 4690
8961 2 2 5 1 1755 1857 3108
8962 2 2 5 1 1658 1385 6889
8963 2 2 5 1 1768 1946 1947
8964 2 2 5 1 1947 2265 2266
8965 2 2 5 1 3055 3637 3638
8966 2 2 5 1 2618 2741 3039
8967 2 2 5 1 1178 1120 1179
8968 2 2 5 1 4842 4554 5283
8969 2 2 5 1 3068 2970 3740
8970 2 2 5 1 4770 3234 6890
8971 2 2 5 1 6098 4102 6444
8972 2 2 5 1 4870 4868 6203
8973 2 2 5 1 1099 1094 1155
8974 2 2 5 1 2123 1537 4227
8975 2 2 5 1 2061 2996 3010
8976 2 2 5 1 4037 4035 4648
8977 2 2 5 1 107 108 465
8978 2 2 5 1 83 84 464
8979 2 2 5 1 3677 3096 3678
8980 2 2 5 1 2290 2129 2291
8981 2 2 5 1 1321 1420 1421
8982 2 2 5 1 2753 2754 2930
8983 2 2 5 1 1231 1228 7047
8984 2 2 5 1 1484 1483 1485
8985 2 2 5 1 4511 4208 4958
8986 2 2 5 1 2565 2572 2573
8987 2 2 5 1 3876 3941 4975
8988 2 2 5 1 4207 3221 4208
8989 2 2 5 1 3086 2291 3087
8990 2 2 5 1 5016 5299 6236
8991 2 2 5 1 3737 3738 4008
8992 2 2 5 1 2127 2125 2129
8993 2 2 5 1 4568 3620 4569
8994 2 2 5 1 2525 3069 3070
8995 2 2 5 1 4788 3810 4789
8996 2 2 5 1 409 408 6769
8997 2 2 5 1 1996 1998 1999
8998 2 2 5 1 2996 2997 3559
8999 2 2 5 1 4167 4165 4743
9000 2 2 5 1 1114 1115 1166
9001 2 2 5 1 5889 4153 6490
9002 2 2 5 1 1382 1383 1539
9003 2 2 5 1 7024 4243 7045
9004 2 2 5 1 1540 1707 1709
9005 2 2 5 1 932 1763 6887
9006 2 2 5 1 2000 2003 2004
9007 2 2 5 1 1276 1277 1382
9008 2 2 5 1 1004 946 6651
9009 2 2 5 1 6283 1239 7004
9010 2 2 5 1 4762 1700 5975
9011 2 2 5 1 3894 3895 3927
9012 2 2 5 1 4572 4535 5129
9013 2 2 5 1 1284 1285 1355
9014 2 2 5 1 2126 2127 2128
9015 2 2 5 1 1166 1167 1276
9016 2 2 5 1 1190 1324 2070
9017 2 2 5 1 4728 6073 6864
9018 2 2 5 1 112 113 494
9019 2 2 5 1 78 79 497
9020 2 2 5 1 2612 2613 2614
9021 2 2 5 1 2741 2742 2782
9022 2 2 5 1 3682 3849 6822
9023 2 2 5 1 2618 2619 2741
9024 2 2 5 1 444 443 2596
9025 2 2 5 1 3139 2883 5998
9026 2 2 5 1 1492 1490 1571
9027 2 2 5 1 3481 3755 3904
9028 2 2 5 1 3610 3380 3611
9029 2 2 5 1 4008 3738 4009
9030 2 2 5 1 3095 3383 4601
9031 2 2 5 1 5303 5127 5408
9032 2 2 5 1 1763 898 6831
9033 2 2 5 1 1644 1736 6768
9034 2 2 5 1 2517 6248 6998
9035 2 2 5 1 3065 3616 3722
9036 2 2 5 1 3904 4793 4794
9037 2 2 5 1 1094 1092 3233
9038 2 2 5 1 2124 2125 2126
9039 2 2 5 1 1355 1356 1400
9040 2 2 5 1 2481 2679 2680
9041 2 2 5 1 1653 2611 2612
9042 2 2 5 1 1709 1807 1808
9043 2 2 5 1 1738 1696 6812
9044 2 2 5 1 445 444 6814
9045 2 2 5 1 2081 2079 6782
9046 2 2 5 1 1563 1653 6910
9047 2 2 5 1 1400 1401 1463
9048 2 2 5 1 3837 3740 4256
9049 2 2 5 1 1463 1464 1503
9050 2 2 5 1 1464 1401 6770
9051 2 2 5 1 3483 3484 3894
9052 2 2 5 1 1130 1116 1188
9053 2 2 5 1 3765 3120 6850
9054 2 2 5 1 5726 4722 5854
9055 2 2 5 1 2974 3234 3481
9056 2 2 5 1 2478 2479 2483
9057 2 2 5 1 45 409 527
9058 2 2 5 1 405 404 530
9059 2 2 5 1 446 445 529
9060 2 2 5 1 117 118 467
9061 2 2 5 1 123 124 460
9062 2 2 5 1 67 68 459
9063 2 2 5 1 73 74 466
9064 2 2 5 1 841 840 2450
9065 2 2 5 1 1382 1539 1761
9066 2 2 5 1 3093 3094 3095
9067 2 2 5 1 1093 1092 1094
9068 2 2 5 1 2718 2720 3079
9069 2 2 5 1 6653 6886 7025
9070 2 2 5 1 4728 6000 6073
9071 2 2 5 1 925 926 927
9072 2 2 5 1 4232 3053 6818
9073 2 2 5 1 853 852 2456
9074 2 2 5 1 1498 1496 1573
9075 2 2 5 1 2277 2899 6782
9076 2 2 5 1 2122 2123 2124
9077 2 2 5 1 1896 1895 2099
9078 2 2 5 1 6167 6206 6207
9079 2 2 5 1 839 838 840
9080 2 2 5 1 1766 1840 1841
9081 2 2 5 1 2171 2636 2637
9082 2 2 5 1 4759 4187 6917
9083 2 2 5 1 4426 2788 4997
9084 2 2 5 1 1596 1700 3237
9085 2 2 5 1 867 866 868
9086 2 2 5 1 4069 4147 4188
9087 2 2 5 1 1494 1250 3251
9088 2 2 5 1 1842 1765 6821
9089 2 2 5 1 3461 3460 3896
9090 2 2 5 1 1079 1076 1116
9091 2 2 5 1 1436 6760 6805
9092 2 2 5 1 920 3434 4871
9093 2 2 5 1 1484 1537 2122
9094 2 2 5 1 729 2420 7024
9095 2 2 5 1 5087 5086 5474
9096 2 2 5 1 3088 3620 3621
9097 2 2 5 1 2432 3418 6687
9098 2 2 5 1 3027 3026 3460
9099 2 2 5 1 3467 3466 3906
9100 2 2 5 1 507 493 3572
9101 2 2 5 1 851 850 852
9102 2 2 5 1 2290 3086 3088
9103 2 2 5 1 3427 2917 6972
9104 2 2 5 1 2489 2660 6891
9105 2 2 5 1 2173 2881 3405
9106 2 2 5 1 4176 5261 5271
9107 2 2 5 1 2852 2851 3517
9108 2 2 5 1 4667 4113 5880
9109 2 2 5 1 1371 1395 3338
9110 2 2 5 1 5125 5127 5303
9111 2 2 5 1 2623 1813 2676
9112 2 2 5 1 1141 1139 2624
9113 2 2 5 1 1188 1189 1318
9114 2 2 5 1 2677 2676 3851
9115 2 2 5 1 923 924 925
9116 2 2 5 1 2430 2429 6687
9117 2 2 5 1 754 764 778
9118 2 2 5 1 3062 2752 3161
9119 2 2 5 1 1273 1371 7029
9120 2 2 5 1 1178 1330 2981
9121 2 2 5 1 3188 2268 7089
9122 2 2 5 1 411 410 1430
9123 2 2 5 1 920 904 3434
9124 2 2 5 1 2154 2263 2602
9125 2 2 5 1 2474 2475 6780
9126 2 2 5 1 1974 1972 6790
9127 2 2 5 1 3849 5064 6822
9128 2 2 5 1 1808 1807 1895
9129 2 2 5 1 4625 4978 4979
9130 2 2 5 1 3549 3754 4396
9131 2 2 5 1 3701 3703 4048
9132 2 2 5 1 1076 1074 4216
9133 2 2 5 1 3391 3392 3393
9134 2 2 5 1 1318 1319 1362
9135 2 2 5 1 1972 2230 6790
9136 2 2 5 1 3828 4232 4550
9137 2 2 5 1 3723 3725 3726
9138 2 2 5 1 1362 1363 1397
9139 2 2 5 1 6332 6331 7003
9140 2 2 5 1 4069 4188 6891
9141 2 2 5 1 5021 3681 6822
9142 2 2 5 1 1397 1431 1439
9143 2 2 5 1 995 994 1050
9144 2 2 5 1 1450 1196 1451
9145 2 2 5 1 3789 3788 4845
9146 2 2 5 1 1179 1195 6797
9147 2 2 5 1 2009 2011 2012
9148 2 2 5 1 3876 3401 3941
9149 2 2 5 1 2592 2483 3053
9150 2 2 5 1 706 7024 7045
9151 2 2 5 1 2546 2545 2547
9152 2 2 5 1 1362 1488 6807
9153 2 2 5 1 2477 2476 6832
9154 2 2 5 1 1003 1048 4213
9155 2 2 5 1 775 802 3730
9156 2 2 5 1 2732 2764 2765
9157 2 2 5 1 2588 1974 6790
9158 2 2 5 1 3070 3069 6773
9159 2 2 5 1 4975 3941 4977
9160 2 2 5 1 3639 4414 4553
9161 2 2 5 1 689 684 740
9162 2 2 5 1 528 545 2735
9163 2 2 5 1 3911 3939 4237
9164 2 2 5 1 1051 1050 1091
9165 2 2 5 1 2150 2149 2151
9166 2 2 5 1 1075 1074 1076
9167 2 2 5 1 5111 4541 5300
9168 2 2 5 1 4496 4999 6817
9169 2 2 5 1 1764 1765 1766
9170 2 2 5 1 2265 2628 2753
9171 2 2 5 1 2680 2681 3055
9172 2 2 5 1 1839 1977 6787
9173 2 2 5 1 4179 3732 4763
9174 2 2 5 1 1653 1562 2611
9175 2 2 5 1 1849 1806 2959
9176 2 2 5 1 2017 2020 2021
9177 2 2 5 1 2005 2007 2008
9178 2 2 5 1 4550 4551 4800
9179 2 2 5 1 5004 4496 6817
9180 2 2 5 1 1414 1416 1434
9181 2 2 5 1 513 1335 6977
9182 2 2 5 1 1233 1231 1278
9183 2 2 5 1 1766 1765 1840
9184 2 2 5 1 2981 3435 4856
9185 2 2 5 1 1659 1571 1743
9186 2 2 5 1 3122 3778 6850
9187 2 2 5 1 1947 1946 2265
9188 2 2 5 1 3706 4672 4673
9189 2 2 5 1 821 900 923
9190 2 2 5 1 3727 3729 4084
9191 2 2 5 1 2896 3347 3482
9192 2 2 5 1 2346 3790 4106
9193 2 2 5 1 1458 1456 1459
9194 2 2 5 1 4321 1173 4322
9195 2 2 5 1 1431 1363 6791
9196 2 2 5 1 2920 2155 6835
9197 2 2 5 1 778 793 812
9198 2 2 5 1 1491 2256 6921
9199 2 2 5 1 1761 1762 1764
9200 2 2 5 1 3054 3053 3828
9201 2 2 5 1 908 941 1667
9202 2 2 5 1 3662 3661 6733
9203 2 2 5 1 3222 3389 6837
9204 2 2 5 1 1768 1743 1946
9205 2 2 5 1 3510 3170 4510
9206 2 2 5 1 3241 4788 6855
9207 2 2 5 1 1379 1481 1482
9208 2 2 5 1 2614 2613 2618
9209 2 2 5 1 926 924 928
9210 2 2 5 1 3851 4955 5036
9211 2 2 5 1 2527 2526 2528
9212 2 2 5 1 1709 1707 1807
9213 2 2 5 1 4039 3165 4040
9214 2 2 5 1 4492 3662 6733
9215 2 2 5 1 2209 1968 2210
9216 2 2 5 1 2612 2611 2613
9217 2 2 5 1 6562 4169 6563
9218 2 2 5 1 2843 2662 3032
9219 2 2 5 1 1224 1230 4245
9220 2 2 5 1 6573 2600 6894
9221 2 2 5 1 1051 1091 1092
9222 2 2 5 1 7098 6683 7175
9223 2 2 5 1 995 1050 1051
9224 2 2 5 1 3735 3737 6858
9225 2 2 5 1 506 513 6977
9226 2 2 5 1 688 1705 7868
9227 2 2 5 1 3244 3246 3518
9228 2 2 5 1 1114 1166 2608
9229 2 2 5 1 1502 1595 1596
9230 2 2 5 1 6563 4169 6705
9231 2 2 5 1 942 946 1003
9232 2 2 5 1 3087 3090 3619
9233 2 2 5 1 968 967 1028
9234 2 2 5 1 1784 2711 7349
9235 2 2 5 1 1736 2486 6768
9236 2 2 5 1 3001 3003 3386
9237 2 2 5 1 1485 1487 6808
9238 2 2 5 1 1394 1533 3249
9239 2 2 5 1 934 932 994
9240 2 2 5 1 3966 3987 4403
9241 2 2 5 1 3378 3380 3610
9242 2 2 5 1 4209 3921 4573
9243 2 2 5 1 3999 4843 4844
9244 2 2 5 1 6152 6767 7338
9245 2 2 5 1 4320 1660 6657
9246 2 2 5 1 4690 5544 5545
9247 2 2 5 1 3253 3255 3519
9248 2 2 5 1 1696 1812 6812
9249 2 2 5 1 2230 4766 6790
9250 2 2 5 1 675 676 677
9251 2 2 5 1 2264 2920 2921
9252 2 2 5 1 1029 1028 1073
9253 2 2 5 1 4750 3735 6858
9254 2 2 5 1 1084 1119 1121
9255 2 2 5 1 1568 1927 1928
9256 2 2 5 1 1764 1762 1765
9257 2 2 5 1 3127 3128 3696
9258 2 2 5 1 3611 4535 4572
9259 2 2 5 1 1601 1603 1699
9260 2 2 5 1 2083 1563 6910
9261 2 2 5 1 1028 967 6757
9262 2 2 5 1 4097 4365 6143
9263 2 2 5 1 3287 3289 3521
9264 2 2 5 1 2921 3661 3662
9265 2 2 5 1 1065 1064 1066
9266 2 2 5 1 2932 2704 3447
9267 2 2 5 1 793 764 794
9268 2 2 5 1 4326 5004 6829
9269 2 2 5 1 4707 3447 4815
9270 2 2 5 1 1607 1609 1698
9271 2 2 5 1 1517 1519 2599
9272 2 2 5 1 3304 3306 3524
9273 2 2 5 1 4137 6092 6093
9274 2 2 5 1 934 994 995
9275 2 2 5 1 5915 2675 6367
9276 2 2 5 1 3372 3374 3612
9277 2 2 5 1 3696 3697 4293
9278 2 2 5 1 4188 6038 6039
9279 2 2 5 1 2244 2246 2251
9280 2 2 5 1 2607 2170 2704
9281 2 2 5 1 749 748 750
9282 2 2 5 1 1613 1615 1697
9283 2 2 5 1 3055 3056 3637
9284 2 2 5 1 5124 4159 6873
9285 2 2 5 1 3342 3344 3525
9286 2 2 5 1 1761 1539 1762
9287 2 2 5 1 2539 2540 2541
9288 2 2 5 1 1025 2380 6501
9289 2 2 5 1 3638 3637 4552
9290 2 2 5 1 3005 3007 3561
9291 2 2 5 1 2044 2226 2620
9292 2 2 5 1 4208 3221 6837
9293 2 2 5 1 1619 1621 1694
9294 2 2 5 1 827 826 6897
9295 2 2 5 1 3349 3351 3526
9296 2 2 5 1 2217 2216 2851
9297 2 2 5 1 1631 1633 1681
9298 2 2 5 1 6783 4738 7205
9299 2 2 5 1 3713 2683 6398
9300 2 2 5 1 3125 3126 3127
9301 2 2 5 1 3461 3896 6720
9302 2 2 5 1 3368 3370 3613
9303 2 2 5 1 2114 2113 2115
9304 2 2 5 1 1913 1772 7032
9305 2 2 5 1 1625 1627 1693
9306 2 2 5 1 6605 6635 6813
9307 2 2 5 1 2076 2025 2594
9308 2 2 5 1 1513 1515 1529
9309 2 2 5 1 925 924 926
9310 2 2 5 1 2012 2013 2018
9311 2 2 5 1 677 678 679
9312 2 2 5 1 908 909 941
9313 2 2 5 1 1597 1599 6816
9314 2 2 5 1 1954 2154 6979
9315 2 2 5 1 1643 1813 2623
9316 2 2 5 1 4647 3897 6922
9317 2 2 5 1 3236 3238 3239
9318 2 2 5 1 7812 653 7819
9319 2 2 5 1 1003 1004 1048
9320 2 2 5 1 2303 2086 3250
9321 2 2 5 1 1668 1651 1776
9322 2 2 5 1 1029 1073 1074
9323 2 2 5 1 4388 3658 4918
9324 2 2 5 1 968 1028 1029
9325 2 2 5 1 1048 1049 1084
9326 2 2 5 1 1650 1549 1651
9327 2 2 5 1 746 747 772
9328 2 2 5 1 6341 4221 7095
9329 2 2 5 1 4217 2677 4376
9330 2 2 5 1 3009 3012 3560
9331 2 2 5 1 1551 1550 1675
9332 2 2 5 1 3907 1655 3908
9333 2 2 5 1 918 898 932
9334 2 2 5 1 3389 3845 6837
9335 2 2 5 1 4323 4322 4324
9336 2 2 5 1 1548 1451 1549
9337 2 2 5 1 4553 4554 4842
9338 2 2 5 1 4854 5040 5041
9339 2 2 5 1 6059 6060 6062
9340 2 2 5 1 5038 4852 5039
9341 2 2 5 1 1189 1116 7039
9342 2 2 5 1 4778 6741 7265
9343 2 2 5 1 772 773 799
9344 2 2 5 1 1927 6727 7046
9345 2 2 5 1 799 800 824
9346 2 2 5 1 2656 2104 6825
9347 2 2 5 1 1977 3660 6787
9348 2 2 5 1 824 825 908
9349 2 2 5 1 859 858 6934
9350 2 2 5 1 6653 1807 6886
9351 2 2 5 1 2588 6790 6972
9352 2 2 5 1 3554 4877 6899
9353 2 2 5 1 679 680 681
9354 2 2 5 1 4673 5435 5436
9355 2 2 5 1 1667 2603 2604
9356 2 2 5 1 3111 995 6834
9357 2 2 5 1 45 527 528
9358 2 2 5 1 4015 4920 4921
9359 2 2 5 1 1084 1085 1119
9360 2 2 5 1 2783 3216 6830
9361 2 2 5 1 2486 1839 6787
9362 2 2 5 1 3184 3169 3232
9363 2 2 5 1 3913 4235 4584
9364 2 2 5 1 4134 4720 6963
9365 2 2 5 1 863 862 6894
9366 2 2 5 1 5011 3908 5012
9367 2 2 5 1 3358 4061 4807
9368 2 2 5 1 2456 852 2457
9369 2 2 5 1 5570 5571 5573
9370 2 2 5 1 4022 3480 6960
9371 2 2 5 1 4827 3765 6850
9372 2 2 5 1 868 866 2600
9373 2 2 5 1 1661 1772 1774
9374 2 2 5 1 681 682 683
9375 2 2 5 1 3120 2606 3121
9376 2 2 5 1 1119 1120 1178
9377 2 2 5 1 4572 5129 5199
9378 2 2 5 1 2475 2478 6780
9379 2 2 5 1 5163 5160 5164
9380 2 2 5 1 4111 3230 7158
9381 2 2 5 1 929 928 967
9382 2 2 5 1 1178 1179 1330
9383 2 2 5 1 1474 1574 2621
9384 2 2 5 1 3732 2083 6910
9385 2 2 5 1 2450 840 2451
9386 2 2 5 1 929 967 968
9387 2 2 5 1 3777 4326 6829
9388 2 2 5 1 3999 4844 5464
9389 2 2 5 1 3120 3121 3122
9390 2 2 5 1 3435 3751 4241
9391 2 2 5 1 778 764 793
9392 2 2 5 1 683 684 685
9393 2 2 5 1 2623 2676 2677
9394 2 2 5 1 3775 4066 4345
9395 2 2 5 1 6657 1531 6826
9396 2 2 5 1 3122 3688 3775
9397 2 2 5 1 1482 1483 1484
9398 2 2 5 1 561 562 563
9399 2 2 5 1 559 560 561
9400 2 2 5 1 3896 3460 4454
9401 2 2 5 1 3532 3537 4587
9402 2 2 5 1 1639 1641 1682
9403 2 2 5 1 689 741 3242
9404 2 2 5 1 3906 3466 4437
9405 2 2 5 1 1635 1637 2625
9406 2 2 5 1 2127 2129 2290
9407 2 2 5 1 3481 3904 4296
9408 2 2 5 1 3401 2783 6830
9409 2 2 5 1 5591 4261 7533
9410 2 2 5 1 103 104 6906
9411 2 2 5 1 5408 5127 6824
9412 2 2 5 1 3483 3894 4051
9413 2 2 5 1 754 750 764
9414 2 2 5 1 3845 3777 6829
9415 2 2 5 1 1484 1485 1537
9416 2 2 5 1 2531 2529 2532
9417 2 2 5 1 2259 2495 2761
9418 2 2 5 1 4568 4569 5246
9419 2 2 5 1 2290 2291 3086
9420 2 2 5 1 3534 4434 6905
9421 2 2 5 1 2126 2125 2127
9422 2 2 5 1 6664 2611 6885
9423 2 2 5 1 3340 4813 4814
9424 2 2 5 1 4372 4360 5897
9425 2 2 5 1 1596 1597 1700
9426 2 2 5 1 2970 2505 3750
9427 2 2 5 1 2761 2895 2896
9428 2 2 5 1 782 765 792
9429 2 2 5 1 3208 3206 3209
9430 2 2 5 1 2124 2123 2125
9431 2 2 5 1 1387 1386 2411
9432 2 2 5 1 826 817 1308
9433 2 2 5 1 1421 1420 6760
9434 2 2 5 1 6669 4787 7332
9435 2 2 5 1 918 932 934
9436 2 2 5 1 673 674 675
9437 2 2 5 1 3621 3620 4568
9438 2 2 5 1 4815 3447 5294
9439 2 2 5 1 1471 1470 1577
9440 2 2 5 1 46 506 4644
9441 2 2 5 1 2262 3490 4855
9442 2 2 5 1 895 831 898
9443 2 2 5 1 830 811 831
9444 2 2 5 1 772 799 2610
9445 2 2 5 1 2541 2542 2543
9446 2 2 5 1 3267 3269 4858
9447 2 2 5 1 2414 3718 6907
9448 2 2 5 1 812 793 6925
9449 2 2 5 1 1691 3354 6992
9450 2 2 5 1 3236 3239 3241
9451 2 2 5 1 2122 1537 2123
9452 2 2 5 1 2936 2315 3169
9453 2 2 5 1 6790 4766 6972
9454 2 2 5 1 3382 4281 6682
9455 2 2 5 1 3737 4211 6858
9456 2 2 5 1 810 794 811
9457 2 2 5 1 6724 6963 7692
9458 2 2 5 1 3177 3785 7017
9459 2 2 5 1 2609 6828 6991
9460 2 2 5 1 3237 1700 4762
9461 2 2 5 1 4978 4034 6920
9462 2 2 5 1 2640 6755 6909
9463 2 2 5 1 3726 3727 6771
9464 2 2 5 1 1420 2511 6760
9465 2 2 5 1 866 863 6894
9466 2 2 5 1 1165 1193 1344
9467 2 2 5 1 3088 3086 3620
9468 2 2 5 1 862 859 6934
9469 2 2 5 1 1349 1978 2033
9470 2 2 5 1 1818 1969 1971
9471 2 2 5 1 741 740 774
9472 2 2 5 1 3660 3534 6905
9473 2 2 5 1 4721 3943 7074
9474 2 2 5 1 2981 1330 3435
9475 2 2 5 1 685 684 689
9476 2 2 5 1 3093 3095 3860
9477 2 2 5 1 5860 4108 5861
9478 2 2 5 1 683 682 684
9479 2 2 5 1 6560 1695 6999
9480 2 2 5 1 2171 2637 3092
9481 2 2 5 1 5143 5142 5233
9482 2 2 5 1 2456 2457 2767
9483 2 2 5 1 4163 6558 6986
9484 2 2 5 1 1701 1757 1818
9485 2 2 5 1 3033 3032 3983
9486 2 2 5 1 1777 1776 6927
9487 2 2 5 1 4345 4066 5558
9488 2 2 5 1 3535 3883 4001
9489 2 2 5 1 2544 2542 2626
9490 2 2 5 1 681 680 682
9491 2 2 5 1 4256 3740 4816
9492 2 2 5 1 2926 3654 3655
9493 2 2 5 1 3906 4437 5086
9494 2 2 5 1 3122 3121 3688
9495 2 2 5 1 2450 2451 2769
9496 2 2 5 1 2563 2567 2568
9497 2 2 5 1 2601 2600 2772
9498 2 2 5 1 3241 3550 3810
9499 2 2 5 1 679 678 680
9500 2 2 5 1 2012 2018 2640
9501 2 2 5 1 868 2600 2601
9502 2 2 5 1 6102 4119 6105
9503 2 2 5 1 5068 4454 5296
9504 2 2 5 1 2521 2524 2525
9505 2 2 5 1 3896 4454 5068
9506 2 2 5 1 2469 2471 6847
9507 2 2 5 1 994 932 6887
9508 2 2 5 1 5086 4437 5262
9509 2 2 5 1 2767 2457 2974
9510 2 2 5 1 3026 2772 3483
9511 2 2 5 1 2008 2009 6909
9512 2 2 5 1 2535 2534 2536
9513 2 2 5 1 3775 3688 4066
9514 2 2 5 1 4564 3431 7062
9515 2 2 5 1 4237 5586 5666
9516 2 2 5 1 2218 3163 3477
9517 2 2 5 1 826 1308 3235
9518 2 2 5 1 2478 2592 6780
9519 2 2 5 1 5122 4159 5123
9520 2 2 5 1 2767 2974 3466
9521 2 2 5 1 3092 2637 3093
9522 2 2 5 1 677 676 678
9523 2 2 5 1 810 4769 6925
9524 2 2 5 1 2601 2772 3026
9525 2 2 5 1 2769 2897 3520
9526 2 2 5 1 3520 3549 4548
9527 2 2 5 1 2769 2451 2897
9528 2 2 5 1 1708 3228 6886
9529 2 2 5 1 5464 4844 5465
9530 2 2 5 1 671 672 673
9531 2 2 5 1 3127 3696 3705
9532 2 2 5 1 3769 2656 6825
9533 2 2 5 1 3520 2897 3549
9534 2 2 5 1 4357 4541 5111
9535 2 2 5 1 775 774 801
9536 2 2 5 1 923 900 924
9537 2 2 5 1 4675 4026 5383
9538 2 2 5 1 4937 4938 4939
9539 2 2 5 1 4219 1400 6853
9540 2 2 5 1 676 674 739
9541 2 2 5 1 1355 4219 6854
9542 2 2 5 1 3495 2587 6783
9543 2 2 5 1 895 898 918
9544 2 2 5 1 830 831 895
9545 2 2 5 1 6612 6609 6865
9546 2 2 5 1 1479 1478 1550
9547 2 2 5 1 94 95 6786
9548 2 2 5 1 1707 1708 6886
9549 2 2 5 1 802 801 820
9550 2 2 5 1 810 811 830
9551 2 2 5 1 821 820 899
9552 2 2 5 1 4812 661 7045
9553 2 2 5 1 1539 1383 6828
9554 2 2 5 1 4747 4746 6945
9555 2 2 5 1 1578 1577 1689
9556 2 2 5 1 1051 1093 6834
9557 2 2 5 1 5156 5155 5157
9558 2 2 5 1 934 3111 6901
9559 2 2 5 1 2420 2425 2426
9560 2 2 5 1 6598 2759 6879
9561 2 2 5 1 750 748 4223
9562 2 2 5 1 3061 2814 7330
9563 2 2 5 1 1463 1649 6853
9564 2 2 5 1 3492 3957 6842
9565 2 2 5 1 2838 3059 7327
9566 2 2 5 1 2604 2603 2651
9567 2 2 5 1 1383 1509 6828
9568 2 2 5 1 669 670 671
9569 2 2 5 1 2921 3662 3663
9570 2 2 5 1 708 707 746
9571 2 2 5 1 2104 3052 6825
9572 2 2 5 1 838 827 6897
9573 2 2 5 1 4094 5910 5911
9574 2 2 5 1 2069 2239 6774
9575 2 2 5 1 5324 5323 5325
9576 2 2 5 1 2533 2532 2534
9577 2 2 5 1 3810 3550 3999
9578 2 2 5 1 5157 5155 5166
9579 2 2 5 1 1776 1651 1778
9580 2 2 5 1 4475 5207 5352
9581 2 2 5 1 3229 1571 6880
9582 2 2 5 1 1667 941 2603
9583 2 2 5 1 2170 1844 2171
9584 2 2 5 1 1549 1451 4224
9585 2 2 5 1 4769 830 6893
9586 2 2 5 1 667 668 669
9587 2 2 5 1 2479 2481 6871
9588 2 2 5 1 1509 4184 6828
9589 2 2 5 1 3241 3239 3550
9590 2 2 5 1 4877 4513 4878
9591 2 2 5 1 3164 2930 6842
9592 2 2 5 1 708 746 748
9593 2 2 5 1 5381 4038 5441
9594 2 2 5 1 926 928 929
9595 2 2 5 1 2539 2537 2540
9596 2 2 5 1 1309 1284 6854
9597 2 2 5 1 1843 1778 1844
9598 2 2 5 1 3650 4031 4032
9599 2 2 5 1 793 794 810
9600 2 2 5 1 5122 5123 5354
9601 2 2 5 1 4203 6573 7102
9602 2 2 5 1 1555 1645 1701
9603 2 2 5 1 3092 3093 6867
9604 2 2 5 1 3216 3219 6830
9605 2 2 5 1 542 547 555
9606 2 2 5 1 675 674 676
9607 2 2 5 1 528 544 545
9608 2 2 5 1 3655 4037 4228
9609 2 2 5 1 709 690 1572
9610 2 2 5 1 1843 1844 2170
9611 2 2 5 1 1066 1068 6848
9612 2 2 5 1 3158 4087 7119
9613 2 2 5 1 4158 3664 4159
9614 2 2 5 1 5158 5157 5161
9615 2 2 5 1 2616 2614 6833
9616 2 2 5 1 1003 4213 6951
9617 2 2 5 1 3692 3594 4680
9618 2 2 5 1 689 740 741
9619 2 2 5 1 5578 5580 5581
9620 2 2 5 1 4206 4320 4369
9621 2 2 5 1 545 556 557
9622 2 2 5 1 2640 2641 3124
9623 2 2 5 1 2513 2515 6803
9624 2 2 5 1 571 663 664
9625 2 2 5 1 557 570 571
9626 2 2 5 1 4556 4040 4557
9627 2 2 5 1 7568 4330 7589
9628 2 2 5 1 841 2450 6843
9629 2 2 5 1 3219 4207 6830
9630 2 2 5 1 1765 1762 6821
9631 2 2 5 1 853 2456 6849
9632 2 2 5 1 6620 6612 6865
9633 2 2 5 1 535 450 6792
9634 2 2 5 1 3235 1308 3236
9635 2 2 5 1 3945 5116 6124
9636 2 2 5 1 6774 4768 7032
9637 2 2 5 1 3052 2100 6852
9638 2 2 5 1 3124 3125 3788
9639 2 2 5 1 2263 2155 2264
9640 2 2 5 1 554 558 559
9641 2 2 5 1 1490 1309 6880
9642 2 2 5 1 2483 2479 6871
9643 2 2 5 1 426 480 6775
9644 2 2 5 1 2239 3734 6774
9645 2 2 5 1 741 774 775
9646 2 2 5 1 2100 2099 6852
9647 2 2 5 1 2009 2012 6909
9648 2 2 5 1 1776 1778 1843
9649 2 2 5 1 665 666 667
9650 2 2 5 1 3655 4035 4037
9651 2 2 5 1 3751 1330 6797
9652 2 2 5 1 775 801 802
9653 2 2 5 1 2640 2018 2641
9654 2 2 5 1 843 841 6843
9655 2 2 5 1 2979 2980 3382
9656 2 2 5 1 802 820 821
9657 2 2 5 1 821 899 900
9658 2 2 5 1 1410 1408 1435
9659 2 2 5 1 4027 3232 4038
9660 2 2 5 1 1523 1525 1527
9661 2 2 5 1 4373 2968 7129
9662 2 2 5 1 793 810 6925
9663 2 2 5 1 4690 5545 5546
9664 2 2 5 1 2930 3492 6842
9665 2 2 5 1 855 853 6849
9666 2 2 5 1 3967 3968 5240
9667 2 2 5 1 6194 6196 6983
9668 2 2 5 1 1442 1410 6987
9669 2 2 5 1 4158 4159 5122
9670 2 2 5 1 3364 3362 3365
9671 2 2 5 1 6029 2755 7119
9672 2 2 5 1 1330 1179 6797
9673 2 2 5 1 2682 4210 6852
9674 2 2 5 1 4214 3121 6875
9675 2 2 5 1 417 1301 6779
9676 2 2 5 1 988 1002 2945
9677 2 2 5 1 3124 2641 3125
9678 2 2 5 1 3228 2469 6847
9679 2 2 5 1 561 563 565
9680 2 2 5 1 1843 2607 6927
9681 2 2 5 1 438 483 6778
9682 2 2 5 1 4528 4529 5019
9683 2 2 5 1 919 918 6901
9684 2 2 5 1 1285 1155 6881
9685 2 2 5 1 2534 2532 2954
9686 2 2 5 1 3238 1308 6928
9687 2 2 5 1 4407 4406 4830
9688 2 2 5 1 6272 6273 7026
9689 2 2 5 1 3771 4328 4836
9690 2 2 5 1 5902 4790 7381
9691 2 2 5 1 3718 4137 6907
9692 2 2 5 1 3663 3662 3664
9693 2 2 5 1 937 867 6860
9694 2 2 5 1 5345 4557 5346
9695 2 2 5 1 3945 3884 5116
9696 2 2 5 1 3747 4360 4372
9697 2 2 5 1 2552 2550 2578
9698 2 2 5 1 2776 2743 7299
9699 2 2 5 1 46 493 506
9700 2 2 5 1 6342 2745 6903
9701 2 2 5 1 4227 1537 6808
9702 2 2 5 1 4142 2348 6696
9703 2 2 5 1 5919 2574 6726
9704 2 2 5 1 867 868 6860
9705 2 2 5 1 3418 2737 7017
9706 2 2 5 1 2503 812 6925
9707 2 2 5 1 3647 3649 3650
9708 2 2 5 1 1441 1557 3029
9709 2 2 5 1 1369 1466 1555
9710 2 2 5 1 1318 6807 6876
9711 2 2 5 1 565 6802 6939
9712 2 2 5 1 84 85 6810
9713 2 2 5 1 1537 1485 6808
9714 2 2 5 1 1096 937 6859
9715 2 2 5 1 493 442 6777
9716 2 2 5 1 1477 1476 1478
9717 2 2 5 1 2099 2682 6852
9718 2 2 5 1 2179 2178 2216
9719 2 2 5 1 3120 3122 6850
9720 2 2 5 1 1695 1553 6999
9721 2 2 5 1 1475 1418 1476
9722 2 2 5 1 2628 1946 6896
9723 2 2 5 1 3382 3471 4281
9724 2 2 5 1 1284 1355 6854
9725 2 2 5 1 484 413 6776
9726 2 2 5 1 1250 1188 6876
9727 2 2 5 1 3663 3664 4158
9728 2 2 5 1 3401 6830 7014
9729 2 2 5 1 2638 2547 6933
9730 2 2 5 1 449 2590 6792
9731 2 2 5 1 2618 3039 6833
9732 2 2 5 1 895 919 6893
9733 2 2 5 1 3727 4084 6771
9734 2 2 5 1 1423 1436 1437
9735 2 2 5 1 5546 5545 5597
9736 2 2 5 1 1562 1498 6885
9737 2 2 5 1 1026 1011 6017
9738 2 2 5 1 2614 2618 6833
9739 2 2 5 1 3048 3047 3049
9740 2 2 5 1 3930 5097 6941
9741 2 2 5 1 3983 3032 4643
9742 2 2 5 1 1982 1984 6856
9743 2 2 5 1 2623 4217 6936
9744 2 2 5 1 2314 2119 2315
9745 2 2 5 1 559 561 6939
9746 2 2 5 1 6609 6813 6865
9747 2 2 5 1 1447 1591 4381
9748 2 2 5 1 1857 2235 6857
9749 2 2 5 1 3697 3699 6884
9750 2 2 5 1 3044 3043 3045
9751 2 2 5 1 5975 1700 6816
9752 2 2 5 1 4428 4998 6489
9753 2 2 5 1 1914 2223 2952
9754 2 2 5 1 3608 3956 4280
9755 2 2 5 1 1400 1463 6853
9756 2 2 5 1 4557 4040 5099
9757 2 2 5 1 1743 3229 6896
9758 2 2 5 1 657 707 708
9759 2 2 5 1 995 1051 6834
9760 2 2 5 1 1692 1690 1711
9761 2 2 5 1 2511 4181 6760
9762 2 2 5 1 2030 2029 2031
9763 2 2 5 1 3072 3073 3074
9764 2 2 5 1 5546 5597 6121
9765 2 2 5 1 3412 3411 3884
9766 2 2 5 1 6735 7431 7593
9767 2 2 5 1 5899 4706 5900
9768 2 2 5 1 1406 1389 1407
9769 2 2 5 1 1029 1075 6882
9770 2 2 5 1 4720 6751 7680
9771 2 2 5 1 1259 1398 6532
9772 2 2 5 1 2471 2474 6847
9773 2 2 5 1 4204 968 6882
9774 2 2 5 1 1487 1502 6900
9775 2 2 5 1 4763 3732 6910
9776 2 2 5 1 2339 2367 6974
9777 2 2 5 1 1700 1597 6816
9778 2 2 5 1 3699 3701 6883
9779 2 2 5 1 6166 6167 6597
9780 2 2 5 1 2036 2260 2979
9781 2 2 5 1 1773 2069 6774
9782 2 2 5 1 2788 1777 6874
9783 2 2 5 1 4509 3495 6783
9784 2 2 5 1 657 656 707
9785 2 2 5 1 656 3214 6916
9786 2 2 5 1 569 568 656
9787 2 2 5 1 4228 4037 4339
9788 2 2 5 1 2591 439 6778
9789 2 2 5 1 2025 927 6914
9790 2 2 5 1 6935 4413 7028
9791 2 2 5 1 567 566 568
9792 2 2 5 1 1155 1094 6881
9793 2 2 5 1 3465 2423 6838
9794 2 2 5 1 747 707 6916
9795 2 2 5 1 2541 2540 2542
9796 2 2 5 1 1571 1490 6880
9797 2 2 5 1 102 103 6795
9798 2 2 5 1 2543 2544 2545
9799 2 2 5 1 1396 1372 1417
9800 2 2 5 1 5192 5193 5378
9801 2 2 5 1 4119 3022 6186
9802 2 2 5 1 3251 1250 6876
9803 2 2 5 1 1195 1379 6976
9804 2 2 5 1 4033 4594 4595
9805 2 2 5 1 2418 2406 6961
9806 2 2 5 1 6777 441 6796
9807 2 2 5 1 6760 4181 6805
9808 2 2 5 1 1559 1677 1793
9809 2 2 5 1 3024 3821 4178
9810 2 2 5 1 3645 3646 3647
9811 2 2 5 1 565 563 566
9812 2 2 5 1 6885 1573 7084
9813 2 2 5 1 2759 3065 6879
9814 2 2 5 1 4174 4176 6888
9815 2 2 5 1 4293 3697 6884
9816 2 2 5 1 1188 1318 6876
9817 2 2 5 1 527 409 6769
9818 2 2 5 1 2095 2402 3743
9819 2 2 5 1 1091 1131 6868
9820 2 2 5 1 4021 3480 4022
9821 2 2 5 1 440 2591 6796
9822 2 2 5 1 3075 3400 3771
9823 2 2 5 1 1660 1528 6657
9824 2 2 5 1 5481 4265 7590
9825 2 2 5 1 6643 6641 7022
9826 2 2 5 1 1711 1690 6552
9827 2 2 5 1 6152 7338 7361
9828 2 2 5 1 4165 4163 6986
9829 2 2 5 1 817 803 6928
9830 2 2 5 1 4181 6804 6805
9831 2 2 5 1 3433 3644 3645
9832 2 2 5 1 4181 2513 6803
9833 2 2 5 1 3991 5323 5324
9834 2 2 5 1 1807 1707 6886
9835 2 2 5 1 6733 4174 6888
9836 2 2 5 1 2048 2991 7071
9837 2 2 5 1 4571 3571 4734
9838 2 2 5 1 2013 2015 6995
9839 2 2 5 1 2528 2526 3721
9840 2 2 5 1 1094 3233 6881
9841 2 2 5 1 2782 3876 6908
9842 2 2 5 1 4377 4300 4378
9843 2 2 5 1 673 672 674
9844 2 2 5 1 565 566 567
9845 2 2 5 1 569 656 657
9846 2 2 5 1 846 843 6843
9847 2 2 5 1 567 568 569
9848 2 2 5 1 1309 6854 6880
9849 2 2 5 1 858 855 6849
9850 2 2 5 1 3983 4643 5191
9851 2 2 5 1 3734 4768 6774
9852 2 2 5 1 1479 1550 1551
9853 2 2 5 1 671 670 672
9854 2 2 5 1 2543 2542 2544
9855 2 2 5 1 6350 6772 7110
9856 2 2 5 1 2481 2680 6871
9857 2 2 5 1 4605 1724 4606
9858 2 2 5 1 2600 866 6894
9859 2 2 5 1 82 83 6990
9860 2 2 5 1 3292 2626 3293
9861 2 2 5 1 5739 5005 5740
9862 2 2 5 1 2018 2013 6995
9863 2 2 5 1 3039 2741 6908
9864 2 2 5 1 1092 1091 6868
9865 2 2 5 1 6553 2163 6967
9866 2 2 5 1 4786 7025 7106
9867 2 2 5 1 4762 5975 7229
9868 2 2 5 1 2705 7341 7774
9869 2 2 5 1 2917 2588 6972
9870 2 2 5 1 1037 1064 1065
9871 2 2 5 1 2606 2604 6875
9872 2 2 5 1 1196 1141 6898
9873 2 2 5 1 3591 3212 3592
9874 2 2 5 1 1073 1114 6877
9875 2 2 5 1 3206 2638 6762
9876 2 2 5 1 6241 7394 7672
9877 2 2 5 1 3233 1092 6868
9878 2 2 5 1 1553 1576 6999
9879 2 2 5 1 1226 1223 7121
9880 2 2 5 1 2172 2030 7120
9881 2 2 5 1 4283 4239 7169
9882 2 2 5 1 3330 3331 3948
9883 2 2 5 1 2118 2117 2119
9884 2 2 5 1 4322 1173 6848
9885 2 2 5 1 2154 1955 2155
9886 2 2 5 1 2515 2521 6803
9887 2 2 5 1 553 548 554
9888 2 2 5 1 547 543 548
9889 2 2 5 1 542 534 543
9890 2 2 5 1 533 522 534
9891 2 2 5 1 4623 3507 6946
9892 2 2 5 1 4113 3465 6838
9893 2 2 5 1 1315 1314 1316
9894 2 2 5 1 826 3235 6897
9895 2 2 5 1 521 514 522
9896 2 2 5 1 1498 1573 6885
9897 2 2 5 1 1306 1096 6859
9898 2 2 5 1 4024 4025 5018
9899 2 2 5 1 1131 1190 6912
9900 2 2 5 1 4181 6803 6804
9901 2 2 5 1 3165 3033 6895
9902 2 2 5 1 669 668 670
9903 2 2 5 1 1773 6774 7032
9904 2 2 5 1 1792 1798 7345
9905 2 2 5 1 1968 1849 6904
9906 2 2 5 1 942 1003 6951
9907 2 2 5 1 968 1029 6882
9908 2 2 5 1 513 507 514
9909 2 2 5 1 1946 1743 6896
9910 2 2 5 1 3093 3860 6867
9911 2 2 5 1 4226 4757 4758
9912 2 2 5 1 1321 1421 1422
9913 2 2 5 1 5084 3752 7007
9914 2 2 5 1 2662 2209 6902
9915 2 2 5 1 4094 4060 4702
9916 2 2 5 1 4082 5833 7928
9917 2 2 5 1 3471 2980 3990
9918 2 2 5 1 2123 4227 6931
9919 2 2 5 1 941 942 6951
9920 2 2 5 1 1190 2070 6912
9921 2 2 5 1 3954 3952 5222
9922 2 2 5 1 6800 6513 7077
9923 2 2 5 1 2263 2264 2885
9924 2 2 5 1 2611 1562 6885
9925 2 2 5 1 2129 2125 6931
9926 2 2 5 1 6009 8107 8110
9927 2 2 5 1 2904 3419 3420
9928 2 2 5 1 1511 1513 6926
9929 2 2 5 1 3132 3831 3832
9930 2 2 5 1 5059 4618 5060
9931 2 2 5 1 2741 2782 6908
9932 2 2 5 1 4140 2484 7160
9933 2 2 5 1 5289 3597 5291
9934 2 2 5 1 4805 4288 7224
9935 2 2 5 1 506 493 507
9936 2 2 5 1 665 664 666
9937 2 2 5 1 3851 5036 6929
9938 2 2 5 1 6828 4184 6991
9939 2 2 5 1 5208 4761 7562
9940 2 2 5 1 1686 1435 1687
9941 2 2 5 1 1858 1687 1859
9942 2 2 5 1 667 666 668
9943 2 2 5 1 2470 2468 7160
9944 2 2 5 1 3087 3619 6943
9945 2 2 5 1 1074 1073 6877
9946 2 2 5 1 3663 4218 6924
9947 2 2 5 1 2549 2564 6933
9948 2 2 5 1 4735 6488 7178
9949 2 2 5 1 528 527 544
9950 2 2 5 1 687 685 6878
9951 2 2 5 1 4216 1074 6877
9952 2 2 5 1 4184 1511 6926
9953 2 2 5 1 6830 4207 7014
9954 2 2 5 1 4569 3620 6943
9955 2 2 5 1 543 2955 6930
9956 2 2 5 1 6866 4828 7288
9957 2 2 5 1 1482 6759 6976
9958 2 2 5 1 918 934 6901
9959 2 2 5 1 2677 3851 6929
9960 2 2 5 1 2896 3482 3909
9961 2 2 5 1 1596 3237 6900
9962 2 2 5 1 2528 3721 4226
9963 2 2 5 1 3517 3988 6942
9964 2 2 5 1 3086 3087 6943
9965 2 2 5 1 1398 4229 6532
9966 2 2 5 1 2944 2942 3452
9967 2 2 5 1 4172 1982 6856
9968 2 2 5 1 4616 5054 5055
9969 2 2 5 1 1776 1843 6927
9970 2 2 5 1 3085 3432 3433
9971 2 2 5 1 2727 2725 6956
9972 2 2 5 1 5727 1666 7321
9973 2 2 5 1 2547 2548 2549
9974 2 2 5 1 4943 4944 4945
9975 2 2 5 1 1653 2612 6968
9976 2 2 5 1 1984 2443 6856
9977 2 2 5 1 2128 2127 6935
9978 2 2 5 1 444 2596 6814
9979 2 2 5 1 2763 2731 2967
9980 2 2 5 1 2116 2115 2117
9981 2 2 5 1 2235 3106 6857
9982 2 2 5 1 5880 4113 6838
9983 2 2 5 1 2301 2300 2302
9984 2 2 5 1 4038 3232 4712
9985 2 2 5 1 3106 2339 6974
9986 2 2 5 1 2793 3544 4292
9987 2 2 5 1 1795 1916 1917
9988 2 2 5 1 1479 1551 1679
9989 2 2 5 1 529 445 6814
9990 2 2 5 1 1422 1421 1423
9991 2 2 5 1 3339 1245 3978
9992 2 2 5 1 4624 3728 7011
9993 2 2 5 1 3108 1857 6857
9994 2 2 5 1 3729 3911 7021
9995 2 2 5 1 545 544 556
9996 2 2 5 1 3156 3157 3879
9997 2 2 5 1 929 4204 6937
9998 2 2 5 1 1641 1643 6936
9999 2 2 5 1 1612 6269 7101
10000 2 2 5 1 664 663 724
10001 2 2 5 1 571 570 663
10002 2 2 5 1 927 926 6937
10003 2 2 5 1 557 556 570
10004 2 2 5 1 1584 1582 2041
10005 2 2 5 1 3033 3983 6895
10006 2 2 5 1 6797 1195 6976
10007 2 2 5 1 553 554 1724
10008 2 2 5 1 5911 5910 5912
10009 2 2 5 1 2154 2155 2263
10010 2 2 5 1 3665 3452 3666
10011 2 2 5 1 111 112 7012
10012 2 2 5 1 4226 3721 4757
10013 2 2 5 1 965 966 1022
10014 2 2 5 1 2290 3088 6935
10015 2 2 5 1 1771 1593 7036
10016 2 2 5 1 1477 1478 1479
10017 2 2 5 1 2367 4690 6974
10018 2 2 5 1 4997 2788 6874
10019 2 2 5 1 2177 2176 2178
10020 2 2 5 1 6874 1777 6927
10021 2 2 5 1 1454 1455 1456
10022 2 2 5 1 4208 6837 7005
10023 2 2 5 1 4137 6093 6907
10024 2 2 5 1 2604 2651 6875
10025 2 2 5 1 2549 2548 2550
10026 2 2 5 1 6808 1487 6900
10027 2 2 5 1 3701 4048 6883
10028 2 2 5 1 2519 2517 6998
10029 2 2 5 1 6780 4192 6994
10030 2 2 5 1 2012 2640 6909
10031 2 2 5 1 2737 3177 7017
10032 2 2 5 1 506 507 513
10033 2 2 5 1 1740 2047 2048
10034 2 2 5 1 830 895 6893
10035 2 2 5 1 1114 2608 6877
10036 2 2 5 1 3250 2086 6647
10037 2 2 5 1 4563 3431 4564
10038 2 2 5 1 558 548 6930
10039 2 2 5 1 1502 1596 6900
10040 2 2 5 1 4001 4003 4932
10041 2 2 5 1 4782 4781 6980
10042 2 2 5 1 2407 3226 7019
10043 2 2 5 1 1238 1236 1239
10044 2 2 5 1 899 2095 7008
10045 2 2 5 1 2938 2314 7006
10046 2 2 5 1 1379 1482 6976
10047 2 2 5 1 4814 4813 5983
10048 2 2 5 1 1276 6827 6932
10049 2 2 5 1 1381 1547 7166
10050 2 2 5 1 6809 900 7008
10051 2 2 5 1 1166 1276 6932
10052 2 2 5 1 2015 2017 7015
10053 2 2 5 1 6837 3845 7005
10054 2 2 5 1 513 514 521
10055 2 2 5 1 547 548 553
10056 2 2 5 1 542 543 547
10057 2 2 5 1 533 534 542
10058 2 2 5 1 521 522 533
10059 2 2 5 1 2594 2025 6914
10060 2 2 5 1 4594 4034 4625
10061 2 2 5 1 3065 3722 6879
10062 2 2 5 1 1957 1956 2165
10063 2 2 5 1 3375 1769 6174
10064 2 2 5 1 1941 2193 7086
10065 2 2 5 1 2191 1939 7087
10066 2 2 5 1 6949 2599 6950
10067 2 2 5 1 2650 2649 2946
10068 2 2 5 1 3211 3209 3212
10069 2 2 5 1 2974 3481 6915
10070 2 2 5 1 2474 6780 6994
10071 2 2 5 1 4176 5271 6888
10072 2 2 5 1 2166 2165 2269
10073 2 2 5 1 1865 1864 1956
10074 2 2 5 1 2086 1920 6647
10075 2 2 5 1 3804 3385 3805
10076 2 2 5 1 4108 2418 6961
10077 2 2 5 1 3572 493 6777
10078 2 2 5 1 685 689 6878
10079 2 2 5 1 3842 4488 6747
10080 2 2 5 1 3781 3854 3855
10081 2 2 5 1 2270 2269 2300
10082 2 2 5 1 3460 3026 6919
10083 2 2 5 1 2154 2602 6979
10084 2 2 5 1 1178 2981 6958
10085 2 2 5 1 6406 6404 6408
10086 2 2 5 1 1046 1339 6511
10087 2 2 5 1 3382 2980 3471
10088 2 2 5 1 2468 1541 7166
10089 2 2 5 1 3292 3294 4784
10090 2 2 5 1 1061 1062 1106
10091 2 2 5 1 6492 6491 7273
10092 2 2 5 1 4042 4930 4931
10093 2 2 5 1 2405 2407 7019
10094 2 2 5 1 4437 3466 6915
10095 2 2 5 1 1451 1196 6898
10096 2 2 5 1 2608 1166 6932
10097 2 2 5 1 4743 4165 6986
10098 2 2 5 1 1141 2624 6898
10099 2 2 5 1 3483 4051 6919
10100 2 2 5 1 1308 817 6928
10101 2 2 5 1 2621 1574 2622
10102 2 2 5 1 2555 2557 2558
10103 2 2 5 1 6859 937 6860
10104 2 2 5 1 3466 2974 6915
10105 2 2 5 1 3596 2929 3597
10106 2 2 5 1 4528 4044 4529
10107 2 2 5 1 4213 1048 6948
10108 2 2 5 1 3026 3483 6919
10109 2 2 5 1 6664 6885 7084
10110 2 2 5 1 3264 3267 7124
10111 2 2 5 1 104 1305 6906
10112 2 2 5 1 3121 2606 6875
10113 2 2 5 1 7008 3743 7095
10114 2 2 5 1 2140 2138 2141
10115 2 2 5 1 1116 1076 7039
10116 2 2 5 1 4376 2677 6929
10117 2 2 5 1 7368 4928 7797
10118 2 2 5 1 3169 2315 3749
10119 2 2 5 1 2226 2926 6957
10120 2 2 5 1 3292 3293 3294
10121 2 2 5 1 5901 598 7610
10122 2 2 5 1 2264 2921 6924
10123 2 2 5 1 1547 6564 7670
10124 2 2 5 1 4281 3471 4891
10125 2 2 5 1 3226 4060 4094
10126 2 2 5 1 6167 6165 6206
10127 2 2 5 1 6887 1763 7035
10128 2 2 5 1 689 3242 6878
10129 2 2 5 1 95 461 6786
10130 2 2 5 1 1065 1066 1173
10131 2 2 5 1 1531 1568 6826
10132 2 2 5 1 2125 2123 6931
10133 2 2 5 1 707 656 6916
10134 2 2 5 1 3007 3009 6944
10135 2 2 5 1 3320 3319 6171
10136 2 2 5 1 1863 1861 1864
10137 2 2 5 1 984 982 6542
10138 2 2 5 1 3785 5005 5739
10139 2 2 5 1 1643 2623 6936
10140 2 2 5 1 2036 1971 2259
10141 2 2 5 1 2050 2051 2052
10142 2 2 5 1 3886 3888 4485
10143 2 2 5 1 746 772 6923
10144 2 2 5 1 2880 2172 2882
10145 2 2 5 1 2547 2549 6933
10146 2 2 5 1 850 847 7060
10147 2 2 5 1 1954 1810 1955
10148 2 2 5 1 2017 2021 7015
10149 2 2 5 1 1849 2959 6904
10150 2 2 5 1 1121 1119 6958
10151 2 2 5 1 1084 1121 6948
10152 2 2 5 1 2558 2559 2560
10153 2 2 5 1 2979 2260 2980
10154 2 2 5 1 4040 3165 6895
10155 2 2 5 1 3730 802 6955
10156 2 2 5 1 5437 4672 7164
10157 2 2 5 1 3481 4296 6915
10158 2 2 5 1 3055 3638 7041
10159 2 2 5 1 3396 3472 4260
10160 2 2 5 1 4454 3460 6919
10161 2 2 5 1 2210 1968 6904
10162 2 2 5 1 6868 1131 6912
10163 2 2 5 1 4233 6244 7038
10164 2 2 5 1 2209 2210 6902
10165 2 2 5 1 4033 4032 4034
10166 2 2 5 1 4084 3729 7021
10167 2 2 5 1 2547 2545 2548
10168 2 2 5 1 2127 2290 6935
10169 2 2 5 1 926 929 6937
10170 2 2 5 1 748 746 6923
10171 2 2 5 1 3032 2662 6902
10172 2 2 5 1 821 923 6955
10173 2 2 5 1 3699 6883 6884
10174 2 2 5 1 2171 3092 6940
10175 2 2 5 1 2857 1769 3375
10176 2 2 5 1 1682 1641 6936
10177 2 2 5 1 4207 4511 7014
10178 2 2 5 1 3911 4237 7021
10179 2 2 5 1 3620 3086 6943
10180 2 2 5 1 3448 4406 4407
10181 2 2 5 1 3675 1373 3676
10182 2 2 5 1 4958 4208 7005
10183 2 2 5 1 4407 4830 5548
10184 2 2 5 1 1513 1529 6926
10185 2 2 5 1 714 729 7024
10186 2 2 5 1 1423 1437 1453
10187 2 2 5 1 803 782 6959
10188 2 2 5 1 6131 986 7002
10189 2 2 5 1 5201 4112 5985
10190 2 2 5 1 2170 2171 6940
10191 2 2 5 1 2704 2170 6940
10192 2 2 5 1 6914 927 6937
10193 2 2 5 1 5209 4734 6003
10194 2 2 5 1 2095 3743 7008
10195 2 2 5 1 775 3730 6965
10196 2 2 5 1 1679 1551 1680
10197 2 2 5 1 2529 2528 7001
10198 2 2 5 1 2603 941 6951
10199 2 2 5 1 1048 1084 6948
10200 2 2 5 1 6439 6653 7025
10201 2 2 5 1 4230 3676 4231
10202 2 2 5 1 3153 3152 4043
10203 2 2 5 1 5680 1128 7355
10204 2 2 5 1 1928 2027 2028
10205 2 2 5 1 1119 1178 6958
10206 2 2 5 1 1475 1476 1477
10207 2 2 5 1 1809 1680 1810
10208 2 2 5 1 2144 2143 2176
10209 2 2 5 1 1954 1955 2154
10210 2 2 5 1 2544 2626 3292
10211 2 2 5 1 561 565 6939
10212 2 2 5 1 2248 2250 2865
10213 2 2 5 1 6739 2242 7013
10214 2 2 5 1 6890 850 7060
10215 2 2 5 1 4340 3674 4341
10216 2 2 5 1 3827 3141 7043
10217 2 2 5 1 3785 5739 7017
10218 2 2 5 1 2525 3070 3071
10219 2 2 5 1 2244 2251 7013
10220 2 2 5 1 3879 3889 4542
10221 2 2 5 1 5097 5096 5098
10222 2 2 5 1 1240 1239 1272
10223 2 2 5 1 2944 3665 5022
10224 2 2 5 1 1818 1971 2036
10225 2 2 5 1 4415 2128 7028
10226 2 2 5 1 3740 2970 6964
10227 2 2 5 1 7699 2839 7737
10228 2 2 5 1 3581 3563 5212
10229 2 2 5 1 2532 2529 7001
10230 2 2 5 1 3405 2881 6899
10231 2 2 5 1 3283 3281 3567
10232 2 2 5 1 6847 2474 6994
10233 2 2 5 1 3084 3514 3515
10234 2 2 5 1 1515 1517 6949
10235 2 2 5 1 4732 3713 6398
10236 2 2 5 1 2023 6271 7530
10237 2 2 5 1 4878 4879 5142
10238 2 2 5 1 3564 3579 5216
10239 2 2 5 1 782 792 6959
10240 2 2 5 1 1772 1773 7032
10241 2 2 5 1 6809 7008 7095
10242 2 2 5 1 1809 1810 1954
10243 2 2 5 1 1945 2094 2146
10244 2 2 5 1 4094 4702 5910
10245 2 2 5 1 2503 6925 7033
10246 2 2 5 1 2620 2226 6957
10247 2 2 5 1 2970 3750 6964
10248 2 2 5 1 1679 1680 1809
10249 2 2 5 1 2526 2519 6998
10250 2 2 5 1 1517 2599 6949
10251 2 2 5 1 4223 748 6923
10252 2 2 5 1 772 2610 6923
10253 2 2 5 1 840 838 6969
10254 2 2 5 1 3561 3007 6944
10255 2 2 5 1 5560 5562 5564
10256 2 2 5 1 1273 1272 1369
10257 2 2 5 1 1458 1459 1460
10258 2 2 5 1 2451 840 6969
10259 2 2 5 1 2954 2532 7001
10260 2 2 5 1 2110 1837 2184
10261 2 2 5 1 77 78 6811
10262 2 2 5 1 548 543 6930
10263 2 2 5 1 1010 3191 7459
10264 2 2 5 1 5957 5959 5960
10265 2 2 5 1 7431 2233 7593
10266 2 2 5 1 98 99 1384
10267 2 2 5 1 3650 4032 4033
10268 2 2 5 1 4718 2877 6214
10269 2 2 5 1 5615 5614 5616
10270 2 2 5 1 4729 3188 7089
10271 2 2 5 1 2765 2764 3152
10272 2 2 5 1 1529 1515 6949
10273 2 2 5 1 2228 2075 2685
10274 2 2 5 1 4816 3740 6964
10275 2 2 5 1 794 764 6978
10276 2 2 5 1 6818 6871 7041
10277 2 2 5 1 4512 3553 4514
10278 2 2 5 1 3242 741 6965
10279 2 2 5 1 4321 4322 4323
10280 2 2 5 1 3245 3243 7200
10281 2 2 5 1 3478 3479 4427
10282 2 2 5 1 2019 2023 7051
10283 2 2 5 1 4763 6512 7113
10284 2 2 5 1 4224 1451 6898
10285 2 2 5 1 3071 3070 3072
10286 2 2 5 1 3756 3593 4817
10287 2 2 5 1 464 84 6810
10288 2 2 5 1 3333 3335 3967
10289 2 2 5 1 802 821 6955
10290 2 2 5 1 2885 2264 6924
10291 2 2 5 1 463 102 6795
10292 2 2 5 1 4785 4786 7294
10293 2 2 5 1 3312 3316 7303
10294 2 2 5 1 597 595 7218
10295 2 2 5 1 3941 3401 7014
10296 2 2 5 1 4046 4853 4854
10297 2 2 5 1 4851 4047 4852
10298 2 2 5 1 2199 1666 2200
10299 2 2 5 1 5861 4108 6961
10300 2 2 5 1 2978 2699 7115
10301 2 2 5 1 6995 2015 7015
10302 2 2 5 1 2128 6935 7028
10303 2 2 5 1 2036 2259 2260
10304 2 2 5 1 1089 1101 1317
10305 2 2 5 1 741 775 6965
10306 2 2 5 1 4690 5546 6974
10307 2 2 5 1 1454 1456 1457
10308 2 2 5 1 6788 6662 7212
10309 2 2 5 1 2141 2138 7125
10310 2 2 5 1 2570 2575 2576
10311 2 2 5 1 2052 2053 2054
10312 2 2 5 1 3009 3560 6944
10313 2 2 5 1 7497 1455 7573
10314 2 2 5 1 2622 1574 3752
10315 2 2 5 1 1533 1661 6966
10316 2 2 5 1 3340 4206 4813
10317 2 2 5 1 838 6897 6969
10318 2 2 5 1 900 899 7008
10319 2 2 5 1 4693 3766 4695
10320 2 2 5 1 2163 3024 6967
10321 2 2 5 1 3750 2505 7033
10322 2 2 5 1 3590 3577 4491
10323 2 2 5 1 764 750 6978
10324 2 2 5 1 2242 2244 7013
10325 2 2 5 1 3020 3390 3391
10326 2 2 5 1 81 82 2593
10327 2 2 5 1 6728 7206 7220
10328 2 2 5 1 2926 3655 6957
10329 2 2 5 1 2217 2851 2852
10330 2 2 5 1 1187 1314 1315
10331 2 2 5 1 2921 3663 6924
10332 2 2 5 1 4048 3703 7061
10333 2 2 5 1 4983 3657 4984
10334 2 2 5 1 1103 1055 1342
10335 2 2 5 1 4323 4324 5472
10336 2 2 5 1 3482 3991 6985
10337 2 2 5 1 3515 4588 4590
10338 2 2 5 1 3586 3529 4006
10339 2 2 5 1 3573 3375 3576
10340 2 2 5 1 4807 4061 4808
10341 2 2 5 1 2761 2896 7000
10342 2 2 5 1 2420 4243 7024
10343 2 2 5 1 6928 803 6959
10344 2 2 5 1 2428 2430 2971
10345 2 2 5 1 1076 4216 7039
10346 2 2 5 1 1173 1066 6848
10347 2 2 5 1 4770 6890 7060
10348 2 2 5 1 6286 7103 7425
10349 2 2 5 1 3322 3323 3330
10350 2 2 5 1 7018 4234 7098
10351 2 2 5 1 7257 3520 7293
10352 2 2 5 1 3706 4673 7061
10353 2 2 5 1 3528 3582 4004
10354 2 2 5 1 2950 3298 7049
10355 2 2 5 1 80 81 6989
10356 2 2 5 1 554 559 6973
10357 2 2 5 1 4101 4100 4351
10358 2 2 5 1 2878 4716 5925
10359 2 2 5 1 1779 1869 2211
10360 2 2 5 1 2887 2200 2888
10361 2 2 5 1 4033 4034 4594
10362 2 2 5 1 5082 3752 5083
10363 2 2 5 1 83 464 6990
10364 2 2 5 1 3403 3402 3404
10365 2 2 5 1 750 4223 6978
10366 2 2 5 1 3655 4228 6957
10367 2 2 5 1 1917 1918 1919
10368 2 2 5 1 2971 3744 3762
10369 2 2 5 1 6871 2680 7041
10370 2 2 5 1 1778 1651 6981
10371 2 2 5 1 1549 4224 6981
10372 2 2 5 1 5033 4117 5171
10373 2 2 5 1 1651 1549 6981
10374 2 2 5 1 3123 2379 7074
10375 2 2 5 1 2142 2141 2143
10376 2 2 5 1 4785 7294 7326
10377 2 2 5 1 5506 5076 5946
10378 2 2 5 1 2147 2149 2150
10379 2 2 5 1 2971 2430 2972
10380 2 2 5 1 3946 3606 4282
10381 2 2 5 1 762 959 6863
10382 2 2 5 1 3340 1660 4206
10383 2 2 5 1 2505 2503 7033
10384 2 2 5 1 4617 4351 4618
10385 2 2 5 1 1033 1061 7295
10386 2 2 5 1 4103 4104 4352
10387 2 2 5 1 5099 4040 6895
10388 2 2 5 1 4276 3538 6400
10389 2 2 5 1 2747 3145 3885
10390 2 2 5 1 2622 3752 5082
10391 2 2 5 1 4643 3032 6902
10392 2 2 5 1 6541 4227 7150
10393 2 2 5 1 1396 1417 1418
10394 2 2 5 1 3041 3898 3900
10395 2 2 5 1 4204 6882 7137
10396 2 2 5 1 1371 3338 7029
10397 2 2 5 1 2729 2727 2927
10398 2 2 5 1 2279 2132 2280
10399 2 2 5 1 1527 1528 1660
10400 2 2 5 1 2678 4416 7206
10401 2 2 5 1 4762 7200 7292
10402 2 2 5 1 1468 1665 1733
10403 2 2 5 1 6509 6891 7020
10404 2 2 5 1 2852 3517 7042
10405 2 2 5 1 2251 2246 7027
10406 2 2 5 1 3432 2854 7042
10407 2 2 5 1 3075 3074 3076
10408 2 2 5 1 2420 2426 4243
10409 2 2 5 1 4352 4615 4616
10410 2 2 5 1 5267 4272 5269
10411 2 2 5 1 4328 3400 4329
10412 2 2 5 1 3703 3706 7061
10413 2 2 5 1 1862 1860 3357
10414 2 2 5 1 8248 4959 8258
10415 2 2 5 1 2254 2942 2944
10416 2 2 5 1 3970 3139 5998
10417 2 2 5 1 1065 1173 4242
10418 2 2 5 1 1474 2621 7009
10419 2 2 5 1 2119 2117 2973
10420 2 2 5 1 4551 4232 7144
10421 2 2 5 1 2364 2366 3183
10422 2 2 5 1 4258 1008 7463
10423 2 2 5 1 1394 3249 6863
10424 2 2 5 1 559 6939 6973
10425 2 2 5 1 2944 3452 3665
10426 2 2 5 1 2594 5999 7409
10427 2 2 5 1 3226 4094 7019
10428 2 2 5 1 3249 1533 6966
10429 2 2 5 1 2188 1962 2189
10430 2 2 5 1 3771 3400 4328
10431 2 2 5 1 2021 2020 7092
10432 2 2 5 1 6721 3229 7063
10433 2 2 5 1 1206 1204 4368
10434 2 2 5 1 3924 4308 5067
10435 2 2 5 1 4739 3951 4740
10436 2 2 5 1 2153 2183 2778
10437 2 2 5 1 4971 8580 8595
10438 2 2 5 1 4125 4696 5710
10439 2 2 5 1 1453 1437 1454
10440 2 2 5 1 6925 4769 7033
10441 2 2 5 1 5142 4879 5297
10442 2 2 5 1 1158 1082 5980
10443 2 2 5 1 1724 554 6973
10444 2 2 5 1 2680 3055 7041
10445 2 2 5 1 2695 2712 6731
10446 2 2 5 1 1701 1818 7018
10447 2 2 5 1 1474 1418 1475
10448 2 2 5 1 112 494 7012
10449 2 2 5 1 5192 3548 5193
10450 2 2 5 1 6795 103 6906
10451 2 2 5 1 2557 2556 2565
10452 2 2 5 1 2549 2551 2564
10453 2 2 5 1 4878 4513 4879
10454 2 2 5 1 3271 3273 3282
10455 2 2 5 1 3225 2403 7147
10456 2 2 5 1 6762 2638 6933
10457 2 2 5 1 4323 5472 5619
10458 2 2 5 1 1919 1920 2086
10459 2 2 5 1 2179 2216 2217
10460 2 2 5 1 1395 1372 1396
10461 2 2 5 1 5049 3970 6133
10462 2 2 5 1 1041 1040 1071
10463 2 2 5 1 4014 3666 4015
10464 2 2 5 1 1038 1039 1069
10465 2 2 5 1 799 824 7077
10466 2 2 5 1 1396 1418 1474
10467 2 2 5 1 2044 2620 7092
10468 2 2 5 1 1858 1859 6988
10469 2 2 5 1 1474 1475 1574
10470 2 2 5 1 1690 1689 6552
10471 2 2 5 1 4428 4430 4998
10472 2 2 5 1 3487 3488 3924
10473 2 2 5 1 2648 2580 2649
10474 2 2 5 1 3892 4631 4632
10475 2 2 5 1 2994 2395 7091
10476 2 2 5 1 110 111 2762
10477 2 2 5 1 1047 5858 8169
10478 2 2 5 1 2815 7702 7738
10479 2 2 5 1 4606 1724 6973
10480 2 2 5 1 1387 2411 6997
10481 2 2 5 1 6388 6389 7364
10482 2 2 5 1 1661 1774 6966
10483 2 2 5 1 1461 1462 1655
10484 2 2 5 1 824 6800 7077
10485 2 2 5 1 3554 4512 4513
10486 2 2 5 1 3355 3359 3360
10487 2 2 5 1 2048 2049 2050
10488 2 2 5 1 4277 4276 5178
10489 2 2 5 1 847 846 7060
10490 2 2 5 1 6891 4188 7020
10491 2 2 5 1 7070 1023 7295
10492 2 2 5 1 573 574 575
10493 2 2 5 1 614 613 615
10494 2 2 5 1 4722 4142 6696
10495 2 2 5 1 4033 4595 7078
10496 2 2 5 1 3072 3074 3075
10497 2 2 5 1 1685 977 7050
10498 2 2 5 1 4188 6039 7020
10499 2 2 5 1 3051 3103 3104
10500 2 2 5 1 5003 4921 5194
10501 2 2 5 1 1219 1217 1312
10502 2 2 5 1 3721 2526 6998
10503 2 2 5 1 3319 3321 3322
10504 2 2 5 1 1733 1734 2078
10505 2 2 5 1 3608 4280 7285
10506 2 2 5 1 4344 4751 7427
10507 2 2 5 1 5198 4984 5887
10508 2 2 5 1 2115 2113 3731
10509 2 2 5 1 2303 3250 3487
10510 2 2 5 1 5436 5761 7069
10511 2 2 5 1 3673 3922 4646
10512 2 2 5 1 805 776 2370
10513 2 2 5 1 3106 6974 7107
10514 2 2 5 1 2528 4226 7001
10515 2 2 5 1 2710 3043 3044
10516 2 2 5 1 3991 5324 6985
10517 2 2 5 1 4130 3496 7096
10518 2 2 5 1 1202 1208 3156
10519 2 2 5 1 959 1394 6863
10520 2 2 5 1 1458 1460 1461
10521 2 2 5 1 1273 1370 1371
10522 2 2 5 1 2215 3651 3774
10523 2 2 5 1 2708 3155 3478
10524 2 2 5 1 3523 3628 3629
10525 2 2 5 1 3774 4559 4560
10526 2 2 5 1 4094 5911 7019
10527 2 2 5 1 4275 3538 4276
10528 2 2 5 1 3045 3047 3048
10529 2 2 5 1 7014 4511 7082
10530 2 2 5 1 2268 1944 7089
10531 2 2 5 1 3533 3531 7085
10532 2 2 5 1 4547 7199 7440
10533 2 2 5 1 3024 4178 6967
10534 2 2 5 1 3645 3647 3648
10535 2 2 5 1 4250 1221 4251
10536 2 2 5 1 1713 1567 7173
10537 2 2 5 1 2246 2248 7027
10538 2 2 5 1 7381 4790 7414
10539 2 2 5 1 4091 3943 4721
10540 2 2 5 1 2305 2306 2307
10541 2 2 5 1 1436 6805 6806
10542 2 2 5 1 1568 1928 6826
10543 2 2 5 1 4179 4763 7113
10544 2 2 5 1 2307 2341 2342
10545 2 2 5 1 5690 5689 5691
10546 2 2 5 1 3264 3263 3265
10547 2 2 5 1 1395 1396 7009
10548 2 2 5 1 1238 1239 1240
10549 2 2 5 1 2540 2537 7110
10550 2 2 5 1 3266 3265 3278
10551 2 2 5 1 3168 3624 3780
10552 2 2 5 1 5293 4551 7188
10553 2 2 5 1 6323 2460 7149
10554 2 2 5 1 4588 3514 4589
10555 2 2 5 1 2139 2185 2642
10556 2 2 5 1 1059 1105 1326
10557 2 2 5 1 5792 500 5793
10558 2 2 5 1 4240 6227 7103
10559 2 2 5 1 3149 2860 3529
10560 2 2 5 1 1278 1231 7047
10561 2 2 5 1 6772 2540 7110
10562 2 2 5 1 3909 3482 6985
10563 2 2 5 1 4242 1173 4321
10564 2 2 5 1 1573 1496 7133
10565 2 2 5 1 1654 1688 1779
10566 2 2 5 1 4817 3593 7168
10567 2 2 5 1 5997 2318 7504
10568 2 2 5 1 2362 3013 7099
10569 2 2 5 1 1494 3251 7133
10570 2 2 5 1 1273 1369 1370
10571 2 2 5 1 3420 3881 3958
10572 2 2 5 1 4043 3152 5634
10573 2 2 5 1 2859 3146 3528
10574 2 2 5 1 7288 4828 7340
10575 2 2 5 1 5019 4529 5020
10576 2 2 5 1 1240 1272 1273
10577 2 2 5 1 3941 7014 7082
10578 2 2 5 1 3327 3326 7075
10579 2 2 5 1 4736 4735 7178
10580 2 2 5 1 2134 2133 2135
10581 2 2 5 1 1371 1372 1395
10582 2 2 5 1 2136 2135 2137
10583 2 2 5 1 1357 1447 7311
10584 2 2 5 1 3276 3274 3281
10585 2 2 5 1 6894 862 7102
10586 2 2 5 1 3592 3593 3594
10587 2 2 5 1 2941 2394 3672
10588 2 2 5 1 1316 1332 7010
10589 2 2 5 1 4044 4043 7057
10590 2 2 5 1 6240 4737 7360
10591 2 2 5 1 3517 6942 7042
10592 2 2 5 1 4087 5669 7119
10593 2 2 5 1 4043 5634 5635
10594 2 2 5 1 5020 4529 5762
10595 2 2 5 1 1027 1046 6511
10596 2 2 5 1 6908 4976 7090
10597 2 2 5 1 3097 1022 3098
10598 2 2 5 1 2020 2044 7092
10599 2 2 5 1 2150 2151 2785
10600 2 2 5 1 3665 3666 4014
10601 2 2 5 1 3075 3076 3400
10602 2 2 5 1 1527 1660 3340
10603 2 2 5 1 3262 3261 3263
10604 2 2 5 1 2781 2957 2958
10605 2 2 5 1 1457 1456 1458
10606 2 2 5 1 4299 4298 4300
10607 2 2 5 1 2927 2727 6956
10608 2 2 5 1 1649 7224 7289
10609 2 2 5 1 7196 4757 7231
10610 2 2 5 1 3084 2854 3085
10611 2 2 5 1 2896 3909 7000
10612 2 2 5 1 4751 5909 7088
10613 2 2 5 1 1371 1370 1372
10614 2 2 5 1 2039 2038 2133
10615 2 2 5 1 78 497 6811
10616 2 2 5 1 4475 3948 5207
10617 2 2 5 1 2177 2178 2179
10618 2 2 5 1 4328 4329 4791
10619 2 2 5 1 6627 6625 7195
10620 2 2 5 1 3821 4042 7023
10621 2 2 5 1 1782 1780 7222
10622 2 2 5 1 954 956 958
10623 2 2 5 1 6504 6664 7084
10624 2 2 5 1 2036 2979 7018
10625 2 2 5 1 3209 3206 6762
10626 2 2 5 1 4529 4044 7057
10627 2 2 5 1 2356 2353 7209
10628 2 2 5 1 2883 2884 3147
10629 2 2 5 1 3235 6855 7128
10630 2 2 5 1 1853 1713 7067
10631 2 2 5 1 1902 1904 2886
10632 2 2 5 1 4768 6599 7083
10633 2 2 5 1 2881 3554 6899
10634 2 2 5 1 2545 2544 7034
10635 2 2 5 1 2610 799 7077
10636 2 2 5 1 1475 1477 7007
10637 2 2 5 1 3075 3771 7048
10638 2 2 5 1 66 67 7126
10639 2 2 5 1 124 125 6815
10640 2 2 5 1 1056 5796 7050
10641 2 2 5 1 6248 4215 7231
10642 2 2 5 1 4015 4921 5003
10643 2 2 5 1 2712 2714 3857
10644 2 2 5 1 2732 2763 2764
10645 2 2 5 1 2733 6844 7679
10646 2 2 5 1 6974 5546 7107
10647 2 2 5 1 2755 3158 7119
10648 2 2 5 1 6880 6854 7063
10649 2 2 5 1 2426 2428 7037
10650 2 2 5 1 1835 1732 4310
10651 2 2 5 1 115 116 2844
10652 2 2 5 1 3515 3514 4588
10653 2 2 5 1 2573 2580 2648
10654 2 2 5 1 2730 2731 2732
10655 2 2 5 1 4791 4329 5848
10656 2 2 5 1 3500 3188 4729
10657 2 2 5 1 2881 3553 3554
10658 2 2 5 1 3355 1775 3359
10659 2 2 5 1 3780 3624 3781
10660 2 2 5 1 1555 1701 7098
10661 2 2 5 1 2028 2029 2030
10662 2 2 5 1 4808 4061 5670
10663 2 2 5 1 2952 5505 7252
10664 2 2 5 1 3413 3395 4838
10665 2 2 5 1 41 2672 7139
10666 2 2 5 1 3696 4293 7143
10667 2 2 5 1 1705 7861 7868
10668 2 2 5 1 2733 2747 6844
10669 2 2 5 1 3908 1655 4777
10670 2 2 5 1 473 42 7139
10671 2 2 5 1 2555 2554 2556
10672 2 2 5 1 4512 4514 5138
10673 2 2 5 1 3113 3932 3933
10674 2 2 5 1 3097 3766 4285
10675 2 2 5 1 2058 2059 2746
10676 2 2 5 1 2853 2852 2854
10677 2 2 5 1 3978 4259 4957
10678 2 2 5 1 2728 2729 2730
10679 2 2 5 1 6854 4219 7063
10680 2 2 5 1 4329 3400 7064
10681 2 2 5 1 3592 3212 3593
10682 2 2 5 1 2853 6692 7153
10683 2 2 5 1 4285 4693 4694
10684 2 2 5 1 1366 1432 1433
10685 2 2 5 1 4596 4592 4995
10686 2 2 5 1 4588 4589 4989
10687 2 2 5 1 1936 7271 7429
10688 2 2 5 1 75 76 2845
10689 2 2 5 1 42 41 7139
10690 2 2 5 1 2288 3040 3041
10691 2 2 5 1 4793 3755 7230
10692 2 2 5 1 4808 5670 5671
10693 2 2 5 1 2958 3397 3411
10694 2 2 5 1 5892 3181 7871
10695 2 2 5 1 3496 6354 7096
10696 2 2 5 1 3859 3635 4202
10697 2 2 5 1 4977 3941 7082
10698 2 2 5 1 2548 2545 7034
10699 2 2 5 1 3675 3676 4230
10700 2 2 5 1 6027 6858 7213
10701 2 2 5 1 1859 1860 1861
10702 2 2 5 1 1303 93 7154
10703 2 2 5 1 3048 3049 3431
10704 2 2 5 1 4801 7010 7105
10705 2 2 5 1 2764 2763 3031
10706 2 2 5 1 1913 7032 7083
10707 2 2 5 1 4057 5528 5529
10708 2 2 5 1 2642 3066 3067
10709 2 2 5 1 706 714 7024
10710 2 2 5 1 3571 1858 6988
10711 2 2 5 1 2248 2865 7027
10712 2 2 5 1 2217 2852 2853
10713 2 2 5 1 2056 2057 2058
10714 2 2 5 1 2054 2055 2056
10715 2 2 5 1 2732 2731 2763
10716 2 2 5 1 3270 3268 3280
10717 2 2 5 1 622 621 623
10718 2 2 5 1 581 582 583
10719 2 2 5 1 624 623 625
10720 2 2 5 1 583 584 585
10721 2 2 5 1 2745 2726 6903
10722 2 2 5 1 1461 1460 1462
10723 2 2 5 1 4563 4564 5014
10724 2 2 5 1 7041 3638 7144
10725 2 2 5 1 6950 6141 7616
10726 2 2 5 1 2730 2729 2731
10727 2 2 5 1 1315 1316 1373
10728 2 2 5 1 7215 6763 7280
10729 2 2 5 1 3229 6880 7063
10730 2 2 5 1 4230 4231 5234
10731 2 2 5 1 661 706 7045
10732 2 2 5 1 4178 3821 7023
10733 2 2 5 1 2144 2176 2177
10734 2 2 5 1 616 615 617
10735 2 2 5 1 575 576 577
10736 2 2 5 1 3801 4530 4531
10737 2 2 5 1 1399 1265 6353
10738 2 2 5 1 3421 1368 3784
10739 2 2 5 1 3900 3898 6225
10740 2 2 5 1 3071 3072 7048
10741 2 2 5 1 3084 3085 3514
10742 2 2 5 1 6764 6969 7128
10743 2 2 5 1 6843 4238 7155
10744 2 2 5 1 7555 1841 7578
10745 2 2 5 1 2385 2388 7211
10746 2 2 5 1 2881 2880 3553
10747 2 2 5 1 4297 3585 4298
10748 2 2 5 1 620 619 621
10749 2 2 5 1 579 580 581
10750 2 2 5 1 986 988 7002
10751 2 2 5 1 4297 4299 7138
10752 2 2 5 1 1552 1769 2857
10753 2 2 5 1 6647 1922 7044
10754 2 2 5 1 2405 7019 7147
10755 2 2 5 1 4574 4573 4575
10756 2 2 5 1 618 617 619
10757 2 2 5 1 577 578 579
10758 2 2 5 1 3762 3744 5037
10759 2 2 5 1 3039 6908 7090
10760 2 2 5 1 3929 3533 4387
10761 2 2 5 1 2945 1002 7016
10762 2 2 5 1 988 2945 7002
10763 2 2 5 1 1663 1467 1664
10764 2 2 5 1 3629 3630 4026
10765 2 2 5 1 1574 1475 7007
10766 2 2 5 1 3744 2972 4024
10767 2 2 5 1 2728 2727 2729
10768 2 2 5 1 1002 1037 7016
10769 2 2 5 1 3340 4814 7122
10770 2 2 5 1 2648 2650 3767
10771 2 2 5 1 1037 1065 7016
10772 2 2 5 1 1818 2036 7018
10773 2 2 5 1 4822 4236 7271
10774 2 2 5 1 7634 4345 7651
10775 2 2 5 1 1859 1687 1860
10776 2 2 5 1 3397 2957 3398
10777 2 2 5 1 2173 2880 2881
10778 2 2 5 1 3912 2908 6970
10779 2 2 5 1 1396 1474 7009
10780 2 2 5 1 3978 1245 4259
10781 2 2 5 1 6848 1068 7052
10782 2 2 5 1 2537 2536 7110
10783 2 2 5 1 1507 984 6542
10784 2 2 5 1 2726 2727 2728
10785 2 2 5 1 2317 1879 7823
10786 2 2 5 1 6725 3722 7221
10787 2 2 5 1 3228 6847 7106
10788 2 2 5 1 4984 7036 7228
10789 2 2 5 1 1748 1664 1749
10790 2 2 5 1 5169 3672 5475
10791 2 2 5 1 4042 4931 7023
10792 2 2 5 1 7209 4225 7323
10793 2 2 5 1 3326 3320 6171
10794 2 2 5 1 7206 4241 7220
10795 2 2 5 1 3756 4818 5438
10796 2 2 5 1 4066 3688 7177
10797 2 2 5 1 3358 3675 4061
10798 2 2 5 1 4713 4685 5532
10799 2 2 5 1 6105 4119 6186
10800 2 2 5 1 862 6934 7102
10801 2 2 5 1 1792 1790 1797
10802 2 2 5 1 2971 2972 3744
10803 2 2 5 1 3085 3433 7030
10804 2 2 5 1 2853 2854 3084
10805 2 2 5 1 2224 2902 2904
10806 2 2 5 1 1237 1238 1245
10807 2 2 5 1 6275 7221 7325
10808 2 2 5 1 93 94 7154
10809 2 2 5 1 4580 4582 4583
10810 2 2 5 1 939 1012 6646
10811 2 2 5 1 3554 3553 4512
10812 2 2 5 1 4684 4078 5596
10813 2 2 5 1 3773 3357 3779
10814 2 2 5 1 3756 4817 4818
10815 2 2 5 1 3928 4395 5136
10816 2 2 5 1 4770 7060 7155
10817 2 2 5 1 4252 4251 4253
10818 2 2 5 1 1862 3773 3928
10819 2 2 5 1 1169 2346 6798
10820 2 2 5 1 3360 3361 3362
10821 2 2 5 1 6573 6894 7102
10822 2 2 5 1 6063 4179 7113
10823 2 2 5 1 1367 3309 3310
10824 2 2 5 1 5100 2978 7115
10825 2 2 5 1 2165 1956 2289
10826 2 2 5 1 2300 2269 3017
10827 2 2 5 1 1234 1236 1237
10828 2 2 5 1 2544 3292 7034
10829 2 2 5 1 1315 1373 3358
10830 2 2 5 1 2781 2342 2957
10831 2 2 5 1 4824 3390 7142
10832 2 2 5 1 4409 5605 7821
10833 2 2 5 1 1900 1902 6984
10834 2 2 5 1 3844 4477 4478
10835 2 2 5 1 948 950 2232
10836 2 2 5 1 6120 6823 7186
10837 2 2 5 1 4273 5267 5268
10838 2 2 5 1 4483 3848 4484
10839 2 2 5 1 1237 1236 1238
10840 2 2 5 1 4221 6809 7095
10841 2 2 5 1 3358 4807 7053
10842 2 2 5 1 7032 4768 7083
10843 2 2 5 1 2305 1938 2306
10844 2 2 5 1 4087 4961 5669
10845 2 2 5 1 1521 1523 7122
10846 2 2 5 1 4077 4522 5589
10847 2 2 5 1 7621 4386 7712
10848 2 2 5 1 3258 2376 3259
10849 2 2 5 1 3974 3973 3975
10850 2 2 5 1 3076 3168 7064
10851 2 2 5 1 6759 4780 7162
10852 2 2 5 1 2971 3762 7037
10853 2 2 5 1 5080 5248 5486
10854 2 2 5 1 3722 3723 7221
10855 2 2 5 1 7155 4238 7230
10856 2 2 5 1 3097 3098 3766
10857 2 2 5 1 3930 5095 5096
10858 2 2 5 1 6818 7041 7144
10859 2 2 5 1 1488 7273 7400
10860 2 2 5 1 6134 4123 7192
10861 2 2 5 1 94 6786 7154
10862 2 2 5 1 4271 4272 4273
10863 2 2 5 1 549 539 550
10864 2 2 5 1 541 551 552
10865 2 2 5 1 2857 3375 3573
10866 2 2 5 1 2351 4225 7209
10867 2 2 5 1 1680 1551 7146
10868 2 2 5 1 3974 4835 4875
10869 2 2 5 1 5101 3919 5103
10870 2 2 5 1 6858 4211 7213
10871 2 2 5 1 1861 1860 1862
10872 2 2 5 1 2593 82 6990
10873 2 2 5 1 2629 1226 7121
10874 2 2 5 1 2142 2143 2144
10875 2 2 5 1 1908 2132 2279
10876 2 2 5 1 3292 4784 7034
10877 2 2 5 1 2565 2573 7054
10878 2 2 5 1 2381 1027 6511
10879 2 2 5 1 3752 1574 7007
10880 2 2 5 1 2648 2649 2650
10881 2 2 5 1 1068 1089 7052
10882 2 2 5 1 2854 2852 7042
10883 2 2 5 1 3048 3431 4562
10884 2 2 5 1 4743 6534 7197
10885 2 2 5 1 2341 2306 4289
10886 2 2 5 1 2883 2582 2884
10887 2 2 5 1 3267 4858 7124
10888 2 2 5 1 4285 3766 4693
10889 2 2 5 1 4694 4693 5376
10890 2 2 5 1 4559 3651 5121
10891 2 2 5 1 2286 3577 3590
10892 2 2 5 1 3852 4373 4471
10893 2 2 5 1 4551 7144 7188
10894 2 2 5 1 1496 1494 7133
10895 2 2 5 1 3203 3951 4739
10896 2 2 5 1 1012 2381 6646
10897 2 2 5 1 2150 2785 2793
10898 2 2 5 1 1149 1270 7457
10899 2 2 5 1 3260 3259 3261
10900 2 2 5 1 7063 4219 7201
10901 2 2 5 1 2113 1853 7067
10902 2 2 5 1 2146 2147 7108
10903 2 2 5 1 4290 4289 4333
10904 2 2 5 1 7471 6742 7510
10905 2 2 5 1 5089 4130 7096
10906 2 2 5 1 2857 3573 4271
10907 2 2 5 1 4769 6893 7202
10908 2 2 5 1 6969 6897 7128
10909 2 2 5 1 2428 2971 7037
10910 2 2 5 1 120 121 1328
10911 2 2 5 1 3673 3365 3922
10912 2 2 5 1 2650 2946 2947
10913 2 2 5 1 5546 6121 7107
10914 2 2 5 1 3130 4297 7316
10915 2 2 5 1 6803 2521 7068
10916 2 2 5 1 7025 3228 7106
10917 2 2 5 1 5952 7151 7152
10918 2 2 5 1 6988 1863 7167
10919 2 2 5 1 3098 1022 7070
10920 2 2 5 1 1462 1470 1471
10921 2 2 5 1 1691 1692 1775
10922 2 2 5 1 3676 1373 7010
10923 2 2 5 1 1324 1380 7212
10924 2 2 5 1 6643 7022 7264
10925 2 2 5 1 70 71 1329
10926 2 2 5 1 2578 2550 7191
10927 2 2 5 1 4758 4757 7240
10928 2 2 5 1 2282 2284 3562
10929 2 2 5 1 67 459 7126
10930 2 2 5 1 460 124 6815
10931 2 2 5 1 7200 4762 7229
10932 2 2 5 1 2521 2525 7068
10933 2 2 5 1 5762 4529 7057
10934 2 2 5 1 1380 6788 7212
10935 2 2 5 1 4734 3571 6988
10936 2 2 5 1 975 973 1684
10937 2 2 5 1 4953 3812 5085
10938 2 2 5 1 1919 2086 2215
10939 2 2 5 1 1898 1897 2038
10940 2 2 5 1 3647 3650 7078
10941 2 2 5 1 6797 6976 7162
10942 2 2 5 1 4387 3533 7085
10943 2 2 5 1 2403 2405 7147
10944 2 2 5 1 1701 7018 7098
10945 2 2 5 1 3594 3593 3756
10946 2 2 5 1 3487 3924 4480
10947 2 2 5 1 3969 3680 4905
10948 2 2 5 1 1836 1749 1837
10949 2 2 5 1 6566 1715 7250
10950 2 2 5 1 2215 2086 2303
10951 2 2 5 1 4215 6185 7196
10952 2 2 5 1 3385 2078 3770
10953 2 2 5 1 5887 4984 7228
10954 2 2 5 1 3278 3538 4275
10955 2 2 5 1 2793 2785 3480
10956 2 2 5 1 1225 1223 1226
10957 2 2 5 1 4706 3824 6975
10958 2 2 5 1 6847 6994 7106
10959 2 2 5 1 2147 2150 7108
10960 2 2 5 1 7128 6855 7227
10961 2 2 5 1 3230 2709 7158
10962 2 2 5 1 5817 5816 5818
10963 2 2 5 1 2549 2550 2551
10964 2 2 5 1 1922 1945 7044
10965 2 2 5 1 6721 7063 7201
10966 2 2 5 1 3298 3297 3299
10967 2 2 5 1 3707 6286 7527
10968 2 2 5 1 2250 2254 7080
10969 2 2 5 1 3302 3300 3792
10970 2 2 5 1 6982 4650 7534
10971 2 2 5 1 969 977 1685
10972 2 2 5 1 3489 2261 3491
10973 2 2 5 1 4229 2383 7211
10974 2 2 5 1 3544 4021 4558
10975 2 2 5 1 2553 2552 2554
10976 2 2 5 1 2793 3480 3544
10977 2 2 5 1 3544 3480 4021
10978 2 2 5 1 3358 1373 3675
10979 2 2 5 1 2181 5466 8449
10980 2 2 5 1 4558 4021 5047
10981 2 2 5 1 3271 3282 7140
10982 2 2 5 1 3784 1368 7079
10983 2 2 5 1 3705 3696 7143
10984 2 2 5 1 2824 2823 2825
10985 2 2 5 1 1551 1675 7146
10986 2 2 5 1 7196 1291 7240
10987 2 2 5 1 1234 1235 1236
10988 2 2 5 1 4243 2426 7037
10989 2 2 5 1 2140 2141 2142
10990 2 2 5 1 2958 2957 3397
10991 2 2 5 1 7781 3705 7795
10992 2 2 5 1 4784 3294 7141
10993 2 2 5 1 7019 5911 7147
10994 2 2 5 1 3072 3075 7048
10995 2 2 5 1 4562 3431 4563
10996 2 2 5 1 1234 1233 1235
10997 2 2 5 1 4740 5131 5132
10998 2 2 5 1 3512 3301 3636
10999 2 2 5 1 3294 3293 7208
11000 2 2 5 1 7060 846 7155
11001 2 2 5 1 7180 1679 7272
11002 2 2 5 1 2944 5022 7080
11003 2 2 5 1 2799 2800 2801
11004 2 2 5 1 2484 2470 7160
11005 2 2 5 1 1523 1527 7122
11006 2 2 5 1 1390 2376 3258
11007 2 2 5 1 3793 3792 4410
11008 2 2 5 1 2307 2306 2341
11009 2 2 5 1 2167 1964 2271
11010 2 2 5 1 4560 4559 5093
11011 2 2 5 1 4858 3269 7140
11012 2 2 5 1 2173 2172 2880
11013 2 2 5 1 3599 3547 3935
11014 2 2 5 1 2145 2172 2173
11015 2 2 5 1 4273 4272 5267
11016 2 2 5 1 2726 2728 6903
11017 2 2 5 1 3650 4033 7078
11018 2 2 5 1 2567 2566 2571
11019 2 2 5 1 3433 3645 7073
11020 2 2 5 1 2177 2179 2296
11021 2 2 5 1 3774 3651 4559
11022 2 2 5 1 3747 4372 7208
11023 2 2 5 1 6823 4097 7186
11024 2 2 5 1 5707 5708 7918
11025 2 2 5 1 3100 7209 7323
11026 2 2 5 1 6384 6385 7437
11027 2 2 5 1 1715 1755 7250
11028 2 2 5 1 6849 6763 7215
11029 2 2 5 1 4227 6808 7150
11030 2 2 5 1 2865 2250 7080
11031 2 2 5 1 1280 1360 4336
11032 2 2 5 1 6934 858 7215
11033 2 2 5 1 1692 1711 1747
11034 2 2 5 1 4043 5635 7057
11035 2 2 5 1 1089 1317 7052
11036 2 2 5 1 2762 111 7012
11037 2 2 5 1 2151 2153 7059
11038 2 2 5 1 3400 3076 7064
11039 2 2 5 1 4271 3573 4272
11040 2 2 5 1 4751 7397 7427
11041 2 2 5 1 3262 3263 3264
11042 2 2 5 1 5058 5074 5277
11043 2 2 5 1 2642 2185 3066
11044 2 2 5 1 2726 2725 2727
11045 2 2 5 1 4744 4743 7197
11046 2 2 5 1 1198 1174 2156
11047 2 2 5 1 1373 1316 7010
11048 2 2 5 1 1227 1229 2760
11049 2 2 5 1 2525 3071 7068
11050 2 2 5 1 3315 4839 4841
11051 2 2 5 1 2558 2557 2559
11052 2 2 5 1 2411 3337 3674
11053 2 2 5 1 6804 6803 7068
11054 2 2 5 1 7162 4780 7220
11055 2 2 5 1 3411 3397 3438
11056 2 2 5 1 6897 3235 7128
11057 2 2 5 1 2793 4292 7108
11058 2 2 5 1 3264 3265 3266
11059 2 2 5 1 3049 3051 7062
11060 2 2 5 1 2785 2151 7059
11061 2 2 5 1 1127 1187 7053
11062 2 2 5 1 1649 1503 7263
11063 2 2 5 1 4680 3594 7066
11064 2 2 5 1 4509 6783 7205
11065 2 2 5 1 2145 2030 2172
11066 2 2 5 1 1862 3357 3773
11067 2 2 5 1 2880 2882 7097
11068 2 2 5 1 4576 4575 4581
11069 2 2 5 1 1065 4242 7016
11070 2 2 5 1 6135 2214 7217
11071 2 2 5 1 4239 6503 7169
11072 2 2 5 1 2568 2567 2569
11073 2 2 5 1 3537 3929 3930
11074 2 2 5 1 3514 3085 7030
11075 2 2 5 1 3319 3317 3321
11076 2 2 5 1 2279 2280 2956
11077 2 2 5 1 4514 3553 7097
11078 2 2 5 1 2548 7034 7191
11079 2 2 5 1 2882 2172 7120
11080 2 2 5 1 2562 2561 2563
11081 2 2 5 1 2695 6731 7635
11082 2 2 5 1 2279 2956 4795
11083 2 2 5 1 1468 1733 7100
11084 2 2 5 1 2551 2550 2552
11085 2 2 5 1 4751 7088 7397
11086 2 2 5 1 4780 6728 7220
11087 2 2 5 1 2346 4106 6798
11088 2 2 5 1 3152 2764 7065
11089 2 2 5 1 4115 6173 7237
11090 2 2 5 1 4232 6818 7144
11091 2 2 5 1 2183 2710 7076
11092 2 2 5 1 4589 3514 7030
11093 2 2 5 1 6976 6759 7162
11094 2 2 5 1 1106 1107 1153
11095 2 2 5 1 4290 4333 4705
11096 2 2 5 1 7136 6498 7389
11097 2 2 5 1 81 2593 6989
11098 2 2 5 1 3354 3430 7418
11099 2 2 5 1 2347 597 7218
11100 2 2 5 1 1479 1679 7180
11101 2 2 5 1 4672 3707 7164
11102 2 2 5 1 1238 1240 7148
11103 2 2 5 1 2584 3019 4846
11104 2 2 5 1 2215 2303 3651
11105 2 2 5 1 1426 1351 1666
11106 2 2 5 1 1018 1017 1040
11107 2 2 5 1 1015 1016 1038
11108 2 2 5 1 1370 1369 7175
11109 2 2 5 1 3225 7147 7210
11110 2 2 5 1 3067 3485 3527
11111 2 2 5 1 5503 5498 7574
11112 2 2 5 1 2142 2144 2736
11113 2 2 5 1 2840 2837 2860
11114 2 2 5 1 2411 1386 3337
11115 2 2 5 1 2341 4289 4290
11116 2 2 5 1 5459 5460 5462
11117 2 2 5 1 3812 3599 7261
11118 2 2 5 1 3441 3442 3463
11119 2 2 5 1 2724 2725 2726
11120 2 2 5 1 2254 2944 7080
11121 2 2 5 1 1945 2146 7044
11122 2 2 5 1 1809 2130 7272
11123 2 2 5 1 4062 4804 5590
11124 2 2 5 1 1527 3340 7122
11125 2 2 5 1 2813 2816 2859
11126 2 2 5 1 3780 3781 4819
11127 2 2 5 1 6729 7414 7455
11128 2 2 5 1 4283 7169 7267
11129 2 2 5 1 1964 1835 7284
11130 2 2 5 1 6914 6937 7136
11131 2 2 5 1 2136 2137 2138
11132 2 2 5 1 3431 3049 7062
11133 2 2 5 1 3731 2113 7067
11134 2 2 5 1 6530 6028 7558
11135 2 2 5 1 3360 3359 3361
11136 2 2 5 1 1408 1407 7247
11137 2 2 5 1 4770 7155 7230
11138 2 2 5 1 846 6843 7155
11139 2 2 5 1 3590 4491 5281
11140 2 2 5 1 2832 2831 2833
11141 2 2 5 1 7048 4837 7278
11142 2 2 5 1 3630 3892 7058
11143 2 2 5 1 1541 1381 7166
11144 2 2 5 1 3567 3952 3954
11145 2 2 5 1 2769 3520 7257
11146 2 2 5 1 3168 3780 7064
11147 2 2 5 1 6639 6721 7201
11148 2 2 5 1 4275 4276 4277
11149 2 2 5 1 3398 2957 7163
11150 2 2 5 1 3258 3260 4792
11151 2 2 5 1 1578 1690 1691
11152 2 2 5 1 2834 2833 2835
11153 2 2 5 1 1747 1814 1871
11154 2 2 5 1 3548 3327 7075
11155 2 2 5 1 3264 3266 3267
11156 2 2 5 1 3679 4685 4713
11157 2 2 5 1 2807 2808 2809
11158 2 2 5 1 3648 3647 7078
11159 2 2 5 1 4606 6973 7171
11160 2 2 5 1 1072 1071 1110
11161 2 2 5 1 1069 1070 1108
11162 2 2 5 1 2764 3031 7065
11163 2 2 5 1 4526 4429 4602
11164 2 2 5 1 2555 2556 2557
11165 2 2 5 1 1826 1825 1897
11166 2 2 5 1 2809 2810 2811
11167 2 2 5 1 4703 5748 7055
11168 2 2 5 1 1261 1368 3421
11169 2 2 5 1 6973 6939 7171
11170 2 2 5 1 3260 3261 3262
11171 2 2 5 1 4277 5178 5179
11172 2 2 5 1 1240 7029 7148
11173 2 2 5 1 1716 1543 7536
11174 2 2 5 1 594 596 7610
11175 2 2 5 1 6937 4204 7136
11176 2 2 5 1 3475 1438 4457
11177 2 2 5 1 4952 5404 5405
11178 2 2 5 1 6764 7128 7227
11179 2 2 5 1 1369 1555 7175
11180 2 2 5 1 4993 4010 5410
11181 2 2 5 1 3330 3323 3331
11182 2 2 5 1 2642 6229 7204
11183 2 2 5 1 4562 7766 8641
11184 2 2 5 1 1187 1315 7053
11185 2 2 5 1 2311 2067 2774
11186 2 2 5 1 2028 2030 2145
11187 2 2 5 1 4812 7045 7337
11188 2 2 5 1 1871 1910 2065
11189 2 2 5 1 1687 1435 7109
11190 2 2 5 1 5807 5523 7339
11191 2 2 5 1 3312 3313 3314
11192 2 2 5 1 3906 5087 7301
11193 2 2 5 1 3310 3311 3312
11194 2 2 5 1 2599 1519 7246
11195 2 2 5 1 5389 7132 8093
11196 2 2 5 1 3485 3066 3536
11197 2 2 5 1 4739 4740 7040
11198 2 2 5 1 3547 2776 7299
11199 2 2 5 1 4062 3337 4803
11200 2 2 5 1 4123 4125 7192
11201 2 2 5 1 3688 4214 7177
11202 2 2 5 1 5084 7007 7180
11203 2 2 5 1 3855 3973 3974
11204 2 2 5 1 5634 3152 7065
11205 2 2 5 1 1232 1231 1233
11206 2 2 5 1 2134 2135 2136
11207 2 2 5 1 2570 2569 2575
11208 2 2 5 1 1342 1055 7677
11209 2 2 5 1 1824 1823 1825
11210 2 2 5 1 3928 3773 4395
11211 2 2 5 1 2143 2141 7350
11212 2 2 5 1 4110 3557 5023
11213 2 2 5 1 6741 2536 7265
11214 2 2 5 1 1864 1861 7081
11215 2 2 5 1 1260 1258 7159
11216 2 2 5 1 697 598 698
11217 2 2 5 1 635 699 700
11218 2 2 5 1 2039 2133 2134
11219 2 2 5 1 3930 3929 5095
11220 2 2 5 1 5900 4706 6975
11221 2 2 5 1 3793 4410 4436
11222 2 2 5 1 3751 6797 7162
11223 2 2 5 1 3336 3334 3402
11224 2 2 5 1 4026 3630 7058
11225 2 2 5 1 4291 3507 4623
11226 2 2 5 1 3645 3648 7073
11227 2 2 5 1 4476 3843 4518
11228 2 2 5 1 1471 1577 1578
11229 2 2 5 1 3898 4013 6225
11230 2 2 5 1 1788 1786 4222
11231 2 2 5 1 4876 8052 8078
11232 2 2 5 1 3721 6998 7231
11233 2 2 5 1 3811 4951 4952
11234 2 2 5 1 6724 7692 7708
11235 2 2 5 1 3847 4519 6750
11236 2 2 5 1 3847 4482 4519
11237 2 2 5 1 6638 6639 7289
11238 2 2 5 1 4974 4427 6489
11239 2 2 5 1 3302 3793 3794
11240 2 2 5 1 1111 1110 1162
11241 2 2 5 1 1108 1109 1160
11242 2 2 5 1 5854 4722 7116
11243 2 2 5 1 5802 4736 7178
11244 2 2 5 1 2962 6149 7511
11245 2 2 5 1 2553 2554 2555
11246 2 2 5 1 6808 6900 7150
11247 2 2 5 1 1232 1233 1234
11248 2 2 5 1 7336 5087 7359
11249 2 2 5 1 3357 1860 7109
11250 2 2 5 1 1914 2952 7252
11251 2 2 5 1 6174 1846 7135
11252 2 2 5 1 4244 6541 7292
11253 2 2 5 1 2153 2778 7059
11254 2 2 5 1 2427 2425 7396
11255 2 2 5 1 1555 7098 7175
11256 2 2 5 1 5895 4523 5922
11257 2 2 5 1 3315 4841 7117
11258 2 2 5 1 3080 3631 7317
11259 2 2 5 1 1332 1366 7105
11260 2 2 5 1 3463 3494 4458
11261 2 2 5 1 1163 1162 1242
11262 2 2 5 1 1160 1161 1241
11263 2 2 5 1 5516 5515 5805
11264 2 2 5 1 3584 3129 7366
11265 2 2 5 1 3322 3321 3323
11266 2 2 5 1 1182 1184 3441
11267 2 2 5 1 4875 4835 5565
11268 2 2 5 1 7034 4784 7191
11269 2 2 5 1 5875 3272 7319
11270 2 2 5 1 1775 1692 7170
11271 2 2 5 1 3948 3331 7174
11272 2 2 5 1 6116 5810 7729
11273 2 2 5 1 4411 4730 5058
11274 2 2 5 1 4013 5337 6225
11275 2 2 5 1 4809 4446 4810
11276 2 2 5 1 4840 4864 4865
11277 2 2 5 1 3532 3533 3537
11278 2 2 5 1 4799 7215 7280
11279 2 2 5 1 3719 2416 7563
11280 2 2 5 1 1822 1821 1823
11281 2 2 5 1 1264 1266 7157
11282 2 2 5 1 1227 1226 1228
11283 2 2 5 1 7036 1504 7228
11284 2 2 5 1 4256 4816 7187
11285 2 2 5 1 2536 2534 7265
11286 2 2 5 1 7134 4823 7239
11287 2 2 5 1 4777 7277 7418
11288 2 2 5 1 1245 1238 7148
11289 2 2 5 1 125 126 2597
11290 2 2 5 1 65 66 2598
11291 2 2 5 1 6900 3237 7150
11292 2 2 5 1 1746 1795 7239
11293 2 2 5 1 1229 1228 1231
11294 2 2 5 1 2722 2723 2724
11295 2 2 5 1 6998 6248 7231
11296 2 2 5 1 3598 3811 7112
11297 2 2 5 1 7007 1477 7180
11298 2 2 5 1 4799 6934 7215
11299 2 2 5 1 1578 1689 1690
11300 2 2 5 1 2353 2351 7209
11301 2 2 5 1 4288 6638 7224
11302 2 2 5 1 3051 3104 7062
11303 2 2 5 1 4580 4578 4582
11304 2 2 5 1 2383 2385 7211
11305 2 2 5 1 2150 2793 7108
11306 2 2 5 1 3059 3058 3842
11307 2 2 5 1 1220 1219 1222
11308 2 2 5 1 2651 2603 7290
11309 2 2 5 1 3751 7162 7220
11310 2 2 5 1 2778 2183 7076
11311 2 2 5 1 4269 3719 7545
11312 2 2 5 1 3060 3061 3846
11313 2 2 5 1 2583 3140 7183
11314 2 2 5 1 3054 4274 7326
11315 2 2 5 1 4057 4026 4675
11316 2 2 5 1 3635 3500 7104
11317 2 2 5 1 7144 3638 7188
11318 2 2 5 1 2345 1171 6756
11319 2 2 5 1 2710 3044 7076
11320 2 2 5 1 4906 3798 4907
11321 2 2 5 1 7030 3433 7073
11322 2 2 5 1 6633 6627 7195
11323 2 2 5 1 6939 6802 7171
11324 2 2 5 1 3363 3361 4354
11325 2 2 5 1 4445 4444 4446
11326 2 2 5 1 7392 6154 7422
11327 2 2 5 1 3243 4244 7200
11328 2 2 5 1 1862 3928 7081
11329 2 2 5 1 2819 2820 2821
11330 2 2 5 1 3530 3531 3532
11331 2 2 5 1 3142 7621 7712
11332 2 2 5 1 1733 1665 1734
11333 2 2 5 1 4255 4253 4676
11334 2 2 5 1 4805 7224 7263
11335 2 2 5 1 1917 1919 7134
11336 2 2 5 1 4280 3956 5257
11337 2 2 5 1 7708 6755 7717
11338 2 2 5 1 5529 5528 5530
11339 2 2 5 1 5733 3280 7520
11340 2 2 5 1 1799 3195 7093
11341 2 2 5 1 1804 1803 1821
11342 2 2 5 1 3302 3792 3793
11343 2 2 5 1 6139 819 7385
11344 2 2 5 1 1477 1479 7180
11345 2 2 5 1 2255 6284 7975
11346 2 2 5 1 2563 2561 2566
11347 2 2 5 1 4097 6143 7186
11348 2 2 5 1 870 814 871
11349 2 2 5 1 816 882 883
11350 2 2 5 1 5022 8653 8728
11351 2 2 5 1 3629 4026 4057
11352 2 2 5 1 4506 4457 4949
11353 2 2 5 1 1044 1025 6501
11354 2 2 5 1 4838 3395 7256
11355 2 2 5 1 4793 7257 7293
11356 2 2 5 1 5193 3548 7075
11357 2 2 5 1 6878 6154 7392
11358 2 2 5 1 2836 2835 2837
11359 2 2 5 1 1432 1552 7118
11360 2 2 5 1 2573 2648 7054
11361 2 2 5 1 1367 1255 3309
11362 2 2 5 1 3333 3967 7174
11363 2 2 5 1 2796 2795 2797
11364 2 2 5 1 1798 1801 7345
11365 2 2 5 1 2560 2559 2561
11366 2 2 5 1 4646 3922 5197
11367 2 2 5 1 3638 4552 7188
11368 2 2 5 1 4117 4115 7237
11369 2 2 5 1 3258 3259 3260
11370 2 2 5 1 2811 2812 2813
11371 2 2 5 1 4567 4882 4965
11372 2 2 5 1 2724 2723 2725
11373 2 2 5 1 5037 7385 7473
11374 2 2 5 1 6748 7340 7420
11375 2 2 5 1 5415 2657 5477
11376 2 2 5 1 2215 3774 7134
11377 2 2 5 1 1125 1172 7176
11378 2 2 5 1 5240 3968 5241
11379 2 2 5 1 1861 1862 7081
11380 2 2 5 1 7262 4285 7347
11381 2 2 5 1 3974 3975 4835
11382 2 2 5 1 1220 1223 1224
11383 2 2 5 1 3553 2880 7097
11384 2 2 5 1 3267 3268 3269
11385 2 2 5 1 1153 1154 1279
11386 2 2 5 1 3594 3756 7066
11387 2 2 5 1 6643 7264 7356
11388 2 2 5 1 4861 4509 7205
11389 2 2 5 1 1871 2065 2066
11390 2 2 5 1 5838 715 7458
11391 2 2 5 1 4259 1245 7148
11392 2 2 5 1 6816 1599 7318
11393 2 2 5 1 1601 1699 7318
11394 2 2 5 1 3099 3546 3921
11395 2 2 5 1 1384 5312 8682
11396 2 2 5 1 4881 4566 4883
11397 2 2 5 1 768 770 2162
11398 2 2 5 1 1938 1507 7130
11399 2 2 5 1 6180 4744 7197
11400 2 2 5 1 1663 1664 1748
11401 2 2 5 1 700 722 723
11402 2 2 5 1 720 698 721
11403 2 2 5 1 3396 4260 7198
11404 2 2 5 1 6870 6719 7356
11405 2 2 5 1 7067 1713 7173
11406 2 2 5 1 1898 2038 2039
11407 2 2 5 1 1225 1226 1227
11408 2 2 5 1 5309 4621 5363
11409 2 2 5 1 3811 4952 7112
11410 2 2 5 1 2550 2548 7191
11411 2 2 5 1 3927 3895 7336
11412 2 2 5 1 3267 3266 3268
11413 2 2 5 1 2819 2363 2820
11414 2 2 5 1 3472 3473 3530
11415 2 2 5 1 1691 1690 1692
11416 2 2 5 1 1224 1225 1230
11417 2 2 5 1 4811 7109 7247
11418 2 2 5 1 3100 2356 7209
11419 2 2 5 1 3892 4632 7058
11420 2 2 5 1 7010 1332 7105
11421 2 2 5 1 1229 1231 1232
11422 2 2 5 1 3284 3800 3801
11423 2 2 5 1 3293 3747 7208
11424 2 2 5 1 7136 4204 7137
11425 2 2 5 1 3756 5438 7066
11426 2 2 5 1 2269 2165 7131
11427 2 2 5 1 4757 7196 7240
11428 2 2 5 1 2553 6127 7236
11429 2 2 5 1 4722 6696 7116
11430 2 2 5 1 1673 1816 6042
11431 2 2 5 1 2396 2795 2796
11432 2 2 5 1 1801 1958 3796
11433 2 2 5 1 2139 2138 2140
11434 2 2 5 1 3359 1775 7170
11435 2 2 5 1 5457 5458 5459
11436 2 2 5 1 1785 1787 2632
11437 2 2 5 1 4713 5532 5982
11438 2 2 5 1 2957 2342 7163
11439 2 2 5 1 4225 1399 6353
11440 2 2 5 1 5084 7180 7272
11441 2 2 5 1 4214 6875 7233
11442 2 2 5 1 1227 1228 1229
11443 2 2 5 1 3362 3361 3363
11444 2 2 5 1 5455 5456 5457
11445 2 2 5 1 4310 1732 7374
11446 2 2 5 1 3537 3533 3929
11447 2 2 5 1 5848 4329 7253
11448 2 2 5 1 1224 1223 1225
11449 2 2 5 1 1216 1218 2777
11450 2 2 5 1 4249 4247 4474
11451 2 2 5 1 3967 3335 3968
11452 2 2 5 1 2137 3203 7125
11453 2 2 5 1 6380 6381 7494
11454 2 2 5 1 5101 5103 5365
11455 2 2 5 1 5648 3607 5658
11456 2 2 5 1 1366 1433 7105
11457 2 2 5 1 3532 3531 3533
11458 2 2 5 1 4211 5002 7213
11459 2 2 5 1 1860 1687 7109
11460 2 2 5 1 4740 5132 7040
11461 2 2 5 1 6127 6022 7653
11462 2 2 5 1 1220 1222 1223
11463 2 2 5 1 2139 2140 2185
11464 2 2 5 1 4057 4675 5528
11465 2 2 5 1 3396 3413 3472
11466 2 2 5 1 3245 7200 7229
11467 2 2 5 1 3147 3148 3984
11468 2 2 5 1 6541 7150 7292
11469 2 2 5 1 3038 3523 7207
11470 2 2 5 1 4336 1360 7100
11471 2 2 5 1 3251 6876 7267
11472 2 2 5 1 3059 3844 7327
11473 2 2 5 1 3920 5101 5102
11474 2 2 5 1 4219 6853 7201
11475 2 2 5 1 1218 1217 1219
11476 2 2 5 1 5896 7656 7668
11477 2 2 5 1 2563 2566 2567
11478 2 2 5 1 3848 3061 7330
11479 2 2 5 1 1353 1429 1654
11480 2 2 5 1 6728 2678 7206
11481 2 2 5 1 1315 3358 7053
11482 2 2 5 1 1836 2110 2111
11483 2 2 5 1 3421 3784 4385
11484 2 2 5 1 1846 1908 7135
11485 2 2 5 1 2342 2341 7163
11486 2 2 5 1 2303 3487 7127
11487 2 2 5 1 4427 3479 4428
11488 2 2 5 1 3194 3436 7436
11489 2 2 5 1 1488 1397 7362
11490 2 2 5 1 1023 1033 7295
11491 2 2 5 1 5207 3948 7174
11492 2 2 5 1 1162 1110 7606
11493 2 2 5 1 566 563 7329
11494 2 2 5 1 6658 6826 7179
11495 2 2 5 1 2551 2552 2553
11496 2 2 5 1 1360 1467 1468
11497 2 2 5 1 518 517 525
11498 2 2 5 1 515 516 523
11499 2 2 5 1 2333 2191 7646
11500 2 2 5 1 2193 2335 7647
11501 2 2 5 1 3485 3536 4465
11502 2 2 5 1 2272 3179 3569
11503 2 2 5 1 2359 2356 3100
11504 2 2 5 1 3530 3473 3531
11505 2 2 5 1 4341 3674 7123
11506 2 2 5 1 2582 2576 6938
11507 2 2 5 1 2070 1324 7212
11508 2 2 5 1 3954 5222 5223
11509 2 2 5 1 5991 5989 7804
11510 2 2 5 1 965 1022 3097
11511 2 2 5 1 3490 3919 3920
11512 2 2 5 1 2720 2721 2722
11513 2 2 5 1 3181 5907 7184
11514 2 2 5 1 1936 1832 7375
11515 2 2 5 1 5913 1512 7462
11516 2 2 5 1 2262 3489 3490
11517 2 2 5 1 3674 3337 4062
11518 2 2 5 1 3792 3300 7287
11519 2 2 5 1 2723 2721 2855
11520 2 2 5 1 1368 1262 7387
11521 2 2 5 1 1433 1432 7118
11522 2 2 5 1 4284 4283 7400
11523 2 2 5 1 1510 2962 7462
11524 2 2 5 1 3296 2949 3772
11525 2 2 5 1 3301 3300 3302
11526 2 2 5 1 1748 1749 1836
11527 2 2 5 1 2111 2261 2262
11528 2 2 5 1 3593 3212 7168
11529 2 2 5 1 2078 1734 7198
11530 2 2 5 1 3067 3066 3485
11531 2 2 5 1 4793 7230 7257
11532 2 2 5 1 2299 2776 3099
11533 2 2 5 1 2388 3101 7211
11534 2 2 5 1 1802 1800 1803
11535 2 2 5 1 2179 2217 7153
11536 2 2 5 1 5522 5520 5523
11537 2 2 5 1 2565 7054 7251
11538 2 2 5 1 1521 7122 7246
11539 2 2 5 1 4125 5710 7192
11540 2 2 5 1 3500 4729 7104
11541 2 2 5 1 2388 2391 3101
11542 2 2 5 1 6966 1774 7252
11543 2 2 5 1 3755 4770 7230
11544 2 2 5 1 604 1288 7465
11545 2 2 5 1 1836 1837 2110
11546 2 2 5 1 1349 2033 7344
11547 2 2 5 1 7122 4814 7246
11548 2 2 5 1 5660 4002 5663
11549 2 2 5 1 3781 3855 7145
11550 2 2 5 1 6695 4269 7507
11551 2 2 5 1 3269 3268 3270
11552 2 2 5 1 2648 3767 7054
11553 2 2 5 1 3421 4385 4796
11554 2 2 5 1 3478 4431 7255
11555 2 2 5 1 1218 1219 1220
11556 2 2 5 1 2903 2225 2905
11557 2 2 5 1 3472 3413 3473
11558 2 2 5 1 1386 1260 7159
11559 2 2 5 1 1367 3310 7551
11560 2 2 5 1 2110 2184 7203
11561 2 2 5 1 3212 3209 7168
11562 2 2 5 1 6767 3743 7338
11563 2 2 5 1 1798 1797 1799
11564 2 2 5 1 1170 1123 7214
11565 2 2 5 1 2138 2137 7125
11566 2 2 5 1 958 7262 7347
11567 2 2 5 1 1786 1784 7349
11568 2 2 5 1 7147 5911 7210
11569 2 2 5 1 7150 3237 7292
11570 2 2 5 1 1339 1083 7424
11571 2 2 5 1 1552 2857 7118
11572 2 2 5 1 3723 3726 7221
11573 2 2 5 1 3946 4282 5253
11574 2 2 5 1 3743 2402 7338
11575 2 2 5 1 1125 7176 7424
11576 2 2 5 1 4202 3635 7104
11577 2 2 5 1 4241 3751 7220
11578 2 2 5 1 6951 4213 7290
11579 2 2 5 1 2136 2138 2139
11580 2 2 5 1 858 6849 7215
11581 2 2 5 1 3970 5998 6133
11582 2 2 5 1 993 992 1017
11583 2 2 5 1 990 991 1015
11584 2 2 5 1 1376 6397 7457
11585 2 2 5 1 4802 4801 7216
11586 2 2 5 1 1734 3395 3396
11587 2 2 5 1 3393 3822 3826
11588 2 2 5 1 2838 2830 3058
11589 2 2 5 1 5447 4451 5451
11590 2 2 5 1 1108 1160 7619
11591 2 2 5 1 3299 3300 3301
11592 2 2 5 1 2217 2853 7153
11593 2 2 5 1 1898 2039 2652
11594 2 2 5 1 3478 3155 3479
11595 2 2 5 1 7356 6719 7443
11596 2 2 5 1 2806 2814 3060
11597 2 2 5 1 2165 2289 7131
11598 2 2 5 1 2722 2721 2723
11599 2 2 5 1 3017 2269 7131
11600 2 2 5 1 5911 5912 7210
11601 2 2 5 1 7068 3071 7278
11602 2 2 5 1 2198 2750 5025
11603 2 2 5 1 3396 3395 3413
11604 2 2 5 1 5121 3651 7127
11605 2 2 5 1 3269 3270 3271
11606 2 2 5 1 1960 1820 2744
11607 2 2 5 1 1360 1468 7100
11608 2 2 5 1 4777 1655 7277
11609 2 2 5 1 1014 940 6574
11610 2 2 5 1 1266 1390 7157
11611 2 2 5 1 2140 2142 7111
11612 2 2 5 1 4443 4442 4444
11613 2 2 5 1 6855 4788 7227
11614 2 2 5 1 3020 3391 3641
11615 2 2 5 1 2711 1782 7222
11616 2 2 5 1 6003 4734 7167
11617 2 2 5 1 2950 3296 3297
11618 2 2 5 1 2599 7246 7353
11619 2 2 5 1 1951 1949 2229
11620 2 2 5 1 3770 2078 7198
11621 2 2 5 1 3276 3281 3283
11622 2 2 5 1 3754 6764 7227
11623 2 2 5 1 3822 4494 7193
11624 2 2 5 1 1468 1467 1663
11625 2 2 5 1 4062 4803 4804
11626 2 2 5 1 7081 5137 7258
11627 2 2 5 1 1919 2215 7134
11628 2 2 5 1 6492 7273 7362
11629 2 2 5 1 7227 4788 7279
11630 2 2 5 1 3209 6762 7168
11631 2 2 5 1 3985 4489 5144
11632 2 2 5 1 2337 1026 6017
11633 2 2 5 1 3974 4875 7145
11634 2 2 5 1 6690 4287 7429
11635 2 2 5 1 3750 7033 7202
11636 2 2 5 1 4682 3899 5812
11637 2 2 5 1 4581 5479 5480
11638 2 2 5 1 1264 7157 7387
11639 2 2 5 1 2857 4271 7118
11640 2 2 5 1 943 914 944
11641 2 2 5 1 4282 3606 7226
11642 2 2 5 1 3651 2303 7127
11643 2 2 5 1 6286 7425 7527
11644 2 2 5 1 1699 1603 7379
11645 2 2 5 1 3280 3268 7190
11646 2 2 5 1 1737 1936 7413
11647 2 2 5 1 7214 1123 7456
11648 2 2 5 1 4757 3721 7231
11649 2 2 5 1 3266 3278 7190
11650 2 2 5 1 1468 1663 1665
11651 2 2 5 1 2718 2719 2720
11652 2 2 5 1 3487 4480 7127
11653 2 2 5 1 3920 3919 5101
11654 2 2 5 1 7545 3719 7563
11655 2 2 5 1 2306 1938 7130
11656 2 2 5 1 4100 2841 7351
11657 2 2 5 1 4427 4428 6489
11658 2 2 5 1 3490 3489 3919
11659 2 2 5 1 1206 4368 7199
11660 2 2 5 1 1734 1665 3395
11661 2 2 5 1 2189 2949 2950
11662 2 2 5 1 1256 1367 7415
11663 2 2 5 1 3583 3129 3584
11664 2 2 5 1 2262 2261 3489
11665 2 2 5 1 6875 2651 7233
11666 2 2 5 1 1795 1917 7239
11667 2 2 5 1 2610 6866 7288
11668 2 2 5 1 6491 4284 7273
11669 2 2 5 1 3097 4285 7262
11670 2 2 5 1 2817 4103 7352
11671 2 2 5 1 4344 7427 7471
11672 2 2 5 1 4289 2306 7130
11673 2 2 5 1 2106 2196 2984
11674 2 2 5 1 3840 3154 3841
11675 2 2 5 1 5703 7351 7468
11676 2 2 5 1 1519 1521 7246
11677 2 2 5 1 6680 682 7390
11678 2 2 5 1 2829 2832 7468
11679 2 2 5 1 8525 7165 8531
11680 2 2 5 1 3019 2585 3020
11681 2 2 5 1 2576 2575 2584
11682 2 2 5 1 682 680 7390
11683 2 2 5 1 7224 1649 7263
11684 2 2 5 1 694 768 6030
11685 2 2 5 1 4411 4378 4730
11686 2 2 5 1 3203 4739 7125
11687 2 2 5 1 3754 7227 7279
11688 2 2 5 1 933 935 936
11689 2 2 5 1 2557 2565 7251
11690 2 2 5 1 1826 1897 1898
11691 2 2 5 1 1338 1044 6501
11692 2 2 5 1 1774 1914 7252
11693 2 2 5 1 3278 4275 7190
11694 2 2 5 1 3576 3375 7411
11695 2 2 5 1 1317 1101 7310
11696 2 2 5 1 7033 4769 7202
11697 2 2 5 1 2111 2110 2261
11698 2 2 5 1 1360 1359 1467
11699 2 2 5 1 3283 3567 7226
11700 2 2 5 1 2987 2310 2988
11701 2 2 5 1 1507 6542 7130
11702 2 2 5 1 2808 2805 7469
11703 2 2 5 1 2187 1953 2756
11704 2 2 5 1 4266 4264 4507
11705 2 2 5 1 6804 7068 7278
11706 2 2 5 1 7022 4224 7264
11707 2 2 5 1 1908 2279 7135
11708 2 2 5 1 2052 2051 2053
11709 2 2 5 1 1435 1408 7247
11710 2 2 5 1 758 721 759
11711 2 2 5 1 723 760 761
11712 2 2 5 1 4224 6898 7264
11713 2 2 5 1 5236 5237 8272
11714 2 2 5 1 2564 2551 7236
11715 2 2 5 1 2033 1978 7394
11716 2 2 5 1 4522 5080 7156
11717 2 2 5 1 1607 1698 7402
11718 2 2 5 1 2584 2575 2585
11719 2 2 5 1 7352 5706 7469
11720 2 2 5 1 40 39 7296
11721 2 2 5 1 4341 5527 7736
11722 2 2 5 1 2719 2717 2901
11723 2 2 5 1 4238 2769 7257
11724 2 2 5 1 4057 5529 7207
11725 2 2 5 1 768 2162 6030
11726 2 2 5 1 1755 3108 7250
11727 2 2 5 1 2965 2698 2966
11728 2 2 5 1 3014 4462 7286
11729 2 2 5 1 2218 3477 7394
11730 2 2 5 1 2065 2067 2311
11731 2 2 5 1 822 910 933
11732 2 2 5 1 2296 2179 7153
11733 2 2 5 1 1060 1006 1180
11734 2 2 5 1 6639 7201 7289
11735 2 2 5 1 2076 2594 7409
11736 2 2 5 1 2185 2140 7111
11737 2 2 5 1 4226 4758 7382
11738 2 2 5 1 1047 8169 8206
11739 2 2 5 1 3998 4317 4318
11740 2 2 5 1 3331 3323 3332
11741 2 2 5 1 1572 690 7392
11742 2 2 5 1 3317 3314 7117
11743 2 2 5 1 3796 3797 4399
11744 2 2 5 1 4786 7106 7294
11745 2 2 5 1 4936 3841 4937
11746 2 2 5 1 3271 3270 3272
11747 2 2 5 1 1005 944 1006
11748 2 2 5 1 4819 3781 7145
11749 2 2 5 1 6923 2610 7288
11750 2 2 5 1 5017 5889 7270
11751 2 2 5 1 572 550 573
11752 2 2 5 1 552 612 613
11753 2 2 5 1 912 828 914
11754 2 2 5 1 4581 4575 5479
11755 2 2 5 1 1247 1176 3440
11756 2 2 5 1 1081 1338 7456
11757 2 2 5 1 786 759 787
11758 2 2 5 1 761 788 789
11759 2 2 5 1 458 457 5417
11760 2 2 5 1 1868 1899 1924
11761 2 2 5 1 1721 1750 1751
11762 2 2 5 1 2341 4290 7163
11763 2 2 5 1 6748 6978 7340
11764 2 2 5 1 2720 2719 2721
11765 2 2 5 1 4734 6988 7167
11766 2 2 5 1 965 3097 7262
11767 2 2 5 1 687 6878 7392
11768 2 2 5 1 813 787 814
11769 2 2 5 1 789 815 816
11770 2 2 5 1 1692 1747 7170
11771 2 2 5 1 2289 1956 7258
11772 2 2 5 1 2828 2826 3025
11773 2 2 5 1 1928 2028 7179
11774 2 2 5 1 2802 2804 3028
11775 2 2 5 1 1503 1648 7263
11776 2 2 5 1 3523 3629 7207
11777 2 2 5 1 2063 1934 2064
11778 2 2 5 1 1149 1145 1150
11779 2 2 5 1 4236 6690 7271
11780 2 2 5 1 3299 3297 3300
11781 2 2 5 1 2576 2584 6938
11782 2 2 5 1 7169 3251 7267
11783 2 2 5 1 958 956 7262
11784 2 2 5 1 1216 1217 1218
11785 2 2 5 1 3311 3309 4806
11786 2 2 5 1 970 962 7320
11787 2 2 5 1 1146 1147 1148
11788 2 2 5 1 4648 6676 7274
11789 2 2 5 1 4259 7148 7333
11790 2 2 5 1 2906 2905 3913
11791 2 2 5 1 1211 1209 1438
11792 2 2 5 1 3902 4678 6784
11793 2 2 5 1 2058 2057 2059
11794 2 2 5 1 1933 1932 1934
11795 2 2 5 1 4062 5590 7123
11796 2 2 5 1 7280 3467 7301
11797 2 2 5 1 2054 2053 2055
11798 2 2 5 1 3712 6221 7521
11799 2 2 5 1 4822 7271 7375
11800 2 2 5 1 4576 4581 7161
11801 2 2 5 1 1931 1930 1932
11802 2 2 5 1 7413 1936 7429
11803 2 2 5 1 4788 4789 7279
11804 2 2 5 1 5171 4117 7237
11805 2 2 5 1 1924 2087 2088
11806 2 2 5 1 4846 3019 4847
11807 2 2 5 1 1882 1940 7823
11808 2 2 5 1 5159 5165 7516
11809 2 2 5 1 4798 4799 7280
11810 2 2 5 1 3130 3583 3585
11811 2 2 5 1 6223 6857 7438
11812 2 2 5 1 6692 4591 7242
11813 2 2 5 1 4304 4303 7472
11814 2 2 5 1 4578 4576 7161
11815 2 2 5 1 2050 2049 2051
11816 2 2 5 1 1183 1181 1185
11817 2 2 5 1 1956 1864 7258
11818 2 2 5 1 1172 1261 7176
11819 2 2 5 1 2534 2954 7265
11820 2 2 5 1 3569 3605 4447
11821 2 2 5 1 6826 1928 7179
11822 2 2 5 1 1213 1214 1221
11823 2 2 5 1 3315 3313 3422
11824 2 2 5 1 936 976 1243
11825 2 2 5 1 4399 4400 4401
11826 2 2 5 1 4812 7337 7473
11827 2 2 5 1 5914 5913 7462
11828 2 2 5 1 6950 2599 7353
11829 2 2 5 1 2279 4795 7135
11830 2 2 5 1 3491 2261 7203
11831 2 2 5 1 2309 2294 2310
11832 2 2 5 1 6729 6881 7414
11833 2 2 5 1 1655 1462 7277
11834 2 2 5 1 3156 1208 3157
11835 2 2 5 1 7501 6917 7565
11836 2 2 5 1 4447 4637 5120
11837 2 2 5 1 3310 3309 3311
11838 2 2 5 1 4798 7280 7301
11839 2 2 5 1 1061 2665 7295
11840 2 2 5 1 1784 1782 2711
11841 2 2 5 1 1216 1215 1217
11842 2 2 5 1 7109 1435 7247
11843 2 2 5 1 3674 4062 7123
11844 2 2 5 1 3843 3842 6747
11845 2 2 5 1 1789 1791 1868
11846 2 2 5 1 6868 6912 7381
11847 2 2 5 1 956 965 7262
11848 2 2 5 1 7340 4828 7420
11849 2 2 5 1 3140 3679 7183
11850 2 2 5 1 5884 4829 7673
11851 2 2 5 1 1824 1825 1826
11852 2 2 5 1 3269 3271 7140
11853 2 2 5 1 6876 6807 7267
11854 2 2 5 1 1177 1249 3445
11855 2 2 5 1 1915 1794 7298
11856 2 2 5 1 3879 3157 3889
11857 2 2 5 1 6763 3467 7280
11858 2 2 5 1 4300 4298 4688
11859 2 2 5 1 3855 3974 7145
11860 2 2 5 1 6962 2559 7251
11861 2 2 5 1 5462 5460 5463
11862 2 2 5 1 6898 2624 7264
11863 2 2 5 1 4283 7267 7400
11864 2 2 5 1 2904 2902 3419
11865 2 2 5 1 4430 4526 4538
11866 2 2 5 1 3475 4457 4506
11867 2 2 5 1 6754 6691 7481
11868 2 2 5 1 7761 5014 8659
11869 2 2 5 1 2796 2798 4314
11870 2 2 5 1 7199 4368 7440
11871 2 2 5 1 3296 3772 4286
11872 2 2 5 1 4404 4403 4621
11873 2 2 5 1 5949 5950 7291
11874 2 2 5 1 4796 4385 4797
11875 2 2 5 1 2056 2055 2057
11876 2 2 5 1 7608 6190 7631
11877 2 2 5 1 7159 1258 7415
11878 2 2 5 1 2822 2820 4313
11879 2 2 5 1 2672 40 7296
11880 2 2 5 1 3397 3398 7266
11881 2 2 5 1 6177 1988 7495
11882 2 2 5 1 593 598 697
11883 2 2 5 1 635 633 699
11884 2 2 5 1 3438 3397 7266
11885 2 2 5 1 7294 4192 7326
11886 2 2 5 1 1390 3258 7157
11887 2 2 5 1 1529 6949 7365
11888 2 2 5 1 125 2597 6815
11889 2 2 5 1 2598 66 7126
11890 2 2 5 1 4105 2345 6756
11891 2 2 5 1 4396 3754 7279
11892 2 2 5 1 2189 1962 2949
11893 2 2 5 1 1864 7081 7258
11894 2 2 5 1 39 869 7296
11895 2 2 5 1 4839 3422 4840
11896 2 2 5 1 2486 6787 8339
11897 2 2 5 1 4401 4402 4440
11898 2 2 5 1 4122 914 7331
11899 2 2 5 1 1185 1181 7405
11900 2 2 5 1 7106 6994 7294
11901 2 2 5 1 1214 1212 1215
11902 2 2 5 1 2142 2736 7111
11903 2 2 5 1 1417 1372 7416
11904 2 2 5 1 4518 3843 6747
11905 2 2 5 1 1822 1823 1824
11906 2 2 5 1 3331 3332 3333
11907 2 2 5 1 7201 6853 7289
11908 2 2 5 1 1411 4086 7312
11909 2 2 5 1 5080 5486 7156
11910 2 2 5 1 1243 1244 1310
11911 2 2 5 1 1225 1227 7165
11912 2 2 5 1 1734 3396 7198
11913 2 2 5 1 2028 2145 7179
11914 2 2 5 1 1127 7053 7310
11915 2 2 5 1 1280 1359 1360
11916 2 2 5 1 2449 6143 7731
11917 2 2 5 1 1804 1821 1822
11918 2 2 5 1 4542 3889 4933
11919 2 2 5 1 2048 2047 2049
11920 2 2 5 1 1230 1225 7165
11921 2 2 5 1 2584 2585 3019
11922 2 2 5 1 3336 3402 3403
11923 2 2 5 1 3520 4548 7293
11924 2 2 5 1 4493 3846 6750
11925 2 2 5 1 7481 6691 7508
11926 2 2 5 1 4817 7168 7335
11927 2 2 5 1 1679 1809 7272
11928 2 2 5 1 1337 3172 7172
11929 2 2 5 1 2950 2949 3296
11930 2 2 5 1 3893 3833 4301
11931 2 2 5 1 4583 4582 5006
11932 2 2 5 1 3710 6157 7574
11933 2 2 5 1 5589 4522 7156
11934 2 2 5 1 1698 1609 7449
11935 2 2 5 1 6526 4724 7757
11936 2 2 5 1 6576 4812 7473
11937 2 2 5 1 7053 4807 7310
11938 2 2 5 1 1370 7175 7416
11939 2 2 5 1 1471 6992 7277
11940 2 2 5 1 5537 2317 7690
11941 2 2 5 1 5058 4730 5074
11942 2 2 5 1 6853 1649 7289
11943 2 2 5 1 5896 2421 7683
11944 2 2 5 1 1267 1185 1268
11945 2 2 5 1 6983 1529 7365
11946 2 2 5 1 1917 7134 7239
11947 2 2 5 1 4573 3921 4922
11948 2 2 5 1 1201 1199 7244
11949 2 2 5 1 6174 7135 7411
11950 2 2 5 1 3536 3066 7194
11951 2 2 5 1 3337 1386 7159
11952 2 2 5 1 1227 2760 7165
11953 2 2 5 1 3913 4584 4959
11954 2 2 5 1 4308 3488 7506
11955 2 2 5 1 3237 4762 7292
11956 2 2 5 1 4794 4793 7293
11957 2 2 5 1 7148 7029 7333
11958 2 2 5 1 3885 3886 6846
11959 2 2 5 1 2766 3091 4608
11960 2 2 5 1 7221 3726 7325
11961 2 2 5 1 6912 5902 7381
11962 2 2 5 1 3567 3954 7226
11963 2 2 5 1 6373 6370 7538
11964 2 2 5 1 6746 2954 7382
11965 2 2 5 1 3314 3313 3315
11966 2 2 5 1 4110 5023 5024
11967 2 2 5 1 3336 3403 3608
11968 2 2 5 1 5154 5156 7516
11969 2 2 5 1 2603 6951 7290
11970 2 2 5 1 4724 5536 7744
11971 2 2 5 1 4216 6877 7397
11972 2 2 5 1 4223 6923 7288
11973 2 2 5 1 2578 7191 7328
11974 2 2 5 1 6691 4200 7508
11975 2 2 5 1 6223 7438 7521
11976 2 2 5 1 4428 4429 4430
11977 2 2 5 1 893 891 3423
11978 2 2 5 1 7230 4238 7257
11979 2 2 5 1 3793 4436 7268
11980 2 2 5 1 2363 2359 7182
11981 2 2 5 1 3312 3311 3313
11982 2 2 5 1 1731 1729 1833
11983 2 2 5 1 1613 1697 7460
11984 2 2 5 1 4428 3479 4429
11985 2 2 5 1 3475 4506 4831
11986 2 2 5 1 6122 3709 7571
11987 2 2 5 1 3315 3422 4839
11988 2 2 5 1 2391 2396 7185
11989 2 2 5 1 3258 4792 7157
11990 2 2 5 1 3832 3831 3833
11991 2 2 5 1 3268 3266 7190
11992 2 2 5 1 4952 4951 5404
11993 2 2 5 1 3331 3333 7174
11994 2 2 5 1 3403 3404 7297
11995 2 2 5 1 5645 5644 5646
11996 2 2 5 1 3467 3906 7301
11997 2 2 5 1 3436 6038 7782
11998 2 2 5 1 3191 970 7320
11999 2 2 5 1 4824 7142 7482
12000 2 2 5 1 4478 4477 5235
12001 2 2 5 1 2311 3129 3130
12002 2 2 5 1 3066 2185 7194
12003 2 2 5 1 1561 1727 1728
12004 2 2 5 1 1753 1752 1948
12005 2 2 5 1 4483 4484 5232
12006 2 2 5 1 3071 7048 7278
12007 2 2 5 1 1101 1127 7310
12008 2 2 5 1 4430 4429 4526
12009 2 2 5 1 1104 1057 1145
12010 2 2 5 1 3780 4819 7253
12011 2 2 5 1 875 877 907
12012 2 2 5 1 889 887 906
12013 2 2 5 1 1058 1404 4294
12014 2 2 5 1 4381 7072 7756
12015 2 2 5 1 1536 1535 1752
12016 2 2 5 1 1599 1601 7318
12017 2 2 5 1 5085 3812 7261
12018 2 2 5 1 3321 3317 7117
12019 2 2 5 1 3333 3334 3335
12020 2 2 5 1 4783 7044 7369
12021 2 2 5 1 4200 4479 7525
12022 2 2 5 1 127 128 7281
12023 2 2 5 1 63 64 7283
12024 2 2 5 1 1797 1790 7234
12025 2 2 5 1 4253 4251 4254
12026 2 2 5 1 4883 4566 7492
12027 2 2 5 1 1210 1212 1213
12028 2 2 5 1 1054 1102 1146
12029 2 2 5 1 1802 1803 1804
12030 2 2 5 1 1781 1783 2071
12031 2 2 5 1 3270 3280 7319
12032 2 2 5 1 1205 1207 2658
12033 2 2 5 1 2821 2820 2822
12034 2 2 5 1 6914 7136 7389
12035 2 2 5 1 3271 3272 3273
12036 2 2 5 1 7369 4292 7506
12037 2 2 5 1 1270 1376 7457
12038 2 2 5 1 7514 3778 7614
12039 2 2 5 1 3794 3793 7268
12040 2 2 5 1 6857 3106 7438
12041 2 2 5 1 4803 3337 7159
12042 2 2 5 1 2718 2717 2719
12043 2 2 5 1 2559 2557 7251
12044 2 2 5 1 4783 7369 7506
12045 2 2 5 1 3359 7170 7189
12046 2 2 5 1 3361 3359 7189
12047 2 2 5 1 6570 6571 7614
12048 2 2 5 1 2796 2797 2798
12049 2 2 5 1 6557 4315 7540
12050 2 2 5 1 1182 3441 7518
12051 2 2 5 1 1554 1738 7502
12052 2 2 5 1 6735 2707 7431
12053 2 2 5 1 6827 6742 7471
12054 2 2 5 1 2716 2717 2718
12055 2 2 5 1 6994 4192 7294
12056 2 2 5 1 3801 3800 4530
12057 2 2 5 1 1357 1268 1358
12058 2 2 5 1 2159 2158 2160
12059 2 2 5 1 3398 7163 7346
12060 2 2 5 1 2088 2297 2298
12061 2 2 5 1 1988 1990 7495
12062 2 2 5 1 4354 3361 7189
12063 2 2 5 1 4192 3054 7326
12064 2 2 5 1 2825 2823 2826
12065 2 2 5 1 1462 1471 7277
12066 2 2 5 1 879 881 3424
12067 2 2 5 1 1343 1448 1449
12068 2 2 5 1 7273 1488 7362
12069 2 2 5 1 6745 4309 7528
12070 2 2 5 1 1255 1170 7214
12071 2 2 5 1 5422 5452 5453
12072 2 2 5 1 3399 6677 7542
12073 2 2 5 1 2177 2296 7348
12074 2 2 5 1 2799 2801 2802
12075 2 2 5 1 4223 7288 7340
12076 2 2 5 1 563 564 7329
12077 2 2 5 1 7035 1763 7493
12078 2 2 5 1 1280 1279 1359
12079 2 2 5 1 7191 4784 7328
12080 2 2 5 1 7508 4200 7525
12081 2 2 5 1 2954 7001 7382
12082 2 2 5 1 7157 4792 7387
12083 2 2 5 1 4836 7497 7573
12084 2 2 5 1 471 13 7373
12085 2 2 5 1 3629 4057 7207
12086 2 2 5 1 2234 3406 3407
12087 2 2 5 1 4582 4578 7161
12088 2 2 5 1 7246 4814 7353
12089 2 2 5 1 7088 4216 7397
12090 2 2 5 1 7135 4795 7411
12091 2 2 5 1 6933 2564 7335
12092 2 2 5 1 1985 3712 7571
12093 2 2 5 1 2736 2144 7348
12094 2 2 5 1 7683 2421 7693
12095 2 2 5 1 7252 5505 7556
12096 2 2 5 1 3709 1987 7571
12097 2 2 5 1 1445 1358 1446
12098 2 2 5 1 7271 1936 7375
12099 2 2 5 1 1261 3421 7176
12100 2 2 5 1 7414 4790 7455
12101 2 2 5 1 3333 3332 3334
12102 2 2 5 1 1654 5731 7378
12103 2 2 5 1 3404 3402 7703
12104 2 2 5 1 3131 2673 7342
12105 2 2 5 1 3608 3798 3956
12106 2 2 5 1 629 627 2647
12107 2 2 5 1 8294 4605 8811
12108 2 2 5 1 3273 3272 3274
12109 2 2 5 1 587 589 2646
12110 2 2 5 1 1788 4222 7234
12111 2 2 5 1 3282 3273 7368
12112 2 2 5 1 1824 1826 1943
12113 2 2 5 1 5295 3987 7808
12114 2 2 5 1 3284 3283 3606
12115 2 2 5 1 5834 8076 8103
12116 2 2 5 1 3726 6771 7325
12117 2 2 5 1 1459 1456 7497
12118 2 2 5 1 7168 6762 7335
12119 2 2 5 1 3535 2966 3883
12120 2 2 5 1 4805 7263 7413
12121 2 2 5 1 1447 4381 7311
12122 2 2 5 1 4368 1204 7244
12123 2 2 5 1 1417 7416 7466
12124 2 2 5 1 7176 4796 7424
12125 2 2 5 1 3407 3866 3867
12126 2 2 5 1 4329 7064 7253
12127 2 2 5 1 1804 1822 2653
12128 2 2 5 1 6377 6376 7597
12129 2 2 5 1 5821 5818 6156
12130 2 2 5 1 2271 1964 7284
12131 2 2 5 1 3276 3283 3284
12132 2 2 5 1 5463 5631 5632
12133 2 2 5 1 5459 5458 5460
12134 2 2 5 1 7277 6992 7418
12135 2 2 5 1 4866 4865 4873
12136 2 2 5 1 3679 4713 7183
12137 2 2 5 1 2157 2158 2159
12138 2 2 5 1 4469 2935 4470
12139 2 2 5 1 2934 4467 4468
12140 2 2 5 1 1792 1797 1798
12141 2 2 5 1 5083 5084 7334
12142 2 2 5 1 5931 4669 7595
12143 2 2 5 1 3310 3312 7303
12144 2 2 5 1 6997 4340 7461
12145 2 2 5 1 2370 776 7324
12146 2 2 5 1 3275 3274 3276
12147 2 2 5 1 1326 1105 1535
12148 2 2 5 1 7218 5693 7779
12149 2 2 5 1 7272 2130 7334
12150 2 2 5 1 3427 6630 8303
12151 2 2 5 1 7351 2827 7468
12152 2 2 5 1 7264 2624 7356
12153 2 2 5 1 4840 4865 4866
12154 2 2 5 1 3585 3583 3955
12155 2 2 5 1 2821 2822 2823
12156 2 2 5 1 5417 5434 7829
12157 2 2 5 1 1010 970 3191
12158 2 2 5 1 2402 3225 7338
12159 2 2 5 1 2825 2826 2827
12160 2 2 5 1 4410 7801 7838
12161 2 2 5 1 564 1349 7344
12162 2 2 5 1 1103 1342 1343
12163 2 2 5 1 3059 3842 3843
12164 2 2 5 1 4001 3883 4003
12165 2 2 5 1 7502 1738 7528
12166 2 2 5 1 3147 2884 3148
12167 2 2 5 1 757 6736 7758
12168 2 2 5 1 2380 1014 6574
12169 2 2 5 1 7064 3780 7253
12170 2 2 5 1 2802 2801 2803
12171 2 2 5 1 3895 4798 7336
12172 2 2 5 1 922 992 993
12173 2 2 5 1 990 921 991
12174 2 2 5 1 2173 3405 7480
12175 2 2 5 1 1214 1215 1216
12176 2 2 5 1 7507 4269 7545
12177 2 2 5 1 2798 2797 2799
12178 2 2 5 1 3846 3061 3847
12179 2 2 5 1 3840 3841 4936
12180 2 2 5 1 6389 6390 7364
12181 2 2 5 1 7247 1407 7461
12182 2 2 5 1 1232 6669 7332
12183 2 2 5 1 1697 1615 7512
12184 2 2 5 1 2185 7111 7194
12185 2 2 5 1 964 974 7322
12186 2 2 5 1 1963 2097 2169
12187 2 2 5 1 974 1008 4258
12188 2 2 5 1 2708 3154 3155
12189 2 2 5 1 2551 2553 7236
12190 2 2 5 1 3844 4478 7327
12191 2 2 5 1 1153 1279 1280
12192 2 2 5 1 7329 564 7344
12193 2 2 5 1 2803 7352 7469
12194 2 2 5 1 7338 3225 7361
12195 2 2 5 1 4484 3848 7330
12196 2 2 5 1 2884 2582 6938
12197 2 2 5 1 6762 6933 7335
12198 2 2 5 1 7443 3381 7472
12199 2 2 5 1 2144 2177 7348
12200 2 2 5 1 6393 6392 7637
12201 2 2 5 1 3962 3960 5050
12202 2 2 5 1 2654 2211 2690
12203 2 2 5 1 3314 3315 7117
12204 2 2 5 1 7170 1747 7300
12205 2 2 5 1 3025 2826 7404
12206 2 2 5 1 2802 3028 7408
12207 2 2 5 1 6526 7757 7769
12208 2 2 5 1 7301 5087 7336
12209 2 2 5 1 2298 2928 2929
12210 2 2 5 1 3183 2366 7430
12211 2 2 5 1 7267 6807 7400
12212 2 2 5 1 4831 4506 4832
12213 2 2 5 1 38 37 7380
12214 2 2 5 1 37 2692 7380
12215 2 2 5 1 3130 3129 3583
12216 2 2 5 1 1229 1232 7332
12217 2 2 5 1 1270 1150 1337
12218 2 2 5 1 4737 5758 7360
12219 2 2 5 1 4971 7751 8580
12220 2 2 5 1 1213 1212 1214
12221 2 2 5 1 823 798 7355
12222 2 2 5 1 4187 4312 7565
12223 2 2 5 1 13 12 7373
12224 2 2 5 1 755 716 1589
12225 2 2 5 1 1619 1694 7522
12226 2 2 5 1 7263 1648 7413
12227 2 2 5 1 7163 4290 7346
12228 2 2 5 1 5616 5617 7636
12229 2 2 5 1 1893 2204 2205
12230 2 2 5 1 2577 7183 7444
12231 2 2 5 1 2202 1883 2203
12232 2 2 5 1 1148 1269 1336
12233 2 2 5 1 974 4258 7322
12234 2 2 5 1 12 2689 7373
12235 2 2 5 1 5144 5145 5255
12236 2 2 5 1 1900 6984 7423
12237 2 2 5 1 3935 3547 7299
12238 2 2 5 1 7044 2146 7369
12239 2 2 5 1 2620 6957 7425
12240 2 2 5 1 1803 1800 7093
12241 2 2 5 1 6812 4319 7544
12242 2 2 5 1 5498 6758 7574
12243 2 2 5 1 2059 2057 2707
12244 2 2 5 1 1854 6094 7403
12245 2 2 5 1 1798 1799 1800
12246 2 2 5 1 6719 3381 7443
12247 2 2 5 1 1211 1438 3475
12248 2 2 5 1 4965 4882 4966
12249 2 2 5 1 2822 4313 4435
12250 2 2 5 1 3133 3507 4291
12251 2 2 5 1 4110 5024 5172
12252 2 2 5 1 4314 2798 4438
12253 2 2 5 1 2311 2774 3129
12254 2 2 5 1 3608 3403 3798
12255 2 2 5 1 5833 1472 7399
12256 2 2 5 1 4602 4429 7276
12257 2 2 5 1 4489 3986 4490
12258 2 2 5 1 2261 2110 7203
12259 2 2 5 1 2059 2707 2708
12260 2 2 5 1 1798 1800 1801
12261 2 2 5 1 2624 6870 7356
12262 2 2 5 1 5172 5024 5374
12263 2 2 5 1 3335 3334 3336
12264 2 2 5 1 3284 3801 7241
12265 2 2 5 1 6745 7528 7544
12266 2 2 5 1 2760 1229 7332
12267 2 2 5 1 6978 4223 7340
12268 2 2 5 1 7045 4243 7337
12269 2 2 5 1 4907 3798 7297
12270 2 2 5 1 4932 4003 5135
12271 2 2 5 1 6862 1417 7466
12272 2 2 5 1 3273 3274 3275
12273 2 2 5 1 3113 2792 3932
12274 2 2 5 1 3800 3606 3946
12275 2 2 5 1 5007 4486 5008
12276 2 2 5 1 3947 3933 4967
12277 2 2 5 1 1220 1224 7225
12278 2 2 5 1 4539 4752 4753
12279 2 2 5 1 3463 4880 7398
12280 2 2 5 1 3099 2776 3546
12281 2 2 5 1 4700 5728 7275
12282 2 2 5 1 3689 3992 4603
12283 2 2 5 1 3984 3148 3985
12284 2 2 5 1 3826 3822 7193
12285 2 2 5 1 4772 4515 4773
12286 2 2 5 1 4951 3812 4953
12287 2 2 5 1 4944 4942 7728
12288 2 2 5 1 2777 1218 7225
12289 2 2 5 1 1397 1439 7362
12290 2 2 5 1 6391 6379 7637
12291 2 2 5 1 4881 4883 5612
12292 2 2 5 1 2890 2892 3834
12293 2 2 5 1 5087 5474 7359
12294 2 2 5 1 1871 2066 7300
12295 2 2 5 1 2908 3506 6970
12296 2 2 5 1 1800 1799 7093
12297 2 2 5 1 6850 3778 7514
12298 2 2 5 1 3275 3276 7241
12299 2 2 5 1 3038 7207 7430
12300 2 2 5 1 1746 7239 7498
12301 2 2 5 1 2841 2825 7351
12302 2 2 5 1 2141 7125 7350
12303 2 2 5 1 2801 2817 7352
12304 2 2 5 1 5522 5523 5611
12305 2 2 5 1 7175 6683 7416
12306 2 2 5 1 3155 3154 3840
12307 2 2 5 1 1218 1220 7225
12308 2 2 5 1 6152 7361 7511
12309 2 2 5 1 1747 1871 7300
12310 2 2 5 1 6229 4246 7377
12311 2 2 5 1 1202 1203 1208
12312 2 2 5 1 3421 4796 7176
12313 2 2 5 1 4814 5983 7353
12314 2 2 5 1 4784 7141 7328
12315 2 2 5 1 1793 1677 7498
12316 2 2 5 1 7103 2620 7425
12317 2 2 5 1 4806 7214 7456
12318 2 2 5 1 4369 4320 7576
12319 2 2 5 1 6188 1159 7631
12320 2 2 5 1 6949 6950 7365
12321 2 2 5 1 1766 1841 7555
12322 2 2 5 1 6141 3708 7661
12323 2 2 5 1 3846 3847 6750
12324 2 2 5 1 1336 1374 1646
12325 2 2 5 1 6643 7356 7443
12326 2 2 5 1 3985 3148 3986
12327 2 2 5 1 4370 6199 7626
12328 2 2 5 1 2657 2064 7235
12329 2 2 5 1 2820 2363 7182
12330 2 2 5 1 7021 4237 7530
12331 2 2 5 1 1198 2156 2157
12332 2 2 5 1 6200 6198 7658
12333 2 2 5 1 3811 3812 4951
12334 2 2 5 1 4327 4325 7598
12335 2 2 5 1 1801 1802 1958
12336 2 2 5 1 4661 3947 7219
12337 2 2 5 1 1646 1647 1669
12338 2 2 5 1 7491 2111 7613
12339 2 2 5 1 2045 1739 2046
12340 2 2 5 1 1791 1790 1792
12341 2 2 5 1 1061 1106 2665
12342 2 2 5 1 7796 5502 7860
12343 2 2 5 1 4803 7159 7415
12344 2 2 5 1 2708 2707 3154
12345 2 2 5 1 2396 2796 7185
12346 2 2 5 1 3309 1255 7214
12347 2 2 5 1 7396 6289 7636
12348 2 2 5 1 1694 1621 7552
12349 2 2 5 1 4285 4694 7347
12350 2 2 5 1 6806 6805 7470
12351 2 2 5 1 3441 1184 3442
12352 2 2 5 1 920 4871 7583
12353 2 2 5 1 3768 4330 7568
12354 2 2 5 1 3300 3297 7287
12355 2 2 5 1 4325 3776 7585
12356 2 2 5 1 5463 5460 5631
12357 2 2 5 1 1722 1827 1828
12358 2 2 5 1 35 470 7419
12359 2 2 5 1 3796 1958 3797
12360 2 2 5 1 1832 2081 7375
12361 2 2 5 1 3946 5253 5493
12362 2 2 5 1 4333 4289 7417
12363 2 2 5 1 3272 3270 7319
12364 2 2 5 1 3606 3283 7226
12365 2 2 5 1 3811 3599 3812
12366 2 2 5 1 1221 1214 7238
12367 2 2 5 1 1603 1605 7379
12368 2 2 5 1 3830 3131 3853
12369 2 2 5 1 4344 7471 7510
12370 2 2 5 1 5457 5456 5458
12371 2 2 5 1 5850 4597 7669
12372 2 2 5 1 3797 1958 4890
12373 2 2 5 1 1669 1672 1673
12374 2 2 5 1 3956 3798 4906
12375 2 2 5 1 1801 1800 1802
12376 2 2 5 1 4271 4273 7519
12377 2 2 5 1 3992 3690 4570
12378 2 2 5 1 128 129 495
12379 2 2 5 1 62 63 496
12380 2 2 5 1 2838 3058 3059
12381 2 2 5 1 4458 3494 4565
12382 2 2 5 1 5471 3135 8281
12383 2 2 5 1 6086 4141 7663
12384 2 2 5 1 7335 2564 7475
12385 2 2 5 1 2082 1935 2201
12386 2 2 5 1 3420 3419 3881
12387 2 2 5 1 2903 2905 2906
12388 2 2 5 1 7029 3338 7333
12389 2 2 5 1 3060 2814 3061
12390 2 2 5 1 1587 1720 1722
12391 2 2 5 1 4402 4400 4472
12392 2 2 5 1 7104 5747 7559
12393 2 2 5 1 1581 1583 3462
12394 2 2 5 1 3463 3442 3494
12395 2 2 5 1 3284 3606 3800
12396 2 2 5 1 4243 7037 7337
12397 2 2 5 1 4109 3557 4110
12398 2 2 5 1 4340 4341 7605
12399 2 2 5 1 4367 6393 7662
12400 2 2 5 1 885 883 2413
12401 2 2 5 1 4290 4705 7346
12402 2 2 5 1 6674 7568 7589
12403 2 2 5 1 2359 3100 7182
12404 2 2 5 1 871 873 2412
12405 2 2 5 1 4599 4600 7768
12406 2 2 5 1 4822 7375 7481
12407 2 2 5 1 1880 1716 7536
12408 2 2 5 1 3689 2928 3690
12409 2 2 5 1 7728 2705 7774
12410 2 2 5 1 2714 2715 2716
12411 2 2 5 1 1625 1693 7567
12412 2 2 5 1 1440 1375 1465
12413 2 2 5 1 4497 4327 7615
12414 2 2 5 1 7125 4739 7350
12415 2 2 5 1 1673 1815 1816
12416 2 2 5 1 7222 1780 7548
12417 2 2 5 1 1057 1010 7459
12418 2 2 5 1 819 6576 7385
12419 2 2 5 1 1663 1748 7256
12420 2 2 5 1 1200 1201 1202
12421 2 2 5 1 6845 3885 6846
12422 2 2 5 1 2834 2836 7737
12423 2 2 5 1 680 3107 7390
12424 2 2 5 1 3921 3546 7372
12425 2 2 5 1 3101 2391 7185
12426 2 2 5 1 2902 2225 2903
12427 2 2 5 1 2224 1960 2225
12428 2 2 5 1 1726 1560 1732
12429 2 2 5 1 7243 4301 7707
12430 2 2 5 1 1978 2218 7394
12431 2 2 5 1 2688 2989 3080
12432 2 2 5 1 7560 4791 7612
12433 2 2 5 1 1789 1788 1790
12434 2 2 5 1 4739 7040 7350
12435 2 2 5 1 7544 4319 7585
12436 2 2 5 1 3546 2776 3547
12437 2 2 5 1 4485 3888 4486
12438 2 2 5 1 1202 1201 1203
12439 2 2 5 1 3598 3599 3811
12440 2 2 5 1 5144 4489 5145
12441 2 2 5 1 3750 7202 7507
12442 2 2 5 1 1008 1054 7463
12443 2 2 5 1 3395 1665 7256
12444 2 2 5 1 6542 3376 7417
12445 2 2 5 1 3297 3296 7287
12446 2 2 5 1 4399 3797 4400
12447 2 2 5 1 6806 7470 7573
12448 2 2 5 1 1740 2045 2047
12449 2 2 5 1 690 687 7392
12450 2 2 5 1 4866 4873 4874
12451 2 2 5 1 2812 2810 7738
12452 2 2 5 1 3233 6868 7381
12453 2 2 5 1 1665 1663 7256
12454 2 2 5 1 4810 5066 5278
12455 2 2 5 1 2272 3569 7410
12456 2 2 5 1 1459 7560 7612
12457 2 2 5 1 5084 7272 7334
12458 2 2 5 1 2876 4499 4500
12459 2 2 5 1 1929 1741 1935
12460 2 2 5 1 2906 3913 7383
12461 2 2 5 1 5703 4100 7351
12462 2 2 5 1 2419 6533 7658
12463 2 2 5 1 2392 6035 7580
12464 2 2 5 1 2425 6289 7396
12465 2 2 5 1 1949 1948 7302
12466 2 2 5 1 1262 1264 7387
12467 2 2 5 1 4327 7598 7615
12468 2 2 5 1 2716 2715 2717
12469 2 2 5 1 5314 6799 7603
12470 2 2 5 1 4304 7501 7565
12471 2 2 5 1 2297 2087 2684
12472 2 2 5 1 61 62 7282
12473 2 2 5 1 129 130 7308
12474 2 2 5 1 2659 2876 7354
12475 2 2 5 1 36 35 7419
12476 2 2 5 1 4500 4501 4502
12477 2 2 5 1 2066 2065 7316
12478 2 2 5 1 869 38 7380
12479 2 2 5 1 4103 5706 7352
12480 2 2 5 1 5426 5424 5432
12481 2 2 5 1 3772 2949 7403
12482 2 2 5 1 1605 1607 7402
12483 2 2 5 1 1959 1820 1960
12484 2 2 5 1 1216 2777 7238
12485 2 2 5 1 4806 3309 7214
12486 2 2 5 1 4836 4328 7560
12487 2 2 5 1 4558 5047 7384
12488 2 2 5 1 2085 2907 2908
12489 2 2 5 1 4351 4100 5703
12490 2 2 5 1 4103 4352 5706
12491 2 2 5 1 131 132 7306
12492 2 2 5 1 59 60 7304
12493 2 2 5 1 829 912 913
12494 2 2 5 1 4401 4400 4402
12495 2 2 5 1 1868 1791 1899
12496 2 2 5 1 5587 3964 7655
12497 2 2 5 1 2594 6914 7389
12498 2 2 5 1 7379 1605 7402
12499 2 2 5 1 3598 3547 3599
12500 2 2 5 1 3556 3557 4109
12501 2 2 5 1 2903 2906 3556
12502 2 2 5 1 7037 3762 7337
12503 2 2 5 1 7207 5529 7430
12504 2 2 5 1 891 889 7232
12505 2 2 5 1 5000 4497 7633
12506 2 2 5 1 3233 7381 7414
12507 2 2 5 1 1591 1739 1740
12508 2 2 5 1 3708 3008 7661
12509 2 2 5 1 7189 7170 7300
12510 2 2 5 1 4502 4503 4505
12511 2 2 5 1 2757 2076 7409
12512 2 2 5 1 7519 4273 7652
12513 2 2 5 1 6271 7021 7530
12514 2 2 5 1 6966 7252 7556
12515 2 2 5 1 5443 4202 7559
12516 2 2 5 1 1455 6806 7573
12517 2 2 5 1 4440 4402 4585
12518 2 2 5 1 6492 7362 7502
12519 2 2 5 1 7130 6542 7417
12520 2 2 5 1 2855 2721 7254
12521 2 2 5 1 2721 2719 7254
12522 2 2 5 1 6140 4813 7688
12523 2 2 5 1 3202 3469 4726
12524 2 2 5 1 6288 6287 7662
12525 2 2 5 1 4724 7744 7757
12526 2 2 5 1 1470 1460 7612
12527 2 2 5 1 1828 2084 2085
12528 2 2 5 1 2719 2901 7254
12529 2 2 5 1 1924 1899 2087
12530 2 2 5 1 1210 1209 1211
12531 2 2 5 1 2146 7108 7369
12532 2 2 5 1 912 914 943
12533 2 2 5 1 4616 5055 5484
12534 2 2 5 1 5060 4618 5483
12535 2 2 5 1 1210 1211 1212
12536 2 2 5 1 3059 3843 3844
12537 2 2 5 1 5455 5453 5456
12538 2 2 5 1 3847 3061 3848
12539 2 2 5 1 7509 5225 7746
12540 2 2 5 1 2686 2687 2688
12541 2 2 5 1 6807 1488 7400
12542 2 2 5 1 7179 2145 7480
12543 2 2 5 1 2051 2049 2705
12544 2 2 5 1 4966 4882 5550
12545 2 2 5 1 3893 4301 7243
12546 2 2 5 1 877 879 7245
12547 2 2 5 1 2055 2053 2233
12548 2 2 5 1 7001 4226 7382
12549 2 2 5 1 7202 6695 7507
12550 2 2 5 1 2088 2087 2297
12551 2 2 5 1 4325 7585 7598
12552 2 2 5 1 1203 1201 1204
12553 2 2 5 1 977 1056 7050
12554 2 2 5 1 3985 3986 4489
12555 2 2 5 1 4497 7615 7633
12556 2 2 5 1 3006 3715 7661
12557 2 2 5 1 6877 2608 7397
12558 2 2 5 1 5513 5515 5516
12559 2 2 5 1 1438 1209 7199
12560 2 2 5 1 1214 1216 7238
12561 2 2 5 1 60 61 2645
12562 2 2 5 1 130 131 2644
12563 2 2 5 1 1648 1737 7413
12564 2 2 5 1 4222 1786 7349
12565 2 2 5 1 3546 3547 3598
12566 2 2 5 1 921 893 7260
12567 2 2 5 1 1207 1209 1210
12568 2 2 5 1 4060 4074 7628
12569 2 2 5 1 4289 7130 7417
12570 2 2 5 1 1258 1256 7415
12571 2 2 5 1 1207 1206 1209
12572 2 2 5 1 3110 5816 5817
12573 2 2 5 1 1427 1341 1428
12574 2 2 5 1 4833 6962 7496
12575 2 2 5 1 1340 1424 1425
12576 2 2 5 1 5993 2360 7618
12577 2 2 5 1 4828 4826 7420
12578 2 2 5 1 3689 4603 7412
12579 2 2 5 1 6564 2488 7651
12580 2 2 5 1 3885 3145 3886
12581 2 2 5 1 1819 1731 1820
12582 2 2 5 1 3968 3335 7285
12583 2 2 5 1 4205 6650 7678
12584 2 2 5 1 3844 3843 4476
12585 2 2 5 1 1005 1006 1060
12586 2 2 5 1 2262 4855 7613
12587 2 2 5 1 2228 2685 2686
12588 2 2 5 1 14 471 7428
12589 2 2 5 1 1561 1560 1726
12590 2 2 5 1 3847 3848 4482
12591 2 2 5 1 881 922 7259
12592 2 2 5 1 4725 3787 7850
12593 2 2 5 1 6154 4295 7422
12594 2 2 5 1 1779 1688 1869
12595 2 2 5 1 3225 7210 7361
12596 2 2 5 1 4817 7335 7475
12597 2 2 5 1 936 935 976
12598 2 2 5 1 1693 1627 7617
12599 2 2 5 1 2224 2225 2902
12600 2 2 5 1 4505 4630 5128
12601 2 2 5 1 5000 7633 7645
12602 2 2 5 1 2827 2826 2828
12603 2 2 5 1 6658 7179 7480
12604 2 2 5 1 7397 2608 7427
12605 2 2 5 1 2668 2863 2864
12606 2 2 5 1 1801 3796 7345
12607 2 2 5 1 6531 1994 7639
12608 2 2 5 1 5243 7529 7754
12609 2 2 5 1 2692 36 7419
12610 2 2 5 1 2205 2276 7749
12611 2 2 5 1 2274 2203 7750
12612 2 2 5 1 2802 2803 2804
12613 2 2 5 1 7808 5542 8331
12614 2 2 5 1 6385 6386 7437
12615 2 2 5 1 4639 4353 5321
12616 2 2 5 1 2299 2167 2743
12617 2 2 5 1 1083 1125 7424
12618 2 2 5 1 6881 3233 7414
12619 2 2 5 1 7913 5853 7949
12620 2 2 5 1 5458 5456 5461
12621 2 2 5 1 1404 1403 1560
12622 2 2 5 1 6557 7555 7578
12623 2 2 5 1 1959 1960 2224
12624 2 2 5 1 943 944 1005
12625 2 2 5 1 1447 1590 1591
12626 2 2 5 1 1790 1788 7234
12627 2 2 5 1 1787 1786 1788
12628 2 2 5 1 806 828 829
12629 2 2 5 1 5023 3557 7383
12630 2 2 5 1 3479 3155 7276
12631 2 2 5 1 5291 3597 5292
12632 2 2 5 1 2908 3505 3506
12633 2 2 5 1 6749 5073 7645
12634 2 2 5 1 4287 4805 7429
12635 2 2 5 1 4697 5175 7701
12636 2 2 5 1 7769 4857 7780
12637 2 2 5 1 3415 3416 3417
12638 2 2 5 1 4291 4623 4904
12639 2 2 5 1 5617 7396 7636
12640 2 2 5 1 7337 3762 7473
12641 2 2 5 1 1631 1681 7625
12642 2 2 5 1 1545 1428 1546
12643 2 2 5 1 1425 1543 1544
12644 2 2 5 1 933 910 935
12645 2 2 5 1 15 14 7428
12646 2 2 5 1 2864 3565 3880
12647 2 2 5 1 7656 1159 7668
12648 2 2 5 1 3457 2924 3458
12649 2 2 5 1 2922 3454 3455
12650 2 2 5 1 3853 3131 7342
12651 2 2 5 1 3296 4286 7287
12652 2 2 5 1 2827 2828 2829
12653 2 2 5 1 4863 5414 8055
12654 2 2 5 1 7748 6899 7824
12655 2 2 5 1 3506 4463 4645
12656 2 2 5 1 2804 2803 2805
12657 2 2 5 1 2988 3601 3602
12658 2 2 5 1 7513 4808 7630
12659 2 2 5 1 3889 3157 3890
12660 2 2 5 1 2639 6748 7420
12661 2 2 5 1 1306 6917 7501
12662 2 2 5 1 3602 4441 4442
12663 2 2 5 1 1086 1052 7668
12664 2 2 5 1 2366 3038 7430
12665 2 2 5 1 4805 7413 7429
12666 2 2 5 1 8555 5211 8701
12667 2 2 5 1 4451 3893 7243
12668 2 2 5 1 4601 3383 7594
12669 2 2 5 1 6525 3194 7436
12670 2 2 5 1 7645 5073 7657
12671 2 2 5 1 3598 7112 7372
12672 2 2 5 1 1994 1996 7639
12673 2 2 5 1 2064 2073 7235
12674 2 2 5 1 3276 3284 7241
12675 2 2 5 1 1720 1588 1721
12676 2 2 5 1 4565 3494 4566
12677 2 2 5 1 7204 6229 7464
12678 2 2 5 1 4380 3867 5013
12679 2 2 5 1 1561 1726 1727
12680 2 2 5 1 3775 4345 7634
12681 2 2 5 1 1060 1180 1181
12682 2 2 5 1 1819 1820 1959
12683 2 2 5 1 2299 2743 2776
12684 2 2 5 1 1372 1370 7416
12685 2 2 5 1 1312 1217 7602
12686 2 2 5 1 2916 2293 2968
12687 2 2 5 1 7676 4171 7906
12688 2 2 5 1 3749 2315 7601
12689 2 2 5 1 3600 2968 3852
12690 2 2 5 1 4304 7472 7501
12691 2 2 5 1 2097 2167 2299
12692 2 2 5 1 3844 4476 4477
12693 2 2 5 1 2097 1964 2167
12694 2 2 5 1 2887 2888 3680
12695 2 2 5 1 2796 4314 7185
12696 2 2 5 1 1243 976 1244
12697 2 2 5 1 4313 2820 7182
12698 2 2 5 1 2074 2227 3415
12699 2 2 5 1 4482 3848 4483
12700 2 2 5 1 2394 2392 7580
12701 2 2 5 1 6642 6643 7443
12702 2 2 5 1 4503 4501 4504
12703 2 2 5 1 2829 2830 2831
12704 2 2 5 1 2039 2134 7464
12705 2 2 5 1 4567 4566 4881
12706 2 2 5 1 3556 2906 3557
12707 2 2 5 1 1728 1729 1730
12708 2 2 5 1 2806 2805 2807
12709 2 2 5 1 4358 3900 4359
12710 2 2 5 1 2199 2200 2887
12711 2 2 5 1 1789 1790 1791
12712 2 2 5 1 1730 1731 1819
12713 2 2 5 1 4700 7275 7847
12714 2 2 5 1 5817 5818 5821
12715 2 2 5 1 4567 4881 4882
12716 2 2 5 1 7108 4292 7369
12717 2 2 5 1 1183 1185 1267
12718 2 2 5 1 4798 7301 7336
12719 2 2 5 1 1587 1586 1588
12720 2 2 5 1 3143 2734 3144
12721 2 2 5 1 5642 5644 5645
12722 2 2 5 1 2627 6729 7455
12723 2 2 5 1 1718 1546 1719
12724 2 2 5 1 1544 1716 1717
12725 2 2 5 1 5422 5420 5452
12726 2 2 5 1 2234 1829 3406
12727 2 2 5 1 2608 6932 7427
12728 2 2 5 1 2287 2201 2288
12729 2 2 5 1 1751 2272 7410
12730 2 2 5 1 2905 2225 7313
12731 2 2 5 1 2119 2973 7601
12732 2 2 5 1 1205 1206 1207
12733 2 2 5 1 1787 1788 1789
12734 2 2 5 1 1357 1445 1447
12735 2 2 5 1 4374 6288 7681
12736 2 2 5 1 4565 4566 4567
12737 2 2 5 1 3375 6174 7411
12738 2 2 5 1 4477 4476 5340
12739 2 2 5 1 1280 4336 7388
12740 2 2 5 1 2829 2828 2830
12741 2 2 5 1 1884 1719 1885
12742 2 2 5 1 1728 1727 1729
12743 2 2 5 1 1717 1873 1874
12744 2 2 5 1 6642 7443 7472
12745 2 2 5 1 4482 4483 5341
12746 2 2 5 1 5342 4633 5344
12747 2 2 5 1 4333 7417 7558
12748 2 2 5 1 2842 6420 7691
12749 2 2 5 1 2804 2805 2806
12750 2 2 5 1 1310 1244 1311
12751 2 2 5 1 4006 4908 5203
12752 2 2 5 1 470 34 7450
12753 2 2 5 1 1960 2744 7313
12754 2 2 5 1 3473 7667 7727
12755 2 2 5 1 697 698 720
12756 2 2 5 1 700 699 722
12757 2 2 5 1 4909 4004 5202
12758 2 2 5 1 2627 7455 7474
12759 2 2 5 1 5439 7638 8522
12760 2 2 5 1 4014 8663 8737
12761 2 2 5 1 1975 2206 2668
12762 2 2 5 1 6397 6396 7845
12763 2 2 5 1 2073 2293 2294
12764 2 2 5 1 6957 4228 7425
12765 2 2 5 1 4324 4782 7660
12766 2 2 5 1 2831 2830 2838
12767 2 2 5 1 1267 1268 1357
12768 2 2 5 1 4807 4808 7513
12769 2 2 5 1 4779 6746 7608
12770 2 2 5 1 910 823 911
12771 2 2 5 1 7420 4826 7454
12772 2 2 5 1 2806 2807 2814
12773 2 2 5 1 1175 1199 1200
12774 2 2 5 1 4810 4446 5066
12775 2 2 5 1 5754 4835 7880
12776 2 2 5 1 1403 913 2666
12777 2 2 5 1 2916 3600 4355
12778 2 2 5 1 2639 7420 7454
12779 2 2 5 1 4922 3921 7372
12780 2 2 5 1 1953 1951 7269
12781 2 2 5 1 5073 5130 7657
12782 2 2 5 1 2298 2297 2928
12783 2 2 5 1 1426 1666 2199
12784 2 2 5 1 4404 4621 5309
12785 2 2 5 1 7362 1439 7502
12786 2 2 5 1 2929 2928 3689
12787 2 2 5 1 7079 4792 7553
12788 2 2 5 1 7303 3316 7453
12789 2 2 5 1 7388 4336 7604
12790 2 2 5 1 34 33 7450
12791 2 2 5 1 1834 1732 1835
12792 2 2 5 1 2360 2364 7618
12793 2 2 5 1 1404 1560 1561
12794 2 2 5 1 1609 1611 7449
12795 2 2 5 1 1681 1633 7654
12796 2 2 5 1 1317 7310 7513
12797 2 2 5 1 1963 1835 1964
12798 2 2 5 1 2907 2084 3437
12799 2 2 5 1 3336 3608 7285
12800 2 2 5 1 3913 4959 7383
12801 2 2 5 1 1635 2625 7654
12802 2 2 5 1 3058 2830 7391
12803 2 2 5 1 1963 1964 2097
12804 2 2 5 1 7278 4837 7470
12805 2 2 5 1 7416 6683 7466
12806 2 2 5 1 2806 3060 7393
12807 2 2 5 1 2876 2875 4498
12808 2 2 5 1 1962 1854 7403
12809 2 2 5 1 2064 2072 2073
12810 2 2 5 1 1730 1729 1731
12811 2 2 5 1 1901 1870 4419
12812 2 2 5 1 1965 1903 2043
12813 2 2 5 1 1898 2652 7477
12814 2 2 5 1 2134 7204 7464
12815 2 2 5 1 4463 3505 4464
12816 2 2 5 1 7440 4368 7726
12817 2 2 5 1 1834 1835 1963
12818 2 2 5 1 4444 4442 4776
12819 2 2 5 1 4811 7247 7461
12820 2 2 5 1 5858 2738 8165
12821 2 2 5 1 2299 3099 7401
12822 2 2 5 1 3442 1184 3761
12823 2 2 5 1 1123 1081 7456
12824 2 2 5 1 6736 6863 7675
12825 2 2 5 1 3569 4447 4448
12826 2 2 5 1 4275 4277 7520
12827 2 2 5 1 4712 3232 7644
12828 2 2 5 1 7375 2081 7481
12829 2 2 5 1 1654 1429 1688
12830 2 2 5 1 4790 4350 7455
12831 2 2 5 1 3169 3749 7644
12832 2 2 5 1 8511 4245 8520
12833 2 2 5 1 2659 1751 2875
12834 2 2 5 1 7251 7054 7496
12835 2 2 5 1 2712 2713 2714
12836 2 2 5 1 1357 1358 1445
12837 2 2 5 1 4301 4302 5173
12838 2 2 5 1 3689 3690 3992
12839 2 2 5 1 3332 3323 7441
12840 2 2 5 1 829 828 912
12841 2 2 5 1 3262 7124 7553
12842 2 2 5 1 583 585 701
12843 2 2 5 1 625 623 702
12844 2 2 5 1 6831 2639 7454
12845 2 2 5 1 1585 1584 1586
12846 2 2 5 1 3335 3336 7285
12847 2 2 5 1 1209 1206 7199
12848 2 2 5 1 4010 3835 7534
12849 2 2 5 1 3772 7403 7673
12850 2 2 5 1 5081 4433 5254
12851 2 2 5 1 6770 2627 7474
12852 2 2 5 1 3155 3840 7276
12853 2 2 5 1 4323 5619 7629
12854 2 2 5 1 3881 3419 4353
12855 2 2 5 1 7239 4823 7498
12856 2 2 5 1 6992 3354 7418
12857 2 2 5 1 1836 2111 7491
12858 2 2 5 1 7142 2569 7482
12859 2 2 5 1 2714 2713 2715
12860 2 2 5 1 5703 2839 7699
12861 2 2 5 1 2835 2833 2910
12862 2 2 5 1 4826 4827 7454
12863 2 2 5 1 1512 1510 7462
12864 2 2 5 1 4792 3260 7553
12865 2 2 5 1 132 133 7307
12866 2 2 5 1 6600 6862 7564
12867 2 2 5 1 58 59 7305
12868 2 2 5 1 6804 7278 7470
12869 2 2 5 1 2809 2811 2911
12870 2 2 5 1 1785 1786 1787
12871 2 2 5 1 6862 7466 7564
12872 2 2 5 1 3106 7107 7438
12873 2 2 5 1 3273 3275 7368
12874 2 2 5 1 6770 7474 7489
12875 2 2 5 1 3871 3872 4536
12876 2 2 5 1 1407 6997 7461
12877 2 2 5 1 5505 5615 7556
12878 2 2 5 1 3422 3313 7376
12879 2 2 5 1 1204 1201 7244
12880 2 2 5 1 3992 4570 4895
12881 2 2 5 1 3874 3873 4537
12882 2 2 5 1 771 769 1592
12883 2 2 5 1 4432 4359 4433
12884 2 2 5 1 4229 7211 7395
12885 2 2 5 1 829 913 1058
12886 2 2 5 1 2569 2567 7482
12887 2 2 5 1 1742 1929 1930
12888 2 2 5 1 1611 1613 7460
12889 2 2 5 1 806 805 828
12890 2 2 5 1 5477 2657 7235
12891 2 2 5 1 1785 1784 1786
12892 2 2 5 1 1104 1145 1149
12893 2 2 5 1 4429 3479 7276
12894 2 2 5 1 1146 1102 1147
12895 2 2 5 1 822 823 910
12896 2 2 5 1 7455 4350 7474
12897 2 2 5 1 1021 1000 7693
12898 2 2 5 1 2047 2045 2221
12899 2 2 5 1 7449 1611 7460
12900 2 2 5 1 3137 3931 4386
12901 2 2 5 1 606 604 7465
12902 2 2 5 1 3802 3144 3803
12903 2 2 5 1 2815 5706 7702
12904 2 2 5 1 3798 3403 7297
12905 2 2 5 1 3580 2909 3668
12906 2 2 5 1 2876 4500 7354
12907 2 2 5 1 3997 5094 5231
12908 2 2 5 1 777 805 806
12909 2 2 5 1 3323 3321 7441
12910 2 2 5 1 4386 4636 4887
12911 2 2 5 1 2949 1962 7403
12912 2 2 5 1 911 823 1128
12913 2 2 5 1 1740 1739 2045
12914 2 2 5 1 4294 1404 7358
12915 2 2 5 1 1205 1204 1206
12916 2 2 5 1 6570 7634 7651
12917 2 2 5 1 3881 4353 4639
12918 2 2 5 1 2988 2310 3601
12919 2 2 5 1 3311 4806 7376
12920 2 2 5 1 2860 2837 3134
12921 2 2 5 1 5451 4451 7243
12922 2 2 5 1 1182 1183 1184
12923 2 2 5 1 3407 3406 3866
12924 2 2 5 1 6751 1999 7680
12925 2 2 5 1 2813 2859 3135
12926 2 2 5 1 1824 1943 7570
12927 2 2 5 1 1591 1590 1739
12928 2 2 5 1 3417 3818 3819
12929 2 2 5 1 6683 6682 7466
12930 2 2 5 1 797 798 822
12931 2 2 5 1 1999 2000 7680
12932 2 2 5 1 2229 1949 7302
12933 2 2 5 1 1557 1741 1742
12934 2 2 5 1 2825 2827 7351
12935 2 2 5 1 2625 1637 7674
12936 2 2 5 1 4361 5896 7683
12937 2 2 5 1 1639 1682 7674
12938 2 2 5 1 4202 7104 7559
12939 2 2 5 1 2803 2801 7352
12940 2 2 5 1 1948 2673 2674
12941 2 2 5 1 1060 1181 1182
12942 2 2 5 1 3866 3406 4849
12943 2 2 5 1 3132 3830 3831
12944 2 2 5 1 4303 6642 7472
12945 2 2 5 1 5456 5453 7223
12946 2 2 5 1 2945 7016 7537
12947 2 2 5 1 1793 7498 7607
12948 2 2 5 1 4350 4348 7474
12949 2 2 5 1 3640 6565 7697
12950 2 2 5 1 7461 4340 7605
12951 2 2 5 1 3557 2906 7383
12952 2 2 5 1 434 433 7689
12953 2 2 5 1 3475 4831 7370
12954 2 2 5 1 3875 4424 5071
12955 2 2 5 1 4023 8668 8740
12956 2 2 5 1 4301 3833 4302
12957 2 2 5 1 4838 7256 7491
12958 2 2 5 1 7425 4228 7527
12959 2 2 5 1 6742 2258 7510
12960 2 2 5 1 1951 2229 7269
12961 2 2 5 1 5453 5452 7223
12962 2 2 5 1 4713 5982 7444
12963 2 2 5 1 2713 2696 2791
12964 2 2 5 1 2674 3131 3132
12965 2 2 5 1 3014 3580 3875
12966 2 2 5 1 2828 3025 7391
12967 2 2 5 1 7454 4827 7493
12968 2 2 5 1 1721 1751 2659
12969 2 2 5 1 943 1005 4375
12970 2 2 5 1 1726 1732 1834
12971 2 2 5 1 3028 2804 7393
12972 2 2 5 1 5763 4270 7575
12973 2 2 5 1 2287 2909 3014
12974 2 2 5 1 4838 7491 7613
12975 2 2 5 1 720 721 758
12976 2 2 5 1 723 722 760
12977 2 2 5 1 7768 4600 7785
12978 2 2 5 1 883 882 7445
12979 2 2 5 1 7370 4831 7602
12980 2 2 5 1 870 871 7447
12981 2 2 5 1 6831 7454 7493
12982 2 2 5 1 6805 6804 7470
12983 2 2 5 1 7183 4713 7444
12984 2 2 5 1 2564 7236 7475
12985 2 2 5 1 2311 3130 7316
12986 2 2 5 1 7211 3101 7395
12987 2 2 5 1 2065 2311 7316
12988 2 2 5 1 619 617 1725
12989 2 2 5 1 822 798 823
12990 2 2 5 1 2225 1960 7313
12991 2 2 5 1 7474 4348 7489
12992 2 2 5 1 6381 6382 7494
12993 2 2 5 1 5897 4360 7683
12994 2 2 5 1 5645 5646 5650
12995 2 2 5 1 7480 3405 7576
12996 2 2 5 1 523 524 538
12997 2 2 5 1 526 525 540
12998 2 2 5 1 7553 7124 7694
12999 2 2 5 1 3321 7117 7441
13000 2 2 5 1 3129 2774 7366
13001 2 2 5 1 1722 1720 1827
13002 2 2 5 1 7510 2258 7540
13003 2 2 5 1 1579 1449 1580
13004 2 2 5 1 1583 1582 1584
13005 2 2 5 1 2081 6754 7481
13006 2 2 5 1 777 776 805
13007 2 2 5 1 4038 4712 7676
13008 2 2 5 1 6149 6152 7511
13009 2 2 5 1 7566 4558 7682
13010 2 2 5 1 1447 1445 1590
13011 2 2 5 1 4758 6190 7608
13012 2 2 5 1 1674 6600 7632
13013 2 2 5 1 6600 7564 7632
13014 2 2 5 1 1018 1040 1041
13015 2 2 5 1 1038 1016 1039
13016 2 2 5 1 4893 4982 7691
13017 2 2 5 1 3546 3598 7372
13018 2 2 5 1 1203 1204 1205
13019 2 2 5 1 7035 7514 7614
13020 2 2 5 1 1826 1898 7477
13021 2 2 5 1 7653 6022 7687
13022 2 2 5 1 1948 2674 7302
13023 2 2 5 1 1182 1181 1183
13024 2 2 5 1 3883 2966 5028
13025 2 2 5 1 3997 3566 3998
13026 2 2 5 1 2004 2005 7692
13027 2 2 5 1 2774 3133 7366
13028 2 2 5 1 1106 1153 7388
13029 2 2 5 1 1948 1752 2673
13030 2 2 5 1 2211 1869 7423
13031 2 2 5 1 4822 7481 7508
13032 2 2 5 1 7194 7111 7386
13033 2 2 5 1 4502 4501 4503
13034 2 2 5 1 6590 4546 8042
13035 2 2 5 1 4500 4499 4501
13036 2 2 5 1 1575 6770 7489
13037 2 2 5 1 7382 4758 7608
13038 2 2 5 1 7111 2736 7386
13039 2 2 5 1 4348 4346 7489
13040 2 2 5 1 3544 4558 7566
13041 2 2 5 1 3830 3853 4863
13042 2 2 5 1 4679 3887 4848
13043 2 2 5 1 2756 1953 7269
13044 2 2 5 1 6932 6827 7471
13045 2 2 5 1 7417 3376 7558
13046 2 2 5 1 5256 7691 8312
13047 2 2 5 1 5135 4003 5350
13048 2 2 5 1 1581 1580 1582
13049 2 2 5 1 1058 1403 1404
13050 2 2 5 1 1783 1784 1785
13051 2 2 5 1 5482 5117 8307
13052 2 2 5 1 1268 1185 7426
13053 2 2 5 1 3602 3601 4441
13054 2 2 5 1 7427 6932 7471
13055 2 2 5 1 1441 1556 1557
13056 2 2 5 1 2161 2220 2695
13057 2 2 5 1 7117 4841 7441
13058 2 2 5 1 6963 2004 7692
13059 2 2 5 1 4505 4503 4630
13060 2 2 5 1 2064 1934 2072
13061 2 2 5 1 1575 7489 7526
13062 2 2 5 1 2567 2571 7482
13063 2 2 5 1 1561 1728 7358
13064 2 2 5 1 1200 1199 1201
13065 2 2 5 1 1990 2022 7495
13066 2 2 5 1 1677 1746 7498
13067 2 2 5 1 1802 1804 7343
13068 2 2 5 1 2324 1241 3410
13069 2 2 5 1 1242 2321 3409
13070 2 2 5 1 3381 1306 7501
13071 2 2 5 1 1215 1212 7370
13072 2 2 5 1 3762 5037 7473
13073 2 2 5 1 3332 7441 7643
13074 2 2 5 1 572 573 692
13075 2 2 5 1 613 612 694
13076 2 2 5 1 3488 4783 7506
13077 2 2 5 1 2049 2047 7341
13078 2 2 5 1 7345 4850 7478
13079 2 2 5 1 1943 1826 7477
13080 2 2 5 1 1102 1055 1103
13081 2 2 5 1 758 759 786
13082 2 2 5 1 761 760 788
13083 2 2 5 1 7488 2669 7742
13084 2 2 5 1 7489 4346 7526
13085 2 2 5 1 1059 1104 1105
13086 2 2 5 1 8520 1230 8525
13087 2 2 5 1 1887 1889 2035
13088 2 2 5 1 1878 1876 2034
13089 2 2 5 1 4342 4344 7510
13090 2 2 5 1 4820 4822 7508
13091 2 2 5 1 4813 4206 7688
13092 2 2 5 1 4261 4263 7533
13093 2 2 5 1 1929 1935 2082
13094 2 2 5 1 2658 1207 7357
13095 2 2 5 1 1413 5334 8123
13096 2 2 5 1 3402 3334 7643
13097 2 2 5 1 3565 2863 3566
13098 2 2 5 1 1439 1554 7502
13099 2 2 5 1 1211 3475 7370
13100 2 2 5 1 1535 1105 3791
13101 2 2 5 1 6844 6845 7517
13102 2 2 5 1 5229 8377 8717
13103 2 2 5 1 1763 6831 7493
13104 2 2 5 1 4292 3544 7566
13105 2 2 5 1 1932 1930 2669
13106 2 2 5 1 1058 913 1403
13107 2 2 5 1 1215 7370 7602
13108 2 2 5 1 786 787 813
13109 2 2 5 1 789 788 815
13110 2 2 5 1 7470 4837 7573
13111 2 2 5 1 3569 4448 7410
13112 2 2 5 1 813 814 870
13113 2 2 5 1 816 815 882
13114 2 2 5 1 549 550 572
13115 2 2 5 1 552 551 612
13116 2 2 5 1 4818 4817 7475
13117 2 2 5 1 1343 1449 1579
13118 2 2 5 1 18 17 7535
13119 2 2 5 1 1615 1617 7512
13120 2 2 5 1 2876 4498 4499
13121 2 2 5 1 2659 7354 7500
13122 2 2 5 1 1054 1009 1055
13123 2 2 5 1 1149 1150 1270
13124 2 2 5 1 4072 6529 7704
13125 2 2 5 1 577 579 2180
13126 2 2 5 1 1148 1147 1269
13127 2 2 5 1 4299 4377 7735
13128 2 2 5 1 2698 2187 7499
13129 2 2 5 1 615 613 7248
13130 2 2 5 1 2652 2039 7464
13131 2 2 5 1 1828 1827 2084
13132 2 2 5 1 5156 5159 7516
13133 2 2 5 1 7035 7493 7514
13134 2 2 5 1 7248 6030 7249
13135 2 2 5 1 6980 1317 7513
13136 2 2 5 1 7465 1288 8007
13137 2 2 5 1 1587 1588 1720
13138 2 2 5 1 7285 4280 7529
13139 2 2 5 1 6980 7513 7630
13140 2 2 5 1 5128 4630 5322
13141 2 2 5 1 3790 4733 7854
13142 2 2 5 1 3560 7841 7851
13143 2 2 5 1 1056 1057 1059
13144 2 2 5 1 3313 3311 7376
13145 2 2 5 1 1311 1244 1780
13146 2 2 5 1 2826 2823 7404
13147 2 2 5 1 6765 1575 7526
13148 2 2 5 1 6221 6223 7521
13149 2 2 5 1 2085 2084 2907
13150 2 2 5 1 2206 2077 2766
13151 2 2 5 1 6557 7540 7555
13152 2 2 5 1 3160 3080 7317
13153 2 2 5 1 2799 2802 7408
13154 2 2 5 1 57 58 696
13155 2 2 5 1 133 134 695
13156 2 2 5 1 6197 7365 7616
13157 2 2 5 1 2925 3459 3871
13158 2 2 5 1 3456 2923 3873
13159 2 2 5 1 5234 5630 7881
13160 2 2 5 1 7310 4807 7513
13161 2 2 5 1 1804 2653 7343
13162 2 2 5 1 1456 1455 7497
13163 2 2 5 1 4827 6850 7514
13164 2 2 5 1 2659 2875 2876
13165 2 2 5 1 3866 4849 4888
13166 2 2 5 1 4820 7508 7525
13167 2 2 5 1 4791 5848 7664
13168 2 2 5 1 7415 1367 7551
13169 2 2 5 1 538 539 549
13170 2 2 5 1 541 540 551
13171 2 2 5 1 4868 4072 7704
13172 2 2 5 1 2145 2173 7480
13173 2 2 5 1 6684 3799 7856
13174 2 2 5 1 1975 1817 2077
13175 2 2 5 1 6492 7502 7528
13176 2 2 5 1 2908 2907 3505
13177 2 2 5 1 1958 1802 7343
13178 2 2 5 1 6938 4846 7479
13179 2 2 5 1 1617 1619 7522
13180 2 2 5 1 2916 2968 3600
13181 2 2 5 1 3600 3852 4405
13182 2 2 5 1 4346 4307 7526
13183 2 2 5 1 7256 1748 7491
13184 2 2 5 1 1585 1586 1587
13185 2 2 5 1 1210 1213 7357
13186 2 2 5 1 2822 4435 7404
13187 2 2 5 1 6964 3750 7507
13188 2 2 5 1 4890 1958 7343
13189 2 2 5 1 4342 7510 7540
13190 2 2 5 1 6570 7614 7634
13191 2 2 5 1 2157 2159 3414
13192 2 2 5 1 2161 2160 2219
13193 2 2 5 1 2873 18 7535
13194 2 2 5 1 1815 1672 1817
13195 2 2 5 1 4006 3529 4908
13196 2 2 5 1 4438 2798 7408
13197 2 2 5 1 4821 4820 7525
13198 2 2 5 1 3966 4403 4404
13199 2 2 5 1 3528 4004 4909
13200 2 2 5 1 4997 6874 7678
13201 2 2 5 1 2169 2097 7401
13202 2 2 5 1 2294 2293 2916
13203 2 2 5 1 2823 2822 7404
13204 2 2 5 1 4309 6492 7528
13205 2 2 5 1 976 935 4384
13206 2 2 5 1 7740 4866 7787
13207 2 2 5 1 7512 1617 7522
13208 2 2 5 1 1145 1057 7459
13209 2 2 5 1 6023 5640 7622
13210 2 2 5 1 2798 2799 7408
13211 2 2 5 1 2073 2072 2293
13212 2 2 5 1 7827 4416 7853
13213 2 2 5 1 3041 3900 4358
13214 2 2 5 1 5349 5105 8191
13215 2 2 5 1 1376 1440 1441
13216 2 2 5 1 1054 1146 7463
13217 2 2 5 1 31 30 7546
13218 2 2 5 1 2833 2831 7433
13219 2 2 5 1 2665 7388 7604
13220 2 2 5 1 2807 2809 7435
13221 2 2 5 1 2187 2756 7499
13222 2 2 5 1 4336 6095 7604
13223 2 2 5 1 993 1017 1018
13224 2 2 5 1 6370 6371 7538
13225 2 2 5 1 1015 991 1016
13226 2 2 5 1 2674 2673 3131
13227 2 2 5 1 2838 7327 7433
13228 2 2 5 1 5430 5428 5433
13229 2 2 5 1 4228 4339 7527
13230 2 2 5 1 3132 3131 3830
13231 2 2 5 1 6765 7526 7542
13232 2 2 5 1 3506 3505 4463
13233 2 2 5 1 4047 3150 7646
13234 2 2 5 1 2082 2201 2287
13235 2 2 5 1 3151 4046 7647
13236 2 2 5 1 4432 5081 5177
13237 2 2 5 1 1783 1782 1784
13238 2 2 5 1 2966 2698 7499
13239 2 2 5 1 1212 1211 7370
13240 2 2 5 1 1465 1375 7172
13241 2 2 5 1 5745 5743 7790
13242 2 2 5 1 4389 4825 7755
13243 2 2 5 1 7330 2814 7435
13244 2 2 5 1 3947 4967 7219
13245 2 2 5 1 1270 1375 1376
13246 2 2 5 1 3835 6982 7534
13247 2 2 5 1 4463 4464 5048
13248 2 2 5 1 7403 6094 7673
13249 2 2 5 1 2422 6224 7842
13250 2 2 5 1 242 6659 7718
13251 2 2 5 1 4315 4342 7540
13252 2 2 5 1 17 1333 7535
13253 2 2 5 1 3642 6034 7627
13254 2 2 5 1 4237 5666 7530
13255 2 2 5 1 4404 5309 5403
13256 2 2 5 1 1008 975 1009
13257 2 2 5 1 7226 3954 7509
13258 2 2 5 1 5543 4390 7755
13259 2 2 5 1 3597 2929 7412
13260 2 2 5 1 882 815 963
13261 2 2 5 1 2736 7348 7669
13262 2 2 5 1 4539 3819 4752
13263 2 2 5 1 1748 1836 7491
13264 2 2 5 1 770 771 797
13265 2 2 5 1 1374 1269 2693
13266 2 2 5 1 2695 2696 2712
13267 2 2 5 1 3803 4515 4772
13268 2 2 5 1 1375 1337 7172
13269 2 2 5 1 694 6030 7248
13270 2 2 5 1 3399 7542 7554
13271 2 2 5 1 502 241 7718
13272 2 2 5 1 1180 3202 7405
13273 2 2 5 1 813 870 961
13274 2 2 5 1 977 1010 1056
13275 2 2 5 1 30 2858 7546
13276 2 2 5 1 5421 5422 7476
13277 2 2 5 1 964 963 973
13278 2 2 5 1 760 722 2174
13279 2 2 5 1 469 20 7543
13280 2 2 5 1 2712 2696 2713
13281 2 2 5 1 1153 1280 7388
13282 2 2 5 1 720 758 2175
13283 2 2 5 1 3133 4291 7366
13284 2 2 5 1 961 962 969
13285 2 2 5 1 1041 1071 1072
13286 2 2 5 1 1069 1039 1070
13287 2 2 5 1 5098 7970 8255
13288 2 2 5 1 1207 1210 7357
13289 2 2 5 1 108 109 7714
13290 2 2 5 1 974 973 975
13291 2 2 5 1 7526 4307 7542
13292 2 2 5 1 4677 5306 7872
13293 2 2 5 1 1433 7118 7519
13294 2 2 5 1 969 970 977
13295 2 2 5 1 1742 1741 1929
13296 2 2 5 1 3376 6530 7558
13297 2 2 5 1 4745 3329 7759
13298 2 2 5 1 2220 2219 2879
13299 2 2 5 1 1583 1584 1585
13300 2 2 5 1 5810 4371 7729
13301 2 2 5 1 4414 7875 7878
13302 2 2 5 1 1270 1337 1375
13303 2 2 5 1 7779 5693 7901
13304 2 2 5 1 7528 1738 7544
13305 2 2 5 1 1336 1269 1374
13306 2 2 5 1 4414 3786 7875
13307 2 2 5 1 5461 5456 7223
13308 2 2 5 1 6962 7251 7496
13309 2 2 5 1 1822 1824 7570
13310 2 2 5 1 3786 6684 7864
13311 2 2 5 1 3954 5223 7509
13312 2 2 5 1 1579 1580 1581
13313 2 2 5 1 56 57 7406
13314 2 2 5 1 134 135 7407
13315 2 2 5 1 4665 4666 7524
13316 2 2 5 1 3419 2902 7363
13317 2 2 5 1 7216 1433 7519
13318 2 2 5 1 5896 4363 7656
13319 2 2 5 1 1334 31 7546
13320 2 2 5 1 6677 6765 7542
13321 2 2 5 1 2902 2903 7363
13322 2 2 5 1 1669 1647 1672
13323 2 2 5 1 2903 3556 7363
13324 2 2 5 1 1581 1582 1583
13325 2 2 5 1 1738 6812 7544
13326 2 2 5 1 7558 6028 7671
13327 2 2 5 1 7497 4836 7560
13328 2 2 5 1 4761 5733 7767
13329 2 2 5 1 3668 2909 7503
13330 2 2 5 1 1557 1556 1741
13331 2 2 5 1 28 468 7550
13332 2 2 5 1 7466 6682 7564
13333 2 2 5 1 4354 7665 7735
13334 2 2 5 1 1646 1374 1647
13335 2 2 5 1 7320 962 7447
13336 2 2 5 1 1673 1672 1815
13337 2 2 5 1 20 19 7543
13338 2 2 5 1 2057 2055 7431
13339 2 2 5 1 2097 2299 7401
13340 2 2 5 1 3680 2888 7367
13341 2 2 5 1 21 469 7561
13342 2 2 5 1 1054 1055 1102
13343 2 2 5 1 2792 2654 7371
13344 2 2 5 1 1059 1057 1104
13345 2 2 5 1 128 495 7281
13346 2 2 5 1 496 63 7283
13347 2 2 5 1 7054 3767 7496
13348 2 2 5 1 2369 7987 8843
13349 2 2 5 1 7165 2760 8531
13350 2 2 5 1 6909 6755 7708
13351 2 2 5 1 7342 2673 7490
13352 2 2 5 1 1621 1623 7552
13353 2 2 5 1 4307 4305 7554
13354 2 2 5 1 19 2873 7543
13355 2 2 5 1 6684 7856 7864
13356 2 2 5 1 1208 1203 7421
13357 2 2 5 1 2888 2890 7367
13358 2 2 5 1 5630 2943 7881
13359 2 2 5 1 4816 6964 7545
13360 2 2 5 1 1404 1561 7358
13361 2 2 5 1 22 21 7561
13362 2 2 5 1 2287 2288 2909
13363 2 2 5 1 2707 2057 7431
13364 2 2 5 1 5817 5821 5822
13365 2 2 5 1 2665 1106 7388
13366 2 2 5 1 3363 5751 7799
13367 2 2 5 1 5008 5009 5010
13368 2 2 5 1 2830 2828 7391
13369 2 2 5 1 2864 2863 3565
13370 2 2 5 1 3669 6142 7751
13371 2 2 5 1 4267 4268 7956
13372 2 2 5 1 1966 2207 5252
13373 2 2 5 1 2161 2219 2220
13374 2 2 5 1 2258 1766 7555
13375 2 2 5 1 2804 2806 7393
13376 2 2 5 1 5241 3968 7529
13377 2 2 5 1 6495 6423 7789
13378 2 2 5 1 1181 1180 7405
13379 2 2 5 1 2875 1751 7410
13380 2 2 5 1 3383 4304 7594
13381 2 2 5 1 7216 7519 7652
13382 2 2 5 1 2159 2160 2161
13383 2 2 5 1 1781 1782 1783
13384 2 2 5 1 29 28 7550
13385 2 2 5 1 5045 4773 5270
13386 2 2 5 1 5071 4424 5288
13387 2 2 5 1 4753 5035 5279
13388 2 2 5 1 5822 5821 5823
13389 2 2 5 1 4816 7545 7563
13390 2 2 5 1 3875 3580 4424
13391 2 2 5 1 6964 7507 7545
13392 2 2 5 1 2668 2206 2863
13393 2 2 5 1 6745 7544 7585
13394 2 2 5 1 2935 2324 7315
13395 2 2 5 1 7016 4242 7537
13396 2 2 5 1 2047 2221 7341
13397 2 2 5 1 2929 3689 7412
13398 2 2 5 1 3014 2909 3580
13399 2 2 5 1 5410 4010 7534
13400 2 2 5 1 7554 4305 7568
13401 2 2 5 1 1560 1403 7374
13402 2 2 5 1 768 769 770
13403 2 2 5 1 3249 6966 7556
13404 2 2 5 1 2858 29 7550
13405 2 2 5 1 3423 891 7232
13406 2 2 5 1 3968 7285 7529
13407 2 2 5 1 4265 4267 7590
13408 2 2 5 1 2831 2838 7433
13409 2 2 5 1 1008 1009 1054
13410 2 2 5 1 797 771 798
13411 2 2 5 1 3997 3998 5094
13412 2 2 5 1 2848 22 7561
13413 2 2 5 1 6525 7436 7814
13414 2 2 5 1 4308 7506 7566
13415 2 2 5 1 1311 1780 1781
13416 2 2 5 1 1056 1010 1057
13417 2 2 5 1 1441 1440 1556
13418 2 2 5 1 1781 1780 1782
13419 2 2 5 1 2814 2807 7435
13420 2 2 5 1 1987 1985 7571
13421 2 2 5 1 889 906 7232
13422 2 2 5 1 4363 4779 7656
13423 2 2 5 1 1339 7932 7960
13424 2 2 5 1 1623 1625 7567
13425 2 2 5 1 7118 4271 7519
13426 2 2 5 1 911 1129 2667
13427 2 2 5 1 7441 4841 7643
13428 2 2 5 1 3922 7799 7874
13429 2 2 5 1 6758 3710 7574
13430 2 2 5 1 4305 3768 7568
13431 2 2 5 1 3787 4105 7539
13432 2 2 5 1 964 7322 7445
13433 2 2 5 1 7552 1623 7567
13434 2 2 5 1 2347 7218 7779
13435 2 2 5 1 7190 4275 7520
13436 2 2 5 1 3137 3080 3160
13437 2 2 5 1 3473 3413 7667
13438 2 2 5 1 1723 5848 7715
13439 2 2 5 1 882 963 964
13440 2 2 5 1 756 776 777
13441 2 2 5 1 6224 920 7583
13442 2 2 5 1 1072 1110 1111
13443 2 2 5 1 1108 1070 1109
13444 2 2 5 1 5212 3563 5214
13445 2 2 5 1 1829 1310 7434
13446 2 2 5 1 961 870 962
13447 2 2 5 1 1205 2658 7421
13448 2 2 5 1 1792 7345 7478
13449 2 2 5 1 907 877 7245
13450 2 2 5 1 893 3423 7260
13451 2 2 5 1 5717 3183 7709
13452 2 2 5 1 4257 5997 7485
13453 2 2 5 1 7472 3381 7501
13454 2 2 5 1 1904 1965 1966
13455 2 2 5 1 135 136 2663
13456 2 2 5 1 55 56 2664
13457 2 2 5 1 4837 4836 7573
13458 2 2 5 1 4311 6557 7578
13459 2 2 5 1 6682 4281 7564
13460 2 2 5 1 4441 5792 8715
13461 2 2 5 1 3931 3160 4079
13462 2 2 5 1 6724 7708 7717
13463 2 2 5 1 4358 4359 4432
13464 2 2 5 1 2690 2211 7423
13465 2 2 5 1 2413 883 7445
13466 2 2 5 1 7398 4880 7870
13467 2 2 5 1 1111 1162 1163
13468 2 2 5 1 1160 1109 1161
13469 2 2 5 1 871 2412 7447
13470 2 2 5 1 1128 823 7355
13471 2 2 5 1 879 3424 7245
13472 2 2 5 1 2310 2294 7451
13473 2 2 5 1 2892 3110 7547
13474 2 2 5 1 6917 4187 7565
13475 2 2 5 1 3101 7185 7600
13476 2 2 5 1 3565 3566 3997
13477 2 2 5 1 3260 3262 7553
13478 2 2 5 1 1791 1792 7478
13479 2 2 5 1 6746 7382 7608
13480 2 2 5 1 7479 4846 7711
13481 2 2 5 1 1376 1375 1440
13482 2 2 5 1 4320 6658 7576
13483 2 2 5 1 1815 1817 1975
13484 2 2 5 1 4811 7461 7605
13485 2 2 5 1 1459 7497 7560
13486 2 2 5 1 4282 7226 7509
13487 2 2 5 1 598 594 7610
13488 2 2 5 1 4245 1230 8520
13489 2 2 5 1 4328 4791 7560
13490 2 2 5 1 4554 4414 7878
13491 2 2 5 1 7786 5832 7831
13492 2 2 5 1 3776 6745 7585
13493 2 2 5 1 26 25 7587
13494 2 2 5 1 969 962 970
13495 2 2 5 1 974 975 1008
13496 2 2 5 1 5460 5458 7442
13497 2 2 5 1 964 973 974
13498 2 2 5 1 1310 1311 7434
13499 2 2 5 1 5631 5460 7442
13500 2 2 5 1 24 23 7586
13501 2 2 5 1 7565 4312 7594
13502 2 2 5 1 2900 6674 7589
13503 2 2 5 1 4330 4364 7589
13504 2 2 5 1 3424 881 7259
13505 2 2 5 1 6289 757 7636
13506 2 2 5 1 977 970 1010
13507 2 2 5 1 7079 7553 7694
13508 2 2 5 1 2705 2049 7341
13509 2 2 5 1 4432 4433 5081
13510 2 2 5 1 1975 2077 2206
13511 2 2 5 1 7537 4242 7582
13512 2 2 5 1 4472 4400 7452
13513 2 2 5 1 7760 3920 7806
13514 2 2 5 1 4353 3419 7363
13515 2 2 5 1 4308 7566 7682
13516 2 2 5 1 1902 1903 1904
13517 2 2 5 1 4242 4321 7582
13518 2 2 5 1 2194 1942 7599
13519 2 2 5 1 3886 3887 3888
13520 2 2 5 1 4273 5268 7652
13521 2 2 5 1 3829 3680 3969
13522 2 2 5 1 6525 7814 7827
13523 2 2 5 1 3986 3148 7479
13524 2 2 5 1 2827 2829 7468
13525 2 2 5 1 7290 4213 7744
13526 2 2 5 1 3404 7703 7740
13527 2 2 5 1 991 921 7260
13528 2 2 5 1 6658 7480 7576
13529 2 2 5 1 23 2848 7586
13530 2 2 5 1 4876 3969 5001
13531 2 2 5 1 3672 2394 7580
13532 2 2 5 1 2805 2803 7469
13533 2 2 5 1 3797 4890 7452
13534 2 2 5 1 911 1128 1129
13535 2 2 5 1 2653 1822 7570
13536 2 2 5 1 3280 7190 7520
13537 2 2 5 1 1039 1016 1894
13538 2 2 5 1 2055 2233 7431
13539 2 2 5 1 6376 6375 7597
13540 2 2 5 1 25 1361 7587
13541 2 2 5 1 4319 2510 7598
13542 2 2 5 1 2916 4355 7451
13543 2 2 5 1 7589 4364 7603
13544 2 2 5 1 613 694 7248
13545 2 2 5 1 1585 6869 7486
13546 2 2 5 1 1869 1870 1900
13547 2 2 5 1 4804 4803 7551
13548 2 2 5 1 1361 24 7586
13549 2 2 5 1 2900 7589 7603
13550 2 2 5 1 922 993 7259
13551 2 2 5 1 1542 5892 7838
13552 2 2 5 1 2695 2220 2696
13553 2 2 5 1 2227 2075 2228
13554 2 2 5 1 5008 4486 5009
13555 2 2 5 1 2688 3080 3137
13556 2 2 5 1 3690 2928 7467
13557 2 2 5 1 1884 2318 2733
13558 2 2 5 1 3986 7479 7711
13559 2 2 5 1 7187 4816 7563
13560 2 2 5 1 5283 4554 7882
13561 2 2 5 1 4554 7878 7882
13562 2 2 5 1 1175 1198 1199
13563 2 2 5 1 7564 4281 7632
13564 2 2 5 1 62 496 7282
13565 2 2 5 1 495 129 7308
13566 2 2 5 1 4386 3931 4636
13567 2 2 5 1 7244 1199 7487
13568 2 2 5 1 136 137 7446
13569 2 2 5 1 54 55 7483
13570 2 2 5 1 6799 2900 7603
13571 2 2 5 1 7585 4319 7598
13572 2 2 5 1 1869 1688 1870
13573 2 2 5 1 1427 1428 1545
13574 2 2 5 1 2654 2690 7371
13575 2 2 5 1 1425 1424 1543
13576 2 2 5 1 1900 1901 1902
13577 2 2 5 1 7498 4823 7607
13578 2 2 5 1 1241 1161 7541
13579 2 2 5 1 2910 2833 7433
13580 2 2 5 1 2315 2119 7601
13581 2 2 5 1 3462 1583 7486
13582 2 2 5 1 2809 2911 7435
13583 2 2 5 1 4823 4560 7607
13584 2 2 5 1 5108 5351 8203
13585 2 2 5 1 4602 7276 7596
13586 2 2 5 1 1203 1205 7421
13587 2 2 5 1 3202 4726 7405
13588 2 2 5 1 5640 5642 7622
13589 2 2 5 1 2074 1880 2075
13590 2 2 5 1 2747 3143 3145
13591 2 2 5 1 2887 3680 3829
13592 2 2 5 1 3415 2227 3416
13593 2 2 5 1 5458 5461 7442
13594 2 2 5 1 5292 3597 7412
13595 2 2 5 1 2297 2684 7467
13596 2 2 5 1 3779 4811 7605
13597 2 2 5 1 7276 3840 7596
13598 2 2 5 1 7085 3531 7727
13599 2 2 5 1 2884 6938 7479
13600 2 2 5 1 7598 2510 7615
13601 2 2 5 1 1884 1885 2318
13602 2 2 5 1 5673 2249 7788
13603 2 2 5 1 5529 5530 7709
13604 2 2 5 1 3932 2792 7371
13605 2 2 5 1 7604 4885 7713
13606 2 2 5 1 756 755 776
13607 2 2 5 1 4459 8034 8809
13608 2 2 5 1 4669 4668 7595
13609 2 2 5 1 7312 4086 7730
13610 2 2 5 1 1814 1711 7802
13611 2 2 5 1 7765 4407 7885
13612 2 2 5 1 3834 2892 7547
13613 2 2 5 1 744 732 7763
13614 2 2 5 1 4633 3642 7627
13615 2 2 5 1 4848 3887 7640
13616 2 2 5 1 1110 1143 7606
13617 2 2 5 1 1627 1629 7617
13618 2 2 5 1 2510 6789 7615
13619 2 2 5 1 1899 1791 7478
13620 2 2 5 1 8007 1288 8068
13621 2 2 5 1 1873 1716 1880
13622 2 2 5 1 2890 3834 7367
13623 2 2 5 1 5336 1580 8751
13624 2 2 5 1 2228 2686 3142
13625 2 2 5 1 4803 7415 7551
13626 2 2 5 1 2114 3105 7784
13627 2 2 5 1 2893 2922 7339
13628 2 2 5 1 3195 2502 7686
13629 2 2 5 1 1129 1174 1175
13630 2 2 5 1 7583 4871 7817
13631 2 2 5 1 5485 4370 7626
13632 2 2 5 1 4548 6251 8683
13633 2 2 5 1 4400 3797 7452
13634 2 2 5 1 7421 5832 7786
13635 2 2 5 1 1426 2199 3795
13636 2 2 5 1 4864 7376 7649
13637 2 2 5 1 1424 1351 1426
13638 2 2 5 1 1353 1427 1429
13639 2 2 5 1 7129 2072 7488
13640 2 2 5 1 2645 61 7282
13641 2 2 5 1 130 2644 7308
13642 2 2 5 1 4782 6980 7630
13643 2 2 5 1 3148 2884 7479
13644 2 2 5 1 1629 1631 7625
13645 2 2 5 1 5475 3672 7609
13646 2 2 5 1 7363 3556 7684
13647 2 2 5 1 1732 1560 7374
13648 2 2 5 1 7129 7488 7742
13649 2 2 5 1 2089 5389 5390
13650 2 2 5 1 5397 2090 5398
13651 2 2 5 1 7348 5850 7669
13652 2 2 5 1 6574 4082 7887
13653 2 2 5 1 2644 131 7306
13654 2 2 5 1 60 2645 7304
13655 2 2 5 1 2635 2092 7784
13656 2 2 5 1 3143 3144 3802
13657 2 2 5 1 394 508 5379
13658 2 2 5 1 1018 1041 2037
13659 2 2 5 1 6190 6188 7631
13660 2 2 5 1 1175 1174 1198
13661 2 2 5 1 1129 1128 1174
13662 2 2 5 1 1460 1459 7612
13663 2 2 5 1 1246 5908 7541
13664 2 2 5 1 7582 4321 7629
13665 2 2 5 1 7617 1629 7625
13666 2 2 5 1 1545 1718 3446
13667 2 2 5 1 4470 2935 7315
13668 2 2 5 1 2733 2734 2747
13669 2 2 5 1 4074 5809 7628
13670 2 2 5 1 2247 2937 7788
13671 2 2 5 1 1545 1546 1718
13672 2 2 5 1 1144 1108 7619
13673 2 2 5 1 1544 1543 1716
13674 2 2 5 1 3886 3145 3887
13675 2 2 5 1 7615 6789 7633
13676 2 2 5 1 5028 2966 7499
13677 2 2 5 1 3405 6899 7748
13678 2 2 5 1 4714 4392 4715
13679 2 2 5 1 1718 1719 1884
13680 2 2 5 1 1717 1716 1873
13681 2 2 5 1 137 138 1031
13682 2 2 5 1 53 54 1030
13683 2 2 5 1 7802 6552 7844
13684 2 2 5 1 1874 1873 7588
13685 2 2 5 1 8132 4059 8849
13686 2 2 5 1 2364 3183 7618
13687 2 2 5 1 3786 7864 7875
13688 2 2 5 1 7185 4314 7600
13689 2 2 5 1 6571 7035 7614
13690 2 2 5 1 7889 1569 7891
13691 2 2 5 1 6392 6391 7637
13692 2 2 5 1 5067 4308 7682
13693 2 2 5 1 1966 1965 2207
13694 2 2 5 1 2294 2916 7451
13695 2 2 5 1 1869 1900 7423
13696 2 2 5 1 1267 7311 7572
13697 2 2 5 1 3761 1184 7572
13698 2 2 5 1 7506 4292 7566
13699 2 2 5 1 3249 7556 7675
13700 2 2 5 1 5536 7290 7744
13701 2 2 5 1 3778 3775 7634
13702 2 2 5 1 1217 1215 7602
13703 2 2 5 1 6789 3018 7633
13704 2 2 5 1 2066 7138 7665
13705 2 2 5 1 7520 4277 7767
13706 2 2 5 1 1403 2666 7374
13707 2 2 5 1 4321 4323 7629
13708 2 2 5 1 4281 4891 7632
13709 2 2 5 1 7355 798 7523
13710 2 2 5 1 4938 6735 7593
13711 2 2 5 1 913 912 7439
13712 2 2 5 1 693 717 4460
13713 2 2 5 1 3818 3416 4392
13714 2 2 5 1 10 1323 7743
13715 2 2 5 1 1183 1267 7572
13716 2 2 5 1 3137 3160 3931
13717 2 2 5 1 3829 3969 4876
13718 2 2 5 1 6002 4339 7894
13719 2 2 5 1 1230 7165 8525
13720 2 2 5 1 1904 1903 1965
13721 2 2 5 1 7633 3018 7645
13722 2 2 5 1 7493 4827 7514
13723 2 2 5 1 1996 1999 7639
13724 2 2 5 1 1246 1176 1247
13725 2 2 5 1 1177 1248 1249
13726 2 2 5 1 3417 3416 3818
13727 2 2 5 1 1334 7546 7659
13728 2 2 5 1 4566 3494 7492
13729 2 2 5 1 4808 5671 7630
13730 2 2 5 1 3018 6749 7645
13731 2 2 5 1 1184 1183 7572
13732 2 2 5 1 910 911 7448
13733 2 2 5 1 1340 1247 1351
13734 2 2 5 1 2111 2262 7613
13735 2 2 5 1 1249 1341 1353
13736 2 2 5 1 1934 1932 7488
13737 2 2 5 1 6422 6872 7789
13738 2 2 5 1 1161 1109 1176
13739 2 2 5 1 5010 5009 5031
13740 2 2 5 1 1111 1163 1177
13741 2 2 5 1 6924 4218 7747
13742 2 2 5 1 4420 4421 7831
13743 2 2 5 1 3840 4936 7596
13744 2 2 5 1 2928 2297 7467
13745 2 2 5 1 4106 3790 7620
13746 2 2 5 1 5000 7645 7657
13747 2 2 5 1 4852 4047 5386
13748 2 2 5 1 4046 4854 5385
13749 2 2 5 1 6564 7651 7670
13750 2 2 5 1 6958 4857 7769
13751 2 2 5 1 3232 3169 7644
13752 2 2 5 1 694 767 768
13753 2 2 5 1 3150 2333 7646
13754 2 2 5 1 2335 3151 7647
13755 2 2 5 1 7631 1159 7656
13756 2 2 5 1 5744 5745 8493
13757 2 2 5 1 3406 1829 7434
13758 2 2 5 1 1902 1901 1903
13759 2 2 5 1 2689 11 7743
13760 2 2 5 1 7556 5615 7675
13761 2 2 5 1 3110 5817 7547
13762 2 2 5 1 3672 7580 7609
13763 2 2 5 1 1721 2659 7500
13764 2 2 5 1 1900 1870 1901
13765 2 2 5 1 1720 1721 7500
13766 2 2 5 1 1752 1535 7490
13767 2 2 5 1 5318 4967 8451
13768 2 2 5 1 6198 2419 7658
13769 2 2 5 1 7456 1338 7649
13770 2 2 5 1 2288 3041 7503
13771 2 2 5 1 3888 3887 4679
13772 2 2 5 1 7821 6212 7836
13773 2 2 5 1 3044 3045 7772
13774 2 2 5 1 2488 6570 7651
13775 2 2 5 1 4353 7363 7684
13776 2 2 5 1 3448 4407 7765
13777 2 2 5 1 756 777 1352
13778 2 2 5 1 3455 5807 7339
13779 2 2 5 1 6038 4147 7780
13780 2 2 5 1 3494 3442 7492
13781 2 2 5 1 6287 4367 7662
13782 2 2 5 1 4317 7577 7710
13783 2 2 5 1 7667 4855 7727
13784 2 2 5 1 7665 7138 7735
13785 2 2 5 1 7094 3195 7686
13786 2 2 5 1 1633 1635 7654
13787 2 2 5 1 771 1592 7523
13788 2 2 5 1 7306 132 7307
13789 2 2 5 1 59 7304 7305
13790 2 2 5 1 7182 3100 7650
13791 2 2 5 1 2650 2947 7741
13792 2 2 5 1 717 716 755
13793 2 2 5 1 7529 4280 7754
13794 2 2 5 1 2947 2946 7765
13795 2 2 5 1 7365 6950 7616
13796 2 2 5 1 5282 5000 7657
13797 2 2 5 1 3601 2310 7451
13798 2 2 5 1 3442 3761 7492
13799 2 2 5 1 7540 2258 7555
13800 2 2 5 1 1161 1176 1246
13801 2 2 5 1 1177 1163 1248
13802 2 2 5 1 4394 4393 7795
13803 2 2 5 1 2276 2925 7749
13804 2 2 5 1 2923 2274 7750
13805 2 2 5 1 4417 7857 7862
13806 2 2 5 1 4410 3792 7801
13807 2 2 5 1 6766 3788 7781
13808 2 2 5 1 3008 3006 7661
13809 2 2 5 1 6685 6686 7800
13810 2 2 5 1 2733 2318 2734
13811 2 2 5 1 5362 5344 7809
13812 2 2 5 1 935 910 7448
13813 2 2 5 1 2973 2117 7770
13814 2 2 5 1 4141 4143 7663
13815 2 2 5 1 4395 3773 7739
13816 2 2 5 1 2074 2075 2227
13817 2 2 5 1 4860 4861 7659
13818 2 2 5 1 1198 2157 7487
13819 2 2 5 1 770 769 771
13820 2 2 5 1 7673 4829 7706
13821 2 2 5 1 5600 505 8421
13822 2 2 5 1 2115 3731 7770
13823 2 2 5 1 3788 3125 7781
13824 2 2 5 1 3127 3705 7781
13825 2 2 5 1 7475 7236 7653
13826 2 2 5 1 1873 1880 2074
13827 2 2 5 1 1340 1351 1424
13828 2 2 5 1 1353 1341 1427
13829 2 2 5 1 2666 913 7439
13830 2 2 5 1 2907 3437 7531
13831 2 2 5 1 693 692 716
13832 2 2 5 1 1159 1086 7668
13833 2 2 5 1 572 692 693
13834 2 2 5 1 912 943 7439
13835 2 2 5 1 882 964 7445
13836 2 2 5 1 5722 1342 7677
13837 2 2 5 1 962 870 7447
13838 2 2 5 1 5339 6241 7672
13839 2 2 5 1 4354 7189 7665
13840 2 2 5 1 4003 3883 7515
13841 2 2 5 1 7612 4791 7664
13842 2 2 5 1 2747 2734 3143
13843 2 2 5 1 3137 4386 7621
13844 2 2 5 1 611 809 7819
13845 2 2 5 1 617 615 7666
13846 2 2 5 1 1688 1429 7549
13847 2 2 5 1 4464 3505 7531
13848 2 2 5 1 7070 7295 7713
13849 2 2 5 1 6445 8638 8708
13850 2 2 5 1 1816 1815 7569
13851 2 2 5 1 1975 2668 7569
13852 2 2 5 1 4282 7509 7746
13853 2 2 5 1 4849 3406 7434
13854 2 2 5 1 5472 4324 7660
13855 2 2 5 1 4345 5558 7670
13856 2 2 5 1 2669 1930 7532
13857 2 2 5 1 1470 7612 7664
13858 2 2 5 1 3048 4562 7772
13859 2 2 5 1 3410 1241 7541
13860 2 2 5 1 2743 8094 8112
13861 2 2 5 1 712 704 7783
13862 2 2 5 1 1930 1929 7532
13863 2 2 5 1 2157 3414 7487
13864 2 2 5 1 6207 6300 7826
13865 2 2 5 1 3490 3920 7760
13866 2 2 5 1 7542 4307 7554
13867 2 2 5 1 1246 1247 1340
13868 2 2 5 1 1249 1248 1341
13869 2 2 5 1 7817 4871 7857
13870 2 2 5 1 3100 7323 7650
13871 2 2 5 1 7067 7173 7745
13872 2 2 5 1 2074 3415 7588
13873 2 2 5 1 1005 1060 7518
13874 2 2 5 1 7434 1311 7716
13875 2 2 5 1 1637 1639 7674
13876 2 2 5 1 7300 2066 7665
13877 2 2 5 1 2909 2288 7503
13878 2 2 5 1 6062 6060 7859
13879 2 2 5 1 2894 5513 7114
13880 2 2 5 1 7783 6686 7903
13881 2 2 5 1 1060 1182 7518
13882 2 2 5 1 7734 4875 7844
13883 2 2 5 1 4401 4440 7883
13884 2 2 5 1 2043 1903 7591
13885 2 2 5 1 4753 4752 5035
13886 2 2 5 1 4772 4773 5045
13887 2 2 5 1 2051 2705 7698
13888 2 2 5 1 5386 4047 7646
13889 2 2 5 1 4046 5385 7647
13890 2 2 5 1 1781 2071 7716
13891 2 2 5 1 7395 3101 7600
13892 2 2 5 1 6094 5884 7673
13893 2 2 5 1 5848 7253 7715
13894 2 2 5 1 2233 2053 7698
13895 2 2 5 1 943 4375 7439
13896 2 2 5 1 3791 1105 7648
13897 2 2 5 1 5441 4038 7676
13898 2 2 5 1 1583 1585 7486
13899 2 2 5 1 4486 3888 7557
13900 2 2 5 1 5642 5645 7622
13901 2 2 5 1 3334 3332 7643
13902 2 2 5 1 5674 5673 7788
13903 2 2 5 1 3182 5835 7753
13904 2 2 5 1 4872 4374 7681
13905 2 2 5 1 4313 7182 7650
13906 2 2 5 1 4830 4406 7800
13907 2 2 5 1 4705 4333 7671
13908 2 2 5 1 4419 1870 7549
13909 2 2 5 1 6874 4205 7678
13910 2 2 5 1 1901 4419 7591
13911 2 2 5 1 6766 7781 7795
13912 2 2 5 1 2673 1752 7490
13913 2 2 5 1 4351 5703 7699
13914 2 2 5 1 7236 6127 7653
13915 2 2 5 1 5359 3872 8239
13916 2 2 5 1 3818 4392 4714
13917 2 2 5 1 5344 4633 7627
13918 2 2 5 1 2082 7286 7532
13919 2 2 5 1 1535 3791 7490
13920 2 2 5 1 2000 2004 7680
13921 2 2 5 1 5706 4352 7702
13922 2 2 5 1 4304 7565 7594
13923 2 2 5 1 4818 7475 7653
13924 2 2 5 1 6863 3249 7675
13925 2 2 5 1 1827 1720 7500
13926 2 2 5 1 1885 1887 7504
13927 2 2 5 1 4375 1005 7518
13928 2 2 5 1 7599 5554 7828
13929 2 2 5 1 4360 4361 7683
13930 2 2 5 1 5350 4003 7515
13931 2 2 5 1 3883 5028 7515
13932 2 2 5 1 5813 1556 7762
13933 2 2 5 1 4802 7216 7652
13934 2 2 5 1 6242 8635 8706
13935 2 2 5 1 1876 1874 7505
13936 2 2 5 1 6420 4893 7691
13937 2 2 5 1 4089 4408 7817
13938 2 2 5 1 5483 4618 7699
13939 2 2 5 1 1288 6128 8068
13940 2 2 5 1 911 2667 7448
13941 2 2 5 1 1105 1104 7648
13942 2 2 5 1 7590 4267 7940
13943 2 2 5 1 4616 5484 7702
13944 2 2 5 1 5039 4852 7579
13945 2 2 5 1 4854 5041 7581
13946 2 2 5 1 2072 1934 7488
13947 2 2 5 1 5376 4693 7791
13948 2 2 5 1 717 755 756
13949 2 2 5 1 694 612 767
13950 2 2 5 1 4931 4930 7807
13951 2 2 5 1 1932 2669 7488
13952 2 2 5 1 7649 1338 7777
13953 2 2 5 1 1199 1198 7487
13954 2 2 5 1 3413 4838 7667
13955 2 2 5 1 768 767 769
13956 2 2 5 1 4840 4866 7740
13957 2 2 5 1 5560 5564 7807
13958 2 2 5 1 4872 7843 7848
13959 2 2 5 1 7376 4806 7649
13960 2 2 5 1 2205 2275 2276
13961 2 2 5 1 2273 2203 2274
13962 2 2 5 1 4384 935 7448
13963 2 2 5 1 4856 3435 7814
13964 2 2 5 1 4935 8212 8263
13965 2 2 5 1 1505 434 7689
13966 2 2 5 1 7940 4267 7956
13967 2 2 5 1 5588 5587 7776
13968 2 2 5 1 1104 1149 7648
13969 2 2 5 1 4934 8163 8212
13970 2 2 5 1 4206 4369 7688
13971 2 2 5 1 1244 976 7548
13972 2 2 5 1 6565 4872 7848
13973 2 2 5 1 2324 3410 7315
13974 2 2 5 1 2421 1021 7693
13975 2 2 5 1 4418 6158 7888
13976 2 2 5 1 3871 3459 3872
13977 2 2 5 1 7189 7300 7665
13978 2 2 5 1 5438 4818 7687
13979 2 2 5 1 3456 3873 3874
13980 2 2 5 1 693 716 717
13981 2 2 5 1 7173 6117 7745
13982 2 2 5 1 7614 3778 7634
13983 2 2 5 1 659 653 7812
13984 2 2 5 1 7991 8107 8164
13985 2 2 5 1 3505 2907 7531
13986 2 2 5 1 4333 7558 7671
13987 2 2 5 1 6058 6061 7849
13988 2 2 5 1 6211 2422 7836
13989 2 2 5 1 7860 5502 7902
13990 2 2 5 1 2005 2008 7692
13991 2 2 5 1 133 695 7307
13992 2 2 5 1 756 1352 7893
13993 2 2 5 1 696 58 7305
13994 2 2 5 1 1725 617 7666
13995 2 2 5 1 7613 4855 7667
13996 2 2 5 1 3041 4358 7503
13997 2 2 5 1 3566 2863 7577
13998 2 2 5 1 1149 7457 7648
13999 2 2 5 1 2206 2766 7577
14000 2 2 5 1 5858 8165 8169
14001 2 2 5 1 1929 2082 7532
14002 2 2 5 1 2318 1885 7504
14003 2 2 5 1 4806 7456 7649
14004 2 2 5 1 4779 7631 7656
14005 2 2 5 1 5118 3640 7697
14006 2 2 5 1 7244 7487 7726
14007 2 2 5 1 6238 1569 7889
14008 2 2 5 1 7145 4875 7734
14009 2 2 5 1 954 958 7813
14010 2 2 5 1 7627 4065 7809
14011 2 2 5 1 798 771 7523
14012 2 2 5 1 3761 7572 7756
14013 2 2 5 1 4846 4847 7711
14014 2 2 5 1 5817 5822 7547
14015 2 2 5 1 6597 6167 7826
14016 2 2 5 1 551 540 3443
14017 2 2 5 1 3362 3363 7799
14018 2 2 5 1 3922 3365 7799
14019 2 2 5 1 615 7248 7666
14020 2 2 5 1 8219 5490 8267
14021 2 2 5 1 8273 4018 8378
14022 2 2 5 1 5733 7520 7767
14023 2 2 5 1 1780 1244 7548
14024 2 2 5 1 5686 5688 7912
14025 2 2 5 1 2053 2051 7698
14026 2 2 5 1 7487 3414 7726
14027 2 2 5 1 5585 4697 7701
14028 2 2 5 1 3563 2194 7599
14029 2 2 5 1 2312 7622 7810
14030 2 2 5 1 7295 2665 7713
14031 2 2 5 1 7206 4416 7827
14032 2 2 5 1 5744 8493 8501
14033 2 2 5 1 3556 4109 7684
14034 2 2 5 1 4878 5143 7835
14035 2 2 5 1 7692 2008 7708
14036 2 2 5 1 7386 2736 7669
14037 2 2 5 1 4818 7653 7687
14038 2 2 5 1 1175 1200 7641
14039 2 2 5 1 4618 4351 7699
14040 2 2 5 1 7605 4341 7736
14041 2 2 5 1 2232 950 7820
14042 2 2 5 1 6203 4868 7704
14043 2 2 5 1 976 4384 7548
14044 2 2 5 1 4864 7649 7777
14045 2 2 5 1 4352 4616 7702
14046 2 2 5 1 7124 4858 7694
14047 2 2 5 1 4680 6084 7879
14048 2 2 5 1 3784 7079 7694
14049 2 2 5 1 3402 7643 7703
14050 2 2 5 1 7407 2663 8437
14051 2 2 5 1 7070 7713 7840
14052 2 2 5 1 1834 5803 7796
14053 2 2 5 1 672 670 7837
14054 2 2 5 1 5321 4353 7684
14055 2 2 5 1 1873 2074 7588
14056 2 2 5 1 4841 4839 7703
14057 2 2 5 1 5936 7748 7824
14058 2 2 5 1 3888 4679 7557
14059 2 2 5 1 2744 7934 7997
14060 2 2 5 1 3560 3012 7841
14061 2 2 5 1 2008 6909 7708
14062 2 2 5 1 4417 3439 7857
14063 2 2 5 1 4558 7384 7682
14064 2 2 5 1 2738 5871 8157
14065 2 2 5 1 6251 6250 8683
14066 2 2 5 1 6526 7769 7780
14067 2 2 5 1 3799 6524 7853
14068 2 2 5 1 8170 4948 8219
14069 2 2 5 1 7082 4511 7830
14070 2 2 5 1 5672 5670 7866
14071 2 2 5 1 7346 5991 7804
14072 2 2 5 1 3398 7346 7804
14073 2 2 5 1 1815 1975 7569
14074 2 2 5 1 2863 2206 7577
14075 2 2 5 1 1335 521 7858
14076 2 2 5 1 7505 1874 7588
14077 2 2 5 1 695 134 7407
14078 2 2 5 1 57 696 7406
14079 2 2 5 1 465 108 7714
14080 2 2 5 1 1870 1688 7549
14081 2 2 5 1 4286 6048 7801
14082 2 2 5 1 5899 4833 7732
14083 2 2 5 1 3437 2084 7733
14084 2 2 5 1 2686 2688 7621
14085 2 2 5 1 6755 3789 7717
14086 2 2 5 1 4849 7434 7716
14087 2 2 5 1 1682 6936 7843
14088 2 2 5 1 3874 5358 8264
14089 2 2 5 1 2161 2695 7635
14090 2 2 5 1 7694 4858 7724
14091 2 2 5 1 7436 4856 7814
14092 2 2 5 1 140 141 1656
14093 2 2 5 1 50 51 1657
14094 2 2 5 1 3784 7694 7724
14095 2 2 5 1 4399 4401 7825
14096 2 2 5 1 3964 3966 7655
14097 2 2 5 1 3404 7740 7787
14098 2 2 5 1 3183 7430 7709
14099 2 2 5 1 5009 4486 7557
14100 2 2 5 1 4286 3772 7706
14101 2 2 5 1 6723 6724 7717
14102 2 2 5 1 4404 5403 7655
14103 2 2 5 1 3414 2159 7635
14104 2 2 5 1 2684 2087 7778
14105 2 2 5 1 1161 1246 7541
14106 2 2 5 1 948 2232 7846
14107 2 2 5 1 241 242 7718
14108 2 2 5 1 7717 3789 7723
14109 2 2 5 1 7061 4673 7861
14110 2 2 5 1 7248 7249 7666
14111 2 2 5 1 3789 4845 7723
14112 2 2 5 1 7651 4345 7670
14113 2 2 5 1 2766 4608 7710
14114 2 2 5 1 666 664 7863
14115 2 2 5 1 4771 6959 7834
14116 2 2 5 1 5350 3470 8617
14117 2 2 5 1 797 5767 7815
14118 2 2 5 1 1903 1901 7591
14119 2 2 5 1 7194 7386 7768
14120 2 2 5 1 2228 3142 7642
14121 2 2 5 1 5684 5685 7901
14122 2 2 5 1 7723 4845 7731
14123 2 2 5 1 6017 5974 7948
14124 2 2 5 1 2665 7604 7713
14125 2 2 5 1 4301 5173 7707
14126 2 2 5 1 5433 2319 8546
14127 2 2 5 1 6723 7717 7723
14128 2 2 5 1 5971 5970 7919
14129 2 2 5 1 6334 7061 7861
14130 2 2 5 1 4858 7140 7724
14131 2 2 5 1 4942 5551 7728
14132 2 2 5 1 2276 2894 2924
14133 2 2 5 1 2893 2274 2922
14134 2 2 5 1 7572 7311 7756
14135 2 2 5 1 4695 3766 7865
14136 2 2 5 1 2159 2161 7635
14137 2 2 5 1 4490 3986 7711
14138 2 2 5 1 2771 6091 7792
14139 2 2 5 1 135 2663 7407
14140 2 2 5 1 2664 56 7406
14141 2 2 5 1 7386 4599 7768
14142 2 2 5 1 1429 1427 7624
14143 2 2 5 1 2684 7778 7825
14144 2 2 5 1 5936 4369 7748
14145 2 2 5 1 1426 3795 7700
14146 2 2 5 1 4254 4251 7818
14147 2 2 5 1 5364 4621 7926
14148 2 2 5 1 7643 4841 7703
14149 2 2 5 1 1221 7238 7818
14150 2 2 5 1 5732 4994 8571
14151 2 2 5 1 1129 1175 7641
14152 2 2 5 1 3887 3145 7640
14153 2 2 5 1 2227 2228 7642
14154 2 2 5 1 5670 4061 7866
14155 2 2 5 1 1887 2035 7504
14156 2 2 5 1 4365 6723 7723
14157 2 2 5 1 1424 1426 7700
14158 2 2 5 1 3145 3143 7640
14159 2 2 5 1 7253 4819 7715
14160 2 2 5 1 2034 1876 7505
14161 2 2 5 1 86 1304 7876
14162 2 2 5 1 4086 5717 7730
14163 2 2 5 1 4408 7583 7817
14164 2 2 5 1 4371 5485 7729
14165 2 2 5 1 4838 7613 7667
14166 2 2 5 1 6761 6238 7884
14167 2 2 5 1 7801 6048 7838
14168 2 2 5 1 3966 4404 7655
14169 2 2 5 1 3675 4230 7866
14170 2 2 5 1 3160 7317 7793
14171 2 2 5 1 4365 7723 7731
14172 2 2 5 1 4681 4680 7879
14173 2 2 5 1 7715 4819 7734
14174 2 2 5 1 2839 2834 7737
14175 2 2 5 1 6128 2347 8086
14176 2 2 5 1 7577 2766 7710
14177 2 2 5 1 6810 85 7876
14178 2 2 5 1 3601 7451 7725
14179 2 2 5 1 1833 5618 7934
14180 2 2 5 1 4579 4580 7902
14181 2 2 5 1 7870 4880 7923
14182 2 2 5 1 2664 7406 8431
14183 2 2 5 1 2810 2815 7738
14184 2 2 5 1 3890 3157 7786
14185 2 2 5 1 2688 3137 7621
14186 2 2 5 1 7451 4355 7725
14187 2 2 5 1 6160 6162 7908
14188 2 2 5 1 7500 7354 7733
14189 2 2 5 1 5060 5483 7803
14190 2 2 5 1 3142 2686 7621
14191 2 2 5 1 5484 5055 7805
14192 2 2 5 1 2647 5478 8225
14193 2 2 5 1 4889 4422 7891
14194 2 2 5 1 6143 4365 7731
14195 2 2 5 1 1726 1834 7796
14196 2 2 5 1 7549 1429 7624
14197 2 2 5 1 2667 1129 7641
14198 2 2 5 1 5513 5516 7114
14199 2 2 5 1 770 797 7815
14200 2 2 5 1 7056 5013 8480
14201 2 2 5 1 7430 5529 7709
14202 2 2 5 1 5214 3563 7599
14203 2 2 5 1 4894 4461 7974
14204 2 2 5 1 6038 7780 7782
14205 2 2 5 1 5118 7697 7965
14206 2 2 5 1 5493 4382 8145
14207 2 2 5 1 3531 3473 7727
14208 2 2 5 1 4385 3784 7724
14209 2 2 5 1 4432 5177 7752
14210 2 2 5 1 5565 7802 7844
14211 2 2 5 1 7085 7760 7806
14212 2 2 5 1 751 744 7897
14213 2 2 5 1 2663 136 7446
14214 2 2 5 1 55 2664 7483
14215 2 2 5 1 1545 3446 7624
14216 2 2 5 1 4500 4502 7852
14217 2 2 5 1 3187 7734 7844
14218 2 2 5 1 4386 4887 7712
14219 2 2 5 1 1427 1545 7624
14220 2 2 5 1 1899 7478 7778
14221 2 2 5 1 4369 7576 7748
14222 2 2 5 1 4852 5386 7579
14223 2 2 5 1 5385 4854 7581
14224 2 2 5 1 1894 1016 7695
14225 2 2 5 1 7713 4885 7840
14226 2 2 5 1 1543 1424 7700
14227 2 2 5 1 1556 1440 7762
14228 2 2 5 1 4392 3416 7642
14229 2 2 5 1 2630 6090 8213
14230 2 2 5 1 7085 7727 7760
14231 2 2 5 1 1884 2733 7679
14232 2 2 5 1 11 10 7743
14233 2 2 5 1 4944 7728 7774
14234 2 2 5 1 8068 6128 8086
14235 2 2 5 1 7536 1543 7700
14236 2 2 5 1 3773 3779 7739
14237 2 2 5 1 3767 2650 7741
14238 2 2 5 1 1208 7421 7786
14239 2 2 5 1 4339 4037 7894
14240 2 2 5 1 4819 7145 7734
14241 2 2 5 1 6030 2162 7816
14242 2 2 5 1 1827 7500 7733
14243 2 2 5 1 4835 3975 7880
14244 2 2 5 1 468 7270 7888
14245 2 2 5 1 7287 4286 7801
14246 2 2 5 1 497 79 7896
14247 2 2 5 1 7732 3767 7741
14248 2 2 5 1 4889 7891 7897
14249 2 2 5 1 7703 4839 7740
14250 2 2 5 1 4213 6948 7744
14251 2 2 5 1 3416 2227 7642
14252 2 2 5 1 4629 4699 8583
14253 2 2 5 1 4426 5338 8561
14254 2 2 5 1 3446 1718 7679
14255 2 2 5 1 3996 4821 7900
14256 2 2 5 1 7836 2422 7842
14257 2 2 5 1 5918 7314 7973
14258 2 2 5 1 3363 4354 7773
14259 2 2 5 1 1311 1781 7716
14260 2 2 5 1 4872 7681 7843
14261 2 2 5 1 3028 5755 7909
14262 2 2 5 1 5065 3995 7900
14263 2 2 5 1 5466 1735 8456
14264 2 2 5 1 2255 7975 8691
14265 2 2 5 1 4390 4389 7755
14266 2 2 5 1 5756 3025 7911
14267 2 2 5 1 472 5488 8468
14268 2 2 5 1 4833 7496 7732
14269 2 2 5 1 3143 3802 7640
14270 2 2 5 1 2924 2894 7114
14271 2 2 5 1 2329 5729 8116
14272 2 2 5 1 4971 3669 7751
14273 2 2 5 1 6815 2597 8084
14274 2 2 5 1 4423 4889 7903
14275 2 2 5 1 538 549 2701
14276 2 2 5 1 3731 7067 7745
14277 2 2 5 1 3779 7605 7736
14278 2 2 5 1 7724 7140 7771
14279 2 2 5 1 6736 7675 7758
14280 2 2 5 1 2885 6924 7747
14281 2 2 5 1 7650 4725 7850
14282 2 2 5 1 5685 5683 7912
14283 2 2 5 1 5789 4900 7958
14284 2 2 5 1 5214 7599 7828
14285 2 2 5 1 80 6989 7896
14286 2 2 5 1 1018 2037 7696
14287 2 2 5 1 4508 4860 7914
14288 2 2 5 1 4839 4840 7740
14289 2 2 5 1 7138 4299 7735
14290 2 2 5 1 5698 2646 8286
14291 2 2 5 1 137 1031 7446
14292 2 2 5 1 1030 54 7483
14293 2 2 5 1 7478 4850 7778
14294 2 2 5 1 5405 8290 8338
14295 2 2 5 1 7270 5889 7888
14296 2 2 5 1 3408 7824 7835
14297 2 2 5 1 7759 4586 7775
14298 2 2 5 1 3329 4586 7759
14299 2 2 5 1 525 517 1683
14300 2 2 5 1 3772 7673 7706
14301 2 2 5 1 6815 8084 8696
14302 2 2 5 1 4797 7771 7797
14303 2 2 5 1 4648 7274 7894
14304 2 2 5 1 4441 3601 7725
14305 2 2 5 1 4368 7244 7726
14306 2 2 5 1 5462 5463 7764
14307 2 2 5 1 7735 4377 7773
14308 2 2 5 1 732 731 7763
14309 2 2 5 1 5280 5218 7983
14310 2 2 5 1 6948 1121 7757
14311 2 2 5 1 7744 6948 7757
14312 2 2 5 1 2946 3448 7765
14313 2 2 5 1 5615 5616 7758
14314 2 2 5 1 3408 5936 7824
14315 2 2 5 1 4403 5295 7926
14316 2 2 5 1 7757 1121 7769
14317 2 2 5 1 991 7260 7695
14318 2 2 5 1 49 50 7638
14319 2 2 5 1 141 142 7722
14320 2 2 5 1 693 4460 7719
14321 2 2 5 1 7771 3282 7797
14322 2 2 5 1 4563 5014 7761
14323 2 2 5 1 4183 3551 7917
14324 2 2 5 1 7623 5539 7979
14325 2 2 5 1 1016 991 7695
14326 2 2 5 1 5253 4282 7746
14327 2 2 5 1 4855 3490 7760
14328 2 2 5 1 4385 7724 7771
14329 2 2 5 1 4461 5543 7885
14330 2 2 5 1 1440 1465 7762
14331 2 2 5 1 1718 1884 7679
14332 2 2 5 1 5543 7765 7885
14333 2 2 5 1 3668 7503 7752
14334 2 2 5 1 4502 4505 7907
14335 2 2 5 1 4562 4563 7766
14336 2 2 5 1 612 551 7685
14337 2 2 5 1 3920 5102 7806
14338 2 2 5 1 1833 1729 7860
14339 2 2 5 1 3491 5367 8832
14340 2 2 5 1 4969 4968 7954
14341 2 2 5 1 4280 5257 7754
14342 2 2 5 1 7259 993 7696
14343 2 2 5 1 993 1018 7696
14344 2 2 5 1 2925 3457 3459
14345 2 2 5 1 3454 2923 3456
14346 2 2 5 1 2084 1827 7733
14347 2 2 5 1 7172 3172 7855
14348 2 2 5 1 1121 6958 7769
14349 2 2 5 1 4563 7761 7766
14350 2 2 5 1 4505 5128 7955
14351 2 2 5 1 2117 2115 7770
14352 2 2 5 1 3779 7736 7739
14353 2 2 5 1 1581 3462 7869
14354 2 2 5 1 6552 3187 7844
14355 2 2 5 1 4277 5179 7767
14356 2 2 5 1 7884 6238 7889
14357 2 2 5 1 3045 3048 7772
14358 2 2 5 1 4586 5444 7775
14359 2 2 5 1 4885 4884 7840
14360 2 2 5 1 7799 5751 7874
14361 2 2 5 1 4865 4864 7777
14362 2 2 5 1 6063 3923 8666
14363 2 2 5 1 4036 6665 7921
14364 2 2 5 1 8152 4933 8167
14365 2 2 5 1 6202 5068 8601
14366 2 2 5 1 6071 4417 7862
14367 2 2 5 1 7681 1682 7843
14368 2 2 5 1 7503 4358 7752
14369 2 2 5 1 6525 7827 7853
14370 2 2 5 1 7496 3767 7732
14371 2 2 5 1 3459 3457 3915
14372 2 2 5 1 3454 3456 3916
14373 2 2 5 1 5973 6019 7952
14374 2 2 5 1 4373 7129 7742
14375 2 2 5 1 5553 1847 8435
14376 2 2 5 1 8417 5600 8421
14377 2 2 5 1 5533 5535 7921
14378 2 2 5 1 4147 6526 7780
14379 2 2 5 1 4797 4385 7771
14380 2 2 5 1 3536 7768 7785
14381 2 2 5 1 7813 958 7968
14382 2 2 5 1 7140 3282 7771
14383 2 2 5 1 3536 7194 7768
14384 2 2 5 1 515 523 1847
14385 2 2 5 1 7841 5143 7851
14386 2 2 5 1 3641 3391 7905
14387 2 2 5 1 4525 5533 7921
14388 2 2 5 1 510 458 5417
14389 2 2 5 1 3987 5542 7808
14390 2 2 5 1 3393 3826 7905
14391 2 2 5 1 4857 4856 7782
14392 2 2 5 1 3125 3127 7781
14393 2 2 5 1 6170 6168 7982
14394 2 2 5 1 5883 2771 7792
14395 2 2 5 1 5186 5256 8312
14396 2 2 5 1 2092 2114 7784
14397 2 2 5 1 731 712 7783
14398 2 2 5 1 5688 5687 7933
14399 2 2 5 1 4832 8082 8111
14400 2 2 5 1 6423 6422 7789
14401 2 2 5 1 2598 7126 8088
14402 2 2 5 1 3105 6170 7996
14403 2 2 5 1 549 572 7719
14404 2 2 5 1 5871 519 8154
14405 2 2 5 1 5344 7627 7809
14406 2 2 5 1 7835 5143 7841
14407 2 2 5 1 4394 7795 7798
14408 2 2 5 1 2249 2247 7788
14409 2 2 5 1 7869 7152 7993
14410 2 2 5 1 5743 5746 7790
14411 2 2 5 1 2738 8157 8165
14412 2 2 5 1 3609 6495 7941
14413 2 2 5 1 1338 6501 7777
14414 2 2 5 1 234 2497 7929
14415 2 2 5 1 1286 233 7929
14416 2 2 5 1 1893 2205 7832
14417 2 2 5 1 2203 1883 7833
14418 2 2 5 1 7576 3405 7748
14419 2 2 5 1 5310 8034 8654
14420 2 2 5 1 7622 5645 7810
14421 2 2 5 1 4693 4695 7791
14422 2 2 5 1 319 785 7931
14423 2 2 5 1 2499 318 7931
14424 2 2 5 1 4313 7650 7850
14425 2 2 5 1 7840 4884 7865
14426 2 2 5 1 4358 4432 7752
14427 2 2 5 1 8088 7126 8705
14428 2 2 5 1 2925 3871 7749
14429 2 2 5 1 3873 2923 7750
14430 2 2 5 1 8343 5085 8364
14431 2 2 5 1 3799 7853 7856
14432 2 2 5 1 4465 3536 7785
14433 2 2 5 1 2087 1899 7778
14434 2 2 5 1 7440 7726 7822
14435 2 2 5 1 4944 7774 7964
14436 2 2 5 1 1602 1851 7939
14437 2 2 5 1 2435 1604 7939
14438 2 2 5 1 5258 3587 7941
14439 2 2 5 1 7600 4314 7854
14440 2 2 5 1 7922 1103 7993
14441 2 2 5 1 7311 4381 7756
14442 2 2 5 1 7967 2060 7994
14443 2 2 5 1 8297 1281 8299
14444 2 2 5 1 5729 4906 8116
14445 2 2 5 1 3157 1208 7786
14446 2 2 5 1 4733 7600 7854
14447 2 2 5 1 8150 1278 8218
14448 2 2 5 1 2925 2924 3457
14449 2 2 5 1 2922 2923 3454
14450 2 2 5 1 701 5654 8352
14451 2 2 5 1 4570 3690 7930
14452 2 2 5 1 4393 6766 7795
14453 2 2 5 1 4011 229 7937
14454 2 2 5 1 230 2498 7937
14455 2 2 5 1 7309 5931 7989
14456 2 2 5 1 3365 3362 7799
14457 2 2 5 1 749 3223 7943
14458 2 2 5 1 7275 1647 7847
14459 2 2 5 1 6055 6054 7954
14460 2 2 5 1 7956 4268 7991
14461 2 2 5 1 7297 3404 7787
14462 2 2 5 1 5062 5060 7803
14463 2 2 5 1 6817 6706 8597
14464 2 2 5 1 7778 4850 7825
14465 2 2 5 1 6846 4485 8104
14466 2 2 5 1 7845 6396 7899
14467 2 2 5 1 5021 6822 7936
14468 2 2 5 1 4930 5560 7807
14469 2 2 5 1 5055 5057 7805
14470 2 2 5 1 4372 6212 7821
14471 2 2 5 1 551 3443 7685
14472 2 2 5 1 4310 7923 7972
14473 2 2 5 1 4406 6685 7800
14474 2 2 5 1 2316 5540 8266
14475 2 2 5 1 657 708 7943
14476 2 2 5 1 767 612 7685
14477 2 2 5 1 765 737 7942
14478 2 2 5 1 2050 2052 7947
14479 2 2 5 1 7838 5892 7871
14480 2 2 5 1 6168 6169 7968
14481 2 2 5 1 7635 6731 7822
14482 2 2 5 1 1069 1144 7986
14483 2 2 5 1 3705 7143 7798
14484 2 2 5 1 2276 2924 2925
14485 2 2 5 1 2922 2274 2923
14486 2 2 5 1 3079 6349 8111
14487 2 2 5 1 7675 5615 7758
14488 2 2 5 1 3792 7287 7801
14489 2 2 5 1 2632 1787 7927
14490 2 2 5 1 1647 1374 7847
14491 2 2 5 1 7955 5128 7987
14492 2 2 5 1 6071 7862 7884
14493 2 2 5 1 3020 3641 7924
14494 2 2 5 1 48 49 3077
14495 2 2 5 1 142 143 3078
14496 2 2 5 1 6055 461 8778
14497 2 2 5 1 4715 4392 7898
14498 2 2 5 1 1813 6768 7946
14499 2 2 5 1 5612 2060 7967
14500 2 2 5 1 1727 1726 7796
14501 2 2 5 1 1711 6552 7802
14502 2 2 5 1 4715 7976 8426
14503 2 2 5 1 1789 1868 7927
14504 2 2 5 1 4866 4874 7787
14505 2 2 5 1 3923 2676 7946
14506 2 2 5 1 540 525 7705
14507 2 2 5 1 8067 4543 8293
14508 2 2 5 1 572 693 7719
14509 2 2 5 1 5952 7152 8102
14510 2 2 5 1 5751 4412 7874
14511 2 2 5 1 7959 3829 8078
14512 2 2 5 1 4695 7865 7873
14513 2 2 5 1 3197 1038 7986
14514 2 2 5 1 6162 6062 7859
14515 2 2 5 1 7727 4855 7760
14516 2 2 5 1 619 1725 7890
14517 2 2 5 1 4883 7867 7938
14518 2 2 5 1 2063 5414 8000
14519 2 2 5 1 2791 5457 8483
14520 2 2 5 1 1143 1071 7995
14521 2 2 5 1 7286 4462 7895
14522 2 2 5 1 7266 3398 7804
14523 2 2 5 1 385 386 8518
14524 2 2 5 1 2501 659 7812
14525 2 2 5 1 4079 3160 7793
14526 2 2 5 1 4387 7085 7806
14527 2 2 5 1 7094 7686 8207
14528 2 2 5 1 8159 7012 8765
14529 2 2 5 1 4847 3019 7924
14530 2 2 5 1 5020 8214 8237
14531 2 2 5 1 4481 1933 8000
14532 2 2 5 1 7716 2071 7811
14533 2 2 5 1 3282 7368 7797
14534 2 2 5 1 7652 5268 7794
14535 2 2 5 1 3435 4241 7814
14536 2 2 5 1 1891 1893 7832
14537 2 2 5 1 1883 1881 7833
14538 2 2 5 1 3791 7648 7845
14539 2 2 5 1 952 954 7813
14540 2 2 5 1 702 623 7904
14541 2 2 5 1 3714 4089 7817
14542 2 2 5 1 5145 4489 7920
14543 2 2 5 1 7030 7073 7935
14544 2 2 5 1 6477 6472 8022
14545 2 2 5 1 3437 7733 7852
14546 2 2 5 1 1785 2632 7945
14547 2 2 5 1 653 611 7819
14548 2 2 5 1 6470 6465 8027
14549 2 2 5 1 1040 3196 7995
14550 2 2 5 1 6170 7982 7996
14551 2 2 5 1 4873 4865 7839
14552 2 2 5 1 2162 770 7815
14553 2 2 5 1 2989 4495 8052
14554 2 2 5 1 2744 1820 7934
14555 2 2 5 1 4251 1221 7818
14556 2 2 5 1 519 5881 8146
14557 2 2 5 1 1879 1882 7823
14558 2 2 5 1 952 7813 7820
14559 2 2 5 1 7857 4871 7862
14560 2 2 5 1 5871 8154 8157
14561 2 2 5 1 5677 5025 8647
14562 2 2 5 1 950 952 7820
14563 2 2 5 1 4354 7735 7773
14564 2 2 5 1 6484 6483 8017
14565 2 2 5 1 7249 6030 7816
14566 2 2 5 1 737 709 7957
14567 2 2 5 1 8616 6247 8669
14568 2 2 5 1 5645 5650 7810
14569 2 2 5 1 7208 4372 7821
14570 2 2 5 1 1731 1833 7934
14571 2 2 5 1 4083 6646 8018
14572 2 2 5 1 5357 330 8640
14573 2 2 5 1 2205 7749 7832
14574 2 2 5 1 7750 2203 7833
14575 2 2 5 1 5404 2108 8306
14576 2 2 5 1 6090 3912 8265
14577 2 2 5 1 5756 7911 7978
14578 2 2 5 1 7824 4877 7835
14579 2 2 5 1 4980 8477 8479
14580 2 2 5 1 7296 7910 8754
14581 2 2 5 1 5594 4832 8111
14582 2 2 5 1 7852 4502 7907
14583 2 2 5 1 3443 540 7705
14584 2 2 5 1 425 424 7962
14585 2 2 5 1 4865 7777 7839
14586 2 2 5 1 7749 4916 7832
14587 2 2 5 1 4917 7750 7833
14588 2 2 5 1 6099 8326 8614
14589 2 2 5 1 4637 5170 7977
14590 2 2 5 1 4797 6666 7932
14591 2 2 5 1 4873 7839 7887
14592 2 2 5 1 5832 4420 7831
14593 2 2 5 1 4888 4849 7811
14594 2 2 5 1 4802 7652 7794
14595 2 2 5 1 7825 4401 7883
14596 2 2 5 1 6899 4877 7824
14597 2 2 5 1 7931 785 8791
14598 2 2 5 1 1339 7424 7932
14599 2 2 5 1 6756 1158 8014
14600 2 2 5 1 2071 1783 7945
14601 2 2 5 1 1102 1103 7922
14602 2 2 5 1 5450 8484 8678
14603 2 2 5 1 6167 6207 7826
14604 2 2 5 1 4896 4897 7966
14605 2 2 5 1 5605 7208 7821
14606 2 2 5 1 4850 4399 7825
14607 2 2 5 1 3714 7817 7857
14608 2 2 5 1 670 1570 7837
14609 2 2 5 1 4511 4958 7830
14610 2 2 5 1 7756 7072 7867
14611 2 2 5 1 6212 6211 7836
14612 2 2 5 1 1158 5980 8074
14613 2 2 5 1 4849 7716 7811
14614 2 2 5 1 4883 7492 7867
14615 2 2 5 1 98 1384 7961
14616 2 2 5 1 7780 4857 7782
14617 2 2 5 1 6501 2380 7839
14618 2 2 5 1 5981 1157 8077
14619 2 2 5 1 4592 4590 7963
14620 2 2 5 1 4877 4878 7835
14621 2 2 5 1 6959 792 7834
14622 2 2 5 1 6048 1542 7838
14623 2 2 5 1 7777 6501 7839
14624 2 2 5 1 7151 1147 7922
14625 2 2 5 1 6463 6458 8026
14626 2 2 5 1 7814 4241 7827
14627 2 2 5 1 3012 3408 7841
14628 2 2 5 1 4408 4409 7842
14629 2 2 5 1 4054 4000 7992
14630 2 2 5 1 415 414 7969
14631 2 2 5 1 4796 4797 7932
14632 2 2 5 1 4889 7763 7903
14633 2 2 5 1 7932 6666 7960
14634 2 2 5 1 5921 5441 7906
14635 2 2 5 1 4241 7206 7827
14636 2 2 5 1 4471 4373 7971
14637 2 2 5 1 4434 7115 8526
14638 2 2 5 1 6936 4217 7843
14639 2 2 5 1 6168 7968 7982
14640 2 2 5 1 7843 4217 7848
14641 2 2 5 1 525 1683 7705
14642 2 2 5 1 5088 5252 8830
14643 2 2 5 1 1157 6798 8016
14644 2 2 5 1 6060 6058 7849
14645 2 2 5 1 7883 4440 7930
14646 2 2 5 1 8051 4545 8321
14647 2 2 5 1 724 948 7846
14648 2 2 5 1 4217 4376 7848
14649 2 2 5 1 7648 7457 7845
14650 2 2 5 1 7733 7354 7852
14651 2 2 5 1 4875 5565 7844
14652 2 2 5 1 7909 5755 7980
14653 2 2 5 1 3098 7070 7840
14654 2 2 5 1 5143 5233 7851
14655 2 2 5 1 5346 4557 7975
14656 2 2 5 1 6524 6525 7853
14657 2 2 5 1 3172 5380 7855
14658 2 2 5 1 8213 6090 8265
14659 2 2 5 1 6088 2398 8128
14660 2 2 5 1 7000 6360 8205
14661 2 2 5 1 5158 5161 7981
14662 2 2 5 1 5927 492 8833
14663 2 2 5 1 5868 3958 8841
14664 2 2 5 1 3971 5100 8189
14665 2 2 5 1 5164 5160 7981
14666 2 2 5 1 7763 731 7903
14667 2 2 5 1 7963 4590 8250
14668 2 2 5 1 5338 4997 8538
14669 2 2 5 1 7867 7072 7938
14670 2 2 5 1 724 7846 7863
14671 2 2 5 1 6006 8711 8779
14672 2 2 5 1 3098 7840 7865
14673 2 2 5 1 5599 4714 8429
14674 2 2 5 1 3439 3714 7857
14675 2 2 5 1 4416 4415 7856
14676 2 2 5 1 4382 5715 8145
14677 2 2 5 1 809 608 7999
14678 2 2 5 1 3414 7635 7822
14679 2 2 5 1 5980 2337 8090
14680 2 2 5 1 4438 7408 7909
14681 2 2 5 1 5480 8202 8226
14682 2 2 5 1 7404 4435 7911
14683 2 2 5 1 5379 8514 8709
14684 2 2 5 1 4715 7898 7976
14685 2 2 5 1 4435 7539 7911
14686 2 2 5 1 5479 1354 8215
14687 2 2 5 1 1727 7796 7860
14688 2 2 5 1 4949 4457 7988
14689 2 2 5 1 521 533 7858
14690 2 2 5 1 5664 665 8101
14691 2 2 5 1 717 756 7893
14692 2 2 5 1 3912 6970 8283
14693 2 2 5 1 4435 4313 7850
14694 2 2 5 1 2701 549 7719
14695 2 2 5 1 3508 6338 8222
14696 2 2 5 1 2054 2056 7994
14697 2 2 5 1 7856 4415 7864
14698 2 2 5 1 7839 2380 7887
14699 2 2 5 1 486 252 7998
14700 2 2 5 1 253 2466 7998
14701 2 2 5 1 478 5354 8821
14702 2 2 5 1 4673 5436 7861
14703 2 2 5 1 1374 2693 7847
14704 2 2 5 1 4871 3434 7862
14705 2 2 5 1 5808 3795 7959
14706 2 2 5 1 4310 7374 7923
14707 2 2 5 1 664 724 7863
14708 2 2 5 1 4425 6071 7889
14709 2 2 5 1 8074 5980 8090
14710 2 2 5 1 7861 5436 7868
14711 2 2 5 1 6436 6434 8005
14712 2 2 5 1 4415 7028 7864
14713 2 2 5 1 6432 6430 8009
14714 2 2 5 1 4061 3675 7866
14715 2 2 5 1 6431 6432 8005
14716 2 2 5 1 6425 6427 8009
14717 2 2 5 1 7620 4438 7909
14718 2 2 5 1 4314 4438 7854
14719 2 2 5 1 2770 5303 8817
14720 2 2 5 1 6561 3240 8567
14721 2 2 5 1 4678 4677 7872
14722 2 2 5 1 4425 7889 7891
14723 2 2 5 1 3766 3098 7865
14724 2 2 5 1 6435 6436 8006
14725 2 2 5 1 4976 6523 8453
14726 2 2 5 1 6210 5151 8362
14727 2 2 5 1 5436 7069 7868
14728 2 2 5 1 5464 6262 8613
14729 2 2 5 1 8053 4550 8341
14730 2 2 5 1 7152 7151 7922
14731 2 2 5 1 5889 4418 7888
14732 2 2 5 1 5303 2770 8820
14733 2 2 5 1 5415 5477 8091
14734 2 2 5 1 5581 6794 8115
14735 2 2 5 1 3378 3610 8004
14736 2 2 5 1 4629 6867 8548
14737 2 2 5 1 3612 3374 8004
14738 2 2 5 1 5391 5390 7950
14739 2 2 5 1 5398 5399 7951
14740 2 2 5 1 1729 1727 7860
14741 2 2 5 1 3372 3612 8008
14742 2 2 5 1 3613 3370 8008
14743 2 2 5 1 85 86 7876
14744 2 2 5 1 4375 7398 7870
14745 2 2 5 1 3368 3613 8010
14746 2 2 5 1 7875 4413 7878
14747 2 2 5 1 4884 3805 7873
14748 2 2 5 1 8265 3912 8283
14749 2 2 5 1 5054 4615 8084
14750 2 2 5 1 3526 3351 8012
14751 2 2 5 1 6485 6451 8024
14752 2 2 5 1 5009 7557 7925
14753 2 2 5 1 6482 6479 8019
14754 2 2 5 1 5550 4882 7967
14755 2 2 5 1 6338 499 8227
14756 2 2 5 1 4436 4410 7871
14757 2 2 5 1 4663 5487 7877
14758 2 2 5 1 5971 7919 8780
14759 2 2 5 1 7726 3414 7822
14760 2 2 5 1 4881 5612 7967
14761 2 2 5 1 7028 4413 7875
14762 2 2 5 1 7864 7028 7875
14763 2 2 5 1 8222 6338 8227
14764 2 2 5 1 4413 3621 7878
14765 2 2 5 1 6448 6449 8024
14766 2 2 5 1 1616 1909 8029
14767 2 2 5 1 2436 1618 8029
14768 2 2 5 1 5822 5845 8490
14769 2 2 5 1 5197 3922 7874
14770 2 2 5 1 4409 7836 7842
14771 2 2 5 1 4391 4894 8007
14772 2 2 5 1 2670 280 8031
14773 2 2 5 1 281 781 8031
14774 2 2 5 1 3975 4663 7880
14775 2 2 5 1 5189 4681 7879
14776 2 2 5 1 7862 3434 7884
14777 2 2 5 1 6455 6456 8026
14778 2 2 5 1 4617 5059 8088
14779 2 2 5 1 7878 3621 7882
14780 2 2 5 1 7465 4894 7999
14781 2 2 5 1 8046 4553 8357
14782 2 2 5 1 7795 3705 7798
14783 2 2 5 1 7440 7822 7953
14784 2 2 5 1 7354 4500 7852
14785 2 2 5 1 6585 6586 8049
14786 2 2 5 1 519 8146 8154
14787 2 2 5 1 3525 3344 8021
14788 2 2 5 1 3504 4785 8044
14789 2 2 5 1 6443 6442 8045
14790 2 2 5 1 606 7465 7999
14791 2 2 5 1 3621 4568 7882
14792 2 2 5 1 3253 3519 8023
14793 2 2 5 1 3518 3246 8025
14794 2 2 5 1 4546 4332 8042
14795 2 2 5 1 3619 3090 8030
14796 2 2 5 1 3244 3518 8030
14797 2 2 5 1 3349 3526 8028
14798 2 2 5 1 6578 6577 8049
14799 2 2 5 1 6169 7813 7968
14800 2 2 5 1 3342 3525 8032
14801 2 2 5 1 5905 1328 8790
14802 2 2 5 1 5794 4776 8846
14803 2 2 5 1 50 1657 7638
14804 2 2 5 1 1656 141 7722
14805 2 2 5 1 7457 6397 7845
14806 2 2 5 1 3761 7756 7867
14807 2 2 5 1 5410 2046 8358
14808 2 2 5 1 3434 6761 7884
14809 2 2 5 1 531 298 8048
14810 2 2 5 1 299 2493 8048
14811 2 2 5 1 3287 3521 8036
14812 2 2 5 1 4663 7877 7880
14813 2 2 5 1 3304 3524 8040
14814 2 2 5 1 5981 8077 8100
14815 2 2 5 1 4466 6056 8095
14816 2 2 5 1 6428 6429 8017
14817 2 2 5 1 3976 3502 8047
14818 2 2 5 1 4407 5548 7885
14819 2 2 5 1 2716 2718 8064
14820 2 2 5 1 6475 6476 8019
14821 2 2 5 1 6461 6462 8027
14822 2 2 5 1 3639 4553 8046
14823 2 2 5 1 2338 5981 8100
14824 2 2 5 1 226 227 8056
14825 2 2 5 1 4568 5246 8035
14826 2 2 5 1 5883 7792 8415
14827 2 2 5 1 4899 4455 8065
14828 2 2 5 1 2855 7254 8424
14829 2 2 5 1 4331 4545 8051
14830 2 2 5 1 3501 3976 8050
14831 2 2 5 1 4552 3637 8046
14832 2 2 5 1 5050 5508 8834
14833 2 2 5 1 6825 3052 8042
14834 2 2 5 1 4569 6943 8033
14835 2 2 5 1 3828 4550 8053
14836 2 2 5 1 6468 6469 8022
14837 2 2 5 1 3519 3255 8054
14838 2 2 5 1 1579 1581 7869
14839 2 2 5 1 4419 7886 7985
14840 2 2 5 1 6714 6713 8066
14841 2 2 5 1 6715 6716 8066
14842 2 2 5 1 1912 308 8070
14843 2 2 5 1 3524 3306 8060
14844 2 2 5 1 4764 4198 8069
14845 2 2 5 1 7343 2653 7940
14846 2 2 5 1 7439 4375 7870
14847 2 2 5 1 3498 4543 8067
14848 2 2 5 1 4201 4194 8067
14849 2 2 5 1 4422 4425 7891
14850 2 2 5 1 4196 4201 8069
14851 2 2 5 1 3408 7835 7841
14852 2 2 5 1 3521 3289 8062
14853 2 2 5 1 2319 5433 8589
14854 2 2 5 1 2667 5857 7913
14855 2 2 5 1 7492 3761 7867
14856 2 2 5 1 499 6307 8234
14857 2 2 5 1 5294 4133 8390
14858 2 2 5 1 2108 5404 8326
14859 2 2 5 1 5556 8425 8503
14860 2 2 5 1 232 1286 8073
14861 2 2 5 1 2498 231 8073
14862 2 2 5 1 79 80 7896
14863 2 2 5 1 8227 499 8234
14864 2 2 5 1 7964 7774 8477
14865 2 2 5 1 5441 7676 7906
14866 2 2 5 1 4037 4648 7894
14867 2 2 5 1 621 619 7890
14868 2 2 5 1 8434 5599 8482
14869 2 2 5 1 1569 751 7897
14870 2 2 5 1 2168 6007 8304
14871 2 2 5 1 7934 5618 7997
14872 2 2 5 1 6956 2725 8059
14873 2 2 5 1 4894 7465 8007
14874 2 2 5 1 7891 1569 7897
14875 2 2 5 1 5506 4961 8317
14876 2 2 5 1 7822 6731 7953
14877 2 2 5 1 4585 7458 8179
14878 2 2 5 1 1329 5895 8797
14879 2 2 5 1 5259 5260 8081
14880 2 2 5 1 2646 5698 8308
14881 2 2 5 1 7700 3795 7918
14882 2 2 5 1 2380 6574 7887
14883 2 2 5 1 5693 5684 7901
14884 2 2 5 1 2669 7532 7895
14885 2 2 5 1 2653 7590 7940
14886 2 2 5 1 7342 7490 7899
14887 2 2 5 1 5502 4579 7902
14888 2 2 5 1 4473 4640 8092
14889 2 2 5 1 2887 3829 7959
14890 2 2 5 1 7923 4880 7972
14891 2 2 5 1 8360 5705 8551
14892 2 2 5 1 3875 5071 8015
14893 2 2 5 1 5955 5954 7910
14894 2 2 5 1 6311 6314 8081
14895 2 2 5 1 5755 4914 7980
14896 2 2 5 1 806 6679 8011
14897 2 2 5 1 3795 2199 7959
14898 2 2 5 1 5489 4664 8095
14899 2 2 5 1 2666 7439 7870
14900 2 2 5 1 5221 5217 8459
14901 2 2 5 1 3995 3996 7900
14902 2 2 5 1 7853 4416 7856
14903 2 2 5 1 2723 2855 8059
14904 2 2 5 1 4832 5594 8121
14905 2 2 5 1 47 48 7720
14906 2 2 5 1 143 144 7721
14907 2 2 5 1 3446 7517 7886
14908 2 2 5 1 7887 4082 7928
14909 2 2 5 1 3457 3458 8002
14910 2 2 5 1 6686 4423 7903
14911 2 2 5 1 6307 2463 8242
14912 2 2 5 1 7467 2684 7883
14913 2 2 5 1 5359 4773 8147
14914 2 2 5 1 3391 3393 7905
14915 2 2 5 1 623 621 7904
14916 2 2 5 1 1343 1579 7993
14917 2 2 5 1 4915 5756 7978
14918 2 2 5 1 6071 7884 7889
14919 2 2 5 1 6161 6160 7908
14920 2 2 5 1 4471 7971 8015
14921 2 2 5 1 7314 1070 7973
14922 2 2 5 1 8234 6307 8242
14923 2 2 5 1 777 806 8011
14924 2 2 5 1 4460 717 7893
14925 2 2 5 1 7152 7869 8102
14926 2 2 5 1 1248 5595 8181
14927 2 2 5 1 520 6009 8122
14928 2 2 5 1 5683 5686 7912
14929 2 2 5 1 7326 4274 8044
14930 2 2 5 1 4419 7549 7886
14931 2 2 5 1 2714 2716 8003
14932 2 2 5 1 7935 7073 8254
14933 2 2 5 1 4567 4965 8083
14934 2 2 5 1 1354 5479 8236
14935 2 2 5 1 2684 7825 7883
14936 2 2 5 1 7865 4884 7873
14937 2 2 5 1 3437 7852 7907
14938 2 2 5 1 7886 7517 7985
14939 2 2 5 1 5478 4628 8225
14940 2 2 5 1 90 91 8099
14941 2 2 5 1 6158 4508 7914
14942 2 2 5 1 3671 4357 8098
14943 2 2 5 1 4477 5340 8037
14944 2 2 5 1 665 667 8101
14945 2 2 5 1 5593 5594 8111
14946 2 2 5 1 6019 2338 8117
14947 2 2 5 1 1072 7309 7989
14948 2 2 5 1 5881 2399 8138
14949 2 2 5 1 6335 8294 8811
14950 2 2 5 1 4410 7838 7871
14951 2 2 5 1 4765 5304 7916
14952 2 2 5 1 8283 6970 8301
14953 2 2 5 1 7222 7949 8097
14954 2 2 5 1 4257 7485 8118
14955 2 2 5 1 3551 3813 7917
14956 2 2 5 1 7907 4505 7955
14957 2 2 5 1 4247 3527 8089
14958 2 2 5 1 5970 4549 7919
14959 2 2 5 1 6225 5252 8731
14960 2 2 5 1 5314 7603 8057
14961 2 2 5 1 4506 4949 8082
14962 2 2 5 1 621 7890 7904
14963 2 2 5 1 3791 7845 7899
14964 2 2 5 1 7961 6055 8778
14965 2 2 5 1 5341 4483 8058
14966 2 2 5 1 1070 1039 7973
14967 2 2 5 1 2337 6017 8114
14968 2 2 5 1 7408 3028 7909
14969 2 2 5 1 7342 7899 7984
14970 2 2 5 1 5255 5145 7915
14971 2 2 5 1 3025 7404 7911
14972 2 2 5 1 6946 6947 8273
14973 2 2 5 1 5944 1304 8675
14974 2 2 5 1 8090 2337 8114
14975 2 2 5 1 7911 7539 7978
14976 2 2 5 1 4753 5358 8177
14977 2 2 5 1 5508 5050 8851
14978 2 2 5 1 7399 1472 8105
14979 2 2 5 1 7532 7286 7895
14980 2 2 5 1 4489 4490 7920
14981 2 2 5 1 7490 3791 7899
14982 2 2 5 1 7536 7700 7918
14983 2 2 5 1 5392 8264 8802
14984 2 2 5 1 1041 1072 7989
14985 2 2 5 1 5335 2984 8710
14986 2 2 5 1 5065 7931 8791
14987 2 2 5 1 3830 4863 8055
14988 2 2 5 1 7895 4462 7971
14989 2 2 5 1 7575 4270 8139
14990 2 2 5 1 2399 5956 8131
14991 2 2 5 1 6665 4525 7921
14992 2 2 5 1 7448 2667 7913
14993 2 2 5 1 4933 7686 8167
14994 2 2 5 1 2666 7870 7923
14995 2 2 5 1 5942 5944 8675
14996 2 2 5 1 3077 49 7638
14997 2 2 5 1 142 3078 7722
14998 2 2 5 1 6161 8194 8210
14999 2 2 5 1 7938 2991 7947
15000 2 2 5 1 7811 2071 8489
15001 2 2 5 1 2035 1889 8071
15002 2 2 5 1 1878 2034 8072
15003 2 2 5 1 8182 2195 8217
15004 2 2 5 1 7531 3437 7907
15005 2 2 5 1 7222 7548 7949
15006 2 2 5 1 2743 2167 8094
15007 2 2 5 1 4302 3833 8075
15008 2 2 5 1 5031 8396 8398
15009 2 2 5 1 1157 8016 8077
15010 2 2 5 1 4907 7297 8061
15011 2 2 5 1 4334 1428 8181
15012 2 2 5 1 7742 2669 7895
15013 2 2 5 1 3142 7712 7898
15014 2 2 5 1 4264 4262 8108
15015 2 2 5 1 4268 4266 8110
15016 2 2 5 1 7686 2502 8167
15017 2 2 5 1 2338 8100 8117
15018 2 2 5 1 7620 7909 7980
15019 2 2 5 1 5540 5541 8209
15020 2 2 5 1 7549 7624 7886
15021 2 2 5 1 2330 5933 8145
15022 2 2 5 1 2046 5410 8399
15023 2 2 5 1 6540 6539 8254
15024 2 2 5 1 1147 1102 7922
15025 2 2 5 1 6060 7849 8141
15026 2 2 5 1 8239 5400 8784
15027 2 2 5 1 5612 7938 7947
15028 2 2 5 1 7690 2317 7983
15029 2 2 5 1 8014 1158 8074
15030 2 2 5 1 3019 3020 7924
15031 2 2 5 1 4440 4585 8179
15032 2 2 5 1 5316 4604 8171
15033 2 2 5 1 5594 4903 8134
15034 2 2 5 1 2376 1391 8123
15035 2 2 5 1 4621 4403 7926
15036 2 2 5 1 6960 8688 8761
15037 2 2 5 1 5578 5581 8115
15038 2 2 5 1 117 467 8120
15039 2 2 5 1 4384 7448 7913
15040 2 2 5 1 4090 4459 8135
15041 2 2 5 1 3989 7515 8678
15042 2 2 5 1 3455 3454 8093
15043 2 2 5 1 7152 7922 7993
15044 2 2 5 1 8180 4918 8199
15045 2 2 5 1 8247 6540 8254
15046 2 2 5 1 6132 788 8096
15047 2 2 5 1 7980 4914 8016
15048 2 2 5 1 8323 6234 8826
15049 2 2 5 1 1393 1413 8123
15050 2 2 5 1 5602 5604 8225
15051 2 2 5 1 5814 5654 8325
15052 2 2 5 1 5478 2647 8275
15053 2 2 5 1 233 234 7929
15054 2 2 5 1 5687 5690 7933
15055 2 2 5 1 2844 116 8120
15056 2 2 5 1 1787 1789 7927
15057 2 2 5 1 467 5903 8727
15058 2 2 5 1 5548 809 7974
15059 2 2 5 1 466 74 8127
15060 2 2 5 1 7642 3142 7898
15061 2 2 5 1 3410 7623 7979
15062 2 2 5 1 5031 5009 7925
15063 2 2 5 1 7072 2991 7938
15064 2 2 5 1 7315 3410 7979
15065 2 2 5 1 318 319 7931
15066 2 2 5 1 1683 517 7829
15067 2 2 5 1 7624 3446 7886
15068 2 2 5 1 4703 7056 8480
15069 2 2 5 1 415 7969 8393
15070 2 2 5 1 7281 5056 8137
15071 2 2 5 1 4524 6204 8136
15072 2 2 5 1 2762 7012 8159
15073 2 2 5 1 5044 5750 8211
15074 2 2 5 1 7898 7712 7976
15075 2 2 5 1 4535 5118 8132
15076 2 2 5 1 3052 6852 8113
15077 2 2 5 1 4915 7978 8014
15078 2 2 5 1 75 2845 8127
15079 2 2 5 1 5471 5470 8190
15080 2 2 5 1 6012 2371 8192
15081 2 2 5 1 4874 4873 7928
15082 2 2 5 1 5482 465 8317
15083 2 2 5 1 4640 5935 8673
15084 2 2 5 1 6555 3063 8140
15085 2 2 5 1 3171 3940 8140
15086 2 2 5 1 5191 5446 8277
15087 2 2 5 1 6054 4969 7954
15088 2 2 5 1 2399 8131 8138
15089 2 2 5 1 8223 4587 8240
15090 2 2 5 1 5749 5046 8221
15091 2 2 5 1 8264 5358 8802
15092 2 2 5 1 4587 6941 8240
15093 2 2 5 1 5708 7536 7918
15094 2 2 5 1 7899 6396 7984
15095 2 2 5 1 6822 5064 7936
15096 2 2 5 1 229 230 7937
15097 2 2 5 1 5956 779 8129
15098 2 2 5 1 1604 1602 7939
15099 2 2 5 1 4589 7030 7935
15100 2 2 5 1 3587 3609 7941
15101 2 2 5 1 5762 2953 8216
15102 2 2 5 1 7374 2666 7923
15103 2 2 5 1 7919 494 8780
15104 2 2 5 1 792 765 7942
15105 2 2 5 1 4974 6099 8614
15106 2 2 5 1 4906 5729 8149
15107 2 2 5 1 7714 109 8195
15108 2 2 5 1 1820 1731 7934
15109 2 2 5 1 4589 7935 7944
15110 2 2 5 1 5933 4530 8133
15111 2 2 5 1 5119 6776 8467
15112 2 2 5 1 708 749 7943
15113 2 2 5 1 4651 4528 8150
15114 2 2 5 1 530 6146 8270
15115 2 2 5 1 7424 4796 7932
15116 2 2 5 1 7458 4585 8192
15117 2 2 5 1 5808 7959 8078
15118 2 2 5 1 788 760 8096
15119 2 2 5 1 4527 5075 8159
15120 2 2 5 1 3805 3385 8141
15121 2 2 5 1 2856 5286 8827
15122 2 2 5 1 5286 2098 8827
15123 2 2 5 1 1098 5870 8320
15124 2 2 5 1 4392 7642 7898
15125 2 2 5 1 3240 6562 8572
15126 2 2 5 1 4262 4249 8143
15127 2 2 5 1 8115 529 8278
15128 2 2 5 1 7997 4583 8039
15129 2 2 5 1 5359 8239 8784
15130 2 2 5 1 5974 3197 7948
15131 2 2 5 1 5612 4883 7938
15132 2 2 5 1 5061 7283 8144
15133 2 2 5 1 4989 4589 7944
15134 2 2 5 1 2991 2050 7947
15135 2 2 5 1 3690 7467 7930
15136 2 2 5 1 200 201 8156
15137 2 2 5 1 4384 7913 7949
15138 2 2 5 1 6162 7859 8160
15139 2 2 5 1 2676 1813 7946
15140 2 2 5 1 4472 7991 8164
15141 2 2 5 1 8240 6941 8249
15142 2 2 5 1 7998 2466 8488
15143 2 2 5 1 2597 126 8137
15144 2 2 5 1 1035 1152 8202
15145 2 2 5 1 7962 424 8411
15146 2 2 5 1 4831 4832 8121
15147 2 2 5 1 2188 3081 8187
15148 2 2 5 1 5712 699 8168
15149 2 2 5 1 697 5702 8279
15150 2 2 5 1 8094 4965 8112
15151 2 2 5 1 7949 5853 8097
15152 2 2 5 1 1783 1785 7945
15153 2 2 5 1 6869 2630 8185
15154 2 2 5 1 6888 2295 8499
15155 2 2 5 1 4890 7343 7940
15156 2 2 5 1 3946 5493 8133
15157 2 2 5 1 65 2598 8144
15158 2 2 5 1 4547 7953 7988
15159 2 2 5 1 5219 7315 7979
15160 2 2 5 1 7467 7883 7930
15161 2 2 5 1 4614 8102 8126
15162 2 2 5 1 4476 4518 8148
15163 2 2 5 1 7535 1333 7958
15164 2 2 5 1 4530 3800 8133
15165 2 2 5 1 7953 3857 7988
15166 2 2 5 1 7161 4581 8182
15167 2 2 5 1 6941 5097 8249
15168 2 2 5 1 127 7281 8137
15169 2 2 5 1 1756 7892 8101
15170 2 2 5 1 8013 4210 8050
15171 2 2 5 1 1354 1107 8215
15172 2 2 5 1 5690 5691 8285
15173 2 2 5 1 4920 3666 8180
15174 2 2 5 1 3196 5973 7952
15175 2 2 5 1 5195 4921 8174
15176 2 2 5 1 5956 8129 8131
15177 2 2 5 1 4519 4482 8151
15178 2 2 5 1 4890 7940 7956
15179 2 2 5 1 5963 4471 8664
15180 2 2 5 1 4898 5349 8211
15181 2 2 5 1 7283 64 8144
15182 2 2 5 1 715 360 8231
15183 2 2 5 1 1961 2195 8226
15184 2 2 5 1 361 5976 8231
15185 2 2 5 1 1312 7602 8121
15186 2 2 5 1 6396 6395 7984
15187 2 2 5 1 5489 8 8468
15188 2 2 5 1 2953 5762 8224
15189 2 2 5 1 5838 7458 8192
15190 2 2 5 1 3653 4030 8189
15191 2 2 5 1 2302 2300 8176
15192 2 2 5 1 5866 4356 8193
15193 2 2 5 1 3956 4906 8149
15194 2 2 5 1 7234 4222 8167
15195 2 2 5 1 309 310 8079
15196 2 2 5 1 1219 1312 8175
15197 2 2 5 1 5351 4901 8221
15198 2 2 5 1 4607 5317 8190
15199 2 2 5 1 709 1572 7957
15200 2 2 5 1 4989 8232 8245
15201 2 2 5 1 5618 4583 7997
15202 2 2 5 1 2953 6049 8216
15203 2 2 5 1 5837 2739 8383
15204 2 2 5 1 3527 3485 8172
15205 2 2 5 1 3259 2376 8200
15206 2 2 5 1 4900 4899 7958
15207 2 2 5 1 5881 8138 8146
15208 2 2 5 1 6906 1305 8135
15209 2 2 5 1 6731 3857 7953
15210 2 2 5 1 5696 5698 8286
15211 2 2 5 1 5926 5927 8833
15212 2 2 5 1 7094 8207 8296
15213 2 2 5 1 4260 3472 8194
15214 2 2 5 1 3658 2302 8199
15215 2 2 5 1 786 5826 8158
15216 2 2 5 1 97 98 7961
15217 2 2 5 1 6720 4862 8404
15218 2 2 5 1 6283 7004 8214
15219 2 2 5 1 7915 5145 8346
15220 2 2 5 1 1341 1248 8181
15221 2 2 5 1 4873 7887 7928
15222 2 2 5 1 7284 4310 7972
15223 2 2 5 1 5157 5166 8204
15224 2 2 5 1 3770 7198 8160
15225 2 2 5 1 110 2762 8195
15226 2 2 5 1 2984 5335 8738
15227 2 2 5 1 1154 1354 8260
15228 2 2 5 1 1891 7832 8071
15229 2 2 5 1 7833 1881 8072
15230 2 2 5 1 1328 121 8191
15231 2 2 5 1 3532 4587 8210
15232 2 2 5 1 2260 2259 8205
15233 2 2 5 1 480 425 7962
15234 2 2 5 1 6511 1339 7960
15235 2 2 5 1 5737 5738 8336
15236 2 2 5 1 5977 4918 8180
15237 2 2 5 1 2761 7000 8205
15238 2 2 5 1 8099 91 8735
15239 2 2 5 1 6406 2595 8228
15240 2 2 5 1 4995 4592 7963
15241 2 2 5 1 5549 5261 8463
15242 2 2 5 1 2035 8071 8124
15243 2 2 5 1 8072 2034 8125
15244 2 2 5 1 3452 5977 8180
15245 2 2 5 1 699 633 8168
15246 2 2 5 1 7742 7895 7971
15247 2 2 5 1 510 5417 7829
15248 2 2 5 1 4945 4944 7964
15249 2 2 5 1 8305 6015 8344
15250 2 2 5 1 70 1329 8203
15251 2 2 5 1 2199 2887 7959
15252 2 2 5 1 7548 4384 7949
15253 2 2 5 1 662 339 8232
15254 2 2 5 1 5477 4620 8091
15255 2 2 5 1 5077 7714 8195
15256 2 2 5 1 4376 6929 7965
15257 2 2 5 1 517 510 7829
15258 2 2 5 1 1327 342 8241
15259 2 2 5 1 4714 5599 8434
15260 2 2 5 1 6666 4927 7960
15261 2 2 5 1 6679 5364 8011
15262 2 2 5 1 4626 5478 8287
15263 2 2 5 1 88 89 8230
15264 2 2 5 1 2031 6161 8223
15265 2 2 5 1 7452 4890 7956
15266 2 2 5 1 4464 7955 7987
15267 2 2 5 1 1233 1278 8229
15268 2 2 5 1 341 1327 8245
15269 2 2 5 1 3223 6363 8261
15270 2 2 5 1 8272 5237 8648
15271 2 2 5 1 4897 5949 7966
15272 2 2 5 1 8262 5690 8285
15273 2 2 5 1 5356 5357 8041
15274 2 2 5 1 5659 5661 8380
15275 2 2 5 1 2835 2910 8162
15276 2 2 5 1 4547 7440 7953
15277 2 2 5 1 8398 2790 8400
15278 2 2 5 1 1327 7963 8250
15279 2 2 5 1 4614 5952 8102
15280 2 2 5 1 3134 2837 8162
15281 2 2 5 1 5569 2967 8251
15282 2 2 5 1 5004 6817 8597
15283 2 2 5 1 5007 8142 8197
15284 2 2 5 1 343 344 8252
15285 2 2 5 1 4464 7531 7955
15286 2 2 5 1 629 2647 8196
15287 2 2 5 1 3298 3299 8248
15288 2 2 5 1 5406 6779 8382
15289 2 2 5 1 414 484 7969
15290 2 2 5 1 2980 2260 8243
15291 2 2 5 1 2911 2811 8173
15292 2 2 5 1 4461 7885 7974
15293 2 2 5 1 482 5369 8517
15294 2 2 5 1 4927 4926 7990
15295 2 2 5 1 2813 3135 8173
15296 2 2 5 1 5283 7882 8035
15297 2 2 5 1 6592 4510 8848
15298 2 2 5 1 2967 2731 8251
15299 2 2 5 1 5698 5649 8325
15300 2 2 5 1 4880 4458 7972
15301 2 2 5 1 5138 4514 7970
15302 2 2 5 1 4510 3170 8259
15303 2 2 5 1 3062 3161 8259
15304 2 2 5 1 5873 7997 8039
15305 2 2 5 1 5762 7057 8224
15306 2 2 5 1 5608 5609 8542
15307 2 2 5 1 7531 7907 7955
15308 2 2 5 1 5701 5697 8286
15309 2 2 5 1 2729 2927 8251
15310 2 2 5 1 958 7347 7968
15311 2 2 5 1 4882 4881 7967
15312 2 2 5 1 6161 7908 8194
15313 2 2 5 1 4588 4989 8250
15314 2 2 5 1 4557 5099 7975
15315 2 2 5 1 48 3077 7720
15316 2 2 5 1 3078 143 7721
15317 2 2 5 1 5495 5429 8388
15318 2 2 5 1 5006 4582 8217
15319 2 2 5 1 4501 4499 8220
15320 2 2 5 1 5025 5677 8693
15321 2 2 5 1 1038 1069 7986
15322 2 2 5 1 5328 5330 8379
15323 2 2 5 1 758 786 8158
15324 2 2 5 1 6714 8067 8293
15325 2 2 5 1 4596 4995 8256
15326 2 2 5 1 4933 3889 8207
15327 2 2 5 1 5479 4575 8236
15328 2 2 5 1 6130 8246 8253
15329 2 2 5 1 7078 4595 8247
15330 2 2 5 1 7284 7972 8020
15331 2 2 5 1 4874 7399 8061
15332 2 2 5 1 4573 4922 8236
15333 2 2 5 1 32 1334 8235
15334 2 2 5 1 5873 2744 7997
15335 2 2 5 1 5120 4637 7977
15336 2 2 5 1 5160 5158 7981
15337 2 2 5 1 4650 5784 8399
15338 2 2 5 1 8089 6183 8161
15339 2 2 5 1 5187 5186 8312
15340 2 2 5 1 2595 406 8270
15341 2 2 5 1 1965 2043 8197
15342 2 2 5 1 5610 4834 8435
15343 2 2 5 1 6511 7960 7990
15344 2 2 5 1 405 530 8270
15345 2 2 5 1 6539 7935 8254
15346 2 2 5 1 5552 5553 8435
15347 2 2 5 1 4514 7097 8255
15348 2 2 5 1 4457 4547 7988
15349 2 2 5 1 6080 7094 8381
15350 2 2 5 1 6395 4481 8087
15351 2 2 5 1 5408 503 8816
15352 2 2 5 1 1071 1040 7995
15353 2 2 5 1 435 1505 8272
15354 2 2 5 1 1039 1894 7973
15355 2 2 5 1 7960 4927 7990
15356 2 2 5 1 4000 5200 7992
15357 2 2 5 1 7968 7347 7982
15358 2 2 5 1 3857 2714 8003
15359 2 2 5 1 2997 2999 8276
15360 2 2 5 1 7849 3805 8141
15361 2 2 5 1 6130 2740 8246
15362 2 2 5 1 7990 4926 8018
15363 2 2 5 1 7975 5099 8691
15364 2 2 5 1 5738 997 8350
15365 2 2 5 1 5454 2879 8792
15366 2 2 5 1 3983 5191 8277
15367 2 2 5 1 7697 4376 7965
15368 2 2 5 1 5704 5705 8350
15369 2 2 5 1 6630 6629 8302
15370 2 2 5 1 2381 6511 7990
15371 2 2 5 1 2060 2054 7994
15372 2 2 5 1 4994 4605 8294
15373 2 2 5 1 4995 8252 8256
15374 2 2 5 1 4355 5795 8804
15375 2 2 5 1 5651 5648 8380
15376 2 2 5 1 7982 4694 7996
15377 2 2 5 1 7450 33 8235
15378 2 2 5 1 7347 4694 7982
15379 2 2 5 1 608 606 7999
15380 2 2 5 1 6703 8051 8321
15381 2 2 5 1 1703 7746 8289
15382 2 2 5 1 4968 4970 8632
15383 2 2 5 1 6547 1706 8582
15384 2 2 5 1 1933 2063 8000
15385 2 2 5 1 5006 8187 8274
15386 2 2 5 1 5099 6895 8277
15387 2 2 5 1 5799 5800 8304
15388 2 2 5 1 5305 7695 8163
15389 2 2 5 1 5173 8130 8313
15390 2 2 5 1 5365 2872 8776
15391 2 2 5 1 5354 2770 8821
15392 2 2 5 1 7686 4933 8207
15393 2 2 5 1 5294 3447 8284
15394 2 2 5 1 4694 5376 7996
15395 2 2 5 1 252 253 7998
15396 2 2 5 1 7910 5954 8754
15397 2 2 5 1 3992 4895 8244
15398 2 2 5 1 5598 5599 8429
15399 2 2 5 1 8084 5044 8696
15400 2 2 5 1 2704 6940 8284
15401 2 2 5 1 1103 1343 7993
15402 2 2 5 1 5819 6911 8351
15403 2 2 5 1 5789 7958 8755
15404 2 2 5 1 5264 8159 8765
15405 2 2 5 1 7832 4916 8071
15406 2 2 5 1 6429 6484 8017
15407 2 2 5 1 4917 7833 8072
15408 2 2 5 1 7972 4458 8020
15409 2 2 5 1 5629 5628 8414
15410 2 2 5 1 5048 4464 7987
15411 2 2 5 1 4949 7988 8003
15412 2 2 5 1 4619 4993 8313
15413 2 2 5 1 7539 4105 7978
15414 2 2 5 1 546 6130 8253
15415 2 2 5 1 2108 1749 8306
15416 2 2 5 1 2770 5354 8820
15417 2 2 5 1 6285 4391 8007
15418 2 2 5 1 303 304 8288
15419 2 2 5 1 5329 498 8316
15420 2 2 5 1 401 1098 8320
15421 2 2 5 1 5564 7858 8726
15422 2 2 5 1 5827 5114 8498
15423 2 2 5 1 2037 1041 7989
15424 2 2 5 1 4775 6234 8323
15425 2 2 5 1 6434 6431 8005
15426 2 2 5 1 2381 7990 8018
15427 2 2 5 1 6430 6425 8009
15428 2 2 5 1 6438 6435 8006
15429 2 2 5 1 5623 5624 8428
15430 2 2 5 1 3374 3378 8004
15431 2 2 5 1 3853 7342 7984
15432 2 2 5 1 7112 4952 8297
15433 2 2 5 1 3618 6645 8294
15434 2 2 5 1 8091 4620 8130
15435 2 2 5 1 4851 5038 8431
15436 2 2 5 1 6610 6613 8291
15437 2 2 5 1 3370 3372 8008
15438 2 2 5 1 2886 5272 8787
15439 2 2 5 1 5938 6264 8402
15440 2 2 5 1 1467 1359 8290
15441 2 2 5 1 4472 7452 7991
15442 2 2 5 1 7978 4105 8014
15443 2 2 5 1 3353 3368 8010
15444 2 2 5 1 2915 2986 8295
15445 2 2 5 1 6584 8053 8341
15446 2 2 5 1 8514 5553 8709
15447 2 2 5 1 5800 5736 8327
15448 2 2 5 1 4106 7620 7980
15449 2 2 5 1 3351 3353 8012
15450 2 2 5 1 3353 8010 8012
15451 2 2 5 1 2374 402 8320
15452 2 2 5 1 4079 7793 8085
15453 2 2 5 1 576 574 8346
15454 2 2 5 1 5449 7269 8785
15455 2 2 5 1 1300 5150 8233
15456 2 2 5 1 4495 5808 8078
15457 2 2 5 1 7696 5308 8170
15458 2 2 5 1 5046 8088 8705
15459 2 2 5 1 5371 482 8563
15460 2 2 5 1 5300 5302 8516
15461 2 2 5 1 4106 7980 8016
15462 2 2 5 1 4960 5482 8317
15463 2 2 5 1 6087 6088 8153
15464 2 2 5 1 7591 4419 7985
15465 2 2 5 1 5134 3914 8303
15466 2 2 5 1 5735 5734 8336
15467 2 2 5 1 3425 3427 8303
15468 2 2 5 1 2647 627 8275
15469 2 2 5 1 546 8253 8256
15470 2 2 5 1 6285 8007 8068
15471 2 2 5 1 593 697 8279
15472 2 2 5 1 2646 589 8282
15473 2 2 5 1 4572 5199 8488
15474 2 2 5 1 222 223 8309
15475 2 2 5 1 7984 6395 8087
15476 2 2 5 1 6361 6359 8314
15477 2 2 5 1 4083 8018 8076
15478 2 2 5 1 4462 3875 8015
15479 2 2 5 1 5031 7925 8396
15480 2 2 5 1 7517 6845 7985
15481 2 2 5 1 4642 5873 8039
15482 2 2 5 1 6443 8046 8357
15483 2 2 5 1 1305 105 8307
15484 2 2 5 1 7971 4462 8015
15485 2 2 5 1 498 205 8316
15486 2 2 5 1 7452 7956 7991
15487 2 2 5 1 3760 3971 8315
15488 2 2 5 1 7695 7260 8163
15489 2 2 5 1 4105 6756 8014
15490 2 2 5 1 206 2459 8316
15491 2 2 5 1 7009 2621 8318
15492 2 2 5 1 6798 4106 8016
15493 2 2 5 1 6956 5577 8766
15494 2 2 5 1 7859 3770 8160
15495 2 2 5 1 6479 6475 8019
15496 2 2 5 1 625 702 8275
15497 2 2 5 1 2746 7255 8343
15498 2 2 5 1 505 158 8396
15499 2 2 5 1 5853 5852 8097
15500 2 2 5 1 7428 5051 8340
15501 2 2 5 1 2271 7284 8020
15502 2 2 5 1 5476 4774 8323
15503 2 2 5 1 6646 2381 8018
15504 2 2 5 1 6111 4660 8361
15505 2 2 5 1 6472 6468 8022
15506 2 2 5 1 3344 3346 8021
15507 2 2 5 1 5040 4853 8437
15508 2 2 5 1 6451 6448 8024
15509 2 2 5 1 6458 6455 8026
15510 2 2 5 1 3248 3253 8023
15511 2 2 5 1 6911 906 8298
15512 2 2 5 1 6465 6461 8027
15513 2 2 5 1 7259 7696 8170
15514 2 2 5 1 3246 3248 8025
15515 2 2 5 1 8021 3346 8028
15516 2 2 5 1 1618 1616 8029
15517 2 2 5 1 3248 8023 8025
15518 2 2 5 1 3346 3349 8028
15519 2 2 5 1 3090 3244 8030
15520 2 2 5 1 3135 2859 8281
15521 2 2 5 1 3308 3342 8032
15522 2 2 5 1 280 281 8031
15523 2 2 5 1 6943 3619 8033
15524 2 2 5 1 4692 5183 8445
15525 2 2 5 1 463 6795 8034
15526 2 2 5 1 5893 466 8752
15527 2 2 5 1 6584 6581 8333
15528 2 2 5 1 3257 3287 8036
15529 2 2 5 1 7787 4874 8061
15530 2 2 5 1 4842 5283 8038
15531 2 2 5 1 5895 5109 8797
15532 2 2 5 1 7712 4887 7976
15533 2 2 5 1 3291 3304 8040
15534 2 2 5 1 4373 7742 7971
15535 2 2 5 1 114 115 8178
15536 2 2 5 1 3631 2989 8052
15537 2 2 5 1 7831 4421 8296
15538 2 2 5 1 6442 485 8045
15539 2 2 5 1 4332 6825 8042
15540 2 2 5 1 4800 5293 8043
15541 2 2 5 1 4458 4565 8020
15542 2 2 5 1 288 289 8335
15543 2 2 5 1 5030 5034 8339
15544 2 2 5 1 6577 6585 8049
15545 2 2 5 1 3637 3639 8046
15546 2 2 5 1 3502 3504 8047
15547 2 2 5 1 3257 8036 8054
15548 2 2 5 1 298 299 8048
15549 2 2 5 1 160 2790 8398
15550 2 2 5 1 3308 8032 8060
15551 2 2 5 1 4210 3501 8050
15552 2 2 5 1 4364 4331 8051
15553 2 2 5 1 5318 1926 8423
15554 2 2 5 1 3528 4909 8281
15555 2 2 5 1 885 2413 8298
15556 2 2 5 1 907 6111 8322
15557 2 2 5 1 7422 4295 8315
15558 2 2 5 1 4274 3828 8053
15559 2 2 5 1 1889 1891 8071
15560 2 2 5 1 1881 1878 8072
15561 2 2 5 1 3255 3257 8054
15562 2 2 5 1 7933 5690 8262
15563 2 2 5 1 3872 3459 8239
15564 2 2 5 1 5676 5677 8647
15565 2 2 5 1 5235 4477 8037
15566 2 2 5 1 7412 4603 8268
15567 2 2 5 1 6718 226 8056
15568 2 2 5 1 3411 3438 8332
15569 2 2 5 1 3291 8040 8062
15570 2 2 5 1 8653 6172 8728
15571 2 2 5 1 1352 777 8011
15572 2 2 5 1 4583 5006 8039
15573 2 2 5 1 5868 1452 8851
15574 2 2 5 1 6845 6846 8106
15575 2 2 5 1 5185 4691 8447
15576 2 2 5 1 2739 178 8383
15577 2 2 5 1 7885 5548 7974
15578 2 2 5 1 906 887 8298
15579 2 2 5 1 283 284 8345
15580 2 2 5 1 2121 5323 8470
15581 2 2 5 1 3306 3308 8060
15582 2 2 5 1 179 1047 8383
15583 2 2 5 1 3853 7984 8087
15584 2 2 5 1 5954 4670 8367
15585 2 2 5 1 2271 8020 8083
15586 2 2 5 1 4785 7326 8044
15587 2 2 5 1 7908 4260 8194
15588 2 2 5 1 4455 4896 8065
15589 2 2 5 1 5106 5905 8790
15590 2 2 5 1 2718 3079 8064
15591 2 2 5 1 2725 2723 8059
15592 2 2 5 1 3289 3291 8062
15593 2 2 5 1 587 2646 8308
15594 2 2 5 1 4756 5313 8063
15595 2 2 5 1 5878 5879 8586
15596 2 2 5 1 657 7943 8598
15597 2 2 5 1 4641 7710 8301
15598 2 2 5 1 6713 6715 8066
15599 2 2 5 1 4194 3498 8067
15600 2 2 5 1 4198 4196 8069
15601 2 2 5 1 308 309 8070
15602 2 2 5 1 1851 6202 8601
15603 2 2 5 1 430 429 8233
15604 2 2 5 1 1847 5553 8514
15605 2 2 5 1 7485 2035 8124
15606 2 2 5 1 4503 4504 8300
15607 2 2 5 1 7689 433 8407
15608 2 2 5 1 5146 6202 8556
15609 2 2 5 1 3831 3830 8055
15610 2 2 5 1 2986 2985 8359
15611 2 2 5 1 4494 6285 8068
15612 2 2 5 1 3742 4311 8359
15613 2 2 5 1 4483 5232 8058
15614 2 2 5 1 6105 6187 8365
15615 2 2 5 1 2334 2846 8452
15616 2 2 5 1 7946 6768 8847
15617 2 2 5 1 5404 4951 8326
15618 2 2 5 1 3915 3457 8002
15619 2 2 5 1 4518 7948 8148
15620 2 2 5 1 2412 873 8322
15621 2 2 5 1 5440 5439 8522
15622 2 2 5 1 231 232 8073
15623 2 2 5 1 701 585 8308
15624 2 2 5 1 6775 5107 8474
15625 2 2 5 1 2847 2336 8457
15626 2 2 5 1 6104 6102 8365
15627 2 2 5 1 3584 7366 8310
15628 2 2 5 1 7969 5115 8393
15629 2 2 5 1 4488 4915 8074
15630 2 2 5 1 8102 3462 8126
15631 2 2 5 1 3456 3874 8264
15632 2 2 5 1 4949 8064 8082
15633 2 2 5 1 6175 1290 8384
15634 2 2 5 1 875 907 8322
15635 2 2 5 1 5786 4888 8494
15636 2 2 5 1 4843 6563 8449
15637 2 2 5 1 1336 1767 8427
15638 2 2 5 1 5984 6097 8390
15639 2 2 5 1 1333 16 8340
15640 2 2 5 1 8083 4965 8094
15641 2 2 5 1 4291 4904 8310
15642 2 2 5 1 6537 6540 8257
15643 2 2 5 1 3161 2752 8372
15644 2 2 5 1 4926 4533 8076
15645 2 2 5 1 1294 6584 8341
15646 2 2 5 1 7952 4519 8151
15647 2 2 5 1 2616 6833 8372
15648 2 2 5 1 4914 4493 8077
15649 2 2 5 1 2464 6443 8357
15650 2 2 5 1 2750 5811 8418
15651 2 2 5 1 8020 4565 8083
15652 2 2 5 1 4615 5044 8084
15653 2 2 5 1 7792 6091 8410
15654 2 2 5 1 3585 3955 8348
15655 2 2 5 1 4922 7372 8299
15656 2 2 5 1 5373 4859 8080
15657 2 2 5 1 8142 2207 8197
15658 2 2 5 1 4258 7463 8376
15659 2 2 5 1 2493 6703 8321
15660 2 2 5 1 4364 8051 8057
15661 2 2 5 1 4688 4298 8348
15662 2 2 5 1 1193 1275 8377
15663 2 2 5 1 4980 7964 8477
15664 2 2 5 1 1445 1446 8337
15665 2 2 5 1 6970 3506 8387
15666 2 2 5 1 8663 6075 8737
15667 2 2 5 1 3908 4777 8373
15668 2 2 5 1 5260 6311 8081
15669 2 2 5 1 5771 475 8292
15670 2 2 5 1 7459 3191 8375
15671 2 2 5 1 3833 3831 8075
15672 2 2 5 1 2120 6079 8410
15673 2 2 5 1 5284 5021 8627
15674 2 2 5 1 3831 8055 8075
15675 2 2 5 1 4494 8068 8086
15676 2 2 5 1 7603 4364 8057
15677 2 2 5 1 2046 1739 8358
15678 2 2 5 1 4730 4378 8360
15679 2 2 5 1 6233 7962 8411
15680 2 2 5 1 1592 769 8342
15681 2 2 5 1 4300 4688 8360
15682 2 2 5 1 4989 7944 8232
15683 2 2 5 1 51 52 8355
15684 2 2 5 1 4726 5451 8795
15685 2 2 5 1 4832 4506 8082
15686 2 2 5 1 1020 1042 8394
15687 2 2 5 1 5903 5078 8727
15688 2 2 5 1 8097 5852 8119
15689 2 2 5 1 2740 6181 8184
15690 2 2 5 1 15 7428 8340
15691 2 2 5 1 2401 1148 8427
15692 2 2 5 1 5667 504 8391
15693 2 2 5 1 1301 416 8393
15694 2 2 5 1 8668 6139 8740
15695 2 2 5 1 5046 4617 8088
15696 2 2 5 1 4613 4614 8126
15697 2 2 5 1 6009 6010 8107
15698 2 2 5 1 4671 6738 8406
15699 2 2 5 1 1299 6714 8293
15700 2 2 5 1 5176 4114 8405
15701 2 2 5 1 3017 6104 8460
15702 2 2 5 1 5311 5312 8495
15703 2 2 5 1 138 139 8366
15704 2 2 5 1 4488 8074 8090
15705 2 2 5 1 5786 3180 8480
15706 2 2 5 1 4312 3806 8404
15707 2 2 5 1 8108 6088 8128
15708 2 2 5 1 8464 5450 8678
15709 2 2 5 1 8016 4914 8077
15710 2 2 5 1 5852 4542 8119
15711 2 2 5 1 4565 4567 8083
15712 2 2 5 1 5580 5579 8424
15713 2 2 5 1 3960 3958 8368
15714 2 2 5 1 1472 5779 8105
15715 2 2 5 1 432 481 8407
15716 2 2 5 1 4676 7792 8410
15717 2 2 5 1 4915 8014 8074
15718 2 2 5 1 4731 4659 8413
15719 2 2 5 1 5785 5786 8494
15720 2 2 5 1 5165 7689 8407
15721 2 2 5 1 423 1302 8411
15722 2 2 5 1 4859 4473 8092
15723 2 2 5 1 3829 4876 8078
15724 2 2 5 1 583 701 8352
15725 2 2 5 1 5199 7998 8488
15726 2 2 5 1 7013 2251 8406
15727 2 2 5 1 7193 4494 8086
15728 2 2 5 1 6144 4452 8785
15729 2 2 5 1 5310 5311 8476
15730 2 2 5 1 6181 6182 8183
15731 2 2 5 1 6747 4488 8090
15732 2 2 5 1 5175 5174 8099
15733 2 2 5 1 4664 4466 8095
15734 2 2 5 1 8077 4493 8100
15735 2 2 5 1 6358 6357 8432
15736 2 2 5 1 8105 5779 8116
15737 2 2 5 1 6618 6611 8291
15738 2 2 5 1 4474 4247 8089
15739 2 2 5 1 139 140 8385
15740 2 2 5 1 6355 6356 8432
15741 2 2 5 1 2034 7575 8125
15742 2 2 5 1 8076 4533 8103
15743 2 2 5 1 4019 44 8475
15744 2 2 5 1 7944 662 8232
15745 2 2 5 1 6778 483 8465
15746 2 2 5 1 4708 6192 8458
15747 2 2 5 1 2167 2271 8094
15748 2 2 5 1 5541 4334 8209
15749 2 2 5 1 5557 4848 8439
15750 2 2 5 1 4357 5111 8098
15751 2 2 5 1 6833 3039 8430
15752 2 2 5 1 1197 1450 8440
15753 2 2 5 1 6097 4183 8686
15754 2 2 5 1 462 90 8099
15755 2 2 5 1 7711 4847 8262
15756 2 2 5 1 4182 1322 8440
15757 2 2 5 1 3555 6335 8442
15758 2 2 5 1 6717 2500 8441
15759 2 2 5 1 2901 7764 8810
15760 2 2 5 1 4863 3853 8087
15761 2 2 5 1 4647 6922 8397
15762 2 2 5 1 8185 2630 8213
15763 2 2 5 1 6259 4396 8500
15764 2 2 5 1 6133 5190 8553
15765 2 2 5 1 4185 6930 8443
15766 2 2 5 1 77 6811 8433
15767 2 2 5 1 667 1756 8101
15768 2 2 5 1 7299 2743 8112
15769 2 2 5 1 2180 579 8370
15770 2 2 5 1 6009 8110 8122
15771 2 2 5 1 2845 76 8433
15772 2 2 5 1 4561 3837 8444
15773 2 2 5 1 5326 3572 8448
15774 2 2 5 1 5320 5319 8349
15775 2 2 5 1 4485 5007 8104
15776 2 2 5 1 52 53 8408
15777 2 2 5 1 6181 8183 8184
15778 2 2 5 1 1328 5905 8510
15779 2 2 5 1 760 2174 8096
15780 2 2 5 1 5367 5103 8832
15781 2 2 5 1 1279 1281 8338
15782 2 2 5 1 4533 4531 8103
15783 2 2 5 1 7297 7787 8061
15784 2 2 5 1 1582 1580 8450
15785 2 2 5 1 3240 4771 8567
15786 2 2 5 1 1909 5474 8660
15787 2 2 5 1 2990 6314 8588
15788 2 2 5 1 7948 3197 8148
15789 2 2 5 1 6515 6517 8453
15790 2 2 5 1 4676 4253 8415
15791 2 2 5 1 2440 5464 8573
15792 2 2 5 1 6314 2990 8674
15793 2 2 5 1 4493 6750 8100
15794 2 2 5 1 7751 6142 8576
15795 2 2 5 1 7963 1327 8241
15796 2 2 5 1 1642 1640 8456
15797 2 2 5 1 6709 4479 8496
15798 2 2 5 1 3935 7299 8305
15799 2 2 5 1 5457 5459 8483
15800 2 2 5 1 2711 7222 8097
15801 2 2 5 1 3470 5711 8617
15802 2 2 5 1 3580 3668 8389
15803 2 2 5 1 6493 2289 8838
15804 2 2 5 1 6182 6183 8183
15805 2 2 5 1 7925 7557 8421
15806 2 2 5 1 7254 2901 8810
15807 2 2 5 1 5110 7607 8521
15808 2 2 5 1 536 6089 8161
15809 2 2 5 1 6944 3560 8379
15810 2 2 5 1 7818 7238 8493
15811 2 2 5 1 5262 4437 8461
15812 2 2 5 1 2982 2257 8463
15813 2 2 5 1 2715 5491 8807
15814 2 2 5 1 3163 3671 8462
15815 2 2 5 1 6872 4629 8548
15816 2 2 5 1 8103 4531 8109
15817 2 2 5 1 6776 412 8467
15818 2 2 5 1 411 1430 8467
15819 2 2 5 1 4585 4402 8201
15820 2 2 5 1 7 472 8468
15821 2 2 5 1 6915 4296 8461
15822 2 2 5 1 7659 5721 8702
15823 2 2 5 1 2701 5610 8386
15824 2 2 5 1 3610 3611 8473
15825 2 2 5 1 2158 3783 8546
15826 2 2 5 1 1300 428 8474
15827 2 2 5 1 427 6775 8474
15828 2 2 5 1 5844 2702 8539
15829 2 2 5 1 4584 4642 8238
15830 2 2 5 1 7869 3462 8102
15831 2 2 5 1 7882 4568 8035
15832 2 2 5 1 100 101 8476
15833 2 2 5 1 2045 2046 8438
15834 2 2 5 1 7958 1333 8755
15835 2 2 5 1 7943 3223 8771
15836 2 2 5 1 692 573 8436
15837 2 2 5 1 4995 7963 8241
15838 2 2 5 1 4507 4264 8108
15839 2 2 5 1 3196 7952 8151
15840 2 2 5 1 5175 8099 8735
15841 2 2 5 1 5001 5879 8732
15842 2 2 5 1 5189 7910 8537
15843 2 2 5 1 152 153 8530
15844 2 2 5 1 7171 6802 8470
15845 2 2 5 1 6203 2789 8775
15846 2 2 5 1 6089 6087 8153
15847 2 2 5 1 6099 4974 8769
15848 2 2 5 1 6747 8090 8114
15849 2 2 5 1 4945 7964 8528
15850 2 2 5 1 4266 4507 8110
15851 2 2 5 1 6852 4210 8113
15852 2 2 5 1 5941 5942 8230
15853 2 2 5 1 4584 8238 8258
15854 2 2 5 1 4531 4530 8109
15855 2 2 5 1 6349 5593 8111
15856 2 2 5 1 8119 4542 8152
15857 2 2 5 1 5299 5298 8523
15858 2 2 5 1 5828 5366 8166
15859 2 2 5 1 4051 3894 8491
15860 2 2 5 1 577 2180 8416
15861 2 2 5 1 4004 4005 8504
15862 2 2 5 1 5575 5571 8502
15863 2 2 5 1 2266 6528 8540
15864 2 2 5 1 4886 5188 8506
15865 2 2 5 1 44 43 8475
15866 2 2 5 1 4950 5795 8777
15867 2 2 5 1 2319 2160 8546
15868 2 2 5 1 5779 2329 8116
15869 2 2 5 1 5053 5744 8511
15870 2 2 5 1 3454 3916 8093
15871 2 2 5 1 4007 4006 8507
15872 2 2 5 1 4967 3933 8451
15873 2 2 5 1 4199 4453 8496
15874 2 2 5 1 2711 8097 8119
15875 2 2 5 1 431 430 8497
15876 2 2 5 1 99 100 8495
15877 2 2 5 1 2497 6817 8584
15878 2 2 5 1 574 7915 8346
15879 2 2 5 1 2398 5890 8128
15880 2 2 5 1 3583 3584 8466
15881 2 2 5 1 5887 1506 8662
15882 2 2 5 1 4542 4933 8152
15883 2 2 5 1 5792 4441 8831
15884 2 2 5 1 7591 7985 8106
15885 2 2 5 1 767 7685 8342
15886 2 2 5 1 4515 4257 8118
15887 2 2 5 1 5410 7534 8399
15888 2 2 5 1 6232 4867 8512
15889 2 2 5 1 5768 5769 8855
15890 2 2 5 1 7985 6845 8106
15891 2 2 5 1 4492 6733 8499
15892 2 2 5 1 8142 8155 8830
15893 2 2 5 1 3803 4772 8425
15894 2 2 5 1 2995 6555 8527
15895 2 2 5 1 4059 3510 8505
15896 2 2 5 1 4888 5786 8492
15897 2 2 5 1 6889 4182 8508
15898 2 2 5 1 2593 6990 8850
15899 2 2 5 1 7925 505 8396
15900 2 2 5 1 4752 3819 8434
15901 2 2 5 1 7380 5188 8537
15902 2 2 5 1 8071 4916 8124
15903 2 2 5 1 4917 8072 8125
15904 2 2 5 1 1450 1548 8516
15905 2 2 5 1 8100 6750 8117
15906 2 2 5 1 4965 4966 8112
15907 2 2 5 1 5296 4454 8509
15908 2 2 5 1 5895 1329 8513
15909 2 2 5 1 5576 5578 8115
15910 2 2 5 1 4334 5584 8209
15911 2 2 5 1 7217 5132 8565
15912 2 2 5 1 2043 7591 8106
15913 2 2 5 1 119 120 8510
15914 2 2 5 1 628 630 8558
15915 2 2 5 1 71 72 8513
15916 2 2 5 1 4402 4472 8201
15917 2 2 5 1 5171 6018 8707
15918 2 2 5 1 8638 1422 8708
15919 2 2 5 1 116 117 8120
15920 2 2 5 1 6919 4051 8509
15921 2 2 5 1 5034 7946 8847
15922 2 2 5 1 7331 2370 8602
15923 2 2 5 1 716 692 8515
15924 2 2 5 1 376 377 8292
15925 2 2 5 1 5307 4962 8562
15926 2 2 5 1 5118 7965 8734
15927 2 2 5 1 7988 3857 8003
15928 2 2 5 1 4955 6063 8527
15929 2 2 5 1 7225 4245 8501
15930 2 2 5 1 5312 6052 8682
15931 2 2 5 1 377 378 8550
15932 2 2 5 1 6750 4519 8117
15933 2 2 5 1 7349 2711 8119
15934 2 2 5 1 4916 4536 8124
15935 2 2 5 1 4537 4917 8125
15936 2 2 5 1 5903 467 8544
15937 2 2 5 1 4515 8118 8147
15938 2 2 5 1 4518 6747 8114
15939 2 2 5 1 4870 6203 8362
15940 2 2 5 1 5821 6156 8481
15941 2 2 5 1 5298 5015 8533
15942 2 2 5 1 6083 5636 8637
15943 2 2 5 1 4957 7751 8576
15944 2 2 5 1 6507 6508 8703
15945 2 2 5 1 2956 5566 8334
15946 2 2 5 1 5890 520 8122
15947 2 2 5 1 6089 8153 8161
15948 2 2 5 1 6202 4748 8556
15949 2 2 5 1 2860 3134 8472
15950 2 2 5 1 7792 4676 8415
15951 2 2 5 1 4892 4923 8534
15952 2 2 5 1 1302 8323 8826
15953 2 2 5 1 4891 6356 8529
15954 2 2 5 1 1391 1393 8123
15955 2 2 5 1 386 387 8835
15956 2 2 5 1 1334 7659 8702
15957 2 2 5 1 2459 6419 8603
15958 2 2 5 1 4980 4810 8528
15959 2 2 5 1 4959 4584 8258
15960 2 2 5 1 5879 3631 8732
15961 2 2 5 1 8635 1453 8706
15962 2 2 5 1 74 75 8127
15963 2 2 5 1 5013 3867 8492
15964 2 2 5 1 3862 5338 8538
15965 2 2 5 1 6230 4338 8552
15966 2 2 5 1 115 2844 8178
15967 2 2 5 1 151 152 8818
15968 2 2 5 1 3818 4714 8434
15969 2 2 5 1 6063 7113 8527
15970 2 2 5 1 6873 4492 8540
15971 2 2 5 1 7943 5325 8598
15972 2 2 5 1 4620 4619 8130
15973 2 2 5 1 1706 6548 8593
15974 2 2 5 1 5500 5112 8854
15975 2 2 5 1 6700 2494 8545
15976 2 2 5 1 6734 2959 8508
15977 2 2 5 1 5090 5335 8710
15978 2 2 5 1 5943 5941 8800
15979 2 2 5 1 5739 5011 8628
15980 2 2 5 1 6110 4911 8560
15981 2 2 5 1 4908 3529 8472
15982 2 2 5 1 3044 7772 8677
15983 2 2 5 1 7976 4887 8392
15984 2 2 5 1 5792 5793 8846
15985 2 2 5 1 4256 6316 8444
15986 2 2 5 1 5231 5774 8801
15987 2 2 5 1 3201 4862 8556
15988 2 2 5 1 4296 3904 8543
15989 2 2 5 1 3907 5740 8626
15990 2 2 5 1 5265 4996 8608
15991 2 2 5 1 118 119 8544
15992 2 2 5 1 3901 3807 8623
15993 2 2 5 1 4905 7367 8519
15994 2 2 5 1 3866 4888 8492
15995 2 2 5 1 6037 5018 8652
15996 2 2 5 1 4945 5837 8206
15997 2 2 5 1 2465 6523 8568
15998 2 2 5 1 6045 3190 8659
15999 2 2 5 1 72 73 8554
16000 2 2 5 1 1768 2295 8564
16001 2 2 5 1 3173 6136 8576
16002 2 2 5 1 1847 523 8386
16003 2 2 5 1 4012 7916 8079
16004 2 2 5 1 482 419 8563
16005 2 2 5 1 418 6779 8563
16006 2 2 5 1 1640 1638 8573
16007 2 2 5 1 5338 5339 8561
16008 2 2 5 1 7602 4831 8121
16009 2 2 5 1 4538 4526 8129
16010 2 2 5 1 4843 3550 8572
16011 2 2 5 1 3614 3653 8577
16012 2 2 5 1 372 5926 8833
16013 2 2 5 1 3239 3240 8572
16014 2 2 5 1 492 371 8833
16015 2 2 5 1 2706 6210 8775
16016 2 2 5 1 3900 6225 8731
16017 2 2 5 1 5677 5091 8710
16018 2 2 5 1 5069 5272 8679
16019 2 2 5 1 2955 5345 8443
16020 2 2 5 1 167 491 8824
16021 2 2 5 1 4270 4539 8139
16022 2 2 5 1 4683 165 8806
16023 2 2 5 1 4212 6942 8606
16024 2 2 5 1 5745 7818 8493
16025 2 2 5 1 4903 4902 8134
16026 2 2 5 1 6313 6316 8588
16027 2 2 5 1 5129 4535 8132
16028 2 2 5 1 1706 514 8582
16029 2 2 5 1 6734 4540 8592
16030 2 2 5 1 8122 4507 8128
16031 2 2 5 1 5088 4359 8731
16032 2 2 5 1 6817 4999 8584
16033 2 2 5 1 507 3572 8582
16034 2 2 5 1 6940 3092 8583
16035 2 2 5 1 3931 4079 8485
16036 2 2 5 1 6013 4090 8135
16037 2 2 5 1 4526 4602 8131
16038 2 2 5 1 3462 7486 8126
16039 2 2 5 1 6522 6592 8848
16040 2 2 5 1 784 6701 8597
16041 2 2 5 1 45 5716 8657
16042 2 2 5 1 538 2701 8386
16043 2 2 5 1 3549 4396 8587
16044 2 2 5 1 6645 4178 8571
16045 2 2 5 1 8129 4526 8131
16046 2 2 5 1 8070 309 8079
16047 2 2 5 1 126 127 8137
16048 2 2 5 1 7607 4560 8521
16049 2 2 5 1 2955 534 8593
16050 2 2 5 1 5375 4524 8136
16051 2 2 5 1 2441 6075 8743
16052 2 2 5 1 2043 8104 8197
16053 2 2 5 1 5470 4607 8190
16054 2 2 5 1 522 1706 8593
16055 2 2 5 1 2121 569 8598
16056 2 2 5 1 3646 6247 8616
16057 2 2 5 1 8131 4602 8138
16058 2 2 5 1 2219 2319 8630
16059 2 2 5 1 6399 6037 8652
16060 2 2 5 1 4847 7933 8262
16061 2 2 5 1 7383 4959 8269
16062 2 2 5 1 7426 4726 8795
16063 2 2 5 1 3800 3946 8133
16064 2 2 5 1 7149 6325 8794
16065 2 2 5 1 6010 6012 8164
16066 2 2 5 1 1793 6106 8799
16067 2 2 5 1 3476 4116 8641
16068 2 2 5 1 6829 6701 8455
16069 2 2 5 1 3063 3171 8140
16070 2 2 5 1 1395 7009 8600
16071 2 2 5 1 4795 2956 8334
16072 2 2 5 1 2753 3164 8611
16073 2 2 5 1 1118 1165 8610
16074 2 2 5 1 6242 4985 8635
16075 2 2 5 1 2266 2265 8611
16076 2 2 5 1 3999 5464 8613
16077 2 2 5 1 4789 3810 8613
16078 2 2 5 1 5095 7149 8794
16079 2 2 5 1 6445 4991 8638
16080 2 2 5 1 1461 3907 8626
16081 2 2 5 1 4957 4259 8580
16082 2 2 5 1 5104 4983 8645
16083 2 2 5 1 4433 5088 8857
16084 2 2 5 1 6688 6687 8625
16085 2 2 5 1 6269 6268 8634
16086 2 2 5 1 5079 5893 8752
16087 2 2 5 1 3385 3770 8141
16088 2 2 5 1 7349 8119 8152
16089 2 2 5 1 331 3508 8640
16090 2 2 5 1 466 5893 8554
16091 2 2 5 1 5890 8122 8128
16092 2 2 5 1 8139 4539 8177
16093 2 2 5 1 1063 1090 8716
16094 2 2 5 1 7115 6348 8526
16095 2 2 5 1 7499 2756 8464
16096 2 2 5 1 630 632 8812
16097 2 2 5 1 64 65 8144
16098 2 2 5 1 4978 6920 8636
16099 2 2 5 1 5740 5005 8629
16100 2 2 5 1 3988 4972 8633
16101 2 2 5 1 5715 2330 8145
16102 2 2 5 1 5963 5962 8758
16103 2 2 5 1 8179 7458 8319
16104 2 2 5 1 8063 303 8288
16105 2 2 5 1 1358 1671 8825
16106 2 2 5 1 3 228 8649
16107 2 2 5 1 227 3 8649
16108 2 2 5 1 4 311 8650
16109 2 2 5 1 310 4 8650
16110 2 2 5 1 1312 8134 8175
16111 2 2 5 1 6438 8006 8473
16112 2 2 5 1 5226 4025 8681
16113 2 2 5 1 4023 3673 8668
16114 2 2 5 1 4249 4474 8143
16115 2 2 5 1 483 437 8648
16116 2 2 5 1 1457 1458 8626
16117 2 2 5 1 6302 4185 8724
16118 2 2 5 1 410 45 8657
16119 2 2 5 1 6922 5002 8615
16120 2 2 5 1 7017 5739 8628
16121 2 2 5 1 6006 2410 8711
16122 2 2 5 1 2990 2415 8674
16123 2 2 5 1 5426 5432 8589
16124 2 2 5 1 5379 508 8514
16125 2 2 5 1 1307 1087 8665
16126 2 2 5 1 4355 3600 8535
16127 2 2 5 1 5029 6063 8666
16128 2 2 5 1 2098 1967 8827
16129 2 2 5 1 393 1 8722
16130 2 2 5 1 2 145 8723
16131 2 2 5 1 2210 5866 8781
16132 2 2 5 1 329 330 8839
16133 2 2 5 1 5474 5086 8660
16134 2 2 5 1 638 2349 8836
16135 2 2 5 1 2872 190 8776
16136 2 2 5 1 4016 6327 8728
16137 2 2 5 1 2208 2856 8827
16138 2 2 5 1 5022 3665 8653
16139 2 2 5 1 5229 4992 8692
16140 2 2 5 1 5027 6172 8737
16141 2 2 5 1 7746 5225 8289
16142 2 2 5 1 4773 4515 8147
16143 2 2 5 1 4649 4008 8672
16144 2 2 5 1 328 478 8821
16145 2 2 5 1 2770 327 8821
16146 2 2 5 1 779 5828 8166
16147 2 2 5 1 4954 2622 8669
16148 2 2 5 1 87 88 8675
16149 2 2 5 1 4848 7640 8439
16150 2 2 5 1 326 2770 8817
16151 2 2 5 1 8107 6010 8164
16152 2 2 5 1 4014 4015 8663
16153 2 2 5 1 5165 5162 8744
16154 2 2 5 1 1053 1307 8694
16155 2 2 5 1 191 537 8776
16156 2 2 5 1 503 324 8816
16157 2 2 5 1 6138 6139 8753
16158 2 2 5 1 2340 2706 8775
16159 2 2 5 1 1090 7384 8716
16160 2 2 5 1 5007 5008 8142
16161 2 2 5 1 3852 4471 8591
16162 2 2 5 1 7187 2990 8588
16163 2 2 5 1 2302 8174 8199
16164 2 2 5 1 5125 5303 8820
16165 2 2 5 1 5103 3919 8832
16166 2 2 5 1 1434 1416 8803
16167 2 2 5 1 5354 5123 8820
16168 2 2 5 1 8018 4926 8076
16169 2 2 5 1 2602 2263 8697
16170 2 2 5 1 4412 4411 8745
16171 2 2 5 1 542 555 8726
16172 2 2 5 1 1423 1453 8708
16173 2 2 5 1 5072 5238 8774
16174 2 2 5 1 1454 1457 8706
16175 2 2 5 1 4528 5019 8150
16176 2 2 5 1 1321 1422 8717
16177 2 2 5 1 2865 7080 8642
16178 2 2 5 1 5074 8551 8558
16179 2 2 5 1 5257 3956 8149
16180 2 2 5 1 2502 7234 8167
16181 2 2 5 1 92 1303 8735
16182 2 2 5 1 4963 3903 8676
16183 2 2 5 1 4480 6067 8763
16184 2 2 5 1 5067 6031 8742
16185 2 2 5 1 3860 3095 8739
16186 2 2 5 1 461 96 8778
16187 2 2 5 1 113 114 8780
16188 2 2 5 1 6960 7059 8688
16189 2 2 5 1 4902 4657 8186
16190 2 2 5 1 7334 2130 8687
16191 2 2 5 1 4602 7596 8138
16192 2 2 5 1 472 6 8718
16193 2 2 5 1 1559 1793 8799
16194 2 2 5 1 7772 5063 8677
16195 2 2 5 1 4021 4022 8779
16196 2 2 5 1 5340 4476 8148
16197 2 2 5 1 3489 3491 8832
16198 2 2 5 1 2984 2196 8693
16199 2 2 5 1 6158 7914 8698
16200 2 2 5 1 6902 2210 8781
16201 2 2 5 1 512 200 8156
16202 2 2 5 1 6042 1816 8586
16203 2 2 5 1 3924 5067 8742
16204 2 2 5 1 8053 6584 8333
16205 2 2 5 1 8142 5008 8155
16206 2 2 5 1 4613 8126 8185
16207 2 2 5 1 1671 7707 8825
16208 2 2 5 1 8043 288 8335
16209 2 2 5 1 4657 4655 8198
16210 2 2 5 1 4628 5602 8225
16211 2 2 5 1 4482 5341 8151
16212 2 2 5 1 4777 7418 8646
16213 2 2 5 1 7005 3845 8455
16214 2 2 5 1 2717 2715 8807
16215 2 2 5 1 3190 7761 8659
16216 2 2 5 1 505 7925 8421
16217 2 2 5 1 5264 4527 8159
16218 2 2 5 1 4936 4937 8154
16219 2 2 5 1 468 27 8690
16220 2 2 5 1 7525 4479 8605
16221 2 2 5 1 8146 4936 8154
16222 2 2 5 1 8551 2327 8558
16223 2 2 5 1 2213 6295 8569
16224 2 2 5 1 4937 4939 8157
16225 2 2 5 1 5101 5365 8782
16226 2 2 5 1 8038 283 8345
16227 2 2 5 1 6290 1505 8744
16228 2 2 5 1 4655 4653 8208
16229 2 2 5 1 5023 8269 8280
16230 2 2 5 1 7385 5037 8740
16231 2 2 5 1 8175 4902 8186
16232 2 2 5 1 8186 4657 8198
16233 2 2 5 1 4570 8179 8319
16234 2 2 5 1 5325 7943 8771
16235 2 2 5 1 8154 4937 8157
16236 2 2 5 1 5008 5010 8155
16237 2 2 5 1 3958 3881 8841
16238 2 2 5 1 7596 4936 8146
16239 2 2 5 1 8187 5006 8217
16240 2 2 5 1 5023 7383 8269
16241 2 2 5 1 7270 468 8690
16242 2 2 5 1 8198 4655 8208
16243 2 2 5 1 7719 4460 8331
16244 2 2 5 1 2198 5025 8693
16245 2 2 5 1 3813 3861 8729
16246 2 2 5 1 1278 8150 8229
16247 2 2 5 1 2195 8182 8226
16248 2 2 5 1 4794 7293 8683
16249 2 2 5 1 7198 4260 8160
16250 2 2 5 1 3997 5231 8801
16251 2 2 5 1 2692 7419 8506
16252 2 2 5 1 633 631 8168
16253 2 2 5 1 4222 7349 8152
16254 2 2 5 1 6779 1301 8382
16255 2 2 5 1 7751 4957 8580
16256 2 2 5 1 4653 4651 8218
16257 2 2 5 1 7689 5165 8744
16258 2 2 5 1 7127 4480 8763
16259 2 2 5 1 2106 2984 8738
16260 2 2 5 1 8208 4653 8218
16261 2 2 5 1 1580 1449 8751
16262 2 2 5 1 4939 4941 8165
16263 2 2 5 1 429 1300 8233
16264 2 2 5 1 4442 4441 8715
16265 2 2 5 1 2837 2835 8162
16266 2 2 5 1 5113 5971 8178
16267 2 2 5 1 8153 4474 8161
16268 2 2 5 1 7764 5463 8559
16269 2 2 5 1 5584 5469 8209
16270 2 2 5 1 2175 758 8158
16271 2 2 5 1 5374 5024 8371
16272 2 2 5 1 6777 6796 8448
16273 2 2 5 1 7766 3476 8641
16274 2 2 5 1 8157 4939 8165
16275 2 2 5 1 5433 5428 8589
16276 2 2 5 1 5583 7764 8559
16277 2 2 5 1 4539 4753 8177
16278 2 2 5 1 2289 7258 8838
16279 2 2 5 1 3485 4465 8172
16280 2 2 5 1 4941 4943 8169
16281 2 2 5 1 4921 4920 8174
16282 2 2 5 1 2300 3017 8176
16283 2 2 5 1 7547 5822 8490
16284 2 2 5 1 4842 8038 8345
16285 2 2 5 1 3666 3452 8180
16286 2 2 5 1 1222 1219 8175
16287 2 2 5 1 2740 8184 8246
16288 2 2 5 1 5024 5023 8280
16289 2 2 5 1 4570 7930 8179
16290 2 2 5 1 2811 2813 8173
16291 2 2 5 1 7260 3423 8163
16292 2 2 5 1 8165 4941 8169
16293 2 2 5 1 4964 4366 8188
16294 2 2 5 1 4800 8043 8335
16295 2 2 5 1 5949 7291 8721
16296 2 2 5 1 4581 5480 8182
16297 2 2 5 1 1428 1341 8181
16298 2 2 5 1 2463 6537 8257
16299 2 2 5 1 4789 6260 8500
16300 2 2 5 1 8229 5019 8237
16301 2 2 5 1 7423 6984 8639
16302 2 2 5 1 5019 5020 8237
16303 2 2 5 1 8138 7596 8146
16304 2 2 5 1 7659 7546 8620
16305 2 2 5 1 2195 2188 8187
16306 2 2 5 1 5411 3164 8524
16307 2 2 5 1 2371 5838 8192
16308 2 2 5 1 4274 8053 8333
16309 2 2 5 1 2271 8083 8094
16310 2 2 5 1 26 7587 8690
16311 2 2 5 1 7121 1222 8186
16312 2 2 5 1 3880 3565 8801
16313 2 2 5 1 1222 8175 8186
16314 2 2 5 1 6947 472 8273
16315 2 2 5 1 5750 4898 8211
16316 2 2 5 1 4030 5139 8189
16317 2 2 5 1 3424 7259 8170
16318 2 2 5 1 121 122 8191
16319 2 2 5 1 3077 5439 8604
16320 2 2 5 1 4460 7808 8331
16321 2 2 5 1 4510 6592 8505
16322 2 2 5 1 5140 4956 8759
16323 2 2 5 1 8168 631 8196
16324 2 2 5 1 4356 3670 8193
16325 2 2 5 1 8183 4465 8184
16326 2 2 5 1 631 629 8196
16327 2 2 5 1 109 110 8195
16328 2 2 5 1 5062 8353 8733
16329 2 2 5 1 1062 1035 8202
16330 2 2 5 1 3472 3530 8194
16331 2 2 5 1 8064 3079 8082
16332 2 2 5 1 4756 8063 8288
16333 2 2 5 1 8347 5057 8730
16334 2 2 5 1 4901 5749 8221
16335 2 2 5 1 7121 8186 8198
16336 2 2 5 1 7941 6495 8739
16337 2 2 5 1 1062 8202 8215
16338 2 2 5 1 3277 3259 8200
16339 2 2 5 1 5464 5465 8573
16340 2 2 5 1 69 70 8203
16341 2 2 5 1 4918 3658 8199
16342 2 2 5 1 2413 7445 8409
16343 2 2 5 1 8711 5047 8779
16344 2 2 5 1 6184 4624 8382
16345 2 2 5 1 5161 5157 8204
16346 2 2 5 1 8169 4943 8206
16347 2 2 5 1 5048 5787 8845
16348 2 2 5 1 6110 7373 8608
16349 2 2 5 1 4860 7659 8620
16350 2 2 5 1 8194 3530 8210
16351 2 2 5 1 2259 2761 8205
16352 2 2 5 1 2629 7121 8198
16353 2 2 5 1 5466 4844 8449
16354 2 2 5 1 7341 2221 8477
16355 2 2 5 1 2629 8198 8208
16356 2 2 5 1 7047 2629 8208
16357 2 2 5 1 1572 7422 8768
16358 2 2 5 1 6049 4135 8216
16359 2 2 5 1 8368 5868 8851
16360 2 2 5 1 1107 1062 8215
16361 2 2 5 1 4135 8214 8216
16362 2 2 5 1 7447 2412 8422
16363 2 2 5 1 4135 6283 8214
16364 2 2 5 1 8163 3423 8212
16365 2 2 5 1 6088 8143 8153
16366 2 2 5 1 3530 3532 8210
16367 2 2 5 1 8006 3610 8473
16368 2 2 5 1 4611 4613 8213
16369 2 2 5 1 7965 3940 8734
16370 2 2 5 1 5474 7101 8634
16371 2 2 5 1 8065 4896 8747
16372 2 2 5 1 4943 4945 8206
16373 2 2 5 1 7828 2316 8266
16374 2 2 5 1 2207 1965 8197
16375 2 2 5 1 5182 3589 8575
16376 2 2 5 1 7964 4980 8528
16377 2 2 5 1 7047 8208 8218
16378 2 2 5 1 3889 3890 8207
16379 2 2 5 1 5769 8788 8855
16380 2 2 5 1 7486 6869 8185
16381 2 2 5 1 7991 4268 8107
16382 2 2 5 1 515 1847 8514
16383 2 2 5 1 1152 1961 8226
16384 2 2 5 1 8092 2593 8850
16385 2 2 5 1 8126 7486 8185
16386 2 2 5 1 7359 5474 8634
16387 2 2 5 1 4582 7161 8217
16388 2 2 5 1 7120 2031 8223
16389 2 2 5 1 5574 5576 8278
16390 2 2 5 1 3424 8170 8219
16391 2 2 5 1 4979 5211 8222
16392 2 2 5 1 7384 1090 8736
16393 2 2 5 1 386 8374 8518
16394 2 2 5 1 6650 4707 8729
16395 2 2 5 1 1278 7047 8218
16396 2 2 5 1 5097 5098 8255
16397 2 2 5 1 4979 8222 8227
16398 2 2 5 1 8246 4600 8253
16399 2 2 5 1 6407 6406 8228
16400 2 2 5 1 5282 7657 8783
16401 2 2 5 1 4946 8080 8624
16402 2 2 5 1 4504 4501 8220
16403 2 2 5 1 4625 4979 8227
16404 2 2 5 1 5150 5153 8233
16405 2 2 5 1 8088 5059 8719
16406 2 2 5 1 7057 5635 8224
16407 2 2 5 1 89 462 8230
16408 2 2 5 1 3423 7232 8212
16409 2 2 5 1 1235 1233 8229
16410 2 2 5 1 3081 7049 8238
16411 2 2 5 1 339 340 8232
16412 2 2 5 1 475 376 8292
16413 2 2 5 1 4210 8013 8113
16414 2 2 5 1 4625 8227 8234
16415 2 2 5 1 7120 8223 8240
16416 2 2 5 1 7269 2229 8785
16417 2 2 5 1 3588 5184 8579
16418 2 2 5 1 33 32 8235
16419 2 2 5 1 360 361 8231
16420 2 2 5 1 7594 4312 8725
16421 2 2 5 1 4594 4625 8234
16422 2 2 5 1 1235 8229 8237
16423 2 2 5 1 7004 1235 8237
16424 2 2 5 1 5054 8084 8712
16425 2 2 5 1 8232 340 8245
16426 2 2 5 1 342 343 8241
16427 2 2 5 1 4575 4573 8236
16428 2 2 5 1 4594 8234 8242
16429 2 2 5 1 7682 7384 8736
16430 2 2 5 1 7858 533 8726
16431 2 2 5 1 4595 4594 8242
16432 2 2 5 1 8073 1286 8783
16433 2 2 5 1 7245 3424 8219
16434 2 2 5 1 420 482 8517
16435 2 2 5 1 5082 8616 8669
16436 2 2 5 1 2882 7120 8240
16437 2 2 5 1 2882 8240 8249
16438 2 2 5 1 4465 7785 8184
16439 2 2 5 1 8159 5075 8749
16440 2 2 5 1 3990 2980 8243
16441 2 2 5 1 3299 3512 8248
16442 2 2 5 1 3940 7965 8700
16443 2 2 5 1 8238 7049 8258
16444 2 2 5 1 340 341 8245
16445 2 2 5 1 8013 6590 8113
16446 2 2 5 1 4624 5406 8382
16447 2 2 5 1 344 546 8252
16448 2 2 5 1 7097 2882 8249
16449 2 2 5 1 4998 7203 8773
16450 2 2 5 1 2731 2729 8251
16451 2 2 5 1 5465 5466 8456
16452 2 2 5 1 4590 4588 8250
16453 2 2 5 1 5469 5215 8266
16454 2 2 5 1 4600 4598 8253
16455 2 2 5 1 4603 3992 8244
16456 2 2 5 1 3648 7078 8247
16457 2 2 5 1 7203 4998 8764
16458 2 2 5 1 7515 5028 8678
16459 2 2 5 1 3648 8247 8254
16460 2 2 5 1 4611 8213 8265
16461 2 2 5 1 5732 4931 8578
16462 2 2 5 1 4598 4596 8256
16463 2 2 5 1 3170 3062 8259
16464 2 2 5 1 7073 3648 8254
16465 2 2 5 1 5575 8502 8766
16466 2 2 5 1 5141 5140 8768
16467 2 2 5 1 8253 4598 8256
16468 2 2 5 1 1281 1154 8260
16469 2 2 5 1 7523 1592 8574
16470 2 2 5 1 8135 1305 8837
16471 2 2 5 1 7049 3298 8258
16472 2 2 5 1 6363 6362 8261
16473 2 2 5 1 5393 4924 8604
16474 2 2 5 1 5258 7941 8725
16475 2 2 5 1 7834 792 8759
16476 2 2 5 1 6743 2266 8540
16477 2 2 5 1 2295 6743 8499
16478 2 2 5 1 5784 4809 8479
16479 2 2 5 1 8155 5088 8830
16480 2 2 5 1 3470 5350 8808
16481 2 2 5 1 1304 5944 8590
16482 2 2 5 1 5328 8379 8741
16483 2 2 5 1 4609 4611 8265
16484 2 2 5 1 3969 4905 8656
16485 2 2 5 1 3459 3915 8239
16486 2 2 5 1 3175 5379 8709
16487 2 2 5 1 8252 546 8256
16488 2 2 5 1 7515 3989 8808
16489 2 2 5 1 5576 8115 8278
16490 2 2 5 1 5904 5903 8544
16491 2 2 5 1 5944 5945 8590
16492 2 2 5 1 5285 6824 8524
16493 2 2 5 1 8212 7232 8263
16494 2 2 5 1 406 405 8270
16495 2 2 5 1 5927 5773 8671
16496 2 2 5 1 3508 8041 8640
16497 2 2 5 1 7232 906 8263
16498 2 2 5 1 8269 3512 8280
16499 2 2 5 1 436 435 8272
16500 2 2 5 1 7245 8219 8267
16501 2 2 5 1 4966 6015 8305
16502 2 2 5 1 6861 5732 8578
16503 2 2 5 1 5893 5894 8554
16504 2 2 5 1 4982 8311 8312
16505 2 2 5 1 907 7245 8267
16506 2 2 5 1 4609 8265 8283
16507 2 2 5 1 3559 2997 8276
16508 2 2 5 1 7936 5064 8791
16509 2 2 5 1 591 593 8279
16510 2 2 5 1 627 625 8275
16511 2 2 5 1 7942 5140 8759
16512 2 2 5 1 5292 7412 8268
16513 2 2 5 1 6895 3983 8277
16514 2 2 5 1 7090 4976 8453
16515 2 2 5 1 8260 4922 8299
16516 2 2 5 1 529 6814 8278
16517 2 2 5 1 7458 715 8319
16518 2 2 5 1 4255 4676 8420
16519 2 2 5 1 7930 4440 8179
16520 2 2 5 1 4421 4255 8420
16521 2 2 5 1 7785 4600 8246
16522 2 2 5 1 4490 8262 8285
16523 2 2 5 1 589 591 8282
16524 2 2 5 1 3512 3636 8280
16525 2 2 5 1 5088 8155 8857
16526 2 2 5 1 3631 8052 8732
16527 2 2 5 1 4490 7711 8262
16528 2 2 5 1 3916 3456 8264
16529 2 2 5 1 5662 5660 8594
16530 2 2 5 1 2859 3528 8281
16531 2 2 5 1 7535 7958 8685
16532 2 2 5 1 4601 7941 8739
16533 2 2 5 1 5697 5696 8286
16534 2 2 5 1 591 8279 8282
16535 2 2 5 1 5215 7828 8266
16536 2 2 5 1 1030 7483 8328
16537 2 2 5 1 8110 4507 8122
16538 2 2 5 1 7446 1031 8329
16539 2 2 5 1 3447 2704 8284
16540 2 2 5 1 5773 4318 8412
16541 2 2 5 1 4018 5969 8378
16542 2 2 5 1 4627 4626 8287
16543 2 2 5 1 4608 4609 8283
16544 2 2 5 1 4707 7917 8729
16545 2 2 5 1 6629 1298 8302
16546 2 2 5 1 7965 6929 8700
16547 2 2 5 1 5905 5904 8510
16548 2 2 5 1 5151 5149 8362
16549 2 2 5 1 97 7961 8778
16550 2 2 5 1 6401 5320 8349
16551 2 2 5 1 4507 8108 8128
16552 2 2 5 1 8104 5007 8197
16553 2 2 5 1 8688 5033 8761
16554 2 2 5 1 5225 5891 8289
16555 2 2 5 1 304 1299 8288
16556 2 2 5 1 6183 8172 8183
16557 2 2 5 1 2098 5286 8566
16558 2 2 5 1 5969 8363 8378
16559 2 2 5 1 6184 8382 8829
16560 2 2 5 1 7987 5128 8843
16561 2 2 5 1 1664 1467 8290
16562 2 2 5 1 7958 4899 8685
16563 2 2 5 1 6611 6610 8291
16564 2 2 5 1 2498 8073 8774
16565 2 2 5 1 6335 3618 8294
16566 2 2 5 1 5608 3078 8631
16567 2 2 5 1 4543 4756 8293
16568 2 2 5 1 8302 1298 8309
16569 2 2 5 1 5894 5895 8513
16570 2 2 5 1 1664 8290 8306
16571 2 2 5 1 4952 5405 8297
16572 2 2 5 1 3558 2915 8295
16573 2 2 5 1 887 885 8298
16574 2 2 5 1 7970 5098 8798
16575 2 2 5 1 4613 8185 8213
16576 2 2 5 1 4472 8164 8201
16577 2 2 5 1 5776 5771 8292
16578 2 2 5 1 8184 7785 8246
16579 2 2 5 1 3668 7752 8788
16580 2 2 5 1 5129 8132 8849
16581 2 2 5 1 6007 5799 8304
16582 2 2 5 1 4608 8283 8301
16583 2 2 5 1 3914 3425 8303
16584 2 2 5 1 5969 2168 8363
16585 2 2 5 1 3927 6268 8491
16586 2 2 5 1 8095 6056 8670
16587 2 2 5 1 2349 8757 8836
16588 2 2 5 1 5284 6689 8581
16589 2 2 5 1 8374 386 8835
16590 2 2 5 1 105 106 8307
16591 2 2 5 1 1749 1664 8306
16592 2 2 5 1 8503 5045 8530
16593 2 2 5 1 1298 222 8309
16594 2 2 5 1 8424 7254 8810
16595 2 2 5 1 7372 7112 8299
16596 2 2 5 1 4630 4503 8300
16597 2 2 5 1 585 587 8308
16598 2 2 5 1 5582 5583 8559
16599 2 2 5 1 5366 5367 8557
16600 2 2 5 1 5237 5187 8311
16601 2 2 5 1 6251 4548 8587
16602 2 2 5 1 4474 8089 8161
16603 2 2 5 1 6362 6361 8314
16604 2 2 5 1 7561 469 8721
16605 2 2 5 1 4318 4641 8412
16606 2 2 5 1 4058 4561 8529
16607 2 2 5 1 152 8369 8818
16608 2 2 5 1 3081 8238 8274
16609 2 2 5 1 4295 3760 8315
16610 2 2 5 1 4022 8707 8779
16611 2 2 5 1 205 206 8316
16612 2 2 5 1 5439 5393 8604
16613 2 2 5 1 8034 6795 8809
16614 2 2 5 1 5149 4870 8362
16615 2 2 5 1 4396 7279 8500
16616 2 2 5 1 5649 5814 8325
16617 2 2 5 1 4961 4960 8317
16618 2 2 5 1 8715 5792 8846
16619 2 2 5 1 2621 4954 8318
16620 2 2 5 1 873 875 8322
16621 2 2 5 1 5736 5735 8327
16622 2 2 5 1 5140 7957 8768
16623 2 2 5 1 1359 1279 8338
16624 2 2 5 1 7941 4601 8725
16625 2 2 5 1 8606 4954 8669
16626 2 2 5 1 6508 8610 8703
16627 2 2 5 1 4545 5287 8321
16628 2 2 5 1 6712 6709 8496
16629 2 2 5 1 402 401 8320
16630 2 2 5 1 8621 7334 8687
16631 2 2 5 1 4774 4775 8323
16632 2 2 5 1 7366 4291 8310
16633 2 2 5 1 4561 7432 8529
16634 2 2 5 1 5081 8853 8856
16635 2 2 5 1 4630 8300 8324
16636 2 2 5 1 5866 2210 8592
16637 2 2 5 1 4924 393 8722
16638 2 2 5 1 145 4925 8723
16639 2 2 5 1 5323 4674 8470
16640 2 2 5 1 5031 8398 8400
16641 2 2 5 1 6075 8663 8743
16642 2 2 5 1 5038 5039 8328
16643 2 2 5 1 5041 5040 8329
16644 2 2 5 1 4925 5401 8631
16645 2 2 5 1 7710 4608 8301
16646 2 2 5 1 1 47 8722
16647 2 2 5 1 144 2 8723
16648 2 2 5 1 5648 5659 8380
16649 2 2 5 1 5716 8136 8657
16650 2 2 5 1 4895 4570 8319
16651 2 2 5 1 1281 8297 8338
16652 2 2 5 1 8636 2602 8697
16653 2 2 5 1 5734 5737 8336
16654 2 2 5 1 6417 3561 8767
16655 2 2 5 1 4951 4953 8326
16656 2 2 5 1 5116 3884 8330
16657 2 2 5 1 491 8714 8824
16658 2 2 5 1 7550 468 8698
16659 2 2 5 1 6581 6582 8333
16660 2 2 5 1 8129 779 8166
16661 2 2 5 1 3884 3411 8332
16662 2 2 5 1 8099 5174 8800
16663 2 2 5 1 8207 3890 8296
16664 2 2 5 1 5301 6734 8508
16665 2 2 5 1 5322 4630 8324
16666 2 2 5 1 8330 3884 8332
16667 2 2 5 1 462 8099 8800
16668 2 2 5 1 1335 7858 8661
16669 2 2 5 1 6257 6251 8587
16670 2 2 5 1 5285 5284 8581
16671 2 2 5 1 289 1294 8335
16672 2 2 5 1 8134 4902 8175
16673 2 2 5 1 5549 1659 8564
16674 2 2 5 1 5252 6225 8852
16675 2 2 5 1 5627 5626 8347
16676 2 2 5 1 1565 576 8346
16677 2 2 5 1 4707 4815 8686
16678 2 2 5 1 2210 6904 8592
16679 2 2 5 1 8251 2927 8502
16680 2 2 5 1 8143 4474 8153
16681 2 2 5 1 4794 6252 8543
16682 2 2 5 1 6536 5030 8339
16683 2 2 5 1 16 15 8340
16684 2 2 5 1 6139 8668 8753
16685 2 2 5 1 5233 5327 8741
16686 2 2 5 1 4538 8129 8166
16687 2 2 5 1 3604 4449 8658
16688 2 2 5 1 8343 4431 8354
16689 2 2 5 1 5130 8073 8783
16690 2 2 5 1 3164 6842 8524
16691 2 2 5 1 3890 7831 8296
16692 2 2 5 1 5621 5622 8353
16693 2 2 5 1 6015 6014 8344
16694 2 2 5 1 4550 4800 8341
16695 2 2 5 1 997 5704 8350
16696 2 2 5 1 1590 1445 8337
16697 2 2 5 1 8176 3017 8460
16698 2 2 5 1 5820 5819 8351
16699 2 2 5 1 7261 3935 8344
16700 2 2 5 1 284 2464 8345
16701 2 2 5 1 7373 2689 8608
16702 2 2 5 1 1457 8629 8706
16703 2 2 5 1 6172 8653 8737
16704 2 2 5 1 5849 8375 8423
16705 2 2 5 1 1453 8635 8708
16706 2 2 5 1 4959 8248 8269
16707 2 2 5 1 8178 2844 8854
16708 2 2 5 1 7910 869 8537
16709 2 2 5 1 1422 8638 8717
16710 2 2 5 1 5197 7874 8786
16711 2 2 5 1 7920 4490 8285
16712 2 2 5 1 2598 8088 8719
16713 2 2 5 1 7255 4431 8343
16714 2 2 5 1 5037 8655 8740
16715 2 2 5 1 4431 4974 8354
16716 2 2 5 1 6327 8642 8728
16717 2 2 5 1 8419 4683 8806
16718 2 2 5 1 8084 2597 8712
16719 2 2 5 1 4298 3585 8348
16720 2 2 5 1 8356 630 8812
16721 2 2 5 1 8135 4459 8809
16722 2 2 5 1 5346 7975 8724
16723 2 2 5 1 5849 7459 8375
16724 2 2 5 1 3584 8327 8466
16725 2 2 5 1 4660 4661 8361
16726 2 2 5 1 5081 5254 8853
16727 2 2 5 1 5574 8278 8549
16728 2 2 5 1 1590 8337 8358
16729 2 2 5 1 581 583 8352
16730 2 2 5 1 4553 4842 8357
16731 2 2 5 1 8273 472 8718
16732 2 2 5 1 4970 6100 8599
16733 2 2 5 1 7463 2401 8376
16734 2 2 5 1 5277 5074 8356
16735 2 2 5 1 2985 3742 8359
16736 2 2 5 1 8204 2213 8569
16737 2 2 5 1 7261 8344 8364
16738 2 2 5 1 8344 6014 8364
16739 2 2 5 1 5795 8535 8777
16740 2 2 5 1 1307 8615 8694
16741 2 2 5 1 8369 152 8530
16742 2 2 5 1 4378 4300 8360
16743 2 2 5 1 8080 4859 8850
16744 2 2 5 1 769 767 8342
16745 2 2 5 1 5024 8280 8371
16746 2 2 5 1 7332 4787 8570
16747 2 2 5 1 7154 4970 8599
16748 2 2 5 1 6014 2746 8364
16749 2 2 5 1 4809 4980 8479
16750 2 2 5 1 1739 1590 8358
16751 2 2 5 1 4815 5294 8390
16752 2 2 5 1 6013 8135 8837
16753 2 2 5 1 4670 5049 8367
16754 2 2 5 1 7445 7322 8409
16755 2 2 5 1 6102 6105 8365
16756 2 2 5 1 4787 3979 8585
16757 2 2 5 1 8150 5019 8229
16758 2 2 5 1 796 8503 8530
16759 2 2 5 1 8855 5177 8856
16760 2 2 5 1 8238 4642 8274
16761 2 2 5 1 7269 5449 8746
16762 2 2 5 1 630 8356 8558
16763 2 2 5 1 5476 421 8517
16764 2 2 5 1 2752 2616 8372
16765 2 2 5 1 6592 6593 8505
16766 2 2 5 1 3636 6954 8371
16767 2 2 5 1 4904 4623 8363
16768 2 2 5 1 5012 3908 8373
16769 2 2 5 1 4844 4843 8449
16770 2 2 5 1 6079 6080 8381
16771 2 2 5 1 8174 4920 8199
16772 2 2 5 1 8363 4623 8378
16773 2 2 5 1 5085 7261 8364
16774 2 2 5 1 581 8352 8370
16775 2 2 5 1 579 581 8370
16776 2 2 5 1 7320 7447 8422
16777 2 2 5 1 4972 8318 8633
16778 2 2 5 1 6100 7701 8599
16779 2 2 5 1 7279 4789 8500
16780 2 2 5 1 504 5633 8392
16781 2 2 5 1 8409 7322 8446
16782 2 2 5 1 468 7888 8698
16783 2 2 5 1 6842 5285 8524
16784 2 2 5 1 8172 4465 8183
16785 2 2 5 1 1344 1193 8377
16786 2 2 5 1 1657 51 8355
16787 2 2 5 1 7534 4650 8399
16788 2 2 5 1 469 7543 8747
16789 2 2 5 1 5429 5430 8388
16790 2 2 5 1 6176 6175 8384
16791 2 2 5 1 8392 5633 8426
16792 2 2 5 1 2701 7719 8331
16793 2 2 5 1 1031 138 8366
16794 2 2 5 1 5188 5189 8537
16795 2 2 5 1 6156 8376 8481
16796 2 2 5 1 2331 5667 8395
16797 2 2 5 1 5271 5549 8564
16798 2 2 5 1 3104 3103 8680
16799 2 2 5 1 8426 2784 8429
16800 2 2 5 1 5045 5270 8369
16801 2 2 5 1 178 179 8383
16802 2 2 5 1 3816 4627 8651
16803 2 2 5 1 4623 6946 8378
16804 2 2 5 1 5628 5627 8414
16805 2 2 5 1 8396 159 8398
16806 2 2 5 1 5279 5035 8374
16807 2 2 5 1 5050 3960 8368
16808 2 2 5 1 3506 4645 8387
16809 2 2 5 1 8570 4787 8585
16810 2 2 5 1 7858 5562 8661
16811 2 2 5 1 2195 8187 8217
16812 2 2 5 1 4862 5258 8404
16813 2 2 5 1 7320 8422 8454
16814 2 2 5 1 4642 8039 8274
16815 2 2 5 1 3978 4957 8618
16816 2 2 5 1 8373 5226 8681
16817 2 2 5 1 4133 5984 8390
16818 2 2 5 1 3572 6777 8448
16819 2 2 5 1 6508 4647 8397
16820 2 2 5 1 5450 5448 8484
16821 2 2 5 1 5633 2784 8426
16822 2 2 5 1 5014 4564 8699
16823 2 2 5 1 416 415 8393
16824 2 2 5 1 1113 1020 8394
16825 2 2 5 1 4564 7062 8695
16826 2 2 5 1 5113 8178 8854
16827 2 2 5 1 8039 5006 8274
16828 2 2 5 1 8377 5229 8692
16829 2 2 5 1 8164 6012 8201
16830 2 2 5 1 7299 8112 8305
16831 2 2 5 1 469 7966 8721
16832 2 2 5 1 6252 6253 8543
16833 2 2 5 1 158 159 8396
16834 2 2 5 1 5367 6913 8557
16835 2 2 5 1 159 160 8398
16836 2 2 5 1 5334 5333 8704
16837 2 2 5 1 7322 4258 8446
16838 2 2 5 1 4424 3580 8389
16839 2 2 5 1 6264 1113 8403
16840 2 2 5 1 4667 5938 8402
16841 2 2 5 1 2499 7931 8644
16842 2 2 5 1 3806 6720 8404
16843 2 2 5 1 4887 4636 8391
16844 2 2 5 1 4667 8402 8405
16845 2 2 5 1 523 538 8386
16846 2 2 5 1 4114 4667 8405
16847 2 2 5 1 6738 7013 8406
16848 2 2 5 1 6091 2120 8410
16849 2 2 5 1 2762 8159 8749
16850 2 2 5 1 5177 5081 8856
16851 2 2 5 1 8242 2463 8257
16852 2 2 5 1 4564 8695 8699
16853 2 2 5 1 4977 7082 8607
16854 2 2 5 1 8278 6814 8549
16855 2 2 5 1 5928 5927 8671
16856 2 2 5 1 5327 5328 8741
16857 2 2 5 1 8397 1307 8665
16858 2 2 5 1 3191 7320 8454
16859 2 2 5 1 433 432 8407
16860 2 2 5 1 1113 8394 8403
16861 2 2 5 1 8403 4649 8672
16862 2 2 5 1 5679 4851 8431
16863 2 2 5 1 140 1656 8385
16864 2 2 5 1 8574 5430 8609
16865 2 2 5 1 7917 4707 8686
16866 2 2 5 1 5010 5031 8400
16867 2 2 5 1 1926 5849 8423
16868 2 2 5 1 5432 7476 8792
16869 2 2 5 1 2784 5598 8429
16870 2 2 5 1 424 423 8411
16871 2 2 5 1 6356 4058 8529
16872 2 2 5 1 3845 6829 8455
16873 2 2 5 1 4659 6536 8413
16874 2 2 5 1 5250 2750 8418
16875 2 2 5 1 5401 5608 8631
16876 2 2 5 1 8182 5480 8226
16877 2 2 5 1 8418 4963 8676
16878 2 2 5 1 6316 6317 8444
16879 2 2 5 1 2886 1904 8840
16880 2 2 5 1 8073 5130 8774
16881 2 2 5 1 4853 5678 8437
16882 2 2 5 1 5678 4692 8445
16883 2 2 5 1 5583 5580 8424
16884 2 2 5 1 4424 8389 8419
16885 2 2 5 1 5577 5575 8766
16886 2 2 5 1 8112 4966 8305
16887 2 2 5 1 1505 7689 8744
16888 2 2 5 1 7747 5356 8555
16889 2 2 5 1 4834 5552 8435
16890 2 2 5 1 4253 4254 8415
16891 2 2 5 1 53 1030 8408
16892 2 2 5 1 575 577 8416
16893 2 2 5 1 8382 1301 8829
16894 2 2 5 1 5622 5623 8428
16895 2 2 5 1 1148 1336 8427
16896 2 2 5 1 4510 8259 8848
16897 2 2 5 1 8316 2459 8603
16898 2 2 5 1 6357 6355 8432
16899 2 2 5 1 5400 1282 8784
16900 2 2 5 1 5288 4424 8419
16901 2 2 5 1 4679 4848 8417
16902 2 2 5 1 76 77 8433
16903 2 2 5 1 3039 7090 8430
16904 2 2 5 1 436 8272 8648
16905 2 2 5 1 5705 2327 8551
16906 2 2 5 1 7718 4977 8607
16907 2 2 5 1 7082 7830 8607
16908 2 2 5 1 4691 5679 8447
16909 2 2 5 1 1322 1197 8440
16910 2 2 5 1 5488 5489 8468
16911 2 2 5 1 3560 7851 8379
16912 2 2 5 1 2500 6712 8441
16913 2 2 5 1 5345 5346 8443
16914 2 2 5 1 5196 5195 8460
16915 2 2 5 1 5820 8409 8446
16916 2 2 5 1 795 385 8518
16917 2 2 5 1 573 575 8436
16918 2 2 5 1 3802 3803 8425
16919 2 2 5 1 8591 5963 8758
16920 2 2 5 1 4674 3555 8442
16921 2 2 5 1 8249 5097 8255
16922 2 2 5 1 4022 6960 8761
16923 2 2 5 1 2221 2045 8438
16924 2 2 5 1 575 8416 8436
16925 2 2 5 1 7961 1384 8682
16926 2 2 5 1 3819 3818 8434
16927 2 2 5 1 4679 8417 8421
16928 2 2 5 1 1283 5392 8802
16929 2 2 5 1 6930 2955 8443
16930 2 2 5 1 7557 4679 8421
16931 2 2 5 1 6156 5820 8446
16932 2 2 5 1 3579 8452 8459
16933 2 2 5 1 3837 4256 8444
16934 2 2 5 1 6979 2602 8689
16935 2 2 5 1 4923 5326 8448
16936 2 2 5 1 3579 2334 8452
16937 2 2 5 1 6710 2499 8644
16938 2 2 5 1 2760 7332 8570
16939 2 2 5 1 8422 4661 8454
16940 2 2 5 1 4627 8287 8532
16941 2 2 5 1 2041 1582 8450
16942 2 2 5 1 6563 2181 8449
16943 2 2 5 1 5935 4964 8643
16944 2 2 5 1 7701 1303 8599
16945 2 2 5 1 2336 3581 8457
16946 2 2 5 1 5599 795 8482
16947 2 2 5 1 5217 3579 8459
16948 2 2 5 1 4595 8242 8257
16949 2 2 5 1 8280 3636 8371
16950 2 2 5 1 6523 6515 8453
16951 2 2 5 1 1323 8095 8670
16952 2 2 5 1 7097 8249 8255
16953 2 2 5 1 3802 8425 8439
16954 2 2 5 1 6701 6700 8455
16955 2 2 5 1 796 5556 8503
16956 2 2 5 1 3923 7946 8666
16957 2 2 5 1 1735 1642 8456
16958 2 2 5 1 8351 2413 8409
16959 2 2 5 1 3933 3932 8451
16960 2 2 5 1 7975 6284 8724
16961 2 2 5 1 4709 4708 8458
16962 2 2 5 1 421 420 8517
16963 2 2 5 1 6268 6267 8491
16964 2 2 5 1 5017 7587 8533
16965 2 2 5 1 7640 3802 8439
16966 2 2 5 1 4661 7219 8454
16967 2 2 5 1 7966 469 8747
16968 2 2 5 1 4437 6915 8461
16969 2 2 5 1 3477 3163 8462
16970 2 2 5 1 2257 1850 8463
16971 2 2 5 1 4982 4981 8465
16972 2 2 5 1 5252 2207 8830
16973 2 2 5 1 2412 8361 8422
16974 2 2 5 1 8 7 8468
16975 2 2 5 1 412 411 8467
16976 2 2 5 1 3180 4703 8480
16977 2 2 5 1 7056 2041 8478
16978 2 2 5 1 1344 8692 8703
16979 2 2 5 1 6187 753 8760
16980 2 2 5 1 6802 2121 8470
16981 2 2 5 1 3611 4572 8473
16982 2 2 5 1 3955 3583 8466
16983 2 2 5 1 4876 5001 8732
16984 2 2 5 1 8248 3512 8269
16985 2 2 5 1 428 427 8474
16986 2 2 5 1 8489 4638 8494
16987 2 2 5 1 43 473 8475
16988 2 2 5 1 8155 5010 8857
16989 2 2 5 1 3979 3978 8618
16990 2 2 5 1 8188 497 8643
16991 2 2 5 1 5459 5491 8483
16992 2 2 5 1 101 463 8476
16993 2 2 5 1 6415 6417 8547
16994 2 2 5 1 2466 6438 8488
16995 2 2 5 1 7830 502 8607
16996 2 2 5 1 3529 2860 8472
16997 2 2 5 1 8451 3932 8471
16998 2 2 5 1 5170 4638 8489
16999 2 2 5 1 7931 5065 8644
17000 2 2 5 1 4638 5785 8494
17001 2 2 5 1 1328 8191 8790
17002 2 2 5 1 5028 7499 8464
17003 2 2 5 1 3932 7371 8471
17004 2 2 5 1 5823 5821 8481
17005 2 2 5 1 3894 3927 8491
17006 2 2 5 1 5629 8487 8536
17007 2 2 5 1 8130 4619 8313
17008 2 2 5 1 8203 1329 8797
17009 2 2 5 1 2885 7747 8701
17010 2 2 5 1 7720 4924 8722
17011 2 2 5 1 4925 7721 8723
17012 2 2 5 1 6419 6415 8547
17013 2 2 5 1 1592 8388 8574
17014 2 2 5 1 8487 5183 8536
17015 2 2 5 1 753 6123 8750
17016 2 2 5 1 2596 443 8814
17017 2 2 5 1 6056 5265 8670
17018 2 2 5 1 5811 3816 8651
17019 2 2 5 1 8395 4636 8485
17020 2 2 5 1 2041 8450 8478
17021 2 2 5 1 1384 99 8495
17022 2 2 5 1 1290 6107 8756
17023 2 2 5 1 5043 5827 8498
17024 2 2 5 1 4479 4199 8496
17025 2 2 5 1 8493 2777 8501
17026 2 2 5 1 4636 3931 8485
17027 2 2 5 1 481 431 8497
17028 2 2 5 1 5184 5185 8541
17029 2 2 5 1 466 8127 8752
17030 2 2 5 1 3867 3866 8492
17031 2 2 5 1 6260 6259 8500
17032 2 2 5 1 753 8750 8760
17033 2 2 5 1 5681 8574 8609
17034 2 2 5 1 7238 2777 8493
17035 2 2 5 1 7291 5299 8523
17036 2 2 5 1 5571 5569 8502
17037 2 2 5 1 5663 4932 8622
17038 2 2 5 1 494 7919 8765
17039 2 2 5 1 3834 7547 8490
17040 2 2 5 1 6733 6888 8499
17041 2 2 5 1 5277 8812 8836
17042 2 2 5 1 5202 4004 8504
17043 2 2 5 1 5035 4752 8482
17044 2 2 5 1 6192 4886 8506
17045 2 2 5 1 5508 3175 8834
17046 2 2 5 1 3510 4510 8505
17047 2 2 5 1 7305 7304 8486
17048 2 2 5 1 7306 7307 8487
17049 2 2 5 1 7774 7341 8477
17050 2 2 5 1 8120 467 8727
17051 2 2 5 1 4006 5203 8507
17052 2 2 5 1 5183 5182 8536
17053 2 2 5 1 1281 8260 8299
17054 2 2 5 1 2777 7225 8501
17055 2 2 5 1 2959 6889 8508
17056 2 2 5 1 6698 2491 8627
17057 2 2 5 1 6327 4990 8720
17058 2 2 5 1 5052 5053 8511
17059 2 2 5 1 6308 4426 8561
17060 2 2 5 1 4990 5176 8713
17061 2 2 5 1 7900 6710 8644
17062 2 2 5 1 7587 1361 8533
17063 2 2 5 1 8486 5624 8541
17064 2 2 5 1 1589 716 8515
17065 2 2 5 1 153 796 8530
17066 2 2 5 1 464 6810 8624
17067 2 2 5 1 3834 8490 8519
17068 2 2 5 1 5945 4947 8590
17069 2 2 5 1 5052 8511 8520
17070 2 2 5 1 4867 4869 8512
17071 2 2 5 1 4454 6919 8509
17072 2 2 5 1 5185 8486 8541
17073 2 2 5 1 6348 6347 8526
17074 2 2 5 1 7896 5935 8643
17075 2 2 5 1 1548 1652 8516
17076 2 2 5 1 120 1328 8510
17077 2 2 5 1 4990 8713 8720
17078 2 2 5 1 1329 71 8513
17079 2 2 5 1 5369 5476 8517
17080 2 2 5 1 5333 4220 8704
17081 2 2 5 1 5254 8400 8853
17082 2 2 5 1 5866 8193 8781
17083 2 2 5 1 6016 5052 8520
17084 2 2 5 1 4910 6016 8525
17085 2 2 5 1 8311 5187 8312
17086 2 2 5 1 6347 6905 8526
17087 2 2 5 1 555 6861 8578
17088 2 2 5 1 6016 8520 8525
17089 2 2 5 1 6906 8135 8809
17090 2 2 5 1 5573 5574 8549
17091 2 2 5 1 4910 8525 8531
17092 2 2 5 1 2846 3588 8579
17093 2 2 5 1 7113 2995 8527
17094 2 2 5 1 4560 5093 8521
17095 2 2 5 1 4772 5045 8503
17096 2 2 5 1 2848 7291 8523
17097 2 2 5 1 6824 5411 8524
17098 2 2 5 1 3508 8222 8772
17099 2 2 5 1 3589 2847 8575
17100 2 2 5 1 8504 5182 8575
17101 2 2 5 1 5449 5450 8746
17102 2 2 5 1 6905 4434 8526
17103 2 2 5 1 4471 8015 8664
17104 2 2 5 1 5265 7743 8670
17105 2 2 5 1 6786 461 8632
17106 2 2 5 1 8132 5118 8734
17107 2 2 5 1 7672 6308 8561
17108 2 2 5 1 3175 8709 8834
17109 2 2 5 1 4810 5278 8528
17110 2 2 5 1 5660 5663 8594
17111 2 2 5 1 702 7904 8532
17112 2 2 5 1 7367 3834 8519
17113 2 2 5 1 4997 7678 8538
17114 2 2 5 1 5131 4910 8531
17115 2 2 5 1 6053 7961 8682
17116 2 2 5 1 5624 4007 8541
17117 2 2 5 1 5015 5017 8533
17118 2 2 5 1 6292 2098 8566
17119 2 2 5 1 4924 7720 8604
17120 2 2 5 1 8664 5071 8714
17121 2 2 5 1 8081 6314 8674
17122 2 2 5 1 7432 4891 8529
17123 2 2 5 1 5184 8507 8579
17124 2 2 5 1 8311 4982 8465
17125 2 2 5 1 4005 5629 8536
17126 2 2 5 1 7586 2848 8523
17127 2 2 5 1 8400 2790 8853
17128 2 2 5 1 8384 5197 8786
17129 2 2 5 1 8029 1909 8660
17130 2 2 5 1 4981 4892 8534
17131 2 2 5 1 2702 6042 8539
17132 2 2 5 1 7946 5034 8666
17133 2 2 5 1 7721 4925 8631
17134 2 2 5 1 8482 795 8518
17135 2 2 5 1 378 2331 8550
17136 2 2 5 1 1305 8307 8837
17137 2 2 5 1 5154 7516 8842
17138 2 2 5 1 8622 4932 8667
17139 2 2 5 1 6295 6293 8569
17140 2 2 5 1 6528 6873 8540
17141 2 2 5 1 3861 3862 8538
17142 2 2 5 1 3103 3604 8680
17143 2 2 5 1 7789 6872 8548
17144 2 2 5 1 5035 8482 8518
17145 2 2 5 1 2494 6693 8545
17146 2 2 5 1 7678 3861 8538
17147 2 2 5 1 3904 4794 8543
17148 2 2 5 1 2160 2158 8546
17149 2 2 5 1 2327 628 8558
17150 2 2 5 1 467 118 8544
17151 2 2 5 1 1652 6230 8552
17152 2 2 5 1 8381 4421 8420
17153 2 2 5 1 7062 3104 8695
17154 2 2 5 1 5288 8806 8824
17155 2 2 5 1 5430 5433 8609
17156 2 2 5 1 4555 6561 8567
17157 2 2 5 1 1816 5878 8586
17158 2 2 5 1 4645 5928 8671
17159 2 2 5 1 8569 6293 8805
17160 2 2 5 1 6814 2596 8549
17161 2 2 5 1 6867 3860 8548
17162 2 2 5 1 5506 8317 8762
17163 2 2 5 1 5153 5154 8842
17164 2 2 5 1 3809 5676 8647
17165 2 2 5 1 3600 4405 8535
17166 2 2 5 1 4932 5135 8667
17167 2 2 5 1 8438 5784 8479
17168 2 2 5 1 869 7380 8537
17169 2 2 5 1 5787 492 8845
17170 2 2 5 1 5049 6133 8553
17171 2 2 5 1 73 466 8554
17172 2 2 5 1 8445 5183 8822
17173 2 2 5 1 4748 3201 8556
17174 2 2 5 1 6136 7217 8565
17175 2 2 5 1 5629 8414 8813
17176 2 2 5 1 7516 481 8842
17177 2 2 5 1 508 515 8514
17178 2 2 5 1 6913 4538 8557
17179 2 2 5 1 4962 4963 8562
17180 2 2 5 1 4911 4912 8560
17181 2 2 5 1 5074 4730 8551
17182 2 2 5 1 8339 5034 8847
17183 2 2 5 1 7914 4860 8620
17184 2 2 5 1 5068 5296 8601
17185 2 2 5 1 8428 5624 8815
17186 2 2 5 1 5078 5500 8727
17187 2 2 5 1 5463 5632 8559
17188 2 2 5 1 7807 555 8578
17189 2 2 5 1 419 418 8563
17190 2 2 5 1 5056 5054 8712
17191 2 2 5 1 8594 5663 8622
17192 2 2 5 1 1659 1768 8564
17193 2 2 5 1 5681 7523 8574
17194 2 2 5 1 8471 7371 8612
17195 2 2 5 1 6659 2465 8568
17196 2 2 5 1 5059 5061 8719
17197 2 2 5 1 5161 8569 8805
17198 2 2 5 1 5569 8251 8502
17199 2 2 5 1 5185 8447 8828
17200 2 2 5 1 4905 8539 8656
17201 2 2 5 1 5238 5239 8596
17202 2 2 5 1 8056 227 8649
17203 2 2 5 1 1638 2440 8573
17204 2 2 5 1 3550 3239 8572
17205 2 2 5 1 4178 7023 8571
17206 2 2 5 1 3223 8261 8771
17207 2 2 5 1 4771 7834 8567
17208 2 2 5 1 6142 3173 8576
17209 2 2 5 1 6989 2593 8673
17210 2 2 5 1 5711 4122 8617
17211 2 2 5 1 5446 2255 8691
17212 2 2 5 1 4434 3614 8577
17213 2 2 5 1 7929 2497 8584
17214 2 2 5 1 6689 503 8581
17215 2 2 5 1 5075 5077 8749
17216 2 2 5 1 514 507 8582
17217 2 2 5 1 3092 6867 8583
17218 2 2 5 1 4931 7807 8578
17219 2 2 5 1 4999 5282 8584
17220 2 2 5 1 3491 7203 8764
17221 2 2 5 1 6314 6313 8588
17222 2 2 5 1 5131 8570 8585
17223 2 2 5 1 4548 3549 8587
17224 2 2 5 1 5132 5131 8585
17225 2 2 5 1 4644 8001 8469
17226 2 2 5 1 8140 3940 8700
17227 2 2 5 1 5339 7672 8561
17228 2 2 5 1 7638 1657 8522
17229 2 2 5 1 443 46 8814
17230 2 2 5 1 46 4644 8814
17231 2 2 5 1 4259 7333 8580
17232 2 2 5 1 4899 8065 8685
17233 2 2 5 1 4947 7876 8590
17234 2 2 5 1 4011 7937 8596
17235 2 2 5 1 5954 8367 8754
17236 2 2 5 1 4540 5866 8592
17237 2 2 5 1 7954 4968 8632
17238 2 2 5 1 7876 1304 8590
17239 2 2 5 1 7939 1851 8601
17240 2 2 5 1 3783 5681 8609
17241 2 2 5 1 8379 7851 8741
17242 2 2 5 1 534 522 8593
17243 2 2 5 1 5428 5426 8589
17244 2 2 5 1 8502 2927 8766
17245 2 2 5 1 6706 784 8597
17246 2 2 5 1 4996 6110 8608
17247 2 2 5 1 569 657 8598
17248 2 2 5 1 4122 8602 8617
17249 2 2 5 1 8595 3338 8600
17250 2 2 5 1 8297 5405 8338
17251 2 2 5 1 3338 1395 8600
17252 2 2 5 1 8221 5046 8705
17253 2 2 5 1 1303 7154 8599
17254 2 2 5 1 5331 5329 8603
17255 2 2 5 1 5044 8211 8696
17256 2 2 5 1 1452 5508 8851
17257 2 2 5 1 3860 7789 8548
17258 2 2 5 1 5 4018 8718
17259 2 2 5 1 7936 6698 8627
17260 2 2 5 1 8580 7333 8595
17261 2 2 5 1 6247 4212 8606
17262 2 2 5 1 4641 8387 8412
17263 2 2 5 1 7333 3338 8595
17264 2 2 5 1 4405 3852 8591
17265 2 2 5 1 8354 4974 8614
17266 2 2 5 1 502 7718 8607
17267 2 2 5 1 7476 5454 8792
17268 2 2 5 1 4405 8758 8777
17269 2 2 5 1 4122 7331 8602
17270 2 2 5 1 2265 2753 8611
17271 2 2 5 1 1165 1344 8610
17272 2 2 5 1 8515 5662 8594
17273 2 2 5 1 8041 5357 8640
17274 2 2 5 1 3810 3999 8613
17275 2 2 5 1 8235 1334 8702
17276 2 2 5 1 3649 3646 8616
17277 2 2 5 1 5002 5227 8615
17278 2 2 5 1 3649 8616 8619
17279 2 2 5 1 7324 1589 8622
17280 2 2 5 1 3807 3809 8623
17281 2 2 5 1 4031 3649 8619
17282 2 2 5 1 4031 8619 8621
17283 2 2 5 1 5001 3969 8656
17284 2 2 5 1 4973 4031 8621
17285 2 2 5 1 7834 4555 8567
17286 2 2 5 1 5636 5104 8637
17287 2 2 5 1 4504 8220 8401
17288 2 2 5 1 4821 7525 8605
17289 2 2 5 1 8625 3418 8628
17290 2 2 5 1 8646 3430 8652
17291 2 2 5 1 5021 7936 8627
17292 2 2 5 1 6687 3418 8625
17293 2 2 5 1 5005 6242 8629
17294 2 2 5 1 3418 7017 8628
17295 2 2 5 1 1458 1461 8626
17296 2 2 5 1 1656 7722 8542
17297 2 2 5 1 5210 4978 8636
17298 2 2 5 1 4985 6445 8635
17299 2 2 5 1 6942 3988 8633
17300 2 2 5 1 8623 3809 8647
17301 2 2 5 1 492 5928 8845
17302 2 2 5 1 5795 5791 8804
17303 2 2 5 1 4991 5229 8638
17304 2 2 5 1 4116 5063 8641
17305 2 2 5 1 5791 5792 8831
17306 2 2 5 1 7371 2690 8612
17307 2 2 5 1 330 331 8640
17308 2 2 5 1 7418 3430 8646
17309 2 2 5 1 7101 6269 8634
17310 2 2 5 1 7904 5307 8532
17311 2 2 5 1 7324 8622 8667
17312 2 2 5 1 5065 7900 8644
17313 2 2 5 1 8612 2690 8639
17314 2 2 5 1 4983 5198 8645
17315 2 2 5 1 8709 5244 8834
17316 2 2 5 1 2879 2219 8630
17317 2 2 5 1 497 7896 8643
17318 2 2 5 1 6984 2886 8787
17319 2 2 5 1 7080 5022 8642
17320 2 2 5 1 3430 6399 8652
17321 2 2 5 1 437 436 8648
17322 2 2 5 1 8692 6506 8703
17323 2 2 5 1 5099 8277 8691
17324 2 2 5 1 7546 2858 8620
17325 2 2 5 1 461 7954 8632
17326 2 2 5 1 228 4011 8649
17327 2 2 5 1 4449 5310 8654
17328 2 2 5 1 311 4012 8650
17329 2 2 5 1 5147 6083 8658
17330 2 2 5 1 1589 8594 8622
17331 2 2 5 1 1333 8340 8755
17332 2 2 5 1 5788 4023 8655
17333 2 2 5 1 8092 4640 8673
17334 2 2 5 1 8442 6335 8811
17335 2 2 5 1 3665 4014 8653
17336 2 2 5 1 6717 8441 8819
17337 2 2 5 1 6044 6045 8659
17338 2 2 5 1 1506 6044 8662
17339 2 2 5 1 6044 8659 8662
17340 2 2 5 1 1430 410 8657
17341 2 2 5 1 8758 5964 8777
17342 2 2 5 1 5562 5563 8661
17343 2 2 5 1 5086 5262 8660
17344 2 2 5 1 7888 6158 8698
17345 2 2 5 1 6506 6507 8703
17346 2 2 5 1 5553 5244 8709
17347 2 2 5 1 4015 5003 8663
17348 2 2 5 1 2690 7423 8639
17349 2 2 5 1 1087 1118 8665
17350 2 2 5 1 5034 5029 8666
17351 2 2 5 1 4731 8413 8823
17352 2 2 5 1 3673 4646 8668
17353 2 2 5 1 2622 5082 8669
17354 2 2 5 1 3903 3901 8676
17355 2 2 5 1 8259 6520 8848
17356 2 2 5 1 5337 5069 8679
17357 2 2 5 1 8411 1302 8826
17358 2 2 5 1 2415 2982 8674
17359 2 2 5 1 4008 4009 8672
17360 2 2 5 1 7000 3909 8789
17361 2 2 5 1 8015 5071 8664
17362 2 2 5 1 6052 6053 8682
17363 2 2 5 1 1304 87 8675
17364 2 2 5 1 2858 7914 8620
17365 2 2 5 1 1301 8393 8829
17366 2 2 5 1 5091 5090 8710
17367 2 2 5 1 4025 6688 8681
17368 2 2 5 1 7743 1323 8670
17369 2 2 5 1 4183 7917 8686
17370 2 2 5 1 2130 6979 8687
17371 2 2 5 1 7076 3044 8677
17372 2 2 5 1 8391 4636 8395
17373 2 2 5 1 8486 7304 8815
17374 2 2 5 1 8080 464 8624
17375 2 2 5 1 6920 4973 8689
17376 2 2 5 1 5964 4950 8777
17377 2 2 5 1 2370 7324 8667
17378 2 2 5 1 4992 6506 8692
17379 2 2 5 1 27 26 8690
17380 2 2 5 1 2778 8684 8688
17381 2 2 5 1 2778 7076 8684
17382 2 2 5 1 8314 6359 8789
17383 2 2 5 1 1042 1053 8694
17384 2 2 5 1 1966 5252 8852
17385 2 2 5 1 2196 2198 8693
17386 2 2 5 1 6041 1063 8716
17387 2 2 5 1 7076 8677 8684
17388 2 2 5 1 7059 2778 8688
17389 2 2 5 1 7293 4548 8683
17390 2 2 5 1 6018 6006 8707
17391 2 2 5 1 1282 151 8818
17392 2 2 5 1 5721 5042 8702
17393 2 2 5 1 2263 2885 8697
17394 2 2 5 1 8711 6041 8716
17395 2 2 5 1 5211 5210 8701
17396 2 2 5 1 5296 7939 8601
17397 2 2 5 1 387 1283 8835
17398 2 2 5 1 5198 5887 8699
17399 2 2 5 1 4220 6124 8704
17400 2 2 5 1 6929 5036 8700
17401 2 2 5 1 2410 6041 8711
17402 2 2 5 1 1904 1966 8840
17403 2 2 5 1 5195 8176 8460
17404 2 2 5 1 5115 6184 8829
17405 2 2 5 1 1453 1454 8706
17406 2 2 5 1 460 6815 8696
17407 2 2 5 1 8327 5735 8466
17408 2 2 5 1 1422 1423 8708
17409 2 2 5 1 2790 5752 8853
17410 2 2 5 1 2597 8137 8712
17411 2 2 5 1 7126 459 8705
17412 2 2 5 1 3989 3470 8808
17413 2 2 5 1 5624 8486 8815
17414 2 2 5 1 1275 1321 8717
17415 2 2 5 1 2251 7027 8713
17416 2 2 5 1 6 5 8718
17417 2 2 5 1 8079 310 8650
17418 2 2 5 1 8144 2598 8719
17419 2 2 5 1 5962 5964 8758
17420 2 2 5 1 6172 4016 8728
17421 2 2 5 1 6284 6302 8724
17422 2 2 5 1 8695 5198 8699
17423 2 2 5 1 8195 2762 8749
17424 2 2 5 1 2873 7535 8685
17425 2 2 5 1 7027 2865 8720
17426 2 2 5 1 8713 7027 8720
17427 2 2 5 1 7306 8487 8813
17428 2 2 5 1 7937 5238 8596
17429 2 2 5 1 5667 8391 8395
17430 2 2 5 1 4964 8188 8643
17431 2 2 5 1 533 542 8726
17432 2 2 5 1 4359 3900 8731
17433 2 2 5 1 6075 5027 8737
17434 2 2 5 1 3940 3511 8734
17435 2 2 5 1 6123 2441 8743
17436 2 2 5 1 5865 5121 8770
17437 2 2 5 1 8853 5752 8856
17438 2 2 5 1 4601 7594 8725
17439 2 2 5 1 4896 7966 8747
17440 2 2 5 1 4776 4442 8715
17441 2 2 5 1 91 92 8735
17442 2 2 5 1 474 8855 8856
17443 2 2 5 1 5247 5079 8752
17444 2 2 5 1 3095 4601 8739
17445 2 2 5 1 5162 6290 8744
17446 2 2 5 1 5282 7929 8584
17447 2 2 5 1 6234 6233 8826
17448 2 2 5 1 1744 2106 8738
17449 2 2 5 1 2229 6144 8785
17450 2 2 5 1 8745 5058 8757
17451 2 2 5 1 5071 5288 8714
17452 2 2 5 1 4411 5058 8745
17453 2 2 5 1 6139 7385 8740
17454 2 2 5 1 8127 5247 8752
17455 2 2 5 1 2590 6793 8748
17456 2 2 5 1 8318 4954 8633
17457 2 2 5 1 6913 3491 8764
17458 2 2 5 1 1744 8738 8751
17459 2 2 5 1 3660 6905 8823
17460 2 2 5 1 5058 5277 8757
17461 2 2 5 1 5051 5789 8755
17462 2 2 5 1 2184 6099 8769
17463 2 2 5 1 6107 6138 8753
17464 2 2 5 1 1671 7426 8795
17465 2 2 5 1 4480 3924 8742
17466 2 2 5 1 5793 5794 8846
17467 2 2 5 1 8487 5629 8813
17468 2 2 5 1 5174 5943 8800
17469 2 2 5 1 5003 5194 8750
17470 2 2 5 1 5033 5171 8761
17471 2 2 5 1 8750 5194 8760
17472 2 2 5 1 5752 474 8856
17473 2 2 5 1 5194 5196 8760
17474 2 2 5 1 4646 5197 8756
17475 2 2 5 1 474 5768 8855
17476 2 2 5 1 5262 8029 8660
17477 2 2 5 1 5500 8120 8727
17478 2 2 5 1 1449 1744 8751
17479 2 2 5 1 5272 5274 8787
17480 2 2 5 1 7012 494 8765
17481 2 2 5 1 5270 5359 8784
17482 2 2 5 1 5324 5325 8771
17483 2 2 5 1 2927 6956 8766
17484 2 2 5 1 4974 6489 8769
17485 2 2 5 1 5121 7127 8763
17486 2 2 5 1 2789 2340 8775
17487 2 2 5 1 6489 4998 8773
17488 2 2 5 1 190 191 8776
17489 2 2 5 1 5105 5106 8790
17490 2 2 5 1 5130 5072 8774
17491 2 2 5 1 7203 2184 8773
17492 2 2 5 1 2672 7296 8754
17493 2 2 5 1 5109 5108 8797
17494 2 2 5 1 96 97 8778
17495 2 2 5 1 7281 495 8730
17496 2 2 5 1 8806 166 8824
17497 2 2 5 1 8794 780 8796
17498 2 2 5 1 5047 4021 8779
17499 2 2 5 1 5067 7682 8736
17500 2 2 5 1 5358 5279 8802
17501 2 2 5 1 8166 5366 8557
17502 2 2 5 1 494 113 8780
17503 2 2 5 1 5117 6013 8837
17504 2 2 5 1 2184 8769 8773
17505 2 2 5 1 7981 5161 8805
17506 2 2 5 1 780 6324 8796
17507 2 2 5 1 8796 6324 8798
17508 2 2 5 1 7657 5130 8783
17509 2 2 5 1 4643 6902 8781
17510 2 2 5 1 496 7283 8733
17511 2 2 5 1 6325 780 8794
17512 2 2 5 1 2756 7269 8746
17513 2 2 5 1 6324 2461 8798
17514 2 2 5 1 5121 8763 8770
17515 2 2 5 1 8769 6489 8773
17516 2 2 5 1 165 166 8806
17517 2 2 5 1 5064 5065 8791
17518 2 2 5 1 8812 636 8836
17519 2 2 5 1 2982 8081 8674
17520 2 2 5 1 632 636 8812
17521 2 2 5 1 1444 1559 8799
17522 2 2 5 1 4605 4606 8811
17523 2 2 5 1 8191 5105 8790
17524 2 2 5 1 5102 5101 8782
17525 2 2 5 1 6293 6292 8805
17526 2 2 5 1 6323 7149 8793
17527 2 2 5 1 1416 1444 8803
17528 2 2 5 1 5820 8351 8409
17529 2 2 5 1 1444 8799 8803
17530 2 2 5 1 166 167 8824
17531 2 2 5 1 5356 8041 8555
17532 2 2 5 1 636 638 8836
17533 2 2 5 1 5112 5113 8854
17534 2 2 5 1 371 372 8833
17535 2 2 5 1 1446 1358 8825
17536 2 2 5 1 324 325 8816
17537 2 2 5 1 8816 325 8817
17538 2 2 5 1 2901 2717 8807
17539 2 2 5 1 325 326 8817
17540 2 2 5 1 1967 2208 8827
17541 2 2 5 1 5773 8412 8671
17542 2 2 5 1 327 328 8821
17543 2 2 5 1 5123 5125 8820
17544 2 2 5 1 8838 5137 8844
17545 2 2 5 1 6795 6906 8809
17546 2 2 5 1 478 329 8839
17547 2 2 5 1 5254 4433 8857
17548 2 2 5 1 5108 8203 8797
17549 2 2 5 1 6520 6522 8848
17550 2 2 5 1 5137 5136 8844
17551 2 2 5 1 6768 2486 8847
17552 2 2 5 1 6225 5337 8852
17553 2 2 5 1 3919 3489 8832
17554 2 2 5 1 8487 7307 8822
17555 2 2 5 1 8840 1966 8852
17556 2 2 5 1 5244 5050 8834
17557 2 2 5 1 3565 3997 8801
17558 2 2 5 1 3881 4639 8841
17559 2 2 5 1 8361 4661 8422
17560 2 2 5 1 5329 8316 8603
17561 2 2 5 1 7305 8486 8828
17562 2 2 5 1 7258 5137 8838
17563 2 2 5 1 8387 4645 8412
17564 2 2 5 1 8136 1430 8657
17565 2 2 5 1 6079 8381 8420
17566 2 2 5 1 7720 3077 8604
17567 2 2 5 1 2644 7306 8813
17568 2 2 5 1 5128 5322 8843
17569 2 2 5 1 465 7714 8762
17570 2 2 5 1 8356 5074 8558
17571 2 2 5 1 5183 8487 8822
17572 2 2 5 1 4011 8056 8649
17573 2 2 5 1 7304 2645 8815
17574 2 2 5 1 696 7305 8828
17575 2 2 5 1 7307 695 8822
17576 2 2 5 1 3511 8132 8734
17577 2 2 5 1 7752 5177 8788
17578 2 2 5 1 8804 5791 8831
17579 2 2 5 1 8486 5185 8828
17580 2 2 5 1 2593 8092 8673
17581 2 2 5 1 5350 7515 8808
17582 2 2 5 1 5045 8369 8530
17583 2 2 5 1 7874 4412 8786
17584 2 2 5 1 8484 3989 8678
17585 2 2 5 1 3078 7721 8631
17586 2 2 5 1 8193 4643 8781
17587 2 2 5 1 8034 5147 8654
17588 2 2 5 1 8065 2873 8685
17589 2 2 5 1 7851 5233 8741
17590 2 2 5 1 7725 4355 8804
17591 2 2 5 1 7764 5583 8810
17592 2 2 5 1 4627 8562 8651
17593 2 2 5 1 4538 8166 8557
17594 2 2 5 1 4441 7725 8831
17595 2 2 5 1 4012 8079 8650
17596 2 2 5 1 5337 8840 8852
17597 2 2 5 1 7917 3813 8729
17598 2 2 5 1 8222 5211 8772
17599 2 2 5 1 8376 2401 8481
17600 2 2 5 1 8287 702 8532
17601 2 2 5 1 8137 5056 8712
17602 2 2 5 1 8412 4645 8671
17603 2 2 5 1 47 7720 8722
17604 2 2 5 1 7721 144 8723
17605 2 2 5 1 7725 8804 8831
17606 2 2 5 1 6176 8384 8786
17607 2 2 5 1 5012 8373 8681
17608 2 2 5 1 5277 8356 8812
17609 2 2 5 1 8369 5270 8818
17610 2 2 5 1 5061 8144 8719
17611 2 2 5 1 8388 5430 8574
17612 2 2 5 1 8679 2886 8840
17613 2 2 5 1 8630 5432 8792
17614 2 2 5 1 5279 8374 8835
17615 2 2 5 1 1344 8377 8692
17616 2 2 5 1 792 7942 8759
17617 2 2 5 1 5161 8204 8569
17618 2 2 5 1 7966 5949 8721
17619 2 2 5 1 5036 8140 8700
17620 2 2 5 1 4765 7916 8819
17621 2 2 5 1 2221 8438 8479
17622 2 2 5 1 5077 8195 8749
17623 2 2 5 1 7957 1572 8768
17624 2 2 5 1 5050 8368 8851
17625 2 2 5 1 8531 2760 8570
17626 2 2 5 1 6508 8397 8665
17627 2 2 5 1 8052 4876 8732
17628 2 2 5 1 8469 2596 8814
17629 2 2 5 1 8374 5035 8518
17630 2 2 5 1 8326 4953 8614
17631 2 2 5 1 6264 8403 8672
17632 2 2 5 1 8041 3508 8772
17633 2 2 5 1 4953 8354 8614
17634 2 2 5 1 8307 5117 8837
17635 2 2 5 1 6292 7981 8805
17636 2 2 5 1 5042 8235 8702
17637 2 2 5 1 8261 5324 8771
17638 2 2 5 1 5250 8418 8676
17639 2 2 5 1 8565 3979 8618
17640 2 2 5 1 6247 8606 8669
17641 2 2 5 1 5583 8424 8810
17642 2 2 5 1 5288 8419 8806
17643 2 2 5 1 2486 8339 8847
17644 2 2 5 1 8211 460 8696
17645 2 2 5 1 4973 8621 8687
17646 2 2 5 1 459 8221 8705
17647 2 2 5 1 4859 8092 8850
17648 2 2 5 1 5210 8636 8697
17649 2 2 5 1 8497 5153 8842
17650 2 2 5 1 8277 5446 8691
17651 2 2 5 1 4018 8273 8718
17652 2 2 5 1 3909 8314 8789
17653 2 2 5 1 5211 8555 8772
17654 2 2 5 1 8629 6242 8706
17655 2 2 5 1 2207 8142 8830
17656 2 2 5 1 495 8347 8730
17657 2 2 5 1 8788 5177 8855
17658 2 2 5 1 8635 6445 8708
17659 2 2 5 1 8353 496 8733
17660 2 2 5 1 8638 5229 8717
17661 2 2 5 1 8615 5227 8694
17662 2 2 5 1 8610 1344 8703
17663 2 2 5 1 8707 6006 8779
17664 2 2 5 1 8367 2672 8754
17665 2 2 5 1 8340 5051 8755
17666 2 2 5 1 5202 8504 8575
17667 2 2 5 1 8507 5203 8579
17668 2 2 5 1 5131 8531 8570
17669 2 2 5 1 8663 5003 8743
17670 2 2 5 1 8655 4023 8740
17671 2 2 5 1 8642 5022 8728
17672 2 2 5 1 8653 4014 8737
17673 2 2 5 1 8668 4646 8753
17674 2 2 5 1 8317 465 8762
17675 2 2 5 1 3604 8637 8680
17676 2 2 5 1 1589 8515 8594
17677 2 2 5 1 8687 6979 8689
17678 2 2 5 1 4973 8687 8689
17679 2 2 5 1 3104 8645 8695
17680 2 2 5 1 8697 2885 8701
17681 2 2 5 1 5210 8697 8701
17682 2 2 5 1 8654 5147 8658
17683 2 2 5 1 4449 8654 8658
17684 2 2 5 1 8393 5115 8829
17685 2 2 5 1 8757 5277 8836
17686 2 2 5 1 5028 8464 8678
17687 2 2 5 1 8743 5003 8750
17688 2 2 5 1 6123 8743 8750
17689 2 2 5 1 8753 4646 8756
17690 2 2 5 1 6107 8753 8756
17691 2 2 5 1 6136 8565 8618
17692 2 2 5 1 6233 8411 8826
17693 2 2 5 1 8413 3660 8823
17694 2 2 5 1 8539 6042 8656
17695 2 2 5 1 8562 4963 8651
17696 2 2 5 1 8414 2644 8813
17697 2 2 5 1 8447 696 8828
17698 2 2 5 1 695 8445 8822
17699 2 2 5 1 2645 8428 8815
17700 2 2 5 1 8714 5288 8824
17701 2 2 5 1 4606 8442 8811
17702 2 2 5 1 8441 4765 8819
17703 2 2 5 1 8535 4405 8777
17704 2 2 5 1 8547 6417 8767
17705 2 2 5 1 8637 5104 8680
17706 2 2 5 1 4644 8469 8814
17707 2 2 5 1 4776 8715 8846
17708 2 2 5 1 8645 5198 8695
17709 2 2 5 1 5331 8547 8767
17710 2 2 5 1 8555 8041 8772
17711 2 2 5 1 4405 8591 8758
17712 2 2 5 1 481 8497 8842
17713 2 2 5 1 2879 8630 8792
17714 2 2 5 1 5337 8679 8840
17715 2 2 6 2 8884 9239 9237
17716 2 2 6 2 8866 9458 9197
17717 2 2 6 2 9242 9348 8883
17718 2 2 6 2 9247 9248 8882
17719 2 2 6 2 9195 9196 8890
17720 2 2 6 2 9253 9346 8860
17721 2 2 6 2 5 6 458
17722 2 2 6 2 43 44 394
17723 2 2 6 2 8872 9426 9190
17724 2 2 6 2 9197 9483 8866
17725 2 2 6 2 6 9502 458
17726 2 2 6 2 394 9503 43
17727 2 2 6 2 8890 9197 9195
17728 2 2 6 2 9334 9335 9064
17729 2 2 6 2 9190 9506 8872
17730 2 2 6 2 8883 9484 9242
17731 2 2 6 2 9364 9495 9182
17732 2 2 6 2 9237 9239 9238
17733 2 2 6 2 9248 9482 8882
17734 2 2 6 2 9252 9344 9250
17735 2 2 6 2 9070 9303 9071
17736 2 2 6 2 9153 9450 9389
17737 2 2 6 2 9252 9256 9180
17738 2 2 6 2 9011 9464 9198
17739 2 2 6 2 9198 9468 9011
17740 2 2 6 2 8859 9237 9203
17741 2 2 6 2 9248 9249 8862
17742 2 2 6 2 9249 9250 8862
17743 2 2 6 2 8880 9338 9202
17744 2 2 6 2 9199 9536 9081
17745 2 2 6 2 9231 9358 8886
17746 2 2 6 2 9081 9538 9199
17747 2 2 6 2 9207 9443 9438
17748 2 2 6 2 9176 9310 9175
17749 2 2 6 2 9141 9238 9123
17750 2 2 6 2 9438 9443 8969
17751 2 2 6 2 9203 9236 8859
17752 2 2 6 2 9269 9389 9193
17753 2 2 6 2 9324 9461 9357
17754 2 2 6 2 9136 9422 9420
17755 2 2 6 2 9308 9394 9307
17756 2 2 6 2 9204 9357 9056
17757 2 2 6 2 9204 9422 9136
17758 2 2 6 2 9193 9537 9269
17759 2 2 6 2 9253 9479 9346
17760 2 2 6 2 9344 9491 9250
17761 2 2 6 2 9335 9493 9064
17762 2 2 6 2 8896 9495 9364
17763 2 2 6 2 8969 9443 9198
17764 2 2 6 2 9331 9427 9033
17765 2 2 6 2 9043 9305 9293
17766 2 2 6 2 8871 9488 9222
17767 2 2 6 2 9011 9468 9211
17768 2 2 6 2 9447 9456 9178
17769 2 2 6 2 9201 9403 9022
17770 2 2 6 2 9202 9501 8880
17771 2 2 6 2 9211 9474 9011
17772 2 2 6 2 9182 9470 9364
17773 2 2 6 2 9071 9303 9084
17774 2 2 6 2 9022 9405 9201
17775 2 2 6 2 9056 9422 9204
17776 2 2 6 2 9033 9527 9331
17777 2 2 6 2 9310 9513 9175
17778 2 2 6 2 8860 9478 9253
17779 2 2 6 2 9196 9459 8890
17780 2 2 6 2 9403 9409 8977
17781 2 2 6 2 9201 9409 9403
17782 2 2 6 2 8886 9500 9231
17783 2 2 6 2 9062 9456 9447
17784 2 2 6 2 9198 9464 8969
17785 2 2 6 2 9251 9256 9252
17786 2 2 6 2 9389 9450 9193
17787 2 2 6 2 9394 9516 9307
17788 2 2 6 2 9273 9431 9425
17789 2 2 6 2 9064 9336 9334
17790 2 2 6 2 9123 9238 9122
17791 2 2 6 2 9207 9435 9206
17792 2 2 6 2 9207 9438 9435
17793 2 2 6 2 9209 9270 8868
17794 2 2 6 2 9425 9431 8922
17795 2 2 6 2 9290 9458 8866
17796 2 2 6 2 9357 9461 9056
17797 2 2 6 2 9251 9349 9028
17798 2 2 6 2 9154 9385 9266
17799 2 2 6 2 8977 9401 9266
17800 2 2 6 2 8922 9431 9206
17801 2 2 6 2 8977 9409 9401
17802 2 2 6 2 9224 9510 8893
17803 2 2 6 2 9208 9514 9210
17804 2 2 6 2 9385 9472 8968
17805 2 2 6 2 8893 9523 9224
17806 2 2 6 2 9222 9467 8871
17807 2 2 6 2 8882 9479 9247
17808 2 2 6 2 9514 9520 9210
17809 2 2 6 2 9252 9445 9344
17810 2 2 6 2 9326 9424 8960
17811 2 2 6 2 9203 9238 9141
17812 2 2 6 2 9206 9435 8922
17813 2 2 6 2 9205 9326 9325
17814 2 2 6 2 9266 9401 9154
17815 2 2 6 2 8861 9351 9240
17816 2 2 6 2 8884 9240 9239
17817 2 2 6 2 8868 9396 9209
17818 2 2 6 2 9070 9477 9303
17819 2 2 6 2 9153 9389 9209
17820 2 2 6 2 9273 9423 9274
17821 2 2 6 2 9028 9256 9251
17822 2 2 6 2 8933 9415 9274
17823 2 2 6 2 9273 9425 9423
17824 2 2 6 2 8897 9448 9442
17825 2 2 6 2 9305 9485 9005
17826 2 2 6 2 9293 9391 9043
17827 2 2 6 2 9325 9357 9205
17828 2 2 6 2 9200 9484 9352
17829 2 2 6 2 9005 9517 9305
17830 2 2 6 2 9368 9396 8868
17831 2 2 6 2 9281 9460 9277
17832 2 2 6 2 9205 9424 9326
17833 2 2 6 2 9180 9445 9252
17834 2 2 6 2 9242 9478 9348
17835 2 2 6 2 9488 9534 9222
17836 2 2 6 2 9232 9233 9191
17837 2 2 6 2 9281 9415 9414
17838 2 2 6 2 9274 9423 8933
17839 2 2 6 2 9442 9533 8897
17840 2 2 6 2 9414 9415 8933
17841 2 2 6 2 9122 9463 9078
17842 2 2 6 2 9121 9399 9265
17843 2 2 6 2 9342 9509 9133
17844 2 2 6 2 9043 9485 9305
17845 2 2 6 2 9186 9442 9366
17846 2 2 6 2 9249 9349 9251
17847 2 2 6 2 9342 9508 9505
17848 2 2 6 2 9322 9437 9411
17849 2 2 6 2 9342 9505 9343
17850 2 2 6 2 9133 9508 9342
17851 2 2 6 2 9214 9373 8885
17852 2 2 6 2 9154 9472 9385
17853 2 2 6 2 8876 9267 9213
17854 2 2 6 2 9209 9389 9270
17855 2 2 6 2 9344 9445 8873
17856 2 2 6 2 9262 9399 9381
17857 2 2 6 2 8889 9308 9307
17858 2 2 6 2 9324 9357 9325
17859 2 2 6 2 9265 9402 9121
17860 2 2 6 2 9181 9347 9345
17861 2 2 6 2 8865 9302 9301
17862 2 2 6 2 9191 9234 9232
17863 2 2 6 2 9416 9419 9283
17864 2 2 6 2 9452 9498 9495
17865 2 2 6 2 9062 9458 9433
17866 2 2 6 2 9169 9396 9368
17867 2 2 6 2 9381 9399 9121
17868 2 2 6 2 8865 9301 9300
17869 2 2 6 2 9134 9444 9174
17870 2 2 6 2 8889 9307 9306
17871 2 2 6 2 9237 9238 9203
17872 2 2 6 2 9178 9455 9146
17873 2 2 6 2 9066 9432 9297
17874 2 2 6 2 9447 9458 9062
17875 2 2 6 2 9249 9251 9250
17876 2 2 6 2 434 9306 433
17877 2 2 6 2 9262 9429 9261
17878 2 2 6 2 9238 9239 9122
17879 2 2 6 2 432 9300 431
17880 2 2 6 2 9366 9541 9186
17881 2 2 6 2 9178 9456 9455
17882 2 2 6 2 9239 9463 9122
17883 2 2 6 2 9309 9310 9308
17884 2 2 6 2 9411 9437 9052
17885 2 2 6 2 8900 8901 8892
17886 2 2 6 2 9210 9520 8876
17887 2 2 6 2 436 9309 435
17888 2 2 6 2 8865 9300 432
17889 2 2 6 2 8893 9218 9216
17890 2 2 6 2 9162 9406 9367
17891 2 2 6 2 9240 9463 9239
17892 2 2 6 2 9023 9234 9124
17893 2 2 6 2 9158 9285 9131
17894 2 2 6 2 8901 9226 9164
17895 2 2 6 2 456 8900 8892
17896 2 2 6 2 8893 9216 396
17897 2 2 6 2 8862 9482 9248
17898 2 2 6 2 8909 9225 9022
17899 2 2 6 2 8931 9419 9416
17900 2 2 6 2 8957 9326 8960
17901 2 2 6 2 9256 9311 9180
17902 2 2 6 2 8900 9226 8901
17903 2 2 6 2 9220 9228 9223
17904 2 2 6 2 9205 9357 9204
17905 2 2 6 2 9352 9521 9200
17906 2 2 6 2 431 9300 9298
17907 2 2 6 2 9216 9218 9217
17908 2 2 6 2 8889 9306 434
17909 2 2 6 2 9414 9460 9281
17910 2 2 6 2 9351 9463 9240
17911 2 2 6 2 9131 9380 9129
17912 2 2 6 2 9269 9537 8877
17913 2 2 6 2 9302 9516 9378
17914 2 2 6 2 9219 9228 9220
17915 2 2 6 2 9124 9234 9191
17916 2 2 6 2 8960 9424 9367
17917 2 2 6 2 9219 9220 9057
17918 2 2 6 2 9327 9390 9377
17919 2 2 6 2 8905 9219 9057
17920 2 2 6 2 9512 9535 9183
17921 2 2 6 2 9285 9380 9131
17922 2 2 6 2 9237 9522 8884
17923 2 2 6 2 8902 9267 8892
17924 2 2 6 2 9495 9498 9212
17925 2 2 6 2 9240 9532 8861
17926 2 2 6 2 8875 9434 404
17927 2 2 6 2 9257 9428 9163
17928 2 2 6 2 431 9298 430
17929 2 2 6 2 9227 9350 9138
17930 2 2 6 2 9367 9406 8964
17931 2 2 6 2 8869 9309 436
17932 2 2 6 2 9016 9234 9023
17933 2 2 6 2 9126 9327 9317
17934 2 2 6 2 433 9306 8865
17935 2 2 6 2 9377 9390 9048
17936 2 2 6 2 9297 9432 9295
17937 2 2 6 2 9279 9416 9283
17938 2 2 6 2 9000 9241 9016
17939 2 2 6 2 9216 9217 8899
17940 2 2 6 2 9213 9267 8902
17941 2 2 6 2 9381 9429 9262
17942 2 2 6 2 9449 9457 9360
17943 2 2 6 2 8898 9226 8900
17944 2 2 6 2 454 9267 8876
17945 2 2 6 2 435 9309 8889
17946 2 2 6 2 9266 9385 8917
17947 2 2 6 2 8907 9225 8909
17948 2 2 6 2 9046 9349 9246
17949 2 2 6 2 8898 8900 457
17950 2 2 6 2 395 9216 8899
17951 2 2 6 2 9016 9241 9234
17952 2 2 6 2 8867 9514 9208
17953 2 2 6 2 9471 9542 9228
17954 2 2 6 2 9195 9447 9178
17955 2 2 6 2 9088 9275 9145
17956 2 2 6 2 9316 9383 9315
17957 2 2 6 2 8968 9264 8921
17958 2 2 6 2 458 8898 457
17959 2 2 6 2 395 8899 394
17960 2 2 6 2 9156 9273 9272
17961 2 2 6 2 9235 9434 8875
17962 2 2 6 2 9190 9426 9202
17963 2 2 6 2 8924 9264 9263
17964 2 2 6 2 9198 9443 9158
17965 2 2 6 2 9126 9390 9327
17966 2 2 6 2 9090 9275 9088
17967 2 2 6 2 9046 9246 9245
17968 2 2 6 2 9340 9535 9512
17969 2 2 6 2 8958 9383 9316
17970 2 2 6 2 8968 9265 9264
17971 2 2 6 2 8929 9262 9261
17972 2 2 6 2 8924 9263 8926
17973 2 2 6 2 9138 9351 9227
17974 2 2 6 2 8901 9164 8903
17975 2 2 6 2 8887 9295 9294
17976 2 2 6 2 8929 9261 8930
17977 2 2 6 2 8953 9323 8956
17978 2 2 6 2 424 9289 8866
17979 2 2 6 2 9046 9245 9047
17980 2 2 6 2 9236 9465 8859
17981 2 2 6 2 9246 9349 9249
17982 2 2 6 2 9279 9283 9282
17983 2 2 6 2 9337 9440 9118
17984 2 2 6 2 9288 9290 9289
17985 2 2 6 2 9164 9228 9219
17986 2 2 6 2 9129 9356 9127
17987 2 2 6 2 8876 9530 9210
17988 2 2 6 2 9164 9219 8903
17989 2 2 6 2 8887 9294 429
17990 2 2 6 2 9129 9380 9356
17991 2 2 6 2 9146 9476 9042
17992 2 2 6 2 8881 9542 9471
17993 2 2 6 2 9320 9321 8952
17994 2 2 6 2 9091 9271 9090
17995 2 2 6 2 8887 9296 9295
17996 2 2 6 2 8949 9320 8952
17997 2 2 6 2 8956 9326 8957
17998 2 2 6 2 9317 9388 9126
17999 2 2 6 2 8903 9219 8905
18000 2 2 6 2 9050 9244 9243
18001 2 2 6 2 9289 9290 8866
18002 2 2 6 2 9013 9282 9135
18003 2 2 6 2 8901 8902 8892
18004 2 2 6 2 9245 9247 9244
18005 2 2 6 2 9312 9388 9317
18006 2 2 6 2 9156 9272 9271
18007 2 2 6 2 9110 9311 9007
18008 2 2 6 2 9323 9325 8956
18009 2 2 6 2 9174 9444 9413
18010 2 2 6 2 9271 9272 9090
18011 2 2 6 2 9255 9311 9256
18012 2 2 6 2 9368 9434 9169
18013 2 2 6 2 399 9269 8877
18014 2 2 6 2 9220 9222 9221
18015 2 2 6 2 9255 9256 9028
18016 2 2 6 2 9220 9221 9057
18017 2 2 6 2 456 8892 455
18018 2 2 6 2 397 8893 396
18019 2 2 6 2 9009 9255 9028
18020 2 2 6 2 9143 9236 9203
18021 2 2 6 2 9229 9230 9063
18022 2 2 6 2 8974 9369 9166
18023 2 2 6 2 9260 9355 9259
18024 2 2 6 2 9320 9322 9321
18025 2 2 6 2 8889 9309 9308
18026 2 2 6 2 8901 8903 8902
18027 2 2 6 2 9018 9241 9000
18028 2 2 6 2 9278 9279 9068
18029 2 2 6 2 9229 9254 9231
18030 2 2 6 2 9124 9190 9148
18031 2 2 6 2 8934 9260 9259
18032 2 2 6 2 9180 9311 9110
18033 2 2 6 2 400 9270 9269
18034 2 2 6 2 8921 9264 8924
18035 2 2 6 2 9030 9282 9013
18036 2 2 6 2 9278 9280 9279
18037 2 2 6 2 9050 9243 9051
18038 2 2 6 2 8865 9306 9302
18039 2 2 6 2 9023 9124 9061
18040 2 2 6 2 9265 9399 9264
18041 2 2 6 2 9220 9223 9222
18042 2 2 6 2 9169 9434 9235
18043 2 2 6 2 9335 9527 9395
18044 2 2 6 2 9318 9319 8948
18045 2 2 6 2 9138 9350 9076
18046 2 2 6 2 9036 9229 9063
18047 2 2 6 2 9069 9278 9068
18048 2 2 6 2 9251 9252 9250
18049 2 2 6 2 9322 9411 9321
18050 2 2 6 2 9006 9284 9257
18051 2 2 6 2 430 9298 8887
18052 2 2 6 2 9282 9283 9135
18053 2 2 6 2 9190 9202 9148
18054 2 2 6 2 9120 9242 9160
18055 2 2 6 2 9229 9231 9230
18056 2 2 6 2 9291 9293 9287
18057 2 2 6 2 8945 9318 8948
18058 2 2 6 2 9274 9415 9275
18059 2 2 6 2 9276 9277 9072
18060 2 2 6 2 8905 9057 8907
18061 2 2 6 2 8934 9259 8935
18062 2 2 6 2 9243 9253 9161
18063 2 2 6 2 425 9289 424
18064 2 2 6 2 9124 9148 9061
18065 2 2 6 2 9094 9271 9091
18066 2 2 6 2 9246 9247 9245
18067 2 2 6 2 9006 9257 9025
18068 2 2 6 2 8976 9018 9000
18069 2 2 6 2 8972 8976 8973
18070 2 2 6 2 8992 9284 8994
18071 2 2 6 2 9286 9287 8888
18072 2 2 6 2 9286 9291 9287
18073 2 2 6 2 9263 9399 9262
18074 2 2 6 2 9362 9486 9481
18075 2 2 6 2 9276 9281 9277
18076 2 2 6 2 9244 9253 9243
18077 2 2 6 2 396 9216 395
18078 2 2 6 2 457 8900 456
18079 2 2 6 2 9406 9410 8972
18080 2 2 6 2 9127 9376 9101
18081 2 2 6 2 8898 9258 9226
18082 2 2 6 2 9081 9254 9229
18083 2 2 6 2 9318 9327 9319
18084 2 2 6 2 9188 9236 9143
18085 2 2 6 2 8903 8905 8904
18086 2 2 6 2 8985 9312 8939
18087 2 2 6 2 8976 9000 8973
18088 2 2 6 2 9143 9203 9141
18089 2 2 6 2 8967 8972 8971
18090 2 2 6 2 8989 9255 9009
18091 2 2 6 2 8980 9315 8978
18092 2 2 6 2 9272 9275 9090
18093 2 2 6 2 9296 9297 9295
18094 2 2 6 2 8994 9284 9006
18095 2 2 6 2 9073 9276 9072
18096 2 2 6 2 8870 9371 9333
18097 2 2 6 2 9197 9447 9195
18098 2 2 6 2 9111 9350 9227
18099 2 2 6 2 8972 8973 8971
18100 2 2 6 2 9036 9063 9018
18101 2 2 6 2 9081 9229 9036
18102 2 2 6 2 9047 9245 9050
18103 2 2 6 2 454 8876 453
18104 2 2 6 2 399 8877 398
18105 2 2 6 2 8909 9022 8911
18106 2 2 6 2 9019 9036 9018
18107 2 2 6 2 9246 9248 9247
18108 2 2 6 2 9364 9470 8878
18109 2 2 6 2 9161 9242 9120
18110 2 2 6 2 9217 9268 8899
18111 2 2 6 2 9234 9241 9232
18112 2 2 6 2 429 9294 428
18113 2 2 6 2 9341 9342 8874
18114 2 2 6 2 9325 9326 8956
18115 2 2 6 2 9260 9397 9355
18116 2 2 6 2 9026 9349 9046
18117 2 2 6 2 9034 9350 9111
18118 2 2 6 2 9054 9161 9120
18119 2 2 6 2 8892 9267 455
18120 2 2 6 2 426 9286 8888
18121 2 2 6 2 8864 9337 9328
18122 2 2 6 2 9328 9337 9329
18123 2 2 6 2 9273 9274 9272
18124 2 2 6 2 9124 9191 9190
18125 2 2 6 2 9037 9081 9036
18126 2 2 6 2 8930 9261 8934
18127 2 2 6 2 9111 9179 9110
18128 2 2 6 2 9078 9138 9076
18129 2 2 6 2 8926 9263 8929
18130 2 2 6 2 9007 9311 9003
18131 2 2 6 2 8913 8977 8915
18132 2 2 6 2 9111 9181 9179
18133 2 2 6 2 8988 8989 8987
18134 2 2 6 2 9367 9424 9162
18135 2 2 6 2 9034 9111 9110
18136 2 2 6 2 9003 9255 8989
18137 2 2 6 2 8986 8987 8985
18138 2 2 6 2 8988 9003 8989
18139 2 2 6 2 9034 9110 9007
18140 2 2 6 2 8986 8988 8987
18141 2 2 6 2 9159 9198 9158
18142 2 2 6 2 9287 9304 9288
18143 2 2 6 2 448 9341 8874
18144 2 2 6 2 9057 9225 8907
18145 2 2 6 2 9163 9428 9408
18146 2 2 6 2 9191 9506 9190
18147 2 2 6 2 9009 9028 9026
18148 2 2 6 2 9293 9305 9304
18149 2 2 6 2 9132 9158 9131
18150 2 2 6 2 8864 9328 419
18151 2 2 6 2 9270 9389 9269
18152 2 2 6 2 8938 8986 8985
18153 2 2 6 2 8869 9310 9309
18154 2 2 6 2 9103 9155 9102
18155 2 2 6 2 8868 9270 401
18156 2 2 6 2 9157 9206 9155
18157 2 2 6 2 9291 9391 9293
18158 2 2 6 2 9104 9163 9134
18159 2 2 6 2 8863 9291 9286
18160 2 2 6 2 8999 9315 8980
18161 2 2 6 2 8919 8968 8921
18162 2 2 6 2 9130 9131 9129
18163 2 2 6 2 9068 9282 9030
18164 2 2 6 2 9072 9278 9069
18165 2 2 6 2 8867 9340 9339
18166 2 2 6 2 8903 8904 8902
18167 2 2 6 2 9160 9200 9199
18168 2 2 6 2 9314 9421 9316
18169 2 2 6 2 9230 9233 9232
18170 2 2 6 2 8941 9312 8944
18171 2 2 6 2 400 9269 399
18172 2 2 6 2 9022 9403 8911
18173 2 2 6 2 9293 9304 9287
18174 2 2 6 2 8977 9266 8915
18175 2 2 6 2 9051 9243 9054
18176 2 2 6 2 8905 8907 8906
18177 2 2 6 2 9120 9160 9125
18178 2 2 6 2 8939 9312 8941
18179 2 2 6 2 9356 9376 9127
18180 2 2 6 2 8890 9483 9197
18181 2 2 6 2 9096 9102 9094
18182 2 2 6 2 9287 9288 8888
18183 2 2 6 2 9088 9145 9086
18184 2 2 6 2 9313 9315 8999
18185 2 2 6 2 9080 9314 9313
18186 2 2 6 2 9313 9316 9315
18187 2 2 6 2 9319 9377 9322
18188 2 2 6 2 9155 9156 9102
18189 2 2 6 2 9277 9280 9278
18190 2 2 6 2 8938 8985 8939
18191 2 2 6 2 9054 9120 9055
18192 2 2 6 2 8989 9009 8990
18193 2 2 6 2 8915 9266 8917
18194 2 2 6 2 9210 9211 9184
18195 2 2 6 2 8976 9019 9018
18196 2 2 6 2 8952 9323 8953
18197 2 2 6 2 9128 9129 9127
18198 2 2 6 2 9145 9281 9276
18199 2 2 6 2 8913 9403 8977
18200 2 2 6 2 9026 9046 9027
18201 2 2 6 2 9301 9303 9299
18202 2 2 6 2 9189 9214 9188
18203 2 2 6 2 9050 9245 9244
18204 2 2 6 2 8961 9367 8964
18205 2 2 6 2 9321 9324 9323
18206 2 2 6 2 8993 9354 8991
18207 2 2 6 2 9003 9311 9255
18208 2 2 6 2 9009 9026 9010
18209 2 2 6 2 9077 9078 9076
18210 2 2 6 2 8926 8929 8928
18211 2 2 6 2 9142 9143 9141
18212 2 2 6 2 8930 8934 8932
18213 2 2 6 2 451 8867 450
18214 2 2 6 2 402 8868 401
18215 2 2 6 2 9144 9188 9143
18216 2 2 6 2 9004 9007 9003
18217 2 2 6 2 8863 9292 9291
18218 2 2 6 2 9328 9329 8891
18219 2 2 6 2 9314 9316 9313
18220 2 2 6 2 9279 9282 9068
18221 2 2 6 2 8935 8938 8937
18222 2 2 6 2 9008 9034 9007
18223 2 2 6 2 9312 9317 8944
18224 2 2 6 2 9021 9313 8999
18225 2 2 6 2 8967 8971 8970
18226 2 2 6 2 9080 9313 9021
18227 2 2 6 2 8964 8967 8966
18228 2 2 6 2 9319 9322 9320
18229 2 2 6 2 8907 8909 8908
18230 2 2 6 2 8867 9339 450
18231 2 2 6 2 9019 9037 9036
18232 2 2 6 2 9025 9257 9104
18233 2 2 6 2 8968 9472 9265
18234 2 2 6 2 9079 9122 9078
18235 2 2 6 2 9157 9207 9206
18236 2 2 6 2 9086 9276 9073
18237 2 2 6 2 8948 9320 8949
18238 2 2 6 2 8960 9367 8961
18239 2 2 6 2 9306 9307 9302
18240 2 2 6 2 8863 9286 427
18241 2 2 6 2 9096 9103 9102
18242 2 2 6 2 9277 9278 9072
18243 2 2 6 2 9103 9157 9155
18244 2 2 6 2 8941 8944 8943
18245 2 2 6 2 9329 9331 9330
18246 2 2 6 2 9317 9327 9318
18247 2 2 6 2 446 9353 8894
18248 2 2 6 2 8929 9263 9262
18249 2 2 6 2 9051 9054 9053
18250 2 2 6 2 416 9371 8870
18251 2 2 6 2 9047 9050 9049
18252 2 2 6 2 8996 9354 8993
18253 2 2 6 2 447 9353 446
18254 2 2 6 2 9042 9080 9021
18255 2 2 6 2 9315 9383 8978
18256 2 2 6 2 9166 9379 9014
18257 2 2 6 2 8935 9259 8938
18258 2 2 6 2 9132 9159 9158
18259 2 2 6 2 9076 9350 9035
18260 2 2 6 2 9104 9134 9112
18261 2 2 6 2 9107 9127 9101
18262 2 2 6 2 9130 9132 9131
18263 2 2 6 2 9165 9370 8984
18264 2 2 6 2 9016 9023 9017
18265 2 2 6 2 401 9270 400
18266 2 2 6 2 9075 9076 9035
18267 2 2 6 2 9054 9243 9161
18268 2 2 6 2 9134 9174 9173
18269 2 2 6 2 8888 9289 425
18270 2 2 6 2 428 8863 427
18271 2 2 6 2 424 8866 423
18272 2 2 6 2 426 8888 425
18273 2 2 6 2 9028 9349 9026
18274 2 2 6 2 430 8887 429
18275 2 2 6 2 9140 9141 9123
18276 2 2 6 2 422 8890 421
18277 2 2 6 2 433 8865 432
18278 2 2 6 2 420 8864 419
18279 2 2 6 2 9321 9323 8952
18280 2 2 6 2 8934 9261 9260
18281 2 2 6 2 9162 9410 9406
18282 2 2 6 2 9156 9431 9273
18283 2 2 6 2 9067 9068 9030
18284 2 2 6 2 9104 9257 9163
18285 2 2 6 2 9000 9016 9001
18286 2 2 6 2 9013 9135 8996
18287 2 2 6 2 9135 9354 8996
18288 2 2 6 2 418 9328 8891
18289 2 2 6 2 9145 9276 9086
18290 2 2 6 2 9087 9088 9086
18291 2 2 6 2 9332 9335 9334
18292 2 2 6 2 9179 9180 9110
18293 2 2 6 2 8909 8911 8910
18294 2 2 6 2 8944 9318 8945
18295 2 2 6 2 9023 9061 9038
18296 2 2 6 2 8905 8906 8904
18297 2 2 6 2 9246 9249 9248
18298 2 2 6 2 9025 9104 9045
18299 2 2 6 2 9342 9343 8874
18300 2 2 6 2 8929 8930 8928
18301 2 2 6 2 9071 9072 9069
18302 2 2 6 2 9089 9090 9088
18303 2 2 6 2 8953 8956 8955
18304 2 2 6 2 8957 8960 8959
18305 2 2 6 2 8961 8964 8963
18306 2 2 6 2 8945 8948 8947
18307 2 2 6 2 9039 9372 9032
18308 2 2 6 2 8989 8990 8987
18309 2 2 6 2 9128 9130 9129
18310 2 2 6 2 9329 9330 8891
18311 2 2 6 2 8934 8935 8932
18312 2 2 6 2 8949 8952 8951
18313 2 2 6 2 9230 9232 9063
18314 2 2 6 2 9319 9320 8948
18315 2 2 6 2 9339 9341 449
18316 2 2 6 2 9085 9086 9073
18317 2 2 6 2 9398 9412 8936
18318 2 2 6 2 9330 9371 8891
18319 2 2 6 2 8911 8913 8912
18320 2 2 6 2 9362 9481 8875
18321 2 2 6 2 8938 8939 8937
18322 2 2 6 2 449 9341 448
18323 2 2 6 2 9331 9332 9330
18324 2 2 6 2 9298 9299 9296
18325 2 2 6 2 8913 8915 8914
18326 2 2 6 2 9107 9128 9127
18327 2 2 6 2 9081 9536 9254
18328 2 2 6 2 9102 9271 9094
18329 2 2 6 2 427 9286 426
18330 2 2 6 2 8985 9388 9312
18331 2 2 6 2 9111 9227 9181
18332 2 2 6 2 428 9294 8863
18333 2 2 6 2 8944 8945 8943
18334 2 2 6 2 8965 9375 8979
18335 2 2 6 2 435 8889 434
18336 2 2 6 2 418 8891 417
18337 2 2 6 2 8887 9298 9296
18338 2 2 6 2 419 9328 418
18339 2 2 6 2 8988 9004 9003
18340 2 2 6 2 8938 9259 8986
18341 2 2 6 2 9215 9539 9534
18342 2 2 6 2 9333 9371 9330
18343 2 2 6 2 9009 9010 8990
18344 2 2 6 2 9294 9295 9292
18345 2 2 6 2 9046 9047 9027
18346 2 2 6 2 9336 9449 9334
18347 2 2 6 2 8964 9406 8967
18348 2 2 6 2 9160 9199 9125
18349 2 2 6 2 9300 9301 9299
18350 2 2 6 2 9026 9027 9010
18351 2 2 6 2 9120 9125 9055
18352 2 2 6 2 437 9359 8869
18353 2 2 6 2 8917 9385 8919
18354 2 2 6 2 413 9361 8879
18355 2 2 6 2 450 9339 449
18356 2 2 6 2 9109 9382 9176
18357 2 2 6 2 9035 9350 9034
18358 2 2 6 2 9327 9377 9319
18359 2 2 6 2 8915 8917 8916
18360 2 2 6 2 8870 9360 415
18361 2 2 6 2 9050 9051 9049
18362 2 2 6 2 455 9267 454
18363 2 2 6 2 9054 9055 9053
18364 2 2 6 2 9008 9035 9034
18365 2 2 6 2 9004 9008 9007
18366 2 2 6 2 8879 9366 9365
18367 2 2 6 2 438 9359 437
18368 2 2 6 2 9259 9355 8986
18369 2 2 6 2 8907 8908 8906
18370 2 2 6 2 8917 8919 8918
18371 2 2 6 2 9067 9069 9068
18372 2 2 6 2 415 9360 414
18373 2 2 6 2 9075 9077 9076
18374 2 2 6 2 9095 9096 9094
18375 2 2 6 2 9360 9361 414
18376 2 2 6 2 9134 9173 9112
18377 2 2 6 2 8919 8921 8920
18378 2 2 6 2 9324 9325 9323
18379 2 2 6 2 8979 9375 8982
18380 2 2 6 2 9104 9112 9045
18381 2 2 6 2 9071 9073 9072
18382 2 2 6 2 8988 9355 9004
18383 2 2 6 2 8982 9165 8984
18384 2 2 6 2 9115 9387 9194
18385 2 2 6 2 8974 9166 9014
18386 2 2 6 2 9317 9318 8944
18387 2 2 6 2 437 8869 436
18388 2 2 6 2 416 8870 415
18389 2 2 6 2 9077 9079 9078
18390 2 2 6 2 8874 9353 447
18391 2 2 6 2 8971 9369 8974
18392 2 2 6 2 402 9368 8868
18393 2 2 6 2 8895 9362 406
18394 2 2 6 2 8921 8924 8923
18395 2 2 6 2 31 9348 30
18396 2 2 6 2 8879 9365 412
18397 2 2 6 2 414 9361 413
18398 2 2 6 2 412 9365 411
18399 2 2 6 2 22 9345 21
18400 2 2 6 2 448 8874 447
18401 2 2 6 2 405 8875 404
18402 2 2 6 2 405 9362 8875
18403 2 2 6 2 9093 9094 9091
18404 2 2 6 2 8986 9355 8988
18405 2 2 6 2 8984 9370 9002
18406 2 2 6 2 9020 9021 8999
18407 2 2 6 2 9085 9087 9086
18408 2 2 6 2 9002 9039 9032
18409 2 2 6 2 9474 9530 9213
18410 2 2 6 2 33 9352 32
18411 2 2 6 2 9087 9089 9088
18412 2 2 6 2 407 8895 406
18413 2 2 6 2 446 8894 445
18414 2 2 6 2 8897 9363 408
18415 2 2 6 2 9221 9225 9057
18416 2 2 6 2 9032 9372 9113
18417 2 2 6 2 9079 9123 9122
18418 2 2 6 2 406 9362 405
18419 2 2 6 2 407 9363 8895
18420 2 2 6 2 8896 9364 441
18421 2 2 6 2 9002 9370 9039
18422 2 2 6 2 440 8878 439
18423 2 2 6 2 413 8879 412
18424 2 2 6 2 440 9364 8878
18425 2 2 6 2 9109 9176 9175
18426 2 2 6 2 408 9363 407
18427 2 2 6 2 442 8896 441
18428 2 2 6 2 441 9364 440
18429 2 2 6 2 409 8897 408
18430 2 2 6 2 8998 8999 8980
18431 2 2 6 2 9140 9142 9141
18432 2 2 6 2 8909 8910 8908
18433 2 2 6 2 9101 9376 9098
18434 2 2 6 2 9041 9042 9021
18435 2 2 6 2 9063 9241 9018
18436 2 2 6 2 35 9358 34
18437 2 2 6 2 8990 9388 8987
18438 2 2 6 2 8924 8926 8925
18439 2 2 6 2 8956 8957 8955
18440 2 2 6 2 9332 9334 9333
18441 2 2 6 2 9156 9271 9102
18442 2 2 6 2 9142 9144 9143
18443 2 2 6 2 9144 9189 9188
18444 2 2 6 2 8960 8961 8959
18445 2 2 6 2 8982 9375 9165
18446 2 2 6 2 417 9371 416
18447 2 2 6 2 8964 8966 8963
18448 2 2 6 2 9345 9347 21
18449 2 2 6 2 9082 9146 9042
18450 2 2 6 2 8891 9371 417
18451 2 2 6 2 8926 8928 8927
18452 2 2 6 2 8952 8953 8951
18453 2 2 6 2 9288 9289 8888
18454 2 2 6 2 9189 9215 9214
18455 2 2 6 2 8967 8970 8966
18456 2 2 6 2 8930 8932 8931
18457 2 2 6 2 9274 9275 9272
18458 2 2 6 2 8948 8949 8947
18459 2 2 6 2 8971 8974 8970
18460 2 2 6 2 9014 9379 9059
18461 2 2 6 2 9202 9338 9148
18462 2 2 6 2 30 9348 8860
18463 2 2 6 2 9065 9136 9037
18464 2 2 6 2 8863 9294 9292
18465 2 2 6 2 403 9368 402
18466 2 2 6 2 9000 9001 8973
18467 2 2 6 2 8935 8937 8936
18468 2 2 6 2 9147 9178 9146
18469 2 2 6 2 8911 8912 8910
18470 2 2 6 2 9100 9101 9098
18471 2 2 6 2 8939 8941 8940
18472 2 2 6 2 9113 9187 9185
18473 2 2 6 2 9059 9153 9151
18474 2 2 6 2 9137 9204 9136
18475 2 2 6 2 9343 9353 8874
18476 2 2 6 2 8913 8914 8912
18477 2 2 6 2 8972 9410 8976
18478 2 2 6 2 9089 9091 9090
18479 2 2 6 2 9283 9412 9135
18480 2 2 6 2 9106 9107 9101
18481 2 2 6 2 9298 9300 9299
18482 2 2 6 2 32 9352 8883
18483 2 2 6 2 9108 9172 9171
18484 2 2 6 2 8915 8916 8914
18485 2 2 6 2 8941 8943 8942
18486 2 2 6 2 9264 9399 9263
18487 2 2 6 2 9369 9417 9166
18488 2 2 6 2 9113 9372 9187
18489 2 2 6 2 9126 9388 8990
18490 2 2 6 2 9158 9443 9285
18491 2 2 6 2 9096 9356 9103
18492 2 2 6 2 9145 9415 9281
18493 2 2 6 2 9114 9150 9058
18494 2 2 6 2 9332 9333 9330
18495 2 2 6 2 9182 9212 9171
18496 2 2 6 2 9172 9182 9171
18497 2 2 6 2 9378 9496 9302
18498 2 2 6 2 37 9374 36
18499 2 2 6 2 9354 9412 9398
18500 2 2 6 2 8917 8918 8916
18501 2 2 6 2 9157 9285 9207
18502 2 2 6 2 8998 9020 8999
18503 2 2 6 2 9066 9067 9030
18504 2 2 6 2 8919 8920 8918
18505 2 2 6 2 9070 9071 9069
18506 2 2 6 2 9185 9186 9114
18507 2 2 6 2 9183 9184 9159
18508 2 2 6 2 9020 9041 9021
18509 2 2 6 2 8921 8923 8920
18510 2 2 6 2 9029 9030 9013
18511 2 2 6 2 9108 9386 9172
18512 2 2 6 2 9093 9095 9094
18513 2 2 6 2 9084 9085 9073
18514 2 2 6 2 9047 9049 9048
18515 2 2 6 2 9261 9429 9260
18516 2 2 6 2 9006 9025 9024
18517 2 2 6 2 9025 9045 9044
18518 2 2 6 2 9012 9013 8996
18519 2 2 6 2 8994 9006 9005
18520 2 2 6 2 9113 9185 9114
18521 2 2 6 2 9108 9171 9170
18522 2 2 6 2 9041 9082 9042
18523 2 2 6 2 8995 8996 8993
18524 2 2 6 2 9100 9106 9101
18525 2 2 6 2 9059 9379 9153
18526 2 2 6 2 9031 9064 8997
18527 2 2 6 2 9275 9415 9145
18528 2 2 6 2 9051 9053 9052
18529 2 2 6 2 8919 9385 8968
18530 2 2 6 2 8924 8925 8923
18531 2 2 6 2 9115 9194 9192
18532 2 2 6 2 9074 9075 9035
18533 2 2 6 2 8945 8947 8946
18534 2 2 6 2 9128 9133 9130
18535 2 2 6 2 9097 9109 9099
18536 2 2 6 2 8930 8931 8928
18537 2 2 6 2 9113 9114 9058
18538 2 2 6 2 9082 9147 9146
18539 2 2 6 2 9152 9167 9060
18540 2 2 6 2 9374 9506 9233
18541 2 2 6 2 9032 9113 9058
18542 2 2 6 2 34 8858 33
18543 2 2 6 2 16 8859 15
18544 2 2 6 2 9199 9538 9420
18545 2 2 6 2 8987 9388 8985
18546 2 2 6 2 30 8860 29
18547 2 2 6 2 20 8861 19
18548 2 2 6 2 32 8883 31
18549 2 2 6 2 18 8884 17
18550 2 2 6 2 9108 9170 9106
18551 2 2 6 2 34 9358 8858
18552 2 2 6 2 8935 8936 8932
18553 2 2 6 2 9148 9149 9061
18554 2 2 6 2 26 8862 25
18555 2 2 6 2 8926 8927 8925
18556 2 2 6 2 29 9346 28
18557 2 2 6 2 9100 9108 9106
18558 2 2 6 2 28 8882 27
18559 2 2 6 2 8979 8982 8981
18560 2 2 6 2 8939 8940 8937
18561 2 2 6 2 21 9347 20
18562 2 2 6 2 9132 9183 9159
18563 2 2 6 2 9147 9195 9178
18564 2 2 6 2 23 8873 22
18565 2 2 6 2 24 9344 23
18566 2 2 6 2 9292 9391 9291
18567 2 2 6 2 9109 9175 9119
18568 2 2 6 2 8984 9002 8997
18569 2 2 6 2 9099 9100 9098
18570 2 2 6 2 8945 8946 8943
18571 2 2 6 2 9206 9431 9155
18572 2 2 6 2 9002 9032 9031
18573 2 2 6 2 9095 9376 9096
18574 2 2 6 2 9377 9437 9322
18575 2 2 6 2 8957 8959 8958
18576 2 2 6 2 8953 8955 8954
18577 2 2 6 2 9071 9084 9073
18578 2 2 6 2 8961 8963 8962
18579 2 2 6 2 9019 9065 9037
18580 2 2 6 2 9032 9058 9031
18581 2 2 6 2 8982 8984 8983
18582 2 2 6 2 9067 9070 9069
18583 2 2 6 2 9153 9209 9151
18584 2 2 6 2 9002 9031 8997
18585 2 2 6 2 9016 9017 9001
18586 2 2 6 2 8979 8980 8978
18587 2 2 6 2 8965 8978 8962
18588 2 2 6 2 9177 9513 9359
18589 2 2 6 2 8858 9352 33
18590 2 2 6 2 8981 8998 8980
18591 2 2 6 2 8949 8951 8950
18592 2 2 6 2 9175 9177 9119
18593 2 2 6 2 9109 9119 9099
18594 2 2 6 2 8883 9348 31
18595 2 2 6 2 9097 9098 9095
18596 2 2 6 2 8860 9346 29
18597 2 2 6 2 8941 8942 8940
18598 2 2 6 2 28 9346 8882
18599 2 2 6 2 9010 9126 8990
18600 2 2 6 2 9085 9105 9087
18601 2 2 6 2 20 9347 8861
18602 2 2 6 2 9098 9376 9095
18603 2 2 6 2 9139 9140 9123
18604 2 2 6 2 8984 8997 8983
18605 2 2 6 2 9097 9099 9098
18606 2 2 6 2 9208 9210 9184
18607 2 2 6 2 9047 9048 9027
18608 2 2 6 2 23 9344 8873
18609 2 2 6 2 9280 9416 9279
18610 2 2 6 2 9352 9484 8883
18611 2 2 6 2 8873 9345 22
18612 2 2 6 2 14 8885 13
18613 2 2 6 2 36 8886 35
18614 2 2 6 2 8998 9033 9020
18615 2 2 6 2 9041 9118 9082
18616 2 2 6 2 9045 9062 9044
18617 2 2 6 2 9093 9097 9095
18618 2 2 6 2 9015 9083 8975
18619 2 2 6 2 8982 8983 8981
18620 2 2 6 2 9147 9196 9195
18621 2 2 6 2 9029 9066 9030
18622 2 2 6 2 9092 9093 9091
18623 2 2 6 2 8992 9392 9284
18624 2 2 6 2 8979 8981 8980
18625 2 2 6 2 9395 9527 9033
18626 2 2 6 2 9137 9205 9204
18627 2 2 6 2 9025 9044 9024
18628 2 2 6 2 9006 9024 9005
18629 2 2 6 2 8973 9369 8971
18630 2 2 6 2 9012 9029 9013
18631 2 2 6 2 9008 9074 9035
18632 2 2 6 2 8886 9358 35
18633 2 2 6 2 9103 9380 9157
18634 2 2 6 2 9152 9168 9167
18635 2 2 6 2 8961 8962 8959
18636 2 2 6 2 8995 9012 8996
18637 2 2 6 2 9065 9137 9136
18638 2 2 6 2 8943 9392 8942
18639 2 2 6 2 8957 8958 8955
18640 2 2 6 2 13 9373 12
18641 2 2 6 2 8965 8979 8978
18642 2 2 6 2 9051 9052 9049
18643 2 2 6 2 8953 8954 8951
18644 2 2 6 2 9084 9378 9085
18645 2 2 6 2 8974 9014 8975
18646 2 2 6 2 9089 9092 9091
18647 2 2 6 2 9023 9038 9017
18648 2 2 6 2 9152 9169 9168
18649 2 2 6 2 9258 9471 9226
18650 2 2 6 2 9100 9386 9108
18651 2 2 6 2 9075 9121 9077
18652 2 2 6 2 9356 9380 9103
18653 2 2 6 2 8918 8922 8916
18654 2 2 6 2 8963 8965 8962
18655 2 2 6 2 8949 8950 8947
18656 2 2 6 2 9055 9056 9053
18657 2 2 6 2 9336 9457 9449
18658 2 2 6 2 9096 9376 9356
18659 2 2 6 2 9097 9382 9109
18660 2 2 6 2 8925 8933 8923
18661 2 2 6 2 8940 9398 8937
18662 2 2 6 2 9012 9043 9029
18663 2 2 6 2 9044 9117 9024
18664 2 2 6 2 9092 9382 9093
18665 2 2 6 2 12 8871 11
18666 2 2 6 2 38 8872 37
18667 2 2 6 2 9307 9516 9302
18668 2 2 6 2 8966 9384 8963
18669 2 2 6 2 9223 9467 9222
18670 2 2 6 2 9169 9235 9168
18671 2 2 6 2 9099 9386 9100
18672 2 2 6 2 8937 9398 8936
18673 2 2 6 2 8965 9384 9375
18674 2 2 6 2 9014 9059 9015
18675 2 2 6 2 9079 9139 9123
18676 2 2 6 2 8959 9383 8958
18677 2 2 6 2 9148 9338 9149
18678 2 2 6 2 8908 9011 8906
18679 2 2 6 2 9157 9380 9285
18680 2 2 6 2 8942 8991 8940
18681 2 2 6 2 8904 9213 8902
18682 2 2 6 2 9354 9398 8991
18683 2 2 6 2 9119 9386 9099
18684 2 2 6 2 8946 9392 8943
18685 2 2 6 2 9085 9378 9105
18686 2 2 6 2 9093 9382 9097
18687 2 2 6 2 9059 9151 9060
18688 2 2 6 2 8942 8992 8991
18689 2 2 6 2 9151 9152 9060
18690 2 2 6 2 8994 9005 8995
18691 2 2 6 2 8992 8994 8993
18692 2 2 6 2 8978 9383 8962
18693 2 2 6 2 9074 9381 9075
18694 2 2 6 2 8994 8995 8993
18695 2 2 6 2 8974 8975 8970
18696 2 2 6 2 8992 8993 8991
18697 2 2 6 2 36 9374 8886
18698 2 2 6 2 8911 9403 8913
18699 2 2 6 2 9359 9439 9177
18700 2 2 6 2 9140 9401 9142
18701 2 2 6 2 9059 9060 9015
18702 2 2 6 2 8912 8969 8910
18703 2 2 6 2 9014 9015 8975
18704 2 2 6 2 8967 9406 8972
18705 2 2 6 2 8962 9383 8959
18706 2 2 6 2 9386 9407 9172
18707 2 2 6 2 9087 9393 9089
18708 2 2 6 2 9183 9208 9184
18709 2 2 6 2 9232 9241 9063
18710 2 2 6 2 9064 9466 9336
18711 2 2 6 2 9355 9397 9004
18712 2 2 6 2 9258 9502 7
18713 2 2 6 2 8963 9384 8965
18714 2 2 6 2 9139 9154 9140
18715 2 2 6 2 9027 9390 9010
18716 2 2 6 2 9167 9400 9060
18717 2 2 6 2 8981 9395 8998
18718 2 2 6 2 8998 9395 9033
18719 2 2 6 2 9284 9428 9257
18720 2 2 6 2 9194 9224 9192
18721 2 2 6 2 9321 9411 9324
18722 2 2 6 2 8991 9398 8940
18723 2 2 6 2 9075 9381 9121
18724 2 2 6 2 9163 9444 9134
18725 2 2 6 2 9277 9460 9280
18726 2 2 6 2 8872 9374 37
18727 2 2 6 2 8885 9373 13
18728 2 2 6 2 9004 9397 9008
18729 2 2 6 2 8942 9392 8992
18730 2 2 6 2 8983 9395 8981
18731 2 2 6 2 9144 9201 9189
18732 2 2 6 2 42 9503 9268
18733 2 2 6 2 9015 9400 9083
18734 2 2 6 2 9065 9162 9137
18735 2 2 6 2 9105 9393 9087
18736 2 2 6 2 9105 9394 9393
18737 2 2 6 2 9405 9539 9215
18738 2 2 6 2 9048 9390 9027
18739 2 2 6 2 9089 9393 9092
18740 2 2 6 2 9010 9390 9126
18741 2 2 6 2 9152 9396 9169
18742 2 2 6 2 8947 9408 8946
18743 2 2 6 2 9119 9407 9386
18744 2 2 6 2 9061 9387 9038
18745 2 2 6 2 9214 9488 9373
18746 2 2 6 2 9209 9396 9151
18747 2 2 6 2 8976 9410 9019
18748 2 2 6 2 9001 9369 8973
18749 2 2 6 2 9295 9432 9292
18750 2 2 6 2 9151 9396 9152
18751 2 2 6 2 8954 9413 8951
18752 2 2 6 2 8950 9408 8947
18753 2 2 6 2 9154 9401 9140
18754 2 2 6 2 12 9373 8871
18755 2 2 6 2 9316 9421 8958
18756 2 2 6 2 9177 9407 9119
18757 2 2 6 2 9083 9404 8975
18758 2 2 6 2 9382 9418 9176
18759 2 2 6 2 9135 9412 9354
18760 2 2 6 2 9175 9513 9177
18761 2 2 6 2 9008 9397 9074
18762 2 2 6 2 9077 9402 9079
18763 2 2 6 2 9060 9400 9015
18764 2 2 6 2 9038 9387 9115
18765 2 2 6 2 9285 9443 9207
18766 2 2 6 2 8970 9404 8966
18767 2 2 6 2 8927 9414 8925
18768 2 2 6 2 9189 9405 9215
18769 2 2 6 2 8951 9413 8950
18770 2 2 6 2 9115 9192 9116
18771 2 2 6 2 9078 9463 9138
18772 2 2 6 2 9038 9115 9040
18773 2 2 6 2 41 8880 40
18774 2 2 6 2 9 8881 8
18775 2 2 6 2 8966 9404 9384
18776 2 2 6 2 404 9434 403
18777 2 2 6 2 8936 9419 8932
18778 2 2 6 2 9192 9193 9116
18779 2 2 6 2 9121 9402 9077
18780 2 2 6 2 8925 9414 8933
18781 2 2 6 2 9115 9116 9040
18782 2 2 6 2 8975 9404 8970
18783 2 2 6 2 9019 9410 9065
18784 2 2 6 2 9079 9402 9139
18785 2 2 6 2 9038 9040 9017
18786 2 2 6 2 9142 9409 9144
18787 2 2 6 2 9375 9430 9165
18788 2 2 6 2 8958 9421 8955
18789 2 2 6 2 9165 9436 9370
18790 2 2 6 2 8870 9449 9360
18791 2 2 6 2 9401 9409 9142
18792 2 2 6 2 9394 9418 9393
18793 2 2 6 2 9412 9419 8936
18794 2 2 6 2 9181 9497 9347
18795 2 2 6 2 9393 9418 9092
18796 2 2 6 2 9133 9509 9340
18797 2 2 6 2 9149 9387 9061
18798 2 2 6 2 9201 9405 9189
18799 2 2 6 2 9092 9418 9382
18800 2 2 6 2 9212 9498 8894
18801 2 2 6 2 9260 9429 9397
18802 2 2 6 2 9065 9410 9162
18803 2 2 6 2 9041 9427 9118
18804 2 2 6 2 9250 9491 8862
18805 2 2 6 2 8933 9423 8923
18806 2 2 6 2 458 9502 8898
18807 2 2 6 2 8885 9515 9214
18808 2 2 6 2 9033 9427 9020
18809 2 2 6 2 8899 9503 394
18810 2 2 6 2 9055 9422 9056
18811 2 2 6 2 9144 9409 9201
18812 2 2 6 2 438 9439 9359
18813 2 2 6 2 9225 9539 9022
18814 2 2 6 2 8918 9425 8922
18815 2 2 6 2 9199 9420 9125
18816 2 2 6 2 8878 9439 439
18817 2 2 6 2 8932 9419 8931
18818 2 2 6 2 9166 9441 9379
18819 2 2 6 2 9283 9419 9412
18820 2 2 6 2 7 9502 6
18821 2 2 6 2 43 9503 42
18822 2 2 6 2 38 9426 8872
18823 2 2 6 2 9370 9446 9039
18824 2 2 6 2 9125 9422 9055
18825 2 2 6 2 8946 9428 9392
18826 2 2 6 2 9430 9436 9165
18827 2 2 6 2 9048 9437 9377
18828 2 2 6 2 8955 9421 8954
18829 2 2 6 2 9017 9417 9001
18830 2 2 6 2 8894 9499 9212
18831 2 2 6 2 9446 9453 9039
18832 2 2 6 2 9162 9424 9137
18833 2 2 6 2 9049 9437 9048
18834 2 2 6 2 8923 9423 8920
18835 2 2 6 2 39 9426 38
18836 2 2 6 2 9044 9433 9117
18837 2 2 6 2 9118 9524 9337
18838 2 2 6 2 9211 9530 9474
18839 2 2 6 2 9340 9512 9133
18840 2 2 6 2 8920 9425 8918
18841 2 2 6 2 9411 9461 9324
18842 2 2 6 2 9040 9417 9017
18843 2 2 6 2 9001 9417 9369
18844 2 2 6 2 9397 9429 9074
18845 2 2 6 2 9179 9445 9180
18846 2 2 6 2 9420 9422 9125
18847 2 2 6 2 9253 9478 9161
18848 2 2 6 2 8922 9435 8916
18849 2 2 6 2 9137 9424 9205
18850 2 2 6 2 9280 9451 9416
18851 2 2 6 2 8880 9475 9338
18852 2 2 6 2 9020 9427 9041
18853 2 2 6 2 411 9448 410
18854 2 2 6 2 9164 9471 9228
18855 2 2 6 2 9155 9431 9156
18856 2 2 6 2 9118 9440 9082
18857 2 2 6 2 9147 9440 9196
18858 2 2 6 2 9423 9425 8920
18859 2 2 6 2 8890 9459 421
18860 2 2 6 2 420 9459 8864
18861 2 2 6 2 9280 9460 9451
18862 2 2 6 2 9244 9479 9253
18863 2 2 6 2 9233 9500 9374
18864 2 2 6 2 9404 9430 9384
18865 2 2 6 2 9417 9441 9166
18866 2 2 6 2 9039 9453 9372
18867 2 2 6 2 9392 9428 9284
18868 2 2 6 2 8912 9438 8969
18869 2 2 6 2 9083 9430 9404
18870 2 2 6 2 9211 9468 9184
18871 2 2 6 2 9334 9449 9333
18872 2 2 6 2 9408 9428 8946
18873 2 2 6 2 9074 9429 9381
18874 2 2 6 2 9208 9535 8867
18875 2 2 6 2 8859 9522 9237
18876 2 2 6 2 9159 9468 9198
18877 2 2 6 2 8872 9506 9374
18878 2 2 6 2 8950 9444 9408
18879 2 2 6 2 8931 9451 8928
18880 2 2 6 2 9384 9430 9375
18881 2 2 6 2 9062 9433 9044
18882 2 2 6 2 9292 9432 9391
18883 2 2 6 2 9314 9454 9421
18884 2 2 6 2 403 9434 9368
18885 2 2 6 2 9083 9436 9430
18886 2 2 6 2 9045 9456 9062
18887 2 2 6 2 9441 9450 9379
18888 2 2 6 2 9040 9441 9417
18889 2 2 6 2 8916 9435 8914
18890 2 2 6 2 8954 9454 9413
18891 2 2 6 2 9297 9540 9066
18892 2 2 6 2 9372 9462 9187
18893 2 2 6 2 9416 9451 8931
18894 2 2 6 2 9379 9450 9153
18895 2 2 6 2 9343 9505 9170
18896 2 2 6 2 9467 9492 10
18897 2 2 6 2 8879 9469 9366
18898 2 2 6 2 9408 9444 9163
18899 2 2 6 2 9436 9446 9370
18900 2 2 6 2 9303 9477 9299
18901 2 2 6 2 9453 9462 9372
18902 2 2 6 2 11 9467 10
18903 2 2 6 2 9053 9461 9052
18904 2 2 6 2 9022 9539 9405
18905 2 2 6 2 9242 9484 9160
18906 2 2 6 2 8859 9465 15
18907 2 2 6 2 9150 9466 9058
18908 2 2 6 2 9117 9504 9304
18909 2 2 6 2 9052 9437 9049
18910 2 2 6 2 14 9465 8885
18911 2 2 6 2 8914 9438 8912
18912 2 2 6 2 9455 9476 9146
18913 2 2 6 2 9031 9466 9064
18914 2 2 6 2 9400 9436 9083
18915 2 2 6 2 9052 9461 9411
18916 2 2 6 2 439 9439 438
18917 2 2 6 2 9296 9477 9297
18918 2 2 6 2 9435 9438 8914
18919 2 2 6 2 8908 9464 9011
18920 2 2 6 2 9413 9454 9174
18921 2 2 6 2 9345 9511 9181
18922 2 2 6 2 9082 9440 9147
18923 2 2 6 2 9302 9496 9301
18924 2 2 6 2 8969 9464 8910
18925 2 2 6 2 9366 9442 9365
18926 2 2 6 2 9407 9470 9172
18927 2 2 6 2 9304 9504 9288
18928 2 2 6 2 9395 9493 9335
18929 2 2 6 2 9314 9473 9454
18930 2 2 6 2 8897 9533 9363
18931 2 2 6 2 9116 9441 9040
18932 2 2 6 2 9442 9448 9365
18933 2 2 6 2 9224 9523 8877
18934 2 2 6 2 9333 9449 8870
18935 2 2 6 2 8904 9474 9213
18936 2 2 6 2 8866 9483 423
18937 2 2 6 2 422 9483 8890
18938 2 2 6 2 9413 9444 8950
18939 2 2 6 2 9217 9475 9268
18940 2 2 6 2 8895 9486 9362
18941 2 2 6 2 9338 9480 9149
18942 2 2 6 2 9365 9448 411
18943 2 2 6 2 9011 9474 8906
18944 2 2 6 2 9402 9472 9139
18945 2 2 6 2 9167 9453 9446
18946 2 2 6 2 9265 9472 9402
18947 2 2 6 2 9346 9479 8882
18948 2 2 6 2 26 9482 8862
18949 2 2 6 2 8882 9482 27
18950 2 2 6 2 397 9523 8893
18951 2 2 6 2 9167 9446 9400
18952 2 2 6 2 9400 9446 9436
18953 2 2 6 2 9374 9500 8886
18954 2 2 6 2 9116 9450 9441
18955 2 2 6 2 8884 9532 9240
18956 2 2 6 2 9454 9473 9174
18957 2 2 6 2 8928 9451 8927
18958 2 2 6 2 444 9452 443
18959 2 2 6 2 9231 9500 9230
18960 2 2 6 2 9214 9515 9188
18961 2 2 6 2 8877 9523 398
18962 2 2 6 2 9215 9488 9214
18963 2 2 6 2 8876 9520 453
18964 2 2 6 2 9341 9509 9342
18965 2 2 6 2 9227 9497 9181
18966 2 2 6 2 8895 9494 9486
18967 2 2 6 2 9173 9455 9112
18968 2 2 6 2 9168 9453 9167
18969 2 2 6 2 9193 9450 9116
18970 2 2 6 2 9337 9524 9329
18971 2 2 6 2 9112 9456 9045
18972 2 2 6 2 9304 9517 9117
18973 2 2 6 2 9080 9473 9314
18974 2 2 6 2 9360 9457 9361
18975 2 2 6 2 9042 9476 9080
18976 2 2 6 2 9455 9456 9112
18977 2 2 6 2 7 9525 9258
18978 2 2 6 2 9218 9480 9217
18979 2 2 6 2 451 9514 8867
18980 2 2 6 2 8862 9491 25
18981 2 2 6 2 9226 9471 9164
18982 2 2 6 2 24 9491 9344
18983 2 2 6 2 9012 9485 9043
18984 2 2 6 2 9268 9526 42
18985 2 2 6 2 9353 9543 8894
18986 2 2 6 2 9451 9460 8927
18987 2 2 6 2 421 9459 420
18988 2 2 6 2 9005 9485 8995
18989 2 2 6 2 9168 9462 9453
18990 2 2 6 2 8894 9498 445
18991 2 2 6 2 9064 9493 8997
18992 2 2 6 2 9340 9509 9339
18993 2 2 6 2 9138 9463 9351
18994 2 2 6 2 9363 9494 8895
18995 2 2 6 2 9231 9490 9358
18996 2 2 6 2 9421 9454 8954
18997 2 2 6 2 9176 9487 9310
18998 2 2 6 2 15 9465 14
18999 2 2 6 2 9235 9462 9168
19000 2 2 6 2 8910 9464 8908
19001 2 2 6 2 9181 9511 9179
19002 2 2 6 2 9305 9517 9304
19003 2 2 6 2 9457 9469 9361
19004 2 2 6 2 9331 9527 9332
19005 2 2 6 2 9056 9461 9053
19006 2 2 6 2 9080 9476 9473
19007 2 2 6 2 9136 9538 9037
19008 2 2 6 2 8927 9460 9414
19009 2 2 6 2 9212 9499 9171
19010 2 2 6 2 9387 9489 9194
19011 2 2 6 2 45 9518 409
19012 2 2 6 2 410 9518 45
19013 2 2 6 2 9254 9536 9521
19014 2 2 6 2 8983 9493 9395
19015 2 2 6 2 9310 9487 9308
19016 2 2 6 2 9058 9466 9031
19017 2 2 6 2 9170 9505 9106
19018 2 2 6 2 8871 9467 11
19019 2 2 6 2 9133 9512 9130
19020 2 2 6 2 16 9522 8859
19021 2 2 6 2 8884 9522 17
19022 2 2 6 2 9184 9468 9159
19023 2 2 6 2 9186 9541 9114
19024 2 2 6 2 9128 9508 9133
19025 2 2 6 2 8861 9532 19
19026 2 2 6 2 18 9532 8884
19027 2 2 6 2 9223 9492 9467
19028 2 2 6 2 9348 9478 8860
19029 2 2 6 2 8877 9537 9224
19030 2 2 6 2 443 9519 46
19031 2 2 6 2 46 9519 442
19032 2 2 6 2 9 9492 8881
19033 2 2 6 2 9024 9517 9005
19034 2 2 6 2 9132 9512 9183
19035 2 2 6 2 9066 9540 9067
19036 2 2 6 2 9247 9479 9244
19037 2 2 6 2 9361 9469 8879
19038 2 2 6 2 9433 9458 9290
19039 2 2 6 2 9469 9541 9366
19040 2 2 6 2 9105 9516 9394
19041 2 2 6 2 9172 9470 9182
19042 2 2 6 2 9420 9538 9136
19043 2 2 6 2 9308 9487 9394
19044 2 2 6 2 8 9525 7
19045 2 2 6 2 8880 9501 40
19046 2 2 6 2 42 9526 41
19047 2 2 6 2 9213 9530 8876
19048 2 2 6 2 9174 9473 9173
19049 2 2 6 2 8869 9513 9310
19050 2 2 6 2 9258 9525 9471
19051 2 2 6 2 9224 9537 9192
19052 2 2 6 2 9475 9480 9338
19053 2 2 6 2 9161 9478 9242
19054 2 2 6 2 39 9501 9426
19055 2 2 6 2 9139 9472 9154
19056 2 2 6 2 9303 9496 9084
19057 2 2 6 2 8906 9474 8904
19058 2 2 6 2 9299 9477 9296
19059 2 2 6 2 9489 9510 9194
19060 2 2 6 2 9459 9529 8864
19061 2 2 6 2 9473 9476 9173
19062 2 2 6 2 9197 9458 9447
19063 2 2 6 2 9481 9486 9187
19064 2 2 6 2 8875 9481 9235
19065 2 2 6 2 9426 9501 9202
19066 2 2 6 2 9254 9521 9490
19067 2 2 6 2 9418 9487 9176
19068 2 2 6 2 9457 9531 9469
19069 2 2 6 2 9462 9481 9187
19070 2 2 6 2 444 9498 9452
19071 2 2 6 2 9233 9506 9191
19072 2 2 6 2 8861 9497 9351
19073 2 2 6 2 8858 9521 9352
19074 2 2 6 2 27 9482 26
19075 2 2 6 2 9150 9541 9469
19076 2 2 6 2 8894 9543 9499
19077 2 2 6 2 9194 9510 9224
19078 2 2 6 2 9210 9530 9211
19079 2 2 6 2 9170 9543 9343
19080 2 2 6 2 423 9483 422
19081 2 2 6 2 9173 9476 9455
19082 2 2 6 2 9160 9484 9200
19083 2 2 6 2 9196 9529 9459
19084 2 2 6 2 9029 9507 9066
19085 2 2 6 2 9358 9490 8858
19086 2 2 6 2 9254 9490 9231
19087 2 2 6 2 9477 9540 9297
19088 2 2 6 2 8995 9485 9012
19089 2 2 6 2 9394 9487 9418
19090 2 2 6 2 9187 9486 9185
19091 2 2 6 2 9407 9528 9470
19092 2 2 6 2 9301 9496 9303
19093 2 2 6 2 9066 9507 9432
19094 2 2 6 2 9177 9528 9407
19095 2 2 6 2 9235 9481 9462
19096 2 2 6 2 9469 9531 9150
19097 2 2 6 2 9373 9488 8871
19098 2 2 6 2 25 9491 24
19099 2 2 6 2 9391 9507 9043
19100 2 2 6 2 9486 9494 9185
19101 2 2 6 2 9149 9489 9387
19102 2 2 6 2 9043 9507 9029
19103 2 2 6 2 9347 9497 8861
19104 2 2 6 2 9288 9504 9290
19105 2 2 6 2 9427 9524 9118
19106 2 2 6 2 10 9492 9
19107 2 2 6 2 9363 9533 9494
19108 2 2 6 2 9452 9495 8896
19109 2 2 6 2 9218 9510 9489
19110 2 2 6 2 9351 9497 9227
19111 2 2 6 2 8997 9493 8983
19112 2 2 6 2 9185 9494 9186
19113 2 2 6 2 9182 9495 9212
19114 2 2 6 2 9475 9526 9268
19115 2 2 6 2 9439 9528 9177
19116 2 2 6 2 8864 9529 9337
19117 2 2 6 2 9084 9496 9378
19118 2 2 6 2 9179 9511 9445
19119 2 2 6 2 445 9498 444
19120 2 2 6 2 9331 9524 9427
19121 2 2 6 2 8893 9510 9218
19122 2 2 6 2 9217 9480 9475
19123 2 2 6 2 9230 9500 9233
19124 2 2 6 2 9228 9542 9223
19125 2 2 6 2 9218 9489 9480
19126 2 2 6 2 9171 9499 9170
19127 2 2 6 2 9465 9515 8885
19128 2 2 6 2 9448 9518 410
19129 2 2 6 2 40 9501 39
19130 2 2 6 2 8898 9502 9258
19131 2 2 6 2 9268 9503 8899
19132 2 2 6 2 9188 9515 9236
19133 2 2 6 2 9106 9505 9107
19134 2 2 6 2 9339 9509 9341
19135 2 2 6 2 9471 9525 8881
19136 2 2 6 2 9505 9508 9107
19137 2 2 6 2 9107 9508 9128
19138 2 2 6 2 452 9520 9514
19139 2 2 6 2 9359 9513 8869
19140 2 2 6 2 452 9514 451
19141 2 2 6 2 9433 9504 9117
19142 2 2 6 2 9130 9512 9132
19143 2 2 6 2 442 9519 8896
19144 2 2 6 2 9480 9489 9149
19145 2 2 6 2 8873 9511 9345
19146 2 2 6 2 409 9518 8897
19147 2 2 6 2 453 9520 452
19148 2 2 6 2 398 9523 397
19149 2 2 6 2 9117 9517 9024
19150 2 2 6 2 9070 9540 9477
19151 2 2 6 2 9329 9524 9331
19152 2 2 6 2 9222 9534 9221
19153 2 2 6 2 9332 9527 9335
19154 2 2 6 2 17 9522 16
19155 2 2 6 2 9378 9516 9105
19156 2 2 6 2 9183 9535 9208
19157 2 2 6 2 8878 9528 9439
19158 2 2 6 2 9337 9529 9440
19159 2 2 6 2 9470 9528 8878
19160 2 2 6 2 8867 9535 9340
19161 2 2 6 2 9445 9511 8873
19162 2 2 6 2 9150 9531 9466
19163 2 2 6 2 9534 9539 9221
19164 2 2 6 2 9037 9538 9081
19165 2 2 6 2 19 9532 18
19166 2 2 6 2 9200 9536 9199
19167 2 2 6 2 9432 9507 9391
19168 2 2 6 2 9221 9539 9225
19169 2 2 6 2 9440 9529 9196
19170 2 2 6 2 9290 9504 9433
19171 2 2 6 2 8881 9525 8
19172 2 2 6 2 41 9526 8880
19173 2 2 6 2 9343 9543 9353
19174 2 2 6 2 9492 9542 8881
19175 2 2 6 2 9114 9541 9150
19176 2 2 6 2 9067 9540 9070
19177 2 2 6 2 8897 9518 9448
19178 2 2 6 2 9192 9537 9193
19179 2 2 6 2 9215 9534 9488
19180 2 2 6 2 8880 9526 9475
19181 2 2 6 2 9521 9536 9200
19182 2 2 6 2 9236 9515 9465
19183 2 2 6 2 8896 9519 9452
19184 2 2 6 2 9336 9531 9457
19185 2 2 6 2 9452 9519 443
19186 2 2 6 2 9186 9533 9442
19187 2 2 6 2 9466 9531 9336
19188 2 2 6 2 9494 9533 9186
19189 2 2 6 2 9490 9521 8858
19190 2 2 6 2 9223 9542 9492
19191 2 2 6 2 9499 9543 9170
$EndElements
