$MeshFormat
2.2 0 8
$EndMeshFormat
$PhysicalNames
5
1 1 "outer_walls"
1 2 "bottom_wall"
1 3 "obstacle_boundary"
2 5 "background_domain"
2 6 "obstacle_domain"
$EndPhysicalNames
$Nodes
9547
1 0 0 0
2 1 0 0
3 1 1 0
4 0 1 0
5 0.3 0.4 0
6 0.7 0.4 0
7 0.7 0.6 0
8 0.3 0.6 0
9 0.01010101010099096 0 0
10 0.02020202020198209 0 0
11 0.03030303030297262 0 0
12 0.04040404040396117 0 0
13 0.05050505050494877 0 0
14 0.06060606060593743 0 0
15 0.07070707070692972 0 0
16 0.08080808080792434 0 0
17 0.09090909090891897 0 0
18 0.1010101010099136 0 0
19 0.1111111111109082 0 0
20 0.1212121212119015 0 0
21 0.1313131313128882 0 0
22 0.1414141414138693 0 0
23 0.15151515151485 0 0
24 0.1616161616158306 0 0
25 0.1717171717168112 0 0
26 0.1818181818177918 0 0
27 0.1919191919187724 0 0
28 0.202020202019753 0 0
29 0.2121212121207337 0 0
30 0.2222222222217143 0 0
31 0.2323232323226949 0 0
32 0.2424242424236755 0 0
33 0.2525252525246561 0 0
34 0.2626262626256367 0 0
35 0.2727272727266173 0 0
36 0.282828282827598 0 0
37 0.2929292929285786 0 0
38 0.3030303030295592 0 0
39 0.3131313131305398 0 0
40 0.3232323232315205 0 0
41 0.3333333333325011 0 0
42 0.3434343434334817 0 0
43 0.3535353535344622 0 0
44 0.3636363636354429 0 0
45 0.3737373737364235 0 0
46 0.3838383838374042 0 0
47 0.3939393939383848 0 0
48 0.4040404040393654 0 0
49 0.414141414140346 0 0
50 0.4242424242413266 0 0
51 0.4343434343423073 0 0
52 0.4444444444432879 0 0
53 0.4545454545442685 0 0
54 0.4646464646452491 0 0
55 0.4747474747462297 0 0
56 0.4848484848472103 0 0
57 0.4949494949481948 0 0
58 0.5050505050492035 0 0
59 0.5151515151502364 0 0
60 0.5252525252512731 0 0
61 0.5353535353523099 0 0
62 0.5454545454533466 0 0
63 0.5555555555543834 0 0
64 0.5656565656554201 0 0
65 0.5757575757564569 0 0
66 0.5858585858574936 0 0
67 0.5959595959585303 0 0
68 0.606060606059567 0 0
69 0.6161616161606038 0 0
70 0.6262626262616405 0 0
71 0.6363636363626773 0 0
72 0.646464646463714 0 0
73 0.6565656565647509 0 0
74 0.6666666666657876 0 0
75 0.6767676767668243 0 0
76 0.6868686868678611 0 0
77 0.6969696969688978 0 0
78 0.7070707070699345 0 0
79 0.7171717171709712 0 0
80 0.727272727272008 0 0
81 0.7373737373730447 0 0
82 0.7474747474740815 0 0
83 0.7575757575751182 0 0
84 0.767676767676155 0 0
85 0.7777777777771917 0 0
86 0.7878787878782285 0 0
87 0.7979797979792652 0 0
88 0.8080808080803019 0 0
89 0.8181818181813386 0 0
90 0.8282828282823754 0 0
91 0.8383838383834121 0 0
92 0.8484848484844489 0 0
93 0.8585858585854856 0 0
94 0.8686868686865225 0 0
95 0.8787878787875592 0 0
96 0.888888888888596 0 0
97 0.8989898989896327 0 0
98 0.9090909090906695 0 0
99 0.9191919191917061 0 0
100 0.9292929292927429 0 0
101 0.9393939393937796 0 0
102 0.9494949494948164 0 0
103 0.9595959595958531 0 0
104 0.9696969696968899 0 0
105 0.9797979797979266 0 0
106 0.9898989898989634 0 0
107 1 0.01190476190473943 0
108 1 0.02380952380947898 0
109 1 0.03571428571421677 0
110 1 0.04761904761895251 0
111 1 0.05952380952368881 0
112 1 0.07142857142842962 0
113 1 0.08333333333317335 0
114 1 0.09523809523791707 0
115 1 0.1071428571426608 0
116 1 0.1190476190474038 0
117 1 0.1309523809521393 0
118 1 0.1428571428568671 0
119 1 0.1547619047615943 0
120 1 0.1666666666663215 0
121 1 0.1785714285710487 0
122 1 0.1904761904757759 0
123 1 0.202380952380503 0
124 1 0.2142857142852302 0
125 1 0.2261904761899574 0
126 1 0.2380952380946846 0
127 1 0.2499999999994118 0
128 1 0.261904761904139 0
129 1 0.2738095238088661 0
130 1 0.2857142857135933 0
131 1 0.2976190476183205 0
132 1 0.3095238095230477 0
133 1 0.3214285714277749 0
134 1 0.333333333332502 0
135 1 0.3452380952372292 0
136 1 0.3571428571419564 0
137 1 0.3690476190466836 0
138 1 0.3809523809514108 0
139 1 0.3928571428561379 0
140 1 0.4047619047608651 0
141 1 0.4166666666655923 0
142 1 0.4285714285703195 0
143 1 0.4404761904750467 0
144 1 0.4523809523797739 0
145 1 0.464285714284501 0
146 1 0.4761904761892283 0
147 1 0.4880952380939554 0
148 1 0.4999999999986934 0
149 1 0.5119047619034759 0
150 1 0.5238095238082692 0
151 1 0.5357142857130623 0
152 1 0.5476190476178556 0
153 1 0.5595238095226489 0
154 1 0.5714285714274422 0
155 1 0.5833333333322355 0
156 1 0.5952380952370288 0
157 1 0.607142857141822 0
158 1 0.6190476190466153 0
159 1 0.6309523809514086 0
160 1 0.6428571428562019 0
161 1 0.6547619047609952 0
162 1 0.6666666666657884 0
163 1 0.6785714285705817 0
164 1 0.6904761904753749 0
165 1 0.7023809523801682 0
166 1 0.7142857142849615 0
167 1 0.7261904761897547 0
168 1 0.738095238094548 0
169 1 0.7499999999993413 0
170 1 0.7619047619041346 0
171 1 0.7738095238089278 0
172 1 0.785714285713721 0
173 1 0.7976190476185143 0
174 1 0.8095238095233076 0
175 1 0.8214285714281009 0
176 1 0.8333333333328942 0
177 1 0.8452380952376874 0
178 1 0.8571428571424807 0
179 1 0.8690476190472739 0
180 1 0.8809523809520672 0
181 1 0.8928571428568605 0
182 1 0.9047619047616537 0
183 1 0.916666666666447 0
184 1 0.9285714285712403 0
185 1 0.9404761904760336 0
186 1 0.9523809523808269 0
187 1 0.9642857142856202 0
188 1 0.9761904761904134 0
189 1 0.9880952380952067 0
190 0.9880952380951885 1 0
191 0.976190476190377 1 0
192 0.9642857142855655 1 0
193 0.952380952380754 1 0
194 0.9404761904759426 1 0
195 0.9285714285711311 1 0
196 0.9166666666663197 1 0
197 0.9047619047615082 1 0
198 0.8928571428566967 1 0
199 0.8809523809518904 1 0
200 0.869047619047145 1 0
201 0.8571428571424605 1 0
202 0.8452380952377813 1 0
203 0.833333333333102 1 0
204 0.8214285714284226 1 0
205 0.8095238095237434 1 0
206 0.7976190476190641 1 0
207 0.7857142857143848 1 0
208 0.7738095238097055 1 0
209 0.7619047619050262 1 0
210 0.7500000000003469 1 0
211 0.7380952380956676 1 0
212 0.7261904761909883 1 0
213 0.714285714286309 1 0
214 0.7023809523816298 1 0
215 0.6904761904769505 1 0
216 0.6785714285722713 1 0
217 0.6666666666675919 1 0
218 0.6547619047629126 1 0
219 0.6428571428582333 1 0
220 0.630952380953554 1 0
221 0.6190476190488747 1 0
222 0.6071428571441955 1 0
223 0.5952380952395161 1 0
224 0.5833333333348368 1 0
225 0.5714285714301575 1 0
226 0.5595238095254782 1 0
227 0.5476190476207989 1 0
228 0.5357142857161197 1 0
229 0.5238095238114404 1 0
230 0.5119047619067612 1 0
231 0.50000000000206 1 0
232 0.4880952380972703 1 0
233 0.4761904761924587 1 0
234 0.4642857142876473 1 0
235 0.4523809523828358 1 0
236 0.4404761904780243 1 0
237 0.428571428573213 1 0
238 0.4166666666684015 1 0
239 0.40476190476359 1 0
240 0.3928571428587785 1 0
241 0.3809523809539671 1 0
242 0.3690476190491556 1 0
243 0.3571428571443441 1 0
244 0.3452380952395326 1 0
245 0.3333333333347211 1 0
246 0.3214285714299097 1 0
247 0.3095238095250983 1 0
248 0.2976190476202868 1 0
249 0.2857142857154753 1 0
250 0.2738095238106638 1 0
251 0.2619047619058524 1 0
252 0.2500000000010408 1 0
253 0.2380952380962295 1 0
254 0.2261904761914179 1 0
255 0.2142857142866065 1 0
256 0.202380952381795 1 0
257 0.1904761904769835 1 0
258 0.178571428572172 1 0
259 0.1666666666673606 1 0
260 0.1547619047625491 1 0
261 0.1428571428577377 1 0
262 0.1309523809529262 1 0
263 0.1190476190481148 1 0
264 0.1071428571433033 1 0
265 0.09523809523849169 1 0
266 0.0833333333336802 1 0
267 0.07142857142886894 1 0
268 0.05952380952405734 1 0
269 0.04761904761924585 1 0
270 0.03571428571443458 1 0
271 0.02380952380962298 1 0
272 0.01190476190481149 1 0
273 0 0.9880952380951885 0
274 0 0.976190476190377 0
275 0 0.9642857142855655 0
276 0 0.952380952380754 0
277 0 0.9404761904759426 0
278 0 0.9285714285711311 0
279 0 0.9166666666663197 0
280 0 0.9047619047615082 0
281 0 0.8928571428566967 0
282 0 0.8809523809518904 0
283 0 0.869047619047145 0
284 0 0.8571428571424605 0
285 0 0.8452380952377813 0
286 0 0.833333333333102 0
287 0 0.8214285714284226 0
288 0 0.8095238095237434 0
289 0 0.7976190476190641 0
290 0 0.7857142857143848 0
291 0 0.7738095238097055 0
292 0 0.7619047619050262 0
293 0 0.7500000000003469 0
294 0 0.7380952380956676 0
295 0 0.7261904761909883 0
296 0 0.714285714286309 0
297 0 0.7023809523816298 0
298 0 0.6904761904769505 0
299 0 0.6785714285722713 0
300 0 0.6666666666675919 0
301 0 0.6547619047629126 0
302 0 0.6428571428582333 0
303 0 0.630952380953554 0
304 0 0.6190476190488747 0
305 0 0.6071428571441955 0
306 0 0.5952380952395161 0
307 0 0.5833333333348368 0
308 0 0.5714285714301575 0
309 0 0.5595238095254782 0
310 0 0.5476190476207989 0
311 0 0.5357142857161197 0
312 0 0.5238095238114404 0
313 0 0.5119047619067612 0
314 0 0.50000000000206 0
315 0 0.4880952380972703 0
316 0 0.4761904761924587 0
317 0 0.4642857142876473 0
318 0 0.4523809523828358 0
319 0 0.4404761904780243 0
320 0 0.428571428573213 0
321 0 0.4166666666684015 0
322 0 0.40476190476359 0
323 0 0.3928571428587785 0
324 0 0.3809523809539671 0
325 0 0.3690476190491556 0
326 0 0.3571428571443441 0
327 0 0.3452380952395326 0
328 0 0.3333333333347211 0
329 0 0.3214285714299097 0
330 0 0.3095238095250983 0
331 0 0.2976190476202868 0
332 0 0.2857142857154753 0
333 0 0.2738095238106638 0
334 0 0.2619047619058524 0
335 0 0.2500000000010408 0
336 0 0.2380952380962295 0
337 0 0.2261904761914179 0
338 0 0.2142857142866065 0
339 0 0.202380952381795 0
340 0 0.1904761904769835 0
341 0 0.178571428572172 0
342 0 0.1666666666673606 0
343 0 0.1547619047625491 0
344 0 0.1428571428577377 0
345 0 0.1309523809529262 0
346 0 0.1190476190481148 0
347 0 0.1071428571433033 0
348 0 0.09523809523849169 0
349 0 0.0833333333336802 0
350 0 0.07142857142886894 0
351 0 0.05952380952405734 0
352 0 0.04761904761924585 0
353 0 0.03571428571443458 0
354 0 0.02380952380962298 0
355 0 0.01190476190481149 0
356 0.310256410256393 0.4 0
357 0.3205128205127799 0.4 0
358 0.3307692307691807 0.4 0
359 0.3410256410255937 0.4 0
360 0.3512820512819823 0.4 0
361 0.3615384615383613 0.4 0
362 0.3717948717947405 0.4 0
363 0.3820512820511195 0.4 0
364 0.3923076923074986 0.4 0
365 0.4025641025638778 0.4 0
366 0.4128205128202568 0.4 0
367 0.423076923076636 0.4 0
368 0.4333333333330151 0.4 0
369 0.4435897435893942 0.4 0
370 0.4538461538457734 0.4 0
371 0.4641025641021525 0.4 0
372 0.4743589743585316 0.4 0
373 0.4846153846149107 0.4 0
374 0.4948717948712898 0.4 0
375 0.5051282051277124 0.4 0
376 0.5153846153841548 0.4 0
377 0.5256410256405835 0.4 0
378 0.5358974358970232 0.4 0
379 0.5461538461534624 0.4 0
380 0.5564102564098694 0.4 0
381 0.566666666666334 0.4 0
382 0.5769230769227616 0.4 0
383 0.5871794871791791 0.4 0
384 0.5974358974356448 0.4 0
385 0.6076923076920657 0.4 0
386 0.6179487179484898 0.4 0
387 0.6282051282049557 0.4 0
388 0.6384615384613849 0.4 0
389 0.6487179487178134 0.4 0
390 0.6589743589742638 0.4 0
391 0.6692307692306924 0.4 0
392 0.679487179487121 0.4 0
393 0.6897435897435713 0.4 0
394 0.7 0.411764705882316 0
395 0.7 0.4235294117646542 0
396 0.7 0.4352941176469912 0
397 0.7 0.4470588235293071 0
398 0.7 0.4588235294116231 0
399 0.7 0.4705882352939391 0
400 0.7 0.482352941176255 0
401 0.7 0.4941176470585844 0
402 0.7 0.5058823529409303 0
403 0.7 0.5176470588233331 0
404 0.7 0.5294117647057102 0
405 0.7 0.541176470588095 0
406 0.7 0.5529411764704735 0
407 0.7 0.564705882352857 0
408 0.7 0.5764705882352368 0
409 0.7 0.5882352941176191 0
410 0.6882352941176808 0.6 0
411 0.6764705882353617 0.6 0
412 0.6647058823530145 0.6 0
413 0.6529411764706801 0.6 0
414 0.6411764705883609 0.6 0
415 0.6294117647060418 0.6 0
416 0.6176470588237226 0.6 0
417 0.6058823529414035 0.6 0
418 0.5941176470590843 0.6 0
419 0.5823529411767652 0.6 0
420 0.570588235294446 0.6 0
421 0.5588235294121269 0.6 0
422 0.5470588235298077 0.6 0
423 0.5352941176474886 0.6 0
424 0.5235294117651694 0.6 0
425 0.5117647058828503 0.6 0
426 0.5000000000005311 0.6 0
427 0.4882352941181603 0.6 0
428 0.4764705882357729 0.6 0
429 0.464705882353383 0.6 0
430 0.452941176471004 0.6 0
431 0.441176470588623 0.6 0
432 0.4294117647062305 0.6 0
433 0.417647058823845 0.6 0
434 0.405882352941466 0.6 0
435 0.3941176470590856 0.6 0
436 0.3823529411766931 0.6 0
437 0.3705882352943071 0.6 0
438 0.358823529411928 0.6 0
439 0.3470588235295374 0.6 0
440 0.3352941176471481 0.6 0
441 0.3235294117647691 0.6 0
442 0.3117647058823899 0.6 0
443 0.3 0.5882352941176127 0
444 0.3 0.5764705882352469 0
445 0.3 0.5647058823529246 0
446 0.3 0.5529411764706023 0
447 0.3 0.54117647058828 0
448 0.3 0.5294117647059576 0
449 0.3 0.5176470588236787 0
450 0.3 0.5058823529414431 0
451 0.3 0.4941176470591124 0
452 0.3 0.4823529411767193 0
453 0.3 0.470588235294337 0
454 0.3 0.4588235294119369 0
455 0.3 0.4470588235295616 0
456 0.3 0.4352941176471621 0
457 0.3 0.4235294117647862 0
458 0.3 0.4117647058823873 0
459 0.2172153379255033 0.007947852182954322 0
460 0.7827846330873812 0.007947782714645586 0
461 0.276671597205796 0.008174933395883774 0
462 0.723097930474524 0.008288785944143283 0
463 0.5014474372594866 0.009332596350748981 0
464 0.44039782166581 0.009376399864551486 0
465 0.5615821666596938 0.008565512814641078 0
466 0.3786432251130483 0.008748034788982458 0
467 0.6217580771694255 0.008872097878135839 0
468 0.3259225214745009 0.3901788469879282 0
469 0.6755319846561677 0.391418905138933 0
470 0.4688932809091648 0.3907526545586208 0
471 0.5298088203401018 0.3911906831817893 0
472 0.4084403884560313 0.3911629025747019 0
473 0.5919487820286876 0.3911831901704659 0
474 0.9901220422777717 0.2195837167454765 0
475 0.01027785317505728 0.2212357701779495 0
476 0.779762850020268 0.9896915177179416 0
477 0.2202368629511547 0.9896907835438917 0
478 0.01089588416974794 0.7777785517584095 0
479 0.9896915988023776 0.7797637608480741 0
480 0.5070528739754854 0.6105622856305521 0
481 0.4352947932937196 0.6091716152653965 0
482 0.5765542729311154 0.610516024755532 0
483 0.3669174635191324 0.6109392819026787 0
484 0.6459630710160342 0.6105807200306334 0
485 0.2909733385412344 0.9897055562248158 0
486 0.7076575882048355 0.9897381499039688 0
487 0.4702315563401597 0.9896759041529262 0
488 0.5416628140944653 0.9896765593113496 0
489 0.3988081422747212 0.9896908323522716 0
490 0.6130970900557732 0.9896914458841255 0
491 0.9885615811029647 0.2796930039664446 0
492 0.009588503578711039 0.2797711138235207 0
493 0.3058830616269003 0.6101900006972872 0
494 0.671717171716306 0.008747731351381001 0
495 0.8333333333328938 0.008747731351381001 0
496 0.1666666666663209 0.008747731351332423 0
497 0.3283946518795977 0.008236221309396989 0
498 0.9894225382903802 0.7211144755825558 0
499 0.01030982623545746 0.7202380952386488 0
500 0.9898613854330032 0.3402880452684059 0
501 0.01170146225694064 0.339873487114237 0
502 0.8392857142854417 0.9896901737645425 0
503 0.01062772598823008 0.8374018375063196 0
504 0.009367362791039753 0.1621114931970187 0
505 0.9898738559091959 0.1607888828095316 0
506 0.2941143965116114 0.6101903415964848 0
507 0.2995919790656099 0.6201479109475154 0
508 0.7093690031957962 0.405693835041021 0
509 0.7100217660044941 0.3950884275006855 0
510 0.2904625990231306 0.4061628918120831 0
511 0.2900901093891578 0.3956733758790031 0
512 0.9896901737644438 0.6607142857133917 0
513 0.2881585142624722 0.620344400542115 0
514 0.2936273059150143 0.6303000287741387 0
515 0.7186936737717997 0.4002475090431921 0
516 0.718926558177071 0.3899160666918626 0
517 0.2812646755534267 0.4004799175318272 0
518 0.281207913161193 0.3897935680594813 0
519 0.009719791616553279 0.4699443661348771 0
520 0.9899806371759118 0.4698055867413977 0
521 0.2822443784304028 0.6305278492812615 0
522 0.2877130143994212 0.6404871675037747 0
523 0.7278911135975803 0.3950221880275214 0
524 0.7280480204953643 0.384672314996378 0
525 0.2721415132397242 0.3950101141795684 0
526 0.2721206313714394 0.3844044671463583 0
527 0.710189712947787 0.5941171419550589 0
528 0.7101738415749091 0.6058946795997987 0
529 0.2898114658378567 0.5588235294117635 0
530 0.7099870272738216 0.5361001258821688 0
531 0.1602592845310419 0.9898200623206093 0
532 0.9896787845598185 0.8392790406450863 0
533 0.2763438802673841 0.640725481257885 0
534 0.281816809953163 0.6506909028665422 0
535 0.2906859806825438 0.4999908651669409 0
536 0.7370546332156024 0.3897562633550039 0
537 0.7371831978066081 0.3793852962806754 0
538 0.2629671146160555 0.3897301128179616 0
539 0.2627691920750121 0.3794718598698963 0
540 0.009863740895323714 0.5297588873535765 0
541 0.9914920326048391 0.5633405113623615 0
542 0.270444854124374 0.6509308203334946 0
543 0.276338887804936 0.6611423232744217 0
544 0.7203805285574763 0.6000011199725943 0
545 0.7203086130611911 0.6118987143564532 0
546 0.008912789034827371 0.5891347672560248 0
547 0.2646137264452195 0.6611825307246559 0
548 0.2705234029955494 0.6714053039423149 0
549 0.7463546046923298 0.3846929940173984 0
550 0.7463710882783318 0.3741106993763638 0
551 0.2537557899448905 0.3845034593370901 0
552 0.2535600324066951 0.3742291008482504 0
553 0.2587370884868313 0.6714133431701947 0
554 0.2646422856496582 0.6816360856486954 0
555 0.2576521814172997 0.6499064839040278 0
556 0.730572153715028 0.6059043513325018 0
557 0.7303558754264348 0.6180458337358743 0
558 0.2764449098185865 0.6816348203977518 0
559 0.2705507418232974 0.6918610158100643 0
560 0.2823569306177333 0.6918591457039446 0
561 0.2764550748082068 0.7020859745726062 0
562 0.288265928657564 0.7020840290029375 0
563 0.2823611769133738 0.7123099263677336 0
564 0.2941724598242886 0.7123091089863784 0
565 0.2705483068393435 0.7123152833882935 0
566 0.2764716191888392 0.7225416808790255 0
567 0.2646409502509285 0.7225476190821385 0
568 0.2705682657008727 0.7327831530636015 0
569 0.2591497096039082 0.7330275274991843 0
570 0.7555813301115595 0.3794368277885092 0
571 0.755715988684913 0.368579927929817 0
572 0.7463899742382312 0.3634608333914334 0
573 0.7556592708317673 0.3577995288566774 0
574 0.7463767536858504 0.352815784851758 0
575 0.755535723821827 0.3475700281077097 0
576 0.7463408801480125 0.3422649599230836 0
577 0.7554720675922069 0.3369501929425763 0
578 0.7463093027624859 0.3316614867295706 0
579 0.7554658390204123 0.3263368199270963 0
580 0.7462931399792287 0.3210547325361738 0
581 0.7554222584632877 0.315726750869164 0
582 0.7464882145933012 0.3104396718095349 0
583 0.7554346388133395 0.3051178565354831 0
584 0.7463773580905261 0.2998320098956927 0
585 0.7554076920630627 0.2945130061378418 0
586 0.746482260043426 0.2892393776756538 0
587 0.7553890808948084 0.2839281438388317 0
588 0.7462660955299901 0.2786630170550203 0
589 0.7553351697185212 0.2733581808978545 0
590 0.7462105928721765 0.2680954931430607 0
591 0.7553124342474694 0.2628014359981458 0
592 0.7461864118683954 0.2575496962794968 0
593 0.7552610960491215 0.2522668966509027 0
594 0.7463752136864574 0.246663075755495 0
595 0.7371054806890852 0.2522402498075665 0
596 0.7555236682206179 0.2409432791353405 0
597 0.7375015214488401 0.2410191882346674 0
598 0.7280447502332736 0.2469496984820671 0
599 0.7281535915856013 0.236234234896012 0
600 0.7189323778894592 0.2417853629651048 0
601 0.7191189734459895 0.2309656937674819 0
602 0.7098883582866737 0.2365445233789247 0
603 0.7100712359850362 0.2257565028414824 0
604 0.700853905003503 0.2313355581098669 0
605 0.7007470338933409 0.2210812674721036 0
606 0.6917852060947947 0.226225566573053 0
607 0.244422364496304 0.3794305781144836 0
608 0.2444512092594989 0.3688313300070077 0
609 0.2534394172204766 0.3636413632058393 0
610 0.2444705620983843 0.3582032298956432 0
611 0.2535087988009056 0.3528964892298768 0
612 0.2444849835992189 0.3475723907908806 0
613 0.2536434071502313 0.3422858558611291 0
614 0.2445304145662948 0.336954072763446 0
615 0.2536905805653846 0.3316769540283881 0
616 0.2445370966494224 0.3263376651200526 0
617 0.2537117774263111 0.3210637854372325 0
618 0.244588284098693 0.3157284195405132 0
619 0.2536529725334219 0.3104417075057979 0
620 0.244592814810326 0.3051184784115004 0
621 0.2537040958544357 0.2998322393763039 0
622 0.2445979534054604 0.2945130452463207 0
623 0.2536784527431291 0.2892396123165912 0
624 0.244640016509114 0.2839281933282806 0
625 0.2537028303173943 0.2786629533941362 0
626 0.2446660267385962 0.2733581834542242 0
627 0.2537197490456164 0.2680987780573454 0
628 0.2446857117324124 0.2628015822712991 0
629 0.2537997001659923 0.257553674258552 0
630 0.2447390422383507 0.2522675931186417 0
631 0.2536701075345295 0.2466903751847839 0
632 0.2628977889049021 0.2522488688234427 0
633 0.2445443990231461 0.2410099616900821 0
634 0.2625730414569363 0.2410492337776846 0
635 0.2719557527381485 0.2469308299017587 0
636 0.2717968372774068 0.2360939559377163 0
637 0.281046974971058 0.24173352570189 0
638 0.2808498981084686 0.2308996665319313 0
639 0.290104247662218 0.236527680780649 0
640 0.2899029181993757 0.225708683337225 0
641 0.2991417903213116 0.2313279133830584 0
642 0.2991613431467421 0.2208607891970105 0
643 0.3082057165264391 0.2261984032127431 0
644 0.7407531624557545 0.6118361906863005 0
645 0.7406006244720885 0.6238632923627657 0
646 0.3079452408779986 0.2152979223437589 0
647 0.3171727578928334 0.2209484533589653 0
648 0.6913092363988935 0.2160051059967839 0
649 0.6827007734499695 0.2210708457538391 0
650 0.2893912030693442 0.2143423265807454 0
651 0.7093582616600204 0.2152500853230559 0
652 0.2647136971355529 0.7430659250319842 0
653 0.2533148404868837 0.7433834177531701 0
654 0.3169068692252909 0.210103811832788 0
655 0.3261523670199267 0.2157580662658193 0
656 0.6823050188264144 0.2106962737393749 0
657 0.6736936701200605 0.215876924132016 0
658 0.009156375275301474 0.6600644591117977 0
659 0.7509582474465091 0.6177215313205418 0
660 0.7509302885635064 0.629469346578858 0
661 0.7406651023490658 0.6357427056721142 0
662 0.751039632979607 0.6411849950545674 0
663 0.7407896496732078 0.647173650197164 0
664 0.7511024116810174 0.6529447992377918 0
665 0.7406690248079532 0.6589299484853259 0
666 0.7509696345865395 0.6647775540620786 0
667 0.7404992738006505 0.6707371378916815 0
668 0.7510111637574669 0.6765122968498469 0
669 0.7405983888118406 0.682519650529069 0
670 0.7510562035593007 0.6883389492665715 0
671 0.7406470579190951 0.6943198500031437 0
672 0.7511086284763039 0.7002258049236773 0
673 0.7406609862600571 0.7061433557142358 0
674 0.7511198511584536 0.7120544101222852 0
675 0.7406645506125988 0.717967965633852 0
676 0.7509864657860524 0.7238747791597039 0
677 0.7405456866699277 0.7297929645252413 0
678 0.7509559195555737 0.7356822785128149 0
679 0.7406122437803845 0.7416096282783367 0
680 0.750985363951721 0.7475203943677453 0
681 0.7407202596178541 0.7534330903407912 0
682 0.7303121848081997 0.7474856221551447 0
683 0.7304596517287636 0.7593340296332487 0
684 0.7201484849409046 0.7533849171268499 0
685 0.7509811604313908 0.7593494761283829 0
686 0.720225139663121 0.7652426971169473 0
687 0.7100090471437357 0.7593382936002167 0
688 0.7641848525829791 0.2464644392928435 0
689 0.7643928031190923 0.2358521252635599 0
690 0.2358390494876807 0.2464588079587833 0
691 0.2356354029250421 0.2358977966842846 0
692 0.7649917932734231 0.3738518953368869 0
693 0.7648536144524429 0.3847851891378916 0
694 0.2351823873081799 0.3738666862079066 0
695 0.8846665264789635 0.00832195280092277 0
696 0.1153334738857639 0.008321952827264275 0
697 0.2352775253944661 0.3100502928592419 0
698 0.7646658786422176 0.3104017074376667 0
699 0.3259441955813823 0.2049922876363343 0
700 0.3351546329134778 0.2105858753694936 0
701 0.6736696435919929 0.2055056902142759 0
702 0.664783847580241 0.210696515718312 0
703 0.2588243663780473 0.753337168462328 0
704 0.2469963079931926 0.7534099319994583 0
705 0.7100410826364093 0.7710974234327984 0
706 0.6997659220882129 0.765238862336977 0
707 0.01030595393731765 0.410745402978559 0
708 0.7742945707348189 0.3792330164759775 0
709 0.7741613033418864 0.3902050810525663 0
710 0.3349388308432754 0.1998422042340652 0
711 0.3441401096418488 0.2054166794038707 0
712 0.6647566680479878 0.2003407027536043 0
713 0.6558128135509459 0.2055324388986024 0
714 0.7732706089202864 0.2411286464185792 0
715 0.7734586863606634 0.2309250733072047 0
716 0.2267478482959435 0.241118449503034 0
717 0.226549090849484 0.2309309857249403 0
718 0.7611657526634387 0.6235210170200716 0
719 0.6997511479745658 0.7770605931316267 0
720 0.6895111673772496 0.7711580597590171 0
721 0.7616471108236245 0.6941004098249165 0
722 0.7612367788042529 0.7534246684106201 0
723 0.7612308028680751 0.7652654333681107 0
724 0.3441462302178784 0.1950445307345957 0
725 0.353141800032266 0.2003410140661052 0
726 0.6556507440641334 0.1954296617853537 0
727 0.6468206545614119 0.2004157257560287 0
728 0.2528472328422547 0.76355378635933 0
729 0.264669865579735 0.7635338354124608 0
730 0.2409802521751679 0.763520865460806 0
731 0.2350779033420104 0.7533611656669141 0
732 0.22914487456309 0.7635372777804841 0
733 0.2232250709443504 0.7532837921781292 0
734 0.7836867052842942 0.3846271933157538 0
735 0.7835563450966909 0.3956827456779342 0
736 0.3530097138095082 0.1897777220927376 0
737 0.3617810266636188 0.1947186504089432 0
738 0.3620588350775116 0.2054538644909214 0
739 0.3710019996575784 0.2003007310237085 0
740 0.370225831950284 0.1886212903566379 0
741 0.3796981764337799 0.1945593026821981 0
742 0.3799522002379053 0.2054516341509352 0
743 0.3889024133372028 0.2003004188413629 0
744 0.6466484980418126 0.1903250577641054 0
745 0.6378414917304491 0.1952768139662853 0
746 0.6378935582090602 0.2055678293645 0
747 0.628926046543676 0.2004166534313678 0
748 0.6289026721167112 0.1900817326019291 0
749 0.6202790276433787 0.1957934342866358 0
750 0.6200391892362014 0.2056802891339872 0
751 0.6114014602941518 0.2010764920230225 0
752 0.6113364675522933 0.2108908305014396 0
753 0.601055056535868 0.2069019772409345 0
754 0.6031616768628029 0.1948701715789468 0
755 0.5929259800478266 0.2002220423846666 0
756 0.3889357336394542 0.2107250424681154 0
757 0.5930635628885201 0.1901292653226951 0
758 0.3343776717992835 0.1885390890476797 0
759 0.664745303330777 0.1899885749047951 0
760 0.5841505145130804 0.1952769107291321 0
761 0.5836479613407738 0.2044091350703232 0
762 0.3886179835773222 0.1896899220917771 0
763 0.782630789141658 0.2362634107281359 0
764 0.7826409088590882 0.2257256355777973 0
765 0.217373582777102 0.2362626966439835 0
766 0.2173611159958271 0.2257265019669367 0
767 0.2173024096625488 0.7635281451276266 0
768 0.6894358595174013 0.7829926430980196 0
769 0.679248784994229 0.7770756085418205 0
770 0.2351779467150962 0.3848064096548948 0
771 0.225866094704496 0.3794718610389081 0
772 0.2258584104561417 0.3902634416309682 0
773 0.2164069355272536 0.3847995280869677 0
774 0.2165105970298452 0.3956547076209967 0
775 0.5841596178186674 0.1849957400594559 0
776 0.2587427646357804 0.7737775032518678 0
777 0.2705766231967205 0.7737703983892266 0
778 0.7714847564628056 0.7593451322525573 0
779 0.7714800083692364 0.7711856361390217 0
780 0.7931236490136591 0.3901096530212808 0
781 0.792987190869289 0.4011597670944886 0
782 0.2113804757709645 0.7532676682163586 0
783 0.9899441760942653 0.5172516785100176 0
784 0.9896901737644438 0.6130952380942188 0
785 0.3507768730597514 0.9896592184004185 0
786 0.6792436723395658 0.7889110552880658 0
787 0.6690071951643504 0.7829911191940585 0
788 0.8869047650443256 0.9901788815406896 0
789 0.009798084690815629 0.8860054702559093 0
790 0.5752445680009231 0.1901680726245036 0
791 0.5752310479918253 0.1798648680061702 0
792 0.6890868312709764 0.7942741601580665 0
793 0.7918576775435128 0.2310689147885488 0
794 0.7918376397982305 0.2204267110153553 0
795 0.2081426998822926 0.2310627395580339 0
796 0.2081624644241436 0.2204264806931476 0
797 0.2054585995207967 0.7635238712202429 0
798 0.2113812356976332 0.7737829159933024 0
799 0.6333333333331703 0.3911176881662973 0
800 0.3667200303357722 0.3913772434038361 0
801 0.2069443742612485 0.3902189146126396 0
802 0.2072825341525665 0.401142688168731 0
803 0.010038901375479 0.1137182342806359 0
804 0.9899599529946184 0.1136984637314756 0
805 0.2646569635687062 0.7840220886484444 0
806 0.2764942775576067 0.7840173494276599 0
807 0.7817392507094892 0.765261764473221 0
808 0.7817325342438856 0.7771072376376053 0
809 0.6690032529655331 0.7948274298393547 0
810 0.6587528812932861 0.7889028000041987 0
811 0.8026403385670179 0.3955781810934589 0
812 0.8023263691607379 0.4066931745441669 0
813 0.3978942761721589 0.205591088007103 0
814 0.3978817572672503 0.2159364840459745 0
815 0.1995334879510816 0.7737837736301009 0
816 0.205459203058405 0.7840454217393422 0
817 0.1995360457687546 0.753265605633734 0
818 0.8010932012817751 0.2257534195014227 0
819 0.8010592834142528 0.2150566854313799 0
820 0.1989068789899722 0.2257523501855572 0
821 0.1989407165859164 0.215056685431697 0
822 0.6587521372381759 0.8007438873668483 0
823 0.6484986297415315 0.7948179420780743 0
824 0.7919911910855656 0.7711847320438011 0
825 0.7919875024629655 0.7830314998282251 0
826 0.1975300017302136 0.3957509814824712 0
827 0.1977845943514706 0.4067693587806881 0
828 0.2705751855247723 0.794273578510893 0
829 0.2824232665269171 0.7942704649479181 0
830 0.8121011499191571 0.4012233091780214 0
831 0.8118899293899944 0.4123506194201902 0
832 0.5663179621073857 0.1850356873826545 0
833 0.566302696663654 0.1747305553018419 0
834 0.5752108035515873 0.1695658360723926 0
835 0.5659823368862101 0.1649625454886186 0
836 0.6484976861552894 0.8066611889720964 0
837 0.6382464152775796 0.800737633786552 0
838 0.3173116359889581 0.231309753491798 0
839 0.6827858045595807 0.2314280333914774 0
840 0.1936075395818362 0.7840465281901645 0
841 0.199534841103793 0.7943118879255298 0
842 0.1122412756219874 0.9896426054028995 0
843 0.9896810467314445 0.8869009810965204 0
844 0.6382441401272978 0.788895314150211 0
845 0.627990473560236 0.7948128772028895 0
846 0.627990251910396 0.8066540069366797 0
847 0.6177369610467203 0.8007294668825848 0
848 0.6177339549912499 0.8125712716229426 0
849 0.6074818125380512 0.8066455110406562 0
850 0.6074858138798958 0.7948050673004678 0
851 0.5972308664972652 0.800719788292435 0
852 0.5972370577241993 0.7888806993639561 0
853 0.5869812295568273 0.794794951624433 0
854 0.5869754438738062 0.806632257939581 0
855 0.5767252076849193 0.8007070692056832 0
856 0.5767320105428753 0.7888698240099591 0
857 0.5664760858264004 0.79478120825662 0
858 0.5664696506061642 0.8066210196169209 0
859 0.5562181589757389 0.800693356208941 0
860 0.5562109013799603 0.8125359136511606 0
861 0.5459581481203846 0.8066063239078393 0
862 0.5459677369927831 0.794765481370479 0
863 0.5357083347952687 0.8006772391368805 0
864 0.5357176528514513 0.7888380377579443 0
865 0.5254595974152954 0.7947491664199486 0
866 0.5254502620390511 0.8065866272604927 0
867 0.515200932924316 0.8006590252686585 0
868 0.5152150557632096 0.7888202852249068 0
869 0.5049534940908864 0.7947297109527131 0
870 0.5049415303333993 0.8065687914161691 0
871 0.494693404301935 0.8006384775637974 0
872 0.4947126246909297 0.7887982873236774 0
873 0.4844475715689083 0.7947078584960831 0
874 0.4844326361546274 0.8065474084940352 0
875 0.5573316739413031 0.1696847041595816 0
876 0.4741857763105702 0.8006148192581045 0
877 0.4741691178796946 0.8124561458286002 0
878 0.8104078444455004 0.2202946607120442 0
879 0.810347851027388 0.2095344088187247 0
880 0.8010374458154162 0.2043456460562197 0
881 0.8102472755295367 0.1989461926776283 0
882 0.8009939409967944 0.1936883320346952 0
883 0.8101880361600495 0.1883160840988102 0
884 0.8009517897179229 0.1830460619931522 0
885 0.810123969694209 0.1776912680910466 0
886 0.8009148888430065 0.1724369935510555 0
887 0.8100599096932958 0.167093042801649 0
888 0.1896379294364849 0.2203751537909434 0
889 0.1899053249344427 0.2096675346658123 0
890 0.1990209910609445 0.2043750847247734 0
891 0.1900148596303004 0.1989852344001738 0
892 0.1990757285586013 0.1937069964605412 0
893 0.1898672646259529 0.1883257017904406 0
894 0.199066726919808 0.1830554727304747 0
895 0.1898883332098811 0.1776944394961154 0
896 0.1990902471743589 0.172439091557567 0
897 0.1899429967937531 0.1670939210371682 0
898 0.4742002503323975 0.7887767194954916 0
899 0.1991249767705312 0.1618414728708306 0
900 0.8008723330201925 0.1618410363378408 0
901 0.1876795618797308 0.7943125647769638 0
902 0.5570035908660139 0.1599374334541128 0
903 0.1936086895130136 0.8045811660901286 0
904 0.8022448055584542 0.7771099703029354 0
905 0.8022447649987158 0.7889573705915746 0
906 0.57428850681309 0.1582284599769493 0
907 0.1812598393379921 0.1939703276725228 0
908 0.8194534707341328 0.193590982363512 0
909 0.1880104215274544 0.4012740977816245 0
910 0.1880112081908144 0.4123282671253812 0
911 0.2764981591663798 0.8045302608659497 0
912 0.2883477811896653 0.8045273453703029 0
913 0.8216892129102092 0.4068154535900425 0
914 0.8216878910732968 0.4179478589720683 0
915 0.8217164092409597 0.3956905094020609 0
916 0.5483987911172081 0.1645828700312775 0
917 0.6607090863684287 0.9896867906957302 0
918 0.1817497262336457 0.8045817700133076 0
919 0.5483803517186768 0.1543078880852577 0
920 0.17580762841733 0.7942924796893043 0
921 0.1900028355044961 0.156519667692553 0
922 0.8099971902430193 0.1565195111721857 0
923 0.5395349906768729 0.1593754185923298 0
924 0.791982645112316 0.7948805268113528 0
925 0.8022457509003909 0.8008084006098386 0
926 0.7919779586832105 0.8067335290064155 0
927 0.8022438362455576 0.8126629187391201 0
928 0.7919752171094162 0.8185884573981221 0
929 0.8125129196048744 0.8067360016946417 0
930 0.812511545984516 0.8185938931601735 0
931 0.1876804218590235 0.8148529116932434 0
932 0.1758181673581312 0.8148539864194593 0
933 0.1879695511695459 0.3902483192528602 0
934 0.1783953968206177 0.3957570219212204 0
935 0.1784277569897373 0.384622086741931 0
936 0.8103892527845544 0.2311086596902278 0
937 0.1896184161282766 0.2311214717386523 0
938 0.4639402462666334 0.7946819678712409 0
939 0.463954857388564 0.7828450312641904 0
940 0.1991545465551475 0.1512845623151941 0
941 0.8008429196234363 0.1512808605942445 0
942 0.8313622914752503 0.4012648405695323 0
943 0.8313585240598895 0.3901148964099543 0
944 0.2824248208059058 0.8147896639430746 0
945 0.2942732574043839 0.8147864761985339 0
946 0.3001939473882033 0.8045235416553936 0
947 0.3061213126050206 0.8147825751353579 0
948 0.7611910870190424 0.6117741188292659 0
949 0.7713701997929192 0.6176190364544627 0
950 0.7713979729369723 0.6058780650397366 0
951 0.7815652526112051 0.6117328561385293 0
952 0.7815832969627503 0.600005272991937 0
953 0.7917579295968988 0.6058704455333583 0
954 0.7917701102592776 0.5941375660768367 0
955 0.8019168380506987 0.5999836943876005 0
956 0.8019414968705967 0.588278853364399 0
957 0.8120919220691268 0.5941462505754997 0
958 0.8120929810949091 0.5824314277794549 0
959 0.8121073703436471 0.6057784332268519 0
960 0.4068371197399348 0.2107954150249107 0
961 0.4068196084490646 0.2211213265380229 0
962 0.5395271696735029 0.1490885201199584 0
963 0.8222378043194963 0.5882918739266253 0
964 0.8222396195302448 0.5765828788371006 0
965 0.822782891451838 0.8126653505923909 0
966 0.8227818070304771 0.8245264818127558 0
967 0.5306480637848046 0.154220685115015 0
968 0.530838228126547 0.1636693161974279 0
969 0.1687892880353495 0.390208446881639 0
970 0.1688292656254717 0.3790366979112197 0
971 0.5306354730859397 0.1439483082825083 0
972 0.1900565575605807 0.1459601094829674 0
973 0.180907163493907 0.1511891632354 0
974 0.8099430230029357 0.1459594706414505 0
975 0.8190928365063221 0.1511891632349941 0
976 0.1817519052516718 0.825128044284861 0
977 0.1698852107055221 0.8251291347854375 0
978 0.521754250042779 0.1490902394729402 0
979 0.6792624789370537 0.7652436787152754 0
980 0.8410368283926878 0.3956927751172777 0
981 0.8410329150916656 0.3844981723499295 0
982 0.3002007104846245 0.8250469473715152 0
983 0.3120516290445382 0.8250434704004204 0
984 0.3120409156855422 0.8045201206957096 0
985 0.1992046979555959 0.1407599258102248 0
986 0.8007993343465004 0.1407518726086826 0
987 0.1809493064251355 0.1406214921846391 0
988 0.1717656696641445 0.1458645087375174 0
989 0.8190506222446692 0.1406213899096841 0
990 0.8282343184476973 0.1458644916913481 0
991 0.5217396360487594 0.138827197527439 0
992 0.5392483116962035 0.13927419816036 0
993 0.5128617493053881 0.143969132480461 0
994 0.8323841093885596 0.5824384843083821 0
995 0.8323719665719955 0.5707349059820153 0
996 0.2627819858233327 0.3155266154498531 0
997 0.7375543612822297 0.316134092964147 0
998 0.1591572401589183 0.3846492372106858 0
999 0.1591636938950055 0.3735266050659519 0
1000 0.8330562211337806 0.8185962820942733 0
1001 0.8330553987889068 0.8304608758039926 0
1002 0.5128465454220684 0.1337125833962291 0
1003 0.07575560384353028 0.008995593553136453 0
1004 0.9243034647786676 0.008991456607426871 0
1005 0.1718133386000563 0.135271797604432 0
1006 0.1626578663469428 0.1405315851443848 0
1007 0.8281866465627746 0.13527177772252 0
1008 0.8373383027739836 0.1405316021852468 0
1009 0.8222501659692718 0.5648907330916759 0
1010 0.8323622269649437 0.5590492853881743 0
1011 0.8222677396901205 0.5532270641745717 0
1012 0.8324523984998533 0.5475709069247732 0
1013 0.5039725431202812 0.1388521914389869 0
1014 0.4157682833741974 0.2159760315504531 0
1015 0.4157512056646746 0.2262959708540902 0
1016 0.406807010184868 0.2314439449532617 0
1017 0.4157355091192143 0.2366143143239572 0
1018 0.4067957910994538 0.2417606433014994 0
1019 0.4157209506927381 0.2469305270525652 0
1020 0.42465901719778 0.2417855892318806 0
1021 0.4246429342073677 0.2520971345908671 0
1022 0.4335781380189605 0.2469559117460709 0
1023 0.4067820714790256 0.2520748016774165 0
1024 0.4335627492428499 0.2572628526393679 0
1025 0.442495193187952 0.2521231556685329 0
1026 0.4424799984757457 0.262427436076908 0
1027 0.4514103679251465 0.2572888509128528 0
1028 0.9896985329120274 0.4226361366746419 0
1029 0.3061296133133787 0.8353099882001703 0
1030 0.3179883458450957 0.8353051148353237 0
1031 0.5039575487775111 0.1286014840771989 0
1032 0.1758210632248629 0.8354062801887749 0
1033 0.1639507711396062 0.8354071590653148 0
1034 0.4953273563212042 0.1333238544296867 0
1035 0.4513747374032224 0.2676107309847463 0
1036 0.4603202906892068 0.26245670464367 0
1037 0.2082735645621044 0.1460516945719824 0
1038 0.2083243559731515 0.1355714346992558 0
1039 0.2173624053686742 0.1408378609420856 0
1040 0.217404976986332 0.13038357975071 0
1041 0.7917245821054851 0.1460461407750644 0
1042 0.7916817749947589 0.1355691058883725 0
1043 0.7826369049993465 0.1408342355197827 0
1044 0.7825946520629398 0.1303821623653145 0
1045 0.8118407710029564 0.42350877815863 0
1046 0.2264255716531003 0.1356392506039075 0
1047 0.7735751841165694 0.1356353062118054 0
1048 0.1494934069950167 0.3790901804969068 0
1049 0.1495046522182869 0.3678721247806472 0
1050 0.1494896543715377 0.3902670318581444 0
1051 0.850740169490916 0.3900995997300506 0
1052 0.8507260509933591 0.3788861156319319 0
1053 0.8424512743659577 0.5532436587005254 0
1054 0.8424800332640545 0.5416733127766965 0
1055 0.4602569802498407 0.2727929179327142 0
1056 0.4692261818651213 0.267624416641886 0
1057 0.4948546045964806 0.1238710981100144 0
1058 0.4862187150643118 0.1278039877380537 0
1059 0.1626608470905973 0.129909371368305 0
1060 0.1535366569441438 0.1352959899585822 0
1061 0.8373391529096721 0.1299093713678678 0
1062 0.8464548141785843 0.1353029544535316 0
1063 0.8433320511904971 0.8245288431783475 0
1064 0.84333170561237 0.8363965956553239 0
1065 0.8330523705792211 0.8423290314874112 0
1066 0.8433302109114845 0.8482661679632066 0
1067 0.7302059873055328 0.6883475976311133 0
1068 0.8433321724545977 0.8126627226151781 0
1069 0.4692205327862556 0.2779155871570981 0
1070 0.4781435861508364 0.2727810688588767 0
1071 0.226463190340071 0.1252146994865557 0
1072 0.2354618597631646 0.1304540612634497 0
1073 0.7735367553403792 0.1252136924132506 0
1074 0.7645368943013735 0.1304512393748174 0
1075 0.8330472832908047 0.8542008279162836 0
1076 0.3120607506523226 0.8455755436518553 0
1077 0.3239249484877866 0.8455699378563277 0
1078 0.4424479655599454 0.2727453781086043 0
1079 0.169886304742866 0.8456861952678045 0
1080 0.15801457368374 0.8456877238695921 0
1081 0.152078548558792 0.8354061026463091 0
1082 0.1461409926071641 0.8456883243471666 0
1083 0.8604706877786152 0.3844907971113558 0
1084 0.860464541652939 0.3732106214994155 0
1085 0.8604352548802741 0.395687786888355 0
1086 0.1817585212801155 0.8456848517103934 0
1087 0.5037251111296767 0.1179059958225386 0
1088 0.4536963971483773 0.7887501690203239 0
1089 0.4537111503452256 0.7769150385553703 0
1090 0.1397925012327645 0.3734940690638309 0
1091 0.1398034861413893 0.3622568848038902 0
1092 0.709940416961819 0.4892073455186008 0
1093 0.1402031336244475 0.8354016626274479 0
1094 0.8525096184966561 0.5474021137553111 0
1095 0.8525976495628931 0.5359483873201747 0
1096 0.1534852712321519 0.1245503312891464 0
1097 0.1442620024609543 0.1299621953960309 0
1098 0.846513059237235 0.1245519293990135 0
1099 0.8557322338319691 0.1299705609558868 0
1100 0.4860491087099187 0.1185992523148801 0
1101 0.4770789729147234 0.1230155745230691 0
1102 0.8022490267233446 0.7652625767607507 0
1103 0.4781301894960571 0.2830755207248766 0
1104 0.4870539201281068 0.2779414886195902 0
1105 0.2357284914338615 0.1204503614327548 0
1106 0.2445162034137136 0.1253477412598006 0
1107 0.7642710474335668 0.1204496183406243 0
1108 0.7554820323744879 0.1253451111327803 0
1109 0.8536096238337861 0.8185954232205286 0
1110 0.8536106277439703 0.806724070879709 0
1111 0.8433288808993031 0.8601389892239195 0
1112 0.3179932292141262 0.8558433439582551 0
1113 0.3298559527107644 0.8558386686287318 0
1114 0.3061320941507947 0.8558468816699418 0
1115 0.1978411313879885 0.4178520824191634 0
1116 0.1880265984196943 0.4234246595205187 0
1117 0.8330434895796683 0.866074808813748 0
1118 0.4514284648835994 0.2469895152832268 0
1119 0.1758232287419194 0.8559666330276865 0
1120 0.4434537848511151 0.7828195891605284 0
1121 0.443470554122665 0.7709860666629975 0
1122 0.4537230341497123 0.7650829376643359 0
1123 0.443486595728537 0.7591561216958952 0
1124 0.4537344369833731 0.7532544693578348 0
1125 0.4435023083965964 0.7473301687725153 0
1126 0.4537486375104088 0.7414313414295839 0
1127 0.4332541455992152 0.7532294026294541 0
1128 0.4332706823055595 0.7414057897898105 0
1129 0.423024248225247 0.7473032774615765 0
1130 0.4230421561776467 0.7354836146850319 0
1131 0.1627124910061463 0.1192534692456424 0
1132 0.8373051093107475 0.1192477392857018 0
1133 0.8702473793727299 0.3788549532753382 0
1134 0.8702375105067405 0.3675568437639021 0
1135 0.1876961445965054 0.8559650813285012 0
1136 0.8222421642755231 0.5419447552362167 0
1137 0.2266659111659588 0.1157256082670534 0
1138 0.7733338151069789 0.1157252397544508 0
1139 0.8604465039725839 0.3619170012523544 0
1140 0.8702050338962563 0.3562589189874324 0
1141 0.8604359546781111 0.3506153021466337 0
1142 0.8701754865783822 0.3449745708300438 0
1143 0.8625819530801411 0.5415932346915251 0
1144 0.8626801224636905 0.5301537768152511 0
1145 0.1342646182319004 0.8456886363795666 0
1146 0.1442535875976244 0.1191533840541849 0
1147 0.1349269575344891 0.1244552161594026 0
1148 0.1349286726115243 0.1353346223451688 0
1149 0.8557449254783226 0.1191554820265865 0
1150 0.8650718340389384 0.1244569601014847 0
1151 0.8650661013937723 0.135343245721216 0
1152 0.4769932262058474 0.1136848581212029 0
1153 0.4684383221818206 0.1184092092623953 0
1154 0.2447945365283533 0.1153802885667236 0
1155 0.2535261573193667 0.1202119577876394 0
1156 0.7552097124438354 0.1153795146514814 0
1157 0.746472959283485 0.1202098551272124 0
1158 0.8638897961814266 0.8126609101500476 0
1159 0.8638906899252691 0.800785797079605 0
1160 0.128325785644869 0.8353996676340345 0
1161 0.1300591727749505 0.367892090633583 0
1162 0.1300712305935044 0.3566334170408868 0
1163 0.1398250197866183 0.3510131490561066 0
1164 0.1300984116606579 0.3453746373942974 0
1165 0.4870692740814787 0.2676461252541238 0
1166 0.4959763112797553 0.2728057193103563 0
1167 0.4959621851570037 0.2831016205618895 0
1168 0.5048832972673873 0.2779604064050356 0
1169 0.197683786107321 0.4289854277891695 0
1170 0.1879562489662482 0.4345608615291597 0
1171 0.3239259723100998 0.8661139266892979 0
1172 0.3357875377146546 0.8661092920584651 0
1173 0.4952411261929824 0.142258744483438 0
1174 0.1398608886795025 0.339772072226035 0
1175 0.130133507702975 0.3341311281372823 0
1176 0.8604208187712259 0.3393383960140027 0
1177 0.8701275293104943 0.3337454131553049 0
1178 0.8433277010628744 0.8720145427358302 0
1179 0.8536142072696876 0.8660722525370119 0
1180 0.1817607679073017 0.8662488984452508 0
1181 0.1936353898505346 0.866247123428372 0
1182 0.5048606641765829 0.2882743025090824 0
1183 0.5137889259661791 0.2831233891378882 0
1184 0.1349942396451573 0.1137104877924107 0
1185 0.8650053112303612 0.1137111280740141 0
1186 0.3417180029452973 0.8558337475384749 0
1187 0.3476509861487604 0.8661039690674925 0
1188 0.4127964034457013 0.7413791597073122 0
1189 0.4131500005350249 0.7295617476295182 0
1190 0.1977012730130453 0.4401925188631697 0
1191 0.1879158943723553 0.4458179826818448 0
1192 0.8744629414161437 0.1297563876017956 0
1193 0.8745212289341711 0.1406087847780795 0
1194 0.1255378071933083 0.1297534177334548 0
1195 0.1254762185436402 0.140591415238677 0
1196 0.2535761195249981 0.1098684847570234 0
1197 0.2624679986560337 0.1150062068519422 0
1198 0.7464289676734608 0.1098676397651427 0
1199 0.7375312494846675 0.1150041121584672 0
1200 0.8330412699246641 0.8779506581726301 0
1201 0.4683853527392623 0.1082513133183441 0
1202 0.4595859887358039 0.11331959233658 0
1203 0.1977525024635602 0.4514793438591136 0
1204 0.1879540281383742 0.4571832673739983 0
1205 0.1780740311760119 0.4514703864750245 0
1206 0.1781102565363987 0.4628968567379684 0
1207 0.1682191488572399 0.4571792485430264 0
1208 0.1682281443150961 0.4686176758935 0
1209 0.1781435560344624 0.474334023718546 0
1210 0.1682279061425135 0.4800765696489482 0
1211 0.1583277166079927 0.4628945928146778 0
1212 0.1781795430451074 0.4858100183271199 0
1213 0.1682267396236311 0.4915717930495148 0
1214 0.1782124131648447 0.4973250655906166 0
1215 0.1682240025785676 0.5031070489298609 0
1216 0.1782388005634957 0.5088758467524792 0
1217 0.1682209434571827 0.5146795606017218 0
1218 0.1581897724908037 0.5088888228951156 0
1219 0.1581794263579773 0.520486743495196 0
1220 0.1682391934225537 0.5262880923278475 0
1221 0.1581770992145028 0.53211343676359 0
1222 0.1682613789020163 0.5379239111242513 0
1223 0.1581788350317498 0.5437575605460723 0
1224 0.148121999740329 0.5146779617315351 0
1225 0.1682330964698498 0.549503235344017 0
1226 0.1581723088140297 0.5554112818474588 0
1227 0.1681495887907641 0.5612068852874066 0
1228 0.1581122316365962 0.5670207813089982 0
1229 0.1480437659077674 0.5612500504017226 0
1230 0.1480417115602824 0.5729488960953155 0
1231 0.1579658301312123 0.5787180115864964 0
1232 0.1480163082649137 0.5846629826566736 0
1233 0.1580003680219202 0.5905184002993318 0
1234 0.148017479769993 0.5964081810422693 0
1235 0.1379104272990213 0.5671098671121173 0
1236 0.1581411465176885 0.6021872249016461 0
1237 0.1480414343428708 0.6081476246581833 0
1238 0.1579990085738998 0.6139309633252246 0
1239 0.148024157282388 0.6199099633017738 0
1240 0.1378729328337808 0.6140460640566988 0
1241 0.1378674279301279 0.6258205627509654 0
1242 0.148075162542549 0.6317033682336248 0
1243 0.1378768587502801 0.6376060555870935 0
1244 0.1276679424457466 0.6199366025534685 0
1245 0.880060514772818 0.3732000939809362 0
1246 0.300077702274394 0.7020809760584813 0
1247 0.1480961948807465 0.6434927383600288 0
1248 0.137884761570728 0.6493984900499444 0
1249 0.01027574179016945 0.3758257963788867 0
1250 0.4959924699750845 0.2625103195688714 0
1251 0.8741706774842766 0.8067262184467489 0
1252 0.8741714852204459 0.7948508613885249 0
1253 0.8724687674869254 0.5359613821249668 0
1254 0.8722927060137892 0.5251815070937504 0
1255 0.8726260611305038 0.5474253353634708 0
1256 0.9899464284739039 0.07625246847799463 0
1257 0.01005412678258587 0.07625085212480642 0
1258 0.1223861393426721 0.8456890695435391 0
1259 0.1283261962214736 0.8559771950351609 0
1260 0.1802991843281269 0.2257128657214766 0
1261 0.8197560879699843 0.2256167218026894 0
1262 0.5137654428802305 0.2934358929518864 0
1263 0.5226959268769737 0.2882883423322998 0
1264 0.9336294088287836 0.9901836256305323 0
1265 0.01030983081428929 0.934523699094717 0
1266 0.2902532501834498 0.2468888874149259 0
1267 0.7100563148191675 0.2471088037729464 0
1268 0.4691518223460634 0.2882406361297738 0
1269 0.4231121067993241 0.7236671792877829 0
1270 0.1678073514176173 0.5963655986339467 0
1271 0.5600333509646449 0.3909301885492704 0
1272 0.4387071100712615 0.3913540779398398 0
1273 0.4345173668211489 0.989685076863166 0
1274 0.255469481539868 0.9896987202776597 0
1275 0.5773709745385931 0.9896627159479664 0
1276 0.7440521617513328 0.9896905593619124 0
1277 0.5059462610605171 0.9896705848632581 0
1278 0.9896901737644438 0.9226190476188438 0
1279 0.07695880669729099 0.989721414345187 0
1280 0.4721692310791321 0.6111752034886008 0
1281 0.6120981923596293 0.608835173025837 0
1282 0.5414048972599754 0.6093717778530946 0
1283 0.5318331727566581 0.008857124470893969 0
1284 0.591482200605805 0.008612367980853526 0
1285 0.4090031321564238 0.007724774097713473 0
1286 0.4434380312962865 0.7946549304442954 0
1287 0.6587513564337498 0.8125852668528231 0
1288 0.116447171293487 0.8354006650885137 0
1289 0.2627075729314198 0.1050265906222608 0
1290 0.2714384408713532 0.1098982894040942 0
1291 0.737292522539325 0.1050257234340758 0
1292 0.7285714627490139 0.1098786869294864 0
1293 0.8536130491507634 0.8779546699766106 0
1294 0.8639024534913027 0.8720107677256634 0
1295 0.4132326640362791 0.7177473680061085 0
1296 0.1802817235551972 0.2365190073018154 0
1297 0.1709187241954186 0.231083792999602 0
1298 0.1876992910411748 0.8765299189995349 0
1299 0.1995751459975841 0.8765301966360258 0
1300 0.8197293194576534 0.2365021281695948 0
1301 0.8291331849466637 0.2310078784206895 0
1302 0.4683444567546643 0.1284171461483324 0
1303 0.009632843506461181 0.6259444540818939 0
1304 0.4595660665631471 0.103100875065857 0
1305 0.4507337748319847 0.1082159606867186 0
1306 0.4782857110122331 0.103774485612777 0
1307 0.3298601543110539 0.87638724277541 0
1308 0.8839494697632442 0.135087106882916 0
1309 0.8839959709684246 0.1460730388271188 0
1310 0.1160502295848314 0.1350837169819009 0
1311 0.1160063844509212 0.1460744335112432 0
1312 0.5226544544204426 0.2986234877246889 0
1313 0.5315965563503522 0.2934439108285808 0
1314 0.2763768108427488 0.6200550967596472 0
1315 0.2715635536796646 0.09973240439406565 0
1316 0.2803637713043276 0.1047434778501755 0
1317 0.7284358726033676 0.09973090055003896 0
1318 0.7196496111589172 0.1047172508022853 0
1319 0.1781656087115547 0.5436618400218476 0
1320 0.1202847862133081 0.3622429801102128 0
1321 0.1203024112195557 0.3735853196997292 0
1322 0.3059840944306358 0.7123034189217734 0
1323 0.311887584697236 0.702078046728541 0
1324 0.253574737920413 0.09944258647913022 0
1325 0.7464225591960613 0.09938559163092019 0
1326 0.2806048282966851 0.09481407697698387 0
1327 0.2893083061002025 0.09966812681096812 0
1328 0.7193963727427778 0.09480924844275358 0
1329 0.7107052910418254 0.09965064151039513 0
1330 0.783094881629064 0.4065695361952926 0
1331 0.5136758995598101 0.3037786752718827 0
1332 0.8799379777890426 0.3393356336177041 0
1333 0.879393857388711 0.3276627343622454 0
1334 0.852039406836783 0.5251819280368937 0
1335 0.1164453027437393 0.8559782180315008 0
1336 0.1223869316443141 0.8662682189579196 0
1337 0.8826437002071217 0.5419799069372404 0
1338 0.8827415800209081 0.5533021851788547 0
1339 0.9897686642498351 0.3869426687832163 0
1340 0.8639003502695559 0.8838970056452293 0
1341 0.8741913514834799 0.8779570909712016 0
1342 0.4507192994074876 0.09799470131734446 0
1343 0.4418762773596084 0.1031140749258647 0
1344 0.1481091748464506 0.6552874318625748 0
1345 0.1378925214954892 0.6611931326502622 0
1346 0.1276663495629742 0.6553034319203246 0
1347 0.127671174406593 0.6671082795849925 0
1348 0.2713716170848163 0.1201462751675725 0
1349 0.7286513273932143 0.1200524369976046 0
1350 0.5227109318895327 0.277966189986989 0
1351 0.4231490323464858 0.7118549611088927 0
1352 0.170892581001473 0.24194738249749 0
1353 0.1614754966182785 0.2364800518342552 0
1354 0.3535777397916522 0.8558280008925276 0
1355 0.3595129850274779 0.866098006336392 0
1356 0.1936337037546566 0.8868119676884918 0
1357 0.2055135277019363 0.8868159895649756 0
1358 0.884454833096632 0.8007904706150352 0
1359 0.8844536020055599 0.7889150281710855 0
1360 0.4691282490374258 0.009352455982534869 0
1361 0.531555172045006 0.3037853039930847 0
1362 0.5405025648892419 0.2986055711966534 0
1363 0.4418920169480179 0.1133385716618569 0
1364 0.4330322805189861 0.108236010526672 0
1365 0.4330184083286935 0.0980133677426895 0
1366 0.4241742992803835 0.1031331579138691 0
1367 0.4129285143448684 0.7059369482867088 0
1368 0.4157875858676721 0.2056568070592768 0
1369 0.8603598420046026 0.3281526467569758 0
1370 0.1176496947817523 0.6612133371122382 0
1371 0.1174798437819686 0.6730315237483042 0
1372 0.8741927339555545 0.8898365819152151 0
1373 0.8216788609199506 0.4291210675217399 0
1374 0.8119680363913648 0.4346974636237711 0
1375 0.1105034453520951 0.8662690576329835 0
1376 0.1164458994995729 0.8765614209999676 0
1377 0.205456284540574 0.7430046583944165 0
1378 0.2354157024737157 0.1407555124125217 0
1379 0.7645617837171599 0.1408710950790435 0
1380 0.1276850640722999 0.6789214401959059 0
1381 0.1174617164488603 0.6848567221271316 0
1382 0.2474963923609667 0.007912114654279712 0
1383 0.7525048446755223 0.007913851351026787 0
1384 0.1065207869941771 0.1405194883702438 0
1385 0.1064683670335845 0.1515250847472415 0
1386 0.1065860671585523 0.129504425982749 0
1387 0.8934751061140531 0.1405191222786373 0
1388 0.8935317629363924 0.1515249356740359 0
1389 0.8934080487010732 0.1295096328521569 0
1390 0.6810184466417319 0.6107168586200183 0
1391 0.8844836709701008 0.8838996021567198 0
1392 0.4241407109880199 0.09290538695957624 0
1393 0.4153059134416032 0.09802776583469286 0
1394 0.7106522801592383 0.08940638848930839 0
1395 0.7018093126926997 0.09452188337338716 0
1396 0.7018939366187742 0.1047364331586915 0
1397 0.6929637911547586 0.09964655905406594 0
1398 0.2893498689819927 0.08940961261545305 0
1399 0.2981948768838381 0.09452579481397895 0
1400 0.2981514272528206 0.1047743803841819 0
1401 0.3072040500342671 0.09942164173701525 0
1402 0.8844877349945983 0.8957762721098426 0
1403 0.1882441418582208 0.5030728085228515 0
1404 0.1104602818307284 0.3678885332414652 0
1405 0.1104904677170012 0.3792929690077849 0
1406 0.8897249459593328 0.3336385975906265 0
1407 0.8896940663258328 0.3222988522161288 0
1408 0.4996160775423553 0.391397374182071 0
1409 0.4015865880717377 0.7339099173693373 0
1410 0.4023885766313194 0.7470177104258156 0
1411 0.7107034895036862 0.4532983706876107 0
1412 0.1045599609254164 0.8765621664519353 0
1413 0.11050376593663 0.8868566518071219 0
1414 0.4150625125223204 0.1085925888964846 0
1415 0.4064194817477315 0.1032035533122621 0
1416 0.4064421321809775 0.09293331980847015 0
1417 0.3973098435471963 0.09836642693566006 0
1418 0.396706827277374 0.109291234341259 0
1419 0.1583194596585686 0.6493779753157924 0
1420 0.5404810502009556 0.3089013976763799 0
1421 0.5494030557160601 0.3037651349197878 0
1422 0.5494241597306513 0.2934625022928992 0
1423 0.5583249951528135 0.2986291354790175 0
1424 0.5583234115055157 0.3089598783764367 0
1425 0.567251219454718 0.3038365076873129 0
1426 0.5672524239145248 0.2935041080514409 0
1427 0.576160305474084 0.2986690462533269 0
1428 0.5761519509104317 0.308988729298882 0
1429 0.5850697804043126 0.3038347601267862 0
1430 0.5850974891658005 0.2935266037157278 0
1431 0.5940023340137844 0.2986940367265474 0
1432 0.5940108768660786 0.3090620406783669 0
1433 0.6029378059800224 0.3039036110179877 0
1434 0.6029425087103327 0.293561669940742 0
1435 0.6118592323800536 0.2987225209454116 0
1436 0.8929849946988673 0.5476537033831899 0
1437 0.8929130108455078 0.5591310689588551 0
1438 0.6118620545070128 0.3091107006241721 0
1439 0.6207966497462751 0.3039205547505732 0
1440 0.6208140295165118 0.2935700953965606 0
1441 0.6297537593545743 0.2987590332802458 0
1442 0.629733478821586 0.3091047851925611 0
1443 0.6387010203949329 0.3039416458987331 0
1444 0.1614511923206044 0.2473896578549758 0
1445 0.1519769382661482 0.2419065726646866 0
1446 0.82911945901193 0.2419345153206333 0
1447 0.838577749861628 0.2364090872363098 0
1448 0.1072128650027475 0.6789511533026747 0
1449 0.1072156888729277 0.6907827939453852 0
1450 0.1174725210165107 0.6966914554512932 0
1451 0.1072255341199716 0.7026210446536398 0
1452 0.1174870076751107 0.7085304907381401 0
1453 0.107235947510114 0.714463053510269 0
1454 0.3654409777738297 0.85582159543648 0
1455 0.3713796005337294 0.8660908184640592 0
1456 0.3654490374206175 0.8763694861825567 0
1457 0.3773163581058801 0.8763633755013254 0
1458 0.3713853322781263 0.8866444771136237 0
1459 0.3832540460028026 0.8866381523249506 0
1460 0.3891838103312854 0.8763567154197519 0
1461 0.3951223609833033 0.8866311726779521 0
1462 0.6929045465021711 0.08941865255294054 0
1463 0.6840524334731307 0.09456134336072741 0
1464 0.6841065569050372 0.1047800518039901 0
1465 0.6751895922072927 0.09969564331499856 0
1466 0.675126724840351 0.08945587334402408 0
1467 0.6663053100876599 0.0946116088918706 0
1468 0.6663240472587562 0.1048411792924708 0
1469 0.6574474739221932 0.09975442381774967 0
1470 0.6574230961363213 0.08952088700329966 0
1471 0.6485729397844885 0.09465650427761232 0
1472 0.6485955536368757 0.1048914089112574 0
1473 0.6397228171399135 0.09978930287046564 0
1474 0.6397023883279807 0.08956153614980433 0
1475 0.6308578004657004 0.0946880324904692 0
1476 0.3079684259474047 0.08860106433540813 0
1477 0.8639129194875246 0.8957668635081913 0
1478 0.122385849831467 0.8251104373629088 0
1479 0.1105083042417663 0.8251125696150958 0
1480 0.1164467502542147 0.8148243824712209 0
1481 0.1045685984271465 0.8148214458871177 0
1482 0.8227565873167269 0.8720101396948035 0
1483 0.8227531860896788 0.8838857219555425 0
1484 0.8124691688860995 0.8779453556003198 0
1485 0.81246528563327 0.8898217012135722 0
1486 0.8021805569349661 0.8838816090825979 0
1487 0.8021776366756943 0.8957593381794495 0
1488 0.7918919546402186 0.889818091909632 0
1489 0.6397389162617108 0.1100269867581752 0
1490 0.3070480782216399 0.1098931121820758 0
1491 0.8506685803517354 0.3337457949602229 0
1492 0.4010508831682988 0.8763500404463783 0
1493 0.4069903648461565 0.8866241904651259 0
1494 0.09861840343952594 0.8868591602812176 0
1495 0.1718014728381314 0.2538428776573076 0
1496 0.3975494317777655 0.08787656198071533 0
1497 0.3997622004530611 0.6110052598186135 0
1498 0.6386795588407134 0.3142947206532355 0
1499 0.6476586199313102 0.309128896889087 0
1500 0.8741715128971463 0.7829775556181287 0
1501 0.8844521498524092 0.7770413578379446 0
1502 0.874181281740516 0.7711070321616905 0
1503 0.8844514352659085 0.7651719390047284 0
1504 0.8741787335320619 0.7592412117670838 0
1505 0.8844493670197282 0.7533050959688646 0
1506 0.8741691765360576 0.7473754754195272 0
1507 0.8844452609566016 0.7414401764062077 0
1508 0.8741731310198098 0.7355095413283539 0
1509 0.8844430907058863 0.7295781995995454 0
1510 0.8741358728461642 0.7236507381468118 0
1511 0.884430825486093 0.7177229127105288 0
1512 0.8741302412966534 0.7117982800789693 0
1513 0.884423707720826 0.7058737215253283 0
1514 0.8741705310143241 0.6999517093987562 0
1515 0.8844308873801833 0.6940302519881599 0
1516 0.8741546363069224 0.6881074809939093 0
1517 0.8843819391427283 0.6821814264622523 0
1518 0.8638407007120307 0.7059099098745092 0
1519 0.8946767434586047 0.6881088018791557 0
1520 0.8946730924269852 0.6762705306121944 0
1521 0.8947242842313257 0.7473577872071859 0
1522 0.8843774725145952 0.6703419576759293 0
1523 0.8946648661057731 0.6644374644716786 0
1524 0.3773250369348673 0.8969214593027344 0
1525 0.4231126859898041 0.7000472461347007 0
1526 0.8947393763905434 0.7948525221824657 0
1527 0.1995723811720358 0.8971010701078322 0
1528 0.211455164288976 0.8971032364508418 0
1529 0.2905647692581567 0.4411670056483382 0
1530 0.7816604803343964 0.5882654090873181 0
1531 0.9030015507166484 0.1349621500930297 0
1532 0.9029317835345152 0.1238682757911529 0
1533 0.09699678411151265 0.1349613432969995 0
1534 0.0970669582469729 0.1238672735138355 0
1535 0.7205928307100915 0.08448904327680434 0
1536 0.2794066323317078 0.08449003382578889 0
1537 0.2114359557263489 0.8765127131780047 0
1538 0.3923240534350884 0.7413505070785988 0
1539 0.3922796580274264 0.7531292796878378 0
1540 0.117500880369274 0.7203749956502465 0
1541 0.1069636176848991 0.7258207969442418 0
1542 0.6308377784704782 0.08447007750729064 0
1543 0.6220010544695336 0.0895919682196505 0
1544 0.3878342813763641 0.09393017767786807 0
1545 0.1583342814985559 0.6611756628840793 0
1546 0.8947779791947897 0.8898424090810374 0
1547 0.8947821396269365 0.9017225061269741 0
1548 0.8216999446964942 0.4403374283069284 0
1549 0.811953765316289 0.4459361144177237 0
1550 0.7918891570589167 0.9016958670533141 0
1551 0.7816042109112633 0.8957534232615705 0
1552 0.8995588414343823 0.3279419774693964 0
1553 0.8995241745115672 0.3165578467226218 0
1554 0.8887599419058818 0.3103510875645903 0
1555 0.8990475556298444 0.3050644651517812 0
1556 0.2081148492546068 0.188415391546591 0
1557 0.7919417538763348 0.1884119703494836 0
1558 0.2624512192498398 0.3477091258903856 0
1559 0.7373510891144033 0.3475780195159393 0
1560 0.8844307816024806 0.6585286905495282 0
1561 0.8946638308601602 0.6526168532987139 0
1562 0.104560919611168 0.8971542916928734 0
1563 0.1688179456110229 0.3679571772831006 0
1564 0.7614972234230495 0.6586382966631863 0
1565 0.09862760180605669 0.8251116960660119 0
1566 0.7199837992199623 0.7764652151307569 0
1567 0.8124691301832991 0.9016969743166965 0
1568 0.1164460810993463 0.8971493228250219 0
1569 0.894778638542689 0.877949417252905 0
1570 0.100605062804693 0.3735816482908847 0
1571 0.1006112193609477 0.3849843011462074 0
1572 0.0969609787958256 0.6848732327732744 0
1573 0.1006053907451655 0.3621670392113694 0
1574 0.1518841190112856 0.2311793840528175 0
1575 0.1424357193593525 0.236423617675594 0
1576 0.142426662071935 0.2474145144310508 0
1577 0.1328597865735078 0.2418624641543209 0
1578 0.1328290404944026 0.2529481891061189 0
1579 0.1232067903615058 0.2473694450913309 0
1580 0.1232720992012898 0.2368214376341495 0
1581 0.113381778119577 0.2421205661863777 0
1582 0.1134624034866034 0.2529934819047516 0
1583 0.1037692379511408 0.2473742118682119 0
1584 0.103718754670335 0.2585833527402029 0
1585 0.1038603011003829 0.2360434317087027 0
1586 0.09399931699094111 0.2528562505091476 0
1587 0.09392602450377069 0.2642453417156498 0
1588 0.3883061895613368 0.083200780465434 0
1589 0.7645330066896676 0.2786105020055794 0
1590 0.7648000430651045 0.3418080642422874 0
1591 0.8506368088154628 0.3225985666341912 0
1592 0.909312275451816 0.310803312307131 0
1593 0.9092349439999983 0.2993787859874558 0
1594 0.4129176727605407 0.8763428356076298 0
1595 0.4188586250134361 0.886617223685221 0
1596 0.4129303449977771 0.8969003324346879 0
1597 0.4248007812182714 0.8968928403736048 0
1598 0.430729004241444 0.8866091465869841 0
1599 0.4366715942858849 0.8968801027955617 0
1600 0.4426000611948795 0.8865994639461242 0
1601 0.4485423248988314 0.8968706565288074 0
1602 0.454470294185335 0.8866631828491124 0
1603 0.4604128009737095 0.8968725867614401 0
1604 0.4663406874709235 0.8866685002247505 0
1605 0.4722831760338424 0.8968616880678512 0
1606 0.4782105010280364 0.8865893832174804 0
1607 0.484153374952156 0.8968468927915312 0
1608 0.4900806354211662 0.8865680943212355 0
1609 0.4960235325366595 0.8968337627171978 0
1610 0.501951349700298 0.8865570002128755 0
1611 0.507893757765829 0.896828190035164 0
1612 0.5138214227306027 0.8865485140131617 0
1613 0.519763791904686 0.8968155033334473 0
1614 0.5256880436148108 0.8865395818376204 0
1615 0.5316332029918622 0.896804787310757 0
1616 0.5375607862007248 0.8866392011402723 0
1617 0.5435037031562735 0.896806934812741 0
1618 0.549431235879694 0.8866505116953389 0
1619 0.5553735388476388 0.8968101673376806 0
1620 0.5613021216319392 0.8865368576198609 0
1621 0.5672435194173443 0.8967848898873136 0
1622 0.5731708822655166 0.8865060678951833 0
1623 0.5791131342363828 0.8967813364483825 0
1624 0.5850401701205152 0.8864980780386956 0
1625 0.5909827936280552 0.8967617203390669 0
1626 0.596909821911794 0.8864878047678295 0
1627 0.6028525052924529 0.896749407584712 0
1628 0.608778943461471 0.8864774214741917 0
1629 0.6147223069554391 0.8967481350675718 0
1630 0.6206498713973408 0.8864720361209127 0
1631 0.626592115113481 0.8967329090757065 0
1632 0.6325184522896886 0.8864607964676285 0
1633 0.6384617309090634 0.8967213707497895 0
1634 0.6443883750559869 0.8864480124354155 0
1635 0.6503316037361391 0.8967116800583215 0
1636 0.6562591219138175 0.8864443411136401 0
1637 0.6622017562965015 0.8967024092948691 0
1638 0.6677244024938173 0.8866687106453824 0
1639 0.6740046002427065 0.8967327814980965 0
1640 0.6797479750676558 0.884736816933777 0
1641 0.6858896634555603 0.8964266285438069 0
1642 0.6918710415614991 0.8864202902887265 0
1643 0.697805462476131 0.896650780537347 0
1644 0.7037402460441627 0.8864038967748451 0
1645 0.2641905634751416 0.400341939719693 0
1646 0.8990439095492444 0.2937303919072119 0
1647 0.9091685128984937 0.2879751398834653 0
1648 0.6297746224045304 0.2884151240490992 0
1649 0.1685485876978877 0.6552644007149243 0
1650 0.09267671144519493 0.8971586577878025 0
1651 0.0926818935359623 0.8765713982422009 0
1652 0.884013345346119 0.1570802503052062 0
1653 0.8935689661665551 0.1625477725155615 0
1654 0.3820708537196397 0.747239046645733 0
1655 0.3820541223113363 0.7590621172546 0
1656 0.3822173605128116 0.7359840024717679 0
1657 0.6219850774077469 0.07938227609628061 0
1658 0.6131520830174797 0.08450119255816713 0
1659 0.7816001314267578 0.9076327856894193 0
1660 0.9545454545453349 0.008747731351381001 0
1661 0.04549583632947635 0.008735717113776792 0
1662 0.4128839431728857 0.6941315210597112 0
1663 0.6308129250266351 0.07426399223512936 0
1664 0.09268744836981826 0.8148176460213745 0
1665 0.9049379724412512 0.6821882914625961 0
1666 0.6476322593149265 0.3194892182925651 0
1667 0.6566207690388324 0.3143331765040543 0
1668 0.6566428092258414 0.3039619999309134 0
1669 0.9030572557029481 0.5532581550324767 0
1670 0.9030852315508207 0.5416027067186489 0
1671 0.9030521479285184 0.5649217009242121 0
1672 0.1159914926617253 0.1570897190038084 0
1673 0.8840198263000566 0.168100770842123 0
1674 0.8936168763407372 0.173635210859638 0
1675 0.9032183934349887 0.1680496914107256 0
1676 0.9032597447508564 0.1792001004544014 0
1677 0.2705739640625314 0.8147916582092593 0
1678 0.1398772901799268 0.3285544795419852 0
1679 0.3718241004357135 0.7531406407849297 0
1680 0.4069786457466508 0.8660698942054279 0
1681 0.1278002638452149 0.7145508815513867 0
1682 0.1166013427294746 0.7332542411486023 0
1683 0.6131654791080274 0.09471153352232861 0
1684 0.6043171631399381 0.08961751610876391 0
1685 0.6043043746348713 0.07941304930158326 0
1686 0.5954742482499806 0.08452510290974805 0
1687 0.09693104989715803 0.7203141096977921 0
1688 0.09664529387722094 0.7316550598315074 0
1689 0.6326541277350596 0.9070137026729548 0
1690 0.6800576736472634 0.9069614647669235 0
1691 0.8385472919872399 0.2473944697692543 0
1692 0.8480160530566997 0.24190418463286 0
1693 0.8282106452709496 0.2539300090843423 0
1694 0.1064315411877195 0.1625468991447321 0
1695 0.3161062870894634 0.1045333875314358 0
1696 0.3159313835436476 0.1150437326509814 0
1697 0.3975075340545354 0.07769892899869868 0
1698 0.2075269307487246 0.4457803856610383 0
1699 0.597015688176994 0.9070328344446074 0
1700 0.5613926749888551 0.9070667146724991 0
1701 0.905073801038575 0.8957855907699229 0
1702 0.9050737337046091 0.9076777312519169 0
1703 0.5257687198343708 0.9070875157279589 0
1704 0.4901438042111952 0.9071160032191006 0
1705 0.4545182407827448 0.9071448542312176 0
1706 0.4188719354115389 0.9071788392013422 0
1707 0.1685609672194831 0.6670660168426293 0
1708 0.8409999394577539 0.3281438291195273 0
1709 0.3978571864711364 0.2469061338372525 0
1710 0.397843631932409 0.257221706515812 0
1711 0.3889186024674644 0.2520526385892723 0
1712 0.388904184000055 0.262369299924549 0
1713 0.3595041635105501 0.8455537932708634 0
1714 0.7098576444522925 0.7474329611404126 0
1715 0.2355863971351012 0.2256040143728305 0
1716 0.7644408156089431 0.2255734057672708 0
1717 0.2997921210901315 0.6405612380090595 0
1718 0.2055186335508971 0.9073925373482831 0
1719 0.2174011581612641 0.9073905502492702 0
1720 0.1936316570846501 0.9073915658680698 0
1721 0.09861747565039564 0.9074539847315546 0
1722 0.8844298815281078 0.6467162649342518 0
1723 0.8742034300879984 0.6526166955401602 0
1724 0.4231006634569078 0.6882438626460052 0
1725 0.4333211787244876 0.6941542237220567 0
1726 0.9125755448356816 0.1293709913813186 0
1727 0.9125058884698811 0.1182157454004046 0
1728 0.0874239679327677 0.1293706898693573 0
1729 0.08749382062195776 0.1182155281024359 0
1730 0.5954634258887992 0.07432786309328682 0
1731 0.5866377826971443 0.07943614154701169 0
1732 0.6386570648858816 0.3246410431148951 0
1733 0.09070755003541421 0.3678856685762451 0
1734 0.09071846593386867 0.356414974128974 0
1735 0.8216821145584353 0.4515680203437569 0
1736 0.8119063284710073 0.4571912807013414 0
1737 0.8314710993376422 0.4459661915551875 0
1738 0.8021515985836676 0.4515264608999366 0
1739 0.8020756986099907 0.4628117755040058 0
1740 0.7922306128721595 0.4570390936514811 0
1741 0.792192510800848 0.4684257428501109 0
1742 0.2528414976610883 0.6816379772195087 0
1743 0.379976315592192 0.2571981652200876 0
1744 0.3799634463709756 0.2675157776113126 0
1745 0.3888907495854562 0.2726846812978768 0
1746 0.3799539872225756 0.2778308019518828 0
1747 0.3888793418684279 0.282996818522892 0
1748 0.3799456284301745 0.2881416874836127 0
1749 0.3888660096946982 0.2933040413594812 0
1750 0.3799354392613001 0.2984477821903214 0
1751 0.371012896406823 0.2932845237911793 0
1752 0.371018718194288 0.3036230728253172 0
1753 0.3620780237202483 0.2984355762353063 0
1754 0.38885330107298 0.3036069306251521 0
1755 0.3620821179453712 0.3087828026627559 0
1756 0.3531305521411854 0.3035846993071318 0
1757 0.3531170319301409 0.3139091295448532 0
1758 0.3441762036548426 0.3087317452615765 0
1759 0.3620559831191949 0.319074673335036 0
1760 0.3441703667677006 0.3191698600655842 0
1761 0.3441805865166704 0.2983891695663384 0
1762 0.3352229092077098 0.3035710005125487 0
1763 0.2352596176980504 0.3422420500302738 0
1764 0.8929054664676881 0.5708055527374422 0
1765 0.903070307387295 0.5766644177449911 0
1766 0.6977992966107162 0.8761358283394446 0
1767 0.7096686417771679 0.8761272530325744 0
1768 0.08673023384636581 0.9074581375875611 0
1769 0.665625303474131 0.3091748168053005 0
1770 0.66558882858463 0.3195557618876242 0
1771 0.9129209188370091 0.1735772535997961 0
1772 0.9129552546913067 0.1847826206175006 0
1773 0.9037660088010495 0.190022033715955 0
1774 0.9134061451941482 0.1959757399243203 0
1775 0.8947858088652212 0.9136030780844933 0
1776 0.2354669933104238 0.278610502005789 0
1777 0.08411664724854408 0.258448415924426 0
1778 0.08405638255449013 0.2699201015094362 0
1779 0.08674491910782224 0.8251106222735524 0
1780 0.5866462512480173 0.08963500069191405 0
1781 0.5778097102814295 0.0845435501365361 0
1782 0.5778018157894148 0.07434977362902986 0
1783 0.5689785666293454 0.07945142655819296 0
1784 0.9131989476860214 0.5473466422722091 0
1785 0.9133061794520017 0.5358242280498815 0
1786 0.9192537287557085 0.3050516757309421 0
1787 0.4333194611328035 0.6823552738616656 0
1788 0.4435342732401222 0.6882639949704302 0
1789 0.7304657316778542 0.6531299263485739 0
1790 0.9228076897901076 0.1903721102847999 0
1791 0.9228249081570181 0.2016805538509852 0
1792 0.9131448782824904 0.2073348782649962 0
1793 0.9227794672711502 0.2130273307053593 0
1794 0.1787779143737064 0.6611524997257998 0
1795 0.3886623437478542 0.07260797566626515 0
1796 0.3795304208611408 0.07800015175599812 0
1797 0.7816072751360976 0.8838758684509647 0
1798 0.2824224213542157 0.7737575946956239 0
1799 0.7817089239927169 0.812658362712517 0
1800 0.894739782670211 0.8067305701966542 0
1801 0.9050278766218807 0.8007913725112041 0
1802 0.199531378199739 0.8148455824103131 0
1803 0.9050275321730445 0.8126725917733542 0
1804 0.9153185257707533 0.8067317094382542 0
1805 0.915312549482078 0.818605606222167 0
1806 0.9133220450758712 0.2186901825971683 0
1807 0.922812453636159 0.2243902486463455 0
1808 0.08080407817683921 0.814816545867458 0
1809 0.3248422863468841 0.1099356522406807 0
1810 0.3247757425721522 0.1202643397812135 0
1811 0.3158651131162563 0.1253664462373097 0
1812 0.6656470323679556 0.2987805186796199 0
1813 0.8480171547767732 0.2308121326603914 0
1814 0.3718094602145432 0.7649689444263207 0
1815 0.3615758119856576 0.759040807443652 0
1816 0.3820451976417896 0.7708974324562765 0
1817 0.1159804221572184 0.1681015884174626 0
1818 0.2901261972527948 0.3846376923505581 0
1819 0.7104262916481758 0.3849141621145971 0
1820 0.7932043367736249 0.3786989504855031 0
1821 0.4128841919031161 0.6823307181312211 0
1822 0.4026579629184114 0.6882161632962986 0
1823 0.1995805658615702 0.9176850986974363 0
1824 0.1876932835500269 0.9176863681167952 0
1825 0.0866493360777221 0.7262173284740469 0
1826 0.08665274608839829 0.7380646059901401 0
1827 0.9153716766666877 0.9017351823568779 0
1828 0.9153707419242515 0.9136280040559295 0
1829 0.7096190365948278 0.8967175567510741 0
1830 0.1787891083066758 0.6729561353031478 0
1831 0.7823205231833855 0.4626480066000434 0
1832 0.7822885971061848 0.4740926325555908 0
1833 0.5689687626871585 0.06926545312670886 0
1834 0.5601533098780631 0.07436276081371568 0
1835 0.3798362641632744 0.06749659229049684 0
1836 0.3709964940660462 0.07257277475552235 0
1837 0.3352181754609058 0.2931831080457401 0
1838 0.3262339764865849 0.2983876767794303 0
1839 0.3710724068791847 0.06232700382665632 0
1840 0.09267230370988289 0.91775517252212 0
1841 0.08078212769054761 0.9177587344799081 0
1842 0.8017208728576094 0.4742191667753741 0
1843 0.8313483575600544 0.457285421774985 0
1844 0.8412830755789988 0.4516083400001186 0
1845 0.08077404061149764 0.3621691055818657 0
1846 0.08078935071944994 0.350648241262646 0
1847 0.9233745688626815 0.5414780143751083 0
1848 0.9235138158580023 0.5299973130695564 0
1849 0.8480471077171621 0.2529153597524135 0
1850 0.7033417750187367 0.8658649543485517 0
1851 0.7155281937485621 0.8658474540840048 0
1852 0.9256864457240657 0.812802979584566 0
1853 0.9259320314819941 0.8252296680844454 0
1854 0.9256223432664663 0.8008081589145051 0
1855 0.3717921512402643 0.7768000292543121 0
1856 0.3820323404442952 0.7827303576480722 0
1857 0.8413557737961708 0.3148609844663238 0
1858 0.8314536408130389 0.322238065134143 0
1859 0.7264119586346309 0.4056207521325932 0
1860 0.6746403446767817 0.3040059148509856 0
1861 0.1105102666999798 0.80453542063269 0
1862 0.4026717185217997 0.6764180435352608 0
1863 0.39244687931342 0.6823014109419394 0
1864 0.3620829096620399 0.06770180989809099 0
1865 0.4485735531814085 0.8769296638077512 0
1866 0.1063858105509642 0.1736193175204853 0
1867 0.09678271868103605 0.1680454856456953 0
1868 0.3247468122853724 0.1305429247471775 0
1869 0.3158214499318515 0.1356573396402312 0
1870 0.3336673183314428 0.1254314858639598 0
1871 0.3975560014054802 0.06744109919826627 0
1872 0.8742027837183203 0.6408156853264236 0
1873 0.8639850207606468 0.6467140313963768 0
1874 0.8122012380283481 0.5474555022089909 0
1875 0.2627855809929521 0.2835017090115231 0
1876 0.7305779390871303 0.5941087703582493 0
1877 0.7360520769110128 0.2849227869155584 0
1878 0.4435420453733691 0.6764686446449901 0
1879 0.453753101253985 0.6823789862653198 0
1880 0.1301661935443993 0.322904760617854 0
1881 0.1398965248307353 0.3173351742176802 0
1882 0.1495724961942673 0.3229656263437836 0
1883 0.4639782911932808 0.7473537451830509 0
1884 0.424710416953908 0.210830981747551 0
1885 0.4250392007404589 0.2010585705951533 0
1886 0.4336983385227415 0.205779187855514 0
1887 0.4340355177082267 0.1960290274244387 0
1888 0.4426473595809297 0.20067422853482 0
1889 0.4426700095202785 0.1903812965049773 0
1890 0.4515275782898561 0.1954592867736132 0
1891 0.432019560193746 0.1855113396715106 0
1892 0.1936126613411472 0.7430050115440374 0
1893 0.8575858949953444 0.2473718688988847 0
1894 0.5601424023973951 0.0641801994481519 0
1895 0.5513279103908223 0.06927473429411715 0
1896 0.5513373584751023 0.07945836002929844 0
1897 0.5425181689530827 0.07436815233246713 0
1898 0.2076173350951556 0.4571119550668438 0
1899 0.217432389045319 0.4513840013282401 0
1900 0.2175164606230303 0.4627861543658956 0
1901 0.9222036402242907 0.1237521321872925 0
1902 0.9221091053791233 0.1125827449516474 0
1903 0.9124235066679549 0.1070677823256277 0
1904 0.9219914920406631 0.1014349116890063 0
1905 0.9123617648256197 0.09597530995512212 0
1906 0.9217619937982156 0.09036435416049089 0
1907 0.9122528409353284 0.08492758153283816 0
1908 0.9215615939399343 0.07937603424468929 0
1909 0.9122128449494789 0.07397050141694086 0
1910 0.9214989198436043 0.06848482422731129 0
1911 0.07779623008592081 0.1237520457192254 0
1912 0.077891158798747 0.1125821312003758 0
1913 0.08757648887718864 0.1070676438176549 0
1914 0.07800666325607061 0.101432709990836 0
1915 0.08763792704920033 0.09597491992134007 0
1916 0.07823765946242439 0.09036392236895402 0
1917 0.08774715906496658 0.08492758153316819 0
1918 0.0784383603500363 0.07937596244347424 0
1919 0.08778714741924062 0.0739704894272824 0
1920 0.07850107128080779 0.06848481026257892 0
1921 0.1936406444235531 0.9279809515504659 0
1922 0.181750425683371 0.9279820483451259 0
1923 0.09674619951243973 0.1791886889982739 0
1924 0.08707395332721479 0.1735744699785916 0
1925 0.0870456221474529 0.1848019409810139 0
1926 0.07729510358979211 0.1791439210199241 0
1927 0.0771248405746659 0.1899354143638198 0
1928 0.579101122147484 0.8762225378988722 0
1929 0.4960058926696114 0.8762830343028705 0
1930 0.5315165105452115 0.8768630118341516 0
1931 0.9887508868801256 0.956808471126281 0
1932 0.04124245270286062 0.9898397516542234 0
1933 0.8638690436270517 0.741475196552978 0
1934 0.4515399660356049 0.1851519614288106 0
1935 0.4604314554440531 0.1902979315269045 0
1936 0.3622262481653331 0.05727835645689944 0
1937 0.6384383139565371 0.8761715906074359 0
1938 0.3532426268038234 0.06265219983031327 0
1939 0.8313636579344827 0.3115198311749786 0
1940 0.8946518448740807 0.6408093962373997 0
1941 0.9048907505908093 0.6467035924742129 0
1942 0.08787568947384583 0.0631635345728845 0
1943 0.09716813135494248 0.06861368257836163 0
1944 0.9121233824551148 0.06315770532082282 0
1945 0.9028318118174183 0.06861332927166561 0
1946 0.07417881221968886 0.264149351710353 0
1947 0.07413099948042236 0.2756046900205448 0
1948 0.07425406723046524 0.2526542026179741 0
1949 0.5425068746295509 0.06418942311421855 0
1950 0.5337020647686042 0.06928009120643285 0
1951 0.577820107010899 0.09474061890053505 0
1952 0.07485149643774794 0.9074750896703323 0
1953 0.07485971440923131 0.8251101255571661 0
1954 0.06891855379686562 0.8148153013797081 0
1955 0.07486353864982072 0.8045218788559613 0
1956 0.1583363035537409 0.4514531158176923 0
1957 0.1484267994544306 0.4571668748619186 0
1958 0.1496003052264162 0.3117966740236586 0
1959 0.1592439289274228 0.317438240203507 0
1960 0.07642290450454026 0.7322293420734181 0
1961 0.2274200860791839 0.4569773674004144 0
1962 0.22746214710217 0.4684874759205427 0
1963 0.9325691633744072 0.1960143273496017 0
1964 0.06750663513451674 0.1848171726464051 0
1965 0.06722040797359689 0.1953292220926785 0
1966 0.7724392145683809 0.4683864306899869 0
1967 0.7723965776458118 0.4798642899248488 0
1968 0.8411555326565676 0.4630233150770912 0
1969 0.8511321790878064 0.4572892473308582 0
1970 0.8120624935029743 0.5360061947768429 0
1971 0.8021410029467695 0.5416183421036123 0
1972 0.3336359722925599 0.1357111611664554 0
1973 0.3425591132718298 0.1305967300273584 0
1974 0.08403184529088481 0.2813728509650324 0
1975 0.07362906496756294 0.2870703952126803 0
1976 0.392120125360204 0.6710977234395354 0
1977 0.3821829089805205 0.6764869688487969 0
1978 0.189004411597626 0.6670420224996551 0
1979 0.1889921660294379 0.6552401857412501 0
1980 0.189020620319562 0.6788492072263611 0
1981 0.9256719808722262 0.907682402818164 0
1982 0.9256722252983464 0.8957864857508526 0
1983 0.9256712068027896 0.9195774825523857 0
1984 0.6746617724296715 0.2936034573103978 0
1985 0.7095787105312008 0.8555770601831467 0
1986 0.7214923004128686 0.855567035312071 0
1987 0.3177947019502301 0.7122985155310511 0
1988 0.07644065606209939 0.7441091221929454 0
1989 0.07080979902749328 0.3564057524667002 0
1990 0.07080460238779085 0.3679538357013288 0
1991 0.0708278320155431 0.344879494120511 0
1992 0.3977803008830259 0.298468502878418 0
1993 0.3977674125772591 0.3087665187546419 0
1994 0.4066891157003535 0.3036299178298147 0
1995 0.4066776965614087 0.3139221920872 0
1996 0.415595269890744 0.308787388570904 0
1997 0.415581666197901 0.3190774211697609 0
1998 0.4066678820427175 0.3242106624056101 0
1999 0.4155693726556461 0.3293642559551995 0
2000 0.4244811526281776 0.3242320762363261 0
2001 0.4066580935732559 0.3344954602376767 0
2002 0.4244689176475147 0.3345145998804948 0
2003 0.4333783304673497 0.3293858798595067 0
2004 0.46041547774931 0.2005894391742542 0
2005 0.469335331606006 0.1954499438950769 0
2006 0.4693184053575999 0.2057424235780389 0
2007 0.4782448327263147 0.200615257532795 0
2008 0.06865529764471028 0.09575707675163395 0
2009 0.9313448670472892 0.09575803242343058 0
2010 0.4639907295095957 0.7355332368763018 0
2011 0.4742196250941025 0.7414533614907253 0
2012 0.4742319206788855 0.7296362847454746 0
2013 0.4844592512959437 0.7355548162214681 0
2014 0.4844783955272431 0.7237513926669519 0
2015 0.4947174621513383 0.7296615219594715 0
2016 0.4947205042807532 0.7178589970604887 0
2017 0.5049615157721812 0.723758431237159 0
2018 0.504951069609183 0.7119525259923396 0
2019 0.51516619874994 0.7178664553679234 0
2020 0.5151784469452737 0.7060577078435992 0
2021 0.5254263150863607 0.7119737091761373 0
2022 0.5254150067735572 0.7001677424072158 0
2023 0.5356682444942729 0.7060691416968272 0
2024 0.5356474014020388 0.6942756652122157 0
2025 0.5458584470200192 0.7001849532066252 0
2026 0.5458694001775661 0.688386333765323 0
2027 0.5560829401053866 0.6942968051459305 0
2028 0.5561205309071313 0.7060732466378934 0
2029 0.5662961019088263 0.700208793184617 0
2030 0.51517773342614 0.6942525754790282 0
2031 0.5663065221919575 0.6884068652869145 0
2032 0.5765225446038154 0.6943161577117796 0
2033 0.5765660811070934 0.7060888158057741 0
2034 0.5867379099081934 0.7002258975852045 0
2035 0.5867465605824803 0.6884237361150445 0
2036 0.5969638099364407 0.6943313831702801 0
2037 0.5969545327403049 0.7061344291870155 0
2038 0.6071803898015976 0.700239754534467 0
2039 0.6071873749453049 0.6884369578336699 0
2040 0.6174066178481579 0.6943428764494117 0
2041 0.61739903523312 0.7061472907848223 0
2042 0.6276246243220152 0.7002502133641564 0
2043 0.6276322588699438 0.6884463140269045 0
2044 0.6378488505522778 0.6943529039323997 0
2045 0.6378551530281126 0.682551410140385 0
2046 0.6480712882156417 0.6884560143782523 0
2047 0.6276220759381463 0.7120551001149855 0
2048 0.6480750532268313 0.67665844044461 0
2049 0.6582913510270266 0.6825599260652386 0
2050 0.6582987545700913 0.6943584252729256 0
2051 0.5254802307546531 0.7237776082842395 0
2052 0.6378441121031849 0.6707488725099271 0
2053 0.6582954094148608 0.6707645897949145 0
2054 0.9048782108007127 0.6348951072070166 0
2055 0.9151175980718124 0.6407888781780081 0
2056 0.9151101242787961 0.6289753002302075 0
2057 0.9253544965997343 0.6348738966617942 0
2058 0.9252445298381585 0.6232253922432167 0
2059 0.7817060618211662 0.8245144016503707 0
2060 0.7714396017018577 0.8185832645107544 0
2061 0.7722154812062385 0.4567228386099094 0
2062 0.3119306439827866 0.722529204725492 0
2063 0.1788001119911596 0.6847665025566095 0
2064 0.3710293452736642 0.2623469893457043 0
2065 0.9128309198136995 0.230098726129513 0
2066 0.9227182224423082 0.2357900631072126 0
2067 0.115964631515607 0.1791556168569646 0
2068 0.1255266692126948 0.1736569746961689 0
2069 0.837328439046692 0.1513056407017978 0
2070 0.831399098667348 0.3336117414183484 0
2071 0.8218362299487159 0.3280795187030067 0
2072 0.6836669191916084 0.2988235938223936 0
2073 0.453766761164871 0.6705840613096179 0
2074 0.3236970605275152 0.7020751997130671 0
2075 0.5689529582158567 0.05908744902497699 0
2076 0.1484438829968302 0.4457271190796289 0
2077 0.1385098015170541 0.4514349528808385 0
2078 0.1384861636461054 0.4629163659407158 0
2079 0.1285332153504568 0.4571600104223055 0
2080 0.1285181154658735 0.4686808113262792 0
2081 0.118520455620552 0.4628662105555704 0
2082 0.1185063169261094 0.4744651130249765 0
2083 0.1084733371217507 0.4686188527218889 0
2084 0.1084644190292149 0.4802619238790725 0
2085 0.09841151562106001 0.4744396932593534 0
2086 0.09840254243102677 0.486073471341548 0
2087 0.09842630104775425 0.4627388599915476 0
2088 0.08831726528144486 0.480243029787115 0
2089 0.08830049116751337 0.4919055800371793 0
2090 0.07819669358549078 0.4860567835382918 0
2091 0.07817792298203133 0.4977471109727312 0
2092 0.08830131114431011 0.5035975392940684 0
2093 0.07816829990313867 0.5094516184093502 0
2094 0.08831304725753986 0.5153167903132087 0
2095 0.07815837231777539 0.5211762014005294 0
2096 0.1286594914885838 0.4459797488800066 0
2097 0.06802796135155192 0.5035435927676866 0
2098 0.08831704610789187 0.5270450601567515 0
2099 0.07814859623483969 0.5329151070973063 0
2100 0.6685115564565719 0.6766648948611302 0
2101 0.06764964163696685 0.174001907593301 0
2102 0.9359964026593112 0.806886410160091 0
2103 0.9359213477265663 0.7948700143735845 0
2104 0.0883247262971722 0.5387949083747009 0
2105 0.07814115483520941 0.5446690121660087 0
2106 0.0883288006518213 0.5505545228585295 0
2107 0.07813368454265789 0.5564317985685835 0
2108 0.08832590459584445 0.5623203876389413 0
2109 0.07812587430724574 0.5682128581611601 0
2110 0.06791900735856614 0.5623150747260635 0
2111 0.06791207462235432 0.5741096106575411 0
2112 0.07812925828595636 0.5800090973206292 0
2113 0.06791160369148787 0.5859136701774772 0
2114 0.4782251799685941 0.2109038377439137 0
2115 0.4871482313820402 0.2057725376136392 0
2116 0.433365100290815 0.3396640244260145 0
2117 0.4422715476988132 0.3345373129455375 0
2118 0.5336946728966747 0.05910946619110623 0
2119 0.5248908753424372 0.06419713501556853 0
2120 0.1758153180351871 0.8765273364951907 0
2121 0.07813898980477785 0.5918191234468957 0
2122 0.06790963621000802 0.5977280254877158 0
2123 0.07814448202205017 0.6036358789973801 0
2124 0.06790633298091391 0.6095498783409798 0
2125 0.4871684656037197 0.1954850807744945 0
2126 0.4960701962929442 0.2006405175539954 0
2127 0.4960539940395227 0.2109329678925524 0
2128 0.5049762870459411 0.205799175318096 0
2129 0.5049583833787472 0.2160995271288704 0
2130 0.5138847968651025 0.2109603583644746 0
2131 0.5138666586859822 0.2212624280924053 0
2132 0.5227949021862953 0.2161216250784394 0
2133 0.5227780500106303 0.2264232979237693 0
2134 0.5317067968882021 0.2212832265472902 0
2135 0.5316901726112607 0.2315865053435362 0
2136 0.08081419898484299 0.33912972905919 0
2137 0.7714332215064734 0.8304348559239074 0
2138 0.3262385513039064 0.28797443407914 0
2139 0.3172286187379997 0.2931656306015822 0
2140 0.3172272965598193 0.3035895726810753 0
2141 0.8929044045606382 0.5825396428596792 0
2142 0.08672508984352502 0.9280573337402697 0
2143 0.09862031238945655 0.9280556608853122 0
2144 0.07483230742393158 0.9280597694774126 0
2145 0.130199751553565 0.3116837449996256 0
2146 0.06426938373740451 0.2583898905672624 0
2147 0.771320685686431 0.889811239971523 0
2148 0.5425255802550595 0.0845552620845412 0
2149 0.8511108663248845 0.4686927712107157 0
2150 0.8610195223293136 0.4629935592081483 0
2151 0.8610303105228737 0.4515664939979651 0
2152 0.8709276911609189 0.4572816262059508 0
2153 0.8709230097053438 0.4457502103112199 0
2154 0.880836440299813 0.4515564466937017 0
2155 0.8808498739078084 0.4630298380193583 0
2156 0.8907994089021649 0.4572855431852917 0
2157 0.8907898082487393 0.4457451633422521 0
2158 0.9007747369622111 0.4515187897934812 0
2159 0.9007598083516568 0.4399694770860299 0
2160 0.910772854564347 0.4457409385262996 0
2161 0.9107462842810347 0.4341901353760426 0
2162 0.9107765686429672 0.4573072546962576 0
2163 0.9208095062395959 0.4515257439951761 0
2164 0.920834104157089 0.4631142984788217 0
2165 0.9308944253697702 0.4573022202179618 0
2166 0.930905297163899 0.4689457540172889 0
2167 0.920812938373017 0.4747505942383468 0
2168 0.01027956549959711 0.04141223022863917 0
2169 0.9897204345007151 0.04141223022888207 0
2170 0.8639848432356272 0.6349196179961141 0
2171 0.8537877581346167 0.6408452019730897 0
2172 0.8125036032081129 0.771186827548125 0
2173 0.8125038061625647 0.7593412041857087 0
2174 0.4014106595897988 0.6641327035486767 0
2175 0.1876973758879679 0.9382783086602302 0
2176 0.1758067306014084 0.938279800925392 0
2177 0.199587747983127 0.9382758638380125 0
2178 0.7155618560471153 0.8452984883444851 0
2179 0.1698602349997147 0.9279821792350178 0
2180 0.1639151653671971 0.9382808261423987 0
2181 0.2374170452549233 0.4626379305890529 0
2182 0.2374546931033281 0.4742032746240488 0
2183 0.078149604499442 0.6154623943382966 0
2184 0.06790517872889855 0.6213790650574753 0
2185 0.2272923336955515 0.445581621178724 0
2186 0.4422587831049773 0.3448133044119835 0
2187 0.4511630157326427 0.339687183285159 0
2188 0.9335646355260089 0.5356038060580162 0
2189 0.933544802324918 0.5473153953891557 0
2190 0.9332073030366188 0.5246850993187436 0
2191 0.851008341958054 0.3121387848502682 0
2192 0.3713649568838003 0.8455448040670427 0
2193 0.8537717725976786 0.6526148100073624 0
2194 0.8435764488775332 0.6467451230063745 0
2195 0.8435436144830413 0.6584878484941303 0
2196 0.833341108957413 0.6526075870431762 0
2197 0.8333214055847372 0.6643753511666279 0
2198 0.8231176564404445 0.6584956973007947 0
2199 0.8231081809472013 0.6702845883403878 0
2200 0.6656674670187492 0.2883849752069295 0
2201 0.2516110966951863 0.7239483659206682 0
2202 0.3654529319487519 0.8969269503666466 0
2203 0.3713940743139862 0.9072066631308342 0
2204 0.3595189633691494 0.9072120015742915 0
2205 0.365461718608474 0.9174946045024603 0
2206 0.3535837808850608 0.9174997575085019 0
2207 0.3595278715324632 0.927785249339761 0
2208 0.3476474515281803 0.9277895502635432 0
2209 0.3714087011788426 0.9277791755088273 0
2210 0.07683491228146269 0.7204724010791632 0
2211 0.1105304760344985 0.3907054472653387 0
2212 0.1006210764229308 0.3963930631156052 0
2213 0.925365697884761 0.6466913129800111 0
2214 0.159247629402782 0.3062694354410203 0
2215 0.1688451292874845 0.3119028669295297 0
2216 0.06616483257700319 0.7381999425351952 0
2217 0.06617819950716179 0.750078640862154 0
2218 0.8576118612332675 0.2584130636675927 0
2219 0.1992157531393185 0.6611275211244966 0
2220 0.1990074182203623 0.6493303650079305 0
2221 0.2163432947340043 0.3733701712438964 0
2222 0.5248868928768484 0.05403059899809982 0
2223 0.5160824571853644 0.05911422539970358 0
2224 0.5160860705464069 0.06928200805559358 0
2225 0.5072796393972594 0.06419705171108334 0
2226 0.8995944436578267 0.3393394623219305 0
2227 0.8409704874182335 0.4744835278643927 0
2228 0.3717748480459254 0.7886340782858892 0
2229 0.3820171451833261 0.7945664337500543 0
2230 0.9356070036562789 0.6407765905807955 0
2231 0.9356192564748841 0.6526104464051565 0
2232 0.2179224028787169 0.2472711015909461 0
2233 0.7820724781921393 0.2473533204174093 0
2234 0.6977890794416517 0.8555835369779419 0
2235 0.09722229598388818 0.05790707349521314 0
2236 0.1064384386815921 0.06329038912122875 0
2237 0.9027900403844652 0.05790554122916249 0
2238 0.8935636079227569 0.06329007493080313 0
2239 0.932606042768179 0.2300865813375076 0
2240 0.932600564122303 0.2415642590141402 0
2241 0.3425267122460593 0.140878691781846 0
2242 0.3514470696591089 0.1357613404122961 0
2243 0.8022480607340396 0.5301843046883419 0
2244 0.7921312766820049 0.5357544600177835 0
2245 0.3614464212930038 0.07852067800839709 0
2246 0.08640789165936261 0.7500196459263903 0
2247 0.540620285044958 0.2264457640761705 0
2248 0.5406061773692653 0.2367493730697102 0
2249 0.8119810247885796 0.5251230009057286 0
2250 0.07859086925658962 0.05769129069402804 0
2251 0.06921097199232329 0.06300969754809256 0
2252 0.921421475103781 0.0576898196398974 0
2253 0.9307910839362632 0.06300945464835234 0
2254 0.9126356902037225 0.5252112517446914 0
2255 0.06433472598025741 0.2468949099546333 0
2256 0.4604437094870562 0.1800016137808484 0
2257 0.05754368846859922 0.190398341109055 0
2258 0.6746770513002932 0.2832044499411028 0
2259 0.6656866448241212 0.2779923563375829 0
2260 0.3514774152446059 0.1254838606025455 0
2261 0.3533972726202705 0.0522044106815459 0
2262 0.3445777544722732 0.05729499099838442 0
2263 0.3818470264994863 0.6653019071160508 0
2264 0.3719577675718437 0.6706106814931716 0
2265 0.3710599370210132 0.6830848472441844 0
2266 0.6685156797097288 0.6648698627440304 0
2267 0.8671999563523124 0.2528637645957822 0
2268 0.06297737522686297 0.8045195768764064 0
2269 0.4426273509007582 0.6653836426745562 0
2270 0.3296046985679212 0.7122948898473711 0
2271 0.5495356075433477 0.2316088644931546 0
2272 0.5495218170603861 0.2419153373886169 0
2273 0.5584519988073312 0.2367731227115286 0
2274 0.1255254816810073 0.1846682338828254 0
2275 0.6787288154313331 0.6707710292181783 0
2276 0.9359741064286636 0.9017356714048865 0
2277 0.9359744360667295 0.889840145829445 0
2278 0.7624695813010141 0.4740724064029436 0
2279 0.762432619018065 0.485596792249767 0
2280 0.7818005829503593 0.6233584336163812 0
2281 0.4639737212216974 0.6764933648947649 0
2282 0.4639869149563061 0.6647012357046318 0
2283 0.5584374958864784 0.2470792215296325 0
2284 0.5673695725548297 0.2419376965537739 0
2285 0.3176659998725374 0.6923528781886473 0
2286 0.1223864463074706 0.8045395732696369 0
2287 0.1164508134639654 0.7942556210908821 0
2288 0.3710422999759666 0.2520210234829527 0
2289 0.3621075895808856 0.2571738429586553 0
2290 0.9024840144934938 0.2233027034303719 0
2291 0.9050249969731351 0.8245481500482345 0
2292 0.9007377444717948 0.4284264215428414 0
2293 0.9107128149979665 0.4226403552958833 0
2294 0.5072779133490813 0.05403196857654843 0
2295 0.4984767476110453 0.05911150460252849 0
2296 0.1687859701204705 0.3007150043346539 0
2297 0.1784224095323413 0.3064485178921449 0
2298 0.1785503322745787 0.3175826567934593 0
2299 0.1891276532267726 0.6905030951080182 0
2300 0.1788114024661615 0.6965806921881725 0
2301 0.09843175930160815 0.5328385345983218 0
2302 0.9437465673145118 0.5414180379437721 0
2303 0.9437705927631352 0.5531989253458403 0
2304 0.06297245192351017 0.8251095403093788 0
2305 0.05588948492732429 0.7441532581164609 0
2306 0.05561810751711574 0.7555450681986319 0
2307 0.3082032544459314 0.2983579581608403 0
2308 0.3081953878313499 0.3087744265350222 0
2309 0.3603578475376018 0.1306453817009954 0
2310 0.3603358579003013 0.1409221683930379 0
2311 0.3692455162508779 0.1358051862525805 0
2312 0.06933369447025535 0.05220707180096956 0
2313 0.05990258542441424 0.05752582031888831 0
2314 0.9306715526345727 0.05216935957306083 0
2315 0.9400986317478564 0.05751949441297627 0
2316 0.4333558135600713 0.3499392760476855 0
2317 0.05431085782460949 0.2526165476914697 0
2318 0.05438493513494883 0.2410594036070962 0
2319 0.1783281408773089 0.2952597981394901 0
2320 0.05769058402255664 0.568204857066781 0
2321 0.09267283744945221 0.9383589098721821 0
2322 0.1045698590142535 0.9383577509539723 0
2323 0.3692258011942492 0.1460827656352884 0
2324 0.378141014914479 0.1409637465855948 0
2325 0.3654730763946166 0.9380730410936649 0
2326 0.3773580356490362 0.9380668745130191 0
2327 0.07815404685220287 0.6272941631607687 0
2328 0.06790399244223375 0.6332155643710489 0
2329 0.06079409886953857 0.3621678777084636 0
2330 0.06079423783868428 0.3737587558743294 0
2331 0.08393512933764927 0.292828343454404 0
2332 0.07126311378827763 0.333106185613359 0
2333 0.2474077783512457 0.4683795811835794 0
2334 0.2474714854622599 0.4799454189008709 0
2335 0.2374853052095697 0.4857780429668757 0
2336 0.2475374101616422 0.4915374992330915 0
2337 0.2375102625991873 0.4973874675889526 0
2338 0.2476000697355528 0.5031654452455521 0
2339 0.2375435496440567 0.5090305301955385 0
2340 0.2476583451303229 0.5148142691848738 0
2341 0.237582625689626 0.5206885224847412 0
2342 0.2477146509921158 0.5264842003767638 0
2343 0.237621249890732 0.532368172624629 0
2344 0.1879234313266453 0.3009759267802444 0
2345 0.1878866408605128 0.2899370685463892 0
2346 0.1350563061031582 0.1791856285089151 0
2347 0.3710835575157914 0.05213741762617097 0
2348 0.8218173534935961 0.3391754168173937 0
2349 0.1582493102303349 0.2938361585439669 0
2350 0.5337126456060715 0.04894370494887772 0
2351 0.7611692325610109 0.8245083890171618 0
2352 0.8122895237324134 0.3336447537667963 0
2353 0.2481281806699304 0.5379204434269489 0
2354 0.2377207753889587 0.5440225357914527 0
2355 0.2484654563026664 0.5491049649687797 0
2356 0.23781923794906 0.5556403357608818 0
2357 0.2482185342924746 0.560972845957561 0
2358 0.2378210641892604 0.5673738208646144 0
2359 0.2479962766655315 0.5731978462502596 0
2360 0.2378133860189762 0.5791897768106781 0
2361 0.2276199325863043 0.573378067120587 0
2362 0.2276546823588021 0.5851282174287189 0
2363 0.2174608664696416 0.5793076329239972 0
2364 0.2175024516108069 0.591046735765375 0
2365 0.2276954176408618 0.5968801953623466 0
2366 0.1065079229326538 0.05266464874576841 0
2367 0.1156681905111233 0.05802148645333231 0
2368 0.1156217631400458 0.06862591071856239 0
2369 0.1247947947089587 0.06334221422245029 0
2370 0.1248397351561528 0.05279223653536252 0
2371 0.1339205398104455 0.05808652874766958 0
2372 0.133960348374896 0.04760421092903012 0
2373 0.1430083188603764 0.05287629713340077 0
2374 0.1429970754457636 0.06334257883082026 0
2375 0.1520733658727421 0.05814086306124314 0
2376 0.1523231840868065 0.06906704786409516 0
2377 0.1611685754489351 0.06346576781340009 0
2378 0.1616769414386974 0.07436431004466859 0
2379 0.1702502814290932 0.06868736712733423 0
2380 0.1701584435463009 0.05816156991173406 0
2381 0.1791835794579013 0.06340349005058232 0
2382 0.1791832847820606 0.07379397606260923 0
2383 0.1881512711610884 0.06858122254781654 0
2384 0.1881564992545119 0.0582187469121695 0
2385 0.1971024772207749 0.06338520588038601 0
2386 0.1881675959517699 0.07896613786329851 0
2387 0.1970897605259153 0.05305325385589034 0
2388 0.2060240782813905 0.05820366870372791 0
2389 0.8934944740948541 0.05266434096901614 0
2390 0.8843325498460236 0.05802138269459595 0
2391 0.8843787012733253 0.06862584130019235 0
2392 0.8752054057129679 0.06334218553470042 0
2393 0.8751602645373354 0.05279223600863601 0
2394 0.8660794925793496 0.05808652390877646 0
2395 0.8660396520345426 0.04760420946015703 0
2396 0.8569916845937873 0.0528762953366872 0
2397 0.8570029225093733 0.06334257957697143 0
2398 0.8479266367272343 0.05814085131610226 0
2399 0.8476768123832887 0.0690670469471345 0
2400 0.8388314205064954 0.063465753373948 0
2401 0.8383230517312896 0.07436432673117827 0
2402 0.8297496958030945 0.06868737700863617 0
2403 0.8298415346671668 0.05816155329374475 0
2404 0.8208248790254427 0.06340351257369747 0
2405 0.8208180827747165 0.0737940158715522 0
2406 0.8118502899793493 0.06858123861578774 0
2407 0.8118536133878582 0.05821874532485925 0
2408 0.8028993569334071 0.06338519600214224 0
2409 0.8118328252654923 0.07896620214943062 0
2410 0.8029121340747137 0.05305318730038563 0
2411 0.7939763964970652 0.05820362307540128 0
2412 0.6787334898844783 0.658977297964769 0
2413 0.4960860966014589 0.190349914440494 0
2414 0.5327094505371722 0.2098370268443425 0
2415 0.06812897711882306 0.1180965216357482 0
2416 0.9318711371477495 0.1180969096838384 0
2417 0.9319492103767285 0.1293500053655213 0
2418 0.8128981649041452 0.6643930054922467 0
2419 0.8128871890741507 0.6761859204148296 0
2420 0.9425666414176481 0.2357935822399079 0
2421 0.9425478527845473 0.2473217567801577 0
2422 0.812267436997217 0.3226867204458679 0
2423 0.4984799657278265 0.04895020278063844 0
2424 0.489679151804068 0.05402838630075094 0
2425 0.4511503066237402 0.349959991104581 0
2426 0.4600531332214935 0.3448357572778916 0
2427 0.4600668692847997 0.3345620146159159 0
2428 0.4689574319343393 0.3397116087273061 0
2429 0.009559627765986473 0.1374784160473064 0
2430 0.9898094253574309 0.1367245705099655 0
2431 0.9898367224882662 0.1845308169862981 0
2432 0.7916162703356057 0.1251137220347468 0
2433 0.2083837358946789 0.1251137910271441 0
2434 0.2473975389816974 0.4567968411896349 0
2435 0.4741919763278604 0.6706084828819053 0
2436 0.4745236422686588 0.6593705697059893 0
2437 0.2714605496072851 0.2249717489940996 0
2438 0.728577983054976 0.2249793851314117 0
2439 0.4844615153595833 0.6648166592269362 0
2440 0.01029912646220792 0.3035488347638111 0
2441 0.9897738152914216 0.3026242611055703 0
2442 0.5587317480450313 0.1499198638475741 0
2443 0.5217174864689719 0.1285686448882638 0
2444 0.01030982623557188 0.4345238095256184 0
2445 0.7102480605224069 0.5119846299562958 0
2446 0.5935195897635188 0.1802236086220783 0
2447 0.4595536024151536 0.09287570820290605 0
2448 0.9899169720775804 0.3634252284800051 0
2449 0.9898517733021006 0.446233786398942 0
2450 0.3164279784199436 0.1989101946405657 0
2451 0.6819838976999055 0.2007586629787622 0
2452 0.2060748975378784 0.06854797027867904 0
2453 0.2149617157712505 0.06333967981044024 0
2454 0.2149339858816967 0.05305260401745004 0
2455 0.2238416822861277 0.05817396402082196 0
2456 0.2238134606862238 0.0479026233426815 0
2457 0.2327030295052177 0.05302166787919692 0
2458 0.7939253443820917 0.06854797802039256 0
2459 0.7850382161184229 0.06333965155693176 0
2460 0.7850659136496776 0.05305252761021603 0
2461 0.776157737114354 0.05817327705489908 0
2462 0.7761862560988614 0.04790240908527107 0
2463 0.7672962886811965 0.05302081825221473 0
2464 0.01030762759396311 0.4940270971600041 0
2465 0.9899603438385319 0.4935045972846238 0
2466 0.3255548953266593 0.09902561084683777 0
2467 0.2081765223680837 0.1668955830435231 0
2468 0.2891790749762689 0.07914589432127483 0
2469 0.2807960958772617 0.0739706921465407 0
2470 0.2893979501923603 0.06885918205095606 0
2471 0.280602892308549 0.0636982773742677 0
2472 0.289419955715303 0.05861677481233644 0
2473 0.280612678805056 0.053476217966415 0
2474 0.2894644427827639 0.04841693816643046 0
2475 0.2982642782785428 0.05354886530842486 0
2476 0.2983092165067033 0.04336030525742735 0
2477 0.8227597154475723 0.7652602339158454 0
2478 0.8227582519704538 0.7534181560224589 0
2479 0.8125029011174757 0.7474971926507645 0
2480 0.8227547985467304 0.7415760129351598 0
2481 0.8125048341833928 0.7356555138339195 0
2482 0.8227537585191783 0.7297375346248156 0
2483 0.8125059489987112 0.723820653317345 0
2484 0.7918939874256499 0.1671547723170277 0
2485 0.7713229190432593 0.8779367043646003 0
2486 0.2534502652145113 0.1304894777992901 0
2487 0.7465667789580817 0.1304571877605342 0
2488 0.7108203442634103 0.07914660068347484 0
2489 0.7192016919350126 0.07397147285164335 0
2490 0.7105997747612701 0.06885807280023894 0
2491 0.7193944499786481 0.06370179154200613 0
2492 0.7105780278093213 0.05861793915126662 0
2493 0.7193839604366863 0.05348127931719866 0
2494 0.7105397934103606 0.04841912230379082 0
2495 0.7017337441812564 0.05354986699456569 0
2496 0.7016962730272611 0.04336629776633093 0
2497 0.6928624328603961 0.04850122714826778 0
2498 0.6219615150814168 0.06918405854339579 0
2499 0.6307817362257955 0.06407102164787971 0
2500 0.6219439826062062 0.05899825656672049 0
2501 0.630753502032404 0.05389037986729876 0
2502 0.6395824297515108 0.05895609939686874 0
2503 0.639552878178129 0.04878368850070938 0
2504 0.6483733221037724 0.05384360508860248 0
2505 0.4689717919744716 0.3294363521153795 0
2506 0.477862661293351 0.3345868094049159 0
2507 0.4778478954991829 0.3448611226453473 0
2508 0.4867459062260406 0.3397369880637891 0
2509 0.12832168687923 0.7942561763891299 0
2510 0.1223855500677671 0.7839735626212101 0
2511 0.1342722980819366 0.7839814232302269 0
2512 0.4515490269832683 0.1748407528040738 0
2513 0.8022579137036396 0.7297365586065379 0
2514 0.8022691733900024 0.7179203607086591 0
2515 0.4329682343299028 0.08777136836198501 0
2516 0.6200605046672794 0.215956681448431 0
2517 0.6110634725664392 0.2211009495093622 0
2518 0.6200277815962745 0.2262586361870802 0
2519 0.6112964559921881 0.2314324449491481 0
2520 0.6200716930348166 0.2365848400817939 0
2521 0.6111377861636891 0.2417623030418843 0
2522 0.4959076252480101 0.2934372986855583 0
2523 0.3978110380772893 0.2778617590844926 0
2524 0.531571002717281 0.3140236994746754 0
2525 0.5356551520293256 0.6824765580075457 0
2526 0.4718542493057966 0.8763484253874778 0
2527 0.5547756267023625 0.8763551549221057 0
2528 0.602837022230797 0.8762064912537191 0
2529 0.6074898757098844 0.7829675676870973 0
2530 0.5459779429860714 0.7829282363005154 0
2531 0.1036168787066389 0.2700100700993432 0
2532 0.6618573491816089 0.8764334633618388 0
2533 0.658761074411692 0.7770699902479647 0
2534 0.08834794294005283 0.5859028193765952 0
2535 0.4947435699614689 0.7414798914263052 0
2536 0.7611733555433553 0.8126536794225294 0
2537 0.5357292113230159 0.7770030656357956 0
2538 0.5459839326611224 0.7710949073387983 0
2539 0.5673542633954192 0.2522437124611741 0
2540 0.597244314498269 0.7770459705782966 0
2541 0.6074946499340385 0.771134613349308 0
2542 0.5972029175400788 0.7652117315353646 0
2543 0.6648088563229143 0.2210589003657122 0
2544 0.6074764494735613 0.8184888591856299 0
2545 0.6177315704073026 0.8244159070382273 0
2546 0.5458780363685668 0.6765889264728117 0
2547 0.5356707716236092 0.670681289497826 0
2548 0.5458882567371683 0.6647964831744154 0
2549 0.535685684319285 0.6588904111685486 0
2550 0.5459481683523375 0.8184500190147205 0
2551 0.5562040920115994 0.8243808884594386 0
2552 0.988308317279786 0.6956021880330205 0
2553 0.9904461639462642 0.7440501727566585 0
2554 0.989693670489043 0.5892822164024866 0
2555 0.9896901737644438 0.6369047619038046 0
2556 0.9896901737644438 0.803571428570912 0
2557 0.009997862845718908 0.8024195423000263 0
2558 0.01030982623545746 0.6964285714292897 0
2559 0.6123449649504233 0.3901456221661148 0
2560 0.6534582824697172 0.3913984294262701 0
2561 0.3864737784265236 0.3912208843345421 0
2562 0.314983653437378 0.9896944256119102 0
2563 0.8035709773734796 0.9901548336604319 0
2564 0.6841843935885037 0.9899764267420117 0
2565 0.6369033858916011 0.9896908321505937 0
2566 0.2233407705632111 0.8970989540488176 0
2567 0.2292835672615509 0.9073874350204196 0
2568 0.2352245972271144 0.8970985448361855 0
2569 0.2411649769402944 0.9073846874601061 0
2570 0.247101914865389 0.8970946825471257 0
2571 0.2530447680232402 0.9073812384411608 0
2572 0.2471075424891122 0.9176723549304284 0
2573 0.2589894693466226 0.917669262625337 0
2574 0.2649230825484145 0.9073759901062172 0
2575 0.270870836616705 0.9176653537253732 0
2576 0.2649337964262541 0.9279589404431463 0
2577 0.2768177911197218 0.9279539539103687 0
2578 0.282754496922472 0.917660658113884 0
2579 0.2887017065980285 0.92794856943666 0
2580 0.294637761568148 0.9176546039529099 0
2581 0.2708799660546851 0.9382497328462702 0
2582 0.2411632721544611 0.8868108140626081 0
2583 0.2886862329190577 0.9073673074022089 0
2584 0.4960394300576461 0.2212481220359669 0
2585 0.720650578715354 0.8760656030170481 0
2586 0.1995554761253805 0.8559546739232478 0
2587 0.2530368265635015 0.8868063363060368 0
2588 0.2470978468283192 0.8765241808871204 0
2589 0.1992744211739608 0.6847154500712201 0
2590 0.0103097942502666 0.8630949437611047 0
2591 0.7302268866993742 0.7120641929470509 0
2592 0.1366777682051839 0.9896894246285652 0
2593 0.8630952507981955 0.9901381755048544 0
2594 0.9896764798493041 0.8630882244507966 0
2595 0.9108274972499315 0.9902107336552493 0
2596 0.959145791588349 0.9902178633769025 0
2597 0.009862232301272957 0.9109273012354198 0
2598 0.01013970963686622 0.9580382706664358 0
2599 0.487085656522194 0.2573503048953607 0
2600 0.4333929998997301 0.3191050192744701 0
2601 0.1876895894727367 0.7532636237878878 0
2602 0.1817674971274414 0.7430036959930875 0
2603 0.175842625809447 0.7532625531408332 0
2604 0.4330427977931172 0.1184652391303303 0
2605 0.3239176181893959 0.8250364271667019 0
2606 0.9153686165692685 0.9255234812735914 0
2607 0.9256698570816778 0.9314740361096621 0
2608 0.9153656738203632 0.9374205373910118 0
2609 0.9359736284044535 0.925527018576531 0
2610 0.9359725831167233 0.9374248061927717 0
2611 0.3397933310624462 0.6105516318229571 0
2612 0.8227541905696089 0.7179022490850394 0
2613 0.3463438231921681 0.3911918611921786 0
2614 0.8030094916855359 0.009383747036947158 0
2615 0.1969904867814338 0.009383787473765146 0
2616 0.2589934128522502 0.9382541964571793 0
2617 0.7816812368305532 0.8363662092793653 0
2618 0.7101885341621925 0.558823529411665 0
2619 0.8947013679766145 0.7236491471457143 0
2620 0.4844204117924696 0.8183904302345264 0
2621 0.4741532724506475 0.8243017167541519 0
2622 0.5404706601236917 0.3191786998304048 0
2623 0.5314950478864732 0.3243275044935114 0
2624 0.5404423437564447 0.3294630841184824 0
2625 0.5315331319772947 0.3345898934852608 0
2626 0.5404337071188785 0.3397382771204538 0
2627 0.5315298148879698 0.344862205345262 0
2628 0.5404169711403095 0.3500062999879002 0
2629 0.5493235122890106 0.3448875497922029 0
2630 0.604331261562336 0.09983146343082568 0
2631 0.2765016622219926 0.825050221825249 0
2632 0.2646499661156515 0.8250556864873759 0
2633 0.2587217658386737 0.8147918624564847 0
2634 0.2527970160035771 0.8250571703528706 0
2635 0.6476001376233209 0.3298352585767338 0
2636 0.6386360656624541 0.3349767143544869 0
2637 0.6475673761067338 0.3401671553688576 0
2638 0.6386139798368379 0.3453078661474389 0
2639 0.6296895064828766 0.3401251689462955 0
2640 0.3615341947062892 0.7827019346877507 0
2641 0.8638875480337561 0.8245290171593956 0
2642 0.9050247391216223 0.7889086101917169 0
2643 0.05624706699518548 0.7324680165672427 0
2644 0.252813523747805 0.7840180913485766 0
2645 0.791887641372931 0.9135762067651784 0
2646 0.7815960036005919 0.919515069961551 0
2647 0.7918865831603867 0.9254595894917822 0
2648 0.7815913791962253 0.9313995747275264 0
2649 0.7713010665693254 0.9254536507884465 0
2650 0.771148395053885 0.9370837953143352 0
2651 0.7609790376060569 0.9313499076287848 0
2652 0.791883247177835 0.937346165639185 0
2653 0.8021788768671423 0.9314043251903971 0
2654 0.6787367746636545 0.6825604928431362 0
2655 0.7037573781197631 0.9069759606808701 0
2656 0.4230079607664869 0.7591232556452062 0
2657 0.6564065079959472 0.9069954841406798 0
2658 0.1283274711921459 0.8765570168943391 0
2659 0.3336027419773616 0.1460003780445712 0
2660 0.06891529588445867 0.8354063944387679 0
2661 0.6486203102105935 0.1151333471328728 0
2662 0.6397614551311709 0.1202748527034766 0
2663 0.6486454885330747 0.1253850769726539 0
2664 0.6397779771140304 0.1305326290499254 0
2665 0.6486705569556996 0.1356482459473942 0
2666 0.6397860627396833 0.1407985556914816 0
2667 0.6308822214379042 0.1356774671826013 0
2668 0.6308984037424882 0.1459520316143567 0
2669 0.621984128050314 0.14084059703525 0
2670 0.6486930233739194 0.1459197389793113 0
2671 0.6575829452792632 0.1407626177389772 0
2672 0.8480439335915579 0.2639600956122022 0
2673 0.8576159567010537 0.2694694889242883 0
2674 0.6582915575934183 0.658968476069558 0
2675 0.07821878190866262 0.4743782499343823 0
2676 0.8537717201326002 0.6290270626483698 0
2677 0.8741949483106954 0.8660562803825884 0
2678 0.3922767872223195 0.788659983420033 0
2679 0.392263293296702 0.800498885507723 0
2680 0.05770203963028213 0.5563983525127173 0
2681 0.9117799699612832 0.2418012016571825 0
2682 0.2113884124664017 0.7943085816529682 0
2683 0.3352381349726888 0.2209523262444631 0
2684 0.6836423204331488 0.3092433130264717 0
2685 0.6926837404528809 0.3040539819745415 0
2686 0.6926536937080874 0.3144874031207398 0
2687 0.6927015714242415 0.2936339093243023 0
2688 0.6173912375620764 0.7179551386869258 0
2689 0.6276181876285594 0.7238648546336104 0
2690 0.9207558634689985 0.4283899178465288 0
2691 0.9207213699085879 0.4168088944047653 0
2692 0.9307877459663471 0.4225696549103742 0
2693 0.9307439003415828 0.4109567310589937 0
2694 0.9208061770180574 0.4054144816047542 0
2695 0.9307033581054736 0.3993524017723648 0
2696 0.9407884108769273 0.405104604701576 0
2697 0.9407354494084991 0.3934681263987977 0
2698 0.9306448954434823 0.3877045969820699 0
2699 0.9406695430717102 0.3818286051925374 0
2700 0.1579682062739546 0.9279817775588174 0
2701 0.2706209169318378 0.8353298611021822 0
2702 0.06796094082126075 0.526977598107325 0
2703 0.06807499068657039 0.4801975614599375 0
2704 0.06809980500539395 0.4684890078597611 0
2705 0.1520226730724256 0.9382815431206849 0
2706 0.9094649305170268 0.3336215337582887 0
2707 0.8609781762301016 0.4744600269658562 0
2708 0.9325620746024378 0.184661465333764 0
2709 0.06353645880446621 0.2811469656840395 0
2710 0.1881793598452163 0.04789553518456213 0
2711 0.8118310984684568 0.04789548391363044 0
2712 0.2589702025706115 0.876520680928264 0
2713 0.3720777301218144 0.6585126666120514 0
2714 0.3618242999243879 0.6645592176456678 0
2715 0.9044480783307571 0.008151220606580096 0
2716 0.09555192165474671 0.008151220632325 0
2717 0.1159712361895752 0.1902072766270737 0
2718 0.180805378367211 0.1723309171310943 0
2719 0.8525135305470884 0.5590243303393112 0
2720 0.8314013945380663 0.4233592798115747 0
2721 0.1783243043803711 0.4177676149678806 0
2722 0.3744084440328852 0.9897807367319424 0
2723 0.2262541453555806 0.4010452643088845 0
2724 0.9417139195509017 0.1236348450987142 0
2725 0.9416901362620067 0.1348488761530268 0
2726 0.1204406708414856 0.3172676936448465 0
2727 0.715556293532269 0.9070108357957138 0
2728 0.7096892772870058 0.9172655497528073 0
2729 0.3417068626870441 0.9175054657610408 0
2730 0.3005851762355848 0.9279427528954139 0
2731 0.2946488468139655 0.9382380291359743 0
2732 0.3065346105556889 0.9382328050868591 0
2733 0.8838587701496354 0.1788686709948779 0
2734 0.8744421008672313 0.1736074878294387 0
2735 0.8742643137209103 0.1843160470875093 0
2736 0.8649030644718407 0.1791294436345593 0
2737 0.1936442715597015 0.9485756320682499 0
2738 0.3583424611638951 0.00801303820402666 0
2739 0.06088967652812954 0.3390543989319801 0
2740 0.06187401917619193 0.3272167112506873 0
2741 0.2276455849044811 0.5264367274407629 0
2742 0.3172438776916736 0.2827648185113322 0
2743 0.3262554005656543 0.277576095719529 0
2744 0.2055373188059462 0.9485733509112482 0
2745 0.1699209535854189 0.7430012886107894 0
2746 0.6296712920825001 0.3504370012096456 0
2747 0.6207573698558237 0.3452647486762022 0
2748 0.728462360240397 0.06901251625667647 0
2749 0.2715738774023996 0.0689367010758348 0
2750 0.1084777361586955 0.4918956720953801 0
2751 0.6219339841223595 0.04882077405339157 0
2752 0.05766017048050676 0.6036098277552692 0
2753 0.7509000033072812 0.8185788101459966 0
2754 0.8741952329267031 0.6290238319910716 0
2755 0.2175398646445667 0.6027956443388043 0
2756 0.2277468797612073 0.6086327140019978 0
2757 0.1480920848906071 0.5379348604816464 0
2758 0.745558931269943 0.3948815372993039 0
2759 0.3613990130207927 0.7943354814406353 0
2760 0.2469407584750248 0.6714191918612553 0
2761 0.486728489567004 0.3500100578099366 0
2762 0.2275906030306238 0.5500006355562829 0
2763 0.8800072405486159 0.3844675183371429 0
2764 0.4638828878186974 0.6522429525104866 0
2765 0.2239750065286626 0.06853360256778927 0
2766 0.7760297703485488 0.06853301553794328 0
2767 0.7100498482225037 0.6177239816322533 0
2768 0.6200636491425288 0.2469171008427945 0
2769 0.6290010625273734 0.2417358813797551 0
2770 0.1378804989320672 0.5905385704760474 0
2771 0.6517766708398415 0.008484533150860972 0
2772 0.0680534154815924 0.1293548306732047 0
2773 0.05828548615318372 0.1236354138662928 0
2774 0.6110030787007182 0.2516823698793462 0
2775 0.7821762471169322 0.4855597322180898 0
2776 0.4604606061765282 0.1697118057454557 0
2777 0.4518747912173444 0.1650856312264775 0
2778 0.8021770371000324 0.9432932427486743 0
2779 0.8124759458305091 0.9373496629059452 0
2780 0.9410172174535762 0.4630961460876889 0
2781 0.941023051524026 0.4748126259460774 0
2782 0.6746931461896974 0.2728122693586282 0
2783 0.6657056547469857 0.2676029996001126 0
2784 0.05823092332022064 0.135014410824379 0
2785 0.7608233037666168 0.9429744252291821 0
2786 0.05702509945844219 0.8354059938699311 0
2787 0.06296989459556389 0.8457053315267189 0
2788 0.5072792280720371 0.0743709293804531 0
2789 0.09688645507098444 0.6731541199486016 0
2790 0.08670888779102642 0.6789468890456902 0
2791 0.6475390748151839 0.3504900629908523 0
2792 0.6564883771172516 0.3453591935338168 0
2793 0.7611190849282315 0.8363743102138044 0
2794 0.1993850169127192 0.6963669580990053 0
2795 0.5458998120193819 0.653008183414727 0
2796 0.5561020890743827 0.6589115822525626 0
2797 0.5072812800733291 0.0438759655115874 0
2798 0.9094759615734358 0.3450096526480633 0
2799 0.9194184615261177 0.3393051379453749 0
2800 0.1105447001517326 0.4021133826848873 0
2801 0.1006262671737198 0.4078484737209354 0
2802 0.09068024106828296 0.402125363418914 0
2803 0.0906857295163416 0.413623016648455 0
2804 0.08069981332261887 0.4078726281432025 0
2805 0.0805296940503189 0.4191248455955716 0
2806 0.07064091473015963 0.4136005153217817 0
2807 0.9424381081818153 0.1902764777459816 0
2808 0.9424366156485555 0.1788779150070746 0
2809 0.5459379048637413 0.8302973284762293 0
2810 0.3446143969406939 0.04705064390079697 0
2811 0.9896901737645011 0.2559523809517755 0
2812 0.6074718128495975 0.8303329756100097 0
2813 0.1466553442051438 0.007860135614692265 0
2814 0.8533467122199117 0.007856796260506428 0
2815 0.4844097824481086 0.8302377779395982 0
2816 0.7506733347768424 0.9372740268523599 0
2817 0.8124731226045522 0.9492413094415203 0
2818 0.8227725255920464 0.9432972857346589 0
2819 0.009157460416212513 0.1968243906826078 0
2820 0.05794266089892329 0.4743243635425791 0
2821 0.05797053672373921 0.4625951928083923 0
2822 0.3615922590080506 0.7472149974697557 0
2823 0.3513433667925845 0.753112784254984 0
2824 0.4848768453254264 0.6535777036745674 0
2825 0.4896750249088633 0.06418891695097699 0
2826 0.4808755296869083 0.0591037161535119 0
2827 0.4808823092082036 0.04894368768191862 0
2828 0.4720812040651307 0.05401612545866514 0
2829 0.1520669192909735 0.04766499343596999 0
2830 0.8479330765866538 0.04766499095180536 0
2831 0.6220052376265885 0.1511082463975174 0
2832 0.6130984728510133 0.1459798286472626 0
2833 0.1350511907586263 0.1901576501012647 0
2834 0.8650584162712722 0.1897981841984506 0
2835 0.3619391484709327 0.652432682870473 0
2836 0.3516446349048842 0.6585975530338346 0
2837 0.04746204361819098 0.5622909534010884 0
2838 0.07869816160687547 0.04696418137735588 0
2839 0.9213018383934446 0.04696418137702579 0
2840 0.8671598119418601 0.2417767540752924 0
2841 0.05765066294202869 0.6272946906739669 0
2842 0.05764755448215488 0.6391423320659372 0
2843 0.3781256457541381 0.1512312795331058 0
2844 0.3870369163448946 0.146121707566572 0
2845 0.3425024837748725 0.1511724991106444 0
2846 0.6576104712280237 0.1510451866344613 0
2847 0.6665132910042086 0.1458751168397179 0
2848 0.1435966448640121 0.0749690882227467 0
2849 0.8564033540853084 0.07496908580184521 0
2850 0.8989861046073641 0.2823412032567752 0
2851 0.1973043950217835 0.2954009872532722 0
2852 0.1975044019903447 0.3068189873607046 0
2853 0.1973323665002025 0.2845391816086226 0
2854 0.3603867771480787 0.12037126200868 0
2855 0.3837089687509456 0.6525718632702688 0
2856 0.04747337695722927 0.5504666409557828 0
2857 0.5489215050645209 0.1743684268668921 0
2858 0.5493743290936715 0.2221334565259419 0
2859 0.2479999440984373 0.5850348690969391 0
2860 0.5128732428571205 0.1542313828349582 0
2861 0.8028079883764119 0.3281653195873266 0
2862 0.8027865276993432 0.3172671027325803 0
2863 0.5138932736620319 0.2006647392204375 0
2864 0.8027636683012399 0.339203818938157 0
2865 0.05108200467102247 0.8251074717507543 0
2866 0.9888151726809782 0.5433778806414464 0
2867 0.06008186731949362 0.04670642901656317 0
2868 0.939924115666214 0.04668158593843084 0
2869 0.0875754230531251 0.1962716230549159 0
2870 0.6564649481393962 0.3556917462692111 0
2871 0.6654174983289125 0.3505471592478744 0
2872 0.7017355948066006 0.2988590602679773 0
2873 0.7017413125083709 0.2884364836842766 0
2874 0.9458714949152746 0.646687880386062 0
2875 0.94587763182198 0.6585411368931879 0
2876 0.9458561693256892 0.6348390960648992 0
2877 0.04555865202940338 0.7500221503335114 0
2878 0.04431848484459017 0.246773266657076 0
2879 0.6290118056928835 0.2520747339312123 0
2880 0.05053875613402234 0.05194943012306802 0
2881 0.05039245364129703 0.06294107213116024 0
2882 0.9494310553775361 0.05193793492751969 0
2883 0.9496027195095402 0.06293809890728118 0
2884 0.6177287164596356 0.8362638943095607 0
2885 0.2095228569679858 0.6905982354828626 0
2886 0.2095396600671887 0.7024136778217198 0
2887 0.637958161975049 0.2468907219251628 0
2888 0.5315080494707384 0.3551276251083295 0
2889 0.09862232925910122 0.9486624181723144 0
2890 0.08672391500214528 0.9486633379156602 0
2891 0.1105200991684611 0.9486605941252724 0
2892 0.06481116478297298 0.7627971581667543 0
2893 0.8313534108100344 0.3787009478999468 0
2894 0.2991608643637618 0.3035538479958815 0
2895 0.2991558920640491 0.3139960865890015 0
2896 0.3081900812266474 0.3192173761220428 0
2897 0.2991539669131377 0.3244381728433964 0
2898 0.3081865371453805 0.3296522102306713 0
2899 0.2991715309864788 0.2931155261820486 0
2900 0.2991575159128116 0.3348690150591339 0
2901 0.3081788974268347 0.3400766606964974 0
2902 0.2991614965955102 0.3452862722640742 0
2903 0.3081746027039569 0.3504817594913486 0
2904 0.3171801888729324 0.3452664848480347 0
2905 0.9464249768937014 0.8957884860155392 0
2906 0.9464497181837828 0.883891569632371 0
2907 0.9360035729026654 0.8779433626110632 0
2908 0.9461870757813546 0.8722093001043324 0
2909 0.9462780014519564 0.9314772148334686 0
2910 0.9462769672474219 0.9433767649290681 0
2911 0.7524969497011799 0.4798027714636764 0
2912 0.7524395603537383 0.4913389864225423 0
2913 0.7525244546368686 0.4682542845894587 0
2914 0.7624122513112767 0.4971453803840365 0
2915 0.7523893255564927 0.5029041329470345 0
2916 0.6889451136238812 0.6648777379375168 0
2917 0.159250447610517 0.3286417814434607 0
2918 0.5493047208576588 0.3551545471185614 0
2919 0.5581993964448004 0.3500576121566153 0
2920 0.05107651709458375 0.8457048142644391 0
2921 0.05702302123210719 0.8560067260960134 0
2922 0.3512532374889273 0.788570661852785 0
2923 0.09722226473953542 0.1015896819094972 0
2924 0.9027777352607623 0.1015896819091418 0
2925 0.8026736831294424 0.6702933193369247 0
2926 0.5226496048226386 0.3294352737781672 0
2927 0.8129059112885496 0.6525957998526126 0
2928 0.2148540408544802 0.04274495865571194 0
2929 0.7851457867261018 0.04274479637907506 0
2930 0.8753097161005577 0.1939030855787689 0
2931 0.3442659972135154 0.0677583502656311 0
2932 0.3357250382218325 0.06238769560337375 0
2933 0.1791693022652574 0.08417792810380573 0
2934 0.1881918162328134 0.08937021063956656 0
2935 0.8208309743128722 0.08417801223233312 0
2936 0.8118082394099871 0.08937032558582531 0
2937 0.1626680090444364 0.1513044805018287 0
2938 0.4867673870021401 0.3294617702054015 0
2939 0.7921045398993765 0.5473749724240403 0
2940 0.7820404238519252 0.5415432585991059 0
2941 0.4600410759881575 0.3551072515880179 0
2942 0.4156098597536264 0.2984956324217144 0
2943 0.5316783480938648 0.2418953701937002 0
2944 0.4603978677616813 0.210917119914303 0
2945 0.5584225858159368 0.2573838261050901 0
2946 0.1889796775621811 0.6434433987760924 0
2947 0.2893625775380064 0.6600377361469372 0
2948 0.1105088986298413 0.783959608448952 0
2949 0.3977707951752916 0.3293446735279807 0
2950 0.3977507312087968 0.3396274107274958 0
2951 0.472076759589521 0.04387922525940217 0
2952 0.4632889029663206 0.04893353869963311 0
2953 0.3924274401285099 0.6940991009190217 0
2954 0.5357391034206234 0.7651701284066433 0
2955 0.5459902286788434 0.7592650976658716 0
2956 0.8638925214648422 0.777044333434049 0
2957 0.6130769204134333 0.1357217209552677 0
2958 0.1639100474981085 0.9176814917859587 0
2959 0.1639943995323705 0.7532615062982224 0
2960 0.3621293765715673 0.2468390713863226 0
2961 0.3532158721755988 0.2519093957964478 0
2962 0.8331882563170084 0.6762881879787433 0
2963 0.55619513473069 0.8362282128619064 0
2964 0.8227648270839552 0.8482553601560269 0
2965 0.2573531493533524 0.4625466758332631 0
2966 0.1283234936247565 0.7737000567720344 0
2967 0.7509081831783244 0.8067254965864705 0
2968 0.7406427626072938 0.8126456843370558 0
2969 0.1685708588122198 0.6906834716753856 0
2970 0.168378325888694 0.702505578486345 0
2971 0.3179946033516322 0.8763908891716234 0
2972 0.1460753312669052 0.9279817195091967 0
2973 0.8898172192279553 0.3787088723471695 0
2974 0.6044983473443932 0.1403356184265028 0
2975 0.9358203516751162 0.8663329704163033 0
2976 0.9468119498141345 0.8614144317850634 0
2977 0.0452417639047194 0.7613859686826766 0
2978 0.3069277364953865 0.130482753783908 0
2979 0.3068857788600473 0.1407807861969445 0
2980 0.04425736621649688 0.2583924126172413 0
2981 0.7511313444195771 0.9254236191342373 0
2982 0.9462017693184724 0.8007857413545652 0
2983 0.9460904445894642 0.7890980862455679 0
2984 0.9358879661909216 0.7829897775190742 0
2985 0.9464455172652388 0.7777038472625506 0
2986 0.9359425614100696 0.7711862224121054 0
2987 0.9466262244953194 0.7657152701514875 0
2988 0.935981206533033 0.7592966857882428 0
2989 0.9469070339326509 0.7534023240484121 0
2990 0.9360346162232573 0.7473393374362749 0
2991 0.9467422226095098 0.7414093737977953 0
2992 0.9360337696962424 0.7354248884321475 0
2993 0.9463055667195814 0.72947788810069 0
2994 0.9359445778245954 0.7235283569738278 0
2995 0.9462160769868092 0.7175871402339502 0
2996 0.9468651603397774 0.813525245639932 0
2997 0.9359156116961438 0.7116471533147104 0
2998 0.946153169699419 0.7057079746956145 0
2999 0.9325578327479526 0.2530671209127449 0
3000 0.941711929922184 0.2590676062515627 0
3001 0.2326829397291312 0.04278054441884616 0
3002 0.2415480451674579 0.04788477654668322 0
3003 0.7673167616847743 0.04278037700973582 0
3004 0.7584514652886718 0.04788415109174858 0
3005 0.3172609093539581 0.2723643670055404 0
3006 0.1424251065241454 0.2584927680161992 0
3007 0.6483561716469919 0.0436612899284031 0
3008 0.7919280690850841 0.4454916510601988 0
3009 0.9048616359844781 0.6230908940893802 0
3010 0.9359701603851542 0.9493245887101556 0
3011 0.6207348659590201 0.3555651055785868 0
3012 0.611827813115279 0.3503972323061235 0
3013 0.2088763246757053 0.6553105984166949 0
3014 0.2175527244315583 0.4742384522920194 0
3015 0.8480293323754112 0.2750116242654552 0
3016 0.06442294857915111 0.2353522676199082 0
3017 0.05446920493210765 0.2295164183899929 0
3018 0.6309192260461813 0.1562342077266617 0
3019 0.6925805327909712 0.008720793033369765 0
3020 0.3074187044341581 0.008715199143130391 0
3021 0.4741406741220887 0.8361508744999963 0
3022 0.463883657982664 0.8302132322204676 0
3023 0.6665360692469418 0.156226441135994 0
3024 0.675445860248583 0.1510062223208299 0
3025 0.6753105445835211 0.161570758453146 0
3026 0.6840586552843826 0.1566462657969172 0
3027 0.6843093672888838 0.1459040714211862 0
3028 0.6932466952151556 0.1510540405871831 0
3029 0.692971031287114 0.1618468177498983 0
3030 0.7021978274727988 0.1562056493450912 0
3031 0.7021799978201291 0.1666314792186241 0
3032 0.7112242585316921 0.1612697506293336 0
3033 0.7112055290941456 0.1717144102060424 0
3034 0.7202359558857009 0.1663774734206701 0
3035 0.7202582908697863 0.1767703566867241 0
3036 0.7292590969754162 0.1715144147220086 0
3037 0.7292762150174901 0.1819232942952991 0
3038 0.7382839877632158 0.1766851897299635 0
3039 0.7383004834705021 0.1871100651113432 0
3040 0.7473337044165314 0.1818616842825885 0
3041 0.6932573677844038 0.1406701429790283 0
3042 0.3692522827673559 0.1563590471066923 0
3043 0.7202023406205691 0.1560131607624884 0
3044 0.5356987114863687 0.64710373301035 0
3045 0.3171693438565915 0.3556583914401052 0
3046 0.3261417028169944 0.3504929816827117 0
3047 0.3516144656823044 0.6704356559925302 0
3048 0.3414142186342405 0.6645232599298256 0
3049 0.3414327224222303 0.6527342740171325 0
3050 0.7582804214340484 0.05821807168685529 0
3051 0.2417185590509299 0.05821924073262694 0
3052 0.7193442432727161 0.04328399517131942 0
3053 0.2808273510727635 0.04354736025639684 0
3054 0.333569813235968 0.156297407739811 0
3055 0.792214348980977 0.9492344307279552 0
3056 0.2578714083005105 0.532275540221695 0
3057 0.7382521413020029 0.1662536661268978 0
3058 0.7473531931686722 0.1923287087565659 0
3059 0.1698621492659423 0.9485796730634305 0
3060 0.2649406594553517 0.9485473749006608 0
3061 0.2530555305189285 0.9485492467690567 0
3062 0.3005963945446862 0.9485301558986411 0
3063 0.3124845835381796 0.9485246161486469 0
3064 0.1845255376354239 0.9896901545319279 0
3065 0.7505619636049375 0.9489774261197211 0
3066 0.7404601836306441 0.9433616941588991 0
3067 0.5561130188402085 0.6471261463430928 0
3068 0.5663135698170833 0.6530274406939465 0
3069 0.1442950212398172 0.1084337770986968 0
3070 0.8557044077780339 0.108434670673968 0
3071 0.1580714203227768 0.7429987183706254 0
3072 0.2898114658378378 0.5823529411764301 0
3073 0.8879365607076237 0.2874387332642628 0
3074 0.02525252525247736 0.008747731351340158 0
3075 0.974747474747408 0.008747731351381001 0
3076 0.9508697756966922 0.3992360722496214 0
3077 0.9509209296435068 0.4109136782844815 0
3078 0.952564728562185 0.2415753718183784 0
3079 0.9525698847580518 0.2299844582912523 0
3080 0.09851874667699646 0.5564376722030924 0
3081 0.4637991096300172 0.0368183127949731 0
3082 0.4545752787540902 0.04353706318468324 0
3083 0.4545048117645789 0.05395067927898031 0
3084 0.4458074043868618 0.04901493138054478 0
3085 0.05074030618859732 0.3679441625170881 0
3086 0.05073279534549636 0.3795804893497187 0
3087 0.1204765226149478 0.3060119027337769 0
3088 0.207313119093675 0.5852131011149351 0
3089 0.207272589681641 0.5734813916516515 0
3090 0.05098356979870759 0.3332203409055135 0
3091 0.05155517535761031 0.3215810154823609 0
3092 0.4811104887885487 0.03920660228961124 0
3093 0.7922282227787287 0.5247414555465802 0
3094 0.6571862891026468 0.04872285831056039 0
3095 0.08818475812096521 0.6095456755044386 0
3096 0.6889499888597482 0.653085142045668 0
3097 0.6787409554998685 0.6471864188334217 0
3098 0.3714198954654263 0.9483635472481865 0
3099 0.38330648770659 0.9483572380249169 0
3100 0.3595333778191366 0.9483688723998164 0
3101 0.3892444024558154 0.938059782827753 0
3102 0.3951934771531643 0.9482423678017643 0
3103 0.5226288223526652 0.3499847777263936 0
3104 0.5226090019971831 0.3602539692709413 0
3105 0.3824756705896151 0.8064070652621191 0
3106 0.3923273122346829 0.8123413787367163 0
3107 0.4025255321190775 0.8064317079812834 0
3108 0.4028162161057532 0.8177530565737794 0
3109 0.3870292085590858 0.1563789337814994 0
3110 0.3959313103621932 0.1512798480331761 0
3111 0.5254862773024206 0.6529842351087634 0
3112 0.8323873944601878 0.5941578730552665 0
3113 0.8425403468786309 0.5882900544382297 0
3114 0.71142446171844 0.181659325189937 0
3115 0.8332502735855687 0.6408268578142058 0
3116 0.1445465352881594 0.1846980005961063 0
3117 0.5138560206266478 0.2315891958841079 0
3118 0.4741813909262216 0.6823947340081761 0
3119 0.7613262573811934 0.7179247573296719 0
3120 0.855468935749817 0.1846255164765626 0
3121 0.2573328295453248 0.4509989586482184 0
3122 0.4537508509493437 0.6941769482459326 0
3123 0.1639436901426745 0.8148385450143852 0
3124 0.8021812949182793 0.872005650637975 0
3125 0.843330867407363 0.8007922354413675 0
3126 0.639539258374633 0.0386024749045506 0
3127 0.3710612812063611 0.2416849744921427 0
3128 0.2468688994161604 0.8147914999765293 0
3129 0.2409411617832939 0.8250589113219891 0
3130 0.2468703032362031 0.835327107677626 0
3131 0.2350114411570035 0.8353285361388512 0
3132 0.6173823104167129 0.7297665853673396 0
3133 0.627625659062373 0.7356528476834792 0
3134 0.6378507964594177 0.7297710208986585 0
3135 0.6378586580666943 0.7415613017910498 0
3136 0.6480819273353444 0.7356823162024322 0
3137 0.3534191925346769 0.04197971448889694 0
3138 0.3442015526807954 0.2880195680750771 0
3139 0.6011420970373058 0.2355408220632007 0
3140 0.7610391284639754 0.8838701301127769 0
3141 0.1249238614571088 0.04232872073437755 0
3142 0.875076138455227 0.04232871926980939 0
3143 0.07068630461897887 0.4252446607834036 0
3144 0.06060132683775914 0.4194558150918536 0
3145 0.09009023230042063 0.4244966948496534 0
3146 0.1285313897333532 0.48024770923409 0
3147 0.395951199427631 0.1410054020101527 0
3148 0.4048415541711146 0.1461647702311115 0
3149 0.4048209388119306 0.1564422277874956 0
3150 0.4137321058004546 0.1513218215532094 0
3151 0.9515835122909653 0.1292706831643347 0
3152 0.9515131542069228 0.1178536401432492 0
3153 0.9514225854392434 0.1401433900950912 0
3154 0.04840086519846291 0.1292689703408914 0
3155 0.04847423580668715 0.1178427957674782 0
3156 0.04833274085958007 0.1406907783915914 0
3157 0.1445522954289775 0.1956540472664589 0
3158 0.135060167874402 0.2011227651290602 0
3159 0.8562589791159925 0.1946546172149997 0
3160 0.1348820541956215 0.1026693078541994 0
3161 0.8651177758371272 0.1026695634861042 0
3162 0.2275034523457932 0.5031490452673757 0
3163 0.7563964211346038 0.1870648666257091 0
3164 0.7563651075089566 0.1765957115444167 0
3165 0.622018730273213 0.1613930046351254 0
3166 0.9318630588464419 0.1402832117514634 0
3167 0.900706165868956 0.4169075551351745 0
3168 0.2175849121340518 0.6145502035640438 0
3169 0.2277926514005024 0.6203942453693998 0
3170 0.2073778099483626 0.6087090181778483 0
3171 0.8576273155989813 0.2805578287012931 0
3172 0.2379594818599268 0.6144713075529636 0
3173 0.2808252793115998 0.4114735402284873 0
3174 0.3075729924233377 0.04848397881593836 0
3175 0.7612400880814799 0.9561067621858022 0
3176 0.3355370276085715 0.7013887094079458 0
3177 0.3411056161465321 0.7120024888177261 0
3178 0.331211393224023 0.658622172496875 0
3179 0.3312312869913492 0.6468343109249513 0
3180 0.6572878115446108 0.03852016613509945 0
3181 0.9511608599521049 0.4689389593106481 0
3182 0.9511449205404122 0.4572097606380989 0
3183 0.9511742308995901 0.4806659915982128 0
3184 0.9410148665729193 0.4865428293762009 0
3185 0.9511811725454069 0.4924114121251282 0
3186 0.07815764262763315 0.6391302371749885 0
3187 0.08820237385954977 0.6332085058145424 0
3188 0.8772979340658634 0.2474720674718032 0
3189 0.4511398779167616 0.3602296197047344 0
3190 0.2173697329641683 0.2148555863509588 0
3191 0.7827563049380102 0.2150294933417363 0
3192 0.8026616264577117 0.6820853895839545 0
3193 0.271588800403873 0.373813589240389 0
3194 0.7280788746283948 0.3741930545585225 0
3195 0.6475194749389007 0.3608406759496175 0
3196 0.6381136627371342 0.2563841866471051 0
3197 0.7402838248844525 0.9549537780144526 0
3198 0.7301778881805362 0.949332832143817 0
3199 0.8506913243186395 0.3560935886980435 0
3200 0.9193470028106293 0.3506307631225056 0
3201 0.9294146387625318 0.3450179893594484 0
3202 0.7090342855596032 0.4287746728043163 0
3203 0.8907604811453442 0.4226703767692273 0
3204 0.6118469600901736 0.3401002501644951 0
3205 0.6029225519160178 0.3452335450952891 0
3206 0.6029030121991361 0.3555242932346506 0
3207 0.5939972172180533 0.3503619073720222 0
3208 0.594018256272026 0.3400737389621239 0
3209 0.2721072571025502 0.2573273846251788 0
3210 0.7279830083038196 0.2575586470956494 0
3211 0.7612805020331597 0.5999714204601 0
3212 0.7924448932809421 0.6761905922132566 0
3213 0.7924532176669871 0.6643873173092647 0
3214 0.9358667221043846 0.6997895887011663 0
3215 0.406396215406668 0.07251864973897143 0
3216 0.4063984752277984 0.06231782277482321 0
3217 0.415221684545063 0.06739485450946864 0
3218 0.4152116221003758 0.0572143890850175 0
3219 0.4063993781513003 0.05213306422547298 0
3220 0.4151986054225652 0.04704365142069103 0
3221 0.4063934038324601 0.04196636040061662 0
3222 0.4151874931459596 0.03688609276790712 0
3223 0.6131276514353501 0.05392129444823869 0
3224 0.6131175778635656 0.0437604173547488 0
3225 0.6043306329774812 0.04885036926275996 0
3226 0.6043234170933058 0.03869191281196859 0
3227 0.5955309479516113 0.0437915881603995 0
3228 0.6927944367826349 0.05871445171095045 0
3229 0.6042344399254814 0.1305063113737835 0
3230 0.5956647763386813 0.1351101851109028 0
3231 0.5953606127055002 0.1253589542896097 0
3232 0.5864909924945184 0.1304910870061671 0
3233 0.307056117349762 0.0585756177529663 0
3234 0.3515127959437226 0.1152144060264958 0
3235 0.3604078556413666 0.1101081789532869 0
3236 0.3515471405537892 0.1049578160689619 0
3237 0.1302696325188807 0.3004701162788828 0
3238 0.5673378249316611 0.2625485696163632 0
3239 0.5762718607703283 0.2574095697108717 0
3240 0.5601382312164672 0.05400844723613022 0
3241 0.5689692147289059 0.04892159544847689 0
3242 0.560144330520308 0.04385117933593841 0
3243 0.5689608522063037 0.0387689139561099 0
3244 0.7610437933674011 0.8719972543204975 0
3245 0.4181160140976184 0.1962038119681947 0
3246 0.04738152545662397 0.6332127229446572 0
3247 0.04738188079803185 0.6450733252283232 0
3248 0.05765245149377102 0.6509990251851761 0
3249 0.0473843135466037 0.6569354027040974 0
3250 0.433638446626828 0.2160360822853733 0
3251 0.1810050096587882 0.1300401892674921 0
3252 0.8189949677912886 0.130040172334312 0
3253 0.487173010748476 0.1852048755777101 0
3254 0.4246114447172548 0.2624239522169758 0
3255 0.5562274607799619 0.7651847447943015 0
3256 0.5562337443804073 0.7533589046771395 0
3257 0.4066460178048972 0.3447767671851159 0
3258 0.3977385871824409 0.3499082819682344 0
3259 0.3888408553837887 0.3447596055211651 0
3260 0.4066340187712452 0.355053612330116 0
3261 0.3888310226234138 0.3550410266477788 0
3262 0.3799418914934941 0.349892892859151 0
3263 0.3798998339447064 0.3602705189688626 0
3264 0.371023643308945 0.3550266812225173 0
3265 0.3005721323340017 0.9073705910197416 0
3266 0.1879635425541208 0.379037637753019 0
3267 0.3061158886473802 0.7942633873884136 0
3268 0.4188424972416632 0.866063527271006 0
3269 0.4129057954755498 0.8557934034999632 0
3270 0.4243745530708627 0.8560128456334313 0
3271 0.86104624958552 0.4399846394832661 0
3272 0.4742223512136141 0.7769419450712425 0
3273 0.2764945416054887 0.7430253298267213 0
3274 0.8227753490614029 0.9314053901561256 0
3275 0.8330717162587928 0.9373528492913565 0
3276 0.8330737884554839 0.9254618343429254 0
3277 0.843370121171968 0.9314085005111203 0
3278 0.8433693917820323 0.9433007527448983 0
3279 0.8536695431072886 0.9373555507409452 0
3280 0.8536687759425938 0.9492493313245758 0
3281 0.8639702721785989 0.9433027811867504 0
3282 0.2284335097321567 0.7435175289612184 0
3283 0.433331938231115 0.7177743877490204 0
3284 0.8330019270942 0.723818141742536 0
3285 0.8330001550133528 0.7119842720672405 0
3286 0.8330128329039234 0.7593332268327839 0
3287 0.558239660692641 0.3398110196350175 0
3288 0.2233469574518276 0.9176787899076355 0
3289 0.6571972182960908 0.05890479743847299 0
3290 0.09268728063835813 0.83540251525111 0
3291 0.7714974617956342 0.7474969485433821 0
3292 0.1520787921238513 0.8559685308911469 0
3293 0.5664619023226191 0.830310417084516 0
3294 0.6484945177809829 0.8185037060605478 0
3295 0.6587493807430074 0.8244305252915674 0
3296 0.7924342823209718 0.6879864423997085 0
3297 0.4070047440859453 0.9071819424288377 0
3298 0.6690092774141783 0.818509072185053 0
3299 0.6685440236355437 0.830356452193604 0
3300 0.6797219720168067 0.8246841757189831 0
3301 0.6586677555770855 0.8362797191447591 0
3302 0.7509814573354463 0.7711815698983924 0
3303 0.4600808811198241 0.3242858732152655 0
3304 0.4689859356276101 0.3191585316368866 0
3305 0.4600924553621547 0.3140063619167641 0
3306 0.4011274446596357 0.9380364004271092 0
3307 0.4070798005152863 0.9482145263726749 0
3308 0.4130064114951953 0.938023134570194 0
3309 0.4189652680005665 0.9482032324049667 0
3310 0.4248951115887823 0.9380125887352357 0
3311 0.4308536202659874 0.9482656844984509 0
3312 0.8330438088058261 0.8898226438121247 0
3313 0.436790914393402 0.9380157870427492 0
3314 0.4427406722151701 0.9482011214053596 0
3315 0.4486802244673169 0.9380002280304246 0
3316 0.4546278385520821 0.948179253439893 0
3317 0.460566152660027 0.9379899669340144 0
3318 0.4665142543972213 0.9482427298757845 0
3319 0.9256176781623202 0.7651352387671393 0
3320 0.4724528033483966 0.9379939769196164 0
3321 0.4784009603761795 0.948177989156197 0
3322 0.4843404180616739 0.9379785221468424 0
3323 0.4902876724828463 0.9481554424574163 0
3324 0.4962258708912249 0.9379681656893033 0
3325 0.5021738009686807 0.9482205009766502 0
3326 0.04094462168376204 0.05726522683971143 0
3327 0.04087416113928425 0.0463616081582922 0
3328 0.04083947460471438 0.06825898837317838 0
3329 0.9590553783165465 0.05726522683941281 0
3330 0.959121180642704 0.04635622266868037 0
3331 0.9591600914313236 0.06825911880407724 0
3332 0.5081123101362841 0.9379723966555394 0
3333 0.5140603669677818 0.9481559737723552 0
3334 0.5199998062084368 0.937956991143361 0
3335 0.5259469570573987 0.9481347404112692 0
3336 0.5318851245823757 0.9379468783578919 0
3337 0.5378329628595924 0.9481995659438549 0
3338 0.7820225881300857 0.5531839371451003 0
3339 0.7719457273135869 0.5473406389092494 0
3340 0.7719699412162853 0.5360495780427437 0
3341 0.7617545941321093 0.5417221610288538 0
3342 0.7618121437296772 0.5531978221939653 0
3343 0.7515759629650938 0.5473409306971854 0
3344 0.751533485872114 0.5590012707115705 0
3345 0.5437701601797235 0.937951864970442 0
3346 0.5497192160309901 0.9481357604543411 0
3347 0.5556557768103617 0.9379373414393566 0
3348 0.5616053851812822 0.9481191112528851 0
3349 0.5675419250330647 0.9379273963925461 0
3350 0.5734917349176964 0.948179900562364 0
3351 0.904941145543906 0.6940344055118215 0
3352 0.6131812341029075 0.1049303009860594 0
3353 0.6379388628283335 0.2365529721745471 0
3354 0.5513474798476604 0.089649113875141 0
3355 0.5425249398323438 0.09475571453916606 0
3356 0.5513572379148117 0.0998537203184405 0
3357 0.5794275819945207 0.937930186102887 0
3358 0.5853777859266054 0.9481147937930487 0
3359 0.5913125041999088 0.9379142732906505 0
3360 0.5972637840362435 0.9481015626008127 0
3361 0.6031995545956718 0.9379055607462141 0
3362 0.6091504313556825 0.9481611649798838 0
3363 0.5160922341375809 0.07946177283826929 0
3364 0.507275489110822 0.08455639708740503 0
3365 0.6150867498039535 0.9379100819047116 0
3366 0.6210366315967072 0.948099717832418 0
3367 0.6269723233888922 0.9378955570924919 0
3368 0.6329228383402565 0.948083138251526 0
3369 0.1882840275492294 0.5146448849823247 0
3370 0.4419119278737307 0.1235702536450937 0
3371 0.6388590257911941 0.9378855193152582 0
3372 0.644809313817855 0.9480739863604879 0
3373 0.6507468760917244 0.937877749791444 0
3374 0.6566961174510695 0.9480668409267553 0
3375 0.666494218512135 0.1355734670150613 0
3376 0.6626337755373293 0.9378704200203961 0
3377 0.6685829193387534 0.9480597180202308 0
3378 0.6745197562565332 0.9378632153285988 0
3379 0.6804706533977614 0.9481536828842361 0
3380 0.4332134319666079 0.7887085033840362 0
3381 0.04746062336805186 0.5741011522862873 0
3382 0.4128105269440993 0.8122688301484821 0
3383 0.1583011147799379 0.6966029145327228 0
3384 0.8827413130751722 0.5766695308452672 0
3385 0.8828163606283508 0.5882744932388779 0
3386 0.2197522425783391 0.6965154040018702 0
3387 0.1328137882487405 0.2640557910763479 0
3388 0.9584513231075029 0.7607287866690962 0
3389 0.3621471239327516 0.2365020688876112 0
3390 0.8639705248218548 0.9314090056105898 0
3391 0.8742714991426642 0.9373557116097155 0
3392 0.8742716585202902 0.9492514640850336 0
3393 0.5160953712485896 0.08964791389064715 0
3394 0.6469100482280847 0.241706155822362 0
3395 0.9132382158814841 0.5707798467031351 0
3396 0.913254573265867 0.5825403350730001 0
3397 0.8908089504286434 0.4688011360460996 0
3398 0.1104958445877117 0.9280304164781543 0
3399 0.1203702875546198 0.339711314376941 0
3400 0.8227700427197364 0.9551904373363024 0
3401 0.9356134468779289 0.6644253552133192 0
3402 0.1710548758294976 0.220342572264422 0
3403 0.829120383639202 0.2199680016303651 0
3404 0.9460707563149733 0.6938706718977029 0
3405 0.2979811432277496 0.1355982523472835 0
3406 0.2979400705217941 0.1459106500256751 0
3407 0.3068498359689763 0.1510884423697739 0
3408 0.2979044424438854 0.1562311778160704 0
3409 0.288974803952265 0.1510378772403888 0
3410 0.2889357460143446 0.1613761311663729 0
3411 0.2799897686513875 0.1561708113174193 0
3412 0.2799486389687348 0.1665125027361508 0
3413 0.2709932804536656 0.1613111696507169 0
3414 0.2709336757292118 0.1716426561153924 0
3415 0.2619752171889669 0.1664583674762382 0
3416 0.2619207416903779 0.1768297947291061 0
3417 0.2529441472668087 0.1716224857188253 0
3418 0.2529065718575313 0.1820488357463211 0
3419 0.3068240866392559 0.161412427744957 0
3420 0.2888670574623255 0.1716773631089658 0
3421 0.2619028371624857 0.1872329644352659 0
3422 0.243876269816895 0.1767901582212649 0
3423 0.2438430615469958 0.1872688587643557 0
3424 0.9234289673725368 0.5766459639871785 0
3425 0.3262722971064101 0.26718462661786 0
3426 0.3446167894067942 0.03689159555246128 0
3427 0.9523719661194745 0.1845647268242007 0
3428 0.1105600834716328 0.413547747184589 0
3429 0.1204604215775871 0.4078118440932255 0
3430 0.1897080953047501 0.2409500209486867 0
3431 0.8103116501983717 0.240977098749112 0
3432 0.9293636531833487 0.3335331415294726 0
3433 0.9392510007474533 0.3389329247807488 0
3434 0.9393824152266264 0.3276358596574299 0
3435 0.9494376826656602 0.3333503495758735 0
3436 0.9494355901949885 0.3217752754381626 0
3437 0.9500302184477631 0.343945540071292 0
3438 0.0820223067375388 0.3274483515408776 0
3439 0.2079783359978465 0.4229607844346666 0
3440 0.8191943083717453 0.1723307497306107 0
3441 0.9564574419448546 0.937646578849968 0
3442 0.9565615335481527 0.9493654175880015 0
3443 0.9569303872177317 0.9262827533483857 0
3444 0.6208311392951614 0.283229775641225 0
3445 0.7744029142371285 0.3678638010922237 0
3446 0.1876902143333558 0.7327466148723137 0
3447 0.742532201717538 0.4739848567962275 0
3448 0.7425924265150327 0.4624386082359075 0
3449 0.3239617141662059 0.8866490260967425 0
3450 0.2945816803193398 0.8970503587308768 0
3451 0.1349540839622204 0.1461955586702328 0
3452 0.8649795495564576 0.1462746812509718 0
3453 0.3511153419748365 0.8002017533142187 0
3454 0.08741615015414142 0.1404942763513075 0
3455 0.3261316718009594 0.3608307656524048 0
3456 0.3350779462997815 0.3556709735595588 0
3457 0.0477842073385937 0.4684423114990994 0
3458 0.04765541422212111 0.4569615116138891 0
3459 0.04777557803422166 0.4801681025629368 0
3460 0.1107350772329938 0.3117026864119919 0
3461 0.4638699941988526 0.8420650988339304 0
3462 0.4536134029444031 0.8361260434973778 0
3463 0.2586713435901602 0.4848384378319914 0
3464 0.3172816264226452 0.2619648016200176 0
3465 0.3262996189137333 0.2567937284499365 0
3466 0.5582119541383217 0.3603655278360928 0
3467 0.4605295910068403 0.1595217656809067 0
3468 0.46937550754246 0.1646002288979282 0
3469 0.4511514960692178 0.156593198683412 0
3470 0.4808691605846177 0.06927049237591303 0
3471 0.9523495809036324 0.1959705126931303 0
3472 0.5939837401281567 0.3606486498929836 0
3473 0.03721841681982239 0.5563706335156733 0
3474 0.6747103614397885 0.262420436518759 0
3475 0.6837045641361221 0.2676332232397814 0
3476 0.1582589989918611 0.7088001941089772 0
3477 0.5459284171523359 0.8421474400403707 0
3478 0.5356717788661576 0.8362133917595644 0
3479 0.308265434430685 0.2671392531586786 0
3480 0.290107855736027 0.2983233864073825 0
3481 0.2901221173981754 0.2878575171478345 0
3482 0.923547518659249 0.5882673645978225 0
3483 0.9336596693601168 0.5825219510282131 0
3484 0.5255002262536403 0.64120004558999 0
3485 0.3171681245804722 0.366025994932714 0
3486 0.6928586891447794 0.03831807875529614 0
3487 0.7016558434049349 0.03319683351025234 0
3488 0.3076831395109675 0.03830674016474329 0
3489 0.298447519724789 0.03318849717768804 0
3490 0.542521964479737 0.1049623919230559 0
3491 0.5513561431408737 0.1100433132020493 0
3492 0.6653961732129857 0.3609208926403772 0
3493 0.6743534257013799 0.3557497605902774 0
3494 0.6743865520069026 0.3453924741792528 0
3495 0.6833477472709999 0.3505877837209435 0
3496 0.6833098450152157 0.3609788038330784 0
3497 0.692316880521771 0.3558151443058888 0
3498 0.6923601093653685 0.3454135155861002 0
3499 0.7013602455541588 0.3506539753781919 0
3500 0.7014022956690082 0.3402268193489759 0
3501 0.4457150741620369 0.03875906069693539 0
3502 0.9609606995813778 0.4048979757329786 0
3503 0.3351110483574079 0.7227354962125485 0
3504 0.2901553758187816 0.3296602441015471 0
3505 0.549286631131746 0.3654884501068385 0
3506 0.4460088306033081 0.05877514871069484 0
3507 0.2197664679698257 0.7083385979377972 0
3508 0.5664545142551961 0.8421609349805481 0
3509 0.4843971125034796 0.8420888062495533 0
3510 0.4946678244233927 0.8361734387015997 0
3511 0.9539799794377908 0.5472916680295294 0
3512 0.9539876675836287 0.5590837736045116 0
3513 0.953823939973245 0.5356450776599708 0
3514 0.04512719485929196 0.8560054905585163 0
3515 0.0510747960429946 0.8663091450835301 0
3516 0.1971372184357834 0.5793807038404833 0
3517 0.0926742350566237 0.9589681815420358 0
3518 0.08077423276494855 0.9588548006692516 0
3519 0.1995922238184434 0.9587638612255912 0
3520 0.2114860514737579 0.9587429235821447 0
3521 0.2174308858015937 0.94854906913554 0
3522 0.2238482563760201 0.9586069131384909 0
3523 0.9523562859553613 0.1730515522560896 0
3524 0.179052181711659 0.2837092048383424 0
3525 0.1175550938833794 0.6494002042515353 0
3526 0.7302957354897881 0.9607428266838978 0
3527 0.7200364686682414 0.9550077007674451 0
3528 0.01018127150336263 0.7452474151516501 0
3529 0.7517864163197793 0.5357684358654904 0
3530 0.4137120925099073 0.1615990102816777 0
3531 0.05743673022968997 0.6628637771956426 0
3532 0.04735004107334598 0.6688007432847354 0
3533 0.05754005198733256 0.6747299371469107 0
3534 0.04736409872967212 0.6806685804257313 0
3535 0.05742522406257348 0.6865999944564234 0
3536 0.04734941561615275 0.6925391468194113 0
3537 0.1339817386598114 0.03718969159000544 0
3538 0.8660182608742941 0.03718968931586651 0
3539 0.7933737961562987 0.3227072671158673 0
3540 0.7933573181643784 0.311855236703293 0
3541 0.8027448567380955 0.3063988772948932 0
3542 0.7933354763731423 0.301008032984394 0
3543 0.8026983864354718 0.2955549723579919 0
3544 0.7933086868735068 0.2901770894661558 0
3545 0.8023583411793399 0.2847336629330908 0
3546 0.7932340422559385 0.2793628682818079 0
3547 0.811339630998044 0.2887771565104964 0
3548 0.8022595931983881 0.2739284659488311 0
3549 0.3654277393609234 0.835281947386439 0
3550 0.4142363912781711 0.9585327954264252 0
3551 0.4499136851870181 0.9585057698725614 0
3552 0.6074703222271218 0.8421825026012435 0
3553 0.485593161060949 0.9584803119349132 0
3554 0.6024612034467577 0.1507821583118872 0
3555 0.5212722344813583 0.9584653665335027 0
3556 0.5569414213311751 0.9584643103304116 0
3557 0.5926382574235507 0.9584630081363216 0
3558 0.5673845795481985 0.231630378934685 0
3559 0.566331567651106 0.1953441921347217 0
3560 0.9337283475213951 0.5942299792945193 0
3561 0.9438994404569176 0.5884122723706487 0
3562 0.9440196441415827 0.6000490812210756 0
3563 0.9541743420754563 0.5942744512723581 0
3564 0.4960910073536933 0.180065183845627 0
3565 0.727430556747154 0.8452895839659966 0
3566 0.6564540580019244 0.1618439160375154 0
3567 0.9609733114148351 0.3933118564594753 0
3568 0.2066997721713018 0.2899601161092875 0
3569 0.2067198834377201 0.2791553168821321 0
3570 0.1973838241655545 0.2737187968476947 0
3571 0.9541894501662573 0.6061142275911433 0
3572 0.7584676923528011 0.03767341145892438 0
3573 0.2415327600213966 0.03767642607670557 0
3574 0.3424782230668996 0.1614741116663168 0
3575 0.6930614381563549 0.1720465564671381 0
3576 0.960801470047989 0.4165275627343619 0
3577 0.7496239035850518 0.04275951659893297 0
3578 0.2503758798148213 0.04276057892351116 0
3579 0.4544891563580633 0.0641634026134827 0
3580 0.2991666210697829 0.3556933611710322 0
3581 0.9091595335312783 0.2765750934416976 0
3582 0.9191803000865442 0.2821842434081099 0
3583 0.6174878775945196 0.8477015449915224 0
3584 0.7292888087477879 0.1923400355068351 0
3585 0.6684528645533573 0.8422074733550911 0
3586 0.9561455675057282 0.6526058729657959 0
3587 0.9561547301191611 0.6644698799455807 0
3588 0.3179068138668232 0.7942295058328654 0
3589 0.3120267268095974 0.784001548484084 0
3590 0.2298195212867859 0.7027190106118306 0
3591 0.9571169693682471 0.8788280872225569 0
3592 0.9572547718416562 0.7960690916353339 0
3593 0.956242068112483 0.7114270074823763 0
3594 0.9573106152530132 0.7345227791383913 0
3595 0.4329779238365862 0.1287482315095921 0
3596 0.8989330508445438 0.2709515593537549 0
3597 0.2900949577104825 0.4775083471730244 0
3598 0.03420566016887113 0.2525258634629471 0
3599 0.3781498774060275 0.1306809706718769 0
3600 0.7423819809487366 0.4970841502978326 0
3601 0.74232265772867 0.5086908510101291 0
3602 0.3115117826582881 0.6218597939362051 0
3603 0.4048605477306504 0.135893234523369 0
3604 0.2576902286804095 0.5088097358685133 0
3605 0.335785184573938 0.07251487358054705 0
3606 0.04102675736301935 0.3274304738127118 0
3607 0.04071544552467251 0.33911692450591 0
3608 0.04117899575802252 0.3162062779499822 0
3609 0.2898137371376105 0.5235265934844184 0
3610 0.4188125748839528 0.8455477011838451 0
3611 0.3359245257734307 0.04196732743729401 0
3612 0.9626219504457405 0.2357914524569616 0
3613 0.9626103417675098 0.2241631075230945 0
3614 0.9595388076395991 0.3275516759808452 0
3615 0.9595011190742238 0.3158801112554535 0
3616 0.9493894698855523 0.3101831145476962 0
3617 0.9592941282582785 0.3042184139876468 0
3618 0.9492937437435393 0.2984976691182218 0
3619 0.9592018760536662 0.292546590811258 0
3620 0.7564295596071289 0.1975376214005773 0
3621 0.7473684974449891 0.2028043726692355 0
3622 0.2588309846170057 0.5660121338753439 0
3623 0.06814758050117016 0.4567783906973677 0
3624 0.8764173062474075 0.2361803035974856 0
3625 0.4226218642366431 0.1564752803693207 0
3626 0.17942319419607 0.09459565514054846 0
3627 0.1881541760276995 0.0999675022540282 0
3628 0.1972170958860249 0.09459131761224396 0
3629 0.820576842207697 0.09459578672238758 0
3630 0.8118457707894546 0.09996764154728417 0
3631 0.8027828058951803 0.09459145974563254 0
3632 0.4069632185429466 0.845600421009036 0
3633 0.6755213877700021 0.9583167109001171 0
3634 0.6866702029957628 0.9583604112066294 0
3635 0.6520871650735173 0.9584454396900086 0
3636 0.6283055888340964 0.9584578348217666 0
3637 0.1111066001135238 0.3004319216956052 0
3638 0.7214965950751562 0.8354984385634288 0
3639 0.5663245515642303 0.6412443601790252 0
3640 0.5765239234199135 0.6471453149361264 0
3641 0.3414471208994579 0.6409580112233538 0
3642 0.7674500057922701 0.0325158557527365 0
3643 0.2325535674309634 0.032517163254637 0
3644 0.2196059387575825 0.6849233202967333 0
3645 0.3898554622107029 0.9584376784634296 0
3646 0.3654812154270207 0.9586624895334355 0
3647 0.3535911127582422 0.9586672317909525 0
3648 0.03768890843076426 0.5445341908410979 0
3649 0.9619035323487581 0.2473952250930236 0
3650 0.03428828606702899 0.2409015229540936 0
3651 0.07350957326955743 0.2985420324408237 0
3652 0.1424333481666644 0.2696257697745631 0
3653 0.2380067758282992 0.6262400229596169 0
3654 0.7416297841929477 0.5414191823678899 0
3655 0.3065447737062851 0.95871439271445 0
3656 0.2946590272769709 0.958809580146653 0
3657 0.3184354088069453 0.9586898564510206 0
3658 0.6924013037553141 0.9481678931564798 0
3659 0.7108093250924433 0.2936573055769778 0
3660 0.7107868618119391 0.3041255874863843 0
3661 0.710296605802459 0.2837494573171875 0
3662 0.4047977641845544 0.1667258186769988 0
3663 0.1257256228672062 0.1081994306305862 0
3664 0.125244874607899 0.09641758219499348 0
3665 0.8742742742137946 0.1081995799245613 0
3666 0.8747550799180899 0.09641765020199013 0
3667 0.7096400277571099 0.8351112415996245 0
3668 0.7154019019310616 0.8252352217205787 0
3669 0.3888430233127754 0.3654473170588582 0
3670 0.6991609874576026 0.6589855076556732 0
3671 0.6991566856355749 0.6707798945803184 0
3672 0.06892405820936205 0.794227701190574 0
3673 0.05703713355494947 0.7942236360485918 0
3674 0.6889530932619616 0.6412975053565052 0
3675 0.6840711274435803 0.04343232088546311 0
3676 0.3351294217191644 0.3452570934200595 0
3677 0.7332338938933536 0.8545129634216737 0
3678 0.6840384540813941 0.03327146778347299 0
3679 0.03710688765240564 0.6391437621467375 0
3680 0.03710887780734456 0.6272741899779601 0
3681 0.4693936451032859 0.1543308634330623 0
3682 0.49569198907508 0.3345659221297748 0
3683 0.5136749146613631 0.3550991974484952 0
3684 0.5137067950062233 0.3653749382852588 0
3685 0.3473162457049828 0.7020694886652513 0
3686 0.3529681996982874 0.7120010770393164 0
3687 0.4956751466333266 0.3243308002340319 0
3688 0.03755132575927877 0.6758370600025556 0
3689 0.515249404608316 0.6470794492967562 0
3690 0.5151510636850911 0.6588654908770382 0
3691 0.03954848111148251 0.8660937919551539 0
3692 0.04518703236923311 0.8765765610490324 0
3693 0.05703352951320562 0.8766070923586726 0
3694 0.05108606784998751 0.8869100862410623 0
3695 0.4600261193663515 0.3653744997660723 0
3696 0.240942323264779 0.8455978153395258 0
3697 0.3976001447982779 0.04705352701227902 0
3698 0.397598203828582 0.03689864304900518 0
3699 0.5670879185739157 0.3552208008950061 0
3700 0.567172579752465 0.3656216140898697 0
3701 0.6839689228474738 0.2576633363391903 0
3702 0.1445509598322748 0.1737637367483695 0
3703 0.5459998747949935 0.7474404572863746 0
3704 0.5562409898131789 0.7415357559272738 0
3705 0.5664741844534655 0.7474533714171919 0
3706 0.8554359508064519 0.1737466489625143 0
3707 0.6480752485011883 0.7475005110981653 0
3708 0.6583113442576579 0.7415997560617569 0
3709 0.658316406068419 0.729782015285289 0
3710 0.6685475328743697 0.7356955673993326 0
3711 0.6685515338708561 0.7238787053573976 0
3712 0.6787830599889891 0.7297905351370361 0
3713 0.6787869828263682 0.7179750021341711 0
3714 0.6890172608877432 0.7238854929435903 0
3715 0.6890219450952656 0.7120713337198532 0
3716 0.637899939810453 0.7533479945281445 0
3717 0.6992511960003691 0.7179817059077644 0
3718 0.6992393994160487 0.706166640318668 0
3719 0.09121032942425919 0.3336156795403528 0
3720 0.925640253828815 0.7176438674226226 0
3721 0.4946943302642466 0.7060687819437208 0
3722 0.3350737631106227 0.3659874627969678 0
3723 0.3440038829931423 0.3608356497566379 0
3724 0.558406158963728 0.2676856410847648 0
3725 0.5494933662503267 0.2625223692072698 0
3726 0.4742457719336481 0.7178248325077317 0
3727 0.4960053197954096 0.252216301694339 0
3728 0.4871011053740009 0.2470548696767742 0
3729 0.5049078322291649 0.2573619847118384 0
3730 0.9256521145942865 0.7413743013253655 0
3731 0.9614515564615368 0.1234977503538684 0
3732 0.9610773726165864 0.1120431565413965 0
3733 0.7713248160662073 0.8660647037587872 0
3734 0.7920150449661492 0.7238234064281617 0
3735 0.1401927110890033 0.7942557206238992 0
3736 0.1461573106160254 0.7839870662925651 0
3737 0.03854415523638965 0.1234952162851599 0
3738 0.03891906728251079 0.1120377379522039 0
3739 0.3535728723330492 0.8352881015623814 0
3740 0.3172084100360243 0.324438378815342 0
3741 0.5765211573268983 0.6589278396497971 0
3742 0.586725305786581 0.6530446507764047 0
3743 0.5868213702488082 0.6411327951373036 0
3744 0.5969510272851855 0.6471395442691581 0
3745 0.5969318051546652 0.6589364235218406 0
3746 0.6071393649314557 0.6530556118984396 0
3747 0.6071491616463051 0.6412725083466838 0
3748 0.6173454772818057 0.6471733488120159 0
3749 0.7714751631877688 0.7830269400597918 0
3750 0.853654257405259 0.6644069272396533 0
3751 0.5762548515232584 0.2677166626135121 0
3752 0.5849871321590433 0.2625769257582364 0
3753 0.7610346709107521 0.8957453486377394 0
3754 0.7507532389939394 0.8898035563371727 0
3755 0.1521443644169564 0.7532602452585806 0
3756 0.9256528778216582 0.8720426726009929 0
3757 0.9255002632245179 0.8604065451510496 0
3758 0.822767882573217 0.7770983009095681 0
3759 0.08080754345208027 0.7942302582859162 0
3760 0.3799591161970229 0.3396319898484056 0
3761 0.6566835379649449 0.2832023555914989 0
3762 0.4536278816398627 0.8242749979215391 0
3763 0.8128612942413742 0.6880280797103248 0
3764 0.1699177651494131 0.7635117139993058 0
3765 0.5864674940352784 0.1202999881416861 0
3766 0.5775600108244741 0.12547045389754 0
3767 0.3357992132494545 0.8866621479834609 0
3768 0.08695398769896764 0.6907648297785616 0
3769 0.6279448823366913 0.8421241062386022 0
3770 0.5767180329354684 0.8362411001005337 0
3771 0.06891762107288127 0.8560061813281769 0
3772 0.1583302077551537 0.4400303202231453 0
3773 0.1486272749166104 0.4344435224608728 0
3774 0.5664819836588986 0.7356335300404356 0
3775 0.5767135236734189 0.7415485804611734 0
3776 0.7409074990193598 0.800797190667369 0
3777 0.8433710833447616 0.9195182572516286 0
3778 0.6028848707315034 0.3658097493663635 0
3779 0.3889448672392475 0.2210931419444915 0
3780 0.8425029503144792 0.6000255567979085 0
3781 0.2350136510112059 0.8147915244785887 0
3782 0.8933888925482143 0.5939183520333851 0
3783 0.1401395570705435 0.9382763415020268 0
3784 0.1460785481792677 0.9485819961729983 0
3785 0.792075843310967 0.5589993335560787 0
3786 0.229092201242367 0.8455936229344451 0
3787 0.884561436331468 0.943303763290433 0
3788 0.8845722397614801 0.9552006354551339 0
3789 0.2231856173059691 0.835317922172055 0
3790 0.3621215712486672 0.2674897383909688 0
3791 0.3242904183865605 0.9484038684124531 0
3792 0.61739485306617 0.7415734124599311 0
3793 0.6071570715039685 0.7356653051710795 0
3794 0.2800943247509303 0.1458432919371247 0
3795 0.5601378515435338 0.03370513089673476 0
3796 0.158266871000027 0.4858026659986734 0
3797 0.7617659154078977 0.5648268609767697 0
3798 0.7516308472519545 0.5706903991829224 0
3799 0.741100167833829 0.5647911775957606 0
3800 0.3123915849239656 0.9278702018853995 0
3801 0.2349048752157602 0.1819927136012348 0
3802 0.2348525961622487 0.1715095581520212 0
3803 0.2348834462929865 0.1924785708854708 0
3804 0.2438427805241819 0.197758701043276 0
3805 0.8898950215145658 0.3674836491005956 0
3806 0.8997846355039444 0.3731727024650544 0
3807 0.2901367545137568 0.3504916271459919 0
3808 0.1880976626849342 0.4800372742991265 0
3809 0.8725827239754791 0.5825196258186074 0
3810 0.8729779124074099 0.5940235216829914 0
3811 0.4436728447715131 0.8301872855759571 0
3812 0.6588864877771093 0.8476990120533707 0
3813 0.3709241242455167 0.3655430332943138 0
3814 0.08073965550457528 0.3963858973436236 0
3815 0.2620445892120491 0.1560991950257717 0
3816 0.3233001476437405 0.7842532882991957 0
3817 0.3178558641615822 0.7737934790511702 0
3818 0.7654509970408383 0.1818008719033358 0
3819 0.7652863855219687 0.1713247684772979 0
3820 0.2590003683185866 0.9587361527501798 0
3821 0.1970983516578215 0.5676581512327893 0
3822 0.6130982536039221 0.03360787465627924 0
3823 0.1465094931101292 0.7431629310050025 0
3824 0.1539849902014069 0.1792437923758559 0
3825 0.846017352828055 0.1792250712042891 0
3826 0.7496905187489019 0.03249441057481327 0
3827 0.2503134040019491 0.03249308642909577 0
3828 0.89973177294595 0.384244344758798 0
3829 0.8743925513550037 0.9608440712011348 0
3830 0.9128299639102574 0.1624444170486679 0
3831 0.06063299239053942 0.4078524779160924 0
3832 0.05054645648553974 0.4137115821274441 0
3833 0.05050895899217018 0.4253372318959452 0
3834 0.04051635666003798 0.4194886712285489 0
3835 0.04087876251145368 0.4075100922067548 0
3836 0.04018140200567212 0.4308464123502882 0
3837 0.04083714723202279 0.373405950944034 0
3838 0.03918720402814439 0.8869094599204803 0
3839 0.04512474280518095 0.8972217082736397 0
3840 0.721565374560615 0.9172581738702403 0
3841 0.0309022406195509 0.323322504659158 0
3842 0.198214276461548 0.5088269668999393 0
3843 0.1983312442819933 0.5204322609047046 0
3844 0.5689147766427262 0.02862791288256389 0
3845 0.5952674401349167 0.03394122425759706 0
3846 0.2670209091518126 0.457276815907382 0
3847 0.710285051099991 0.345233472208526 0
3848 0.7102564798021423 0.3350339664151645 0
3849 0.3935594522801578 0.8248308062525765 0
3850 0.3304665196905487 0.775082369441463 0
3851 0.3235820310982803 0.7639511389330359 0
3852 0.3119708688407518 0.763586481840298 0
3853 0.3178904620532426 0.7533456193360097 0
3854 0.306098125241306 0.7532877036752725 0
3855 0.9696682375368675 0.3216826414045716 0
3856 0.949643215641348 0.07403942976669529 0
3857 0.9599205377309429 0.07895668184608148 0
3858 0.05035593478664097 0.07403993798174799 0
3859 0.04008030304170988 0.07895450727523884 0
3860 0.6761120496359366 0.251747557435517 0
3861 0.0341598901656128 0.264185340728274 0
3862 0.8124689014141746 0.9611352105864747 0
3863 0.03961272164010993 0.8459516414859622 0
3864 0.06450514010829318 0.2238445503739913 0
3865 0.07439575938096747 0.2296626562047143 0
3866 0.05428070303997352 0.2184778491612699 0
3867 0.4782858185621 0.1594696865838144 0
3868 0.7328784775695636 0.4687570407493067 0
3869 0.9423880581280062 0.1674460874886288 0
3870 0.8907286081063633 0.4111905701919433 0
3871 0.8808130584443952 0.4169423729069894 0
3872 0.9613552984545124 0.4865418674579961 0
3873 0.961368018864073 0.4983062364762842 0
3874 0.9492455402115944 0.286743266111035 0
3875 0.9592868783463893 0.2808592096083218 0
3876 0.2278347363135001 0.6321658073278911 0
3877 0.9613202487578714 0.463061668887999 0
3878 0.9611837489672475 0.4515100364397474 0
3879 0.9510386038084164 0.4455908731822076 0
3880 0.2074906273644771 0.6202725967283411 0
3881 0.1972057291805175 0.6145533307409556 0
3882 0.05819990101299048 0.1464282958663407 0
3883 0.04828806842825893 0.152152635529973 0
3884 0.03834939656528703 0.1463744805117997 0
3885 0.03830766634907235 0.1579013592971311 0
3886 0.4948471431139934 0.8476958064049462 0
3887 0.5049562461888668 0.8420503055351467 0
3888 0.5760955655399761 0.2367959254662019 0
3889 0.08826670486710615 0.6448540004689755 0
3890 0.848021260673869 0.286089241587491 0
3891 0.838451741973311 0.2805519868069646 0
3892 0.4535975793139064 0.8479797491328825 0
3893 0.6312510386078851 0.1659861936171633 0
3894 0.6194005256604393 0.1848750932351302 0
3895 0.6925062729822762 0.2629709056949971 0
3896 0.783973264040483 0.2956125231205252 0
3897 0.5769371416447935 0.8477090260992131 0
3898 0.5561266261290982 0.6353440918889086 0
3899 0.2090270945765276 0.7133822133840036 0
3900 0.6922690529844737 0.3662009078518144 0
3901 0.7623964710255935 0.5087240433703661 0
3902 0.5356638127203357 0.8480667420117278 0
3903 0.6173525467049592 0.6353924504221062 0
3904 0.6275508817419163 0.6412897481072171 0
3905 0.9667395340006852 0.9436406453024613 0
3906 0.7101571069424339 0.354911450363932 0
3907 0.3335369650208361 0.1666045867666342 0
3908 0.8675969576051907 0.2750246742762377 0
3909 0.9642307482834589 0.5531815072835053 0
3910 0.9642414210482088 0.5649606908708529 0
3911 0.05763015706044689 0.6984716960244082 0
3912 0.04738283096406683 0.7044142230297866 0
3913 0.01030982623545746 0.5654761904778186 0
3914 0.03757550272056671 0.4625931106940182 0
3915 0.7273375382371803 0.9074780213492142 0
3916 0.03558486141425987 0.7565258273837119 0
3917 0.03426229114573231 0.7451251731657066 0
3918 0.03527306869054581 0.76790381805374 0
3919 0.1204840037399159 0.4192346923566528 0
3920 0.1301337033968947 0.4134936445530851 0
3921 0.144134002117092 0.09736908590126769 0
3922 0.8558658739250879 0.09736927574703681 0
3923 0.9688610992986616 0.06267500955148579 0
3924 0.03113888006191199 0.06267500923712331 0
3925 0.1249099799445942 0.03189231064801877 0
3926 0.8750900197634512 0.03189230905165098 0
3927 0.7198816673888208 0.2989146963522767 0
3928 0.8673233945058887 0.2861532468552218 0
3929 0.3358382785807755 0.0318137948495116 0
3930 0.962366957924395 0.1787930617397266 0
3931 0.962335685807 0.1672166849709546 0
3932 0.5072586380315214 0.09473060709107736 0
3933 0.5163308213759035 0.09936890827121295 0
3934 0.4984399245224413 0.08964868551425774 0
3935 0.5049155140445362 0.85396482282334 0
3936 0.542515828104178 0.1151707966022178 0
3937 0.5515540980844487 0.1197883193979518 0
3938 0.9663354371388378 0.5987766856955452 0
3939 0.9647601421213491 0.6118280692217574 0
3940 0.248175067648075 0.6203126538164153 0
3941 0.05210997562233559 0.3100517434697049 0
3942 0.04082335418626915 0.3041327274596848 0
3943 0.5775647546837017 0.1357252317330072 0
3944 0.9305773299228878 0.3760696592817282 0
3945 0.4136964679755171 0.1718861499892998 0
3946 0.3534119917705912 0.03181363665464066 0
3947 0.6787490770029148 0.635399559621474 0
3948 0.6275580910930679 0.6295106226533227 0
3949 0.6377872487727492 0.6354013170898658 0
3950 0.132395460629063 0.2756810566538488 0
3951 0.4511191651200837 0.3704960919732238 0
3952 0.7198133935901883 0.9432631003595642 0
3953 0.8227687299907063 0.967085606651771 0
3954 0.1443938216300695 0.2063237117594033 0
3955 0.1540016430471393 0.2010816688982299 0
3956 0.1350572024511718 0.2121031855201886 0
3957 0.8857305514932392 0.2397540976674377 0
3958 0.2685583132638275 0.4458052958521659 0
3959 0.2573033858000425 0.4395280403347528 0
3960 0.267103395938132 0.4337204942267769 0
3961 0.2572422597562173 0.4281729257684981 0
3962 0.9405961254298656 0.3701952060464597 0
3963 0.7287695578996236 0.8055748907315223 0
3964 0.2064716557693637 0.9689935629746547 0
3965 0.731335711055664 0.4573128450393921 0
3966 0.7426583591285317 0.4508825681162534 0
3967 0.732716639131423 0.4450773622445444 0
3968 0.7426445691993285 0.4394429091781289 0
3969 0.7328354679406548 0.4336743490070326 0
3970 0.7427175862688939 0.4281220708361085 0
3971 0.7524302395684508 0.4337939977118359 0
3972 0.7524598323591705 0.4225420139361436 0
3973 0.7621288184381831 0.4281767717512374 0
3974 0.5152976534882023 0.6352980330701725 0
3975 0.9410044483355648 0.4982745656539773 0
3976 0.9670128180469959 0.9553310600463704 0
3977 0.9565976842027021 0.961245543856733 0
3978 0.9670634985175718 0.9671949156903059 0
3979 0.7621346598427243 0.4170552389733609 0
3980 0.3415072283781707 0.6761272114202088 0
3981 0.1685959524735154 0.7143325784275826 0
3982 0.360436540062546 0.09986188128503627 0
3983 0.3518084728933829 0.09471493110190457 0
3984 0.3692929823954912 0.1050045201275436 0
3985 0.03710413533161183 0.6984786310416783 0
3986 0.03711043087720172 0.7103598755811907 0
3987 0.2299790319799137 0.7142913304444642 0
3988 0.7931853536297988 0.2685746422747456 0
3989 0.3591083443835656 0.8246078368160306 0
3990 0.03327473377619887 0.8971928788921986 0
3991 0.03923154475777182 0.9074952999930948 0
3992 0.07449412514988446 0.218206377274911 0
3993 0.2899763193144201 0.3611580243778565 0
3994 0.08357188250897452 0.3043026984186753 0
3995 0.6691889158911735 0.8535569992533518 0
3996 0.2067528323078032 0.2683621630040197 0
3997 0.9819598350277411 0.9909166149413796 0
3998 0.0110964942011122 0.9809520830997879 0
3999 0.4417808908409716 0.1341840887427848 0
4000 0.7412632298348131 0.03763615982345709 0
4001 0.740960008406741 0.02738397151445382 0
4002 0.7407824357786759 0.04783259928067307 0
4003 0.2587370257970126 0.03763617136779933 0
4004 0.259041076056411 0.02738092247268938 0
4005 0.2592176450205442 0.04783294360993796 0
4006 0.4458665119177128 0.06839518578173802 0
4007 0.1971438772301453 0.1051885832888382 0
4008 0.2059967845000955 0.09937195301221333 0
4009 0.802856001765104 0.1051887557528395 0
4010 0.7940030739815964 0.09937208167455974 0
4011 0.3265127704850359 0.06758002703891015 0
4012 0.3267619535919757 0.0778407017669044 0
4013 0.2474880072982326 0.4338694214711876 0
4014 0.2474627420440456 0.4226069324928969 0
4015 0.2377434970624393 0.4282107109333227 0
4016 0.6295451386920095 0.2785019420483084 0
4017 0.6207062620727342 0.2731345691240545 0
4018 0.4235146301179161 0.04195336434072009 0
4019 0.4238868591201242 0.03180422422967237 0
4020 0.7822154112733233 0.6820903114362166 0
4021 0.5762856643464775 0.2264854831161555 0
4022 0.5225765246832859 0.3705214668251194 0
4023 0.703682878045592 0.824861861502769 0
4024 0.7094357923608621 0.8145039753307004 0
4025 0.2380559820669355 0.6380162609967962 0
4026 0.9097709448081746 0.265003848138921 0
4027 0.7093738274869483 0.6648853030905569 0
4028 0.7094536667362488 0.6531429090768794 0
4029 0.7093443854909098 0.6766379548985162 0
4030 0.4237986454134073 0.06269920760744639 0
4031 0.7822036908695581 0.6938868801508687 0
4032 0.6659896051069143 0.05379407283258412 0
4033 0.6660259583327927 0.06396527244051382 0
4034 0.3210124410359338 0.6527122606595426 0
4035 0.3209926148262364 0.6645003751434547 0
4036 0.6890147575752107 0.7357022980100087 0
4037 0.09735965123682488 0.04728302041803796 0
4038 0.9026295927063618 0.04727704030225231 0
4039 0.4843322524419589 0.8550655529377952 0
4040 0.1524332256887456 0.7330341938082531 0
4041 0.1339901902594121 0.02682175776005171 0
4042 0.8660194931211997 0.0268191299027969 0
4043 0.08434996195920021 0.2239823725381297 0
4044 0.1534929206984318 0.1030833747554174 0
4045 0.8465067114689426 0.1030839939449589 0
4046 0.498429161748876 0.09983919865592732 0
4047 0.3312513882224628 0.6350521411117888 0
4048 0.7200777335802782 0.9673673979202606 0
4049 0.1495575232726113 0.3454337195663575 0
4050 0.1583496146891066 0.428665103004546 0
4051 0.8432427093723578 0.7178866090881766 0
4052 0.1432409644128664 0.03215167318267188 0
4053 0.8567703299471146 0.03214856775557151 0
4054 0.8933969003774385 0.04210709798774601 0
4055 0.9024670584655833 0.03677410726459407 0
4056 0.8933458396110878 0.0316414989946241 0
4057 0.1066017061343189 0.04210814605868152 0
4058 0.09753547886985675 0.03676763358100468 0
4059 0.1066543508184588 0.03164059482124131 0
4060 0.5047050115573392 0.3602444752286846 0
4061 0.6091353649879199 0.9276281596398717 0
4062 0.2350497829319058 0.8558870563206061 0
4063 0.2529958314158385 0.8662243916732193 0
4064 0.2648970195985998 0.8662360954834292 0
4065 0.2708395441544264 0.8765161335642571 0
4066 0.2767723285249356 0.8662346882174049 0
4067 0.8313719385064027 0.3447294511354886 0
4068 0.8217963750474762 0.3502311173484974 0
4069 0.5777882197205084 0.05399063491725235 0
4070 0.5050375570638945 0.6411586911463845 0
4071 0.5734761740107506 0.9276495175957178 0
4072 0.8029283969491875 0.04275668286004704 0
4073 0.8118023442940683 0.03761452268560289 0
4074 0.802938350820148 0.03249987008675791 0
4075 0.8117878423941148 0.02711175516295156 0
4076 0.8206547631471574 0.03243399183667116 0
4077 0.1970735764045107 0.04275679805498729 0
4078 0.1882025871273642 0.03761769256318905 0
4079 0.1970627240765158 0.03250053523415855 0
4080 0.1882131085991037 0.02711248536520231 0
4081 0.1793461804970352 0.0324347425891276 0
4082 0.8432362741511086 0.7060519076733058 0
4083 0.2061831764190625 0.08929287341404143 0
4084 0.2149424613305325 0.09403531468024412 0
4085 0.7938166487492211 0.08929298116742419 0
4086 0.7850573310018503 0.09403541556206818 0
4087 0.546009477287754 0.7356200532424074 0
4088 0.5378229100787699 0.927670991301172 0
4089 0.5776880071411825 0.1151632309141264 0
4090 0.5255112109796336 0.6294210697382292 0
4091 0.5021640457204801 0.9276932729177345 0
4092 0.3888056520713868 0.04197563931004565 0
4093 0.3887614946712341 0.03182323050937019 0
4094 0.6173493123587676 0.6589587188261843 0
4095 0.2173423580279718 0.1513090598338913 0
4096 0.78271016026464 0.1512102465393473 0
4097 0.5513542059222012 0.03878197549196464 0
4098 0.5513467744285683 0.0286435534573627 0
4099 0.4665044794705397 0.9277145938073521 0
4100 0.8432520814649391 0.7297337364826828 0
4101 0.2072223683922825 0.5617632255381071 0
4102 0.1797665437640918 0.1061081961090644 0
4103 0.820246374662333 0.1061037056200948 0
4104 0.39758409486093 0.02675221380451998 0
4105 0.576707632940924 0.753367326847686 0
4106 0.4690335806171855 0.3088717467221556 0
4107 0.4601388297719105 0.3037067639218591 0
4108 0.2991455014780372 0.3661490340663037 0
4109 0.5494777733940432 0.2728215529504183 0
4110 0.3622465023836761 0.03688900577792067 0
4111 0.5425724462393443 0.03371511681228927 0
4112 0.5357690910069959 0.7415216877019479 0
4113 0.6572540134926504 0.06908087100251928 0
4114 0.5405661682663678 0.2676589880347456 0
4115 0.7610472222263627 0.8601274532094426 0
4116 0.395973547875234 0.1307334920804447 0
4117 0.7920120665665746 0.7356508345425526 0
4118 0.3352606468530137 0.2723937640208595 0
4119 0.4308217639487792 0.9277352783282595 0
4120 0.433597101060777 0.2366515377000641 0
4121 0.5248998243540067 0.04387105187858737 0
4122 0.5844627364623722 0.1641700561138916 0
4123 0.6296384384845959 0.360736654190672 0
4124 0.4984871678621139 0.03880125708006849 0
4125 0.5072784035900515 0.03373093233116693 0
4126 0.4987686650702698 0.0291383235974053 0
4127 0.5851406345639695 0.272886544928351 0
4128 0.5952329611849566 0.2665906612745184 0
4129 0.6843263297047424 0.1355273913581231 0
4130 0.6932409192782629 0.1303388768639036 0
4131 0.7021841608696368 0.1354636131924598 0
4132 0.9308497716615518 0.4924087060956477 0
4133 0.6207121826478271 0.365857720411386 0
4134 0.347478307996846 0.8249613153124218 0
4135 0.1685297623442212 0.6434655822496741 0
4136 0.5767187963311521 0.7297326293649917 0
4137 0.756313228210714 0.1661251501392244 0
4138 0.7017182004719659 0.07403114548129167 0
4139 0.1520623162065703 0.7942561230214281 0
4140 0.1461256212489685 0.8045320516568099 0
4141 0.4537636821133595 0.7296128451004398 0
4142 0.2351895048742011 0.8765179459826666 0
4143 0.2985019110328129 0.07365511310315123 0
4144 0.5955135440336629 0.05395078158211632 0
4145 0.4427994195495017 0.1699496791141425 0
4146 0.8025030100071581 0.2631350206900461 0
4147 0.8113867370684682 0.2681442307544434 0
4148 0.6685129006443461 0.6412883255601168 0
4149 0.6685437286616902 0.629504637145373 0
4150 0.2826832781685561 0.8764966970618332 0
4151 0.3261942201181947 0.057660986863213 0
4152 0.5576244923004559 0.1902025370434283 0
4153 0.5574515556088487 0.2005111999222089 0
4154 0.5475186050249101 0.1942987413702046 0
4155 0.4422332787438912 0.3653546527016877 0
4156 0.6177393487989471 0.7770541978342467 0
4157 0.4067634142648844 0.2623959808282404 0
4158 0.4780799257258616 0.2933982784351527 0
4159 0.9153424186701229 0.8661064016603107 0
4160 0.9153404484716835 0.8542168009346908 0
4161 0.9050668264503505 0.8601213117711262 0
4162 0.4960208316275624 0.2419207864522512 0
4163 0.4871164373455762 0.2367588157418529 0
4164 0.4781932412620467 0.2418927261125718 0
4165 0.4782086832643116 0.2315968775951122 0
4166 0.388867686612543 0.3139529881046475 0
4167 0.525488440884642 0.7710774099025521 0
4168 0.525504779923234 0.7592482119573553 0
4169 0.5152527356291641 0.7651526379635785 0
4170 0.5152667463118188 0.7533265590677837 0
4171 0.5050148670818934 0.7592292155123568 0
4172 0.5869703804449408 0.7711186302959749 0
4173 0.4778342391519764 0.3551337603657836 0
4174 0.486766732871754 0.3602802425585721 0
4175 0.4778254903609028 0.3654011334976977 0
4176 0.48676030023768 0.3705466950271682 0
4177 0.7817687752886084 0.7297349055555742 0
4178 0.7817701349228131 0.7179060854307197 0
4179 0.6977841558189537 0.8350663416847129 0
4180 0.4742089835893945 0.7532729342830456 0
4181 0.6832694458131506 0.3713535879253962 0
4182 0.9514549378157079 0.1065687643144627 0
4183 0.4245148947299306 0.3036535198721335 0
4184 0.4245310732404415 0.2933606825900046 0
4185 0.4334293034085131 0.2985279803449081 0
4186 0.04854267069304352 0.1065649994766224 0
4187 0.5253802717560419 0.6765650653486639 0
4188 0.7507476184979469 0.9016784551481091 0
4189 0.1817427947001349 0.9073878908775774 0
4190 0.4014612372678777 0.7122805317389319 0
4191 0.5049997606709458 0.1852196261165581 0
4192 0.5050175518367415 0.1749349771606395 0
4193 0.5139158309407956 0.1800905252262571 0
4194 0.4961118778062753 0.169780165326954 0
4195 0.3233321587100025 0.8041527809916924 0
4196 0.5663469951544091 0.2056549681065845 0
4197 0.09834428409758403 0.509258346142305 0
4198 0.8947351408278639 0.7710972195054048 0
4199 0.2897580867805597 0.6812254785073029 0
4200 0.2409400180162441 0.804525998624342 0
4201 0.4434399645367715 0.8183383704358846 0
4202 0.2767748025332819 0.8867920421085178 0
4203 0.7509535167553314 0.7948766809681416 0
4204 0.2471125513922623 0.9382527060481012 0
4205 0.07482399437657236 0.9486449052406156 0
4206 0.06887368050845136 0.9588334550167292 0
4207 0.0629227525332778 0.9486379202951492 0
4208 0.05697237478944409 0.9588291524601625 0
4209 0.0510210973674636 0.9486356160916642 0
4210 0.04507032983277601 0.9588286523913867 0
4211 0.0394592598976406 0.948438645065879 0
4212 0.04514529184203316 0.938324079420167 0
4213 0.06377420528757155 0.9690488782097118 0
4214 0.1971801057902386 0.6028544071136751 0
4215 0.5136831989790176 0.3448173430267104 0
4216 0.09851858520419526 0.5682015051553091 0
4217 0.1085842224341324 0.5619644492233272 0
4218 0.1083935112282739 0.5736516376549666 0
4219 0.1085446242430492 0.5502036781141437 0
4220 0.549365319436418 0.3243336927217858 0
4221 0.6130931811735022 0.125455758682595 0
4222 0.5049402702987865 0.8302475513375833 0
4223 0.8125079905244705 0.8304512711228809 0
4224 0.3513108884420415 0.7767620195542909 0
4225 0.9151948620283179 0.688094248032961 0
4226 0.8433678436153218 0.9551951359973014 0
4227 0.8536675499128888 0.9611455177953925 0
4228 0.4156254063792012 0.2882014513103246 0
4229 0.4245469732107409 0.2830656045604743 0
4230 0.1877748699822786 0.9585418601001441 0
4231 0.05108926571052087 0.8045168716827501 0
4232 0.04565179522914747 0.7945109576281086 0
4233 0.03928200185077028 0.8045637546949991 0
4234 0.03413346754246444 0.7949535002714974 0
4235 0.06754654887034753 0.6567182154849055 0
4236 0.294300568349538 0.8352970381038639 0
4237 0.2528389194988315 0.8456070832441904 0
4238 0.4692840342899159 0.2367306053315084 0
4239 0.4867827640388024 0.3191845915672241 0
4240 0.4956989824626247 0.3140675537650481 0
4241 0.5045798222243805 0.3191962066405829 0
4242 0.8536119234601851 0.842328375006472 0
4243 0.6978238477007523 0.9172658793000276 0
4244 0.104565906771102 0.8559792991039563 0
4245 0.8227816520505138 0.8008070658231287 0
4246 0.02539811856111827 0.7626648725172711 0
4247 0.2350623579845998 0.7737732599275779 0
4248 0.6835876423685299 0.3196486786491144 0
4249 0.8670903782694993 0.2306215372693993 0
4250 0.8762109254290444 0.2250205425470305 0
4251 0.8669754626635872 0.2194982393726227 0
4252 0.4025099920261495 0.7590443213193755 0
4253 0.586038678227044 0.2511310204581662 0
4254 0.1520396219635802 0.2640558041068385 0
4255 0.3832696722027179 0.9071977290720679 0
4256 0.6991522284345102 0.6825666835893538 0
4257 0.2708893606870401 0.9588235466454578 0
4258 0.6583196849965496 0.7179689201619572 0
4259 0.1583273411219492 0.6847845503127064 0
4260 0.1276691170776441 0.6081576585666815 0
4261 0.1176232091550268 0.6140979901447403 0
4262 0.1177189684392428 0.6025441906012281 0
4263 0.2481230460256184 0.6085491760808351 0
4264 0.4238728354028882 0.1239677895157399 0
4265 0.1981449008910432 0.4972348426076506 0
4266 0.7724185906900931 0.5029537496604535 0
4267 0.05108053847591602 0.9075200043902033 0
4268 0.6377595763511698 0.6471776046857773 0
4269 0.5972212133907802 0.824400852933437 0
4270 0.4511950683194158 0.3088542550700319 0
4271 0.1481396056273529 0.5030756206030437 0
4272 0.1380637890869839 0.5088612920977742 0
4273 0.1379381554750143 0.5554244873909641 0
4274 0.833073918691231 0.9135752776558581 0
4275 0.6787906775422622 0.7061640554425175 0
4276 0.3298838342187682 0.8969331222934145 0
4277 0.6289708684031973 0.2210823073392162 0
4278 0.3889347023330836 0.2417337340270962 0
4279 0.3951725858340409 0.9277614573474265 0
4280 0.1248204905936035 0.07401664927912355 0
4281 0.1155863812721362 0.07924514270145611 0
4282 0.8751796201146034 0.07401663375592893 0
4283 0.8844136676711043 0.0792451361064221 0
4284 0.6468860263443938 0.2313731668752865 0
4285 0.5866486926028023 0.09982911973981565 0
4286 0.5850515276483392 0.3451361675138453 0
4287 0.5850944319102402 0.3348816084021773 0
4288 0.5940323331300784 0.329777874370431 0
4289 0.63088894779391 0.115179977466966 0
4290 0.04756039923326977 0.5386437783871731 0
4291 0.03783350240547623 0.5326374946622708 0
4292 0.0476076467417479 0.5268019361772434 0
4293 0.0374222547520245 0.5207965489265207 0
4294 0.04755075011153993 0.51497641128395 0
4295 0.03775878387887206 0.5090387575913922 0
4296 0.6575170133436999 0.1202197747470782 0
4297 0.1406063922932867 0.7534268401018559 0
4298 0.9137875040891916 0.5938991674611266 0
4299 0.1175056188158966 0.6258042237899535 0
4300 0.1580211514190149 0.7839894129133801 0
4301 0.2471078476939815 0.9588513190046624 0
4302 0.2980338404879282 0.1253036905235917 0
4303 0.1481022097269306 0.7025868619308714 0
4304 0.8433551554891052 0.9076341952257164 0
4305 0.8536562323896609 0.9135774678983056 0
4306 0.8323802429477454 0.6058943572991071 0
4307 0.06297548281791045 0.8869069178728927 0
4308 0.06892061704386815 0.8766132388138574 0
4309 0.7819331783978798 0.5648047027454473 0
4310 0.5047323683296121 0.3705243512129064 0
4311 0.3620960097269994 0.2881052729552118 0
4312 0.5840825707740495 0.154111966685018 0
4313 0.7315763019950624 0.5027720795532871 0
4314 0.732020094876477 0.5144276925529205 0
4315 0.37107734057346 0.2313555946781205 0
4316 0.1380479919565454 0.5204932943797427 0
4317 0.1279691983884359 0.5146635947552592 0
4318 0.127948750846487 0.5263176889193719 0
4319 0.6583055000112765 0.7534230186432632 0
4320 0.8016682739616239 0.4288051649158505 0
4321 0.7409707034713038 0.7889510627459978 0
4322 0.5667386049049409 0.8550780219629146 0
4323 0.4512200275207672 0.2985658517441262 0
4324 0.3621384310601622 0.2261717648024087 0
4325 0.353218454771017 0.2312907282301046 0
4326 0.4127755083600314 0.8005055172578763 0
4327 0.8413566607758668 0.4400859139540853 0
4328 0.4230075343034682 0.8064380236584184 0
4329 0.1341882035652078 0.9279787777281374 0
4330 0.1401293853280588 0.9176817297611313 0
4331 0.1282441689005897 0.9176834419648864 0
4332 0.8742606455268711 0.9254618432602875 0
4333 0.5336804904485337 0.1100729212720629 0
4334 0.9258790479079156 0.8491083839770944 0
4335 0.4320359750958388 0.8253622504911473 0
4336 0.6118763771058551 0.2781071319584948 0
4337 0.9050647341570648 0.8482355731553511 0
4338 0.8947790701760081 0.8541628433576161 0
4339 0.9050849685591325 0.9314380417362493 0
4340 0.1006249122250149 0.3507171303792692 0
4341 0.9151828170366452 0.6762574263907438 0
4342 0.8948493699747004 0.9492515371377355 0
4343 0.894873225292769 0.9611503877012546 0
4344 0.1067323738550243 0.1185468894301317 0
4345 0.8932664358752287 0.1185479243106168 0
4346 0.9051498923700746 0.955199995614434 0
4347 0.1099702952273054 0.4244776199702174 0
4348 0.9507186209802527 0.375942109276465 0
4349 0.1342050007850217 0.9485829663377159 0
4350 0.1401342003465368 0.9587751247079522 0
4351 0.1519318995848435 0.9588106873912263 0
4352 0.8726383888176492 0.5590647760597377 0
4353 0.351362169960291 0.7412884003427025 0
4354 0.3628732468733415 0.7336817645428392 0
4355 0.7094340208254031 0.6883258089164453 0
4356 0.9308077099484813 0.4341428829019219 0
4357 0.655867792647233 0.2365167026835452 0
4358 0.6566521152799779 0.2459713192057102 0
4359 0.8808152623978697 0.4745507575911232 0
4360 0.8908052553142389 0.4803420467215687 0
4361 0.8808013290583874 0.4861093150809124 0
4362 0.8908032217212379 0.4919098082833802 0
4363 0.880768360815516 0.4976825627784836 0
4364 0.8907959278654642 0.5035056520973786 0
4365 0.9008267953672084 0.4977055592849401 0
4366 0.8707745361744654 0.4918774033278278 0
4367 0.8313578636608274 0.3557915070167268 0
4368 0.8217713256631918 0.3612969962639335 0
4369 0.81222905379245 0.3557513087837533 0
4370 0.8121961014774783 0.3667834085095985 0
4371 0.8026786365596525 0.3612697674158802 0
4372 0.1974378671410122 0.2629206281479615 0
4373 0.1883353110451956 0.2682653578240676 0
4374 0.8947778156567775 0.8422786653527804 0
4375 0.8844893409392112 0.8482145417676629 0
4376 0.8844722721303118 0.8363484286352543 0
4377 0.3082797462519135 0.2567419210865087 0
4378 0.7021417785092697 0.1251696643326396 0
4379 0.2231946641188755 0.855868149594031 0
4380 0.1341877465476942 0.9073862916676981 0
4381 0.1460739430969886 0.9073834933003551 0
4382 0.1401330274575793 0.897089568035962 0
4383 0.1520170935063269 0.8970868835701186 0
4384 0.1460771983768816 0.8867951739231641 0
4385 0.8290464893718483 0.08992865451808718 0
4386 0.1709535577938719 0.08992857336901629 0
4387 0.732520592043716 0.479826748373921 0
4388 0.267027878386914 0.4677897380038106 0
4389 0.0278675773194826 0.55149319348902 0
4390 0.04445762787653325 0.2237416921066586 0
4391 0.04459333745433043 0.2120983120134485 0
4392 0.3590824625948013 0.7022055500516139 0
4393 0.3650922367887335 0.7122023967358193 0
4394 0.2890849503639742 0.1304086579198776 0
4395 0.1282425208034988 0.9588286576100097 0
4396 0.6842991051215913 0.1252297283346343 0
4397 0.5869473263171209 0.7474623172325461 0
4398 0.1302773808838439 0.402114277439434 0
4399 0.1397959321710971 0.4076033982344202 0
4400 0.6447965821598672 0.9276226906768537 0
4401 0.9254361656359189 0.6821170956399751 0
4402 0.8330123584123683 0.7001516311122924 0
4403 0.8432276470125332 0.6942566176977497 0
4404 0.8778358992806377 0.2587194167298909 0
4405 0.6685704815021436 0.9276094744948714 0
4406 0.1107195686577165 0.3228211622261993 0
4407 0.8410107770048262 0.4068332313134784 0
4408 0.2348894269283366 0.2029782652714752 0
4409 0.243833513370817 0.2082465539066141 0
4410 0.2529041166404519 0.203022554575385 0
4411 0.2528823368300384 0.2135076963608548 0
4412 0.2619243030146573 0.2081938976516261 0
4413 0.703881286524776 0.9274686032581499 0
4414 0.1255153872417997 0.2066103980173502 0
4415 0.560190780478605 0.1049218415480362 0
4416 0.03449288482901851 0.2178116728595741 0
4417 0.03457777823471345 0.2061769524795793 0
4418 0.168943433259885 0.4012679140663751 0
4419 0.04421304566240072 0.2700052792979112 0
4420 0.03441325461361368 0.2753497007155754 0
4421 0.04416852275906585 0.2815446425403273 0
4422 0.56870797709736 0.1306263139461992 0
4423 0.02799201228659975 0.5158393652598994 0
4424 0.9623936530607289 0.5882974378836477 0
4425 0.02478789115118871 0.2466404373903525 0
4426 0.6177067500932577 0.7652235221734754 0
4427 0.6278949843955843 0.7711128210910347 0
4428 0.6273532565199322 0.8550345707983669 0
4429 0.9714561041880367 0.2419865020665263 0
4430 0.7717904503151043 0.4226781681528906 0
4431 0.7718012226930362 0.4338165048106996 0
4432 0.0406559593159308 0.362078001244539 0
4433 0.7617112853659231 0.5764759936011261 0
4434 0.7110607279221397 0.1302768475454685 0
4435 0.3476424614061639 0.9483717402513152 0
4436 0.3302263928109626 0.9586766876577438 0
4437 0.3357663617041813 0.9277940769825214 0
4438 0.3299427853359462 0.9174653334915699 0
4439 0.9408769369319616 0.4283456391617931 0
4440 0.912600019044534 0.1404267836753285 0
4441 0.08723229959060576 0.1625181819496349 0
4442 0.3427521500595446 0.1722032713840967 0
4443 0.3514396203655863 0.1667215499930931 0
4444 0.3413384477941869 0.7472798532213596 0
4445 0.7332191223415419 0.8357362683508784 0
4446 0.5939780514049207 0.3709082396831199 0
4447 0.1424480797544206 0.2834253256909133 0
4448 0.9391940362277793 0.2926259618481934 0
4449 0.9392395849826285 0.2816977717863405 0
4450 0.5457405088919258 0.85368799359002 0
4451 0.7515091398478861 0.5823786354609055 0
4452 0.9608065703235866 0.4399122814466916 0
4453 0.04753247726900429 0.5031549738514304 0
4454 0.03770710159498243 0.4972715885863467 0
4455 0.0748696667364477 0.7839383866874632 0
4456 0.08675033487196039 0.7839414104712127 0
4457 0.4048341470337565 0.177489103114555 0
4458 0.396317170962622 0.172838827832813 0
4459 0.1871358079893442 0.5735514405147638 0
4460 0.6296053157877735 0.3710236635668768 0
4461 0.03147756298431519 0.9583155816495728 0
4462 0.06082027223044421 0.3852523052116039 0
4463 0.09353182201944582 0.287418164315544 0
4464 0.1281142913459703 0.5030672809619108 0
4465 0.4636540143623571 0.853567866631278 0
4466 0.1871905362431736 0.6087626622897848 0
4467 0.187034802415616 0.6204496025895949 0
4468 0.7644028068354687 0.3953965737490196 0
4469 0.3439847686210201 0.3711065580260975 0
4470 0.9524990013122899 0.2184604833943955 0
4471 0.9624727282888772 0.2127034090975165 0
4472 0.208212913355225 0.5145817959387202 0
4473 0.2810992103578893 0.2930812453077312 0
4474 0.2811271355103365 0.2825998556490175 0
4475 0.2810389057663308 0.3035636010225872 0
4476 0.2901539117191654 0.2774113223187029 0
4477 0.1178552182278469 0.5204772083767691 0
4478 0.6919109460946619 0.3760374893773656 0
4479 0.04088746847281371 0.3842535074270055 0
4480 0.3072368449539001 0.02821439777911536 0
4481 0.2983838129222995 0.0231163372272611 0
4482 0.2896028860978971 0.02808306126938465 0
4483 0.335363019966029 0.08321069411587587 0
4484 0.9710638645805536 0.3990819306559313 0
4485 0.03201881034488344 0.9368596279472021 0
4486 0.7650682715467596 0.1609786961225103 0
4487 0.4322964366455557 0.1401386324649288 0
4488 0.04814057497411724 0.163679692826101 0
4489 0.03826344192161311 0.1694529011997053 0
4490 0.1011612045500249 0.3170823571934832 0
4491 0.2992509367545405 0.2619289678111755 0
4492 0.1972190190774316 0.5559457857275425 0
4493 0.2074736399778744 0.5500410186832136 0
4494 0.9051771547930377 0.9671007960449303 0
4495 0.9154539754484069 0.9611498035196335 0
4496 0.4051404658804738 0.1252955747413036 0
4497 0.3622740652255572 0.02685240609511196 0
4498 0.2260931076779408 0.176912124216456 0
4499 0.9612840552430159 0.1006631203804153 0
4500 0.3695978377915453 0.09444402006864545 0
4501 0.03874927334848471 0.1005846479909533 0
4502 0.7396363664885022 0.9662042679786854 0
4503 0.8433861981776323 0.9670567627961232 0
4504 0.9666954132373582 0.6585287171901433 0
4505 0.9667480391564395 0.6704022973509947 0
4506 0.9663108503705589 0.6469194850971467 0
4507 0.3050889755565905 0.3917574326428426 0
4508 0.317284859236444 0.03277697076703873 0
4509 0.2809334413379895 0.3560438002133536 0
4510 0.2809446638917608 0.3459642215932923 0
4511 0.9502814754715699 0.08490604486288059 0
4512 0.04971872660801426 0.08490545538885315 0
4513 0.6890360266848277 0.629650788478441 0
4514 0.6991098763149004 0.6354308372477611 0
4515 0.3176198827249163 0.07270318259174263 0
4516 0.6982249165100194 0.9585231424286693 0
4517 0.3705173701476858 0.7023142931275486 0
4518 0.3767818919420917 0.7123154299033352 0
4519 0.8992615902968302 0.2595433075344536 0
4520 0.08693924193622682 0.9690181026273017 0
4521 0.09866200750214754 0.9692308834228913 0
4522 0.9696107096095194 0.333183972037622 0
4523 0.2261156009489227 0.1981799643142281 0
4524 0.1462919671972187 0.9689168859411845 0
4525 0.1584059389415554 0.968791486820882 0
4526 0.7840483201821643 0.3172896681219173 0
4527 0.7839950959082757 0.3281037173348414 0
4528 0.7743338979583193 0.1769655163024692 0
4529 0.6076826878278048 0.8530754437048303 0
4530 0.2651896575889939 0.9688735966107087 0
4531 0.2768788602684533 0.9690893263697429 0
4532 0.3015943551996749 0.9690904019213837 0
4533 0.3246182797814773 0.9688170735809816 0
4534 0.3362806309570714 0.9691073773118219 0
4535 0.1395159261072203 0.7328244822053408 0
4536 0.2083599129829745 0.5262292747039803 0
4537 0.1981099804255922 0.532067873379923 0
4538 0.6977445366394617 0.8148273129973509 0
4539 0.3107755774311548 0.6585795880319048 0
4540 0.3108140493014517 0.6703011497238941 0
4541 0.1871054782664549 0.5851329364685175 0
4542 0.2159857973115848 0.2845716630424138 0
4543 0.2160159435792157 0.2953341581041999 0
4544 0.7562280838786934 0.1557074230148762 0
4545 0.838440276374866 0.2916396238212249 0
4546 0.3595852841143264 0.9688306822549522 0
4547 0.3720332165760599 0.9688490441250943 0
4548 0.05172859646049697 0.7842907506643548 0
4549 0.6930605998200621 0.968814483831721 0
4550 0.03036450496446599 0.4243826553606235 0
4551 0.02976463326157194 0.435831811904375 0
4552 0.772493994560537 0.5142038057562008 0
4553 0.8804113214949051 0.4058071568953861 0
4554 0.2279679519301046 0.6437867214098414 0
4555 0.2381049075498445 0.6497992068237234 0
4556 0.2179888848798951 0.6376450050010281 0
4557 0.8705116582900507 0.4115730165011523 0
4558 0.5425695150764254 0.02358384514215521 0
4559 0.5337613078798215 0.02865361020515056 0
4560 0.9006713655479409 0.4057679743568964 0
4561 0.4507103033139595 0.08779725016815011 0
4562 0.4595392055293267 0.08266678920362082 0
4563 0.4683800570651308 0.08775265172919428 0
4564 0.9444747966754644 0.6119193262074549 0
4565 0.8708712001010006 0.5032082528113764 0
4566 0.860755240983663 0.4976028704667801 0
4567 0.1076012473341689 0.6204346796762764 0
4568 0.5071190449113833 0.02406129965635979 0
4569 0.7741934129697758 0.1875604507758933 0
4570 0.08697718678046885 0.6674030720439094 0
4571 0.7196610233092986 0.3090679938188717 0
4572 0.7106473900147687 0.3144585599466634 0
4573 0.7193727993199657 0.3186561425472772 0
4574 0.4151660670966758 0.02675851114589542 0
4575 0.423950565144887 0.02166555729886813 0
4576 0.4326292186252788 0.02656824170079653 0
4577 0.4128134127644802 0.8233410828875715 0
4578 0.09806715270714958 0.6385511730788682 0
4579 0.09792932434455251 0.6499748114936007 0
4580 0.7839388743659189 0.2739717878451138 0
4581 0.05768526789244062 0.7103445534269797 0
4582 0.1303969786318746 0.4249041579124856 0
4583 0.3161130273071208 0.02318430913943801 0
4584 0.9723908122395636 0.172991174730643 0
4585 0.692896559405852 0.2544331094928552 0
4586 0.9713361188070557 0.4572311339568947 0
4587 0.478077776707416 0.149199543535759 0
4588 0.2287470371606415 0.6551602676199636 0
4589 0.2415880002218596 0.6810372133290771 0
4590 0.2472797865253281 0.6907836325382866 0
4591 0.7192312224844367 0.3392967735125408 0
4592 0.7564561523787551 0.2080235149388058 0
4593 0.7473811237744351 0.2132805001310502 0
4594 0.7378665713625844 0.2080568190880838 0
4595 0.7653810265743632 0.2027574650997244 0
4596 0.7814896296498711 0.4282927739167953 0
4597 0.07376517380542753 0.3098446424745989 0
4598 0.5663345076252729 0.6294650290057173 0
4599 0.03051428103862206 0.3679092549002433 0
4600 0.03052146685866 0.356186955288573 0
4601 0.9708598280576453 0.287724683535052 0
4602 0.9694970384426822 0.2751189819418705 0
4603 0.6071548366385714 0.6295315487398607 0
4604 0.9709759808778592 0.3873802379758415 0
4605 0.1792421093920937 0.02198874376243596 0
4606 0.1704927090090367 0.02737029646000942 0
4607 0.1704639142427741 0.03757693044632107 0
4608 0.8207581269049626 0.02198841530657136 0
4609 0.829507432309241 0.02737001662912019 0
4610 0.8295351765033068 0.03757657759728555 0
4611 0.3724442484346213 0.8240373789708892 0
4612 0.9097185622928893 0.3788814520433713 0
4613 0.1534649150973585 0.2114281036516336 0
4614 0.7821867930192898 0.5084255762138716 0
4615 0.838395671181658 0.03242946811541618 0
4616 0.1616041858784054 0.03242966598169285 0
4617 0.7224571240149655 0.473888657553371 0
4618 0.2873714821654333 0.6005888409888317 0
4619 0.3515881314745478 0.6819603784679904 0
4620 0.04977826527486472 0.436233946096515 0
4621 0.9310386823945502 0.5037803620339905 0
4622 0.06768927884755957 0.7036085223439574 0
4623 0.7195573964665188 0.6707314053259106 0
4624 0.7509280611667688 0.8663404855312637 0
4625 0.2378419001124441 0.4170440231010958 0
4626 0.2280016546088717 0.4225129073495809 0
4627 0.6752552650561251 0.03838181424621822 0
4628 0.6752284293162769 0.02824574827549617 0
4629 0.2774202071774649 0.462415599117367 0
4630 0.1539840798636429 0.1683889053423852 0
4631 0.1445625928822195 0.1628724824558781 0
4632 0.8460036575028029 0.168388484179456 0
4633 0.8553864630288565 0.1628909637313202 0
4634 0.7094803090769868 0.7120804518055643 0
4635 0.7095022975455257 0.7238540431580132 0
4636 0.2401490937562068 0.7084898419026576 0
4637 0.1162790786400694 0.1023210514280035 0
4638 0.8837209040052014 0.1023210774919811 0
4639 0.6748245097106855 0.05885724279091224 0
4640 0.6748604471821912 0.06903648929774166 0
4641 0.1535080939361249 0.09192408913825829 0
4642 0.8464918220224347 0.09192423300399691 0
4643 0.8708668400974126 0.4227011445961338 0
4644 0.8606939488207274 0.4172711315897419 0
4645 0.2472677494521212 0.4117283280159671 0
4646 0.08086844790117995 0.7740375914297932 0
4647 0.09269933909250011 0.7737198243310829 0
4648 0.3529089648514904 0.3659837462017499 0
4649 0.3529339807068519 0.3556523981299998 0
4650 0.3526636663888683 0.3758896672583226 0
4651 0.6031112107900323 0.3755847581152602 0
4652 0.5776932269597452 0.03368114894900846 0
4653 0.5776762576149091 0.02355074378767063 0
4654 0.08428525450591424 0.2355115961005458 0
4655 0.02859494165142424 0.152091171828984 0
4656 0.9715142466882715 0.4689508946894075 0
4657 0.09778622400697291 0.02657448603729052 0
4658 0.08859431693725218 0.0314700771261566 0
4659 0.9022142306028276 0.02657571559688338 0
4660 0.9114107758958383 0.03147905960158394 0
4661 0.3709892038731113 0.03179598070086575 0
4662 0.4600081356676702 0.3756373250740533 0
4663 0.1182070258168976 0.5323063854068053 0
4664 0.5851105157244941 0.3245859302811571 0
4665 0.5761919722134221 0.3297230364825604 0
4666 0.1682328669192929 0.4343867542266944 0
4667 0.8767157111832802 0.2141871896063944 0
4668 0.5160422954162152 0.02865591066859578 0
4669 0.5156489261595896 0.01782564364989352 0
4670 0.5850398879391785 0.3657200099008541 0
4671 0.5852914452919964 0.3756532443492225 0
4672 0.733226971603185 0.03288399005408085 0
4673 0.4947406714808079 0.6589463407760472 0
4674 0.4946113304229336 0.6706298663310586 0
4675 0.2668120706269192 0.03278564570882435 0
4676 0.842529599061782 0.6117442433291489 0
4677 0.8323756763243434 0.6176444992150479 0
4678 0.852772624953835 0.605778742431011 0
4679 0.6583422262563228 0.6353876185603957 0
4680 0.3651115486746863 0.8136055595444285 0
4681 0.9592315239812044 0.2691532495818074 0
4682 0.6043397503802713 0.1100548150000242 0
4683 0.8535064383863589 0.7237467085367417 0
4684 0.3398951460407159 0.7943038937785327 0
4685 0.3426926410123805 0.09980425084671213 0
4686 0.02908171230234885 0.1399576521446175 0
4687 0.4240080425823268 0.07253868229180256 0
4688 0.7924417956649568 0.6998124945234356 0
4689 0.4692968005762404 0.2264244370895777 0
4690 0.4603739376862734 0.2315662733404695 0
4691 0.5664628753890754 0.7238062831844851 0
4692 0.2707927788334893 0.8559408253477462 0
4693 0.2826453813583358 0.8558928607963409 0
4694 0.9226547811164202 0.1678727344983948 0
4695 0.7713412554340342 0.8541854546459566 0
4696 0.7816038482233653 0.8601312660576961 0
4697 0.2151263621212974 0.08403792250515892 0
4698 0.2241326589207457 0.08921543773812259 0
4699 0.7848788615983295 0.08403814556380947 0
4700 0.77587340417689 0.08921572068119146 0
4701 0.5405476812051828 0.2779672582483453 0
4702 0.3887743598125928 0.05214194824573476 0
4703 0.7512558137655878 0.855360441278979 0
4704 0.5762186683296697 0.2780360601082296 0
4705 0.6042991388878767 0.06921148337540624 0
4706 0.4782699833980175 0.1697496976407655 0
4707 0.3002041173256073 0.7635044878663785 0
4708 0.2942859738264708 0.7532619008689737 0
4709 0.3001926370340799 0.7430248826709873 0
4710 0.5583890138761337 0.2779857448382724 0
4711 0.4156374497007316 0.2779050385098852 0
4712 0.4155463885522637 0.3499225042818699 0
4713 0.4155274773829176 0.3601980650717386 0
4714 0.4066368872975934 0.3653250247213258 0
4715 0.4155162876686807 0.3704668074529489 0
4716 0.4244124034530187 0.3653421241466924 0
4717 0.4244008885157453 0.3756060119440933 0
4718 0.1461358112107186 0.825109637111894 0
4719 0.2092700246704221 0.6671920979119125 0
4720 0.3416909103189072 0.8352823365983127 0
4721 0.5049992129025577 0.771055632194664 0
4722 0.4947650340107075 0.7651315742055146 0
4723 0.1579587373857613 0.8867926585849382 0
4724 0.1639018283014007 0.8970859427380949 0
4725 0.540580502651229 0.2573602208093166 0
4726 0.5316544712518187 0.2624972126930619 0
4727 0.430254045838487 0.8663197813405821 0
4728 0.2719460818822317 0.2983125029045879 0
4729 0.3001893679248413 0.7840064660803956 0
4730 0.8741839754497569 0.8422883959181331 0
4731 0.09269095384857023 0.7942351221236252 0
4732 0.5664852188317505 0.7829442455710909 0
4733 0.9153685613826135 0.8779506376396256 0
4734 0.09314935810424529 0.9793818895447819 0
4735 0.4536604860640311 0.8124296000275818 0
4736 0.9508468995730752 0.3646137446510257 0
4737 0.9608278993090775 0.3700831102984879 0
4738 0.960731108333197 0.358356590399502 0
4739 0.4129567652667193 0.9174656971362781 0
4740 0.7610264915364949 0.9076226514217353 0
4741 0.03926236878895846 0.9689977692975195 0
4742 0.02732196585087326 0.9700142277308751 0
4743 0.9464463312347227 0.9076842939696124 0
4744 0.9568546378902436 0.9019956974207547 0
4745 0.6386959043811329 0.2833229954403994 0
4746 0.4692495881311614 0.2573217812508371 0
4747 0.187686460432677 0.7737819588141321 0
4748 0.5767179734869656 0.8243913317891769 0
4749 0.7111342597167198 0.1405842990433996 0
4750 0.720008276998116 0.1353628283343262 0
4751 0.4868470543919173 0.3089108124939545 0
4752 0.6790981188487559 0.8121685805228476 0
4753 0.5562719003283374 0.6237933305917901 0
4754 0.5460780028441399 0.6297093226328128 0
4755 0.489909592051604 0.07393501655491973 0
4756 0.3535844751505752 0.8969305009605484 0
4757 0.5942499592000244 0.277877108606701 0
4758 0.229393219517519 0.9484005502882829 0
4759 0.2233756380638973 0.9382334285445975 0
4760 0.7010806895483186 0.3706180316769603 0
4761 0.6484971481878739 0.8421295505821622 0
4762 0.6492630972505782 0.8550119606649224 0
4763 0.1520370635292573 0.8765064436274986 0
4764 0.587005917522083 0.8421066015280192 0
4765 0.5885718011051745 0.8549273842712752 0
4766 0.3531884253363966 0.2209822231694673 0
4767 0.5151973001206663 0.8361927971496584 0
4768 0.5152018324671197 0.8243407038463344 0
4769 0.02929350174765791 0.1058447349335439 0
4770 0.02887335402525417 0.09477560184732838 0
4771 0.9707076190601953 0.1058587356678487 0
4772 0.9711333147787111 0.09479569170713988 0
4773 0.2714333344477108 0.9792692248621868 0
4774 0.07486496559095739 0.8869019553708717 0
4775 0.3246690401913035 0.1511194627817469 0
4776 0.02443358915731691 0.2351787145058911 0
4777 0.5847308597679093 0.2311955421051442 0
4778 0.5249026857855832 0.08454988804914881 0
4779 0.4507537648131437 0.1287351322803897 0
4780 0.6395781768510101 0.1607355019114621 0
4781 0.6407531433622324 0.1711424857731419 0
4782 0.915220100277928 0.6999151108258422 0
4783 0.9049478347242748 0.7058722764432327 0
4784 0.1228496282519093 0.2701313663450859 0
4785 0.1223092471494556 0.281790204126028 0
4786 0.3410920509636667 0.8067868969173776 0
4787 0.1462712808750956 0.7635297271700058 0
4788 0.04513075279024101 0.9178202096615701 0
4789 0.03359581515314349 0.9173443398706758 0
4790 0.05702261888218946 0.9178078675704077 0
4791 0.229086989424068 0.8045245601411131 0
4792 0.2231644040403874 0.8147916462430902 0
4793 0.2350252754461897 0.7942634773020932 0
4794 0.6926662698954997 0.2729291464820475 0
4795 0.7013269901673965 0.2686863560020993 0
4796 0.8020171611704794 0.5765473481620337 0
4797 0.3710804367476202 0.2210446930897875 0
4798 0.477585035464651 0.3752817579767989 0
4799 0.1255098939097846 0.2176541335247217 0
4800 0.1159030594949741 0.2121427560538479 0
4801 0.9007928518773257 0.4745823270868466 0
4802 0.9233908318657078 0.5649003111413364 0
4803 0.2891362044483144 0.1201089522120653 0
4804 0.3308803125845869 0.9792467466250641 0
4805 0.05176561704173333 0.2982497761117763 0
4806 0.679850482307515 0.8467008633739233 0
4807 0.6791033764519563 0.8597459490020256 0
4808 0.6071997645205378 0.7474824456866536 0
4809 0.1279552009086591 0.5380040258385429 0
4810 0.743006567371341 0.4172345027637414 0
4811 0.9313742448734308 0.2647666793463902 0
4812 0.3348338614579068 0.3757447804046538 0
4813 0.9193207134460162 0.316523018007246 0
4814 0.9292747648900811 0.3106222963955053 0
4815 0.9437723342800211 0.5649279744582856 0
4816 0.3121884014527917 0.8866618412353282 0
4817 0.3062288556337636 0.8763659791794967 0
4818 0.03497182488886903 0.2859174967521474 0
4819 0.4319793463297728 0.8465681098175726 0
4820 0.5048958731172083 0.6297451463203652 0
4821 0.4948476240850891 0.6353108300560054 0
4822 0.4945333510634174 0.6236564867052492 0
4823 0.4848051850556647 0.6292019361491807 0
4824 0.6803799441659606 0.9275563804467213 0
4825 0.7110007071292143 0.1199901840657141 0
4826 0.9207495186314448 0.4980160603977662 0
4827 0.9722739998965909 0.1845936197773731 0
4828 0.9561564417034184 0.6763438547809349 0
4829 0.9665169737281381 0.6822447488802583 0
4830 0.9775911905285818 0.6765527951852941 0
4831 0.6923991502227665 0.3350192598363192 0
4832 0.8625623745620827 0.588282848663275 0
4833 0.8624705449597625 0.5766311326347495 0
4834 0.1481058786130454 0.7143560509568555 0
4835 0.8995882960188476 0.350710140662861 0
4836 0.9723656596684154 0.1613608523759185 0
4837 0.3416802487997262 0.6295546506090723 0
4838 0.3516759215360701 0.6351454275108794 0
4839 0.4857826913642406 0.3816615046167418 0
4840 0.9095782336984636 0.3668732161197246 0
4841 0.7323321216082155 0.0225511912479801 0
4842 0.7247177631306719 0.02811492711370547 0
4843 0.2670393098702399 0.02232071636235708 0
4844 0.266757920299973 0.4228108740700002 0
4845 0.2753966857069486 0.428471976330222 0
4846 0.6204104815085736 0.3757194626258929 0
4847 0.940350381975539 0.07934991482070748 0
4848 0.05964953544851795 0.07934989795637226 0
4849 0.1632719340670796 0.2062476887684916 0
4850 0.16332225815005 0.1952442404305374 0
4851 0.2579898360618119 0.6143871641768516 0
4852 0.2582292136029861 0.602623752080276 0
4853 0.2588157568200851 0.6280441222871762 0
4854 0.9225276302409653 0.1567137141182716 0
4855 0.281080093884119 0.2721172584640952 0
4856 0.3325856796445668 0.6219027566758993 0
4857 0.2260533407371556 0.1663826877548354 0
4858 0.2349262619210521 0.1610681094375772 0
4859 0.9006688463467581 0.5091246516583743 0
4860 0.8910196444814021 0.5151070952684222 0
4861 0.9896263279947101 0.01726400167513784 0
4862 0.01037367200528117 0.01726400167521334 0
4863 0.1277722487238916 0.5612570219606592 0
4864 0.1277676752567573 0.5729784148439551 0
4865 0.1632650806779087 0.173295641427953 0
4866 0.9695782521237997 0.2641673757196464 0
4867 0.8367238154907874 0.1732957228887801 0
4868 0.8367123095193187 0.1842941473120709 0
4869 0.3888540290933232 0.02185748580276247 0
4870 0.6843601632115697 0.02362570415218478 0
4871 0.4511179856611836 0.3807567222217986 0
4872 0.774618371482438 0.3227015113694831 0
4873 0.1987730963829845 0.6375674287329929 0
4874 0.7333799363949344 0.9184576487036541 0
4875 0.7032656948034678 0.8052713752674389 0
4876 0.8523295262472911 0.9712292138340504 0
4877 0.7622681699113019 0.519748006174398 0
4878 0.9097276278624103 0.3903639444390958 0
4879 0.9709225387363587 0.3641453211011576 0
4880 0.9705814470910992 0.3527794225114662 0
4881 0.02731512813064974 0.6332084142851135 0
4882 0.02693881063086759 0.6450265012677998 0
4883 0.02742066054699726 0.621301527082888 0
4884 0.03721048605623367 0.6154022647223626 0
4885 0.02696917325944534 0.6094212620465204 0
4886 0.03715672397425472 0.6035272258550434 0
4887 0.02713010653822293 0.598029039549315 0
4888 0.03721850336078604 0.59177354817468 0
4889 0.02741177848651399 0.586900582244482 0
4890 0.07683064177883903 0.6736872632841289 0
4891 0.1774646801346063 0.5789691154879419 0
4892 0.8292261485940486 0.2860811645360207 0
4893 0.8294014602944687 0.2753979315155399 0
4894 0.584924889702739 0.2216849380005745 0
4895 0.8112181811193452 0.9726387223202519 0
4896 0.8011704245309096 0.9667802688930413 0
4897 0.8218115348720472 0.9795571920617826 0
4898 0.961963308955621 0.1560266165643505 0
4899 0.9710225638509462 0.1500023735354458 0
4900 0.5137540394737233 0.1706362865653226 0
4901 0.5484970811689388 0.2056764400748836 0
4902 0.3519543979759237 0.6238466094109576 0
4903 0.3617668575525806 0.629348293825835 0
4904 0.1774099010008404 0.6143509926751041 0
4905 0.1774853760188363 0.6263179975338645 0
4906 0.4064329368584451 0.3751575903526146 0
4907 0.0271827829905795 0.7057247865349239 0
4908 0.02717388499016903 0.6935479626333101 0
4909 0.6380946428433371 0.27382448887737 0
4910 0.8865955943631745 0.2201244009189821 0
4911 0.8864732342260956 0.2087129063096052 0
4912 0.3413929725953766 0.7590376759641662 0
4913 0.4382241425266527 0.05358632944596368 0
4914 0.9157222236754488 0.9726374133192426 0
4915 0.9257971545188968 0.967101134719206 0
4916 0.5667463518030658 0.22217932744808 0
4917 0.7841522031139415 0.2636475988824172 0
4918 0.08931393696126023 0.02206480077774435 0
4919 0.07958252552578803 0.02633809109380109 0
4920 0.9106869875992075 0.02206650271973522 0
4921 0.9204919883429576 0.02631498754818128 0
4922 0.6117001213624064 0.268662028694123 0
4923 0.893936152445062 0.9726738642612661 0
4924 0.02749878627849974 0.5635024406775222 0
4925 0.4686068479764213 0.1449425242635315 0
4926 0.04808634283632858 0.1748657902070826 0
4927 0.03818202881443448 0.1807422618446694 0
4928 0.02820869768425855 0.1751909983230346 0
4929 0.02833284604976666 0.1883149333212287 0
4930 0.01878782062501904 0.1809135087440907 0
4931 0.7422998381813738 0.5202416513826834 0
4932 0.7322409523769107 0.525705909030642 0
4933 0.9715716278571274 0.4924091867299134 0
4934 0.971577589294729 0.5042110176055155 0
4935 0.9613469979025399 0.5101071998592223 0
4936 0.971572398639121 0.5160257608117755 0
4937 0.4501076038403092 0.138536493604951 0
4938 0.2253509028736537 0.2899651363575192 0
4939 0.02724773102367015 0.7178336852568206 0
4940 0.03712346644717243 0.7222446512559797 0
4941 0.02706557449762739 0.728707839830422 0
4942 0.1253173762888101 0.02135085180220792 0
4943 0.874684237784949 0.02135041298621191 0
4944 0.1076643494307402 0.02241569047657333 0
4945 0.8923357584055935 0.02241604604254046 0
4946 0.1488677837858552 0.4235353913427952 0
4947 0.1587657877304355 0.4176224682129222 0
4948 0.8119154446111566 0.2576736773436125 0
4949 0.3521201353100112 0.7307813549892955 0
4950 0.7407388134140986 0.8952653540461754 0
4951 0.7407946952526722 0.8837831951198274 0
4952 0.2373575445167593 0.6717918927253782 0
4953 0.1615930231835173 0.02268221811105309 0
4954 0.8384069395881055 0.02268204292634088 0
4955 0.9298510510380793 0.3651058031524655 0
4956 0.02049630145800448 0.3612494992443908 0
4957 0.7316929172300588 0.8894962412732923 0
4958 0.490269286577279 0.09410255926992284 0
4959 0.7271997569568613 0.9278634395607459 0
4960 0.4671694094056456 0.07738133695666427 0
4961 0.4761989492387201 0.08250812352466605 0
4962 0.2896251619166639 0.01814837932950717 0
4963 0.1881180538471333 0.2574494442391573 0
4964 0.2232473362015951 0.1002329921987343 0
4965 0.2327681531491684 0.09415682721061232 0
4966 0.2330570508626042 0.08406333912130404 0
4967 0.2418951996959552 0.08896283883140296 0
4968 0.2419972773273159 0.07889264250516183 0
4969 0.2507212675141635 0.08364503420191008 0
4970 0.2508847764416126 0.07370678862966243 0
4971 0.2595978723479587 0.07916419288106351 0
4972 0.7767532956634585 0.1002330597456122 0
4973 0.7672333597416247 0.09415580350295388 0
4974 0.7669493819246523 0.08406340138006085 0
4975 0.7581051080802202 0.08896243089141787 0
4976 0.7580035228193901 0.07889264310201766 0
4977 0.7492786667034563 0.08364494099099302 0
4978 0.7491150588905745 0.07370696866309528 0
4979 0.7404018511275412 0.07916408122359661 0
4980 0.6586218635407923 0.6236735895703467 0
4981 0.08415410344982217 0.2130373349780611 0
4982 0.09475258354019608 0.218471903609528 0
4983 0.3716590540466852 0.02247287311629791 0
4984 0.3534343306041808 0.02222448177301732 0
4985 0.1146404397102208 0.2222030231915012 0
4986 0.02519962771571978 0.2686968084964706 0
4987 0.8671548215023075 0.2093599837957258 0
4988 0.8576331086733753 0.2144397679393862 0
4989 0.02800887249566378 0.8049596740719963 0
4990 0.03338011718150032 0.8148961077600291 0
4991 0.022119341426724 0.8152653084675632 0
4992 0.02740637096870224 0.8250469505750361 0
4993 0.8611868306374659 0.5085189700827929 0
4994 0.8506982139205072 0.5030998421251579 0
4995 0.8508197018321143 0.4917222382138133 0
4996 0.840735559472984 0.4976009316610489 0
4997 0.8406038629590071 0.5089119337504441 0
4998 0.8307268401264207 0.5032969791931812 0
4999 0.8307915773502346 0.4917855937010766 0
5000 0.8207993919360479 0.4975322998794337 0
5001 0.820913563027835 0.4860497989897815 0
5002 0.8109553659268529 0.4917615192373742 0
5003 0.8109459176340741 0.5030682635865293 0
5004 0.8010157397384018 0.497408634568361 0
5005 0.8309041112340176 0.5148248276562859 0
5006 0.8015362299550485 0.5083893938428249 0
5007 0.2069574462294915 0.1082020864848422 0
5008 0.1976803571102697 0.1152651571720177 0
5009 0.79304245915578 0.1082021422465885 0
5010 0.8023196996782564 0.1152655503458581 0
5011 0.940987760619008 0.5100145341683011 0
5012 0.1343669291979661 0.01676348714053625 0
5013 0.8656466989979764 0.01675705442583913 0
5014 0.665256025149412 0.240689947009642 0
5015 0.7229184693918629 0.4392731314632051 0
5016 0.728906658274143 0.303239415488316 0
5017 0.02759991608427541 0.887725058205316 0
5018 0.02257896577956041 0.8976693235146922 0
5019 0.4536216606693513 0.8594111013302024 0
5020 0.008839701138317212 0.2569221421271052 0
5021 0.7409034423119043 0.01766125737868594 0
5022 0.2590642688401356 0.01754034757215114 0
5023 0.9726955469745618 0.2183222323834623 0
5024 0.9723438451142956 0.2067197439047442 0
5025 0.9562903546002619 0.9725836084427818 0
5026 0.9462424674911173 0.9670651537959112 0
5027 0.5350549092463583 0.1205713545888174 0
5028 0.5247271373993289 0.1147929985870244 0
5029 0.05888574229302528 0.2014715664499255 0
5030 0.04971550775638506 0.1970205606366803 0
5031 0.0193734149903721 0.09955678338993873 0
5032 0.6948717948717845 0.3911176881662976 0
5033 0.9806254303184995 0.09956325431395958 0
5034 0.01638994417850021 0.6382885691143602 0
5035 0.01727552451402187 0.6052127024911776 0
5036 0.02510902890917588 0.2107122261374446 0
5037 0.5358892087260446 0.8594043626662239 0
5038 0.5254451502413667 0.8538948983984983 0
5039 0.9737105187933207 0.6061920377905028 0
5040 0.9740554077558525 0.6163377683634341 0
5041 0.9648280120797722 0.6236514364706306 0
5042 0.9746570669359919 0.6284205561175408 0
5043 0.3215769982457431 0.6754803876482209 0
5044 0.9738662244762085 0.5590742576782521 0
5045 0.9745232657330269 0.5709397576290983 0
5046 0.9751330973810203 0.5461376346991699 0
5047 0.7312492275647233 0.817339178454445 0
5048 0.7746573466447199 0.2686185151924157 0
5049 0.7746360529583982 0.2579332147256711 0
5050 0.3975307252715001 0.01733568407094781 0
5051 0.2068038305305319 0.2575749291047847 0
5052 0.2158321987251328 0.2634548366438431 0
5053 0.4837501598785825 0.6176112318981357 0
5054 0.3700828369332745 0.7224470626166732 0
5055 0.5936489486771097 0.1584773663459621 0
5056 0.6388710903010515 0.6217693766938827 0
5057 0.6269408751183858 0.6180662859853723 0
5058 0.8297451477113619 0.2979474413773857 0
5059 0.9796291069341511 0.3264948775533449 0
5060 0.02459686448930581 0.7747814796984935 0
5061 0.5666478932229388 0.141591209082726 0
5062 0.5586866803245659 0.1334734830705155 0
5063 0.1426474885326911 0.2259435740279188 0
5064 0.7035263597065375 0.9483555636353513 0
5065 0.6693920456630407 0.6176175835859208 0
5066 0.197049179770754 0.02152276099733367 0
5067 0.2058899868207373 0.02725650997005212 0
5068 0.2058942717575103 0.01718964692809696 0
5069 0.2144265822320855 0.02273221191844448 0
5070 0.8029511007405512 0.02152245126412645 0
5071 0.7941101485780806 0.02725621955464497 0
5072 0.7941056112735586 0.01718943881529677 0
5073 0.7855733404762959 0.02273201268456532 0
5074 0.522619944274725 0.1759253940548551 0
5075 0.5227806251890044 0.1854070863478349 0
5076 0.5318178283596866 0.1811061629809606 0
5077 0.5312466405538647 0.1901367733392864 0
5078 0.7022782212123889 0.9672921552128138 0
5079 0.02142183431377897 0.7953037811927781 0
5080 0.4867082983213422 0.1547802824668485 0
5081 0.489548334768289 0.1048318454134512 0
5082 0.9214745426260819 0.5087482436387956 0
5083 0.9462519552374642 0.9777339033368496 0
5084 0.5510128794619049 0.01897800973181395 0
5085 0.5417553645928082 0.01406842837670624 0
5086 0.9775532559334437 0.9496372025279458 0
5087 0.9780841186441025 0.9383100616123602 0
5088 0.8773538346936769 0.2808358062535221 0
5089 0.9795786477638333 0.3165219777428229 0
5090 0.9208565506470825 0.2590551571974898 0
5091 0.8022847886073452 0.2533513353108045 0
5092 0.03780643348567755 0.451462095789549 0
5093 0.02836672580794551 0.457070279097946 0
5094 0.0281735196220157 0.4687084390325471 0
5095 0.5396465242206403 0.2009008429546131 0
5096 0.9778542514014341 0.6534321243739102 0
5097 0.5941872600902758 0.2265107704030296 0
5098 0.3340040619892562 0.1776238503999566 0
5099 0.3246793225482025 0.1718508760575866 0
5100 0.3248611476653035 0.1824743898842952 0
5101 0.3157098546010234 0.1769587392965828 0
5102 0.8476902801241897 0.2966385520810261 0
5103 0.3158584790046688 0.1875778689876405 0
5104 0.3067336309655813 0.1820886293538633 0
5105 0.3068125309799179 0.1926607365280893 0
5106 0.2977283097582595 0.1872310376144499 0
5107 0.2979393690069178 0.1979846836849954 0
5108 0.2887209794583006 0.1924067683215362 0
5109 0.9791978804191099 0.2711708693286001 0
5110 0.540636002640424 0.1852768974078894 0
5111 0.715542620204503 0.8042360021434475 0
5112 0.709611403055985 0.7939826660435693 0
5113 0.7224641945183692 0.7945647569441212 0
5114 0.6229423712916531 0.1727112060481186 0
5115 0.6133918581391018 0.1664141801572769 0
5116 0.9771050575568658 0.688490090088132 0
5117 0.966574339065236 0.6940722452949022 0
5118 0.2253376494009102 0.3006932493015592 0
5119 0.216056965065555 0.3062277417103462 0
5120 0.4432764440676009 0.8535379746973883 0
5121 0.01636145214320271 0.8257510764704341 0
5122 0.4133796191526163 0.1817190074633621 0
5123 0.4047528381831745 0.1873136094914167 0
5124 0.4228032524548929 0.1776775357139662 0
5125 0.2890875714216997 0.2033938045047509 0
5126 0.2798079047384755 0.1975978222727373 0
5127 0.2798100871102444 0.1871600212709434 0
5128 0.2799891546156706 0.2083388466853144 0
5129 0.9613303030002425 0.5219284524598952 0
5130 0.971408260887773 0.5277251745973328 0
5131 0.4740941847505258 0.6238424073335155 0
5132 0.46285963229291 0.6200201757456251 0
5133 0.4655532622535126 0.6313107855050568 0
5134 0.4546331530022032 0.6283466592800673 0
5135 0.451014620602068 0.6179700439537039 0
5136 0.4430700843338433 0.6254592318654509 0
5137 0.4461827572078224 0.6366393025934171 0
5138 0.4344639371018898 0.6327992904199191 0
5139 0.4371609409183062 0.6441322774495923 0
5140 0.4259312209789533 0.6407585063495346 0
5141 0.4231347535675603 0.6294025137611566 0
5142 0.4146368870321728 0.6374190913355272 0
5143 0.4288054487677743 0.6513110420562843 0
5144 0.4116604642545897 0.6266438217086816 0
5145 0.4032807980927851 0.6342798888459786 0
5146 0.4057620164305076 0.6455803975643915 0
5147 0.4182742276089938 0.6189890672284408 0
5148 0.4495103332076484 0.647882035306474 0
5149 0.3944293404923379 0.6425286142033353 0
5150 0.3919390354129406 0.6309300111510447 0
5151 0.2900670379789692 0.3723395498958762 0
5152 0.2991904158018693 0.3765299766773956 0
5153 0.2696595553220522 0.6093113146144941 0
5154 0.2684547429527994 0.5966925129767551 0
5155 0.8892143581700196 0.2652054926301579 0
5156 0.3515368809476443 0.1772034369966434 0
5157 0.3603696946014981 0.1718808175282662 0
5158 0.8769459552450404 0.2917642625137315 0
5159 0.8672607746951521 0.2973088580763322 0
5160 0.8770819111905011 0.3031555336137494 0
5161 0.8671966730448503 0.3085909839366959 0
5162 0.3826721878246133 0.6388338119304026 0
5163 0.3808661981666684 0.6272666043193943 0
5164 0.6285780828688465 0.2610506059138358 0
5165 0.1438584723612721 0.08604921911463503 0
5166 0.8561414923535857 0.08604927293969684 0
5167 0.3415476700558173 0.6895731895061296 0
5168 0.5946599197248799 0.2170472250961832 0
5169 0.3174514445605165 0.08313481265216008 0
5170 0.7217314596075797 0.5197938621418479 0
5171 0.4318376934189182 0.06826546903568573 0
5172 0.2819735022373204 0.02305685594560888 0
5173 0.7020804748758261 0.9781684624601905 0
5174 0.4772179991282461 0.1404001125905395 0
5175 0.5677748220665465 0.0174457342057243 0
5176 0.5769589267473169 0.01504547729494456 0
5177 0.3783499498131594 0.09970664718157658 0
5178 0.3781787524080638 0.1101118585336146 0
5179 0.4138685090763316 0.1306104538969897 0
5180 0.0192566761121988 0.3496679008119117 0
5181 0.6818361900952878 0.3821431305448211 0
5182 0.6737811579739106 0.3760653960448044 0
5183 0.8773793359927927 0.3146394084797324 0
5184 0.06314131900352936 0.3042220555223623 0
5185 0.03530943411443996 0.7782923583569138 0
5186 0.4229442700605953 0.1457397395113915 0
5187 0.4318181583608415 0.1511213307996201 0
5188 0.4306279004974064 0.1596900407633191 0
5189 0.4409169225249772 0.1445315469881372 0
5190 0.2598949200616142 0.08916244395370984 0
5191 0.7401047220421588 0.08916227157888443 0
5192 0.7381049711209318 0.2187721023652039 0
5193 0.74714945907948 0.2238547245482619 0
5194 0.7288298462864244 0.2134432814992357 0
5195 0.2335083054145745 0.1039871350009273 0
5196 0.7664935165313649 0.1039868002635244 0
5197 0.7746188718920037 0.3334778442298582 0
5198 0.7839621444586959 0.3390228508219116 0
5199 0.7272549689177858 0.04842700120658537 0
5200 0.2727717181903772 0.04846777196614066 0
5201 0.09429960830018126 0.2070103287221666 0
5202 0.9767392708727316 0.7001054640597997 0
5203 0.7654528653221097 0.2134277446553154 0
5204 0.396395181603785 0.1199233783473655 0
5205 0.1249073032720796 0.08494393397719154 0
5206 0.8750927157709469 0.08494394227806264 0
5207 0.8210634205730548 0.2627249407636623 0
5208 0.1157332796912665 0.090326470602759 0
5209 0.1065231197513709 0.08504029118203238 0
5210 0.8842667208186779 0.09032647940587635 0
5211 0.8934768886243757 0.08504029166258593 0
5212 0.3898751299874932 0.6194889856591252 0
5213 0.3786043211870298 0.6162123221808122 0
5214 0.9661013318244502 0.9794839931326251 0
5215 0.9771960486856541 0.9731370244042381 0
5216 0.9805403390567873 0.08969160043002414 0
5217 0.01946168823539169 0.08968249668065632 0
5218 0.02450813587490155 0.2002223165754381 0
5219 0.7391548236828125 0.06901866730641218 0
5220 0.2608509297349271 0.06900764348090264 0
5221 0.3672804108096733 0.9793014214336158 0
5222 0.2619971185205264 0.2188883758735991 0
5223 0.2530350804617468 0.2240082987710023 0
5224 0.1785220658658608 0.2639061838824486 0
5225 0.2350465930167354 0.2138849869818141 0
5226 0.7233863502642893 0.4278902415497495 0
5227 0.7289892483311443 0.2936682871623481 0
5228 0.01378237092898277 0.2402842030387262 0
5229 0.3725224703422181 0.6459244178514691 0
5230 0.1878106415971204 0.01648253769966364 0
5231 0.1778264148406651 0.01026590055543921 0
5232 0.8121895757071591 0.0164822731177762 0
5233 0.8221736198040739 0.01026579617180579 0
5234 0.4253234315600454 0.8360482158225194 0
5235 0.547647808373489 0.8656207277948402 0
5236 0.5927479730333006 0.1494204805785547 0
5237 0.8955279596476651 0.2145874100356127 0
5238 0.895637214079844 0.2041566673789685 0
5239 0.237745893810023 0.4059315422672015 0
5240 0.2458407434191932 0.4008096117425269 0
5241 0.9269410743667859 0.9795932201554366 0
5242 0.3270801291451697 0.03729261295059324 0
5243 0.3260142456338203 0.02736964155456569 0
5244 0.3347233598042607 0.02241127343906441 0
5245 0.3176403893155079 0.04306153720651969 0
5246 0.342624040749115 0.9790843366510651 0
5247 0.3946770849281593 0.6549147745283118 0
5248 0.1528588345481714 0.9794103139137527 0
5249 0.7723989778361764 0.4117975009147131 0
5250 0.2827972818317268 0.9794400400009518 0
5251 0.910121176055513 0.2535871138485437 0
5252 0.9011930998800036 0.24771635718693 0
5253 0.9026356820814194 0.2355522364757384 0
5254 0.3785282436676446 0.08929916109709171 0
5255 0.3523456278981221 0.8131339463249402 0
5256 0.3088601643950456 0.07783323769803419 0
5257 0.7311027307500912 0.08338989281064657 0
5258 0.2688967290637011 0.08339026127961584 0
5259 0.4650503540078084 0.86557705920754 0
5260 0.9888688501721228 0.6835689851362973 0
5261 0.3823735661847285 0.7241460226232143 0
5262 0.3885877396230065 0.7128567128447503 0
5263 0.3948427047746983 0.7229178692218607 0
5264 0.8202655907256015 0.2821519979364893 0
5265 0.07490510494559194 0.2084285498810713 0
5266 0.03382960306865235 0.9796305874858167 0
5267 0.781508990509687 0.4394471163811003 0
5268 0.08649134512651219 0.7624779685506679 0
5269 0.0989957569418817 0.76347254121567 0
5270 0.8368685905899907 0.1625248840245234 0
5271 0.1631200365293752 0.1625212393635224 0
5272 0.1045793573812153 0.9795798792550602 0
5273 0.1109356546339781 0.9691061818549715 0
5274 0.2401412386169367 0.7196949357206879 0
5275 0.2306975941913034 0.7256921767039209 0
5276 0.2406424099135459 0.7307594226747374 0
5277 0.4142812250087534 0.1198462352276192 0
5278 0.3215565617471696 0.6289877635946814 0
5279 0.8027302506852744 0.3725395433196238 0
5280 0.812239281989856 0.3783848053783873 0
5281 0.7932438518305996 0.3669842937269721 0
5282 0.7932097453569514 0.3558512155772911 0
5283 0.7838537875918048 0.3616301392724274 0
5284 0.9860279715690361 0.7081759602936366 0
5285 0.9778639363396411 0.7181202496949545 0
5286 0.9809163875033631 0.7287141104705307 0
5287 0.9679564348597267 0.7282317071108949 0
5288 0.972942743478746 0.7372043320060712 0
5289 0.6034295110106841 0.1618519549703384 0
5290 0.9014947384609371 0.5201965806746572 0
5291 0.8922887241883233 0.5258676477210236 0
5292 0.3072711929252456 0.2037861088158373 0
5293 0.8313504683677451 0.3670468211408968 0
5294 0.01635438372195904 0.7678298055201899 0
5295 0.1624765206458582 0.09622014596597014 0
5296 0.8375234085378396 0.0962203256812057 0
5297 0.3302405031194212 0.7532766784618691 0
5298 0.3235178510386325 0.742814356558795 0
5299 0.8927043461329606 0.229379092270545 0
5300 0.2773705982675242 0.4738677566186167 0
5301 0.5866310789711996 0.01798417925369858 0
5302 0.5972515430148087 0.0175398610976237 0
5303 0.2718830058973051 0.3096444068647016 0
5304 0.2811286791099729 0.3144778516995318 0
5305 0.5960443943991961 0.1691827251839787 0
5306 0.9197995276289295 0.2703353950171255 0
5307 0.7209956457320762 0.4845769694215661 0
5308 0.3005694160881485 0.6644665465030251 0
5309 0.3007674991487091 0.6755427787948594 0
5310 0.387564322360315 0.1044484601555808 0
5311 0.2474573644423587 0.6435323938037558 0
5312 0.988674143635025 0.9446335467059586 0
5313 0.08277890664450785 0.3158202703251325 0
5314 0.3254013838856428 0.1937226724050967 0
5315 0.7915673677353345 0.4340628447836848 0
5316 0.7916935366411728 0.4230478654190938 0
5317 0.2374325233281155 0.4396857154668123 0
5318 0.01621267140963477 0.7570983841034948 0
5319 0.0221758589226914 0.7461938119141971 0
5320 0.9841956646254487 0.5545272741537145 0
5321 0.272037580148197 0.2778153667551738 0
5322 0.9701534362616397 0.0844491943027664 0
5323 0.02984972352316798 0.08444223406498627 0
5324 0.841216362121437 0.5200389280217885 0
5325 0.8319072631945559 0.5256970570653205 0
5326 0.8854059542869033 0.19890144082142 0
5327 0.5661628025503648 0.6178654755379683 0
5328 0.5765898617087419 0.6231251720079076 0
5329 0.5876329561241129 0.6170472976553537 0
5330 0.5872566576210413 0.6287033733360302 0
5331 0.2804175379494468 0.2196160016871527 0
5332 0.6994827377225247 0.6237843630368478 0
5333 0.1062386718638561 0.2176795008705332 0
5334 0.1056429549206551 0.2064319997567045 0
5335 0.8429395243666045 0.6233159438837172 0
5336 0.783926173433138 0.3502841527848228 0
5337 0.7745288638165677 0.3564248644504389 0
5338 0.7088576328411085 0.4168823816458745 0
5339 0.3618054247124851 0.3709938544737149 0
5340 0.3162867683288249 0.05338610900731671 0
5341 0.7719670794282996 0.688025347260498 0
5342 0.7718749967017061 0.6762294763219728 0
5343 0.8475265938804362 0.02724158824308666 0
5344 0.1524849391370981 0.02724483542401 0
5345 0.01017777728886915 0.02953318927725353 0
5346 0.02018109134430388 0.03539861128813147 0
5347 0.02049749178296296 0.04697558499867487 0
5348 0.03071058165981375 0.04087797188505854 0
5349 0.0298761138633595 0.0296907596066763 0
5350 0.01028130980341826 0.0533240315904215 0
5351 0.0104901181882219 0.06514003762504264 0
5352 0.02071675293978899 0.06944050669013846 0
5353 0.9898222227111855 0.02953318927709114 0
5354 0.9798189086552249 0.03539861128787268 0
5355 0.9795025082171578 0.04697558499843196 0
5356 0.9693204036825271 0.04087990504434895 0
5357 0.9701238861363196 0.02969075960571416 0
5358 0.9897186883733353 0.05332403162439634 0
5359 0.9895099053484684 0.06514010776266715 0
5360 0.9792847982461859 0.06944212121878129 0
5361 0.7189096275943339 0.2198427650527224 0
5362 0.717620509446565 0.2089579737184267 0
5363 0.7075387052176866 0.205435667664478 0
5364 0.715187082399569 0.1996369602615038 0
5365 0.7050685396700522 0.1961664803456742 0
5366 0.697945725740438 0.2014718593306591 0
5367 0.695174410484421 0.1923503283184028 0
5368 0.7265998772170732 0.2028152784139958 0
5369 0.7490604868092434 0.06349054536143744 0
5370 0.2509399192848064 0.06348910277568695 0
5371 0.7718103352064765 0.4450891165828844 0
5372 0.6664146796531666 0.03334475573548416 0
5373 0.6664676645200203 0.02355204767464376 0
5374 0.01934508938060781 0.1445254835726499 0
5375 0.8307846107202738 0.4803394693001886 0
5376 0.8211983080400987 0.474426944518789 0
5377 0.3616697322154425 0.3820930566331261 0
5378 0.3709508232921211 0.3759278193844253 0
5379 0.3798124667723416 0.3709129479777307 0
5380 0.3890728507776403 0.3753893675184801 0
5381 0.3807822968085455 0.3818379490912492 0
5382 0.7212568569848465 0.5311595607357078 0
5383 0.4234136510894375 0.1347732730683176 0
5384 0.1976363022793539 0.5440054572964085 0
5385 0.5974152472991385 0.6228299612043826 0
5386 0.3106575941675773 0.6467359406073 0
5387 0.2080161368693016 0.538075535393971 0
5388 0.1345396092386835 0.09119983880932499 0
5389 0.8654603315332757 0.09119993505681258 0
5390 0.1529237557928284 0.08008622258048624 0
5391 0.847076222278926 0.08008626979420211 0
5392 0.7378199380808321 0.2298613454007284 0
5393 0.06304399785723602 0.315618647302622 0
5394 0.6836688063839285 0.06392541107480054 0
5395 0.6837716861745667 0.07411298909254022 0
5396 0.7197644259436824 0.7179793139261333 0
5397 0.7197264700025628 0.7297823971674121 0
5398 0.7198208741077421 0.7060786066387738 0
5399 0.3606679725891936 0.1826852907412213 0
5400 0.3696769406996046 0.1773270817819873 0
5401 0.3790835571325312 0.1826384157999333 0
5402 0.3787440498270601 0.1723944886457565 0
5403 0.8885615137487897 0.2760433342388413 0
5404 0.7720309046174074 0.6998754134495817 0
5405 0.02010000313837991 0.024340870982239 0
5406 0.9798999968616383 0.02434087098194344 0
5407 0.2980413508874321 0.01369918693664008 0
5408 0.06320299250088215 0.2925295186738706 0
5409 0.7670113522043771 0.07373272001584499 0
5410 0.232995582814507 0.07373327334492893 0
5411 0.3289814520797628 0.6918921187569389 0
5412 0.8610498168224542 0.4283613337102739 0
5413 0.8509525665033613 0.4229319871244779 0
5414 0.6123438002062903 0.1761477352281595 0
5415 0.6091364164314161 0.1859442350098198 0
5416 0.8880741774901963 0.2988504252916271 0
5417 0.6283810840680822 0.1812263766248459 0
5418 0.7402231407376579 0.0583825481597699 0
5419 0.2811515631233986 0.3785358643301799 0
5420 0.2806727227295651 0.3676194570024934 0
5421 0.2714695534558351 0.3631346913576856 0
5422 0.8385423599272142 0.0426736006159092 0
5423 0.1614614990131024 0.04267492270346038 0
5424 0.2597765559923516 0.05838162115865091 0
5425 0.8837606951254167 0.02698111459405048 0
5426 0.1162396235969732 0.0269809780869933 0
5427 0.459433078752895 0.3854811944216024 0
5428 0.9291759581373555 0.2990773089318615 0
5429 0.6682155934806898 0.8660566764659856 0
5430 0.6793389340647092 0.8718733037349575 0
5431 0.6901687375036164 0.8658700704397226 0
5432 0.8709221324454924 0.4341385728765645 0
5433 0.7324606584703741 0.01326984759932822 0
5434 0.267185350053766 0.01297800444955377 0
5435 0.8012913298617621 0.485816650162108 0
5436 0.3167594675158092 0.0939490673199416 0
5437 0.3262422158953472 0.08831889007058646 0
5438 0.7468497349404838 0.2349624810687258 0
5439 0.4954737022710048 0.3755273747475918 0
5440 0.3889196993027541 0.01045785614904043 0
5441 0.2986883465109267 0.2095718646329462 0
5442 0.5761769158002579 0.3708928522195838 0
5443 0.5765215074048958 0.3819085663662896 0
5444 0.5672041422329129 0.3758215779115728 0
5445 0.5582739524135494 0.3708306529211173 0
5446 0.5492544869577975 0.3757962853803432 0
5447 0.5403415327723646 0.37051883893481 0
5448 0.5405725446909757 0.3804655808119966 0
5449 0.5497430494286374 0.3857049206169689 0
5450 0.7933238956511742 0.3447042796393776 0
5451 0.5760595932918882 0.3604548554429831 0
5452 0.5253747632116879 0.8658433955813019 0
5453 0.5549811326354871 0.6113387139147145 0
5454 0.8512237385097979 0.4340984407208132 0
5455 0.03004973305014194 0.01810806034102623 0
5456 0.04078853262624634 0.02477948698843922 0
5457 0.9699502669497692 0.01810806034048026 0
5458 0.9593167076191872 0.02481403672565351 0
5459 0.8841481437140506 0.03705664605290365 0
5460 0.115851708698537 0.0370566478286348 0
5461 0.6576515816946351 0.02829768712345411 0
5462 0.6571463008132237 0.01755075176996819 0
5463 0.6488596126067898 0.02326337261296103 0
5464 0.8330283796095483 0.68830037728759 0
5465 0.4207884060218376 0.1872998230718251 0
5466 0.4330876592423554 0.1745750461812616 0
5467 0.3437548313230692 0.1839906262089523 0
5468 0.1626557796200342 0.1077266746902454 0
5469 0.8373649600322307 0.1077198793065173 0
5470 0.831064468779998 0.4687643619177186 0
5471 0.6926422559093346 0.06897577735358405 0
5472 0.5046498149557808 0.3089337347822 0
5473 0.1632498072604238 0.1839649976766778 0
5474 0.4957007116317215 0.3551259420578671 0
5475 0.1069126184026817 0.09662384377425678 0
5476 0.8930873810998097 0.09662384691362395 0
5477 0.3799658043464253 0.03689666957593973 0
5478 0.7614400839465019 0.6822868339806725 0
5479 0.6289307375958565 0.3819673649594654 0
5480 0.6384287783058668 0.3760385238839778 0
5481 0.5865988119487364 0.0387906396018881 0
5482 0.8409752511724156 0.3502676202320376 0
5483 0.262286033688771 0.229913195451834 0
5484 0.2532980453500776 0.2350725194271864 0
5485 0.7119193047259283 0.440933280601245 0
5486 0.5762159159821351 0.319448099468057 0
5487 0.5673076038021533 0.3246012791380987 0
5488 0.1518360196768995 0.0166238305515951 0
5489 0.8481759910551741 0.01661775935559051 0
5490 0.5954099973777659 0.1151603175965163 0
5491 0.2569339143726311 0.4173467777844146 0
5492 0.2675828207665109 0.4117981155902521 0
5493 0.5585293037611125 0.3805842892197323 0
5494 0.06962355827976631 0.04152492934569654 0
5495 0.06038152813458413 0.03598532487303623 0
5496 0.06995593938657933 0.03100011480743776 0
5497 0.06072101499106228 0.02538567121302621 0
5498 0.05093988295512575 0.03035763214525875 0
5499 0.05055769101324393 0.01828150277031855 0
5500 0.06064960030464012 0.01570880113468583 0
5501 0.04065566928158049 0.03553460209147068 0
5502 0.07055299864018463 0.01890439607877662 0
5503 0.9304287016445996 0.04150352135763455 0
5504 0.9396926382907541 0.03597464549259873 0
5505 0.9301590007934021 0.03097923502741342 0
5506 0.939466803600383 0.02540583404730308 0
5507 0.9491655129068427 0.03037848216749527 0
5508 0.9295131919237779 0.01878977662350898 0
5509 0.9392635974777714 0.01573704692198016 0
5510 0.5249210086103459 0.02378363414372208 0
5511 0.4601755313106498 0.2934068453233292 0
5512 0.4512451883340952 0.2882730886826518 0
5513 0.09716023745140115 0.1126283667623907 0
5514 0.902839762548891 0.1126283667620247 0
5515 0.5940233997048073 0.3194283732692676 0
5516 0.6029465691019891 0.3246382380709513 0
5517 0.4323969704052014 0.01645864625848981 0
5518 0.4421788398183157 0.02157730017755203 0
5519 0.4503483019644229 0.01416806628554393 0
5520 0.4525593334063339 0.02381855728567802 0
5521 0.4598559398075167 0.01676975203795346 0
5522 0.4613552548537947 0.02649583857339554 0
5523 0.4240070957663649 0.01165904645830256 0
5524 0.4685900632905733 0.01941008102070359 0
5525 0.477921955260924 0.01535873518765513 0
5526 0.4759788368558138 0.02455421184842866 0
5527 0.4867247327705547 0.01993251632410295 0
5528 0.4863438235092924 0.009171484097441372 0
5529 0.7094575805232859 0.6297647705063169 0
5530 0.7198472160938559 0.624057165645624 0
5531 0.7196952180571488 0.6359428922993042 0
5532 0.5135315741353359 0.314112891304784 0
5533 0.5134839140254035 0.3243672234600076 0
5534 0.2766046852079878 0.8455894341313047 0
5535 0.7529315048193983 0.411414049371684 0
5536 0.5048651367412034 0.6647648320842509 0
5537 0.5048227252004771 0.6765403511887468 0
5538 0.4945987472925286 0.6824228235165722 0
5539 0.168507809911284 0.4232560953651798 0
5540 0.1157321874816491 0.04749531439269284 0
5541 0.8842680785041548 0.04749507049711785 0
5542 0.7332666514615962 0.4227614524161057 0
5543 0.7253368164859181 0.4168104696768121 0
5544 0.7445195568821301 0.4059170586424888 0
5545 0.01009540093703871 0.1252073259867975 0
5546 0.02022298653217916 0.1210725573956285 0
5547 0.01977058645757178 0.1329006465080167 0
5548 0.9898000379468718 0.1250612668258367 0
5549 0.9798024740736471 0.1319732039598 0
5550 0.9798033901067971 0.1212128403804554 0
5551 0.229204810894468 0.8661967220843355 0
5552 0.7852738116405968 0.0325436260375479 0
5553 0.7764802123256433 0.02734275139191337 0
5554 0.7774113242065256 0.01642442627203324 0
5555 0.7677472616822351 0.02216736152213038 0
5556 0.7677229862780489 0.01209324733481759 0
5557 0.7578592882727009 0.01627657221327681 0
5558 0.214726088957648 0.03254383249744458 0
5559 0.2235196365726059 0.02734296225262069 0
5560 0.2225885990979579 0.01642456948310286 0
5561 0.2322568854747122 0.02216837924490963 0
5562 0.2322769020706794 0.01209345490587791 0
5563 0.2421458338017398 0.01627331842927117 0
5564 0.3883628483234544 0.1789336412535196 0
5565 0.2061149476562477 0.07889771208020234 0
5566 0.7938858428352621 0.07889779854243059 0
5567 0.8808375883784038 0.4399503042802746 0
5568 0.7524892637353088 0.4451756807989853 0
5569 0.7524857830562596 0.4566938849617028 0
5570 0.6661281673639901 0.04356291172482797 0
5571 0.6479817127727353 0.641296156926496 0
5572 0.6750254852990057 0.04861741156743246 0
5573 0.3873406110955184 0.1149545679488657 0
5574 0.05774007220801315 0.520892205728045 0
5575 0.6838842371127403 0.05367610692458914 0
5576 0.5048037697244633 0.6883307932097807 0
5577 0.7742415667223552 0.2086653319174454 0
5578 0.9900691869004487 0.1487465363817038 0
5579 0.5357673546347466 0.72970283338748 0
5580 0.5459950873592364 0.7237927297413839 0
5581 0.9495434312791481 0.0184162053703566 0
5582 0.9593524360753932 0.0355369596314395 0
5583 0.7820404694573847 0.4510038669951005 0
5584 0.5762732003420866 0.1469618012560487 0
5585 0.5684257120861321 0.15108682415834 0
5586 0.784012181267444 0.2847912192226235 0
5587 0.7746410891927424 0.2902311627152361 0
5588 0.7746597433729602 0.3009614032536845 0
5589 0.06893368679749845 0.7736470050989606 0
5590 0.3082210444966915 0.3712310900167753 0
5591 0.1204305704322988 0.3964212886112481 0
5592 0.1303034078304207 0.3907217852696994 0
5593 0.1204670361157099 0.3850609949149043 0
5594 0.989999589028917 0.1726668685408602 0
5595 0.7303531879089735 0.6299266643173185 0
5596 0.6480092128393584 0.6530678538692165 0
5597 0.08802499199266484 0.05247701430062979 0
5598 0.9121326414377825 0.05242097008604904 0
5599 0.8893364536276672 0.2513465824857945 0
5600 0.2160732544952746 0.2738085836813521 0
5601 0.225350512451897 0.2684152288420468 0
5602 0.2253882942456804 0.2577267239070825 0
5603 0.4960419516834773 0.2316250372411916 0
5604 0.379956791249664 0.02690480661162215 0
5605 0.8507031795569893 0.3674484708371674 0
5606 0.478216059075135 0.2212553096448967 0
5607 0.8575254621655133 0.2252193024694432 0
5608 0.8479655085862479 0.2196227488025203 0
5609 0.8479351923782039 0.20922394329397 0
5610 0.8384545617692902 0.2141559217174371 0
5611 0.8382021932403956 0.203692757238738 0
5612 0.8290348444982092 0.2090647179896644 0
5613 0.8218216430386242 0.317060280917133 0
5614 0.8217971461366205 0.3060524777341115 0
5615 0.8384147207105824 0.302875488953195 0
5616 0.1428694559711754 0.02231828603325819 0
5617 0.8571422973196459 0.02231140973114574 0
5618 0.7763088057113745 0.03763830260937995 0
5619 0.2236916223718421 0.03763868073699031 0
5620 0.07433047806615384 0.241150441207877 0
5621 0.1495238575444191 0.3566359185604946 0
5622 0.159234382821441 0.3510789913777218 0
5623 0.1592386341131732 0.3398796384731955 0
5624 0.1688747407831594 0.3454752158302183 0
5625 0.1689403644307035 0.3342607354989906 0
5626 0.1785125915365355 0.3398368373718097 0
5627 0.178428602458833 0.3510639873635762 0
5628 0.1880067843942638 0.3454232020237455 0
5629 0.18812645612719 0.3343790478793277 0
5630 0.1974909214048361 0.3399872616495928 0
5631 0.1974972329195789 0.3508849660294244 0
5632 0.2069262467782668 0.3454673268351818 0
5633 0.2069554754206588 0.3346055371231145 0
5634 0.2069390295371927 0.3564840752904684 0
5635 0.2162634573526213 0.3509428483027759 0
5636 0.19741880595932 0.3619155297076373 0
5637 0.2163330936189323 0.3620570756571913 0
5638 0.225718668792709 0.356355628873561 0
5639 0.2257088301980923 0.3671642366616601 0
5640 0.2069149654387676 0.3678138719494185 0
5641 0.206866795957396 0.3789837758373822 0
5642 0.1972179916090866 0.3730042673019617 0
5643 0.1879042044488458 0.3676542622535613 0
5644 0.1495595466749997 0.3342078862658029 0
5645 0.1784749942989625 0.3733468133942378 0
5646 0.2162534634302892 0.3400700892605727 0
5647 0.2163578699319943 0.3292331278773363 0
5648 0.2070249143040898 0.323764443181502 0
5649 0.2163846731279462 0.3183070334310742 0
5650 0.2257584986127243 0.324469138185303 0
5651 0.2069600843338839 0.3125223207655835 0
5652 0.1976194790441155 0.3180623579866056 0
5653 0.1881314694990889 0.3123388968207978 0
5654 0.4603873016853056 0.2212635608102861 0
5655 0.4514622786718951 0.2264055045188103 0
5656 0.4602178843434849 0.2831066426912662 0
5657 0.09408775199952371 0.230373954079323 0
5658 0.8388647832745961 0.2695589431233746 0
5659 0.5425726834564434 0.04385067673005259 0
5660 0.8408737745840249 0.48594115478887 0
5661 0.4691660370851275 0.2985194496265827 0
5662 0.1682112199558136 0.4457430489923132 0
5663 0.7000827061660115 0.6124254200179704 0
5664 0.1431639853075198 0.0424942400852226 0
5665 0.8568378992576371 0.04249370734457614 0
5666 0.5050177247208941 0.7474043775500485 0
5667 0.5152622551360446 0.7414946107560972 0
5668 0.2875561593457003 0.453627186537124 0
5669 0.2800570788901521 0.4458368599556848 0
5670 0.2890425944254703 0.4657034242210333 0
5671 0.2810728579755268 0.4851705325111756 0
5672 0.2703001120313862 0.4843088669935259 0
5673 0.2741736036692649 0.4941764457566838 0
5674 0.2912690376588514 0.4293097501130105 0
5675 0.1592040690687045 0.3623196393696581 0
5676 0.1690071386613128 0.3232856999267741 0
5677 0.1785884826390576 0.3288172289480574 0
5678 0.9207790385153241 0.4863520515286506 0
5679 0.1539429215626928 0.1899811245406443 0
5680 0.1687748515835682 0.3567337392459456 0
5681 0.2626895079059313 0.3370373080634413 0
5682 0.2628248899071841 0.3263863305184395 0
5683 0.272021242321364 0.3310547524472998 0
5684 0.2720331809992748 0.3202544196113015 0
5685 0.73735720477377 0.3369888755627133 0
5686 0.737459852507746 0.3264409841433709 0
5687 0.7284787514856866 0.3326602874746131 0
5688 0.73723035693304 0.358169713523951 0
5689 0.7283516855009196 0.3531601551973265 0
5690 0.7282796855194522 0.3635793405185418 0
5691 0.7472591080778571 0.1609560213893603 0
5692 0.7471716024635899 0.1505482184025917 0
5693 0.7382262148602627 0.1557754109539148 0
5694 0.7381554692550591 0.1453802444387566 0
5695 0.72921009844627 0.1505814003884684 0
5696 0.1718889907965182 0.1246762103010957 0
5697 0.1806151164334899 0.1187858054353954 0
5698 0.1910334798227491 0.1233572083482645 0
5699 0.1716892383243623 0.1131175539351556 0
5700 0.8281304915997257 0.1246493833765131 0
5701 0.819401663416859 0.1187774833385059 0
5702 0.8089743546515984 0.123356652033479 0
5703 0.8283522580820489 0.1131003288406588 0
5704 0.2619009146057473 0.1976460332255584 0
5705 0.8744381402669053 0.1626657662007409 0
5706 0.4514743789850169 0.2160666761565914 0
5707 0.2174764853578249 0.5559359309196207 0
5708 0.1255324491463359 0.162668285032807 0
5709 0.7934352675139187 0.2583595103075614 0
5710 0.008676454745616517 0.2085610487187052 0
5711 0.5777951346084628 0.1049021614948621 0
5712 0.3341656844839818 0.1044542430515593 0
5713 0.1902591754011795 0.1351704285070363 0
5714 0.8097484981909628 0.1351688279636435 0
5715 0.6742472783884716 0.36606212958825 0
5716 0.6652784012486948 0.371194232289781 0
5717 0.665000333470701 0.3805392540251199 0
5718 0.6566056386916299 0.3758096058110468 0
5719 0.6564669352231675 0.3659511807571365 0
5720 0.1399583342062236 0.3061565405041114 0
5721 0.1400309861125472 0.2949466481866259 0
5722 0.2883637430729769 0.7430206636043321 0
5723 0.2942698753455778 0.7327747476054411 0
5724 0.7840648006537574 0.3064353685656136 0
5725 0.3171949326981393 0.3348507120583149 0
5726 0.3262033762864279 0.329645325480283 0
5727 0.3262292933093828 0.3192163382439027 0
5728 0.3352027057516872 0.3244016299602768 0
5729 0.3351740606839471 0.3348293015323785 0
5730 0.3441499179897479 0.3295994872821208 0
5731 0.3441089040311333 0.3400350259649033 0
5732 0.3530854704802082 0.3348082150678613 0
5733 0.3530546284931893 0.3451962107268213 0
5734 0.3620242908040242 0.3400025619060277 0
5735 0.3620464119183339 0.3296123667817489 0
5736 0.3531041970342211 0.3243622886795341 0
5737 0.3710479424339368 0.3243581581655138 0
5738 0.3710715823643926 0.3140520884114698 0
5739 0.3799813307030944 0.3191305664782755 0
5740 0.7301450961756184 0.7238834983347983 0
5741 0.7651326500069348 0.362587089002182 0
5742 0.2081813305720474 0.1775596423156665 0
5743 0.7940162884683213 0.04789805239858566 0
5744 0.7919285137207135 0.1777825285634211 0
5745 0.205984130290525 0.04789815858350693 0
5746 0.09285622749437719 0.2992819767167728 0
5747 0.009397138050153575 0.267927115832165 0
5748 0.1520440255049637 0.2756142381636314 0
5749 0.1612642599512199 0.2696035937059905 0
5750 0.1608711378366597 0.2813456034062333 0
5751 0.1711264247349145 0.2750381367105306 0
5752 0.1522099469971827 0.2856835349115044 0
5753 0.0101672944941724 0.2916770205746795 0
5754 0.01968574421398869 0.2976144150161753 0
5755 0.02057598346738442 0.3094483844924128 0
5756 0.01014209366339698 0.3154327056921804 0
5757 0.01034312442579897 0.3274579444339895 0
5758 0.02105481987255245 0.3311823510779842 0
5759 0.01804335149887065 0.285533976534859 0
5760 0.9492895413545905 0.275377071954356 0
5761 0.9898536812846122 0.2920542165201628 0
5762 0.9794329164341252 0.2975978715181928 0
5763 0.282426724460648 0.7532628968010668 0
5764 0.989938438718487 0.3515919462198429 0
5765 0.8464541867136629 0.1893490073671028 0
5766 0.853485245778398 0.7001452815324216 0
5767 0.8534442358545858 0.6882753343244029 0
5768 0.4245777336471379 0.2727497853180684 0
5769 0.4334878318492944 0.2779080507059628 0
5770 0.8122672283062955 0.3447183784168626 0
5771 0.01013518232956524 0.4226273915328154 0
5772 0.02035429501665083 0.4174627447593667 0
5773 0.02060369558303496 0.4054455098101282 0
5774 0.01032944879491344 0.3989778597018567 0
5775 0.02043692076707992 0.3930546384718084 0
5776 0.03071459423465202 0.4005721732423609 0
5777 0.01034952055979683 0.3870744175528733 0
5778 0.02071184901212961 0.3819794237780343 0
5779 0.9779915666542027 0.9616543920917973 0
5780 0.4060859474294135 0.02231934695964286 0
5781 0.2082089599953113 0.2097317436061124 0
5782 0.21718400397393 0.2039644406284354 0
5783 0.2080319556305606 0.1989803096282548 0
5784 0.7920243247520464 0.2097303210413978 0
5785 0.7920608075608753 0.1990595034230411 0
5786 0.6481464932573747 0.6294916524463025 0
5787 0.9900070229901484 0.3752874261614261 0
5788 0.1781287033625371 0.4401524327241289 0
5789 0.8410073884909952 0.3729862598293167 0
5790 0.08419431784972793 0.2470410948479313 0
5791 0.0907675304869211 0.3448802666338058 0
5792 0.1008218307637286 0.3394410581733355 0
5793 0.7191920441829126 0.3794732890345252 0
5794 0.7192700902468194 0.3691168126091373 0
5795 0.7372555295673429 0.368816489608248 0
5796 0.4332948540310542 0.3704840409918655 0
5797 0.433755536623916 0.3821709002637091 0
5798 0.4241490430750961 0.3844671380591045 0
5799 0.8207678474306683 0.05303093461138371 0
5800 0.1792425619202053 0.05303263803071566 0
5801 0.2414795605795122 0.0271752995040847 0
5802 0.2506933890796721 0.02258985814538538 0
5803 0.7585235260502827 0.0271778206280523 0
5804 0.7493047030599521 0.02261344153969961 0
5805 0.8028341485688264 0.08414585932741908 0
5806 0.1971659938014791 0.08414576779491903 0
5807 0.0474269597089285 0.5976566784430877 0
5808 0.9897344745737993 0.434484769174684 0
5809 0.9797664103585759 0.428408623800934 0
5810 0.9800882478765665 0.4165677589490591 0
5811 0.9898832681042102 0.4107531874989194 0
5812 0.9899482558388757 0.3989008248700237 0
5813 0.9800808762318127 0.4400983893519028 0
5814 0.6754042960004598 0.1303923194028334 0
5815 0.6753223168523307 0.1201418823058894 0
5816 0.4324796909636329 0.07811053752221217 0
5817 0.4240172765352105 0.08278318482112478 0
5818 0.4415121659116938 0.08320739631414936 0
5819 0.9900608760603268 0.4578367924565799 0
5820 0.2174406439243924 0.4398593854539277 0
5821 0.2274980602785571 0.4340087011285838 0
5822 0.2178916475084302 0.4279235867338386 0
5823 0.2179534327260714 0.4172139732876894 0
5824 0.2374037963914772 0.4511616096013761 0
5825 0.2078323949116178 0.4120906795880057 0
5826 0.387174435878774 0.1254190834058424 0
5827 0.8607511085252559 0.4860867259261375 0
5828 0.7821670744831778 0.4971303422701313 0
5829 0.1534825118990343 0.1137001685222222 0
5830 0.8465231955509186 0.1136989491061243 0
5831 0.7817608733638433 0.7415701296307936 0
5832 0.7920072474891025 0.747488639079226 0
5833 0.7715043863528815 0.7356532850266526 0
5834 0.9902081768669354 0.1961279573955204 0
5835 0.9902790060771982 0.2075760172549622 0
5836 0.712607433004001 0.4654016090562744 0
5837 0.7204952832988029 0.4584100985892336 0
5838 0.7110001032854769 0.4776692930033344 0
5839 0.7201798365481221 0.4962380169736558 0
5840 0.3646821158579306 0.6931148855362732 0
5841 0.1580001846587359 0.8045449302790791 0
5842 0.5672971270109283 0.3142615425137206 0
5843 0.990061939267851 0.4814856087228321 0
5844 0.4425490674627136 0.2212082345054234 0
5845 0.8121424680301806 0.5707263565096996 0
5846 0.8901102616286678 0.4003602458426008 0
5847 0.7918510858722249 0.5823949942751906 0
5848 0.009829451046428881 0.4820875349522118 0
5849 0.01943827421059929 0.4871737936844103 0
5850 0.01957334803300467 0.4988900027111008 0
5851 0.009687407741490388 0.5057539530723489 0
5852 0.00954614462124845 0.5178201873906405 0
5853 0.9416131835910219 0.1122277421320966 0
5854 0.05838642100338536 0.1122272601912512 0
5855 0.6131375073244627 0.1152032150632718 0
5856 0.7715503205727696 0.5940890517608255 0
5857 0.2264422902130235 0.2200498733109617 0
5858 0.7369168306976155 0.2735540112007991 0
5859 0.7275168458083515 0.2778916275411142 0
5860 0.7278634274430722 0.2680275481064119 0
5861 0.7188815252503529 0.2713489675876398 0
5862 0.7189855274898656 0.2624913223084628 0
5863 0.8649268788842649 0.1682257872614847 0
5864 0.8649094690864998 0.1572894445127122 0
5865 0.8555002830284947 0.1518566861660943 0
5866 0.4901118670935528 0.03443858790061992 0
5867 0.7738318579685283 0.2198911140944617 0
5868 0.1639260564252598 0.8765149446847038 0
5869 0.6475369751073983 0.3712499315827856 0
5870 0.6479903520574735 0.3820575342341266 0
5871 0.1350580808589459 0.1682334401373146 0
5872 0.1350497902133707 0.1572725092680483 0
5873 0.1444632616442925 0.1518287509866468 0
5874 0.7838913473988642 0.3731025789273207 0
5875 0.2824060226519973 0.7327769395907661 0
5876 0.4693054037086019 0.2160826985001935 0
5877 0.1046293295175784 0.7736916070849182 0
5878 0.1105718151757123 0.7634022071942052 0
5879 0.1045670271430626 0.7530964783848429 0
5880 0.1160715807288979 0.7533198352000238 0
5881 0.1099840368218065 0.7438438750733157 0
5882 0.1223628495463082 0.7633749630714732 0
5883 0.1282041124544816 0.7514119423342011 0
5884 0.7510090493654402 0.6058934729257934 0
5885 0.8535188304105942 0.7356403069930719 0
5886 0.8432587551118005 0.7415723559607588 0
5887 0.8535341835896113 0.7474871979254135 0
5888 0.8638939992022052 0.7533520650032673 0
5889 0.8535782082888923 0.7593039834913464 0
5890 0.8216905757712528 0.3845547523459636 0
5891 0.8741990407404818 0.8541553680054121 0
5892 0.9900272764863877 0.2436577537150296 0
5893 0.990231490418793 0.2312450390701719 0
5894 0.3781232777220098 0.120388467307865 0
5895 0.7616928521728388 0.7060003826539687 0
5896 0.7623840356976835 0.4625053840673908 0
5897 0.9357202373640441 0.687994247232942 0
5898 0.3711188573981862 0.04196943624253646 0
5899 0.317224157057672 0.3139871708765871 0
5900 0.5760505438327231 0.3501674306269325 0
5901 0.7103452555743037 0.03849871098998853 0
5902 0.7098956847807234 0.02829203817299472 0
5903 0.7016085811387964 0.02304072544290208 0
5904 0.7100144285302409 0.01813804826895835 0
5905 0.7018979063212427 0.0136880474580757 0
5906 0.1886572551351992 0.1113932274916775 0
5907 0.8113471558978286 0.1113917375575766 0
5908 0.7581224343177448 0.06855006104969212 0
5909 0.7759574632624903 0.07886642335512246 0
5910 0.241878319008454 0.06855071101320663 0
5911 0.2240473966744334 0.07886651047674498 0
5912 0.9521334280471572 0.1617833439472512 0
5913 0.9419340376852274 0.1565421372161509 0
5914 0.9900377049255196 0.5051814922838418 0
5915 0.8779604839462949 0.2699595489105905 0
5916 0.740787513811739 0.6000145242888962 0
5917 0.7407683409734687 0.5882121685430719 0
5918 0.7306985067925424 0.5823548553135943 0
5919 0.2582433804659652 0.5908550931135386 0
5920 0.2686426079325889 0.5846174263245657 0
5921 0.2802796195293722 0.5908174262891756 0
5922 0.1161731839221029 0.1242237432876606 0
5923 0.8838257117300828 0.1242258435640626 0
5924 0.6297127738259087 0.3194466269493278 0
5925 0.6296846811438909 0.3297788524592274 0
5926 0.6207750565062662 0.3246305184119103 0
5927 0.3694145490200006 0.1668190632233663 0
5928 0.7822679563616457 0.1205430636368961 0
5929 0.7824469623138166 0.1095467106438694 0
5930 0.217731902741413 0.1205435678989461 0
5931 0.2175530037241518 0.1095469778584998 0
5932 0.424817797490303 0.9174589970050824 0
5933 0.5049429760586504 0.2367716235071148 0
5934 0.1691604620165341 0.2885825769326569 0
5935 0.6131325797180965 0.07429978616986133 0
5936 0.1389168754892743 0.4403286048900304 0
5937 0.09850813296004632 0.5446711249710572 0
5938 0.7561387423159972 0.1063286822563043 0
5939 0.2438632005246713 0.1063396634201195 0
5940 0.9152751781055567 0.7117767675381497 0
5941 0.3352661175658805 0.2620348647441957 0
5942 0.335290057651376 0.2516576351302088 0
5943 0.3442338932362573 0.2673225833389546 0
5944 0.3263335697483448 0.2464083027926012 0
5945 0.3353382640108113 0.2412533969875975 0
5946 0.3442838844606197 0.2465825469983444 0
5947 0.3442242604974733 0.2776394828914394 0
5948 0.8007286871087862 0.1302834102542531 0
5949 0.1993060009842277 0.1302836459486297 0
5950 0.6207866364237181 0.3142885523242455 0
5951 0.3357512202360285 0.825326342455216 0
5952 0.6117590285593315 0.3707920450441716 0
5953 0.7017870371140231 0.08428713676567023 0
5954 0.009955423623193516 0.4461184583876694 0
5955 0.009750804022409763 0.4576264775874397 0
5956 0.6566687935539779 0.2935815593364198 0
5957 0.6567030358160212 0.2728091454642738 0
5958 0.656721695438647 0.2623985622877109 0
5959 0.6474979489525248 0.2686658043668233 0
5960 0.5160833005926695 0.04895245835017885 0
5961 0.38707116530784 0.1358207337200805 0
5962 0.5954707866329397 0.06413217019426384 0
5963 0.2439275948619327 0.1663134379296767 0
5964 0.2440874453416026 0.1560031425477813 0
5965 0.3444368220068147 0.02695923072742817 0
5966 0.3436935138120241 0.01668814983037109 0
5967 0.6307277134830783 0.0437210919881356 0
5968 0.6307220772763956 0.0335633855209955 0
5969 0.6396116737508386 0.02843416188055295 0
5970 0.6307460198043557 0.02345862064386087 0
5971 0.639594785818735 0.01854332043454973 0
5972 0.6311465444029615 0.01396091203158701 0
5973 0.6219412000986255 0.02855978351860407 0
5974 0.6485015600022288 0.03344959555029908 0
5975 0.8121941501304697 0.3899700168129429 0
5976 0.6928733531114771 0.0282084388959619 0
5977 0.2814821959967031 0.03335046156180252 0
5978 0.5425245118275207 0.05401838750204355 0
5979 0.5513324028600164 0.05910051606230149 0
5980 0.6218955430109468 0.03866210490597861 0
5981 0.6131321959962357 0.0234557586287571 0
5982 0.6033024742074355 0.02698889265861215 0
5983 0.1875403403979619 0.561654296459081 0
5984 0.910811254457613 0.4113708690995693 0
5985 0.7816463519850498 0.848236850565912 0
5986 0.7919064088924948 0.8541821307348308 0
5987 0.2992873619911858 0.2416628023837573 0
5988 0.7300634226527509 0.7002001796324459 0
5989 0.7197387234140937 0.6942578141688978 0
5990 0.7013494077044468 0.2413718923500602 0
5991 0.3261272809645517 0.3710119478026851 0
5992 0.9896941423228935 0.5297687785055308 0
5993 0.6374467728702456 0.1830469375942904 0
5994 0.6475058234900956 0.1797096812190515 0
5995 0.6512127755261579 0.1705236287119503 0
5996 0.6569075136066578 0.1776246822760943 0
5997 0.2982215347128535 0.08424284499977781 0
5998 0.638598286146396 0.3556215888148787 0
5999 0.5483061272873814 0.1446793638663638 0
6000 0.548257030372635 0.1339458887554181 0
6001 0.5125197547352111 0.123858309125488 0
6002 0.5135700941353164 0.1141155317491414 0
6003 0.3799069797053377 0.05722240076692523 0
6004 0.8027073954705974 0.3503038548465781 0
6005 0.7817499846858853 0.7534142213423858 0
6006 0.3081958961214359 0.360859391989335 0
6007 0.09718146927647664 0.0905699989360782 0
6008 0.9028184806693229 0.09057006456792174 0
6009 0.4685446986323275 0.3802175915796447 0
6010 0.5150838817604861 0.6824488274630667 0
6011 0.5304694382280023 0.1339474311479435 0
6012 0.2257080297934502 0.3348953801312311 0
6013 0.6664344287706001 0.125312808979211 0
6014 0.4405404349108051 0.1555460046329428 0
6015 0.8947786021405166 0.8660563784821307 0
6016 0.3609887055014173 0.08910245465928308 0
6017 0.3524211097609491 0.08394479822946439 0
6018 0.3528624915162609 0.07303223401508754 0
6019 0.5866302704052883 0.06924544247520603 0
6020 0.5866255503826852 0.05905999750315401 0
6021 0.6118036288686828 0.3606576909902136 0
6022 0.604262581481164 0.1202898953343001 0
6023 0.6220013584042149 0.1203171543360058 0
6024 0.6396620556957016 0.07934587506708037 0
6025 0.6485304999271309 0.08443184508081743 0
6026 0.2885883694125306 0.8867343551950013 0
6027 0.2827141126567719 0.8970658215408156 0
6028 0.07825022873180838 0.4626824642308518 0
6029 0.07829045432473328 0.4509823093050121 0
6030 0.06832802360100006 0.4452215997739687 0
6031 0.07866066963598338 0.4400801942819419 0
6032 0.08832043111970664 0.4455596284139079 0
6033 0.08835114488423496 0.4569378714659561 0
6034 0.09844758381000276 0.451078699790847 0
6035 0.09842085889253478 0.4401643782586891 0
6036 0.1084323255937413 0.4454967473631286 0
6037 0.108482013491633 0.4570301344011981 0
6038 0.05808238744696086 0.4514836482730099 0
6039 0.3173231888792573 0.2515622489596437 0
6040 0.4418007814418909 0.09298302647169721 0
6041 0.1786703561207822 0.6495108265415632 0
6042 0.4766677920958472 0.09288294288376248 0
6043 0.5225448013686546 0.3089340473231917 0
6044 0.8637941208766083 0.6231750469779503 0
6045 0.8741782778774696 0.6172855122264314 0
6046 0.884391846413528 0.6231221365850316 0
6047 0.884241497963827 0.6113901205439279 0
6048 0.8639871163178559 0.6113548387649376 0
6049 0.8946252632130643 0.6172621022241227 0
6050 0.4421747893783065 0.375624494583548 0
6051 0.7817324671529831 0.5765293387514179 0
6052 0.6735883702973992 0.1952204442283572 0
6053 0.6738788631450918 0.1848052609808602 0
6054 0.7396759868953757 0.9078207961451863 0
6055 0.5601184961983947 0.0235679320722892 0
6056 0.3298439826985715 0.8353472338933101 0
6057 0.5333488156945553 0.01904374583911372 0
6058 0.5249204100622695 0.03375812587561587 0
6059 0.6029487819432395 0.3142986693041689 0
6060 0.3425930687664123 0.120322328862281 0
6061 0.8638400233434188 0.7296105271471042 0
6062 0.8637771064430544 0.7177569877202596 0
6063 0.5850723185337793 0.3141824113357559 0
6064 0.09835349029713583 0.5208973773675242 0
6065 0.7918963516873097 0.8660653344347284 0
6066 0.40633586836567 0.03193019468793119 0
6067 0.3083364302826106 0.236447491289749 0
6068 0.2629045751463781 0.2626786070869979 0
6069 0.7370442919790273 0.2628376076054973 0
6070 0.5316679274984801 0.252198011987046 0
6071 0.522742201590811 0.2573443220909709 0
6072 0.5227289973590867 0.2676340357828616 0
6073 0.2991998224550436 0.282695793992282 0
6074 0.585037334953008 0.3554357388823896 0
6075 0.5867236217630994 0.04889479909881467 0
6076 0.8121592450175265 0.5590557702991866 0
6077 0.3262334296413341 0.3087736548921571 0
6078 0.1520661696169887 0.8148217907261324 0
6079 0.1401937859314617 0.8148171673441409 0
6080 0.8726271027805608 0.5707791762935785 0
6081 0.3309321752679191 0.8136057743206426 0
6082 0.3352330978936248 0.2827977421386308 0
6083 0.4595054874356366 0.1506106709960916 0
6084 0.5255186657826436 0.7355969160429414 0
6085 0.4064003822945546 0.08273343238633804 0
6086 0.6931643633665435 0.1200916805183873 0
6087 0.362248605102989 0.04707639021232839 0
6088 0.3887229092931692 0.06235515334279192 0
6089 0.6921601101010275 0.2360758453125465 0
6090 0.6823875657531374 0.2419818211420199 0
6091 0.5672682514560521 0.3348562056129727 0
6092 0.6664358917738069 0.2580075902049616 0
6093 0.4333384305791373 0.3602121719091538 0
6094 0.5048049238899543 0.2986387901735691 0
6095 0.6842951055321308 0.1903831049842366 0
6096 0.6828308651395293 0.179393550150136 0
6097 0.6740980409140986 0.1740040690701888 0
6098 0.6831670859913797 0.1683997135973761 0
6099 0.6930237352669748 0.182455252979952 0
6100 0.6665567249825942 0.1667776074982547 0
6101 0.7022398410234292 0.1768458918174929 0
6102 0.8638567323343112 0.6940626510543799 0
6103 0.8637543651737289 0.6822223475195859 0
6104 0.8533308519275584 0.6764406954881323 0
6105 0.8741290309993877 0.6762425437149546 0
6106 0.7189257011353802 0.252319718658858 0
6107 0.7102773015377752 0.256588398159968 0
6108 0.5049260757261913 0.7001427518556188 0
6109 0.576729294369386 0.777030080824026 0
6110 0.5664764787818909 0.7711058219506484 0
6111 0.4946395750736088 0.694253695503753 0
6112 0.4844356415836329 0.7001318497680749 0
6113 0.6131340639520748 0.0641010810822132 0
6114 0.4689365528929403 0.360256719772963 0
6115 0.3261706138462676 0.340056983170297 0
6116 0.2812308157947585 0.2520177257912823 0
6117 0.413943439654764 0.1407505487973981 0
6118 0.3357817218871576 0.05223361799048253 0
6119 0.4327587376476019 0.0368613222546909 0
6120 0.009997943110293969 0.57736981821046 0
6121 0.6582280640263034 0.6471789123601435 0
6122 0.08833645380359424 0.5977219178903879 0
6123 0.09848579126572221 0.5917988465590455 0
6124 0.09805490558751528 0.6034451406952039 0
6125 0.6662078054721943 0.08435722306488244 0
6126 0.6022179336921509 0.2462797827941257 0
6127 0.5932675713469282 0.2421304795465928 0
6128 0.6015384738996175 0.2566553535655589 0
6129 0.8907659664944285 0.4341789848332508 0
6130 0.9116240891754857 0.04189885588079915 0
6131 0.08840328439796506 0.04185298524625928 0
6132 0.5863459590756019 0.02887978055450312 0
6133 0.4231852091627464 0.05259287786400771 0
6134 0.9255561260874058 0.7057860766370686 0
6135 0.9152940049692957 0.7236117775950521 0
6136 0.5051398008560488 0.1656039191544416 0
6137 0.4958747778077955 0.1605693800926689 0
6138 0.487174311595573 0.1647136806830274 0
6139 0.4871800104776786 0.1749326769236157 0
6140 0.4782633840041518 0.1800422463322829 0
6141 0.7105372340647756 0.5243495003741772 0
6142 0.7208065165299851 0.5418742417370542 0
6143 0.720988345194912 0.5077614767837748 0
6144 0.06381676620428353 0.2120212959519359 0
6145 0.08815785453079761 0.6213749036858105 0
6146 0.5869283885051118 0.7592860672048407 0
6147 0.8638921011306246 0.7889121861557773 0
6148 0.8536009103915907 0.782990878101449 0
6149 0.8536079529613436 0.7948549727021696 0
6150 0.843329926605322 0.7889246339911458 0
6151 0.843304504983357 0.7770780030096973 0
6152 0.7509932099800465 0.7830284510165796 0
6153 0.7407685172597742 0.7770981014326397 0
6154 0.7612121976709769 0.7889520138858035 0
6155 0.9151127418597406 0.617243113608732 0
6156 0.9248132418015184 0.6114430252281209 0
6157 0.9046989309278516 0.6113675359057739 0
6158 0.2081876809653295 0.1564496483288702 0
6159 0.3337830604243619 0.1150761788331332 0
6160 0.8231108785600953 0.6467068916792551 0
6161 0.8129121501866777 0.6408054025022978 0
6162 0.8026992684257093 0.6466951274663906 0
6163 0.8027070927620301 0.6349076944448948 0
6164 0.7925150294336857 0.6408282402944729 0
6165 0.8127109002763213 0.6289952359544895 0
6166 0.8024128606529113 0.6231717842834643 0
6167 0.8228533004039709 0.6348793335261713 0
6168 0.7917687149949462 0.1565554139050044 0
6169 0.7829149136833881 0.1615626906802654 0
6170 0.4246933931884534 0.2211598736862885 0
6171 0.01030644411442008 0.553577286578613 0
6172 0.00976584703924775 0.541669903822421 0
6173 0.01872303677104475 0.5346423619327763 0
6174 0.5049805952889248 0.7355712029428443 0
6175 0.4947581248085402 0.7533041837686767 0
6176 0.4844876767521782 0.7592043091571343 0
6177 0.4844963247605627 0.7710360428528688 0
6178 0.6565836294413839 0.3246954138078139 0
6179 0.6655252867429815 0.3299134976683661 0
6180 0.617422780030418 0.6244953809213816 0
6181 0.4075891346721408 0.1985844503335787 0
6182 0.3973271447862426 0.194409900721264 0
6183 0.5778263526486478 0.04383909384530959 0
6184 0.3531673743144901 0.2828892073118635 0
6185 0.8227728344582468 0.7060702627714851 0
6186 0.8125213040458533 0.7120063270763688 0
6187 0.8125119945504283 0.7001580748917906 0
6188 0.3977467969878115 0.3602045014592946 0
6189 0.9256549743167395 0.7532689469441451 0
6190 0.9153311731680539 0.7591868386770275 0
6191 0.9153205397962012 0.7710717540913881 0
6192 0.9050308472045963 0.7651292819754199 0
6193 0.9153072351244209 0.7473301097209242 0
6194 0.487027022607017 0.2882469240779547 0
6195 0.4869236307436164 0.298607765015761 0
6196 0.4365877566083358 0.8764732157985859 0
6197 0.4430453781053461 0.8655728847457842 0
6198 0.4831432361077749 0.6418182655286951 0
6199 0.2274415501902903 0.4916083719424466 0
6200 0.2175801870441251 0.4972434657803447 0
6201 0.2175875676130171 0.4857151539032838 0
6202 0.6793628366184381 0.6235745116902774 0
6203 0.4639702431057267 0.7710094722480969 0
6204 0.3263119869574121 0.2260748051580126 0
6205 0.4529550649066919 0.6590319271970924 0
6206 0.4590365423040725 0.6412561753406507 0
6207 0.4706755756233011 0.6422573548486696 0
6208 0.05772316772997937 0.5445796961275615 0
6209 0.5777910718688933 0.06416652999989336 0
6210 0.7924792960628102 0.652590067853951 0
6211 0.7822820878543224 0.6467253440054067 0
6212 0.3977943017733142 0.2881686164842567 0
6213 0.4334082539973759 0.3088204388197094 0
6214 0.4640054780001601 0.7237180558484011 0
6215 0.4537771804164843 0.7177982148641271 0
6216 0.4435416183003786 0.7236933816912973 0
6217 0.4435525605518221 0.7118775835312958 0
6218 0.4640085474114373 0.7119052620112634 0
6219 0.4537823253132637 0.7059847884629875 0
6220 0.4639946024478588 0.7000892768232041 0
6221 0.4897614797349449 0.04400816850210638 0
6222 0.5847713649978612 0.1746671390096612 0
6223 0.6685542630587343 0.7120637025017873 0
6224 0.6685653614389961 0.7002515106389277 0
6225 0.556230411930186 0.7770183207630945 0
6226 0.2899603195067151 0.5117652430097961 0
6227 0.2796620089389968 0.5176496519368312 0
6228 0.2796437574427224 0.5293938040612358 0
6229 0.2694674628406968 0.5235228578950303 0
6230 0.2682685900879948 0.5132537903635073 0
6231 0.2693900810315062 0.5357611121353999 0
6232 0.2796266331677877 0.5412201829745864 0
6233 0.2695768861527355 0.5473188776890558 0
6234 0.2796423589964313 0.5529277803439396 0
6235 0.2694775143034576 0.5591445407777057 0
6236 0.2591588474359837 0.5537950688350544 0
6237 0.2696470688451559 0.5714105015970672 0
6238 0.2787503997437435 0.5048470164803071 0
6239 0.1497012863114622 0.3006901827919687 0
6240 0.3718393800757107 0.7413167997437233 0
6241 0.06728700463115908 0.6917933566134652 0
6242 0.5141996439658398 0.6217623969591145 0
6243 0.5260624270490163 0.6180188850444139 0
6244 0.5357366384449801 0.6244467991602678 0
6245 0.5160994987381186 0.03880185006410172 0
6246 0.474224410554738 0.7651063204174111 0
6247 0.4144652599123365 0.3817128366869711 0
6248 0.272473185044881 0.05848890271043652 0
6249 0.311953410878217 0.7430064537484548 0
6250 0.3178100140079183 0.732743404869265 0
6251 0.4689429023483541 0.349985944487564 0
6252 0.6480858254038185 0.7238695646012452 0
6253 0.6480822525904368 0.7120618612133043 0
6254 0.6378505437745903 0.7179629577392094 0
6255 0.7275345745080768 0.05849819972003714 0
6256 0.5909677532459424 0.8762155519243928 0
6257 0.5958394686565158 0.8660452562879757 0
6258 0.6081201622642135 0.8645671269342011 0
6259 0.5842814148704916 0.8661662780870387 0
6260 0.5727802121196235 0.8662142727639985 0
6261 0.5670687092636519 0.8762986523351219 0
6262 0.5608558133812029 0.8661806253019029 0
6263 0.6145962413034748 0.8759700654486365 0
6264 0.6209022708479551 0.8658567808897547 0
6265 0.6265985896816264 0.8761385662004711 0
6266 0.6324863882947622 0.8659001276684591 0
6267 0.644354791703822 0.865887388383802 0
6268 0.6502527442537767 0.8762073713667233 0
6269 0.6556972244431647 0.8661641688784814 0
6270 0.4840685731152082 0.876303370482852 0
6271 0.4780882348504966 0.8661309395851601 0
6272 0.4900361086686359 0.8662798088914709 0
6273 0.5033667855466062 0.8656717587315272 0
6274 0.507872690269407 0.8762690554406448 0
6275 0.6276366757892757 0.6766463020329621 0
6276 0.627592421221033 0.6648483591374488 0
6277 0.617411788718945 0.6825425697244918 0
6278 0.6071735034657981 0.6766352186573479 0
6279 0.5969597180912412 0.6825267908139107 0
6280 0.5867389155218361 0.6766184799142333 0
6281 0.5765292458462677 0.6825155546388714 0
6282 0.5663117533720603 0.6766084156413364 0
6283 0.5560904951511049 0.6824981962643021 0
6284 0.5227568877687593 0.2470378506812888 0
6285 0.5138316195037445 0.2521872093444403 0
6286 0.442568596955376 0.2108710639849788 0
6287 0.6279729676633452 0.7829704372998255 0
6288 0.6381668376128427 0.7770220698429392 0
6289 0.6484882637517424 0.7829652783719828 0
6290 0.6483623052788329 0.7711138675978453 0
6291 0.1582093359383141 0.6377461466969021 0
6292 0.3978256313817375 0.2675462217047002 0
6293 0.3058178928821392 0.6925398228835183 0
6294 0.4246749617191295 0.2314769383823511 0
6295 0.6889933359604866 0.700254863681574 0
6296 0.1277337311407069 0.5964474427958015 0
6297 0.1178464463277991 0.5910049687845771 0
6298 0.6566841822082295 0.9276189877928809 0
6299 0.662507890470436 0.9173265421146098 0
6300 0.4005222827513691 0.6227551101688752 0
6301 0.4244581421841367 0.3447923442149294 0
6302 0.4244397759519241 0.3550677476120115 0
6303 0.4155578220696191 0.3396443219592143 0
6304 0.4126809066584691 0.6704521750229333 0
6305 0.4133417305474798 0.6598227427985722 0
6306 0.4227596426331836 0.6654598582450542 0
6307 0.423010548366668 0.676565878106596 0
6308 0.4329011575458835 0.6712267931917062 0
6309 0.4156949888789166 0.2572546011858798 0
6310 0.5136832062764787 0.3756456393371704 0
6311 0.5236021613845155 0.3819945959536974 0
6312 0.5143325915107951 0.3844470695937515 0
6313 0.7822020951099176 0.670293076309632 0
6314 0.7718150974290616 0.6644561975955365 0
6315 0.7822240466955223 0.6584827371887191 0
6316 0.7719488117405767 0.6526187273591531 0
6317 0.7720553484559636 0.6407739845008944 0
6318 0.7614506349674794 0.6468778457478835 0
6319 0.2943925643202421 0.6924928261625857 0
6320 0.4333036481835874 0.7295884014871592 0
6321 0.07083413078131764 0.3794179398206231 0
6322 0.5044262688389022 0.3820065080295512 0
6323 0.4958881192532485 0.3654272925166057 0
6324 0.5046492660115425 0.3499435398165363 0
6325 0.5046538391285476 0.3397057988535158 0
6326 0.4335279539153712 0.2675862425109812 0
6327 0.5562425984734675 0.7297159887347164 0
6328 0.01030883022483844 0.7083350584749706 0
6329 0.6737704340913595 0.2262301842129369 0
6330 0.341195607720351 0.7339999968098979 0
6331 0.9896912158479441 0.6488077188670296 0
6332 0.9782175309594094 0.6648490891141021 0
6333 0.9880064533439785 0.5752368394344467 0
6334 0.9781566595039994 0.5827732298998304 0
6335 0.9896912158479465 0.625001804940579 0
6336 0.9903538146281716 0.6011858514536114 0
6337 0.6754155604598353 0.1407130980596253 0
6338 0.6690122497616344 0.7711566857530231 0
6339 0.6690209123579236 0.7593250640867326 0
6340 0.6792674459506528 0.7534147101462987 0
6341 0.6895143131806331 0.7593319440047611 0
6342 0.6997378129169203 0.7534076781529935 0
6343 0.6997000228903041 0.7415821254645318 0
6344 0.2293382420597488 0.6920570958641881 0
6345 0.3442753612450715 0.2260860707787332 0
6346 0.4639031733741981 0.8183660058271804 0
6347 0.8330550274370433 0.7948673560391102 0
6348 0.6685037745596906 0.6530782155886731 0
6349 0.1342606777227832 0.8251099578642505 0
6350 0.09864330949658309 0.7839665250871719 0
6351 0.1164433993461396 0.7736777092280128 0
6352 0.4422460817547631 0.355084835979971 0
6353 0.1520197620654611 0.9176806579659196 0
6354 0.761159212067773 0.8484397672424846 0
6355 0.7498567208385156 0.8436382252091625 0
6356 0.7511191400197325 0.8306426454757923 0
6357 0.009612785881909391 0.7322707422854857 0
6358 0.1640453652798158 0.733116376238316 0
6359 0.1582569837479179 0.7221017721446232 0
6360 0.1758535559759667 0.7331333438818917 0
6361 0.1801403556135337 0.7211137810362455 0
6362 0.1934740518192795 0.7233081851966154 0
6363 0.1900745761420003 0.7132872093728625 0
6364 0.1995103578027359 0.7331364088706742 0
6365 0.2116030840510428 0.7327809226650822 0
6366 0.2172317015398571 0.7430511663139518 0
6367 0.3832920734006526 0.9277717472751843 0
6368 0.771632001485835 0.7237385924439518 0
6369 0.3799546763680997 0.3088022381058639 0
6370 0.3951138287794521 0.8660767978901031 0
6371 0.3832471407186513 0.8660838660601786 0
6372 0.3891757157664661 0.8558052743838308 0
6373 0.2411140266718186 0.866221504567348 0
6374 0.2233377204346103 0.8765585544622784 0
6375 0.5497068793154423 0.9276706357084578 0
6376 0.5437342473131118 0.9173800086983641 0
6377 0.5318771089121075 0.917390809072365 0
6378 0.5615813626387525 0.9276610482196419 0
6379 0.5675286226349803 0.9173705192617464 0
6380 0.5793708821745804 0.9173537455437424 0
6381 0.5853418840354074 0.9276458772511413 0
6382 0.5972329991673212 0.9276384375950042 0
6383 0.603189297043194 0.9173467432638653 0
6384 0.6150701313938808 0.9173410034378248 0
6385 0.5259277220727695 0.9276788159093586 0
6386 0.5140554227983829 0.9276874964073709 0
6387 0.5080725965300029 0.9173988387549645 0
6388 0.4962173792015309 0.9174117099338255 0
6389 0.490270059299065 0.9276992991962327 0
6390 0.4783959149809691 0.9277088629308244 0
6391 0.472419715497979 0.9174215939231081 0
6392 0.4605577929579252 0.9174327605024045 0
6393 0.4546119015445943 0.927719718138617 0
6394 0.4427359837061472 0.9277300876591793 0
6395 0.4367523613803408 0.9174461089068473 0
6396 0.6210210045569691 0.9276365483401638 0
6397 0.6329085242336758 0.9276320135998479 0
6398 0.6387424660220372 0.9173400955335206 0
6399 0.720403098363253 0.5882337962794201 0
6400 0.7204072855161823 0.5764715024979223 0
6401 0.7307775065811001 0.5706144294922173 0
6402 0.7205181707257848 0.5648854392050791 0
6403 0.730875945264693 0.5589877610298476 0
6404 0.7102168587144103 0.5706183138131979 0
6405 0.4422776069207924 0.180068345950796 0
6406 0.2263751462980763 0.1460359141227088 0
6407 0.6308756474500179 0.10491852931299 0
6408 0.7736274708987254 0.1460120605538134 0
6409 0.9896910630470974 0.7916675838361323 0
6410 0.9793851603155561 0.7857161735207208 0
6411 0.9793841724853111 0.7738160176285127 0
6412 0.9685868956185546 0.7795032002953152 0
6413 0.9689422094215253 0.7676267807418734 0
6414 0.9793599219551369 0.7618763820889258 0
6415 0.9690747854055366 0.7559735374440988 0
6416 0.969081145207538 0.7916641525396287 0
6417 0.9589550772550519 0.7473948422259662 0
6418 0.9574780107317779 0.7725684596491107 0
6419 0.9790989569211618 0.7484984295346375 0
6420 0.08674770602833778 0.8045233098034121 0
6421 0.09863099573215012 0.8045307537552431 0
6422 0.351649270256188 0.646868702428653 0
6423 0.6396182564890971 0.06914292850203121 0
6424 0.1873188916909659 0.5968449395054122 0
6425 0.3773051567714494 0.855812305650232 0
6426 0.3832263850478514 0.8455685804457327 0
6427 0.3950988097623511 0.8455803392140038 0
6428 0.5494575846153795 0.2831255783982531 0
6429 0.540529096021807 0.2882735878642323 0
6430 0.6250005840378177 0.9896914384527973 0
6431 0.6190499225197188 0.9794877866531305 0
6432 0.6071493503804097 0.9794009878457529 0
6433 0.6131001989850737 0.9690791472265079 0
6434 0.6012034097559813 0.9690774775435453 0
6435 0.5952440697616894 0.9794784372038172 0
6436 0.6309514755396691 0.9795051970056807 0
6437 0.6428523274564978 0.9795059420787628 0
6438 0.6357971026888456 0.969124733360189 0
6439 0.6488060206692455 0.9897106950352211 0
6440 0.6547536617202268 0.9795077301421888 0
6441 0.6666544327563226 0.9794986759219771 0
6442 0.6595893708953672 0.9691170958566235 0
6443 0.672556728050311 0.9897544788469661 0
6444 0.6778106825275085 0.9795157282233289 0
6445 0.1208990675071516 0.294498333241839 0
6446 0.1119664026539263 0.2884007322197312 0
6447 0.1125965030180081 0.2764598284019615 0
6448 0.2114798685488379 0.9382644394931194 0
6449 0.1614510257487473 0.2583186229283581 0
6450 0.7714426149515923 0.8067298883311312 0
6451 0.7817151118811868 0.8008047825451683 0
6452 0.3033739836328262 0.9898061944933927 0
6453 0.3086734316597056 0.9793072846822999 0
6454 0.5255132671933188 0.7474218686708181 0
6455 0.3868066923892582 0.9897066439174584 0
6456 0.392241879533467 0.9792574414625561 0
6457 0.4047199033429431 0.9794151249121029 0
6458 0.3983354668907133 0.9690211721934154 0
6459 0.4107092410655915 0.9896872618210774 0
6460 0.4166524080635315 0.9794955831769596 0
6461 0.3803704650085207 0.9793170050504316 0
6462 0.4226124861569757 0.9897075805436977 0
6463 0.4285596254085119 0.9794013203669891 0
6464 0.4404611323627 0.9794841226566473 0
6465 0.43450580063873 0.9690715636670196 0
6466 0.446420062226653 0.9896973909985003 0
6467 0.4523665077203641 0.9794873457790165 0
6468 0.4583242002084763 0.9897006742745976 0
6469 0.4642768949825941 0.9793834487969241 0
6470 0.4761769701483687 0.9794691057551526 0
6471 0.4702321234704733 0.9690486123656197 0
6472 0.4583345680365883 0.969026587006632 0
6473 0.4821345827113518 0.9896878010676184 0
6474 0.488082518394325 0.9794696914927116 0
6475 0.4940384952376984 0.9896918144726572 0
6476 0.4999723711606665 0.9793228094123553 0
6477 0.5118919888261629 0.979454398140799 0
6478 0.5059606954268068 0.9690363199664898 0
6479 0.4940629314231463 0.9689962943989856 0
6480 0.5178497122759795 0.9896841152976399 0
6481 0.5237991382204419 0.9794654270079546 0
6482 0.5297541357279698 0.9896915250238904 0
6483 0.5356893402493729 0.9793230485263984 0
6484 0.5476088272096851 0.9794561917793194 0
6485 0.5416787878039313 0.9690373443675525 0
6486 0.5297810795592419 0.9689959175951723 0
6487 0.5535651577297357 0.989687106950228 0
6488 0.5595062695609699 0.9794741291024358 0
6489 0.5654667751796328 0.989692355440226 0
6490 0.5714045485013531 0.9793657184532545 0
6491 0.5654421892262657 0.9690343670904763 0
6492 0.5773389006215482 0.9690184823453661 0
6493 0.5833291346297207 0.9794855877433883 0
6494 0.4226087193180721 0.9690747013892441 0
6495 0.2942702633389087 0.7942668498995045 0
6496 0.2883513283564452 0.7840098939546026 0
6497 0.294276380415276 0.7737543038528438 0
6498 0.863962487019586 0.9195215423879926 0
6499 0.8742509601774242 0.9135734173646077 0
6500 0.4010393356789027 0.8558210217003941 0
6501 0.4003271934920152 0.8356902886653359 0
6502 0.8124684802970628 0.8660654750142563 0
6503 0.8021781937971024 0.8601232900781214 0
6504 0.8022046913450205 0.8482378199807266 0
6505 0.812478460247959 0.8541880880140362 0
6506 0.8227756572941824 0.9195175191749609 0
6507 0.8227670008270758 0.9076376897996861 0
6508 0.8124764146287637 0.9254621780453032 0
6509 0.8122117464016696 0.3117850723106904 0
6510 0.2589773140613806 0.8970889237924867 0
6511 0.2588420871646233 0.855906879606841 0
6512 0.7610817913763221 0.9194947850497526 0
6513 0.5405938466746899 0.2470581350213277 0
6514 0.2527955960020684 0.804528012133508 0
6515 0.5673126964753213 0.2728621649410272 0
6516 0.791666523411686 0.9897688191990666 0
6517 0.7857151818448562 0.9797542763053697 0
6518 0.7738143282557826 0.9794456746416684 0
6519 0.7811704820398826 0.9676227856148866 0
6520 0.7679629752564874 0.9681987330609433 0
6521 0.7619308701376903 0.9792467754219905 0
6522 0.7561075698486552 0.9690629087389619 0
6523 0.7728735120213545 0.9589599045461871 0
6524 0.7506534970598971 0.9797145906327015 0
6525 0.799218669739993 0.9789261130171873 0
6526 0.3064683367370067 0.9176170563694572 0
6527 0.3123368098632224 0.9072583383154786 0
6528 0.2885744250071483 0.8661656324677645 0
6529 0.802024415899402 0.417708272152379 0
6530 0.5562300028213222 0.7888527945261119 0
6531 0.5049386212689668 0.6529601167789065 0
6532 0.5357035968839194 0.7178723204240033 0
6533 0.209435374368294 0.6788766894345272 0
6534 0.2193995533314638 0.6729797670387129 0
6535 0.7920139230543749 0.7119932492728894 0
6536 0.5049792335496506 0.7828884393025668 0
6537 0.5583436557111304 0.2883276983549597 0
6538 0.7507615141858814 0.8779271201714429 0
6539 0.7405424535647567 0.8722693119583016 0
6540 0.6476785074247809 0.2987648435083768 0
6541 0.6573218139421958 0.07928282724648117 0
6542 0.009808924942325064 0.6845252214732556 0
6543 0.01003249326377178 0.6725120140490133 0
6544 0.01913886084399202 0.6656471938301894 0
6545 0.01882808659945845 0.6782062207334985 0
6546 0.3892155338346122 0.917476389869553 0
6547 0.522765300564594 0.2367387741875905 0
6548 0.9256143777090651 0.7770361557203566 0
6549 0.9153155371424069 0.7829425497110539 0
6550 0.9256129430927024 0.7889162613603218 0
6551 0.321091426431229 0.6408897035589272 0
6552 0.3110223830433074 0.6349006573019548 0
6553 0.3004774832171457 0.6529768453823951 0
6554 0.5459377123578217 0.6412690083338458 0
6555 0.5357437503944307 0.6355249964109158 0
6556 0.5316356802880327 0.2728132860948361 0
6557 0.5138061628160728 0.2728003532396523 0
6558 0.5253932411912648 0.6883644056529559 0
6559 0.2379096494014526 0.6027106072295999 0
6560 0.5766418120313346 0.6351360074336849 0
6561 0.5687567601090604 0.120335417398195 0
6562 0.7394877429911407 0.9300028711947446 0
6563 0.5869823811894161 0.7829566927827742 0
6564 0.9153736215928252 0.8424616195595662 0
6565 0.5254750769523702 0.7829111256861798 0
6566 0.9256734274891119 0.8838993985123715 0
6567 0.9153715736369095 0.8898429983133196 0
6568 0.6921808881466534 0.8250708635597666 0
6569 0.6863139432232348 0.83551819003621 0
6570 0.6918654585041275 0.8453054782141769 0
6571 0.2054760295916589 0.8662102326146204 0
6572 0.6863635508800359 0.9378598732097828 0
6573 0.4333323370307783 0.7059595261176044 0
6574 0.7714579217338962 0.7948776341836156 0
6575 0.5151289456676127 0.6706594227345271 0
6576 0.6012991722016457 0.3910090391844563 0
6577 0.397880260440038 0.2262704271862707 0
6578 0.3369195715164848 0.391072609786342 0
6579 0.3976203404749589 0.3900060637173437 0
6580 0.5817926104666592 0.3913924292527544 0
6581 0.5714340088324048 0.3914422156845726 0
6582 0.4498480299359593 0.3907876458796228 0
6583 0.4799734040469885 0.3911939223187489 0
6584 0.1936283919805761 0.8456815381147026 0
6585 0.2054709380809187 0.8456518273259556 0
6586 0.1995391445912909 0.8353865459654894 0
6587 0.1876853157547464 0.8354018294553618 0
6588 0.4946750980576107 0.8243223852595827 0
6589 0.6074461985184394 0.7593053173291735 0
6590 0.5851513538517636 0.2831827091948561 0
6591 0.6118795336926631 0.2884103737239325 0
6592 0.2083339707581156 0.9898028740051098 0
6593 0.2135079995911633 0.9794049485384099 0
6594 0.2255899757203553 0.9792912457360505 0
6595 0.2320402742505997 0.9896750664647802 0
6596 0.2377371261784196 0.9794992438558381 0
6597 0.2304194602607473 0.9689982354674368 0
6598 0.2438883445902078 0.9897084901907678 0
6599 0.2488710802322787 0.9793150429584316 0
6600 0.1964295828918489 0.9898213819823918 0
6601 0.1904772404331559 0.9793823149130718 0
6602 0.1785753335453417 0.9793813900366534 0
6603 0.1725439781365582 0.9897118543153433 0
6604 0.1660546673720703 0.979246524946735 0
6605 0.1707331039010724 0.9687987180139623 0
6606 0.7321441103308657 0.9896916102985021 0
6607 0.7388224747624454 0.9781165395024203 0
6608 0.7261948061991713 0.9793844104678413 0
6609 0.7201264015637677 0.9896996410218923 0
6610 0.714620739052817 0.9792872159122534 0
6611 0.5892857142871765 0.9896901737645434 0
6612 0.2276334972394224 0.5147037718751917 0
6613 0.7923257850220338 0.6291011958356434 0
6614 0.5560943186910919 0.6707018312734966 0
6615 0.6385545447951551 0.3659185063314681 0
6616 0.1277211830397675 0.7026002106321338 0
6617 0.9793847644125078 0.7976179649102317 0
6618 0.9793806762315419 0.8095182826534041 0
6619 0.9685727679189184 0.8029171513893241 0
6620 0.9687366075088898 0.8149653216689898 0
6621 0.979318106417421 0.8213363198856999 0
6622 0.9689997486323907 0.827264535985077 0
6623 0.9578710382405068 0.8202880869059281 0
6624 0.9582882416531471 0.832792766133712 0
6625 0.9689675037986822 0.8391584776146224 0
6626 0.9587785135608029 0.8448856244088985 0
6627 0.9480814849320454 0.8387508931651735 0
6628 0.9690381201828703 0.8510887745539784 0
6629 0.9581141571495468 0.8562732277870491 0
6630 0.9684513957640744 0.8626308308731396 0
6631 0.95749179650391 0.8078287237972662 0
6632 0.9472187657542313 0.8261548083017072 0
6633 0.9373177916064384 0.833740847718653 0
6634 0.9372814265848878 0.8444332033491787 0
6635 0.9365027662609695 0.8197233265815657 0
6636 0.9792562842924443 0.8570384917620683 0
6637 0.9792341840402379 0.8689390832836131 0
6638 0.9684118176663025 0.8744536470746351 0
6639 0.9792214287135197 0.880829124226148 0
6640 0.9685944552567927 0.8861904953440279 0
6641 0.9792391746772287 0.8926999589535629 0
6642 0.9687040036531697 0.8982133900526351 0
6643 0.9792462631112442 0.9046133255720293 0
6644 0.9687897159355712 0.910280092285306 0
6645 0.9794077379978471 0.9163297172104954 0
6646 0.9681372637863129 0.9210885235282305 0
6647 0.9574109617406876 0.8903390651836317 0
6648 0.9573938296176667 0.9138541640604027 0
6649 0.9896601822341876 0.9106306859807406 0
6650 0.989677492272423 0.8154593714077533 0
6651 0.9896733539117968 0.8273591455172931 0
6652 0.2764873294070687 0.7635122090674692 0
6653 0.0629728380721938 0.8663079884234843 0
6654 0.07486535977343931 0.8663035891739973 0
6655 0.08080645915039454 0.8559965332463283 0
6656 0.4025270537494546 0.7945876526405773 0
6657 0.4025376575405908 0.782752994568615 0
6658 0.4127867828960626 0.7886797553811371 0
6659 0.4127853643657257 0.7768417214682894 0
6660 0.4688607534677402 0.3704395909449843 0
6661 0.9896612348435584 0.8511671659264421 0
6662 0.5672817147833809 0.2831803933623743 0
6663 0.2444717752174695 0.1356145456867372 0
6664 0.2533913024538291 0.1407426793638177 0
6665 0.2623955956224162 0.1356404165886895 0
6666 0.2276226593409334 0.561652164431379 0
6667 0.8844871607102075 0.8601104844927782 0
6668 0.863907275269739 0.860117785606895 0
6669 0.3411211439597184 0.781876593377556 0
6670 0.4871277112159753 0.2264356783211632 0
6671 0.7555420474313023 0.1356546456039371 0
6672 0.318065968250403 0.8145235247850874 0
6673 0.9896877184022551 0.767854922778768 0
6674 0.205530114384482 0.927977905133075 0
6675 0.2174086329325274 0.5675841963662875 0
6676 0.7918937106851047 0.8779420998268458 0
6677 0.60119286281146 0.9897101741163732 0
6678 0.9050674661887359 0.8720141402760608 0
6679 0.9049338303373992 0.6703498442482875 0
6680 0.9151517890133574 0.6644229844528668 0
6681 0.5689885467744649 0.08964017263529427 0
6682 0.05057864416068176 0.04114917106794817 0
6683 0.8155399425170324 0.9902842119859465 0
6684 0.1579617647739514 0.9073826542627317 0
6685 0.1698512152459598 0.9073842931309271 0
6686 0.1757943484492546 0.897090997677903 0
6687 0.9896515936169736 0.8749852656130332 0
6688 0.8021801599835189 0.9195190321929718 0
6689 0.6991017666988181 0.6472064163055445 0
6690 0.1971243189617596 0.07375549786450628 0
6691 0.9409580130104034 0.4514670580553595 0
6692 0.8028766477682246 0.07375577878552743 0
6693 0.8536666653091866 0.9254650540667636 0
6694 0.07486044671048032 0.8457035406892703 0
6695 0.8227598546360295 0.8601324499348589 0
6696 0.7611912983055793 0.8008025655629485 0
6697 0.7678635511549144 0.9896791165967451 0
6698 0.5049441549701195 0.2264298007176196 0
6699 0.11644112417903 0.9383234992607634 0
6700 0.5049875045777769 0.1955077979222921 0
6701 0.7195920801705334 0.6589901900635993 0
6702 0.7299555524603818 0.6648772562438775 0
6703 0.1045523820692084 0.9177431545295169 0
6704 0.04740032073550829 0.6213589044318759 0
6705 0.1481015939095293 0.6907064798539388 0
6706 0.1481057955840573 0.6788832851364388 0
6707 0.7612306510530603 0.7415888391386014 0
6708 0.3922893876213045 0.7768263926183968 0
6709 0.3183140099842174 0.9381073775002423 0
6710 0.4425155032984716 0.2418244696608369 0
6711 0.01036267137792462 0.8508765981672087 0
6712 0.02207216786073768 0.85663834547382 0
6713 0.0208703450184113 0.8693151814545881 0
6714 0.01885362554388231 0.8452831780993585 0
6715 0.01031037786783172 0.8749990445218873 0
6716 0.05702320501160187 0.8972074788510787 0
6717 0.05700265565919761 0.9383526549511668 0
6718 0.8508979812268451 0.9901128941291498 0
6719 0.342715731864108 0.1099715372815239 0
6720 0.1639334312475618 0.7942681416460722 0
6721 0.1698922489766397 0.7840166385821817 0
6722 0.4781617528345748 0.2624838854505799 0
6723 0.4435217628016482 0.7355103213784675 0
6724 0.5493871447892851 0.3140578326263402 0
6725 0.4897435897431001 0.3911176881663418 0
6726 0.8750000042015706 0.9898463160984462 0
6727 0.8690476284159425 0.9793804437238648 0
6728 0.8824742149671689 0.9789588096608748 0
6729 0.1248199705164837 0.9896822236153655 0
6730 0.130345005181282 0.9792321761443177 0
6731 0.1182813103094501 0.9793394084948626 0
6732 0.7037116347773222 0.8453132911564327 0
6733 0.3799534421588208 0.04705803193138821 0
6734 0.8988986046610736 0.99028388716831 0
6735 0.6233166318377488 0.3912163859209446 0
6736 0.01023519769346051 0.9226545827963064 0
6737 0.02060932139776847 0.9296374944919013 0
6738 0.02052109747550787 0.9412189506558704 0
6739 0.02143915673082375 0.9172297433880902 0
6740 0.01027789659240032 0.9464816722567785 0
6741 0.02061961218241621 0.9523802753439353 0
6742 0.06547619299913693 0.9896901752208953 0
6743 0.07071964945164738 0.979342050570956 0
6744 0.05350075451732429 0.9898297949527106 0
6745 0.04639686469221849 0.9794929961092214 0
6746 0.009947129055305509 0.9688731769438471 0
6747 0.9889942875783913 0.9689391913605645 0
6748 0.4332275388017011 0.7768767914993191 0
6749 0.4433415092628276 0.8420379937122044 0
6750 0.08674613940802359 0.8456957938775274 0
6751 0.5869505967546366 0.7356446618853358 0
6752 0.5868954918063187 0.7238097218422433 0
6753 0.57652108756356 0.6707163623219776 0
6754 0.8844158974342379 0.63491707523581 0
6755 0.3476472205873682 0.9072171457409972 0
6756 0.4603401601598811 0.2521569808585962 0
6757 0.09361483438908927 0.2757286036460818 0
6758 0.4871322091235767 0.2160727086071517 0
6759 0.1342605746329295 0.8662532175333265 0
6760 0.4246982669506512 0.8764042883816681 0
6761 0.9897654602041361 0.7556974448437442 0
6762 0.3826378978315608 0.7009834280179522 0
6763 0.2896239388881403 0.5710030165648304 0
6764 0.2276721586347738 0.5382343654234354 0
6765 0.3476424236689452 0.8455582040517564 0
6766 0.06309051300622739 0.7839945283972631 0
6767 0.8947364266482882 0.8185931727637197 0
6768 0.4334509291888168 0.2882270384272054 0
6769 0.1277674946086241 0.7262856423942133 0
6770 0.1279764011589679 0.7385011313497283 0
6771 0.351416531699773 0.1563436890554452 0
6772 0.7560674736682014 0.9897218403355583 0
6773 0.8845340382084694 0.9314082574232425 0
6774 0.03167092963025925 0.8758810731875976 0
6775 0.4422866441807538 0.3242593787298402 0
6776 0.3977817066890302 0.3190655826889377 0
6777 0.217299342869464 0.7840328148630469 0
6778 0.9462767886998449 0.9552541812214743 0
6779 0.5561736018674674 0.7178715993860589 0
6780 0.1758013336128859 0.9176840452485668 0
6781 0.5228091479942382 0.2058242397936018 0
6782 0.3060872209129427 0.7737744611958616 0
6783 0.06887295210468941 0.9383590105383263 0
6784 0.6071930230206324 0.7238346502646507 0
6785 0.8027774184275391 0.3841359062146935 0
6786 0.5495082690565077 0.2522198516768756 0
6787 0.8330564719891893 0.8067318354342414 0
6788 0.3595191434061976 0.8866488426353056 0
6789 0.8330396245006521 0.7830150397698016 0
6790 0.535689994976398 0.8243618233910787 0
6791 0.6279779674478303 0.830330159022922 0
6792 0.5573809242623017 0.2095976655910193 0
6793 0.110499733560957 0.907446160316365 0
6794 0.4244957062239766 0.313945977323884 0
6795 0.5750350194326553 0.2000578589078664 0
6796 0.6176365317238809 0.7533847285528095 0
6797 0.7147728708020505 0.886080907301948 0
6798 0.1223842116924285 0.8868499834629859 0
6799 0.5337398862663261 0.03879871440842889 0
6800 0.6071417631858553 0.6648437794876541 0
6801 0.7101912393607761 0.5823541988919583 0
6802 0.3710384169234456 0.2726647748533425 0
6803 0.4942608875911468 0.6113617812001918 0
6804 0.6587907619645595 0.6113741323345866 0
6805 0.3173698194961392 0.6102344112095432 0
6806 0.3525876258088881 0.6120459833128206 0
6807 0.5989049168983492 0.6107738222942024 0
6808 0.2530510509096713 0.9279621604403039 0
6809 0.08077518270005263 0.9383572111307443 0
6810 0.0580318362368951 0.7739133153964606 0
6811 0.8022525047821006 0.7534179025692664 0
6812 0.6587030278762842 0.7652394336894278 0
6813 0.6434038339513048 0.391518099253812 0
6814 0.5754634173112934 0.2172368090523384 0
6815 0.7292518002903777 0.8662846944916747 0
6816 0.35651500188859 0.3915163128303464 0
6817 0.1876896119255235 0.8970976725222913 0
6818 0.9256679168937739 0.9433725634123122 0
6819 0.5205399457781251 0.008457722028034336 0
6820 0.5106429255002582 0.008546294752315883 0
6821 0.6109243945582241 0.008237687316853065 0
6822 0.6814905503043667 0.008523209125796601 0
6823 0.3183901000685093 0.008319638814251143 0
6824 0.93600234472792 0.9136313428722024 0
6825 0.884484652481915 0.8720084811482554 0
6826 0.6207738406014345 0.3349588437764523 0
6827 0.3284484249922665 0.6103094896949962 0
6828 0.3417234958438397 0.8763807155122145 0
6829 0.104636200528782 0.9589253807370179 0
6830 0.2646502469136098 0.804531133143645 0
6831 0.6468576988033536 0.2107237057396344 0
6832 0.6379169224943394 0.2159063640127882 0
6833 0.6558270225214121 0.2158747078188602 0
6834 0.2588511070070746 0.7127319172489184 0
6835 0.8536173358887291 0.8898244277905429 0
6836 0.812512501503051 0.7948818373217337 0
6837 0.2624285623465201 0.1253317832226232 0
6838 0.3891949182374475 0.8969124714009108 0
6839 0.7376153571527261 0.1251975135916587 0
6840 0.9050812712803126 0.9195548862557048 0
6841 0.9793418016917352 0.8332830444450536 0
6842 0.430754804283273 0.9071651571052574 0
6843 0.9049062063965763 0.9796696252398972 0
6844 0.4720702682442013 0.0641782117387916 0
6845 0.2768266876261135 0.9485376782672896 0
6846 0.48446234648346 0.7828737318829636 0
6847 0.9153160865207888 0.7948509119233568 0
6848 0.5664691935910603 0.7592769962267463 0
6849 0.6197421293714014 0.2561353757737492 0
6850 0.1578601814384708 0.9485139191440851 0
6851 0.08698746227352545 0.7144562481658079 0
6852 0.9049045589614165 0.6585213668604752 0
6853 0.8844488923155694 0.8126559970204419 0
6854 0.8947360343929955 0.7829757325062151 0
6855 0.8843125667934615 0.9667957678810446 0
6856 0.4515052098870283 0.2057629690897601 0
6857 0.8330697734490313 0.9492459779415692 0
6858 0.2054606825132219 0.8045765567385338 0
6859 0.2767996052425425 0.9073684513662902 0
6860 0.7816439769533921 0.9432083072972584 0
6861 0.1580100335623837 0.8251187282249119 0
6862 0.6177359067765047 0.7888899357011852 0
6863 0.8639897868596862 0.9551479897776867 0
6864 0.6745288073339736 0.3247595498519775 0
6865 0.535752724169668 0.7533445752815018 0
6866 0.4639665356122402 0.7591782473467874 0
6867 0.1104778115821577 0.3564847254275903 0
6868 0.5972262708975984 0.8125590480780677 0
6869 0.2352270253248576 0.9176745019477615 0
6870 0.5357001264837992 0.8125164459019502 0
6871 0.2290990504598999 0.8250529602057057 0
6872 0.2708156440625638 0.630060943805777 0
6873 0.2649535318605536 0.6396001344560357 0
6874 0.09862566881606145 0.8662735170854281 0
6875 0.52541716905901 0.6647743191225611 0
6876 0.1818828028941766 0.9484464126770984 0
6877 0.1105070930057231 0.8456893992676824 0
6878 0.6484821648434945 0.8303419632589408 0
6879 0.4844795385836047 0.7473782493912258 0
6880 0.4639729147685323 0.6882821649321241 0
6881 0.4536756316133912 0.8005887741821175 0
6882 0.4639224052514197 0.8065228854991374 0
6883 0.08832640361406108 0.5740967984588113 0
6884 0.034287285011718 0.8561494372641603 0
6885 0.7816081534735573 0.8720026628156036 0
6886 0.9793239548948514 0.8451691658245417 0
6887 0.2468827600524838 0.7942686746911209 0
6888 0.3831164816227119 0.8179519281811027 0
6889 0.1639517079002475 0.8559628758287319 0
6890 0.4332412868366845 0.765049397276374 0
6891 0.2827646092446178 0.9382434060595514 0
6892 0.1276937981538432 0.6907465792483476 0
6893 0.3772798789286498 0.8352738629737824 0
6894 0.3513907382201155 0.7649409334139605 0
6895 0.2587297808869637 0.8353234844244841 0
6896 0.843328650717893 0.8838864433573811 0
6897 0.8536068837955343 0.8304582758080926 0
6898 0.7407377269300709 0.7652593507097131 0
6899 0.5663106626408461 0.6648155786388528 0
6900 0.1045676631877439 0.8353998234618407 0
6901 0.140202130457393 0.8559656921755052 0
6902 0.8227773809717365 0.8363889796323896 0
6903 0.6787793003117764 0.7416069628920031 0
6904 0.668543446606704 0.7475139715581269 0
6905 0.8021788620793565 0.9076377568551732 0
6906 0.2114641350936594 0.91768249215867 0
6907 0.193609898109123 0.8251224088761473 0
6908 0.4026361875650314 0.7000179510687484 0
6909 0.04520703816893182 0.8354472435904411 0
6910 0.5664640580368396 0.8184639691573905 0
6911 0.2649080683163341 0.8867998830139445 0
6912 0.3357908531142152 0.8455632444479788 0
6913 0.2822422254981017 0.6102480152134651 0
6914 0.1817531070518659 0.7840368308766258 0
6915 0.4946824668071669 0.8124788341710838 0
6916 0.5226373853795403 0.3397172955650009 0
6917 0.3313587800077603 0.6701512407405268 0
6918 0.5336982578335345 0.09985601218477255 0
6919 0.08080234595552213 0.8354040204747011 0
6920 0.6382426258806725 0.812577950302502 0
6921 0.4127491675565099 0.7531452283127857 0
6922 0.4010631111070653 0.896905176096282 0
6923 0.9458885233566449 0.6703373969953181 0
6924 0.1698754713430132 0.8045633088436013 0
6925 0.3613229287319694 0.6759134130105382 0
6926 0.3825127716718626 0.6883739778695717 0
6927 0.5577175516807379 0.1798457582716801 0
6928 0.7381733825121335 0.844790108389519 0
6929 0.4781769546856101 0.2521880256864169 0
6930 0.1342571066505721 0.8045357507113989 0
6931 0.8020636640837943 0.955134319071953 0
6932 0.6071872814806138 0.7120244329469056 0
6933 0.7713165052823772 0.9016874626189835 0
6934 0.1698827113899642 0.8662399450422131 0
6935 0.7919660972753968 0.8304383902376946 0
6936 0.5560262588761929 0.847892695201176 0
6937 0.7919988453019937 0.7593371564874168 0
6938 0.2705891419677944 0.7532827334680969 0
6939 0.4434365344688729 0.806487039734737 0
6940 0.4246036712910936 0.167071672856544 0
6941 0.4738827610966785 0.8477807811772885 0
6942 0.2469007043854379 0.7737709256446609 0
6943 0.04740419056000327 0.7162942971830047 0
6944 0.1936115654648692 0.7635232413370453 0
6945 0.128319700093735 0.8148211751050763 0
6946 0.8947315752964644 0.7592271144395994 0
6947 0.5580838180922087 0.2271717074416693 0
6948 0.3615688741348185 0.770869111463381 0
6949 0.6689781611543705 0.80659685629814 0
6950 0.7156073886869827 0.926926036409965 0
6951 0.05703033898609147 0.8148130277685937 0
6952 0.282465003803435 0.6709725362668993 0
6953 0.07592324037852249 0.7558596692022106 0
6954 0.3773402955898809 0.917487718226488 0
6955 0.8741637775116962 0.8185877152586066 0
6956 0.5151953547643666 0.8124962170917893 0
6957 0.4778771122350828 0.3243100284531093 0
6958 0.3535891199770765 0.9380779764946745 0
6959 0.06802273431316022 0.1406966708763097 0
6960 0.06800441895617609 0.1518885034990035 0
6961 0.05802967998611736 0.1577253676382768 0
6962 0.6919163259290422 0.9069037661323891 0
6963 0.8022402632719408 0.8245173838966897 0
6964 0.2646661563893918 0.7021565625410539 0
6965 0.3711659538143067 0.8021466144474066 0
6966 0.5409083057181869 0.2169002946843016 0
6967 0.3775686592385713 0.958495043367563 0
6968 0.9565934235899077 0.7230779677272493 0
6969 0.9548288431379733 0.617925004215387 0
6970 0.1698535674488882 0.8868003048877793 0
6971 0.300218661009608 0.8455701357553099 0
6972 0.8947137653529841 0.735504179637068 0
6973 0.9049713728195865 0.7295647221894784 0
6974 0.2883553040278761 0.8250440977415586 0
6975 0.7413013788493209 0.553013848646418 0
6976 0.731377179201681 0.5476132007633532 0
6977 0.3440514607072104 0.3504412252596634 0
6978 0.781725146437003 0.7889547701776263 0
6979 0.6889444847223138 0.67666498856677 0
6980 0.3121045506394305 0.8660993033100162 0
6981 0.4693556985362212 0.1748733789689264 0
6982 0.07794719598511057 0.6506494263264324 0
6983 0.6791322380436481 0.8005399703244338 0
6984 0.8022562446403809 0.741574440213711 0
6985 0.5766866185617756 0.7179085941519229 0
6986 0.4903690175683836 0.08362108796335599 0
6987 0.1580717721538106 0.7635153663626447 0
6988 0.7612288065685916 0.7771066740612832 0
6989 0.4511766577795328 0.3294113745548371 0
6990 0.7713203316319782 0.9135677342549813 0
6991 0.6279859705344011 0.8184941302057314 0
6992 0.1992034342115305 0.672967164711362 0
6993 0.5762869537973395 0.2471032156670603 0
6994 0.2528491048727186 0.6612006081814129 0
6995 0.9465040871090751 0.9197427979434338 0
6996 0.2588041820261426 0.6916932547471857 0
6997 0.4844045617738376 0.6765299301885742 0
6998 0.3535853480754897 0.8763748089050224 0
6999 0.5582908061785352 0.3192278183041482 0
7000 0.5582811288695202 0.3295315192734604 0
7001 0.549345877274683 0.3346236018028892 0
7002 0.04584087858208838 0.7385917796854438 0
7003 0.2073480183517585 0.5969540419806273 0
7004 0.1726354991307643 0.2006025674934923 0
7005 0.2232221324023812 0.7737762922497973 0
7006 0.6289678482589589 0.210768354121715 0
7007 0.4067040630023939 0.2933353902031781 0
7008 0.1782360947519096 0.5319896694806778 0
7009 0.392290858747592 0.7649938389680589 0
7010 0.9050166178872288 0.7532736530603863 0
7011 0.06664843647482825 0.7265609986569258 0
7012 0.3514229315712677 0.1460452885219581 0
7013 0.09701186973186182 0.7085338764168625 0
7014 0.2183781285137581 0.7216951244866904 0
7015 0.4156647243605485 0.2675864007659993 0
7016 0.5152349592802655 0.7769842550457413 0
7017 0.6617565222109498 0.008312178703826304 0
7018 0.9050271397476142 0.7770208579968664 0
7019 0.2411715989335225 0.9279606255985717 0
7020 0.6378441246271631 0.7061553449734529 0
7021 0.6029384927016606 0.3349399787102236 0
7022 0.9050730033307188 0.8838975322221453 0
7023 0.38000853152583 0.2365438503186196 0
7024 0.1996594764636594 0.7073286977744881 0
7025 0.2898164418544907 0.5352920934812868 0
7026 0.6895080242347996 0.7475119733964853 0
7027 0.3684413027182781 0.00809552538180241 0
7028 0.8637428607666828 0.9682553626753163 0
7029 0.1579370144003126 0.6259703083272011 0
7030 0.09701492569817843 0.6967023973246664 0
7031 0.8026891850290713 0.6584912107567948 0
7032 0.8125077989999621 0.7830320707153304 0
7033 0.5969550233608176 0.6353772687873196 0
7034 0.1072050703660808 0.6671282824207928 0
7035 0.8330711511057263 0.9611350177950722 0
7036 0.6480772923953402 0.700258016063489 0
7037 0.2708494975597875 0.8970818519880451 0
7038 0.1045725396451817 0.7942471751897606 0
7039 0.8330042513378946 0.7356554002480047 0
7040 0.6127341688912263 0.1562548955199013 0
7041 0.1685725605807186 0.6788706504511911 0
7042 0.6275614021756448 0.6530610326846182 0
7043 0.4025301807575863 0.7709104857100275 0
7044 0.09709952589037019 0.1899483871194644 0
7045 0.2174148832350861 0.9279694005432428 0
7046 0.6173842441232791 0.6707458246443481 0
7047 0.3417104811818985 0.9380794056199465 0
7048 0.6289851339802814 0.2314068535904594 0
7049 0.1817655348920208 0.7635189843810355 0
7050 0.6565278746976719 0.3350335253496988 0
7051 0.1276852665360423 0.6435076301988354 0
7052 0.5138965702633904 0.1904027166328456 0
7053 0.2054441172781054 0.8250899130463063 0
7054 0.4684730969817956 0.09810632946880679 0
7055 0.5219148026848992 0.1586700303556829 0
7056 0.6583184838164303 0.7061635466105992 0
7057 0.3978721382952599 0.236591788019219 0
7058 0.4692676406448508 0.2470250942614238 0
7059 0.8536193836929165 0.8541890217290896 0
7060 0.5399786581246705 0.1688907518497579 0
7061 0.2887113569728186 0.9485315516984103 0
7062 0.7016777399859638 0.06379120891531623 0
7063 0.06787108240781564 0.6450254810810508 0
7064 0.683677937155038 0.2884211652775256 0
7065 0.2482242576725033 0.6320840550851271 0
7066 0.03737469127315306 0.6636670355029474 0
7067 0.5041668003051772 0.1479904261812864 0
7068 0.8946287713261735 0.6290154943056153 0
7069 0.03718580640746712 0.6511076233923994 0
7070 0.6480476815461383 0.6648544415378821 0
7071 0.5513544866983423 0.04893190477914752 0
7072 0.3888825831282801 0.3345058060265376 0
7073 0.04515479781907713 0.8148184837534732 0
7074 0.7822828880501037 0.5304263524912454 0
7075 0.7671496673500449 0.06337132726624159 0
7076 0.2177836686610388 0.6260502178283445 0
7077 0.3175468133822411 0.3758273736796858 0
7078 0.2328520298656498 0.0633720765930951 0
7079 0.5767198284137292 0.8125442443431302 0
7080 0.6992726315350947 0.7297808223342299 0
7081 0.09862736339098534 0.8456918112176514 0
7082 0.463523485893181 0.05866586024180857 0
7083 0.4779098497226637 0.3140406846497685 0
7084 0.8639533756183223 0.6584924189702673 0
7085 0.09828794256727631 0.5799140217531604 0
7086 0.7300727277119314 0.7356848602633747 0
7087 0.03749799844320914 0.6874208017723867 0
7088 0.9793528730595047 0.5955160963818596 0
7089 0.8424494580426929 0.5765666191707877 0
7090 0.2982289248058334 0.06359384854505873 0
7091 0.2587290459682409 0.7942735964126979 0
7092 0.7494036422722249 0.05309457202990287 0
7093 0.1179799858923838 0.5088413360281983 0
7094 0.8812210125285095 0.5090070664956716 0
7095 0.2505961007218185 0.05309471062451619 0
7096 0.4507494837849318 0.1184509904698136 0
7097 0.8329615470339459 0.9726786295430989 0
7098 0.812474537499366 0.9135785250641321 0
7099 0.863898341542615 0.848241724482415 0
7100 0.9537467705047471 0.5825297090574736 0
7101 0.9425549339795816 0.2242134283943233 0
7102 0.9424506582957533 0.2128347322819884 0
7103 0.7918781498721205 0.9611214520340523 0
7104 0.6685185838380512 0.6884591009910301 0
7105 0.3975752114481031 0.05724043579989469 0
7106 0.6397659373213862 0.1509715017494702 0
7107 0.8227774145107398 0.7889502784297787 0
7108 0.8511850900332141 0.4458615670319475 0
7109 0.2378553828413649 0.5909575658985762 0
7110 0.956068725563443 0.6408578171564114 0
7111 0.1583433959824092 0.6729769413160749 0
7112 0.3799902888501496 0.2468723976883619 0
7113 0.519679015238192 0.8768615387806842 0
7114 0.138202018250035 0.497285889969273 0
7115 0.1482861694994125 0.4915378461090949 0
7116 0.8827611436679144 0.5649587150122891 0
7117 0.3959950501712349 0.1617039259047832 0
7118 0.5049337259432192 0.8184064409583378 0
7119 0.6787586706647298 0.6943540194715504 0
7120 0.5761936592532039 0.288349820114326 0
7121 0.2292959016752103 0.9279593942645087 0
7122 0.2890530332739497 0.1407209059298194 0
7123 0.4844072897436528 0.6883154520567496 0
7124 0.3692500307771657 0.1255307907990753 0
7125 0.3246574165351305 0.1614414594236984 0
7126 0.4239109917544081 0.1137068368684525 0
7127 0.2896889353636033 0.03832443728152164 0
7128 0.7511058908788329 0.913586413328305 0
7129 0.2059127855258787 0.03760899415949073 0
7130 0.7940870739772133 0.03760883737037361 0
7131 0.7396554480634526 0.8255435050575547 0
7132 0.3247095888824408 0.1408286758873325 0
7133 0.4511882455851501 0.3191345724050973 0
7134 0.9355405958200353 0.6290452266856904 0
7135 0.8946850091813261 0.6999500810131185 0
7136 0.6574725615722579 0.109982862815621 0
7137 0.6575574418990786 0.130483665233396 0
7138 0.4603577337117274 0.2418607781030729 0
7139 0.6382384231504601 0.8244168638883211 0
7140 0.6746022078118658 0.3143980058452456 0
7141 0.03923204464900608 0.8251168975944227 0
7142 0.2713405520196852 0.1304415129785585 0
7143 0.5871344510458397 0.1420982815090512 0
7144 0.3069869764153291 0.1201866060316805 0
7145 0.8227609153431783 0.895760848891431 0
7146 0.7292879444504745 0.1610280559924316 0
7147 0.2171055800563584 0.1825338984998764 0
7148 0.8022284501355577 0.8363716854405371 0
7149 0.8124936333847832 0.8423155340577662 0
7150 0.2441883766748368 0.2190779177082549 0
7151 0.3692718696738616 0.1152431800615505 0
7152 0.2711151021766234 0.1509857137702209 0
7153 0.6481389099559738 0.7593009671353974 0
7154 0.2827815160410089 0.9588192446091029 0
7155 0.951140331534199 0.5160034232917999 0
7156 0.8330082799751742 0.7474944302399048 0
7157 0.05769610268041464 0.5800001355435255 0
7158 0.5601600148208536 0.08454775416227309 0
7159 0.1977199556156249 0.2531842580752922 0
7160 0.5248951023214106 0.07436770507910345 0
7161 0.4985156819947788 0.06921044674239085 0
7162 0.6478353430253652 0.2508664411459628 0
7163 0.7014280169046165 0.3298197979895873 0
7164 0.5954858583466428 0.09473179182700928 0
7165 0.3951391263884736 0.9071889642473728 0
7166 0.1276740418407899 0.631719555701213 0
7167 0.4152185704647542 0.07762878337661427 0
7168 0.5869712168508001 0.818472450193205 0
7169 0.6220186675210414 0.09981079788708108 0
7170 0.5048955264839533 0.2676637296727735 0
7171 0.2292958670273311 0.8868182968023668 0
7172 0.05765126535720089 0.6154500038414221 0
7173 0.6836825595777404 0.2780215352623361 0
7174 0.347656064205869 0.8866527295397134 0
7175 0.7094810413947199 0.7002063824848884 0
7176 0.2173817104188296 0.8868206962035817 0
7177 0.8330549231051529 0.9016970621735609 0
7178 0.5316154605769974 0.2831341728250613 0
7179 0.1972338052714793 0.5910633550039417 0
7180 0.2511070071464658 0.7025085838215815 0
7181 0.6118534540227972 0.3297976595251602 0
7182 0.8741678504781085 0.6644009365477814 0
7183 0.8385039130139503 0.2584879297912144 0
7184 0.1481126005984325 0.6670817767741679 0
7185 0.06794204243624692 0.5505417178861908 0
7186 0.6839683723667562 0.08432793406208366 0
7187 0.4514466460476106 0.236696173155055 0
7188 0.7022031256531749 0.1458140905365084 0
7189 0.2898145233788238 0.5470237450732426 0
7190 0.1880103781068371 0.46859105160628 0
7191 0.1979958603664648 0.4742284831605797 0
7192 0.2469384008085187 0.8558935992210597 0
7193 0.3710306934027621 0.2829755157479537 0
7194 0.2883504911315478 0.763508898858726 0
7195 0.1342109488781372 0.07974990381366284 0
7196 0.8657890513948167 0.07974990568798487 0
7197 0.1343516080931501 0.7632869008186336 0
7198 0.9151359909429875 0.6526036396772409 0
7199 0.2978507399256756 0.1665313944161699 0
7200 0.7377962385686014 0.1975758799243432 0
7201 0.137882828624644 0.6022892528674382 0
7202 0.1378982970690842 0.5788191922362345 0
7203 0.5767135614388854 0.7651974872249869 0
7204 0.2398686496143825 0.6611447532672606 0
7205 0.9220211375903005 0.2474360003316228 0
7206 0.2893885472757841 0.9692170253251093 0
7207 0.4336143739908465 0.2263505238950843 0
7208 0.9896245203030051 0.8987754313928946 0
7209 0.2480601027393041 0.596788510583294 0
7210 0.4947357960663114 0.7769639512937091 0
7211 0.7204535467812198 0.186825796957978 0
7212 0.7560352239798608 0.2188604780990592 0
7213 0.7511065510414898 0.5941090556261577 0
7214 0.03377728965321154 0.8355103070992176 0
7215 0.9431569159920655 0.5304124612186449 0
7216 0.4070461747276998 0.9277597720502672 0
7217 0.9033280365375089 0.5881397927137479 0
7218 0.6833915811002134 0.3402398601518005 0
7219 0.3603256236539675 0.1512110979137322 0
7220 0.09268737441889974 0.8559853498780989 0
7221 0.1758342848216621 0.7737664956403641 0
7222 0.05093863464701485 0.3908276776924634 0
7223 0.1480873966416289 0.5495895152963045 0
7224 0.7933742468864238 0.3335597848675053 0
7225 0.3358366877071939 0.9071908698694809 0
7226 0.9399729717533409 0.3597124568106308 0
7227 0.7473105532472398 0.171405323806571 0
7228 0.4422983424694578 0.3139792291073156 0
7229 0.8800137483263764 0.36189274238756 0
7230 0.2528833803895656 0.1924963246316937 0
7231 0.963443479790792 0.5416515677976805 0
7232 0.8211364747975873 0.5088266379803534 0
7233 0.8432768784141684 0.7534041595478904 0
7234 0.1384786476827314 0.4743901006880189 0
7235 0.1817476401091142 0.8868096997118651 0
7236 0.4067188382272103 0.2830360263615613 0
7237 0.5225037720181513 0.1955176638726947 0
7238 0.52544592923558 0.8184233133794058 0
7239 0.3417345825198715 0.8969310860646026 0
7240 0.08832920624582752 0.4685700281115344 0
7241 0.5867277607578165 0.6648255808971943 0
7242 0.1975744327491954 0.3290924242920256 0
7243 0.5954729445339582 0.1049286351825851 0
7244 0.06794910135368085 0.5387577088514702 0
7245 0.08080508076128221 0.8765888548715333 0
7246 0.3148648313437806 0.3912468863671253 0
7247 0.4058964865233851 0.1140766987650836 0
7248 0.6382289066336794 0.8362441564359442 0
7249 0.4693277138789005 0.1851554189506426 0
7250 0.4189116921686707 0.9277484998637725 0
7251 0.5869752838891618 0.8303082018681343 0
7252 0.9511754271301235 0.5041567350799304 0
7253 0.9308974939684562 0.4806354268670353 0
7254 0.2530245732504904 0.1612579500178205 0
7255 0.4425308284220523 0.2315227405725457 0
7256 0.0983428560703162 0.4976404901658134 0
7257 0.2647381947539555 0.845616261309458 0
7258 0.1481073717098226 0.5263033763566123 0
7259 0.6484106507683244 0.06402218526112549 0
7260 0.08079850785920792 0.3736199877743729 0
7261 0.0373268256894804 0.5683657468717587 0
7262 0.9413714445720287 0.1012258757611234 0
7263 0.8193525529360915 0.1829446046571732 0
7264 0.0474176543854388 0.6095008175081766 0
7265 0.8946899748708264 0.7117982444750539 0
7266 0.08699817626879296 0.7026302734026308 0
7267 0.1811143067167478 0.1830145439701234 0
7268 0.4435455876349697 0.7000695108417179 0
7269 0.05795339081778167 0.4859981019500181 0
7270 0.4986314888866777 0.07922376054046373 0
7271 0.597227485343073 0.8362394445792187 0
7272 0.9132018174437535 0.5590498336660736 0
7273 0.125512735188231 0.1516860047965218 0
7274 0.05862858285171596 0.1012242352917989 0
7275 0.8190234447276162 0.1617480257266653 0
7276 0.1809751147843897 0.1617482081134607 0
7277 0.08674336143333541 0.8868758022397328 0
7278 0.8222403295257659 0.6000057125351137 0
7279 0.4127639319123267 0.7649982929968427 0
7280 0.9494478231599072 0.04114430513769406 0
7281 0.8433371708670978 0.8957584270425248 0
7282 0.2066715738567297 0.3007467842121911 0
7283 0.06296826292939138 0.9074926757856626 0
7284 0.8639349120417236 0.90763713651334 0
7285 0.7298601840546111 0.6766492856331046 0
7286 0.7011217308172739 0.3605458611354589 0
7287 0.2581117810053417 0.5198600656517306 0
7288 0.8808387784425081 0.4283716027517726 0
7289 0.6382459682786891 0.848113985877749 0
7290 0.5254384575121995 0.830276485894191 0
7291 0.06036101088710935 0.4307343732310406 0
7292 0.7412917638085098 0.5765151765314465 0
7293 0.5138187233304722 0.2624986058070895 0
7294 0.2409711992089112 0.7840162947867959 0
7295 0.7718887013475628 0.5589779188918823 0
7296 0.08674530607600658 0.8662865404162645 0
7297 0.6387166760554319 0.2936028144650573 0
7298 0.7290483853945406 0.1403650266161816 0
7299 0.1381278951044172 0.7200930821490714 0
7300 0.2824780373205451 0.8353025915011048 0
7301 0.9691359872198323 0.3105538180081068 0
7302 0.7016857096504067 0.3092650198755958 0
7303 0.4067379696482379 0.2727281896952659 0
7304 0.4152541643175199 0.08783531219780272 0
7305 0.8745042505010889 0.151656877252639 0
7306 0.05425835893860564 0.2641689476412798 0
7307 0.4010891550229152 0.9174723705132892 0
7308 0.5978050462489437 0.8475975502799621 0
7309 0.2352561002566322 0.9382243620468764 0
7310 0.290118058672687 0.3088558704671343 0
7311 0.7197138057863082 0.2887332047277984 0
7312 0.4595856683795906 0.1235184248801375 0
7313 0.8424431527187127 0.5648761645538919 0
7314 0.7111767923489426 0.1509318494082366 0
7315 0.1979751556519931 0.4857103233848697 0
7316 0.1881423028826905 0.491531722122039 0
7317 0.8897550121154879 0.3449801304476026 0
7318 0.3082263325103572 0.2879499506582696 0
7319 0.2585600437707807 0.578521311709619 0
7320 0.5254312917442072 0.8421104628939551 0
7321 0.8556619477757842 0.1407574778649246 0
7322 0.06807627740675148 0.4918589418085295 0
7323 0.1313920789452531 0.2884686140296896 0
7324 0.8217668606799263 0.372794621923121 0
7325 0.1805447470250222 0.2463749115529005 0
7326 0.772373636817855 0.4913560398874198 0
7327 0.1184895825150037 0.4860400942891521 0
7328 0.4426357804557862 0.9071522954647467 0
7329 0.2981101990847974 0.1150262127185367 0
7330 0.6379278316677981 0.226226397942351 0
7331 0.5049225455110039 0.247066451143676 0
7332 0.7652578825149142 0.1923645985115433 0
7333 0.3531423498500648 0.2932372489084881 0
7334 0.596945577696202 0.6707310455486966 0
7335 0.2412006083255341 0.9484128037328837 0
7336 0.5337105587889148 0.07944967061615238 0
7337 0.288293705332642 0.722537214993675 0
7338 0.1443138357346297 0.1407356194706646 0
7339 0.8195003318639592 0.2464250995016339 0
7340 0.03780468629125385 0.474209687024907 0
7341 0.513856179243954 0.2419008846186156 0
7342 0.5151712510045179 0.8480184621500901 0
7343 0.8575793916816192 0.2915750599326016 0
7344 0.8330255951707217 0.7711697612124719 0
7345 0.5940662600149618 0.2883521961076226 0
7346 0.3603697170180302 0.1615558774700992 0
7347 0.4782591405479569 0.1903313562421733 0
7348 0.2901845109328794 0.3401956701329726 0
7349 0.6481676940363398 0.1556311778064674 0
7350 0.5601739482857 0.09473873299635696 0
7351 0.2291362890776715 0.7840138915863513 0
7352 0.1177096841388182 0.6375729109315916 0
7353 0.4423649764143068 0.283095754462462 0
7354 0.1782564328577056 0.5204451853793788 0
7355 0.3157819789854586 0.1459528135316968 0
7356 0.3001097985395788 0.7225325042169736 0
7357 0.2573012943450329 0.4972172526711304 0
7358 0.1197229329794611 0.4301280673323913 0
7359 0.5403875069444849 0.3602743917382005 0
7360 0.6928175385946543 0.07919815001361881 0
7361 0.8222578324121157 0.6117199053996678 0
7362 0.6220172270994258 0.1100599958420623 0
7363 0.9049799555776923 0.7177121558977801 0
7364 0.423000926001502 0.7709247455253718 0
7365 0.1583321281949711 0.4743383234501272 0
7366 0.2474376542703572 0.4453083727463414 0
7367 0.05768555964899064 0.591793775819013 0
7368 0.8709175347089845 0.4687255662538028 0
7369 0.5146790208510246 0.8594165019436637 0
7370 0.84329296499784 0.7652428260691275 0
7371 0.3060443966313597 0.7327685329727689 0
7372 0.8742145710121008 0.9017023666512096 0
7373 0.8018728518455605 0.4400866166168609 0
7374 0.05771999543303098 0.5328027129749897 0
7375 0.8196776173215767 0.2147535014499897 0
7376 0.4486267760056101 0.9174506718983276 0
7377 0.9049877795999726 0.7414202610365861 0
7378 0.5314664942909407 0.3654018582668142 0
7379 0.1340567490501534 0.06891782718607886 0
7380 0.8659433077327364 0.06891781904436789 0
7381 0.4423141706037025 0.3036937757501799 0
7382 0.7424774924252819 0.4855211777761141 0
7383 0.3082440067083747 0.2775336406731028 0
7384 0.9613415960044019 0.4748065778808895 0
7385 0.1400457090350233 0.3964010712328581 0
7386 0.1496321467414742 0.4015409836222996 0
7387 0.6043126363198976 0.05902786332416636 0
7388 0.8315254003544963 0.4345360411385715 0
7389 0.5337189775996019 0.0896568075648773 0
7390 0.05075640945226855 0.3563203516781822 0
7391 0.06890576982154582 0.9177790046528793 0
7392 0.3889467908559948 0.2314187785128873 0
7393 0.9007827590143407 0.4630448272859334 0
7394 0.4663796360861793 0.907123713575637 0
7395 0.8293648491819117 0.07918267328385797 0
7396 0.1706354276298397 0.07918262263432461 0
7397 0.1580029900492699 0.8662351648234932 0
7398 0.1582511070483542 0.4973266910101516 0
7399 0.6468742074576785 0.2210507174863353 0
7400 0.1300625028655837 0.3791499687191551 0
7401 0.7523560049737125 0.5142288021813004 0
7402 0.9507995605498617 0.3875785846391302 0
7403 0.7849667048712253 0.07367860729299448 0
7404 0.2150351013579585 0.07367863903793019 0
7405 0.791938872744012 0.8423055143731776 0
7406 0.7612039958582981 0.7297554599703934 0
7407 0.862572063567678 0.553230798971112 0
7408 0.7304371739972997 0.7710706695091858 0
7409 0.9317168716296458 0.1068877027735238 0
7410 0.06828285011224204 0.1068866558436073 0
7411 0.3236549573379716 0.7225704109565824 0
7412 0.8638837056068153 0.8363774851137249 0
7413 0.7831839241328058 0.193342736656105 0
7414 0.8536356210273067 0.9016997529964367 0
7415 0.4782514123872329 0.9071159907725961 0
7416 0.1258542967602645 0.01024785276010957 0
7417 0.1053086054085089 0.008104851287419595 0
7418 0.8741478809538792 0.01024687084848899 0
7419 0.8946913947729198 0.008104851256672029 0
7420 0.2902118759191864 0.3193107977314323 0
7421 0.07072910164272644 0.4021441578543997 0
7422 0.7713967271253526 0.8423395746452382 0
7423 0.1989517352753212 0.2358276603222633 0
7424 0.8021398472391844 0.5532072399236498 0
7425 0.9515111441564417 0.2533192178767341 0
7426 0.120339455187977 0.3509782458444046 0
7427 0.08080224471019545 0.8971740503179317 0
7428 0.8010517059585834 0.2358452533700692 0
7429 0.1461308163301703 0.8662356179863825 0
7430 0.4423374325783669 0.2933972482352555 0
7431 0.4592030768669052 0.1331315487693245 0
7432 0.9007688399588561 0.4861282401430698 0
7433 0.64768922788572 0.2884271044510611 0
7434 0.137894851145136 0.67299713007059 0
7435 0.2232020545416366 0.7942818060977146 0
7436 0.227503641149746 0.4799825256743809 0
7437 0.9207857626437885 0.4399551642646331 0
7438 0.7292911093192436 0.7841028807824402 0
7439 0.1793226827857324 0.042723853963999 0
7440 0.6889597359956232 0.6884550035355611 0
7441 0.8206863019230695 0.04272302762635828 0
7442 0.8936544424215018 0.1839683586782477 0
7443 0.8741689366667629 0.8304383141472729 0
7444 0.118447902169264 0.4515688615866785 0
7445 0.1883979101301486 0.2789628098760551 0
7446 0.06891608692888856 0.8971872746960556 0
7447 0.9408513175212576 0.4167426205277021 0
7448 0.1002878184942496 0.4188593330707413 0
7449 0.3710556903757547 0.210691843383254 0
7450 0.3064576909825598 0.8970627424582864 0
7451 0.4842767269385113 0.9174352615588666 0
7452 0.4741967235817137 0.6942035047615913 0
7453 0.8120169723009927 0.3000244860806777 0
7454 0.8313146892430152 0.4123076796091379 0
7455 0.07775707802951096 0.1461760152098447 0
7456 0.4229894806147342 0.782765761219562 0
7457 0.279453165622249 0.5653990288664955 0
7458 0.2892245027203031 0.109878193689095 0
7459 0.9142896108743345 0.008002210185917805 0
7460 0.495695033606656 0.3448480414552365 0
7461 0.5019993097817929 0.9070900938145261 0
7462 0.1230994327757913 0.2586014822664849 0
7463 0.8676368525197928 0.2640749928507303 0
7464 0.9191599265865665 0.2936194218702509 0
7465 0.1204368575343222 0.3284793891224368 0
7466 0.1064423716317865 0.1846193584564355 0
7467 0.1784461818570233 0.4067589975336302 0
7468 0.6654628716585459 0.3402237297967795 0
7469 0.3800146408668306 0.2262356950974232 0
7470 0.06800168154274124 0.5152617607945139 0
7471 0.2172754237434721 0.804549991772599 0
7472 0.362112936908512 0.2158369489880537 0
7473 0.140177444955835 0.87652634475465 0
7474 0.7201300255875263 0.1456397607588501 0
7475 0.6309244420798908 0.1254143150745908 0
7476 0.6475607163072801 0.2783753156985711 0
7477 0.1484159649129002 0.4686120247359329 0
7478 0.15196175781586 0.2529296566670182 0
7479 0.5689934635403813 0.09980657134158394 0
7480 0.8638807524090826 0.765202741363002 0
7481 0.8708783389088842 0.4803054677019647 0
7482 0.5138707806989493 0.9070837775894446 0
7483 0.6558402561392725 0.2262052707477052 0
7484 0.1807908635205115 0.215143869521711 0
7485 0.8701686287066497 0.3900292055873452 0
7486 0.3157525894094109 0.1562581424556888 0
7487 0.5249390164564867 0.09467304911378417 0
7488 0.4513006112841078 0.2779583794137282 0
7489 0.09073307444567688 0.3792865959022557 0
7490 0.6484662150525167 0.07421775536000916 0
7491 0.603000589256621 0.2832040969811629 0
7492 0.1379007307392867 0.6848068302503958 0
7493 0.09071981264894488 0.3906989935714348 0
7494 0.8844468854676387 0.8245073006056916 0
7495 0.4229913896375394 0.7946038969461675 0
7496 0.1342350202183125 0.8868201454345815 0
7497 0.1380319901375876 0.5321360966706871 0
7498 0.8575657925342816 0.2362842966677118 0
7499 0.8506997055766152 0.3448807276784021 0
7500 0.379997261517802 0.2158736750223345 0
7501 0.06296466823902198 0.9280763513091494 0
7502 0.3618675566414626 0.360689484068645 0
7503 0.673700877322938 0.2360106859250264 0
7504 0.9253777997011876 0.6585123960183115 0
7505 0.08572023388980979 0.008002899707786875 0
7506 0.3531470005775651 0.210644192496741 0
7507 0.06081950008021748 0.3506051220993237 0
7508 0.128289624098651 0.8971172922082957 0
7509 0.2113499994751172 0.8148167997621741 0
7510 0.5199259598565446 0.9174197291739913 0
7511 0.9094128897968403 0.3222253560839373 0
7512 0.959991887701751 0.3382748903282589 0
7513 0.5152282435807312 0.729677537438534 0
7514 0.2901730310415918 0.2670121800051929 0
7515 0.05781327458332222 0.5092399074313563 0
7516 0.9233646962347257 0.5531705324830287 0
7517 0.83860843761426 0.2253082289936193 0
7518 0.4332121840596775 0.8005380417542979 0
7519 0.04443973281246832 0.2352078062683759 0
7520 0.2075937102874169 0.4343504550985736 0
7521 0.8935920269026207 0.07398135523141039 0
7522 0.1064082721249408 0.0739814435889069 0
7523 0.8845063447181942 0.9076365562073023 0
7524 0.1398217098794006 0.384672019516681 0
7525 0.1639833907166459 0.7737483043894802 0
7526 0.05107364488830344 0.9280766542937005 0
7527 0.8947499136117606 0.8304404745460596 0
7528 0.8535916437559341 0.7711437942447784 0
7529 0.53763638205894 0.9070686216079458 0
7530 0.1615381846172412 0.22605106133198 0
7531 0.2172698464641664 0.8250569395148297 0
7532 0.4314929285912411 0.6208668720693542 0
7533 0.6029888968158899 0.2729161015494849 0
7534 0.4741885020203839 0.7060075509812198 0
7535 0.8410190856220452 0.3392298607573377 0
7536 0.5494921945079148 0.9070579690693845 0
7537 0.2572256927263543 0.4733080163289793 0
7538 0.03938566296970998 0.9276735880546871 0
7539 0.1223448255099422 0.9074159147640681 0
7540 0.6992099603377986 0.6943292304210817 0
7541 0.8845126441763815 0.9195178058428859 0
7542 0.09785292418471625 0.7437730536995666 0
7543 0.6378024010394214 0.6589596940708116 0
7544 0.8506763666369976 0.4012184790603586 0
7545 0.9325914861017549 0.2186990871643927 0
7546 0.1279450563292616 0.5847700557667276 0
7547 0.5555787980279153 0.9174108789200274 0
7548 0.1256426896247366 0.1189753897634477 0
7549 0.8743570585010237 0.118976294998175 0
7550 0.9050455591503354 0.8364007838141725 0
7551 0.3769230769229296 0.3911713085539922 0
7552 0.1882324113914857 0.526163281165114 0
7553 0.6926927422887832 0.2832469198088324 0
7554 0.1164015988524149 0.9177129796021426 0
7555 0.3442046924062265 0.2157940460870995 0
7556 0.1521323287949535 0.773749080108 0
7557 0.1593189861991053 0.395808391232407 0
7558 0.8948017773203445 0.9254694399138358 0
7559 0.8388027836283978 0.05302820544235731 0
7560 0.161197247204316 0.05302827729035881 0
7561 0.3384444592449592 0.007895763955306953 0
7562 0.1332908844811074 0.2315575253704598 0
7563 0.3619422615930833 0.3503155941962373 0
7564 0.5732358126199475 0.907029263369439 0
7565 0.1978381815797849 0.4628368841935093 0
7566 0.1223448580153339 0.9279959613319108 0
7567 0.6118620920841704 0.3194607230434347 0
7568 0.9153869522956862 0.8306050846542317 0
7569 0.6648740402788549 0.231118615157428 0
7570 0.025456698488923 0.2577347182075945 0
7571 0.02859345933729663 0.1636500338191458 0
7572 0.1402513866809862 0.7737057090652442 0
7573 0.3977744669487742 0.3703685570808485 0
7574 0.4330171357453079 0.8125678239093224 0
7575 0.5851068403088183 0.9070238141696216 0
7576 0.5251684608793699 0.1043478488034703 0
7577 0.1282839715862931 0.9382821082958785 0
7578 0.1379092117583085 0.696649375004017 0
7579 0.9031203293747845 0.1569993076360435 0
7580 0.4844605242683179 0.7119405674880311 0
7581 0.6663471958857899 0.1150606693887823 0
7582 0.1255330617249493 0.1956538657199931 0
7583 0.9508689852778751 0.4224514733346668 0
7584 0.1537560527914349 0.1571187430195978 0
7585 0.09690376117831259 0.1569991405562338 0
7586 0.9261951452449578 0.8375964678905281 0
7587 0.9253806170132066 0.6703206373812741 0
7588 0.9720298890881837 0.2300202638190809 0
7589 0.8799713673756457 0.3506181691871544 0
7590 0.8948158715421368 0.9373597164459507 0
7591 0.1223492656791142 0.9486003084890436 0
7592 0.5136925920150055 0.3345982983119434 0
7593 0.422487790067067 0.8178329972220004 0
7594 0.5912193901418258 0.9173900113782817 0
7595 0.07751228295549589 0.1681925292284089 0
7596 0.9051004734983243 0.9432990281080219 0
7597 0.3621152275731889 0.2777978263212136 0
7598 0.6219937085932098 0.1305711688777184 0
7599 0.1974153762136019 0.384540649373389 0
7600 0.11650531873473 0.958779294632697 0
7601 0.8230133471256469 0.6821694848953777 0
7602 0.8625628293340292 0.5648750036173168 0
7603 0.4779760049651539 0.3037486773576251 0
7604 0.8411993881896718 0.428772846024609 0
7605 0.1380405405134047 0.5437633340482061 0
7606 0.3157303315520065 0.1666014622020026 0
7607 0.9335926978307768 0.5590378474927307 0
7608 0.2113667171059377 0.8353435243788423 0
7609 0.8462210229770442 0.1571272329075065 0
7610 0.9154031229426316 0.9492477039454826 0
7611 0.6088835736952407 0.9070090074919189 0
7612 0.9153216936336046 0.7354610028996142 0
7613 0.3710440006009871 0.3448277521429101 0
7614 0.6208130282338278 0.9070450299002673 0
7615 0.9227426448896164 0.1790989703734841 0
7616 0.2790572918863157 0.57832728016664 0
7617 0.853514745807218 0.7119162340709023 0
7618 0.8228477657551233 0.694240928226923 0
7619 0.5446783379141525 0.1247460130422478 0
7620 0.9715246912740613 0.4806800853410743 0
7621 0.9257173749188975 0.9552239021259612 0
7622 0.137961107014614 0.7084727437040559 0
7623 0.9209027323742879 0.03652330679877301 0
7624 0.07914296435570439 0.03652506316611785 0
7625 0.9030313405973147 0.1459667557915456 0
7626 0.09697627771294703 0.1459600347732452 0
7627 0.2172816498952579 0.8455981669904948 0
7628 0.6752522276585373 0.1099216668545682 0
7629 0.6268682136959083 0.9173347322474298 0
7630 0.03531820095716509 0.008542438651769428 0
7631 0.6029324150063941 0.1777421334437728 0
7632 0.5459199180886745 0.7119773318487985 0
7633 0.1104831342346197 0.3451936506167611 0
7634 0.06409888191588407 0.2698526721690471 0
7635 0.03848549461357851 0.134913882696913 0
7636 0.9360094662727867 0.9611534959862404 0
7637 0.8025626102270025 0.6939809138142915 0
7638 0.01910847532851285 0.1691494521980249 0
7639 0.3352058180554428 0.313977371489341 0
7640 0.2803001062155878 0.1149989029078356 0
7641 0.9623146799947294 0.1902589189050177 0
7642 0.2113658198287664 0.8559059396816493 0
7643 0.6445553214774 0.9070339764387142 0
7644 0.6759584172657443 0.01761208707279733 0
7645 0.9365210185031807 0.9723753325762399 0
7646 0.960867840391562 0.1345595439137404 0
7647 0.2447879669820671 0.389869612576883 0
7648 0.4958053386153172 0.3037659924860152 0
7649 0.1279033998967131 0.5496207357719252 0
7650 0.7013716256949925 0.2783237795733475 0
7651 0.7621190847606067 0.439384567967078 0
7652 0.8023327154837043 0.7061174779802319 0
7653 0.6506154917223195 0.9173229627828765 0
7654 0.9256677125967376 0.7294952171334881 0
7655 0.8510051800199941 0.480148332386808 0
7656 0.6661001801502229 0.07414581119404652 0
7657 0.2992145238515668 0.2722868596598558 0
7658 0.9325352495737751 0.1733397250932765 0
7659 0.2173358334324547 0.8662087186024865 0
7660 0.68419547629495 0.1150018543168875 0
7661 0.9336090178913455 0.5707918834718425 0
7662 0.3291014053766811 0.7327532406214862 0
7663 0.9308404319531748 0.4457183727809302 0
7664 0.6682808253909778 0.9070220763331731 0
7665 0.5313889143407752 0.3756688689515461 0
7666 0.8021125656426866 0.5648475750990964 0
7667 0.9107988157936611 0.4688521223190374 0
7668 0.9222271604577468 0.1348265331533471 0
7669 0.3411627642717381 0.7708227846377099 0
7670 0.4142624451301054 0.01602445324423779 0
7671 0.3067771718497949 0.1717327985734545 0
7672 0.07774492933284889 0.1349740881165415 0
7673 0.7821621096868939 0.7056305499052968 0
7674 0.5663843016235615 0.7119928887251251 0
7675 0.6743267908919274 0.9172696368536097 0
7676 0.2078157758806024 0.2407124385121246 0
7677 0.3888865559913431 0.3242457186845018 0
7678 0.7921709951758835 0.2407665613208178 0
7679 0.9608501323082352 0.3816799446530365 0
7680 0.7316886416154992 0.4910031903993961 0
7681 0.9254990355829997 0.6939493945116593 0
7682 0.4121851366380541 0.60940409212765 0
7683 0.3618142959650057 0.6409039813558115 0
7684 0.5867955918952903 0.7119684700728224 0
7685 0.1704165200202185 0.04781182552595208 0
7686 0.6744532309200506 0.3350764517391161 0
7687 0.04745830860679424 0.5858747289500381 0
7688 0.828016672965164 0.1565982377138034 0
7689 0.1719787205236059 0.1565974521698035 0
7690 0.6981892469567037 0.9379080038602341 0
7691 0.6930408504099119 0.1098543160852468 0
7692 0.920752677829428 0.3935856880447939 0
7693 0.2887869313813245 0.1820137314182585 0
7694 0.2802517832183277 0.1252565187133456 0
7695 0.8567221287352174 0.3040319999594004 0
7696 0.4945974258886599 0.647295324660101 0
7697 0.5046295505169571 0.3294607082716426 0
7698 0.113223933484881 0.264463263626305 0
7699 0.7020102620213227 0.1149375055966986 0
7700 0.5970090628622213 0.7178779387964683 0
7701 0.7919537169245368 0.570687215431544 0
7702 0.4544534018428867 0.03379854461266689 0
7703 0.5951971995449077 0.3817308670000399 0
7704 0.9393273474966846 0.3161689580220203 0
7705 0.9193675074023059 0.3278862463947579 0
7706 0.852487949389512 0.5707052173620877 0
7707 0.378273274012444 0.1616234519345228 0
7708 0.5970410629319762 0.7297314267404316 0
7709 0.05082794127406044 0.3448191508339434 0
7710 0.8274412763946347 0.9903313312112255 0
7711 0.9844762911216629 0.008176367625946741 0
7712 0.9646886808551844 0.008544441024471234 0
7713 0.01552370887826756 0.008176367625961838 0
7714 0.5865803783832416 0.1100472421782653 0
7715 0.7108410382258907 0.1098111173595183 0
7716 0.3531845139026911 0.2725947515528699 0
7717 0.0373225034483917 0.5801703294072651 0
7718 0.8475552940956366 0.03745241690714896 0
7719 0.1524480936227183 0.03745344154638637 0
7720 0.4740228845903394 0.03373502217311004 0
7721 0.7552881671664868 0.389804336411558 0
7722 0.6750058693643803 0.07923938667588643 0
7723 0.5970411316440805 0.7415562824828126 0
7724 0.9437807481137979 0.5766777936418013 0
7725 0.2798637384694845 0.1768197225267603 0
7726 0.2977906402238268 0.1768791590808603 0
7727 0.9107572361222303 0.4803758900720786 0
7728 0.597035282552672 0.7533775817632368 0
7729 0.843281295575538 0.6822862010968189 0
7730 0.8296960006799705 0.04786564986450646 0
7731 0.3531773914075305 0.2622458786704804 0
7732 0.2711165017913805 0.2137732339883403 0
7733 0.4979106861257959 0.01962750408668094 0
7734 0.9323189479948779 0.1622189157020689 0
7735 0.5224160550748239 0.319239348858311 0
7736 0.2884438768889148 0.8455691856759359 0
7737 0.8410142459279353 0.3616057112923647 0
7738 0.2802023925946536 0.1355463100726502 0
7739 0.8638316219337275 0.6703676449133958 0
7740 0.1483624300634359 0.4800701162073715 0
7741 0.03060261045035381 0.3447696443164471 0
7742 0.9402027719464758 0.06848808628792533 0
7743 0.05979722805276712 0.06848808659482994 0
7744 0.9207390317397292 0.3819403957926104 0
7745 0.03442734672939307 0.2293773931368995 0
7746 0.3710747125320815 0.3346012475628589 0
7747 0.9356720681169312 0.6762085207491279 0
7748 0.3442320710023646 0.2569662867431665 0
7749 0.9325887408848252 0.2072890020642082 0
7750 0.5670871526502941 0.3450254490960921 0
7751 0.294394497931828 0.8558465825927959 0
7752 0.953927995729361 0.5707882696687206 0
7753 0.576119184905336 0.3399120596893633 0
7754 0.3704207371086109 0.08335297122353431 0
7755 0.9392758867301653 0.3045292181439164 0
7756 0.4984497919991222 0.1090316621088014 0
7757 0.3003301184582473 0.8660798723811282 0
7758 0.9709175655044016 0.3757561581048928 0
7759 0.5079140943118355 0.1060450152986663 0
7760 0.8434385961783726 0.6702379452522021 0
7761 0.02751085309574178 0.5756158649059144 0
7762 0.115842087617286 0.2011071932985534 0
7763 0.3532425235617597 0.2415954084810277 0
7764 0.2077053024443804 0.4684723263097476 0
7765 0.940891593022117 0.4398805951748786 0
7766 0.9028641489830906 0.07951718728056043 0
7767 0.09713588316532298 0.07951724787430495 0
7768 0.2944477586679725 0.8764066185274193 0
7769 0.7621696994173397 0.4509024591503439 0
7770 0.09403269673293843 0.2415334231856437 0
7771 0.2250868192625625 0.3123517698695388 0
7772 0.8434922618746075 0.6350157894111725 0
7773 0.05405207832787938 0.2755046719216754 0
7774 0.6276975814608368 0.7474046986804372 0
7775 0.300415459411493 0.886713649221068 0
7776 0.1069161648680212 0.1076865343986193 0
7777 0.8930837830598612 0.1076865806525727 0
7778 0.1781960886599046 0.428924736388927 0
7779 0.8532991176182142 0.6173993130058557 0
7780 0.2359441844563503 0.3954543136968931 0
7781 0.3089541525968718 0.3822636424146054 0
7782 0.02735999002017662 0.657767510534935 0
7783 0.6834521826056961 0.3299215659145733 0
7784 0.3874536003093168 0.1673122115588157 0
7785 0.3891469698992563 0.8354561510041562 0
7786 0.5689272875850531 0.1100252139797697 0
7787 0.7634800740917878 0.4060441617185887 0
7788 0.6277849046381562 0.7592935799223433 0
7789 0.8897912257496441 0.3562739844793287 0
7790 0.9293065418942652 0.3220752164895929 0
7791 0.9202451082772349 0.3709635675148412 0
7792 0.6380413136153071 0.7651985500196173 0
7793 0.5601395796326265 0.115022061181815 0
7794 0.0177270541414304 0.6526006262782758 0
7795 0.7718315637969604 0.5705680218894396 0
7796 0.9657194562094312 0.5785096560976374 0
7797 0.6405207375643296 0.008873266451982149 0
7798 0.3799720401642931 0.3294122477943489 0
7799 0.3428338508000582 0.3818929530863808 0
7800 0.6118546171722512 0.3799902095530379 0
7801 0.8019100614357348 0.6115817432246572 0
7802 0.8285149192639418 0.1987474757919927 0
7803 0.3181866422127979 0.8968389075932005 0
7804 0.9290292109759218 0.2877553121394084 0
7805 0.05788549739655056 0.49757878018496 0
7806 0.5601113597508109 0.1244780061462913 0
7807 0.1106476400086378 0.333974320109 0
7808 0.1085034865923055 0.5386749129859036 0
7809 0.7918778966143425 0.6174676849958334 0
7810 0.2909175562149937 0.4174413034934032 0
7811 0.2708689451311832 0.1819649057577916 0
7812 0.8597565821612123 0.3167291304999652 0
7813 0.7642610196207983 0.2575030731178953 0
7814 0.9308536885986421 0.07390545450031655 0
7815 0.06914664326097504 0.0739054780933361 0
7816 0.01802997102873281 0.6170408463810817 0
7817 0.6925133642339754 0.3247393259166993 0
7818 0.04067997214599102 0.3505485046445991 0
7819 0.7820432164436913 0.6350025291493596 0
7820 0.7197601683868825 0.1148976494144946 0
7821 0.945973539312881 0.6821064342783967 0
7822 0.07703239048829078 0.6854306474728139 0
7823 0.3241010091533135 0.9071206745465124 0
7824 0.3443026688113653 0.2363270999484177 0
7825 0.187890833156515 0.3565748952715573 0
7826 0.8441789132391871 0.9793274729326837 0
7827 0.6906313063026809 0.8058059902683042 0
7828 0.7614346999740542 0.6704834425788821 0
7829 0.9562685303851646 0.6880364470674789 0
7830 0.8524908712024089 0.5824380503670349 0
7831 0.6861027668172037 0.9172310675169629 0
7832 0.7717243735555723 0.5823545705743697 0
7833 0.08082536868741874 0.3850324982919187 0
7834 0.956221392487031 0.6997675336436407 0
7835 0.2712643547113338 0.140685391751648 0
7836 0.7712804649457845 0.6292279766433595 0
7837 0.8737495325391332 0.6055904761179328 0
7838 0.2357555520895126 0.2575031276712796 0
7839 0.197246297971847 0.6261352170302803 0
7840 0.692123440507572 0.9275483012653131 0
7841 0.1880984420555377 0.3233787687867122 0
7842 0.7644196871893282 0.2676376337904555 0
7843 0.9663290611588157 0.7054329376040802 0
7844 0.318170233124312 0.9175086223653981 0
7845 0.2708668392981388 0.1923720466667577 0
7846 0.719857043013757 0.125131294200838 0
7847 0.02281114192123164 0.2226597307747296 0
7848 0.1162448522961934 0.1133255064897415 0
7849 0.8837546945641988 0.1133262168236616 0
7850 0.7015722960314301 0.3195420579278841 0
7851 0.8939542888274975 0.6054245469679433 0
7852 0.3241173500798836 0.9276637657373126 0
7853 0.1874657913347529 0.6320728377698632 0
7854 0.979225054742364 0.05822382727043603 0
7855 0.02077520391066744 0.0582235464723912 0
7856 0.2355891727436122 0.2676198863818329 0
7857 0.9792499721286345 0.5359800805958848 0
7858 0.709620805860436 0.7355178852584773 0
7859 0.7613203537626301 0.6351758609242724 0
7860 0.7748142367175872 0.2797851485121162 0
7861 0.3300573951841892 0.9379740173066893 0
7862 0.3346832229004642 0.09406272831369253 0
7863 0.821517098746476 0.462856628441168 0
7864 0.10779747915047 0.6321905440569228 0
7865 0.8525687350494571 0.5941206740301844 0
7866 0.4504396308509736 0.0766977931001942 0
7867 0.7199015688836357 0.7414688589847833 0
7868 0.2531684456315823 0.1510510714086301 0
7869 0.207752712349298 0.4799484856733425 0
7870 0.04600541167401884 0.7737772557710455 0
7871 0.4594565247213582 0.07312237025128798 0
7872 0.8996640149328756 0.361790232961937 0
7873 0.3360004345465144 0.9482522261379794 0
7874 0.7614803620694667 0.5882297879139139 0
7875 0.8628288581606409 0.5998831412105563 0
7876 0.1065612575369863 0.1952427934159138 0
7877 0.9509030140677044 0.4340569094388067 0
7878 0.3419417461333846 0.958648826011229 0
7879 0.2251909374306042 0.2796088907685351 0
7880 0.6222407456062581 0.01900863487987624 0
7881 0.3479376992526813 0.9688258688943853 0
7882 0.2622298983013056 0.1458674113181296 0
7883 0.01044301626731312 0.7903956121496832 0
7884 0.3977662286782873 0.379682058313931 0
7885 0.9127134620977767 0.1513878421381693 0
7886 0.9107491113515287 0.4920163826828597 0
7887 0.7736640309312558 0.4009548220582602 0
7888 0.08733401390403703 0.1515521244062652 0
7889 0.7202329656323168 0.6474667372825051 0
7890 0.7196155013084644 0.6824408792925462 0
7891 0.7748525059133138 0.344756967011541 0
7892 0.7643256419004819 0.2891927083047783 0
7893 0.1383888514936953 0.485766039566859 0
7894 0.8690356366504438 0.3215867195318199 0
7895 0.0280790850585023 0.9071618794834249 0
7896 0.04790960295089173 0.4916771633007395 0
7897 0.235256412111273 0.3630530819371808 0
7898 0.2356825842677486 0.2891927314914075 0
7899 0.8116304637614093 0.468631693740082 0
7900 0.9147896894619287 0.6055303861453932 0
7901 0.8195459963957974 0.2041062131819186 0
7902 0.7719891653696928 0.7116554808327569 0
7903 0.7103065051042613 0.3245573944102111 0
7904 0.3354254534656148 0.2311584740199783 0
7905 0.9093175113904298 0.3559474759094855 0
7906 0.6011831087385008 0.008456623036818253 0
7907 0.07081266328535626 0.3908046159154798 0
7908 0.7644835817095721 0.2994331929079417 0
7909 0.02272237631410351 0.9801196448958027 0
7910 0.9424340409698122 0.2016008709354986 0
7911 0.3283035422274362 0.7942004570099753 0
7912 0.9107739996463616 0.5032498151769227 0
7913 0.2352058413846295 0.352356827095907 0
7914 0.2355249053550907 0.2993948212100349 0
7915 0.7748566682768323 0.31221030123372 0
7916 0.979679783251292 0.3470351232764395 0
7917 0.2713352129676418 0.3529071777170403 0
7918 0.03812002263856198 0.4856864669781886 0
7919 0.270934269677345 0.2029869800817223 0
7920 0.3264567481033402 0.2363039518250113 0
7921 0.2254629883417384 0.3457349461465712 0
7922 0.3261613091745782 0.3801046394119293 0
7923 0.7095085123271196 0.6414924271197184 0
7924 0.9606166348903991 0.4281893319889472 0
7925 0.764388828143304 0.3210124847790262 0
7926 0.7288315279160479 0.1302271283998871 0
7927 0.7645888466802573 0.3311723012198516 0
7928 0.7819457654803303 0.4173704194444376 0
7929 0.2442902851434452 0.1458493832685764 0
7930 0.2355960268106369 0.3316259616064895 0
7931 0.1783819052596245 0.362221812468663 0
7932 0.1283558315452677 0.4915666102839211 0
7933 0.2628118852669022 0.2731372458273312 0
7934 0.2408255923618529 0.7419042107166063 0
7935 0.3174841993839649 0.2414789687117974 0
7936 0.9225256166998484 0.9901841421169837 0
7937 0.8112849839125944 0.4801509622372514 0
7938 0.01134064710372249 0.8981641466217014 0
7939 0.92230087698539 0.1458395301057117 0
7940 0.6646554449674008 0.3902034825658101 0
7941 0.9703703501849806 0.9902691396346359 0
7942 0.4603983897859278 0.876743419778356 0
7943 0.4128259939595603 0.8343187097119752 0
7944 0.168814945294411 0.4122649706502143 0
7945 0.03082349003973373 0.05206315793187526 0
7946 0.9691809374833268 0.05206262939546598 0
7947 0.6993341281782051 0.7880849623518511 0
7948 0.2719107722733606 0.2883094111143417 0
7949 0.2351407084714175 0.3200938745301898 0
7950 0.217656863110548 0.5441948990778906 0
7951 0.7220835513419736 0.8956981575636555 0
7952 0.3084463324624763 0.2466613803059521 0
7953 0.02827110992433505 0.5277210014584297 0
7954 0.2624690447485573 0.2945457870580173 0
7955 0.1182974754257468 0.4973621124245704 0
7956 0.5407787869757836 0.3909844607985703 0
7957 0.06078599905087759 0.3965518329817551 0
7958 0.2282078800203945 0.4115293608658915 0
7959 0.235207798272731 0.1509575350896758 0
7960 0.9523930958365383 0.2071641594413151 0
7961 0.6853609192187705 0.391507674488445 0
7962 0.7095315398198944 0.7820652857293721 0
7963 0.929778678490939 0.2763033573860129 0
7964 0.7116461253156645 0.008450652415974053 0
7965 0.262739531123214 0.3047172098598769 0
7966 0.791867549143571 0.4799048474901136 0
7967 0.1010778686777405 0.3283014724758622 0
7968 0.2886624434612305 0.008614804861299006 0
7969 0.2994540227418401 0.2518735340810162 0
7970 0.5186701378907819 0.6097688826813813 0
7971 0.3244531544084734 0.01706665468185139 0
7972 0.2077715286436491 0.4914315186733063 0
7973 0.7108200934355113 0.9382151171578601 0
7974 0.1535659470843133 0.1461358615136175 0
7975 0.1082554551992698 0.503169840591718 0
7976 0.8123145770483549 0.6173236378757214 0
7977 0.634315447249126 0.6097945848291904 0
7978 0.7378246292972894 0.1352988711190644 0
7979 0.9781878100380276 0.6401883275509267 0
7980 0.6931831352833231 0.01879730366030426 0
7981 0.8464174682967638 0.1461469323798503 0
7982 0.3114730819633121 0.6823311639991636 0
7983 0.306900728690456 0.01873536683930852 0
7984 0.5509088874461152 0.008514575984063013 0
7985 0.05087738932398674 0.4022181278032934 0
7986 0.1880414091950735 0.5380019493712278 0
7987 0.4166222482328182 0.6491606604844069 0
7988 0.1780361566766439 0.5552955924889302 0
7989 0.226153768931116 0.1561007973033822 0
7990 0.1678039138062211 0.5730476614911714 0
7991 0.8225132218307984 0.6231856001030849 0
7992 0.2717201006588871 0.3418054280107776 0
7993 0.009950545794017076 0.8150987318363717 0
7994 0.2079352774931214 0.5029751176492004 0
7995 0.7468401997526596 0.1404682904349249 0
7996 0.2813197642534508 0.3352173543388215 0
7997 0.9622638077801948 0.2014109884506796 0
7998 0.8328348598709985 0.6290754673688995 0
7999 0.69587345653513 0.9897347785503172 0
8000 0.8409635267086912 0.417677264194002 0
8001 0.6641786916804651 0.9586145784623399 0
8002 0.6473252972021424 0.9689315561807059 0
8003 0.671027796193744 0.9687867132695613 0
8004 0.1082689606609103 0.5147257172366234 0
8005 0.281145019737005 0.3249959033216556 0
8006 0.6402078843261187 0.9585194481107806 0
8007 0.6240839566672766 0.9691463408619283 0
8008 0.167766209563024 0.6082771649322578 0
8009 0.6150994984358211 0.9578976308951059 0
8010 0.2177564405141259 0.5087519005674883 0
8011 0.6039935236371035 0.958187933067175 0
8012 0.1825381217818233 0.9687144071167697 0
8013 0.07765737937758618 0.1571798252541389 0
8014 0.1698445025842853 0.01758510537400456 0
8015 0.8301554878461863 0.01758494908432233 0
8016 0.588199082952394 0.9689013583035836 0
8017 0.2171276900903678 0.1613729067125802 0
8018 0.792345359946666 0.4120915058083097 0
8019 0.5524932285295715 0.9688952795411938 0
8020 0.7558487765608597 0.1456215097139561 0
8021 0.5683141218454995 0.9581797656687563 0
8022 0.5168046511898383 0.9688897040343051 0
8023 0.2904427113292335 0.2570015896803487 0
8024 0.4371725293819885 0.9581431736678236 0
8025 0.4096159418295565 0.9689220069720721 0
8026 0.4259692994431195 0.9583861801437972 0
8027 0.4454590372212315 0.9689530937749501 0
8028 0.4811018367685754 0.9689014456685454 0
8029 0.5799700944817896 0.9581005581923011 0
8030 0.5434894434409553 0.8769032905936301 0
8031 0.4017771130510971 0.9582830183757882 0
8032 0.3620432641499596 0.9895596893187113 0
8033 0.5437818760454021 0.9579053345769682 0
8034 0.3850675249096725 0.9688962307770815 0
8035 0.3546304388172599 0.9790406475457438 0
8036 0.4724633161141907 0.9579446580638904 0
8037 0.3381287912073826 0.989753983902711 0
8038 0.5081227706250178 0.9579207949619125 0
8039 0.1642174488666076 0.9586529476131216 0
8040 0.278527116695468 0.9898210177442169 0
8041 0.2357661409827113 0.9588593998979525 0
8042 0.2961334896901586 0.9794277504413256 0
8043 0.3132998704225123 0.9688629079675839 0
8044 0.2185538998652346 0.9690063049061979 0
8045 0.1483396335330177 0.9898199658741924 0
8046 0.2014778732861359 0.979319403223353 0
8047 0.1082974559438871 0.5265531620766412 0
8048 0.1940386296458718 0.9686721355170234 0
8049 0.1343454233387916 0.9686055469462442 0
8050 0.2538738595939834 0.9690463367999711 0
8051 0.9310417189122797 0.08481908643673476 0
8052 0.06895829793530744 0.08481884081122193 0
8053 0.4613101774689543 0.9582199739105441 0
8054 0.9879083069549037 0.9815852711054528 0
8055 0.2178379122894402 0.5203856898674901 0
8056 0.1231092055002884 0.9689818776138504 0
8057 0.5326540934583875 0.958177795888788 0
8058 0.980123353632195 0.2482986630862256 0
8059 0.4969831814455934 0.9581918270354999 0
8060 0.1000630418439106 0.9898368482368359 0
8061 0.05848164273083165 0.9793326014068375 0
8062 0.07552331222796557 0.9689897250441359 0
8063 0.05147750485366899 0.9689464478548704 0
8064 0.02957805901024781 0.9902270668577723 0
8065 0.8507233306819746 0.4120512330995773 0
8066 0.7648835979024695 0.1507707883361023 0
8067 0.946346229763486 0.9887784999622867 0
8068 0.2178631452031458 0.5321930159267207 0
8069 0.1565957953854069 0.007936427143290632 0
8070 0.8434065576718353 0.007934839559824703 0
8071 0.2171229285836589 0.1719428070904896 0
8072 0.01822635050517676 0.9901894416652088 0
8073 0.2813281065573942 0.2621817926019231 0
8074 0.2621697007368101 0.3580816649688761 0
8075 0.1017864072380395 0.3055271810761921 0
8076 0.21694056311873 0.4062207310531053 0
8077 0.3264846257613808 0.04760036524256986 0
8078 0.7738726189640308 0.1560181938830621 0
8079 0.3071941926733682 0.06828572836602542 0
8080 0.3164512386201115 0.06308788584524125 0
8081 0.3589260134496105 0.7221146176476175 0
8082 0.9319904718546796 0.1512388574286765 0
8083 0.9718199659217481 0.1956812866295145 0
8084 0.7303669758830944 0.6415637626861632 0
8085 0.2721336286161001 0.267515897251822 0
8086 0.02860621077447934 0.4805307841694542 0
8087 0.7100509482463259 0.3750593739734241 0
8088 0.09680216811917466 0.6617802444887566 0
8089 0.7916856361001421 0.4914693579168194 0
8090 0.8604792631290905 0.4064176102263504 0
8091 0.05802597757758374 0.1688243437586427 0
8092 0.225948301855323 0.1876309120533902 0
8093 0.118403421482531 0.5438769180507828 0
8094 0.7741569255807856 0.1665540485210459 0
8095 0.9517460196347038 0.09573734835248537 0
8096 0.04825468188899047 0.09573610794689409 0
8097 0.9410226512689017 0.09029938377622704 0
8098 0.7916507825382604 0.502840282839506 0
8099 0.05897752039620938 0.0902986023577957 0
8100 0.9902545458950824 0.2676330884872749 0
8101 0.1762661791493484 0.9585654406634372 0
8102 0.06781323008165435 0.1629687461619619 0
8103 0.7003135369986616 0.3816873765999646 0
8104 0.9802707809517077 0.1438231568826955 0
8105 0.01962253192701514 0.4404078260973062 0
8106 0.02953516303921611 0.3027347597075055 0
8107 0.7415617281709483 0.008373103125418051 0
8108 0.258384355039939 0.008312331328192122 0
8109 0.15914347090072 0.4067994288215021 0
8110 0.8702523013892113 0.4007619087419784 0
8111 0.3484263177564406 0.007774262515726563 0
8112 0.2170833819532836 0.1932841527784626 0
8113 0.01986331220168293 0.4288956299591125 0
8114 0.1183562992175287 0.5555954376790196 0
8115 0.9781370443079751 0.2806094119663733 0
8116 0.01140535358188501 0.3562768585729614 0
8117 0.262499449383117 0.3687287115818227 0
8118 0.3629919749250767 0.01660351958437688 0
8119 0.7833415165689639 0.1723707079419001 0
8120 0.03057203482838258 0.4124769744346304 0
8121 0.7650848429092525 0.351824423611806 0
8122 0.02025306718065319 0.320602526137719 0
8123 0.7099523403223159 0.9595550313017401 0
8124 0.1183216290371077 0.5673038789363634 0
8125 0.6898792067129356 0.6182478735058441 0
8126 0.03099514791334328 0.3890350321274129 0
8127 0.1877731393896699 0.5497608202275062 0
8128 0.7300196224134736 0.9380702993038303 0
8129 0.960999409992663 0.08993197767645915 0
8130 0.03109285238288116 0.3346083195583097 0
8131 0.03900612455552589 0.08991825501783973 0
8132 0.8835214141524054 0.5997702517641763 0
8133 0.1179882898884253 0.5792569132168041 0
8134 0.7244422184823859 0.01816319424276619 0
8135 0.7190346003008268 0.3591845879193948 0
8136 0.9705966009167013 0.4107678884834617 0
8137 0.1777219367619636 0.5674094008381326 0
8138 0.09171343574610331 0.3220543552302303 0
8139 0.7832595564367657 0.182847671943854 0
8140 0.9691329550527882 0.2994410046173568 0
8141 0.2074837419557416 0.008075479932695164 0
8142 0.7925162395052601 0.008075386534050107 0
8143 0.9890612909040929 0.6718205417309091 0
8144 0.04088199951721071 0.3957361017498818 0
8145 0.1720960515686433 0.1673448215053906 0
8146 0.1774846997508156 0.5908159995580086 0
8147 0.8798965059992886 0.3951054558019416 0
8148 0.9804086864378733 0.4049570560600121 0
8149 0.8278972809301515 0.1673455290346416 0
8150 0.9802613895706771 0.3814019901807161 0
8151 0.5208307441117379 0.3915906978102451 0
8152 0.9885804121174211 0.3215264211345005 0
8153 0.1677544738770655 0.5847391311761494 0
8154 0.2261746080075194 0.2089855194763122 0
8155 0.9039912237320321 0.5997132968712282 0
8156 0.9804044735926121 0.3931107847542901 0
8157 0.3441297806248466 0.07833727185953157 0
8158 0.7743242748928589 0.1981882290044909 0
8159 0.9703220827899373 0.4223456473612486 0
8160 0.728453606235455 0.3429151263284665 0
8161 0.1774962649444061 0.6025695595990856 0
8162 0.1781878850276624 0.6381967557597441 0
8163 0.03998599086250149 0.1922331245860895 0
8164 0.1079796070149544 0.5856335633597461 0
8165 0.5717899659696118 0.008088887959234976 0
8166 0.167955608951339 0.6322742373879808 0
8167 0.1895973925216169 0.7015279980078187 0
8168 0.1677588530847087 0.6201869440302721 0
8169 0.02281390980001867 0.8360299635072092 0
8170 0.9802688033587037 0.3697770409837791 0
8171 0.7213037888314578 0.8157474479088707 0
8172 0.2187599117757725 0.6607905109071706 0
8173 0.2183777619553856 0.6492269070308978 0
8174 0.2445600863572402 0.2296729944206279 0
8175 0.9800041904312289 0.3582198133718874 0
8176 0.2079872276339639 0.6314231251542939 0
8177 0.3537897294512275 0.6924849456948465 0
8178 0.9416036837360364 0.1456227476046777 0
8179 0.924115418721106 0.5996077078903289 0
8180 0.4405345059282829 0.6548113977168958 0
8181 0.1721606118035025 0.1780235547692161 0
8182 0.7194820373836861 0.3285496608434365 0
8183 0.2083780325235255 0.6434186911021258 0
8184 0.107858503569332 0.5974168427491056 0
8185 0.8897634568395361 0.3895570014837291 0
8186 0.8279060683247716 0.1780668771676547 0
8187 0.8018118239138849 0.5193187281605425 0
8188 0.8325852272410369 0.5366254847594549 0
8189 0.9343548053505956 0.6059007363162729 0
8190 0.6067523587801915 0.01673724321949614 0
8191 0.05784162687584364 0.1797632136535977 0
8192 0.7209725545331575 0.5539804303984224 0
8193 0.783266906007382 0.2041272278503783 0
8194 0.7823508643954694 0.5194289895292712 0
8195 0.9694318818251839 0.07400192525492416 0
8196 0.03057005240962754 0.07399941259825145 0
8197 0.09779729855521813 0.6151931815594049 0
8198 0.1077756887734173 0.6088553375709931 0
8199 0.9349524679057384 0.6177576147770135 0
8200 0.8425696345133662 0.5309290326909624 0
8201 0.09793723435622566 0.6268254979786374 0
8202 0.4585512533418225 0.6096301799353311 0
8203 0.4176900296395262 0.3916244990022887 0
8204 0.1180599114706172 0.4408803178978617 0
8205 0.1792663341842536 0.7082246395865044 0
8206 0.7721080244636458 0.5251230491538301 0
8207 0.9452086944284246 0.6238126814797766 0
8208 0.7620577855803276 0.530579226411418 0
8209 0.4402926867560442 0.03079175221517552 0
8210 0.8514884216495144 0.514195688036251 0
8211 0.9554936166445819 0.6299794236899098 0
8212 0.2225891226759559 0.7334717720666688 0
8213 0.749659184608521 0.9605615616113319 0
8214 0.9658768274859514 0.6352537201303771 0
8215 0.1079218724810656 0.6438333141566382 0
8216 0.149190437964122 0.4127125560034045 0
8217 0.1722903870665801 0.1891367053354283 0
8218 0.6994104205277218 0.2107828724498488 0
8219 0.1082220937136977 0.6553739622834138 0
8220 0.8279002444553183 0.1883949669530118 0
8221 0.900039713765366 0.3950538311670866 0
8222 0.4381980348820463 0.04497207549202846 0
8223 0.01551332002118336 0.230300255128224 0
8224 0.1030259627303128 0.2821039238027147 0
8225 0.9516719670288716 0.1509008711596207 0
8226 0.7523185852893102 0.5251554547145243 0
8227 0.8618687795751587 0.5194701643468654 0
8228 0.08776197252522475 0.6557442697125125 0
8229 0.7555355313426383 0.2295156165264667 0
8230 0.06674573093326393 0.6805329295580225 0
8231 0.04823747560106677 0.1856717266070997 0
8232 0.06694014578637443 0.6685720797098746 0
8233 0.7103257720831927 0.5474826624146465 0
8234 0.1365949048882656 0.00792920302408571 0
8235 0.8634076658931257 0.00792660631192138 0
8236 0.1394529221619907 0.4187632504074016 0
8237 0.3872556588073567 0.6089298880932208 0
8238 0.3994782441982672 0.008133648019914518 0
8239 0.9112496334041701 0.4006859537999428 0
8240 0.7423312395880507 0.5308926469771345 0
8241 0.9703972089313733 0.4342558325829213 0
8242 0.7283532902327374 0.3225168942143657 0
8243 0.07754251244925971 0.6969342420838336 0
8244 0.9574894642090382 0.7844344729379178 0
8245 0.4587833407107547 0.007652672278476625 0
8246 0.0773881770629818 0.6619874140245326 0
8247 0.07245791966819662 0.3215091347512128 0
8248 0.08197239829491532 0.01639177372841715 0
8249 0.9180626921016023 0.0163682991277036 0
8250 0.3317403995490801 0.6811151466527038 0
8251 0.07738778045675533 0.7087660353125854 0
8252 0.8115702751209556 0.5142223468669433 0
8253 0.01926527026468476 0.7849022809480947 0
8254 0.8214749524835505 0.5199357681244937 0
8255 0.9611746802836458 0.1452709764430312 0
8256 0.9707120167094743 0.4459608479132395 0
8257 0.3806422388767433 0.01765880759487921 0
8258 0.3602274970765489 0.8046846710143258 0
8259 0.5924883483799007 0.2573192230779648 0
8260 0.6650985852418821 0.1790312211004894 0
8261 0.7383988056134313 0.3051489338776838 0
8262 0.7013610892386344 0.2506219942128873 0
8263 0.06724851388223738 0.7150259284122152 0
8264 0.0569723886085406 0.7209703612743213 0
8265 0.08846691643942775 0.9896302025496118 0
8266 0.5844104009738214 0.2411685538100915 0
8267 0.7379623512578806 0.2952914950982486 0
8268 0.05491461470704027 0.00827208944852865 0
8269 0.1087088490064824 0.4350248232865274 0
8270 0.0466763528219292 0.7270802978303055 0
8271 0.8931390258842237 0.5367088955475906 0
8272 0.03640168413427516 0.7330922862394368 0
8273 0.4865819267696632 0.145805927562517 0
8274 0.9803529535134561 0.4516015796169142 0
8275 0.710239838408772 0.2747430077422511 0
8276 0.9473626480929389 0.8502347670482497 0
8277 0.1394806989685509 0.4294026771333069 0
8278 0.7031911359754635 0.1866584987796087 0
8279 0.08195954747613396 0.9793472307803289 0
8280 0.6030148276053674 0.2254199729140013 0
8281 0.9570360065313541 0.8675485500237925 0
8282 0.8220421875810366 0.5308887101446762 0
8283 0.6039953904374333 0.2161793049466507 0
8284 0.7919607861001136 0.5138574043554326 0
8285 0.9031889808111835 0.530969913497136 0
8286 0.9786514844518882 0.9273889893016369 0
8287 0.9804201719951668 0.4632119818440575 0
8288 0.2054543565258448 0.7240074134941974 0
8289 0.9675000383409291 0.9323929253238403 0
8290 0.2305409370997788 0.6796801259886226 0
8291 0.1815485123654864 0.2044709444593713 0
8292 0.5491642077117629 0.1839881163530425 0
8293 0.9891833200825766 0.9336665440476788 0
8294 0.5310611214456289 0.1996022755003458 0
8295 0.9810494179163423 0.190377494524278 0
8296 0.9450133374782757 0.008290217290992668 0
8297 0.3702474396049443 0.6229130708712425 0
8298 0.371648241576005 0.6341983633590258 0
8299 0.343516374526342 0.08901244574453017 0
8300 0.73248061284558 0.7947981563742901 0
8301 0.9907323139289559 0.7325462416239175 0
8302 0.2597334599673898 0.5425246002703796 0
8303 0.9803727883504079 0.4749169263613199 0
8304 0.05333372270688455 0.2867920099045897 0
8305 0.9118805251334994 0.5143430916211638 0
8306 0.1414764386672775 0.9792790522413761 0
8307 0.1292061481713937 0.4352705956743471 0
8308 0.5457471719003986 0.6190007548800988 0
8309 0.7094251962017384 0.5004414514651736 0
8310 0.9810781176633045 0.1787195865082624 0
8311 0.9338786827261516 0.008386422294266182 0
8312 0.2422959191570203 0.9690949296640486 0
8313 0.08916198402934233 0.4347753499917977 0
8314 0.2669318280678595 0.9895673824339914 0
8315 0.9804925584244604 0.4867769309167027 0
8316 0.01980849967253819 0.879771868657669 0
8317 0.7543635068442024 0.4005762861987737 0
8318 0.7313289120873836 0.8784725582368793 0
8319 0.01120368186840652 0.09483750629857762 0
8320 0.9887964918083338 0.09484282067562291 0
8321 0.9810882090002565 0.1670044264140891 0
8322 0.260294873578449 0.9792950506571582 0
8323 0.9804063883488048 0.4985073602090526 0
8324 0.1526265557132198 0.2210744688724705 0
8325 0.3264479392291607 0.9895422657658421 0
8326 0.710119194350333 0.3649060196130512 0
8327 0.9804790225652458 0.5104064361326155 0
8328 0.2546025742780598 0.3954497531991266 0
8329 0.9807817093801617 0.1552877047332307 0
8330 0.3198172478524701 0.9792451173722803 0
8331 0.8716310468189816 0.5143892801387621 0
8332 0.9803913287729888 0.5228596515255262 0
8333 0.06616170154812329 0.008367612297265721 0
8334 0.8816672808055936 0.5200941863535193 0
8335 0.9360613979688605 0.8554158611943887 0
8336 0.2910349461522188 0.4886848453752335 0
8337 0.1620290495395367 0.08528432728878735 0
8338 0.8379709738540415 0.08528441383542136 0
8339 0.7316070881457369 0.5364441236019635 0
8340 0.4756542887581559 0.6336861498730235 0
8341 0.09954501399699611 0.01659212067193349 0
8342 0.9004551985740387 0.01659259022587447 0
8343 0.7707924364209711 0.9480121527289613 0
8344 0.7222269185849355 0.4491251653787026 0
8345 0.2777725938842927 0.6009980967792178 0
8346 0.8288517221489996 0.1012781134481586 0
8347 0.171160805724048 0.1012827998683334 0
8348 0.1719858640305447 0.2104551563790941 0
8349 0.9664138908946893 0.7159398444055054 0
8350 0.1170734090611432 0.01764731992797628 0
8351 0.8829265923051769 0.01764731982551661 0
8352 0.2560714613107383 0.4068325438890703 0
8353 0.6081262051899576 0.6187950008227087 0
8354 0.1688330498277748 0.264141882976927 0
8355 0.2757161224009996 0.4378342521109313 0
8356 0.6005859956312731 0.1856596081893914 0
8357 0.009429670943733943 0.1739434241697397 0
8358 0.3415198764725165 0.8167628550661196 0
8359 0.6235294117648819 0.6083511262652543 0
8360 0.9224578625003377 0.5194569239818285 0
8361 0.7359416039772713 0.4007094178393992 0
8362 0.04865912373901399 0.4462864911669669 0
8363 0.04343372186339593 0.2921867788858244 0
8364 0.8824167007643293 0.5309655876296819 0
8365 0.4352706214039995 0.8360407710838802 0
8366 0.1623237215591569 0.2159331752113486 0
8367 0.0299605587810654 0.117286544576531 0
8368 0.9702083327373504 0.1171371986541215 0
8369 0.009713509498386598 0.1499330046443469 0
8370 0.01773791686516681 0.1924830745002196 0
8371 0.8300459275180514 0.264642801290194 0
8372 0.009222303506301089 0.1857389531763409 0
8373 0.09231134403033787 0.3106781398267476 0
8374 0.4235294117650384 0.6082902085454585 0
8375 0.9191164305542747 0.3607078805106946 0
8376 0.01912047299787797 0.1569101065433617 0
8377 0.5294117647063307 0.6082697284542078 0
8378 0.6555194889035263 0.1858219952103476 0
8379 0.8374345373667049 0.1939782761044451 0
8380 0.02934424898718889 0.1282710832678111 0
8381 0.7414653327224057 0.8618114739154195 0
8382 0.969928976040805 0.1287633739527651 0
8383 0.9401509945975842 0.2707385814764741 0
8384 0.1695344153807957 0.7246687541484313 0
8385 0.7192522120940105 0.3491169275883644 0
8386 0.1023789037082709 0.2938606499710933 0
8387 0.3964591816371771 0.1841972209306512 0
8388 0.1810867786975557 0.2739763386262888 0
8389 0.1365624650248171 0.7438654653992257 0
8390 0.9705112192653856 0.1390654381145796 0
8391 0.7831115330959303 0.9550518402984177 0
8392 0.8569414717591479 0.204396304249564 0
8393 0.09944000632505585 0.4296330332379377 0
8394 0.4047850928712496 0.723385606042152 0
8395 0.01959878568446136 0.9625163751892342 0
8396 0.811289644062928 0.278252856710733 0
8397 0.1872729833911567 0.0072264451457736 0
8398 0.812727062691682 0.00722636326530583 0
8399 0.9500983110303045 0.2652481539549452 0
8400 0.7347471924688145 0.41150894224519 0
8401 0.8207317727444448 0.2935057873625302 0
8402 0.7184083774035525 0.03465534154616196 0
8403 0.2924431924269955 0.6704112243964935 0
8404 0.2391834438492894 0.6982965325825083 0
8405 0.1436472036037515 0.2160876407679172 0
8406 0.322182426260234 0.6189825351673679 0
8407 0.1130531388581315 0.2320680005483036 0
8408 0.9290885906361971 0.3549663737854754 0
8409 0.6877540864899397 0.8545210411919406 0
8410 0.9809461265068995 0.2012404244694313 0
8411 0.2732009704692806 0.4038207254499656 0
8412 0.7262655370827807 0.03834817183531683 0
8413 0.2735727512314045 0.03805355832142923 0
8414 0.2665243214030907 0.6202693146520994 0
8415 0.7917085389467415 0.971122068938602 0
8416 0.8472044267623513 0.1992158175781366 0
8417 0.8748528237154107 0.970953986812942 0
8418 0.6877900560294909 0.8771631744892533 0
8419 0.9603801223705546 0.2590019104963062 0
8420 0.01927619480300789 0.45177406857279 0
8421 0.07972356886042231 0.4294036608448424 0
8422 0.8761504658627599 0.2040621362335771 0
8423 0.5551788368694146 0.8579594520379756 0
8424 0.9399114370571057 0.3495223479722994 0
8425 0.3461870938648508 0.7218638365711261 0
8426 0.1341020250458599 0.2217079525346253 0
8427 0.01918714602889432 0.4751616658406398 0
8428 0.3606947568922938 0.6198186478647069 0
8429 0.6705882352941895 0.608003879012961 0
8430 0.2486537018175078 0.7134325375127797 0
8431 0.980821723691671 0.2125864827243605 0
8432 0.9050530147105296 0.201401989237428 0
8433 0.682091968165019 0.9690532799378484 0
8434 0.01907903031680441 0.4633808827110399 0
8435 0.4823529411769661 0.6079747162067619 0
8436 0.1030982678350998 0.2266087577914152 0
8437 0.6888297398032595 0.9798546599653775 0
8438 0.9808028039852704 0.2243198991851822 0
8439 0.0695628249229998 0.4351615787539997 0
8440 0.4957921200290665 0.8578947273506985 0
8441 0.2987849614848069 0.3851973291059247 0
8442 0.9511216137636082 0.3543429406966133 0
8443 0.904763276856932 0.2122701497999854 0
8444 0.1239780802010657 0.2270020121339602 0
8445 0.8844922451809794 0.1889451909514709 0
8446 0.4950084659519206 0.3843420899484595 0
8447 0.2750458648606334 0.01711536931981874 0
8448 0.02756017395723818 0.738216755874312 0
8449 0.02903463560166412 0.9474630793734419 0
8450 0.4466595432236221 0.6088610170019283 0
8451 0.649862771272592 0.61948225419432 0
8452 0.8661456451020062 0.1993623852118476 0
8453 0.980778486299811 0.2365880201570361 0
8454 0.2747022254762826 0.4193924054757254 0
8455 0.6384121147501157 0.8579978926845796 0
8456 0.960758048817698 0.3485055029131138 0
8457 0.02899483511648398 0.4462214271176461 0
8458 0.7310054233040369 0.9703630885106213 0
8459 0.4432677786572446 0.3840780250081259 0
8460 0.5940919980329467 0.02526203654609882 0
8461 0.3935921807747599 0.7038851542059359 0
8462 0.05912860597865813 0.4408536062159167 0
8463 0.4730015233518599 0.8576244399078123 0
8464 0.4792484142846523 0.00679327940178975 0
8465 0.503249402223267 0.6195062275338232 0
8466 0.390668854595813 0.7316616637529558 0
8467 0.429634009591137 0.3920318222827432 0
8468 0.6904845748920336 0.2062562126472285 0
8469 0.5652766230085275 0.6079922289052984 0
8470 0.9319831564447267 0.5139829218769665 0
8471 0.2664499703719559 0.5020315620040265 0
8472 0.7128726776536355 0.1909403876037809 0
8473 0.7176012929396129 0.4112100008168474 0
8474 0.1475498849844942 0.7241936076362064 0
8475 0.03093828791981092 0.3780082361300579 0
8476 0.7428703875119649 0.836215410483093 0
8477 0.7429721125472813 0.9194781730708103 0
8478 0.566687046230853 0.3843479891579797 0
8479 0.03919744881388072 0.4411470307375567 0
8480 0.07534975075039116 0.7657386216395843 0
8481 0.9788364709867923 0.2596608099723731 0
8482 0.9703796392750226 0.2534184144056835 0
8483 0.04040404040396114 0.0156631231044734 0
8484 0.9595959595958522 0.01566312310358513 0
8485 0.2471864415793208 0.6531166891960362 0
8486 0.02968984172652175 0.864815565867064 0
8487 0.5252540476764559 0.01538813104316934 0
8488 0.1197674947787257 0.7440662050211743 0
8489 0.9421478901631877 0.520106667532066 0
8490 0.2393333205959513 0.007255777597885757 0
8491 0.7606679288955092 0.007256734179824237 0
8492 0.02941740728056763 0.4915441077039506 0
8493 0.4312136780205348 0.007638786555761312 0
8494 0.3437202566583102 0.6195803263663414 0
8495 0.22532525872771 0.007293175314387019 0
8496 0.7746746978050605 0.007293091264299282 0
8497 0.952386762102553 0.5258131987397705 0
8498 0.5087111836264429 0.3920829182798325 0
8499 0.3334099556738092 0.7648203138583649 0
8500 0.02935677785754132 0.5033756478375846 0
8501 0.7287078230053009 0.3124605788184435 0
8502 0.01849103737340555 0.5231904923300242 0
8503 0.3716149663892305 0.3845181256367323 0
8504 0.6384615486682699 0.3845349436961783 0
8505 0.5779135854087244 0.857910118903968 0
8506 0.9696514680491881 0.3428207864710584 0
8507 0.2651952567026649 0.4918390753070009 0
8508 0.8571617351646391 0.9814623249849903 0
8509 0.9694823579233067 0.7461061914671576 0
8510 0.3832068075752497 0.8276410918650045 0
8511 0.7031593121226738 0.389698567810489 0
8512 0.9625420241800831 0.5314511599203023 0
8513 0.3732090452774622 0.7318300293312828 0
8514 0.01910778798554835 0.5108116081002664 0
8515 0.01961702525626278 0.1102103794766847 0
8516 0.4342775875747941 0.8571361363463028 0
8517 0.820575463373762 0.2718857931618436 0
8518 0.2706886753712928 0.09134336362126946 0
8519 0.7293110220184641 0.09134196690960711 0
8520 0.3333189537978058 0.7416557783218282 0
8521 0.009364588720080601 0.3654224923562047 0
8522 0.9802897114342356 0.1100548958740128 0
8523 0.02038350832313618 0.3717324504646363 0
8524 0.5882352941179231 0.6074609363185144 0
8525 0.01782546302793055 0.571427779137904 0
8526 0.4041832615573442 0.6549620013798964 0
8527 0.02851787991277874 0.5394408484421445 0
8528 0.688091416528634 0.8161507584281236 0
8529 0.8095238095237428 0.9821648822632564 0
8530 0.01818277776904242 0.5473000429572976 0
8531 0.4316556347935615 0.6608582353556105 0
8532 0.3516580759626316 0.3844568148905712 0
8533 0.01802505438377557 0.5593349866744391 0
8534 0.6765492415467377 0.8360042842870296 0
8535 0.8946681465801345 0.1945659467972484 0
8536 0.6714481983696428 0.8772697010875834 0
8537 0.8835317447331653 0.2300916874002962 0
8538 0.01819231181251238 0.7374891869568085 0
8539 0.2636858919928808 0.0969414778140872 0
8540 0.7363133396798753 0.09692929082070528 0
8541 0.7329039326697574 0.07590036580805429 0
8542 0.6592459314718433 0.1711602111248608 0
8543 0.2671040640119671 0.07588309979093776 0
8544 0.09515426238677914 0.7545108109819948 0
8545 0.2554206184425601 0.6386334379072246 0
8546 0.6666666666657898 0.01509005595074767 0
8547 0.7272890536814939 0.8269593370524002 0
8548 0.228578854617115 0.6660733620034891 0
8549 0.3033544115741606 0.6292659478739715 0
8550 0.3748627806271883 0.8128297092811891 0
8551 0.9161845236777183 0.982459026897362 0
8552 0.5862660564991481 0.3842620882948575 0
8553 0.6163092510108851 0.8572470934637352 0
8554 0.008812788110823113 0.1037834222838303 0
8555 0.9911903844026069 0.1037889172375708 0
8556 0.008341583408394823 0.6127389912822337 0
8557 0.2493802655076194 0.09170721659274904 0
8558 0.7506199112398022 0.09169428788365469 0
8559 0.01767976164363431 0.5833283110965549 0
8560 0.3742820185060107 0.693574286359106 0
8561 0.2916176843431488 0.6495423323692413 0
8562 0.6471403379674125 0.01539984659318327 0
8563 0.2494171073627084 0.7342366162252267 0
8564 0.008437029074398377 0.6475795773385787 0
8565 0.9767071745355459 0.9830784086436664 0
8566 0.8934239887028412 0.9823530135742076 0
8567 0.008086594888747427 0.6009071300658664 0
8568 0.4545733471191141 0.8691097818619461 0
8569 0.01975770947826824 0.6271567621890676 0
8570 0.006891963351871955 0.6371244248693241 0
8571 0.9828273131556982 0.7382026572783631 0
8572 0.4171313022869134 0.007081654760050765 0
8573 0.5065538039913028 0.01587866769919983 0
8574 0.02920010951073854 0.8465439385354395 0
8575 0.02811634745473821 0.6707630750526266 0
8576 0.0298531373258295 0.9266441976266762 0
8577 0.01761991894646153 0.690476477209333 0
8578 0.01781387280192272 0.7021439954884116 0
8579 0.01761939226129844 0.7261917913092221 0
8580 0.01782572673845659 0.7140582658682585 0
8581 0.5821951046052355 0.007890828937390064 0
8582 0.8332485619317628 0.9824564094550815 0
8583 0.2424983103687336 0.09743271125582355 0
8584 0.7575021995175117 0.09741893273812921 0
8585 0.2743209491372034 0.02778043453664013 0
8586 0.6602425021973086 0.8574687471643322 0
8587 0.7174226457704544 0.02361420934082507 0
8588 0.3904137666683361 0.3836870129167939 0
8589 0.0982357539402636 0.198981026413833 0
8590 0.03155829812159783 0.3125757533692604 0
8591 0.7721953105235243 0.2499411927350829 0
8592 0.4761558220834745 0.383821486210111 0
8593 0.5512820512816675 0.3937680032993318 0
8594 0.6193044644360067 0.3838820465275765 0
8595 0.2359742892982864 0.1117660397609453 0
8596 0.7640260393110356 0.1117649300999928 0
8597 0.591507107948908 0.2084405268250863 0
8598 0.7339110560668877 0.04298774095646939 0
8599 0.2657218144814278 0.04282864158602587 0
8600 0.5138006610574332 0.8691056739772252 0
8601 0.5739266446034617 0.2084584943687316 0
8602 0.7857812341550053 0.2553734796090976 0
8603 0.5655838908037623 0.2136257824945009 0
8604 0.02025992846490959 0.01532740639515611 0
8605 0.9797400715350376 0.01532740639497786 0
8606 0.01785565141474567 0.5940400519779391 0
8607 0.01866001739477638 0.9062304788486657 0
8608 0.4590395043652652 0.3937291735271493 0
8609 0.4832079326389912 0.02969969236247118 0
8610 0.3764705882354996 0.6070538087938143 0
8611 0.4049450308760119 0.3835442903291125 0
8612 0.9792889130972304 0.306605085586643 0
8613 0.7927579858111785 0.2499498203123342 0
8614 0.9912851094336641 0.9912851094336694 0
8615 0.008714890566333186 0.9912851094336668 0
8616 0.291425959036793 0.5917559980239046 0
8617 0.2278633246586574 0.2498399711542769 0
8618 0.6147204361659449 0.0157446365783126 0
8619 0.6043441411763313 0.2649977581356676 0
8620 0.6382999004042835 0.2649895104371124 0
8621 0.9913182432958384 0.3126562913288765 0
8622 0.4497961693962638 0.1475573420352961 0
8623 0.6913521144197082 0.6085918531484852 0
8624 0.08321479035110521 0.2042963398350289 0
8625 0.02844513023237034 0.6834534297116337 0
8626 0.5372572068160796 0.8689837021098946 0
8627 0.4764312631434072 0.1316118614750967 0
8628 0.2142522667737695 0.2550934714552657 0
8629 0.4494949494937787 0.005975812266115819 0
8630 0.7318154240574474 0.898838744504399 0
8631 0.5949771426290463 0.2504000240155854 0
8632 0.4671040315973068 0.1364595642352928 0
8633 0.2137394063971733 0.1022778648469068 0
8634 0.7862606244233004 0.1022778819745396 0
8635 0.6577709268297544 0.3841880258876191 0
8636 0.03553928959755371 0.2964840205464211 0
8637 0.6857782751258813 0.01550011297933134 0
8638 0.5407392754627371 0.006125086557632364 0
8639 0.4309465150444304 0.05774170129179569 0
8640 0.3143726255678252 0.01538126312561958 0
8641 0.7340016583777526 0.05326845461857914 0
8642 0.6671801717702885 0.2493412977211017 0
8643 0.4586697055160076 0.1417245548163364 0
8644 0.532769579056891 0.3834610882143436 0
8645 0.2659438856956227 0.05324696724761994 0
8646 0.6484696977497169 0.2596749887804731 0
8647 0.6579330231822528 0.2544935621523085 0
8648 0.4302631467612756 0.04725577416630667 0
8649 0.2072839764434403 0.2497078109443769 0
8650 0.3188755754861287 0.3840076202782929 0
8651 0.4861697311033025 0.1368674147132219 0
8652 0.6906947764586915 0.3843663230806186 0
8653 0.4402359187237193 0.07487567044838986 0
8654 0.6056940701718962 0.1697303802544734 0
8655 0.5410244360507003 0.1773814831038247 0
8656 0.5840216567720091 0.2128795214022062 0
8657 0.5988720634684055 0.8570539249951855 0
8658 0.531275636810186 0.1723655006164861 0
8659 0.4647065719607914 0.06675320366129857 0
8660 0.2081977628913332 0.1168607542084669 0
8661 0.7918027858326094 0.1168613889977178 0
8662 0.3327486792789956 0.802545442157012 0
8663 0.5578584239018656 0.2180223218782555 0
8664 0.5224587035143982 0.167203598162157 0
8665 0.05421796687199396 0.7649840483291159 0
8666 0.6857538362787473 0.2500196685457075 0
8667 0.1612854286333964 0.01438686534212401 0
8668 0.838714622555171 0.01438675039147029 0
8669 0.5496890422447165 0.2134290609184805 0
8670 0.5141545193187277 0.1620171102717719 0
8671 0.6286055589463772 0.2699861544668682 0
8672 0.1055592113163838 0.7352208997087755 0
8673 0.9908866987525908 0.3302517340793635 0
8674 0.6196717550423023 0.2649713633265969 0
8675 0.5416864869547484 0.208823460890468 0
8676 0.3229256450725957 0.6847809285445834 0
8677 0.2658120610339825 0.06299526186523191 0
8678 0.6113332832587961 0.2605173748958403 0
8679 0.9798865253382907 0.336679089781039 0
8680 0.5049537090964121 0.1569289474721862 0
8681 0.7341922418886031 0.06300196336304281 0
8682 0.4955877730822287 0.1513889513764908 0
8683 0.2823957139363288 0.01502206857042351 0
8684 0.2831297140957794 0.4941846568915083 0
8685 0.7211327373506985 0.9346282772480242 0
8686 0.4736320298749089 0.07205768254002407 0
8687 0.7991142543774417 0.1224135860547285 0
8688 0.2008905792981035 0.1224104704579231 0
8689 0.02923657297307785 0.7859451816192704 0
8690 0.05272888402783642 0.2086550936901743 0
8691 0.4823546169554634 0.07686371564939927 0
8692 0.04174297198836917 0.7855727773229689 0
8693 0.4388532687057902 0.06360658411904463 0
8694 0.9801638648545793 0.07996159097385559 0
8695 0.01983714364933463 0.079957039343135 0
8696 0.9928003218030673 0.007469026241164804 0
8697 0.007199678196907939 0.007469026241197336 0
8698 0.3000788447090622 0.6851675048193302 0
8699 0.4211387020779153 0.8272776000870481 0
8700 0.3724755591359663 0.01471575209326777 0
8701 0.7169248681984104 0.4221909363604002 0
8702 0.72645270926107 0.07735265820076501 0
8703 0.7016303510943422 0.2597713352079453 0
8704 0.2735554797374075 0.07733415762374359 0
8705 0.3326172999124319 0.7859433203813445 0
8706 0.4931855363563361 0.1150390775206402 0
8707 0.5585697331966745 0.01609885941750073 0
8708 0.631275665218881 0.005936404325519529 0
8709 0.007196006472751936 0.8268250650480241 0
8710 0.333326064528179 0.01446272770597731 0
8711 0.4848123834105248 0.1111859037965903 0
8712 0.04271076029541557 0.2030993294276483 0
8713 0.3531077753498215 0.01404862310465467 0
8714 0.6729273379263425 0.2439542618466614 0
8715 0.7131311929680109 0.9492055283653669 0
8716 0.02585379267350747 0.2794238714956446 0
8717 0.7172483075947964 0.01504261480191348 0
8718 0.4042999709242746 0.8269832861784568 0
8719 0.604761432931852 0.3836920992037818 0
8720 0.5386731140739951 0.1932743442528896 0
8721 0.592209392315863 0.2345266866638031 0
8722 0.6928664725577445 0.2453283779787583 0
8723 0.9748554490332918 0.7090945980045433 0
8724 0.4082529631876007 0.6179458605596451 0
8725 0.3333342228847058 0.3837987659354468 0
8726 0.5176350417624325 0.1073232033919648 0
8727 0.4913447767398329 0.02656732485425606 0
8728 0.7102235889914175 0.2656048978347277 0
8729 0.4687492298441076 0.02820269328212218 0
8730 0.8011336735506051 0.2448186234720391 0
8731 0.6978764248773072 0.7976165552494375 0
8732 0.7219112993770697 0.1946952640879835 0
8733 0.9911789783084684 0.08609390890683516 0
8734 0.2326376457749629 0.7350690222246303 0
8735 0.00881883522149478 0.08608894580905065 0
8736 0.7480865390622669 0.0146432598562865 0
8737 0.8948217422070762 0.241015338179888 0
8738 0.9653294457539687 0.7386919703896963 0
8739 0.1421311486035816 0.01430045809221941 0
8740 0.2519123488608965 0.01462129821168039 0
8741 0.5202988343136118 0.1215198167830998 0
8742 0.7184676778542392 0.7857008542856306 0
8743 0.857878388473969 0.01429119192756895 0
8744 0.01867638176669046 0.8063988703930415 0
8745 0.528355484012794 0.1251295871701932 0
8746 0.2264390169954666 0.1075556101752925 0
8747 0.7735608263036557 0.1075554256845891 0
8748 0.5376772519116908 0.1296024121441633 0
8749 0.2976803380203604 0.3927392013091793 0
8750 0.8103641309239356 0.2498412835649464 0
8751 0.2829228254786171 0.4227085227531862 0
8752 0.4827668253756503 0.08771728953725297 0
8753 0.9813615480211528 0.2882906089449725 0
8754 0.9932143432658516 0.55362565106482 0
8755 0.9546553167010758 0.9817090199279267 0
8756 0.2132155630771917 0.01479679271424658 0
8757 0.7867843815998227 0.01479668609196624 0
8758 0.475622564085699 0.6499929121406836 0
8759 0.1989660938941066 0.2446354447642806 0
8760 0.008124040761559231 0.2475522796487842 0
8761 0.008388805559595284 0.3482878277843879 0
8762 0.6899767428697858 0.1982440336518578 0
8763 0.7020235317970935 0.005655282817146436 0
8764 0.4831478093099312 0.0972696829133109 0
8765 0.9824167281567004 0.5646237280515747 0
8766 0.3601968471409941 0.6850756139396247 0
8767 0.2979931438132972 0.005736263994546516 0
8768 0.9378839931320339 0.9816050874637965 0
8769 0.02260270028702897 0.3405368201191692 0
8770 0.1997651132358742 0.7164717113064581 0
8771 0.672540900125037 0.3838141790672079 0
8772 0.01822522266618242 0.8898671734510576 0
8773 0.9711501335349138 0.5889185859008855 0
8774 0.9829300299379997 0.6075127047585313 0
8775 0.9828638530111332 0.6196465544876398 0
8776 0.8188433163314008 0.2547069817438838 0
8777 0.9832658644401315 0.6307131597561459 0
8778 0.1897226133950568 0.2497282775517561 0
8779 0.07628898814493729 0.1992450191228963 0
8780 0.5526575012893227 0.1272863420824849 0
8781 0.007442404853125689 0.2314845224171707 0
8782 0.7189727974555606 0.2804551801736243 0
8783 0.4216755374856823 0.656679329888224 0
8784 0.4050823960218777 0.01437752238860054 0
8785 0.2761225335657915 0.4529923514739448 0
8786 0.7268458864108505 0.2858527903161099 0
8787 0.02704698169388571 0.7536288299495277 0
8788 0.4939969135288308 0.01293477255397684 0
8789 0.02683263214768962 0.2915902293517318 0
8790 0.2378397926969442 0.6887749108638648 0
8791 0.06726189499848101 0.2039760845367243 0
8792 0.01813735022117117 0.9724951015719094 0
8793 0.5557600648416368 0.1414335868440459 0
8794 0.1806066348310765 0.2552076258487377 0
8795 0.7424593670402382 0.8528326347137918 0
8796 0.01675945808728293 0.2738219030956744 0
8797 0.5346747621694531 0.6153466673176601 0
8798 0.3904212527277551 0.6622624874367442 0
8799 0.6180908117568424 0.6154731957558762 0
8800 0.006710877539247007 0.767303144128771 0
8801 0.01702194419057754 0.2626336439033234 0
8802 0.006277224367409169 0.7560456650283734 0
8803 0.1099436103691758 0.0147440188563803 0
8804 0.8900564070209209 0.0147440617639951 0
8805 0.2836421674481298 0.4350148790065127 0
8806 0.5968925677111196 0.1431158066024502 0
8807 0.01674643232424754 0.203424755267993 0
8808 0.01633544110992475 0.251961237385981 0
8809 0.148142571115773 0.29233420134955 0
8810 0.01640786142186616 0.2140180526530132 0
8811 0.564561720563177 0.1571826075539475 0
8812 0.8467705542779209 0.3057556423050052 0
8813 0.8943279786593235 0.2218484016638779 0
8814 0.4409789450444957 0.6163942628571387 0
8815 0.447599065399506 0.02996641111921847 0
8816 0.09090909090891894 0.01404486115925756 0
8817 0.9090909090906683 0.01404486108145144 0
8818 0.1003099098131999 0.2123089964614153 0
8819 0.4444085207735604 0.1629546320707876 0
8820 0.2656763855677923 0.4765211022462442 0
8821 0.6127722093686098 0.1929031423449578 0
8822 0.7240157697223975 0.8849061513332457 0
8823 0.7474844964813958 0.9710375919906877 0
8824 0.710541784037871 0.9705625320531155 0
8825 0.7170968237831723 0.4330776487385582 0
8826 0.7242694932273525 0.4653152572615048 0
8827 0.4264529888421161 0.1933897354552085 0
8828 0.03329367083992112 0.1980742448963856 0
8829 0.6470721872957333 0.1636304666906268 0
8830 0.7323342104674455 0.005410395964652105 0
8831 0.267635691003445 0.005291406519101932 0
8832 0.4129252024254775 0.1902241404656755 0
8833 0.6323450231982768 0.1744686455986357 0
8834 0.9708321887167534 0.5362184886252706 0
8835 0.4357984758198593 0.1666386852925182 0
8836 0.4588365062607725 0.4084511034680787 0
8837 0.418975808759506 0.4087269690490745 0
8838 0.5009959560318633 0.4090911758833775 0
8839 0.5412383739226685 0.4085294017285109 0
8840 0.5817241162287502 0.4088213834660666 0
8841 0.5999119746267291 0.5899159261438298 0
8842 0.4004324921518181 0.5900682318770677 0
8843 0.5174853014891093 0.5896599135605931 0
8844 0.4470014596876447 0.5898119067148087 0
8845 0.689827913271726 0.5001298100693055 0
8846 0.3101885341621094 0.5000000000002779 0
8847 0.3769727931660694 0.4088030234845292 0
8848 0.6230769230767221 0.4087310629852697 0
8849 0.364779530949144 0.5906084833811164 0
8850 0.4821215423397682 0.5896119252663481 0
8851 0.6344128208485145 0.5901853743477408 0
8852 0.5646676735687652 0.5898377632436921 0
8853 0.3097614237309045 0.4640039462141579 0
8854 0.6899251031348068 0.4648378164480494 0
8855 0.690283644592793 0.5350137228696186 0
8856 0.311354901614226 0.5341102077108405 0
8857 0.346153846153788 0.4088823118336637 0
8858 0.6533034583029889 0.4086347457400054 0
8859 0.310085762758559 0.4410031918514875 0
8860 0.6902720383503166 0.4403815396510885 0
8861 0.4235574430396068 0.5898362685863232 0
8862 0.5411618917225505 0.5899715350656418 0
8863 0.6590232222706256 0.5900061630346186 0
8864 0.3411799327165348 0.5898145343050061 0
8865 0.6899392469499823 0.5590425405074637 0
8866 0.3112308735875906 0.5592638135897854 0
8867 0.5209730798730594 0.4083468174245618 0
8868 0.5615384615381047 0.4085509497560314 0
8869 0.4388229856332149 0.4085352669015528 0
8870 0.3966312847914356 0.408900160224915 0
8871 0.4789030789590096 0.408482801045654 0
8872 0.6021531677790201 0.4096558111818033 0
8873 0.3256410256409802 0.4088823118336724 0
8874 0.674884513346257 0.4087313150999984 0
8875 0.3181334213248491 0.5900758270384779 0
8876 0.688728053083679 0.5813420054917785 0
8877 0.6897717174232599 0.4175197483272867 0
8878 0.3104566688941418 0.417172161783901 0
8879 0.3101072348970105 0.429307905021211 0
8880 0.3200210136111103 0.43510523444958 0
8881 0.3201499596063273 0.4465396136753333 0
8882 0.329882844370854 0.4406470056729779 0
8883 0.3302447411315605 0.4517107929636859 0
8884 0.3397130938106519 0.4460932857241013 0
8885 0.3401163014669542 0.4570298921338379 0
8886 0.3495158646485433 0.4514645415565533 0
8887 0.3498947744187649 0.4624061777585289 0
8888 0.3592917928376002 0.4568070684248927 0
8889 0.3596654990692966 0.4677327551015671 0
8890 0.369045425026582 0.4621378197252745 0
8891 0.3693949684281407 0.4730886802538049 0
8892 0.3792006207120283 0.4674866305145022 0
8893 0.3791403536022834 0.4784340846178589 0
8894 0.3892682064438465 0.4727232434047095 0
8895 0.3889792268438653 0.4837159553082596 0
8896 0.3986784127396328 0.4779359344947234 0
8897 0.3986441845474496 0.4890518796846919 0
8898 0.4080212697478112 0.4833222889316013 0
8899 0.4083029351676977 0.4943716048079062 0
8900 0.4177261826297816 0.4886318700848912 0
8901 0.3887320030723389 0.4945359018773158 0
8902 0.4179991850730395 0.4997179845178195 0
8903 0.4275032796778955 0.493929225691968 0
8904 0.4277487949222791 0.5050421030495564 0
8905 0.4372286745577473 0.4992481840438809 0
8906 0.4370068628707804 0.4881600217594522 0
8907 0.4466949340163305 0.4934538288870403 0
8908 0.4469665657118392 0.5045179081391375 0
8909 0.4563988600131745 0.498715717433155 0
8910 0.4561075863195666 0.4876819767351649 0
8911 0.4658092635607257 0.4929148315451979 0
8912 0.4661290759327497 0.5039653951200332 0
8913 0.4755409952336623 0.4981368893181132 0
8914 0.4758882427056902 0.5092143968460827 0
8915 0.4852943423801592 0.5033649252268038 0
8916 0.4849179116855082 0.492320126750227 0
8917 0.4946680175820775 0.4975190350821968 0
8918 0.4950658961016119 0.5085588759152173 0
8919 0.5044453001313237 0.5027150339128202 0
8920 0.5040002940957213 0.4916661590822332 0
8921 0.5137789734520893 0.4968333570479081 0
8922 0.5142289154552346 0.5078642788593963 0
8923 0.5235104608075012 0.5019036419554721 0
8924 0.5230883340204955 0.4909315450048216 0
8925 0.5329117682100379 0.4960924977484427 0
8926 0.5330742858752624 0.5071062057541672 0
8927 0.5426838411314431 0.5012087615353173 0
8928 0.5422315949465284 0.4901533449557141 0
8929 0.5521120011619719 0.495290421079538 0
8930 0.5524240986640285 0.5064257358727748 0
8931 0.5619937889123613 0.5004480892079357 0
8932 0.561467212216141 0.4893020009375613 0
8933 0.5714138448798184 0.4944378621535302 0
8934 0.5718906916388425 0.5056385020233141 0
8935 0.5813821372654727 0.4996011541342516 0
8936 0.5799214577937583 0.4881457998628991 0
8937 0.5902045084156713 0.4933522229890699 0
8938 0.5912712408065368 0.5047411802641295 0
8939 0.6007146134728024 0.4986422784040133 0
8940 0.6013670397417454 0.5099414641612932 0
8941 0.5990427670479753 0.4874198499151342 0
8942 0.4182245936681404 0.5108401667761825 0
8943 0.6100500500775964 0.4925622251479383 0
8944 0.6077740642052195 0.4800588011139082 0
8945 0.6197020968175202 0.4864746074651586 0
8946 0.6188317974598319 0.4750836395678496 0
8947 0.4083108270344423 0.4721031489225872 0
8948 0.6093844287635642 0.4683695162689421 0
8949 0.3593160832846051 0.4783254077385611 0
8950 0.6291151794495822 0.4803465459642337 0
8951 0.6296970049474204 0.4916262782393881 0
8952 0.6285593790209894 0.4691178868554938 0
8953 0.6392273949068324 0.4854255978864047 0
8954 0.6397682672238658 0.4968180215329563 0
8955 0.3788658079001744 0.4564532919412396 0
8956 0.5918721497557229 0.5160575635620517 0
8957 0.6019572796547979 0.5212655402209224 0
8958 0.5923735288000082 0.5274168523699463 0
8959 0.6025152876896696 0.5326514677107954 0
8960 0.5928342203228757 0.53870501351867 0
8961 0.6030747992791606 0.5440711824951318 0
8962 0.6127118713566815 0.5378773665379808 0
8963 0.42804782158347 0.5162101689683756 0
8964 0.4184530150027241 0.5220411959189587 0
8965 0.4281709228628011 0.5271501516706936 0
8966 0.4184968852662012 0.532940171480826 0
8967 0.408760089890089 0.5278230646614968 0
8968 0.4288317127268695 0.53898683618708 0
8969 0.408819011497843 0.5388172087865435 0
8970 0.3990390221732608 0.5336746577026171 0
8971 0.4654525344059288 0.4819226135325088 0
8972 0.455844076188535 0.4767070976387298 0
8973 0.465106911556556 0.4709998374994266 0
8974 0.4555823876165961 0.4658271814155919 0
8975 0.4647910323717625 0.4601547577384057 0
8976 0.4552768503416481 0.4550350771558606 0
8977 0.4742897671408569 0.465296065276291 0
8978 0.4739676801057192 0.4545215120466573 0
8979 0.4834237256058847 0.459607278413758 0
8980 0.5827405710043988 0.53354798728095 0
8981 0.4664368351489659 0.5150688063800835 0
8982 0.4762828583900073 0.5203336481413561 0
8983 0.4667402530980751 0.5262370186501736 0
8984 0.4766744186487449 0.5315387558149989 0
8985 0.4670645485469862 0.5374736045082257 0
8986 0.4770161578692355 0.5428315594865845 0
8987 0.4866319375591995 0.5368496706702434 0
8988 0.3993060464213528 0.5450739763192578 0
8989 0.3893049491720644 0.5396260345946655 0
8990 0.4870004778806873 0.5481918537458825 0
8991 0.4966668696064838 0.5421843202025718 0
8992 0.5831921586795821 0.54485381568955 0
8993 0.5730940109754816 0.5397056330012698 0
8994 0.4831058296286213 0.4489043280027748 0
8995 0.4925253018696391 0.4539566230984783 0
8996 0.4673777337266556 0.5487971297693504 0
8997 0.3895782883318435 0.5510997006602951 0
8998 0.3795252905157047 0.5455955492276261 0
8999 0.3792869144109785 0.5341163541285934 0
9000 0.3694720153704123 0.5400664584696586 0
9001 0.3692128191309094 0.5285748454464436 0
9002 0.359385536871508 0.5345310937294054 0
9003 0.3591333278069269 0.5230224069263506 0
9004 0.3596189558046933 0.546054978882126 0
9005 0.6134852134004801 0.5493503320283433 0
9006 0.6230089615452572 0.5431155399465832 0
9007 0.3396257988865976 0.4674299044697742 0
9008 0.3590484776579169 0.4456657838387906 0
9009 0.4461172439589106 0.4606508956813838 0
9010 0.4458163068960922 0.4499181086941054 0
9011 0.6492982018112747 0.4906279065802201 0
9012 0.6499097275726995 0.5020151454675632 0
9013 0.6486900947072559 0.4792609385235664 0
9014 0.4107830928002641 0.5504470290691368 0
9015 0.4735421242089503 0.4438090153084373 0
9016 0.4970266877249551 0.5535640736485521 0
9017 0.5066099803222572 0.5474124674405768 0
9018 0.5734101175849157 0.5508118027543415 0
9019 0.563412269022087 0.5458361619868461 0
9020 0.349308916433621 0.5289798668803507 0
9021 0.3490735153734206 0.5174726726334231 0
9022 0.4920338620182664 0.4429123388638311 0
9023 0.5015050919170123 0.4480086670187284 0
9024 0.6403097611637953 0.5082249693748288 0
9025 0.6505544382986729 0.5133494444890268 0
9026 0.436693860774084 0.4555059637866258 0
9027 0.4364331806766664 0.4448102063663574 0
9028 0.427305597520479 0.4503765359369603 0
9029 0.6235753673600277 0.5546451273988582 0
9030 0.6332496658406741 0.5483821234381064 0
9031 0.5021333697736231 0.4588994548387721 0
9032 0.5110586914428832 0.4532219405277917 0
9033 0.5103001193833493 0.4415268056119416 0
9034 0.519891054353701 0.4470027698418985 0
9035 0.6588546650200643 0.4844265020047477 0
9036 0.6582314430717703 0.4729564002496636 0
9037 0.5207399151083545 0.4580850187548421 0
9038 0.5295669920519451 0.4524494414503662 0
9039 0.5286099532121226 0.44040549879617 0
9040 0.5383386513476101 0.4462958499816759 0
9041 0.5831364454690723 0.5578503684631467 0
9042 0.5394076424639429 0.4572818370813359 0
9043 0.5481246321989486 0.4516673650792185 0
9044 0.5476005490410386 0.4406135143117652 0
9045 0.5571339416839666 0.4460683956340155 0
9046 0.4455198117414017 0.4392444761326197 0
9047 0.557543077855738 0.4568824734679582 0
9048 0.5665708603302232 0.4511909964299604 0
9049 0.5662211971451978 0.4404497310206453 0
9050 0.5756418683449227 0.4454429696403935 0
9051 0.5760755077411676 0.4561966589655338 0
9052 0.5851348637900495 0.4503957630368657 0
9053 0.5846598083427441 0.4396835985210368 0
9054 0.5941559949791647 0.444592902278908 0
9055 0.4270460492429523 0.4397102855938578 0
9056 0.4179408726500733 0.4452558578697312 0
9057 0.3797849501554998 0.5571064113291391 0
9058 0.3588920680676316 0.5115256489986816 0
9059 0.3488392988227709 0.5059700819584744 0
9060 0.5637384818246514 0.5570797926823094 0
9061 0.5537525448129619 0.5520044037202868 0
9062 0.553284488590603 0.5406051145089205 0
9063 0.5436379855222997 0.5467623791420585 0
9064 0.5065585859242852 0.5587694426743536 0
9065 0.5441266566904799 0.5582118911157137 0
9066 0.3389892320263045 0.5119214425497353 0
9067 0.3387892304461378 0.5003962819283988 0
9068 0.6138973235898106 0.5602047995456162 0
9069 0.6338317933661268 0.5599581516707492 0
9070 0.6435926865411956 0.5536631873467193 0
9071 0.4866798024255974 0.5605642628895001 0
9072 0.5431640862800717 0.5353521673507973 0
9073 0.6601303526188027 0.5072104086633 0
9074 0.6607304488056868 0.5187110237630622 0
9075 0.5063079916112971 0.5361551799146722 0
9076 0.4176662765347235 0.4346080292932096 0
9077 0.4085884575385069 0.4401583839931016 0
9078 0.3790163262291693 0.5226137095956958 0
9079 0.6114619208371367 0.5151214427813149 0
9080 0.4576345545763899 0.5321145447497373 0
9081 0.6411728376757344 0.5194011883611038 0
9082 0.5856418243490653 0.4611830021812665 0
9083 0.5936520720665401 0.433927465953875 0
9084 0.6026778304497559 0.438836178236423 0
9085 0.3898879222400801 0.5626331827893174 0
9086 0.3410874842557853 0.4338349918574217 0
9087 0.6441571592499301 0.5652886507813469 0
9088 0.6539427652946537 0.5589823060554769 0
9089 0.6533686807898802 0.5473453148561869 0
9090 0.5158323709755825 0.541472786966125 0
9091 0.6633205947839096 0.5526857414730514 0
9092 0.6631112864516862 0.5653070229521853 0
9093 0.6687292222519431 0.477960639892431 0
9094 0.6685931827530612 0.4663646743948273 0
9095 0.6577881578947444 0.4614573225165588 0
9096 0.6677458015591042 0.4552023613532511 0
9097 0.6572439750878902 0.4502515645664141 0
9098 0.66603977096887 0.4442261190942175 0
9099 0.656504918375591 0.4391960041550635 0
9100 0.647311728216293 0.4451901845314786 0
9101 0.6467538366998062 0.434289801437902 0
9102 0.6376219131514622 0.4401871799224203 0
9103 0.6652381059034689 0.4332220167423237 0
9104 0.6371021407930728 0.4294043595313126 0
9105 0.6280050420290982 0.4352451375120664 0
9106 0.3800372994390803 0.5686609187932753 0
9107 0.4273396621121313 0.4610829795384778 0
9108 0.4267679266647438 0.4291009719719972 0
9109 0.4083121891946775 0.4295332579610963 0
9110 0.3992164658320046 0.4350479312896083 0
9111 0.3994888125418083 0.445736875731798 0
9112 0.6279486479690293 0.4466590504451693 0
9113 0.5765144755776097 0.4670241749254009 0
9114 0.4837906652801423 0.4703581996285571 0
9115 0.3987876461310813 0.5222651896133114 0
9116 0.5725604020136454 0.5283319344966356 0
9117 0.5157870342798896 0.5301747854347267 0
9118 0.5527430502708559 0.5292464696949565 0
9119 0.3901199003912098 0.4405846756829789 0
9120 0.3898603074453633 0.4299209645326475 0
9121 0.3807634267670139 0.4354352074452835 0
9122 0.3698753156030458 0.5631028461269662 0
9123 0.6704221649945717 0.5124577341920562 0
9124 0.6691200774991419 0.4895784154546122 0
9125 0.6629031373439634 0.5411212760305917 0
9126 0.4376273479771333 0.5211698262820647 0
9127 0.5842531560669517 0.429114204994357 0
9128 0.6041579640603152 0.4507560772224706 0
9129 0.6222045900728754 0.5316687318458406 0
9130 0.5342291553618226 0.5528828230103355 0
9131 0.5344977379310729 0.5647086927407341 0
9132 0.3585643934354906 0.5001984254346281 0
9133 0.3686099111246627 0.5056058188046545 0
9134 0.5447538239347123 0.5698569502101787 0
9135 0.6024576199774617 0.4283429945537071 0
9136 0.6711548529035205 0.5236260717809784 0
9137 0.6793713297824154 0.4829396362214811 0
9138 0.6720277968438366 0.5469090090240029 0
9139 0.5058242809535531 0.5248804304474788 0
9140 0.5861685181950284 0.4720577389030974 0
9141 0.652506781342945 0.5358430496055648 0
9142 0.3291482686805977 0.5063424883096665 0
9143 0.3290094764034176 0.4947997560899394 0
9144 0.3291325894131454 0.5179218135132406 0
9145 0.3385173884219706 0.4890772143455219 0
9146 0.3284611873575319 0.4834927622792115 0
9147 0.5428108124707002 0.5239223451241393 0
9148 0.3688316515114232 0.4946334258194488 0
9149 0.6308572025912481 0.5142131150983446 0
9150 0.6805990839006575 0.5176859164186983 0
9151 0.6353463595334734 0.5716410924438806 0
9152 0.6453708537542873 0.5765545377635889 0
9153 0.389199929466088 0.5751020852482105 0
9154 0.4001884875458237 0.5693370608617754 0
9155 0.3791952937734822 0.5804123596578549 0
9156 0.3807419710817693 0.4251333912193092 0
9157 0.3714759742495475 0.4303457383257578 0
9158 0.6468043957999743 0.4241160574251084 0
9159 0.6378564450284995 0.4181737782707374 0
9160 0.5334672462346221 0.5298775360861738 0
9161 0.6120356071904639 0.4339860100417056 0
9162 0.6106522292557623 0.4230466085716218 0
9163 0.5251160862030131 0.558819988713058 0
9164 0.5245985181327032 0.5707604391931149 0
9165 0.3189388543067807 0.5123053653161355 0
9166 0.6765142571197144 0.4492353289152114 0
9167 0.5950399667940546 0.4661784970726062 0
9168 0.3713414286940475 0.4409271149568824 0
9169 0.3907545193351916 0.4185453318262766 0
9170 0.3191431735406775 0.5239526920637053 0
9171 0.3295801485412344 0.529123207718431 0
9172 0.3191521649997915 0.4908155135498077 0
9173 0.3186443270389085 0.4791258538488209 0
9174 0.3718329381388326 0.4183266604488584 0
9175 0.3622513242591499 0.4249440635748308 0
9176 0.3620540399042931 0.4159301720748907 0
9177 0.3529126667560936 0.4191465582723629 0
9178 0.3530443352518792 0.4306854580601442 0
9179 0.3899857083420853 0.4512397533482969 0
9180 0.3997536282480721 0.4564189535270962 0
9181 0.3289566535905116 0.4726557169930071 0
9182 0.3201477047484689 0.4574297421674896 0
9183 0.3200956338077462 0.4241918880413243 0
9184 0.3787207435489452 0.5000822669568722 0
9185 0.6900337048045273 0.4291782808251784 0
9186 0.6808779301457056 0.4238563015660562 0
9187 0.6809371264567292 0.4339864146075605 0
9188 0.5333482319892409 0.5182827014137019 0
9189 0.6477787303494614 0.4562366339894027 0
9190 0.6481013219714808 0.4675102705215321 0
9191 0.6382009701339662 0.4622334995183759 0
9192 0.3786448479852771 0.5112353477885354 0
9193 0.6560155521634197 0.4283445418432514 0
9194 0.6644285572911109 0.4224968914592869 0
9195 0.330018814238482 0.4293923390154431 0
9196 0.338302505585013 0.4235329724992268 0
9197 0.6883648064656097 0.4518339451854419 0
9198 0.5526214976894003 0.5177274348914612 0
9199 0.5625760872928148 0.5230538262025906 0
9200 0.6276092682288047 0.4244785417121118 0
9201 0.5934346956689055 0.4241240039630905 0
9202 0.6185617326185768 0.4638512970902924 0
9203 0.4361768977235946 0.4341636043531635 0
9204 0.4452061190249335 0.4286604467566777 0
9205 0.4545022088211335 0.4336955684458204 0
9206 0.4542149549885188 0.4236263440684269 0
9207 0.4634713328959051 0.4282039545613509 0
9208 0.4443706639974188 0.4176959804661661 0
9209 0.4639285204434527 0.4387529607759198 0
9210 0.4727303145733406 0.4331283725287395 0
9211 0.4727783832920772 0.4233447273387441 0
9212 0.4818516426065577 0.4277015528712261 0
9213 0.4355254024438797 0.4239746707280324 0
9214 0.425206325070455 0.4180702089788181 0
9215 0.4644411162495044 0.4494025705106959 0
9216 0.4169284748481736 0.4244428867226415 0
9217 0.4079600525934637 0.4199894375913216 0
9218 0.4824248215332263 0.4380595391911005 0
9219 0.4911837486163547 0.4319948772949299 0
9220 0.4901701008513268 0.4214461548861998 0
9221 0.4995941515974663 0.426050226656646 0
9222 0.5007240209230045 0.43656703597929 0
9223 0.5092592561825069 0.4302560813265733 0
9224 0.5075768732929077 0.4189374341551023 0
9225 0.5178286838946919 0.4240530097978056 0
9226 0.5188812806740772 0.4351946399474371 0
9227 0.5279767023142395 0.4290048654157502 0
9228 0.5375338240398817 0.4342651165941957 0
9229 0.5476700161128687 0.4299856214533855 0
9230 0.5374458040922299 0.4241351228343782 0
9231 0.5466623728059281 0.4180934029287298 0
9232 0.5567053546855668 0.4244729185465699 0
9233 0.526644907085371 0.4177783472435616 0
9234 0.3994195894208102 0.424909126188517 0
9235 0.5752355343004636 0.4347852491303016 0
9236 0.5747639173676288 0.4241708062869258 0
9237 0.5660903712913723 0.4295094486908249 0
9238 0.4962093527153977 0.5308499879640237 0
9239 0.446478134416276 0.4824102916900431 0
9240 0.4369084452167314 0.477153067413707 0
9241 0.4273383982899504 0.4828913339489272 0
9242 0.4175943633048793 0.477540631723856 0
9243 0.4179335558603979 0.4665644632161299 0
9244 0.4861578548173668 0.5255885473802504 0
9245 0.348518108421964 0.4946889181984636 0
9246 0.3487718197441195 0.4838242086272317 0
9247 0.6897523136620906 0.476584796209865 0
9248 0.6794094995082949 0.4713838195626078 0
9249 0.6897106213005155 0.4885046615475537 0
9250 0.6098020493928397 0.4592780646567144 0
9251 0.6166198913234936 0.452096796306212 0
9252 0.6278394312766827 0.4579604475813158 0
9253 0.6181791824819328 0.4421931845799777 0
9254 0.3100241418073766 0.4524764744749944 0
9255 0.435289368020634 0.58983158572933 0
9256 0.4411652355019671 0.5797054334184648 0
9257 0.4527886825407418 0.579661795145709 0
9258 0.4469505237526147 0.5696222880953465 0
9259 0.4353691608895721 0.5696522940708558 0
9260 0.4411235013157989 0.5596417914991708 0
9261 0.4585462179210052 0.5696179607641308 0
9262 0.4295483078630332 0.5596673683981607 0
9263 0.4236231176587298 0.5696626872341992 0
9264 0.4643958564025774 0.5795954598839608 0
9265 0.4701118275988179 0.5701317651889797 0
9266 0.4351964687209307 0.5495706953617607 0
9267 0.4480239401477517 0.5489232445464535 0
9268 0.4411141699464329 0.5391243308231146 0
9269 0.4234740902450945 0.5500311852112247 0
9270 0.4760252358702433 0.5795954121522019 0
9271 0.4527180885007609 0.5595925704112867 0
9272 0.4118462503900947 0.5898833326543924 0
9273 0.4064199522270627 0.5799443069128358 0
9274 0.4178009557593872 0.5797690473078134 0
9275 0.4123547884710377 0.5698466585808935 0
9276 0.4178151482452788 0.5596710246959996 0
9277 0.5529274042390445 0.5899970509667376 0
9278 0.5588299137161107 0.5803493254985889 0
9279 0.5704691630009138 0.5797970655581016 0
9280 0.5642480117798884 0.56906848604413 0
9281 0.5767790357349889 0.5694069821273968 0
9282 0.5820831317727827 0.5795883047381343 0
9283 0.5883166794469182 0.5696416426871511 0
9284 0.5957174756198398 0.5613409469245265 0
9285 0.6001475000291854 0.571062240292262 0
9286 0.5293772653957 0.5900631086505332 0
9287 0.5349963337807747 0.578126491609176 0
9288 0.4751531010332593 0.4871281600316303 0
9289 0.4844969741700723 0.4813242729369421 0
9290 0.4942637261230743 0.4865070206436642 0
9291 0.5035917180476561 0.4806771805682357 0
9292 0.5133293411285714 0.4857973449419145 0
9293 0.5226646669646351 0.4799488102396756 0
9294 0.5127833895734306 0.4748262279540219 0
9295 0.532421427881728 0.4850397701450139 0
9296 0.5417350310345697 0.4791259336854566 0
9297 0.5317781094683679 0.4740525335942015 0
9298 0.5515848985356705 0.4841878396056244 0
9299 0.5602426531599406 0.4780252675258295 0
9300 0.5503947736163552 0.4730214657207395 0
9301 0.5697881390697721 0.4830134752357583 0
9302 0.493847000591715 0.4755406514682211 0
9303 0.5027994340125459 0.4697034606379906 0
9304 0.5340631013602202 0.5413118360594479 0
9305 0.5822687898983611 0.5221906778462588 0
9306 0.643017073088579 0.5421081039223518 0
9307 0.638797764180027 0.4738898837130714 0
9308 0.4703576198476969 0.5897053669423018 0
9309 0.4872813114658582 0.5795964654617796 0
9310 0.4937842972344608 0.5894650981031619 0
9311 0.4988747688107085 0.5773218422290914 0
9312 0.5056620481017229 0.5887070347510773 0
9313 0.5131735499358668 0.5774412652712432 0
9314 0.5958976635056938 0.4771137026410162 0
9315 0.5216232026051955 0.468898203036382 0
9316 0.3883421685209475 0.5881828266083372 0
9317 0.6118371916681743 0.5898840808624586 0
9318 0.6234517741442137 0.5898657643854581 0
9319 0.6176439921635484 0.5795352792288058 0
9320 0.58799010009629 0.5898826266274009 0
9321 0.3689123446422872 0.5170665199562461 0
9322 0.3886965270387097 0.5168136470286703 0
9323 0.3890375791466379 0.5281727826894813 0
9324 0.3985659469321166 0.5111288693953571 0
9325 0.4085552350274428 0.5165961230253076 0
9326 0.5722810379447416 0.5169305495575682 0
9327 0.5629450513609146 0.5344631899818697 0
9328 0.576358540818327 0.5898509600278881 0
9329 0.4463143900472692 0.471493924797261 0
9330 0.6462970911656045 0.5883877886277394 0
9331 0.3529496378598089 0.5899494434875965 0
9332 0.347053817264565 0.5796675301294253 0
9333 0.3353185013754679 0.5796507516628816 0
9334 0.3411799487733729 0.5694957557700724 0
9335 0.3294668293007277 0.5694862733114751 0
9336 0.3353305479748588 0.5593551703800521 0
9337 0.3466901097463631 0.5595494786783101 0
9338 0.3403000652850279 0.5476193896035896 0
9339 0.3282363731616846 0.5496094080660595 0
9340 0.3524737583245468 0.5694620804517008 0
9341 0.3588088528241405 0.5584528924109484 0
9342 0.3601262489949881 0.5795710279411426 0
9343 0.3236594327795271 0.5796854083908006 0
9344 0.3179663137563115 0.5696587559848956 0
9345 0.6903045337901325 0.5470977630246755 0
9346 0.670522980404098 0.589901916895609 0
9347 0.6640479460012906 0.5782949122919422 0
9348 0.6762202127413732 0.5807402761797035 0
9349 0.3101872036009194 0.5470565189297955 0
9350 0.3201856771806338 0.5419329640118767 0
9351 0.6899929331654118 0.5698674799659511 0
9352 0.6796261698061914 0.5647058822415163 0
9353 0.6326009127035788 0.5369049240939796 0
9354 0.6302422049377369 0.5029419166699077 0
9355 0.3235590494489434 0.5596912872911454 0
9356 0.6796308114631696 0.4947441323759851 0
9357 0.3295191362680493 0.5898710868995277 0
9358 0.5048320816337888 0.5137930830171527 0
9359 0.4294675468116496 0.5797428860578311 0
9360 0.540697782340851 0.4680953097037456 0
9361 0.591188091559256 0.408885719800068 0
9362 0.551402261206654 0.408484011638603 0
9363 0.5107493701025578 0.4087324644582297 0
9364 0.5716226153384401 0.408523203734853 0
9365 0.4689524687844747 0.4083229013364479 0
9366 0.4898068321589413 0.4106331760366786 0
9367 0.4570619159974199 0.5209111591053388 0
9368 0.5149395160764192 0.5189257121182614 0
9369 0.3109006949399322 0.5808688145847277 0
9370 0.4374775780920706 0.5102895604891006 0
9371 0.6541276142980766 0.5708682947974922 0
9372 0.581853997042345 0.510847418870801 0
9373 0.6129047771273834 0.4083174145122465 0
9374 0.3867127628468731 0.4087390371535348 0
9375 0.4548520098838331 0.4443158913177945 0
9376 0.4746438866180581 0.47615462992726 0
9377 0.6107659344735936 0.5038099909790216 0
9378 0.6120239414095792 0.5264861247531052 0
9379 0.6234856915209591 0.5681936122936119 0
9380 0.4930865828555917 0.4646776113476295 0
9381 0.553979987195495 0.5631241956648135 0
9382 0.4856769684982456 0.5144373224445358 0
9383 0.6332324844276822 0.4086059763974658 0
9384 0.3704533888593727 0.5740617733320696 0
9385 0.643320496698052 0.4085031101120545 0
9386 0.4574544142098421 0.5434034122464791 0
9387 0.6595009078810252 0.4958117006432271 0
9388 0.3695142300455827 0.5517298560744106 0
9389 0.3495498075222725 0.54048566413562 0
9390 0.4567065861006839 0.5097880264382226 0
9391 0.4763698495611215 0.5538260201339772 0
9392 0.3392642226381252 0.5233940657220957 0
9393 0.4586984462171746 0.5897957547811299 0
9394 0.6378757036779437 0.4512941217677132 0
9395 0.399634088493512 0.5565511175375185 0
9396 0.4368649424128729 0.466260076897553 0
9397 0.594670238491773 0.4552882776523648 0
9398 0.3350905344934368 0.4088224140642324 0
9399 0.4273298945328272 0.4719154254564418 0
9400 0.4976838516423934 0.5650647894266663 0
9401 0.5670090356149674 0.4619918575907705 0
9402 0.6202003152780839 0.4977231214972684 0
9403 0.4088061662749602 0.4507161505356493 0
9404 0.4180327022241932 0.4558021577193768 0
9405 0.329618890942068 0.418277523680707 0
9406 0.5569035716600017 0.4351832716095343 0
9407 0.4810800491026002 0.5705813480168798 0
9408 0.5661925258056246 0.4181305388814469 0
9409 0.4084560536706249 0.5054559412681144 0
9410 0.6642594193783101 0.4110104105012905 0
9411 0.46565462638989 0.5596162880375971 0
9412 0.3894436837073149 0.4617992193286451 0
9413 0.3397765276244314 0.5348328333862172 0
9414 0.562297867023698 0.511704022959274 0
9415 0.4472415268281499 0.515564424216284 0
9416 0.4078405040085751 0.410056804886283 0
9417 0.6698111364362936 0.5010171394338699 0
9418 0.4488704563711481 0.4082921363344114 0
9419 0.3802537062913073 0.4460086978525173 0
9420 0.6800721868557469 0.5062346460051794 0
9421 0.4956277391199939 0.5196847078614431 0
9422 0.368888714403349 0.4513324928255107 0
9423 0.3984445238397599 0.5000299642487973 0
9424 0.6207745897408525 0.5089746903762828 0
9425 0.3620383458471382 0.4356492701825306 0
9426 0.3502649939367493 0.4405968265745808 0
9427 0.4289173277949148 0.4085009867152219 0
9428 0.6422078087710404 0.5306868796138894 0
9429 0.4637370147685682 0.4174292741001147 0
9430 0.4468424771543022 0.5282712671356404 0
9431 0.5851683102297938 0.4181503960578196 0
9432 0.621463128208229 0.5203075393284707 0
9433 0.5428271279700125 0.5124455307652602 0
9434 0.6057388418880972 0.5802371400125212 0
9435 0.3157582752709204 0.4081932898986181 0
9436 0.684581679976086 0.4086873873263041 0
9437 0.6901312462499739 0.5115197114234313 0
9438 0.6715930538440565 0.534928861481311 0
9439 0.6902629982350319 0.5232541709870334 0
9440 0.6317510800037842 0.5255303963902713 0
9441 0.511856333752672 0.4639390509583 0
9442 0.3886340987361912 0.5056376662159245 0
9443 0.679238700716122 0.4597144886142167 0
9444 0.3792097591087801 0.4891697587500211 0
9445 0.6819274610233649 0.5905619726875121 0
9446 0.5472131444529789 0.5803873383142202 0
9447 0.3689806929037742 0.4838526899432417 0
9448 0.5937526223080525 0.580024853024405 0
9449 0.3764705882354996 0.5906416687973911 0
9450 0.6514101303251284 0.5243548690730577 0
9451 0.5306356073397762 0.4631437239368122 0
9452 0.5238672773827506 0.5130514721913502 0
9453 0.358830458216896 0.4892538459602625 0
9454 0.6617164007608833 0.529764191955761 0
9455 0.5934073093623381 0.5499812643560731 0
9456 0.5307692307688021 0.4081389160614436 0
9457 0.5158466116065724 0.5531876197076606 0
9458 0.40877546091248 0.4611951213432399 0
9459 0.6019840052848922 0.4194122064585626 0
9460 0.3491721042569257 0.4730357952287529 0
9461 0.6560850291838366 0.4184396905085096 0
9462 0.5153847611898124 0.5648625374163484 0
9463 0.3990383698476314 0.4670292701701669 0
9464 0.5490469813483987 0.4621458536573458 0
9465 0.3389174920429427 0.4782526003239165 0
9466 0.6282683615959634 0.5802958909294783 0
9467 0.4813209835492587 0.4181467618495233 0
9468 0.5238122631994775 0.5811643042106516 0
9469 0.6043752538854891 0.5550761770670403 0
9470 0.5243249259906948 0.5243091174942357 0
9471 0.5587059071992334 0.4672804122340844 0
9472 0.3297743025252968 0.4622994579369373 0
9473 0.524802427270378 0.5357666125144719 0
9474 0.5249816254629314 0.5472402778285165 0
9475 0.6807883744771419 0.5526695732672817 0
9476 0.309382683679701 0.5221026646117197 0
9477 0.6808523049316486 0.5291103741277368 0
9478 0.6112967214906261 0.5707467686564315 0
9479 0.568231234194107 0.4721151054839502 0
9480 0.3077020144297182 0.5115874883386511 0
9481 0.3565089471027936 0.4085489392230512 0
9482 0.3212874597105394 0.5008526246531654 0
9483 0.3087672537453723 0.4878387185082683 0
9484 0.5780106929651601 0.4773092544514458 0
9485 0.5064043240631585 0.5691373670473079 0
9486 0.3089051572949866 0.475843620933059 0
9487 0.6541356750366121 0.5807823389404136 0
9488 0.5882076013205477 0.4825664281271104 0
9489 0.3673996725144626 0.4083502887658362 0
9490 0.6184077062133971 0.4171913888458228 0
9491 0.3193649281548461 0.4685597230155787 0
9492 0.6190819564223917 0.4273858948570959 0
9493 0.3300908242197739 0.5393016027907844 0
9494 0.4365173261335078 0.5309404824197186 0
9495 0.6809749514132681 0.540954883965771 0
9496 0.3508678463408826 0.5503765037898334 0
9497 0.3079333342768281 0.5705681907680712 0
9498 0.4977705262349307 0.4172653385919963 0
9499 0.6716696603494215 0.5708996340304976 0
9500 0.4081551211111832 0.5611705781490648 0
9501 0.6280365653950211 0.4154361496422816 0
9502 0.5727387606004579 0.5606943949837735 0
9503 0.3814794092482012 0.4160447795492707 0
9504 0.5565001952083756 0.4155463643502761 0
9505 0.318806556400678 0.5513003709596961 0
9506 0.4180809585072545 0.5422444861469622 0
9507 0.3623475129212188 0.5689301240525655 0
9508 0.6717158822349395 0.5586473628064211 0
9509 0.4502139112069438 0.5383673599002851 0
9510 0.3447451935839111 0.4173242636024735 0
9511 0.3966262877839662 0.5810554406778364 0
9512 0.5161991600029421 0.4156137506008424 0
9513 0.4582457605949801 0.5520665290022334 0
9514 0.5758942969940475 0.4155592656854224 0
9515 0.6724343781131237 0.4277293040283419 0
9516 0.6728513375278388 0.4182256323223517 0
9517 0.6102081283596309 0.4437270891695749 0
9518 0.5532604041302772 0.5725236502162628 0
9519 0.4538475137548961 0.4150808536563736 0
9520 0.6483511052499439 0.4156041602641191 0
9521 0.4903199566894316 0.5706257416047834 0
9522 0.6913876375579967 0.5913876375579815 0
9523 0.3086123624420101 0.5913876375579896 0
9524 0.4344314123904583 0.415446294930509 0
9525 0.536232847799665 0.4152248024498358 0
9526 0.4005211900298952 0.4164801721434627 0
9527 0.6052252300990005 0.5639072525637703 0
9528 0.3203140989111712 0.4153434350476446 0
9529 0.4759792310156054 0.5629439368533867 0
9530 0.3706232979685962 0.5833020750480513 0
9531 0.6738200066251473 0.4385474012535793 0
9532 0.6928193974285834 0.4075943683071813 0
9533 0.307294270884291 0.4074260315129813 0
9534 0.4155177644073255 0.4163632334085186 0
9535 0.4734270676956024 0.4150996153120933 0
9536 0.6373545788801727 0.5812687704895464 0
9537 0.3216001403747255 0.5330885385064588 0
9538 0.3463017630791892 0.4250681434136511 0
9539 0.6088316959625771 0.4153966890314134 0
9540 0.601437290731491 0.4609035072736083 0
9541 0.6803195952784331 0.4154969040699693 0
9542 0.6819816470035035 0.4427969259225764 0
9543 0.337133893688842 0.4164439285892449 0
9544 0.6816641291526176 0.5729379809668548 0
9545 0.6016409996683457 0.470934533341994 0
9546 0.5947856541043735 0.4160456274922688 0
9547 0.6200015495056044 0.4348259872832024 0
$EndNodes
$Elements
19199
1 1 2 2 1 1 9
2 1 2 2 1 9 10
3 1 2 2 1 10 11
4 1 2 2 1 11 12
5 1 2 2 1 12 13
6 1 2 2 1 13 14
7 1 2 2 1 14 15
8 1 2 2 1 15 16
9 1 2 2 1 16 17
10 1 2 2 1 17 18
11 1 2 2 1 18 19
12 1 2 2 1 19 20
13 1 2 2 1 20 21
14 1 2 2 1 21 22
15 1 2 2 1 22 23
16 1 2 2 1 23 24
17 1 2 2 1 24 25
18 1 2 2 1 25 26
19 1 2 2 1 26 27
20 1 2 2 1 27 28
21 1 2 2 1 28 29
22 1 2 2 1 29 30
23 1 2 2 1 30 31
24 1 2 2 1 31 32
25 1 2 2 1 32 33
26 1 2 2 1 33 34
27 1 2 2 1 34 35
28 1 2 2 1 35 36
29 1 2 2 1 36 37
30 1 2 2 1 37 38
31 1 2 2 1 38 39
32 1 2 2 1 39 40
33 1 2 2 1 40 41
34 1 2 2 1 41 42
35 1 2 2 1 42 43
36 1 2 2 1 43 44
37 1 2 2 1 44 45
38 1 2 2 1 45 46
39 1 2 2 1 46 47
40 1 2 2 1 47 48
41 1 2 2 1 48 49
42 1 2 2 1 49 50
43 1 2 2 1 50 51
44 1 2 2 1 51 52
45 1 2 2 1 52 53
46 1 2 2 1 53 54
47 1 2 2 1 54 55
48 1 2 2 1 55 56
49 1 2 2 1 56 57
50 1 2 2 1 57 58
51 1 2 2 1 58 59
52 1 2 2 1 59 60
53 1 2 2 1 60 61
54 1 2 2 1 61 62
55 1 2 2 1 62 63
56 1 2 2 1 63 64
57 1 2 2 1 64 65
58 1 2 2 1 65 66
59 1 2 2 1 66 67
60 1 2 2 1 67 68
61 1 2 2 1 68 69
62 1 2 2 1 69 70
63 1 2 2 1 70 71
64 1 2 2 1 71 72
65 1 2 2 1 72 73
66 1 2 2 1 73 74
67 1 2 2 1 74 75
68 1 2 2 1 75 76
69 1 2 2 1 76 77
70 1 2 2 1 77 78
71 1 2 2 1 78 79
72 1 2 2 1 79 80
73 1 2 2 1 80 81
74 1 2 2 1 81 82
75 1 2 2 1 82 83
76 1 2 2 1 83 84
77 1 2 2 1 84 85
78 1 2 2 1 85 86
79 1 2 2 1 86 87
80 1 2 2 1 87 88
81 1 2 2 1 88 89
82 1 2 2 1 89 90
83 1 2 2 1 90 91
84 1 2 2 1 91 92
85 1 2 2 1 92 93
86 1 2 2 1 93 94
87 1 2 2 1 94 95
88 1 2 2 1 95 96
89 1 2 2 1 96 97
90 1 2 2 1 97 98
91 1 2 2 1 98 99
92 1 2 2 1 99 100
93 1 2 2 1 100 101
94 1 2 2 1 101 102
95 1 2 2 1 102 103
96 1 2 2 1 103 104
97 1 2 2 1 104 105
98 1 2 2 1 105 106
99 1 2 2 1 106 2
100 1 2 1 2 2 107
101 1 2 1 2 107 108
102 1 2 1 2 108 109
103 1 2 1 2 109 110
104 1 2 1 2 110 111
105 1 2 1 2 111 112
106 1 2 1 2 112 113
107 1 2 1 2 113 114
108 1 2 1 2 114 115
109 1 2 1 2 115 116
110 1 2 1 2 116 117
111 1 2 1 2 117 118
112 1 2 1 2 118 119
113 1 2 1 2 119 120
114 1 2 1 2 120 121
115 1 2 1 2 121 122
116 1 2 1 2 122 123
117 1 2 1 2 123 124
118 1 2 1 2 124 125
119 1 2 1 2 125 126
120 1 2 1 2 126 127
121 1 2 1 2 127 128
122 1 2 1 2 128 129
123 1 2 1 2 129 130
124 1 2 1 2 130 131
125 1 2 1 2 131 132
126 1 2 1 2 132 133
127 1 2 1 2 133 134
128 1 2 1 2 134 135
129 1 2 1 2 135 136
130 1 2 1 2 136 137
131 1 2 1 2 137 138
132 1 2 1 2 138 139
133 1 2 1 2 139 140
134 1 2 1 2 140 141
135 1 2 1 2 141 142
136 1 2 1 2 142 143
137 1 2 1 2 143 144
138 1 2 1 2 144 145
139 1 2 1 2 145 146
140 1 2 1 2 146 147
141 1 2 1 2 147 148
142 1 2 1 2 148 149
143 1 2 1 2 149 150
144 1 2 1 2 150 151
145 1 2 1 2 151 152
146 1 2 1 2 152 153
147 1 2 1 2 153 154
148 1 2 1 2 154 155
149 1 2 1 2 155 156
150 1 2 1 2 156 157
151 1 2 1 2 157 158
152 1 2 1 2 158 159
153 1 2 1 2 159 160
154 1 2 1 2 160 161
155 1 2 1 2 161 162
156 1 2 1 2 162 163
157 1 2 1 2 163 164
158 1 2 1 2 164 165
159 1 2 1 2 165 166
160 1 2 1 2 166 167
161 1 2 1 2 167 168
162 1 2 1 2 168 169
163 1 2 1 2 169 170
164 1 2 1 2 170 171
165 1 2 1 2 171 172
166 1 2 1 2 172 173
167 1 2 1 2 173 174
168 1 2 1 2 174 175
169 1 2 1 2 175 176
170 1 2 1 2 176 177
171 1 2 1 2 177 178
172 1 2 1 2 178 179
173 1 2 1 2 179 180
174 1 2 1 2 180 181
175 1 2 1 2 181 182
176 1 2 1 2 182 183
177 1 2 1 2 183 184
178 1 2 1 2 184 185
179 1 2 1 2 185 186
180 1 2 1 2 186 187
181 1 2 1 2 187 188
182 1 2 1 2 188 189
183 1 2 1 2 189 3
184 1 2 1 3 3 190
185 1 2 1 3 190 191
186 1 2 1 3 191 192
187 1 2 1 3 192 193
188 1 2 1 3 193 194
189 1 2 1 3 194 195
190 1 2 1 3 195 196
191 1 2 1 3 196 197
192 1 2 1 3 197 198
193 1 2 1 3 198 199
194 1 2 1 3 199 200
195 1 2 1 3 200 201
196 1 2 1 3 201 202
197 1 2 1 3 202 203
198 1 2 1 3 203 204
199 1 2 1 3 204 205
200 1 2 1 3 205 206
201 1 2 1 3 206 207
202 1 2 1 3 207 208
203 1 2 1 3 208 209
204 1 2 1 3 209 210
205 1 2 1 3 210 211
206 1 2 1 3 211 212
207 1 2 1 3 212 213
208 1 2 1 3 213 214
209 1 2 1 3 214 215
210 1 2 1 3 215 216
211 1 2 1 3 216 217
212 1 2 1 3 217 218
213 1 2 1 3 218 219
214 1 2 1 3 219 220
215 1 2 1 3 220 221
216 1 2 1 3 221 222
217 1 2 1 3 222 223
218 1 2 1 3 223 224
219 1 2 1 3 224 225
220 1 2 1 3 225 226
221 1 2 1 3 226 227
222 1 2 1 3 227 228
223 1 2 1 3 228 229
224 1 2 1 3 229 230
225 1 2 1 3 230 231
226 1 2 1 3 231 232
227 1 2 1 3 232 233
228 1 2 1 3 233 234
229 1 2 1 3 234 235
230 1 2 1 3 235 236
231 1 2 1 3 236 237
232 1 2 1 3 237 238
233 1 2 1 3 238 239
234 1 2 1 3 239 240
235 1 2 1 3 240 241
236 1 2 1 3 241 242
237 1 2 1 3 242 243
238 1 2 1 3 243 244
239 1 2 1 3 244 245
240 1 2 1 3 245 246
241 1 2 1 3 246 247
242 1 2 1 3 247 248
243 1 2 1 3 248 249
244 1 2 1 3 249 250
245 1 2 1 3 250 251
246 1 2 1 3 251 252
247 1 2 1 3 252 253
248 1 2 1 3 253 254
249 1 2 1 3 254 255
250 1 2 1 3 255 256
251 1 2 1 3 256 257
252 1 2 1 3 257 258
253 1 2 1 3 258 259
254 1 2 1 3 259 260
255 1 2 1 3 260 261
256 1 2 1 3 261 262
257 1 2 1 3 262 263
258 1 2 1 3 263 264
259 1 2 1 3 264 265
260 1 2 1 3 265 266
261 1 2 1 3 266 267
262 1 2 1 3 267 268
263 1 2 1 3 268 269
264 1 2 1 3 269 270
265 1 2 1 3 270 271
266 1 2 1 3 271 272
267 1 2 1 3 272 4
268 1 2 1 4 4 273
269 1 2 1 4 273 274
270 1 2 1 4 274 275
271 1 2 1 4 275 276
272 1 2 1 4 276 277
273 1 2 1 4 277 278
274 1 2 1 4 278 279
275 1 2 1 4 279 280
276 1 2 1 4 280 281
277 1 2 1 4 281 282
278 1 2 1 4 282 283
279 1 2 1 4 283 284
280 1 2 1 4 284 285
281 1 2 1 4 285 286
282 1 2 1 4 286 287
283 1 2 1 4 287 288
284 1 2 1 4 288 289
285 1 2 1 4 289 290
286 1 2 1 4 290 291
287 1 2 1 4 291 292
288 1 2 1 4 292 293
289 1 2 1 4 293 294
290 1 2 1 4 294 295
291 1 2 1 4 295 296
292 1 2 1 4 296 297
293 1 2 1 4 297 298
294 1 2 1 4 298 299
295 1 2 1 4 299 300
296 1 2 1 4 300 301
297 1 2 1 4 301 302
298 1 2 1 4 302 303
299 1 2 1 4 303 304
300 1 2 1 4 304 305
301 1 2 1 4 305 306
302 1 2 1 4 306 307
303 1 2 1 4 307 308
304 1 2 1 4 308 309
305 1 2 1 4 309 310
306 1 2 1 4 310 311
307 1 2 1 4 311 312
308 1 2 1 4 312 313
309 1 2 1 4 313 314
310 1 2 1 4 314 315
311 1 2 1 4 315 316
312 1 2 1 4 316 317
313 1 2 1 4 317 318
314 1 2 1 4 318 319
315 1 2 1 4 319 320
316 1 2 1 4 320 321
317 1 2 1 4 321 322
318 1 2 1 4 322 323
319 1 2 1 4 323 324
320 1 2 1 4 324 325
321 1 2 1 4 325 326
322 1 2 1 4 326 327
323 1 2 1 4 327 328
324 1 2 1 4 328 329
325 1 2 1 4 329 330
326 1 2 1 4 330 331
327 1 2 1 4 331 332
328 1 2 1 4 332 333
329 1 2 1 4 333 334
330 1 2 1 4 334 335
331 1 2 1 4 335 336
332 1 2 1 4 336 337
333 1 2 1 4 337 338
334 1 2 1 4 338 339
335 1 2 1 4 339 340
336 1 2 1 4 340 341
337 1 2 1 4 341 342
338 1 2 1 4 342 343
339 1 2 1 4 343 344
340 1 2 1 4 344 345
341 1 2 1 4 345 346
342 1 2 1 4 346 347
343 1 2 1 4 347 348
344 1 2 1 4 348 349
345 1 2 1 4 349 350
346 1 2 1 4 350 351
347 1 2 1 4 351 352
348 1 2 1 4 352 353
349 1 2 1 4 353 354
350 1 2 1 4 354 355
351 1 2 1 4 355 1
352 1 2 3 5 5 356
353 1 2 3 5 356 357
354 1 2 3 5 357 358
355 1 2 3 5 358 359
356 1 2 3 5 359 360
357 1 2 3 5 360 361
358 1 2 3 5 361 362
359 1 2 3 5 362 363
360 1 2 3 5 363 364
361 1 2 3 5 364 365
362 1 2 3 5 365 366
363 1 2 3 5 366 367
364 1 2 3 5 367 368
365 1 2 3 5 368 369
366 1 2 3 5 369 370
367 1 2 3 5 370 371
368 1 2 3 5 371 372
369 1 2 3 5 372 373
370 1 2 3 5 373 374
371 1 2 3 5 374 375
372 1 2 3 5 375 376
373 1 2 3 5 376 377
374 1 2 3 5 377 378
375 1 2 3 5 378 379
376 1 2 3 5 379 380
377 1 2 3 5 380 381
378 1 2 3 5 381 382
379 1 2 3 5 382 383
380 1 2 3 5 383 384
381 1 2 3 5 384 385
382 1 2 3 5 385 386
383 1 2 3 5 386 387
384 1 2 3 5 387 388
385 1 2 3 5 388 389
386 1 2 3 5 389 390
387 1 2 3 5 390 391
388 1 2 3 5 391 392
389 1 2 3 5 392 393
390 1 2 3 5 393 6
391 1 2 3 6 6 394
392 1 2 3 6 394 395
393 1 2 3 6 395 396
394 1 2 3 6 396 397
395 1 2 3 6 397 398
396 1 2 3 6 398 399
397 1 2 3 6 399 400
398 1 2 3 6 400 401
399 1 2 3 6 401 402
400 1 2 3 6 402 403
401 1 2 3 6 403 404
402 1 2 3 6 404 405
403 1 2 3 6 405 406
404 1 2 3 6 406 407
405 1 2 3 6 407 408
406 1 2 3 6 408 409
407 1 2 3 6 409 7
408 1 2 3 7 7 410
409 1 2 3 7 410 411
410 1 2 3 7 411 412
411 1 2 3 7 412 413
412 1 2 3 7 413 414
413 1 2 3 7 414 415
414 1 2 3 7 415 416
415 1 2 3 7 416 417
416 1 2 3 7 417 418
417 1 2 3 7 418 419
418 1 2 3 7 419 420
419 1 2 3 7 420 421
420 1 2 3 7 421 422
421 1 2 3 7 422 423
422 1 2 3 7 423 424
423 1 2 3 7 424 425
424 1 2 3 7 425 426
425 1 2 3 7 426 427
426 1 2 3 7 427 428
427 1 2 3 7 428 429
428 1 2 3 7 429 430
429 1 2 3 7 430 431
430 1 2 3 7 431 432
431 1 2 3 7 432 433
432 1 2 3 7 433 434
433 1 2 3 7 434 435
434 1 2 3 7 435 436
435 1 2 3 7 436 437
436 1 2 3 7 437 438
437 1 2 3 7 438 439
438 1 2 3 7 439 440
439 1 2 3 7 440 441
440 1 2 3 7 441 442
441 1 2 3 7 442 8
442 1 2 3 8 8 443
443 1 2 3 8 443 444
444 1 2 3 8 444 445
445 1 2 3 8 445 446
446 1 2 3 8 446 447
447 1 2 3 8 447 448
448 1 2 3 8 448 449
449 1 2 3 8 449 450
450 1 2 3 8 450 451
451 1 2 3 8 451 452
452 1 2 3 8 452 453
453 1 2 3 8 453 454
454 1 2 3 8 454 455
455 1 2 3 8 455 456
456 1 2 3 8 456 457
457 1 2 3 8 457 458
458 1 2 3 8 458 5
459 2 2 5 1 4447 5721 7323
460 2 2 5 1 5149 2855 5162
461 2 2 5 1 484 5056 7977
462 2 2 5 1 2611 4856 6827
463 2 2 5 1 3950 4447 7323
464 2 2 5 1 1411 5485 8344
465 2 2 5 1 4856 2611 8494
466 2 2 5 1 6242 480 7970
467 2 2 5 1 7796 6334 8773
468 2 2 5 1 5699 5468 8347
469 2 2 5 1 5090 5251 7205
470 2 2 5 1 5045 6334 7796
471 2 2 5 1 1407 1333 5183
472 2 2 5 1 7028 6727 8508
473 2 2 5 1 2855 5149 5247
474 2 2 5 1 5045 6333 6334
475 2 2 5 1 3963 5111 5113
476 2 2 5 1 25 26 5231
477 2 2 5 1 89 90 5233
478 2 2 5 1 486 5173 6610
479 2 2 5 1 5701 4103 5703
480 2 2 5 1 4785 6445 6446
481 2 2 5 1 4876 7028 8508
482 2 2 5 1 5469 5703 8346
483 2 2 5 1 2764 5148 6206
484 2 2 5 1 6610 5173 8824
485 2 2 5 1 5148 2764 6205
486 2 2 5 1 6333 5045 8765
487 2 2 5 1 4102 5697 5699
488 2 2 5 1 3026 3029 6098
489 2 2 5 1 5564 5402 7784
490 2 2 5 1 5287 3594 6968
491 2 2 5 1 480 6242 8465
492 2 2 5 1 740 5399 5400
493 2 2 5 1 740 737 5399
494 2 2 5 1 496 25 5231
495 2 2 5 1 90 495 5233
496 2 2 5 1 5173 5078 8824
497 2 2 5 1 5090 4026 5251
498 2 2 5 1 1280 5053 5131
499 2 2 5 1 5056 484 8451
500 2 2 5 1 2989 2991 6417
501 2 2 5 1 4313 5839 7680
502 2 2 5 1 3685 3176 5167
503 2 2 5 1 5098 758 5100
504 2 2 5 1 1931 5086 5312
505 2 2 5 1 186 1931 5312
506 2 2 5 1 758 5098 5467
507 2 2 5 1 5066 2615 5068
508 2 2 5 1 2614 5070 5072
509 2 2 5 1 5697 4102 5906
510 2 2 5 1 4103 5701 5907
511 2 2 5 1 5103 2450 5105
512 2 2 5 1 2848 2376 5390
513 2 2 5 1 2399 2849 5391
514 2 2 5 1 654 646 5292
515 2 2 5 1 4006 3579 7866
516 2 2 5 1 165 166 5284
517 2 2 5 1 7866 3579 7871
518 2 2 5 1 3175 6520 6522
519 2 2 5 1 5498 5456 5499
520 2 2 5 1 5165 2848 5390
521 2 2 5 1 2849 5166 5391
522 2 2 5 1 1282 422 5453
523 2 2 5 1 2442 5061 5585
524 2 2 5 1 3594 5287 8738
525 2 2 5 1 5065 1390 6202
526 2 2 5 1 5614 7453 8401
527 2 2 5 1 5125 650 5128
528 2 2 5 1 6458 6456 8034
529 2 2 5 1 5982 5302 8190
530 2 2 5 1 5061 2442 8793
531 2 2 5 1 650 5125 5441
532 2 2 5 1 2681 5251 5252
533 2 2 5 1 3388 6413 6418
534 2 2 5 1 2987 3388 6418
535 2 2 5 1 2681 5252 5253
536 2 2 5 1 5098 4442 5467
537 2 2 5 1 2615 5066 5230
538 2 2 5 1 5070 2614 5232
539 2 2 5 1 5602 7838 7856
540 2 2 5 1 4896 4895 6525
541 2 2 5 1 1554 1407 5183
542 2 2 5 1 5601 5602 7856
543 2 2 5 1 4122 5305 6222
544 2 2 5 1 7879 1776 7898
545 2 2 5 1 7782 6544 7794
546 2 2 5 1 5485 5015 8344
547 2 2 5 1 5046 2866 5320
548 2 2 5 1 6623 2996 6631
549 2 2 5 1 6544 658 7794
550 2 2 5 1 3554 5055 5236
551 2 2 5 1 4853 6872 6873
552 2 2 5 1 4938 7879 7898
553 2 2 5 1 5160 1554 5183
554 2 2 5 1 5458 5507 5581
555 2 2 5 1 6361 3981 8205
556 2 2 5 1 164 2552 5260
557 2 2 5 1 2552 5116 5260
558 2 2 5 1 7782 7066 8575
559 2 2 5 1 5055 3554 5289
560 2 2 5 1 7813 5049 7842
561 2 2 5 1 5054 4354 8081
562 2 2 5 1 5251 2681 7205
563 2 2 5 1 2866 5046 7857
564 2 2 5 1 5125 5107 5441
565 2 2 5 1 4680 3989 5255
566 2 2 5 1 5221 4547 6461
567 2 2 5 1 2722 5221 6461
568 2 2 5 1 6002 1087 7759
569 2 2 5 1 5049 5048 7842
570 2 2 5 1 46 47 5440
571 2 2 5 1 1087 7756 7759
572 2 2 5 1 4959 4874 6562
573 2 2 5 1 4151 5340 8077
574 2 2 5 1 3174 3488 5245
575 2 2 5 1 1589 7860 7892
576 2 2 5 1 6525 4895 8529
577 2 2 5 1 4102 5699 8347
578 2 2 5 1 4629 5668 5670
579 2 2 5 1 5295 4641 8337
580 2 2 5 1 4642 5296 8338
581 2 2 5 1 5137 5134 6206
582 2 2 5 1 2527 5235 6262
583 2 2 5 1 5668 4629 8785
584 2 2 5 1 7860 5587 7892
585 2 2 5 1 5367 6095 6099
586 2 2 5 1 5008 5698 5906
587 2 2 5 1 5702 5010 5907
588 2 2 5 1 5053 1280 8435
589 2 2 5 1 762 741 5401
590 2 2 5 1 5703 4103 8346
591 2 2 5 1 3091 3941 5393
592 2 2 5 1 5124 1891 5465
593 2 2 5 1 6520 3175 6523
594 2 2 5 1 3941 4805 5184
595 2 2 5 1 3645 6458 8034
596 2 2 5 1 6737 4485 6738
597 2 2 5 1 5528 57 8788
598 2 2 5 1 3941 5184 5393
599 2 2 5 1 5088 3073 5158
600 2 2 5 1 1891 5124 5466
601 2 2 5 1 1776 5601 7856
602 2 2 5 1 4853 6873 8545
603 2 2 5 1 5601 1776 7879
604 2 2 5 1 7014 6365 8288
605 2 2 5 1 710 699 5314
606 2 2 5 1 2848 5165 7195
607 2 2 5 1 5166 2849 7196
608 2 2 5 1 2555 6331 7979
609 2 2 5 1 5274 2201 5276
610 2 2 5 1 5750 2349 5752
611 2 2 5 1 5060 478 5294
612 2 2 5 1 3622 2357 6236
613 2 2 5 1 5155 4404 5599
614 2 2 5 1 6412 6416 8244
615 2 2 5 1 6634 4334 7586
616 2 2 5 1 5300 4629 5670
617 2 2 5 1 5521 1360 5524
618 2 2 5 1 5192 2438 5194
619 2 2 5 1 3597 5300 5670
620 2 2 5 1 6235 3622 6236
621 2 2 5 1 4354 5054 8513
622 2 2 5 1 6633 1853 6635
623 2 2 5 1 5518 464 5519
624 2 2 5 1 4151 4011 8080
625 2 2 5 1 1818 5151 5152
626 2 2 5 1 5058 1939 5614
627 2 2 5 1 6630 6638 8281
628 2 2 5 1 5302 5982 8460
629 2 2 5 1 2349 5750 5934
630 2 2 5 1 640 638 5331
631 2 2 5 1 56 57 5528
632 2 2 5 1 5186 4487 5187
633 2 2 5 1 5650 7771 7949
634 2 2 5 1 4404 3188 5599
635 2 2 5 1 2996 6623 6632
636 2 2 5 1 1418 5204 5573
637 2 2 5 1 4686 5374 5547
638 2 2 5 1 5048 1589 7842
639 2 2 5 1 1589 5048 7860
640 2 2 5 1 4594 5368 7200
641 2 2 5 1 483 5213 8297
642 2 2 5 1 6544 7782 8575
643 2 2 5 1 5712 2466 7862
644 2 2 5 1 4509 5420 5421
645 2 2 5 1 1939 5058 5615
646 2 2 5 1 512 5096 6331
647 2 2 5 1 163 164 5260
648 2 2 5 1 5116 2552 5202
649 2 2 5 1 5751 3524 5934
650 2 2 5 1 5836 4617 5838
651 2 2 5 1 4485 6737 8576
652 2 2 5 1 4938 7898 7914
653 2 2 5 1 7416 4942 8350
654 2 2 5 1 4943 7418 8351
655 2 2 5 1 785 244 8037
656 2 2 5 1 4500 6016 7754
657 2 2 5 1 7457 6763 7616
658 2 2 5 1 1554 5160 5416
659 2 2 5 1 5374 2429 5547
660 2 2 5 1 5277 1414 7126
661 2 2 5 1 5039 3938 7088
662 2 2 5 1 5118 4938 7914
663 2 2 5 1 4496 5204 7247
664 2 2 5 1 478 5060 8253
665 2 2 5 1 4487 5186 5383
666 2 2 5 1 6633 6634 7586
667 2 2 5 1 740 5400 5401
668 2 2 5 1 1271 5449 5493
669 2 2 5 1 6143 2445 8309
670 2 2 5 1 594 597 5438
671 2 2 5 1 1544 1417 5310
672 2 2 5 1 1390 5065 8429
673 2 2 5 1 5177 1544 5310
674 2 2 5 1 5204 1418 7247
675 2 2 5 1 4026 5090 5306
676 2 2 5 1 5250 7206 8042
677 2 2 5 1 5169 1476 5256
678 2 2 5 1 5256 1476 5997
679 2 2 5 1 4617 5836 8826
680 2 2 5 1 1796 1588 5254
681 2 2 5 1 7088 3938 8773
682 2 2 5 1 485 249 8040
683 2 2 5 1 2245 6016 6017
684 2 2 5 1 4508 4583 5243
685 2 2 5 1 5242 4508 5243
686 2 2 5 1 4458 4457 8387
687 2 2 5 1 6142 5382 8339
688 2 2 5 1 597 5392 5438
689 2 2 5 1 6331 5096 7979
690 2 2 5 1 4785 6446 6447
691 2 2 5 1 4617 5307 5838
692 2 2 5 1 3989 4134 5255
693 2 2 5 1 5340 5245 8077
694 2 2 5 1 6016 2245 7754
695 2 2 5 1 1003 5502 8333
696 2 2 5 1 1360 5521 8245
697 2 2 5 1 5307 1092 5838
698 2 2 5 1 5698 5697 5906
699 2 2 5 1 5701 5702 5907
700 2 2 5 1 1975 3651 5408
701 2 2 5 1 6976 6142 8339
702 2 2 5 1 4784 6447 7698
703 2 2 5 1 5584 906 5585
704 2 2 5 1 8620 3196 8646
705 2 2 5 1 185 186 5312
706 2 2 5 1 5276 2201 8563
707 2 2 5 1 5508 1004 8311
708 2 2 5 1 6620 6623 6631
709 2 2 5 1 601 603 5361
710 2 2 5 1 3592 6416 6619
711 2 2 5 1 4312 906 5584
712 2 2 5 1 7771 697 7949
713 2 2 5 1 2437 5222 7732
714 2 2 5 1 6413 3388 6415
715 2 2 5 1 2985 2987 6418
716 2 2 5 1 5959 8620 8646
717 2 2 5 1 6562 4874 8477
718 2 2 5 1 5120 4819 6749
719 2 2 5 1 2991 3594 6417
720 2 2 5 1 6597 6594 8044
721 2 2 5 1 3029 3575 6098
722 2 2 5 1 5236 4312 7143
723 2 2 5 1 4312 5584 7143
724 2 2 5 1 5118 697 7771
725 2 2 5 1 5773 5776 8120
726 2 2 5 1 5205 3664 5208
727 2 2 5 1 3666 5206 5210
728 2 2 5 1 2191 7695 7812
729 2 2 5 1 7892 5587 7908
730 2 2 5 1 3575 6096 6098
731 2 2 5 1 4765 6257 6259
732 2 2 5 1 4143 5256 5997
733 2 2 5 1 5097 5168 8280
734 2 2 5 1 5839 6143 8309
735 2 2 5 1 8280 5168 8283
736 2 2 5 1 3073 5088 5403
737 2 2 5 1 5100 758 5314
738 2 2 5 1 8122 5755 8590
739 2 2 5 1 3592 6619 6631
740 2 2 5 1 5587 5588 7908
741 2 2 5 1 5673 6238 8471
742 2 2 5 1 3188 3957 5599
743 2 2 5 1 3591 6638 6640
744 2 2 5 1 5224 5751 8354
745 2 2 5 1 5750 5751 5934
746 2 2 5 1 8165 65 8581
747 2 2 5 1 4923 6728 6855
748 2 2 5 1 5751 5224 8388
749 2 2 5 1 597 599 5392
750 2 2 5 1 3081 5522 8729
751 2 2 5 1 4744 6642 6644
752 2 2 5 1 1314 5153 6913
753 2 2 5 1 5058 5614 8401
754 2 2 5 1 7695 5161 7812
755 2 2 5 1 6965 4680 8258
756 2 2 5 1 1283 5085 6057
757 2 2 5 1 3999 4937 5189
758 2 2 5 1 481 7532 8374
759 2 2 5 1 8169 7214 8574
760 2 2 5 1 2332 2740 8247
761 2 2 5 1 3894 5114 5417
762 2 2 5 1 4680 6965 8550
763 2 2 5 1 5114 3894 5414
764 2 2 5 1 5456 5498 5501
765 2 2 5 1 5449 1271 8593
766 2 2 5 1 636 634 5483
767 2 2 5 1 3664 4637 5208
768 2 2 5 1 4638 3666 5210
769 2 2 5 1 5993 4781 5994
770 2 2 5 1 698 7915 7925
771 2 2 5 1 5839 4313 6143
772 2 2 5 1 6237 5920 7319
773 2 2 5 1 1857 1939 5615
774 2 2 5 1 3841 5758 8122
775 2 2 5 1 3841 8122 8590
776 2 2 5 1 7915 4872 7925
777 2 2 5 1 5148 6205 8180
778 2 2 5 1 2450 5103 5314
779 2 2 5 1 5687 8182 8242
780 2 2 5 1 5483 634 5484
781 2 2 5 1 5466 6940 8835
782 2 2 5 1 5215 8054 8565
783 2 2 5 1 6096 3575 6099
784 2 2 5 1 3668 8171 8547
785 2 2 5 1 5105 2450 5292
786 2 2 5 1 5340 4151 8080
787 2 2 5 1 634 631 5484
788 2 2 5 1 166 498 5284
789 2 2 5 1 5758 3841 8130
790 2 2 5 1 2450 654 5292
791 2 2 5 1 3963 5113 8300
792 2 2 5 1 5215 6747 8054
793 2 2 5 1 5308 2947 6553
794 2 2 5 1 5401 5402 5564
795 2 2 5 1 2376 2378 5390
796 2 2 5 1 2401 2399 5391
797 2 2 5 1 4386 5295 8337
798 2 2 5 1 5296 4385 8338
799 2 2 5 1 3921 3160 5388
800 2 2 5 1 3161 3922 5389
801 2 2 5 1 6365 7014 8212
802 2 2 5 1 5305 2446 6222
803 2 2 5 1 5123 6181 6182
804 2 2 5 1 8182 4573 8242
805 2 2 5 1 697 5118 7914
806 2 2 5 1 5517 464 5518
807 2 2 5 1 5176 8165 8581
808 2 2 5 1 5246 785 8037
809 2 2 5 1 6624 6627 6632
810 2 2 5 1 5086 1931 5779
811 2 2 5 1 6097 3025 6098
812 2 2 5 1 4781 5993 8833
813 2 2 5 1 5776 8126 8144
814 2 2 5 1 5128 650 5331
815 2 2 5 1 5167 3176 5411
816 2 2 5 1 5507 5458 5582
817 2 2 5 1 1857 5615 8812
818 2 2 5 1 4458 5564 7784
819 2 2 5 1 3025 6097 6100
820 2 2 5 1 5012 4942 7416
821 2 2 5 1 4943 5013 7418
822 2 2 5 1 5096 512 6332
823 2 2 5 1 3981 6361 8384
824 2 2 5 1 3173 5492 8411
825 2 2 5 1 5721 4447 8809
826 2 2 5 1 6714 8169 8574
827 2 2 5 1 4830 6332 8143
828 2 2 5 1 3025 3026 6098
829 2 2 5 1 842 264 8060
830 2 2 5 1 8126 4479 8144
831 2 2 5 1 8001 3633 8003
832 2 2 5 1 6442 8001 8003
833 2 2 5 1 6257 4765 8657
834 2 2 5 1 6181 5123 8832
835 2 2 5 1 3685 5167 8177
836 2 2 5 1 3591 6640 6647
837 2 2 5 1 3635 8002 8006
838 2 2 5 1 485 5250 8042
839 2 2 5 1 5383 5186 6117
840 2 2 5 1 8002 6438 8006
841 2 2 5 1 5151 1818 5419
842 2 2 5 1 8016 6492 8029
843 2 2 5 1 5250 485 8040
844 2 2 5 1 741 740 5401
845 2 2 5 1 737 736 5399
846 2 2 5 1 4744 6644 6648
847 2 2 5 1 736 5156 5399
848 2 2 5 1 3636 8007 8009
849 2 2 5 1 8007 6433 8009
850 2 2 5 1 3557 8016 8029
851 2 2 5 1 6539 6815 8381
852 2 2 5 1 5248 4525 6604
853 2 2 5 1 531 5248 6604
854 2 2 5 1 5156 736 5467
855 2 2 5 1 6416 3592 8244
856 2 2 5 1 7532 5147 8374
857 2 2 5 1 5385 5329 6807
858 2 2 5 1 698 5588 7915
859 2 2 5 1 5839 5307 7680
860 2 2 5 1 6576 473 7703
861 2 2 5 1 5158 3073 5416
862 2 2 5 1 6311 471 8151
863 2 2 5 1 5292 646 5441
864 2 2 5 1 2552 165 5284
865 2 2 5 1 8343 6860 8391
866 2 2 5 1 4424 7796 8773
867 2 2 5 1 5535 5544 8317
868 2 2 5 1 3388 2989 6417
869 2 2 5 1 8151 376 8498
870 2 2 5 1 8171 5047 8547
871 2 2 5 1 5492 3173 8454
872 2 2 5 1 3602 5278 6552
873 2 2 5 1 367 8203 8467
874 2 2 5 1 7812 5161 7894
875 2 2 5 1 5588 698 7908
876 2 2 5 1 5085 1283 8638
877 2 2 5 1 5034 1303 8569
878 2 2 5 1 1303 5034 8570
879 2 2 5 1 2526 5259 6271
880 2 2 5 1 7103 6519 8391
881 2 2 5 1 3556 8019 8033
882 2 2 5 1 6100 8260 8542
883 2 2 5 1 5992 7857 8332
884 2 2 5 1 4404 5155 5915
885 2 2 5 1 6638 3591 8281
886 2 2 5 1 8019 6485 8033
887 2 2 5 1 3522 6597 8044
888 2 2 5 1 4806 6569 6570
889 2 2 5 1 2811 8100 8481
890 2 2 5 1 422 421 5453
891 2 2 5 1 4785 3950 7323
892 2 2 5 1 5310 1418 5573
893 2 2 5 1 3501 6119 8209
894 2 2 5 1 6262 5235 8423
895 2 2 5 1 5149 5146 5247
896 2 2 5 1 2254 8305 8360
897 2 2 5 1 4509 5421 7917
898 2 2 5 1 6119 3501 8222
899 2 2 5 1 5161 5183 7894
900 2 2 5 1 2355 2353 8302
901 2 2 5 1 1417 1418 5310
902 2 2 5 1 1544 5177 5254
903 2 2 5 1 3555 8022 8038
904 2 2 5 1 7720 3081 8729
905 2 2 5 1 8022 6478 8038
906 2 2 5 1 1588 1544 5254
907 2 2 5 1 6769 4535 6770
908 2 2 5 1 3622 6235 6237
909 2 2 5 1 5187 4487 5189
910 2 2 5 1 5466 5124 6940
911 2 2 5 1 1476 5169 5436
912 2 2 5 1 5272 5273 6731
913 2 2 5 1 842 5272 6731
914 2 2 5 1 8305 5082 8360
915 2 2 5 1 3553 8028 8036
916 2 2 5 1 6330 3503 8425
917 2 2 5 1 6445 4785 7323
918 2 2 5 1 1660 5581 8296
919 2 2 5 1 2740 3091 5393
920 2 2 5 1 8028 6471 8036
921 2 2 5 1 472 6247 8203
922 2 2 5 1 5215 5779 6747
923 2 2 5 1 689 596 8229
924 2 2 5 1 2445 5170 6141
925 2 2 5 1 5266 4741 6745
926 2 2 5 1 1932 5266 6745
927 2 2 5 1 1409 5263 8394
928 2 2 5 1 1004 5508 8249
929 2 2 5 1 5283 3445 5337
930 2 2 5 1 2466 5437 7862
931 2 2 5 1 6713 6774 8316
932 2 2 5 1 342 504 8357
933 2 2 5 1 6205 2269 8180
934 2 2 5 1 5170 2445 6143
935 2 2 5 1 5776 3835 8120
936 2 2 5 1 8024 3551 8027
937 2 2 5 1 3488 4508 5245
938 2 2 5 1 6465 8024 8027
939 2 2 5 1 5263 1409 8466
940 2 2 5 1 3174 5245 5340
941 2 2 5 1 5499 1661 8268
942 2 2 5 1 1938 1864 6018
943 2 2 5 1 5134 5133 6206
944 2 2 5 1 3604 6230 7287
945 2 2 5 1 8361 5544 8400
946 2 2 5 1 57 463 8788
947 2 2 5 1 3550 8025 8031
948 2 2 5 1 8025 6458 8031
949 2 2 5 1 5062 5061 8793
950 2 2 5 1 6230 6229 7287
951 2 2 5 1 6128 4128 8259
952 2 2 5 1 5170 5382 6141
953 2 2 5 1 4264 5179 5277
954 2 2 5 1 6642 4744 6647
955 2 2 5 1 8290 6534 8548
956 2 2 5 1 4510 7917 7992
957 2 2 5 1 4442 5156 5467
958 2 2 5 1 5382 530 6141
959 2 2 5 1 6646 3443 6648
960 2 2 5 1 4264 5277 7126
961 2 2 5 1 5499 5456 8483
962 2 2 5 1 5111 3963 8171
963 2 2 5 1 5184 4805 5408
964 2 2 5 1 8261 5016 8267
965 2 2 5 1 8276 2976 8335
966 2 2 5 1 1859 8361 8400
967 2 2 5 1 5016 5227 8267
968 2 2 5 1 1282 5453 8308
969 2 2 5 1 466 46 5440
970 2 2 5 1 5148 5137 6206
971 2 2 5 1 6728 4923 8566
972 2 2 5 1 8260 759 8378
973 2 2 5 1 471 6311 8644
974 2 2 5 1 5194 2438 5361
975 2 2 5 1 6127 4253 8266
976 2 2 5 1 6576 7703 8719
977 2 2 5 1 5262 4190 5263
978 2 2 5 1 5179 4264 5383
979 2 2 5 1 5348 5349 5501
980 2 2 5 1 4872 5197 7927
981 2 2 5 1 8032 785 8035
982 2 2 5 1 5221 8032 8035
983 2 2 5 1 5168 753 8283
984 2 2 5 1 7925 4872 7927
985 2 2 5 1 3469 6014 8622
986 2 2 5 1 2234 1850 5431
987 2 2 5 1 4122 5055 5305
988 2 2 5 1 7855 5347 7945
989 2 2 5 1 5355 7854 7946
990 2 2 5 1 3476 3981 6359
991 2 2 5 1 4253 6127 8631
992 2 2 5 1 2892 5589 6810
993 2 2 5 1 758 710 5314
994 2 2 5 1 1853 6633 7586
995 2 2 5 1 5440 47 8238
996 2 2 5 1 5915 3908 7463
997 2 2 5 1 5502 1003 8248
998 2 2 5 1 4128 6128 8619
999 2 2 5 1 2245 6017 6018
1000 2 2 5 1 6229 3056 7287
1001 2 2 5 1 699 2450 5314
1002 2 2 5 1 6623 6624 6632
1003 2 2 5 1 6634 8276 8335
1004 2 2 5 1 2438 5192 5392
1005 2 2 5 1 1850 1766 5431
1006 2 2 5 1 5175 465 8165
1007 2 2 5 1 5107 5292 5441
1008 2 2 5 1 3056 6229 6231
1009 2 2 5 1 4819 5120 8516
1010 2 2 5 1 5306 4811 7963
1011 2 2 5 1 5272 842 8060
1012 2 2 5 1 4048 6608 6610
1013 2 2 5 1 503 5121 8169
1014 2 2 5 1 7180 4636 8404
1015 2 2 5 1 6523 8343 8391
1016 2 2 5 1 633 691 8174
1017 2 2 5 1 6940 5188 8835
1018 2 2 5 1 6583 4839 6725
1019 2 2 5 1 753 5168 8597
1020 2 2 5 1 6273 3935 7369
1021 2 2 5 1 5564 4458 8387
1022 2 2 5 1 469 5181 7961
1023 2 2 5 1 6095 6096 6099
1024 2 2 5 1 650 640 5331
1025 2 2 5 1 1695 1401 5436
1026 2 2 5 1 518 526 5419
1027 2 2 5 1 2233 5049 8591
1028 2 2 5 1 5194 5362 5368
1029 2 2 5 1 483 8297 8428
1030 2 2 5 1 5368 3584 7200
1031 2 2 5 1 4952 8290 8548
1032 2 2 5 1 5095 2414 8294
1033 2 2 5 1 4594 5194 5368
1034 2 2 5 1 541 6333 8765
1035 2 2 5 1 8402 4842 8412
1036 2 2 5 1 7891 5337 8121
1037 2 2 5 1 430 8202 8450
1038 2 2 5 1 4487 3999 5189
1039 2 2 5 1 4842 4672 8412
1040 2 2 5 1 5049 2233 8602
1041 2 2 5 1 638 2437 5331
1042 2 2 5 1 6433 6434 8011
1043 2 2 5 1 8009 6433 8011
1044 2 2 5 1 2713 2835 5229
1045 2 2 5 1 6014 5189 8622
1046 2 2 5 1 6646 8286 8289
1047 2 2 5 1 7004 4850 8217
1048 2 2 5 1 5183 1333 7894
1049 2 2 5 1 5212 1497 6300
1050 2 2 5 1 6312 8151 8498
1051 2 2 5 1 3622 6237 7319
1052 2 2 5 1 8286 5087 8289
1053 2 2 5 1 4509 3993 5420
1054 2 2 5 1 2414 5095 8675
1055 2 2 5 1 3664 5205 5388
1056 2 2 5 1 5206 3666 5389
1057 2 2 5 1 8203 5798 8467
1058 2 2 5 1 4601 5762 8140
1059 2 2 5 1 5247 5146 8526
1060 2 2 5 1 5357 5356 5582
1061 2 2 5 1 491 5109 8100
1062 2 2 5 1 6553 2947 8561
1063 2 2 5 1 4510 4509 7917
1064 2 2 5 1 6237 7457 7616
1065 2 2 5 1 6741 4461 8395
1066 2 2 5 1 5779 1931 6747
1067 2 2 5 1 762 5401 5564
1068 2 2 5 1 2613 6578 7799
1069 2 2 5 1 4834 3476 6359
1070 2 2 5 1 5090 4811 5306
1071 2 2 5 1 1590 5197 7891
1072 2 2 5 1 8100 5109 8481
1073 2 2 5 1 2740 5393 8247
1074 2 2 5 1 5883 6770 8389
1075 2 2 5 1 8033 6485 8057
1076 2 2 5 1 996 5303 5684
1077 2 2 5 1 6602 6604 6605
1078 2 2 5 1 6485 6486 8057
1079 2 2 5 1 1661 5499 8483
1080 2 2 5 1 5303 5304 5684
1081 2 2 5 1 6619 6620 6631
1082 2 2 5 1 6247 472 8611
1083 2 2 5 1 5109 491 8115
1084 2 2 5 1 596 594 5438
1085 2 2 5 1 6632 6633 6635
1086 2 2 5 1 6492 6491 8021
1087 2 2 5 1 5331 2437 7732
1088 2 2 5 1 6492 8021 8029
1089 2 2 5 1 5244 5243 7971
1090 2 2 5 1 2357 2355 6236
1091 2 2 5 1 4871 5427 6582
1092 2 2 5 1 465 5175 8707
1093 2 2 5 1 6770 5883 8488
1094 2 2 5 1 6644 6646 6648
1095 2 2 5 1 6807 5329 8524
1096 2 2 5 1 6640 6642 6647
1097 2 2 5 1 8038 6478 8059
1098 2 2 5 1 1280 5131 5132
1099 2 2 5 1 5121 503 8709
1100 2 2 5 1 6478 6479 8059
1101 2 2 5 1 5194 5361 5362
1102 2 2 5 1 5162 2855 5229
1103 2 2 5 1 3686 8081 8425
1104 2 2 5 1 5360 3923 7854
1105 2 2 5 1 3924 5352 7855
1106 2 2 5 1 6271 4039 6272
1107 2 2 5 1 5522 3081 7702
1108 2 2 5 1 5602 2232 8617
1109 2 2 5 1 603 651 5361
1110 2 2 5 1 5257 5191 8519
1111 2 2 5 1 3899 7014 8288
1112 2 2 5 1 5190 5258 8518
1113 2 2 5 1 3596 2850 5403
1114 2 2 5 1 504 8369 8376
1115 2 2 5 1 8369 5374 8376
1116 2 2 5 1 6173 8527 8530
1117 2 2 5 1 5458 5581 8484
1118 2 2 5 1 8527 4389 8530
1119 2 2 5 1 5146 7987 8526
1120 2 2 5 1 2232 5602 8628
1121 2 2 5 1 6100 6097 8260
1122 2 2 5 1 5209 5475 6007
1123 2 2 5 1 5476 5211 6008
1124 2 2 5 1 8519 5191 8540
1125 2 2 5 1 8036 6471 8053
1126 2 2 5 1 5190 8518 8539
1127 2 2 5 1 5599 3957 8737
1128 2 2 5 1 6471 6472 8053
1129 2 2 5 1 4784 4785 6447
1130 2 2 5 1 7987 6305 8526
1131 2 2 5 1 1646 1555 5416
1132 2 2 5 1 2438 601 5361
1133 2 2 5 1 6267 4762 6269
1134 2 2 5 1 2709 1975 5408
1135 2 2 5 1 631 633 5484
1136 2 2 5 1 3651 5184 5408
1137 2 2 5 1 5197 1590 7927
1138 2 2 5 1 5180 501 8769
1139 2 2 5 1 7418 695 8351
1140 2 2 5 1 696 7416 8350
1141 2 2 5 1 8261 997 8501
1142 2 2 5 1 3175 6522 8213
1143 2 2 5 1 6465 6494 8026
1144 2 2 5 1 4875 4538 7827
1145 2 2 5 1 8024 6465 8026
1146 2 2 5 1 3139 5097 8280
1147 2 2 5 1 6264 4428 6266
1148 2 2 5 1 5581 1660 8484
1149 2 2 5 1 5181 469 8771
1150 2 2 5 1 6632 6627 6633
1151 2 2 5 1 4322 6260 6262
1152 2 2 5 1 5822 3439 5823
1153 2 2 5 1 5208 4637 5475
1154 2 2 5 1 4638 5210 5476
1155 2 2 5 1 5203 1716 7212
1156 2 2 5 1 5238 8432 8443
1157 2 2 5 1 5857 3190 8154
1158 2 2 5 1 599 2438 5392
1159 2 2 5 1 692 571 5741
1160 2 2 5 1 5066 4080 5230
1161 2 2 5 1 4075 5070 5232
1162 2 2 5 1 6363 6361 8205
1163 2 2 5 1 501 5180 8761
1164 2 2 5 1 6447 2531 7698
1165 2 2 5 1 5237 5238 8443
1166 2 2 5 1 5981 5982 8190
1167 2 2 5 1 1716 5203 5867
1168 2 2 5 1 4080 4605 5230
1169 2 2 5 1 4608 4075 5232
1170 2 2 5 1 5279 1820 5281
1171 2 2 5 1 5762 4601 8753
1172 2 2 5 1 6456 6461 8034
1173 2 2 5 1 5544 2758 8317
1174 2 2 5 1 5173 486 7999
1175 2 2 5 1 4154 5110 8292
1176 2 2 5 1 1325 8558 8584
1177 2 2 5 1 4588 7204 8548
1178 2 2 5 1 2953 6762 6926
1179 2 2 5 1 5165 3921 5388
1180 2 2 5 1 3922 5166 5389
1181 2 2 5 1 3327 5348 5501
1182 2 2 5 1 6669 3850 7669
1183 2 2 5 1 8557 1324 8583
1184 2 2 5 1 6090 3860 8714
1185 2 2 5 1 5938 1325 8584
1186 2 2 5 1 5079 2557 7883
1187 2 2 5 1 7744 4612 7791
1188 2 2 5 1 3860 6090 8666
1189 2 2 5 1 1324 5939 8583
1190 2 2 5 1 5165 5388 7195
1191 2 2 5 1 5389 5166 7196
1192 2 2 5 1 6815 6539 8318
1193 2 2 5 1 557 645 5595
1194 2 2 5 1 1414 5277 7247
1195 2 2 5 1 8639 6133 8648
1196 2 2 5 1 5240 8328 8352
1197 2 2 5 1 5277 4496 7247
1198 2 2 5 1 4588 4555 7204
1199 2 2 5 1 5222 2437 5483
1200 2 2 5 1 4612 4840 7791
1201 2 2 5 1 3635 6442 8002
1202 2 2 5 1 5892 8058 8453
1203 2 2 5 1 6442 3635 8001
1204 2 2 5 1 7733 5527 8788
1205 2 2 5 1 5669 5668 8785
1206 2 2 5 1 6519 6523 8391
1207 2 2 5 1 2892 6810 8665
1208 2 2 5 1 5337 3445 5741
1209 2 2 5 1 3160 3664 5388
1210 2 2 5 1 3666 3161 5389
1211 2 2 5 1 3636 6438 8007
1212 2 2 5 1 6763 3072 7616
1213 2 2 5 1 694 771 5639
1214 2 2 5 1 4913 8639 8648
1215 2 2 5 1 6438 3636 8006
1216 2 2 5 1 7692 4878 7744
1217 2 2 5 1 2437 636 5483
1218 2 2 5 1 5823 3439 5825
1219 2 2 5 1 3602 6552 8549
1220 2 2 5 1 1334 8210 8227
1221 2 2 5 1 5160 5158 5416
1222 2 2 5 1 7226 8424 8442
1223 2 2 5 1 5179 5383 6117
1224 2 2 5 1 4505 4504 6332
1225 2 2 5 1 5996 8260 8378
1226 2 2 5 1 5203 5577 5867
1227 2 2 5 1 8210 4993 8227
1228 2 2 5 1 8046 6601 8048
1229 2 2 5 1 3964 8046 8048
1230 2 2 5 1 8268 14 8333
1231 2 2 5 1 5577 3191 5867
1232 2 2 5 1 6434 3557 8011
1233 2 2 5 1 5822 5820 7520
1234 2 2 5 1 5356 3330 5582
1235 2 2 5 1 5254 4500 7754
1236 2 2 5 1 4878 4612 7744
1237 2 2 5 1 3557 6434 8016
1238 2 2 5 1 5381 2561 7551
1239 2 2 5 1 8653 5171 8693
1240 2 2 5 1 475 7847 8223
1241 2 2 5 1 1715 5225 7150
1242 2 2 5 1 7857 5130 8332
1243 2 2 5 1 5097 3139 8721
1244 2 2 5 1 8627 1058 8651
1245 2 2 5 1 101 8296 8311
1246 2 2 5 1 5850 8500 8514
1247 2 2 5 1 8328 1645 8352
1248 2 2 5 1 1590 7891 8121
1249 2 2 5 1 8424 3437 8442
1250 2 2 5 1 5527 7733 8727
1251 2 2 5 1 5651 2852 7282
1252 2 2 5 1 4508 5242 5245
1253 2 2 5 1 8192 2618 8233
1254 2 2 5 1 5362 5364 5368
1255 2 2 5 1 6238 6230 8471
1256 2 2 5 1 6569 4806 8534
1257 2 2 5 1 5225 1715 5857
1258 2 2 5 1 4012 4483 5437
1259 2 2 5 1 4006 8653 8693
1260 2 2 5 1 4685 5712 7862
1261 2 2 5 1 8500 4423 8514
1262 2 2 5 1 5252 5599 8737
1263 2 2 5 1 5502 5500 8333
1264 2 2 5 1 5174 8627 8651
1265 2 2 5 1 5110 4154 8720
1266 2 2 5 1 8135 5794 8326
1267 2 2 5 1 6774 6713 8486
1268 2 2 5 1 4320 5315 5316
1269 2 2 5 1 5244 7971 8710
1270 2 2 5 1 3072 5921 7616
1271 2 2 5 1 3849 6501 7785
1272 2 2 5 1 6095 5367 8762
1273 2 2 5 1 2855 2713 5229
1274 2 2 5 1 4535 6769 7299
1275 2 2 5 1 596 5438 8229
1276 2 2 5 1 5240 5239 7780
1277 2 2 5 1 7647 5240 7780
1278 2 2 5 1 1796 5254 7754
1279 2 2 5 1 1640 5430 8418
1280 2 2 5 1 3556 6491 8019
1281 2 2 5 1 6491 3556 8021
1282 2 2 5 1 5349 5456 5501
1283 2 2 5 1 4949 6330 8425
1284 2 2 5 1 3555 6486 8022
1285 2 2 5 1 6236 2355 8302
1286 2 2 5 1 5836 5837 8826
1287 2 2 5 1 5030 5029 8690
1288 2 2 5 1 7799 6578 8725
1289 2 2 5 1 5327 482 5328
1290 2 2 5 1 8202 5135 8450
1291 2 2 5 1 6815 3677 8381
1292 2 2 5 1 5328 482 5329
1293 2 2 5 1 3503 6330 7662
1294 2 2 5 1 5068 2615 8141
1295 2 2 5 1 2614 5072 8142
1296 2 2 5 1 6602 6605 8012
1297 2 2 5 1 504 7638 8357
1298 2 2 5 1 8160 5689 8385
1299 2 2 5 1 6486 3555 8057
1300 2 2 5 1 771 2221 5639
1301 2 2 5 1 6601 8012 8048
1302 2 2 5 1 3445 5283 5874
1303 2 2 5 1 5430 1640 8536
1304 2 2 5 1 3553 6479 8028
1305 2 2 5 1 8061 6745 8063
1306 2 2 5 1 4213 8061 8063
1307 2 2 5 1 5315 4320 7373
1308 2 2 5 1 4680 5255 8258
1309 2 2 5 1 5213 483 8610
1310 2 2 5 1 5030 8690 8712
1311 2 2 5 1 5249 7787 7887
1312 2 2 5 1 7787 4468 7887
1313 2 2 5 1 5299 3957 8537
1314 2 2 5 1 5977 8413 8585
1315 2 2 5 1 7992 5683 7996
1316 2 2 5 1 3008 5315 7373
1317 2 2 5 1 5484 633 8174
1318 2 2 5 1 5016 8261 8501
1319 2 2 5 1 5202 2552 5284
1320 2 2 5 1 6479 3553 8059
1321 2 2 5 1 734 708 5874
1322 2 2 5 1 2290 2065 5253
1323 2 2 5 1 3551 6472 8027
1324 2 2 5 1 2300 8167 8205
1325 2 2 5 1 6273 7369 8600
1326 2 2 5 1 5119 5649 5651
1327 2 2 5 1 2221 5637 5639
1328 2 2 5 1 4839 6583 8592
1329 2 2 5 1 2931 1938 6018
1330 2 2 5 1 2852 5651 5652
1331 2 2 5 1 5920 6237 7616
1332 2 2 5 1 6472 3551 8053
1333 2 2 5 1 4510 7992 7996
1334 2 2 5 1 1115 827 5825
1335 2 2 5 1 1864 2245 6018
1336 2 2 5 1 3627 4007 5906
1337 2 2 5 1 4009 3630 5907
1338 2 2 5 1 6519 7103 8415
1339 2 2 5 1 6601 6602 8012
1340 2 2 5 1 2065 2681 5253
1341 2 2 5 1 3550 6494 8025
1342 2 2 5 1 5458 5357 5582
1343 2 2 5 1 5637 2221 5640
1344 2 2 5 1 6494 3550 8026
1345 2 2 5 1 6718 7826 8508
1346 2 2 5 1 1497 5212 8237
1347 2 2 5 1 5065 4980 6804
1348 2 2 5 1 3993 5151 5420
1349 2 2 5 1 3957 5299 8737
1350 2 2 5 1 5153 1314 8414
1351 2 2 5 1 6806 4902 8494
1352 2 2 5 1 5521 5519 8245
1353 2 2 5 1 5509 5508 8311
1354 2 2 5 1 5443 6580 6581
1355 2 2 5 1 6604 4525 6605
1356 2 2 5 1 6458 3645 8031
1357 2 2 5 1 5287 5288 8738
1358 2 2 5 1 8402 5902 8587
1359 2 2 5 1 2246 5268 6953
1360 2 2 5 1 7847 475 8810
1361 2 2 5 1 5530 557 5595
1362 2 2 5 1 5059 8673 8679
1363 2 2 5 1 5260 4830 8143
1364 2 2 5 1 6819 4669 6820
1365 2 2 5 1 8371 4893 8517
1366 2 2 5 1 5233 495 8015
1367 2 2 5 1 4822 6803 8465
1368 2 2 5 1 496 5231 8014
1369 2 2 5 1 6461 4547 8034
1370 2 2 5 1 244 245 8037
1371 2 2 5 1 5550 5549 8382
1372 2 2 5 1 907 7004 8217
1373 2 2 5 1 5209 5208 5475
1374 2 2 5 1 5210 5211 5476
1375 2 2 5 1 5221 2722 8032
1376 2 2 5 1 4011 4515 8080
1377 2 2 5 1 5414 5415 7631
1378 2 2 5 1 1818 518 5419
1379 2 2 5 1 3924 7855 7945
1380 2 2 5 1 7854 3923 7946
1381 2 2 5 1 8673 500 8679
1382 2 2 5 1 5479 799 6735
1383 2 2 5 1 7913 5638 7921
1384 2 2 5 1 5235 2527 8030
1385 2 2 5 1 5797 1272 8467
1386 2 2 5 1 7206 4532 8042
1387 2 2 5 1 1401 1476 5436
1388 2 2 5 1 5227 1877 8267
1389 2 2 5 1 2466 1695 5436
1390 2 2 5 1 4515 5256 8079
1391 2 2 5 1 5547 5546 8380
1392 2 2 5 1 4875 7827 8731
1393 2 2 5 1 6804 4980 8451
1394 2 2 5 1 4404 5915 7463
1395 2 2 5 1 4515 8079 8080
1396 2 2 5 1 8041 4301 8312
1397 2 2 5 1 4483 8157 8299
1398 2 2 5 1 8368 5550 8382
1399 2 2 5 1 6519 6520 6523
1400 2 2 5 1 5008 5007 8660
1401 2 2 5 1 5009 5010 8661
1402 2 2 5 1 1763 7913 7921
1403 2 2 5 1 249 250 8040
1404 2 2 5 1 1306 5081 8711
1405 2 2 5 1 5056 5057 7977
1406 2 2 5 1 7034 8088 8219
1407 2 2 5 1 8045 2592 8306
1408 2 2 5 1 5505 4921 5508
1409 2 2 5 1 5119 5651 7282
1410 2 2 5 1 5280 5890 5975
1411 2 2 5 1 526 3193 5419
1412 2 2 5 1 3008 5267 5315
1413 2 2 5 1 5281 1820 5874
1414 2 2 5 1 6271 5259 8463
1415 2 2 5 1 8218 648 8468
1416 2 2 5 1 8661 5010 8687
1417 2 2 5 1 5008 8660 8688
1418 2 2 5 1 5384 4537 5387
1419 2 2 5 1 8413 4675 8585
1420 2 2 5 1 4493 5384 5387
1421 2 2 5 1 1408 6322 8498
1422 2 2 5 1 5546 8367 8380
1423 2 2 5 1 5318 5294 8800
1424 2 2 5 1 5088 3908 5915
1425 2 2 5 1 2557 5079 8744
1426 2 2 5 1 5318 8800 8802
1427 2 2 5 1 6048 6044 7779
1428 2 2 5 1 5089 8612 8621
1429 2 2 5 1 6012 5650 7930
1430 2 2 5 1 5113 7438 8300
1431 2 2 5 1 5343 5489 5617
1432 2 2 5 1 8104 5578 8329
1433 2 2 5 1 7958 5823 8076
1434 2 2 5 1 8612 2441 8621
1435 2 2 5 1 3923 5360 8195
1436 2 2 5 1 5352 3924 8196
1437 2 2 5 1 5971 5972 7797
1438 2 2 5 1 6582 5427 8608
1439 2 2 5 1 8433 4549 8437
1440 2 2 5 1 6202 1390 8125
1441 2 2 5 1 5231 26 8397
1442 2 2 5 1 89 5233 8398
1443 2 2 5 1 5155 3596 5403
1444 2 2 5 1 2561 5381 8588
1445 2 2 5 1 6594 6593 8044
1446 2 2 5 1 7900 6157 8155
1447 2 2 5 1 6206 5133 6207
1448 2 2 5 1 5921 3072 8616
1449 2 2 5 1 3850 6669 8705
1450 2 2 5 1 2850 3073 5403
1451 2 2 5 1 7930 5650 7949
1452 2 2 5 1 4053 5343 5617
1453 2 2 5 1 8081 4949 8425
1454 2 2 5 1 6444 8433 8437
1455 2 2 5 1 6243 6242 7970
1456 2 2 5 1 6419 5288 8571
1457 2 2 5 1 3073 1646 5416
1458 2 2 5 1 7453 3547 8401
1459 2 2 5 1 7246 4507 7781
1460 2 2 5 1 5488 5344 5616
1461 2 2 5 1 5385 4603 7033
1462 2 2 5 1 7889 4028 7923
1463 2 2 5 1 4444 4912 5297
1464 2 2 5 1 1773 8432 8535
1465 2 2 5 1 4822 5053 6803
1466 2 2 5 1 5081 1306 8764
1467 2 2 5 1 1820 5279 6785
1468 2 2 5 1 3439 5822 7520
1469 2 2 5 1 1555 1554 5416
1470 2 2 5 1 5241 1264 7936
1471 2 2 5 1 831 1045 6529
1472 2 2 5 1 5881 5879 7542
1473 2 2 5 1 5239 2723 7780
1474 2 2 5 1 5837 1411 8344
1475 2 2 5 1 4320 5316 6529
1476 2 2 5 1 7147 5742 8071
1477 2 2 5 1 7851 6047 8132
1478 2 2 5 1 5344 4052 5616
1479 2 2 5 1 4842 8402 8587
1480 2 2 5 1 5890 5280 7324
1481 2 2 5 1 4590 7180 8404
1482 2 2 5 1 2893 5890 7324
1483 2 2 5 1 5505 5503 7623
1484 2 2 5 1 6332 512 8143
1485 2 2 5 1 7358 8204 8269
1486 2 2 5 1 5225 5857 8154
1487 2 2 5 1 4678 6048 7779
1488 2 2 5 1 6730 6731 8056
1489 2 2 5 1 811 780 6785
1490 2 2 5 1 2297 2344 5653
1491 2 2 5 1 571 573 5741
1492 2 2 5 1 8058 4429 8453
1493 2 2 5 1 8245 5519 8629
1494 2 2 5 1 494 6822 7644
1495 2 2 5 1 2723 7958 8076
1496 2 2 5 1 6913 5153 8345
1497 2 2 5 1 5562 31 8490
1498 2 2 5 1 84 5556 8491
1499 2 2 5 1 8049 6730 8056
1500 2 2 5 1 31 5562 8495
1501 2 2 5 1 5556 84 8496
1502 2 2 5 1 4636 7180 8430
1503 2 2 5 1 4921 5505 7623
1504 2 2 5 1 8087 1819 8103
1505 2 2 5 1 6038 8362 8462
1506 2 2 5 1 645 661 5595
1507 2 2 5 1 5664 4052 7719
1508 2 2 5 1 4053 5665 7718
1509 2 2 5 1 4461 6741 8449
1510 2 2 5 1 5649 5119 7771
1511 2 2 5 1 5229 2835 7683
1512 2 2 5 1 8157 6017 8299
1513 2 2 5 1 5581 5509 8296
1514 2 2 5 1 6012 1763 7921
1515 2 2 5 1 5207 8371 8517
1516 2 2 5 1 4919 5496 5502
1517 2 2 5 1 336 5228 8760
1518 2 2 5 1 264 265 8060
1519 2 2 5 1 6415 3388 6417
1520 2 2 5 1 4463 8224 8386
1521 2 2 5 1 2596 5214 7941
1522 2 2 5 1 5330 3743 6560
1523 2 2 5 1 6418 6412 8244
1524 2 2 5 1 3445 692 5741
1525 2 2 5 1 6081 4786 8358
1526 2 2 5 1 5377 800 6816
1527 2 2 5 1 5230 4605 5231
1528 2 2 5 1 4608 5232 5233
1529 2 2 5 1 5316 7928 8018
1530 2 2 5 1 4873 2946 7853
1531 2 2 5 1 5343 4053 7718
1532 2 2 5 1 4052 5344 7719
1533 2 2 5 1 7839 4873 7853
1534 2 2 5 1 5870 2560 6813
1535 2 2 5 1 5772 5773 8120
1536 2 2 5 1 5468 5295 8347
1537 2 2 5 1 5296 5469 8346
1538 2 2 5 1 5207 1693 8371
1539 2 2 5 1 5642 5641 7599
1540 2 2 5 1 5293 2893 7324
1541 2 2 5 1 4504 5096 6332
1542 2 2 5 1 4830 4505 6332
1543 2 2 5 1 3978 3976 5779
1544 2 2 5 1 5289 3554 7040
1545 2 2 5 1 5115 5289 7040
1546 2 2 5 1 1852 2102 6635
1547 2 2 5 1 5267 3008 5583
1548 2 2 5 1 8341 7417 8803
1549 2 2 5 1 7419 8342 8804
1550 2 2 5 1 5494 5496 7624
1551 2 2 5 1 6269 4762 8586
1552 2 2 5 1 5683 5684 8005
1553 2 2 5 1 8271 5291 8285
1554 2 2 5 1 8158 7413 8193
1555 2 2 5 1 6368 3119 7902
1556 2 2 5 1 5288 6419 8509
1557 2 2 5 1 7996 5683 8005
1558 2 2 5 1 6501 3849 8718
1559 2 2 5 1 4015 5317 5821
1560 2 2 5 1 7438 5113 8742
1561 2 2 5 1 2905 2906 6647
1562 2 2 5 1 2893 5293 5789
1563 2 2 5 1 4190 5262 8461
1564 2 2 5 1 6035 8313 8393
1565 2 2 5 1 8521 4956 8523
1566 2 2 5 1 4551 8105 8113
1567 2 2 5 1 5259 2526 7942
1568 2 2 5 1 2852 5652 5653
1569 2 2 5 1 7584 5873 7974
1570 2 2 5 1 2723 5239 7958
1571 2 2 5 1 5087 8286 8293
1572 2 2 5 1 545 557 5530
1573 2 2 5 1 5280 5975 6785
1574 2 2 5 1 5291 5290 8285
1575 2 2 5 1 5462 2771 7017
1576 2 2 5 1 5466 4145 6405
1577 2 2 5 1 4743 6648 6995
1578 2 2 5 1 1891 5466 6405
1579 2 2 5 1 4532 6453 8042
1580 2 2 5 1 6002 5028 8741
1581 2 2 5 1 5339 3813 5378
1582 2 2 5 1 5904 5905 7964
1583 2 2 5 1 4626 4015 5821
1584 2 2 5 1 5169 4012 5437
1585 2 2 5 1 1249 8521 8523
1586 2 2 5 1 5407 4962 7968
1587 2 2 5 1 5643 3266 5645
1588 2 2 5 1 6453 4532 8043
1589 2 2 5 1 5508 4921 8249
1590 2 2 5 1 8095 7262 8097
1591 2 2 5 1 7274 8096 8099
1592 2 2 5 1 5475 2923 6007
1593 2 2 5 1 2924 5476 6008
1594 2 2 5 1 5312 5087 8293
1595 2 2 5 1 1875 7948 7954
1596 2 2 5 1 1763 6012 7930
1597 2 2 5 1 5249 1330 7928
1598 2 2 5 1 5330 5385 7033
1599 2 2 5 1 4550 4551 8113
1600 2 2 5 1 4591 5687 8160
1601 2 2 5 1 4786 6081 8662
1602 2 2 5 1 5028 6002 8726
1603 2 2 5 1 6629 6630 8281
1604 2 2 5 1 5642 3266 5643
1605 2 2 5 1 7299 1681 7622
1606 2 2 5 1 1330 5249 7887
1607 2 2 5 1 3799 6401 6403
1608 2 2 5 1 4461 4742 8395
1609 2 2 5 1 4347 7358 8269
1610 2 2 5 1 8260 5996 8542
1611 2 2 5 1 6718 502 7826
1612 2 2 5 1 5518 5519 5520
1613 2 2 5 1 7948 4728 7954
1614 2 2 5 1 6198 6207 8340
1615 2 2 5 1 5270 2069 7609
1616 2 2 5 1 3300 6568 6569
1617 2 2 5 1 2937 5271 7584
1618 2 2 5 1 8432 5238 8535
1619 2 2 5 1 5317 2185 5821
1620 2 2 5 1 5429 2532 6269
1621 2 2 5 1 5627 7825 7931
1622 2 2 5 1 3581 4026 5306
1623 2 2 5 1 4327 7388 7604
1624 2 2 5 1 5865 7609 7981
1625 2 2 5 1 4447 5752 8809
1626 2 2 5 1 5401 5400 5402
1627 2 2 5 1 7889 5531 8084
1628 2 2 5 1 5577 8158 8193
1629 2 2 5 1 708 3445 5874
1630 2 2 5 1 6142 8192 8233
1631 2 2 5 1 5639 5638 7897
1632 2 2 5 1 5821 5820 5822
1633 2 2 5 1 8095 4511 8129
1634 2 2 5 1 4985 8407 8436
1635 2 2 5 1 827 802 5825
1636 2 2 5 1 5189 4937 8622
1637 2 2 5 1 4512 8096 8131
1638 2 2 5 1 5333 4985 8436
1639 2 2 5 1 5918 6401 7292
1640 2 2 5 1 5318 3528 5319
1641 2 2 5 1 5496 4919 7624
1642 2 2 5 1 1877 5227 8786
1643 2 2 5 1 5500 5499 8268
1644 2 2 5 1 4641 5390 8337
1645 2 2 5 1 5391 4642 8338
1646 2 2 5 1 8039 3059 8101
1647 2 2 5 1 2290 5253 5299
1648 2 2 5 1 3582 3581 5306
1649 2 2 5 1 5650 5649 7771
1650 2 2 5 1 6401 3799 7292
1651 2 2 5 1 1099 1151 7321
1652 2 2 5 1 7909 5266 8064
1653 2 2 5 1 3343 3344 6975
1654 2 2 5 1 5234 4335 8365
1655 2 2 5 1 5455 3074 7630
1656 2 2 5 1 3075 5457 7712
1657 2 2 5 1 2996 2982 6631
1658 2 2 5 1 2982 3592 6631
1659 2 2 5 1 7837 6048 7875
1660 2 2 5 1 674 672 5895
1661 2 2 5 1 4591 8160 8385
1662 2 2 5 1 5993 5417 8833
1663 2 2 5 1 4897 6683 8529
1664 2 2 5 1 4428 6264 8553
1665 2 2 5 1 5243 4583 7971
1666 2 2 5 1 1495 5224 8354
1667 2 2 5 1 7530 8324 8366
1668 2 2 5 1 5636 5634 5640
1669 2 2 5 1 3266 5642 7599
1670 2 2 5 1 6926 6762 8560
1671 2 2 5 1 5256 4143 8079
1672 2 2 5 1 5626 5625 5677
1673 2 2 5 1 667 669 7285
1674 2 2 5 1 1564 664 6318
1675 2 2 5 1 6597 3522 8041
1676 2 2 5 1 5228 336 8781
1677 2 2 5 1 665 667 6702
1678 2 2 5 1 5687 4591 8182
1679 2 2 5 1 7909 8064 8072
1680 2 2 5 1 7808 2301 8047
1681 2 2 5 1 6207 6198 8758
1682 2 2 5 1 4007 5008 5906
1683 2 2 5 1 5010 4009 5907
1684 2 2 5 1 3964 6593 8046
1685 2 2 5 1 6593 3964 8044
1686 2 2 5 1 351 5350 5351
1687 2 2 5 1 5358 111 5359
1688 2 2 5 1 6702 667 7285
1689 2 2 5 1 7897 5638 7913
1690 2 2 5 1 3452 5864 5865
1691 2 2 5 1 1324 5190 8539
1692 2 2 5 1 5191 1325 8540
1693 2 2 5 1 2611 6806 8494
1694 2 2 5 1 3202 395 5338
1695 2 2 5 1 1148 1097 7338
1696 2 2 5 1 3906 8135 8326
1697 2 2 5 1 7195 4280 7379
1698 2 2 5 1 4282 7196 7380
1699 2 2 5 1 5271 2937 7689
1700 2 2 5 1 8271 1337 8364
1701 2 2 5 1 6316 1564 6318
1702 2 2 5 1 2069 5270 7688
1703 2 2 5 1 5605 5789 7737
1704 2 2 5 1 5300 3597 5671
1705 2 2 5 1 6608 4048 8458
1706 2 2 5 1 4354 4949 8081
1707 2 2 5 1 1820 734 5874
1708 2 2 5 1 5463 5969 5971
1709 2 2 5 1 4102 3627 5906
1710 2 2 5 1 3630 4103 5907
1711 2 2 5 1 2319 2296 5934
1712 2 2 5 1 5634 5637 5640
1713 2 2 5 1 5610 3403 5612
1714 2 2 5 1 3439 1115 5825
1715 2 2 5 1 5 510 511
1716 2 2 5 1 508 6 509
1717 2 2 5 1 4760 8087 8103
1718 2 2 5 1 1092 5307 5839
1719 2 2 5 1 5378 3813 5379
1720 2 2 5 1 1257 350 5351
1721 2 2 5 1 112 1256 5359
1722 2 2 5 1 6314 5342 7828
1723 2 2 5 1 5248 531 8045
1724 2 2 5 1 7131 4445 8547
1725 2 2 5 1 5500 8268 8333
1726 2 2 5 1 7933 6068 8085
1727 2 2 5 1 5190 1324 8557
1728 2 2 5 1 1325 5191 8558
1729 2 2 5 1 2061 5371 5583
1730 2 2 5 1 4511 3857 8129
1731 2 2 5 1 5 458 510
1732 2 2 5 1 394 6 508
1733 2 2 5 1 3859 4512 8131
1734 2 2 5 1 5261 1656 8513
1735 2 2 5 1 3031 3033 6101
1736 2 2 5 1 3173 510 7810
1737 2 2 5 1 8422 4987 8452
1738 2 2 5 1 7954 4728 7965
1739 2 2 5 1 2168 5345 5346
1740 2 2 5 1 5353 2169 5354
1741 2 2 5 1 7928 1330 8018
1742 2 2 5 1 4874 3915 6054
1743 2 2 5 1 8392 5609 8416
1744 2 2 5 1 510 458 7810
1745 2 2 5 1 3263 3669 5379
1746 2 2 5 1 1740 1831 5583
1747 2 2 5 1 785 5246 8035
1748 2 2 5 1 4959 6562 8128
1749 2 2 5 1 4004 3827 5802
1750 2 2 5 1 6774 5017 8316
1751 2 2 5 1 8296 5509 8311
1752 2 2 5 1 8188 5325 8200
1753 2 2 5 1 163 5260 8143
1754 2 2 5 1 8224 6446 8386
1755 2 2 5 1 721 670 5478
1756 2 2 5 1 2096 8204 8307
1757 2 2 5 1 7826 4876 8508
1758 2 2 5 1 1580 8407 8444
1759 2 2 5 1 3438 2332 8247
1760 2 2 5 1 5371 2061 7769
1761 2 2 5 1 5341 721 5478
1762 2 2 5 1 5354 5357 5406
1763 2 2 5 1 5349 5346 5405
1764 2 2 5 1 351 352 5350
1765 2 2 5 1 110 111 5358
1766 2 2 5 1 4795 8703 8728
1767 2 2 5 1 5218 4929 8828
1768 2 2 5 1 7916 5764 8175
1769 2 2 5 1 3245 6181 8832
1770 2 2 5 1 3826 4001 5804
1771 2 2 5 1 5369 5418 7092
1772 2 2 5 1 3810 7837 7875
1773 2 2 5 1 5424 5370 7095
1774 2 2 5 1 5789 5293 7737
1775 2 2 5 1 8091 6961 8102
1776 2 2 5 1 8054 3997 8565
1777 2 2 5 1 5872 3451 5873
1778 2 2 5 1 4728 5303 7965
1779 2 2 5 1 5418 4002 7092
1780 2 2 5 1 8703 6107 8728
1781 2 2 5 1 5325 5324 8200
1782 2 2 5 1 4005 5424 7095
1783 2 2 5 1 664 662 6318
1784 2 2 5 1 812 831 6529
1785 2 2 5 1 5989 5398 7175
1786 2 2 5 1 5507 5582 7280
1787 2 2 5 1 5120 5019 6197
1788 2 2 5 1 2298 5653 7841
1789 2 2 5 1 5386 1717 6552
1790 2 2 5 1 5437 4483 7862
1791 2 2 5 1 2185 5317 5824
1792 2 2 5 1 2344 2852 5653
1793 2 2 5 1 5284 498 5285
1794 2 2 5 1 5524 1360 5525
1795 2 2 5 1 7963 4811 8383
1796 2 2 5 1 1968 2227 5470
1797 2 2 5 1 6322 6312 8498
1798 2 2 5 1 2168 353 5345
1799 2 2 5 1 109 2169 5353
1800 2 2 5 1 2191 1857 8812
1801 2 2 5 1 5454 4327 7604
1802 2 2 5 1 6314 1564 6316
1803 2 2 5 1 5301 1284 5302
1804 2 2 5 1 7772 3115 7998
1805 2 2 5 1 4929 5218 8370
1806 2 2 5 1 5359 1256 5360
1807 2 2 5 1 1257 5351 5352
1808 2 2 5 1 8167 6363 8205
1809 2 2 5 1 3050 5369 7092
1810 2 2 5 1 2996 6632 6635
1811 2 2 5 1 6770 4535 8389
1812 2 2 5 1 555 5311 8545
1813 2 2 5 1 5370 3051 7095
1814 2 2 5 1 5582 3330 7280
1815 2 2 5 1 5369 3050 5908
1816 2 2 5 1 3051 5370 5910
1817 2 2 5 1 5201 2869 8589
1818 2 2 5 1 4942 3925 5426
1819 2 2 5 1 3926 4943 5425
1820 2 2 5 1 2227 5375 5470
1821 2 2 5 1 6683 4897 7710
1822 2 2 5 1 7683 4903 8298
1823 2 2 5 1 671 673 5988
1824 2 2 5 1 4666 5539 7778
1825 2 2 5 1 1227 7988 8137
1826 2 2 5 1 4327 5454 7108
1827 2 2 5 1 2591 5396 5398
1828 2 2 5 1 1261 878 7375
1829 2 2 5 1 5366 8218 8468
1830 2 2 5 1 5328 5330 6560
1831 2 2 5 1 5103 5100 5314
1832 2 2 5 1 7563 5734 7613
1833 2 2 5 1 5094 8427 8434
1834 2 2 5 1 780 1820 6785
1835 2 2 5 1 5283 5281 5874
1836 2 2 5 1 8094 6169 8119
1837 2 2 5 1 5531 5595 8084
1838 2 2 5 1 7014 5275 8212
1839 2 2 5 1 675 677 5740
1840 2 2 5 1 677 679 7086
1841 2 2 5 1 4899 8104 8329
1842 2 2 5 1 2748 5219 8541
1843 2 2 5 1 8188 1136 8282
1844 2 2 5 1 4618 5921 8616
1845 2 2 5 1 5740 677 7086
1846 2 2 5 1 670 668 5478
1847 2 2 5 1 1843 1968 5470
1848 2 2 5 1 5220 2749 8543
1849 2 2 5 1 2864 5450 7224
1850 2 2 5 1 8427 519 8434
1851 2 2 5 1 2298 2297 5653
1852 2 2 5 1 1319 7986 8127
1853 2 2 5 1 4213 6743 8061
1854 2 2 5 1 5346 5345 5405
1855 2 2 5 1 5353 5354 5406
1856 2 2 5 1 6743 4213 8062
1857 2 2 5 1 6745 4741 8063
1858 2 2 5 1 5266 1932 8064
1859 2 2 5 1 1045 4320 6529
1860 2 2 5 1 7147 8092 8112
1861 2 2 5 1 721 5341 5404
1862 2 2 5 1 773 801 5641
1863 2 2 5 1 5336 5198 5450
1864 2 2 5 1 5975 811 6785
1865 2 2 5 1 5617 5489 8743
1866 2 2 5 1 4498 7147 8071
1867 2 2 5 1 2869 5201 8624
1868 2 2 5 1 4654 5657 7770
1869 2 2 5 1 6739 4789 8576
1870 2 2 5 1 6142 6976 8192
1871 2 2 5 1 5379 5380 5381
1872 2 2 5 1 2555 7979 8777
1873 2 2 5 1 6884 6712 8574
1874 2 2 5 1 2466 5436 5437
1875 2 2 5 1 6803 480 8465
1876 2 2 5 1 7246 7781 8650
1877 2 2 5 1 6260 4322 8505
1878 2 2 5 1 4490 8138 8373
1879 2 2 5 1 6731 5273 8056
1880 2 2 5 1 6597 8041 8312
1881 2 2 5 1 5501 5498 6682
1882 2 2 5 1 4264 3595 5383
1883 2 2 5 1 2937 7584 7974
1884 2 2 5 1 5332 2767 5529
1885 2 2 5 1 7285 1067 7890
1886 2 2 5 1 3595 4487 5383
1887 2 2 5 1 2061 5896 7769
1888 2 2 5 1 5409 5908 7075
1889 2 2 5 1 2767 5332 5663
1890 2 2 5 1 7609 2069 7981
1891 2 2 5 1 3813 3263 5379
1892 2 2 5 1 5864 3452 7305
1893 2 2 5 1 5910 5410 7078
1894 2 2 5 1 5798 5797 8467
1895 2 2 5 1 4919 5502 8248
1896 2 2 5 1 8092 4523 8112
1897 2 2 5 1 5479 6735 8594
1898 2 2 5 1 3051 5910 7078
1899 2 2 5 1 1959 2215 5676
1900 2 2 5 1 5488 5616 8739
1901 2 2 5 1 5908 3050 7075
1902 2 2 5 1 4138 5471 7062
1903 2 2 5 1 694 5639 7897
1904 2 2 5 1 5531 7889 7923
1905 2 2 5 1 3976 5086 5779
1906 2 2 5 1 5215 3978 5779
1907 2 2 5 1 4335 5234 8699
1908 2 2 5 1 7644 6822 8637
1909 2 2 5 1 1853 1852 6635
1910 2 2 5 1 2102 2996 6635
1911 2 2 5 1 1564 6314 7828
1912 2 2 5 1 5503 2839 7623
1913 2 2 5 1 8172 3013 8173
1914 2 2 5 1 1131 5468 5699
1915 2 2 5 1 5449 5446 5493
1916 2 2 5 1 3743 5330 7033
1917 2 2 5 1 5248 8045 8306
1918 2 2 5 1 4588 8172 8173
1919 2 2 5 1 1284 5301 8581
1920 2 2 5 1 530 5382 6142
1921 2 2 5 1 2906 3591 6647
1922 2 2 5 1 4744 2905 6647
1923 2 2 5 1 609 8074 8117
1924 2 2 5 1 5132 5131 5133
1925 2 2 5 1 4298 7900 8155
1926 2 2 5 1 7947 719 7962
1927 2 2 5 1 8088 4579 8219
1928 2 2 5 1 4528 8094 8119
1929 2 2 5 1 8362 4620 8462
1930 2 2 5 1 6044 2676 7779
1931 2 2 5 1 4313 4314 6143
1932 2 2 5 1 5426 3925 5460
1933 2 2 5 1 3926 5425 5459
1934 2 2 5 1 2767 545 5530
1935 2 2 5 1 935 970 5645
1936 2 2 5 1 7797 5972 8708
1937 2 2 5 1 3180 5372 5570
1938 2 2 5 1 4048 6610 8824
1939 2 2 5 1 6648 3443 6995
1940 2 2 5 1 4743 4744 6648
1941 2 2 5 1 6701 1789 6702
1942 2 2 5 1 5372 3180 5461
1943 2 2 5 1 3527 4048 8123
1944 2 2 5 1 5055 5289 5305
1945 2 2 5 1 1789 665 6702
1946 2 2 5 1 3799 6403 6975
1947 2 2 5 1 4314 5170 6143
1948 2 2 5 1 5428 4448 7755
1949 2 2 5 1 2766 5409 7075
1950 2 2 5 1 8595 1137 8746
1951 2 2 5 1 3643 5561 5801
1952 2 2 5 1 1138 8596 8747
1953 2 2 5 1 5677 2298 7841
1954 2 2 5 1 5349 5405 5455
1955 2 2 5 1 5406 5357 5457
1956 2 2 5 1 5410 2765 7078
1957 2 2 5 1 6633 6627 6634
1958 2 2 5 1 3119 5895 7902
1959 2 2 5 1 4039 6271 8463
1960 2 2 5 1 5629 5626 5677
1961 2 2 5 1 5021 5433 8107
1962 2 2 5 1 5434 5022 8108
1963 2 2 5 1 6103 6104 7739
1964 2 2 5 1 5348 3327 7945
1965 2 2 5 1 3330 5356 7946
1966 2 2 5 1 6764 7950 8068
1967 2 2 5 1 3938 4424 8773
1968 2 2 5 1 5309 4199 8403
1969 2 2 5 1 3452 5865 7321
1970 2 2 5 1 5303 996 7965
1971 2 2 5 1 2446 5305 7631
1972 2 2 5 1 5409 2766 5909
1973 2 2 5 1 5612 3403 7375
1974 2 2 5 1 5561 5563 5801
1975 2 2 5 1 3782 7851 8132
1976 2 2 5 1 3228 5394 5575
1977 2 2 5 1 5450 5198 7224
1978 2 2 5 1 5379 3669 5380
1979 2 2 5 1 2524 2623 7735
1980 2 2 5 1 5969 5463 5974
1981 2 2 5 1 5279 5280 6785
1982 2 2 5 1 5555 3642 5803
1983 2 2 5 1 5375 2227 5660
1984 2 2 5 1 5345 4862 5405
1985 2 2 5 1 4861 5353 5406
1986 2 2 5 1 1062 1099 7321
1987 2 2 5 1 6104 3750 7739
1988 2 2 5 1 8331 7094 8334
1989 2 2 5 1 4834 7299 7622
1990 2 2 5 1 5187 5189 6014
1991 2 2 5 1 2765 5410 5911
1992 2 2 5 1 5557 5555 5803
1993 2 2 5 1 3264 7563 7613
1994 2 2 5 1 4448 3618 7755
1995 2 2 5 1 350 351 5351
1996 2 2 5 1 111 112 5359
1997 2 2 5 1 1717 5386 6553
1998 2 2 5 1 5188 6014 8835
1999 2 2 5 1 2290 5237 8443
2000 2 2 5 1 5539 2721 7778
2001 2 2 5 1 4964 5931 8633
2002 2 2 5 1 5461 3180 5974
2003 2 2 5 1 5929 4972 8634
2004 2 2 5 1 1264 5241 8768
2005 2 2 5 1 5657 1585 7770
2006 2 2 5 1 5523 50 8493
2007 2 2 5 1 5195 8595 8746
2008 2 2 5 1 8596 5196 8747
2009 2 2 5 1 672 721 5895
2010 2 2 5 1 5263 4190 8394
2011 2 2 5 1 3008 1740 5583
2012 2 2 5 1 5772 4550 8113
2013 2 2 5 1 3119 674 5895
2014 2 2 5 1 3264 3813 7502
2015 2 2 5 1 5625 5676 5677
2016 2 2 5 1 3524 2319 5934
2017 2 2 5 1 3654 3343 6975
2018 2 2 5 1 3403 5610 7517
2019 2 2 5 1 5442 3700 5451
2020 2 2 5 1 3700 5442 5444
2021 2 2 5 1 4626 5821 5822
2022 2 2 5 1 2848 7195 7379
2023 2 2 5 1 7196 2849 7380
2024 2 2 5 1 5450 2864 6004
2025 2 2 5 1 4670 5442 5451
2026 2 2 5 1 3264 7502 7563
2027 2 2 5 1 3344 3799 6975
2028 2 2 5 1 8325 2562 8330
2029 2 2 5 1 5917 4451 7213
2030 2 2 5 1 6014 8819 8835
2031 2 2 5 1 3438 5313 8138
2032 2 2 5 1 682 684 7867
2033 2 2 5 1 2771 5462 8562
2034 2 2 5 1 1097 1060 7338
2035 2 2 5 1 5911 4697 7404
2036 2 2 5 1 6769 1681 7299
2037 2 2 5 1 5454 3271 7108
2038 2 2 5 1 1067 5989 7890
2039 2 2 5 1 5394 3228 5471
2040 2 2 5 1 3813 5339 7502
2041 2 2 5 1 3505 3466 5445
2042 2 2 5 1 5439 4310 6322
2043 2 2 5 1 5636 5640 5642
2044 2 2 5 1 7388 2720 7604
2045 2 2 5 1 3211 7213 7874
2046 2 2 5 1 3271 5412 5432
2047 2 2 5 1 2595 6734 6843
2048 2 2 5 1 4355 5989 7175
2049 2 2 5 1 7385 5592 7524
2050 2 2 5 1 5022 4004 5802
2051 2 2 5 1 2074 2285 5411
2052 2 2 5 1 4001 5021 5804
2053 2 2 5 1 6928 6355 8795
2054 2 2 5 1 6355 4703 8795
2055 2 2 5 1 5359 5360 7854
2056 2 2 5 1 5352 5351 7855
2057 2 2 5 1 3176 2074 5411
2058 2 2 5 1 2838 5494 7624
2059 2 2 5 1 5553 3642 5555
2060 2 2 5 1 3643 5559 5561
2061 2 2 5 1 5640 5641 5642
2062 2 2 5 1 2153 3271 5432
2063 2 2 5 1 7819 6317 7836
2064 2 2 5 1 484 6804 8451
2065 2 2 5 1 5607 1813 5608
2066 2 2 5 1 4804 8325 8330
2067 2 2 5 1 2765 5911 7404
2068 2 2 5 1 5803 3826 5804
2069 2 2 5 1 5355 5358 7854
2070 2 2 5 1 5350 5347 7855
2071 2 2 5 1 5917 5918 7292
2072 2 2 5 1 1831 2061 5583
2073 2 2 5 1 3682 6325 7460
2074 2 2 5 1 5513 2923 7776
2075 2 2 5 1 2924 5514 7777
2076 2 2 5 1 4215 3683 6324
2077 2 2 5 1 5471 3228 7062
2078 2 2 5 1 2280 7819 7836
2079 2 2 5 1 7385 1050 7386
2080 2 2 5 1 3827 5801 5802
2081 2 2 5 1 4218 8133 8164
2082 2 2 5 1 354 4862 5345
2083 2 2 5 1 4861 108 5353
2084 2 2 5 1 6237 6235 7457
2085 2 2 5 1 5469 1132 5703
2086 2 2 5 1 4457 5123 8387
2087 2 2 5 1 5328 5329 5330
2088 2 2 5 1 3575 3031 6101
2089 2 2 5 1 1693 5207 8776
2090 2 2 5 1 50 5523 8572
2091 2 2 5 1 5873 3451 7338
2092 2 2 5 1 4449 4448 7804
2093 2 2 5 1 2181 1961 5824
2094 2 2 5 1 5489 2814 8743
2095 2 2 5 1 669 1067 7285
2096 2 2 5 1 5371 5267 5583
2097 2 2 5 1 1151 3452 7321
2098 2 2 5 1 5335 2676 7772
2099 2 2 5 1 7204 4952 8548
2100 2 2 5 1 5570 4627 5572
2101 2 2 5 1 5287 6968 8349
2102 2 2 5 1 1535 5257 8519
2103 2 2 5 1 4699 5909 7403
2104 2 2 5 1 5909 2766 7403
2105 2 2 5 1 5258 1536 8518
2106 2 2 5 1 4399 8216 8236
2107 2 2 5 1 4995 5660 7655
2108 2 2 5 1 1272 5797 8459
2109 2 2 5 1 5040 8774 8775
2110 2 2 5 1 5040 5039 8774
2111 2 2 5 1 5446 5445 5493
2112 2 2 5 1 3033 3114 6101
2113 2 2 5 1 5684 5304 8005
2114 2 2 5 1 5412 3271 5454
2115 2 2 5 1 8695 5217 8735
2116 2 2 5 1 354 355 4862
2117 2 2 5 1 107 108 4861
2118 2 2 5 1 2296 2349 5934
2119 2 2 5 1 6359 3981 8384
2120 2 2 5 1 2221 773 5641
2121 2 2 5 1 5881 7542 8672
2122 2 2 5 1 2813 5488 8739
2123 2 2 5 1 3451 5872 7273
2124 2 2 5 1 5622 5624 5680
2125 2 2 5 1 5422 2830 7559
2126 2 2 5 1 6976 6403 8192
2127 2 2 5 1 2829 5423 7560
2128 2 2 5 1 691 1715 8174
2129 2 2 5 1 5623 2917 5625
2130 2 2 5 1 8396 4147 8517
2131 2 2 5 1 1312 1361 6043
2132 2 2 5 1 1716 689 8229
2133 2 2 5 1 1447 1301 7517
2134 2 2 5 1 5216 8694 8733
2135 2 2 5 1 5151 5419 5420
2136 2 2 5 1 6156 8189 8199
2137 2 2 5 1 8314 1274 8322
2138 2 2 5 1 2676 5335 7779
2139 2 2 5 1 5321 1875 7933
2140 2 2 5 1 2764 6206 6207
2141 2 2 5 1 5354 5356 5357
2142 2 2 5 1 5348 5346 5349
2143 2 2 5 1 5597 2838 6131
2144 2 2 5 1 3451 1148 7338
2145 2 2 5 1 6975 6403 6976
2146 2 2 5 1 5988 5398 5989
2147 2 2 5 1 3642 5553 5618
2148 2 2 5 1 5559 3643 5619
2149 2 2 5 1 878 879 7375
2150 2 2 5 1 5463 5461 5974
2151 2 2 5 1 5396 2591 5740
2152 2 2 5 1 4176 4174 6323
2153 2 2 5 1 8189 4564 8199
2154 2 2 5 1 1050 7385 7524
2155 2 2 5 1 2591 675 5740
2156 2 2 5 1 2153 5432 5567
2157 2 2 5 1 5042 8775 8777
2158 2 2 5 1 5042 5040 8775
2159 2 2 5 1 5356 5355 7946
2160 2 2 5 1 5347 5348 7945
2161 2 2 5 1 4773 8314 8322
2162 2 2 5 1 2923 5475 7776
2163 2 2 5 1 5476 2924 7777
2164 2 2 5 1 2215 2298 5676
2165 2 2 5 1 4869 4093 5604
2166 2 2 5 1 4550 5772 8120
2167 2 2 5 1 5372 4627 5570
2168 2 2 5 1 4451 5917 7292
2169 2 2 5 1 5542 5226 5543
2170 2 2 5 1 5214 2596 8755
2171 2 2 5 1 4511 8095 8097
2172 2 2 5 1 5705 5864 7305
2173 2 2 5 1 5192 5193 5392
2174 2 2 5 1 8096 4512 8099
2175 2 2 5 1 3765 4089 7714
2176 2 2 5 1 1067 671 5988
2177 2 2 5 1 646 642 5441
2178 2 2 5 1 5368 5364 8732
2179 2 2 5 1 3327 5501 6682
2180 2 2 5 1 5237 2290 8813
2181 2 2 5 1 5735 1759 5737
2182 2 2 5 1 4789 6739 7895
2183 2 2 5 1 673 2591 5988
2184 2 2 5 1 5435 1842 7937
2185 2 2 5 1 1759 5735 5736
2186 2 2 5 1 642 650 5441
2187 2 2 5 1 3266 935 5645
2188 2 2 5 1 2591 5398 5988
2189 2 2 5 1 5733 4649 6977
2190 2 2 5 1 5361 651 5362
2191 2 2 5 1 5731 5733 6977
2192 2 2 5 1 1818 5152 8441
2193 2 2 5 1 1257 8695 8735
2194 2 2 5 1 5205 4280 7195
2195 2 2 5 1 4282 5206 7196
2196 2 2 5 1 470 5427 6009
2197 2 2 5 1 5002 5435 7937
2198 2 2 5 1 5572 3675 5575
2199 2 2 5 1 5665 2830 7718
2200 2 2 5 1 2829 5664 7719
2201 2 2 5 1 6290 6288 7792
2202 2 2 5 1 7386 1050 7557
2203 2 2 5 1 2237 4038 5598
2204 2 2 5 1 1424 1425 5842
2205 2 2 5 1 5640 2221 5641
2206 2 2 5 1 3700 5444 5445
2207 2 2 5 1 4996 4999 5660
2208 2 2 5 1 6580 5443 8552
2209 2 2 5 1 8694 1256 8733
2210 2 2 5 1 5607 4249 7498
2211 2 2 5 1 1522 1517 6105
2212 2 2 5 1 6325 6324 7460
2213 2 2 5 1 1961 2185 5824
2214 2 2 5 1 8133 6297 8164
2215 2 2 5 1 1777 1948 5790
2216 2 2 5 1 4895 4897 8529
2217 2 2 5 1 5471 4138 7360
2218 2 2 5 1 3566 3023 6100
2219 2 2 5 1 6166 6613 7809
2220 2 2 5 1 1813 5607 7498
2221 2 2 5 1 4902 6806 8428
2222 2 2 5 1 8232 4235 8246
2223 2 2 5 1 679 682 7086
2224 2 2 5 1 6272 4039 8440
2225 2 2 5 1 5994 4781 5995
2226 2 2 5 1 8313 3145 8393
2227 2 2 5 1 3023 3025 6100
2228 2 2 5 1 7801 6166 7809
2229 2 2 5 1 7729 2962 7760
2230 2 2 5 1 3998 6746 8792
2231 2 2 5 1 4166 5739 6369
2232 2 2 5 1 7067 8680 8682
2233 2 2 5 1 4036 6343 7026
2234 2 2 5 1 5534 4692 7257
2235 2 2 5 1 2353 3056 8302
2236 2 2 5 1 4559 5510 6057
2237 2 2 5 1 7637 6187 7652
2238 2 2 5 1 4452 8241 8256
2239 2 2 5 1 8445 7442 8535
2240 2 2 5 1 5119 5118 7771
2241 2 2 5 1 3505 5445 5446
2242 2 2 5 1 5047 7131 8547
2243 2 2 5 1 1875 5321 7948
2244 2 2 5 1 7883 478 8253
2245 2 2 5 1 3466 3700 5445
2246 2 2 5 1 4344 1534 5513
2247 2 2 5 1 1532 4345 5514
2248 2 2 5 1 5403 5088 5915
2249 2 2 5 1 3676 5731 6977
2250 2 2 5 1 7631 5415 8356
2251 2 2 5 1 4056 4054 5459
2252 2 2 5 1 4057 4059 5460
2253 2 2 5 1 4663 7808 8047
2254 2 2 5 1 4944 8341 8803
2255 2 2 5 1 8342 4945 8804
2256 2 2 5 1 970 1563 5645
2257 2 2 5 1 2917 1959 5676
2258 2 2 5 1 3199 5482 7499
2259 2 2 5 1 4199 5309 8698
2260 2 2 5 1 4158 6195 7603
2261 2 2 5 1 4688 7637 7652
2262 2 2 5 1 4014 4645 5491
2263 2 2 5 1 352 2168 5350
2264 2 2 5 1 2169 110 5358
2265 2 2 5 1 5992 2866 7857
2266 2 2 5 1 3403 1261 7375
2267 2 2 5 1 5414 3894 5415
2268 2 2 5 1 8745 5027 8748
2269 2 2 5 1 6820 4669 8573
2270 2 2 5 1 4627 3675 5572
2271 2 2 5 1 6007 1917 7767
2272 2 2 5 1 1907 6008 7766
2273 2 2 5 1 5497 5500 5502
2274 2 2 5 1 4639 5572 5575
2275 2 2 5 1 2701 5534 7257
2276 2 2 5 1 6343 4036 7080
2277 2 2 5 1 4560 8221 8239
2278 2 2 5 1 724 758 5467
2279 2 2 5 1 8680 6137 8682
2280 2 2 5 1 7825 5643 7931
2281 2 2 5 1 736 724 5467
2282 2 2 5 1 5552 2929 5618
2283 2 2 5 1 2928 5558 5619
2284 2 2 5 1 4215 6324 6325
2285 2 2 5 1 5730 1760 5736
2286 2 2 5 1 6812 6290 7153
2287 2 2 5 1 3683 4060 6324
2288 2 2 5 1 1516 6103 6105
2289 2 2 5 1 6511 4063 7192
2290 2 2 5 1 7732 4412 7919
2291 2 2 5 1 1432 5515 6063
2292 2 2 5 1 6903 4036 7026
2293 2 2 5 1 3676 5729 5731
2294 2 2 5 1 4319 6339 6812
2295 2 2 5 1 3195 5869 6615
2296 2 2 5 1 1512 1510 6062
2297 2 2 5 1 7802 5612 7901
2298 2 2 5 1 6340 6339 6904
2299 2 2 5 1 5641 801 7599
2300 2 2 5 1 5349 5455 5456
2301 2 2 5 1 5457 5357 5458
2302 2 2 5 1 7450 3450 7775
2303 2 2 5 1 8206 3340 8208
2304 2 2 5 1 6340 6903 7026
2305 2 2 5 1 1191 1205 5788
2306 2 2 5 1 5728 5727 7639
2307 2 2 5 1 4850 5473 8217
2308 2 2 5 1 4060 5474 6324
2309 2 2 5 1 5515 4664 6063
2310 2 2 5 1 8741 5028 8745
2311 2 2 5 1 2497 3228 5575
2312 2 2 5 1 5847 6051 7701
2313 2 2 5 1 5728 1760 5730
2314 2 2 5 1 511 517 518
2315 2 2 5 1 515 509 516
2316 2 2 5 1 6903 6340 6904
2317 2 2 5 1 5533 7592 7697
2318 2 2 5 1 8252 7232 8254
2319 2 2 5 1 2864 5770 6004
2320 2 2 5 1 2929 5552 7130
2321 2 2 5 1 5558 2928 7129
2322 2 2 5 1 6104 7729 7760
2323 2 2 5 1 6888 4611 8550
2324 2 2 5 1 4319 6812 7153
2325 2 2 5 1 5155 5403 5915
2326 2 2 5 1 3241 3243 6183
2327 2 2 5 1 5219 2748 8681
2328 2 2 5 1 6339 4319 6904
2329 2 2 5 1 3689 3690 6531
2330 2 2 5 1 8197 6124 8198
2331 2 2 5 1 4237 6511 7192
2332 2 2 5 1 2839 5598 6130
2333 2 2 5 1 324 1249 5777
2334 2 2 5 1 5624 5627 5680
2335 2 2 5 1 5515 1432 6059
2336 2 2 5 1 3690 5536 6531
2337 2 2 5 1 4310 5439 6323
2338 2 2 5 1 5749 4254 6449
2339 2 2 5 1 5028 5027 8745
2340 2 2 5 1 2917 5623 5644
2341 2 2 5 1 5472 1331 5532
2342 2 2 5 1 7836 6317 7859
2343 2 2 5 1 5690 3194 5794
2344 2 2 5 1 1432 1433 6059
2345 2 2 5 1 4670 5451 6074
2346 2 2 5 1 5336 5337 7891
2347 2 2 5 1 2749 5220 8677
2348 2 2 5 1 5392 5193 5438
2349 2 2 5 1 1755 1752 5738
2350 2 2 5 1 4142 5551 6373
2351 2 2 5 1 5551 4062 6373
2352 2 2 5 1 6535 4178 7673
2353 2 2 5 1 6701 4028 7889
2354 2 2 5 1 5027 7619 8748
2355 2 2 5 1 6083 8622 8643
2356 2 2 5 1 7690 6572 7840
2357 2 2 5 1 6317 6318 7859
2358 2 2 5 1 4032 5570 5572
2359 2 2 5 1 5545 803 5546
2360 2 2 5 1 3969 5226 5542
2361 2 2 5 1 2452 5565 6690
2362 2 2 5 1 5566 2458 6692
2363 2 2 5 1 5058 4545 5615
2364 2 2 5 1 2522 6094 7648
2365 2 2 5 1 6048 4678 7875
2366 2 2 5 1 5474 4060 6323
2367 2 2 5 1 1411 397 5485
2368 2 2 5 1 5347 5346 5348
2369 2 2 5 1 5354 5355 5356
2370 2 2 5 1 4187 6575 6875
2371 2 2 5 1 5897 3214 7681
2372 2 2 5 1 5473 4850 5679
2373 2 2 5 1 4631 5872 5873
2374 2 2 5 1 2081 2083 6037
2375 2 2 5 1 4054 2389 5541
2376 2 2 5 1 2366 4057 5540
2377 2 2 5 1 1678 1882 5644
2378 2 2 5 1 5548 2430 5549
2379 2 2 5 1 6187 3763 7618
2380 2 2 5 1 5394 4639 5575
2381 2 2 5 1 2168 5346 5347
2382 2 2 5 1 5354 2169 5355
2383 2 2 5 1 4045 3070 5830
2384 2 2 5 1 6737 6739 8576
2385 2 2 5 1 4668 6058 6245
2386 2 2 5 1 5425 4056 5459
2387 2 2 5 1 4059 5426 5460
2388 2 2 5 1 5520 5519 5521
2389 2 2 5 1 2232 8628 8649
2390 2 2 5 1 5739 5738 6369
2391 2 2 5 1 4110 5898 6087
2392 2 2 5 1 892 1556 5783
2393 2 2 5 1 5900 4286 6074
2394 2 2 5 1 5766 5767 6102
2395 2 2 5 1 2434 2181 5824
2396 2 2 5 1 3069 4044 5829
2397 2 2 5 1 4037 2235 5597
2398 2 2 5 1 3194 5690 5795
2399 2 2 5 1 4093 5477 5604
2400 2 2 5 1 5300 5671 5672
2401 2 2 5 1 7909 3998 8792
2402 2 2 5 1 5468 1131 5829
2403 2 2 5 1 1944 2237 5598
2404 2 2 5 1 2716 7417 8341
2405 2 2 5 1 7419 2715 8342
2406 2 2 5 1 1518 5766 6102
2407 2 2 5 1 5818 4561 6040
2408 2 2 5 1 1517 1516 6105
2409 2 2 5 1 4187 6010 6575
2410 2 2 5 1 1132 5469 5830
2411 2 2 5 1 5882 5883 7197
2412 2 2 5 1 5408 4805 8304
2413 2 2 5 1 5470 5376 7863
2414 2 2 5 1 6712 6714 8574
2415 2 2 5 1 352 353 2168
2416 2 2 5 1 109 110 2169
2417 2 2 5 1 5698 5008 8688
2418 2 2 5 1 7186 1466 7722
2419 2 2 5 1 3972 4810 5535
2420 2 2 5 1 3116 3824 5679
2421 2 2 5 1 5927 5157 7346
2422 2 2 5 1 6322 1408 8446
2423 2 2 5 1 5775 5777 5778
2424 2 2 5 1 1405 1321 5593
2425 2 2 5 1 6010 4187 6558
2426 2 2 5 1 4631 5871 5872
2427 2 2 5 1 5625 2917 5676
2428 2 2 5 1 5010 5702 8687
2429 2 2 5 1 456 1529 5674
2430 2 2 5 1 4107 5511 5661
2431 2 2 5 1 5743 2929 7130
2432 2 2 5 1 5511 1268 5661
2433 2 2 5 1 2928 5745 7129
2434 2 2 5 1 6043 2524 7735
2435 2 2 5 1 4982 5333 8436
2436 2 2 5 1 2314 2839 5503
2437 2 2 5 1 5545 5546 5547
2438 2 2 5 1 5209 6007 7767
2439 2 2 5 1 6008 5211 7766
2440 2 2 5 1 5557 5803 5804
2441 2 2 5 1 6299 7664 7675
2442 2 2 5 1 2930 8422 8452
2443 2 2 5 1 3190 5782 8154
2444 2 2 5 1 1035 1055 7488
2445 2 2 5 1 3730 7612 7654
2446 2 2 5 1 5682 996 5684
2447 2 2 5 1 5777 1249 5778
2448 2 2 5 1 3675 2497 5575
2449 2 2 5 1 908 7802 7901
2450 2 2 5 1 3857 5322 8129
2451 2 2 5 1 4493 5387 7950
2452 2 2 5 1 4673 2824 7696
2453 2 2 5 1 1534 1729 5513
2454 2 2 5 1 1727 1532 5514
2455 2 2 5 1 1268 5511 5656
2456 2 2 5 1 600 598 6106
2457 2 2 5 1 1069 1268 5656
2458 2 2 5 1 1055 1069 5656
2459 2 2 5 1 6873 555 8545
2460 2 2 5 1 5548 5549 5550
2461 2 2 5 1 5801 5563 5802
2462 2 2 5 1 3925 3141 5460
2463 2 2 5 1 3142 3926 5459
2464 2 2 5 1 7664 1690 7675
2465 2 2 5 1 511 518 1818
2466 2 2 5 1 516 509 1819
2467 2 2 5 1 1301 3403 7517
2468 2 2 5 1 4106 4107 5661
2469 2 2 5 1 2389 2390 5541
2470 2 2 5 1 2367 2366 5540
2471 2 2 5 1 5535 4810 5544
2472 2 2 5 1 5883 4297 7197
2473 2 2 5 1 346 803 5545
2474 2 2 5 1 4652 5481 6183
2475 2 2 5 1 3949 5056 5786
2476 2 2 5 1 5459 4054 5541
2477 2 2 5 1 4057 5460 5540
2478 2 2 5 1 5323 3859 8131
2479 2 2 5 1 6589 4808 6796
2480 2 2 5 1 5477 4661 5604
2481 2 2 5 1 5497 5499 5500
2482 2 2 5 1 6605 8039 8101
2483 2 2 5 1 5608 1813 7517
2484 2 2 5 1 5451 5900 6074
2485 2 2 5 1 4808 3792 6796
2486 2 2 5 1 5378 5379 5381
2487 2 2 5 1 5506 5509 5581
2488 2 2 5 1 8166 7029 8168
2489 2 2 5 1 5734 5735 7746
2490 2 2 5 1 4089 5711 7714
2491 2 2 5 1 1141 3199 7499
2492 2 2 5 1 6398 7643 7653
2493 2 2 5 1 3763 7601 7618
2494 2 2 5 1 4999 5375 5660
2495 2 2 5 1 5335 7772 7998
2496 2 2 5 1 117 2430 5548
2497 2 2 5 1 2462 3003 5618
2498 2 2 5 1 6363 7024 8770
2499 2 2 5 1 3001 2456 5619
2500 2 2 5 1 4661 5477 5898
2501 2 2 5 1 5496 5497 5502
2502 2 2 5 1 2375 2829 7560
2503 2 2 5 1 2830 2398 7559
2504 2 2 5 1 4545 5102 5615
2505 2 2 5 1 1361 2524 6043
2506 2 2 5 1 1516 6102 6103
2507 2 2 5 1 1331 5472 6094
2508 2 2 5 1 2985 6418 8244
2509 2 2 5 1 5321 7933 8085
2510 2 2 5 1 1331 1312 6043
2511 2 2 5 1 8602 2233 8613
2512 2 2 5 1 6535 4688 7652
2513 2 2 5 1 3199 5605 7737
2514 2 2 5 1 5827 2707 7481
2515 2 2 5 1 2083 2087 6037
2516 2 2 5 1 4178 6368 7902
2517 2 2 5 1 5490 4682 6022
2518 2 2 5 1 5675 5622 5680
2519 2 2 5 1 6135 6973 7363
2520 2 2 5 1 7643 2657 7653
2521 2 2 5 1 3547 5264 8401
2522 2 2 5 1 5342 5478 7828
2523 2 2 5 1 1760 5728 7639
2524 2 2 5 1 5539 4947 7944
2525 2 2 5 1 6195 4751 7603
2526 2 2 5 1 5436 5169 5437
2527 2 2 5 1 5770 4369 6004
2528 2 2 5 1 3960 3959 3961
2529 2 2 5 1 721 5404 5895
2530 2 2 5 1 6000 5062 8793
2531 2 2 5 1 5452 1930 7113
2532 2 2 5 1 6091 3287 7000
2533 2 2 5 1 890 892 5783
2534 2 2 5 1 1170 1191 5788
2535 2 2 5 1 5439 4176 6323
2536 2 2 5 1 4639 4032 5572
2537 2 2 5 1 4880 7916 8175
2538 2 2 5 1 4626 5822 5823
2539 2 2 5 1 1586 1777 5790
2540 2 2 5 1 999 1049 5675
2541 2 2 5 1 5301 5176 8581
2542 2 2 5 1 5610 5608 7517
2543 2 2 5 1 5506 5505 5508
2544 2 2 5 1 2051 2021 6532
2545 2 2 5 1 5680 5627 7931
2546 2 2 5 1 5579 2051 6532
2547 2 2 5 1 5480 5869 5870
2548 2 2 5 1 396 395 3202
2549 2 2 5 1 4174 5474 6323
2550 2 2 5 1 1563 999 5675
2551 2 2 5 1 5268 2246 8544
2552 2 2 5 1 1425 1428 5842
2553 2 2 5 1 2380 7560 7685
2554 2 2 5 1 7455 6959 7672
2555 2 2 5 1 2009 7262 7409
2556 2 2 5 1 5705 5863 5864
2557 2 2 5 1 7964 5905 8763
2558 2 2 5 1 5487 6091 7000
2559 2 2 5 1 5553 5552 5618
2560 2 2 5 1 5558 5559 5619
2561 2 2 5 1 5167 4619 8177
2562 2 2 5 1 617 996 5682
2563 2 2 5 1 5495 2867 6682
2564 2 2 5 1 5959 5957 7476
2565 2 2 5 1 4769 8367 8515
2566 2 2 5 1 7274 2008 7410
2567 2 2 5 1 6384 7614 7629
2568 2 2 5 1 5506 5508 5509
2569 2 2 5 1 6374 1537 7659
2570 2 2 5 1 5614 5613 6509
2571 2 2 5 1 3960 3961 4844
2572 2 2 5 1 5407 7968 8767
2573 2 2 5 1 4688 6535 7673
2574 2 2 5 1 3195 5719 5869
2575 2 2 5 1 2430 118 5578
2576 2 2 5 1 3961 4014 5491
2577 2 2 5 1 1882 2917 5644
2578 2 2 5 1 2235 1942 5597
2579 2 2 5 1 4995 4996 5660
2580 2 2 5 1 4254 3006 7478
2581 2 2 5 1 3845 5481 6132
2582 2 2 5 1 5660 2227 7655
2583 2 2 5 1 2250 2838 5597
2584 2 2 5 1 1311 1195 7273
2585 2 2 5 1 8368 4771 8522
2586 2 2 5 1 3036 3034 7146
2587 2 2 5 1 5486 1428 6063
2588 2 2 5 1 467 5972 7880
2589 2 2 5 1 1428 5486 5842
2590 2 2 5 1 7614 1689 7629
2591 2 2 5 1 4844 5491 5492
2592 2 2 5 1 2211 1405 5593
2593 2 2 5 1 501 328 5757
2594 2 2 5 1 2087 6033 6034
2595 2 2 5 1 5402 5400 5927
2596 2 2 5 1 4068 4369 5770
2597 2 2 5 1 5285 498 5286
2598 2 2 5 1 4682 5490 7243
2599 2 2 5 1 1842 7899 7937
2600 2 2 5 1 7559 2403 7730
2601 2 2 5 1 5574 2702 7374
2602 2 2 5 1 3007 3126 5974
2603 2 2 5 1 5691 3057 5693
2604 2 2 5 1 7592 6325 7697
2605 2 2 5 1 3046 2904 6115
2606 2 2 5 1 3968 3969 3970
2607 2 2 5 1 4844 3961 5491
2608 2 2 5 1 6779 5580 7632
2609 2 2 5 1 5729 3676 6115
2610 2 2 5 1 4645 5239 5240
2611 2 2 5 1 6020 4069 6075
2612 2 2 5 1 6985 4691 7674
2613 2 2 5 1 3958 3959 3960
2614 2 2 5 1 1055 5656 7488
2615 2 2 5 1 5419 3193 5420
2616 2 2 5 1 5735 5732 5736
2617 2 2 5 1 6131 2838 7624
2618 2 2 5 1 3210 5860 5862
2619 2 2 5 1 1438 5950 7567
2620 2 2 5 1 5842 5487 6999
2621 2 2 5 1 6121 4148 6348
2622 2 2 5 1 5565 5806 6690
2623 2 2 5 1 5805 5566 6692
2624 2 2 5 1 3763 6187 7637
2625 2 2 5 1 1205 5662 5788
2626 2 2 5 1 396 3202 5485
2627 2 2 5 1 6999 5487 7000
2628 2 2 5 1 4955 8375 8408
2629 2 2 5 1 501 5757 5758
2630 2 2 5 1 5732 5730 5736
2631 2 2 5 1 3159 8392 8416
2632 2 2 5 1 4340 5791 5792
2633 2 2 5 1 3485 5590 6006
2634 2 2 5 1 3043 5695 7146
2635 2 2 5 1 5524 5525 5526
2636 2 2 5 1 353 354 5345
2637 2 2 5 1 108 109 5353
2638 2 2 5 1 7601 5464 7618
2639 2 2 5 1 5481 4652 6132
2640 2 2 5 1 5827 4995 7655
2641 2 2 5 1 5510 4559 6058
2642 2 2 5 1 4750 7298 7474
2643 2 2 5 1 3720 5940 6134
2644 2 2 5 1 8187 3093 8284
2645 2 2 5 1 5494 5495 5496
2646 2 2 5 1 2370 2367 5540
2647 2 2 5 1 2390 2393 5541
2648 2 2 5 1 3972 3970 4810
2649 2 2 5 1 3094 3180 5570
2650 2 2 5 1 1933 5885 6061
2651 2 2 5 1 1948 5620 5790
2652 2 2 5 1 5766 1518 7617
2653 2 2 5 1 4138 5953 7360
2654 2 2 5 1 7213 4451 7874
2655 2 2 5 1 7086 682 7867
2656 2 2 5 1 1267 6106 6107
2657 2 2 5 1 5855 4221 6022
2658 2 2 5 1 2868 2314 5503
2659 2 2 5 1 4580 3546 5586
2660 2 2 5 1 5498 5495 6682
2661 2 2 5 1 2280 6613 7819
2662 2 2 5 1 323 324 5777
2663 2 2 5 1 2087 6034 6037
2664 2 2 5 1 4939 8579 8580
2665 2 2 5 1 1757 1759 5736
2666 2 2 5 1 5733 5734 7563
2667 2 2 5 1 5079 7883 8253
2668 2 2 5 1 7298 5695 7474
2669 2 2 5 1 3865 4654 5620
2670 2 2 5 1 5940 4782 6134
2671 2 2 5 1 5388 5205 7195
2672 2 2 5 1 5206 5389 7196
2673 2 2 5 1 1966 2278 5896
2674 2 2 5 1 5885 4683 6061
2675 2 2 5 1 3966 3967 3968
2676 2 2 5 1 2962 5464 7601
2677 2 2 5 1 8407 4985 8444
2678 2 2 5 1 6099 3575 6101
2679 2 2 5 1 5869 5480 6615
2680 2 2 5 1 4909 5959 7476
2681 2 2 5 1 453 3597 5670
2682 2 2 5 1 5198 5336 7891
2683 2 2 5 1 4939 4941 8579
2684 2 2 5 1 3824 5473 5679
2685 2 2 5 1 1424 5842 6999
2686 2 2 5 1 5592 5593 7400
2687 2 2 5 1 5600 5052 5601
2688 2 2 5 1 3958 3121 3959
2689 2 2 5 1 1433 1438 6059
2690 2 2 5 1 1656 5261 8466
2691 2 2 5 1 5504 5503 5505
2692 2 2 5 1 4664 5486 6063
2693 2 2 5 1 5496 5495 5497
2694 2 2 5 1 4032 3094 5570
2695 2 2 5 1 2140 1838 6077
2696 2 2 5 1 3003 3642 5618
2697 2 2 5 1 1518 1512 6062
2698 2 2 5 1 3643 3001 5619
2699 2 2 5 1 6613 2280 7809
2700 2 2 5 1 4682 5855 6022
2701 2 2 5 1 1760 1757 5736
2702 2 2 5 1 8118 7027 8700
2703 2 2 5 1 6084 5667 7513
2704 2 2 5 1 804 5548 5550
2705 2 2 5 1 4110 4661 5898
2706 2 2 5 1 5504 5505 5506
2707 2 2 5 1 7676 2232 8649
2708 2 2 5 1 4289 6023 7362
2709 2 2 5 1 1759 1755 5738
2710 2 2 5 1 1789 6701 7889
2711 2 2 5 1 3243 4652 6183
2712 2 2 5 1 2157 2154 5567
2713 2 2 5 1 5700 5701 5703
2714 2 2 5 1 5872 5708 7273
2715 2 2 5 1 5395 5471 7360
2716 2 2 5 1 5469 4045 5830
2717 2 2 5 1 550 537 5795
2718 2 2 5 1 5854 7274 7410
2719 2 2 5 1 5573 5204 5826
2720 2 2 5 1 4668 5510 6058
2721 2 2 5 1 5520 5522 7702
2722 2 2 5 1 5828 4266 7326
2723 2 2 5 1 5494 2867 5495
2724 2 2 5 1 1510 6061 6062
2725 2 2 5 1 7262 5853 7409
2726 2 2 5 1 1049 5621 5675
2727 2 2 5 1 7123 6112 7452
2728 2 2 5 1 5887 1933 5888
2729 2 2 5 1 2071 2422 5613
2730 2 2 5 1 4044 5468 5829
2731 2 2 5 1 5871 5708 5872
2732 2 2 5 1 5705 2734 5863
2733 2 2 5 1 3492 5716 5719
2734 2 2 5 1 2250 2312 2838
2735 2 2 5 1 2314 2252 2839
2736 2 2 5 1 7917 1558 7992
2737 2 2 5 1 2923 1915 6007
2738 2 2 5 1 1905 2924 6008
2739 2 2 5 1 8578 4907 8580
2740 2 2 5 1 6827 4856 8406
2741 2 2 5 1 7186 5395 7360
2742 2 2 5 1 3966 5568 5569
2743 2 2 5 1 3492 5715 5716
2744 2 2 5 1 3537 4052 5664
2745 2 2 5 1 4053 3538 5665
2746 2 2 5 1 4626 5823 7958
2747 2 2 5 1 3070 1149 5830
2748 2 2 5 1 5061 5584 5585
2749 2 2 5 1 6589 2542 7728
2750 2 2 5 1 2312 2867 5494
2751 2 2 5 1 4070 3689 6531
2752 2 2 5 1 1915 1916 1917
2753 2 2 5 1 1906 1905 1907
2754 2 2 5 1 2154 2153 5567
2755 2 2 5 1 3896 3542 5724
2756 2 2 5 1 1146 3069 5829
2757 2 2 5 1 1813 1447 7517
2758 2 2 5 1 3996 5052 5600
2759 2 2 5 1 1339 139 5812
2760 2 2 5 1 5885 1933 5887
2761 2 2 5 1 2429 5545 5547
2762 2 2 5 1 1522 6105 7182
2763 2 2 5 1 4014 4625 4645
2764 2 2 5 1 5571 3949 5786
2765 2 2 5 1 4645 4625 5239
2766 2 2 5 1 2061 1966 5896
2767 2 2 5 1 5720 5721 6239
2768 2 2 5 1 121 2431 5594
2769 2 2 5 1 1193 1309 7305
2770 2 2 5 1 5054 5261 8513
2771 2 2 5 1 4907 4939 8580
2772 2 2 5 1 5592 7400 7524
2773 2 2 5 1 1942 2250 5597
2774 2 2 5 1 5738 1752 6369
2775 2 2 5 1 1943 1942 2235
2776 2 2 5 1 1944 1945 2237
2777 2 2 5 1 3891 4893 5658
2778 2 2 5 1 124 474 5835
2779 2 2 5 1 7863 5376 7899
2780 2 2 5 1 5536 3690 6575
2781 2 2 5 1 5460 3141 5540
2782 2 2 5 1 3142 5459 5541
2783 2 2 5 1 3157 3116 5679
2784 2 2 5 1 4697 5565 7404
2785 2 2 5 1 5566 4699 7403
2786 2 2 5 1 5132 5133 5134
2787 2 2 5 1 4271 7115 7398
2788 2 2 5 1 2839 6130 7623
2789 2 2 5 1 4692 6511 7257
2790 2 2 5 1 2515 1392 5817
2791 2 2 5 1 5551 4142 6374
2792 2 2 5 1 4679 5571 5786
2793 2 2 5 1 1182 1262 6094
2794 2 2 5 1 1699 6383 7594
2795 2 2 5 1 3195 2870 5719
2796 2 2 5 1 1913 1915 2923
2797 2 2 5 1 1905 1903 2924
2798 2 2 5 1 349 350 1257
2799 2 2 5 1 112 113 1256
2800 2 2 5 1 4069 3241 6183
2801 2 2 5 1 1917 1918 1919
2802 2 2 5 1 1908 1907 1909
2803 2 2 5 1 5533 2926 7592
2804 2 2 5 1 1919 1920 1942
2805 2 2 5 1 1910 1909 1944
2806 2 2 5 1 5942 5946 7748
2807 2 2 5 1 2372 3537 5664
2808 2 2 5 1 3538 2395 5665
2809 2 2 5 1 5824 5317 7366
2810 2 2 5 1 3979 3972 5535
2811 2 2 5 1 5588 3896 5724
2812 2 2 5 1 3016 3865 5620
2813 2 2 5 1 1267 600 6106
2814 2 2 5 1 4366 5827 7481
2815 2 2 5 1 3454 7455 7672
2816 2 2 5 1 1195 3451 7273
2817 2 2 5 1 5062 6000 8780
2818 2 2 5 1 4340 5792 7633
2819 2 2 5 1 8146 6424 8161
2820 2 2 5 1 6037 6036 7444
2821 2 2 5 1 5614 6509 7453
2822 2 2 5 1 6083 3469 8622
2823 2 2 5 1 6051 4309 7701
2824 2 2 5 1 8577 4908 8578
2825 2 2 5 1 6028 6033 7240
2826 2 2 5 1 4868 3825 5765
2827 2 2 5 1 1174 1678 5644
2828 2 2 5 1 5666 2535 6174
2829 2 2 5 1 6075 4069 6183
2830 2 2 5 1 2535 2015 6174
2831 2 2 5 1 3968 3967 3969
2832 2 2 5 1 3042 5927 7346
2833 2 2 5 1 2929 2462 5618
2834 2 2 5 1 2456 2928 5619
2835 2 2 5 1 6199 6201 7436
2836 2 2 5 1 997 580 5686
2837 2 2 5 1 457 456 5674
2838 2 2 5 1 2966 5882 7197
2839 2 2 5 1 985 972 5713
2840 2 2 5 1 974 986 5714
2841 2 2 5 1 1557 882 5785
2842 2 2 5 1 4528 8119 8139
2843 2 2 5 1 524 516 5793
2844 2 2 5 1 5790 4654 7770
2845 2 2 5 1 2030 6010 6558
2846 2 2 5 1 6575 3690 6875
2847 2 2 5 1 329 5756 5757
2848 2 2 5 1 5590 4108 6006
2849 2 2 5 1 2366 4037 4057
2850 2 2 5 1 4038 2389 4054
2851 2 2 5 1 2236 2235 2366
2852 2 2 5 1 2237 2238 2389
2853 2 2 5 1 3971 3970 3972
2854 2 2 5 1 6013 3375 7137
2855 2 2 5 1 4401 5897 7681
2856 2 2 5 1 4063 6373 7192
2857 2 2 5 1 1518 6062 7617
2858 2 2 5 1 2114 5606 5876
2859 2 2 5 1 2157 5567 6129
2860 2 2 5 1 2434 5824 7366
2861 2 2 5 1 8304 4805 8363
2862 2 2 5 1 5224 1495 8794
2863 2 2 5 1 5571 4679 6121
2864 2 2 5 1 5860 3210 6069
2865 2 2 5 1 5816 2515 5817
2866 2 2 5 1 4908 4907 8578
2867 2 2 5 1 1942 1920 2250
2868 2 2 5 1 1910 1944 2252
2869 2 2 5 1 2185 5820 5821
2870 2 2 5 1 4041 5012 5616
2871 2 2 5 1 6384 6383 7611
2872 2 2 5 1 2623 2926 7735
2873 2 2 5 1 2904 5725 6115
2874 2 2 5 1 2101 8091 8102
2875 2 2 5 1 6033 2087 7240
2876 2 2 5 1 4057 4058 4059
2877 2 2 5 1 4055 4054 4056
2878 2 2 5 1 2066 2240 7205
2879 2 2 5 1 1078 5769 6326
2880 2 2 5 1 516 1819 5793
2881 2 2 5 1 2560 5870 8635
2882 2 2 5 1 5713 5698 5949
2883 2 2 5 1 2830 5422 7718
2884 2 2 5 1 5423 2829 7719
2885 2 2 5 1 5567 5432 7288
2886 2 2 5 1 2233 7678 8613
2887 2 2 5 1 7560 5423 7685
2888 2 2 5 1 4043 4982 5657
2889 2 2 5 1 2800 2211 5591
2890 2 2 5 1 3251 5696 5697
2891 2 2 5 1 5688 572 5795
2892 2 2 5 1 5700 3252 5701
2893 2 2 5 1 1691 1849 7183
2894 2 2 5 1 3968 3971 5568
2895 2 2 5 1 5940 6135 7363
2896 2 2 5 1 4705 5962 7387
2897 2 2 5 1 1919 1918 1920
2898 2 2 5 1 1908 1909 1910
2899 2 2 5 1 7233 5889 7370
2900 2 2 5 1 5534 2701 7300
2901 2 2 5 1 4659 4056 4945
2902 2 2 5 1 4059 4657 4944
2903 2 2 5 1 4144 5962 6020
2904 2 2 5 1 5386 4539 6553
2905 2 2 5 1 3251 1005 5696
2906 2 2 5 1 4292 5574 7374
2907 2 2 5 1 6384 7611 7614
2908 2 2 5 1 1007 3252 5700
2909 2 2 5 1 4695 6354 7422
2910 2 2 5 1 3961 4013 4014
2911 2 2 5 1 5748 4254 5749
2912 2 2 5 1 5591 2211 5593
2913 2 2 5 1 5912 3869 5913
2914 2 2 5 1 5576 2030 6108
2915 2 2 5 1 2775 5828 7326
2916 2 2 5 1 5858 5860 6069
2917 2 2 5 1 3825 3120 5765
2918 2 2 5 1 2185 1899 5820
2919 2 2 5 1 2460 2929 5743
2920 2 2 5 1 2928 2454 5745
2921 2 2 5 1 804 116 5548
2922 2 2 5 1 5820 1698 7520
2923 2 2 5 1 8241 5813 8256
2924 2 2 5 1 900 2484 6168
2925 2 2 5 1 4519 5155 5599
2926 2 2 5 1 4539 5308 6553
2927 2 2 5 1 2515 5818 6040
2928 2 2 5 1 2030 5576 6010
2929 2 2 5 1 3676 3046 6115
2930 2 2 5 1 6168 2484 6169
2931 2 2 5 1 3126 5969 5974
2932 2 2 5 1 1917 1916 1918
2933 2 2 5 1 1906 1907 1908
2934 2 2 5 1 4287 4286 7753
2935 2 2 5 1 537 3194 5795
2936 2 2 5 1 1778 1587 6757
2937 2 2 5 1 5605 1052 5789
2938 2 2 5 1 3492 3493 5715
2939 2 2 5 1 5529 2767 5530
2940 2 2 5 1 981 2893 5789
2941 2 2 5 1 2429 345 5545
2942 2 2 5 1 2097 7470 7515
2943 2 2 5 1 1084 1052 5605
2944 2 2 5 1 7480 2956 7528
2945 2 2 5 1 5291 8271 8364
2946 2 2 5 1 1913 1914 1915
2947 2 2 5 1 1904 1903 1905
2948 2 2 5 1 5400 5157 5927
2949 2 2 5 1 7 528 5663
2950 2 2 5 1 1700 6379 7547
2951 2 2 5 1 5836 1411 5837
2952 2 2 5 1 4055 4056 4659
2953 2 2 5 1 4059 4058 4657
2954 2 2 5 1 7475 2667 7598
2955 2 2 5 1 6373 4062 7192
2956 2 2 5 1 5769 5768 6326
2957 2 2 5 1 3226 3845 5982
2958 2 2 5 1 7153 6290 7792
2959 2 2 5 1 5768 3254 6326
2960 2 2 5 1 1049 1091 5621
2961 2 2 5 1 5128 5331 7732
2962 2 2 5 1 5761 2441 5762
2963 2 2 5 1 3523 3869 5912
2964 2 2 5 1 1529 5668 5669
2965 2 2 5 1 8265 1279 8279
2966 2 2 5 1 6511 4237 7257
2967 2 2 5 1 6108 3721 6111
2968 2 2 5 1 1858 2071 5613
2969 2 2 5 1 1943 2235 2236
2970 2 2 5 1 2237 1945 2238
2971 2 2 5 1 3706 4633 5863
2972 2 2 5 1 2350 4121 6799
2973 2 2 5 1 2411 2460 5743
2974 2 2 5 1 2454 2388 5745
2975 2 2 5 1 3452 1193 7305
2976 2 2 5 1 968 8658 8664
2977 2 2 5 1 1563 5675 5680
2978 2 2 5 1 4631 3702 5871
2979 2 2 5 1 5330 5329 5385
2980 2 2 5 1 528 2767 5663
2981 2 2 5 1 5720 3237 5721
2982 2 2 5 1 572 550 5795
2983 2 2 5 1 2051 5579 6084
2984 2 2 5 1 4057 4037 4058
2985 2 2 5 1 4038 4054 4055
2986 2 2 5 1 6023 5855 7362
2987 2 2 5 1 2584 5603 6670
2988 2 2 5 1 2944 5654 5706
2989 2 2 5 1 6159 5712 6719
2990 2 2 5 1 6670 5606 6758
2991 2 2 5 1 5606 2114 6758
2992 2 2 5 1 1919 1942 1943
2993 2 2 5 1 1944 1909 1945
2994 2 2 5 1 5706 6286 6856
2995 2 2 5 1 5916 5917 7213
2996 2 2 5 1 2657 6299 7653
2997 2 2 5 1 5678 2167 7253
2998 2 2 5 1 8658 5074 8664
2999 2 2 5 1 5362 651 5363
3000 2 2 5 1 5646 5633 5647
3001 2 2 5 1 3180 3007 5974
3002 2 2 5 1 6309 3254 7015
3003 2 2 5 1 5898 2347 6087
3004 2 2 5 1 4340 1734 5791
3005 2 2 5 1 2021 2023 6532
3006 2 2 5 1 6129 5567 7288
3007 2 2 5 1 598 3210 6106
3008 2 2 5 1 2683 700 7555
3009 2 2 5 1 1673 2734 5705
3010 2 2 5 1 5769 1078 7353
3011 2 2 5 1 5826 3599 5894
3012 2 2 5 1 5707 2762 6666
3013 2 2 5 1 2584 6670 6758
3014 2 2 5 1 322 323 5774
3015 2 2 5 1 6727 7028 8417
3016 2 2 5 1 3034 3043 7146
3017 2 2 5 1 2068 5708 5871
3018 2 2 5 1 5712 4685 6719
3019 2 2 5 1 5654 2944 5876
3020 2 2 5 1 5620 4654 5790
3021 2 2 5 1 7712 5457 8484
3022 2 2 5 1 5455 7630 8483
3023 2 2 5 1 6380 6379 7564
3024 2 2 5 1 6449 4254 7478
3025 2 2 5 1 3966 3968 5568
3026 2 2 5 1 3254 5768 7015
3027 2 2 5 1 2944 5706 6856
3028 2 2 5 1 4144 6020 6075
3029 2 2 5 1 3726 7534 7580
3030 2 2 5 1 3448 3966 5569
3031 2 2 5 1 2793 6354 6355
3032 2 2 5 1 5986 5985 7405
3033 2 2 5 1 4089 6561 7786
3034 2 2 5 1 896 2467 5742
3035 2 2 5 1 2484 886 5744
3036 2 2 5 1 2681 2066 7205
3037 2 2 5 1 456 455 1529
3038 2 2 5 1 4706 3867 6138
3039 2 2 5 1 5753 492 5759
3040 2 2 5 1 2674 5596 6121
3041 2 2 5 1 2870 3492 5719
3042 2 2 5 1 2366 2235 4037
3043 2 2 5 1 2237 2389 4038
3044 2 2 5 1 2868 5503 5504
3045 2 2 5 1 3190 796 5781
3046 2 2 5 1 7115 3796 7398
3047 2 2 5 1 5676 2298 5677
3048 2 2 5 1 4649 5733 7563
3049 2 2 5 1 5844 3250 6286
3050 2 2 5 1 5576 6108 6111
3051 2 2 5 1 6059 1438 7567
3052 2 2 5 1 2904 2901 5725
3053 2 2 5 1 5380 3669 7573
3054 2 2 5 1 2793 6355 6356
3055 2 2 5 1 475 338 5710
3056 2 2 5 1 1689 6398 7629
3057 2 2 5 1 5706 5844 6286
3058 2 2 5 1 3652 4254 5748
3059 2 2 5 1 2159 2157 6129
3060 2 2 5 1 4666 4050 5539
3061 2 2 5 1 7575 1699 7594
3062 2 2 5 1 2736 3706 5863
3063 2 2 5 1 6058 4121 6245
3064 2 2 5 1 3057 5691 7227
3065 2 2 5 1 140 5811 5812
3066 2 2 5 1 1587 2531 6757
3067 2 2 5 1 3448 3965 3966
3068 2 2 5 1 346 347 803
3069 2 2 5 1 115 116 804
3070 2 2 5 1 6003 4702 6088
3071 2 2 5 1 3968 3970 3971
3072 2 2 5 1 4816 7450 7775
3073 2 2 5 1 794 3191 5784
3074 2 2 5 1 1734 1846 5791
3075 2 2 5 1 3702 2346 5871
3076 2 2 5 1 1703 6377 7510
3077 2 2 5 1 5091 4146 5709
3078 2 2 5 1 4679 4148 6121
3079 2 2 5 1 3009 6049 6157
3080 2 2 5 1 3142 2395 3538
3081 2 2 5 1 2372 3141 3537
3082 2 2 5 1 6493 6435 6611
3083 2 2 5 1 1693 1691 7183
3084 2 2 5 1 615 617 5682
3085 2 2 5 1 126 5892 5893
3086 2 2 5 1 2369 2367 2370
3087 2 2 5 1 2390 2392 2393
3088 2 2 5 1 7070 2052 7543
3089 2 2 5 1 5990 8262 8722
3090 2 2 5 1 5565 4083 5806
3091 2 2 5 1 4085 5566 5805
3092 2 2 5 1 6380 7564 7575
3093 2 2 5 1 2252 1944 5598
3094 2 2 5 1 4632 3825 4867
3095 2 2 5 1 3926 3538 4042
3096 2 2 5 1 3537 3925 4041
3097 2 2 5 1 2371 2370 2372
3098 2 2 5 1 2393 2394 2395
3099 2 2 5 1 6368 5833 7406
3100 2 2 5 1 5598 4038 6130
3101 2 2 5 1 4943 4042 5013
3102 2 2 5 1 4041 4942 5012
3103 2 2 5 1 3015 3891 5658
3104 2 2 5 1 5774 323 5777
3105 2 2 5 1 3421 5704 7230
3106 2 2 5 1 4512 3858 4848
3107 2 2 5 1 5395 7186 7722
3108 2 2 5 1 3856 4511 4847
3109 2 2 5 1 3824 4630 4865
3110 2 2 5 1 119 505 5578
3111 2 2 5 1 398 1411 5836
3112 2 2 5 1 3706 3120 3825
3113 2 2 5 1 3210 5862 6106
3114 2 2 5 1 3961 3959 4013
3115 2 2 5 1 5913 3869 7734
3116 2 2 5 1 1915 1914 1916
3117 2 2 5 1 1904 1905 1906
3118 2 2 5 1 518 525 526
3119 2 2 5 1 523 516 524
3120 2 2 5 1 5771 707 5772
3121 2 2 5 1 576 1559 5685
3122 2 2 5 1 7786 6561 7793
3123 2 2 5 1 3493 3496 5715
3124 2 2 5 1 3116 3702 3824
3125 2 2 5 1 972 987 5713
3126 2 2 5 1 989 974 5714
3127 2 2 5 1 5632 5633 5646
3128 2 2 5 1 2331 4463 5746
3129 2 2 5 1 5596 2674 7070
3130 2 2 5 1 5611 5610 5612
3131 2 2 5 1 5737 1759 5738
3132 2 2 5 1 2511 2966 7572
3133 2 2 5 1 3190 5781 5782
3134 2 2 5 1 6556 4701 7178
3135 2 2 5 1 492 333 5747
3136 2 2 5 1 3273 568 5875
3137 2 2 5 1 6111 6112 7123
3138 2 2 5 1 4194 3564 6139
3139 2 2 5 1 5497 5498 5499
3140 2 2 5 1 1729 1913 5513
3141 2 2 5 1 1903 1727 5514
3142 2 2 5 1 329 330 5756
3143 2 2 5 1 328 329 5757
3144 2 2 5 1 5690 5688 5795
3145 2 2 5 1 5696 1131 5699
3146 2 2 5 1 395 394 5338
3147 2 2 5 1 5264 3547 8396
3148 2 2 5 1 4043 4981 4982
3149 2 2 5 1 6299 2657 7664
3150 2 2 5 1 6201 3014 7436
3151 2 2 5 1 399 5836 5838
3152 2 2 5 1 4632 4867 5270
3153 2 2 5 1 5601 5052 5602
3154 2 2 5 1 3966 3965 3967
3155 2 2 5 1 4083 3628 5806
3156 2 2 5 1 5445 5444 5493
3157 2 2 5 1 3631 4085 5805
3158 2 2 5 1 2839 2252 5598
3159 2 2 5 1 3706 3825 4632
3160 2 2 5 1 3546 3544 5586
3161 2 2 5 1 5693 3057 7146
3162 2 2 5 1 2838 2312 5494
3163 2 2 5 1 4865 4630 5271
3164 2 2 5 1 4180 6176 6246
3165 2 2 5 1 3824 3702 4630
3166 2 2 5 1 2824 6198 7696
3167 2 2 5 1 332 492 5753
3168 2 2 5 1 4069 6020 6209
3169 2 2 5 1 5609 5608 5610
3170 2 2 5 1 5336 5283 5337
3171 2 2 5 1 5973 3822 5981
3172 2 2 5 1 1838 1762 6077
3173 2 2 5 1 4121 6058 6799
3174 2 2 5 1 5282 5281 5283
3175 2 2 5 1 568 566 5875
3176 2 2 5 1 1275 6493 6611
3177 2 2 5 1 5081 8706 8711
3178 2 2 5 1 3926 4042 4943
3179 2 2 5 1 4041 3925 4942
3180 2 2 5 1 5609 5610 5611
3181 2 2 5 1 5722 3273 5875
3182 2 2 5 1 5551 6374 7659
3183 2 2 5 1 3951 4871 6050
3184 2 2 5 1 3865 3992 4043
3185 2 2 5 1 1205 1207 5662
3186 2 2 5 1 2145 3237 5720
3187 2 2 5 1 7536 1700 7547
3188 2 2 5 1 5532 1331 6043
3189 2 2 5 1 6376 6377 7529
3190 2 2 5 1 3142 3538 3926
3191 2 2 5 1 3537 3141 3925
3192 2 2 5 1 182 183 6649
3193 2 2 5 1 4706 6140 6981
3194 2 2 5 1 3772 4666 5662
3195 2 2 5 1 590 5858 6069
3196 2 2 5 1 6102 5767 6103
3197 2 2 5 1 1529 455 5668
3198 2 2 5 1 2381 2380 5800
3199 2 2 5 1 131 2441 5761
3200 2 2 5 1 4296 6013 7137
3201 2 2 5 1 4014 4015 4625
3202 2 2 5 1 2350 5659 5978
3203 2 2 5 1 2736 3120 3706
3204 2 2 5 1 127 2811 5892
3205 2 2 5 1 181 182 7208
3206 2 2 5 1 2393 2395 3142
3207 2 2 5 1 2372 2370 3141
3208 2 2 5 1 2674 6121 6348
3209 2 2 5 1 7470 5574 7515
3210 2 2 5 1 2415 2773 5854
3211 2 2 5 1 4734 8265 8279
3212 2 2 5 1 5282 5450 6004
3213 2 2 5 1 344 345 2429
3214 2 2 5 1 117 118 2430
3215 2 2 5 1 3750 6104 7760
3216 2 2 5 1 3116 2346 3702
3217 2 2 5 1 136 2448 5764
3218 2 2 5 1 2724 2416 5853
3219 2 2 5 1 4849 3955 4850
3220 2 2 5 1 2467 899 6158
3221 2 2 5 1 2236 2366 2367
3222 2 2 5 1 2389 2238 2390
3223 2 2 5 1 5946 2961 7748
3224 2 2 5 1 4877 8206 8208
3225 2 2 5 1 722 680 6707
3226 2 2 5 1 6541 6025 7490
3227 2 2 5 1 4119 5932 6395
3228 2 2 5 1 4982 4981 5201
3229 2 2 5 1 6515 4704 6662
3230 2 2 5 1 6105 6103 7739
3231 2 2 5 1 1005 1059 5696
3232 2 2 5 1 1061 1007 5700
3233 2 2 5 1 6398 1689 7643
3234 2 2 5 1 5748 5750 5752
3235 2 2 5 1 8324 4613 8366
3236 2 2 5 1 4371 5282 6004
3237 2 2 5 1 2857 8292 8655
3238 2 2 5 1 4987 4251 4988
3239 2 2 5 1 5590 3485 7077
3240 2 2 5 1 2068 1817 5708
3241 2 2 5 1 1591 1491 1708
3242 2 2 5 1 2422 2352 2861
3243 2 2 5 1 5814 3375 6013
3244 2 2 5 1 4988 5608 5609
3245 2 2 5 1 1362 1313 6429
3246 2 2 5 1 4052 4041 5616
3247 2 2 5 1 6376 7529 7536
3248 2 2 5 1 4893 4892 5264
3249 2 2 5 1 3057 3036 7146
3250 2 2 5 1 1857 1708 1858
3251 2 2 5 1 7411 3503 7662
3252 2 2 5 1 2535 5666 6175
3253 2 2 5 1 1278 6645 6649
3254 2 2 5 1 1969 1844 7108
3255 2 2 5 1 5603 2584 6698
3256 2 2 5 1 321 707 5771
3257 2 2 5 1 5628 5629 5630
3258 2 2 5 1 4037 5597 6131
3259 2 2 5 1 3569 3996 5600
3260 2 2 5 1 3505 5446 5447
3261 2 2 5 1 1939 1858 5613
3262 2 2 5 1 1817 1672 5708
3263 2 2 5 1 4917 4580 5048
3264 2 2 5 1 4013 3959 7366
3265 2 2 5 1 5781 890 5783
3266 2 2 5 1 5624 5625 5626
3267 2 2 5 1 6395 5932 6842
3268 2 2 5 1 505 120 5594
3269 2 2 5 1 3568 3569 4542
3270 2 2 5 1 3016 3864 3865
3271 2 2 5 1 3069 3921 4044
3272 2 2 5 1 3922 3070 4045
3273 2 2 5 1 5606 4689 5876
3274 2 2 5 1 5887 5889 7233
3275 2 2 5 1 5573 5826 5894
3276 2 2 5 1 1350 6072 6556
3277 2 2 5 1 2862 2861 3539
3278 2 2 5 1 5586 3896 5587
3279 2 2 5 1 2851 2853 3568
3280 2 2 5 1 3273 5722 5763
3281 2 2 5 1 4681 3875 5760
3282 2 2 5 1 5282 5283 5336
3283 2 2 5 1 5422 7559 7730
3284 2 2 5 1 5702 5714 5948
3285 2 2 5 1 4044 3921 4641
3286 2 2 5 1 3922 4045 4642
3287 2 2 5 1 5112 7947 7962
3288 2 2 5 1 4043 3992 4981
3289 2 2 5 1 2344 2345 2851
3290 2 2 5 1 2448 137 5787
3291 2 2 5 1 3540 3539 4526
3292 2 2 5 1 1704 6388 7451
3293 2 2 5 1 2850 1646 3073
3294 2 2 5 1 2369 2370 2371
3295 2 2 5 1 2393 2392 2394
3296 2 2 5 1 5994 5995 5996
3297 2 2 5 1 5763 6652 6938
3298 2 2 5 1 920 6721 6914
3299 2 2 5 1 2297 2319 2344
3300 2 2 5 1 1882 1958 1959
3301 2 2 5 1 1959 2214 2215
3302 2 2 5 1 5899 2140 6077
3303 2 2 5 1 2215 2296 2297
3304 2 2 5 1 6003 2347 6733
3305 2 2 5 1 5252 4519 5599
3306 2 2 5 1 4519 3596 5155
3307 2 2 5 1 2015 2017 6174
3308 2 2 5 1 2773 3155 5854
3309 2 2 5 1 3251 5697 5698
3310 2 2 5 1 5701 3252 5702
3311 2 2 5 1 5080 6137 6138
3312 2 2 5 1 5622 5623 5624
3313 2 2 5 1 5962 4144 7387
3314 2 2 5 1 5716 5718 5719
3315 2 2 5 1 5637 5635 5638
3316 2 2 5 1 3152 2724 5853
3317 2 2 5 1 6094 5472 7648
3318 2 2 5 1 3138 6184 7333
3319 2 2 5 1 8204 7358 8307
3320 2 2 5 1 4890 8232 8246
3321 2 2 5 1 3117 5933 6698
3322 2 2 5 1 7452 6112 7534
3323 2 2 5 1 1146 1184 3069
3324 2 2 5 1 1185 1149 3070
3325 2 2 5 1 4371 5281 5282
3326 2 2 5 1 3542 3540 5724
3327 2 2 5 1 1194 1310 5922
3328 2 2 5 1 1308 1192 5923
3329 2 2 5 1 183 1278 6649
3330 2 2 5 1 5808 2449 5813
3331 2 2 5 1 1491 7499 7535
3332 2 2 5 1 4654 4043 5657
3333 2 2 5 1 1262 1331 6094
3334 2 2 5 1 7175 3718 7540
3335 2 2 5 1 4704 6590 7120
3336 2 2 5 1 5661 4158 7603
3337 2 2 5 1 2736 2834 3120
3338 2 2 5 1 7612 6135 7654
3339 2 2 5 1 3069 3160 3921
3340 2 2 5 1 3161 3070 3922
3341 2 2 5 1 920 6720 6721
3342 2 2 5 1 882 880 5785
3343 2 2 5 1 5659 2350 6799
3344 2 2 5 1 2500 2498 6113
3345 2 2 5 1 6195 2522 7648
3346 2 2 5 1 6060 6159 6719
3347 2 2 5 1 3865 3864 3992
3348 2 2 5 1 4050 4947 5539
3349 2 2 5 1 5864 4633 5865
3350 2 2 5 1 3920 3429 4398
3351 2 2 5 1 7613 5734 7746
3352 2 2 5 1 2734 2735 2736
3353 2 2 5 1 1591 1708 1857
3354 2 2 5 1 2833 2346 3116
3355 2 2 5 1 2440 5753 5754
3356 2 2 5 1 1369 1176 1491
3357 2 2 5 1 5662 4666 5788
3358 2 2 5 1 6072 1350 6557
3359 2 2 5 1 5750 5749 5751
3360 2 2 5 1 2274 2068 2346
3361 2 2 5 1 4249 2840 7498
3362 2 2 5 1 2522 1182 6094
3363 2 2 5 1 3988 3546 4580
3364 2 2 5 1 6354 2793 7422
3365 2 2 5 1 3920 4398 4399
3366 2 2 5 1 6175 6176 6879
3367 2 2 5 1 5050 5440 8238
3368 2 2 5 1 3772 3773 4050
3369 2 2 5 1 4567 8197 8198
3370 2 2 5 1 3273 5763 6938
3371 2 2 5 1 1141 1139 3199
3372 2 2 5 1 1275 6490 6493
3373 2 2 5 1 4542 3569 5600
3374 2 2 5 1 3937 7793 7806
3375 2 2 5 1 5647 5650 6012
3376 2 2 5 1 1678 1881 1882
3377 2 2 5 1 3996 5051 5052
3378 2 2 5 1 3544 3542 3896
3379 2 2 5 1 2028 6779 7632
3380 2 2 5 1 3568 2853 3569
3381 2 2 5 1 3678 4870 5976
3382 2 2 5 1 5807 2752 7264
3383 2 2 5 1 4526 4527 4872
3384 2 2 5 1 1939 5613 5614
3385 2 2 5 1 1715 717 5857
3386 2 2 5 1 139 140 5812
3387 2 2 5 1 4094 6276 7046
3388 2 2 5 1 4917 5048 5049
3389 2 2 5 1 1857 1858 1939
3390 2 2 5 1 1163 1174 4049
3391 2 2 5 1 4702 6003 6733
3392 2 2 5 1 5719 5718 5869
3393 2 2 5 1 2851 2345 2853
3394 2 2 5 1 5968 5967 5980
3395 2 2 5 1 715 1716 5867
3396 2 2 5 1 5631 5630 5632
3397 2 2 5 1 5681 615 5682
3398 2 2 5 1 182 6649 7208
3399 2 2 5 1 1844 4327 7108
3400 2 2 5 1 3988 4580 4917
3401 2 2 5 1 4371 5279 5281
3402 2 2 5 1 5627 5626 5628
3403 2 2 5 1 5863 4633 5864
3404 2 2 5 1 140 141 5811
3405 2 2 5 1 143 2449 5808
3406 2 2 5 1 2051 6084 7513
3407 2 2 5 1 6383 6382 7594
3408 2 2 5 1 6177 3272 6246
3409 2 2 5 1 3384 6080 7116
3410 2 2 5 1 1369 1491 1591
3411 2 2 5 1 2344 2319 2345
3412 2 2 5 1 1277 6476 6477
3413 2 2 5 1 342 343 504
3414 2 2 5 1 119 120 505
3415 2 2 5 1 2071 2352 2422
3416 2 2 5 1 894 896 5742
3417 2 2 5 1 886 884 5744
3418 2 2 5 1 5634 5632 5635
3419 2 2 5 1 2071 2348 2352
3420 2 2 5 1 2422 2861 2862
3421 2 2 5 1 4613 3955 4849
3422 2 2 5 1 4553 3871 4557
3423 2 2 5 1 4050 4946 4947
3424 2 2 5 1 6033 6032 6034
3425 2 2 5 1 4988 5607 5608
3426 2 2 5 1 1350 6556 7178
3427 2 2 5 1 2278 2913 5896
3428 2 2 5 1 5647 5649 5650
3429 2 2 5 1 2297 2296 2319
3430 2 2 5 1 3544 3896 5586
3431 2 2 5 1 2347 5898 6733
3432 2 2 5 1 6219 6217 7268
3433 2 2 5 1 2215 2214 2296
3434 2 2 5 1 3891 4892 4893
3435 2 2 5 1 1959 1958 2214
3436 2 2 5 1 1858 2070 2071
3437 2 2 5 1 4044 4641 5295
3438 2 2 5 1 3822 5973 5980
3439 2 2 5 1 4642 4045 5296
3440 2 2 5 1 2449 144 5819
3441 2 2 5 1 5635 5632 5646
3442 2 2 5 1 488 6483 6484
3443 2 2 5 1 526 539 3193
3444 2 2 5 1 537 524 3194
3445 2 2 5 1 2862 3539 3540
3446 2 2 5 1 313 5851 5852
3447 2 2 5 1 3155 4186 5854
3448 2 2 5 1 4108 3580 6006
3449 2 2 5 1 5624 5623 5625
3450 2 2 5 1 4182 3152 5853
3451 2 2 5 1 796 821 5781
3452 2 2 5 1 3891 4545 4892
3453 2 2 5 1 5727 3740 5899
3454 2 2 5 1 6383 1699 7611
3455 2 2 5 1 1899 1698 5820
3456 2 2 5 1 6185 6187 7618
3457 2 2 5 1 6720 920 6924
3458 2 2 5 1 5628 5626 5629
3459 2 2 5 1 611 613 1558
3460 2 2 5 1 576 574 1559
3461 2 2 5 1 819 794 5784
3462 2 2 5 1 1882 1881 1958
3463 2 2 5 1 3141 2370 5540
3464 2 2 5 1 2393 3142 5541
3465 2 2 5 1 3874 3618 4448
3466 2 2 5 1 2913 3448 5569
3467 2 2 5 1 4369 4370 4371
3468 2 2 5 1 5621 4049 5622
3469 2 2 5 1 4172 6109 7203
3470 2 2 5 1 6176 4180 6879
3471 2 2 5 1 3772 4050 4666
3472 2 2 5 1 5788 4666 7778
3473 2 2 5 1 1052 981 5789
3474 2 2 5 1 4660 4659 4920
3475 2 2 5 1 4657 4658 4918
3476 2 2 5 1 1729 1912 1913
3477 2 2 5 1 1902 1727 1903
3478 2 2 5 1 5632 5630 5633
3479 2 2 5 1 5317 4013 7366
3480 2 2 5 1 3330 2882 7280
3481 2 2 5 1 5841 6720 6924
3482 2 2 5 1 511 510 517
3483 2 2 5 1 508 509 515
3484 2 2 5 1 4770 5217 5323
3485 2 2 5 1 5216 4772 5322
3486 2 2 5 1 6176 6177 6246
3487 2 2 5 1 2033 6985 7674
3488 2 2 5 1 4543 4542 4938
3489 2 2 5 1 3973 3972 3979
3490 2 2 5 1 1078 1035 7488
3491 2 2 5 1 5707 6666 6675
3492 2 2 5 1 4566 4995 5827
3493 2 2 5 1 3250 5844 7207
3494 2 2 5 1 2375 2373 2829
3495 2 2 5 1 2396 2398 2830
3496 2 2 5 1 6387 6388 7461
3497 2 2 5 1 5565 2452 7404
3498 2 2 5 1 2458 5566 7403
3499 2 2 5 1 2396 2830 5665
3500 2 2 5 1 2829 2373 5664
3501 2 2 5 1 2464 5848 5849
3502 2 2 5 1 4060 4310 6323
3503 2 2 5 1 2379 2377 2380
3504 2 2 5 1 2400 2402 2403
3505 2 2 5 1 3870 3203 3871
3506 2 2 5 1 2893 943 5890
3507 2 2 5 1 6325 3682 7697
3508 2 2 5 1 318 5954 5955
3509 2 2 5 1 3867 5080 6138
3510 2 2 5 1 6285 6071 7293
3511 2 2 5 1 5622 4049 5623
3512 2 2 5 1 1798 6652 7194
3513 2 2 5 1 3870 4553 5846
3514 2 2 5 1 1310 1386 5922
3515 2 2 5 1 1389 1308 5923
3516 2 2 5 1 3540 4526 5724
3517 2 2 5 1 4631 5873 7584
3518 2 2 5 1 5791 3719 5792
3519 2 2 5 1 6029 6032 6033
3520 2 2 5 1 2442 5585 8811
3521 2 2 5 1 2901 2898 5725
3522 2 2 5 1 2797 4125 6245
3523 2 2 5 1 5817 1392 7304
3524 2 2 5 1 5695 3043 7474
3525 2 2 5 1 1956 2076 3772
3526 2 2 5 1 313 314 5851
3527 2 2 5 1 4641 5165 5390
3528 2 2 5 1 5166 4642 5391
3529 2 2 5 1 3740 2896 5899
3530 2 2 5 1 4059 4944 5426
3531 2 2 5 1 4945 4056 5425
3532 2 2 5 1 2431 122 5834
3533 2 2 5 1 1556 894 5742
3534 2 2 5 1 884 1557 5744
3535 2 2 5 1 228 229 6482
3536 2 2 5 1 2062 6250 7371
3537 2 2 5 1 4706 6139 6140
3538 2 2 5 1 6049 3009 7068
3539 2 2 5 1 2348 4068 5770
3540 2 2 5 1 880 5784 5785
3541 2 2 5 1 3155 3738 4186
3542 2 2 5 1 2407 2711 5799
3543 2 2 5 1 5882 2966 6351
3544 2 2 5 1 6639 843 6641
3545 2 2 5 1 2136 3438 3719
3546 2 2 5 1 231 232 6475
3547 2 2 5 1 6662 4704 7120
3548 2 2 5 1 1652 1673 5705
3549 2 2 5 1 520 146 5843
3550 2 2 5 1 5831 3291 5833
3551 2 2 5 1 2166 2781 7253
3552 2 2 5 1 1132 5700 5703
3553 2 2 5 1 3732 3152 4182
3554 2 2 5 1 574 572 5688
3555 2 2 5 1 3040 3038 7227
3556 2 2 5 1 2067 1817 2068
3557 2 2 5 1 3874 4448 4449
3558 2 2 5 1 3423 3418 7230
3559 2 2 5 1 2395 2396 5665
3560 2 2 5 1 2373 2372 5664
3561 2 2 5 1 1059 1131 5696
3562 2 2 5 1 1132 1061 5700
3563 2 2 5 1 580 578 5686
3564 2 2 5 1 6170 3250 7207
3565 2 2 5 1 5319 3917 8787
3566 2 2 5 1 540 312 5852
3567 2 2 5 1 5646 5647 6012
3568 2 2 5 1 3652 3006 4254
3569 2 2 5 1 2711 2410 4072
3570 2 2 5 1 2387 2710 4077
3571 2 2 5 1 1806 2065 2290
3572 2 2 5 1 7704 3434 7790
3573 2 2 5 1 3954 3157 3955
3574 2 2 5 1 2535 6175 6879
3575 2 2 5 1 4042 4053 5617
3576 2 2 5 1 1073 1138 5928
3577 2 2 5 1 1137 1071 5930
3578 2 2 5 1 2515 5816 5818
3579 2 2 5 1 3618 3616 7755
3580 2 2 5 1 4447 3652 5748
3581 2 2 5 1 5080 8273 8682
3582 2 2 5 1 4689 5654 5876
3583 2 2 5 1 345 346 5545
3584 2 2 5 1 2474 3053 7127
3585 2 2 5 1 5985 2617 7405
3586 2 2 5 1 6318 662 7859
3587 2 2 5 1 1091 1163 5621
3588 2 2 5 1 3870 3871 4553
3589 2 2 5 1 7482 1703 7510
3590 2 2 5 1 6278 6279 7334
3591 2 2 5 1 1673 2733 2734
3592 2 2 5 1 6428 1422 6429
3593 2 2 5 1 617 619 996
3594 2 2 5 1 582 580 997
3595 2 2 5 1 6380 7575 7594
3596 2 2 5 1 6377 6385 7510
3597 2 2 5 1 4073 4072 4074
3598 2 2 5 1 5681 5682 5683
3599 2 2 5 1 4077 4078 4079
3600 2 2 5 1 2379 2380 2381
3601 2 2 5 1 6387 7461 7482
3602 2 2 5 1 2403 2402 2404
3603 2 2 5 1 319 2444 5954
3604 2 2 5 1 1139 1084 5605
3605 2 2 5 1 4984 5965 5966
3606 2 2 5 1 5290 2254 8285
3607 2 2 5 1 5507 5506 5581
3608 2 2 5 1 2672 3015 5658
3609 2 2 5 1 3015 3890 3891
3610 2 2 5 1 6080 4352 7116
3611 2 2 5 1 5152 4108 5590
3612 2 2 5 1 4600 7741 7818
3613 2 2 5 1 1705 6392 7376
3614 2 2 5 1 2999 4811 5090
3615 2 2 5 1 2331 1974 4463
3616 2 2 5 1 3994 2331 5746
3617 2 2 5 1 717 766 5857
3618 2 2 5 1 5963 5964 7254
3619 2 2 5 1 3194 524 5793
3620 2 2 5 1 4251 4249 5607
3621 2 2 5 1 4706 6138 6139
3622 2 2 5 1 1386 4344 5922
3623 2 2 5 1 4345 1389 5923
3624 2 2 5 1 3039 3058 7200
3625 2 2 5 1 5727 6077 7639
3626 2 2 5 1 4978 5369 5908
3627 2 2 5 1 613 615 5681
3628 2 2 5 1 6247 5798 8203
3629 2 2 5 1 5978 5659 7071
3630 2 2 5 1 764 715 5867
3631 2 2 5 1 821 890 5781
3632 2 2 5 1 7988 5983 8137
3633 2 2 5 1 1559 5688 5689
3634 2 2 5 1 5370 4970 5910
3635 2 2 5 1 3123 5841 6924
3636 2 2 5 1 1386 1534 4344
3637 2 2 5 1 1532 1389 4345
3638 2 2 5 1 4476 7514 7657
3639 2 2 5 1 4808 6589 7728
3640 2 2 5 1 5834 123 5835
3641 2 2 5 1 1530 952 5856
3642 2 2 5 1 6020 6019 6209
3643 2 2 5 1 1422 1362 6429
3644 2 2 5 1 5754 5753 5759
3645 2 2 5 1 454 453 5670
3646 2 2 5 1 3053 5977 7127
3647 2 2 5 1 5780 4574 6066
3648 2 2 5 1 880 819 5784
3649 2 2 5 1 6034 6032 6035
3650 2 2 5 1 225 226 6489
3651 2 2 5 1 1837 2138 6082
3652 2 2 5 1 4181 5181 5182
3653 2 2 5 1 578 576 5685
3654 2 2 5 1 3698 4104 6066
3655 2 2 5 1 6379 1700 7564
3656 2 2 5 1 4075 4074 5070
3657 2 2 5 1 2407 2408 2410
3658 2 2 5 1 4079 4080 5066
3659 2 2 5 1 2385 2384 2387
3660 2 2 5 1 339 2819 5710
3661 2 2 5 1 5637 5638 5639
3662 2 2 5 1 5668 454 5670
3663 2 2 5 1 1009 964 5845
3664 2 2 5 1 4234 8689 8692
3665 2 2 5 1 6292 4157 7303
3666 2 2 5 1 4068 4368 4369
3667 2 2 5 1 5375 5001 5376
3668 2 2 5 1 1846 2136 5791
3669 2 2 5 1 6590 1430 7120
3670 2 2 5 1 6219 3122 6220
3671 2 2 5 1 1059 1096 1131
3672 2 2 5 1 1098 1061 1132
3673 2 2 5 1 4344 7776 7848
3674 2 2 5 1 7777 4345 7849
3675 2 2 5 1 5748 5749 5750
3676 2 2 5 1 116 117 5548
3677 2 2 5 1 3092 5866 6221
3678 2 2 5 1 943 915 5890
3679 2 2 5 1 4905 8166 8168
3680 2 2 5 1 5490 3765 7714
3681 2 2 5 1 2702 5574 7470
3682 2 2 5 1 2388 2387 5745
3683 2 2 5 1 2410 2411 5743
3684 2 2 5 1 5613 2422 6509
3685 2 2 5 1 3167 2292 3203
3686 2 2 5 1 5772 707 5773
3687 2 2 5 1 6379 6378 7547
3688 2 2 5 1 4886 5807 7264
3689 2 2 5 1 2440 5754 5755
3690 2 2 5 1 3969 5015 5226
3691 2 2 5 1 5375 5376 5470
3692 2 2 5 1 3822 3226 5982
3693 2 2 5 1 3009 2054 7068
3694 2 2 5 1 3019 5905 7980
3695 2 2 5 1 3302 6152 6153
3696 2 2 5 1 4667 4251 4987
3697 2 2 5 1 5947 3138 6082
3698 2 2 5 1 2255 3016 5620
3699 2 2 5 1 121 122 2431
3700 2 2 5 1 2542 4172 6146
3701 2 2 5 1 3207 3472 6074
3702 2 2 5 1 398 397 1411
3703 2 2 5 1 830 811 5975
3704 2 2 5 1 1961 1899 2185
3705 2 2 5 1 3119 6368 7406
3706 2 2 5 1 1956 3772 5662
3707 2 2 5 1 5858 1877 5859
3708 2 2 5 1 1277 6475 6476
3709 2 2 5 1 6138 4194 6139
3710 2 2 5 1 1559 574 5688
3711 2 2 5 1 4155 3951 6050
3712 2 2 5 1 2464 315 5848
3713 2 2 5 1 2913 5569 5896
3714 2 2 5 1 5636 5642 5643
3715 2 2 5 1 5742 2467 8071
3716 2 2 5 1 4155 5796 6093
3717 2 2 5 1 892 894 1556
3718 2 2 5 1 884 882 1557
3719 2 2 5 1 2636 2639 5925
3720 2 2 5 1 5933 5603 6698
3721 2 2 5 1 5464 2962 7729
3722 2 2 5 1 1672 1311 7273
3723 2 2 5 1 5520 5521 5522
3724 2 2 5 1 397 396 5485
3725 2 2 5 1 1207 1956 5662
3726 2 2 5 1 4250 4249 4251
3727 2 2 5 1 954 1530 5847
3728 2 2 5 1 4198 6192 7018
3729 2 2 5 1 6192 6191 7018
3730 2 2 5 1 5686 5685 5687
3731 2 2 5 1 1028 5808 5809
3732 2 2 5 1 6211 6316 6317
3733 2 2 5 1 5481 6075 6183
3734 2 2 5 1 985 5713 5949
3735 2 2 5 1 3572 3826 5803
3736 2 2 5 1 2383 2381 2384
3737 2 2 5 1 2404 2406 2407
3738 2 2 5 1 1037 985 1038
3739 2 2 5 1 986 1041 1042
3740 2 2 5 1 2533 6290 6812
3741 2 2 5 1 3291 5831 6005
3742 2 2 5 1 5841 3123 6078
3743 2 2 5 1 488 6482 6483
3744 2 2 5 1 4557 4643 4644
3745 2 2 5 1 4651 3778 5952
3746 2 2 5 1 6376 7536 7547
3747 2 2 5 1 4398 5591 5592
3748 2 2 5 1 3138 5947 6184
3749 2 2 5 1 6388 6389 7451
3750 2 2 5 1 4181 4478 5181
3751 2 2 5 1 5773 5775 5776
3752 2 2 5 1 2403 2404 5799
3753 2 2 5 1 3537 4041 4052
3754 2 2 5 1 4042 3538 4053
3755 2 2 5 1 3573 3643 5801
3756 2 2 5 1 3167 3203 3870
3757 2 2 5 1 5695 5693 7146
3758 2 2 5 1 3669 6188 7573
3759 2 2 5 1 118 119 5578
3760 2 2 5 1 487 6469 6470
3761 2 2 5 1 2711 4072 4073
3762 2 2 5 1 4077 2710 4078
3763 2 2 5 1 3429 2800 5591
3764 2 2 5 1 5070 5071 5072
3765 2 2 5 1 5067 5066 5068
3766 2 2 5 1 3223 2500 6113
3767 2 2 5 1 5901 3487 5902
3768 2 2 5 1 2496 3487 5901
3769 2 2 5 1 2371 2372 2373
3770 2 2 5 1 2395 2394 2396
3771 2 2 5 1 1010 1011 1012
3772 2 2 5 1 5672 5671 5673
3773 2 2 5 1 6220 3122 6880
3774 2 2 5 1 4430 3979 5249
3775 2 2 5 1 5204 4116 5826
3776 2 2 5 1 5957 3761 7476
3777 2 2 5 1 1422 6428 6537
3778 2 2 5 1 6184 4311 7333
3779 2 2 5 1 5973 5968 5980
3780 2 2 5 1 2129 2131 6698
3781 2 2 5 1 474 125 5893
3782 2 2 5 1 2261 3137 6087
3783 2 2 5 1 5285 5286 5287
3784 2 2 5 1 334 5020 5747
3785 2 2 5 1 3240 1894 5979
3786 2 2 5 1 6028 3623 6029
3787 2 2 5 1 5890 915 5975
3788 2 2 5 1 3955 3157 5679
3789 2 2 5 1 3302 6153 6898
3790 2 2 5 1 3931 3523 5912
3791 2 2 5 1 4260 6296 7201
3792 2 2 5 1 4698 4697 5911
3793 2 2 5 1 2104 2301 5937
3794 2 2 5 1 6028 6029 6033
3795 2 2 5 1 4119 3310 7250
3796 2 2 5 1 4096 6168 6169
3797 2 2 5 1 766 3190 5857
3798 2 2 5 1 1351 1525 6573
3799 2 2 5 1 6093 4716 6302
3800 2 2 5 1 6652 5763 7194
3801 2 2 5 1 229 6480 6482
3802 2 2 5 1 6034 6035 6036
3803 2 2 5 1 5884 644 5916
3804 2 2 5 1 6276 4094 7042
3805 2 2 5 1 6154 6152 6988
3806 2 2 5 1 339 340 2819
3807 2 2 5 1 4976 4978 5908
3808 2 2 5 1 5407 3020 7983
3809 2 2 5 1 1558 613 5681
3810 2 2 5 1 5796 4155 6050
3811 2 2 5 1 7066 3688 8575
3812 2 2 5 1 5013 4042 5617
3813 2 2 5 1 2675 6028 7240
3814 2 2 5 1 7378 5447 7665
3815 2 2 5 1 5928 1138 5929
3816 2 2 5 1 1392 1393 7304
3817 2 2 5 1 1137 5930 5931
3818 2 2 5 1 4970 4968 5910
3819 2 2 5 1 4073 4074 4075
3820 2 2 5 1 4079 4078 4080
3821 2 2 5 1 4644 5412 5413
3822 2 2 5 1 6029 6031 6032
3823 2 2 5 1 3564 3253 6139
3824 2 2 5 1 4872 4527 5197
3825 2 2 5 1 5979 5978 7071
3826 2 2 5 1 5894 3599 7124
3827 2 2 5 1 6154 3749 6574
3828 2 2 5 1 3120 3159 5765
3829 2 2 5 1 3722 4812 5991
3830 2 2 5 1 2005 7249 7347
3831 2 2 5 1 6078 3123 6861
3832 2 2 5 1 2440 331 5753
3833 2 2 5 1 3486 3678 5976
3834 2 2 5 1 4084 4083 4697
3835 2 2 5 1 232 6473 6475
3836 2 2 5 1 4085 4086 4699
3837 2 2 5 1 2465 148 5914
3838 2 2 5 1 1044 1073 5928
3839 2 2 5 1 1071 1040 5930
3840 2 2 5 1 4718 6078 6861
3841 2 2 5 1 3191 764 5867
3842 2 2 5 1 4526 3539 4527
3843 2 2 5 1 1874 1011 6076
3844 2 2 5 1 3024 2847 6337
3845 2 2 5 1 1275 6489 6490
3846 2 2 5 1 2006 2114 5876
3847 2 2 5 1 4138 2488 5953
3848 2 2 5 1 987 1005 3251
3849 2 2 5 1 1007 989 3252
3850 2 2 5 1 4398 5592 7385
3851 2 2 5 1 3865 4043 4654
3852 2 2 5 1 5926 5925 6826
3853 2 2 5 1 4113 6541 7490
3854 2 2 5 1 952 950 5856
3855 2 2 5 1 3882 6960 6961
3856 2 2 5 1 491 130 5761
3857 2 2 5 1 6061 4683 6062
3858 2 2 5 1 5932 4119 7250
3859 2 2 5 1 123 124 5835
3860 2 2 5 1 578 5685 5686
3861 2 2 5 1 1092 400 5838
3862 2 2 5 1 4008 3628 4083
3863 2 2 5 1 3631 4010 4085
3864 2 2 5 1 500 135 5764
3865 2 2 5 1 2407 2410 2711
3866 2 2 5 1 2387 2384 2710
3867 2 2 5 1 3970 3969 5542
3868 2 2 5 1 3038 3057 7227
3869 2 2 5 1 5933 3117 7341
3870 2 2 5 1 6391 6392 7394
3871 2 2 5 1 541 5320 8754
3872 2 2 5 1 2944 2006 5876
3873 2 2 5 1 2677 5891 6667
3874 2 2 5 1 3919 3429 3920
3875 2 2 5 1 7986 5384 8127
3876 2 2 5 1 4366 4566 5827
3877 2 2 5 1 5669 3958 8355
3878 2 2 5 1 5478 668 7828
3879 2 2 5 1 2948 5877 6351
3880 2 2 5 1 1438 1439 5950
3881 2 2 5 1 5628 5630 5631
3882 2 2 5 1 4221 5855 6023
3883 2 2 5 1 6392 6393 7376
3884 2 2 5 1 3729 6285 7293
3885 2 2 5 1 2411 2459 2460
3886 2 2 5 1 2453 2388 2454
3887 2 2 5 1 5847 1530 6051
3888 2 2 5 1 2859 5919 7209
3889 2 2 5 1 556 1876 5916
3890 2 2 5 1 1894 1895 5979
3891 2 2 5 1 6211 6315 6316
3892 2 2 5 1 5891 2677 6668
3893 2 2 5 1 915 830 5975
3894 2 2 5 1 5624 5626 5627
3895 2 2 5 1 2383 2384 2385
3896 2 2 5 1 2407 2406 2408
3897 2 2 5 1 3569 3570 3996
3898 2 2 5 1 6152 3302 6988
3899 2 2 5 1 680 678 6707
3900 2 2 5 1 6502 6505 6695
3901 2 2 5 1 890 891 892
3902 2 2 5 1 881 880 882
3903 2 2 5 1 2167 2166 7253
3904 2 2 5 1 5877 2948 6350
3905 2 2 5 1 2385 2387 2388
3906 2 2 5 1 2410 2408 2411
3907 2 2 5 1 226 6487 6489
3908 2 2 5 1 588 1877 5858
3909 2 2 5 1 3045 3046 3455
3910 2 2 5 1 2903 2904 3045
3911 2 2 5 1 894 895 896
3912 2 2 5 1 885 884 886
3913 2 2 5 1 3581 2850 3596
3914 2 2 5 1 1012 1011 1136
3915 2 2 5 1 2081 6037 7444
3916 2 2 5 1 896 897 899
3917 2 2 5 1 887 886 900
3918 2 2 5 1 3628 2934 5806
3919 2 2 5 1 2936 3631 5805
3920 2 2 5 1 3418 3421 7230
3921 2 2 5 1 4008 4083 4084
3922 2 2 5 1 4085 4010 4086
3923 2 2 5 1 899 921 940
3924 2 2 5 1 922 900 941
3925 2 2 5 1 3772 2076 3773
3926 2 2 5 1 1685 4705 5935
3927 2 2 5 1 4867 3825 4868
3928 2 2 5 1 940 972 985
3929 2 2 5 1 974 941 986
3930 2 2 5 1 892 893 894
3931 2 2 5 1 883 882 884
3932 2 2 5 1 4026 3596 4519
3933 2 2 5 1 1913 2923 5513
3934 2 2 5 1 2924 1903 5514
3935 2 2 5 1 5251 4519 5252
3936 2 2 5 1 821 889 890
3937 2 2 5 1 879 819 880
3938 2 2 5 1 1163 4049 5621
3939 2 2 5 1 4014 4013 4015
3940 2 2 5 1 6377 1703 7529
3941 2 2 5 1 3548 3546 3988
3942 2 2 5 1 127 128 2811
3943 2 2 5 1 2468 4143 5997
3944 2 2 5 1 3541 3540 3542
3945 2 2 5 1 2903 2901 2904
3946 2 2 5 1 6667 6015 6825
3947 2 2 5 1 2488 1394 5953
3948 2 2 5 1 2136 3719 5791
3949 2 2 5 1 126 127 5892
3950 2 2 5 1 4125 4668 6245
3951 2 2 5 1 6504 7148 7149
3952 2 2 5 1 2677 6667 6825
3953 2 2 5 1 1039 1038 1040
3954 2 2 5 1 2215 2297 2298
3955 2 2 5 1 1042 1043 1044
3956 2 2 5 1 1037 1038 1039
3957 2 2 5 1 1177 1176 1369
3958 2 2 5 1 3996 4372 5051
3959 2 2 5 1 1042 1041 1043
3960 2 2 5 1 6060 1870 6159
3961 2 2 5 1 6476 6474 6479
3962 2 2 5 1 3824 4865 5473
3963 2 2 5 1 1882 1959 2917
3964 2 2 5 1 487 6468 6469
3965 2 2 5 1 2861 2352 2864
3966 2 2 5 1 5526 5525 5527
3967 2 2 5 1 1277 231 6475
3968 2 2 5 1 6483 6481 6486
3969 2 2 5 1 2460 2461 2462
3970 2 2 5 1 2455 2454 2456
3971 2 2 5 1 3545 3544 3546
3972 2 2 5 1 2420 2239 7101
3973 2 2 5 1 2444 320 5771
3974 2 2 5 1 3543 3542 3544
3975 2 2 5 1 5315 4596 5316
3976 2 2 5 1 3584 3039 7200
3977 2 2 5 1 4050 3773 4946
3978 2 2 5 1 3375 5814 6337
3979 2 2 5 1 6210 3213 6315
3980 2 2 5 1 4683 4051 7617
3981 2 2 5 1 234 235 6468
3982 2 2 5 1 1398 2468 5997
3983 2 2 5 1 843 6639 6687
3984 2 2 5 1 5689 5688 5690
3985 2 2 5 1 3642 3572 5803
3986 2 2 5 1 5238 4911 5326
3987 2 2 5 1 334 335 5020
3988 2 2 5 1 399 398 5836
3989 2 2 5 1 5631 5632 5634
3990 2 2 5 1 4614 4266 5828
3991 2 2 5 1 488 228 6482
3992 2 2 5 1 3199 1139 5605
3993 2 2 5 1 2344 2851 2852
3994 2 2 5 1 4898 3931 5912
3995 2 2 5 1 1858 1708 2070
3996 2 2 5 1 5963 4858 5964
3997 2 2 5 1 5858 5859 5860
3998 2 2 5 1 2898 2896 3740
3999 2 2 5 1 1732 2636 5925
4000 2 2 5 1 5343 4954 5489
4001 2 2 5 1 4447 5748 5752
4002 2 2 5 1 4953 5344 5488
4003 2 2 5 1 4999 5001 5375
4004 2 2 5 1 1439 1442 5950
4005 2 2 5 1 1142 1141 1176
4006 2 2 5 1 3291 722 6707
4007 2 2 5 1 1933 1506 5888
4008 2 2 5 1 4892 4545 5058
4009 2 2 5 1 5634 5635 5637
4010 2 2 5 1 6668 7059 7099
4011 2 2 5 1 3137 4110 6087
4012 2 2 5 1 2404 2407 5799
4013 2 2 5 1 6636 2594 6637
4014 2 2 5 1 3846 3121 3958
4015 2 2 5 1 5621 5622 5675
4016 2 2 5 1 4157 6309 7015
4017 2 2 5 1 4072 2410 5743
4018 2 2 5 1 2387 4077 5745
4019 2 2 5 1 6042 1306 7054
4020 2 2 5 1 3045 2904 3046
4021 2 2 5 1 3450 2583 6027
4022 2 2 5 1 2050 6224 7056
4023 2 2 5 1 3568 4542 4543
4024 2 2 5 1 138 1339 5787
4025 2 2 5 1 1835 6003 6088
4026 2 2 5 1 2898 3740 5725
4027 2 2 5 1 7415 1704 7451
4028 2 2 5 1 5587 3896 5588
4029 2 2 5 1 229 230 6480
4030 2 2 5 1 743 762 6182
4031 2 2 5 1 1306 1201 7054
4032 2 2 5 1 3126 5967 5968
4033 2 2 5 1 5916 1876 5917
4034 2 2 5 1 3272 6177 6846
4035 2 2 5 1 643 838 6067
4036 2 2 5 1 766 796 3190
4037 2 2 5 1 1028 5809 5810
4038 2 2 5 1 4286 5900 7753
4039 2 2 5 1 2385 2452 6690
4040 2 2 5 1 2368 2367 2369
4041 2 2 5 1 2390 2391 2392
4042 2 2 5 1 6428 4710 6537
4043 2 2 5 1 2458 2408 6692
4044 2 2 5 1 6789 6347 7107
4045 2 2 5 1 4214 6424 7179
4046 2 2 5 1 6800 4094 7046
4047 2 2 5 1 5860 5859 5861
4048 2 2 5 1 4121 2222 5960
4049 2 2 5 1 4132 4826 5678
4050 2 2 5 1 1174 1175 1678
4051 2 2 5 1 1011 1009 6076
4052 2 2 5 1 4999 5000 5001
4053 2 2 5 1 2533 6289 6290
4054 2 2 5 1 6216 3283 6217
4055 2 2 5 1 2734 2736 5863
4056 2 2 5 1 5725 3740 5726
4057 2 2 5 1 6250 6249 7371
4058 2 2 5 1 1010 1009 1011
4059 2 2 5 1 3922 4642 5166
4060 2 2 5 1 4641 3921 5165
4061 2 2 5 1 6146 4172 7203
4062 2 2 5 1 4544 5691 5692
4063 2 2 5 1 6391 7394 7415
4064 2 2 5 1 2292 2159 6129
4065 2 2 5 1 1871 6088 7105
4066 2 2 5 1 940 985 1037
4067 2 2 5 1 5697 5696 5699
4068 2 2 5 1 986 941 1041
4069 2 2 5 1 5647 5648 5649
4070 2 2 5 1 2071 2070 2348
4071 2 2 5 1 529 6234 7189
4072 2 2 5 1 872 6846 7210
4073 2 2 5 1 312 313 5852
4074 2 2 5 1 2346 2068 5871
4075 2 2 5 1 337 338 475
4076 2 2 5 1 124 125 474
4077 2 2 5 1 3016 3017 3864
4078 2 2 5 1 2704 3623 6028
4079 2 2 5 1 3455 3722 5991
4080 2 2 5 1 5796 4716 6093
4081 2 2 5 1 6026 3450 6027
4082 2 2 5 1 3237 6445 7323
4083 2 2 5 1 5151 4108 5152
4084 2 2 5 1 794 764 3191
4085 2 2 5 1 1144 1095 1334
4086 2 2 5 1 2456 2454 2928
4087 2 2 5 1 5683 5682 5684
4088 2 2 5 1 2460 2462 2929
4089 2 2 5 1 1678 1880 1881
4090 2 2 5 1 3891 3890 4545
4091 2 2 5 1 3417 3422 5963
4092 2 2 5 1 1140 1139 1141
4093 2 2 5 1 5132 5134 5135
4094 2 2 5 1 1506 1504 5888
4095 2 2 5 1 332 333 492
4096 2 2 5 1 327 328 501
4097 2 2 5 1 129 130 491
4098 2 2 5 1 134 135 500
4099 2 2 5 1 1974 1778 6757
4100 2 2 5 1 8074 5421 8117
4101 2 2 5 1 1275 225 6489
4102 2 2 5 1 330 331 2440
4103 2 2 5 1 3126 2503 5967
4104 2 2 5 1 964 958 5845
4105 2 2 5 1 4974 4975 4976
4106 2 2 5 1 3496 3900 4181
4107 2 2 5 1 6345 2683 7555
4108 2 2 5 1 232 233 6473
4109 2 2 5 1 3120 2834 3159
4110 2 2 5 1 4967 4966 4968
4111 2 2 5 1 4988 4251 5607
4112 2 2 5 1 4729 6497 6782
4113 2 2 5 1 5952 3778 6021
4114 2 2 5 1 1028 142 5808
4115 2 2 5 1 896 899 2467
4116 2 2 5 1 900 886 2484
4117 2 2 5 1 2736 2735 2834
4118 2 2 5 1 3422 3802 5963
4119 2 2 5 1 933 935 3266
4120 2 2 5 1 2094 4197 6064
4121 2 2 5 1 2833 3116 3157
4122 2 2 5 1 6019 1782 6209
4123 2 2 5 1 6023 7475 7598
4124 2 2 5 1 1647 1646 2850
4125 2 2 5 1 4984 3946 5965
4126 2 2 5 1 2753 2351 6356
4127 2 2 5 1 2274 2346 2833
4128 2 2 5 1 5809 5808 5813
4129 2 2 5 1 4123 2746 5998
4130 2 2 5 1 2106 2104 5937
4131 2 2 5 1 1046 1040 1071
4132 2 2 5 1 1044 1047 1073
4133 2 2 5 1 4413 7690 7840
4134 2 2 5 1 4104 5780 6066
4135 2 2 5 1 1183 1168 6557
4136 2 2 5 1 3428 2800 3429
4137 2 2 5 1 1198 1325 5938
4138 2 2 5 1 4566 4994 4995
4139 2 2 5 1 4175 4798 6660
4140 2 2 5 1 1738 3008 7373
4141 2 2 5 1 3573 3001 3643
4142 2 2 5 1 5924 1732 5925
4143 2 2 5 1 3003 3572 3642
4144 2 2 5 1 4084 4697 4698
4145 2 2 5 1 226 227 6487
4146 2 2 5 1 6537 4710 6662
4147 2 2 5 1 2460 2459 2461
4148 2 2 5 1 4699 4086 4700
4149 2 2 5 1 5826 4116 5961
4150 2 2 5 1 6278 6800 7046
4151 2 2 5 1 2532 6268 6269
4152 2 2 5 1 6296 2770 7201
4153 2 2 5 1 2453 2454 2455
4154 2 2 5 1 1009 5845 6076
4155 2 2 5 1 1072 1071 1105
4156 2 2 5 1 5919 4852 7209
4157 2 2 5 1 659 644 5884
4158 2 2 5 1 3749 6154 6988
4159 2 2 5 1 1073 1074 1107
4160 2 2 5 1 1163 1164 1174
4161 2 2 5 1 4544 4137 5691
4162 2 2 5 1 7950 5387 8068
4163 2 2 5 1 145 520 5819
4164 2 2 5 1 839 606 6089
4165 2 2 5 1 4322 6262 8423
4166 2 2 5 1 1350 1183 6557
4167 2 2 5 1 6088 4702 7105
4168 2 2 5 1 639 641 5987
4169 2 2 5 1 2383 2385 6690
4170 2 2 5 1 1106 1105 1154
4171 2 2 5 1 2408 2406 6692
4172 2 2 5 1 4543 4938 5118
4173 2 2 5 1 1107 1108 1156
4174 2 2 5 1 6029 6030 6031
4175 2 2 5 1 120 121 5594
4176 2 2 5 1 4798 6009 6660
4177 2 2 5 1 4448 5428 7804
4178 2 2 5 1 2153 2151 3271
4179 2 2 5 1 6161 6165 6167
4180 2 2 5 1 5481 3227 6075
4181 2 2 5 1 4974 5409 5909
4182 2 2 5 1 1155 1154 1196
4183 2 2 5 1 3802 4858 5963
4184 2 2 5 1 6427 3632 6500
4185 2 2 5 1 1156 1157 1198
4186 2 2 5 1 7370 5889 7528
4187 2 2 5 1 6629 2976 8276
4188 2 2 5 1 807 778 6005
4189 2 2 5 1 5070 4074 5071
4190 2 2 5 1 4079 5066 5067
4191 2 2 5 1 5869 5718 5870
4192 2 2 5 1 4713 4712 6302
4193 2 2 5 1 5726 5729 6115
4194 2 2 5 1 940 921 972
4195 2 2 5 1 922 941 974
4196 2 2 5 1 6686 6970 7235
4197 2 2 5 1 131 132 2441
4198 2 2 5 1 899 897 921
4199 2 2 5 1 887 900 922
4200 2 2 5 1 5967 2751 5980
4201 2 2 5 1 4371 4370 5279
4202 2 2 5 1 5860 5861 5862
4203 2 2 5 1 896 895 897
4204 2 2 5 1 885 886 887
4205 2 2 5 1 4412 4410 5704
4206 2 2 5 1 4710 6515 6662
4207 2 2 5 1 2067 2068 2274
4208 2 2 5 1 321 322 707
4209 2 2 5 1 7628 1464 7660
4210 2 2 5 1 6362 6363 8770
4211 2 2 5 1 3472 4670 6074
4212 2 2 5 1 2498 5935 6113
4213 2 2 5 1 2462 2463 3003
4214 2 2 5 1 4700 4973 4974
4215 2 2 5 1 2457 2456 3001
4216 2 2 5 1 4965 4698 4966
4217 2 2 5 1 3624 2840 4249
4218 2 2 5 1 3138 1837 6082
4219 2 2 5 1 894 893 895
4220 2 2 5 1 883 884 885
4221 2 2 5 1 6505 2964 6695
4222 2 2 5 1 519 317 5955
4223 2 2 5 1 4449 7804 7963
4224 2 2 5 1 810 823 6289
4225 2 2 5 1 6244 4754 6555
4226 2 2 5 1 783 150 5992
4227 2 2 5 1 4625 4015 4626
4228 2 2 5 1 6001 1087 6002
4229 2 2 5 1 7356 2062 7371
4230 2 2 5 1 2821 3458 6038
4231 2 2 5 1 962 992 5999
4232 2 2 5 1 2351 2793 6356
4233 2 2 5 1 136 137 2448
4234 2 2 5 1 3122 6219 7268
4235 2 2 5 1 1031 1087 6001
4236 2 2 5 1 2734 2733 2735
4237 2 2 5 1 179 180 6687
4238 2 2 5 1 446 529 7189
4239 2 2 5 1 5999 992 6000
4240 2 2 5 1 5596 7070 7543
4241 2 2 5 1 995 1009 1010
4242 2 2 5 1 4976 4977 4978
4243 2 2 5 1 2932 4151 6118
4244 2 2 5 1 1527 1720 6817
4245 2 2 5 1 5726 5728 5729
4246 2 2 5 1 6211 6210 6315
4247 2 2 5 1 487 234 6468
4248 2 2 5 1 3069 1184 3160
4249 2 2 5 1 1185 3070 3161
4250 2 2 5 1 1197 1196 1289
4251 2 2 5 1 1198 1199 1291
4252 2 2 5 1 2250 2251 2312
4253 2 2 5 1 2253 2252 2314
4254 2 2 5 1 1320 1404 6867
4255 2 2 5 1 5692 5693 5694
4256 2 2 5 1 5692 5691 5693
4257 2 2 5 1 4969 4968 4970
4258 2 2 5 1 6172 540 6173
4259 2 2 5 1 4948 4146 5091
4260 2 2 5 1 4996 4998 4999
4261 2 2 5 1 5716 5182 5717
4262 2 2 5 1 401 400 1092
4263 2 2 5 1 5727 5899 6077
4264 2 2 5 1 5951 2605 6081
4265 2 2 5 1 3523 2808 3869
4266 2 2 5 1 4486 4137 4544
4267 2 2 5 1 1294 1179 6668
4268 2 2 5 1 1913 1912 1914
4269 2 2 5 1 1902 1903 1904
4270 2 2 5 1 991 2443 6011
4271 2 2 5 1 5998 3195 6615
4272 2 2 5 1 2900 2898 2901
4273 2 2 5 1 4369 4368 4370
4274 2 2 5 1 7155 5011 7252
4275 2 2 5 1 744 5993 5994
4276 2 2 5 1 2494 2496 5901
4277 2 2 5 1 987 3251 5713
4278 2 2 5 1 3252 989 5714
4279 2 2 5 1 5940 3720 6135
4280 2 2 5 1 4398 3429 5591
4281 2 2 5 1 5965 5244 5966
4282 2 2 5 1 3003 3004 3572
4283 2 2 5 1 2138 2743 6082
4284 2 2 5 1 1812 1668 5956
4285 2 2 5 1 6665 2486 6837
4286 2 2 5 1 3002 3001 3573
4287 2 2 5 1 5729 5728 5730
4288 2 2 5 1 4701 6429 7178
4289 2 2 5 1 1039 1040 1046
4290 2 2 5 1 3124 6065 6503
4291 2 2 5 1 1044 1043 1047
4292 2 2 5 1 3221 3698 6066
4293 2 2 5 1 324 325 1249
4294 2 2 5 1 2918 3505 7359
4295 2 2 5 1 707 322 5774
4296 2 2 5 1 6078 4718 6079
4297 2 2 5 1 6065 5986 6503
4298 2 2 5 1 3827 3573 5801
4299 2 2 5 1 1290 1289 1315
4300 2 2 5 1 1291 1292 1317
4301 2 2 5 1 5663 5332 8125
4302 2 2 5 1 2902 2901 2903
4303 2 2 5 1 4843 5022 5434
4304 2 2 5 1 319 320 2444
4305 2 2 5 1 1970 2243 2249
4306 2 2 5 1 4266 2914 7326
4307 2 2 5 1 5021 4841 5433
4308 2 2 5 1 4561 1342 6040
4309 2 2 5 1 5409 4976 5908
4310 2 2 5 1 3231 5490 6022
4311 2 2 5 1 4557 3871 4643
4312 2 2 5 1 4292 4294 5574
4313 2 2 5 1 623 625 1875
4314 2 2 5 1 5667 6084 6454
4315 2 2 5 1 4968 5410 5910
4316 2 2 5 1 5175 3844 6055
4317 2 2 5 1 2133 2135 6547
4318 2 2 5 1 3572 3577 3826
4319 2 2 5 1 8103 5032 8652
4320 2 2 5 1 5723 5875 7337
4321 2 2 5 1 3578 3573 3827
4322 2 2 5 1 5369 5219 5418
4323 2 2 5 1 3632 6427 6501
4324 2 2 5 1 1636 1634 6268
4325 2 2 5 1 3954 3955 4613
4326 2 2 5 1 5220 5370 5424
4327 2 2 5 1 1498 1732 5924
4328 2 2 5 1 588 586 1877
4329 2 2 5 1 5889 7480 7528
4330 2 2 5 1 3802 4857 4858
4331 2 2 5 1 4170 5667 6454
4332 2 2 5 1 621 622 623
4333 2 2 5 1 585 584 586
4334 2 2 5 1 4189 6685 6686
4335 2 2 5 1 1849 2672 7183
4336 2 2 5 1 632 631 634
4337 2 2 5 1 594 595 597
4338 2 2 5 1 1046 1071 1072
4339 2 2 5 1 3496 4181 5715
4340 2 2 5 1 1658 1685 5935
4341 2 2 5 1 1073 1047 1074
4342 2 2 5 1 892 891 893
4343 2 2 5 1 881 882 883
4344 2 2 5 1 5868 2120 6970
4345 2 2 5 1 5271 4630 7584
4346 2 2 5 1 6227 6230 6238
4347 2 2 5 1 2293 2292 3167
4348 2 2 5 1 1077 1030 6056
4349 2 2 5 1 1072 1105 1106
4350 2 2 5 1 5072 5071 5073
4351 2 2 5 1 4197 2092 7256
4352 2 2 5 1 316 519 5848
4353 2 2 5 1 147 2465 5843
4354 2 2 5 1 5067 5068 5069
4355 2 2 5 1 2780 2165 6691
4356 2 2 5 1 1107 1074 1108
4357 2 2 5 1 3117 6547 7341
4358 2 2 5 1 5878 5882 6351
4359 2 2 5 1 6015 1569 6825
4360 2 2 5 1 3929 5244 5965
4361 2 2 5 1 2844 2324 5961
4362 2 2 5 1 138 139 1339
4363 2 2 5 1 4974 4973 4975
4364 2 2 5 1 4955 7791 8375
4365 2 2 5 1 4965 4966 4967
4366 2 2 5 1 6637 2594 6687
4367 2 2 5 1 6424 4541 7179
4368 2 2 5 1 4731 6350 7038
4369 2 2 5 1 4978 4979 5219
4370 2 2 5 1 3121 2434 7366
4371 2 2 5 1 635 634 636
4372 2 2 5 1 597 598 599
4373 2 2 5 1 632 634 635
4374 2 2 5 1 597 595 598
4375 2 2 5 1 641 643 6067
4376 2 2 5 1 2490 4138 7062
4377 2 2 5 1 1106 1154 1155
4378 2 2 5 1 6103 5767 6104
4379 2 2 5 1 3027 3024 6337
4380 2 2 5 1 1156 1108 1157
4381 2 2 5 1 5737 5738 5739
4382 2 2 5 1 6123 2534 7085
4383 2 2 5 1 4049 1174 5644
4384 2 2 5 1 6946 1521 7010
4385 2 2 5 1 958 956 4796
4386 2 2 5 1 5073 5553 5554
4387 2 2 5 1 637 636 638
4388 2 2 5 1 599 600 601
4389 2 2 5 1 141 142 1028
4390 2 2 5 1 1316 1315 1326
4391 2 2 5 1 1317 1318 1328
4392 2 2 5 1 5559 5069 5560
4393 2 2 5 1 2976 6629 8281
4394 2 2 5 1 5029 6144 8690
4395 2 2 5 1 3971 3972 3973
4396 2 2 5 1 3599 2311 7124
4397 2 2 5 1 4971 4970 5220
4398 2 2 5 1 3619 3618 3874
4399 2 2 5 1 4132 4621 4826
4400 2 2 5 1 4560 3870 5846
4401 2 2 5 1 6387 7482 7510
4402 2 2 5 1 4810 3970 5542
4403 2 2 5 1 5902 3487 5903
4404 2 2 5 1 778 3291 6005
4405 2 2 5 1 635 636 637
4406 2 2 5 1 599 598 600
4407 2 2 5 1 4132 5678 7253
4408 2 2 5 1 4836 3931 4898
4409 2 2 5 1 2702 7244 7374
4410 2 2 5 1 2324 3599 5961
4411 2 2 5 1 4003 3827 4004
4412 2 2 5 1 3826 4000 4001
4413 2 2 5 1 6524 1276 6607
4414 2 2 5 1 235 6466 6468
4415 2 2 5 1 552 608 609
4416 2 2 5 1 571 550 572
4417 2 2 5 1 2746 2638 5998
4418 2 2 5 1 5739 4166 7677
4419 2 2 5 1 639 638 640
4420 2 2 5 1 601 602 603
4421 2 2 5 1 122 123 5834
4422 2 2 5 1 7104 2654 7119
4423 2 2 5 1 4574 5780 7670
4424 2 2 5 1 143 144 2449
4425 2 2 5 1 1649 4135 6041
4426 2 2 5 1 5694 5693 5695
4427 2 2 5 1 5714 986 5948
4428 2 2 5 1 1731 1782 6019
4429 2 2 5 1 3455 3046 3456
4430 2 2 5 1 2382 2381 2383
4431 2 2 5 1 4092 4702 6733
4432 2 2 5 1 2594 6636 6661
4433 2 2 5 1 2404 2405 2406
4434 2 2 5 1 1096 1146 5829
4435 2 2 5 1 637 638 639
4436 2 2 5 1 601 600 602
4437 2 2 5 1 5362 5363 5364
4438 2 2 5 1 2376 2375 2377
4439 2 2 5 1 2398 2399 2400
4440 2 2 5 1 7651 5371 7769
4441 2 2 5 1 4594 5192 5194
4442 2 2 5 1 4712 6301 6302
4443 2 2 5 1 1535 1394 2488
4444 2 2 5 1 6122 6123 6124
4445 2 2 5 1 6388 1704 7461
4446 2 2 5 1 6148 6150 6151
4447 2 2 5 1 1296 3430 7325
4448 2 2 5 1 4411 4410 4412
4449 2 2 5 1 6505 6504 7149
4450 2 2 5 1 4995 4994 4996
4451 2 2 5 1 2605 5951 6056
4452 2 2 5 1 316 317 519
4453 2 2 5 1 145 146 520
4454 2 2 5 1 2378 2377 2379
4455 2 2 5 1 2400 2401 2402
4456 2 2 5 1 6192 6946 7010
4457 2 2 5 1 5726 5727 5728
4458 2 2 5 1 1839 2347 6003
4459 2 2 5 1 4072 5743 7130
4460 2 2 5 1 5745 4077 7129
4461 2 2 5 1 2677 1294 6668
4462 2 2 5 1 639 640 641
4463 2 2 5 1 603 602 604
4464 2 2 5 1 5877 5878 6351
4465 2 2 5 1 1155 1196 1197
4466 2 2 5 1 3819 3164 4137
4467 2 2 5 1 4976 4975 4977
4468 2 2 5 1 6533 4719 6534
4469 2 2 5 1 1198 1157 1199
4470 2 2 5 1 4001 4672 4841
4471 2 2 5 1 1697 3215 6085
4472 2 2 5 1 623 624 625
4473 2 2 5 1 587 586 588
4474 2 2 5 1 2680 6208 7185
4475 2 2 5 1 590 588 5858
4476 2 2 5 1 1198 1291 1325
4477 2 2 5 1 1525 1725 6573
4478 2 2 5 1 1398 1536 2468
4479 2 2 5 1 1289 1196 1324
4480 2 2 5 1 4967 4968 4969
4481 2 2 5 1 3599 5826 5961
4482 2 2 5 1 4675 4004 4843
4483 2 2 5 1 2240 2999 7205
4484 2 2 5 1 5960 2797 6245
4485 2 2 5 1 2259 3761 5957
4486 2 2 5 1 5729 5730 5731
4487 2 2 5 1 3052 2494 5901
4488 2 2 5 1 4007 3628 4008
4489 2 2 5 1 5593 1321 7400
4490 2 2 5 1 3631 4009 4010
4491 2 2 5 1 7171 2566 7176
4492 2 2 5 1 5941 3465 5942
4493 2 2 5 1 4843 4004 5022
4494 2 2 5 1 1309 1652 7305
4495 2 2 5 1 5815 6013 7581
4496 2 2 5 1 6469 6467 6472
4497 2 2 5 1 6666 2361 6675
4498 2 2 5 1 4085 4699 5566
4499 2 2 5 1 4697 4083 5565
4500 2 2 5 1 1073 1107 1138
4501 2 2 5 1 1105 1071 1137
4502 2 2 5 1 4286 3207 6074
4503 2 2 5 1 3455 3456 3722
4504 2 2 5 1 644 556 5916
4505 2 2 5 1 4001 4841 5021
4506 2 2 5 1 807 6005 6937
4507 2 2 5 1 1569 6015 6678
4508 2 2 5 1 3093 2244 7074
4509 2 2 5 1 2699 2698 3944
4510 2 2 5 1 4527 3539 7224
4511 2 2 5 1 951 950 952
4512 2 2 5 1 1136 1874 1970
4513 2 2 5 1 3962 3944 4955
4514 2 2 5 1 953 952 954
4515 2 2 5 1 6497 4707 6782
4516 2 2 5 1 2897 2896 2898
4517 2 2 5 1 606 604 6089
4518 2 2 5 1 1149 1098 5830
4519 2 2 5 1 2966 2510 6351
4520 2 2 5 1 955 954 956
4521 2 2 5 1 957 956 958
4522 2 2 5 1 2432 1044 5928
4523 2 2 5 1 2464 5849 5850
4524 2 2 5 1 2269 1878 6308
4525 2 2 5 1 4409 3804 4410
4526 2 2 5 1 1040 2433 5930
4527 2 2 5 1 5691 4137 7227
4528 2 2 5 1 6276 6275 7046
4529 2 2 5 1 3431 1300 7339
4530 2 2 5 1 2474 2473 3053
4531 2 2 5 1 843 181 7208
4532 2 2 5 1 2847 3375 6337
4533 2 2 5 1 3809 4833 6080
4534 2 2 5 1 4848 3858 7743
4535 2 2 5 1 3856 4847 7742
4536 2 2 5 1 4130 4396 6086
4537 2 2 5 1 890 889 891
4538 2 2 5 1 879 880 881
4539 2 2 5 1 3147 2844 5961
4540 2 2 5 1 3194 5793 5794
4541 2 2 5 1 981 943 2893
4542 2 2 5 1 6514 6887 7091
4543 2 2 5 1 744 745 5993
4544 2 2 5 1 7059 4242 7099
4545 2 2 5 1 2493 2494 3052
4546 2 2 5 1 5987 641 6067
4547 2 2 5 1 6372 6427 6500
4548 2 2 5 1 641 640 642
4549 2 2 5 1 603 604 605
4550 2 2 5 1 3227 4144 6075
4551 2 2 5 1 4699 4700 5909
4552 2 2 5 1 2462 2461 2463
4553 2 2 5 1 5935 4705 6113
4554 2 2 5 1 2455 2456 2457
4555 2 2 5 1 6079 4718 6349
4556 2 2 5 1 5902 5903 5904
4557 2 2 5 1 4369 4371 6004
4558 2 2 5 1 318 319 5954
4559 2 2 5 1 5723 7337 7356
4560 2 2 5 1 6350 2948 7038
4561 2 2 5 1 3946 3426 5965
4562 2 2 5 1 2145 3087 3237
4563 2 2 5 1 5920 5919 7319
4564 2 2 5 1 6981 6140 7249
4565 2 2 5 1 1130 1269 6320
4566 2 2 5 1 5702 3252 5714
4567 2 2 5 1 3251 5698 5713
4568 2 2 5 1 2136 2332 3438
4569 2 2 5 1 125 126 5893
4570 2 2 5 1 4632 5270 7609
4571 2 2 5 1 1197 1289 1290
4572 2 2 5 1 970 999 1563
4573 2 2 5 1 4974 4976 5409
4574 2 2 5 1 1291 1199 1292
4575 2 2 5 1 2470 2471 2472
4576 2 2 5 1 5002 5004 5435
4577 2 2 5 1 2584 2129 6698
4578 2 2 5 1 4968 4966 5410
4579 2 2 5 1 625 626 627
4580 2 2 5 1 589 588 590
4581 2 2 5 1 2472 2471 2473
4582 2 2 5 1 2965 2434 3121
4583 2 2 5 1 2642 6549 6847
4584 2 2 5 1 950 948 3211
4585 2 2 5 1 2491 2490 2492
4586 2 2 5 1 4366 4565 4566
4587 2 2 5 1 1542 1663 6024
4588 2 2 5 1 1030 2605 6056
4589 2 2 5 1 4716 4713 6302
4590 2 2 5 1 5926 6826 7181
4591 2 2 5 1 2472 2473 2474
4592 2 2 5 1 2491 2492 2493
4593 2 2 5 1 5704 4410 7230
4594 2 2 5 1 2896 2308 5899
4595 2 2 5 1 1936 2261 6087
4596 2 2 5 1 1915 1917 6007
4597 2 2 5 1 1907 1905 6008
4598 2 2 5 1 1948 2255 5620
4599 2 2 5 1 1474 6024 6025
4600 2 2 5 1 338 339 5710
4601 2 2 5 1 2493 2492 2494
4602 2 2 5 1 1342 1343 6040
4603 2 2 5 1 2489 2488 2490
4604 2 2 5 1 839 6089 6090
4605 2 2 5 1 2222 2223 5960
4606 2 2 5 1 5981 3822 5982
4607 2 2 5 1 1328 1329 1394
4608 2 2 5 1 5833 3291 6707
4609 2 2 5 1 629 631 632
4610 2 2 5 1 594 592 595
4611 2 2 5 1 2532 1636 6268
4612 2 2 5 1 2899 6073 7318
4613 2 2 5 1 6429 1313 7178
4614 2 2 5 1 4935 7155 7252
4615 2 2 5 1 6154 6574 6696
4616 2 2 5 1 2827 3092 6221
4617 2 2 5 1 1496 1697 6085
4618 2 2 5 1 949 948 950
4619 2 2 5 1 3706 4632 4633
4620 2 2 5 1 5561 5560 5562
4621 2 2 5 1 5554 5555 5556
4622 2 2 5 1 6503 5986 6504
4623 2 2 5 1 3283 6216 6320
4624 2 2 5 1 5364 5363 5365
4625 2 2 5 1 2131 3117 6698
4626 2 2 5 1 2733 1674 7442
4627 2 2 5 1 1930 1614 7113
4628 2 2 5 1 4630 3702 4631
4629 2 2 5 1 2374 2373 2375
4630 2 2 5 1 2396 2397 2398
4631 2 2 5 1 1973 1870 6060
4632 2 2 5 1 6343 6342 7026
4633 2 2 5 1 2468 2469 2470
4634 2 2 5 1 3627 2934 3628
4635 2 2 5 1 400 399 5838
4636 2 2 5 1 2936 3630 3631
4637 2 2 5 1 2533 810 6289
4638 2 2 5 1 641 642 643
4639 2 2 5 1 605 604 606
4640 2 2 5 1 5887 5888 5889
4641 2 2 5 1 6125 1470 6541
4642 2 2 5 1 627 628 629
4643 2 2 5 1 591 590 592
4644 2 2 5 1 3621 4593 4594
4645 2 2 5 1 3617 3616 3618
4646 2 2 5 1 1042 2432 5948
4647 2 2 5 1 529 6763 7457
4648 2 2 5 1 995 964 1009
4649 2 2 5 1 6685 4189 6780
4650 2 2 5 1 2255 2318 3016
4651 2 2 5 1 3941 3942 4805
4652 2 2 5 1 4700 4974 5909
4653 2 2 5 1 5447 5446 5448
4654 2 2 5 1 4978 5219 5369
4655 2 2 5 1 4271 7114 7115
4656 2 2 5 1 3214 6134 7681
4657 2 2 5 1 2161 2159 2292
4658 2 2 5 1 6226 3609 6227
4659 2 2 5 1 3488 3489 4480
4660 2 2 5 1 3220 4018 6133
4661 2 2 5 1 5220 4970 5370
4662 2 2 5 1 2861 2864 7224
4663 2 2 5 1 333 334 5747
4664 2 2 5 1 1593 1555 1646
4665 2 2 5 1 629 630 631
4666 2 2 5 1 593 592 594
4667 2 2 5 1 1218 4271 7398
4668 2 2 5 1 2510 2948 6351
4669 2 2 5 1 643 642 646
4670 2 2 5 1 605 606 648
4671 2 2 5 1 3488 2476 3489
4672 2 2 5 1 1110 3125 6149
4673 2 2 5 1 4850 3955 5679
4674 2 2 5 1 6080 4833 7602
4675 2 2 5 1 754 5415 8821
4676 2 2 5 1 1266 639 5987
4677 2 2 5 1 2708 7615 7658
4678 2 2 5 1 5953 1462 7360
4679 2 2 5 1 331 332 5753
4680 2 2 5 1 1535 2488 2489
4681 2 2 5 1 1042 1044 2432
4682 2 2 5 1 3184 3975 4132
4683 2 2 5 1 1040 1038 2433
4684 2 2 5 1 6016 3983 6017
4685 2 2 5 1 4480 3489 4481
4686 2 2 5 1 1398 1326 1536
4687 2 2 5 1 4181 3900 4478
4688 2 2 5 1 7102 7101 7545
4689 2 2 5 1 1290 1315 1316
4690 2 2 5 1 3425 3465 5941
4691 2 2 5 1 1317 1292 1318
4692 2 2 5 1 4978 4977 4979
4693 2 2 5 1 4493 4492 5384
4694 2 2 5 1 5904 5903 5905
4695 2 2 5 1 5529 5530 5531
4696 2 2 5 1 235 236 6466
4697 2 2 5 1 3283 1351 6573
4698 2 2 5 1 2120 5868 6934
4699 2 2 5 1 5715 5182 5716
4700 2 2 5 1 2470 2469 2471
4701 2 2 5 1 2564 6443 6444
4702 2 2 5 1 3003 2463 3004
4703 2 2 5 1 1937 6265 6266
4704 2 2 5 1 3481 4476 6073
4705 2 2 5 1 2496 3486 3487
4706 2 2 5 1 3722 3723 4469
4707 2 2 5 1 5731 5730 5732
4708 2 2 5 1 6224 7104 7119
4709 2 2 5 1 2468 1536 2469
4710 2 2 5 1 2457 3001 3002
4711 2 2 5 1 2489 2490 2491
4712 2 2 5 1 2330 1990 6321
4713 2 2 5 1 1327 1326 1398
4714 2 2 5 1 3722 4469 4812
4715 2 2 5 1 4969 4970 4971
4716 2 2 5 1 3126 5968 5969
4717 2 2 5 1 6122 2534 6123
4718 2 2 5 1 3613 3079 4470
4719 2 2 5 1 149 783 5914
4720 2 2 5 1 1328 1394 1535
4721 2 2 5 1 5782 5781 5783
4722 2 2 5 1 4098 5084 6055
4723 2 2 5 1 1156 1198 5938
4724 2 2 5 1 2934 2386 5806
4725 2 2 5 1 3229 3231 6022
4726 2 2 5 1 2409 2936 5805
4727 2 2 5 1 6160 6161 6167
4728 2 2 5 1 4925 3681 6083
4729 2 2 5 1 5956 1668 6540
4730 2 2 5 1 1467 1470 6125
4731 2 2 5 1 4615 4609 4954
4732 2 2 5 1 4606 4616 4953
4733 2 2 5 1 4195 6081 6672
4734 2 2 5 1 5365 5366 5367
4735 2 2 5 1 4481 4962 5407
4736 2 2 5 1 3148 3603 6117
4737 2 2 5 1 5071 4074 7130
4738 2 2 5 1 4079 5067 7129
4739 2 2 5 1 230 1277 6480
4740 2 2 5 1 3011 4133 6021
4741 2 2 5 1 6753 6282 6899
4742 2 2 5 1 3464 4377 6039
4743 2 2 5 1 2784 2772 6959
4744 2 2 5 1 617 618 619
4745 2 2 5 1 581 580 582
4746 2 2 5 1 1077 6056 6912
4747 2 2 5 1 2121 2534 6122
4748 2 2 5 1 3505 5447 7359
4749 2 2 5 1 130 131 5761
4750 2 2 5 1 615 616 617
4751 2 2 5 1 579 578 580
4752 2 2 5 1 613 614 615
4753 2 2 5 1 577 576 578
4754 2 2 5 1 1440 1435 6591
4755 2 2 5 1 619 620 621
4756 2 2 5 1 583 582 584
4757 2 2 5 1 2503 2501 5967
4758 2 2 5 1 954 952 1530
4759 2 2 5 1 611 612 613
4760 2 2 5 1 575 574 576
4761 2 2 5 1 3012 3011 6021
4762 2 2 5 1 3162 2339 6612
4763 2 2 5 1 6227 6229 6230
4764 2 2 5 1 455 454 5668
4765 2 2 5 1 2530 2538 6225
4766 2 2 5 1 147 148 2465
4767 2 2 5 1 4644 4643 5412
4768 2 2 5 1 3758 6789 7107
4769 2 2 5 1 3929 5243 5244
4770 2 2 5 1 592 590 6069
4771 2 2 5 1 532 6661 6886
4772 2 2 5 1 3218 3220 6133
4773 2 2 5 1 135 136 5764
4774 2 2 5 1 2415 5854 7410
4775 2 2 5 1 647 646 654
4776 2 2 5 1 6155 3009 6157
4777 2 2 5 1 1937 6266 6267
4778 2 2 5 1 1553 1407 1554
4779 2 2 5 1 643 646 647
4780 2 2 5 1 5081 7756 8706
4781 2 2 5 1 3844 3795 6055
4782 2 2 5 1 4217 3080 4219
4783 2 2 5 1 6507 6506 7098
4784 2 2 5 1 4076 4075 4608
4785 2 2 5 1 4080 4081 4605
4786 2 2 5 1 824 807 6937
4787 2 2 5 1 6070 2943 6513
4788 2 2 5 1 7244 6208 7374
4789 2 2 5 1 6027 2583 6859
4790 2 2 5 1 6502 6503 6505
4791 2 2 5 1 4186 3738 4501
4792 2 2 5 1 6148 6149 6150
4793 2 2 5 1 3572 3004 3577
4794 2 2 5 1 919 962 5999
4795 2 2 5 1 4334 6634 8335
4796 2 2 5 1 311 540 6172
4797 2 2 5 1 320 321 5771
4798 2 2 5 1 1498 1666 1732
4799 2 2 5 1 3002 3573 3578
4800 2 2 5 1 6199 3162 6200
4801 2 2 5 1 6800 6278 7334
4802 2 2 5 1 655 2683 6204
4803 2 2 5 1 2170 2676 6044
4804 2 2 5 1 4121 5960 6245
4805 2 2 5 1 5896 5569 7769
4806 2 2 5 1 1134 1084 1139
4807 2 2 5 1 1053 1012 1054
4808 2 2 5 1 4602 3875 4681
4809 2 2 5 1 2494 2495 2496
4810 2 2 5 1 6419 2553 6761
4811 2 2 5 1 6081 2605 6672
4812 2 2 5 1 6477 6476 6478
4813 2 2 5 1 1404 1573 6867
4814 2 2 5 1 2075 4069 6209
4815 2 2 5 1 2856 4290 6208
4816 2 2 5 1 3732 4182 4499
4817 2 2 5 1 330 2440 5756
4818 2 2 5 1 4118 5941 5943
4819 2 2 5 1 3603 5179 6117
4820 2 2 5 1 5596 5571 6121
4821 2 2 5 1 950 3211 5856
4822 2 2 5 1 5884 5916 7213
4823 2 2 5 1 3982 3983 6016
4824 2 2 5 1 137 138 5787
4825 2 2 5 1 6224 6223 7056
4826 2 2 5 1 3206 3012 6021
4827 2 2 5 1 1878 1787 6308
4828 2 2 5 1 6250 2062 7411
4829 2 2 5 1 1002 1031 6001
4830 2 2 5 1 3255 6110 6225
4831 2 2 5 1 631 630 633
4832 2 2 5 1 593 594 596
4833 2 2 5 1 5985 4695 7422
4834 2 2 5 1 971 991 6011
4835 2 2 5 1 6484 6483 6485
4836 2 2 5 1 4361 4363 4366
4837 2 2 5 1 227 488 6487
4838 2 2 5 1 3826 3577 4000
4839 2 2 5 1 5969 5968 5970
4840 2 2 5 1 314 2464 5851
4841 2 2 5 1 3485 3455 5991
4842 2 2 5 1 4999 4998 5000
4843 2 2 5 1 609 610 611
4844 2 2 5 1 573 572 574
4845 2 2 5 1 5477 4092 6733
4846 2 2 5 1 3137 2810 3426
4847 2 2 5 1 5924 5925 5926
4848 2 2 5 1 6678 4733 7022
4849 2 2 5 1 2317 2146 7306
4850 2 2 5 1 6106 5862 6107
4851 2 2 5 1 3578 3827 4003
4852 2 2 5 1 3695 2941 6114
4853 2 2 5 1 6196 4727 6197
4854 2 2 5 1 941 900 6168
4855 2 2 5 1 6372 6426 6427
4856 2 2 5 1 4470 7101 7102
4857 2 2 5 1 629 628 630
4858 2 2 5 1 591 592 593
4859 2 2 5 1 4508 4480 4583
4860 2 2 5 1 2943 2248 6513
4861 2 2 5 1 5365 5363 5366
4862 2 2 5 1 1764 3384 7116
4863 2 2 5 1 6708 7009 7043
4864 2 2 5 1 4130 4129 4396
4865 2 2 5 1 6841 532 6886
4866 2 2 5 1 691 717 1715
4867 2 2 5 1 715 689 1716
4868 2 2 5 1 6191 6549 7018
4869 2 2 5 1 7328 1705 7376
4870 2 2 5 1 6324 5474 7460
4871 2 2 5 1 1839 1936 2347
4872 2 2 5 1 648 649 656
4873 2 2 5 1 868 6536 7016
4874 2 2 5 1 2741 2343 6764
4875 2 2 5 1 1328 1318 1329
4876 2 2 5 1 233 487 6473
4877 2 2 5 1 6504 5986 7405
4878 2 2 5 1 6065 3124 6676
4879 2 2 5 1 453 452 3597
4880 2 2 5 1 656 657 701
4881 2 2 5 1 3426 3929 5965
4882 2 2 5 1 3993 3580 4108
4883 2 2 5 1 3678 4628 4870
4884 2 2 5 1 1663 1657 2498
4885 2 2 5 1 1466 1467 6125
4886 2 2 5 1 648 606 649
4887 2 2 5 1 5527 5525 5528
4888 2 2 5 1 6192 4198 6946
4889 2 2 5 1 5731 5732 5733
4890 2 2 5 1 3137 3426 3946
4891 2 2 5 1 4294 4295 4453
4892 2 2 5 1 4754 6554 6555
4893 2 2 5 1 2261 2810 3137
4894 2 2 5 1 2475 2474 2476
4895 2 2 5 1 963 958 964
4896 2 2 5 1 1697 1795 1871
4897 2 2 5 1 655 654 699
4898 2 2 5 1 4292 4293 4294
4899 2 2 5 1 3678 4627 4628
4900 2 2 5 1 4396 5814 5815
4901 2 2 5 1 4481 4482 4962
4902 2 2 5 1 1895 1949 5979
4903 2 2 5 1 7499 5482 7535
4904 2 2 5 1 4355 7175 7540
4905 2 2 5 1 2259 2200 3761
4906 2 2 5 1 4104 4869 5050
4907 2 2 5 1 4469 4648 4650
4908 2 2 5 1 2674 2053 7070
4909 2 2 5 1 5866 4124 6221
4910 2 2 5 1 627 626 628
4911 2 2 5 1 589 590 591
4912 2 2 5 1 4168 4170 6454
4913 2 2 5 1 3045 3455 3485
4914 2 2 5 1 3079 2420 7101
4915 2 2 5 1 6227 6228 6229
4916 2 2 5 1 956 954 5847
4917 2 2 5 1 2675 2704 6028
4918 2 2 5 1 2151 1969 7108
4919 2 2 5 1 2704 2821 3623
4920 2 2 5 1 2499 2498 2500
4921 2 2 5 1 2694 2691 5984
4922 2 2 5 1 3486 3675 3678
4923 2 2 5 1 2496 2497 3486
4924 2 2 5 1 6217 3283 6573
4925 2 2 5 1 2501 2500 2751
4926 2 2 5 1 3174 2476 3488
4927 2 2 5 1 712 759 6052
4928 2 2 5 1 1567 6507 7098
4929 2 2 5 1 5971 5970 5972
4930 2 2 5 1 1795 1835 6088
4931 2 2 5 1 844 845 6287
4932 2 2 5 1 1395 1462 5953
4933 2 2 5 1 6846 6177 7210
4934 2 2 5 1 958 4796 5845
4935 2 2 5 1 7534 6112 7580
4936 2 2 5 1 1394 1395 5953
4937 2 2 5 1 2636 2637 2638
4938 2 2 5 1 2098 2094 6064
4939 2 2 5 1 1732 2635 2636
4940 2 2 5 1 3220 3221 3222
4941 2 2 5 1 1833 2075 6209
4942 2 2 5 1 4104 4093 4869
4943 2 2 5 1 4378 4130 6086
4944 2 2 5 1 1573 1734 4340
4945 2 2 5 1 2411 2458 2459
4946 2 2 5 1 5648 5633 7242
4947 2 2 5 1 2452 2388 2453
4948 2 2 5 1 6549 6550 6847
4949 2 2 5 1 1476 1399 5997
4950 2 2 5 1 5050 4869 5440
4951 2 2 5 1 733 782 6366
4952 2 2 5 1 2743 3425 4118
4953 2 2 5 1 314 315 2464
4954 2 2 5 1 2056 3009 6155
4955 2 2 5 1 3741 6753 6899
4956 2 2 5 1 3882 2784 6959
4957 2 2 5 1 2783 5958 6092
4958 2 2 5 1 1835 1839 6003
4959 2 2 5 1 6052 759 6053
4960 2 2 5 1 3220 3219 3221
4961 2 2 5 1 4001 4000 4672
4962 2 2 5 1 4044 5295 5468
4963 2 2 5 1 5296 4045 5469
4964 2 2 5 1 4290 4291 4292
4965 2 2 5 1 4101 3821 4492
4966 2 2 5 1 1663 2498 2499
4967 2 2 5 1 4019 4574 4575
4968 2 2 5 1 4628 5372 5373
4969 2 2 5 1 6823 497 7971
4970 2 2 5 1 3218 3219 3220
4971 2 2 5 1 834 4122 6222
4972 2 2 5 1 1091 1162 1163
4973 2 2 5 1 1276 6524 6772
4974 2 2 5 1 3698 4093 4104
4975 2 2 5 1 1848 1785 2254
4976 2 2 5 1 5552 5071 7130
4977 2 2 5 1 5067 5558 7129
4978 2 2 5 1 1399 1398 5997
4979 2 2 5 1 142 143 5808
4980 2 2 5 1 1496 1588 1697
4981 2 2 5 1 6497 1798 7194
4982 2 2 5 1 2499 2502 6423
4983 2 2 5 1 4180 6246 6866
4984 2 2 5 1 6246 6203 6866
4985 2 2 5 1 647 654 655
4986 2 2 5 1 3127 7023 7112
4987 2 2 5 1 4705 1730 5962
4988 2 2 5 1 4124 2423 6221
4989 2 2 5 1 3117 2133 6547
4990 2 2 5 1 6023 4289 7475
4991 2 2 5 1 2301 2098 6064
4992 2 2 5 1 5969 5970 5971
4993 2 2 5 1 1663 2499 6423
4994 2 2 5 1 144 145 5819
4995 2 2 5 1 2501 2751 5967
4996 2 2 5 1 6109 4172 6563
4997 2 2 5 1 4003 4004 4675
4998 2 2 5 1 4118 3425 5941
4999 2 2 5 1 7514 4491 7657
5000 2 2 5 1 625 624 626
5001 2 2 5 1 587 588 589
5002 2 2 5 1 1697 1588 1795
5003 2 2 5 1 216 217 6443
5004 2 2 5 1 1569 6678 7022
5005 2 2 5 1 1442 1498 5924
5006 2 2 5 1 5716 5717 5718
5007 2 2 5 1 2499 2500 2501
5008 2 2 5 1 2077 2096 5936
5009 2 2 5 1 3235 3236 3982
5010 2 2 5 1 994 964 995
5011 2 2 5 1 3934 6986 7270
5012 2 2 5 1 1970 1971 2243
5013 2 2 5 1 3007 2503 3126
5014 2 2 5 1 791 834 6222
5015 2 2 5 1 6149 3125 6150
5016 2 2 5 1 2791 2870 3195
5017 2 2 5 1 2364 2755 7003
5018 2 2 5 1 4462 2330 6321
5019 2 2 5 1 7124 2854 7151
5020 2 2 5 1 6914 6721 7221
5021 2 2 5 1 3182 2780 6691
5022 2 2 5 1 2543 657 6329
5023 2 2 5 1 6260 6261 6262
5024 2 2 5 1 1356 1527 6817
5025 2 2 5 1 1316 1326 1327
5026 2 2 5 1 4019 3222 4574
5027 2 2 5 1 2697 2695 2698
5028 2 2 5 1 2961 7731 7748
5029 2 2 5 1 1395 1397 1462
5030 2 2 5 1 1542 1657 1663
5031 2 2 5 1 2639 2638 2746
5032 2 2 5 1 177 178 6661
5033 2 2 5 1 1067 5988 5989
5034 2 2 5 1 656 649 657
5035 2 2 5 1 6110 3255 6848
5036 2 2 5 1 3089 3516 3821
5037 2 2 5 1 5413 5412 5454
5038 2 2 5 1 829 806 6496
5039 2 2 5 1 4497 3946 4984
5040 2 2 5 1 2852 2851 7282
5041 2 2 5 1 4157 7015 7303
5042 2 2 5 1 6096 6053 6097
5043 2 2 5 1 7249 6140 7347
5044 2 2 5 1 6005 5832 6937
5045 2 2 5 1 1846 1991 2136
5046 2 2 5 1 823 844 6289
5047 2 2 5 1 647 655 6204
5048 2 2 5 1 3243 3242 3795
5049 2 2 5 1 2966 7197 7572
5050 2 2 5 1 5773 5774 5775
5051 2 2 5 1 1710 4157 6292
5052 2 2 5 1 185 5312 8293
5053 2 2 5 1 1455 1454 6425
5054 2 2 5 1 175 176 6651
5055 2 2 5 1 1474 1542 6024
5056 2 2 5 1 2693 2691 2694
5057 2 2 5 1 3041 3027 4129
5058 2 2 5 1 1401 1399 1476
5059 2 2 5 1 1620 2527 6261
5060 2 2 5 1 2594 179 6687
5061 2 2 5 1 2200 1812 5956
5062 2 2 5 1 1757 1755 1759
5063 2 2 5 1 6970 2120 7235
5064 2 2 5 1 3241 3240 3242
5065 2 2 5 1 3241 3242 3243
5066 2 2 5 1 2075 1894 3240
5067 2 2 5 1 6114 4175 6660
5068 2 2 5 1 6639 6637 6687
5069 2 2 5 1 3243 3795 3844
5070 2 2 5 1 1435 1434 6591
5071 2 2 5 1 1481 1664 6421
5072 2 2 5 1 4729 6496 6497
5073 2 2 5 1 180 843 6687
5074 2 2 5 1 1463 1465 1466
5075 2 2 5 1 6227 3609 6228
5076 2 2 5 1 151 2866 5992
5077 2 2 5 1 4552 4266 4614
5078 2 2 5 1 4964 4698 4965
5079 2 2 5 1 1794 1649 6041
5080 2 2 5 1 4700 4972 4973
5081 2 2 5 1 1159 1110 6149
5082 2 2 5 1 5958 5957 5959
5083 2 2 5 1 3722 3456 3723
5084 2 2 5 1 146 147 5843
5085 2 2 5 1 3224 3226 3822
5086 2 2 5 1 6301 4712 6303
5087 2 2 5 1 4125 4126 4568
5088 2 2 5 1 1269 3283 6320
5089 2 2 5 1 3115 6160 6167
5090 2 2 5 1 141 1028 5811
5091 2 2 5 1 2564 216 6443
5092 2 2 5 1 5853 2416 7409
5093 2 2 5 1 844 6287 6288
5094 2 2 5 1 3115 2196 6160
5095 2 2 5 1 3384 3809 6080
5096 2 2 5 1 1093 1160 6349
5097 2 2 5 1 2075 3240 3241
5098 2 2 5 1 3080 2106 5937
5099 2 2 5 1 317 318 5955
5100 2 2 5 1 4661 4497 4983
5101 2 2 5 1 2854 3234 3235
5102 2 2 5 1 4768 4222 7118
5103 2 2 5 1 3860 3474 6092
5104 2 2 5 1 3819 4137 4486
5105 2 2 5 1 4886 4888 5807
5106 2 2 5 1 6664 2486 6665
5107 2 2 5 1 5324 1334 8200
5108 2 2 5 1 6451 6574 6978
5109 2 2 5 1 6224 2050 7104
5110 2 2 5 1 2183 3095 6145
5111 2 2 5 1 1685 1730 4705
5112 2 2 5 1 2797 4124 4125
5113 2 2 5 1 3809 4832 4833
5114 2 2 5 1 6391 7415 7451
5115 2 2 5 1 3218 3216 3219
5116 2 2 5 1 4125 4124 4126
5117 2 2 5 1 1884 3250 6170
5118 2 2 5 1 5733 5732 5734
5119 2 2 5 1 1273 6462 6463
5120 2 2 5 1 2483 2514 6186
5121 2 2 5 1 712 726 759
5122 2 2 5 1 1365 1392 2515
5123 2 2 5 1 2350 2222 4121
5124 2 2 5 1 1474 1475 1542
5125 2 2 5 1 1113 1077 6912
5126 2 2 5 1 642 640 650
5127 2 2 5 1 603 605 651
5128 2 2 5 1 724 710 758
5129 2 2 5 1 986 1042 5948
5130 2 2 5 1 2135 2943 6547
5131 2 2 5 1 7331 5933 7341
5132 2 2 5 1 6470 6469 6471
5133 2 2 5 1 5084 4558 5085
5134 2 2 5 1 3487 3486 5976
5135 2 2 5 1 3332 4091 6386
5136 2 2 5 1 4653 3844 5175
5137 2 2 5 1 4221 3229 6022
5138 2 2 5 1 1277 6477 6480
5139 2 2 5 1 1428 1429 6063
5140 2 2 5 1 5917 1876 5918
5141 2 2 5 1 3821 4459 5983
5142 2 2 5 1 834 835 906
5143 2 2 5 1 1471 1474 6025
5144 2 2 5 1 1925 1923 7044
5145 2 2 5 1 1833 1894 2075
5146 2 2 5 1 6226 6227 6238
5147 2 2 5 1 1429 1432 6063
5148 2 2 5 1 2335 6199 7436
5149 2 2 5 1 3320 4099 6390
5150 2 2 5 1 1270 8146 8161
5151 2 2 5 1 1937 1632 6265
5152 2 2 5 1 2442 919 5999
5153 2 2 5 1 2316 6093 6302
5154 2 2 5 1 4061 3361 6382
5155 2 2 5 1 2797 2423 4124
5156 2 2 5 1 4101 4492 4493
5157 2 2 5 1 4841 4672 4842
5158 2 2 5 1 3795 4098 6055
5159 2 2 5 1 2446 775 6222
5160 2 2 5 1 4189 6686 6817
5161 2 2 5 1 834 833 835
5162 2 2 5 1 3313 4119 6394
5163 2 2 5 1 149 150 783
5164 2 2 5 1 1542 1543 1657
5165 2 2 5 1 3258 3260 6188
5166 2 2 5 1 5725 5726 6115
5167 2 2 5 1 3982 3236 3983
5168 2 2 5 1 1845 1733 7260
5169 2 2 5 1 6546 6367 6954
5170 2 2 5 1 488 6484 6487
5171 2 2 5 1 4098 4558 5084
5172 2 2 5 1 6543 6544 6545
5173 2 2 5 1 1831 1966 2061
5174 2 2 5 1 5001 5000 5002
5175 2 2 5 1 1394 1329 1395
5176 2 2 5 1 813 743 6182
5177 2 2 5 1 2636 2638 2639
5178 2 2 5 1 806 1798 6496
5179 2 2 5 1 3568 4543 7282
5180 2 2 5 1 6986 4755 7270
5181 2 2 5 1 1273 6463 6464
5182 2 2 5 1 2638 2637 2791
5183 2 2 5 1 3089 4101 6675
5184 2 2 5 1 4118 5943 5947
5185 2 2 5 1 992 971 6011
5186 2 2 5 1 2118 2222 2350
5187 2 2 5 1 3282 733 6366
5188 2 2 5 1 2447 4561 4562
5189 2 2 5 1 3864 3866 6144
5190 2 2 5 1 1131 1096 5829
5191 2 2 5 1 2294 2423 2797
5192 2 2 5 1 3842 1403 4265
5193 2 2 5 1 5630 5629 7242
5194 2 2 5 1 1809 1695 2466
5195 2 2 5 1 2337 3162 6199
5196 2 2 5 1 4719 6533 6992
5197 2 2 5 1 5647 5633 5648
5198 2 2 5 1 4110 3946 4497
5199 2 2 5 1 6327 5580 6779
5200 2 2 5 1 2638 2791 5998
5201 2 2 5 1 2943 6070 6284
5202 2 2 5 1 1152 1201 1306
5203 2 2 5 1 6181 813 6182
5204 2 2 5 1 4500 3982 6016
5205 2 2 5 1 4650 5339 5377
5206 2 2 5 1 4396 4129 5814
5207 2 2 5 1 2538 3255 6225
5208 2 2 5 1 2443 1002 6001
5209 2 2 5 1 6651 532 6841
5210 2 2 5 1 6392 1705 7394
5211 2 2 5 1 1304 1342 2447
5212 2 2 5 1 6887 2644 7091
5213 2 2 5 1 4469 3723 4648
5214 2 2 5 1 5846 4553 8147
5215 2 2 5 1 6611 6435 6677
5216 2 2 5 1 6536 4721 7016
5217 2 2 5 1 1031 1057 1087
5218 2 2 5 1 3681 3467 6083
5219 2 2 5 1 4146 3988 5709
5220 2 2 5 1 1377 6364 6365
5221 2 2 5 1 5723 7356 7371
5222 2 2 5 1 4158 6194 6195
5223 2 2 5 1 6372 6425 6426
5224 2 2 5 1 403 402 2445
5225 2 2 5 1 6045 6044 6048
5226 2 2 5 1 2791 3195 5998
5227 2 2 5 1 4087 5580 6327
5228 2 2 5 1 1274 6598 6599
5229 2 2 5 1 2530 6225 6530
5230 2 2 5 1 3984 3982 4500
5231 2 2 5 1 3089 3821 4101
5232 2 2 5 1 902 919 2442
5233 2 2 5 1 1470 1471 6025
5234 2 2 5 1 1720 4189 6817
5235 2 2 5 1 657 649 6329
5236 2 2 5 1 2827 2951 3092
5237 2 2 5 1 3257 2001 6303
5238 2 2 5 1 791 833 834
5239 2 2 5 1 4235 3248 7063
5240 2 2 5 1 6111 3721 6112
5241 2 2 5 1 5942 5945 5946
5242 2 2 5 1 2783 2259 5957
5243 2 2 5 1 3215 1871 3216
5244 2 2 5 1 1467 1469 1470
5245 2 2 5 1 2447 1342 4561
5246 2 2 5 1 623 622 624
5247 2 2 5 1 585 586 587
5248 2 2 5 1 2747 2746 3011
5249 2 2 5 1 5726 3740 5727
5250 2 2 5 1 6029 3623 6030
5251 2 2 5 1 962 971 992
5252 2 2 5 1 6386 4091 6387
5253 2 2 5 1 5420 3193 5421
5254 2 2 5 1 6533 2589 6992
5255 2 2 5 1 3235 3234 3236
5256 2 2 5 1 1561 1560 1722
5257 2 2 5 1 6277 2039 6278
5258 2 2 5 1 3426 3611 3929
5259 2 2 5 1 1634 1937 6268
5260 2 2 5 1 2751 3223 3224
5261 2 2 5 1 3603 4116 4496
5262 2 2 5 1 991 1002 2443
5263 2 2 5 1 4653 5175 5176
5264 2 2 5 1 408 407 6404
5265 2 2 5 1 6150 6347 6789
5266 2 2 5 1 4133 4460 4846
5267 2 2 5 1 2490 2488 4138
5268 2 2 5 1 6390 4099 6391
5269 2 2 5 1 3260 4714 6188
5270 2 2 5 1 2040 2039 6277
5271 2 2 5 1 6574 6450 6696
5272 2 2 5 1 1442 5924 5950
5273 2 2 5 1 5177 4500 5254
5274 2 2 5 1 5198 4527 7224
5275 2 2 5 1 6394 4119 6395
5276 2 2 5 1 5517 4575 5523
5277 2 2 5 1 1668 1499 6540
5278 2 2 5 1 1685 1686 1730
5279 2 2 5 1 4116 3147 5961
5280 2 2 5 1 2103 1854 6550
5281 2 2 5 1 5568 7651 7769
5282 2 2 5 1 5806 2386 6690
5283 2 2 5 1 4061 6382 6383
5284 2 2 5 1 2754 2170 6044
5285 2 2 5 1 2409 5805 6692
5286 2 2 5 1 2261 2262 2810
5287 2 2 5 1 5666 4171 6175
5288 2 2 5 1 6095 6053 6096
5289 2 2 5 1 862 2530 6530
5290 2 2 5 1 6370 6372 6500
5291 2 2 5 1 6859 2574 7037
5292 2 2 5 1 748 3894 5417
5293 2 2 5 1 3901 2914 4266
5294 2 2 5 1 3011 4123 4133
5295 2 2 5 1 5925 2639 6826
5296 2 2 5 1 5898 5477 6733
5297 2 2 5 1 2957 2974 3229
5298 2 2 5 1 4018 3222 4019
5299 2 2 5 1 1936 1938 2261
5300 2 2 5 1 643 647 838
5301 2 2 5 1 2309 2260 2854
5302 2 2 5 1 1020 1017 6294
5303 2 2 5 1 4133 5952 6021
5304 2 2 5 1 6333 2554 6334
5305 2 2 5 1 5962 6019 6020
5306 2 2 5 1 5554 5553 5555
5307 2 2 5 1 5559 5560 5561
5308 2 2 5 1 2957 3229 4221
5309 2 2 5 1 4576 4575 5517
5310 2 2 5 1 3929 5242 5243
5311 2 2 5 1 2636 2635 2637
5312 2 2 5 1 3231 3765 5490
5313 2 2 5 1 1462 1397 1463
5314 2 2 5 1 3091 3608 3941
5315 2 2 5 1 2347 1936 6087
5316 2 2 5 1 5815 5814 6013
5317 2 2 5 1 3097 2412 6348
5318 2 2 5 1 3213 6210 7031
5319 2 2 5 1 6371 1455 6425
5320 2 2 5 1 5373 5461 5462
5321 2 2 5 1 5831 5832 6005
5322 2 2 5 1 6113 4705 7387
5323 2 2 5 1 5522 5521 5524
5324 2 2 5 1 4727 6196 6760
5325 2 2 5 1 2925 3213 7031
5326 2 2 5 1 3224 3225 3226
5327 2 2 5 1 1471 1473 1474
5328 2 2 5 1 3045 3485 6006
5329 2 2 5 1 6213 2600 6794
5330 2 2 5 1 7899 5376 7937
5331 2 2 5 1 6543 658 6544
5332 2 2 5 1 3041 4129 4130
5333 2 2 5 1 3226 3227 3845
5334 2 2 5 1 2248 2272 6513
5335 2 2 5 1 6495 829 6496
5336 2 2 5 1 2689 2047 6254
5337 2 2 5 1 6052 6053 6095
5338 2 2 5 1 6178 1770 6179
5339 2 2 5 1 3229 3230 3231
5340 2 2 5 1 3569 2853 3570
5341 2 2 5 1 1871 1795 6088
5342 2 2 5 1 1523 1522 1560
5343 2 2 5 1 2026 2546 6283
5344 2 2 5 1 1622 1620 6261
5345 2 2 5 1 701 702 712
5346 2 2 5 1 2468 2470 4143
5347 2 2 5 1 1722 1723 1872
5348 2 2 5 1 6193 6190 7010
5349 2 2 5 1 4250 4251 4667
5350 2 2 5 1 6136 4194 6137
5351 2 2 5 1 5891 6668 7099
5352 2 2 5 1 6261 2527 6262
5353 2 2 5 1 2707 7368 7481
5354 2 2 5 1 1416 1496 6085
5355 2 2 5 1 2094 2092 4197
5356 2 2 5 1 6199 6200 6201
5357 2 2 5 1 3778 3206 6021
5358 2 2 5 1 700 699 710
5359 2 2 5 1 2958 6685 6780
5360 2 2 5 1 1466 1465 1467
5361 2 2 5 1 4566 4993 4994
5362 2 2 5 1 7283 6716 7446
5363 2 2 5 1 4594 4593 5192
5364 2 2 5 1 3217 3216 3218
5365 2 2 5 1 2783 5957 5958
5366 2 2 5 1 546 307 6120
5367 2 2 5 1 3213 6313 6315
5368 2 2 5 1 3878 3182 3879
5369 2 2 5 1 1861 1481 6421
5370 2 2 5 1 6218 6215 6219
5371 2 2 5 1 562 560 6319
5372 2 2 5 1 2854 2260 3234
5373 2 2 5 1 4120 1020 6294
5374 2 2 5 1 3988 4917 5709
5375 2 2 5 1 3698 4092 4093
5376 2 2 5 1 4290 4292 7374
5377 2 2 5 1 5278 6551 6552
5378 2 2 5 1 3221 3697 3698
5379 2 2 5 1 3088 2364 7003
5380 2 2 5 1 4409 4410 4411
5381 2 2 5 1 1782 1783 1833
5382 2 2 5 1 4846 4460 5479
5383 2 2 5 1 4411 4412 5222
5384 2 2 5 1 3485 5991 7077
5385 2 2 5 1 948 659 5884
5386 2 2 5 1 1833 1834 1894
5387 2 2 5 1 3148 3147 3603
5388 2 2 5 1 1343 1365 6040
5389 2 2 5 1 1872 1873 2170
5390 2 2 5 1 4101 5707 6675
5391 2 2 5 1 5179 4496 5277
5392 2 2 5 1 6574 3749 6978
5393 2 2 5 1 4751 6195 7648
5394 2 2 5 1 315 316 5848
5395 2 2 5 1 6114 2941 6251
5396 2 2 5 1 148 149 5914
5397 2 2 5 1 3231 3232 3765
5398 2 2 5 1 2170 2171 2676
5399 2 2 5 1 1014 1884 6170
5400 2 2 5 1 1125 1128 6723
5401 2 2 5 1 1992 1749 6212
5402 2 2 5 1 4216 3080 4217
5403 2 2 5 1 2639 2746 2747
5404 2 2 5 1 757 775 2446
5405 2 2 5 1 1128 1130 6320
5406 2 2 5 1 2056 2054 3009
5407 2 2 5 1 5320 541 8765
5408 2 2 5 1 602 1267 5990
5409 2 2 5 1 3744 3743 7033
5410 2 2 5 1 5287 5286 5288
5411 2 2 5 1 3134 2689 6254
5412 2 2 5 1 3615 3436 3616
5413 2 2 5 1 6215 6217 6219
5414 2 2 5 1 3795 4097 4098
5415 2 2 5 1 712 713 726
5416 2 2 5 1 4496 4116 5204
5417 2 2 5 1 2242 1973 2260
5418 2 2 5 1 3095 6122 6124
5419 2 2 5 1 3913 309 6171
5420 2 2 5 1 6214 6215 6218
5421 2 2 5 1 4650 4648 5339
5422 2 2 5 1 6024 1663 6423
5423 2 2 5 1 1508 1933 6061
5424 2 2 5 1 2451 701 6052
5425 2 2 5 1 726 727 744
5426 2 2 5 1 711 710 724
5427 2 2 5 1 5057 3948 6180
5428 2 2 5 1 2363 3088 3089
5429 2 2 5 1 3203 2292 6129
5430 2 2 5 1 3094 3007 3180
5431 2 2 5 1 6661 6636 6886
5432 2 2 5 1 3765 3766 4089
5433 2 2 5 1 649 606 839
5434 2 2 5 1 725 724 736
5435 2 2 5 1 1454 2192 6425
5436 2 2 5 1 1839 1864 1936
5437 2 2 5 1 6189 6190 6193
5438 2 2 5 1 560 4199 6319
5439 2 2 5 1 176 532 6651
5440 2 2 5 1 1327 1398 1399
5441 2 2 5 1 2345 2319 3524
5442 2 2 5 1 2984 2103 6550
5443 2 2 5 1 3960 4844 4845
5444 2 2 5 1 1010 1012 1053
5445 2 2 5 1 2502 2501 2503
5446 2 2 5 1 3761 2200 5956
5447 2 2 5 1 4652 3844 4653
5448 2 2 5 1 2020 2018 6108
5449 2 2 5 1 2754 6044 6045
5450 2 2 5 1 718 659 948
5451 2 2 5 1 5833 6707 7406
5452 2 2 5 1 1664 6420 6421
5453 2 2 5 1 4400 6397 6398
5454 2 2 5 1 4492 3821 5983
5455 2 2 5 1 748 749 3894
5456 2 2 5 1 3428 3429 3919
5457 2 2 5 1 3474 2783 6092
5458 2 2 5 1 3472 3778 4446
5459 2 2 5 1 4668 4568 4669
5460 2 2 5 1 4055 4659 4660
5461 2 2 5 1 4657 4058 4658
5462 2 2 5 1 1949 1950 2118
5463 2 2 5 1 3425 3464 3465
5464 2 2 5 1 4219 3080 5937
5465 2 2 5 1 4098 4111 4558
5466 2 2 5 1 151 152 2866
5467 2 2 5 1 4106 5661 7603
5468 2 2 5 1 2118 2119 2222
5469 2 2 5 1 6317 6316 6318
5470 2 2 5 1 1557 5785 7413
5471 2 2 5 1 962 967 971
5472 2 2 5 1 2496 2495 2497
5473 2 2 5 1 4133 4123 4460
5474 2 2 5 1 3603 3147 4116
5475 2 2 5 1 2494 2492 2495
5476 2 2 5 1 4158 1103 6194
5477 2 2 5 1 2030 2020 6108
5478 2 2 5 1 6401 6402 6403
5479 2 2 5 1 3481 4474 4476
5480 2 2 5 1 4255 6546 6954
5481 2 2 5 1 1809 2466 5712
5482 2 2 5 1 4400 3371 6397
5483 2 2 5 1 637 639 1266
5484 2 2 5 1 1332 1406 7317
5485 2 2 5 1 4563 4562 4960
5486 2 2 5 1 917 6439 6440
5487 2 2 5 1 7036 2050 7056
5488 2 2 5 1 1658 1684 1685
5489 2 2 5 1 2669 2832 2957
5490 2 2 5 1 4192 4194 6136
5491 2 2 5 1 4149 5065 6202
5492 2 2 5 1 838 647 6204
5493 2 2 5 1 1377 1892 6364
5494 2 2 5 1 835 875 902
5495 2 2 5 1 6160 2927 6161
5496 2 2 5 1 449 3609 6226
5497 2 2 5 1 2479 6811 6984
5498 2 2 5 1 6282 6283 6614
5499 2 2 5 1 7368 4359 7481
5500 2 2 5 1 5447 5448 7665
5501 2 2 5 1 2895 2308 2896
5502 2 2 5 1 1732 1666 2635
5503 2 2 5 1 1273 237 6462
5504 2 2 5 1 6279 2035 6280
5505 2 2 5 1 3467 3469 6083
5506 2 2 5 1 5918 6400 6401
5507 2 2 5 1 2776 2777 3467
5508 2 2 5 1 4148 3097 6348
5509 2 2 5 1 701 712 6052
5510 2 2 5 1 1872 2170 2754
5511 2 2 5 1 912 829 6495
5512 2 2 5 1 3110 2844 3147
5513 2 2 5 1 2123 2121 6122
5514 2 2 5 1 4718 1093 6349
5515 2 2 5 1 6608 6609 6610
5516 2 2 5 1 1286 6881 6939
5517 2 2 5 1 1656 1654 6240
5518 2 2 5 1 2294 2295 2423
5519 2 2 5 1 602 600 1267
5520 2 2 5 1 1523 1560 1561
5521 2 2 5 1 902 916 919
5522 2 2 5 1 3730 2990 6189
5523 2 2 5 1 919 923 962
5524 2 2 5 1 3730 6189 6193
5525 2 2 5 1 4171 4722 6175
5526 2 2 5 1 3446 6360 6361
5527 2 2 5 1 791 832 833
5528 2 2 5 1 2764 2282 6205
5529 2 2 5 1 2324 2311 3599
5530 2 2 5 1 3898 3067 6554
5531 2 2 5 1 6281 2031 6282
5532 2 2 5 1 1712 1710 6292
5533 2 2 5 1 1098 1132 5830
5534 2 2 5 1 1089 1122 6203
5535 2 2 5 1 2762 2356 6666
5536 2 2 5 1 1787 6307 6308
5537 2 2 5 1 754 755 757
5538 2 2 5 1 2869 1925 7044
5539 2 2 5 1 2027 2026 6283
5540 2 2 5 1 6287 845 6862
5541 2 2 5 1 4132 3975 4621
5542 2 2 5 1 1795 1796 1835
5543 2 2 5 1 3701 3474 3860
5544 2 2 5 1 2001 1999 6303
5545 2 2 5 1 6282 6614 6899
5546 2 2 5 1 5304 4475 7310
5547 2 2 5 1 1886 1885 1887
5548 2 2 5 1 2958 6353 6684
5549 2 2 5 1 2104 2098 2301
5550 2 2 5 1 2243 2244 3093
5551 2 2 5 1 2333 2181 2434
5552 2 2 5 1 1152 1153 1201
5553 2 2 5 1 487 6470 6473
5554 2 2 5 1 2258 2200 2259
5555 2 2 5 1 1100 1101 1152
5556 2 2 5 1 6754 6046 7068
5557 2 2 5 1 1057 1058 1100
5558 2 2 5 1 536 524 537
5559 2 2 5 1 526 538 539
5560 2 2 5 1 3726 6214 6218
5561 2 2 5 1 3726 2012 6214
5562 2 2 5 1 5918 1876 6399
5563 2 2 5 1 757 760 775
5564 2 2 5 1 3467 2777 3469
5565 2 2 5 1 1884 1368 1885
5566 2 2 5 1 5282 5336 5450
5567 2 2 5 1 3207 3206 3472
5568 2 2 5 1 917 218 6439
5569 2 2 5 1 1657 1658 5935
5570 2 2 5 1 1630 6263 6265
5571 2 2 5 1 2954 4168 6865
5572 2 2 5 1 6641 843 7208
5573 2 2 5 1 1031 1034 1057
5574 2 2 5 1 775 790 791
5575 2 2 5 1 3359 6381 6382
5576 2 2 5 1 5012 7416 8234
5577 2 2 5 1 7418 5013 8235
5578 2 2 5 1 1591 1857 2191
5579 2 2 5 1 1560 1522 7182
5580 2 2 5 1 3011 2746 4123
5581 2 2 5 1 1304 1305 1342
5582 2 2 5 1 4275 6223 6224
5583 2 2 5 1 604 602 5990
5584 2 2 5 1 6147 1159 6149
5585 2 2 5 1 1201 1202 1304
5586 2 2 5 1 971 978 991
5587 2 2 5 1 1274 252 6598
5588 2 2 5 1 2553 169 6761
5589 2 2 5 1 1731 1781 1782
5590 2 2 5 1 2504 2503 3007
5591 2 2 5 1 1809 5712 6159
5592 2 2 5 1 2036 2035 6279
5593 2 2 5 1 1749 1747 6212
5594 2 2 5 1 1561 1722 1940
5595 2 2 5 1 2899 3481 6073
5596 2 2 5 1 991 993 1002
5597 2 2 5 1 236 1273 6466
5598 2 2 5 1 1002 1013 1031
5599 2 2 5 1 2512 1934 6405
5600 2 2 5 1 5942 5944 5945
5601 2 2 5 1 6523 3175 8343
5602 2 2 5 1 2680 2856 6208
5603 2 2 5 1 3095 2123 6122
5604 2 2 5 1 6347 3125 6787
5605 2 2 5 1 1884 1885 1886
5606 2 2 5 1 3678 3675 4627
5607 2 2 5 1 6557 1168 7170
5608 2 2 5 1 210 1276 6772
5609 2 2 5 1 5448 5446 5449
5610 2 2 5 1 3821 3516 4459
5611 2 2 5 1 4796 5847 7701
5612 2 2 5 1 2776 2512 2777
5613 2 2 5 1 7023 4278 7112
5614 2 2 5 1 5592 5591 5593
5615 2 2 5 1 3187 2327 6145
5616 2 2 5 1 4587 4925 5174
5617 2 2 5 1 701 657 702
5618 2 2 5 1 1982 1827 6567
5619 2 2 5 1 2475 2476 3174
5620 2 2 5 1 3486 2497 3675
5621 2 2 5 1 4587 3681 4925
5622 2 2 5 1 4446 3778 4651
5623 2 2 5 1 1835 1836 1839
5624 2 2 5 1 917 6440 6441
5625 2 2 5 1 4275 3713 6223
5626 2 2 5 1 4628 4627 5372
5627 2 2 5 1 2472 2474 2475
5628 2 2 5 1 1496 1544 1588
5629 2 2 5 1 2951 2952 3081
5630 2 2 5 1 2534 2112 6883
5631 2 2 5 1 604 5990 6089
5632 2 2 5 1 3580 2903 6006
5633 2 2 5 1 2032 2031 6281
5634 2 2 5 1 3804 3423 7230
5635 2 2 5 1 4145 2512 6405
5636 2 2 5 1 898 3272 6846
5637 2 2 5 1 3150 3148 6117
5638 2 2 5 1 655 699 700
5639 2 2 5 1 3751 4704 6515
5640 2 2 5 1 1014 1368 1884
5641 2 2 5 1 3164 3040 7227
5642 2 2 5 1 1499 1443 6540
5643 2 2 5 1 6650 175 6651
5644 2 2 5 1 308 309 3913
5645 2 2 5 1 6126 2774 6128
5646 2 2 5 1 2684 2686 4248
5647 2 2 5 1 300 658 6543
5648 2 2 5 1 1416 1417 1496
5649 2 2 5 1 1872 2754 6754
5650 2 2 5 1 2256 2512 2776
5651 2 2 5 1 6374 7171 7176
5652 2 2 5 1 1094 1054 1095
5653 2 2 5 1 1021 3254 6309
5654 2 2 5 1 2272 2283 6786
5655 2 2 5 1 6538 4951 6539
5656 2 2 5 1 1513 1512 1514
5657 2 2 5 1 6034 6036 6037
5658 2 2 5 1 3472 3206 3778
5659 2 2 5 1 1630 1628 6263
5660 2 2 5 1 3446 2602 6360
5661 2 2 5 1 3359 3357 6381
5662 2 2 5 1 1252 1159 6147
5663 2 2 5 1 1985 2234 6732
5664 2 2 5 1 1730 1731 6019
5665 2 2 5 1 3704 4087 6327
5666 2 2 5 1 2451 6052 6095
5667 2 2 5 1 4717 5798 6247
5668 2 2 5 1 1612 1610 6274
5669 2 2 5 1 3625 3150 5186
5670 2 2 5 1 845 847 6862
5671 2 2 5 1 2327 2183 6145
5672 2 2 5 1 2223 2294 5960
5673 2 2 5 1 1511 1510 1512
5674 2 2 5 1 2528 6256 6257
5675 2 2 5 1 4826 4621 5082
5676 2 2 5 1 3882 6959 6960
5677 2 2 5 1 4183 6213 6794
5678 2 2 5 1 2747 3011 3012
5679 2 2 5 1 3488 4480 4508
5680 2 2 5 1 1738 1740 3008
5681 2 2 5 1 4181 5182 5715
5682 2 2 5 1 6881 4735 6939
5683 2 2 5 1 4071 6378 6379
5684 2 2 5 1 1895 1897 1949
5685 2 2 5 1 1929 6270 6272
5686 2 2 5 1 2862 3540 3541
5687 2 2 5 1 4123 5998 6615
5688 2 2 5 1 1470 1469 1471
5689 2 2 5 1 3222 3221 6066
5690 2 2 5 1 4168 6454 6865
5691 2 2 5 1 2054 1940 7068
5692 2 2 5 1 6096 6097 6098
5693 2 2 5 1 2827 2828 2951
5694 2 2 5 1 5303 4475 5304
5695 2 2 5 1 3205 3012 3206
5696 2 2 5 1 3854 4709 6249
5697 2 2 5 1 2220 2946 4873
5698 2 2 5 1 2316 2186 6352
5699 2 2 5 1 2312 2313 2867
5700 2 2 5 1 2315 2314 2868
5701 2 2 5 1 2018 3721 6108
5702 2 2 5 1 4259 6706 7111
5703 2 2 5 1 656 701 2451
5704 2 2 5 1 1457 1455 6371
5705 2 2 5 1 6658 6657 6659
5706 2 2 5 1 4670 4446 4671
5707 2 2 5 1 403 2445 6141
5708 2 2 5 1 5832 6811 6937
5709 2 2 5 1 7009 4252 7043
5710 2 2 5 1 7449 742 7500
5711 2 2 5 1 638 636 2437
5712 2 2 5 1 599 601 2438
5713 2 2 5 1 5186 3150 6117
5714 2 2 5 1 649 839 6329
5715 2 2 5 1 2932 4011 4151
5716 2 2 5 1 1509 1508 1510
5717 2 2 5 1 4017 3444 4336
5718 2 2 5 1 1247 1242 6291
5719 2 2 5 1 1714 687 6342
5720 2 2 5 1 859 862 6530
5721 2 2 5 1 1714 6342 6343
5722 2 2 5 1 2997 3720 6134
5723 2 2 5 1 632 3209 6068
5724 2 2 5 1 3263 3261 3669
5725 2 2 5 1 6385 3334 6386
5726 2 2 5 1 6959 2772 7672
5727 2 2 5 1 3213 3212 6313
5728 2 2 5 1 1542 1475 1543
5729 2 2 5 1 3235 3982 3984
5730 2 2 5 1 3754 4951 6538
5731 2 2 5 1 2424 2827 6221
5732 2 2 5 1 5152 5590 7781
5733 2 2 5 1 5903 3487 5976
5734 2 2 5 1 7284 4305 7414
5735 2 2 5 1 1697 1871 3215
5736 2 2 5 1 2223 2225 2294
5737 2 2 5 1 1949 2118 5978
5738 2 2 5 1 2196 2198 6160
5739 2 2 5 1 150 151 5992
5740 2 2 5 1 2751 3224 5980
5741 2 2 5 1 4754 3898 6554
5742 2 2 5 1 1722 1560 1723
5743 2 2 5 1 4849 4850 7004
5744 2 2 5 1 3082 3084 3501
5745 2 2 5 1 1019 1021 6309
5746 2 2 5 1 6229 6228 6231
5747 2 2 5 1 1514 1518 6102
5748 2 2 5 1 5556 5555 5557
5749 2 2 5 1 1160 1478 6349
5750 2 2 5 1 5561 5562 5563
5751 2 2 5 1 2194 2196 3115
5752 2 2 5 1 4122 906 4312
5753 2 2 5 1 6389 3322 6390
5754 2 2 5 1 782 1377 6366
5755 2 2 5 1 2256 1934 2512
5756 2 2 5 1 6161 6163 6165
5757 2 2 5 1 2521 2774 6126
5758 2 2 5 1 6393 3315 6394
5759 2 2 5 1 2296 2214 2349
5760 2 2 5 1 6270 6271 6272
5761 2 2 5 1 3468 3467 3681
5762 2 2 5 1 2782 2259 2783
5763 2 2 5 1 308 3913 6120
5764 2 2 5 1 1787 1724 6307
5765 2 2 5 1 3361 3359 6382
5766 2 2 5 1 4481 3489 4482
5767 2 2 5 1 2958 6684 6685
5768 2 2 5 1 6171 310 6172
5769 2 2 5 1 3089 3088 3516
5770 2 2 5 1 1026 1078 6326
5771 2 2 5 1 6196 1598 6760
5772 2 2 5 1 1365 1366 1392
5773 2 2 5 1 1632 1630 6265
5774 2 2 5 1 1515 1514 1516
5775 2 2 5 1 4564 3571 6969
5776 2 2 5 1 699 654 2450
5777 2 2 5 1 532 177 6661
5778 2 2 5 1 1474 1473 1475
5779 2 2 5 1 6165 6163 6166
5780 2 2 5 1 1958 5720 6239
5781 2 2 5 1 2888 7359 7378
5782 2 2 5 1 4420 4419 4421
5783 2 2 5 1 5970 5968 5973
5784 2 2 5 1 4166 1993 6776
5785 2 2 5 1 1940 1722 6754
5786 2 2 5 1 5900 7750 7753
5787 2 2 5 1 178 2594 6661
5788 2 2 5 1 5135 5134 5136
5789 2 2 5 1 2649 6512 6990
5790 2 2 5 1 3334 3332 6386
5791 2 2 5 1 2108 2106 3080
5792 2 2 5 1 1889 1891 6405
5793 2 2 5 1 4661 4983 5604
5794 2 2 5 1 745 747 748
5795 2 2 5 1 2308 2140 5899
5796 2 2 5 1 6358 4040 6359
5797 2 2 5 1 632 635 3209
5798 2 2 5 1 6265 6264 6266
5799 2 2 5 1 637 1266 6116
5800 2 2 5 1 2121 2112 2534
5801 2 2 5 1 3170 3881 4214
5802 2 2 5 1 2498 1657 5935
5803 2 2 5 1 2528 1626 6256
5804 2 2 5 1 3322 3320 6390
5805 2 2 5 1 1876 544 6399
5806 2 2 5 1 1929 1608 6270
5807 2 2 5 1 2751 2500 3223
5808 2 2 5 1 6310 4022 6311
5809 2 2 5 1 1136 1011 1874
5810 2 2 5 1 1510 1508 6061
5811 2 2 5 1 4071 3349 6378
5812 2 2 5 1 3315 3313 6394
5813 2 2 5 1 5623 4049 5644
5814 2 2 5 1 598 595 3210
5815 2 2 5 1 2220 1979 2946
5816 2 2 5 1 2856 3648 4290
5817 2 2 5 1 6228 3609 7025
5818 2 2 5 1 3641 4838 6422
5819 2 2 5 1 6071 6072 7293
5820 2 2 5 1 449 448 3609
5821 2 2 5 1 3603 4496 5179
5822 2 2 5 1 6304 2174 6305
5823 2 2 5 1 2242 2260 2309
5824 2 2 5 1 4019 4576 6119
5825 2 2 5 1 2754 6046 6754
5826 2 2 5 1 1872 1723 1873
5827 2 2 5 1 4712 3257 6303
5828 2 2 5 1 4647 5877 6350
5829 2 2 5 1 1657 1543 1658
5830 2 2 5 1 2058 2056 6155
5831 2 2 5 1 3058 3621 7200
5832 2 2 5 1 1516 1514 6102
5833 2 2 5 1 960 813 6181
5834 2 2 5 1 979 6338 6339
5835 2 2 5 1 1365 2515 6040
5836 2 2 5 1 4135 1419 6291
5837 2 2 5 1 739 737 740
5838 2 2 5 1 1015 1014 6170
5839 2 2 5 1 1103 1104 6194
5840 2 2 5 1 3049 3641 6422
5841 2 2 5 1 1508 1506 1933
5842 2 2 5 1 6252 3134 6254
5843 2 2 5 1 4133 4846 5952
5844 2 2 5 1 4981 3992 5265
5845 2 2 5 1 2612 2483 6186
5846 2 2 5 1 6027 6859 7037
5847 2 2 5 1 530 404 6141
5848 2 2 5 1 4886 4887 4888
5849 2 2 5 1 2507 4173 6251
5850 2 2 5 1 6301 2316 6302
5851 2 2 5 1 4715 4717 6247
5852 2 2 5 1 1667 1770 6178
5853 2 2 5 1 6680 6679 6852
5854 2 2 5 1 4403 4402 5464
5855 2 2 5 1 3373 4400 6298
5856 2 2 5 1 743 741 762
5857 2 2 5 1 1520 1517 1522
5858 2 2 5 1 1654 1679 6240
5859 2 2 5 1 3110 3147 3148
5860 2 2 5 1 3947 4149 6202
5861 2 2 5 1 2841 3246 6704
5862 2 2 5 1 6496 1798 6497
5863 2 2 5 1 1074 1379 6671
5864 2 2 5 1 4900 4192 6136
5865 2 2 5 1 6673 6414 6761
5866 2 2 5 1 3124 1486 6676
5867 2 2 5 1 174 175 6650
5868 2 2 5 1 3660 4572 7302
5869 2 2 5 1 4245 6347 6787
5870 2 2 5 1 2903 3045 6006
5871 2 2 5 1 4979 5191 5257
5872 2 2 5 1 2424 2826 2827
5873 2 2 5 1 2219 1979 2220
5874 2 2 5 1 3576 8136 8159
5875 2 2 5 1 1764 2141 3384
5876 2 2 5 1 3336 3334 6385
5877 2 2 5 1 856 6109 6563
5878 2 2 5 1 3229 2974 3230
5879 2 2 5 1 6513 2272 6786
5880 2 2 5 1 2234 6570 6732
5881 2 2 5 1 5190 4971 5258
5882 2 2 5 1 2170 1873 2171
5883 2 2 5 1 5377 5339 5378
5884 2 2 5 1 3167 3870 4560
5885 2 2 5 1 2756 2365 6559
5886 2 2 5 1 6150 3125 6347
5887 2 2 5 1 1176 1141 7499
5888 2 2 5 1 4643 3871 7288
5889 2 2 5 1 5442 4671 5443
5890 2 2 5 1 2779 2653 6508
5891 2 2 5 1 2957 2832 2974
5892 2 2 5 1 4653 5301 6132
5893 2 2 5 1 217 917 6443
5894 2 2 5 1 1888 1887 1889
5895 2 2 5 1 6676 1797 6885
5896 2 2 5 1 979 769 6338
5897 2 2 5 1 6263 6264 6265
5898 2 2 5 1 4110 4497 4661
5899 2 2 5 1 5154 4852 5919
5900 2 2 5 1 3324 3322 6389
5901 2 2 5 1 5918 6399 6400
5902 2 2 5 1 6656 6657 6658
5903 2 2 5 1 297 2558 6328
5904 2 2 5 1 3317 3315 6393
5905 2 2 5 1 4305 6498 6693
5906 2 2 5 1 3879 3182 6691
5907 2 2 5 1 6093 2316 6352
5908 2 2 5 1 3889 3187 4578
5909 2 2 5 1 5144 5145 6300
5910 2 2 5 1 751 753 754
5911 2 2 5 1 6362 6361 6363
5912 2 2 5 1 6233 6235 6236
5913 2 2 5 1 3444 1440 6591
5914 2 2 5 1 3651 2331 3994
5915 2 2 5 1 5055 4312 5236
5916 2 2 5 1 6512 4740 6990
5917 2 2 5 1 4597 3994 5313
5918 2 2 5 1 3695 6114 6660
5919 2 2 5 1 1949 5978 5979
5920 2 2 5 1 6750 6694 6919
5921 2 2 5 1 2198 2927 6160
5922 2 2 5 1 6550 1854 6847
5923 2 2 5 1 5962 1730 6019
5924 2 2 5 1 3386 3644 6344
5925 2 2 5 1 4030 3218 6133
5926 2 2 5 1 3984 4500 5177
5927 2 2 5 1 6253 7036 7056
5928 2 2 5 1 877 2621 6346
5929 2 2 5 1 3948 3903 6180
5930 2 2 5 1 6313 5342 6314
5931 2 2 5 1 3205 3206 3207
5932 2 2 5 1 2618 6402 6404
5933 2 2 5 1 4192 3564 4194
5934 2 2 5 1 3136 3134 6252
5935 2 2 5 1 775 791 6222
5936 2 2 5 1 2583 2578 6859
5937 2 2 5 1 5942 3465 5944
5938 2 2 5 1 3446 6361 6362
5939 2 2 5 1 3625 5186 5187
5940 2 2 5 1 161 512 6331
5941 2 2 5 1 541 154 6333
5942 2 2 5 1 2554 156 6336
5943 2 2 5 1 784 158 6335
5944 2 2 5 1 6542 6543 6545
5945 2 2 5 1 1782 1833 6209
5946 2 2 5 1 5373 5372 5461
5947 2 2 5 1 3624 4249 4250
5948 2 2 5 1 4996 4997 4998
5949 2 2 5 1 1421 1424 6724
5950 2 2 5 1 3261 3258 6188
5951 2 2 5 1 3071 4040 6358
5952 2 2 5 1 2116 2316 6301
5953 2 2 5 1 5278 4047 6551
5954 2 2 5 1 1102 824 6937
5955 2 2 5 1 4017 4336 4922
5956 2 2 5 1 4622 3911 6241
5957 2 2 5 1 6346 4735 6882
5958 2 2 5 1 3137 3946 4110
5959 2 2 5 1 1419 1247 6291
5960 2 2 5 1 1014 960 1368
5961 2 2 5 1 4456 4647 6350
5962 2 2 5 1 6608 6606 6609
5963 2 2 5 1 1046 1072 1378
5964 2 2 5 1 4558 4559 6057
5965 2 2 5 1 6478 6476 6479
5966 2 2 5 1 1515 1516 1517
5967 2 2 5 1 1862 2174 6304
5968 2 2 5 1 1393 1415 1416
5969 2 2 5 1 2958 2700 6353
5970 2 2 5 1 6811 5832 6984
5971 2 2 5 1 7145 3312 7177
5972 2 2 5 1 1074 1047 1379
5973 2 2 5 1 3911 3535 6241
5974 2 2 5 1 1514 1512 1518
5975 2 2 5 1 6259 1928 6260
5976 2 2 5 1 6296 6297 7546
5977 2 2 5 1 2774 2768 6849
5978 2 2 5 1 4104 5050 5780
5979 2 2 5 1 6485 6483 6486
5980 2 2 5 1 1890 1889 1934
5981 2 2 5 1 3794 3411 7152
5982 2 2 5 1 6464 6463 6465
5983 2 2 5 1 6315 6314 6316
5984 2 2 5 1 1984 1812 2200
5985 2 2 5 1 1754 1992 1993
5986 2 2 5 1 238 6459 6462
5987 2 2 5 1 1958 1881 5720
5988 2 2 5 1 1748 1747 1749
5989 2 2 5 1 3531 3248 4235
5990 2 2 5 1 2621 3022 6346
5991 2 2 5 1 3231 3230 3232
5992 2 2 5 1 2897 2898 2900
5993 2 2 5 1 1750 1749 1754
5994 2 2 5 1 4962 4482 5172
5995 2 2 5 1 1573 4340 6867
5996 2 2 5 1 3660 4571 4572
5997 2 2 5 1 1978 1794 1979
5998 2 2 5 1 1128 6320 6723
5999 2 2 5 1 2556 174 6650
6000 2 2 5 1 2043 2040 6277
6001 2 2 5 1 3220 3222 4018
6002 2 2 5 1 961 1016 6577
6003 2 2 5 1 1730 1686 1731
6004 2 2 5 1 1747 2523 6212
6005 2 2 5 1 3258 3257 3260
6006 2 2 5 1 2282 2073 6205
6007 2 2 5 1 3240 5979 7071
6008 2 2 5 1 2384 2381 5800
6009 2 2 5 1 1032 976 6587
6010 2 2 5 1 6253 6254 7020
6011 2 2 5 1 1246 562 6319
6012 2 2 5 1 3684 4022 6310
6013 2 2 5 1 6046 6049 7068
6014 2 2 5 1 6185 6186 6187
6015 2 2 5 1 2482 2481 2483
6016 2 2 5 1 535 6226 6238
6017 2 2 5 1 2990 2988 6189
6018 2 2 5 1 6109 6110 7203
6019 2 2 5 1 6375 4088 6376
6020 2 2 5 1 5734 5732 5735
6021 2 2 5 1 1017 1015 6294
6022 2 2 5 1 3215 3216 3217
6023 2 2 5 1 2012 2010 6214
6024 2 2 5 1 814 960 961
6025 2 2 5 1 407 2618 6404
6026 2 2 5 1 6590 4757 7345
6027 2 2 5 1 3974 4820 6242
6028 2 2 5 1 6430 490 6431
6029 2 2 5 1 1685 1684 1686
6030 2 2 5 1 6430 6431 6436
6031 2 2 5 1 1935 1934 2256
6032 2 2 5 1 746 6832 7006
6033 2 2 5 1 949 950 951
6034 2 2 5 1 832 3559 4152
6035 2 2 5 1 1024 1026 6326
6036 2 2 5 1 2412 2266 6348
6037 2 2 5 1 295 499 6357
6038 2 2 5 1 3214 2997 6134
6039 2 2 5 1 3996 3570 4372
6040 2 2 5 1 4019 4575 4576
6041 2 2 5 1 939 1089 6203
6042 2 2 5 1 911 1677 6830
6043 2 2 5 1 1520 1522 1523
6044 2 2 5 1 1746 1745 1747
6045 2 2 5 1 3715 4275 6295
6046 2 2 5 1 4714 4713 4715
6047 2 2 5 1 6185 2612 6186
6048 2 2 5 1 748 747 749
6049 2 2 5 1 6668 1179 7059
6050 2 2 5 1 3867 3681 4587
6051 2 2 5 1 1889 1887 1891
6052 2 2 5 1 814 961 6577
6053 2 2 5 1 1975 1974 2331
6054 2 2 5 1 2428 2507 6251
6055 2 2 5 1 961 960 1014
6056 2 2 5 1 479 6409 6410
6057 2 2 5 1 1680 6370 6500
6058 2 2 5 1 961 1014 1015
6059 2 2 5 1 6602 6603 6604
6060 2 2 5 1 6275 6277 7046
6061 2 2 5 1 6814 4916 8603
6062 2 2 5 1 979 6340 6341
6063 2 2 5 1 6421 4731 7038
6064 2 2 5 1 1086 1032 6587
6065 2 2 5 1 6313 6314 6315
6066 2 2 5 1 6414 6419 6761
6067 2 2 5 1 1507 1506 1508
6068 2 2 5 1 310 311 6172
6069 2 2 5 1 6354 4703 6355
6070 2 2 5 1 6450 2536 6696
6071 2 2 5 1 4047 3179 6551
6072 2 2 5 1 3186 2327 3187
6073 2 2 5 1 2335 2337 6199
6074 2 2 5 1 6339 6338 6812
6075 2 2 5 1 3472 4446 4670
6076 2 2 5 1 2551 860 6910
6077 2 2 5 1 4090 6244 6555
6078 2 2 5 1 3224 3223 3225
6079 2 2 5 1 4020 5342 6313
6080 2 2 5 1 3919 3920 4582
6081 2 2 5 1 3669 3261 6188
6082 2 2 5 1 1664 1808 6420
6083 2 2 5 1 1343 1364 1365
6084 2 2 5 1 1827 1701 6567
6085 2 2 5 1 4598 5328 6560
6086 2 2 5 1 754 753 755
6087 2 2 5 1 4007 4008 5007
6088 2 2 5 1 4187 2525 6558
6089 2 2 5 1 3285 2612 6185
6090 2 2 5 1 2519 2521 3139
6091 2 2 5 1 4010 4009 5009
6092 2 2 5 1 3139 6126 6127
6093 2 2 5 1 4714 4715 4906
6094 2 2 5 1 3765 3232 3766
6095 2 2 5 1 6218 6219 6220
6096 2 2 5 1 2997 2994 3720
6097 2 2 5 1 3217 3218 4030
6098 2 2 5 1 627 629 6068
6099 2 2 5 1 3250 1886 6286
6100 2 2 5 1 4082 3285 4402
6101 2 2 5 1 3795 3242 4097
6102 2 2 5 1 2900 2901 2902
6103 2 2 5 1 5051 4372 7159
6104 2 2 5 1 3375 2671 7137
6105 2 2 5 1 5667 6174 7513
6106 2 2 5 1 4089 3766 6561
6107 2 2 5 1 2781 3184 7253
6108 2 2 5 1 2339 2341 6612
6109 2 2 5 1 3734 4178 6535
6110 2 2 5 1 3674 3097 3947
6111 2 2 5 1 253 6595 6598
6112 2 2 5 1 6065 6676 6885
6113 2 2 5 1 1649 1419 4135
6114 2 2 5 1 6400 6399 6801
6115 2 2 5 1 4167 2537 6565
6116 2 2 5 1 3226 3225 3227
6117 2 2 5 1 223 6611 6677
6118 2 2 5 1 3167 4560 5984
6119 2 2 5 1 1998 1997 1999
6120 2 2 5 1 6161 6162 6163
6121 2 2 5 1 3172 2756 6559
6122 2 2 5 1 1993 1994 1995
6123 2 2 5 1 3548 3988 4146
6124 2 2 5 1 6498 3390 6693
6125 2 2 5 1 3404 3214 5897
6126 2 2 5 1 2425 3189 6352
6127 2 2 5 1 1886 1887 1888
6128 2 2 5 1 4172 2540 6563
6129 2 2 5 1 5487 4665 6091
6130 2 2 5 1 2183 2123 3095
6131 2 2 5 1 479 172 6409
6132 2 2 5 1 4513 3947 6202
6133 2 2 5 1 1168 1166 7170
6134 2 2 5 1 2447 4562 4563
6135 2 2 5 1 946 912 6495
6136 2 2 5 1 745 748 5993
6137 2 2 5 1 5878 5879 5880
6138 2 2 5 1 739 740 741
6139 2 2 5 1 6256 1928 6259
6140 2 2 5 1 6600 3064 6601
6141 2 2 5 1 5880 5879 5881
6142 2 2 5 1 1015 6170 6294
6143 2 2 5 1 5473 4865 8181
6144 2 2 5 1 1833 1783 1834
6145 2 2 5 1 5894 7124 7151
6146 2 2 5 1 6471 6469 6472
6147 2 2 5 1 4624 6538 6539
6148 2 2 5 1 309 310 6171
6149 2 2 5 1 844 6288 6289
6150 2 2 5 1 1956 1957 2076
6151 2 2 5 1 6441 6440 6442
6152 2 2 5 1 3260 4712 4713
6153 2 2 5 1 4574 3222 6066
6154 2 2 5 1 4152 4153 4154
6155 2 2 5 1 4125 4568 4668
6156 2 2 5 1 6521 6697 6772
6157 2 2 5 1 3845 3227 5481
6158 2 2 5 1 6606 212 6609
6159 2 2 5 1 1999 2002 6303
6160 2 2 5 1 2186 2425 6352
6161 2 2 5 1 2379 2381 2382
6162 2 2 5 1 3639 4598 6560
6163 2 2 5 1 2404 2402 2405
6164 2 2 5 1 4906 4715 6247
6165 2 2 5 1 1019 1020 1021
6166 2 2 5 1 6191 3319 6548
6167 2 2 5 1 2998 2997 3214
6168 2 2 5 1 3345 4088 6375
6169 2 2 5 1 3484 4090 6555
6170 2 2 5 1 1502 1500 2956
6171 2 2 5 1 381 1271 6581
6172 2 2 5 1 2060 2536 6450
6173 2 2 5 1 6280 6281 6753
6174 2 2 5 1 2022 2030 6558
6175 2 2 5 1 1998 1999 2001
6176 2 2 5 1 2525 2024 6558
6177 2 2 5 1 3713 3711 6223
6178 2 2 5 1 3125 1068 6787
6179 2 2 5 1 303 304 1303
6180 2 2 5 1 2413 3253 3564
6181 2 2 5 1 6502 3124 6503
6182 2 2 5 1 3096 2412 3097
6183 2 2 5 1 1501 1500 1502
6184 2 2 5 1 2480 2479 2481
6185 2 2 5 1 3641 4047 4837
6186 2 2 5 1 1748 1749 1750
6187 2 2 5 1 1979 1794 6041
6188 2 2 5 1 1894 1834 1895
6189 2 2 5 1 1769 1860 7140
6190 2 2 5 1 2260 1973 6060
6191 2 2 5 1 4837 4047 4856
6192 2 2 5 1 2537 864 6565
6193 2 2 5 1 1018 1017 1019
6194 2 2 5 1 4647 5268 5269
6195 2 2 5 1 4884 4885 4886
6196 2 2 5 1 3674 4514 6689
6197 2 2 5 1 3674 3947 4513
6198 2 2 5 1 1782 1781 1783
6199 2 2 5 1 4155 6093 6352
6200 2 2 5 1 3641 3179 4047
6201 2 2 5 1 6665 6837 7142
6202 2 2 5 1 6387 4091 6388
6203 2 2 5 1 1884 1886 3250
6204 2 2 5 1 2969 4259 7041
6205 2 2 5 1 2540 852 6563
6206 2 2 5 1 712 702 713
6207 2 2 5 1 2918 3466 3505
6208 2 2 5 1 3545 3546 3548
6209 2 2 5 1 6462 6460 6463
6210 2 2 5 1 718 948 949
6211 2 2 5 1 4061 6383 6384
6212 2 2 5 1 1460 1457 6371
6213 2 2 5 1 4576 5517 5518
6214 2 2 5 1 6203 1122 6866
6215 2 2 5 1 835 833 875
6216 2 2 5 1 2950 2001 3257
6217 2 2 5 1 4115 4703 6354
6218 2 2 5 1 2326 2209 6367
6219 2 2 5 1 4581 3911 4622
6220 2 2 5 1 8601 6814 8603
6221 2 2 5 1 5085 4558 6057
6222 2 2 5 1 6391 4099 6392
6223 2 2 5 1 3951 3695 4662
6224 2 2 5 1 3139 2521 6126
6225 2 2 5 1 5154 5919 5920
6226 2 2 5 1 1746 1747 1748
6227 2 2 5 1 2413 2125 3253
6228 2 2 5 1 3951 4662 4871
6229 2 2 5 1 2266 2053 2674
6230 2 2 5 1 4871 4662 5427
6231 2 2 5 1 259 531 6603
6232 2 2 5 1 6455 2722 6461
6233 2 2 5 1 3096 3097 3674
6234 2 2 5 1 1886 1888 6286
6235 2 2 5 1 3189 3695 3951
6236 2 2 5 1 2039 2036 6279
6237 2 2 5 1 4082 4402 4403
6238 2 2 5 1 700 710 711
6239 2 2 5 1 3189 2941 3695
6240 2 2 5 1 2857 875 6927
6241 2 2 5 1 257 3064 6600
6242 2 2 5 1 3243 3844 4652
6243 2 2 5 1 479 6411 6673
6244 2 2 5 1 2627 2626 2628
6245 2 2 5 1 2361 2363 6675
6246 2 2 5 1 3426 2810 3611
6247 2 2 5 1 3096 3674 6689
6248 2 2 5 1 2627 2628 2888
6249 2 2 5 1 221 490 6430
6250 2 2 5 1 4670 4671 5442
6251 2 2 5 1 3903 4603 6180
6252 2 2 5 1 238 239 6459
6253 2 2 5 1 2625 2626 2627
6254 2 2 5 1 4149 4980 5065
6255 2 2 5 1 2294 2797 5960
6256 2 2 5 1 2625 2624 2626
6257 2 2 5 1 2563 6516 6525
6258 2 2 5 1 4175 4176 4798
6259 2 2 5 1 1999 2000 2002
6260 2 2 5 1 814 813 960
6261 2 2 5 1 218 219 6439
6262 2 2 5 1 1995 1996 1997
6263 2 2 5 1 2554 6336 7088
6264 2 2 5 1 4851 4263 4852
6265 2 2 5 1 2745 6358 6360
6266 2 2 5 1 2743 3005 3425
6267 2 2 5 1 4018 4019 6119
6268 2 2 5 1 6566 1982 6567
6269 2 2 5 1 3212 4020 6313
6270 2 2 5 1 3246 3680 6704
6271 2 2 5 1 4715 4716 4717
6272 2 2 5 1 706 6341 6342
6273 2 2 5 1 951 952 953
6274 2 2 5 1 6310 6312 6322
6275 2 2 5 1 3319 2986 6548
6276 2 2 5 1 248 485 6452
6277 2 2 5 1 4302 4803 7329
6278 2 2 5 1 4173 4174 4175
6279 2 2 5 1 4173 6114 6251
6280 2 2 5 1 3627 3628 4007
6281 2 2 5 1 5056 3948 5057
6282 2 2 5 1 3631 3630 4009
6283 2 2 5 1 687 706 6342
6284 2 2 5 1 6656 2678 6657
6285 2 2 5 1 1075 1117 6695
6286 2 2 5 1 4061 6384 6396
6287 2 2 5 1 1995 1997 1998
6288 2 2 5 1 1881 2145 5720
6289 2 2 5 1 2426 2428 6251
6290 2 2 5 1 6416 6410 6617
6291 2 2 5 1 6463 6460 6494
6292 2 2 5 1 6652 729 6938
6293 2 2 5 1 1351 1367 1525
6294 2 2 5 1 4733 6567 7022
6295 2 2 5 1 3260 4713 4714
6296 2 2 5 1 3371 3367 6397
6297 2 2 5 1 6425 2192 6426
6298 2 2 5 1 1269 1295 1351
6299 2 2 5 1 924 926 6451
6300 2 2 5 1 3730 6193 7612
6301 2 2 5 1 744 727 745
6302 2 2 5 1 3049 3179 3641
6303 2 2 5 1 6508 2653 6688
6304 2 2 5 1 2116 2186 2316
6305 2 2 5 1 1525 1662 1724
6306 2 2 5 1 2031 2027 6283
6307 2 2 5 1 1351 1295 1367
6308 2 2 5 1 2623 2624 2625
6309 2 2 5 1 2002 2003 2116
6310 2 2 5 1 2995 2994 2997
6311 2 2 5 1 3067 2795 6554
6312 2 2 5 1 6410 6409 6617
6313 2 2 5 1 2048 2045 2052
6314 2 2 5 1 5924 5926 5950
6315 2 2 5 1 6307 6306 6308
6316 2 2 5 1 1525 1367 1662
6317 2 2 5 1 6480 6477 6481
6318 2 2 5 1 6531 4673 7696
6319 2 2 5 1 1724 1662 1821
6320 2 2 5 1 2075 3241 4069
6321 2 2 5 1 3221 3219 3697
6322 2 2 5 1 237 238 6462
6323 2 2 5 1 6432 490 6677
6324 2 2 5 1 962 923 967
6325 2 2 5 1 3903 3747 4603
6326 2 2 5 1 3224 3822 5980
6327 2 2 5 1 1124 1125 1126
6328 2 2 5 1 4598 4753 5327
6329 2 2 5 1 979 6339 6340
6330 2 2 5 1 2118 1950 2119
6331 2 2 5 1 1122 1123 1124
6332 2 2 5 1 4598 3898 4753
6333 2 2 5 1 4653 5176 5301
6334 2 2 5 1 6516 6517 6525
6335 2 2 5 1 1747 1745 2523
6336 2 2 5 1 1511 1512 1513
6337 2 2 5 1 2118 2350 5978
6338 2 2 5 1 2423 2424 6221
6339 2 2 5 1 2548 2547 2549
6340 2 2 5 1 2795 2549 3044
6341 2 2 5 1 4563 4960 4961
6342 2 2 5 1 2073 2269 6205
6343 2 2 5 1 1124 1123 1125
6344 2 2 5 1 4402 3285 6185
6345 2 2 5 1 2548 2549 2795
6346 2 2 5 1 1648 1440 3444
6347 2 2 5 1 1754 1749 1992
6348 2 2 5 1 3272 6203 6246
6349 2 2 5 1 3053 2473 5200
6350 2 2 5 1 6487 6484 6488
6351 2 2 5 1 241 2722 6455
6352 2 2 5 1 4090 6242 6243
6353 2 2 5 1 4098 4097 4111
6354 2 2 5 1 2425 2941 3189
6355 2 2 5 1 2546 2547 2548
6356 2 2 5 1 6551 5386 6552
6357 2 2 5 1 4129 3027 6337
6358 2 2 5 1 2483 2513 2514
6359 2 2 5 1 6603 531 6604
6360 2 2 5 1 1269 1189 1295
6361 2 2 5 1 6214 4141 6215
6362 2 2 5 1 5327 4753 5453
6363 2 2 5 1 2010 4141 6214
6364 2 2 5 1 2902 2903 3580
6365 2 2 5 1 2538 2954 2955
6366 2 2 5 1 2546 2525 2547
6367 2 2 5 1 5462 5461 5463
6368 2 2 5 1 3209 635 6116
6369 2 2 5 1 2263 2713 2855
6370 2 2 5 1 1885 1368 3245
6371 2 2 5 1 3639 3898 4598
6372 2 2 5 1 953 954 955
6373 2 2 5 1 2776 3467 3468
6374 2 2 5 1 4090 3974 6242
6375 2 2 5 1 3704 3703 4087
6376 2 2 5 1 2538 2537 2954
6377 2 2 5 1 4456 4646 4647
6378 2 2 5 1 1744 1712 1745
6379 2 2 5 1 1993 1992 1994
6380 2 2 5 1 2530 2537 2538
6381 2 2 5 1 2074 1323 2285
6382 2 2 5 1 1122 1121 1123
6383 2 2 5 1 4126 4124 5866
6384 2 2 5 1 955 956 957
6385 2 2 5 1 6152 4321 6153
6386 2 2 5 1 5297 3853 5298
6387 2 2 5 1 1862 1976 2174
6388 2 2 5 1 5150 5163 5212
6389 2 2 5 1 3850 3817 3851
6390 2 2 5 1 1019 1017 1020
6391 2 2 5 1 5667 5666 6174
6392 2 2 5 1 2992 2990 3730
6393 2 2 5 1 2514 3734 6535
6394 2 2 5 1 4336 7491 7533
6395 2 2 5 1 5878 5269 5879
6396 2 2 5 1 6619 6618 6620
6397 2 2 5 1 726 713 727
6398 2 2 5 1 2964 1075 6695
6399 2 2 5 1 6503 6504 6505
6400 2 2 5 1 2002 2116 6301
6401 2 2 5 1 3256 3703 3704
6402 2 2 5 1 2482 2483 2612
6403 2 2 5 1 3272 939 6203
6404 2 2 5 1 4308 6653 6654
6405 2 2 5 1 2026 2525 2546
6406 2 2 5 1 3816 3589 3817
6407 2 2 5 1 6459 6460 6462
6408 2 2 5 1 2863 2128 6700
6409 2 2 5 1 6109 4732 6110
6410 2 2 5 1 4717 5796 5797
6411 2 2 5 1 4203 3776 4321
6412 2 2 5 1 1978 1979 2219
6413 2 2 5 1 1130 1189 1269
6414 2 2 5 1 6137 4194 6138
6415 2 2 5 1 3673 4548 6766
6416 2 2 5 1 3128 4200 6514
6417 2 2 5 1 2493 3052 5199
6418 2 2 5 1 629 632 6068
6419 2 2 5 1 253 254 6595
6420 2 2 5 1 1821 1862 6304
6421 2 2 5 1 2541 2540 2542
6422 2 2 5 1 745 746 747
6423 2 2 5 1 3290 6750 6919
6424 2 2 5 1 1934 1889 6405
6425 2 2 5 1 2530 864 2537
6426 2 2 5 1 6524 6521 6772
6427 2 2 5 1 5141 5144 5147
6428 2 2 5 1 4354 4353 4949
6429 2 2 5 1 2035 2032 6281
6430 2 2 5 1 2743 4118 6082
6431 2 2 5 1 711 724 725
6432 2 2 5 1 5212 5163 5213
6433 2 2 5 1 4199 558 6952
6434 2 2 5 1 2511 2510 2966
6435 2 2 5 1 2073 1878 2269
6436 2 2 5 1 6193 7010 7377
6437 2 2 5 1 5877 5269 5878
6438 2 2 5 1 3947 4148 4149
6439 2 2 5 1 3639 3067 3898
6440 2 2 5 1 1484 3124 6502
6441 2 2 5 1 4024 4538 4875
6442 2 2 5 1 6435 6432 6677
6443 2 2 5 1 2436 2282 2764
6444 2 2 5 1 4558 4111 4559
6445 2 2 5 1 1089 1121 1122
6446 2 2 5 1 6514 4200 6887
6447 2 2 5 1 898 939 3272
6448 2 2 5 1 1509 1510 1511
6449 2 2 5 1 2222 2119 2223
6450 2 2 5 1 725 736 737
6451 2 2 5 1 3484 3974 4090
6452 2 2 5 1 6598 6596 6599
6453 2 2 5 1 4191 3564 4192
6454 2 2 5 1 2010 1126 4141
6455 2 2 5 1 4517 4392 5840
6456 2 2 5 1 756 813 814
6457 2 2 5 1 3644 6533 6534
6458 2 2 5 1 2014 2012 3726
6459 2 2 5 1 2529 852 2540
6460 2 2 5 1 4170 5666 5667
6461 2 2 5 1 6367 2209 6954
6462 2 2 5 1 2018 2016 3721
6463 2 2 5 1 2558 298 6542
6464 2 2 5 1 2471 2749 6248
6465 2 2 5 1 2022 2020 2030
6466 2 2 5 1 2529 2540 2541
6467 2 2 5 1 6161 2927 6162
6468 2 2 5 1 3541 3542 3543
6469 2 2 5 1 2026 2024 2525
6470 2 2 5 1 2822 4353 4354
6471 2 2 5 1 5298 6249 6250
6472 2 2 5 1 5882 5880 5883
6473 2 2 5 1 4087 5579 5580
6474 2 2 5 1 6586 6587 6907
6475 2 2 5 1 2950 3257 3258
6476 2 2 5 1 2993 2992 2994
6477 2 2 5 1 3256 2955 3703
6478 2 2 5 1 1520 1523 6679
6479 2 2 5 1 4709 5722 5723
6480 2 2 5 1 2623 2622 2624
6481 2 2 5 1 6046 6045 6047
6482 2 2 5 1 2602 2745 6360
6483 2 2 5 1 4136 3774 4691
6484 2 2 5 1 3588 3267 3589
6485 2 2 5 1 1262 1312 1331
6486 2 2 5 1 856 4732 6109
6487 2 2 5 1 164 165 2552
6488 2 2 5 1 1268 1103 4158
6489 2 2 5 1 862 864 2530
6490 2 2 5 1 3684 3104 4022
6491 2 2 5 1 1016 1015 1017
6492 2 2 5 1 2509 2510 2511
6493 2 2 5 1 1949 1897 1950
6494 2 2 5 1 6411 6414 6673
6495 2 2 5 1 1021 1022 1024
6496 2 2 5 1 1026 1035 1078
6497 2 2 5 1 2483 2481 2513
6498 2 2 5 1 252 253 6598
6499 2 2 5 1 3851 3852 3853
6500 2 2 5 1 2116 2117 2186
6501 2 2 5 1 6293 1246 6319
6502 2 2 5 1 4668 4669 5510
6503 2 2 5 1 1023 1019 6309
6504 2 2 5 1 3590 3386 6344
6505 2 2 5 1 902 875 916
6506 2 2 5 1 621 620 622
6507 2 2 5 1 583 584 585
6508 2 2 5 1 3940 3172 4263
6509 2 2 5 1 6175 4722 6176
6510 2 2 5 1 4149 4679 4980
6511 2 2 5 1 3668 4023 4024
6512 2 2 5 1 1929 6272 6273
6513 2 2 5 1 224 1275 6611
6514 2 2 5 1 4152 3559 4153
6515 2 2 5 1 919 916 923
6516 2 2 5 1 4647 4646 5268
6517 2 2 5 1 1268 4158 5661
6518 2 2 5 1 4143 2470 7090
6519 2 2 5 1 2480 2481 2482
6520 2 2 5 1 1361 1420 2524
6521 2 2 5 1 6420 4731 6421
6522 2 2 5 1 6257 6256 6259
6523 2 2 5 1 2528 6257 6258
6524 2 2 5 1 4173 2761 4174
6525 2 2 5 1 4071 6379 6380
6526 2 2 5 1 751 750 752
6527 2 2 5 1 2941 2426 6251
6528 2 2 5 1 2988 3319 6189
6529 2 2 5 1 6278 2039 6279
6530 2 2 5 1 850 852 2529
6531 2 2 5 1 2423 2295 2424
6532 2 2 5 1 1928 1622 6261
6533 2 2 5 1 1069 1103 1268
6534 2 2 5 1 4611 3989 4680
6535 2 2 5 1 3759 4455 4456
6536 2 2 5 1 6982 4235 7063
6537 2 2 5 1 6189 3319 6190
6538 2 2 5 1 3715 3713 4275
6539 2 2 5 1 2266 2674 6348
6540 2 2 5 1 2744 2177 6448
6541 2 2 5 1 3638 3667 3668
6542 2 2 5 1 3386 2885 3644
6543 2 2 5 1 2885 2589 6533
6544 2 2 5 1 3718 3715 6295
6545 2 2 5 1 6370 6371 6372
6546 2 2 5 1 4203 4321 6152
6547 2 2 5 1 2138 2742 2743
6548 2 2 5 1 3543 3544 3545
6549 2 2 5 1 6395 6842 7328
6550 2 2 5 1 1824 1922 6780
6551 2 2 5 1 971 967 978
6552 2 2 5 1 4733 3756 6566
6553 2 2 5 1 2192 1713 3549
6554 2 2 5 1 4426 2541 6589
6555 2 2 5 1 1892 2602 3446
6556 2 2 5 1 4752 3298 6949
6557 2 2 5 1 3711 3709 4258
6558 2 2 5 1 6401 6400 6402
6559 2 2 5 1 828 911 6830
6560 2 2 5 1 4214 3881 4466
6561 2 2 5 1 1181 2586 6571
6562 2 2 5 1 6431 6432 6433
6563 2 2 5 1 3711 4258 6223
6564 2 2 5 1 749 750 751
6565 2 2 5 1 4260 4262 6296
6566 2 2 5 1 757 755 760
6567 2 2 5 1 4175 4174 4176
6568 2 2 5 1 4819 3610 5234
6569 2 2 5 1 2186 2187 2425
6570 2 2 5 1 3270 3269 3610
6571 2 2 5 1 3725 3724 4109
6572 2 2 5 1 4798 4176 4839
6573 2 2 5 1 2988 2986 3319
6574 2 2 5 1 4693 4692 5534
6575 2 2 5 1 6751 4136 6752
6576 2 2 5 1 3268 1680 3269
6577 2 2 5 1 2507 2761 4173
6578 2 2 5 1 1503 1502 1504
6579 2 2 5 1 1710 1023 4157
6580 2 2 5 1 4731 4456 6350
6581 2 2 5 1 4838 4837 4902
6582 2 2 5 1 3756 2907 6566
6583 2 2 5 1 2536 2753 2967
6584 2 2 5 1 1395 1396 1397
6585 2 2 5 1 1018 1019 1023
6586 2 2 5 1 6349 1478 6945
6587 2 2 5 1 1167 1182 2522
6588 2 2 5 1 4652 4653 6132
6589 2 2 5 1 834 906 4122
6590 2 2 5 1 6554 3044 6555
6591 2 2 5 1 6542 299 6543
6592 2 2 5 1 994 995 7089
6593 2 2 5 1 1480 1861 2286
6594 2 2 5 1 2925 3212 3213
6595 2 2 5 1 3549 3739 3989
6596 2 2 5 1 6304 6306 6307
6597 2 2 5 1 1323 1246 6293
6598 2 2 5 1 2967 4203 6696
6599 2 2 5 1 2565 6430 6436
6600 2 2 5 1 2343 2354 6764
6601 2 2 5 1 2524 2622 2623
6602 2 2 5 1 5111 4875 5112
6603 2 2 5 1 791 790 832
6604 2 2 5 1 4020 5341 5342
6605 2 2 5 1 2509 2287 2510
6606 2 2 5 1 6270 2526 6271
6607 2 2 5 1 2700 2972 6353
6608 2 2 5 1 3853 3854 6249
6609 2 2 5 1 2563 206 6516
6610 2 2 5 1 2052 6275 6276
6611 2 2 5 1 2587 2582 2588
6612 2 2 5 1 6232 6228 7025
6613 2 2 5 1 4310 6310 6322
6614 2 2 5 1 6437 6436 6438
6615 2 2 5 1 6289 6288 6290
6616 2 2 5 1 3734 4177 4178
6617 2 2 5 1 738 737 739
6618 2 2 5 1 2640 4224 6948
6619 2 2 5 1 4405 6298 6299
6620 2 2 5 1 4066 4693 6528
6621 2 2 5 1 1865 6196 6197
6622 2 2 5 1 2967 3776 4203
6623 2 2 5 1 2967 2968 3776
6624 2 2 5 1 4203 6154 6696
6625 2 2 5 1 4310 3684 6310
6626 2 2 5 1 3274 2779 6508
6627 2 2 5 1 6191 6548 6549
6628 2 2 5 1 5128 7732 7919
6629 2 2 5 1 787 2533 6338
6630 2 2 5 1 2574 2571 6510
6631 2 2 5 1 2745 3071 6358
6632 2 2 5 1 2425 2426 2941
6633 2 2 5 1 489 6455 6456
6634 2 2 5 1 6125 6541 7656
6635 2 2 5 1 742 743 756
6636 2 2 5 1 2478 2173 2479
6637 2 2 5 1 720 979 6341
6638 2 2 5 1 1955 3672 3759
6639 2 2 5 1 2524 1420 2622
6640 2 2 5 1 1186 1113 6912
6641 2 2 5 1 4114 4701 6556
6642 2 2 5 1 4154 4901 5095
6643 2 2 5 1 258 259 6603
6644 2 2 5 1 6310 6311 6312
6645 2 2 5 1 2712 2588 4063
6646 2 2 5 1 3367 6396 6397
6647 2 2 5 1 6457 6456 6458
6648 2 2 5 1 3265 2583 3450
6649 2 2 5 1 1507 1508 1509
6650 2 2 5 1 3260 3257 4712
6651 2 2 5 1 6370 1460 6371
6652 2 2 5 1 4183 4185 6213
6653 2 2 5 1 5875 566 7337
6654 2 2 5 1 4024 4023 4538
6655 2 2 5 1 3254 1024 6326
6656 2 2 5 1 1767 1766 1850
6657 2 2 5 1 1798 777 6652
6658 2 2 5 1 769 787 6338
6659 2 2 5 1 6473 6470 6474
6660 2 2 5 1 3071 3823 4040
6661 2 2 5 1 3854 4708 4709
6662 2 2 5 1 3762 4201 4735
6663 2 2 5 1 1513 1514 1515
6664 2 2 5 1 984 946 3267
6665 2 2 5 1 4695 4115 6354
6666 2 2 5 1 4271 4272 7114
6667 2 2 5 1 6595 6596 6598
6668 2 2 5 1 3949 3948 5056
6669 2 2 5 1 3759 4731 6420
6670 2 2 5 1 2115 2007 2125
6671 2 2 5 1 5145 5150 6300
6672 2 2 5 1 924 6451 6978
6673 2 2 5 1 3851 3853 5297
6674 2 2 5 1 6617 6618 6619
6675 2 2 5 1 3816 3817 3850
6676 2 2 5 1 2294 2225 2295
6677 2 2 5 1 556 544 1876
6678 2 2 5 1 6609 486 6610
6679 2 2 5 1 1218 1224 4271
6680 2 2 5 1 1770 1769 7140
6681 2 2 5 1 3733 3244 4115
6682 2 2 5 1 3565 2178 3638
6683 2 2 5 1 2945 3238 3724
6684 2 2 5 1 2945 3724 3725
6685 2 2 5 1 1021 1020 1022
6686 2 2 5 1 1377 6365 6366
6687 2 2 5 1 775 760 790
6688 2 2 5 1 2002 6301 6303
6689 2 2 5 1 2991 2990 2992
6690 2 2 5 1 3581 3596 4026
6691 2 2 5 1 6720 4300 6721
6692 2 2 5 1 3588 3589 3816
6693 2 2 5 1 1725 1724 1787
6694 2 2 5 1 899 940 6158
6695 2 2 5 1 499 296 6328
6696 2 2 5 1 2562 6452 6453
6697 2 2 5 1 4066 4064 4692
6698 2 2 5 1 1463 1464 1465
6699 2 2 5 1 4735 6881 6882
6700 2 2 5 1 2943 6284 6547
6701 2 2 5 1 4185 4184 6768
6702 2 2 5 1 1152 1101 1153
6703 2 2 5 1 1851 1850 1985
6704 2 2 5 1 5442 5443 5444
6705 2 2 5 1 1754 1993 4166
6706 2 2 5 1 1470 6025 6541
6707 2 2 5 1 6902 2964 7149
6708 2 2 5 1 4259 6705 6706
6709 2 2 5 1 1100 1058 1101
6710 2 2 5 1 3904 3903 3948
6711 2 2 5 1 1126 1125 6723
6712 2 2 5 1 472 365 6579
6713 2 2 5 1 3680 4883 4884
6714 2 2 5 1 2555 160 6331
6715 2 2 5 1 157 784 6336
6716 2 2 5 1 155 2554 6333
6717 2 2 5 1 159 2555 6335
6718 2 2 5 1 1986 1985 2178
6719 2 2 5 1 706 720 6341
6720 2 2 5 1 1883 1126 2010
6721 2 2 5 1 6518 476 6697
6722 2 2 5 1 6431 490 6432
6723 2 2 5 1 2286 2287 2509
6724 2 2 5 1 1276 6606 6607
6725 2 2 5 1 875 833 6927
6726 2 2 5 1 3668 3667 4023
6727 2 2 5 1 1024 1025 1026
6728 2 2 5 1 1423 1422 6537
6729 2 2 5 1 1454 1354 1713
6730 2 2 5 1 1057 1034 1058
6731 2 2 5 1 4263 3172 6559
6732 2 2 5 1 6490 6488 6491
6733 2 2 5 1 3698 3697 4092
6734 2 2 5 1 2198 2418 2927
6735 2 2 5 1 1500 1252 6147
6736 2 2 5 1 6376 4088 6377
6737 2 2 5 1 1594 1492 1680
6738 2 2 5 1 6465 6463 6494
6739 2 2 5 1 1026 1027 1035
6740 2 2 5 1 2921 3771 6653
6741 2 2 5 1 1035 1036 1055
6742 2 2 5 1 1055 1056 1069
6743 2 2 5 1 1995 1994 1996
6744 2 2 5 1 2836 3049 6422
6745 2 2 5 1 6585 6584 6586
6746 2 2 5 1 1808 1955 6420
6747 2 2 5 1 4157 1023 6309
6748 2 2 5 1 3310 3308 7250
6749 2 2 5 1 3638 2178 3667
6750 2 2 5 1 2281 2073 2282
6751 2 2 5 1 1452 1450 6616
6752 2 2 5 1 2435 2282 2436
6753 2 2 5 1 1788 1787 1878
6754 2 2 5 1 6448 2177 6674
6755 2 2 5 1 2011 2010 2012
6756 2 2 5 1 3800 2730 6526
6757 2 2 5 1 1602 1600 1865
6758 2 2 5 1 1616 1614 1930
6759 2 2 5 1 3044 3111 3484
6760 2 2 5 1 1624 1622 1928
6761 2 2 5 1 1681 1452 6616
6762 2 2 5 1 742 741 743
6763 2 2 5 1 1985 1850 2234
6764 2 2 5 1 1628 1626 2528
6765 2 2 5 1 1620 1618 2527
6766 2 2 5 1 1610 1608 1929
6767 2 2 5 1 2439 2436 2824
6768 2 2 5 1 2015 2014 2016
6769 2 2 5 1 1879 1878 2073
6770 2 2 5 1 2013 2012 2014
6771 2 2 5 1 3735 2511 3736
6772 2 2 5 1 1606 1604 2526
6773 2 2 5 1 2679 2678 6656
6774 2 2 5 1 2796 2795 3067
6775 2 2 5 1 3357 3349 4071
6776 2 2 5 1 2017 2016 2018
6777 2 2 5 1 3347 3345 6375
6778 2 2 5 1 4087 4112 5579
6779 2 2 5 1 1069 1070 1103
6780 2 2 5 1 3365 3361 4061
6781 2 2 5 1 3345 3336 4088
6782 2 2 5 1 4258 6252 6253
6783 2 2 5 1 4463 1974 6757
6784 2 2 5 1 2045 2043 6275
6785 2 2 5 1 1937 6267 6268
6786 2 2 5 1 2019 2018 2020
6787 2 2 5 1 2021 2020 2022
6788 2 2 5 1 3049 3178 3179
6789 2 2 5 1 2023 2022 2024
6790 2 2 5 1 3332 3324 4091
6791 2 2 5 1 4715 4713 4716
6792 2 2 5 1 2713 2714 2835
6793 2 2 5 1 3748 3747 3903
6794 2 2 5 1 1125 1127 1128
6795 2 2 5 1 3255 2955 3256
6796 2 2 5 1 3515 2921 6653
6797 2 2 5 1 1634 1632 1937
6798 2 2 5 1 1142 1176 1177
6799 2 2 5 1 4131 4130 4378
6800 2 2 5 1 479 6410 6411
6801 2 2 5 1 4822 4823 5053
6802 2 2 5 1 3484 3689 3974
6803 2 2 5 1 3320 3317 4099
6804 2 2 5 1 2263 2264 2713
6805 2 2 5 1 1744 1745 1746
6806 2 2 5 1 3705 3704 3774
6807 2 2 5 1 4456 4455 4646
6808 2 2 5 1 3974 4070 4820
6809 2 2 5 1 6283 2546 6614
6810 2 2 5 1 2954 4167 4168
6811 2 2 5 1 6215 6216 6217
6812 2 2 5 1 1976 1977 2263
6813 2 2 5 1 4376 4375 4730
6814 2 2 5 1 991 978 993
6815 2 2 5 1 2570 2568 2582
6816 2 2 5 1 1608 1606 6270
6817 2 2 5 1 3208 3207 4286
6818 2 2 5 1 760 761 6795
6819 2 2 5 1 3313 3310 4119
6820 2 2 5 1 4820 4821 4822
6821 2 2 5 1 408 6404 6801
6822 2 2 5 1 2286 1861 2287
6823 2 2 5 1 2815 2620 6588
6824 2 2 5 1 3306 3101 4279
6825 2 2 5 1 2580 2578 2583
6826 2 2 5 1 3068 3067 3639
6827 2 2 5 1 860 858 6910
6828 2 2 5 1 2587 2588 2712
6829 2 2 5 1 1201 1153 1202
6830 2 2 5 1 2025 2024 2026
6831 2 2 5 1 1002 993 1013
6832 2 2 5 1 4193 4192 4900
6833 2 2 5 1 6280 2035 6281
6834 2 2 5 1 1031 1013 1034
6835 2 2 5 1 2586 6584 6585
6836 2 2 5 1 3373 3371 4400
6837 2 2 5 1 4170 4171 5666
6838 2 2 5 1 4168 4169 4170
6839 2 2 5 1 2060 2351 2536
6840 2 2 5 1 2712 4063 4064
6841 2 2 5 1 2870 2871 3492
6842 2 2 5 1 6190 6191 6192
6843 2 2 5 1 1626 1624 6256
6844 2 2 5 1 2341 2741 6612
6845 2 2 5 1 889 888 7484
6846 2 2 5 1 1799 2060 6450
6847 2 2 5 1 3349 3347 6378
6848 2 2 5 1 1862 1863 1976
6849 2 2 5 1 4374 4375 4376
6850 2 2 5 1 2285 1323 6293
6851 2 2 5 1 4034 5386 6551
6852 2 2 5 1 6275 2043 6277
6853 2 2 5 1 3549 3989 4611
6854 2 2 5 1 1089 1120 1121
6855 2 2 5 1 3775 3774 4136
6856 2 2 5 1 984 3267 3588
6857 2 2 5 1 939 1088 1089
6858 2 2 5 1 1201 1304 7054
6859 2 2 5 1 2275 2266 2412
6860 2 2 5 1 4189 1824 6780
6861 2 2 5 1 2100 2053 2266
6862 2 2 5 1 4026 4519 5251
6863 2 2 5 1 4115 4624 4703
6864 2 2 5 1 6521 6518 6697
6865 2 2 5 1 1128 1129 1130
6866 2 2 5 1 4160 4337 6564
6867 2 2 5 1 926 1799 6451
6868 2 2 5 1 1821 1822 1862
6869 2 2 5 1 4066 4692 4693
6870 2 2 5 1 1999 1997 2000
6871 2 2 5 1 3733 4115 4695
6872 2 2 5 1 4701 6428 6429
6873 2 2 5 1 1130 1188 1189
6874 2 2 5 1 1644 1642 1766
6875 2 2 5 1 1892 3446 6364
6876 2 2 5 1 3378 3376 4405
6877 2 2 5 1 3751 4127 4704
6878 2 2 5 1 1600 1598 6196
6879 2 2 5 1 6832 4277 7006
6880 2 2 5 1 6015 4161 6678
6881 2 2 5 1 3528 294 6357
6882 2 2 5 1 856 857 4732
6883 2 2 5 1 898 938 939
6884 2 2 5 1 3384 3385 3809
6885 2 2 5 1 6516 476 6517
6886 2 2 5 1 2049 2048 2053
6887 2 2 5 1 2956 6147 6148
6888 2 2 5 1 4200 4791 4793
6889 2 2 5 1 1304 1202 1305
6890 2 2 5 1 3376 3373 6298
6891 2 2 5 1 2989 2988 2990
6892 2 2 5 1 6282 2031 6283
6893 2 2 5 1 1492 1460 6370
6894 2 2 5 1 850 851 852
6895 2 2 5 1 2732 3800 6709
6896 2 2 5 1 1240 4260 7201
6897 2 2 5 1 1638 1636 2532
6898 2 2 5 1 4514 4513 5332
6899 2 2 5 1 3367 3365 6396
6900 2 2 5 1 3101 2326 6367
6901 2 2 5 1 862 863 864
6902 2 2 5 1 6956 4768 7118
6903 2 2 5 1 4326 6656 6658
6904 2 2 5 1 1106 1155 2486
6905 2 2 5 1 6411 6410 6412
6906 2 2 5 1 4717 5797 5798
6907 2 2 5 1 4543 5119 7282
6908 2 2 5 1 6294 6170 7207
6909 2 2 5 1 4489 4488 4926
6910 2 2 5 1 297 298 2558
6911 2 2 5 1 635 637 6116
6912 2 2 5 1 720 769 979
6913 2 2 5 1 2570 2582 2587
6914 2 2 5 1 5124 3945 6940
6915 2 2 5 1 6416 6617 6619
6916 2 2 5 1 3465 3464 6039
6917 2 2 5 1 4966 4698 5911
6918 2 2 5 1 6342 6341 7026
6919 2 2 5 1 2485 3244 3733
6920 2 2 5 1 4647 5269 5877
6921 2 2 5 1 3268 3269 3270
6922 2 2 5 1 2046 2045 2048
6923 2 2 5 1 3270 3610 4819
6924 2 2 5 1 1157 1108 2487
6925 2 2 5 1 4093 4092 5477
6926 2 2 5 1 4156 2541 4426
6927 2 2 5 1 2485 3140 3244
6928 2 2 5 1 6517 6518 6519
6929 2 2 5 1 1679 2822 6240
6930 2 2 5 1 1454 1713 2192
6931 2 2 5 1 2341 2343 2741
6932 2 2 5 1 2044 2043 2045
6933 2 2 5 1 3204 3012 3205
6934 2 2 5 1 869 872 6536
6935 2 2 5 1 2002 2000 2003
6936 2 2 5 1 4302 4394 4803
6937 2 2 5 1 477 6592 6593
6938 2 2 5 1 3759 3672 4455
6939 2 2 5 1 1921 1823 6674
6940 2 2 5 1 1016 1017 1018
6941 2 2 5 1 1361 1362 1420
6942 2 2 5 1 2580 2583 3265
6943 2 2 5 1 4374 4338 4375
6944 2 2 5 1 1799 6450 6451
6945 2 2 5 1 4177 5833 6368
6946 2 2 5 1 1505 1504 1506
6947 2 2 5 1 2647 2645 6688
6948 2 2 5 1 5878 5880 5882
6949 2 2 5 1 2586 1135 6584
6950 2 2 5 1 2916 2412 3096
6951 2 2 5 1 1797 2147 2485
6952 2 2 5 1 749 747 750
6953 2 2 5 1 4723 4763 5868
6954 2 2 5 1 6413 6412 6418
6955 2 2 5 1 5298 3853 6249
6956 2 2 5 1 4383 4384 4723
6957 2 2 5 1 6433 6432 6434
6958 2 2 5 1 1594 1680 3268
6959 2 2 5 1 1745 1712 6292
6960 2 2 5 1 6584 1086 6587
6961 2 2 5 1 6217 6573 7268
6962 2 2 5 1 1400 1399 1401
6963 2 2 5 1 2499 2501 2502
6964 2 2 5 1 3140 3754 6538
6965 2 2 5 1 3759 4456 4731
6966 2 2 5 1 4723 4384 4763
6967 2 2 5 1 3743 3640 6560
6968 2 2 5 1 4139 3736 4300
6969 2 2 5 1 1489 4289 6407
6970 2 2 5 1 3081 2952 3082
6971 2 2 5 1 3851 3817 3852
6972 2 2 5 1 1312 1313 1361
6973 2 2 5 1 3456 3046 3676
6974 2 2 5 1 2521 2768 2774
6975 2 2 5 1 5723 5722 5875
6976 2 2 5 1 2822 2823 4353
6977 2 2 5 1 4084 4698 4964
6978 2 2 5 1 5153 4852 5154
6979 2 2 5 1 4120 7207 7255
6980 2 2 5 1 4294 4293 4295
6981 2 2 5 1 1104 1167 6194
6982 2 2 5 1 4383 4382 4384
6983 2 2 5 1 6151 6150 6789
6984 2 2 5 1 3510 2815 6588
6985 2 2 5 1 3610 3269 3632
6986 2 2 5 1 777 729 6652
6987 2 2 5 1 489 6456 6457
6988 2 2 5 1 4700 4086 4972
6989 2 2 5 1 2219 2220 3013
6990 2 2 5 1 3709 3136 6252
6991 2 2 5 1 4178 4177 6368
6992 2 2 5 1 6194 2522 6195
6993 2 2 5 1 4274 6506 6507
6994 2 2 5 1 1795 1588 1796
6995 2 2 5 1 2565 6436 6437
6996 2 2 5 1 299 300 6543
6997 2 2 5 1 4767 4222 4768
6998 2 2 5 1 4161 4159 6678
6999 2 2 5 1 1761 1837 3138
7000 2 2 5 1 5766 4403 5767
7001 2 2 5 1 2951 2828 2952
7002 2 2 5 1 1606 2526 6270
7003 2 2 5 1 787 810 2533
7004 2 2 5 1 4109 4710 6428
7005 2 2 5 1 1484 1486 3124
7006 2 2 5 1 161 162 512
7007 2 2 5 1 166 167 498
7008 2 2 5 1 159 160 2555
7009 2 2 5 1 157 158 784
7010 2 2 5 1 155 156 2554
7011 2 2 5 1 153 154 541
7012 2 2 5 1 311 312 540
7013 2 2 5 1 4381 4382 4383
7014 2 2 5 1 2628 2629 2918
7015 2 2 5 1 1262 1263 1312
7016 2 2 5 1 1624 1928 6256
7017 2 2 5 1 3189 4155 6352
7018 2 2 5 1 4337 4338 4374
7019 2 2 5 1 5580 5579 6532
7020 2 2 5 1 6490 6491 6492
7021 2 2 5 1 369 1272 6582
7022 2 2 5 1 2283 2539 2945
7023 2 2 5 1 3107 2679 6656
7024 2 2 5 1 853 856 6563
7025 2 2 5 1 2126 2125 2413
7026 2 2 5 1 4366 4363 4565
7027 2 2 5 1 4405 3376 6298
7028 2 2 5 1 3347 6375 6378
7029 2 2 5 1 6372 6371 6425
7030 2 2 5 1 1182 1183 1262
7031 2 2 5 1 3853 3852 3854
7032 2 2 5 1 6654 3771 6655
7033 2 2 5 1 450 449 6226
7034 2 2 5 1 865 868 6565
7035 2 2 5 1 4114 4109 4701
7036 2 2 5 1 1359 1252 1500
7037 2 2 5 1 3762 3811 4201
7038 2 2 5 1 1488 1551 1797
7039 2 2 5 1 2514 2513 3734
7040 2 2 5 1 3365 4061 6396
7041 2 2 5 1 171 172 479
7042 2 2 5 1 290 291 478
7043 2 2 5 1 1196 1154 5939
7044 2 2 5 1 2261 1938 2262
7045 2 2 5 1 2969 3383 4259
7046 2 2 5 1 4337 4161 4338
7047 2 2 5 1 1467 1468 1469
7048 2 2 5 1 6395 7328 7376
7049 2 2 5 1 3777 3276 4274
7050 2 2 5 1 3103 2888 3104
7051 2 2 5 1 2649 2651 6512
7052 2 2 5 1 3589 3267 4729
7053 2 2 5 1 3549 1713 3739
7054 2 2 5 1 3468 3681 3867
7055 2 2 5 1 2836 3048 3049
7056 2 2 5 1 684 687 1714
7057 2 2 5 1 1761 3138 7333
7058 2 2 5 1 295 296 499
7059 2 2 5 1 1865 1600 6196
7060 2 2 5 1 1888 1889 1890
7061 2 2 5 1 1482 1484 6502
7062 2 2 5 1 1680 1492 6370
7063 2 2 5 1 4160 4159 4161
7064 2 2 5 1 4034 4539 5386
7065 2 2 5 1 3947 3097 4148
7066 2 2 5 1 4756 2204 6755
7067 2 2 5 1 3774 3704 6327
7068 2 2 5 1 3989 3739 4134
7069 2 2 5 1 6456 6455 6461
7070 2 2 5 1 4027 4028 6701
7071 2 2 5 1 4160 4161 4337
7072 2 2 5 1 4381 4380 4382
7073 2 2 5 1 4709 4708 5722
7074 2 2 5 1 3378 4824 6572
7075 2 2 5 1 4733 6566 6567
7076 2 2 5 1 5531 5530 5595
7077 2 2 5 1 1021 1024 3254
7078 2 2 5 1 173 2556 6409
7079 2 2 5 1 5563 1382 8740
7080 2 2 5 1 3746 3744 3747
7081 2 2 5 1 4279 6367 6546
7082 2 2 5 1 5486 4665 5487
7083 2 2 5 1 4537 5384 7986
7084 2 2 5 1 1167 1168 1182
7085 2 2 5 1 5150 5212 6300
7086 2 2 5 1 1207 1211 1956
7087 2 2 5 1 2795 3044 6554
7088 2 2 5 1 2651 2981 6512
7089 2 2 5 1 2633 3128 6514
7090 2 2 5 1 2998 3214 3404
7091 2 2 5 1 4758 3521 4759
7092 2 2 5 1 1955 3759 6420
7093 2 2 5 1 2029 2027 2031
7094 2 2 5 1 1724 1821 6307
7095 2 2 5 1 4279 3101 6367
7096 2 2 5 1 6517 476 6518
7097 2 2 5 1 4434 4378 4825
7098 2 2 5 1 4453 4295 4454
7099 2 2 5 1 2565 220 6430
7100 2 2 5 1 6655 3771 6694
7101 2 2 5 1 3929 3611 5242
7102 2 2 5 1 2478 2479 2480
7103 2 2 5 1 2034 2032 2035
7104 2 2 5 1 4016 3444 4017
7105 2 2 5 1 4292 4291 4293
7106 2 2 5 1 4222 3510 6588
7107 2 2 5 1 3712 3711 3713
7108 2 2 5 1 3742 3640 3743
7109 2 2 5 1 3128 3781 4200
7110 2 2 5 1 2173 1102 6811
7111 2 2 5 1 4470 3079 7101
7112 2 2 5 1 6304 6305 6306
7113 2 2 5 1 823 837 844
7114 2 2 5 1 6607 6606 6608
7115 2 2 5 1 1501 1502 1503
7116 2 2 5 1 3680 4884 6704
7117 2 2 5 1 3186 3187 3889
7118 2 2 5 1 4064 4063 6511
7119 2 2 5 1 6506 3274 6508
7120 2 2 5 1 1135 1086 6584
7121 2 2 5 1 6548 2984 6550
7122 2 2 5 1 489 240 6455
7123 2 2 5 1 2258 2259 2782
7124 2 2 5 1 739 741 742
7125 2 2 5 1 6519 6518 6520
7126 2 2 5 1 3495 3494 7218
7127 2 2 5 1 2588 4142 6373
7128 2 2 5 1 4024 4875 5111
7129 2 2 5 1 6411 6412 6413
7130 2 2 5 1 3757 4159 4160
7131 2 2 5 1 2363 3089 6675
7132 2 2 5 1 2562 247 6452
7133 2 2 5 1 853 855 856
7134 2 2 5 1 3757 3756 4159
7135 2 2 5 1 3710 3709 3711
7136 2 2 5 1 2116 2003 2117
7137 2 2 5 1 4701 4109 6428
7138 2 2 5 1 1628 2528 6263
7139 2 2 5 1 306 307 546
7140 2 2 5 1 865 867 868
7141 2 2 5 1 4867 4868 8186
7142 2 2 5 1 2987 2986 2988
7143 2 2 5 1 3357 4071 6381
7144 2 2 5 1 873 876 898
7145 2 2 5 1 869 871 872
7146 2 2 5 1 205 2563 6683
7147 2 2 5 1 3714 3713 3715
7148 2 2 5 1 3754 4950 4951
7149 2 2 5 1 1610 1929 6274
7150 2 2 5 1 300 301 658
7151 2 2 5 1 1276 211 6606
7152 2 2 5 1 5150 5162 5163
7153 2 2 5 1 1110 1068 3125
7154 2 2 5 1 2177 1921 6674
7155 2 2 5 1 847 849 850
7156 2 2 5 1 1537 1299 6571
7157 2 2 5 1 2472 2475 7090
7158 2 2 5 1 3378 4405 4824
7159 2 2 5 1 3022 3762 6346
7160 2 2 5 1 2283 2945 6786
7161 2 2 5 1 4717 4716 5796
7162 2 2 5 1 4443 3574 6771
7163 2 2 5 1 2835 2836 6422
7164 2 2 5 1 1118 1025 6710
7165 2 2 5 1 859 861 862
7166 2 2 5 1 372 470 6583
7167 2 2 5 1 4220 7000 7001
7168 2 2 5 1 3644 2885 6533
7169 2 2 5 1 2536 2351 2753
7170 2 2 5 1 2038 2036 2039
7171 2 2 5 1 477 6593 6594
7172 2 2 5 1 6596 6594 6597
7173 2 2 5 1 6280 6753 7241
7174 2 2 5 1 3777 4274 4304
7175 2 2 5 1 3912 4581 6943
7176 2 2 5 1 1480 1481 1861
7177 2 2 5 1 1936 1864 1938
7178 2 2 5 1 293 294 3528
7179 2 2 5 1 4332 3390 6498
7180 2 2 5 1 2753 6356 7131
7181 2 2 5 1 2286 6930 6945
7182 2 2 5 1 6079 6349 6945
7183 2 2 5 1 3382 3107 4326
7184 2 2 5 1 4214 4466 6424
7185 2 2 5 1 2653 2647 6688
7186 2 2 5 1 307 308 6120
7187 2 2 5 1 4173 4175 6114
7188 2 2 5 1 3574 2845 6771
7189 2 2 5 1 298 299 6542
7190 2 2 5 1 213 486 6609
7191 2 2 5 1 2986 2984 6548
7192 2 2 5 1 2755 3170 7003
7193 2 2 5 1 5111 5112 5113
7194 2 2 5 1 2975 2907 3756
7195 2 2 5 1 2967 2753 2968
7196 2 2 5 1 6653 3771 6654
7197 2 2 5 1 2042 2040 2043
7198 2 2 5 1 4330 4380 4381
7199 2 2 5 1 2385 2388 2452
7200 2 2 5 1 6295 4275 7119
7201 2 2 5 1 2507 2508 2761
7202 2 2 5 1 2975 3756 3757
7203 2 2 5 1 384 383 473
7204 2 2 5 1 381 380 1271
7205 2 2 5 1 378 377 471
7206 2 2 5 1 358 357 468
7207 2 2 5 1 369 368 1272
7208 2 2 5 1 392 391 469
7209 2 2 5 1 366 365 472
7210 2 2 5 1 372 371 470
7211 2 2 5 1 3775 4136 6751
7212 2 2 5 1 2411 2408 2458
7213 2 2 5 1 3044 3484 6555
7214 2 2 5 1 2262 2932 6118
7215 2 2 5 1 5141 5142 5144
7216 2 2 5 1 3276 3274 6506
7217 2 2 5 1 3717 3715 3718
7218 2 2 5 1 4326 3107 6656
7219 2 2 5 1 3887 3510 4222
7220 2 2 5 1 3776 2968 3963
7221 2 2 5 1 2024 2022 6558
7222 2 2 5 1 3770 3293 4748
7223 2 2 5 1 2476 2474 7127
7224 2 2 5 1 2651 2816 2981
7225 2 2 5 1 1538 1654 1656
7226 2 2 5 1 3889 4578 4579
7227 2 2 5 1 4664 4287 4665
7228 2 2 5 1 7216 4279 7307
7229 2 2 5 1 4338 6015 6667
7230 2 2 5 1 756 743 813
7231 2 2 5 1 1644 1766 1767
7232 2 2 5 1 207 476 6516
7233 2 2 5 1 2000 1997 6794
7234 2 2 5 1 6601 3064 6602
7235 2 2 5 1 2356 2358 6666
7236 2 2 5 1 2502 2503 2504
7237 2 2 5 1 4139 4300 6720
7238 2 2 5 1 6253 7020 7036
7239 2 2 5 1 1679 1815 2822
7240 2 2 5 1 3022 3462 3762
7241 2 2 5 1 3198 3527 3952
7242 2 2 5 1 4154 4153 4901
7243 2 2 5 1 5797 5796 6050
7244 2 2 5 1 1594 3268 6760
7245 2 2 5 1 3683 3104 3684
7246 2 2 5 1 1767 1850 1851
7247 2 2 5 1 4692 4064 6511
7248 2 2 5 1 3739 1713 6765
7249 2 2 5 1 1299 1181 6571
7250 2 2 5 1 3725 4109 4114
7251 2 2 5 1 2519 2520 2521
7252 2 2 5 1 2052 2045 6275
7253 2 2 5 1 477 255 6592
7254 2 2 5 1 2108 3080 4216
7255 2 2 5 1 6620 6622 6623
7256 2 2 5 1 1426 1423 6537
7257 2 2 5 1 1478 1479 1480
7258 2 2 5 1 4566 4565 4993
7259 2 2 5 1 2827 2826 2828
7260 2 2 5 1 6296 4262 6297
7261 2 2 5 1 2995 2997 2998
7262 2 2 5 1 1024 1022 1025
7263 2 2 5 1 3466 3699 3700
7264 2 2 5 1 3565 3638 4445
7265 2 2 5 1 6726 6727 6728
7266 2 2 5 1 1273 6464 6466
7267 2 2 5 1 6451 6450 6574
7268 2 2 5 1 1696 1695 1809
7269 2 2 5 1 239 240 489
7270 2 2 5 1 251 252 1274
7271 2 2 5 1 248 249 485
7272 2 2 5 1 236 237 1273
7273 2 2 5 1 233 234 487
7274 2 2 5 1 254 255 477
7275 2 2 5 1 207 208 476
7276 2 2 5 1 210 211 1276
7277 2 2 5 1 224 225 1275
7278 2 2 5 1 213 214 486
7279 2 2 5 1 221 222 490
7280 2 2 5 1 227 228 488
7281 2 2 5 1 230 231 1277
7282 2 2 5 1 2964 6505 7149
7283 2 2 5 1 1486 1488 6676
7284 2 2 5 1 2186 2117 2187
7285 2 2 5 1 3874 4449 5760
7286 2 2 5 1 1810 1809 6159
7287 2 2 5 1 1490 1401 1695
7288 2 2 5 1 2588 2582 4142
7289 2 2 5 1 4060 3684 4310
7290 2 2 5 1 5603 4163 6670
7291 2 2 5 1 2559 385 6576
7292 2 2 5 1 4557 4644 8090
7293 2 2 5 1 1986 2178 3565
7294 2 2 5 1 6752 4136 6985
7295 2 2 5 1 560 558 4199
7296 2 2 5 1 3341 3343 3529
7297 2 2 5 1 3861 2980 4419
7298 2 2 5 1 4332 6498 6499
7299 2 2 5 1 444 443 3072
7300 2 2 5 1 4241 5532 5533
7301 2 2 5 1 2541 2542 6589
7302 2 2 5 1 2613 359 6578
7303 2 2 5 1 1117 1482 6695
7304 2 2 5 1 2171 2193 2194
7305 2 2 5 1 8294 5077 8720
7306 2 2 5 1 3521 2744 6448
7307 2 2 5 1 1851 1985 1986
7308 2 2 5 1 382 381 6581
7309 2 2 5 1 1081 4718 6861
7310 2 2 5 1 1022 1020 4120
7311 2 2 5 1 223 224 6611
7312 2 2 5 1 4149 4148 4679
7313 2 2 5 1 745 727 746
7314 2 2 5 1 215 216 2564
7315 2 2 5 1 219 220 2565
7316 2 2 5 1 4027 3670 4028
7317 2 2 5 1 2428 2506 2507
7318 2 2 5 1 3708 3136 3709
7319 2 2 5 1 3268 4727 6760
7320 2 2 5 1 4109 3724 4710
7321 2 2 5 1 748 5417 5993
7322 2 2 5 1 2640 2922 4224
7323 2 2 5 1 4115 3244 4624
7324 2 2 5 1 4980 4679 5786
7325 2 2 5 1 4307 3693 4308
7326 2 2 5 1 1381 1380 6892
7327 2 2 5 1 2985 2984 2986
7328 2 2 5 1 168 169 2553
7329 2 2 5 1 3641 4837 4838
7330 2 2 5 1 2777 2512 4145
7331 2 2 5 1 4063 2588 6373
7332 2 2 5 1 5122 3945 5124
7333 2 2 5 1 1359 1500 1501
7334 2 2 5 1 6512 2981 7128
7335 2 2 5 1 217 218 917
7336 2 2 5 1 6624 6626 6627
7337 2 2 5 1 246 247 2562
7338 2 2 5 1 6409 2556 6617
7339 2 2 5 1 6685 4724 6686
7340 2 2 5 1 6657 2678 6708
7341 2 2 5 1 4274 3276 6506
7342 2 2 5 1 4746 1036 6756
7343 2 2 5 1 3300 3298 4752
7344 2 2 5 1 4720 6765 6912
7345 2 2 5 1 3694 4307 6716
7346 2 2 5 1 4856 4047 5278
7347 2 2 5 1 4258 3709 6252
7348 2 2 5 1 6592 256 6600
7349 2 2 5 1 3852 3817 6782
7350 2 2 5 1 961 1015 1016
7351 2 2 5 1 1037 1039 4095
7352 2 2 5 1 296 297 6328
7353 2 2 5 1 2822 4354 6240
7354 2 2 5 1 241 242 2722
7355 2 2 5 1 4205 6783 6809
7356 2 2 5 1 4040 3823 4535
7357 2 2 5 1 1754 4166 6369
7358 2 2 5 1 1322 1246 1323
7359 2 2 5 1 2509 2511 3735
7360 2 2 5 1 1987 1323 2074
7361 2 2 5 1 3028 3027 3041
7362 2 2 5 1 243 244 785
7363 2 2 5 1 2178 1985 6732
7364 2 2 5 1 3589 4729 6782
7365 2 2 5 1 4720 3739 6765
7366 2 2 5 1 6139 3253 6140
7367 2 2 5 1 4726 4114 6556
7368 2 2 5 1 857 859 6530
7369 2 2 5 1 2425 2187 2426
7370 2 2 5 1 1269 1351 3283
7371 2 2 5 1 2179 2700 2958
7372 2 2 5 1 6268 6267 6269
7373 2 2 5 1 3177 3176 3685
7374 2 2 5 1 1525 1724 1725
7375 2 2 5 1 904 824 1102
7376 2 2 5 1 1821 6304 6307
7377 2 2 5 1 4307 4308 4774
7378 2 2 5 1 2270 2074 3176
7379 2 2 5 1 2940 3339 3340
7380 2 2 5 1 751 752 753
7381 2 2 5 1 1970 1874 1971
7382 2 2 5 1 1797 1551 2147
7383 2 2 5 1 384 473 6576
7384 2 2 5 1 1124 1126 1883
7385 2 2 5 1 288 289 2557
7386 2 2 5 1 358 468 6578
7387 2 2 5 1 160 161 6331
7388 2 2 5 1 154 155 6333
7389 2 2 5 1 156 157 6336
7390 2 2 5 1 158 159 6335
7391 2 2 5 1 1750 1754 6369
7392 2 2 5 1 4838 4902 4903
7393 2 2 5 1 5145 5149 5150
7394 2 2 5 1 1043 1041 4096
7395 2 2 5 1 4065 4064 4066
7396 2 2 5 1 4330 4331 4380
7397 2 2 5 1 3693 3515 6653
7398 2 2 5 1 3149 3148 3150
7399 2 2 5 1 868 869 6536
7400 2 2 5 1 2172 1102 2173
7401 2 2 5 1 4696 4695 5985
7402 2 2 5 1 2907 2277 6566
7403 2 2 5 1 2485 2147 3140
7404 2 2 5 1 2946 1979 6041
7405 2 2 5 1 4334 4160 6564
7406 2 2 5 1 6466 6464 6467
7407 2 2 5 1 5138 5140 5141
7408 2 2 5 1 3144 3143 7291
7409 2 2 5 1 4753 3898 4754
7410 2 2 5 1 5262 4518 6762
7411 2 2 5 1 2567 2566 2568
7412 2 2 5 1 2244 2940 7074
7413 2 2 5 1 6253 6252 6254
7414 2 2 5 1 1890 1934 1935
7415 2 2 5 1 2542 2540 4172
7416 2 2 5 1 173 174 2556
7417 2 2 5 1 2547 2525 4187
7418 2 2 5 1 756 814 3779
7419 2 2 5 1 3044 2549 3111
7420 2 2 5 1 2569 2568 2570
7421 2 2 5 1 2776 3468 6981
7422 2 2 5 1 4759 3521 6448
7423 2 2 5 1 2538 2955 3255
7424 2 2 5 1 3284 2612 3285
7425 2 2 5 1 6412 6410 6416
7426 2 2 5 1 3686 3685 4392
7427 2 2 5 1 4087 3703 4112
7428 2 2 5 1 256 257 6600
7429 2 2 5 1 725 737 738
7430 2 2 5 1 4090 6243 6244
7431 2 2 5 1 2623 2625 2926
7432 2 2 5 1 294 295 6357
7433 2 2 5 1 2135 2248 2943
7434 2 2 5 1 4336 3444 6591
7435 2 2 5 1 6374 4142 7171
7436 2 2 5 1 4518 4517 6762
7437 2 2 5 1 4393 4392 4517
7438 2 2 5 1 3571 3939 6969
7439 2 2 5 1 1870 1810 6159
7440 2 2 5 1 4028 3670 6689
7441 2 2 5 1 1026 1025 1027
7442 2 2 5 1 4598 5327 5328
7443 2 2 5 1 1868 1810 1870
7444 2 2 5 1 4150 4066 6528
7445 2 2 5 1 2548 2795 2796
7446 2 2 5 1 1354 1186 6765
7447 2 2 5 1 3256 3704 3705
7448 2 2 5 1 6110 4732 6225
7449 2 2 5 1 4691 3774 6327
7450 2 2 5 1 655 700 2683
7451 2 2 5 1 2918 2919 3466
7452 2 2 5 1 2358 2361 6666
7453 2 2 5 1 2600 2000 6794
7454 2 2 5 1 5536 4673 6531
7455 2 2 5 1 1035 1027 1036
7456 2 2 5 1 1055 1036 1056
7457 2 2 5 1 3189 3951 4155
7458 2 2 5 1 6712 6711 6714
7459 2 2 5 1 1069 1056 1070
7460 2 2 5 1 2954 2537 4167
7461 2 2 5 1 172 173 6409
7462 2 2 5 1 1181 1135 2586
7463 2 2 5 1 4091 3324 6389
7464 2 2 5 1 4099 3317 6393
7465 2 2 5 1 2337 2339 3162
7466 2 2 5 1 2627 2888 3103
7467 2 2 5 1 4951 4950 4957
7468 2 2 5 1 2993 2994 2995
7469 2 2 5 1 4165 4689 5606
7470 2 2 5 1 6072 4726 6556
7471 2 2 5 1 4184 4229 6768
7472 2 2 5 1 6215 4141 6216
7473 2 2 5 1 1125 1123 1127
7474 2 2 5 1 4088 3336 6385
7475 2 2 5 1 4353 4444 6330
7476 2 2 5 1 1229 4273 7223
7477 2 2 5 1 5342 5341 5478
7478 2 2 5 1 2782 2783 3474
7479 2 2 5 1 2983 2103 2984
7480 2 2 5 1 169 170 6761
7481 2 2 5 1 5396 4634 5398
7482 2 2 5 1 4265 1403 7316
7483 2 2 5 1 2529 2541 4156
7484 2 2 5 1 3179 4034 6551
7485 2 2 5 1 1103 1070 1104
7486 2 2 5 1 6526 3265 6527
7487 2 2 5 1 3238 3751 6515
7488 2 2 5 1 3766 4422 6561
7489 2 2 5 1 1883 2010 2011
7490 2 2 5 1 6443 6441 6444
7491 2 2 5 1 2908 2907 2975
7492 2 2 5 1 6071 4726 6072
7493 2 2 5 1 2322 3398 6699
7494 2 2 5 1 3640 3639 6560
7495 2 2 5 1 5479 4460 5480
7496 2 2 5 1 752 2516 2517
7497 2 2 5 1 6190 3319 6191
7498 2 2 5 1 1167 2522 6194
7499 2 2 5 1 1725 1787 1788
7500 2 2 5 1 832 4152 6927
7501 2 2 5 1 1357 1299 1537
7502 2 2 5 1 2281 2282 2435
7503 2 2 5 1 2011 2012 2013
7504 2 2 5 1 4216 4217 4218
7505 2 2 5 1 2435 2436 2439
7506 2 2 5 1 3735 3736 4139
7507 2 2 5 1 2013 2014 2015
7508 2 2 5 1 2579 2578 2580
7509 2 2 5 1 2015 2016 2017
7510 2 2 5 1 1367 1295 4190
7511 2 2 5 1 947 946 984
7512 2 2 5 1 1879 2073 2281
7513 2 2 5 1 1821 1662 1822
7514 2 2 5 1 731 733 3282
7515 2 2 5 1 1856 1816 6708
7516 2 2 5 1 4165 5606 6670
7517 2 2 5 1 2413 3564 4191
7518 2 2 5 1 2017 2018 2019
7519 2 2 5 1 2019 2020 2021
7520 2 2 5 1 2021 2022 2023
7521 2 2 5 1 852 853 6563
7522 2 2 5 1 4051 3285 4082
7523 2 2 5 1 2439 2824 4673
7524 2 2 5 1 1788 1878 1879
7525 2 2 5 1 564 562 1246
7526 2 2 5 1 5427 4662 6009
7527 2 2 5 1 1840 1721 6703
7528 2 2 5 1 5053 4823 5131
7529 2 2 5 1 1992 6212 7007
7530 2 2 5 1 6281 6282 6753
7531 2 2 5 1 2972 4329 4330
7532 2 2 5 1 3762 4735 6346
7533 2 2 5 1 3484 3111 3689
7534 2 2 5 1 3867 4587 5080
7535 2 2 5 1 3530 3150 3625
7536 2 2 5 1 1140 1141 1142
7537 2 2 5 1 782 817 1377
7538 2 2 5 1 205 206 2563
7539 2 2 5 1 5579 4112 6084
7540 2 2 5 1 4820 4070 4821
7541 2 2 5 1 864 865 6565
7542 2 2 5 1 6586 6584 6587
7543 2 2 5 1 4822 4821 4823
7544 2 2 5 1 3974 3689 4070
7545 2 2 5 1 4308 3693 6653
7546 2 2 5 1 2981 2816 6562
7547 2 2 5 1 1143 1095 1144
7548 2 2 5 1 2847 2671 3375
7549 2 2 5 1 806 777 1798
7550 2 2 5 1 2642 1526 6854
7551 2 2 5 1 220 221 6430
7552 2 2 5 1 6565 868 7016
7553 2 2 5 1 1342 1305 1343
7554 2 2 5 1 257 258 3064
7555 2 2 5 1 6623 6622 6624
7556 2 2 5 1 247 248 6452
7557 2 2 5 1 2006 2005 2007
7558 2 2 5 1 209 210 6772
7559 2 2 5 1 4163 4165 6670
7560 2 2 5 1 2945 2539 3238
7561 2 2 5 1 4707 3852 6782
7562 2 2 5 1 3904 3948 3949
7563 2 2 5 1 1955 2268 3672
7564 2 2 5 1 2023 2024 2025
7565 2 2 5 1 1187 1186 1354
7566 2 2 5 1 1243 1248 7051
7567 2 2 5 1 4949 4353 6330
7568 2 2 5 1 1022 4120 6710
7569 2 2 5 1 1355 1354 1454
7570 2 2 5 1 2972 4330 6353
7571 2 2 5 1 6482 6481 6483
7572 2 2 5 1 171 479 6673
7573 2 2 5 1 3705 3774 3775
7574 2 2 5 1 6489 6488 6490
7575 2 2 5 1 4168 4167 4169
7576 2 2 5 1 5188 5187 6014
7577 2 2 5 1 1121 1120 6748
7578 2 2 5 1 6730 6729 6731
7579 2 2 5 1 1104 1166 1167
7580 2 2 5 1 4170 4169 4171
7581 2 2 5 1 2760 4589 4952
7582 2 2 5 1 4200 3781 4791
7583 2 2 5 1 2796 3067 3068
7584 2 2 5 1 2058 6155 6156
7585 2 2 5 1 4315 4324 4797
7586 2 2 5 1 1065 2964 6902
7587 2 2 5 1 3962 4955 7226
7588 2 2 5 1 2590 6712 6713
7589 2 2 5 1 2025 2026 2027
7590 2 2 5 1 6771 2845 7012
7591 2 2 5 1 3068 3639 3640
7592 2 2 5 1 6711 503 6714
7593 2 2 5 1 3771 2787 6694
7594 2 2 5 1 2606 4339 6840
7595 2 2 5 1 2590 6711 6712
7596 2 2 5 1 1488 1797 6676
7597 2 2 5 1 240 241 6455
7598 2 2 5 1 6475 6474 6476
7599 2 2 5 1 6580 382 6581
7600 2 2 5 1 789 282 6715
7601 2 2 5 1 3993 4108 5151
7602 2 2 5 1 2004 1935 2005
7603 2 2 5 1 1456 1458 6788
7604 2 2 5 1 6783 2144 6809
7605 2 2 5 1 6506 6508 7098
7606 2 2 5 1 4174 2761 5474
7607 2 2 5 1 364 2561 6579
7608 2 2 5 1 2978 3405 4302
7609 2 2 5 1 3275 3274 3276
7610 2 2 5 1 365 364 6579
7611 2 2 5 1 6726 2593 6727
7612 2 2 5 1 917 6441 6443
7613 2 2 5 1 3522 3521 4758
7614 2 2 5 1 3446 6362 6364
7615 2 2 5 1 204 205 6683
7616 2 2 5 1 254 477 6595
7617 2 2 5 1 4618 506 6913
7618 2 2 5 1 6694 2660 6919
7619 2 2 5 1 6404 6400 6801
7620 2 2 5 1 211 212 6606
7621 2 2 5 1 239 489 6459
7622 2 2 5 1 1722 1872 6754
7623 2 2 5 1 1493 1492 1594
7624 2 2 5 1 6058 4559 6799
7625 2 2 5 1 3277 3276 3777
7626 2 2 5 1 3179 3178 4034
7627 2 2 5 1 6263 6258 6264
7628 2 2 5 1 3382 4326 4328
7629 2 2 5 1 3748 3903 3904
7630 2 2 5 1 4730 4375 5891
7631 2 2 5 1 1461 1460 1492
7632 2 2 5 1 1089 1088 1120
7633 2 2 5 1 219 2565 6439
7634 2 2 5 1 2592 6729 6730
7635 2 2 5 1 4156 4426 4427
7636 2 2 5 1 2481 2479 6984
7637 2 2 5 1 2835 2714 2836
7638 2 2 5 1 945 912 946
7639 2 2 5 1 939 938 1088
7640 2 2 5 1 1601 1600 1602
7641 2 2 5 1 2548 2796 6614
7642 2 2 5 1 1599 1598 1600
7643 2 2 5 1 1603 1602 1604
7644 2 2 5 1 852 851 853
7645 2 2 5 1 1605 1604 1606
7646 2 2 5 1 6468 6467 6469
7647 2 2 5 1 1377 817 1892
7648 2 2 5 1 2713 2264 2714
7649 2 2 5 1 4338 4161 6015
7650 2 2 5 1 212 213 6609
7651 2 2 5 1 1607 1606 1608
7652 2 2 5 1 1647 2850 3581
7653 2 2 5 1 2471 2469 2749
7654 2 2 5 1 864 863 865
7655 2 2 5 1 1719 1528 2566
7656 2 2 5 1 2517 2518 2519
7657 2 2 5 1 2573 2571 2574
7658 2 2 5 1 3887 4222 4767
7659 2 2 5 1 2577 2575 2578
7660 2 2 5 1 2029 2031 2032
7661 2 2 5 1 5261 4518 5262
7662 2 2 5 1 2263 1977 2264
7663 2 2 5 1 1128 1127 1129
7664 2 2 5 1 844 837 845
7665 2 2 5 1 3425 3005 3464
7666 2 2 5 1 1609 1608 1610
7667 2 2 5 1 850 849 851
7668 2 2 5 1 6056 4720 6912
7669 2 2 5 1 4260 4261 4262
7670 2 2 5 1 4201 3811 4335
7671 2 2 5 1 788 6726 6728
7672 2 2 5 1 1615 1614 1616
7673 2 2 5 1 1611 1610 1612
7674 2 2 5 1 1537 6374 7176
7675 2 2 5 1 1617 1616 1618
7676 2 2 5 1 2143 1840 6703
7677 2 2 5 1 1613 1612 1614
7678 2 2 5 1 1976 1863 1977
7679 2 2 5 1 6459 6457 6460
7680 2 2 5 1 2818 2779 3274
7681 2 2 5 1 856 855 857
7682 2 2 5 1 3309 3308 3310
7683 2 2 5 1 1197 1290 1348
7684 2 2 5 1 4159 3756 4733
7685 2 2 5 1 3311 3310 3313
7686 2 2 5 1 3307 3306 3308
7687 2 2 5 1 1619 1618 1620
7688 2 2 5 1 3316 3315 3317
7689 2 2 5 1 3318 3317 3320
7690 2 2 5 1 3314 3313 3315
7691 2 2 5 1 3063 2732 6709
7692 2 2 5 1 898 876 938
7693 2 2 5 1 6520 6521 6522
7694 2 2 5 1 1621 1620 1622
7695 2 2 5 1 6439 6437 6440
7696 2 2 5 1 3321 3320 3322
7697 2 2 5 1 2678 1856 6708
7698 2 2 5 1 862 861 863
7699 2 2 5 1 3323 3322 3324
7700 2 2 5 1 3102 3101 3306
7701 2 2 5 1 3325 3324 3332
7702 2 2 5 1 3335 3334 3336
7703 2 2 5 1 3333 3332 3334
7704 2 2 5 1 3337 3336 3345
7705 2 2 5 1 1623 1622 1624
7706 2 2 5 1 868 867 869
7707 2 2 5 1 3346 3345 3347
7708 2 2 5 1 872 871 873
7709 2 2 5 1 490 222 6677
7710 2 2 5 1 2536 2967 6696
7711 2 2 5 1 3348 3347 3349
7712 2 2 5 1 4476 4474 4855
7713 2 2 5 1 6285 3729 7331
7714 2 2 5 1 3350 3349 3357
7715 2 2 5 1 2816 3066 6562
7716 2 2 5 1 2376 2377 2378
7717 2 2 5 1 1625 1624 1626
7718 2 2 5 1 4796 956 5847
7719 2 2 5 1 3358 3357 3359
7720 2 2 5 1 6657 6708 7043
7721 2 2 5 1 2400 2399 2401
7722 2 2 5 1 3746 3747 3748
7723 2 2 5 1 3983 3236 4685
7724 2 2 5 1 1627 1626 1628
7725 2 2 5 1 2991 2992 2993
7726 2 2 5 1 6618 2556 6650
7727 2 2 5 1 3360 3359 3361
7728 2 2 5 1 2906 2277 2907
7729 2 2 5 1 3049 3048 3178
7730 2 2 5 1 1629 1628 1630
7731 2 2 5 1 1566 7408 7438
7732 2 2 5 1 3362 3361 3365
7733 2 2 5 1 873 898 6846
7734 2 2 5 1 6414 6413 6415
7735 2 2 5 1 1292 1199 1349
7736 2 2 5 1 1677 2633 6830
7737 2 2 5 1 3391 3390 4332
7738 2 2 5 1 2322 2143 3398
7739 2 2 5 1 847 850 6862
7740 2 2 5 1 6284 6071 6285
7741 2 2 5 1 206 207 6516
7742 2 2 5 1 1130 1129 1188
7743 2 2 5 1 1862 1822 1863
7744 2 2 5 1 3762 3462 3811
7745 2 2 5 1 1631 1630 1632
7746 2 2 5 1 1996 2942 4183
7747 2 2 5 1 2504 3007 3094
7748 2 2 5 1 4383 4723 4724
7749 2 2 5 1 3398 2143 6703
7750 2 2 5 1 4229 5768 5769
7751 2 2 5 1 4704 4127 6590
7752 2 2 5 1 3366 3365 3367
7753 2 2 5 1 1482 6502 6695
7754 2 2 5 1 1972 1870 1973
7755 2 2 5 1 1189 1188 1409
7756 2 2 5 1 1025 1022 6710
7757 2 2 5 1 2277 1982 6566
7758 2 2 5 1 6549 2642 7018
7759 2 2 5 1 1081 1093 4718
7760 2 2 5 1 1160 1288 1478
7761 2 2 5 1 3742 3743 3744
7762 2 2 5 1 3064 258 6603
7763 2 2 5 1 925 905 6836
7764 2 2 5 1 3100 4435 6958
7765 2 2 5 1 4353 2823 4444
7766 2 2 5 1 1030 983 2605
7767 2 2 5 1 4159 4733 6678
7768 2 2 5 1 3940 4263 4851
7769 2 2 5 1 1808 1954 1955
7770 2 2 5 1 4122 4312 5055
7771 2 2 5 1 2489 2491 2748
7772 2 2 5 1 1478 1480 6945
7773 2 2 5 1 1633 1632 1634
7774 2 2 5 1 2732 2730 3800
7775 2 2 5 1 2310 2309 2311
7776 2 2 5 1 1835 1796 1836
7777 2 2 5 1 3262 3261 3263
7778 2 2 5 1 255 256 6592
7779 2 2 5 1 3674 4513 4514
7780 2 2 5 1 2241 1973 2242
7781 2 2 5 1 2949 2001 2950
7782 2 2 5 1 2956 1500 6147
7783 2 2 5 1 3368 3367 3371
7784 2 2 5 1 666 664 1564
7785 2 2 5 1 752 750 2516
7786 2 2 5 1 4725 4114 4726
7787 2 2 5 1 760 755 761
7788 2 2 5 1 1941 1940 2054
7789 2 2 5 1 1635 1634 1636
7790 2 2 5 1 6684 4724 6685
7791 2 2 5 1 2989 2990 2991
7792 2 2 5 1 3372 3371 3373
7793 2 2 5 1 4330 4381 6353
7794 2 2 5 1 3694 3693 4307
7795 2 2 5 1 3374 3373 3376
7796 2 2 5 1 2510 2287 2948
7797 2 2 5 1 6070 4726 6071
7798 2 2 5 1 3520 2744 3521
7799 2 2 5 1 3839 3694 6716
7800 2 2 5 1 5482 3199 7737
7801 2 2 5 1 2115 2125 2126
7802 2 2 5 1 6320 6216 6723
7803 2 2 5 1 6737 6736 6739
7804 2 2 5 1 535 450 6226
7805 2 2 5 1 3109 2844 3110
7806 2 2 5 1 2628 2626 2629
7807 2 2 5 1 2204 2206 6755
7808 2 2 5 1 6148 6147 6149
7809 2 2 5 1 1637 1636 1638
7810 2 2 5 1 3377 3376 3378
7811 2 2 5 1 3757 4160 4334
7812 2 2 5 1 1172 1113 1186
7813 2 2 5 1 3657 3063 3791
7814 2 2 5 1 2034 2035 2036
7815 2 2 5 1 3734 4117 4177
7816 2 2 5 1 1922 2179 6780
7817 2 2 5 1 4330 4329 4331
7818 2 2 5 1 3991 3839 4267
7819 2 2 5 1 2523 1745 6292
7820 2 2 5 1 1361 1313 1362
7821 2 2 5 1 1471 1472 1473
7822 2 2 5 1 2477 2173 2478
7823 2 2 5 1 4516 3658 5064
7824 2 2 5 1 1988 2246 6953
7825 2 2 5 1 6353 4381 6684
7826 2 2 5 1 3779 814 6577
7827 2 2 5 1 2822 1815 2823
7828 2 2 5 1 2323 2311 2324
7829 2 2 5 1 476 208 6697
7830 2 2 5 1 2049 2053 2100
7831 2 2 5 1 2100 2266 2275
7832 2 2 5 1 4723 5868 6970
7833 2 2 5 1 4134 4720 5951
7834 2 2 5 1 3791 3063 6709
7835 2 2 5 1 3281 3279 3390
7836 2 2 5 1 2768 2879 6849
7837 2 2 5 1 1597 1595 1598
7838 2 2 5 1 1459 1457 1460
7839 2 2 5 1 6729 842 6731
7840 2 2 5 1 2038 2039 2040
7841 2 2 5 1 1503 1504 1505
7842 2 2 5 1 2546 2548 6614
7843 2 2 5 1 2288 2960 3127
7844 2 2 5 1 6536 872 7210
7845 2 2 5 1 282 283 6715
7846 2 2 5 1 473 383 6580
7847 2 2 5 1 3379 3378 6572
7848 2 2 5 1 2707 5827 7655
7849 2 2 5 1 5580 6532 7632
7850 2 2 5 1 2358 2360 2361
7851 2 2 5 1 1279 6742 6743
7852 2 2 5 1 2507 2506 2508
7853 2 2 5 1 4383 4724 6684
7854 2 2 5 1 2006 2007 2114
7855 2 2 5 1 2044 2045 2046
7856 2 2 5 1 2980 2317 7306
7857 2 2 5 1 2354 2356 2762
7858 2 2 5 1 6617 2556 6618
7859 2 2 5 1 3269 1680 6500
7860 2 2 5 1 6507 7145 7177
7861 2 2 5 1 1262 1183 1263
7862 2 2 5 1 3099 2326 3101
7863 2 2 5 1 1839 1836 1864
7864 2 2 5 1 2042 2043 2044
7865 2 2 5 1 2046 2048 2049
7866 2 2 5 1 1496 1417 1544
7867 2 2 5 1 6595 6594 6596
7868 2 2 5 1 4788 4267 4790
7869 2 2 5 1 4851 4852 5153
7870 2 2 5 1 4224 2922 6669
7871 2 2 5 1 2361 2362 2363
7872 2 2 5 1 3658 3379 6572
7873 2 2 5 1 4183 4184 4185
7874 2 2 5 1 1312 1263 1313
7875 2 2 5 1 3103 3104 3683
7876 2 2 5 1 1265 6737 6738
7877 2 2 5 1 1709 1023 1710
7878 2 2 5 1 6744 1932 6745
7879 2 2 5 1 4177 5831 5833
7880 2 2 5 1 2843 2324 2844
7881 2 2 5 1 4839 4176 5439
7882 2 2 5 1 7109 2859 7209
7883 2 2 5 1 2598 6740 6741
7884 2 2 5 1 2955 2954 6865
7885 2 2 5 1 3692 3515 3693
7886 2 2 5 1 3710 3711 3712
7887 2 2 5 1 4209 4212 6717
7888 2 2 5 1 1505 1506 1507
7889 2 2 5 1 6232 7025 7189
7890 2 2 5 1 5073 5552 5553
7891 2 2 5 1 1182 1168 1183
7892 2 2 5 1 2879 3196 5164
7893 2 2 5 1 4482 3489 7127
7894 2 2 5 1 7000 3287 7001
7895 2 2 5 1 3683 3684 4060
7896 2 2 5 1 5841 4139 6720
7897 2 2 5 1 2053 2048 7070
7898 2 2 5 1 2114 2007 2115
7899 2 2 5 1 1614 1612 7113
7900 2 2 5 1 5558 5069 5559
7901 2 2 5 1 6699 3398 7566
7902 2 2 5 1 3712 3713 3714
7903 2 2 5 1 2987 2988 2989
7904 2 2 5 1 2787 2660 6694
7905 2 2 5 1 6766 4548 6810
7906 2 2 5 1 4729 6495 6496
7907 2 2 5 1 3854 4707 4708
7908 2 2 5 1 4426 6589 6796
7909 2 2 5 1 1265 6736 6737
7910 2 2 5 1 5223 5222 5483
7911 2 2 5 1 544 527 6399
7912 2 2 5 1 4290 3648 4291
7913 2 2 5 1 2192 3549 6893
7914 2 2 5 1 6736 2597 6739
7915 2 2 5 1 1540 1452 1681
7916 2 2 5 1 2131 2133 3117
7917 2 2 5 1 4267 3839 6716
7918 2 2 5 1 4381 4383 6684
7919 2 2 5 1 370 369 6582
7920 2 2 5 1 2729 4437 4438
7921 2 2 5 1 3708 3709 3710
7922 2 2 5 1 3390 3279 6693
7923 2 2 5 1 2921 2787 3771
7924 2 2 5 1 222 223 6677
7925 2 2 5 1 1416 1415 1417
7926 2 2 5 1 2057 2058 7134
7927 2 2 5 1 3216 1871 7105
7928 2 2 5 1 841 2682 6858
7929 2 2 5 1 2624 2622 4220
7930 2 2 5 1 3127 3389 4315
7931 2 2 5 1 2598 276 6740
7932 2 2 5 1 2891 2322 6699
7933 2 2 5 1 2275 2412 2916
7934 2 2 5 1 1462 1463 7186
7935 2 2 5 1 1174 1164 1175
7936 2 2 5 1 1639 1638 1640
7937 2 2 5 1 5537 5536 6575
7938 2 2 5 1 4203 6152 6154
7939 2 2 5 1 6260 1928 6261
7940 2 2 5 1 1036 1027 6756
7941 2 2 5 1 2130 2128 2863
7942 2 2 5 1 6655 6694 6750
7943 2 2 5 1 285 503 6711
7944 2 2 5 1 1482 1483 1484
7945 2 2 5 1 3761 5956 7433
7946 2 2 5 1 1486 1487 1488
7947 2 2 5 1 4162 3728 4163
7948 2 2 5 1 4538 4023 6568
7949 2 2 5 1 6070 6071 6284
7950 2 2 5 1 2605 983 6672
7951 2 2 5 1 1167 1166 1168
7952 2 2 5 1 5272 4521 5273
7953 2 2 5 1 4162 4163 5603
7954 2 2 5 1 3026 3024 3027
7955 2 2 5 1 1484 1485 1486
7956 2 2 5 1 1488 1550 1551
7957 2 2 5 1 4514 5332 5529
7958 2 2 5 1 2712 4064 4065
7959 2 2 5 1 4023 3667 4179
7960 2 2 5 1 3100 3647 4435
7961 2 2 5 1 1799 2059 2060
7962 2 2 5 1 1027 1025 1118
7963 2 2 5 1 3987 3590 4636
7964 2 2 5 1 3634 3379 3658
7965 2 2 5 1 385 384 6576
7966 2 2 5 1 1641 1640 1642
7967 2 2 5 1 359 358 6578
7968 2 2 5 1 2004 2005 2006
7969 2 2 5 1 1065 1075 2964
7970 2 2 5 1 3267 946 6495
7971 2 2 5 1 3733 4695 4696
7972 2 2 5 1 3468 4706 6981
7973 2 2 5 1 202 502 6718
7974 2 2 5 1 3293 2551 6910
7975 2 2 5 1 3264 3263 3813
7976 2 2 5 1 3714 3715 3717
7977 2 2 5 1 3234 2260 6060
7978 2 2 5 1 1104 1070 1165
7979 2 2 5 1 1336 1259 6759
7980 2 2 5 1 1643 1642 1644
7981 2 2 5 1 1990 1845 7260
7982 2 2 5 1 4207 4209 6717
7983 2 2 5 1 1056 4746 6722
7984 2 2 5 1 3256 3705 6848
7985 2 2 5 1 2202 2204 4756
7986 2 2 5 1 6223 4258 7056
7987 2 2 5 1 3673 4232 4548
7988 2 2 5 1 170 171 6673
7989 2 2 5 1 2447 4563 7054
7990 2 2 5 1 404 403 6141
7991 2 2 5 1 513 521 1314
7992 2 2 5 1 2570 2587 6510
7993 2 2 5 1 1279 267 6742
7994 2 2 5 1 6663 2486 6664
7995 2 2 5 1 267 268 6742
7996 2 2 5 1 663 665 1789
7997 2 2 5 1 2206 2208 2729
7998 2 2 5 1 3259 3258 3261
7999 2 2 5 1 2916 3096 3670
8000 2 2 5 1 269 1932 6744
8001 2 2 5 1 276 277 6740
8002 2 2 5 1 702 657 2543
8003 2 2 5 1 2908 2975 2976
8004 2 2 5 1 2114 2115 6758
8005 2 2 5 1 6399 527 6801
8006 2 2 5 1 208 209 6697
8007 2 2 5 1 285 286 503
8008 2 2 5 1 176 177 532
8009 2 2 5 1 6742 268 6744
8010 2 2 5 1 1458 2202 6788
8011 2 2 5 1 2382 2383 2386
8012 2 2 5 1 926 928 1799
8013 2 2 5 1 2590 284 6711
8014 2 2 5 1 6640 6641 6642
8015 2 2 5 1 2406 2405 2409
8016 2 2 5 1 6740 6738 6741
8017 2 2 5 1 3977 5025 5026
8018 2 2 5 1 5399 5157 5400
8019 2 2 5 1 3717 3718 4634
8020 2 2 5 1 259 260 531
8021 2 2 5 1 444 3072 6763
8022 2 2 5 1 202 203 502
8023 2 2 5 1 1420 1421 6724
8024 2 2 5 1 2606 2608 4339
8025 2 2 5 1 2971 4817 6980
8026 2 2 5 1 4725 4726 6070
8027 2 2 5 1 1251 1358 6853
8028 2 2 5 1 200 2593 6726
8029 2 2 5 1 2593 201 6718
8030 2 2 5 1 1540 1681 6769
8031 2 2 5 1 6642 6643 6644
8032 2 2 5 1 2906 2907 2908
8033 2 2 5 1 6638 6639 6640
8034 2 2 5 1 284 285 6711
8035 2 2 5 1 283 284 2590
8036 2 2 5 1 178 179 2594
8037 2 2 5 1 373 372 6583
8038 2 2 5 1 4209 4211 4212
8039 2 2 5 1 1450 1381 6892
8040 2 2 5 1 263 842 6729
8041 2 2 5 1 2574 6510 7037
8042 2 2 5 1 4021 3558 4916
8043 2 2 5 1 201 202 6718
8044 2 2 5 1 261 262 2592
8045 2 2 5 1 200 201 2593
8046 2 2 5 1 6644 6645 6646
8047 2 2 5 1 2571 2570 6510
8048 2 2 5 1 6620 6621 6622
8049 2 2 5 1 2592 262 6729
8050 2 2 5 1 2985 2986 2987
8051 2 2 5 1 190 191 3997
8052 2 2 5 1 1056 1036 4746
8053 2 2 5 1 3391 4332 6773
8054 2 2 5 1 778 722 3291
8055 2 2 5 1 788 199 6726
8056 2 2 5 1 1117 1200 1482
8057 2 2 5 1 1931 187 6747
8058 2 2 5 1 187 188 6747
8059 2 2 5 1 6388 4091 6389
8060 2 2 5 1 2580 3265 6526
8061 2 2 5 1 5144 5142 5145
8062 2 2 5 1 199 200 6726
8063 2 2 5 1 1996 4183 6794
8064 2 2 5 1 268 269 6744
8065 2 2 5 1 2983 2984 2985
8066 2 2 5 1 4888 4887 4889
8067 2 2 5 1 198 788 6734
8068 2 2 5 1 984 3588 4195
8069 2 2 5 1 5159 5161 7695
8070 2 2 5 1 390 389 2560
8071 2 2 5 1 386 385 2559
8072 2 2 5 1 4759 6448 7045
8073 2 2 5 1 6392 4099 6393
8074 2 2 5 1 262 263 6729
8075 2 2 5 1 281 282 789
8076 2 2 5 1 180 181 843
8077 2 2 5 1 198 199 788
8078 2 2 5 1 279 2597 6736
8079 2 2 5 1 2595 197 6734
8080 2 2 5 1 263 264 842
8081 2 2 5 1 669 671 1067
8082 2 2 5 1 360 359 2613
8083 2 2 5 1 364 363 2561
8084 2 2 5 1 279 280 2597
8085 2 2 5 1 197 198 6734
8086 2 2 5 1 196 197 2595
8087 2 2 5 1 1265 278 6736
8088 2 2 5 1 183 184 1278
8089 2 2 5 1 278 279 6736
8090 2 2 5 1 266 267 1279
8091 2 2 5 1 2567 2568 2569
8092 2 2 5 1 194 195 1264
8093 2 2 5 1 277 278 1265
8094 2 2 5 1 3777 4304 4305
8095 2 2 5 1 192 193 2596
8096 2 2 5 1 275 276 2598
8097 2 2 5 1 3998 274 6746
8098 2 2 5 1 275 2598 6746
8099 2 2 5 1 186 187 1931
8100 2 2 5 1 269 270 1932
8101 2 2 5 1 274 275 6746
8102 2 2 5 1 273 274 3998
8103 2 2 5 1 2060 2137 2351
8104 2 2 5 1 1027 1118 6756
8105 2 2 5 1 3875 3874 5760
8106 2 2 5 1 6062 4683 7617
8107 2 2 5 1 6480 6481 6482
8108 2 2 5 1 3670 3096 6689
8109 2 2 5 1 3140 3753 3754
8110 2 2 5 1 447 446 7189
8111 2 2 5 1 1421 1423 1424
8112 2 2 5 1 2658 1336 6759
8113 2 2 5 1 5156 4443 5157
8114 2 2 5 1 1892 2601 2602
8115 2 2 5 1 6487 6488 6489
8116 2 2 5 1 3777 4305 6693
8117 2 2 5 1 1719 2566 2567
8118 2 2 5 1 1420 1362 1421
8119 2 2 5 1 5150 5149 5162
8120 2 2 5 1 6624 6625 6626
8121 2 2 5 1 3991 4267 4788
8122 2 2 5 1 3840 2727 3915
8123 2 2 5 1 6759 1259 6901
8124 2 2 5 1 2971 4816 4817
8125 2 2 5 1 3507 3386 3590
8126 2 2 5 1 1121 6748 6890
8127 2 2 5 1 6626 6628 6629
8128 2 2 5 1 816 798 6777
8129 2 2 5 1 2115 2127 6758
8130 2 2 5 1 1480 1479 1481
8131 2 2 5 1 2616 3061 4204
8132 2 2 5 1 1365 1364 1366
8133 2 2 5 1 1392 1366 1393
8134 2 2 5 1 682 683 684
8135 2 2 5 1 2978 4302 7144
8136 2 2 5 1 1929 6273 6274
8137 2 2 5 1 984 4195 6672
8138 2 2 5 1 5141 5140 5142
8139 2 2 5 1 3244 3140 6538
8140 2 2 5 1 1797 2485 6885
8141 2 2 5 1 6630 6637 6638
8142 2 2 5 1 3809 3810 4832
8143 2 2 5 1 1166 1165 1250
8144 2 2 5 1 1598 1595 6760
8145 2 2 5 1 6930 6079 6945
8146 2 2 5 1 5486 5487 5842
8147 2 2 5 1 965 929 4245
8148 2 2 5 1 2161 2292 2293
8149 2 2 5 1 4397 3775 6751
8150 2 2 5 1 2669 2831 2832
8151 2 2 5 1 6426 2192 6893
8152 2 2 5 1 1124 1883 6866
8153 2 2 5 1 3205 3207 3208
8154 2 2 5 1 5708 1672 7273
8155 2 2 5 1 3208 4286 4287
8156 2 2 5 1 1265 6738 6740
8157 2 2 5 1 702 2543 6833
8158 2 2 5 1 4071 6380 6381
8159 2 2 5 1 2569 2570 2571
8160 2 2 5 1 4112 3703 6865
8161 2 2 5 1 6288 4427 7792
8162 2 2 5 1 2206 2729 6755
8163 2 2 5 1 4229 5769 6768
8164 2 2 5 1 2684 4248 7140
8165 2 2 5 1 6520 6518 6521
8166 2 2 5 1 2730 2580 6526
8167 2 2 5 1 4065 4066 4150
8168 2 2 5 1 2528 6258 6263
8169 2 2 5 1 877 6346 6882
8170 2 2 5 1 2818 3274 3275
8171 2 2 5 1 2544 4269 6868
8172 2 2 5 1 3727 3728 4162
8173 2 2 5 1 7245 6654 7296
8174 2 2 5 1 4696 5985 5986
8175 2 2 5 1 3010 2910 6778
8176 2 2 5 1 277 1265 6740
8177 2 2 5 1 1993 1995 6776
8178 2 2 5 1 2550 6790 6870
8179 2 2 5 1 1425 1427 1428
8180 2 2 5 1 1498 1499 1666
8181 2 2 5 1 3277 3777 6693
8182 2 2 5 1 2615 5230 8397
8183 2 2 5 1 1104 1165 1166
8184 2 2 5 1 1978 2219 6992
8185 2 2 5 1 4664 4665 5486
8186 2 2 5 1 3725 4114 4725
8187 2 2 5 1 3520 3521 3522
8188 2 2 5 1 4207 6717 6783
8189 2 2 5 1 2667 2668 2669
8190 2 2 5 1 4191 4192 4193
8191 2 2 5 1 3754 4188 4950
8192 2 2 5 1 3977 5026 6778
8193 2 2 5 1 4097 3242 7071
8194 2 2 5 1 3950 3652 4447
8195 2 2 5 1 4023 4179 6568
8196 2 2 5 1 6473 6474 6475
8197 2 2 5 1 2529 4156 6862
8198 2 2 5 1 3692 3693 3694
8199 2 2 5 1 2547 4187 6875
8200 2 2 5 1 3275 3276 3277
8201 2 2 5 1 5060 3918 5185
8202 2 2 5 1 3281 3390 3391
8203 2 2 5 1 4341 6679 6680
8204 2 2 5 1 4212 4211 4485
8205 2 2 5 1 3862 4896 6931
8206 2 2 5 1 5232 2614 8398
8207 2 2 5 1 1713 1354 6765
8208 2 2 5 1 6010 5537 6575
8209 2 2 5 1 4623 4027 6701
8210 2 2 5 1 5273 4521 6829
8211 2 2 5 1 2890 3518 4205
8212 2 2 5 1 2577 2578 2579
8213 2 2 5 1 2573 2574 2575
8214 2 2 5 1 1222 1220 7008
8215 2 2 5 1 2194 2195 2196
8216 2 2 5 1 3111 2549 6875
8217 2 2 5 1 3268 3270 4727
8218 2 2 5 1 2910 3442 6778
8219 2 2 5 1 6411 6413 6414
8220 2 2 5 1 2179 2180 2700
8221 2 2 5 1 6377 4088 6385
8222 2 2 5 1 2649 2650 2651
8223 2 2 5 1 1678 1175 1880
8224 2 2 5 1 2700 2705 2972
8225 2 2 5 1 3862 4895 4896
8226 2 2 5 1 4259 3383 6705
8227 2 2 5 1 2579 2580 2730
8228 2 2 5 1 2646 2648 2649
8229 2 2 5 1 673 675 2591
8230 2 2 5 1 6620 6618 6621
8231 2 2 5 1 3294 3295 6878
8232 2 2 5 1 1478 1288 1479
8233 2 2 5 1 283 2590 6715
8234 2 2 5 1 2127 2129 2584
8235 2 2 5 1 2130 2863 6781
8236 2 2 5 1 2127 2584 6758
8237 2 2 5 1 4140 4139 5841
8238 2 2 5 1 170 6673 6761
8239 2 2 5 1 2590 6713 6715
8240 2 2 5 1 2972 3783 4329
8241 2 2 5 1 2651 2785 2816
8242 2 2 5 1 4224 6894 6948
8243 2 2 5 1 4646 4455 5589
8244 2 2 5 1 684 686 687
8245 2 2 5 1 2922 4684 6669
8246 2 2 5 1 6286 1888 6856
8247 2 2 5 1 6434 6432 6435
8248 2 2 5 1 477 6594 6595
8249 2 2 5 1 3442 3976 3977
8250 2 2 5 1 2816 3065 3066
8251 2 2 5 1 4829 5116 5117
8252 2 2 5 1 5026 5025 5083
8253 2 2 5 1 1556 5742 7147
8254 2 2 5 1 1250 1165 2599
8255 2 2 5 1 6490 6492 6493
8256 2 2 5 1 4205 4206 4207
8257 2 2 5 1 947 984 6672
8258 2 2 5 1 2889 2891 6829
8259 2 2 5 1 1120 3380 6748
8260 2 2 5 1 1322 1323 1987
8261 2 2 5 1 687 705 706
8262 2 2 5 1 2747 3012 3204
8263 2 2 5 1 706 719 720
8264 2 2 5 1 489 6457 6459
8265 2 2 5 1 1376 1336 2658
8266 2 2 5 1 564 1246 1322
8267 2 2 5 1 2270 3176 3177
8268 2 2 5 1 2565 6437 6439
8269 2 2 5 1 2321 2143 2322
8270 2 2 5 1 1720 1824 4189
8271 2 2 5 1 1127 1123 6890
8272 2 2 5 1 3066 3197 3198
8273 2 2 5 1 2475 3233 7090
8274 2 2 5 1 720 768 769
8275 2 2 5 1 5178 5177 5310
8276 2 2 5 1 2055 2054 2056
8277 2 2 5 1 4163 4164 4165
8278 2 2 5 1 769 786 787
8279 2 2 5 1 3747 3744 7033
8280 2 2 5 1 4162 5603 5933
8281 2 2 5 1 2925 3192 3212
8282 2 2 5 1 2926 2625 6916
8283 2 2 5 1 787 809 810
8284 2 2 5 1 945 946 947
8285 2 2 5 1 6642 6641 6643
8286 2 2 5 1 6568 4179 6569
8287 2 2 5 1 4742 4741 5266
8288 2 2 5 1 4165 4238 4689
8289 2 2 5 1 1043 4096 6408
8290 2 2 5 1 2602 2603 2745
8291 2 2 5 1 3234 6060 6719
8292 2 2 5 1 679 681 682
8293 2 2 5 1 1981 1827 1982
8294 2 2 5 1 1677 2632 2633
8295 2 2 5 1 1187 1354 1355
8296 2 2 5 1 6644 6643 6645
8297 2 2 5 1 6586 6907 7053
8298 2 2 5 1 1987 2074 2270
8299 2 2 5 1 2745 2959 3071
8300 2 2 5 1 3977 3978 5025
8301 2 2 5 1 2682 816 6777
8302 2 2 5 1 1355 1454 1455
8303 2 2 5 1 2578 2575 6859
8304 2 2 5 1 1922 2176 2179
8305 2 2 5 1 2884 2545 6791
8306 2 2 5 1 3441 2909 3443
8307 2 2 5 1 4021 4916 6814
8308 2 2 5 1 810 822 823
8309 2 2 5 1 2248 2271 2272
8310 2 2 5 1 4461 4210 4741
8311 2 2 5 1 1955 1954 2268
8312 2 2 5 1 4375 4338 6667
8313 2 2 5 1 1250 3727 3729
8314 2 2 5 1 904 1102 2172
8315 2 2 5 1 3817 3589 6782
8316 2 2 5 1 3632 3269 6500
8317 2 2 5 1 3177 3685 3686
8318 2 2 5 1 5086 3905 5087
8319 2 2 5 1 1803 2291 6767
8320 2 2 5 1 6906 3288 7045
8321 2 2 5 1 4461 4741 4742
8322 2 2 5 1 6522 6521 6524
8323 2 2 5 1 5214 3978 5215
8324 2 2 5 1 1562 1413 1568
8325 2 2 5 1 3727 2599 3728
8326 2 2 5 1 2142 1840 2143
8327 2 2 5 1 4689 4690 5654
8328 2 2 5 1 2354 2762 6764
8329 2 2 5 1 3939 5040 5041
8330 2 2 5 1 1172 1186 1187
8331 2 2 5 1 4205 3518 4206
8332 2 2 5 1 929 925 6836
8333 2 2 5 1 6697 209 6772
8334 2 2 5 1 4209 4210 4211
8335 2 2 5 1 3686 4392 4393
8336 2 2 5 1 1378 1072 6663
8337 2 2 5 1 4939 3986 4940
8338 2 2 5 1 4393 4517 4518
8339 2 2 5 1 2179 2958 6780
8340 2 2 5 1 3705 4105 6848
8341 2 2 5 1 3198 3526 3527
8342 2 2 5 1 5815 7581 7628
8343 2 2 5 1 4127 4757 6590
8344 2 2 5 1 6466 6467 6468
8345 2 2 5 1 6279 6280 7334
8346 2 2 5 1 6640 6639 6641
8347 2 2 5 1 1461 1492 1493
8348 2 2 5 1 4163 3728 4164
8349 2 2 5 1 1546 1391 1569
8350 2 2 5 1 2616 4204 6808
8351 2 2 5 1 3657 3791 4436
8352 2 2 5 1 1493 1594 1595
8353 2 2 5 1 2627 3103 6916
8354 2 2 5 1 4207 4208 4209
8355 2 2 5 1 3071 3755 3823
8356 2 2 5 1 373 6583 6725
8357 2 2 5 1 2633 2634 3128
8358 2 2 5 1 6166 6163 6613
8359 2 2 5 1 1341 1294 2677
8360 2 2 5 1 2363 2364 3088
8361 2 2 5 1 4211 4210 4461
8362 2 2 5 1 2610 2910 3010
8363 2 2 5 1 2608 2607 6818
8364 2 2 5 1 3912 3911 4581
8365 2 2 5 1 5086 5087 5312
8366 2 2 5 1 1599 1600 1601
8367 2 2 5 1 5025 3978 5214
8368 2 2 5 1 553 1742 2760
8369 2 2 5 1 3990 3839 3991
8370 2 2 5 1 1601 1602 1603
8371 2 2 5 1 2293 3167 5984
8372 2 2 5 1 3532 3531 3533
8373 2 2 5 1 1800 1803 6767
8374 2 2 5 1 6686 4724 6970
8375 2 2 5 1 2889 2322 2891
8376 2 2 5 1 6162 2927 7031
8377 2 2 5 1 957 958 963
8378 2 2 5 1 2426 2427 2428
8379 2 2 5 1 1603 1604 1605
8380 2 2 5 1 3102 3306 3307
8381 2 2 5 1 383 382 6580
8382 2 2 5 1 1367 4190 6908
8383 2 2 5 1 1803 1805 2291
8384 2 2 5 1 3986 3912 6943
8385 2 2 5 1 3307 3308 3309
8386 2 2 5 1 4141 1126 6723
8387 2 2 5 1 1605 1606 1607
8388 2 2 5 1 3309 3310 3311
8389 2 2 5 1 3536 3535 3911
8390 2 2 5 1 3387 3006 3652
8391 2 2 5 1 1459 1460 1461
8392 2 2 5 1 2794 2589 2885
8393 2 2 5 1 3311 3313 3314
8394 2 2 5 1 1607 1608 1609
8395 2 2 5 1 5261 5262 5263
8396 2 2 5 1 1822 1662 6908
8397 2 2 5 1 6338 2533 6812
8398 2 2 5 1 374 373 6725
8399 2 2 5 1 6602 3064 6603
8400 2 2 5 1 3314 3315 3316
8401 2 2 5 1 6638 6637 6639
8402 2 2 5 1 3316 3317 3318
8403 2 2 5 1 1609 1610 1611
8404 2 2 5 1 2895 2896 2897
8405 2 2 5 1 1658 1683 1684
8406 2 2 5 1 3318 3320 3321
8407 2 2 5 1 4134 3739 4720
8408 2 2 5 1 4914 4495 4915
8409 2 2 5 1 5654 5655 5706
8410 2 2 5 1 5448 5449 7956
8411 2 2 5 1 1611 1612 1613
8412 2 2 5 1 1613 1614 1615
8413 2 2 5 1 1615 1616 1617
8414 2 2 5 1 3321 3322 3323
8415 2 2 5 1 965 4245 6787
8416 2 2 5 1 1597 1598 1599
8417 2 2 5 1 2374 2375 2376
8418 2 2 5 1 2398 2397 2399
8419 2 2 5 1 3323 3324 3325
8420 2 2 5 1 6254 2047 7020
8421 2 2 5 1 1617 1618 1619
8422 2 2 5 1 2999 3000 4811
8423 2 2 5 1 4209 4208 4210
8424 2 2 5 1 3325 3332 3333
8425 2 2 5 1 3333 3334 3335
8426 2 2 5 1 3335 3336 3337
8427 2 2 5 1 1619 1620 1621
8428 2 2 5 1 3128 3129 3781
8429 2 2 5 1 1997 1996 6794
8430 2 2 5 1 6414 6415 6419
8431 2 2 5 1 2754 6045 6046
8432 2 2 5 1 3099 3101 3102
8433 2 2 5 1 3534 3533 3535
8434 2 2 5 1 3337 3345 3346
8435 2 2 5 1 1621 1622 1623
8436 2 2 5 1 3346 3347 3348
8437 2 2 5 1 1996 1994 2942
8438 2 2 5 1 3348 3349 3350
8439 2 2 5 1 3350 3357 3358
8440 2 2 5 1 1623 1624 1625
8441 2 2 5 1 931 903 1802
8442 2 2 5 1 3358 3359 3360
8443 2 2 5 1 2299 1980 2589
8444 2 2 5 1 7172 6704 7264
8445 2 2 5 1 6933 1659 6990
8446 2 2 5 1 1625 1626 1627
8447 2 2 5 1 3977 3976 3978
8448 2 2 5 1 2135 2247 2248
8449 2 2 5 1 1627 1628 1629
8450 2 2 5 1 3360 3361 3362
8451 2 2 5 1 6285 7331 7341
8452 2 2 5 1 1711 1710 1712
8453 2 2 5 1 1629 1630 1631
8454 2 2 5 1 2607 2610 6818
8455 2 2 5 1 3362 3365 3366
8456 2 2 5 1 6724 1424 6999
8457 2 2 5 1 3442 3905 3976
8458 2 2 5 1 4732 857 6530
8459 2 2 5 1 3211 948 5884
8460 2 2 5 1 3700 3699 5451
8461 2 2 5 1 1631 1632 1633
8462 2 2 5 1 1157 2487 6839
8463 2 2 5 1 2886 2885 3386
8464 2 2 5 1 1314 521 6872
8465 2 2 5 1 4207 4206 4208
8466 2 2 5 1 823 836 837
8467 2 2 5 1 1801 1526 2642
8468 2 2 5 1 2272 2273 2283
8469 2 2 5 1 4520 3517 4521
8470 2 2 5 1 4691 6327 6779
8471 2 2 5 1 3108 3107 3382
8472 2 2 5 1 3587 4505 4828
8473 2 2 5 1 4494 4346 4495
8474 2 2 5 1 3366 3367 3368
8475 2 2 5 1 1063 1000 1068
8476 2 2 5 1 3976 3905 5086
8477 2 2 5 1 7167 5817 7304
8478 2 2 5 1 1633 1634 1635
8479 2 2 5 1 2276 1982 2277
8480 2 2 5 1 3667 2178 6732
8481 2 2 5 1 2491 2493 6255
8482 2 2 5 1 6777 798 7005
8483 2 2 5 1 3886 3510 3887
8484 2 2 5 1 4082 4403 5766
8485 2 2 5 1 3372 3373 3374
8486 2 2 5 1 3377 3378 3379
8487 2 2 5 1 6645 6643 6649
8488 2 2 5 1 2791 2792 2870
8489 2 2 5 1 3368 3371 3372
8490 2 2 5 1 1426 6537 6662
8491 2 2 5 1 3517 2889 6829
8492 2 2 5 1 6624 6622 6625
8493 2 2 5 1 2219 4719 6992
8494 2 2 5 1 3374 3376 3377
8495 2 2 5 1 3897 3770 4764
8496 2 2 5 1 3508 3293 3770
8497 2 2 5 1 4343 4342 4346
8498 2 2 5 1 2890 4205 6809
8499 2 2 5 1 1120 1286 3380
8500 2 2 5 1 2479 2173 6811
8501 2 2 5 1 845 846 847
8502 2 2 5 1 3131 3786 3789
8503 2 2 5 1 2202 4756 6788
8504 2 2 5 1 1743 1712 1744
8505 2 2 5 1 4734 4521 5272
8506 2 2 5 1 3734 2513 4117
8507 2 2 5 1 1635 1636 1637
8508 2 2 5 1 853 854 855
8509 2 2 5 1 3442 3977 6778
8510 2 2 5 1 386 2559 6735
8511 2 2 5 1 1752 1750 6369
8512 2 2 5 1 857 858 859
8513 2 2 5 1 4729 3267 6495
8514 2 2 5 1 4674 4673 5536
8515 2 2 5 1 2560 389 6813
8516 2 2 5 1 3766 3943 4422
8517 2 2 5 1 865 866 867
8518 2 2 5 1 3838 3694 3839
8519 2 2 5 1 387 386 6735
8520 2 2 5 1 1883 4180 6866
8521 2 2 5 1 3301 3812 4761
8522 2 2 5 1 4916 3558 6947
8523 2 2 5 1 1830 1794 1978
8524 2 2 5 1 389 388 6813
8525 2 2 5 1 445 444 6763
8526 2 2 5 1 1482 1200 1483
8527 2 2 5 1 360 2613 6816
8528 2 2 5 1 869 870 871
8529 2 2 5 1 1828 1983 2606
8530 2 2 5 1 3769 2884 6791
8531 2 2 5 1 361 360 6816
8532 2 2 5 1 2286 2509 6930
8533 2 2 5 1 873 874 876
8534 2 2 5 1 832 790 3559
8535 2 2 5 1 3672 2268 3673
8536 2 2 5 1 2516 750 7006
8537 2 2 5 1 2905 2277 2906
8538 2 2 5 1 3442 3441 3905
8539 2 2 5 1 1250 2599 3727
8540 2 2 5 1 3724 3238 6515
8541 2 2 5 1 1358 1800 6853
8542 2 2 5 1 4442 3574 4443
8543 2 2 5 1 3132 3793 6784
8544 2 2 5 1 3634 3658 4516
8545 2 2 5 1 6629 6628 6630
8546 2 2 5 1 903 841 6858
8547 2 2 5 1 1119 1086 1135
8548 2 2 5 1 1519 1517 1520
8549 2 2 5 1 1180 1135 1181
8550 2 2 5 1 1799 928 2059
8551 2 2 5 1 1344 1247 1419
8552 2 2 5 1 3022 3461 3462
8553 2 2 5 1 6287 4427 6288
8554 2 2 5 1 2102 1854 2103
8555 2 2 5 1 3233 3174 5340
8556 2 2 5 1 841 816 2682
8557 2 2 5 1 2418 2419 2925
8558 2 2 5 1 4884 4886 7264
8559 2 2 5 1 6454 4112 6865
8560 2 2 5 1 2428 2505 2506
8561 2 2 5 1 4914 4915 5241
8562 2 2 5 1 4272 4317 4464
8563 2 2 5 1 1079 1032 1086
8564 2 2 5 1 4171 4721 4722
8565 2 2 5 1 6085 7167 7304
8566 2 2 5 1 2606 2607 2608
8567 2 2 5 1 407 406 2618
8568 2 2 5 1 1486 1485 1487
8569 2 2 5 1 1488 1487 1550
8570 2 2 5 1 3991 4788 4789
8571 2 2 5 1 5154 5920 5921
8572 2 2 5 1 1298 1181 1299
8573 2 2 5 1 4241 5472 5532
8574 2 2 5 1 6626 6625 6628
8575 2 2 5 1 3787 3391 6773
8576 2 2 5 1 4624 3244 6538
8577 2 2 5 1 2910 3441 3442
8578 2 2 5 1 6549 6548 6550
8579 2 2 5 1 4208 4206 4213
8580 2 2 5 1 1881 1880 2145
8581 2 2 5 1 3106 2679 3107
8582 2 2 5 1 3392 3391 3787
8583 2 2 5 1 3854 3852 4707
8584 2 2 5 1 2028 2027 2029
8585 2 2 5 1 2508 2938 3682
8586 2 2 5 1 3672 3673 6766
8587 2 2 5 1 2688 3132 6784
8588 2 2 5 1 847 848 849
8589 2 2 5 1 1768 1841 1952
8590 2 2 5 1 4105 3775 4397
8591 2 2 5 1 2972 2705 3783
8592 2 2 5 1 1484 1483 1485
8593 2 2 5 1 2348 4067 4068
8594 2 2 5 1 1240 1244 4260
8595 2 2 5 1 1489 2662 4289
8596 2 2 5 1 2700 2180 2705
8597 2 2 5 1 4520 4521 4734
8598 2 2 5 1 4183 2942 4184
8599 2 2 5 1 3509 2815 3510
8600 2 2 5 1 1767 1851 2585
8601 2 2 5 1 1595 1594 6760
8602 2 2 5 1 3140 2147 3753
8603 2 2 5 1 2283 2284 2539
8604 2 2 5 1 3549 4611 6893
8605 2 2 5 1 933 3266 7599
8606 2 2 5 1 4156 6287 6862
8607 2 2 5 1 2033 2032 2034
8608 2 2 5 1 2729 2208 4437
8609 2 2 5 1 2963 2551 3293
8610 2 2 5 1 3788 3787 4342
8611 2 2 5 1 1109 1068 1110
8612 2 2 5 1 2142 2143 2321
8613 2 2 5 1 859 860 861
8614 2 2 5 1 1707 1649 1794
8615 2 2 5 1 1986 3565 3677
8616 2 2 5 1 5722 4708 5763
8617 2 2 5 1 3132 3792 3793
8618 2 2 5 1 4118 5947 6082
8619 2 2 5 1 1852 1804 1854
8620 2 2 5 1 4193 4900 5074
8621 2 2 5 1 2879 5164 6849
8622 2 2 5 1 2229 1856 2678
8623 2 2 5 1 2633 6514 6830
8624 2 2 5 1 746 6831 6832
8625 2 2 5 1 2167 5678 7727
8626 2 2 5 1 2198 2199 2418
8627 2 2 5 1 1165 1070 6722
8628 2 2 5 1 1547 1702 1775
8629 2 2 5 1 2128 2126 6700
8630 2 2 5 1 6210 6162 7031
8631 2 2 5 1 5649 5648 5651
8632 2 2 5 1 6703 1721 6793
8633 2 2 5 1 2890 3517 3518
8634 2 2 5 1 3690 3111 6875
8635 2 2 5 1 1637 1638 1639
8636 2 2 5 1 2306 2217 2892
8637 2 2 5 1 2544 2812 4269
8638 2 2 5 1 4350 3784 4351
8639 2 2 5 1 5951 4720 6056
8640 2 2 5 1 2550 2809 6790
8641 2 2 5 1 6616 1450 6892
8642 2 2 5 1 2131 2132 2133
8643 2 2 5 1 2918 2629 2919
8644 2 2 5 1 3295 3301 6878
8645 2 2 5 1 2321 2322 2889
8646 2 2 5 1 3741 3640 3742
8647 2 2 5 1 1744 1746 6802
8648 2 2 5 1 3902 5037 5038
8649 2 2 5 1 3892 5120 6749
8650 2 2 5 1 2809 3477 3478
8651 2 2 5 1 2621 3021 3022
8652 2 2 5 1 6507 1567 7145
8653 2 2 5 1 1229 1235 4273
8654 2 2 5 1 3840 3915 4874
8655 2 2 5 1 3086 2330 4462
8656 2 2 5 1 4662 3695 6660
8657 2 2 5 1 3212 3296 4020
8658 2 2 5 1 2129 2130 2131
8659 2 2 5 1 3892 5019 5120
8660 2 2 5 1 2737 2177 2744
8661 2 2 5 1 3518 3517 4520
8662 2 2 5 1 2179 2176 2180
8663 2 2 5 1 3654 6975 6976
8664 2 2 5 1 4205 4207 6783
8665 2 2 5 1 1551 1550 1659
8666 2 2 5 1 2809 3478 6790
8667 2 2 5 1 5814 4129 6337
8668 2 2 5 1 3519 2744 3520
8669 2 2 5 1 3963 2968 5047
8670 2 2 5 1 3583 2884 3769
8671 2 2 5 1 3691 3515 3692
8672 2 2 5 1 2482 2612 3284
8673 2 2 5 1 4524 4351 4525
8674 2 2 5 1 1998 2001 2949
8675 2 2 5 1 3838 3990 5017
8676 2 2 5 1 8 506 4618
8677 2 2 5 1 2610 2909 2910
8678 2 2 5 1 1356 1299 1357
8679 2 2 5 1 4268 3949 5571
8680 2 2 5 1 2004 2006 2944
8681 2 2 5 1 4494 4495 4914
8682 2 2 5 1 2982 2103 2983
8683 2 2 5 1 2175 1921 2177
8684 2 2 5 1 3278 3277 3279
8685 2 2 5 1 3687 4240 4241
8686 2 2 5 1 2752 7172 7264
8687 2 2 5 1 3745 3744 3746
8688 2 2 5 1 1562 1568 6793
8689 2 2 5 1 1409 1410 1538
8690 2 2 5 1 5136 5134 5137
8691 2 2 5 1 1981 1982 2276
8692 2 2 5 1 1545 1419 1649
8693 2 2 5 1 2752 5807 7367
8694 2 2 5 1 2910 2909 3441
8695 2 2 5 1 3838 3839 3990
8696 2 2 5 1 3249 3248 3531
8697 2 2 5 1 3280 3279 3281
8698 2 2 5 1 1376 2658 6798
8699 2 2 5 1 5588 5724 7915
8700 2 2 5 1 2906 2908 3591
8701 2 2 5 1 1643 1644 1829
8702 2 2 5 1 3692 3694 3838
8703 2 2 5 1 4343 4346 4494
8704 2 2 5 1 2610 2609 2909
8705 2 2 5 1 4725 6070 6513
8706 2 2 5 1 6811 1102 6937
8707 2 2 5 1 5576 5537 6010
8708 2 2 5 1 3135 3134 3136
8709 2 2 5 1 1639 1640 1641
8710 2 2 5 1 2836 3047 3048
8711 2 2 5 1 2817 2779 2818
8712 2 2 5 1 1641 1642 1643
8713 2 2 5 1 5159 5160 5161
8714 2 2 5 1 1654 1655 1679
8715 2 2 5 1 4225 1665 4341
8716 2 2 5 1 1538 1539 1654
8717 2 2 5 1 1527 1357 1528
8718 2 2 5 1 2656 1127 6890
8719 2 2 5 1 4177 4117 5831
8720 2 2 5 1 3707 3136 3708
8721 2 2 5 1 3514 2921 3515
8722 2 2 5 1 4343 4494 4923
8723 2 2 5 1 3733 4696 6885
8724 2 2 5 1 4153 3559 4196
8725 2 2 5 1 2060 2059 2137
8726 2 2 5 1 932 977 3123
8727 2 2 5 1 2037 2036 2038
8728 2 2 5 1 4101 4493 5707
8729 2 2 5 1 3279 3277 6693
8730 2 2 5 1 565 567 6834
8731 2 2 5 1 2607 1983 2609
8732 2 2 5 1 4315 3389 4324
8733 2 2 5 1 5891 4375 6667
8734 2 2 5 1 2606 1983 2607
8735 2 2 5 1 2127 2128 2129
8736 2 2 5 1 4245 929 6836
8737 2 2 5 1 2607 2609 2610
8738 2 2 5 1 1841 1840 2142
8739 2 2 5 1 1429 1431 1432
8740 2 2 5 1 4165 4164 4238
8741 2 2 5 1 1568 1413 6798
8742 2 2 5 1 2640 2759 2922
8743 2 2 5 1 2321 2889 2890
8744 2 2 5 1 2922 3453 4684
8745 2 2 5 1 4623 6701 6702
8746 2 2 5 1 2003 2000 2600
8747 2 2 5 1 2890 2889 3517
8748 2 2 5 1 4569 4528 8139
8749 2 2 5 1 1158 1110 1159
8750 2 2 5 1 2133 2134 2135
8751 2 2 5 1 1679 1814 1815
8752 2 2 5 1 3754 3753 4188
8753 2 2 5 1 2920 2787 2921
8754 2 2 5 1 5017 3990 5018
8755 2 2 5 1 2276 2905 4743
8756 2 2 5 1 6163 6162 6164
8757 2 2 5 1 2041 2040 2042
8758 2 2 5 1 513 1314 6913
8759 2 2 5 1 815 840 4747
8760 2 2 5 1 567 2201 6834
8761 2 2 5 1 1718 1528 1719
8762 2 2 5 1 2945 3725 6786
8763 2 2 5 1 2217 1988 6953
8764 2 2 5 1 2351 2137 2793
8765 2 2 5 1 3299 3298 3300
8766 2 2 5 1 3788 4342 4343
8767 2 2 5 1 1855 2228 2640
8768 2 2 5 1 2652 2647 2653
8769 2 2 5 1 2196 2197 2198
8770 2 2 5 1 4459 4541 4891
8771 2 2 5 1 3281 3391 3392
8772 2 2 5 1 4272 4464 7114
8773 2 2 5 1 3735 4139 4140
8774 2 2 5 1 2576 2575 2577
8775 2 2 5 1 2778 2653 2779
8776 2 2 5 1 5430 4807 5431
8777 2 2 5 1 2664 2666 2667
8778 2 2 5 1 1841 2142 2144
8779 2 2 5 1 2517 2516 2518
8780 2 2 5 1 4179 3667 6732
8781 2 2 5 1 3238 3239 3751
8782 2 2 5 1 3165 5114 5115
8783 2 2 5 1 1442 1443 1498
8784 2 2 5 1 1134 1139 1140
8785 2 2 5 1 2649 2648 2650
8786 2 2 5 1 2127 2126 2128
8787 2 2 5 1 4991 4990 4992
8788 2 2 5 1 1251 1159 1252
8789 2 2 5 1 5589 6766 6810
8790 2 2 5 1 3133 2689 3134
8791 2 2 5 1 6510 2587 6911
8792 2 2 5 1 5136 5137 5138
8793 2 2 5 1 1768 1840 1841
8794 2 2 5 1 375 374 1408
8795 2 2 5 1 6708 1816 7009
8796 2 2 5 1 3935 7342 7369
8797 2 2 5 1 1768 1721 1840
8798 2 2 5 1 1018 1023 1709
8799 2 2 5 1 6216 4141 6723
8800 2 2 5 1 3995 3585 4806
8801 2 2 5 1 2276 2277 2905
8802 2 2 5 1 3103 4215 6916
8803 2 2 5 1 2572 2571 2573
8804 2 2 5 1 3170 3880 3881
8805 2 2 5 1 4689 4238 4690
8806 2 2 5 1 1335 1375 4244
8807 2 2 5 1 4034 4035 4539
8808 2 2 5 1 2521 2520 2768
8809 2 2 5 1 1890 1935 2004
8810 2 2 5 1 1430 6590 7345
8811 2 2 5 1 1358 1252 1359
8812 2 2 5 1 3295 1287 3298
8813 2 2 5 1 3696 3130 4237
8814 2 2 5 1 2712 4065 6911
8815 2 2 5 1 5197 5198 7891
8816 2 2 5 1 6630 6636 6637
8817 2 2 5 1 4687 4030 5171
8818 2 2 5 1 1984 2200 2258
8819 2 2 5 1 1068 1000 6787
8820 2 2 5 1 4950 4188 6054
8821 2 2 5 1 1892 817 2601
8822 2 2 5 1 2651 2650 2785
8823 2 2 5 1 2610 3010 6818
8824 2 2 5 1 4852 4263 7209
8825 2 2 5 1 1239 1238 7029
8826 2 2 5 1 728 703 729
8827 2 2 5 1 3691 3692 6774
8828 2 2 5 1 3392 3788 3829
8829 2 2 5 1 567 569 2201
8830 2 2 5 1 1412 1494 1651
8831 2 2 5 1 6176 4722 6177
8832 2 2 5 1 704 730 731
8833 2 2 5 1 2816 2785 3065
8834 2 2 5 1 1731 1780 1781
8835 2 2 5 1 3392 3787 3788
8836 2 2 5 1 1569 1391 6825
8837 2 2 5 1 4422 5061 5062
8838 2 2 5 1 1995 1998 6776
8839 2 2 5 1 1828 1981 1983
8840 2 2 5 1 2854 3235 7151
8841 2 2 5 1 6622 6621 6841
8842 2 2 5 1 1033 1080 1081
8843 2 2 5 1 3066 3065 3197
8844 2 2 5 1 1258 1145 1259
8845 2 2 5 1 451 450 535
8846 2 2 5 1 506 513 6913
8847 2 2 5 1 5654 4690 5655
8848 2 2 5 1 1341 2677 6825
8849 2 2 5 1 2731 2730 2732
8850 2 2 5 1 6765 1186 6912
8851 2 2 5 1 6587 976 6907
8852 2 2 5 1 4743 2905 4744
8853 2 2 5 1 1828 1827 1981
8854 2 2 5 1 4635 4634 5396
8855 2 2 5 1 4140 5841 6078
8856 2 2 5 1 1070 1056 6722
8857 2 2 5 1 3751 3752 4127
8858 2 2 5 1 4202 4150 6026
8859 2 2 5 1 3060 2581 6845
8860 2 2 5 1 682 681 683
8861 2 2 5 1 4020 4031 5341
8862 2 2 5 1 1650 1562 1721
8863 2 2 5 1 1650 1721 1768
8864 2 2 5 1 3466 2919 3699
8865 2 2 5 1 3255 3256 6848
8866 2 2 5 1 1481 1565 1664
8867 2 2 5 1 2115 2126 2127
8868 2 2 5 1 1395 1329 1396
8869 2 2 5 1 6791 2545 6991
8870 2 2 5 1 652 568 3273
8871 2 2 5 1 5397 5396 5740
8872 2 2 5 1 3783 2705 3784
8873 2 2 5 1 1340 1372 1477
8874 2 2 5 1 429 428 1280
8875 2 2 5 1 432 431 481
8876 2 2 5 1 8 442 493
8877 2 2 5 1 414 413 484
8878 2 2 5 1 417 416 1281
8879 2 2 5 1 420 419 482
8880 2 2 5 1 423 422 1282
8881 2 2 5 1 426 425 480
8882 2 2 5 1 438 437 483
8883 2 2 5 1 2622 1420 6724
8884 2 2 5 1 3783 3784 4349
8885 2 2 5 1 2953 1822 6908
8886 2 2 5 1 2599 1165 6722
8887 2 2 5 1 4349 4350 4395
8888 2 2 5 1 3820 3060 4257
8889 2 2 5 1 4989 4233 4990
8890 2 2 5 1 1178 1111 1179
8891 2 2 5 1 3692 3838 6774
8892 2 2 5 1 2172 2173 2477
8893 2 2 5 1 3275 3277 3278
8894 2 2 5 1 850 2529 6862
8895 2 2 5 1 4530 4257 4531
8896 2 2 5 1 684 683 686
8897 2 2 5 1 2304 1953 2660
8898 2 2 5 1 427 426 6803
8899 2 2 5 1 1081 1082 1093
8900 2 2 5 1 2426 2187 2427
8901 2 2 5 1 4350 4351 4524
8902 2 2 5 1 3987 4636 5274
8903 2 2 5 1 3284 3285 4051
8904 2 2 5 1 2786 2660 2787
8905 2 2 5 1 2418 2925 7031
8906 2 2 5 1 6630 6628 6636
8907 2 2 5 1 1293 1340 6835
8908 2 2 5 1 4901 4153 6792
8909 2 2 5 1 1001 1064 1065
8910 2 2 5 1 4752 6949 6983
8911 2 2 5 1 1122 1124 6866
8912 2 2 5 1 3198 3197 3526
8913 2 2 5 1 1501 1503 4198
8914 2 2 5 1 1463 1397 1464
8915 2 2 5 1 6621 6618 6650
8916 2 2 5 1 2117 2003 6775
8917 2 2 5 1 1890 2004 6856
8918 2 2 5 1 4521 3517 6829
8919 2 2 5 1 4791 3781 4792
8920 2 2 5 1 1093 1145 1160
8921 2 2 5 1 4107 3305 4270
8922 2 2 5 1 901 918 920
8923 2 2 5 1 3703 2955 6865
8924 2 2 5 1 2920 3514 3863
8925 2 2 5 1 1719 2567 3288
8926 2 2 5 1 543 534 2947
8927 2 2 5 1 418 417 6807
8928 2 2 5 1 2755 3168 3170
8929 2 2 5 1 1160 1258 1288
8930 2 2 5 1 3278 3280 4226
8931 2 2 5 1 1702 1827 1828
8932 2 2 5 1 4200 4793 6887
8933 2 2 5 1 746 727 6831
8934 2 2 5 1 1547 1546 1701
8935 2 2 5 1 439 438 6806
8936 2 2 5 1 2737 3519 4230
8937 2 2 5 1 2519 2518 2520
8938 2 2 5 1 1702 1701 1827
8939 2 2 5 1 2368 2369 4280
8940 2 2 5 1 2392 2391 4282
8941 2 2 5 1 1779 1565 3290
8942 2 2 5 1 1547 1701 1702
8943 2 2 5 1 2131 2130 2132
8944 2 2 5 1 3384 2141 3385
8945 2 2 5 1 555 547 6994
8946 2 2 5 1 388 387 799
8947 2 2 5 1 3725 4725 6786
8948 2 2 5 1 4773 4531 5250
8949 2 2 5 1 4886 4885 4887
8950 2 2 5 1 3507 3590 3987
8951 2 2 5 1 561 560 562
8952 2 2 5 1 362 361 800
8953 2 2 5 1 3514 3515 3691
8954 2 2 5 1 1180 1181 1298
8955 2 2 5 1 776 729 777
8956 2 2 5 1 3999 3370 4779
8957 2 2 5 1 1682 1540 6769
8958 2 2 5 1 2549 2547 6875
8959 2 2 5 1 1119 1135 1180
8960 2 2 5 1 4539 4540 5308
8961 2 2 5 1 435 434 1497
8962 2 2 5 1 3062 2732 3063
8963 2 2 5 1 3527 3526 4048
8964 2 2 5 1 60 61 1283
8965 2 2 5 1 57 58 463
8966 2 2 5 1 74 75 494
8967 2 2 5 1 63 64 465
8968 2 2 5 1 79 80 462
8969 2 2 5 1 85 86 460
8970 2 2 5 1 66 67 1284
8971 2 2 5 1 51 52 464
8972 2 2 5 1 48 49 1285
8973 2 2 5 1 45 46 466
8974 2 2 5 1 69 70 467
8975 2 2 5 1 40 41 497
8976 2 2 5 1 29 30 459
8977 2 2 5 1 35 36 461
8978 2 2 5 1 1494 1562 1650
8979 2 2 5 1 2633 2632 2634
8980 2 2 5 1 3697 3219 7105
8981 2 2 5 1 1063 1068 1109
8982 2 2 5 1 4964 4965 5195
8983 2 2 5 1 1988 1826 2246
8984 2 2 5 1 2737 2744 3519
8985 2 2 5 1 1335 1259 1336
8986 2 2 5 1 3811 3462 6749
8987 2 2 5 1 1236 1233 1270
8988 2 2 5 1 5706 5655 5844
8989 2 2 5 1 3876 4554 4556
8990 2 2 5 1 3278 3279 3280
8991 2 2 5 1 2134 2132 2414
8992 2 2 5 1 982 947 983
8993 2 2 5 1 2576 2581 2616
8994 2 2 5 1 2920 2921 3514
8995 2 2 5 1 2602 2601 2603
8996 2 2 5 1 4973 4972 5196
8997 2 2 5 1 1947 1778 1974
8998 2 2 5 1 2477 2478 3286
8999 2 2 5 1 522 514 1717
9000 2 2 5 1 2180 2176 3059
9001 2 2 5 1 2655 2728 4243
9002 2 2 5 1 6621 6650 6651
9003 2 2 5 1 2760 1742 4589
9004 2 2 5 1 3519 3520 3964
9005 2 2 5 1 442 441 6805
9006 2 2 5 1 930 966 4223
9007 2 2 5 1 1079 1086 1119
9008 2 2 5 1 1065 1066 1075
9009 2 2 5 1 872 873 6846
9010 2 2 5 1 3835 5776 8144
9011 2 2 5 1 529 445 6763
9012 2 2 5 1 2175 2177 2737
9013 2 2 5 1 4524 4525 5248
9014 2 2 5 1 944 912 945
9015 2 2 5 1 559 558 560
9016 2 2 5 1 413 412 6804
9017 2 2 5 1 4349 3784 4350
9018 2 2 5 1 845 837 846
9019 2 2 5 1 441 440 6827
9020 2 2 5 1 5145 5146 5149
9021 2 2 5 1 1375 1336 1376
9022 2 2 5 1 706 705 719
9023 2 2 5 1 2248 2247 2271
9024 2 2 5 1 720 719 768
9025 2 2 5 1 2129 2128 2130
9026 2 2 5 1 1801 2642 6847
9027 2 2 5 1 4740 6933 6990
9028 2 2 5 1 1029 983 1030
9029 2 2 5 1 2102 2103 2982
9030 2 2 5 1 687 686 705
9031 2 2 5 1 1298 1299 1356
9032 2 2 5 1 4533 4436 4534
9033 2 2 5 1 853 851 854
9034 2 2 5 1 911 829 912
9035 2 2 5 1 857 855 858
9036 2 2 5 1 1412 1376 1413
9037 2 2 5 1 1494 1413 1562
9038 2 2 5 1 1852 1854 2102
9039 2 2 5 1 805 777 806
9040 2 2 5 1 6625 6622 6841
9041 2 2 5 1 645 660 661
9042 2 2 5 1 769 768 786
9043 2 2 5 1 440 439 2611
9044 2 2 5 1 2236 2367 2368
9045 2 2 5 1 2390 2238 2391
9046 2 2 5 1 3247 2842 3248
9047 2 2 5 1 787 786 809
9048 2 2 5 1 3655 3063 3657
9049 2 2 5 1 3671 3670 4027
9050 2 2 5 1 865 863 866
9051 2 2 5 1 873 871 874
9052 2 2 5 1 869 867 870
9053 2 2 5 1 810 809 822
9054 2 2 5 1 1242 1239 7029
9055 2 2 5 1 1075 1111 1117
9056 2 2 5 1 2240 2421 2999
9057 2 2 5 1 3015 3171 3890
9058 2 2 5 1 731 732 733
9059 2 2 5 1 3061 3820 4301
9060 2 2 5 1 676 674 3119
9061 2 2 5 1 1687 1825 6851
9062 2 2 5 1 1825 2210 6851
9063 2 2 5 1 2508 2506 2938
9064 2 2 5 1 1456 1455 1457
9065 2 2 5 1 1123 1121 6890
9066 2 2 5 1 4226 4227 4503
9067 2 2 5 1 1293 1179 1294
9068 2 2 5 1 2304 2786 2865
9069 2 2 5 1 5138 5139 5140
9070 2 2 5 1 2171 1873 2193
9071 2 2 5 1 828 806 829
9072 2 2 5 1 3128 2634 3129
9073 2 2 5 1 1117 1178 1200
9074 2 2 5 1 1829 1644 6797
9075 2 2 5 1 823 822 836
9076 2 2 5 1 1922 2175 2176
9077 2 2 5 1 820 795 7423
9078 2 2 5 1 1721 1562 6793
9079 2 2 5 1 1076 1030 1077
9080 2 2 5 1 6699 7566 7577
9081 2 2 5 1 1402 1546 1547
9082 2 2 5 1 1120 1088 1286
9083 2 2 5 1 2616 3060 3061
9084 2 2 5 1 563 562 564
9085 2 2 5 1 2646 2649 6990
9086 2 2 5 1 1883 2011 4180
9087 2 2 5 1 4156 4427 6287
9088 2 2 5 1 3280 3281 6863
9089 2 2 5 1 3838 5017 6774
9090 2 2 5 1 2271 2247 2858
9091 2 2 5 1 6225 4732 6530
9092 2 2 5 1 6845 2581 6891
9093 2 2 5 1 554 548 558
9094 2 2 5 1 2817 3400 3862
9095 2 2 5 1 2485 3733 6885
9096 2 2 5 1 2817 2818 3400
9097 2 2 5 1 3237 3087 6445
9098 2 2 5 1 2569 2571 2572
9099 2 2 5 1 2863 6700 7052
9100 2 2 5 1 2013 2015 2535
9101 2 2 5 1 2745 2603 2959
9102 2 2 5 1 7615 4694 7658
9103 2 2 5 1 1160 1145 1258
9104 2 2 5 1 1527 1528 1718
9105 2 2 5 1 1356 1357 1527
9106 2 2 5 1 1714 6343 7858
9107 2 2 5 1 1825 1960 2210
9108 2 2 5 1 2019 2021 2051
9109 2 2 5 1 4710 3724 6515
9110 2 2 5 1 1596 1595 1597
9111 2 2 5 1 1340 1294 1341
9112 2 2 5 1 1828 2606 6840
9113 2 2 5 1 1664 1779 1808
9114 2 2 5 1 3449 1307 3767
9115 2 2 5 1 2281 2435 3118
9116 2 2 5 1 4351 3784 6850
9117 2 2 5 1 1112 1077 1113
9118 2 2 5 1 1824 1921 1922
9119 2 2 5 1 2573 2575 2576
9120 2 2 5 1 2142 2321 6809
9121 2 2 5 1 2126 2413 6700
9122 2 2 5 1 1372 1341 1391
9123 2 2 5 1 1402 1391 1546
9124 2 2 5 1 1800 6767 6853
9125 2 2 5 1 3705 3775 4105
9126 2 2 5 1 2439 4673 4674
9127 2 2 5 1 3071 2959 3755
9128 2 2 5 1 1424 1423 1425
9129 2 2 5 1 1788 1879 3122
9130 2 2 5 1 1662 1367 6908
9131 2 2 5 1 1808 1953 1954
9132 2 2 5 1 3062 3655 3656
9133 2 2 5 1 2652 2778 3055
9134 2 2 5 1 1171 1113 1172
9135 2 2 5 1 4804 4534 5246
9136 2 2 5 1 4660 4920 4921
9137 2 2 5 1 4918 4658 4919
9138 2 2 5 1 4748 3293 6910
9139 2 2 5 1 6084 4112 6454
9140 2 2 5 1 4823 4821 6198
9141 2 2 5 1 1093 1082 1145
9142 2 2 5 1 2203 1524 4255
9143 2 2 5 1 2102 2982 2996
9144 2 2 5 1 4029 4027 4623
9145 2 2 5 1 3689 3111 3690
9146 2 2 5 1 2325 2209 2326
9147 2 2 5 1 2624 4220 7001
9148 2 2 5 1 2950 3258 3259
9149 2 2 5 1 2786 2787 2920
9150 2 2 5 1 1458 1457 1459
9151 2 2 5 1 4503 4227 4876
9152 2 2 5 1 3862 3953 4895
9153 2 2 5 1 4226 3280 4227
9154 2 2 5 1 3098 2326 3099
9155 2 2 5 1 2207 2205 2209
9156 2 2 5 1 4546 3646 4547
9157 2 2 5 1 4761 3812 4762
9158 2 2 5 1 1806 1807 2065
9159 2 2 5 1 2025 2027 2028
9160 2 2 5 1 2982 2983 3592
9161 2 2 5 1 4171 4169 4721
9162 2 2 5 1 2629 2626 7001
9163 2 2 5 1 2625 2627 6916
9164 2 2 5 1 1109 1110 1158
9165 2 2 5 1 1358 1359 1526
9166 2 2 5 1 1527 1718 1720
9167 2 2 5 1 3673 4231 4232
9168 2 2 5 1 1263 1183 1350
9169 2 2 5 1 931 1802 6907
9170 2 2 5 1 2029 2032 2033
9171 2 2 5 1 1251 1252 1358
9172 2 2 5 1 983 947 6672
9173 2 2 5 1 4739 1706 5932
9174 2 2 5 1 4455 3672 6766
9175 2 2 5 1 3886 3887 3935
9176 2 2 5 1 4549 4516 5078
9177 2 2 5 1 1258 1259 1335
9178 2 2 5 1 1408 374 6725
9179 2 2 5 1 2206 2207 2208
9180 2 2 5 1 1158 1159 1251
9181 2 2 5 1 1180 1298 2120
9182 2 2 5 1 4696 6065 6885
9183 2 2 5 1 2004 2944 6856
9184 2 2 5 1 1895 1896 1897
9185 2 2 5 1 2646 2647 2648
9186 2 2 5 1 4164 3728 6929
9187 2 2 5 1 2778 2779 2817
9188 2 2 5 1 4991 4992 5121
9189 2 2 5 1 2652 2653 2778
9190 2 2 5 1 4884 4883 4885
9191 2 2 5 1 1481 1479 1565
9192 2 2 5 1 3508 3770 3897
9193 2 2 5 1 3633 3379 3634
9194 2 2 5 1 3108 3382 4577
9195 2 2 5 1 3823 3755 4297
9196 2 2 5 1 1802 903 6858
9197 2 2 5 1 1644 1767 6797
9198 2 2 5 1 3068 3640 3741
9199 2 2 5 1 3897 4764 4765
9200 2 2 5 1 1082 1080 3292
9201 2 2 5 1 2204 2205 2206
9202 2 2 5 1 1335 1336 1375
9203 2 2 5 1 4563 6042 7054
9204 2 2 5 1 2579 2730 2731
9205 2 2 5 1 1659 2645 2646
9206 2 2 5 1 1720 1823 1824
9207 2 2 5 1 3110 3148 3149
9208 2 2 5 1 1775 1702 6840
9209 2 2 5 1 2144 2142 6809
9210 2 2 5 1 1551 1659 6933
9211 2 2 5 1 1375 1376 1412
9212 2 2 5 1 2352 2348 5770
9213 2 2 5 1 409 408 6801
9214 2 2 5 1 1412 1413 1494
9215 2 2 5 1 2414 2132 6781
9216 2 2 5 1 1413 1376 6798
9217 2 2 5 1 2065 2066 2681
9218 2 2 5 1 3509 3510 3886
9219 2 2 5 1 1117 1111 1178
9220 2 2 5 1 3781 3129 6871
9221 2 2 5 1 2963 3293 3508
9222 2 2 5 1 2576 2577 2581
9223 2 2 5 1 7 409 527
9224 2 2 5 1 405 404 530
9225 2 2 5 1 446 445 529
9226 2 2 5 1 849 848 2544
9227 2 2 5 1 6291 1242 7029
9228 2 2 5 1 2493 5199 6255
9229 2 2 5 1 1358 1526 1800
9230 2 2 5 1 2272 2271 2273
9231 2 2 5 1 1324 1196 5939
9232 2 2 5 1 3625 5187 5188
9233 2 2 5 1 3106 3107 3108
9234 2 2 5 1 1081 1080 1082
9235 2 2 5 1 6674 6906 7045
9236 2 2 5 1 4696 5986 6065
9237 2 2 5 1 926 927 928
9238 2 2 5 1 4257 3060 6845
9239 2 2 5 1 861 860 2550
9240 2 2 5 1 1487 1485 1567
9241 2 2 5 1 2321 2890 6809
9242 2 2 5 1 2202 2203 2204
9243 2 2 5 1 1922 1921 2175
9244 2 2 5 1 847 846 848
9245 2 2 5 1 1805 1852 1853
9246 2 2 5 1 2229 2678 2679
9247 2 2 5 1 4735 4201 6939
9248 2 2 5 1 1648 3444 4016
9249 2 2 5 1 4444 2823 4912
9250 2 2 5 1 3127 2960 3389
9251 2 2 5 1 1596 1706 3297
9252 2 2 5 1 876 874 877
9253 2 2 5 1 4065 4150 4202
9254 2 2 5 1 2789 2790 4570
9255 2 2 5 1 1854 1804 6847
9256 2 2 5 1 3103 3683 4215
9257 2 2 5 1 1483 1200 3312
9258 2 2 5 1 3462 3461 3892
9259 2 2 5 1 1075 1066 1111
9260 2 2 5 1 1458 1524 2202
9261 2 2 5 1 3682 2938 3687
9262 2 2 5 1 5038 5037 5452
9263 2 2 5 1 3100 3646 3647
9264 2 2 5 1 4234 4989 5079
9265 2 2 5 1 3022 3021 3461
9266 2 2 5 1 3478 3477 3902
9267 2 2 5 1 2428 2427 2505
9268 2 2 5 1 507 493 3602
9269 2 2 5 1 859 858 860
9270 2 2 5 1 2325 3098 3100
9271 2 2 5 1 3443 2909 6995
9272 2 2 5 1 2587 2712 6911
9273 2 2 5 1 4127 4128 4757
9274 2 2 5 1 4989 4990 4991
9275 2 2 5 1 2655 1829 2727
9276 2 2 5 1 1129 1127 2656
9277 2 2 5 1 4232 4233 4234
9278 2 2 5 1 1178 1179 1293
9279 2 2 5 1 2728 2727 3840
9280 2 2 5 1 924 925 926
9281 2 2 5 1 733 767 782
9282 2 2 5 1 3065 2785 3175
9283 2 2 5 1 1171 1307 2971
9284 2 2 5 1 2231 2875 3401
9285 2 2 5 1 411 410 1390
9286 2 2 5 1 1368 960 6181
9287 2 2 5 1 2216 2305 2643
9288 2 2 5 1 2572 2573 6808
9289 2 2 5 1 1983 1981 6824
9290 2 2 5 1 6164 6210 6211
9291 2 2 5 1 4241 4240 5472
9292 2 2 5 1 2133 2132 2134
9293 2 2 5 1 1824 1823 1921
9294 2 2 5 1 3583 3769 4428
9295 2 2 5 1 3712 3714 4036
9296 2 2 5 1 1066 1064 4242
9297 2 2 5 1 1293 1294 1340
9298 2 2 5 1 1981 2276 6824
9299 2 2 5 1 3820 4257 4530
9300 2 2 5 1 3742 3744 3745
9301 2 2 5 1 1340 1341 1372
9302 2 2 5 1 6341 6340 7026
9303 2 2 5 1 4065 4202 6911
9304 2 2 5 1 1372 1391 1402
9305 2 2 5 1 977 976 1032
9306 2 2 5 1 1409 1188 1410
9307 2 2 5 1 7111 6706 7184
9308 2 2 5 1 3793 3792 4808
9309 2 2 5 1 1172 1187 6828
9310 2 2 5 1 2038 2040 2041
9311 2 2 5 1 3862 3400 3953
9312 2 2 5 1 2616 2581 3060
9313 2 2 5 1 1340 1477 6835
9314 2 2 5 1 2575 2574 6859
9315 2 2 5 1 982 1029 4236
9316 2 2 5 1 779 808 3749
9317 2 2 5 1 4865 5271 8145
9318 2 2 5 1 2609 1983 6824
9319 2 2 5 1 4895 3953 4897
9320 2 2 5 1 3657 4436 4533
9321 2 2 5 1 685 680 722
9322 2 2 5 1 528 545 2767
9323 2 2 5 1 3904 3949 4268
9324 2 2 5 1 1033 1032 1079
9325 2 2 5 1 1065 1064 1066
9326 2 2 5 1 5054 4518 5261
9327 2 2 5 1 4494 4914 6843
9328 2 2 5 1 1248 1346 7051
9329 2 2 5 1 4648 3723 4649
9330 2 2 5 1 1803 1804 1805
9331 2 2 5 1 2731 2732 3062
9332 2 2 5 1 1851 1986 6815
9333 2 2 5 1 4188 3753 4740
9334 2 2 5 1 1659 1550 2645
9335 2 2 5 1 2304 2660 2786
9336 2 2 5 1 1863 1822 2953
9337 2 2 5 1 2046 2049 2050
9338 2 2 5 1 2135 2134 2247
9339 2 2 5 1 2034 2036 2037
9340 2 2 5 1 4530 4531 4773
9341 2 2 5 1 4923 4494 6843
9342 2 2 5 1 1433 1435 1438
9343 2 2 5 1 4725 6513 6786
9344 2 2 5 1 3165 5115 7040
9345 2 2 5 1 1805 1804 1852
9346 2 2 5 1 2971 3449 4816
9347 2 2 5 1 3131 3789 6871
9348 2 2 5 1 1664 1565 1779
9349 2 2 5 1 6151 6789 7344
9350 2 2 5 1 3717 4634 4635
9351 2 2 5 1 825 905 924
9352 2 2 5 1 1954 1953 2304
9353 2 2 5 1 3746 3748 4094
9354 2 2 5 1 2283 2273 2284
9355 2 2 5 1 1391 1341 6825
9356 2 2 5 1 782 797 817
9357 2 2 5 1 1800 1801 1803
9358 2 2 5 1 3061 3060 3820
9359 2 2 5 1 911 944 1677
9360 2 2 5 1 3281 3392 6863
9361 2 2 5 1 3526 3197 4502
9362 2 2 5 1 1808 1779 1953
9363 2 2 5 1 3301 4761 6878
9364 2 2 5 1 1355 1455 1456
9365 2 2 5 1 2648 2647 2652
9366 2 2 5 1 927 925 929
9367 2 2 5 1 3840 4874 4959
9368 2 2 5 1 2304 2865 6951
9369 2 2 5 1 1480 2286 6945
9370 2 2 5 1 1720 1718 1823
9371 2 2 5 1 2226 2798 4835
9372 2 2 5 1 4034 3178 4035
9373 2 2 5 1 2264 1977 2265
9374 2 2 5 1 5122 5124 5465
9375 2 2 5 1 2646 2645 2647
9376 2 2 5 1 6569 4179 6570
9377 2 2 5 1 2836 2714 3047
9378 2 2 5 1 2288 3127 7112
9379 2 2 5 1 2461 2459 2766
9380 2 2 5 1 6588 2620 6915
9381 2 2 5 1 2453 2455 2765
9382 2 2 5 1 1033 1079 1080
9383 2 2 5 1 977 1032 1033
9384 2 2 5 1 1346 1370 3525
9385 2 2 5 1 4229 4711 5768
9386 2 2 5 1 684 1714 7867
9387 2 2 5 1 3307 3309 3550
9388 2 2 5 1 2886 3386 3507
9389 2 2 5 1 1109 1158 2641
9390 2 2 5 1 1493 1595 1596
9391 2 2 5 1 6570 4179 6732
9392 2 2 5 1 6009 4662 6660
9393 2 2 5 1 945 947 982
9394 2 2 5 1 1467 1465 1468
9395 2 2 5 1 3099 3102 3645
9396 2 2 5 1 966 965 1000
9397 2 2 5 1 1767 2585 6797
9398 2 2 5 1 1459 1461 6838
9399 2 2 5 1 58 59 6820
9400 2 2 5 1 793 818 7428
9401 2 2 5 1 2987 2989 3388
9402 2 2 5 1 932 931 976
9403 2 2 5 1 2672 2673 3015
9404 2 2 5 1 3377 3379 3633
9405 2 2 5 1 4341 1665 6679
9406 2 2 5 1 3203 6129 7288
9407 2 2 5 1 3995 4806 4807
9408 2 2 5 1 4674 5536 5537
9409 2 2 5 1 3314 3316 3551
9410 2 2 5 1 2287 1861 7038
9411 2 2 5 1 1702 1828 6840
9412 2 2 5 1 2276 4743 6824
9413 2 2 5 1 671 672 673
9414 2 2 5 1 1001 1000 1063
9415 2 2 5 1 1076 1112 1114
9416 2 2 5 1 1803 1801 1804
9417 2 2 5 1 1561 1940 1941
9418 2 2 5 1 3135 3136 3707
9419 2 2 5 1 3634 4516 4549
9420 2 2 5 1 5652 5648 7242
9421 2 2 5 1 1601 1603 1705
9422 2 2 5 1 2147 1551 6933
9423 2 2 5 1 1000 965 6787
9424 2 2 5 1 4105 4397 6146
9425 2 2 5 1 3321 3323 3553
9426 2 2 5 1 2922 2759 3453
9427 2 2 5 1 2132 2130 6781
9428 2 2 5 1 797 767 798
9429 2 2 5 1 4343 4923 6855
9430 2 2 5 1 4684 3453 4786
9431 2 2 5 1 916 875 2857
9432 2 2 5 1 1607 1609 1704
9433 2 2 5 1 1509 1511 2619
9434 2 2 5 1 3333 3335 3555
9435 2 2 5 1 932 976 977
9436 2 2 5 1 3372 3374 3635
9437 2 2 5 1 3707 3708 4319
9438 2 2 5 1 4140 6078 6079
9439 2 2 5 1 4202 6026 6027
9440 2 2 5 1 2877 3916 3917
9441 2 2 5 1 1421 1362 1422
9442 2 2 5 1 2640 2228 2759
9443 2 2 5 1 731 730 732
9444 2 2 5 1 1613 1615 1703
9445 2 2 5 1 3062 3063 3655
9446 2 2 5 1 4939 4940 4941
9447 2 2 5 1 3346 3348 3556
9448 2 2 5 1 1800 1526 1801
9449 2 2 5 1 3656 3655 4532
9450 2 2 5 1 2100 2275 2654
9451 2 2 5 1 2991 2993 3594
9452 2 2 5 1 4227 3280 6863
9453 2 2 5 1 4333 5027 5028
9454 2 2 5 1 1619 1621 1700
9455 2 2 5 1 837 836 6920
9456 2 2 5 1 3673 2268 4231
9457 2 2 5 1 1587 1584 2531
9458 2 2 5 1 3358 3360 3557
9459 2 2 5 1 1631 1633 1689
9460 2 2 5 1 3133 3134 3135
9461 2 2 5 1 3462 3892 6749
9462 2 2 5 1 3366 3368 3636
9463 2 2 5 1 4969 4971 5190
9464 2 2 5 1 3170 4214 7003
9465 2 2 5 1 1625 1627 1699
9466 2 2 5 1 6621 6651 6841
9467 2 2 5 1 6347 4245 7107
9468 2 2 5 1 2137 2059 2617
9469 2 2 5 1 926 925 927
9470 2 2 5 1 4979 4977 5191
9471 2 2 5 1 1505 1507 1521
9472 2 2 5 1 2041 2042 2047
9473 2 2 5 1 673 674 675
9474 2 2 5 1 4246 3918 5060
9475 2 2 5 1 911 912 944
9476 2 2 5 1 547 553 6994
9477 2 2 5 1 1597 1599 6842
9478 2 2 5 1 1643 1829 2655
9479 2 2 5 1 3295 3298 3299
9480 2 2 5 1 5773 707 5774
9481 2 2 5 1 982 983 1029
9482 2 2 5 1 448 447 7025
9483 2 2 5 1 1679 1655 1814
9484 2 2 5 1 388 799 6813
9485 2 2 5 1 4246 5294 5318
9486 2 2 5 1 1001 1063 1064
9487 2 2 5 1 966 1000 1001
9488 2 2 5 1 799 387 6735
9489 2 2 5 1 1029 1030 1076
9490 2 2 5 1 1654 1539 1655
9491 2 2 5 1 728 729 776
9492 2 2 5 1 4243 2728 4413
9493 2 2 5 1 2995 2998 3593
9494 2 2 5 1 5659 4097 7071
9495 2 2 5 1 918 903 931
9496 2 2 5 1 3392 3829 6863
9497 2 2 5 1 4232 4231 4233
9498 2 2 5 1 2194 2193 2195
9499 2 2 5 1 1538 1410 1539
9500 2 2 5 1 4533 4534 4804
9501 2 2 5 1 1179 1111 7059
9502 2 2 5 1 6046 6047 6049
9503 2 2 5 1 800 361 6816
9504 2 2 5 1 1940 6754 7068
9505 2 2 5 1 4234 4233 4989
9506 2 2 5 1 3238 2539 3239
9507 2 2 5 1 1861 6421 7038
9508 2 2 5 1 3901 4266 4552
9509 2 2 5 1 776 777 805
9510 2 2 5 1 805 806 828
9511 2 2 5 1 2705 2180 6850
9512 2 2 5 1 1986 3677 6815
9513 2 2 5 1 828 829 911
9514 2 2 5 1 867 866 6956
9515 2 2 5 1 2328 2327 3186
9516 2 2 5 1 6674 1823 6906
9517 2 2 5 1 2609 6824 6995
9518 2 2 5 1 1541 1540 1682
9519 2 2 5 1 675 676 677
9520 2 2 5 1 3123 977 6861
9521 2 2 5 1 3728 2599 6929
9522 2 2 5 1 4635 5396 5397
9523 2 2 5 1 1677 2631 2632
9524 2 2 5 1 7 527 528
9525 2 2 5 1 2223 2224 2225
9526 2 2 5 1 1076 1077 1112
9527 2 2 5 1 4153 4196 6792
9528 2 2 5 1 2818 3275 6857
9529 2 2 5 1 2585 1851 6815
9530 2 2 5 1 4136 4691 6985
9531 2 2 5 1 3587 4828 6923
9532 2 2 5 1 871 870 6915
9533 2 2 5 1 4288 4287 4664
9534 2 2 5 1 2550 860 2551
9535 2 2 5 1 4792 3781 6871
9536 2 2 5 1 877 874 2620
9537 2 2 5 1 677 678 679
9538 2 2 5 1 3129 2634 3130
9539 2 2 5 1 1112 1113 1171
9540 2 2 5 1 4549 5078 5173
9541 2 2 5 1 2573 2576 6808
9542 2 2 5 1 2256 2776 6981
9543 2 2 5 1 5145 5142 5146
9544 2 2 5 1 3409 3411 3794
9545 2 2 5 1 930 929 965
9546 2 2 5 1 1171 1172 1307
9547 2 2 5 1 3753 2147 6933
9548 2 2 5 1 2544 848 2545
9549 2 2 5 1 3212 3192 3296
9550 2 2 5 1 930 965 966
9551 2 2 5 1 3788 4343 6855
9552 2 2 5 1 3995 4807 5429
9553 2 2 5 1 3149 3150 3530
9554 2 2 5 1 3129 3130 3131
9555 2 2 5 1 3449 3767 4276
9556 2 2 5 1 782 767 797
9557 2 2 5 1 6679 1523 6852
9558 2 2 5 1 679 680 681
9559 2 2 5 1 2655 2727 2728
9560 2 2 5 1 3786 4062 4379
9561 2 2 5 1 1553 1554 1555
9562 2 2 5 1 3131 3696 3786
9563 2 2 5 1 1456 1457 1458
9564 2 2 5 1 561 562 563
9565 2 2 5 1 559 560 561
9566 2 2 5 1 3892 3461 4465
9567 2 2 5 1 4572 4571 4573
9568 2 2 5 1 1639 1641 1690
9569 2 2 5 1 685 723 3302
9570 2 2 5 1 3902 3477 4450
9571 2 2 5 1 1635 1637 2657
9572 2 2 5 1 2207 2209 2325
9573 2 2 5 1 3508 3897 4322
9574 2 2 5 1 6722 4746 6929
9575 2 2 5 1 3400 2818 6857
9576 2 2 5 1 2693 2694 2695
9577 2 2 5 1 3687 2938 4239
9578 2 2 5 1 3562 3571 4564
9579 2 2 5 1 3509 3886 4039
9580 2 2 5 1 733 732 767
9581 2 2 5 1 3829 3788 6855
9582 2 2 5 1 1458 1459 1524
9583 2 2 5 1 4068 4367 4368
9584 2 2 5 1 4546 4547 5221
9585 2 2 5 1 2325 2326 3098
9586 2 2 5 1 3565 4445 6928
9587 2 2 5 1 2206 2205 2207
9588 2 2 5 1 6688 2645 6905
9589 2 2 5 1 1596 1597 1706
9590 2 2 5 1 6234 6232 7189
9591 2 2 5 1 786 768 792
9592 2 2 5 1 2204 2203 2205
9593 2 2 5 1 4107 4270 4323
9594 2 2 5 1 4184 4228 4229
9595 2 2 5 1 836 822 1287
9596 2 2 5 1 2959 2603 3764
9597 2 2 5 1 918 931 932
9598 2 2 5 1 669 670 671
9599 2 2 5 1 3647 3646 4546
9600 2 2 5 1 4786 3453 5255
9601 2 2 5 1 3351 4782 4783
9602 2 2 5 1 3916 2977 3918
9603 2 2 5 1 3383 4303 6705
9604 2 2 5 1 2642 6854 7018
9605 2 2 5 1 5589 4455 6766
9606 2 2 5 1 901 841 903
9607 2 2 5 1 817 797 6944
9608 2 2 5 1 840 816 841
9609 2 2 5 1 776 805 2644
9610 2 2 5 1 2003 2600 6775
9611 2 2 5 1 2303 3512 4815
9612 2 2 5 1 3295 3299 3301
9613 2 2 5 1 2202 1524 2203
9614 2 2 5 1 2299 2589 2794
9615 2 2 5 1 1046 1378 6406
9616 2 2 5 1 6824 4743 6995
9617 2 2 5 1 2361 2360 2362
9618 2 2 5 1 2509 3735 6930
9619 2 2 5 1 6768 7353 7430
9620 2 2 5 1 815 798 816
9621 2 2 5 1 4107 4323 5511
9622 2 2 5 1 1682 6769 6770
9623 2 2 5 1 6752 6985 7684
9624 2 2 5 1 1327 1399 1400
9625 2 2 5 1 3297 1706 4739
9626 2 2 5 1 2688 6784 6932
9627 2 2 5 1 3745 3746 6800
9628 2 2 5 1 747 746 7006
9629 2 2 5 1 874 871 6915
9630 2 2 5 1 3100 3098 3646
9631 2 2 5 1 870 867 6956
9632 2 2 5 1 1322 1987 2062
9633 2 2 5 1 2794 2885 2886
9634 2 2 5 1 2626 2624 7001
9635 2 2 5 1 723 722 778
9636 2 2 5 1 3490 4333 6918
9637 2 2 5 1 3677 3565 6928
9638 2 2 5 1 553 2760 6994
9639 2 2 5 1 2971 1307 3449
9640 2 2 5 1 681 680 685
9641 2 2 5 1 4220 2622 6724
9642 2 2 5 1 3106 3108 3849
9643 2 2 5 1 2925 2419 3192
9644 2 2 5 1 679 678 680
9645 2 2 5 1 6567 1701 7022
9646 2 2 5 1 5511 5512 5656
9647 2 2 5 1 2229 2679 3105
9648 2 2 5 1 2550 2551 2809
9649 2 2 5 1 4167 6565 7016
9650 2 2 5 1 3048 3047 3980
9651 2 2 5 1 1815 1814 6948
9652 2 2 5 1 5831 4117 5832
9653 2 2 5 1 4379 4062 5551
9654 2 2 5 1 677 676 678
9655 2 2 5 1 2916 3670 3671
9656 2 2 5 1 3902 4450 5037
9657 2 2 5 1 5117 5116 5202
9658 2 2 5 1 3131 3130 3696
9659 2 2 5 1 2544 2545 2812
9660 2 2 5 1 2621 2620 2815
9661 2 2 5 1 3301 3585 3812
9662 2 2 5 1 675 674 676
9663 2 2 5 1 4297 3755 4787
9664 2 2 5 1 2184 2183 2327
9665 2 2 5 1 2041 2047 2688
9666 2 2 5 1 877 2620 2621
9667 2 2 5 1 5019 4465 5259
9668 2 2 5 1 3892 4465 5019
9669 2 2 5 1 2567 2569 6869
9670 2 2 5 1 976 931 6907
9671 2 2 5 1 5037 4450 5235
9672 2 2 5 1 2809 2551 2963
9673 2 2 5 1 3021 2815 3509
9674 2 2 5 1 2037 2038 6932
9675 2 2 5 1 3786 3696 4062
9676 2 2 5 1 4268 5571 5596
9677 2 2 5 1 2270 3177 3503
9678 2 2 5 1 836 1287 3294
9679 2 2 5 1 2576 2616 6808
9680 2 2 5 1 1696 1809 1810
9681 2 2 5 1 815 4747 6944
9682 2 2 5 1 5721 3237 7323
9683 2 2 5 1 1448 1572 2789
9684 2 2 5 1 3304 3305 4106
9685 2 2 5 1 1830 1978 1980
9686 2 2 5 1 2809 2963 3477
9687 2 2 5 1 4940 3986 6943
9688 2 2 5 1 2219 3013 4719
9689 2 2 5 1 5075 5074 5076
9690 2 2 5 1 4466 4467 4904
9691 2 2 5 1 3105 2679 3106
9692 2 2 5 1 1490 1695 1696
9693 2 2 5 1 673 672 674
9694 2 2 5 1 3687 4239 4240
9695 2 2 5 1 5919 2859 7319
9696 2 2 5 1 4894 4021 6814
9697 2 2 5 1 2621 2815 3021
9698 2 2 5 1 833 832 6927
9699 2 2 5 1 2812 2884 3552
9700 2 2 5 1 3552 3583 4529
9701 2 2 5 1 2812 2545 2884
9702 2 2 5 1 1719 3288 6906
9703 2 2 5 1 1707 1794 1830
9704 2 2 5 1 5429 4807 5430
9705 2 2 5 1 667 668 669
9706 2 2 5 1 3876 4556 7076
9707 2 2 5 1 3135 3707 3716
9708 2 2 5 1 3784 2705 6850
9709 2 2 5 1 3552 2884 3583
9710 2 2 5 1 4393 4518 5054
9711 2 2 5 1 2284 2273 3558
9712 2 2 5 1 6231 6232 6233
9713 2 2 5 1 779 778 807
9714 2 2 5 1 4240 4239 4751
9715 2 2 5 1 924 905 925
9716 2 2 5 1 2699 3944 3962
9717 2 2 5 1 4244 1375 6874
9718 2 2 5 1 672 670 721
9719 2 2 5 1 1335 4244 6877
9720 2 2 5 1 901 903 918
9721 2 2 5 1 840 841 901
9722 2 2 5 1 6628 6625 6886
9723 2 2 5 1 4164 6929 7058
9724 2 2 5 1 1718 1719 6906
9725 2 2 5 1 808 807 824
9726 2 2 5 1 815 816 840
9727 2 2 5 1 825 824 904
9728 2 2 5 1 1526 1359 6854
9729 2 2 5 1 3653 3172 3940
9730 2 2 5 1 6212 2523 7236
9731 2 2 5 1 4724 4723 6970
9732 2 2 5 1 932 3123 6924
9733 2 2 5 1 1033 1081 6861
9734 2 2 5 1 2413 4191 6700
9735 2 2 5 1 1106 2486 6663
9736 2 2 5 1 5138 5137 5139
9737 2 2 5 1 5799 2711 7441
9738 2 2 5 1 2424 2825 2826
9739 2 2 5 1 6614 2796 6899
9740 2 2 5 1 732 730 4247
9741 2 2 5 1 1453 1452 1540
9742 2 2 5 1 1412 1651 6874
9743 2 2 5 1 2632 2631 2701
9744 2 2 5 1 665 666 667
9745 2 2 5 1 1359 1501 6854
9746 2 2 5 1 704 703 728
9747 2 2 5 1 1253 1144 1254
9748 2 2 5 1 2180 3059 6850
9749 2 2 5 1 4747 840 6914
9750 2 2 5 1 846 837 6920
9751 2 2 5 1 3812 3585 3995
9752 2 2 5 1 5139 5137 5148
9753 2 2 5 1 1814 1655 1816
9754 2 2 5 1 7185 6208 7244
9755 2 2 5 1 1677 944 2631
9756 2 2 5 1 3290 1565 6900
9757 2 2 5 1 2228 1856 2229
9758 2 2 5 1 1539 1410 4252
9759 2 2 5 1 3490 3936 4333
9760 2 2 5 1 3934 4046 4958
9761 2 2 5 1 663 664 665
9762 2 2 5 1 2577 2579 6891
9763 2 2 5 1 59 60 6819
9764 2 2 5 1 1501 4198 6854
9765 2 2 5 1 3301 3299 3585
9766 2 2 5 1 4100 5885 5886
9767 2 2 5 1 5275 5274 5276
9768 2 2 5 1 704 728 730
9769 2 2 5 1 1888 1890 6856
9770 2 2 5 1 5511 4323 5512
9771 2 2 5 1 6837 1348 7142
9772 2 2 5 1 927 929 930
9773 2 2 5 1 4828 4505 4829
9774 2 2 5 1 1288 1258 6877
9775 2 2 5 1 1855 1816 1856
9776 2 2 5 1 3536 3911 3912
9777 2 2 5 1 797 798 815
9778 2 2 5 1 6559 7109 7209
9779 2 2 5 1 4222 6588 7118
9780 2 2 5 1 2505 3303 3304
9781 2 2 5 1 2589 1980 6992
9782 2 2 5 1 3105 3106 6888
9783 2 2 5 1 3275 3278 6857
9784 2 2 5 1 542 547 555
9785 2 2 5 1 2892 2217 6953
9786 2 2 5 1 671 670 672
9787 2 2 5 1 528 544 545
9788 2 2 5 1 3671 4029 4256
9789 2 2 5 1 3355 3490 6918
9790 2 2 5 1 705 686 1566
9791 2 2 5 1 1855 1856 2228
9792 2 2 5 1 5140 5139 5143
9793 2 2 5 1 5341 4031 5404
9794 2 2 5 1 1998 2949 6776
9795 2 2 5 1 2650 2648 6860
9796 2 2 5 1 982 4236 6974
9797 2 2 5 1 685 722 723
9798 2 2 5 1 4225 4341 4401
9799 2 2 5 1 2938 2506 6957
9800 2 2 5 1 545 556 557
9801 2 2 5 1 2688 2689 3132
9802 2 2 5 1 645 659 660
9803 2 2 5 1 557 644 645
9804 2 2 5 1 4539 4035 4540
9805 2 2 5 1 7577 4349 7591
9806 2 2 5 1 849 2544 6868
9807 2 2 5 1 1804 1801 6847
9808 2 2 5 1 3278 4226 6857
9809 2 2 5 1 861 2550 6870
9810 2 2 5 1 6636 6628 6886
9811 2 2 5 1 4294 4453 7515
9812 2 2 5 1 3294 1287 3295
9813 2 2 5 1 1400 1401 1490
9814 2 2 5 1 3059 2176 6876
9815 2 2 5 1 3132 3133 3792
9816 2 2 5 1 554 558 559
9817 2 2 5 1 2581 2577 6891
9818 2 2 5 1 1479 1288 6900
9819 2 2 5 1 6190 6192 7010
9820 2 2 5 1 426 480 6803
9821 2 2 5 1 4106 3305 4107
9822 2 2 5 1 723 778 779
9823 2 2 5 1 1545 1649 1707
9824 2 2 5 1 2506 2505 6957
9825 2 2 5 1 2969 2970 3383
9826 2 2 5 1 2176 2175 6876
9827 2 2 5 1 2038 2041 6932
9828 2 2 5 1 1814 1816 1855
9829 2 2 5 1 661 662 663
9830 2 2 5 1 3671 4027 4029
9831 2 2 5 1 2505 2427 3303
9832 2 2 5 1 3767 1307 6828
9833 2 2 5 1 779 807 808
9834 2 2 5 1 2688 2047 2689
9835 2 2 5 1 851 849 6868
9836 2 2 5 1 808 824 825
9837 2 2 5 1 825 904 905
9838 2 2 5 1 797 815 6944
9839 2 2 5 1 3623 2821 6038
9840 2 2 5 1 4674 5537 5538
9841 2 2 5 1 1428 1427 1429
9842 2 2 5 1 1515 1517 1519
9843 2 2 5 1 1667 1769 1770
9844 2 2 5 1 3863 3514 6884
9845 2 2 5 1 6334 2554 7088
9846 2 2 5 1 863 861 6870
9847 2 2 5 1 1307 1172 6828
9848 2 2 5 1 2737 4230 6876
9849 2 2 5 1 4237 3130 6895
9850 2 2 5 1 3534 3535 3536
9851 2 2 5 1 417 1281 6807
9852 2 2 5 1 3132 2689 3133
9853 2 2 5 1 2877 2306 2977
9854 2 2 5 1 3288 2567 6869
9855 2 2 5 1 790 760 6795
9856 2 2 5 1 4615 4954 5343
9857 2 2 5 1 561 563 565
9858 2 2 5 1 4953 4616 5344
9859 2 2 5 1 1855 2640 6948
9860 2 2 5 1 4020 3296 4031
9861 2 2 5 1 4746 6756 7058
9862 2 2 5 1 920 918 6924
9863 2 2 5 1 438 483 6806
9864 2 2 5 1 1259 1145 6901
9865 2 2 5 1 3298 1287 6949
9866 2 2 5 1 6277 6278 7046
9867 2 2 5 1 3735 4140 6930
9868 2 2 5 1 5868 4763 7397
9869 2 2 5 1 2920 3863 6909
9870 2 2 5 1 1751 1750 1752
9871 2 2 5 1 938 876 6882
9872 2 2 5 1 5308 4540 5309
9873 2 2 5 1 3304 3303 3305
9874 2 2 5 1 5077 5076 5110
9875 2 2 5 1 2601 817 6944
9876 2 2 5 1 1571 1405 2211
9877 2 2 5 1 8 493 506
9878 2 2 5 1 4255 1524 6838
9879 2 2 5 1 876 877 6882
9880 2 2 5 1 565 6834 6964
9881 2 2 5 1 1293 6835 6896
9882 2 2 5 1 3532 3533 3534
9883 2 2 5 1 4555 4025 5311
9884 2 2 5 1 3514 3691 6884
9885 2 2 5 1 4220 6724 6999
9886 2 2 5 1 4246 5060 5294
9887 2 2 5 1 1524 1459 6838
9888 2 2 5 1 1088 938 6881
9889 2 2 5 1 493 442 6805
9890 2 2 5 1 3973 3979 4430
9891 2 2 5 1 2748 2491 6255
9892 2 2 5 1 2175 2737 6876
9893 2 2 5 1 3129 3131 6871
9894 2 2 5 1 1701 1546 7022
9895 2 2 5 1 3383 3476 4303
9896 2 2 5 1 1258 1335 6877
9897 2 2 5 1 484 413 6804
9898 2 2 5 1 1200 1178 6896
9899 2 2 5 1 2660 1953 6919
9900 2 2 5 1 3888 3558 4021
9901 2 2 5 1 3400 6857 7035
9902 2 2 5 1 2652 3055 6860
9903 2 2 5 1 901 920 6914
9904 2 2 5 1 3751 3239 3752
9905 2 2 5 1 3169 2756 3172
9906 2 2 5 1 3746 4094 6800
9907 2 2 5 1 5538 5537 5576
9908 2 2 5 1 1550 1487 6905
9909 2 2 5 1 2648 2652 6860
9910 2 2 5 1 4996 4994 4997
9911 2 2 5 1 2242 2309 2310
9912 2 2 5 1 3559 790 6795
9913 2 2 5 1 3980 3047 4619
9914 2 2 5 1 2011 2013 6879
9915 2 2 5 1 2655 4243 6962
9916 2 2 5 1 559 561 6964
9917 2 2 5 1 4777 4021 4894
9918 2 2 5 1 1451 1450 1452
9919 2 2 5 1 542 555 6873
9920 2 2 5 1 6625 6841 6886
9921 2 2 5 1 1449 1381 1450
9922 2 2 5 1 1344 1419 1545
9923 2 2 5 1 1879 2281 6880
9924 2 2 5 1 3708 3710 6904
9925 2 2 5 1 3939 5041 6969
9926 2 2 5 1 5932 1706 6842
9927 2 2 5 1 1375 1412 6874
9928 2 2 5 1 4540 4035 5043
9929 2 2 5 1 977 1033 6861
9930 2 2 5 1 653 703 704
9931 2 2 5 1 1779 3290 6919
9932 2 2 5 1 5538 5576 6111
9933 2 2 5 1 2057 2056 2058
9934 2 2 5 1 2418 2199 2419
9935 2 2 5 1 1001 1065 6902
9936 2 2 5 1 3916 3918 4246
9937 2 2 5 1 4361 4366 7481
9938 2 2 5 1 4691 6779 7674
9939 2 2 5 1 2569 2572 6869
9940 2 2 5 1 4223 966 6902
9941 2 2 5 1 1461 1493 6922
9942 2 2 5 1 4740 3753 6933
9943 2 2 5 1 2435 2439 6997
9944 2 2 5 1 1706 1597 6842
9945 2 2 5 1 3710 3712 6903
9946 2 2 5 1 1709 1710 1711
9947 2 2 5 1 3609 448 7025
9948 2 2 5 1 2697 2698 2699
9949 2 2 5 1 2063 2300 2969
9950 2 2 5 1 1421 1422 1423
9951 2 2 5 1 3041 4130 4131
9952 2 2 5 1 2823 1815 6894
9953 2 2 5 1 653 652 703
9954 2 2 5 1 652 3273 6938
9955 2 2 5 1 2865 2786 6909
9956 2 2 5 1 569 568 652
9957 2 2 5 1 750 747 7006
9958 2 2 5 1 4256 4029 4355
9959 2 2 5 1 2611 439 6806
9960 2 2 5 1 2059 928 6935
9961 2 2 5 1 6958 4435 7047
9962 2 2 5 1 2311 2309 7124
9963 2 2 5 1 567 566 568
9964 2 2 5 1 1145 1082 6901
9965 2 2 5 1 1471 1469 1472
9966 2 2 5 1 729 703 6938
9967 2 2 5 1 1565 1479 6900
9968 2 2 5 1 6151 7344 7370
9969 2 2 5 1 3312 1200 6896
9970 2 2 5 1 3394 3353 4284
9971 2 2 5 1 2187 2117 6989
9972 2 2 5 1 3034 3032 3043
9973 2 2 5 1 1187 1355 6998
9974 2 2 5 1 3364 3932 3934
9975 2 2 5 1 6805 441 6827
9976 2 2 5 1 2858 2247 6966
9977 2 2 5 1 4184 2942 4228
9978 2 2 5 1 3287 2629 7001
9979 2 2 5 1 3985 4907 4908
9980 2 2 5 1 565 563 566
9981 2 2 5 1 6905 1567 7098
9982 2 2 5 1 2513 2481 6984
9983 2 2 5 1 1371 1347 1380
9984 2 2 5 1 4277 2516 7006
9985 2 2 5 1 2796 3068 6899
9986 2 2 5 1 4319 3708 6904
9987 2 2 5 1 1178 1293 6896
9988 2 2 5 1 1037 4095 6158
9989 2 2 5 1 2974 2832 3554
9990 2 2 5 1 1079 1119 6889
9991 2 2 5 1 6163 6164 6613
9992 2 2 5 1 2124 2123 2183
9993 2 2 5 1 440 2611 6827
9994 2 2 5 1 2172 2477 3758
9995 2 2 5 1 2284 3558 3888
9996 2 2 5 1 73 74 7017
9997 2 2 5 1 6659 6657 7043
9998 2 2 5 1 1665 1520 6679
9999 2 2 5 1 4169 4167 7016
10000 2 2 5 1 822 809 6949
10001 2 2 5 1 527 409 6801
10002 2 2 5 1 4229 4228 4711
10003 2 2 5 1 2877 2977 3916
10004 2 2 5 1 2134 2414 6966
10005 2 2 5 1 1954 2304 6951
10006 2 2 5 1 1823 1718 6906
10007 2 2 5 1 3987 5274 5275
10008 2 2 5 1 2042 2044 7020
10009 2 2 5 1 1082 3292 6901
10010 2 2 5 1 2817 3862 6931
10011 2 2 5 1 2786 2920 6909
10012 2 2 5 1 1393 1416 7304
10013 2 2 5 1 669 668 670
10014 2 2 5 1 565 566 567
10015 2 2 5 1 569 652 653
10016 2 2 5 1 854 851 6868
10017 2 2 5 1 567 568 569
10018 2 2 5 1 1288 6877 6900
10019 2 2 5 1 2268 1954 6951
10020 2 2 5 1 4239 2938 6957
10021 2 2 5 1 866 863 6870
10022 2 2 5 1 3082 3083 3084
10023 2 2 5 1 3980 4619 5167
10024 2 2 5 1 3249 3531 3532
10025 2 2 5 1 667 666 668
10026 2 2 5 1 4127 3752 4128
10027 2 2 5 1 2579 2731 6891
10028 2 2 5 1 2620 874 6915
10029 2 2 5 1 4589 1742 4590
10030 2 2 5 1 1453 1540 1541
10031 2 2 5 1 1994 1992 7007
10032 2 2 5 1 1072 1106 6663
10033 2 2 5 1 3468 3867 4706
10034 2 2 5 1 2047 2042 7020
10035 2 2 5 1 3055 2778 6931
10036 2 2 5 1 1080 1079 6889
10037 2 2 5 1 2710 2384 5800
10038 2 2 5 1 3271 2151 7108
10039 2 2 5 1 1868 1870 1972
10040 2 2 5 1 4759 7045 7121
10041 2 2 5 1 4739 5932 7250
10042 2 2 5 1 2909 2609 6995
10043 2 2 5 1 2634 2632 6895
10044 2 2 5 1 1188 1129 6921
10045 2 2 5 1 1063 1109 6897
10046 2 2 5 1 6250 7411 7662
10047 2 2 5 1 3292 1080 6889
10048 2 2 5 1 1546 1569 7022
10049 2 2 5 1 4304 4274 7177
10050 2 2 5 1 2117 6775 6989
10051 2 2 5 1 993 978 2860
10052 2 2 5 1 5432 4643 7288
10053 2 2 5 1 2230 2057 7134
10054 2 2 5 1 2599 6722 6929
10055 2 2 5 1 1425 1423 1426
10056 2 2 5 1 553 548 554
10057 2 2 5 1 547 543 548
10058 2 2 5 1 542 534 543
10059 2 2 5 1 533 522 534
10060 2 2 5 1 836 3294 6920
10061 2 2 5 1 521 514 522
10062 2 2 5 1 5106 7693 7726
10063 2 2 5 1 1487 1567 6905
10064 2 2 5 1 1286 1088 6881
10065 2 2 5 1 1119 1180 6934
10066 2 2 5 1 2198 2197 2199
10067 2 2 5 1 3178 3048 6917
10068 2 2 5 1 3752 3239 4253
10069 2 2 5 1 665 664 666
10070 2 2 5 1 2417 3166 7668
10071 2 2 5 1 1977 1863 6926
10072 2 2 5 1 945 982 6974
10073 2 2 5 1 966 1001 6902
10074 2 2 5 1 513 507 514
10075 2 2 5 1 44 45 7027
10076 2 2 5 1 3106 3849 6888
10077 2 2 5 1 1792 1793 1806
10078 2 2 5 1 1972 1973 2241
10079 2 2 5 1 2714 2264 6925
10080 2 2 5 1 1953 1779 6919
10081 2 2 5 1 3888 4021 4777
10082 2 2 5 1 2203 4255 6954
10083 2 2 5 1 944 945 6974
10084 2 2 5 1 3393 3363 4778
10085 2 2 5 1 1180 2120 6934
10086 2 2 5 1 2271 2858 6947
10087 2 2 5 1 6830 6514 7091
10088 2 2 5 1 2645 1550 6905
10089 2 2 5 1 6854 4198 7018
10090 2 2 5 1 2209 2205 6954
10091 2 2 5 1 1475 1473 6407
10092 2 2 5 1 4100 4051 4683
10093 2 2 5 1 1503 1505 6946
10094 2 2 5 1 2778 2817 6931
10095 2 2 5 1 68 69 6821
10096 2 2 5 1 4142 2582 7171
10097 2 2 5 1 4777 4894 5097
10098 2 2 5 1 2539 2284 6993
10099 2 2 5 1 3084 3506 4913
10100 2 2 5 1 506 493 507
10101 2 2 5 1 661 660 662
10102 2 2 5 1 3476 2970 3981
10103 2 2 5 1 2913 3447 3448
10104 2 2 5 1 3840 4959 6950
10105 2 2 5 1 4774 4308 7245
10106 2 2 5 1 663 662 664
10107 2 2 5 1 2568 2566 7171
10108 2 2 5 1 3099 3645 6967
10109 2 2 5 1 1064 1063 6897
10110 2 2 5 1 1038 985 5949
10111 2 2 5 1 3878 3879 4452
10112 2 2 5 1 3208 4287 4288
10113 2 2 5 1 4408 3804 4409
10114 2 2 5 1 4707 6497 7194
10115 2 2 5 1 528 527 544
10116 2 2 5 1 2108 4216 6883
10117 2 2 5 1 683 681 6898
10118 2 2 5 1 4242 1064 6897
10119 2 2 5 1 1425 1426 1427
10120 2 2 5 1 3500 3498 4831
10121 2 2 5 1 4198 1503 6946
10122 2 2 5 1 6857 4226 7035
10123 2 2 5 1 3259 3261 3262
10124 2 2 5 1 5977 4482 7127
10125 2 2 5 1 4547 3646 6967
10126 2 2 5 1 543 2947 6952
10127 2 2 5 1 6887 4793 7294
10128 2 2 5 1 918 932 6924
10129 2 2 5 1 1456 6788 6998
10130 2 2 5 1 2728 3840 6950
10131 2 2 5 1 2919 2629 3287
10132 2 2 5 1 1596 3297 6922
10133 2 2 5 1 3098 3099 6967
10134 2 2 5 1 5768 4711 7015
10135 2 2 5 1 4180 2011 6879
10136 2 2 5 1 1814 1855 6948
10137 2 2 5 1 1659 2646 6990
10138 2 2 5 1 2013 2535 6879
10139 2 2 5 1 2208 2207 6958
10140 2 2 5 1 2886 3507 3899
10141 2 2 5 1 2281 3118 6880
10142 2 2 5 1 463 58 6820
10143 2 2 5 1 3118 2435 6997
10144 2 2 5 1 2363 2362 2364
10145 2 2 5 1 3940 4851 4853
10146 2 2 5 1 4031 3296 4688
10147 2 2 5 1 4603 3747 7033
10148 2 2 5 1 3122 1879 6880
10149 2 2 5 1 3748 3904 7042
10150 2 2 5 1 2323 2324 2843
10151 2 2 5 1 545 544 556
10152 2 2 5 1 930 4223 6963
10153 2 2 5 1 2743 2742 3005
10154 2 2 5 1 2310 2311 2323
10155 2 2 5 1 1641 1643 6962
10156 2 2 5 1 1612 6274 7113
10157 2 2 5 1 660 659 718
10158 2 2 5 1 645 644 659
10159 2 2 5 1 928 927 6963
10160 2 2 5 1 557 556 644
10161 2 2 5 1 4196 3559 6795
10162 2 2 5 1 1453 1541 1687
10163 2 2 5 1 5097 4894 5168
10164 2 2 5 1 3048 3980 6917
10165 2 2 5 1 6828 1187 6998
10166 2 2 5 1 553 554 1742
10167 2 2 5 1 2196 2195 2197
10168 2 2 5 1 2427 2187 6989
10169 2 2 5 1 2325 3100 6958
10170 2 2 5 1 5886 5885 5887
10171 2 2 5 1 2747 3204 6826
10172 2 2 5 1 2439 4674 6997
10173 2 2 5 1 963 964 994
10174 2 2 5 1 4912 2823 6894
10175 2 2 5 1 6894 1815 6948
10176 2 2 5 1 4227 6863 7028
10177 2 2 5 1 2639 2747 6826
10178 2 2 5 1 1711 1712 1743
10179 2 2 5 1 3127 4315 7023
10180 2 2 5 1 4140 6079 6930
10181 2 2 5 1 1658 1543 1683
10182 2 2 5 1 2632 2701 6895
10183 2 2 5 1 6838 1461 6922
10184 2 2 5 1 2843 2844 3109
10185 2 2 5 1 1593 1646 1647
10186 2 2 5 1 3621 4592 4593
10187 2 2 5 1 3712 4036 6903
10188 2 2 5 1 1451 1452 1453
10189 2 2 5 1 6808 4204 7019
10190 2 2 5 1 2041 2688 6932
10191 2 2 5 1 840 901 6914
10192 2 2 5 1 3245 1368 6181
10193 2 2 5 1 506 507 513
10194 2 2 5 1 1163 1162 1164
10195 2 2 5 1 1109 2641 6897
10196 2 2 5 1 558 548 6952
10197 2 2 5 1 1493 1596 6922
10198 2 2 5 1 2482 3284 7039
10199 2 2 5 1 904 2172 7032
10200 2 2 5 1 3766 3232 3943
10201 2 2 5 1 4231 2268 6951
10202 2 2 5 1 1355 1456 6998
10203 2 2 5 1 2386 2383 6690
10204 2 2 5 1 3186 3889 6982
10205 2 2 5 1 1251 6853 6955
10206 2 2 5 1 1357 1537 7176
10207 2 2 5 1 6836 905 7032
10208 2 2 5 1 1158 1251 6955
10209 2 2 5 1 3883 3882 6961
10210 2 2 5 1 3491 3356 4415
10211 2 2 5 1 2406 2409 6692
10212 2 2 5 1 2044 2046 7036
10213 2 2 5 1 6863 3829 7028
10214 2 2 5 1 513 514 521
10215 2 2 5 1 547 548 553
10216 2 2 5 1 542 543 547
10217 2 2 5 1 533 534 542
10218 2 2 5 1 521 522 533
10219 2 2 5 1 2617 2059 6935
10220 2 2 5 1 4783 4782 5940
10221 2 2 5 1 1432 1431 1433
10222 2 2 5 1 3068 3741 6899
10223 2 2 5 1 7164 2630 7243
10224 2 2 5 1 3619 3874 3875
10225 2 2 5 1 3204 3205 7021
10226 2 2 5 1 2305 2306 2877
10227 2 2 5 1 2305 2217 2306
10228 2 2 5 1 6972 2619 6973
10229 2 2 5 1 2210 1960 7011
10230 2 2 5 1 4466 3881 4467
10231 2 2 5 1 1241 1239 1242
10232 2 2 5 1 5075 5076 5077
10233 2 2 5 1 2927 2418 7031
10234 2 2 5 1 6233 6234 6235
10235 2 2 5 1 2963 3508 6936
10236 2 2 5 1 2572 6808 7019
10237 2 2 5 1 1756 1755 1757
10238 2 2 5 1 2948 2287 7038
10239 2 2 5 1 4442 4443 5156
10240 2 2 5 1 4193 5074 5075
10241 2 2 5 1 1844 1737 4327
10242 2 2 5 1 2505 3304 6957
10243 2 2 5 1 4117 2513 6984
10244 2 2 5 1 3602 493 6805
10245 2 2 5 1 681 685 6898
10246 2 2 5 1 1758 1757 1760
10247 2 2 5 1 3239 2539 6993
10248 2 2 5 1 3461 3021 6941
10249 2 2 5 1 1171 2971 6980
10250 2 2 5 1 3809 3385 3810
10251 2 2 5 1 2247 2134 6966
10252 2 2 5 1 3984 5177 5178
10253 2 2 5 1 2566 1528 7176
10254 2 2 5 1 4907 3986 4939
10255 2 2 5 1 6499 6498 7284
10256 2 2 5 1 3383 2970 3476
10257 2 2 5 1 521 533 6872
10258 2 2 5 1 4450 3477 6936
10259 2 2 5 1 1053 1054 1094
10260 2 2 5 1 1410 1188 6921
10261 2 2 5 1 2480 2482 7039
10262 2 2 5 1 2641 1158 6955
10263 2 2 5 1 6929 4746 7058
10264 2 2 5 1 4721 4169 7016
10265 2 2 5 1 1129 2656 6921
10266 2 2 5 1 3509 4039 6941
10267 2 2 5 1 1287 822 6949
10268 2 2 5 1 75 76 6822
10269 2 2 5 1 5156 5157 5399
10270 2 2 5 1 6881 938 6882
10271 2 2 5 1 7032 3758 7107
10272 2 2 5 1 3477 2963 6936
10273 2 2 5 1 1451 1453 7013
10274 2 2 5 1 2643 2305 7002
10275 2 2 5 1 1304 2447 7054
10276 2 2 5 1 4236 1029 6971
10277 2 2 5 1 3021 3509 6941
10278 2 2 5 1 2768 2769 2879
10279 2 2 5 1 1028 5810 5811
10280 2 2 5 1 6688 6905 7098
10281 2 2 5 1 3934 4958 6986
10282 2 2 5 1 4260 1244 4261
10283 2 2 5 1 3192 2419 3763
10284 2 2 5 1 3130 2634 6895
10285 2 2 5 1 6402 6400 6404
10286 2 2 5 1 1111 1066 7059
10287 2 2 5 1 2518 2516 4277
10288 2 2 5 1 4413 2728 6950
10289 2 2 5 1 2275 2916 6979
10290 2 2 5 1 1687 6851 7013
10291 2 2 5 1 2122 2121 2123
10292 2 2 5 1 2216 2643 7011
10293 2 2 5 1 4220 6999 7000
10294 2 2 5 1 2216 1988 2217
10295 2 2 5 1 3802 4498 4857
10296 2 2 5 1 1537 6571 7659
10297 2 2 5 1 6907 1802 7053
10298 2 2 5 1 3247 3248 3249
10299 2 2 5 1 685 3302 6898
10300 2 2 5 1 39 40 6823
10301 2 2 5 1 4303 3476 4834
10302 2 2 5 1 2877 3917 7002
10303 2 2 5 1 2205 2203 6954
10304 2 2 5 1 703 652 6938
10305 2 2 5 1 2077 2079 2096
10306 2 2 5 1 1643 2655 6962
10307 2 2 5 1 2993 2995 6968
10308 2 2 5 1 1523 1561 6852
10309 2 2 5 1 2188 1848 2190
10310 2 2 5 1 2604 4264 7126
10311 2 2 5 1 2492 2490 7062
10312 2 2 5 1 728 776 6942
10313 2 2 5 1 4990 4233 7073
10314 2 2 5 1 858 855 7079
10315 2 2 5 1 2046 2050 7036
10316 2 2 5 1 1863 2953 6926
10317 2 2 5 1 1114 1112 6980
10318 2 2 5 1 6164 6162 6210
10319 2 2 5 1 3985 3912 3986
10320 2 2 5 1 3262 3263 3264
10321 2 2 5 1 2874 2230 2876
10322 2 2 5 1 1076 1114 6971
10323 2 2 5 1 2789 1572 2790
10324 2 2 5 1 3456 3676 6977
10325 2 2 5 1 3873 4934 4935
10326 2 2 5 1 4324 4325 4766
10327 2 2 5 1 940 1037 6158
10328 2 2 5 1 4324 3389 4325
10329 2 2 5 1 4035 3178 6917
10330 2 2 5 1 3749 808 6978
10331 2 2 5 1 1748 1750 1751
10332 2 2 5 1 5451 3699 5900
10333 2 2 5 1 2063 1980 2299
10334 2 2 5 1 5398 4634 7175
10335 2 2 5 1 3284 4051 4100
10336 2 2 5 1 2273 2271 6947
10337 2 2 5 1 3530 3625 6940
10338 2 2 5 1 3508 4322 6936
10339 2 2 5 1 2969 2300 2970
10340 2 2 5 1 3062 3656 7061
10341 2 2 5 1 60 1283 6819
10342 2 2 5 1 1429 1427 1430
10343 2 2 5 1 4465 3461 6941
10344 2 2 5 1 2265 1977 6926
10345 2 2 5 1 6889 1119 6934
10346 2 2 5 1 6577 1016 7057
10347 2 2 5 1 967 923 968
10348 2 2 5 1 4258 6253 7056
10349 2 2 5 1 2264 2265 6925
10350 2 2 5 1 4094 3748 7042
10351 2 2 5 1 2207 2325 6958
10352 2 2 5 1 927 930 6963
10353 2 2 5 1 730 728 6942
10354 2 2 5 1 1960 1826 1988
10355 2 2 5 1 3396 3482 4298
10356 2 2 5 1 3047 2714 6925
10357 2 2 5 1 825 924 6978
10358 2 2 5 1 4460 4123 6615
10359 2 2 5 1 3710 6903 6904
10360 2 2 5 1 2229 3105 6965
10361 2 2 5 1 2810 2262 6118
10362 2 2 5 1 1690 1641 6962
10363 2 2 5 1 4226 4503 7035
10364 2 2 5 1 3904 4268 7042
10365 2 2 5 1 3646 3098 6967
10366 2 2 5 1 3004 2463 3050
10367 2 2 5 1 4876 4227 7028
10368 2 2 5 1 3999 4779 4937
10369 2 2 5 1 1383 5557 8736
10370 2 2 5 1 4570 2790 4890
10371 2 2 5 1 809 786 6983
10372 2 2 5 1 2228 2229 6965
10373 2 2 5 1 1505 1521 6946
10374 2 2 5 1 4288 4664 5515
10375 2 2 5 1 2759 2228 6965
10376 2 2 5 1 2942 1994 7007
10377 2 2 5 1 6935 928 6963
10378 2 2 5 1 3170 3168 3880
10379 2 2 5 1 2172 3758 7032
10380 2 2 5 1 779 3749 6988
10381 2 2 5 1 6085 3215 7167
10382 2 2 5 1 6329 7503 7569
10383 2 2 5 1 6178 6179 7050
10384 2 2 5 1 2631 944 6974
10385 2 2 5 1 1029 1076 6971
10386 2 2 5 1 6448 6674 7045
10387 2 2 5 1 2464 5850 5851
10388 2 2 5 1 1018 1709 7057
10389 2 2 5 1 2216 2217 2305
10390 2 2 5 1 1112 1171 6980
10391 2 2 5 1 1687 1541 1688
10392 2 2 5 1 2669 2668 2831
10393 2 2 5 1 3864 3017 3866
10394 2 2 5 1 1941 2054 2055
10395 2 2 5 1 2486 1155 6837
10396 2 2 5 1 561 565 6964
10397 2 2 5 1 6910 858 7079
10398 2 2 5 1 54 55 1360
10399 2 2 5 1 1825 1688 1826
10400 2 2 5 1 2457 3002 3051
10401 2 2 5 1 3246 3679 3680
10402 2 2 5 1 3558 2273 6947
10403 2 2 5 1 3818 3164 3819
10404 2 2 5 1 6025 6024 7490
10405 2 2 5 1 1449 1450 1451
10406 2 2 5 1 4702 3697 7105
10407 2 2 5 1 4076 4608 4609
10408 2 2 5 1 3885 3883 4488
10409 2 2 5 1 4605 4081 4606
10410 2 2 5 1 1753 1752 1755
10411 2 2 5 1 1166 1250 7170
10412 2 2 5 1 5041 5040 5042
10413 2 2 5 1 4437 2208 7047
10414 2 2 5 1 3755 2959 6987
10415 2 2 5 1 1980 1978 6992
10416 2 2 5 1 1406 2226 7317
10417 2 2 5 1 1960 1988 2216
10418 2 2 5 1 4935 4936 5129
10419 2 2 5 1 6836 7032 7107
10420 2 2 5 1 2523 6292 7303
10421 2 2 5 1 6869 2572 7019
10422 2 2 5 1 6994 2760 7204
10423 2 2 5 1 3242 3240 7071
10424 2 2 5 1 2052 6276 7543
10425 2 2 5 1 3409 3794 7122
10426 2 2 5 1 1731 1686 1780
10427 2 2 5 1 786 792 6983
10428 2 2 5 1 1507 1509 6972
10429 2 2 5 1 2601 6944 7049
10430 2 2 5 1 1153 1101 1302
10431 2 2 5 1 1830 1980 2063
10432 2 2 5 1 3401 2875 6923
10433 2 2 5 1 1473 1472 1489
10434 2 2 5 1 3217 4030 4687
10435 2 2 5 1 4829 4830 5116
10436 2 2 5 1 1034 1013 1173
10437 2 2 5 1 1243 1242 1247
10438 2 2 5 1 5178 5310 5573
10439 2 2 5 1 1016 1018 7057
10440 2 2 5 1 2654 2275 6979
10441 2 2 5 1 4100 4683 5885
10442 2 2 5 1 1825 1826 1960
10443 2 2 5 1 2959 3764 6987
10444 2 2 5 1 1509 2619 6972
10445 2 2 5 1 4247 730 6942
10446 2 2 5 1 776 2644 6942
10447 2 2 5 1 848 846 6991
10448 2 2 5 1 2113 2112 2121
10449 2 2 5 1 3594 2993 6968
10450 2 2 5 1 1687 1688 1825
10451 2 2 5 1 2545 848 6991
10452 2 2 5 1 2083 2085 2087
10453 2 2 5 1 3498 3495 7218
10454 2 2 5 1 548 543 6952
10455 2 2 5 1 4000 3577 4002
10456 2 2 5 1 4554 4555 4588
10457 2 2 5 1 3536 3912 3985
10458 2 2 5 1 798 767 7005
10459 2 2 5 1 1521 1507 6972
10460 2 2 5 1 6845 6891 7061
10461 2 2 5 1 3302 723 6988
10462 2 2 5 1 8266 4777 8721
10463 2 2 5 1 3308 3306 7216
10464 2 2 5 1 1248 1247 1344
10465 2 2 5 1 4787 3755 6987
10466 2 2 5 1 1783 1781 6681
10467 2 2 5 1 2048 2052 7070
10468 2 2 5 1 4740 6512 7128
10469 2 2 5 1 4252 1410 6921
10470 2 2 5 1 808 825 6978
10471 2 2 5 1 1393 1414 1415
10472 2 2 5 1 4504 3586 4506
10473 2 2 5 1 6951 2865 7073
10474 2 2 5 1 4459 3516 4541
10475 2 2 5 1 4758 4759 7309
10476 2 2 5 1 2667 2666 2668
10477 2 2 5 1 3945 3530 6940
10478 2 2 5 1 3411 3413 7152
10479 2 2 5 1 4302 3405 4394
10480 2 2 5 1 3953 3400 7035
10481 2 2 5 1 1895 1834 1896
10482 2 2 5 1 74 494 7017
10483 2 2 5 1 1343 1363 1364
10484 2 2 5 1 4280 2369 7379
10485 2 2 5 1 2392 4282 7380
10486 2 2 5 1 3413 3415 3815
10487 2 2 5 1 2604 3595 4264
10488 2 2 5 1 4288 5515 5516
10489 2 2 5 1 5832 4117 6984
10490 2 2 5 1 2968 2753 7131
10491 2 2 5 1 7020 2044 7036
10492 2 2 5 1 2208 6958 7047
10493 2 2 5 1 2768 2520 2769
10494 2 2 5 1 3578 4003 4005
10495 2 2 5 1 713 702 6833
10496 2 2 5 1 2887 2769 3353
10497 2 2 5 1 723 779 6988
10498 2 2 5 1 2398 2400 7559
10499 2 2 5 1 4563 4961 6042
10500 2 2 5 1 4674 5538 6997
10501 2 2 5 1 6817 6686 7235
10502 2 2 5 1 1426 6662 7120
10503 2 2 5 1 59 6819 6820
10504 2 2 5 1 2377 2375 7560
10505 2 2 5 1 4253 3239 6993
10506 2 2 5 1 2063 2299 2300
10507 2 2 5 1 2995 3593 6968
10508 2 2 5 1 5410 4966 5911
10509 2 2 5 1 846 6920 6991
10510 2 2 5 1 3764 2603 7049
10511 2 2 5 1 2790 1572 3768
10512 2 2 5 1 6872 533 6873
10513 2 2 5 1 905 904 7032
10514 2 2 5 1 767 732 7005
10515 2 2 5 1 2111 2109 2112
10516 2 2 5 1 1860 2684 7140
10517 2 2 5 1 3351 4225 4782
10518 2 2 5 1 4073 4075 4076
10519 2 2 5 1 4561 5818 7866
10520 2 2 5 1 3303 2427 6989
10521 2 2 5 1 4080 4078 4081
10522 2 2 5 1 4676 3780 4678
10523 2 2 5 1 72 73 2771
10524 2 2 5 1 6755 7225 7239
10525 2 2 5 1 2916 3671 6979
10526 2 2 5 1 4036 3714 7080
10527 2 2 5 1 4239 6957 7083
10528 2 2 5 1 3184 3185 3975
10529 2 2 5 1 2417 2725 3166
10530 2 2 5 1 1433 1431 1434
10531 2 2 5 1 2950 3259 7072
10532 2 2 5 1 7041 4259 7111
10533 2 2 5 1 1118 6710 7187
10534 2 2 5 1 5115 5114 5414
10535 2 2 5 1 6949 809 6983
10536 2 2 5 1 3985 3986 4907
10537 2 2 5 1 1066 4242 7059
10538 2 2 5 1 4748 6910 7079
10539 2 2 5 1 6295 7119 7440
10540 2 2 5 1 3507 3987 7014
10541 2 2 5 1 2794 2886 7024
10542 2 2 5 1 7271 3552 7308
10543 2 2 5 1 4559 4111 6799
10544 2 2 5 1 3680 4881 4883
10545 2 2 5 1 4422 3943 5061
10546 2 2 5 1 3717 4635 7080
10547 2 2 5 1 45 466 7027
10548 2 2 5 1 554 559 6996
10549 2 2 5 1 5108 5126 5127
10550 2 2 5 1 1578 1576 3006
10551 2 2 5 1 4077 4079 7129
10552 2 2 5 1 4074 4072 7130
10553 2 2 5 1 2470 2472 7090
10554 2 2 5 1 6238 5673 8684
10555 2 2 5 1 3289 3094 4032
10556 2 2 5 1 69 467 6821
10557 2 2 5 1 1039 1046 6406
10558 2 2 5 1 732 4247 7005
10559 2 2 5 1 2262 2931 2932
10560 2 2 5 1 3671 4256 6979
10561 2 2 5 1 3236 3234 6719
10562 2 2 5 1 6891 2731 7061
10563 2 2 5 1 1816 1655 7009
10564 2 2 5 1 1539 4252 7009
10565 2 2 5 1 1655 1539 7009
10566 2 2 5 1 2603 2601 7049
10567 2 2 5 1 6756 1118 7138
10568 2 2 5 1 4758 7309 7335
10569 2 2 5 1 1684 1683 2630
10570 2 2 5 1 3033 3035 3114
10571 2 2 5 1 5043 4035 6917
10572 2 2 5 1 2940 3340 7074
10573 2 2 5 1 4619 3047 6925
10574 2 2 5 1 3351 1665 4225
10575 2 2 5 1 2223 2119 2224
10576 2 2 5 1 1709 1711 4278
10577 2 2 5 1 4238 4164 7058
10578 2 2 5 1 6546 4255 7165
10579 2 2 5 1 4223 6902 7149
10580 2 2 5 1 1010 1053 7313
10581 2 2 5 1 1439 1441 1442
10582 2 2 5 1 2729 4438 7225
10583 2 2 5 1 2497 2495 3228
10584 2 2 5 1 4739 7216 7307
10585 2 2 5 1 7207 5844 7255
10586 2 2 5 1 1519 1520 1665
10587 2 2 5 1 6510 6911 7037
10588 2 2 5 1 6957 3304 7083
10589 2 2 5 1 1371 1380 1381
10590 2 2 5 1 3227 3225 4144
10591 2 2 5 1 4779 3370 7096
10592 2 2 5 1 2424 2295 2825
10593 2 2 5 1 727 713 6831
10594 2 2 5 1 2284 3888 6993
10595 2 2 5 1 1437 1671 1764
10596 2 2 5 1 3714 3717 7080
10597 2 2 5 1 7353 1078 7488
10598 2 2 5 1 3169 3172 3653
10599 2 2 5 1 4992 4990 7141
10600 2 2 5 1 4270 3305 7133
10601 2 2 5 1 7008 1220 7354
10602 2 2 5 1 4531 4257 7154
10603 2 2 5 1 2241 2242 7012
10604 2 2 5 1 1473 1489 6407
10605 2 2 5 1 6231 6228 6232
10606 2 2 5 1 559 6964 6996
10607 2 2 5 1 2328 3186 7063
10608 2 2 5 1 4111 4097 5659
10609 2 2 5 1 2617 5985 7422
10610 2 2 5 1 6831 713 6833
10611 2 2 5 1 2199 2197 2962
10612 2 2 5 1 3284 4100 7039
10613 2 2 5 1 2050 2049 7104
10614 2 2 5 1 43 44 2738
10615 2 2 5 1 4231 6951 7073
10616 2 2 5 1 1008 1007 1061
10617 2 2 5 1 1005 1006 1059
10618 2 2 5 1 2184 2327 2328
10619 2 2 5 1 4554 4025 4555
10620 2 2 5 1 2288 2289 2960
10621 2 2 5 1 4488 3883 6961
10622 2 2 5 1 6750 3290 7081
10623 2 2 5 1 3653 3940 7065
10624 2 2 5 1 3026 3027 3028
10625 2 2 5 1 6944 4747 7049
10626 2 2 5 1 4131 4378 4434
10627 2 2 5 1 533 542 6873
10628 2 2 5 1 3836 3833 4620
10629 2 2 5 1 1742 554 6996
10630 2 2 5 1 2731 3062 7061
10631 2 2 5 1 3058 3620 3621
10632 2 2 5 1 1346 3525 7051
10633 2 2 5 1 2243 1971 2244
10634 2 2 5 1 2949 2950 7072
10635 2 2 5 1 5116 4830 5260
10636 2 2 5 1 5270 4867 8149
10637 2 2 5 1 1319 1222 7008
10638 2 2 5 1 3248 2842 7063
10639 2 2 5 1 3286 2478 7156
10640 2 2 5 1 2305 2877 7002
10641 2 2 5 1 1429 1430 1431
10642 2 2 5 1 3893 3018 4780
10643 2 2 5 1 4457 3945 5122
10644 2 2 5 1 1707 1830 7041
10645 2 2 5 1 3156 2784 3882
10646 2 2 5 1 1197 1348 6837
10647 2 2 5 1 494 75 6822
10648 2 2 5 1 5107 5105 5292
10649 2 2 5 1 3394 4284 4357
10650 2 2 5 1 5966 5244 8710
10651 2 2 5 1 1448 1381 1449
10652 2 2 5 1 4829 4505 4830
10653 2 2 5 1 805 828 7091
10654 2 2 5 1 2100 2654 7104
10655 2 2 5 1 2150 1969 2151
10656 2 2 5 1 3204 7021 7181
10657 2 2 5 1 1370 1347 1371
10658 2 2 5 1 3038 3036 3057
10659 2 2 5 1 2791 2637 2792
10660 2 2 5 1 1371 1381 1448
10661 2 2 5 1 1448 1449 1572
10662 2 2 5 1 2663 2661 4296
10663 2 2 5 1 40 497 6823
10664 2 2 5 1 2358 2359 2360
10665 2 2 5 1 2932 3605 4011
10666 2 2 5 1 4590 1742 6996
10667 2 2 5 1 3399 7426 7633
10668 2 2 5 1 1448 2789 7034
10669 2 2 5 1 5950 5926 7567
10670 2 2 5 1 6393 6394 7376
10671 2 2 5 1 828 6830 7091
10672 2 2 5 1 3029 3031 3575
10673 2 2 5 1 4687 5171 5816
10674 2 2 5 1 3662 3530 3945
10675 2 2 5 1 2828 2826 6844
10676 2 2 5 1 855 854 7079
10677 2 2 5 1 6911 4202 7037
10678 2 2 5 1 3928 5158 5159
10679 2 2 5 1 3587 4504 4505
10680 2 2 5 1 1781 1780 1951
10681 2 2 5 1 4202 6027 7037
10682 2 2 5 1 3169 3653 3876
10683 2 2 5 1 2124 2183 2184
10684 2 2 5 1 3613 4470 4471
10685 2 2 5 1 7089 995 7313
10686 2 2 5 1 2475 3174 3233
10687 2 2 5 1 3532 3534 3688
10688 2 2 5 1 4376 4730 7443
10689 2 2 5 1 2136 1991 2332
10690 2 2 5 1 1352 1296 7325
10691 2 2 5 1 1313 1263 7178
10692 2 2 5 1 3985 4908 7087
10693 2 2 5 1 5397 5740 7086
10694 2 2 5 1 1764 1765 2141
10695 2 2 5 1 1441 1440 1648
10696 2 2 5 1 3118 6997 7123
10697 2 2 5 1 2364 2365 2755
10698 2 2 5 1 4399 7385 7386
10699 2 2 5 1 2195 2193 3750
10700 2 2 5 1 4100 5886 7039
10701 2 2 5 1 7035 4503 7097
10702 2 2 5 1 4228 2942 7007
10703 2 2 5 1 3987 5275 7014
10704 2 2 5 1 3617 3618 3619
10705 2 2 5 1 3876 4025 4554
10706 2 2 5 1 3082 2952 3083
10707 2 2 5 1 3205 3208 7021
10708 2 2 5 1 4033 4032 4639
10709 2 2 5 1 1248 1345 1346
10710 2 2 5 1 3259 3262 3760
10711 2 2 5 1 7397 4763 7429
10712 2 2 5 1 3563 3561 7100
10713 2 2 5 1 4188 4740 7128
10714 2 2 5 1 2534 6883 7085
10715 2 2 5 1 595 592 6069
10716 2 2 5 1 1453 1687 7013
10717 2 2 5 1 1708 1491 7535
10718 2 2 5 1 3475 3474 3701
10719 2 2 5 1 1561 1941 6852
10720 2 2 5 1 2364 2362 2365
10721 2 2 5 1 5223 5483 5484
10722 2 2 5 1 1723 1560 7182
10723 2 2 5 1 3219 3216 7105
10724 2 2 5 1 4602 4681 4866
10725 2 2 5 1 5250 4531 7206
10726 2 2 5 1 4904 4467 4905
10727 2 2 5 1 1466 6125 7722
10728 2 2 5 1 4275 6224 7119
10729 2 2 5 1 4233 4231 7073
10730 2 2 5 1 3907 5098 5099
10731 2 2 5 1 2107 2106 2108
10732 2 2 5 1 2356 2357 2358
10733 2 2 5 1 4766 4325 6345
10734 2 2 5 1 2473 2471 6248
10735 2 2 5 1 2358 2357 2359
10736 2 2 5 1 1567 1485 7145
10737 2 2 5 1 2110 2320 2680
10738 2 2 5 1 2360 2359 2859
10739 2 2 5 1 1960 2216 7011
10740 2 2 5 1 1241 1242 1243
10741 2 2 5 1 2832 2831 7040
10742 2 2 5 1 3625 5188 6940
10743 2 2 5 1 3899 3507 7014
10744 2 2 5 1 1483 3312 7145
10745 2 2 5 1 4333 3936 5027
10746 2 2 5 1 4011 4012 4515
10747 2 2 5 1 1225 1222 1319
10748 2 2 5 1 3037 3039 3584
10749 2 2 5 1 7294 4793 7351
10750 2 2 5 1 1897 1896 2148
10751 2 2 5 1 3953 7035 7097
10752 2 2 5 1 3803 3423 3804
10753 2 2 5 1 1370 1371 7034
10754 2 2 5 1 4708 4707 7194
10755 2 2 5 1 916 2857 7060
10756 2 2 5 1 4640 4639 5394
10757 2 2 5 1 3448 3868 3965
10758 2 2 5 1 6915 870 7118
10759 2 2 5 1 1248 1344 1345
10760 2 2 5 1 6781 2863 7237
10761 2 2 5 1 1346 1347 1370
10762 2 2 5 1 1243 1247 1248
10763 2 2 5 1 1427 1426 7120
10764 2 2 5 1 3662 4457 4458
10765 2 2 5 1 6249 4709 7371
10766 2 2 5 1 3408 3407 3419
10767 2 2 5 1 2105 2104 2106
10768 2 2 5 1 2670 2665 2671
10769 2 2 5 1 5516 5515 6059
10770 2 2 5 1 2635 1666 6178
10771 2 2 5 1 4881 3679 4882
10772 2 2 5 1 1155 1197 6837
10773 2 2 5 1 6931 4896 7103
10774 2 2 5 1 2440 5755 5756
10775 2 2 5 1 3016 2318 3017
10776 2 2 5 1 2049 2100 7104
10777 2 2 5 1 2755 2756 3168
10778 2 2 5 1 1709 4278 7057
10779 2 2 5 1 3112 994 3113
10780 2 2 5 1 4745 4016 4909
10781 2 2 5 1 2359 2357 3622
10782 2 2 5 1 4990 7073 7141
10783 2 2 5 1 7058 6756 7138
10784 2 2 5 1 3304 4106 7083
10785 2 2 5 1 4191 4193 7052
10786 2 2 5 1 3940 4853 7065
10787 2 2 5 1 4411 5222 5223
10788 2 2 5 1 5678 4826 7886
10789 2 2 5 1 6700 4191 7052
10790 2 2 5 1 1519 1665 3351
10791 2 2 5 1 6989 6775 7133
10792 2 2 5 1 7003 4214 7179
10793 2 2 5 1 4730 5891 7099
10794 2 2 5 1 2099 2098 2104
10795 2 2 5 1 1651 7245 7296
10796 2 2 5 1 3895 3701 4585
10797 2 2 5 1 3876 3653 4025
10798 2 2 5 1 2886 3899 7024
10799 2 2 5 1 4095 1039 6406
10800 2 2 5 1 3186 6982 7063
10801 2 2 5 1 7359 5447 7378
10802 2 2 5 1 1346 1345 1347
10803 2 2 5 1 6643 6641 7208
10804 2 2 5 1 2225 2224 2788
10805 2 2 5 1 3158 3157 3954
10806 2 2 5 1 76 77 3019
10807 2 2 5 1 2887 3353 3394
10808 2 2 5 1 3394 4357 4358
10809 2 2 5 1 2659 3054 4775
10810 2 2 5 1 4273 1235 4863
10811 2 2 5 1 2781 3183 3184
10812 2 2 5 1 2879 2887 3196
10813 2 2 5 1 2289 2064 3790
10814 2 2 5 1 955 957 959
10815 2 2 5 1 6508 6688 7098
10816 2 2 5 1 1849 2218 2672
10817 2 2 5 1 2520 2518 7048
10818 2 2 5 1 3464 3479 4377
10819 2 2 5 1 4958 4046 5081
10820 2 2 5 1 2063 2969 7041
10821 2 2 5 1 2755 2365 2756
10822 2 2 5 1 3294 6878 7139
10823 2 2 5 1 1343 1305 1363
10824 2 2 5 1 5480 4460 6615
10825 2 2 5 1 4751 4239 7083
10826 2 2 5 1 3934 3932 4046
10827 2 2 5 1 2371 2373 2374
10828 2 2 5 1 2396 2394 2397
10829 2 2 5 1 1433 1434 1435
10830 2 2 5 1 2644 805 7091
10831 2 2 5 1 1873 1723 7084
10832 2 2 5 1 1743 1744 2064
10833 2 2 5 1 38 39 3020
10834 2 2 5 1 2875 3587 6923
10835 2 2 5 1 3168 2756 3169
10836 2 2 5 1 5944 3465 6039
10837 2 2 5 1 3353 2769 7048
10838 2 2 5 1 3054 2845 3574
10839 2 2 5 1 3907 3574 4442
10840 2 2 5 1 6900 6877 7081
10841 2 2 5 1 6997 5538 7123
10842 2 2 5 1 2604 1363 3370
10843 2 2 5 1 3109 3110 7117
10844 2 2 5 1 1449 1451 7030
10845 2 2 5 1 2826 2825 3470
10846 2 2 5 1 1545 1707 7111
10847 2 2 5 1 2845 2241 7012
10848 2 2 5 1 2122 2123 2124
10849 2 2 5 1 3406 2979 3407
10850 2 2 5 1 700 711 7555
10851 2 2 5 1 3246 2842 3247
10852 2 2 5 1 1781 1951 6681
10853 2 2 5 1 2875 3586 3587
10854 2 2 5 1 6710 4120 7255
10855 2 2 5 1 3707 4319 7153
10856 2 2 5 1 1714 7858 7867
10857 2 2 5 1 2055 2056 2057
10858 2 2 5 1 2256 6981 7249
10859 2 2 5 1 1811 1810 1868
10860 2 2 5 1 4284 7330 7399
10861 2 2 5 1 2672 5658 7183
10862 2 2 5 1 3680 3679 4881
10863 2 2 5 1 3489 2476 7127
10864 2 2 5 1 2309 2854 7124
10865 2 2 5 1 6559 2365 7109
10866 2 2 5 1 3424 3395 4802
10867 2 2 5 1 3253 2125 7347
10868 2 2 5 1 6877 4244 7081
10869 2 2 5 1 4504 4506 5096
10870 2 2 5 1 1364 1363 2604
10871 2 2 5 1 2841 6704 7172
10872 2 2 5 1 3112 3780 4306
10873 2 2 5 1 1952 7283 7446
10874 2 2 5 1 2659 2241 2845
10875 2 2 5 1 4764 3770 7251
10876 2 2 5 1 4515 5169 5256
10877 2 2 5 1 2879 2769 2887
10878 2 2 5 1 4897 3953 7097
10879 2 2 5 1 4261 4299 4567
10880 2 2 5 1 4881 4882 5034
10881 2 2 5 1 3149 3530 3662
10882 2 2 5 1 3208 4288 7021
10883 2 2 5 1 3249 3532 7066
10884 2 2 5 1 5395 5394 5471
10885 2 2 5 1 3259 3760 7072
10886 2 2 5 1 4306 4676 4677
10887 2 2 5 1 1417 1415 1418
10888 2 2 5 1 4358 4357 5014
10889 2 2 5 1 1393 1366 1414
10890 2 2 5 1 1743 2064 2288
10891 2 2 5 1 4887 4885 5035
10892 2 2 5 1 3595 3370 3999
10893 2 2 5 1 1444 1352 1495
10894 2 2 5 1 3418 3416 3421
10895 2 2 5 1 6140 3253 7347
10896 2 2 5 1 3084 3083 3506
10897 2 2 5 1 2846 3023 3566
10898 2 2 5 1 3412 3410 3420
10899 2 2 5 1 4464 4317 7093
10900 2 2 5 1 6973 6135 7612
10901 2 2 5 1 7061 3656 7154
10902 2 2 5 1 923 916 7060
10903 2 2 5 1 7297 4745 7433
10904 2 2 5 1 3779 7392 7469
10905 2 2 5 1 4836 4898 4899
10906 2 2 5 1 4238 7058 7138
10907 2 2 5 1 1300 1446 7339
10908 2 2 5 1 7238 6790 7290
10909 2 2 5 1 3290 6900 7081
10910 2 2 5 1 2600 6213 7228
10911 2 2 5 1 2841 2328 2842
10912 2 2 5 1 3907 4442 5098
10913 2 2 5 1 3303 6989 7133
10914 2 2 5 1 4092 3697 4702
10915 2 2 5 1 1472 1469 7136
10916 2 2 5 1 5311 4025 7065
10917 2 2 5 1 7336 2148 7389
10918 2 2 5 1 6791 6991 7139
10919 2 2 5 1 6868 4269 7168
10920 2 2 5 1 7568 1853 7586
10921 2 2 5 1 4193 5075 7052
10922 2 2 5 1 3163 3040 3164
10923 2 2 5 1 1684 2630 7164
10924 2 2 5 1 2184 2328 2841
10925 2 2 5 1 2480 7039 7156
10926 2 2 5 1 7073 2865 7141
10927 2 2 5 1 2875 2874 3586
10928 2 2 5 1 3833 3144 7291
10929 2 2 5 1 3055 6931 7103
10930 2 2 5 1 2862 3541 6509
10931 2 2 5 1 3054 3574 3907
10932 2 2 5 1 1984 2258 7064
10933 2 2 5 1 3938 3563 4424
10934 2 2 5 1 7627 4379 7642
10935 2 2 5 1 1648 4016 4745
10936 2 2 5 1 4790 4267 7283
10937 2 2 5 1 2242 2310 7012
10938 2 2 5 1 3422 3801 3802
10939 2 2 5 1 1451 7013 7030
10940 2 2 5 1 3351 4783 7135
10941 2 2 5 1 1572 1449 7030
10942 2 2 5 1 1830 2063 7041
10943 2 2 5 1 6753 3741 7241
10944 2 2 5 1 2113 2121 2122
10945 2 2 5 1 2231 2874 2875
10946 2 2 5 1 3288 6869 7121
10947 2 2 5 1 2152 2151 2153
10948 2 2 5 1 1475 6407 7169
10949 2 2 5 1 4685 3236 6719
10950 2 2 5 1 2846 2671 2847
10951 2 2 5 1 5856 3211 7874
10952 2 2 5 1 4261 1244 4299
10953 2 2 5 1 579 580 581
10954 2 2 5 1 617 616 618
10955 2 2 5 1 581 582 583
10956 2 2 5 1 619 618 620
10957 2 2 5 1 7225 4276 7239
10958 2 2 5 1 4062 3696 7192
10959 2 2 5 1 1669 1436 1670
10960 2 2 5 1 870 6956 7118
10961 2 2 5 1 7138 1118 7187
10962 2 2 5 1 1371 1448 7034
10963 2 2 5 1 2005 1935 7249
10964 2 2 5 1 1866 1817 2067
10965 2 2 5 1 993 2860 7067
10966 2 2 5 1 4271 1224 4272
10967 2 2 5 1 3723 3456 6977
10968 2 2 5 1 3246 3247 3679
10969 2 2 5 1 2323 2843 3042
10970 2 2 5 1 6280 7241 7334
10971 2 2 5 1 4748 7079 7168
10972 2 2 5 1 1784 1670 1785
10973 2 2 5 1 3587 3586 4504
10974 2 2 5 1 6588 6915 7118
10975 2 2 5 1 6054 4188 7128
10976 2 2 5 1 1240 1241 1244
10977 2 2 5 1 5047 2968 7131
10978 2 2 5 1 1972 2241 2659
10979 2 2 5 1 2064 1744 6802
10980 2 2 5 1 3595 3999 4487
10981 2 2 5 1 2278 2911 2913
10982 2 2 5 1 2518 4277 7048
10983 2 2 5 1 1860 1812 1984
10984 2 2 5 1 577 578 579
10985 2 2 5 1 615 614 616
10986 2 2 5 1 2091 2089 2092
10987 2 2 5 1 2841 2842 3246
10988 2 2 5 1 6233 6232 6234
10989 2 2 5 1 5061 3943 5584
10990 2 2 5 1 2831 3018 3165
10991 2 2 5 1 1927 1925 2869
10992 2 2 5 1 4216 4218 7085
10993 2 2 5 1 1013 993 7067
10994 2 2 5 1 6110 6848 7203
10995 2 2 5 1 3615 3616 3617
10996 2 2 5 1 3496 3497 3900
10997 2 2 5 1 2659 2845 3054
10998 2 2 5 1 1237 1239 1240
10999 2 2 5 1 4245 6836 7107
11000 2 2 5 1 575 576 577
11001 2 2 5 1 613 612 614
11002 2 2 5 1 3554 2832 7040
11003 2 2 5 1 949 951 2280
11004 2 2 5 1 4457 5122 5123
11005 2 2 5 1 4248 6864 7140
11006 2 2 5 1 1489 2661 2662
11007 2 2 5 1 1673 1674 2733
11008 2 2 5 1 1385 1311 1672
11009 2 2 5 1 2771 73 7017
11010 2 2 5 1 32 33 1382
11011 2 2 5 1 6788 4756 7174
11012 2 2 5 1 2662 2663 2664
11013 2 2 5 1 82 83 1383
11014 2 2 5 1 3506 3083 3579
11015 2 2 5 1 2082 3146 7327
11016 2 2 5 1 1240 1239 1241
11017 2 2 5 1 3741 3742 7241
11018 2 2 5 1 7168 4269 7251
11019 2 2 5 1 6845 7061 7154
11020 2 2 5 1 1477 7284 7414
11021 2 2 5 1 1513 1515 7135
11022 2 2 5 1 2769 2520 7048
11023 2 2 5 1 5157 4443 7346
11024 2 2 5 1 2680 2837 2856
11025 2 2 5 1 3662 3945 4457
11026 2 2 5 1 2999 5090 7205
11027 2 2 5 1 1694 1672 1817
11028 2 2 5 1 3939 5039 5040
11029 2 2 5 1 2095 2094 2098
11030 2 2 5 1 1439 1435 1440
11031 2 2 5 1 5415 754 8356
11032 2 2 5 1 3112 3113 3780
11033 2 2 5 1 2664 2665 2666
11034 2 2 5 1 5073 5071 5552
11035 2 2 5 1 5067 5069 5558
11036 2 2 5 1 5044 3909 5046
11037 2 2 5 1 549 537 550
11038 2 2 5 1 539 551 552
11039 2 2 5 1 4025 3653 7065
11040 2 2 5 1 2604 3370 3595
11041 2 2 5 1 1769 1668 1812
11042 2 2 5 1 2504 3094 3289
11043 2 2 5 1 5178 5573 5894
11044 2 2 5 1 2960 2289 2961
11045 2 2 5 1 1446 1691 1693
11046 2 2 5 1 4721 6536 7210
11047 2 2 5 1 3023 2847 3024
11048 2 2 5 1 573 574 575
11049 2 2 5 1 611 610 612
11050 2 2 5 1 4690 4238 7138
11051 2 2 5 1 4288 5516 7021
11052 2 2 5 1 2826 3470 6844
11053 2 2 5 1 2831 3165 7040
11054 2 2 5 1 4531 7154 7206
11055 2 2 5 1 7081 4244 7220
11056 2 2 5 1 3768 1572 7030
11057 2 2 5 1 1485 1483 7145
11058 2 2 5 1 4747 6914 7221
11059 2 2 5 1 4306 3780 4676
11060 2 2 5 1 7494 6767 7527
11061 2 2 5 1 4677 4676 5335
11062 2 2 5 1 2842 2328 7063
11063 2 2 5 1 3893 4780 4781
11064 2 2 5 1 3470 2825 4755
11065 2 2 5 1 6991 6920 7139
11066 2 2 5 1 2193 1873 7084
11067 2 2 5 1 2111 2112 2113
11068 2 2 5 1 968 923 7060
11069 2 2 5 1 5538 6111 7123
11070 2 2 5 1 2860 978 7055
11071 2 2 5 1 1296 937 3430
11072 2 2 5 1 7045 3288 7121
11073 2 2 5 1 2831 2668 3018
11074 2 2 5 1 1864 1836 2245
11075 2 2 5 1 978 967 7055
11076 2 2 5 1 1298 1356 7235
11077 2 2 5 1 6659 7043 7279
11078 2 2 5 1 3165 3893 5114
11079 2 2 5 1 3113 994 7089
11080 2 2 5 1 3232 3230 7143
11081 2 2 5 1 4327 1737 7388
11082 2 2 5 1 5192 4593 5193
11083 2 2 5 1 7216 4739 7250
11084 2 2 5 1 3534 3536 7087
11085 2 2 5 1 1951 4285 5711
11086 2 2 5 1 1430 1427 7120
11087 2 2 5 1 1108 1074 6671
11088 2 2 5 1 1356 6817 7235
11089 2 2 5 1 1489 1472 2661
11090 2 2 5 1 2788 2224 3363
11091 2 2 5 1 3490 3491 3936
11092 2 2 5 1 1951 1780 4285
11093 2 2 5 1 2478 2480 7156
11094 2 2 5 1 2630 3352 4682
11095 2 2 5 1 6828 6998 7174
11096 2 2 5 1 4336 6591 7491
11097 2 2 5 1 1676 1772 1773
11098 2 2 5 1 2148 1896 3354
11099 2 2 5 1 7219 3042 7346
11100 2 2 5 1 2262 1938 2931
11101 2 2 5 1 6573 1725 7268
11102 2 2 5 1 2356 2355 2357
11103 2 2 5 1 1469 1468 7136
11104 2 2 5 1 1707 7041 7111
11105 2 2 5 1 3305 3303 7133
11106 2 2 5 1 4424 3563 7100
11107 2 2 5 1 1847 1785 1848
11108 2 2 5 1 2093 2092 2094
11109 2 2 5 1 3247 3249 7069
11110 2 2 5 1 2628 2918 7359
11111 2 2 5 1 571 572 573
11112 2 2 5 1 609 608 610
11113 2 2 5 1 3936 3491 3937
11114 2 2 5 1 6869 7019 7121
11115 2 2 5 1 7139 6878 7248
11116 2 2 5 1 3385 2141 3782
11117 2 2 5 1 3611 2810 6118
11118 2 2 5 1 6750 7081 7220
11119 2 2 5 1 1438 1435 1439
11120 2 2 5 1 2288 2064 2289
11121 2 2 5 1 3718 6295 7540
11122 2 2 5 1 5002 5003 5004
11123 2 2 5 1 3041 4131 7188
11124 2 2 5 1 2630 1683 3352
11125 2 2 5 1 3511 2302 3513
11126 2 2 5 1 2738 44 7027
11127 2 2 5 1 3941 3608 3942
11128 2 2 5 1 2234 5431 8409
11129 2 2 5 1 4687 5816 5817
11130 2 2 5 1 3716 3707 7153
11131 2 2 5 1 1746 1748 7193
11132 2 2 5 1 3344 3342 3797
11133 2 2 5 1 1173 1013 7067
11134 2 2 5 1 2148 3354 3355
11135 2 2 5 1 3355 3356 3490
11136 2 2 5 1 2666 2665 2670
11137 2 2 5 1 3340 3339 3341
11138 2 2 5 1 7039 5886 7156
11139 2 2 5 1 4389 3473 4924
11140 2 2 5 1 4998 4997 5005
11141 2 2 5 1 2788 3363 3364
11142 2 2 5 1 3539 2861 7224
11143 2 2 5 1 7774 3716 7788
11144 2 2 5 1 967 968 7055
11145 2 2 5 1 5775 5774 5777
11146 2 2 5 1 2664 2663 2665
11147 2 2 5 1 2670 2671 2846
11148 2 2 5 1 3364 3393 3932
11149 2 2 5 1 5172 4482 5977
11150 2 2 5 1 3490 3356 3491
11151 2 2 5 1 2112 2109 6883
11152 2 2 5 1 1309 1388 1652
11153 2 2 5 1 2865 6909 7141
11154 2 2 5 1 5800 2380 7685
11155 2 2 5 1 1811 1869 2978
11156 2 2 5 1 7187 6710 7255
11157 2 2 5 1 1250 3729 7170
11158 2 2 5 1 2782 3474 3475
11159 2 2 5 1 3932 3393 3933
11160 2 2 5 1 7079 854 7168
11161 2 2 5 1 1696 1810 1811
11162 2 2 5 1 1237 1238 1239
11163 2 2 5 1 3506 3579 4006
11164 2 2 5 1 7236 2523 7303
11165 2 2 5 1 2582 2568 7171
11166 2 2 5 1 2362 2360 7109
11167 2 2 5 1 2662 2661 2663
11168 2 2 5 1 3500 4831 7163
11169 2 2 5 1 3364 3363 3393
11170 2 2 5 1 936 1300 3431
11171 2 2 5 1 4663 4318 4809
11172 2 2 5 1 3025 3024 3026
11173 2 2 5 1 1515 1519 7135
11174 2 2 5 1 5099 5100 5101
11175 2 2 5 1 3235 3984 7151
11176 2 2 5 1 3529 3343 3654
11177 2 2 5 1 6321 1990 7260
11178 2 2 5 1 7021 5516 7181
11179 2 2 5 1 1237 1236 1238
11180 2 2 5 1 3536 3985 7087
11181 2 2 5 1 3798 3797 4433
11182 2 2 5 1 3006 1576 7478
11183 2 2 5 1 2231 2230 2874
11184 2 2 5 1 3659 2873 3661
11185 2 2 5 1 5586 5587 7860
11186 2 2 5 1 2213 2230 2231
11187 2 2 5 1 2952 2828 7082
11188 2 2 5 1 6848 4105 7203
11189 2 2 5 1 4111 5659 6799
11190 2 2 5 1 2872 2687 2873
11191 2 2 5 1 3355 3354 3356
11192 2 2 5 1 6389 6390 7451
11193 2 2 5 1 1725 1788 7268
11194 2 2 5 1 2360 2859 7109
11195 2 2 5 1 7161 2788 7270
11196 2 2 5 1 6870 6790 7238
11197 2 2 5 1 2978 2979 3405
11198 2 2 5 1 4255 6838 7165
11199 2 2 5 1 1232 1234 2770
11200 2 2 5 1 6956 866 7238
11201 2 2 5 1 2295 2225 7161
11202 2 2 5 1 2119 1950 7160
11203 2 2 5 1 2109 2108 6883
11204 2 2 5 1 3621 4594 7200
11205 2 2 5 1 4730 7412 7443
11206 2 2 5 1 2164 2166 2167
11207 2 2 5 1 3516 3088 7179
11208 2 2 5 1 4722 4721 7210
11209 2 2 5 1 1255 1338 4352
11210 2 2 5 1 3215 3217 7167
11211 2 2 5 1 7787 5535 8317
11212 2 2 5 1 5099 5098 5100
11213 2 2 5 1 3493 3495 3496
11214 2 2 5 1 1837 1838 2138
11215 2 2 5 1 1834 1783 7158
11216 2 2 5 1 7174 4756 7239
11217 2 2 5 1 3880 3168 7076
11218 2 2 5 1 6920 3294 7139
11219 2 2 5 1 3165 3018 3893
11220 2 2 5 1 4778 3363 7160
11221 2 2 5 1 4285 7164 7243
11222 2 2 5 1 1686 1684 7164
11223 2 2 5 1 4649 3723 6977
11224 2 2 5 1 1651 1494 7277
11225 2 2 5 1 3869 2808 7658
11226 2 2 5 1 3532 3688 7066
11227 2 2 5 1 2354 2355 2356
11228 2 2 5 1 2122 2124 2752
11229 2 2 5 1 4274 6507 7177
11230 2 2 5 1 2422 2862 6509
11231 2 2 5 1 2874 2876 7110
11232 2 2 5 1 3464 3005 3479
11233 2 2 5 1 2213 2057 2230
11234 2 2 5 1 4682 3352 5855
11235 2 2 5 1 2225 2788 7161
11236 2 2 5 1 2846 2847 3023
11237 2 2 5 1 3169 3876 7076
11238 2 2 5 1 3571 3938 3939
11239 2 2 5 1 4506 3586 7110
11240 2 2 5 1 2876 2230 7134
11241 2 2 5 1 2088 2090 2675
11242 2 2 5 1 4730 7099 7412
11243 2 2 5 1 4756 6755 7239
11244 2 2 5 1 1463 1466 7186
11245 2 2 5 1 4284 3353 7330
11246 2 2 5 1 1305 1202 7096
11247 2 2 5 1 1811 1868 1869
11248 2 2 5 1 1230 1228 1231
11249 2 2 5 1 4257 6845 7154
11250 2 2 5 1 3413 3815 7152
11251 2 2 5 1 4120 6294 7207
11252 2 2 5 1 1437 1764 7116
11253 2 2 5 1 990 989 1007
11254 2 2 5 1 987 988 1005
11255 2 2 5 1 6998 6788 7174
11256 2 2 5 1 2637 2635 7050
11257 2 2 5 1 2138 2139 2742
11258 2 2 5 1 7148 6504 7405
11259 2 2 5 1 468 357 7246
11260 2 2 5 1 1226 1228 1229
11261 2 2 5 1 1652 1653 1673
11262 2 2 5 1 3110 3149 7117
11263 2 2 5 1 3406 3407 3408
11264 2 2 5 1 2107 2108 2109
11265 2 2 5 1 3023 3024 3025
11266 2 2 5 1 3289 4032 4033
11267 2 2 5 1 1543 1475 7169
11268 2 2 5 1 1783 6681 7158
11269 2 2 5 1 2007 2005 7347
11270 2 2 5 1 3168 3169 7076
11271 2 2 5 1 4634 3718 7175
11272 2 2 5 1 3286 7156 7233
11273 2 2 5 1 2685 2072 2687
11274 2 2 5 1 2856 3473 3648
11275 2 2 5 1 1199 1157 6839
11276 2 2 5 1 1761 1762 1837
11277 2 2 5 1 7025 447 7189
11278 2 2 5 1 1345 1344 7184
11279 2 2 5 1 2932 2931 3605
11280 2 2 5 1 1241 1243 7166
11281 2 2 5 1 1094 1095 1143
11282 2 2 5 1 3779 6577 7392
11283 2 2 5 1 4012 3605 4483
11284 2 2 5 1 2661 1472 7136
11285 2 2 5 1 4814 5428 7755
11286 2 2 5 1 1666 1667 6178
11287 2 2 5 1 4011 3605 4012
11288 2 2 5 1 4137 3164 7227
11289 2 2 5 1 6883 4216 7085
11290 2 2 5 1 6802 1746 7193
11291 2 2 5 1 6759 7429 7473
11292 2 2 5 1 1674 1676 7442
11293 2 2 5 1 5101 5103 5104
11294 2 2 5 1 4304 7177 7281
11295 2 2 5 1 1519 3351 7135
11296 2 2 5 1 6935 6963 7148
11297 2 2 5 1 2863 7052 7237
11298 2 2 5 1 4748 7168 7251
11299 2 2 5 1 5104 5105 5106
11300 2 2 5 1 854 6868 7168
11301 2 2 5 1 3688 3534 7087
11302 2 2 5 1 4882 3679 7069
11303 2 2 5 1 1528 1357 7176
11304 2 2 5 1 2812 3552 7271
11305 2 2 5 1 1062 1061 1098
11306 2 2 5 1 1059 1060 1096
11307 2 2 5 1 6655 6750 7220
11308 2 2 5 1 3750 2193 7084
11309 2 2 5 1 4690 7138 7187
11310 2 2 5 1 1442 1441 1443
11311 2 2 5 1 2805 2803 3145
11312 2 2 5 1 2365 2362 7109
11313 2 2 5 1 3029 3028 3030
11314 2 2 5 1 3289 4033 4113
11315 2 2 5 1 1498 1443 1499
11316 2 2 5 1 4590 6996 7180
11317 2 2 5 1 3086 4462 7222
11318 2 2 5 1 7007 6212 7236
11319 2 2 5 1 3679 3247 7069
11320 2 2 5 1 76 3019 6822
11321 2 2 5 1 6179 1770 6864
11322 2 2 5 1 6996 6964 7180
11323 2 2 5 1 2495 2492 7062
11324 2 2 5 1 4033 4639 4640
11325 2 2 5 1 1229 1230 1235
11326 2 2 5 1 3406 3408 3409
11327 2 2 5 1 1743 2288 7112
11328 2 2 5 1 1774 1791 1792
11329 2 2 5 1 5497 5495 5498
11330 2 2 5 1 6963 4223 7148
11331 2 2 5 1 2680 2320 2837
11332 2 2 5 1 1364 2604 7126
11333 2 2 5 1 2675 2703 2704
11334 2 2 5 1 4162 5933 7331
11335 2 2 5 1 2105 2106 2107
11336 2 2 5 1 1344 1545 7184
11337 2 2 5 1 3665 3161 3666
11338 2 2 5 1 3160 3663 3664
11339 2 2 5 1 6791 7139 7248
11340 2 2 5 1 3729 3727 7331
11341 2 2 5 1 3943 3232 7143
11342 2 2 5 1 3902 5038 7320
11343 2 2 5 1 4992 7141 7214
11344 2 2 5 1 2055 2057 2213
11345 2 2 5 1 4935 5129 7155
11346 2 2 5 1 1243 7051 7166
11347 2 2 5 1 4410 3804 7230
11348 2 2 5 1 1263 1350 7178
11349 2 2 5 1 2619 1511 7265
11350 2 2 5 1 3696 4237 7192
11351 2 2 5 1 3020 39 6823
11352 2 2 5 1 2343 2353 2354
11353 2 2 5 1 357 356 7246
11354 2 2 5 1 1843 5470 7863
11355 2 2 5 1 2978 1869 2979
11356 2 2 5 1 2870 2792 2871
11357 2 2 5 1 1711 1743 7112
11358 2 2 5 1 4780 3018 7106
11359 2 2 5 1 2760 4952 7204
11360 2 2 5 1 3790 2064 6802
11361 2 2 5 1 3026 3028 3029
11362 2 2 5 1 4278 1711 7112
11363 2 2 5 1 5101 5100 5103
11364 2 2 5 1 3405 2979 3406
11365 2 2 5 1 5129 4936 5130
11366 2 2 5 1 3104 2888 7378
11367 2 2 5 1 1099 1098 1149
11368 2 2 5 1 1096 1097 1146
11369 2 2 5 1 3767 6828 7174
11370 2 2 5 1 1667 1499 1668
11371 2 2 5 1 6104 5767 7729
11372 2 2 5 1 3939 3938 5039
11373 2 2 5 1 2099 2104 2105
11374 2 2 5 1 1234 1233 1236
11375 2 2 5 1 4314 3601 4931
11376 2 2 5 1 2956 6148 7528
11377 2 2 5 1 1366 1364 7126
11378 2 2 5 1 2086 2084 2750
11379 2 2 5 1 5106 5105 5107
11380 2 2 5 1 878 819 879
11381 2 2 5 1 821 888 889
11382 2 2 5 1 6752 7684 7700
11383 2 2 5 1 5655 4690 7187
11384 2 2 5 1 3736 2511 7572
11385 2 2 5 1 6654 6655 7296
11386 2 2 5 1 5763 4708 7194
11387 2 2 5 1 3249 7066 7069
11388 2 2 5 1 3798 4433 4451
11389 2 2 5 1 1150 1149 1185
11390 2 2 5 1 1146 1147 1184
11391 2 2 5 1 4297 4787 7197
11392 2 2 5 1 6838 6922 7165
11393 2 2 5 1 7342 5038 7369
11394 2 2 5 1 4279 6546 7307
11395 2 2 5 1 1047 1043 6408
11396 2 2 5 1 1545 7111 7184
11397 2 2 5 1 1666 1499 1667
11398 2 2 5 1 1221 1223 2757
11399 2 2 5 1 2341 2342 2343
11400 2 2 5 1 6072 6557 7293
11401 2 2 5 1 1415 1414 7247
11402 2 2 5 1 2825 2295 7161
11403 2 2 5 1 3481 4473 4474
11404 2 2 5 1 7318 6073 7383
11405 2 2 5 1 2224 2119 7160
11406 2 2 5 1 3344 3798 3799
11407 2 2 5 1 1439 1440 1441
11408 2 2 5 1 3364 3934 7270
11409 2 2 5 1 4640 5394 5395
11410 2 2 5 1 3984 5178 7151
11411 2 2 5 1 1234 1236 1237
11412 2 2 5 1 3031 3030 3032
11413 2 2 5 1 2828 6844 7082
11414 2 2 5 1 5104 5103 5105
11415 2 2 5 1 3554 5236 8806
11416 2 2 5 1 2461 2766 7075
11417 2 2 5 1 4768 7238 7290
11418 2 2 5 1 1896 1834 7158
11419 2 2 5 1 4300 3736 7556
11420 2 2 5 1 4515 4012 5169
11421 2 2 5 1 3562 3563 3571
11422 2 2 5 1 6922 3297 7165
11423 2 2 5 1 4228 7007 7236
11424 2 2 5 1 3083 2952 7082
11425 2 2 5 1 4768 6956 7238
11426 2 2 5 1 3029 3030 3031
11427 2 2 5 1 937 820 7423
11428 2 2 5 1 1868 1972 7132
11429 2 2 5 1 4308 6654 7245
11430 2 2 5 1 2353 2342 3056
11431 2 2 5 1 2668 2666 7106
11432 2 2 5 1 1232 1231 1233
11433 2 2 5 1 2701 2631 7300
11434 2 2 5 1 3767 7174 7239
11435 2 2 5 1 7345 4757 7491
11436 2 2 5 1 1244 1241 7166
11437 2 2 5 1 2110 2109 2111
11438 2 2 5 1 2684 2685 2686
11439 2 2 5 1 2899 3480 3481
11440 2 2 5 1 3061 4301 7335
11441 2 2 5 1 7154 3656 7206
11442 2 2 5 1 6964 6834 7180
11443 2 2 5 1 2837 2320 3381
11444 2 2 5 1 1223 1222 1225
11445 2 2 5 1 6649 6643 7208
11446 2 2 5 1 1860 2072 2684
11447 2 2 5 1 4270 7133 7228
11448 2 2 5 1 7408 6153 7438
11449 2 2 5 1 3306 4279 7216
11450 2 2 5 1 3217 4687 7167
11451 2 2 5 1 2339 2340 2341
11452 2 2 5 1 1226 1225 1227
11453 2 2 5 1 2107 2109 2110
11454 2 2 5 1 7700 6784 7708
11455 2 2 5 1 4774 7245 7277
11456 2 2 5 1 1363 1305 7096
11457 2 2 5 1 3560 3561 3562
11458 2 2 5 1 2285 6293 7982
11459 2 2 5 1 1490 1696 7144
11460 2 2 5 1 4105 6146 7203
11461 2 2 5 1 1751 1752 1753
11462 2 2 5 1 1764 1671 1765
11463 2 2 5 1 7052 5075 7237
11464 2 2 5 1 2663 4296 7137
11465 2 2 5 1 4764 7271 7308
11466 2 2 5 1 3043 3032 7314
11467 2 2 5 1 3028 3041 7188
11468 2 2 5 1 6898 6153 7408
11469 2 2 5 1 1780 1686 7164
11470 2 2 5 1 2156 2154 2157
11471 2 2 5 1 1229 1228 1230
11472 2 2 5 1 3344 3797 3798
11473 2 2 5 1 27 28 2615
11474 2 2 5 1 87 88 2614
11475 2 2 5 1 3656 4532 7206
11476 2 2 5 1 2433 1038 5949
11477 2 2 5 1 1748 1751 7193
11478 2 2 5 1 3662 4458 7117
11479 2 2 5 1 5504 5506 5507
11480 2 2 5 1 4802 3395 7272
11481 2 2 5 1 3458 3914 5092
11482 2 2 5 1 6777 7351 7435
11483 2 2 5 1 2307 2894 2899
11484 2 2 5 1 2354 2353 2355
11485 2 2 5 1 2110 2111 2320
11486 2 2 5 1 4860 5290 5291
11487 2 2 5 1 2212 2211 2800
11488 2 2 5 1 2095 2098 2099
11489 2 2 5 1 3031 3032 3033
11490 2 2 5 1 1667 1668 1769
11491 2 2 5 1 1143 1144 1253
11492 2 2 5 1 3843 3842 4472
11493 2 2 5 1 2158 2157 2159
11494 2 2 5 1 3586 2874 7110
11495 2 2 5 1 1195 1148 3451
11496 2 2 5 1 3088 7003 7179
11497 2 2 5 1 6659 7279 7364
11498 2 2 5 1 4749 4434 4750
11499 2 2 5 1 3210 595 6069
11500 2 2 5 1 4621 3975 5011
11501 2 2 5 1 6842 1599 7328
11502 2 2 5 1 1601 1705 7328
11503 2 2 5 1 2856 2837 3473
11504 2 2 5 1 2080 2078 7234
11505 2 2 5 1 6423 2502 7259
11506 2 2 5 1 3033 3032 3034
11507 2 2 5 1 6177 4722 7210
11508 2 2 5 1 3907 5099 7125
11509 2 2 5 1 6890 6748 7364
11510 2 2 5 1 1683 1543 7169
11511 2 2 5 1 7278 4306 7361
11512 2 2 5 1 4263 6559 7209
11513 2 2 5 1 3935 3887 7342
11514 2 2 5 1 818 936 7428
11515 2 2 5 1 5063 1575 7562
11516 2 2 5 1 3394 4358 7162
11517 2 2 5 1 3228 2495 7062
11518 2 2 5 1 4775 3054 7125
11519 2 2 5 1 7084 1723 7182
11520 2 2 5 1 3843 4536 4537
11521 2 2 5 1 3396 4298 7217
11522 2 2 5 1 3475 3701 3895
11523 2 2 5 1 3184 4132 7253
11524 2 2 5 1 6771 7219 7346
11525 2 2 5 1 2671 2665 7137
11526 2 2 5 1 7148 4223 7149
11527 2 2 5 1 4299 1244 7166
11528 2 2 5 1 688 596 689
11529 2 2 5 1 633 690 691
11530 2 2 5 1 4296 2661 7136
11531 2 2 5 1 3482 3483 3560
11532 2 2 5 1 6826 3204 7181
11533 2 2 5 1 5002 5000 5003
11534 2 2 5 1 5200 2473 6248
11535 2 2 5 1 1230 1231 1232
11536 2 2 5 1 2704 2820 2821
11537 2 2 5 1 1669 1670 1784
11538 2 2 5 1 4359 4360 4361
11539 2 2 5 1 5633 5630 7242
11540 2 2 5 1 4541 3516 7179
11541 2 2 5 1 1232 1233 1234
11542 2 2 5 1 1414 1366 7126
11543 2 2 5 1 3409 3408 3410
11544 2 2 5 1 2455 2457 7078
11545 2 2 5 1 1212 3808 7316
11546 2 2 5 1 1956 1211 1957
11547 2 2 5 1 4237 6895 7257
11548 2 2 5 1 3409 3410 3411
11549 2 2 5 1 1151 1193 3452
11550 2 2 5 1 7353 5512 7430
11551 2 2 5 1 4863 1235 4864
11552 2 2 5 1 1842 5435 7966
11553 2 2 5 1 3648 3473 4389
11554 2 2 5 1 3149 3662 7117
11555 2 2 5 1 1869 1868 7132
11556 2 2 5 1 5267 4596 5315
11557 2 2 5 1 3054 3907 7125
11558 2 2 5 1 5106 5107 5108
11559 2 2 5 1 6385 6386 7510
11560 2 2 5 1 3571 3563 3938
11561 2 2 5 1 2666 2670 7106
11562 2 2 5 1 4131 4434 4749
11563 2 2 5 1 6909 3863 7214
11564 2 2 5 1 3928 5159 7343
11565 2 2 5 1 2765 2455 7078
11566 2 2 5 1 5044 5046 5320
11567 2 2 5 1 3370 1363 7096
11568 2 2 5 1 2487 1108 6671
11569 2 2 5 1 3562 3561 3563
11570 2 2 5 1 1221 1220 1222
11571 2 2 5 1 1349 1199 6839
11572 2 2 5 1 3308 7216 7250
11573 2 2 5 1 3002 3578 7095
11574 2 2 5 1 6546 7165 7307
11575 2 2 5 1 5815 7628 7660
11576 2 2 5 1 2095 2099 2702
11577 2 2 5 1 771 773 2221
11578 2 2 5 1 3499 3847 3906
11579 2 2 5 1 3312 6896 7281
11580 2 2 5 1 4244 6874 7220
11581 2 2 5 1 1756 1758 1761
11582 2 2 5 1 1226 1227 1228
11583 2 2 5 1 1223 1225 1226
11584 2 2 5 1 3396 3424 3482
11585 2 2 5 1 6755 2729 7225
11586 2 2 5 1 2084 2082 7327
11587 2 2 5 1 7141 6909 7214
11588 2 2 5 1 1648 4745 7297
11589 2 2 5 1 4352 1338 7116
11590 2 2 5 1 3910 5044 5045
11591 2 2 5 1 3265 3450 7450
11592 2 2 5 1 1847 2188 2189
11593 2 2 5 1 1477 1372 7372
11594 2 2 5 1 566 563 7337
11595 2 2 5 1 4935 4934 4936
11596 2 2 5 1 5888 1504 7480
11597 2 2 5 1 2821 3457 3458
11598 2 2 5 1 3660 3927 4571
11599 2 2 5 1 6680 6852 7198
11600 2 2 5 1 2310 2323 7219
11601 2 2 5 1 2188 2190 7215
11602 2 2 5 1 2120 1298 7235
11603 2 2 5 1 1751 1753 4311
11604 2 2 5 1 3004 3050 7092
11605 2 2 5 1 995 1010 7313
11606 2 2 5 1 5016 3927 5227
11607 2 2 5 1 1753 1755 1756
11608 2 2 5 1 1338 1436 1437
11609 2 2 5 1 4295 4293 4423
11610 2 2 5 1 7133 6775 7228
11611 2 2 5 1 1952 1841 7391
11612 2 2 5 1 3560 3483 3561
11613 2 2 5 1 1502 2956 7480
11614 2 2 5 1 5584 3943 7143
11615 2 2 5 1 2343 2342 2353
11616 2 2 5 1 1041 941 6168
11617 2 2 5 1 4361 4362 4363
11618 2 2 5 1 3196 2887 7162
11619 2 2 5 1 3512 3909 3910
11620 2 2 5 1 3492 2871 3493
11621 2 2 5 1 2303 3511 3512
11622 2 2 5 1 963 994 3112
11623 2 2 5 1 1652 5705 7305
11624 2 2 5 1 2851 3568 7282
11625 2 2 5 1 7188 4749 7314
11626 2 2 5 1 5108 5107 5125
11627 2 2 5 1 518 517 525
11628 2 2 5 1 515 516 523
11629 2 2 5 1 4755 7161 7270
11630 2 2 5 1 3959 3121 7366
11631 2 2 5 1 4305 4304 7414
11632 2 2 5 1 4831 3498 7218
11633 2 2 5 1 5655 7187 7255
11634 2 2 5 1 4221 6023 7598
11635 2 2 5 1 780 734 1820
11636 2 2 5 1 4764 7251 7271
11637 2 2 5 1 6721 4300 7525
11638 2 2 5 1 3797 3342 7295
11639 2 2 5 1 1784 1785 1847
11640 2 2 5 1 2110 2680 7185
11641 2 2 5 1 2189 2302 2303
11642 2 2 5 1 2141 1765 7217
11643 2 2 5 1 6775 2600 7228
11644 2 2 5 1 6312 6311 8151
11645 2 2 5 1 4131 4749 7188
11646 2 2 5 1 2635 6178 7050
11647 2 2 5 1 3338 2939 3785
11648 2 2 5 1 1513 7135 7265
11649 2 2 5 1 4364 4859 4860
11650 2 2 5 1 3033 3034 3035
11651 2 2 5 1 3770 4748 7251
11652 2 2 5 1 3343 3342 3344
11653 2 2 5 1 3579 3083 7082
11654 2 2 5 1 4694 4854 7734
11655 2 2 5 1 1322 2062 7356
11656 2 2 5 1 3577 3004 7092
11657 2 2 5 1 2659 4775 7132
11658 2 2 5 1 3871 3203 7288
11659 2 2 5 1 1847 1848 2188
11660 2 2 5 1 1769 1812 1860
11661 2 2 5 1 2894 2308 2895
11662 2 2 5 1 4377 3479 4491
11663 2 2 5 1 2105 2107 7185
11664 2 2 5 1 7135 4783 7265
11665 2 2 5 1 4317 4318 4477
11666 2 2 5 1 975 974 989
11667 2 2 5 1 972 973 987
11668 2 2 5 1 2341 2340 2342
11669 2 2 5 1 3621 3620 4592
11670 2 2 5 1 1219 1217 1220
11671 2 2 5 1 1221 1222 1223
11672 2 2 5 1 2887 3394 7162
11673 2 2 5 1 2087 2085 7240
11674 2 2 5 1 7156 5886 7233
11675 2 2 5 1 6789 3758 7344
11676 2 2 5 1 2155 3397 4359
11677 2 2 5 1 3417 5963 7254
11678 2 2 5 1 3482 3424 3483
11679 2 2 5 1 7165 3297 7307
11680 2 2 5 1 2124 2184 7172
11681 2 2 5 1 2912 2279 2914
11682 2 2 5 1 3742 3745 7241
11683 2 2 5 1 3114 3035 7211
11684 2 2 5 1 4711 4228 7236
11685 2 2 5 1 3758 2477 7344
11686 2 2 5 1 1431 1430 7345
11687 2 2 5 1 4276 3767 7239
11688 2 2 5 1 3018 2668 7106
11689 2 2 5 1 6974 4236 7300
11690 2 2 5 1 1935 2256 7249
11691 2 2 5 1 866 6870 7238
11692 2 2 5 1 6213 4185 7381
11693 2 2 5 1 4394 3405 7122
11694 2 2 5 1 4755 2825 7161
11695 2 2 5 1 4408 4409 5225
11696 2 2 5 1 2801 2800 3428
11697 2 2 5 1 2926 5533 7735
11698 2 2 5 1 2665 2663 7137
11699 2 2 5 1 6771 7012 7219
11700 2 2 5 1 3184 3183 3185
11701 2 2 5 1 5653 5652 7841
11702 2 2 5 1 3211 5884 7213
11703 2 2 5 1 3037 3584 7211
11704 2 2 5 1 4272 4316 4317
11705 2 2 5 1 5178 5894 7151
11706 2 2 5 1 3475 3895 4794
11707 2 2 5 1 5886 5887 7233
11708 2 2 5 1 7364 6748 7456
11709 2 2 5 1 2463 2461 7075
11710 2 2 5 1 5195 5939 8595
11711 2 2 5 1 3411 3410 3412
11712 2 2 5 1 1765 3395 3396
11713 2 2 5 1 959 7278 7361
11714 2 2 5 1 2093 2094 2095
11715 2 2 5 1 2936 3629 3630
11716 2 2 5 1 3626 2934 3627
11717 2 2 5 1 7312 1302 7431
11718 2 2 5 1 2409 2935 2936
11719 2 2 5 1 2933 2386 2934
11720 2 2 5 1 3411 3412 3413
11721 2 2 5 1 2307 2140 2308
11722 2 2 5 1 3363 2224 7160
11723 2 2 5 1 5197 4527 5198
11724 2 2 5 1 1972 2659 7132
11725 2 2 5 1 3341 3342 3343
11726 2 2 5 1 3369 1403 3842
11727 2 2 5 1 7329 4803 7458
11728 2 2 5 1 3578 4005 7095
11729 2 2 5 1 1756 1757 1758
11730 2 2 5 1 3223 6113 7387
11731 2 2 5 1 3354 1896 7158
11732 2 2 5 1 2345 3524 7445
11733 2 2 5 1 3051 3002 7095
11734 2 2 5 1 3396 3395 3424
11735 2 2 5 1 6557 7170 7293
11736 2 2 5 1 5694 5695 7298
11737 2 2 5 1 2323 3042 7219
11738 2 2 5 1 1379 1047 6408
11739 2 2 5 1 3773 2076 5936
11740 2 2 5 1 2502 2504 7259
11741 2 2 5 1 6878 4761 7248
11742 2 2 5 1 2184 2841 7172
11743 2 2 5 1 3570 2853 7445
11744 2 2 5 1 1338 1437 7116
11745 2 2 5 1 5075 5077 7237
11746 2 2 5 1 3807 3580 3993
11747 2 2 5 1 7472 4766 7506
11748 2 2 5 1 5108 5125 5126
11749 2 2 5 1 1967 1832 2775
11750 2 2 5 1 5844 5655 7255
11751 2 2 5 1 7170 3729 7293
11752 2 2 5 1 7012 2310 7219
11753 2 2 5 1 3769 6791 7248
11754 2 2 5 1 2457 3051 7078
11755 2 2 5 1 6499 7284 7372
11756 2 2 5 1 4317 4477 7093
11757 2 2 5 1 7248 4761 7289
11758 2 2 5 1 3815 3415 7254
11759 2 2 5 1 2619 7265 7363
11760 2 2 5 1 3764 7049 7221
11761 2 2 5 1 4797 7449 7500
11762 2 2 5 1 6716 4307 7446
11763 2 2 5 1 3782 2141 7217
11764 2 2 5 1 1437 1436 1669
11765 2 2 5 1 4855 4474 5321
11766 2 2 5 1 3873 4935 7252
11767 2 2 5 1 4728 4475 5303
11768 2 2 5 1 2940 3338 3339
11769 2 2 5 1 7556 3736 7572
11770 2 2 5 1 3181 2780 3182
11771 2 2 5 1 1153 1302 7312
11772 2 2 5 1 3035 3034 3036
11773 2 2 5 1 4285 1780 7164
11774 2 2 5 1 5126 5125 5128
11775 2 2 5 1 3408 3419 7199
11776 2 2 5 1 6295 7440 7540
11777 2 2 5 1 1761 1758 1762
11778 2 2 5 1 1705 1603 7394
11779 2 2 5 1 1212 1209 3808
11780 2 2 5 1 4344 5513 7776
11781 2 2 5 1 5514 4345 7777
11782 2 2 5 1 1768 1952 7427
11783 2 2 5 1 2139 1838 2140
11784 2 2 5 1 4415 3356 7350
11785 2 2 5 1 3355 6918 7389
11786 2 2 5 1 2897 2900 3504
11787 2 2 5 1 2792 2637 7050
11788 2 2 5 1 4687 5817 7167
11789 2 2 5 1 2337 2338 2339
11790 2 2 5 1 3420 3410 7199
11791 2 2 5 1 1218 1219 1224
11792 2 2 5 1 7030 7013 7266
11793 2 2 5 1 3651 3994 4597
11794 2 2 5 1 1860 1984 2072
11795 2 2 5 1 2872 3659 3660
11796 2 2 5 1 3910 3909 5044
11797 2 2 5 1 1437 1669 1671
11798 2 2 5 1 4420 4421 4818
11799 2 2 5 1 1215 1217 1218
11800 2 2 5 1 6895 2701 7257
11801 2 2 5 1 3512 3511 3909
11802 2 2 5 1 714 689 715
11803 2 2 5 1 691 716 717
11804 2 2 5 1 2644 6887 7294
11805 2 2 5 1 1975 2331 3651
11806 2 2 5 1 6498 4305 7284
11807 2 2 5 1 1765 1671 3395
11808 2 2 5 1 2303 2302 3511
11809 2 2 5 1 4376 7443 7494
11810 2 2 5 1 942 915 943
11811 2 2 5 1 7228 6213 7381
11812 2 2 5 1 4593 4592 7212
11813 2 2 5 1 5005 5324 5325
11814 2 2 5 1 2091 2092 2093
11815 2 2 5 1 2244 2939 2940
11816 2 2 5 1 6707 678 7406
11817 2 2 5 1 4473 3480 4475
11818 2 2 5 1 2859 2359 7319
11819 2 2 5 1 6864 1770 7140
11820 2 2 5 1 1897 2148 7336
11821 2 2 5 1 3030 7188 7314
11822 2 2 5 1 1511 1513 7265
11823 2 2 5 1 3112 4306 7278
11824 2 2 5 1 4537 4536 5387
11825 2 2 5 1 7245 1651 7277
11826 2 2 5 1 5474 2761 7460
11827 2 2 5 1 2685 2687 2872
11828 2 2 5 1 678 676 7406
11829 2 2 5 1 3769 7248 7289
11830 2 2 5 1 2258 2782 7173
11831 2 2 5 1 7049 4747 7221
11832 2 2 5 1 2684 2072 2685
11833 2 2 5 1 5339 4648 7502
11834 2 2 5 1 3803 3804 4408
11835 2 2 5 1 3975 3185 7252
11836 2 2 5 1 4814 7704 7790
11837 2 2 5 1 7426 6867 7633
11838 2 2 5 1 1837 1762 1838
11839 2 2 5 1 3768 7030 7266
11840 2 2 5 1 2333 2434 2965
11841 2 2 5 1 763 715 764
11842 2 2 5 1 717 765 766
11843 2 2 5 1 3843 4472 4536
11844 2 2 5 1 2082 2080 3146
11845 2 2 5 1 2189 2188 2302
11846 2 2 5 1 3352 1683 7169
11847 2 2 5 1 7043 4252 7279
11848 2 2 5 1 3413 3412 3414
11849 2 2 5 1 793 764 794
11850 2 2 5 1 766 795 796
11851 2 2 5 1 1338 1337 1436
11852 2 2 5 1 2111 2113 7157
11853 2 2 5 1 818 794 819
11854 2 2 5 1 796 820 821
11855 2 2 5 1 4315 4797 7469
11856 2 2 5 1 3405 3406 7122
11857 2 2 5 1 4477 4318 4663
11858 2 2 5 1 2072 1984 7064
11859 2 2 5 1 4252 6921 7279
11860 2 2 5 1 5212 5213 8237
11861 2 2 5 1 7315 4265 7316
11862 2 2 5 1 8290 4589 8790
11863 2 2 5 1 1418 1415 7247
11864 2 2 5 1 4553 4557 8110
11865 2 2 5 1 2062 1987 7411
11866 2 2 5 1 2687 2072 7064
11867 2 2 5 1 1607 1704 7415
11868 2 2 5 1 1219 1220 1221
11869 2 2 5 1 738 739 7449
11870 2 2 5 1 4269 2812 7271
11871 2 2 5 1 1788 3122 7268
11872 2 2 5 1 2270 3503 7411
11873 2 2 5 1 6547 6284 7341
11874 2 2 5 1 4002 3577 7092
11875 2 2 5 1 4826 5082 7912
11876 2 2 5 1 6655 7220 7296
11877 2 2 5 1 2137 2617 7422
11878 2 2 5 1 3163 3164 3818
11879 2 2 5 1 3087 3637 6445
11880 2 2 5 1 1216 1214 1403
11881 2 2 5 1 4317 4316 4318
11882 2 2 5 1 1696 1811 7144
11883 2 2 5 1 2339 2338 2340
11884 2 2 5 1 1566 686 7408
11885 2 2 5 1 4759 7121 7309
11886 2 2 5 1 6942 2644 7294
11887 2 2 5 1 3877 3182 3878
11888 2 2 5 1 4372 4963 7159
11889 2 2 5 1 933 934 935
11890 2 2 5 1 3035 3036 3037
11891 2 2 5 1 4794 3895 4795
11892 2 2 5 1 5402 5927 7707
11893 2 2 5 1 6777 7005 7351
11894 2 2 5 1 4478 3900 4760
11895 2 2 5 1 683 6898 7408
11896 2 2 5 1 570 550 571
11897 2 2 5 1 552 607 608
11898 2 2 5 1 2459 2458 7403
11899 2 2 5 1 2452 2453 7404
11900 2 2 5 1 3413 3414 3415
11901 2 2 5 1 1494 1650 7277
11902 2 2 5 1 935 969 970
11903 2 2 5 1 963 3112 7278
11904 2 2 5 1 2752 2124 7172
11905 2 2 5 1 1941 2055 7198
11906 2 2 5 1 913 830 915
11907 2 2 5 1 7330 6832 7399
11908 2 2 5 1 2138 1838 2139
11909 2 2 5 1 4267 6716 7283
11910 2 2 5 1 7177 3312 7281
11911 2 2 5 1 2675 2090 2703
11912 2 2 5 1 826 909 933
11913 2 2 5 1 5093 3914 5094
11914 2 2 5 1 4055 4660 6130
11915 2 2 5 1 4779 7096 7312
11916 2 2 5 1 4623 6702 7285
11917 2 2 5 1 4399 4398 7385
11918 2 2 5 1 2630 4682 7243
11919 2 2 5 1 2508 3682 7460
11920 2 2 5 1 959 957 7278
11921 2 2 5 1 5005 4997 5324
11922 2 2 5 1 7290 3478 7320
11923 2 2 5 1 3341 3339 3342
11924 2 2 5 1 2690 2293 2691
11925 2 2 5 1 3818 3819 4528
11926 2 2 5 1 3726 6218 7534
11927 2 2 5 1 4790 7283 7391
11928 2 2 5 1 4761 4762 7289
11929 2 2 5 1 7427 1952 7446
11930 2 2 5 1 1811 2978 7144
11931 2 2 5 1 4545 3890 5102
11932 2 2 5 1 2915 2914 3901
11933 2 2 5 1 5141 5147 7532
11934 2 2 5 1 3457 2820 3459
11935 2 2 5 1 5304 7310 7420
11936 2 2 5 1 4767 4768 7290
11937 2 2 5 1 6220 6880 7452
11938 2 2 5 1 5939 5195 8583
11939 2 2 5 1 4328 4326 7495
11940 2 2 5 1 6445 3637 6446
11941 2 2 5 1 742 756 7500
11942 2 2 5 1 5947 5943 7716
11943 2 2 5 1 2160 2159 2161
11944 2 2 5 1 2076 1957 2077
11945 2 2 5 1 3832 3834 3835
11946 2 2 5 1 970 998 999
11947 2 2 5 1 5046 3909 7231
11948 2 2 5 1 2872 2873 3659
11949 2 2 5 1 3225 3223 7387
11950 2 2 5 1 1237 1240 7201
11951 2 2 5 1 3513 2302 7215
11952 2 2 5 1 4628 5373 7644
11953 2 2 5 1 5889 5888 7480
11954 2 2 5 1 2806 3144 3831
11955 2 2 5 1 6704 4884 7264
11956 2 2 5 1 4038 4055 6130
11957 2 2 5 1 4778 7336 7389
11958 2 2 5 1 2091 2093 2097
11959 2 2 5 1 7013 6851 7266
11960 2 2 5 1 6852 1941 7198
11961 2 2 5 1 6759 6901 7429
11962 2 2 5 1 7518 6939 7574
11963 2 2 5 1 1751 4311 7193
11964 2 2 5 1 6973 2619 7363
11965 2 2 5 1 4299 7166 7352
11966 2 2 5 1 3406 3409 7122
11967 2 2 5 1 4767 7290 7320
11968 2 2 5 1 4419 2980 7306
11969 2 2 5 1 6 393 5032
11970 2 2 5 1 5631 5634 5636
11971 2 2 5 1 5249 3979 7787
11972 2 2 5 1 3369 3842 3843
11973 2 2 5 1 4185 6768 7430
11974 2 2 5 1 4711 7236 7303
11975 2 2 5 1 3802 3801 4498
11976 2 2 5 1 3030 3028 7188
11977 2 2 5 1 6889 6934 7397
11978 2 2 5 1 7351 4793 7435
11979 2 2 5 1 6896 6835 7281
11980 2 2 5 1 7158 6681 7350
11981 2 2 5 1 839 6090 7503
11982 2 2 5 1 6790 3478 7290
11983 2 2 5 1 4272 1224 4316
11984 2 2 5 1 1053 2719 7313
11985 2 2 5 1 6407 4289 7362
11986 2 2 5 1 4270 7228 7381
11987 2 2 5 1 3511 3513 7231
11988 2 2 5 1 3861 4419 4420
11989 2 2 5 1 5325 8188 8282
11990 2 2 5 1 2957 4221 7598
11991 2 2 5 1 957 963 7278
11992 2 2 5 1 2320 2111 7157
11993 2 2 5 1 1947 1974 1975
11994 2 2 5 1 6921 2656 7279
11995 2 2 5 1 4304 7281 7414
11996 2 2 5 1 6783 6717 7501
11997 2 2 5 1 3050 2463 7075
11998 2 2 5 1 4289 2662 7475
11999 2 2 5 1 2899 2894 3480
12000 2 2 5 1 7144 4302 7329
12001 2 2 5 1 3146 2080 7234
12002 2 2 5 1 5845 4796 7666
12003 2 2 5 1 2664 2667 7475
12004 2 2 5 1 6174 2017 7513
12005 2 2 5 1 5193 4593 7212
12006 2 2 5 1 738 7472 7506
12007 2 2 5 1 5225 4409 7150
12008 2 2 5 1 7309 4204 7335
12009 2 2 5 1 2770 1234 7201
12010 2 2 5 1 1521 6972 7377
12011 2 2 5 1 4428 3769 7289
12012 2 2 5 1 4411 5223 7150
12013 2 2 5 1 4543 5118 5119
12014 2 2 5 1 2585 6815 8318
12015 2 2 5 1 2913 2911 3447
12016 2 2 5 1 7121 7019 7309
12017 2 2 5 1 3338 3785 4309
12018 2 2 5 1 1441 1648 7297
12019 2 2 5 1 7220 6874 7296
12020 2 2 5 1 2340 2338 3604
12021 2 2 5 1 7096 1202 7312
12022 2 2 5 1 2504 3289 7259
12023 2 2 5 1 6030 3623 6038
12024 2 2 5 1 4571 3927 5016
12025 2 2 5 1 5092 3914 5093
12026 2 2 5 1 2244 1971 2939
12027 2 2 5 1 2348 2070 4067
12028 2 2 5 1 5009 4009 5010
12029 2 2 5 1 3660 3659 3927
12030 2 2 5 1 4007 5007 5008
12031 2 2 5 1 2542 6146 7728
12032 2 2 5 1 6540 1443 7297
12033 2 2 5 1 1380 1347 7434
12034 2 2 5 1 1765 3396 7217
12035 2 2 5 1 2088 2675 7240
12036 2 2 5 1 2307 2308 2894
12037 2 2 5 1 2055 2213 7198
12038 2 2 5 1 7169 6407 7362
12039 2 2 5 1 1255 1337 1338
12040 2 2 5 1 3481 3480 4473
12041 2 2 5 1 3552 4529 7308
12042 2 2 5 1 1416 6085 7304
12043 2 2 5 1 7501 6717 7526
12044 2 2 5 1 3407 2979 7355
12045 2 2 5 1 3661 2873 7650
12046 2 2 5 1 2150 2151 2152
12047 2 2 5 1 4431 4430 4596
12048 2 2 5 1 2864 2352 5770
12049 2 2 5 1 2696 2695 2697
12050 2 2 5 1 1704 1609 7461
12051 2 2 5 1 6528 4693 7751
12052 2 2 5 1 2704 2703 2820
12053 2 2 5 1 2139 2140 2307
12054 2 2 5 1 4409 4411 7150
12055 2 2 5 1 3848 3500 7163
12056 2 2 5 1 7160 1950 7336
12057 2 2 5 1 7381 4185 7430
12058 2 2 5 1 1235 1230 7202
12059 2 2 5 1 6874 1651 7296
12060 2 2 5 1 2691 2293 5984
12061 2 2 5 1 2846 3566 7349
12062 2 2 5 1 2107 2110 7185
12063 2 2 5 1 3415 3414 3416
12064 2 2 5 1 2940 2939 3338
12065 2 2 5 1 7010 1521 7377
12066 2 2 5 1 1234 1237 7201
12067 2 2 5 1 7064 2258 7173
12068 2 2 5 1 2821 2820 3457
12069 2 2 5 1 1202 1153 7312
12070 2 2 5 1 3900 3497 7286
12071 2 2 5 1 3847 3500 3848
12072 2 2 5 1 3297 4739 7307
12073 2 2 5 1 4765 4764 7308
12074 2 2 5 1 3381 2320 7157
12075 2 2 5 1 5004 5003 5006
12076 2 2 5 1 7241 3745 7334
12077 2 2 5 1 6934 5868 7397
12078 2 2 5 1 1345 7184 7434
12079 2 2 5 1 2335 2336 2337
12080 2 2 5 1 3289 4113 7259
12081 2 2 5 1 3458 3457 3914
12082 2 2 5 1 3037 3036 3038
12083 2 2 5 1 6378 6375 7547
12084 2 2 5 1 7015 4711 7303
12085 2 2 5 1 2090 2089 2091
12086 2 2 5 1 5136 5138 7532
12087 2 2 5 1 3873 4933 4934
12088 2 2 5 1 3901 4552 4877
12089 2 2 5 1 2092 2089 7256
12090 2 2 5 1 2788 3364 7270
12091 2 2 5 1 4372 4373 4963
12092 2 2 5 1 1232 2770 7202
12093 2 2 5 1 2631 6974 7300
12094 2 2 5 1 2226 4835 7317
12095 2 2 5 1 2802 2804 3814
12096 2 2 5 1 4693 5534 7736
12097 2 2 5 1 4242 6897 7412
12098 2 2 5 1 4247 6942 7294
12099 2 2 5 1 6717 4212 7526
12100 2 2 5 1 4277 6832 7330
12101 2 2 5 1 6540 7297 7433
12102 2 2 5 1 4314 4931 4932
12103 2 2 5 1 6220 7452 7534
12104 2 2 5 1 3185 3872 3873
12105 2 2 5 1 5011 3975 7252
12106 2 2 5 1 7251 4269 7271
12107 2 2 5 1 2214 1958 6239
12108 2 2 5 1 4924 3473 7261
12109 2 2 5 1 5412 4643 5432
12110 2 2 5 1 4620 3833 7291
12111 2 2 5 1 2076 2077 5936
12112 2 2 5 1 4364 4860 7094
12113 2 2 5 1 1613 1703 7482
12114 2 2 5 1 2820 2703 7269
12115 2 2 5 1 3410 3408 7199
12116 2 2 5 1 593 596 688
12117 2 2 5 1 633 630 690
12118 2 2 5 1 7166 7051 7352
12119 2 2 5 1 4565 4363 7094
12120 2 2 5 1 6112 3721 7580
12121 2 2 5 1 1218 1217 1219
12122 2 2 5 1 1169 1115 3439
12123 2 2 5 1 3478 3902 7320
12124 2 2 5 1 3450 6026 7775
12125 2 2 5 1 3496 3495 3497
12126 2 2 5 1 2965 3121 3846
12127 2 2 5 1 4998 5005 7232
12128 2 2 5 1 2088 2086 2089
12129 2 2 5 1 1869 7132 7355
12130 2 2 5 1 1741 1739 1842
12131 2 2 5 1 6831 6833 7399
12132 2 2 5 1 626 624 1776
12133 2 2 5 1 4910 4667 4911
12134 2 2 5 1 2782 3475 7173
12135 2 2 5 1 587 589 1589
12136 2 2 5 1 1400 1490 7329
12137 2 2 5 1 4348 3962 4736
12138 2 2 5 1 3727 4162 7331
12139 2 2 5 1 5279 4370 5280
12140 2 2 5 1 1904 1906 2009
12141 2 2 5 1 1916 1914 2008
12142 2 2 5 1 1210 1213 3796
12143 2 2 5 1 1206 1204 7190
12144 2 2 5 1 1230 1232 7202
12145 2 2 5 1 1599 1601 7328
12146 2 2 5 1 4147 4146 4948
12147 2 2 5 1 4212 4485 7538
12148 2 2 5 1 3037 3038 3039
12149 2 2 5 1 4736 3962 7226
12150 2 2 5 1 2692 2691 2693
12151 2 2 5 1 1549 1736 1738
12152 2 2 5 1 6935 7148 7405
12153 2 2 5 1 2182 2334 2335
12154 2 2 5 1 3798 4451 7292
12155 2 2 5 1 980 943 981
12156 2 2 5 1 4778 7160 7336
12157 2 2 5 1 7531 3789 7608
12158 2 2 5 1 1226 1229 7223
12159 2 2 5 1 6086 4396 7660
12160 2 2 5 1 1045 1374 4320
12161 2 2 5 1 6880 3118 7452
12162 2 2 5 1 6585 6586 7608
12163 2 2 5 1 6564 4337 7550
12164 2 2 5 1 1332 1177 1333
12165 2 2 5 1 1547 1775 7523
12166 2 2 5 1 3499 3498 3500
12167 2 2 5 1 1574 1575 5063
12168 2 2 5 1 1214 1212 7316
12169 2 2 5 1 6853 6767 7494
12170 2 2 5 1 885 887 3440
12171 2 2 5 1 7019 4204 7309
12172 2 2 5 1 3877 4586 4656
12173 2 2 5 1 2017 2019 7513
12174 2 2 5 1 4204 3061 7335
12175 2 2 5 1 4610 4609 4615
12176 2 2 5 1 4606 4607 4616
12177 2 2 5 1 7284 1477 7372
12178 2 2 5 1 6773 4332 7541
12179 2 2 5 1 2757 1223 7223
12180 2 2 5 1 881 883 908
12181 2 2 5 1 893 891 907
12182 2 2 5 1 3398 6703 7554
12183 2 2 5 1 7503 5014 7569
12184 2 2 5 1 3185 3183 3872
12185 2 2 5 1 4247 7294 7351
12186 2 2 5 1 563 564 7337
12187 2 2 5 1 7053 1802 7509
12188 2 2 5 1 3354 7158 7350
12189 2 2 5 1 897 895 2718
12190 2 2 5 1 7526 4212 7538
12191 2 2 5 1 2337 2336 2338
12192 2 2 5 1 4473 4475 4728
12193 2 2 5 1 1462 7186 7360
12194 2 2 5 1 2085 2084 2086
12195 2 2 5 1 6284 6285 7341
12196 2 2 5 1 4592 4595 5203
12197 2 2 5 1 2152 2153 2154
12198 2 2 5 1 1255 1253 1337
12199 2 2 5 1 7099 4242 7412
12200 2 2 5 1 3415 3416 3417
12201 2 2 5 1 1950 1897 7336
12202 2 2 5 1 2014 3726 7580
12203 2 2 5 1 2902 3580 3807
12204 2 2 5 1 3721 2016 7580
12205 2 2 5 1 7283 1952 7391
12206 2 2 5 1 7429 4763 7473
12207 2 2 5 1 7265 4783 7363
12208 2 2 5 1 5000 4998 7232
12209 2 2 5 1 4864 1235 7202
12210 2 2 5 1 7044 1923 7466
12211 2 2 5 1 2667 2669 7598
12212 2 2 5 1 7106 2670 7349
12213 2 2 5 1 2125 2007 7347
12214 2 2 5 1 3039 3040 3058
12215 2 2 5 1 3799 3798 7292
12216 2 2 5 1 4592 3620 4595
12217 2 2 5 1 3058 3163 3620
12218 2 2 5 1 5735 5737 7746
12219 2 2 5 1 1301 1261 3403
12220 2 2 5 1 3745 6800 7334
12221 2 2 5 1 2088 2089 2090
12222 2 2 5 1 1260 1297 3402
12223 2 2 5 1 4774 7277 7427
12224 2 2 5 1 7561 5966 8710
12225 2 2 5 1 1380 7434 7492
12226 2 2 5 1 2888 2628 7359
12227 2 2 5 1 6382 6381 7594
12228 2 2 5 1 1490 7144 7329
12229 2 2 5 1 2359 3622 7319
12230 2 2 5 1 2122 2752 7367
12231 2 2 5 1 3417 3416 3418
12232 2 2 5 1 2086 2750 7256
12233 2 2 5 1 1223 1226 7223
12234 2 2 5 1 2085 2086 2088
12235 2 2 5 1 2873 2687 7553
12236 2 2 5 1 356 5 4507
12237 2 2 5 1 7491 4757 7533
12238 2 2 5 1 4860 4859 5290
12239 2 2 5 1 4096 1041 6168
12240 2 2 5 1 4737 4736 4738
12241 2 2 5 1 999 1048 1049
12242 2 2 5 1 4484 3567 4604
12243 2 2 5 1 3933 7487 7576
12244 2 2 5 1 3497 3495 3498
12245 2 2 5 1 3443 6646 8289
12246 2 2 5 1 7279 2656 7364
12247 2 2 5 1 3502 3076 3567
12248 2 2 5 1 3387 3652 3950
12249 2 2 5 1 1208 1206 1209
12250 2 2 5 1 4182 5853 7262
12251 2 2 5 1 7525 4300 7556
12252 2 2 5 1 2477 3286 7344
12253 2 2 5 1 2973 1245 3805
12254 2 2 5 1 564 1322 7356
12255 2 2 5 1 2561 363 7551
12256 2 2 5 1 7523 1775 7541
12257 2 2 5 1 7048 4277 7330
12258 2 2 5 1 1316 1327 7458
12259 2 2 5 1 7132 4775 7355
12260 2 2 5 1 922 974 975
12261 2 2 5 1 972 921 973
12262 2 2 5 1 5237 4911 5238
12263 2 2 5 1 3887 4767 7342
12264 2 2 5 1 1207 1208 1211
12265 2 2 5 1 3493 2871 3494
12266 2 2 5 1 4779 7312 7431
12267 2 2 5 1 2083 2084 2085
12268 2 2 5 1 1571 2211 2212
12269 2 2 5 1 6394 6395 7376
12270 2 2 5 1 4612 3806 4840
12271 2 2 5 1 2999 2421 3000
12272 2 2 5 1 7605 4273 7649
12273 2 2 5 1 7746 5737 7798
12274 2 2 5 1 4068 4067 4367
12275 2 2 5 1 1703 1615 7529
12276 2 2 5 1 5865 4633 7609
12277 2 2 5 1 3419 3407 7486
12278 2 2 5 1 3035 3037 7211
12279 2 2 5 1 5161 5160 5183
12280 2 2 5 1 4333 5028 7576
12281 2 2 5 1 1495 1352 7325
12282 2 2 5 1 2231 3401 7504
12283 2 2 5 1 6234 529 7457
12284 2 2 5 1 3847 3848 4591
12285 2 2 5 1 4361 4360 4362
12286 2 2 5 1 7337 564 7356
12287 2 2 5 1 4363 4362 4364
12288 2 2 5 1 2246 1826 7542
12289 2 2 5 1 7344 3286 7370
12290 2 2 5 1 5600 5601 7879
12291 2 2 5 1 2837 3381 7261
12292 2 2 5 1 3417 3418 3422
12293 2 2 5 1 3039 3038 3040
12294 2 2 5 1 1143 1253 1255
12295 2 2 5 1 7456 3380 7495
12296 2 2 5 1 6398 6397 7629
12297 2 2 5 1 2710 5800 7439
12298 2 2 5 1 2402 2401 7395
12299 2 2 5 1 2378 2379 7396
12300 2 2 5 1 4922 4336 7533
12301 2 2 5 1 6208 4290 7374
12302 2 2 5 1 6528 7751 7757
12303 2 2 5 1 7320 5038 7342
12304 2 2 5 1 3873 3872 4933
12305 2 2 5 1 6833 2543 7483
12306 2 2 5 1 1216 1403 3369
12307 2 2 5 1 3909 3511 7231
12308 2 2 5 1 6768 5769 7353
12309 2 2 5 1 7281 6835 7414
12310 2 2 5 1 2336 2334 3463
12311 2 2 5 1 3422 3418 3423
12312 2 2 5 1 4433 7795 7832
12313 2 2 5 1 4709 5723 7371
12314 2 2 5 1 7277 1650 7427
12315 2 2 5 1 4201 4335 7574
12316 2 2 5 1 1573 1733 1734
12317 2 2 5 1 1619 1700 7536
12318 2 2 5 1 4592 5203 7212
12319 2 2 5 1 4359 3397 4360
12320 2 2 5 1 5854 4186 7274
12321 2 2 5 1 2099 2105 7244
12322 2 2 5 1 1443 1441 7297
12323 2 2 5 1 4368 4367 5293
12324 2 2 5 1 3969 3967 5015
12325 2 2 5 1 2654 6979 7440
12326 2 2 5 1 1951 5711 7479
12327 2 2 5 1 6840 4339 7558
12328 2 2 5 1 4879 4738 4880
12329 2 2 5 1 1051 981 1052
12330 2 2 5 1 1592 1555 1593
12331 2 2 5 1 2156 2157 2158
12332 2 2 5 1 4780 7106 7349
12333 2 2 5 1 5034 8564 8570
12334 2 2 5 1 3493 3494 3495
12335 2 2 5 1 1134 1140 7229
12336 2 2 5 1 1434 1431 7345
12337 2 2 5 1 6748 3380 7456
12338 2 2 5 1 1734 1845 1846
12339 2 2 5 1 5931 4964 8746
12340 2 2 5 1 2113 2122 7367
12341 2 2 5 1 3352 7169 7362
12342 2 2 5 1 1910 2252 2253
12343 2 2 5 1 2250 1920 2251
12344 2 2 5 1 4797 4324 7472
12345 2 2 5 1 4443 6771 7346
12346 2 2 5 1 3473 2837 7261
12347 2 2 5 1 3058 3040 3163
12348 2 2 5 1 8216 4946 8236
12349 2 2 5 1 3353 7048 7330
12350 2 2 5 1 2302 2188 7215
12351 2 2 5 1 2145 2726 3087
12352 2 2 5 1 2702 2099 7244
12353 2 2 5 1 3015 2673 3171
12354 2 2 5 1 3499 3500 3847
12355 2 2 5 1 3761 7433 7476
12356 2 2 5 1 3803 4408 4523
12357 2 2 5 1 711 725 7506
12358 2 2 5 1 4022 3104 7378
12359 2 2 5 1 7793 6561 7806
12360 2 2 5 1 41 42 7561
12361 2 2 5 1 4215 6325 7592
12362 2 2 5 1 1874 6076 7424
12363 2 2 5 1 2656 6890 7364
12364 2 2 5 1 3005 2742 7383
12365 2 2 5 1 362 800 7551
12366 2 2 5 1 6773 7541 7558
12367 2 2 5 1 2781 3181 3183
12368 2 2 5 1 4314 4932 5170
12369 2 2 5 1 7005 4247 7351
12370 2 2 5 1 3992 3864 6144
12371 2 2 5 1 3181 3182 3877
12372 2 2 5 1 4972 5929 8747
12373 2 2 5 1 1968 2149 2227
12374 2 2 5 1 3188 2840 3624
12375 2 2 5 1 1221 2757 7258
12376 2 2 5 1 5159 5158 5160
12377 2 2 5 1 2083 2082 2084
12378 2 2 5 1 7392 7023 7469
12379 2 2 5 1 3807 4509 4510
12380 2 2 5 1 5170 4932 5382
12381 2 2 5 1 2065 1807 2066
12382 2 2 5 1 3032 3030 7314
12383 2 2 5 1 1353 1445 1574
12384 2 2 5 1 1578 3006 3387
12385 2 2 5 1 1692 1447 1813
12386 2 2 5 1 4364 4362 4365
12387 2 2 5 1 7447 3077 7583
12388 2 2 5 1 3497 3498 3499
12389 2 2 5 1 4489 4926 4927
12390 2 2 5 1 1372 1402 7372
12391 2 2 5 1 6396 6384 7629
12392 2 2 5 1 3818 4528 4569
12393 2 2 5 1 5038 5452 7369
12394 2 2 5 1 5807 4888 7687
12395 2 2 5 1 1446 1693 7339
12396 2 2 5 1 2696 3076 3077
12397 2 2 5 1 1207 1206 1208
12398 2 2 5 1 3801 3423 3803
12399 2 2 5 1 3185 3873 7252
12400 2 2 5 1 3077 3502 3576
12401 2 2 5 1 2834 2735 2930
12402 2 2 5 1 6871 3789 7531
12403 2 2 5 1 3659 3661 7311
12404 2 2 5 1 6188 4714 7573
12405 2 2 5 1 6892 1380 7492
12406 2 2 5 1 1404 1570 1573
12407 2 2 5 1 6151 7370 7528
12408 2 2 5 1 4550 3836 4551
12409 2 2 5 1 2833 3157 3158
12410 2 2 5 1 2409 2405 2935
12411 2 2 5 1 2382 2386 2933
12412 2 2 5 1 2161 2293 2690
12413 2 2 5 1 1205 1206 1207
12414 2 2 5 1 4278 7023 7392
12415 2 2 5 1 2332 2739 2740
12416 2 2 5 1 3087 3460 3637
12417 2 2 5 1 7119 2654 7440
12418 2 2 5 1 2067 2274 2717
12419 2 2 5 1 3433 3432 3434
12420 2 2 5 1 2105 7185 7244
12421 2 2 5 1 1806 1793 1807
12422 2 2 5 1 4783 5940 7363
12423 2 2 5 1 6187 6186 7652
12424 2 2 5 1 2742 2139 7318
12425 2 2 5 1 2081 2082 2083
12426 2 2 5 1 2670 2846 7349
12427 2 2 5 1 1581 1583 1585
12428 2 2 5 1 1948 2146 2255
12429 2 2 5 1 3422 3423 3801
12430 2 2 5 1 3808 7190 7191
12431 2 2 5 1 3201 2799 3432
12432 2 2 5 1 1805 1853 7568
12433 2 2 5 1 7184 6706 7434
12434 2 2 5 1 6135 3720 7654
12435 2 2 5 1 2672 2218 2673
12436 2 2 5 1 6972 6973 7377
12437 2 2 5 1 1406 1333 1407
12438 2 2 5 1 4401 4341 7587
12439 2 2 5 1 2079 2080 2081
12440 2 2 5 1 2693 2695 2696
12441 2 2 5 1 1083 1052 1084
12442 2 2 5 1 7157 2113 7367
12443 2 2 5 1 2307 2899 7318
12444 2 2 5 1 5003 5000 7232
12445 2 2 5 1 1224 1219 7258
12446 2 2 5 1 888 1260 7484
12447 2 2 5 1 6659 7364 7456
12448 2 2 5 1 4323 4270 7381
12449 2 2 5 1 1846 1989 1991
12450 2 2 5 1 7042 4268 7543
12451 2 2 5 1 4346 4342 7596
12452 2 2 5 1 3877 3878 4586
12453 2 2 5 1 7516 2189 7607
12454 2 2 5 1 3479 3005 7383
12455 2 2 5 1 1133 1084 1134
12456 2 2 5 1 2158 2159 2160
12457 2 2 5 1 1577 1579 1580
12458 2 2 5 1 1756 1761 7333
12459 2 2 5 1 2690 2692 4356
12460 2 2 5 1 1700 1621 7564
12461 2 2 5 1 3428 3919 4347
12462 2 2 5 1 3475 4794 7173
12463 2 2 5 1 5203 4595 5577
12464 2 2 5 1 3783 4349 7577
12465 2 2 5 1 4402 6185 7618
12466 2 2 5 1 4342 3787 7590
12467 2 2 5 1 1841 2144 7391
12468 2 2 5 1 3459 2820 7269
12469 2 2 5 1 1053 1094 2719
12470 2 2 5 1 7259 4113 7490
12471 2 2 5 1 3356 3354 7350
12472 2 2 5 1 1603 1605 7394
12473 2 2 5 1 1219 1221 7258
12474 2 2 5 1 4306 4677 7361
12475 2 2 5 1 4376 7494 7527
12476 2 2 5 1 5227 3927 7311
12477 2 2 5 1 2166 2780 2781
12478 2 2 5 1 801 826 7599
12479 2 2 5 1 3056 2342 7287
12480 2 2 5 1 3342 3339 7295
12481 2 2 5 1 90 91 495
12482 2 2 5 1 24 25 496
12483 2 2 5 1 2267 1893 2840
12484 2 2 5 1 2750 2084 7327
12485 2 2 5 1 3807 3993 4509
12486 2 2 5 1 1215 1216 1217
12487 2 2 5 1 1735 1548 1737
12488 2 2 5 1 1777 1946 1948
12489 2 2 5 1 6423 7259 7490
12490 2 2 5 1 4814 1786 5428
12491 2 2 5 1 2095 2702 7470
12492 2 2 5 1 5523 4575 7670
12493 2 2 5 1 2686 2685 7302
12494 2 2 5 1 1049 1090 1091
12495 2 2 5 1 2089 2086 7256
12496 2 2 5 1 4400 6398 7653
12497 2 2 5 1 3435 3434 3436
12498 2 2 5 1 4745 4909 7476
12499 2 2 5 1 1320 6867 7426
12500 2 2 5 1 6699 7577 7591
12501 2 2 5 1 4760 3900 7286
12502 2 2 5 1 3499 3906 7286
12503 2 2 5 1 2979 1869 7355
12504 2 2 5 1 4790 7391 7501
12505 2 2 5 1 2912 2914 2915
12506 2 2 5 1 3448 3447 3868
12507 2 2 5 1 3808 7315 7316
12508 2 2 5 1 1625 1699 7575
12509 2 2 5 1 4495 4346 7610
12510 2 2 5 1 4800 5333 5334
12511 2 2 5 1 4316 1224 7258
12512 2 2 5 1 4313 3601 4314
12513 2 2 5 1 2254 5290 8305
12514 2 2 5 1 2342 2340 7287
12515 2 2 5 1 1051 1083 1085
12516 2 2 5 1 4073 4076 7441
12517 2 2 5 1 4081 4078 7439
12518 2 2 5 1 22 23 2813
12519 2 2 5 1 92 93 2814
12520 2 2 5 1 676 3119 7406
12521 2 2 5 1 2514 6535 7652
12522 2 2 5 1 1987 2270 7411
12523 2 2 5 1 4144 3225 7387
12524 2 2 5 1 2781 2780 3181
12525 2 2 5 1 1091 1161 1162
12526 2 2 5 1 4360 3397 4801
12527 2 2 5 1 2096 2079 7444
12528 2 2 5 1 2212 2800 2801
12529 2 2 5 1 7057 4278 7392
12530 2 2 5 1 1552 1407 1553
12531 2 2 5 1 2077 2078 2079
12532 2 2 5 1 7558 4339 7590
12533 2 2 5 1 2164 2165 2166
12534 2 2 5 1 7051 3525 7352
12535 2 2 5 1 1669 1784 7272
12536 2 2 5 1 7469 4797 7500
12537 2 2 5 1 4364 4365 4859
12538 2 2 5 1 4373 3570 7445
12539 2 2 5 1 5855 3352 7362
12540 2 2 5 1 3329 2882 3330
12541 2 2 5 1 2880 3326 3327
12542 2 2 5 1 3764 7221 7525
12543 2 2 5 1 4432 4599 4600
12544 2 2 5 1 1215 1214 1216
12545 2 2 5 1 1444 1495 6449
12546 2 2 5 1 5737 5739 7798
12547 2 2 5 1 2453 2765 7404
12548 2 2 5 1 4601 3875 4602
12549 2 2 5 1 2766 2459 7403
12550 2 2 5 1 686 683 7408
12551 2 2 5 1 2911 2279 2912
12552 2 2 5 1 2335 2334 2336
12553 2 2 5 1 3292 6889 7397
12554 2 2 5 1 2278 1967 2279
12555 2 2 5 1 3415 3417 7254
12556 2 2 5 1 2329 3085 7390
12557 2 2 5 1 2166 2165 2780
12558 2 2 5 1 4346 7596 7610
12559 2 2 5 1 3395 1671 7272
12560 2 2 5 1 5273 6829 7600
12561 2 2 5 1 4328 7518 7574
12562 2 2 5 1 2543 6329 7569
12563 2 2 5 1 3085 3837 4432
12564 2 2 5 1 2740 3090 3091
12565 2 2 5 1 2149 1969 2150
12566 2 2 5 1 3885 4488 4489
12567 2 2 5 1 1671 1669 7272
12568 2 2 5 1 4600 4956 5180
12569 2 2 5 1 3339 3338 7295
12570 2 2 5 1 1900 1962 3014
12571 2 2 5 1 1605 1607 7415
12572 2 2 5 1 2081 2080 2082
12573 2 2 5 1 2894 2895 7310
12574 2 2 5 1 2926 6916 7592
12575 2 2 5 1 2915 3901 7401
12576 2 2 5 1 3614 3436 3615
12577 2 2 5 1 6832 6831 7399
12578 2 2 5 1 4363 4364 7094
12579 2 2 5 1 2699 3962 4348
12580 2 2 5 1 4809 7605 7649
12581 2 2 5 1 4311 1753 7333
12582 2 2 5 1 3785 2939 7424
12583 2 2 5 1 2617 6935 7405
12584 2 2 5 1 7394 1605 7415
12585 2 2 5 1 2773 3154 3155
12586 2 2 5 1 4749 4750 7474
12587 2 2 5 1 1316 7458 7640
12588 2 2 5 1 6134 4782 7681
12589 2 2 5 1 4915 4495 7621
12590 2 2 5 1 4501 4769 4770
12591 2 2 5 1 3292 7397 7429
12592 2 2 5 1 2164 2163 2165
12593 2 2 5 1 1966 1832 1967
12594 2 2 5 1 2162 2163 2164
12595 2 2 5 1 2793 2137 7422
12596 2 2 5 1 3614 3855 4522
12597 2 2 5 1 7515 4453 7805
12598 2 2 5 1 3720 2994 7654
12599 2 2 5 1 6276 7042 7543
12600 2 2 5 1 4323 7381 7430
12601 2 2 5 1 6499 7372 7523
12602 2 2 5 1 6299 6298 7653
12603 2 2 5 1 4693 7736 7751
12604 2 2 5 1 2690 2691 2692
12605 2 2 5 1 4771 4499 4772
12606 2 2 5 1 2148 3355 7389
12607 2 2 5 1 6577 7057 7392
12608 2 2 5 1 2085 2088 7240
12609 2 2 5 1 1570 1405 1571
12610 2 2 5 1 5059 3855 5089
12611 2 2 5 1 2872 3660 7302
12612 2 2 5 1 3600 3601 4313
12613 2 2 5 1 4809 4318 7497
12614 2 2 5 1 3831 3144 3832
12615 2 2 5 1 2912 2915 3600
12616 2 2 5 1 7741 3607 7818
12617 2 2 5 1 2895 2897 7420
12618 2 2 5 1 6835 1477 7414
12619 2 2 5 1 4078 2710 7439
12620 2 2 5 1 2711 4073 7441
12621 2 2 5 1 3085 2330 3086
12622 2 2 5 1 7221 6721 7525
12623 2 2 5 1 831 913 914
12624 2 2 5 1 1213 1212 1214
12625 2 2 5 1 1210 1209 1212
12626 2 2 5 1 2936 2935 3629
12627 2 2 5 1 2933 2934 3626
12628 2 2 5 1 1213 1214 1215
12629 2 2 5 1 4342 7590 7596
12630 2 2 5 1 2853 2345 7445
12631 2 2 5 1 2742 7318 7383
12632 2 2 5 1 4495 7610 7621
12633 2 2 5 1 3832 3144 3833
12634 2 2 5 1 3091 3606 3608
12635 2 2 5 1 6897 2641 7412
12636 2 2 5 1 2992 3730 7654
12637 2 2 5 1 5313 3438 8247
12638 2 2 5 1 7198 2213 7504
12639 2 2 5 1 1208 1209 1210
12640 2 2 5 1 2329 1990 2330
12641 2 2 5 1 2079 2078 2080
12642 2 2 5 1 1650 1768 7427
12643 2 2 5 1 7399 6833 7483
12644 2 2 5 1 3856 3857 4511
12645 2 2 5 1 2158 2160 2162
12646 2 2 5 1 913 915 942
12647 2 2 5 1 3859 3858 4512
12648 2 2 5 1 4051 4082 7617
12649 2 2 5 1 3151 2724 3152
12650 2 2 5 1 5568 3971 7651
12651 2 2 5 1 1404 1321 1405
12652 2 2 5 1 883 885 7263
12653 2 2 5 1 4475 3480 7310
12654 2 2 5 1 1210 1212 1213
12655 2 2 5 1 1968 1844 1969
12656 2 2 5 1 3630 3629 4103
12657 2 2 5 1 3626 3627 4102
12658 2 2 5 1 3834 3833 3836
12659 2 2 5 1 3933 3393 7487
12660 2 2 5 1 895 893 7267
12661 2 2 5 1 2403 5799 7730
12662 2 2 5 1 5656 5512 7488
12663 2 2 5 1 4793 4791 7435
12664 2 2 5 1 4479 3086 7222
12665 2 2 5 1 4888 4889 7717
12666 2 2 5 1 6571 2586 7642
12667 2 2 5 1 4224 6669 7669
12668 2 2 5 1 2152 2154 2155
12669 2 2 5 1 3567 3076 7402
12670 2 2 5 1 1320 1161 1321
12671 2 2 5 1 4324 4766 7472
12672 2 2 5 1 2695 2694 7692
12673 2 2 5 1 1175 1164 3399
12674 2 2 5 1 3286 7233 7370
12675 2 2 5 1 2303 4815 7607
12676 2 2 5 1 3834 3836 4550
12677 2 2 5 1 6153 4321 7438
12678 2 2 5 1 1699 1627 7611
12679 2 2 5 1 887 922 7275
12680 2 2 5 1 4915 7621 7636
12681 2 2 5 1 5512 4323 7430
12682 2 2 5 1 7412 2641 7443
12683 2 2 5 1 1831 1741 1832
12684 2 2 5 1 6532 2023 7632
12685 2 2 5 1 1792 1791 1793
12686 2 2 5 1 1989 1845 1990
12687 2 2 5 1 4076 4609 4610
12688 2 2 5 1 4606 4081 4607
12689 2 2 5 1 921 897 7276
12690 2 2 5 1 1133 1245 2763
12691 2 2 5 1 6390 6391 7451
12692 2 2 5 1 3156 3882 3883
12693 2 2 5 1 1220 1217 7354
12694 2 2 5 1 6680 7198 7504
12695 2 2 5 1 6901 3292 7429
12696 2 2 5 1 1549 1548 1735
12697 2 2 5 1 6564 7568 7586
12698 2 2 5 1 2155 2154 2156
12699 2 2 5 1 2897 3504 7420
12700 2 2 5 1 3808 1209 7190
12701 2 2 5 1 1142 1177 1332
12702 2 2 5 1 1191 1204 1205
12703 2 2 5 1 4307 4774 7446
12704 2 2 5 1 6778 5026 7636
12705 2 2 5 1 1048 998 1050
12706 2 2 5 1 2278 2279 2911
12707 2 2 5 1 1962 1961 2181
12708 2 2 5 1 7757 4817 7768
12709 2 2 5 1 2696 2697 3076
12710 2 2 5 1 1631 1689 7614
12711 2 2 5 1 4439 7447 7583
12712 2 2 5 1 3433 3435 3437
12713 2 2 5 1 4617 4387 5307
12714 2 2 5 1 4325 7763 7824
12715 2 2 5 1 2162 2160 2163
12716 2 2 5 1 942 943 980
12717 2 2 5 1 935 934 969
12718 2 2 5 1 1374 1373 1548
12719 2 2 5 1 4931 3601 7401
12720 2 2 5 1 1966 1967 2278
12721 2 2 5 1 5048 4580 7860
12722 2 2 5 1 2091 2097 7322
12723 2 2 5 1 2682 6777 7435
12724 2 2 5 1 1286 6939 7518
12725 2 2 5 1 4281 4280 5205
12726 2 2 5 1 4282 4283 5206
12727 2 2 5 1 970 969 998
12728 2 2 5 1 4774 7427 7446
12729 2 2 5 1 2253 2315 7742
12730 2 2 5 1 2313 2251 7743
12731 2 2 5 1 4577 3382 7593
12732 2 2 5 1 6527 3265 7450
12733 2 2 5 1 4356 2692 4439
12734 2 2 5 1 7636 5026 7645
12735 2 2 5 1 2023 2025 7632
12736 2 2 5 1 1209 1206 7190
12737 2 2 5 1 3338 4309 7295
12738 2 2 5 1 3786 4379 7627
12739 2 2 5 1 2973 3806 3828
12740 2 2 5 1 3919 4582 7358
12741 2 2 5 1 3502 3567 4484
12742 2 2 5 1 3866 4390 4391
12743 2 2 5 1 5956 6540 7433
12744 2 2 5 1 6125 7656 7722
12745 2 2 5 1 999 998 1048
12746 2 2 5 1 7142 1348 7694
12747 2 2 5 1 739 742 7449
12748 2 2 5 1 2155 2156 3397
12749 2 2 5 1 3890 3171 7343
12750 2 2 5 1 2374 2376 2848
12751 2 2 5 1 2399 2397 2849
12752 2 2 5 1 7673 4178 7902
12753 2 2 5 1 1673 1653 1674
12754 2 2 5 1 4328 7495 7518
12755 2 2 5 1 1553 1555 1592
12756 2 2 5 1 2255 2317 2318
12757 2 2 5 1 3158 3954 3956
12758 2 2 5 1 4372 3570 4373
12759 2 2 5 1 3430 937 7423
12760 2 2 5 1 2340 3604 7287
12761 2 2 5 1 3606 3090 3607
12762 2 2 5 1 6960 6959 7455
12763 2 2 5 1 933 909 934
12764 2 2 5 1 3393 4778 7487
12765 2 2 5 1 1968 1969 2149
12766 2 2 5 1 2182 2181 2333
12767 2 2 5 1 6658 6659 7456
12768 2 2 5 1 3808 7191 7315
12769 2 2 5 1 1549 1735 1736
12770 2 2 5 1 7314 4749 7474
12771 2 2 5 1 1531 1389 1532
12772 2 2 5 1 1386 1533 1534
12773 2 2 5 1 3497 3499 7286
12774 2 2 5 1 3077 3076 3502
12775 2 2 5 1 3763 2419 7601
12776 2 2 5 1 4937 4779 7431
12777 2 2 5 1 1347 1345 7434
12778 2 2 5 1 812 830 831
12779 2 2 5 1 1831 1832 1966
12780 2 2 5 1 7747 6923 7821
12781 2 2 5 1 2696 3077 7447
12782 2 2 5 1 1753 1756 7333
12783 2 2 5 1 4572 4573 7903
12784 2 2 5 1 3407 7355 7486
12785 2 2 5 1 4767 7320 7342
12786 2 2 5 1 2806 2805 3143
12787 2 2 5 1 2182 2333 2334
12788 2 2 5 1 356 4507 7246
12789 2 2 5 1 2658 6759 7473
12790 2 2 5 1 1592 1786 4813
12791 2 2 5 1 4348 4736 4737
12792 2 2 5 1 2685 2872 7302
12793 2 2 5 1 1387 1308 1389
12794 2 2 5 1 1310 1384 1386
12795 2 2 5 1 2641 6955 7443
12796 2 2 5 1 1963 1790 2708
12797 2 2 5 1 1373 914 2720
12798 2 2 5 1 3837 3086 4479
12799 2 2 5 1 1255 4352 7407
12800 2 2 5 1 1843 1737 1844
12801 2 2 5 1 3629 2935 4385
12802 2 2 5 1 2933 3626 4386
12803 2 2 5 1 4166 6776 7677
12804 2 2 5 1 3600 2915 3601
12805 2 2 5 1 5099 5101 7606
12806 2 2 5 1 1694 1817 1866
12807 2 2 5 1 3828 4612 4878
12808 2 2 5 1 4405 6299 7675
12809 2 2 5 1 1738 1739 1740
12810 2 2 5 1 2149 2150 2707
12811 2 2 5 1 2798 2799 3200
12812 2 2 5 1 1740 1741 1831
12813 2 2 5 1 1406 1552 2226
12814 2 2 5 1 1465 1464 7628
12815 2 2 5 1 6658 7456 7495
12816 2 2 5 1 2160 2161 7437
12817 2 2 5 1 4694 3830 4854
12818 2 2 5 1 2349 2214 6239
12819 2 2 5 1 2835 6422 7683
12820 2 2 5 1 2199 2962 7601
12821 2 2 5 1 4415 7350 7479
12822 2 2 5 1 3548 4146 4147
12823 2 2 5 1 1400 7329 7458
12824 2 2 5 1 2077 1957 2078
12825 2 2 5 1 708 692 3445
12826 2 2 5 1 3543 3545 3547
12827 2 2 5 1 2914 2279 7326
12828 2 2 5 1 7487 6918 7576
12829 2 2 5 1 7606 5101 7671
12830 2 2 5 1 2658 7473 7496
12831 2 2 5 1 5023 4471 5024
12832 2 2 5 1 8442 3437 8456
12833 2 2 5 1 936 3431 7428
12834 2 2 5 1 3483 7661 7724
12835 2 2 5 1 6979 4256 7440
12836 2 2 5 1 2801 3428 7448
12837 2 2 5 1 7483 2543 7569
12838 2 2 5 1 1738 1736 1739
12839 2 2 5 1 7435 4791 7471
12840 2 2 5 1 1726 1532 1727
12841 2 2 5 1 1534 1728 1729
12842 2 2 5 1 2332 1991 2739
12843 2 2 5 1 5094 3914 7340
12844 2 2 5 1 3927 3659 7311
12845 2 2 5 1 2139 2307 7318
12846 2 2 5 1 1967 2775 7326
12847 2 2 5 1 8525 7761 8559
12848 2 2 5 1 2682 7435 7471
12849 2 2 5 1 1348 1290 7640
12850 2 2 5 1 3480 2894 7310
12851 2 2 5 1 5651 5648 5652
12852 2 2 5 1 5026 5083 7645
12853 2 2 5 1 7407 4352 7602
12854 2 2 5 1 7310 2895 7420
12855 2 2 5 1 2090 2091 7322
12856 2 2 5 1 1327 1400 7458
12857 2 2 5 1 7372 1402 7523
12858 2 2 5 1 1901 1727 1902
12859 2 2 5 1 1729 1911 1912
12860 2 2 5 1 1161 1090 7400
12861 2 2 5 1 1385 1672 1694
12862 2 2 5 1 2761 2508 7460
12863 2 2 5 1 5184 4597 5393
12864 2 2 5 1 4737 4738 4879
12865 2 2 5 1 3832 3833 3834
12866 2 2 5 1 1647 3581 3582
12867 2 2 5 1 909 827 910
12868 2 2 5 1 1609 1611 7461
12869 2 2 5 1 980 981 1051
12870 2 2 5 1 7658 4694 7734
12871 2 2 5 1 1689 1633 7643
12872 2 2 5 1 2093 2095 7470
12873 2 2 5 1 3457 3459 7340
12874 2 2 5 1 1843 1844 1968
12875 2 2 5 1 1773 1772 1774
12876 2 2 5 1 3615 3617 7301
12877 2 2 5 1 1635 2657 7643
12878 2 2 5 1 5704 3421 7845
12879 2 2 5 1 2079 2081 7444
12880 2 2 5 1 2973 3805 3806
12881 2 2 5 1 2226 2706 2798
12882 2 2 5 1 2807 2708 2808
12883 2 2 5 1 4316 7258 7497
12884 2 2 5 1 6014 3469 8819
12885 2 2 5 1 3616 3436 7704
12886 2 2 5 1 4431 4596 5267
12887 2 2 5 1 3145 2803 7448
12888 2 2 5 1 1374 1548 1549
12889 2 2 5 1 7434 6706 7492
12890 2 2 5 1 1962 2181 2182
12891 2 2 5 1 3901 4877 7401
12892 2 2 5 1 7391 2144 7501
12893 2 2 5 1 4763 4384 7473
12894 2 2 5 1 4688 3296 7637
12895 2 2 5 1 5428 1786 7464
12896 2 2 5 1 2703 2090 7322
12897 2 2 5 1 2806 3143 3144
12898 2 2 5 1 1971 1874 7424
12899 2 2 5 1 2145 1880 2726
12900 2 2 5 1 1740 1739 1741
12901 2 2 5 1 7258 2757 7497
12902 2 2 5 1 3192 3763 7637
12903 2 2 5 1 1203 1190 1698
12904 2 2 5 1 4240 4751 7648
12905 2 2 5 1 738 7449 7472
12906 2 2 5 1 4250 4667 4910
12907 2 2 5 1 20 21 7416
12908 2 2 5 1 94 95 7418
12909 2 2 5 1 1898 1698 1899
12910 2 2 5 1 3155 3737 3738
12911 2 2 5 1 1051 1052 1083
12912 2 2 5 1 4417 5036 5218
12913 2 2 5 1 1403 1214 7316
12914 2 2 5 1 6858 2682 7471
12915 2 2 5 1 1676 1773 7442
12916 2 2 5 1 1504 1502 7480
12917 2 2 5 1 6798 2658 7496
12918 2 2 5 1 6073 4476 7657
12919 2 2 5 1 7269 2703 7322
12920 2 2 5 1 1133 1134 1245
12921 2 2 5 1 3460 2726 4406
12922 2 2 5 1 2155 4359 7368
12923 2 2 5 1 2900 2902 7348
12924 2 2 5 1 3262 3264 7613
12925 2 2 5 1 4791 4792 7471
12926 2 2 5 1 1083 1084 1133
12927 2 2 5 1 1926 1964 2101
12928 2 2 5 1 3731 3152 3732
12929 2 2 5 1 3118 7123 7452
12930 2 2 5 1 7008 7354 7552
12931 2 2 5 1 4391 4416 4417
12932 2 2 5 1 6591 1434 7491
12933 2 2 5 1 6798 7496 7508
12934 2 2 5 1 4825 4378 7699
12935 2 2 5 1 3427 2808 3523
12936 2 2 5 1 1847 2189 7516
12937 2 2 5 1 581 583 698
12938 2 2 5 1 620 618 697
12939 2 2 5 1 458 457 7810
12940 2 2 5 1 831 830 913
12941 2 2 5 1 1652 1388 1653
12942 2 2 5 1 1573 1570 1733
12943 2 2 5 1 1491 1176 7499
12944 2 2 5 1 3785 7424 7666
12945 2 2 5 1 1734 1733 1845
12946 2 2 5 1 3868 3447 4387
12947 2 2 5 1 1611 1613 7482
12948 2 2 5 1 2878 3598 3650
12949 2 2 5 1 1771 1675 3830
12950 2 2 5 1 2804 2803 2805
12951 2 2 5 1 3504 2900 7348
12952 2 2 5 1 7691 1396 7699
12953 2 2 5 1 6892 7492 7578
12954 2 2 5 1 1867 1924 4441
12955 2 2 5 1 1900 1899 1961
12956 2 2 5 1 6616 6892 7578
12957 2 2 5 1 7473 4384 7496
12958 2 2 5 1 7461 1611 7482
12959 2 2 5 1 1216 3369 7354
12960 2 2 5 1 1332 1333 1406
12961 2 2 5 1 3619 3875 4601
12962 2 2 5 1 3805 1245 7229
12963 2 2 5 1 3612 3079 3613
12964 2 2 5 1 4368 5293 7324
12965 2 2 5 1 2804 2805 2806
12966 2 2 5 1 2961 5946 7763
12967 2 2 5 1 3433 3434 3435
12968 2 2 5 1 3085 4432 7390
12969 2 2 5 1 4388 3846 4629
12970 2 2 5 1 2212 2801 2802
12971 2 2 5 1 1575 1577 7562
12972 2 2 5 1 3078 2420 3079
12973 2 2 5 1 3650 4425 4776
12974 2 2 5 1 831 914 1045
12975 2 2 5 1 3201 3432 3433
12976 2 2 5 1 6585 7627 7642
12977 2 2 5 1 7355 4775 7486
12978 2 2 5 1 4671 4446 7703
12979 2 2 5 1 6013 4296 7581
12980 2 2 5 1 6779 2028 7674
12981 2 2 5 1 812 811 830
12982 2 2 5 1 826 827 909
12983 2 2 5 1 3930 3523 3931
12984 2 2 5 1 3936 3937 7619
12985 2 2 5 1 7181 5516 7567
12986 2 2 5 1 3914 3457 7340
12987 2 2 5 1 1049 1048 1090
12988 2 2 5 1 4595 3620 7332
12989 2 2 5 1 2939 1971 7424
12990 2 2 5 1 2028 2029 7674
12991 2 2 5 1 4320 1374 7373
12992 2 2 5 1 2657 1637 7664
12993 2 2 5 1 1639 1690 7664
12994 2 2 5 1 3868 4387 4617
12995 2 2 5 1 3620 3163 7332
12996 2 2 5 1 910 827 1115
12997 2 2 5 1 4602 4866 5109
12998 2 2 5 1 1846 1845 1989
12999 2 2 5 1 6706 6705 7492
13000 2 2 5 1 1205 1204 1206
13001 2 2 5 1 4326 6658 7495
13002 2 2 5 1 3092 2951 7720
13003 2 2 5 1 688 689 714
13004 2 2 5 1 691 690 716
13005 2 2 5 1 1735 1737 1843
13006 2 2 5 1 1215 1218 7398
13007 2 2 5 1 4015 4013 5317
13008 2 2 5 1 4384 4382 7496
13009 2 2 5 1 3658 6572 7690
13010 2 2 5 1 942 980 4407
13011 2 2 5 1 2806 3831 7421
13012 2 2 5 1 434 433 7682
13013 2 2 5 1 7350 6681 7479
13014 2 2 5 1 3843 4537 7552
13015 2 2 5 1 3598 2980 3861
13016 2 2 5 1 3435 3436 3614
13017 2 2 5 1 6681 1951 7479
13018 2 2 5 1 801 802 826
13019 2 2 5 1 1217 1216 7354
13020 2 2 5 1 1946 1778 1947
13021 2 2 5 1 7440 4256 7540
13022 2 2 5 1 1091 1090 1161
13023 2 2 5 1 1406 1407 1552
13024 2 2 5 1 6767 2291 7527
13025 2 2 5 1 1162 1161 1320
13026 2 2 5 1 5574 4294 7515
13027 2 2 5 1 2097 2093 7470
13028 2 2 5 1 5196 5938 8584
13029 2 2 5 1 2878 2317 2980
13030 2 2 5 1 7083 4106 7603
13031 2 2 5 1 7471 4792 7509
13032 2 2 5 1 4058 4037 6131
13033 2 2 5 1 4370 4368 7324
13034 2 2 5 1 4802 7272 7516
13035 2 2 5 1 756 3779 7500
13036 2 2 5 1 3163 3818 7332
13037 2 2 5 1 4284 7399 7483
13038 2 2 5 1 3601 2915 7401
13039 2 2 5 1 1777 1587 1778
13040 2 2 5 1 4644 5413 8065
13041 2 2 5 1 1404 1405 1570
13042 2 2 5 1 7023 4315 7469
13043 2 2 5 1 4388 4629 5300
13044 2 2 5 1 4432 3837 4599
13045 2 2 5 1 4802 7516 7607
13046 2 2 5 1 6858 7471 7509
13047 2 2 5 1 1185 3161 3665
13048 2 2 5 1 3160 1184 3663
13049 2 2 5 1 3614 3615 3855
13050 2 2 5 1 3828 3806 4612
13051 2 2 5 1 3494 2871 7468
13052 2 2 5 1 3872 3183 7384
13053 2 2 5 1 2740 2739 3090
13054 2 2 5 1 2792 7050 7468
13055 2 2 5 1 3651 4597 5184
13056 2 2 5 1 4357 4284 7483
13057 2 2 5 1 7433 4745 7476
13058 2 2 5 1 6235 6234 7457
13059 2 2 5 1 5937 2301 7808
13060 2 2 5 1 4766 6345 7555
13061 2 2 5 1 4522 3855 5059
13062 2 2 5 1 7496 4382 7508
13063 2 2 5 1 6386 6387 7510
13064 2 2 5 1 4584 3931 4836
13065 2 2 5 1 1334 5324 8210
13066 2 2 5 1 3078 3612 3649
13067 2 2 5 1 2763 1245 2973
13068 2 2 5 1 2662 2664 7475
13069 2 2 5 1 4963 4373 5224
13070 2 2 5 1 7527 2291 7550
13071 2 2 5 1 4600 4599 4956
13072 2 2 5 1 7504 3401 7587
13073 2 2 5 1 6148 6151 7528
13074 2 2 5 1 2144 6783 7501
13075 2 2 5 1 990 1007 1008
13076 2 2 5 1 1005 988 1006
13077 2 2 5 1 6329 839 7503
13078 2 2 5 1 5926 7181 7567
13079 2 2 5 1 1592 1593 1786
13080 2 2 5 1 2802 2801 2803
13081 2 2 5 1 1434 7345 7491
13082 2 2 5 1 1586 1584 1587
13083 2 2 5 1 1320 1321 1404
13084 2 2 5 1 1989 1990 2329
13085 2 2 5 1 2329 2330 3085
13086 2 2 5 1 4838 4903 7683
13087 2 2 5 1 3081 3082 7702
13088 2 2 5 1 3085 3086 3837
13089 2 2 5 1 2279 1967 7326
13090 2 2 5 1 3604 2338 7357
13091 2 2 5 1 7053 7531 7608
13092 2 2 5 1 614 612 1763
13093 2 2 5 1 826 802 827
13094 2 2 5 1 2338 2336 7357
13095 2 2 5 1 2033 2034 7684
13096 2 2 5 1 1900 1961 1962
13097 2 2 5 1 523 524 536
13098 2 2 5 1 526 525 538
13099 2 2 5 1 3200 2799 3201
13100 2 2 5 1 4076 4610 7441
13101 2 2 5 1 781 811 812
13102 2 2 5 1 4607 4081 7439
13103 2 2 5 1 4790 7501 7526
13104 2 2 5 1 7234 2078 7477
13105 2 2 5 1 6605 4525 8039
13106 2 2 5 1 4031 4688 7673
13107 2 2 5 1 3087 2726 3460
13108 2 2 5 1 1245 1134 7229
13109 2 2 5 1 1568 6798 7508
13110 2 2 5 1 4382 4380 7508
13111 2 2 5 1 3043 7314 7474
13112 2 2 5 1 725 738 7506
13113 2 2 5 1 6955 6853 7494
13114 2 2 5 1 6616 7578 7622
13115 2 2 5 1 5229 7683 8298
13116 2 2 5 1 4147 4948 5207
13117 2 2 5 1 2240 2420 2421
13118 2 2 5 1 1094 1143 7407
13119 2 2 5 1 2871 2792 7468
13120 2 2 5 1 7731 5943 7748
13121 2 2 5 1 1681 6616 7622
13122 2 2 5 1 7886 4826 7912
13123 2 2 5 1 7389 6918 7487
13124 2 2 5 1 3877 4656 7384
13125 2 2 5 1 3091 3090 3606
13126 2 2 5 1 5265 3992 6144
13127 2 2 5 1 3814 2804 7421
13128 2 2 5 1 7443 6955 7494
13129 2 2 5 1 5512 7353 7488
13130 2 2 5 1 4241 5533 7697
13131 2 2 5 1 1947 1975 2709
13132 2 2 5 1 7449 4797 7472
13133 2 2 5 1 6985 2033 7684
13134 2 2 5 1 2369 2371 7379
13135 2 2 5 1 2394 2392 7380
13136 2 2 5 1 6541 4113 7656
13137 2 2 5 1 1948 1946 2146
13138 2 2 5 1 2798 2706 2799
13139 2 2 5 1 3884 4655 4686
13140 2 2 5 1 2883 3331 3856
13141 2 2 5 1 3328 2881 3858
13142 2 2 5 1 714 715 763
13143 2 2 5 1 717 716 765
13144 2 2 5 1 1568 7508 7539
13145 2 2 5 1 6024 6423 7490
13146 2 2 5 1 4784 3950 4785
13147 2 2 5 1 3608 3606 3841
13148 2 2 5 1 1045 1373 1374
13149 2 2 5 1 1464 1397 7691
13150 2 2 5 1 3183 3181 7384
13151 2 2 5 1 2019 2051 7513
13152 2 2 5 1 2770 6296 7546
13153 2 2 5 1 1866 2067 7466
13154 2 2 5 1 763 764 793
13155 2 2 5 1 766 765 795
13156 2 2 5 1 3380 1286 7518
13157 2 2 5 1 2802 2803 2804
13158 2 2 5 1 793 794 818
13159 2 2 5 1 796 795 820
13160 2 2 5 1 818 819 878
13161 2 2 5 1 821 820 888
13162 2 2 5 1 2163 2160 7437
13163 2 2 5 1 7687 4888 7717
13164 2 2 5 1 7508 4380 7539
13165 2 2 5 1 1549 1738 7373
13166 2 2 5 1 4648 4649 7502
13167 2 2 5 1 4788 4790 7526
13168 2 2 5 1 4374 4376 7527
13169 2 2 5 1 2336 3463 7357
13170 2 2 5 1 4782 4225 7681
13171 2 2 5 1 1402 1547 7523
13172 2 2 5 1 2161 2690 7437
13173 2 2 5 1 1802 6858 7509
13174 2 2 5 1 4813 1786 4814
13175 2 2 5 1 1260 937 1296
13176 2 2 5 1 2226 1552 2706
13177 2 2 5 1 570 571 692
13178 2 2 5 1 608 607 694
13179 2 2 5 1 5921 4618 8345
13180 2 2 5 1 1615 1617 7529
13181 2 2 5 1 1211 1208 7365
13182 2 2 5 1 1592 4813 7511
13183 2 2 5 1 4070 6531 7696
13184 2 2 5 1 4775 7125 7486
13185 2 2 5 1 3796 1213 7398
13186 2 2 5 1 4610 4615 5422
13187 2 2 5 1 4616 4607 5423
13188 2 2 5 1 2697 2699 7402
13189 2 2 5 1 5138 5141 7532
13190 2 2 5 1 7053 7509 7531
13191 2 2 5 1 3188 3624 3957
13192 2 2 5 1 781 780 811
13193 2 2 5 1 7050 6179 7468
13194 2 2 5 1 3818 4569 7332
13195 2 2 5 1 3861 4420 4986
13196 2 2 5 1 3460 4406 4490
13197 2 2 5 1 2267 3188 4404
13198 2 2 5 1 5102 3890 7343
13199 2 2 5 1 2066 2239 2240
13200 2 2 5 1 6793 1568 7539
13201 2 2 5 1 3171 3908 3928
13202 2 2 5 1 1045 914 1373
13203 2 2 5 1 6218 6220 7534
13204 2 2 5 1 4367 4067 5482
13205 2 2 5 1 5245 5242 8077
13206 2 2 5 1 3682 3687 7697
13207 2 2 5 1 4778 7389 7487
13208 2 2 5 1 4476 4855 7514
13209 2 2 5 1 6564 7550 7568
13210 2 2 5 1 4864 7202 7546
13211 2 2 5 1 575 577 1590
13212 2 2 5 1 19 20 696
13213 2 2 5 1 95 96 695
13214 2 2 5 1 3428 4347 7448
13215 2 2 5 1 549 550 570
13216 2 2 5 1 552 551 607
13217 2 2 5 1 2267 2840 3188
13218 2 2 5 1 6193 7377 7612
13219 2 2 5 1 1583 1582 1584
13220 2 2 5 1 936 1261 1300
13221 2 2 5 1 4359 4361 7481
13222 2 2 5 1 2902 3807 7348
13223 2 2 5 1 4792 6871 7531
13224 2 2 5 1 4788 7526 7538
13225 2 2 5 1 3790 6802 7597
13226 2 2 5 1 2405 2402 7395
13227 2 2 5 1 2379 2382 7396
13228 2 2 5 1 4821 4070 7696
13229 2 2 5 1 3593 7834 7843
13230 2 2 5 1 1574 1445 1575
13231 2 2 5 1 4757 4128 7533
13232 2 2 5 1 6086 7691 7699
13233 2 2 5 1 6709 3800 7852
13234 2 2 5 1 6499 7523 7541
13235 2 2 5 1 1617 1619 7536
13236 2 2 5 1 2949 7072 7677
13237 2 2 5 1 7064 7173 7553
13238 2 2 5 1 4380 4331 7539
13239 2 2 5 1 3928 5088 5158
13240 2 2 5 1 969 934 4418
13241 2 2 5 1 6987 3764 7525
13242 2 2 5 1 2693 2696 7447
13243 2 2 5 1 2531 1584 7698
13244 2 2 5 1 4374 7527 7550
13245 2 2 5 1 6585 7608 7627
13246 2 2 5 1 4910 4911 5237
13247 2 2 5 1 7202 2770 7546
13248 2 2 5 1 2213 2231 7504
13249 2 2 5 1 5938 5196 8596
13250 2 2 5 1 1849 1893 2218
13251 2 2 5 1 4789 4788 7538
13252 2 2 5 1 4912 6894 7669
13253 2 2 5 1 7272 1784 7516
13254 2 2 5 1 3866 3017 4390
13255 2 2 5 1 2965 3846 4388
13256 2 2 5 1 4332 6499 7541
13257 2 2 5 1 4421 4419 7773
13258 2 2 5 1 3181 3877 7384
13259 2 2 5 1 7529 1617 7536
13260 2 2 5 1 536 537 549
13261 2 2 5 1 539 538 551
13262 2 2 5 1 2255 2146 2317
13263 2 2 5 1 2371 2374 7379
13264 2 2 5 1 2397 2394 7380
13265 2 2 5 1 7243 5490 7714
13266 2 2 5 1 1210 3796 7365
13267 2 2 5 1 7823 4438 7844
13268 2 2 5 1 1691 1692 1849
13269 2 2 5 1 1581 1579 1582
13270 2 2 5 1 2690 4356 7437
13271 2 2 5 1 975 989 990
13272 2 2 5 1 987 973 988
13273 2 2 5 1 7191 7190 7565
13274 2 2 5 1 3790 7597 7716
13275 2 2 5 1 4557 8090 8110
13276 2 2 5 1 1575 1445 1576
13277 2 2 5 1 2070 1708 7535
13278 2 2 5 1 2150 2152 7368
13279 2 2 5 1 3387 3950 4784
13280 2 2 5 1 1580 1579 1581
13281 2 2 5 1 2692 2693 7447
13282 2 2 5 1 6375 6376 7547
13283 2 2 5 1 1321 1161 7400
13284 2 2 5 1 7704 4814 7755
13285 2 2 5 1 1353 1352 1444
13286 2 2 5 1 363 362 7551
13287 2 2 5 1 3171 2673 3908
13288 2 2 5 1 4256 4355 7540
13289 2 2 5 1 6793 7539 7554
13290 2 2 5 1 1297 1296 1352
13291 2 2 5 1 4352 6080 7602
13292 2 2 5 1 2719 7407 7602
13293 2 2 5 1 765 716 2232
13294 2 2 5 1 1577 1576 1578
13295 2 2 5 1 2400 2403 7559
13296 2 2 5 1 888 820 937
13297 2 2 5 1 2380 2377 7560
13298 2 2 5 1 4318 4316 7497
13299 2 2 5 1 714 763 2233
13300 2 2 5 1 1826 1688 7542
13301 2 2 5 1 204 6683 7710
13302 2 2 5 1 3613 4471 5023
13303 2 2 5 1 4337 4374 7550
13304 2 2 5 1 1208 1210 7365
13305 2 2 5 1 3973 4430 4431
13306 2 2 5 1 1260 3402 7484
13307 2 2 5 1 4268 5596 7543
13308 2 2 5 1 3779 7469 7500
13309 2 2 5 1 4453 4454 7896
13310 2 2 5 1 818 878 936
13311 2 2 5 1 5927 3042 7707
13312 2 2 5 1 4113 4033 7656
13313 2 2 5 1 3807 4510 7348
13314 2 2 5 1 1898 1899 1900
13315 2 2 5 1 1300 1301 1446
13316 2 2 5 1 2164 2167 7667
13317 2 2 5 1 5280 4370 7324
13318 2 2 5 1 3398 7554 7566
13319 2 2 5 1 3171 3928 7343
13320 2 2 5 1 502 203 7710
13321 2 2 5 1 7424 6076 7666
13322 2 2 5 1 1008 1061 1062
13323 2 2 5 1 1059 1006 1060
13324 2 2 5 1 4022 7378 7665
13325 2 2 5 1 3463 2334 7537
13326 2 2 5 1 1446 1447 1691
13327 2 2 5 1 5941 5942 7748
13328 2 2 5 1 1213 1215 7398
13329 2 2 5 1 497 41 7561
13330 2 2 5 1 7539 4331 7554
13331 2 2 5 1 2878 3650 7519
13332 2 2 5 1 1784 1847 7516
13333 2 2 5 1 4431 5267 5371
13334 2 2 5 1 5108 5127 7693
13335 2 2 5 1 1143 1255 7407
13336 2 2 5 1 910 1116 2721
13337 2 2 5 1 7223 4273 7605
13338 2 2 5 1 4357 7483 7569
13339 2 2 5 1 5302 1284 7906
13340 2 2 5 1 773 774 801
13341 2 2 5 1 4436 7873 7878
13342 2 2 5 1 7541 1775 7558
13343 2 2 5 1 4436 3791 7873
13344 2 2 5 1 1777 1778 1946
13345 2 2 5 1 4347 3919 7358
13346 2 2 5 1 3872 7384 7620
13347 2 2 5 1 7458 4803 7640
13348 2 2 5 1 3791 6709 7861
13349 2 2 5 1 18 19 7417
13350 2 2 5 1 96 97 7419
13351 2 2 5 1 888 937 1260
13352 2 2 5 1 1586 1587 1777
13353 2 2 5 1 5767 4403 7729
13354 2 2 5 1 7693 3420 7726
13355 2 2 5 1 1909 1907 7766
13356 2 2 5 1 1917 1919 7767
13357 2 2 5 1 4282 2391 4283
13358 2 2 5 1 2368 4280 4281
13359 2 2 5 1 6703 6793 7554
13360 2 2 5 1 1775 6840 7558
13361 2 2 5 1 6077 1762 7639
13362 2 2 5 1 1164 1162 7426
13363 2 2 5 1 3076 2697 7402
13364 2 2 5 1 936 878 1261
13365 2 2 5 1 2156 2158 7393
13366 2 2 5 1 2182 2335 7436
13367 2 2 5 1 3447 2911 7382
13368 2 2 5 1 2911 2912 7382
13369 2 2 5 1 2912 3600 7382
13370 2 2 5 1 5089 3855 7301
13371 2 2 5 1 5402 7707 7784
13372 2 2 5 1 7492 6705 7578
13373 2 2 5 1 3665 3666 4638
13374 2 2 5 1 3664 3663 4637
13375 2 2 5 1 6932 6784 7700
13376 2 2 5 1 2318 2317 2878
13377 2 2 5 1 1621 1623 7564
13378 2 2 5 1 6691 2165 7663
13379 2 2 5 1 3855 3615 7301
13380 2 2 5 1 4331 4329 7566
13381 2 2 5 1 4296 7136 7581
13382 2 2 5 1 6709 7852 7861
13383 2 2 5 1 1203 1698 1898
13384 2 2 5 1 2803 2801 7448
13385 2 2 5 1 4787 6987 7556
13386 2 2 5 1 4311 6184 7597
13387 2 2 5 1 3419 7486 7606
13388 2 2 5 1 2291 1805 7568
13389 2 2 5 1 6501 6427 7785
13390 2 2 5 1 7677 7072 7798
13391 2 2 5 1 4776 4425 5228
13392 2 2 5 1 3382 4328 7593
13393 2 2 5 1 838 6204 7920
13394 2 2 5 1 4365 4362 7432
13395 2 2 5 1 3650 3598 4425
13396 2 2 5 1 1548 1373 7388
13397 2 2 5 1 7502 4649 7563
13398 2 2 5 1 7173 4794 7553
13399 2 2 5 1 1583 1584 1586
13400 2 2 5 1 4928 4927 4929
13401 2 2 5 1 4787 7556 7572
13402 2 2 5 1 1957 1211 7477
13403 2 2 5 1 3719 3438 8138
13404 2 2 5 1 6987 7525 7556
13405 2 2 5 1 1374 1549 7373
13406 2 2 5 1 2878 2980 3598
13407 2 2 5 1 2708 1790 7615
13408 2 2 5 1 2719 1094 7407
13409 2 2 5 1 2066 1807 2239
13410 2 2 5 1 711 7506 7555
13411 2 2 5 1 6773 7558 7590
13412 2 2 5 1 2707 2150 7368
13413 2 2 5 1 2238 1945 7521
13414 2 2 5 1 1943 2236 7522
13415 2 2 5 1 3928 3908 5088
13416 2 2 5 1 3158 3956 4414
13417 2 2 5 1 4714 4906 7573
13418 2 2 5 1 7566 4329 7577
13419 2 2 5 1 4414 3956 4799
13420 2 2 5 1 2257 1965 5029
13421 2 2 5 1 3397 2156 7393
13422 2 2 5 1 1849 1692 1893
13423 2 2 5 1 2218 1893 2267
13424 2 2 5 1 4362 4360 7432
13425 2 2 5 1 4801 3397 7393
13426 2 2 5 1 5952 4846 7800
13427 2 2 5 1 5846 8147 8185
13428 2 2 5 1 6527 7450 7803
13429 2 2 5 1 4604 3567 7679
13430 2 2 5 1 2016 2014 7580
13431 2 2 5 1 1260 1296 1297
13432 2 2 5 1 1623 1625 7575
13433 2 2 5 1 908 883 7263
13434 2 2 5 1 5516 6059 7567
13435 2 2 5 1 3014 1962 7436
13436 2 2 5 1 4329 3783 7577
13437 2 2 5 1 1062 1098 1099
13438 2 2 5 1 1096 1060 1097
13439 2 2 5 1 7564 1623 7575
13440 2 2 5 1 893 907 7267
13441 2 2 5 1 7354 3369 7552
13442 2 2 5 1 771 772 773
13443 2 2 5 1 1396 1329 7715
13444 2 2 5 1 3930 4584 4827
13445 2 2 5 1 2807 3427 3471
13446 2 2 5 1 1300 1261 1301
13447 2 2 5 1 4770 5031 5217
13448 2 2 5 1 7750 6091 7753
13449 2 2 5 1 3649 3612 4429
13450 2 2 5 1 4800 4799 4985
13451 2 2 5 1 3078 3079 3612
13452 2 2 5 1 4360 4801 7432
13453 2 2 5 1 5033 4772 5216
13454 2 2 5 1 2802 3814 7493
13455 2 2 5 1 801 774 802
13456 2 2 5 1 1762 1758 7639
13457 2 2 5 1 7495 3380 7518
13458 2 2 5 1 3483 3424 7661
13459 2 2 5 1 1901 2416 2417
13460 2 2 5 1 97 98 2715
13461 2 2 5 1 17 18 2716
13462 2 2 5 1 2421 2420 3078
13463 2 2 5 1 4334 6564 7586
13464 2 2 5 1 4391 4390 4416
13465 2 2 5 1 2067 2717 7466
13466 2 2 5 1 4501 3738 4769
13467 2 2 5 1 1676 1771 1772
13468 2 2 5 1 6752 7700 7708
13469 2 2 5 1 1099 1149 1150
13470 2 2 5 1 1146 1097 1147
13471 2 2 5 1 2415 1911 2772
13472 2 2 5 1 1575 1576 1577
13473 2 2 5 1 1353 1574 7530
13474 2 2 5 1 2699 4348 7402
13475 2 2 5 1 885 3440 7263
13476 2 2 5 1 1691 1447 1692
13477 2 2 5 1 3732 4499 4771
13478 2 2 5 1 1674 1675 1676
13479 2 2 5 1 8382 5549 8390
13480 2 2 5 1 3402 1297 7530
13481 2 2 5 1 1581 1582 1583
13482 2 2 5 1 2935 2405 7395
13483 2 2 5 1 2382 2933 7396
13484 2 2 5 1 1191 1203 1204
13485 2 2 5 1 5014 4357 7569
13486 2 2 5 1 6705 4303 7578
13487 2 2 5 1 2158 2162 7393
13488 2 2 5 1 7776 4637 7848
13489 2 2 5 1 4638 7777 7849
13490 2 2 5 1 6939 4201 7574
13491 2 2 5 1 2718 895 7267
13492 2 2 5 1 1692 1813 7498
13493 2 2 5 1 4809 7497 7605
13494 2 2 5 1 1309 1387 1388
13495 2 2 5 1 1384 1311 1385
13496 2 2 5 1 1571 2212 7493
13497 2 2 5 1 2717 2274 7582
13498 2 2 5 1 7384 4656 7620
13499 2 2 5 1 1297 1352 1353
13500 2 2 5 1 1353 1444 1445
13501 2 2 5 1 4534 4436 7878
13502 2 2 5 1 1964 1927 1965
13503 2 2 5 1 4341 6680 7587
13504 2 2 5 1 2804 2806 7421
13505 2 2 5 1 3440 887 7275
13506 2 2 5 1 3787 6773 7590
13507 2 2 5 1 3541 3543 7453
13508 2 2 5 1 1446 1301 1447
13509 2 2 5 1 2240 2239 2420
13510 2 2 5 1 4439 2692 7447
13511 2 2 5 1 3369 3843 7552
13512 2 2 5 1 1577 1578 1579
13513 2 2 5 1 3479 7383 7657
13514 2 2 5 1 7574 4335 7593
13515 2 2 5 1 2891 6699 7591
13516 2 2 5 1 4349 4395 7591
13517 2 2 5 1 1162 1320 7426
13518 2 2 5 1 1774 1790 1791
13519 2 2 5 1 4938 4542 7879
13520 2 2 5 1 897 2718 7276
13521 2 2 5 1 2873 7553 7650
13522 2 2 5 1 4417 4416 5036
13523 2 2 5 1 1880 1175 7465
13524 2 2 5 1 6509 3541 7453
13525 2 2 5 1 2333 2965 7537
13526 2 2 5 1 2274 2833 7582
13527 2 2 5 1 6527 7803 7823
13528 2 2 5 1 2669 2957 7598
13529 2 2 5 1 1193 1308 1309
13530 2 2 5 1 1310 1195 1311
13531 2 2 5 1 6918 4333 7576
13532 2 2 5 1 1963 2708 2807
13533 2 2 5 1 1901 1902 2416
13534 2 2 5 1 1912 1911 2415
13535 2 2 5 1 2840 1893 7498
13536 2 2 5 1 2152 2155 7368
13537 2 2 5 1 5101 5104 7671
13538 2 2 5 1 7300 4236 7736
13539 2 2 5 1 7136 1468 7581
13540 2 2 5 1 3000 2421 7425
13541 2 2 5 1 7752 3910 7796
13542 2 2 5 1 4630 4631 7584
13543 2 2 5 1 1254 8331 8334
13544 2 2 5 1 2334 2333 7537
13545 2 2 5 1 1593 1647 7464
13546 2 2 5 1 4387 3447 7382
13547 2 2 5 1 6381 6380 7594
13548 2 2 5 1 4339 2608 7596
13549 2 2 5 1 3884 3883 3885
13550 2 2 5 1 7591 4395 7600
13551 2 2 5 1 6680 7504 7587
13552 2 2 5 1 3042 2843 7707
13553 2 2 5 1 4414 4799 4800
13554 2 2 5 1 922 975 7275
13555 2 2 5 1 2891 7591 7600
13556 2 2 5 1 1771 3830 4694
13557 2 2 5 1 973 921 7276
13558 2 2 5 1 6916 4215 7592
13559 2 2 5 1 735 780 781
13560 2 2 5 1 1962 2182 7436
13561 2 2 5 1 7197 4787 7572
13562 2 2 5 1 1553 1592 7511
13563 2 2 5 1 1674 1653 1675
13564 2 2 5 1 5246 4534 7881
13565 2 2 5 1 1926 1925 1927
13566 2 2 5 1 4534 7878 7881
13567 2 2 5 1 1169 3439 7520
13568 2 2 5 1 98 99 7459
13569 2 2 5 1 16 17 7505
13570 2 2 5 1 4489 4927 4928
13571 2 2 5 1 4800 4985 5333
13572 2 2 5 1 6829 2891 7600
13573 2 2 5 1 7590 4339 7596
13574 2 2 5 1 910 1115 1116
13575 2 2 5 1 4801 7393 7667
13576 2 2 5 1 3287 6091 7750
13577 2 2 5 1 1530 5856 7832
13578 2 2 5 1 1150 1185 7549
13579 2 2 5 1 1184 1147 7548
13580 2 2 5 1 1387 1389 1531
13581 2 2 5 1 1386 1384 1533
13582 2 2 5 1 3399 1164 7426
13583 2 2 5 1 7633 5792 7807
13584 2 2 5 1 2807 2808 3427
13585 2 2 5 1 7578 4303 7622
13586 2 2 5 1 4665 4287 7753
13587 2 2 5 1 7462 4784 7698
13588 2 2 5 1 7142 7694 7738
13589 2 2 5 1 1774 1772 1790
13590 2 2 5 1 1140 1142 7589
13591 2 2 5 1 1006 988 2937
13592 2 2 5 1 2739 1991 7507
13593 2 2 5 1 2419 2199 7601
13594 2 2 5 1 1170 1190 1191
13595 2 2 5 1 2194 3115 7772
13596 2 2 5 1 3427 3523 3930
13597 2 2 5 1 7506 4766 7555
13598 2 2 5 1 2329 7390 7507
13599 2 2 5 1 7596 2608 7610
13600 2 2 5 1 1737 1548 7388
13601 2 2 5 1 1552 1553 7511
13602 2 2 5 1 2417 2724 2725
13603 2 2 5 1 2687 7064 7553
13604 2 2 5 1 1191 1190 1203
13605 2 2 5 1 7100 3561 7724
13606 2 2 5 1 1085 1083 7485
13607 2 2 5 1 7602 4833 7706
13608 2 2 5 1 3154 2784 3156
13609 2 2 5 1 7229 1140 7589
13610 2 2 5 1 1627 1629 7611
13611 2 2 5 1 2608 6818 7610
13612 2 2 5 1 1694 1866 1867
13613 2 2 5 1 3930 3931 4584
13614 2 2 5 1 1991 1989 7507
13615 2 2 5 1 2725 3151 3153
13616 2 2 5 1 1645 5492 8352
13617 2 2 5 1 2676 2171 7772
13618 2 2 5 1 1151 1192 1193
13619 2 2 5 1 1194 1148 1195
13620 2 2 5 1 3884 4686 7635
13621 2 2 5 1 1531 1726 4440
13622 2 2 5 1 1867 1866 1923
13623 2 2 5 1 990 1008 2069
13624 2 2 5 1 1924 1923 1925
13625 2 2 5 1 3494 7468 7686
13626 2 2 5 1 4529 6258 8657
13627 2 2 5 1 4067 2070 7535
13628 2 2 5 1 735 734 780
13629 2 2 5 1 1582 7462 7698
13630 2 2 5 1 3760 3262 7613
13631 2 2 5 1 1577 1580 7562
13632 2 2 5 1 1570 1571 7489
13633 2 2 5 1 4469 4650 7799
13634 2 2 5 1 6802 7193 7597
13635 2 2 5 1 3155 3154 3737
13636 2 2 5 1 1629 1631 7614
13637 2 2 5 1 3151 3152 3731
13638 2 2 5 1 2374 2848 7379
13639 2 2 5 1 2849 2397 7380
13640 2 2 5 1 5464 4402 7618
13641 2 2 5 1 1728 1533 3454
13642 2 2 5 1 5413 5454 7604
13643 2 2 5 1 1194 5922 7548
13644 2 2 5 1 5923 1192 7549
13645 2 2 5 1 2078 1957 7477
13646 2 2 5 1 2257 5029 5030
13647 2 2 5 1 1211 7365 7477
13648 2 2 5 1 4385 2935 7395
13649 2 2 5 1 2933 4386 7396
13650 2 2 5 1 341 342 8357
13651 2 2 5 1 1116 1169 1170
13652 2 2 5 1 3614 4522 7512
13653 2 2 5 1 1373 2720 7388
13654 2 2 5 1 7393 2162 7667
13655 2 2 5 1 1791 1790 1963
13656 2 2 5 1 2880 3327 6682
13657 2 2 5 1 7611 1629 7614
13658 2 2 5 1 5206 4283 5210
13659 2 2 5 1 4281 5205 5208
13660 2 2 5 1 4082 5766 7617
13661 2 2 5 1 7382 3600 7680
13662 2 2 5 1 1051 1085 7544
13663 2 2 5 1 1943 7522 7767
13664 2 2 5 1 7521 1945 7766
13665 2 2 5 1 5377 6816 8532
13666 2 2 5 1 7610 6818 7621
13667 2 2 5 1 4658 4058 6131
13668 2 2 5 1 4751 7083 7603
13669 2 2 5 1 6204 2683 7904
13670 2 2 5 1 5921 5920 7616
13671 2 2 5 1 99 100 1004
13672 2 2 5 1 15 16 1003
13673 2 2 5 1 8123 4048 8824
13674 2 2 5 1 4633 4632 7609
13675 2 2 5 1 1531 1532 1726
13676 2 2 5 1 1534 1533 1728
13677 2 2 5 1 1786 1593 7464
13678 2 2 5 1 3791 7861 7873
13679 2 2 5 1 2965 4388 7537
13680 2 2 5 1 6586 7053 7608
13681 2 2 5 1 2773 2772 2784
13682 2 2 5 1 394 508 5338
13683 2 2 5 1 3401 6923 7747
13684 2 2 5 1 1726 1727 1901
13685 2 2 5 1 1729 1728 1911
13686 2 2 5 1 1133 2763 7485
13687 2 2 5 1 774 772 2723
13688 2 2 5 1 6397 6396 7629
13689 2 2 5 1 4686 4655 5374
13690 2 2 5 1 1332 7317 7589
13691 2 2 5 1 3156 3883 3884
13692 2 2 5 1 1170 1169 1190
13693 2 2 5 1 1116 1115 1169
13694 2 2 5 1 1175 3399 7465
13695 2 2 5 1 5534 7300 7736
13696 2 2 5 1 3789 3786 7627
13697 2 2 5 1 5027 3936 7619
13698 2 2 5 1 3419 7606 7671
13699 2 2 5 1 7193 4311 7597
13700 2 2 5 1 6818 3010 7621
13701 2 2 5 1 1578 3387 7462
13702 2 2 5 1 7497 2757 7605
13703 2 2 5 1 4412 5704 7919
13704 2 2 5 1 5549 8104 8390
13705 2 2 5 1 1964 1965 2257
13706 2 2 5 1 2919 3287 7750
13707 2 2 5 1 7660 1464 7691
13708 2 2 5 1 6186 2514 7652
13709 2 2 5 1 2961 2289 7731
13710 2 2 5 1 1758 1760 7639
13711 2 2 5 1 5104 5106 7726
13712 2 2 5 1 5035 8556 8567
13713 2 2 5 1 5989 4355 7890
13714 2 2 5 1 914 913 7454
13715 2 2 5 1 1468 1465 7628
13716 2 2 5 1 4303 4834 7622
13717 2 2 5 1 5900 3699 7750
13718 2 2 5 1 7621 3010 7636
13719 2 2 5 1 2673 2218 7463
13720 2 2 5 1 3077 3576 7583
13721 2 2 5 1 1902 1904 7409
13722 2 2 5 1 3437 3435 7512
13723 2 2 5 1 7509 4792 7531
13724 2 2 5 1 2025 2028 7632
13725 2 2 5 1 7581 1468 7628
13726 2 2 5 1 1676 1675 1771
13727 2 2 5 1 3010 6778 7636
13728 2 2 5 1 7125 5099 7606
13729 2 2 5 1 7260 1733 7489
13730 2 2 5 1 4870 4628 7644
13731 2 2 5 1 7486 7125 7606
13732 2 2 5 1 6426 6893 7785
13733 2 2 5 1 838 7920 7935
13734 2 2 5 1 1142 1332 7589
13735 2 2 5 1 2189 2303 7607
13736 2 2 5 1 4915 7636 7645
13737 2 2 5 1 6571 7642 7659
13738 2 2 5 1 6980 4817 7757
13739 2 2 5 1 4928 4929 4930
13740 2 2 5 1 1912 2415 7410
13741 2 2 5 1 909 910 7467
13742 2 2 5 1 1926 1927 1964
13743 2 2 5 1 1444 6449 7478
13744 2 2 5 1 693 709 4468
13745 2 2 5 1 7157 7367 7687
13746 2 2 5 1 3296 3192 7637
13747 2 2 5 1 1914 1912 7410
13748 2 2 5 1 3017 2318 7519
13749 2 2 5 1 1807 1793 7545
13750 2 2 5 1 1099 1150 1151
13751 2 2 5 1 1147 1097 1148
13752 2 2 5 1 826 933 7599
13753 2 2 5 1 2586 6585 7642
13754 2 2 5 1 6067 838 7935
13755 2 2 5 1 1290 1316 7640
13756 2 2 5 1 1048 1050 7524
13757 2 2 5 1 6026 4150 7768
13758 2 2 5 1 7190 1204 7565
13759 2 2 5 1 2417 2416 2724
13760 2 2 5 1 694 770 771
13761 2 2 5 1 2168 5347 5350
13762 2 2 5 1 5355 2169 5358
13763 2 2 5 1 6298 4400 7653
13764 2 2 5 1 1309 1308 1387
13765 2 2 5 1 1310 1311 1384
13766 2 2 5 1 7661 4815 7724
13767 2 2 5 1 5358 5359 7854
13768 2 2 5 1 5351 5350 7855
13769 2 2 5 1 1633 1635 7643
13770 2 2 5 1 2416 1902 7409
13771 2 2 5 1 2415 2772 2773
13772 2 2 5 1 3884 3885 4655
13773 2 2 5 1 3543 3547 7453
13774 2 2 5 1 4387 7382 7680
13775 2 2 5 1 1647 3582 7464
13776 2 2 5 1 1924 1925 1926
13777 2 2 5 1 5241 4915 7645
13778 2 2 5 1 2726 1880 7465
13779 2 2 5 1 6086 7660 7691
13780 2 2 5 1 1378 7929 7959
13781 2 2 5 1 7377 6973 7612
13782 2 2 5 1 2867 2880 6682
13783 2 2 5 1 7550 2291 7568
13784 2 2 5 1 7468 6179 7686
13785 2 2 5 1 1348 7640 7694
13786 2 2 5 1 1193 1192 1308
13787 2 2 5 1 1194 1195 1310
13788 2 2 5 1 1836 1796 7754
13789 2 2 5 1 4427 4426 7788
13790 2 2 5 1 1083 1133 7485
13791 2 2 5 1 4406 2726 7465
13792 2 2 5 1 2757 7223 7605
13793 2 2 5 1 1050 998 7557
13794 2 2 5 1 1923 1866 7466
13795 2 2 5 1 709 708 734
13796 2 2 5 1 1867 1923 1924
13797 2 2 5 1 6796 3792 7774
13798 2 2 5 1 3078 3649 7425
13799 2 2 5 1 2994 2992 7654
13800 2 2 5 1 2720 914 7454
13801 2 2 5 1 2421 3078 7425
13802 2 2 5 1 7400 1090 7524
13803 2 2 5 1 5475 4637 7776
13804 2 2 5 1 4638 5476 7777
13805 2 2 5 1 1151 1150 1192
13806 2 2 5 1 1147 1148 1194
13807 2 2 5 1 7489 1571 7493
13808 2 2 5 1 4433 3797 7795
13809 2 2 5 1 1904 2009 7409
13810 2 2 5 1 4325 3389 7763
13811 2 2 5 1 3792 3133 7774
13812 2 2 5 1 2315 2883 7742
13813 2 2 5 1 2881 2313 7743
13814 2 2 5 1 2962 2197 7760
13815 2 2 5 1 3135 3716 7774
13816 2 2 5 1 5472 4240 7648
13817 2 2 5 1 2149 2707 7655
13818 2 2 5 1 1733 1570 7489
13819 2 2 5 1 934 909 7467
13820 2 2 5 1 2195 3750 7760
13821 2 2 5 1 4396 5815 7660
13822 2 2 5 1 2833 3158 7582
13823 2 2 5 1 3412 3420 7725
13824 2 2 5 1 2212 2802 7493
13825 2 2 5 1 7666 4796 7701
13826 2 2 5 1 5210 4283 5211
13827 2 2 5 1 4281 5208 5209
13828 2 2 5 1 2960 2961 7763
13829 2 2 5 1 7597 6184 7716
13830 2 2 5 1 7226 4955 8408
13831 2 2 5 1 5298 6250 7662
13832 2 2 5 1 913 942 7454
13833 2 2 5 1 4285 7243 7714
13834 2 2 5 1 2725 2724 3151
13835 2 2 5 1 773 772 774
13836 2 2 5 1 2706 1552 7511
13837 2 2 5 1 1185 3665 7549
13838 2 2 5 1 3663 1184 7548
13839 2 2 5 1 3932 3933 7759
13840 2 2 5 1 7716 5943 7731
13841 2 2 5 1 5222 4412 7732
13842 2 2 5 1 7101 2239 7545
13843 2 2 5 1 3435 3614 7512
13844 2 2 5 1 693 692 708
13845 2 2 5 1 570 692 693
13846 2 2 5 1 4575 4574 7670
13847 2 2 5 1 1698 1190 7520
13848 2 2 5 1 735 781 1330
13849 2 2 5 1 7089 7313 7706
13850 2 2 5 1 4379 5551 7659
13851 2 2 5 1 980 1051 7544
13852 2 2 5 1 2163 7437 7663
13853 2 2 5 1 2773 2784 3154
13854 2 2 5 1 5638 5635 7921
13855 2 2 5 1 1989 2329 7507
13856 2 2 5 1 2008 1914 7410
13857 2 2 5 1 6211 6317 7819
13858 2 2 5 1 1947 2709 7634
13859 2 2 5 1 6049 6047 7851
13860 2 2 5 1 6311 4022 7665
13861 2 2 5 1 4933 3872 7620
13862 2 2 5 1 7554 4331 7566
13863 2 2 5 1 7383 6073 7657
13864 2 2 5 1 3512 3910 7752
13865 2 2 5 1 2391 2238 7521
13866 2 2 5 1 2236 2368 7522
13867 2 2 5 1 2267 4404 7463
13868 2 2 5 1 2318 2878 7519
13869 2 2 5 1 4407 980 7544
13870 2 2 5 1 1637 1639 7664
13871 2 2 5 1 4961 4960 8686
13872 2 2 5 1 7084 7182 7739
13873 2 2 5 1 910 2721 7467
13874 2 2 5 1 4273 4863 7649
13875 2 2 5 1 2218 2267 7463
13876 2 2 5 1 998 969 7557
13877 2 2 5 1 1582 1579 7462
13878 2 2 5 1 1653 1388 7579
13879 2 2 5 1 942 4407 7454
13880 2 2 5 1 1090 1048 7524
13881 2 2 5 1 4033 4640 7656
13882 2 2 5 1 1946 1947 7634
13883 2 2 5 1 3861 4986 7570
13884 2 2 5 1 7634 2709 7773
13885 2 2 5 1 1576 1445 7478
13886 2 2 5 1 7896 4454 7918
13887 2 2 5 1 5629 5677 7841
13888 2 2 5 1 7102 7545 7749
13889 2 2 5 1 1385 1694 7585
13890 2 2 5 1 2698 7692 7744
13891 2 2 5 1 4824 4405 7675
13892 2 2 5 1 3879 6691 7765
13893 2 2 5 1 1579 1578 7462
13894 2 2 5 1 3432 2799 7705
13895 2 2 5 1 7717 4889 7761
13896 2 2 5 1 5627 5628 7825
13897 2 2 5 1 1893 1692 7498
13898 2 2 5 1 6867 4340 7633
13899 2 2 5 1 6894 4224 7669
13900 2 2 5 1 7437 4356 7663
13901 2 2 5 1 3885 4489 7571
13902 2 2 5 1 6076 5845 7666
13903 2 2 5 1 5322 3857 8195
13904 2 2 5 1 1445 1444 7478
13905 2 2 5 1 4794 4795 7650
13906 2 2 5 1 6796 7774 7788
13907 2 2 5 1 7306 2146 7634
13908 2 2 5 1 4422 5062 7806
13909 2 2 5 1 5404 4031 7673
13910 2 2 5 1 6776 2949 7677
13911 2 2 5 1 3796 7115 7740
13912 2 2 5 1 2253 2314 2315
13913 2 2 5 1 2312 2251 2313
13914 2 2 5 1 2029 2033 7674
13915 2 2 5 1 1926 2101 7595
13916 2 2 5 1 5922 4344 7848
13917 2 2 5 1 4345 5923 7849
13918 2 2 5 1 4328 7574 7593
13919 2 2 5 1 5482 4067 7535
13920 2 2 5 1 7553 4794 7650
13921 2 2 5 1 4491 3479 7657
13922 2 2 5 1 4452 3879 7877
13923 2 2 5 1 5335 4676 7779
13924 2 2 5 1 4770 4769 5031
13925 2 2 5 1 3598 3861 7570
13926 2 2 5 1 6422 4838 7683
13927 2 2 5 1 4771 4772 5033
13928 2 2 5 1 7122 3794 7738
13929 2 2 5 1 5034 7794 8564
13930 2 2 5 1 2227 2149 7655
13931 2 2 5 1 1591 2191 7812
13932 2 2 5 1 3613 5023 7588
13933 2 2 5 1 3830 1675 7579
13934 2 2 5 1 8138 5313 8373
13935 2 2 5 1 3612 3613 7588
13936 2 2 5 1 4441 1924 7595
13937 2 2 5 1 3908 2673 7463
13938 2 2 5 1 3387 4784 7462
13939 2 2 5 1 3856 3331 3857
13940 2 2 5 1 4418 934 7467
13941 2 2 5 1 4526 4872 7915
13942 2 2 5 1 3328 3858 3859
13943 2 2 5 1 4824 7831 7840
13944 2 2 5 1 7367 5807 7687
13945 2 2 5 1 3424 4802 7661
13946 2 2 5 1 4816 3449 7803
13947 2 2 5 1 709 734 735
13948 2 2 5 1 694 607 770
13949 2 2 5 1 1497 434 7682
13950 2 2 5 1 771 770 772
13951 2 2 5 1 3859 5323 8196
13952 2 2 5 1 1297 1353 7530
13953 2 2 5 1 6572 4824 7840
13954 2 2 5 1 4225 4401 7681
13955 2 2 5 1 6045 6048 7837
13956 2 2 5 1 72 2771 7797
13957 2 2 5 1 5973 5981 7880
13958 2 2 5 1 3650 4776 7745
13959 2 2 5 1 7608 3789 7627
13960 2 2 5 1 969 4418 7557
13961 2 2 5 1 7182 6105 7739
13962 2 2 5 1 3937 3491 7793
13963 2 2 5 1 696 20 7416
13964 2 2 5 1 95 695 7418
13965 2 2 5 1 2146 1946 7634
13966 2 2 5 1 1867 4441 7585
13967 2 2 5 1 1397 1396 7691
13968 2 2 5 1 2034 2037 7684
13969 2 2 5 1 4390 3017 7519
13970 2 2 5 1 7254 5964 7868
13971 2 2 5 1 3567 7402 7679
13972 2 2 5 1 2698 2695 7692
13973 2 2 5 1 3582 5306 7963
13974 2 2 5 1 7607 4815 7661
13975 2 2 5 1 7218 3494 7686
13976 2 2 5 1 693 708 709
13977 2 2 5 1 955 959 7801
13978 2 2 5 1 5569 5568 7769
13979 2 2 5 1 5413 7604 8000
13980 2 2 5 1 7199 3419 7671
13981 2 2 5 1 1203 1898 7565
13982 2 2 5 1 5064 3658 7690
13983 2 2 5 1 4961 8686 8691
13984 2 2 5 1 1204 1203 7565
13985 2 2 5 1 2165 2163 7663
13986 2 2 5 1 6613 6164 7819
13987 2 2 5 1 6179 6864 7686
13988 2 2 5 1 7069 7066 7782
13989 2 2 5 1 3607 3090 7709
13990 2 2 5 1 2739 7507 7709
13991 2 2 5 1 7402 4348 7679
13992 2 2 5 1 7242 5629 7841
13993 2 2 5 1 1292 1349 7820
13994 2 2 5 1 2239 1807 7545
13995 2 2 5 1 7225 4438 7823
13996 2 2 5 1 2808 2708 7658
13997 2 2 5 1 4660 4921 7623
13998 2 2 5 1 7313 2719 7706
13999 2 2 5 1 5711 4089 7786
14000 2 2 5 1 5174 4925 8632
14001 2 2 5 1 4919 4658 7624
14002 2 2 5 1 2162 2164 7667
14003 2 2 5 1 4803 4394 7694
14004 2 2 5 1 7684 2037 7700
14005 2 2 5 1 2280 951 7809
14006 2 2 5 1 4829 5117 7829
14007 2 2 5 1 3437 7512 8456
14008 2 2 5 1 3082 3501 7702
14009 2 2 5 1 6198 4821 7696
14010 2 2 5 1 2868 5504 7280
14011 2 2 5 1 4378 6086 7699
14012 2 2 5 1 3600 4313 7680
14013 2 2 5 1 1190 1169 7520
14014 2 2 5 1 5739 7677 7798
14015 2 2 5 1 3158 4414 7582
14016 2 2 5 1 4425 3598 7570
14017 2 2 5 1 668 666 7828
14018 2 2 5 1 3687 4241 7697
14019 2 2 5 1 4885 4883 7816
14020 2 2 5 1 3421 3416 7811
14021 2 2 5 1 765 2232 7676
14022 2 2 5 1 2790 3768 7822
14023 2 2 5 1 5422 4615 7718
14024 2 2 5 1 4616 5423 7719
14025 2 2 5 1 7511 4813 7705
14026 2 2 5 1 4446 4651 7703
14027 2 2 5 1 6067 7935 7952
14028 2 2 5 1 2233 763 7678
14029 2 2 5 1 3434 3432 7790
14030 2 2 5 1 2037 6932 7700
14031 2 2 5 1 7089 7706 7830
14032 2 2 5 1 3965 5837 8344
14033 2 2 5 1 6258 6257 8657
14034 2 2 5 1 6528 7757 7768
14035 2 2 5 1 5307 4387 7680
14036 2 2 5 1 3800 6526 7844
14037 2 2 5 1 5532 6043 7735
14038 2 2 5 1 3593 2998 7834
14039 2 2 5 1 7097 4503 7826
14040 2 2 5 1 5897 7747 7821
14041 2 2 5 1 7117 4458 7784
14042 2 2 5 1 4655 3885 7571
14043 2 2 5 1 5646 6012 7921
14044 2 2 5 1 3881 3880 7839
14045 2 2 5 1 7671 5104 7726
14046 2 2 5 1 735 1330 7887
14047 2 2 5 1 5106 5108 7693
14048 2 2 5 1 4854 3830 7885
14049 2 2 5 1 8716 4818 8789
14050 2 2 5 1 3381 7157 7687
14051 2 2 5 1 4348 4737 7679
14052 2 2 5 1 4429 3612 7588
14053 2 2 5 1 5972 5970 7880
14054 2 2 5 1 7423 795 7676
14055 2 2 5 1 8627 5174 8632
14056 2 2 5 1 4800 5334 7762
14057 2 2 5 1 695 96 7419
14058 2 2 5 1 19 696 7417
14059 2 2 5 1 4523 5782 8112
14060 2 2 5 1 793 7428 7678
14061 2 2 5 1 7699 1396 7715
14062 2 2 5 1 5533 5532 7735
14063 2 2 5 1 6784 3793 7708
14064 2 2 5 1 1690 6962 7831
14065 2 2 5 1 4309 6051 7795
14066 2 2 5 1 5257 1535 8702
14067 2 2 5 1 7656 4640 7722
14068 2 2 5 1 7450 4816 7803
14069 2 2 5 1 1147 1194 7548
14070 2 2 5 1 1192 1150 7549
14071 2 2 5 1 102 103 1660
14072 2 2 5 1 12 13 1661
14073 2 2 5 1 4805 3942 8363
14074 2 2 5 1 795 765 7676
14075 2 2 5 1 5473 8181 8217
14076 2 2 5 1 763 793 7678
14077 2 2 5 1 4283 2391 7521
14078 2 2 5 1 2368 4281 7522
14079 2 2 5 1 3381 7687 7717
14080 2 2 5 1 6751 6752 7708
14081 2 2 5 1 949 2280 7836
14082 2 2 5 1 5102 7343 7695
14083 2 2 5 1 5799 7441 7730
14084 2 2 5 1 2315 2868 2882
14085 2 2 5 1 2867 2313 2880
14086 2 2 5 1 1790 1772 7615
14087 2 2 5 1 4489 4928 7571
14088 2 2 5 1 4865 8145 8181
14089 2 2 5 1 7507 7390 7709
14090 2 2 5 1 2843 3109 7707
14091 2 2 5 1 7640 4803 7694
14092 2 2 5 1 4604 7679 7758
14093 2 2 5 1 6130 4660 7623
14094 2 2 5 1 4309 3785 7701
14095 2 2 5 1 3661 8275 8782
14096 2 2 5 1 1675 1653 7579
14097 2 2 5 1 203 204 7710
14098 2 2 5 1 7708 3793 7723
14099 2 2 5 1 4825 7699 7715
14100 2 2 5 1 7080 4635 7858
14101 2 2 5 1 5413 8000 8065
14102 2 2 5 1 8186 4868 8220
14103 2 2 5 1 1536 5258 8704
14104 2 2 5 1 2951 3081 7720
14105 2 2 5 1 4431 5371 7651
14106 2 2 5 1 3793 4808 7723
14107 2 2 5 1 4615 5343 7718
14108 2 2 5 1 3971 3973 7651
14109 2 2 5 1 7642 4379 7659
14110 2 2 5 1 5344 4616 7719
14111 2 2 5 1 1329 1318 7715
14112 2 2 5 1 662 660 7859
14113 2 2 5 1 2706 7511 7705
14114 2 2 5 1 1772 1771 7615
14115 2 2 5 1 4752 6983 7827
14116 2 2 5 1 7723 4808 7728
14117 2 2 5 1 7763 5946 7824
14118 2 2 5 1 1694 1867 7585
14119 2 2 5 1 3414 3412 7725
14120 2 2 5 1 7343 5159 7695
14121 2 2 5 1 6184 5947 7716
14122 2 2 5 1 5711 4285 7714
14123 2 2 5 1 2719 7602 7706
14124 2 2 5 1 6751 7708 7723
14125 2 2 5 1 2430 5578 8104
14126 2 2 5 1 8149 4867 8186
14127 2 2 5 1 6343 7080 7858
14128 2 2 5 1 1586 5790 7770
14129 2 2 5 1 1388 1387 7625
14130 2 2 5 1 1924 1926 7595
14131 2 2 5 1 97 2715 7419
14132 2 2 5 1 2716 18 7417
14133 2 2 5 1 5316 4596 7928
14134 2 2 5 1 5897 4401 7747
14135 2 2 5 1 3930 4827 7641
14136 2 2 5 1 1384 1385 7626
14137 2 2 5 1 1900 3014 7764
14138 2 2 5 1 4678 3780 7865
14139 2 2 5 1 290 478 7883
14140 2 2 5 1 607 551 7647
14141 2 2 5 1 5381 5380 8588
14142 2 2 5 1 3471 3427 7641
14143 2 2 5 1 4397 6751 7723
14144 2 2 5 1 7805 4453 7896
14145 2 2 5 1 2557 289 7883
14146 2 2 5 1 5504 5507 7280
14147 2 2 5 1 7439 5800 7685
14148 2 2 5 1 3869 7658 7734
14149 2 2 5 1 4432 4600 7818
14150 2 2 5 1 7386 7557 8109
14151 2 2 5 1 3156 3884 7635
14152 2 2 5 1 2717 7582 7762
14153 2 2 5 1 4397 7723 7728
14154 2 2 5 1 4802 7607 7661
14155 2 2 5 1 3154 3156 7635
14156 2 2 5 1 6155 6157 7900
14157 2 2 5 1 4403 5464 7729
14158 2 2 5 1 8221 4878 8239
14159 2 2 5 1 7306 7634 7773
14160 2 2 5 1 5211 7521 7766
14161 2 2 5 1 7522 5209 7767
14162 2 2 5 1 5465 1891 8827
14163 2 2 5 1 7441 4610 7730
14164 2 2 5 1 7795 6051 7832
14165 2 2 5 1 4367 5482 7737
14166 2 2 5 1 5543 1859 8400
14167 2 2 5 1 1238 8008 8168
14168 2 2 5 1 4750 4434 7846
14169 2 2 5 1 6204 7904 7920
14170 2 2 5 1 4568 4126 7733
14171 2 2 5 1 7579 1388 7625
14172 2 2 5 1 7077 5991 7922
14173 2 2 5 1 6146 4397 7728
14174 2 2 5 1 4640 5395 7722
14175 2 2 5 1 3973 4431 7651
14176 2 2 5 1 3436 3434 7704
14177 2 2 5 1 1584 1582 7698
14178 2 2 5 1 5423 4607 7685
14179 2 2 5 1 3944 7744 7791
14180 2 2 5 1 3420 7693 7725
14181 2 2 5 1 5987 6067 7952
14182 2 2 5 1 1771 4694 7615
14183 2 2 5 1 1901 2417 7668
14184 2 2 5 1 2289 3790 7731
14185 2 2 5 1 1385 7585 7626
14186 2 2 5 1 3153 3151 7646
14187 2 2 5 1 627 6068 7933
14188 2 2 5 1 6026 7768 7775
14189 2 2 5 1 5064 7690 7973
14190 2 2 5 1 2772 1911 7672
14191 2 2 5 1 1791 1963 7749
14192 2 2 5 1 8291 7484 8348
14193 2 2 5 1 1531 4440 7625
14194 2 2 5 1 7694 4394 7738
14195 2 2 5 1 2882 2868 7280
14196 2 2 5 1 7261 3381 7717
14197 2 2 5 1 2715 98 7459
14198 2 2 5 1 17 2716 7505
14199 2 2 5 1 3561 3483 7724
14200 2 2 5 1 3815 7868 7882
14201 2 2 5 1 4401 7587 7747
14202 2 2 5 1 2738 7027 8118
14203 2 2 5 1 7100 7752 7796
14204 2 2 5 1 3454 1533 7626
14205 2 2 5 1 5690 5794 8135
14206 2 2 5 1 4960 8659 8686
14207 2 2 5 1 7693 5127 7725
14208 2 2 5 1 2799 2706 7705
14209 2 2 5 1 593 688 7813
14210 2 2 5 1 4440 1726 7668
14211 2 2 5 1 7706 4833 7830
14212 2 2 5 1 3944 2698 7744
14213 2 2 5 1 4607 7439 7685
14214 2 2 5 1 4928 4930 7638
14215 2 2 5 1 4811 3000 8383
14216 2 2 5 1 7667 2167 7727
14217 2 2 5 1 7100 7724 7752
14218 2 2 5 1 3427 3930 7641
14219 2 2 5 1 3420 7199 7726
14220 2 2 5 1 4355 4029 7890
14221 2 2 5 1 3090 2739 7709
14222 2 2 5 1 1728 3454 7672
14223 2 2 5 1 7302 4572 7850
14224 2 2 5 1 462 5433 8134
14225 2 2 5 1 5295 4386 8347
14226 2 2 5 1 4385 5296 8346
14227 2 2 5 1 1387 1531 7625
14228 2 2 5 1 2937 988 7689
14229 2 2 5 1 5631 5636 7825
14230 2 2 5 1 1170 5788 7778
14231 2 2 5 1 7199 7671 7726
14232 2 2 5 1 1533 1384 7626
14233 2 2 5 1 1875 625 7933
14234 2 2 5 1 4236 6971 7736
14235 2 2 5 1 4611 4680 8550
14236 2 2 5 1 4444 5297 8520
14237 2 2 5 1 3991 4789 7895
14238 2 2 5 1 4358 8642 8647
14239 2 2 5 1 3794 7152 7835
14240 2 2 5 1 4824 7675 7831
14241 2 2 5 1 5018 3990 7895
14242 2 2 5 1 5943 5941 7748
14243 2 2 5 1 5707 4493 7950
14244 2 2 5 1 5431 1766 8418
14245 2 2 5 1 1583 1586 7770
14246 2 2 5 1 7295 4309 7795
14247 2 2 5 1 2285 7982 8676
14248 2 2 5 1 990 2069 7688
14249 2 2 5 1 5636 5643 7825
14250 2 2 5 1 7229 7589 7789
14251 2 2 5 1 5211 4283 7521
14252 2 2 5 1 4281 5209 7522
14253 2 2 5 1 1589 589 7842
14254 2 2 5 1 690 630 7838
14255 2 2 5 1 3750 7084 7739
14256 2 2 5 1 5873 7338 7974
14257 2 2 5 1 4299 7352 7864
14258 2 2 5 1 7835 7152 7882
14259 2 2 5 1 3524 5751 8388
14260 2 2 5 1 5987 7952 7969
14261 2 2 5 1 99 1004 7459
14262 2 2 5 1 1003 16 7505
14263 2 2 5 1 7226 8408 8424
14264 2 2 5 1 7571 4928 7638
14265 2 2 5 1 7707 3109 7784
14266 2 2 5 1 4658 6131 7624
14267 2 2 5 1 7761 4889 8559
14268 2 2 5 1 3404 7821 7829
14269 2 2 5 1 3737 3154 7635
14270 2 2 5 1 536 549 2758
14271 2 2 5 1 3699 2919 7750
14272 2 2 5 1 4394 7122 7738
14273 2 2 5 1 6691 7663 7765
14274 2 2 5 1 7545 1793 7749
14275 2 2 5 1 4623 7285 7890
14276 2 2 5 1 5264 8396 8517
14277 2 2 5 1 103 104 7712
14278 2 2 5 1 11 12 7630
14279 2 2 5 1 626 1776 7856
14280 2 2 5 1 7686 6864 7783
14281 2 2 5 1 4941 8538 8579
14282 2 2 5 1 1231 7990 8153
14283 2 2 5 1 6971 1114 7751
14284 2 2 5 1 3785 7666 7701
14285 2 2 5 1 7191 7565 7764
14286 2 2 5 1 7736 6971 7751
14287 2 2 5 1 3414 7725 7811
14288 2 2 5 1 6091 4665 7753
14289 2 2 5 1 3404 5897 7821
14290 2 2 5 1 1726 1901 7668
14291 2 2 5 1 7751 1114 7757
14292 2 2 5 1 4430 5249 7928
14293 2 2 5 1 3151 3731 7646
14294 2 2 5 1 5293 4367 7737
14295 2 2 5 1 1284 67 7906
14296 2 2 5 1 1911 1728 7672
14297 2 2 5 1 1793 1791 7749
14298 2 2 5 1 4358 5014 8642
14299 2 2 5 1 3616 7704 7755
14300 2 2 5 1 4195 3588 7911
14301 2 2 5 1 7519 3650 7745
14302 2 2 5 1 7479 5711 7786
14303 2 2 5 1 5792 3719 7967
14304 2 2 5 1 7738 3794 7835
14305 2 2 5 1 988 973 7689
14306 2 2 5 1 4815 3512 7752
14307 2 2 5 1 8010 6612 8055
14308 2 2 5 1 973 7276 7689
14309 2 2 5 1 68 6821 7906
14310 2 2 5 1 996 619 7965
14311 2 2 5 1 7275 975 7688
14312 2 2 5 1 975 990 7688
14313 2 2 5 1 4831 7783 7817
14314 2 2 5 1 3910 5045 7796
14315 2 2 5 1 5035 7816 8556
14316 2 2 5 1 7820 1349 7846
14317 2 2 5 1 4840 3806 7872
14318 2 2 5 1 5081 4046 7756
14319 2 2 5 1 2245 1836 7754
14320 2 2 5 1 693 4468 7721
14321 2 2 5 1 3432 7705 7790
14322 2 2 5 1 7582 4414 7762
14323 2 2 5 1 5704 7845 7919
14324 2 2 5 1 1114 6980 7757
14325 2 2 5 1 7679 4737 7758
14326 2 2 5 1 2883 3329 3331
14327 2 2 5 1 3326 2881 3328
14328 2 2 5 1 7432 4801 7727
14329 2 2 5 1 1116 1170 7778
14330 2 2 5 1 5976 4870 7980
14331 2 2 5 1 4600 5180 7741
14332 2 2 5 1 3979 5535 7787
14333 2 2 5 1 7218 7686 7783
14334 2 2 5 1 4046 3932 7759
14335 2 2 5 1 2197 2195 7760
14336 2 2 5 1 3389 2960 7763
14337 2 2 5 1 7663 4356 7765
14338 2 2 5 1 4610 5422 7730
14339 2 2 5 1 2775 7966 8089
14340 2 2 5 1 4801 7667 7727
14341 2 2 5 1 6054 3915 8630
14342 2 2 5 1 5001 5002 7937
14343 2 2 5 1 7565 1898 7764
14344 2 2 5 1 4028 6689 7923
14345 2 2 5 1 8383 3000 8399
14346 2 2 5 1 4833 4832 7830
14347 2 2 5 1 3331 3329 3923
14348 2 2 5 1 3326 3328 3924
14349 2 2 5 1 4390 7519 7745
14350 2 2 5 1 6197 5019 8568
14351 2 2 5 1 8646 7162 8647
14352 2 2 5 1 8185 3828 8221
14353 2 2 5 1 7675 1690 7831
14354 2 2 5 1 6527 7823 7844
14355 2 2 5 1 1266 5987 7969
14356 2 2 5 1 7756 4046 7759
14357 2 2 5 1 1333 1177 7894
14358 2 2 5 1 3566 5995 8829
14359 2 2 5 1 5529 5531 7923
14360 2 2 5 1 4150 6528 7768
14361 2 2 5 1 6064 4197 8004
14362 2 2 5 1 1735 1843 7863
14363 2 2 5 1 4452 7877 7924
14364 2 2 5 1 1945 1909 7766
14365 2 2 5 1 1919 1943 7767
14366 2 2 5 1 6167 6165 7991
14367 2 2 5 1 879 881 7901
14368 2 2 5 1 4514 5529 7923
14369 2 2 5 1 2171 2194 7772
14370 2 2 5 1 7725 5127 7811
14371 2 2 5 1 3115 6167 7998
14372 2 2 5 1 7801 959 7976
14373 2 2 5 1 7365 3796 7740
14374 2 2 5 1 7834 5117 7843
14375 2 2 5 1 2883 3856 7742
14376 2 2 5 1 3858 2881 7743
14377 2 2 5 1 7783 4248 7817
14378 2 2 5 1 4817 4816 7775
14379 2 2 5 1 1585 1583 7770
14380 2 2 5 1 623 1875 7954
14381 2 2 5 1 7322 2097 7805
14382 2 2 5 1 3133 3135 7774
14383 2 2 5 1 731 3282 7934
14384 2 2 5 1 6764 2762 7950
14385 2 2 5 1 4924 7261 7761
14386 2 2 5 1 5162 5229 8298
14387 2 2 5 1 8164 6297 8184
14388 2 2 5 1 515 523 1859
14389 2 2 5 1 6427 6426 7785
14390 2 2 5 1 1910 2253 7814
14391 2 2 5 1 2251 1920 7815
14392 2 2 5 1 6116 8023 8073
14393 2 2 5 1 6321 7833 7907
14394 2 2 5 1 2723 772 7780
14395 2 2 5 1 4925 6083 8643
14396 2 2 5 1 653 704 7934
14397 2 2 5 1 4427 7788 7792
14398 2 2 5 1 7829 5117 7834
14399 2 2 5 1 7589 7317 7789
14400 2 2 5 1 7715 1318 7820
14401 2 2 5 1 4676 4678 7779
14402 2 2 5 1 5946 5945 7824
14403 2 2 5 1 3760 7746 7798
14404 2 2 5 1 6116 1266 8023
14405 2 2 5 1 3632 6501 7943
14406 2 2 5 1 7162 4358 8647
14407 2 2 5 1 196 2595 7936
14408 2 2 5 1 1264 195 7936
14409 2 2 5 1 6018 6017 8157
14410 2 2 5 1 6321 7260 7833
14411 2 2 5 1 4737 4879 7758
14412 2 2 5 1 549 570 7721
14413 2 2 5 1 2883 2882 3329
14414 2 2 5 1 2880 2881 3326
14415 2 2 5 1 3109 7117 7784
14416 2 2 5 1 4955 3944 7791
14417 2 2 5 1 4416 4390 7745
14418 2 2 5 1 7587 3401 7747
14419 2 2 5 1 7234 7477 7740
14420 2 2 5 1 7477 7365 7740
14421 2 2 5 1 5782 5783 8112
14422 2 2 5 1 281 789 7938
14423 2 2 5 1 2597 280 7938
14424 2 2 5 1 3800 7844 7852
14425 2 2 5 1 4415 7786 7793
14426 2 2 5 1 4831 7218 7783
14427 2 2 5 1 7261 7717 7761
14428 2 2 5 1 4882 7069 7782
14429 2 2 5 1 4651 5952 7800
14430 2 2 5 1 7830 4832 7865
14431 2 2 5 1 3958 5669 8785
14432 2 2 5 1 3790 7716 7731
14433 2 2 5 1 4625 4626 7958
14434 2 2 5 1 770 607 7647
14435 2 2 5 1 2097 7515 7805
14436 2 2 5 1 587 1589 7892
14437 2 2 5 1 4882 7782 7794
14438 2 2 5 1 1602 1865 7942
14439 2 2 5 1 2526 1604 7942
14440 2 2 5 1 5234 3610 7943
14441 2 2 5 1 4580 5586 7860
14442 2 2 5 1 4825 7715 7820
14443 2 2 5 1 4356 4439 7765
14444 2 2 5 1 4622 6241 8243
14445 2 2 5 1 469 391 7940
14446 2 2 5 1 538 525 1645
14447 2 2 5 1 4426 6796 7788
14448 2 2 5 1 6864 4248 7783
14449 2 2 5 1 3997 191 7941
14450 2 2 5 1 192 2596 7941
14451 2 2 5 1 1776 624 7898
14452 2 2 5 1 7764 3014 7869
14453 2 2 5 1 3918 2977 7870
14454 2 2 5 1 7321 5865 7981
14455 2 2 5 1 7705 4813 7790
14456 2 2 5 1 390 2560 7940
14457 2 2 5 1 4553 8110 8147
14458 2 2 5 1 5611 5612 7802
14459 2 2 5 1 4812 4469 7799
14460 2 2 5 1 104 105 3075
14461 2 2 5 1 10 11 3074
14462 2 2 5 1 5590 7077 7781
14463 2 2 5 1 6843 6734 8566
14464 2 2 5 1 2798 3200 7905
14465 2 2 5 1 1898 1900 7764
14466 2 2 5 1 71 72 7797
14467 2 2 5 1 6165 6166 7976
14468 2 2 5 1 2315 2882 2883
14469 2 2 5 1 2880 2313 2881
14470 2 2 5 1 3760 7613 7746
14471 2 2 5 1 3491 4415 7793
14472 2 2 5 1 5034 4882 7794
14473 2 2 5 1 768 719 7947
14474 2 2 5 1 7745 4776 7847
14475 2 2 5 1 7375 879 7901
14476 2 2 5 1 1842 1739 7899
14477 2 2 5 1 3421 7811 7845
14478 2 2 5 1 7740 7115 7893
14479 2 2 5 1 3716 7153 7792
14480 2 2 5 1 2301 6064 8047
14481 2 2 5 1 7832 5856 7874
14482 2 2 5 1 5426 4944 8350
14483 2 2 5 1 4945 5425 8351
14484 2 2 5 1 1829 6797 7951
14485 2 2 5 1 7115 7114 7893
14486 2 2 5 1 1369 1591 7812
14487 2 2 5 1 6157 6049 7851
14488 2 2 5 1 517 510 3173
14489 2 2 5 1 608 694 7897
14490 2 2 5 1 3797 7295 7795
14491 2 2 5 1 3915 2727 7951
14492 2 2 5 1 4414 4800 7762
14493 2 2 5 1 4890 8230 8232
14494 2 2 5 1 8062 4520 8279
14495 2 2 5 1 8632 4925 8643
14496 2 2 5 1 7317 4835 7789
14497 2 2 5 1 1908 1910 7814
14498 2 2 5 1 1920 1918 7815
14499 2 2 5 1 3607 7709 7818
14500 2 2 5 1 7868 6664 7882
14501 2 2 5 1 7072 3760 7798
14502 2 2 5 1 4678 7865 7875
14503 2 2 5 1 4471 4470 7960
14504 2 2 5 1 7724 4815 7752
14505 2 2 5 1 570 693 7721
14506 2 2 5 1 5185 3918 7870
14507 2 2 5 1 2721 1116 7778
14508 2 2 5 1 953 955 7801
14509 2 2 5 1 591 593 7813
14510 2 2 5 1 4424 7100 7796
14511 2 2 5 1 7727 5678 7886
14512 2 2 5 1 3449 4276 7803
14513 2 2 5 1 7742 4847 7814
14514 2 2 5 1 4848 7743 7815
14515 2 2 5 1 5802 5563 8740
14516 2 2 5 1 6167 7991 7998
14517 2 2 5 1 5428 7464 7804
14518 2 2 5 1 5488 2813 8069
14519 2 2 5 1 6486 6481 8022
14520 2 2 5 1 2814 5489 8070
14521 2 2 5 1 6479 6474 8028
14522 2 2 5 1 4219 5937 7808
14523 2 2 5 1 4854 7885 7939
14524 2 2 5 1 4415 7479 7786
14525 2 2 5 1 7024 6363 8167
14526 2 2 5 1 4813 4814 7790
14527 2 2 5 1 2467 6158 8017
14528 2 2 5 1 4419 7306 7773
14529 2 2 5 1 379 378 7956
14530 2 2 5 1 6561 4422 7806
14531 2 2 5 1 698 583 7908
14532 2 2 5 1 1378 6663 7929
14533 2 2 5 1 953 7801 7809
14534 2 2 5 1 7142 7738 7835
14535 2 2 5 1 5557 5804 8736
14536 2 2 5 1 2253 7742 7814
14537 2 2 5 1 7743 2251 7815
14538 2 2 5 1 951 953 7809
14539 2 2 5 1 7789 4835 7872
14540 2 2 5 1 5681 5683 7992
14541 2 2 5 1 3879 7765 7877
14542 2 2 5 1 5321 4474 7948
14543 2 2 5 1 6493 6492 8016
14544 2 2 5 1 4960 7871 8659
14545 2 2 5 1 392 469 7961
14546 2 2 5 1 719 705 7962
14547 2 2 5 1 620 697 7914
14548 2 2 5 1 5931 5007 8633
14549 2 2 5 1 5009 5929 8634
14550 2 2 5 1 3805 7229 7789
14551 2 2 5 1 5007 5931 8660
14552 2 2 5 1 5006 8187 8284
14553 2 2 5 1 5929 5009 8661
14554 2 2 5 1 79 462 7964
14555 2 2 5 1 3196 7162 8646
14556 2 2 5 1 4248 2686 7817
14557 2 2 5 1 7749 1963 7910
14558 2 2 5 1 8107 5433 8830
14559 2 2 5 1 461 36 7968
14560 2 2 5 1 5434 8108 8831
14561 2 2 5 1 4583 4480 7983
14562 2 2 5 1 4293 4291 7953
14563 2 2 5 1 7821 4828 7829
14564 2 2 5 1 630 628 7838
14565 2 2 5 1 5881 1682 8488
14566 2 2 5 1 6064 8004 8047
14567 2 2 5 1 425 424 7970
14568 2 2 5 1 5338 8473 8701
14569 2 2 5 1 5905 5903 7980
14570 2 2 5 1 4644 8065 8090
14571 2 2 5 1 4481 5407 7983
14572 2 2 5 1 4622 8243 8251
14573 2 2 5 1 5035 4885 7816
14574 2 2 5 1 6164 6211 7819
14575 2 2 5 1 7938 789 8772
14576 2 2 5 1 1318 1292 7820
14577 2 2 5 1 3014 6201 7869
14578 2 2 5 1 6923 4828 7821
14579 2 2 5 1 2930 5326 8422
14580 2 2 5 1 4890 2790 7822
14581 2 2 5 1 666 1564 7828
14582 2 2 5 1 1763 612 7913
14583 2 2 5 1 3416 3414 7811
14584 2 2 5 1 589 591 7842
14585 2 2 5 1 8251 2210 8263
14586 2 2 5 1 4899 4898 8255
14587 2 2 5 1 4503 4876 7826
14588 2 2 5 1 7234 7740 7893
14589 2 2 5 1 5628 5631 7825
14590 2 2 5 1 3805 7789 7872
14591 2 2 5 1 8419 3649 8482
14592 2 2 5 1 8197 4567 8201
14593 2 2 5 1 581 698 7925
14594 2 2 5 1 4473 4728 7948
14595 2 2 5 1 7709 7390 7818
14596 2 2 5 1 6345 4325 7824
14597 2 2 5 1 7768 4817 7775
14598 2 2 5 1 4197 7256 7975
14599 2 2 5 1 772 770 7780
14600 2 2 5 1 7163 4831 7817
14601 2 2 5 1 7269 7322 7805
14602 2 2 5 1 7489 7493 7833
14603 2 2 5 1 6983 792 7827
14604 2 2 5 1 4579 4578 8215
14605 2 2 5 1 6472 6467 8027
14606 2 2 5 1 4828 4829 7829
14607 2 2 5 1 7803 4276 7823
14608 2 2 5 1 6165 7976 7991
14609 2 2 5 1 415 414 7977
14610 2 2 5 1 4276 7225 7823
14611 2 2 5 1 2998 3404 7834
14612 2 2 5 1 4445 7131 8476
14613 2 2 5 1 457 5674 7810
14614 2 2 5 1 6962 4243 7831
14615 2 2 5 1 6047 6045 7837
14616 2 2 5 1 7831 4243 7840
14617 2 2 5 1 6051 1530 7832
14618 2 2 5 1 5776 5775 8126
14619 2 2 5 1 7152 3815 7882
14620 2 2 5 1 5895 5404 7902
14621 2 2 5 1 5959 4909 8620
14622 2 2 5 1 7464 3582 7804
14623 2 2 5 1 628 626 7856
14624 2 2 5 1 2807 3471 7910
14625 2 2 5 1 7549 3665 7849
14626 2 2 5 1 3663 7548 7848
14627 2 2 5 1 5024 4471 7997
14628 2 2 5 1 6665 7835 7882
14629 2 2 5 1 4217 4219 8114
14630 2 2 5 1 718 949 7836
14631 2 2 5 1 614 1763 7930
14632 2 2 5 1 4467 3881 7839
14633 2 2 5 1 8049 4524 8306
14634 2 2 5 1 1590 577 7927
14635 2 2 5 1 3327 3326 7945
14636 2 2 5 1 3329 3330 7946
14637 2 2 5 1 7817 2686 7850
14638 2 2 5 1 2775 1832 7966
14639 2 2 5 1 4243 4413 7840
14640 2 2 5 1 7929 5964 7959
14641 2 2 5 1 4579 8215 8219
14642 2 2 5 1 4750 7846 7926
14643 2 2 5 1 4218 4217 8124
14644 2 2 5 1 62 63 7984
14645 2 2 5 1 5657 4982 8436
14646 2 2 5 1 1369 7812 7894
14647 2 2 5 1 5309 4540 7982
14648 2 2 5 1 6526 6527 7844
14649 2 2 5 1 5672 3463 8820
14650 2 2 5 1 5652 7242 7841
14651 2 2 5 1 5032 393 7961
14652 2 2 5 1 3113 7089 7830
14653 2 2 5 1 5117 5202 7843
14654 2 2 5 1 591 7813 7842
14655 2 2 5 1 7163 7817 7850
14656 2 2 5 1 5140 5143 7987
14657 2 2 5 1 5758 5757 8122
14658 2 2 5 1 5127 5126 7845
14659 2 2 5 1 4434 4825 7846
14660 2 2 5 1 1741 1842 7966
14661 2 2 5 1 3963 5047 8171
14662 2 2 5 1 718 7836 7859
14663 2 2 5 1 5146 5142 7987
14664 2 2 5 1 7191 7764 7869
14665 2 2 5 1 6665 7142 7835
14666 2 2 5 1 5297 4912 8499
14667 2 2 5 1 2721 5539 7944
14668 2 2 5 1 3399 7633 7807
14669 2 2 5 1 1319 7008 7986
14670 2 2 5 1 4438 4437 7852
14671 2 2 5 1 4467 7839 7853
14672 2 2 5 1 5326 8445 8535
14673 2 2 5 1 6297 4262 8184
14674 2 2 5 1 7762 5334 7876
14675 2 2 5 1 8577 6545 8625
14676 2 2 5 1 3113 7830 7865
14677 2 2 5 1 4905 4467 7853
14678 2 2 5 1 2249 8252 8254
14679 2 2 5 1 7893 7114 7932
14680 2 2 5 1 5595 661 8084
14681 2 2 5 1 4416 7745 7847
14682 2 2 5 1 709 735 7887
14683 2 2 5 1 4905 8162 8166
14684 2 2 5 1 8262 4585 8722
14685 2 2 5 1 7852 4437 7861
14686 2 2 5 1 697 618 7949
14687 2 2 5 1 486 214 7999
14688 2 2 5 1 215 2564 7999
14689 2 2 5 1 4635 5397 7858
14690 2 2 5 1 3162 6612 8010
14691 2 2 5 1 8176 4556 8183
14692 2 2 5 1 7114 4464 7932
14693 2 2 5 1 4562 7866 7871
14694 2 2 5 1 4562 4561 7866
14695 2 2 5 1 7260 7489 7833
14696 2 2 5 1 7833 3814 7907
14697 2 2 5 1 660 718 7859
14698 2 2 5 1 7838 628 7856
14699 2 2 5 1 7390 4432 7818
14700 2 2 5 1 2758 549 7721
14701 2 2 5 1 7858 5397 7867
14702 2 2 5 1 6442 6440 8002
14703 2 2 5 1 4437 7047 7861
14704 2 2 5 1 6438 6436 8007
14705 2 2 5 1 5448 7956 8644
14706 2 2 5 1 1227 1225 7988
14707 2 2 5 1 6437 6438 8002
14708 2 2 5 1 6431 6433 8007
14709 2 2 5 1 4567 4299 7864
14710 2 2 5 1 2429 5374 8369
14711 2 2 5 1 7465 3399 7807
14712 2 2 5 1 6568 3300 8528
14713 2 2 5 1 6441 6442 8003
14714 2 2 5 1 4896 6525 8415
14715 2 2 5 1 4960 4562 7871
14716 2 2 5 1 1231 1228 7990
14717 2 2 5 1 4472 3842 7994
14718 2 2 5 1 6207 5133 8340
14719 2 2 5 1 4542 5600 7879
14720 2 2 5 1 5397 7086 7867
14721 2 2 5 1 5913 7734 8082
14722 2 2 5 1 5429 6269 8586
14723 2 2 5 1 8050 4530 8322
14724 2 2 5 1 3780 3113 7865
14725 2 2 5 1 770 7647 7780
14726 2 2 5 1 4462 6321 7907
14727 2 2 5 1 7386 8109 8216
14728 2 2 5 1 6810 4548 7870
14729 2 2 5 1 2686 7302 7850
14730 2 2 5 1 7493 3814 7833
14731 2 2 5 1 3377 3633 8001
14732 2 2 5 1 4611 6888 8510
14733 2 2 5 1 3635 3374 8001
14734 2 2 5 1 3372 3635 8006
14735 2 2 5 1 7044 7466 7876
14736 2 2 5 1 3636 3368 8006
14737 2 2 5 1 5519 464 8629
14738 2 2 5 1 4219 8093 8114
14739 2 2 5 1 1736 1735 7863
14740 2 2 5 1 3832 3835 7985
14741 2 2 5 1 3366 3636 8009
14742 2 2 5 1 7873 4435 7878
14743 2 2 5 1 3557 3360 8011
14744 2 2 5 1 6494 6460 8025
14745 2 2 5 1 4832 3810 7875
14746 2 2 5 1 6491 6488 8019
14747 2 2 5 1 3815 7254 7868
14748 2 2 5 1 8399 7425 8419
14749 2 2 5 1 5793 1819 8087
14750 2 2 5 1 5612 7375 7901
14751 2 2 5 1 4217 8114 8124
14752 2 2 5 1 4406 7465 7807
14753 2 2 5 1 7047 4435 7873
14754 2 2 5 1 4825 7820 7846
14755 2 2 5 1 7861 7047 7873
14756 2 2 5 1 4435 3647 7878
14757 2 2 5 1 4845 8751 8805
14758 2 2 5 1 1238 1236 8008
14759 2 2 5 1 6457 6458 8025
14760 2 2 5 1 4218 8124 8133
14761 2 2 5 1 1616 1930 8030
14762 2 2 5 1 2527 1618 8030
14763 2 2 5 1 4451 4433 7874
14764 2 2 5 1 4637 3663 7848
14765 2 2 5 1 3665 4638 7849
14766 2 2 5 1 2722 242 8032
14767 2 2 5 1 243 785 8032
14768 2 2 5 1 5036 4416 7847
14769 2 2 5 1 5970 5973 7880
14770 2 2 5 1 7807 5792 7967
14771 2 2 5 1 6464 6465 8027
14772 2 2 5 1 7878 3647 7881
14773 2 2 5 1 7315 7191 7869
14774 2 2 5 1 8043 4533 8330
14775 2 2 5 1 7788 3716 7792
14776 2 2 5 1 6600 6601 8046
14777 2 2 5 1 4096 6169 8078
14778 2 2 5 1 3556 3348 8021
14779 2 2 5 1 3522 4758 8041
14780 2 2 5 1 6453 6452 8042
14781 2 2 5 1 1660 103 7712
14782 2 2 5 1 12 1661 7630
14783 2 2 5 1 6664 6665 7882
14784 2 2 5 1 3647 4546 7881
14785 2 2 5 1 3314 3551 8024
14786 2 2 5 1 3550 3309 8026
14787 2 2 5 1 4525 4351 8039
14788 2 2 5 1 289 290 7883
14789 2 2 5 1 2717 7762 7876
14790 2 2 5 1 3645 3102 8031
14791 2 2 5 1 3307 3550 8031
14792 2 2 5 1 3358 3557 8029
14793 2 2 5 1 6593 6592 8046
14794 2 2 5 1 3346 3556 8033
14795 2 2 5 1 7926 6839 7978
14796 2 2 5 1 531 260 8045
14797 2 2 5 1 6166 7801 7976
14798 2 2 5 1 261 2592 8045
14799 2 2 5 1 3321 3553 8036
14800 2 2 5 1 7269 7805 7896
14801 2 2 5 1 1715 7150 8174
14802 2 2 5 1 3333 3555 8038
14803 2 2 5 1 1349 6839 7926
14804 2 2 5 1 6434 6435 8016
14805 2 2 5 1 3964 3520 8044
14806 2 2 5 1 6484 6485 8019
14807 2 2 5 1 6470 6471 8028
14808 2 2 5 1 3657 4533 8043
14809 2 2 5 1 3806 3805 7872
14810 2 2 5 1 188 189 8054
14811 2 2 5 1 4546 5221 8035
14812 2 2 5 1 4350 4524 8049
14813 2 2 5 1 3519 3964 8048
14814 2 2 5 1 4532 3655 8043
14815 2 2 5 1 7811 5127 7845
14816 2 2 5 1 3191 5577 8193
14817 2 2 5 1 6850 3059 8039
14818 2 2 5 1 4547 6967 8034
14819 2 2 5 1 3820 4530 8050
14820 2 2 5 1 7432 7727 7886
14821 2 2 5 1 6477 6478 8022
14822 2 2 5 1 4182 7262 8095
14823 2 2 5 1 3551 3316 8053
14824 2 2 5 1 7274 4186 8096
14825 2 2 5 1 6743 6742 8061
14826 2 2 5 1 6744 6745 8061
14827 2 2 5 1 1932 270 8064
14828 2 2 5 1 4464 7093 7955
14829 2 2 5 1 3555 3335 8057
14830 2 2 5 1 7765 4439 7877
14831 2 2 5 1 4741 4210 8063
14832 2 2 5 1 3518 4520 8062
14833 2 2 5 1 4213 4206 8062
14834 2 2 5 1 4208 4213 8063
14835 2 2 5 1 7972 6200 7994
14836 2 2 5 1 1177 1369 7894
14837 2 2 5 1 3553 3323 8059
14838 2 2 5 1 3404 7829 7834
14839 2 2 5 1 8195 5360 8694
14840 2 2 5 1 5255 4134 8358
14841 2 2 5 1 194 1264 8067
14842 2 2 5 1 2596 193 8067
14843 2 2 5 1 585 587 7892
14844 2 2 5 1 4029 4623 7890
14845 2 2 5 1 4488 6961 8091
14846 2 2 5 1 4924 8525 8533
14847 2 2 5 1 5367 6099 8278
14848 2 2 5 1 7466 2717 7876
14849 2 2 5 1 5352 8196 8695
14850 2 2 5 1 5404 7673 7902
14851 2 2 5 1 7579 7625 7885
14852 2 2 5 1 5311 555 8485
14853 2 2 5 1 7548 5922 7848
14854 2 2 5 1 5923 7549 7849
14855 2 2 5 1 7222 4462 7957
14856 2 2 5 1 4439 7583 7877
14857 2 2 5 1 4983 8118 8700
14858 2 2 5 1 5322 4772 8129
14859 2 2 5 1 6118 4151 8077
14860 2 2 5 1 4840 7872 7905
14861 2 2 5 1 6169 2484 8119
14862 2 2 5 1 4770 5323 8131
14863 2 2 5 1 624 622 7898
14864 2 2 5 1 8273 1173 8682
14865 2 2 5 1 8530 4389 8533
14866 2 2 5 1 3209 6116 8073
14867 2 2 5 1 7932 4464 7955
14868 2 2 5 1 5643 5645 7931
14869 2 2 5 1 7102 7749 7910
14870 2 2 5 1 7338 1060 7974
14871 2 2 5 1 105 106 7711
14872 2 2 5 1 9 10 7713
14873 2 2 5 1 7824 5945 7904
14874 2 2 5 1 4471 7960 7997
14875 2 2 5 1 3990 3991 7895
14876 2 2 5 1 6872 4853 8414
14877 2 2 5 1 7844 4438 7852
14878 2 2 5 1 6201 6200 7972
14879 2 2 5 1 7845 5126 7919
14880 2 2 5 1 2811 128 8100
14881 2 2 5 1 4890 7822 8230
14882 2 2 5 1 5084 5085 7984
14883 2 2 5 1 4468 709 7887
14884 2 2 5 1 2531 6447 8224
14885 2 2 5 1 7222 7957 7985
14886 2 2 5 1 8292 5110 8655
14887 2 2 5 1 7573 4906 7884
14888 2 2 5 1 129 491 8100
14889 2 2 5 1 2683 6345 7904
14890 2 2 5 1 6156 6155 7900
14891 2 2 5 1 610 608 7897
14892 2 2 5 1 4365 7432 7886
14893 2 2 5 1 5380 7573 7884
14894 2 2 5 1 7668 3166 7939
14895 2 2 5 1 3000 7425 8399
14896 2 2 5 1 1062 7321 7981
14897 2 2 5 1 7955 7093 7975
14898 2 2 5 1 812 6529 8018
14899 2 2 5 1 6344 8290 8790
14900 2 2 5 1 5771 5772 8113
14901 2 2 5 1 7455 3454 7888
14902 2 2 5 1 1736 7863 7899
14903 2 2 5 1 287 288 7993
14904 2 2 5 1 4449 7963 8383
14905 2 2 5 1 2009 1906 8051
14906 2 2 5 1 1916 2008 8052
14907 2 2 5 1 4143 7090 8079
14908 2 2 5 1 4365 7886 7912
14909 2 2 5 1 4389 4924 8533
14910 2 2 5 1 7335 4301 8041
14911 2 2 5 1 4219 7808 8093
14912 2 2 5 1 7625 4440 7885
14913 2 2 5 1 67 68 7906
14914 2 2 5 1 583 585 7908
14915 2 2 5 1 5231 4605 8014
14916 2 2 5 1 4608 5233 8015
14917 2 2 5 1 466 5440 8257
14918 2 2 5 1 1060 1006 7974
14919 2 2 5 1 2931 6018 8157
14920 2 2 5 1 5242 3611 8077
14921 2 2 5 1 5095 8294 8720
14922 2 2 5 1 3686 4393 8081
14923 2 2 5 1 500 5764 7916
14924 2 2 5 1 7865 4832 7875
14925 2 2 5 1 469 7940 8771
14926 2 2 5 1 661 663 8084
14927 2 2 5 1 4835 2798 7905
14928 2 2 5 1 3146 7234 7893
14929 2 2 5 1 4742 5266 7909
14930 2 2 5 1 5724 4526 7915
14931 2 2 5 1 585 7892 7908
14932 2 2 5 1 1739 1736 7899
14933 2 2 5 1 781 812 8018
14934 2 2 5 1 7034 2789 8088
14935 2 2 5 1 5756 5755 8122
14936 2 2 5 1 3588 3816 7911
14937 2 2 5 1 3459 7269 7896
14938 2 2 5 1 5273 7600 8056
14939 2 2 5 1 4433 7832 7874
14940 2 2 5 1 3848 7163 7903
14941 2 2 5 1 3830 7579 7885
14942 2 2 5 1 622 620 7914
14943 2 2 5 1 7839 3880 8176
14944 2 2 5 1 6068 3209 8085
14945 2 2 5 1 8601 761 8656
14946 2 2 5 1 881 908 7901
14947 2 2 5 1 1008 1062 7981
14948 2 2 5 1 7888 4441 8013
14949 2 2 5 1 7910 3471 7960
14950 2 2 5 1 6663 6664 7929
14951 2 2 5 1 5635 5646 7921
14952 2 2 5 1 6127 8266 8721
14953 2 2 5 1 5991 4812 7922
14954 2 2 5 1 7585 4441 7888
14955 2 2 5 1 1563 5680 7931
14956 2 2 5 1 612 610 7913
14957 2 2 5 1 7898 622 7914
14958 2 2 5 1 7850 4572 7903
14959 2 2 5 1 5645 1563 7931
14960 2 2 5 1 3528 5318 8802
14961 2 2 5 1 4954 4609 8015
14962 2 2 5 1 4606 4953 8014
14963 2 2 5 1 3209 8073 8085
14964 2 2 5 1 1266 7969 8023
14965 2 2 5 1 3459 7896 7918
14966 2 2 5 1 5604 4983 8257
14967 2 2 5 1 5784 3191 8193
14968 2 2 5 1 7877 7583 7924
14969 2 2 5 1 104 3075 7712
14970 2 2 5 1 3074 11 7630
14971 2 2 5 1 4859 4365 7912
14972 2 2 5 1 509 6 8511
14973 2 2 5 1 6345 7824 7904
14974 2 2 5 1 3193 539 8117
14975 2 2 5 1 5945 5944 7920
14976 2 2 5 1 24 496 8069
14977 2 2 5 1 495 91 8070
14978 2 2 5 1 1682 5881 8672
14979 2 2 5 1 5018 7938 8772
14980 2 2 5 1 552 609 8117
14981 2 2 5 1 3814 7421 7907
14982 2 2 5 1 2813 23 8069
14983 2 2 5 1 92 2814 8070
14984 2 2 5 1 2401 5391 8338
14985 2 2 5 1 5390 2378 8337
14986 2 2 5 1 4406 7807 7967
14987 2 2 5 1 5421 3193 8117
14988 2 2 5 1 6156 8179 8189
14989 2 2 5 1 6579 7884 8611
14990 2 2 5 1 8567 546 8606
14991 2 2 5 1 6689 4514 7923
14992 2 2 5 1 6714 503 8169
14993 2 2 5 1 5126 5128 7919
14994 2 2 5 1 7561 42 8111
14995 2 2 5 1 7846 1349 7926
14996 2 2 5 1 5764 2448 8175
14997 2 2 5 1 3637 3460 8075
14998 2 2 5 1 5825 802 8076
14999 2 2 5 1 611 1558 8074
15000 2 2 5 1 5326 2930 8445
15001 2 2 5 1 7552 4537 7986
15002 2 2 5 1 3146 7893 7932
15003 2 2 5 1 6047 7837 8132
15004 2 2 5 1 579 581 7925
15005 2 2 5 1 577 579 7927
15006 2 2 5 1 5176 5175 8165
15007 2 2 5 1 7692 2694 8239
15008 2 2 5 1 1559 5689 8160
15009 2 2 5 1 4528 3819 8094
15010 2 2 5 1 610 7897 7913
15011 2 2 5 1 7348 4510 7996
15012 2 2 5 1 625 627 7933
15013 2 2 5 1 8275 5861 8782
15014 2 2 5 1 7340 3459 7918
15015 2 2 5 1 1963 2807 7910
15016 2 2 5 1 4497 4984 8118
15017 2 2 5 1 7298 7926 7978
15018 2 2 5 1 7298 4750 7926
15019 2 2 5 1 2762 5707 7950
15020 2 2 5 1 7920 5944 7935
15021 2 2 5 1 7413 4569 8139
15022 2 2 5 1 7626 7585 7888
15023 2 2 5 1 7455 7888 8013
15024 2 2 5 1 4567 7864 8201
15025 2 2 5 1 7885 4440 7939
15026 2 2 5 1 7147 4498 8092
15027 2 2 5 1 616 614 7930
15028 2 2 5 1 2559 6576 8719
15029 2 2 5 1 5462 5463 8562
15030 2 2 5 1 4596 4430 7928
15031 2 2 5 1 5687 5685 8160
15032 2 2 5 1 5376 5001 7937
15033 2 2 5 1 5837 3965 8826
15034 2 2 5 1 704 731 7934
15035 2 2 5 1 7904 5945 7920
15036 2 2 5 1 5433 4841 8134
15037 2 2 5 1 3803 4523 8092
15038 2 2 5 1 5304 7420 8005
15039 2 2 5 1 7212 1716 8229
15040 2 2 5 1 8308 6244 8797
15041 2 2 5 1 7327 3146 7932
15042 2 2 5 1 4924 7761 8525
15043 2 2 5 1 195 196 7936
15044 2 2 5 1 5550 8368 8522
15045 2 2 5 1 4498 3801 8092
15046 2 2 5 1 7966 5435 8089
15047 2 2 5 1 8367 5546 8515
15048 2 2 5 1 4492 5983 8127
15049 2 2 5 1 7467 2721 7944
15050 2 2 5 1 1556 7147 8112
15051 2 2 5 1 4905 7853 8162
15052 2 2 5 1 43 2738 8111
15053 2 2 5 1 5741 573 8121
15054 2 2 5 1 783 5992 8332
15055 2 2 5 1 280 281 7938
15056 2 2 5 1 415 7977 8359
15057 2 2 5 1 5751 5749 8354
15058 2 2 5 1 5944 6039 7935
15059 2 2 5 1 4513 6202 8125
15060 2 2 5 1 82 1383 8107
15061 2 2 5 1 1382 33 8108
15062 2 2 5 1 4516 5064 8123
15063 2 2 5 1 3059 6876 8101
15064 2 2 5 1 3637 8075 8386
15065 2 2 5 1 391 390 7940
15066 2 2 5 1 7862 4483 8299
15067 2 2 5 1 8199 4564 8207
15068 2 2 5 1 3454 7626 7888
15069 2 2 5 1 4197 7975 8004
15070 2 2 5 1 6562 3066 8128
15071 2 2 5 1 4462 7907 7957
15072 2 2 5 1 4686 5547 8380
15073 2 2 5 1 4564 6969 8207
15074 2 2 5 1 3198 3952 8128
15075 2 2 5 1 579 7925 7927
15076 2 2 5 1 5167 5411 8250
15077 2 2 5 1 5492 5491 8352
15078 2 2 5 1 6757 2531 8224
15079 2 2 5 1 191 192 7941
15080 2 2 5 1 4459 4891 8137
15081 2 2 5 1 5966 7561 8111
15082 2 2 5 1 1604 1602 7942
15083 2 2 5 1 7935 6039 7952
15084 2 2 5 1 4423 8502 8514
15085 2 2 5 1 3610 3632 7943
15086 2 2 5 1 802 774 8076
15087 2 2 5 1 7868 5964 7929
15088 2 2 5 1 4878 7692 8239
15089 2 2 5 1 1557 7413 8139
15090 2 2 5 1 792 768 7947
15091 2 2 5 1 6099 6101 8278
15092 2 2 5 1 5065 6804 8429
15093 2 2 5 1 7872 4835 7905
15094 2 2 5 1 7583 3576 7924
15095 2 2 5 1 2855 5247 8798
15096 2 2 5 1 5247 2174 8798
15097 2 2 5 1 3810 3385 8132
15098 2 2 5 1 3300 6569 8534
15099 2 2 5 1 4474 4473 7948
15100 2 2 5 1 5782 4523 8154
15101 2 2 5 1 7944 4947 8109
15102 2 2 5 1 8008 4904 8168
15103 2 2 5 1 6157 7851 8155
15104 2 2 5 1 7990 4891 8153
15105 2 2 5 1 621 7954 7965
15106 2 2 5 1 3056 6231 8302
15107 2 2 5 1 6039 4377 7952
15108 2 2 5 1 2741 6764 8068
15109 2 2 5 1 8207 6969 8211
15110 2 2 5 1 162 163 8143
15111 2 2 5 1 618 616 7949
15112 2 2 5 1 7869 6201 7972
15113 2 2 5 1 2727 1829 7951
15114 2 2 5 1 6612 2741 8055
15115 2 2 5 1 5694 7978 7995
15116 2 2 5 1 4472 7994 8010
15117 2 2 5 1 7999 2564 8437
15118 2 2 5 1 2946 6041 8162
15119 2 2 5 1 800 5377 8503
15120 2 2 5 1 7970 424 8377
15121 2 2 5 1 2009 8051 8097
15122 2 2 5 1 8052 2008 8099
15123 2 2 5 1 5964 4858 7959
15124 2 2 5 1 7864 7352 8215
15125 2 2 5 1 621 623 7954
15126 2 2 5 1 7546 6297 8133
15127 2 2 5 1 616 7930 7949
15128 2 2 5 1 7604 2720 8000
15129 2 2 5 1 29 459 8141
15130 2 2 5 1 377 376 8151
15131 2 2 5 1 460 86 8142
15132 2 2 5 1 7822 3768 8243
15133 2 2 5 1 7413 5785 8193
15134 2 2 5 1 7163 7850 7903
15135 2 2 5 1 8136 5810 8159
15136 2 2 5 1 8178 3153 8225
15137 2 2 5 1 1270 1233 8153
15138 2 2 5 1 5694 7298 7978
15139 2 2 5 1 3834 4550 8120
15140 2 2 5 1 7327 7932 7955
15141 2 2 5 1 1012 1136 8188
15142 2 2 5 1 6969 5041 8211
15143 2 2 5 1 5850 8492 8500
15144 2 2 5 1 2720 7454 8000
15145 2 2 5 1 8163 8712 8828
15146 2 2 5 1 1789 7889 8084
15147 2 2 5 1 8012 4230 8048
15148 2 2 5 1 5914 783 8327
15149 2 2 5 1 5322 8195 8694
15150 2 2 5 1 530 6142 8233
15151 2 2 5 1 4602 5109 8115
15152 2 2 5 1 7315 7869 7972
15153 2 2 5 1 573 575 8121
15154 2 2 5 1 6291 7029 8166
15155 2 2 5 1 8089 5004 8098
15156 2 2 5 1 4466 4904 8161
15157 2 2 5 1 7952 4377 7969
15158 2 2 5 1 4423 4293 7953
15159 2 2 5 1 2243 3093 8187
15160 2 2 5 1 8196 5323 8695
15161 2 2 5 1 2615 28 8141
15162 2 2 5 1 1092 5839 8309
15163 2 2 5 1 87 2614 8142
15164 2 2 5 1 619 621 7965
15165 2 2 5 1 4663 4809 8093
15166 2 2 5 1 393 392 7961
15167 2 2 5 1 378 471 7956
15168 2 2 5 1 1334 1095 8200
15169 2 2 5 1 3605 2931 8157
15170 2 2 5 1 5850 5849 8492
15171 2 2 5 1 64 65 8165
15172 2 2 5 1 4418 7467 7944
15173 2 2 5 1 8055 2741 8068
15174 2 2 5 1 4719 3013 8172
15175 2 2 5 1 3668 4024 8171
15176 2 2 5 1 5840 4392 8177
15177 2 2 5 1 3576 3502 8136
15178 2 2 5 1 5686 5687 8242
15179 2 2 5 1 5692 5694 7995
15180 2 2 5 1 271 272 8072
15181 2 2 5 1 2465 5914 8323
15182 2 2 5 1 78 79 7964
15183 2 2 5 1 6406 1378 7959
15184 2 2 5 1 705 1566 7962
15185 2 2 5 1 4541 6424 8146
15186 2 2 5 1 2300 2299 8167
15187 2 2 5 1 4470 7102 7960
15188 2 2 5 1 4440 7668 7939
15189 2 2 5 1 2794 7024 8167
15190 2 2 5 1 1908 7814 8051
15191 2 2 5 1 36 37 7968
15192 2 2 5 1 7815 1918 8052
15193 2 2 5 1 8751 5674 8805
15194 2 2 5 1 7085 4218 8164
15195 2 2 5 1 7800 2559 8719
15196 2 2 5 1 5060 5185 8689
15197 2 2 5 1 4992 7214 8169
15198 2 2 5 1 4265 7972 7994
15199 2 2 5 1 7557 4418 8109
15200 2 2 5 1 4554 4588 8173
15201 2 2 5 1 5239 4625 7958
15202 2 2 5 1 4910 5299 8537
15203 2 2 5 1 5041 5042 8214
15204 2 2 5 1 4472 8010 8055
15205 2 2 5 1 3013 2220 8183
15206 2 2 5 1 7957 3831 7985
15207 2 2 5 1 7301 8140 8612
15208 2 2 5 1 288 2557 7993
15209 2 2 5 1 7907 7421 7957
15210 2 2 5 1 4645 5240 8352
15211 2 2 5 1 6402 2618 8192
15212 2 2 5 1 3841 3606 8130
15213 2 2 5 1 6749 4819 8365
15214 2 2 5 1 7102 7910 7960
15215 2 2 5 1 4298 3482 8179
15216 2 2 5 1 5577 4595 8158
15217 2 2 5 1 5139 5148 8180
15218 2 2 5 1 4858 4857 7989
15219 2 2 5 1 1832 1741 7966
15220 2 2 5 1 7076 4556 8176
15221 2 2 5 1 4873 7839 8176
15222 2 2 5 1 3782 7217 8155
15223 2 2 5 1 3920 4399 8236
15224 2 2 5 1 3095 6124 8197
15225 2 2 5 1 4578 3187 8201
15226 2 2 5 1 8211 5041 8214
15227 2 2 5 1 480 425 7970
15228 2 2 5 1 7421 3831 7957
15229 2 2 5 1 4523 4408 8154
15230 2 2 5 1 3562 4564 8189
15231 2 2 5 1 7301 3617 8140
15232 2 2 5 1 2750 7327 7955
15233 2 2 5 1 4544 5692 8020
15234 2 2 5 1 1144 1334 8227
15235 2 2 5 1 8327 783 8332
15236 2 2 5 1 6664 7868 7929
15237 2 2 5 1 5811 5810 8148
15238 2 2 5 1 4898 5912 8225
15239 2 2 5 1 2448 5787 8170
15240 2 2 5 1 3326 3924 7945
15241 2 2 5 1 3923 3329 7946
15242 2 2 5 1 2750 7955 7975
15243 2 2 5 1 3619 4601 8140
15244 2 2 5 1 4377 4491 7969
15245 2 2 5 1 3282 6366 8212
15246 2 2 5 1 4413 6950 7973
15247 2 2 5 1 4490 4406 7967
15248 2 2 5 1 5024 7997 8083
15249 2 2 5 1 6712 6884 8486
15250 2 2 5 1 5294 478 8800
15251 2 2 5 1 5526 5527 8609
15252 2 2 5 1 7150 5223 8174
15253 2 2 5 1 7940 5717 8771
15254 2 2 5 1 8163 4927 8231
15255 2 2 5 1 5032 8103 8511
15256 2 2 5 1 367 366 8203
15257 2 2 5 1 3917 5319 8448
15258 2 2 5 1 6447 6446 8224
15259 2 2 5 1 6529 5316 8018
15260 2 2 5 1 2058 6156 8199
15261 2 2 5 1 7959 4858 7989
15262 2 2 5 1 8237 5213 8610
15263 2 2 5 1 5337 5741 8121
15264 2 2 5 1 3340 3341 8208
15265 2 2 5 1 2970 2300 8205
15266 2 2 5 1 5671 3597 8336
15267 2 2 5 1 7804 3582 7963
15268 2 2 5 1 4923 6843 8566
15269 2 2 5 1 6839 2487 7978
15270 2 2 5 1 4544 8020 8066
15271 2 2 5 1 5385 6807 8353
15272 2 2 5 1 582 997 8261
15273 2 2 5 1 414 484 7977
15274 2 2 5 1 5658 4893 8371
15275 2 2 5 1 6119 4576 8209
15276 2 2 5 1 482 5327 8469
15277 2 2 5 1 5903 5976 7980
15278 2 2 5 1 3501 3084 8222
15279 2 2 5 1 5246 7881 8035
15280 2 2 5 1 8473 5543 8701
15281 2 2 5 1 6607 4502 8823
15282 2 2 5 1 3075 105 7711
15283 2 2 5 1 10 3074 7713
15284 2 2 5 1 7256 2750 7975
15285 2 2 5 1 5096 4506 7979
15286 2 2 5 1 4591 3848 8182
15287 2 2 5 1 5692 7995 8020
15288 2 2 5 1 6156 7900 8179
15289 2 2 5 1 4480 4481 7983
15290 2 2 5 1 4502 3197 8213
15291 2 2 5 1 5363 651 8218
15292 2 2 5 1 3065 3175 8213
15293 2 2 5 1 4994 4993 8210
15294 2 2 5 1 8323 5914 8327
15295 2 2 5 1 5990 1267 8262
15296 2 2 5 1 7989 4857 8017
15297 2 2 5 1 4265 7315 7972
15298 2 2 5 1 1006 2937 7974
15299 2 2 5 1 5527 5528 8788
15300 2 2 5 1 7978 2487 7995
15301 2 2 5 1 6406 7959 7989
15302 2 2 5 1 4540 5043 7982
15303 2 2 5 1 959 7361 7976
15304 2 2 5 1 5843 2465 8315
15305 2 2 5 1 5982 3845 8460
15306 2 2 5 1 6241 3535 8230
15307 2 2 5 1 6953 5268 8480
15308 2 2 5 1 5984 4560 8239
15309 2 2 5 1 2973 3828 8185
15310 2 2 5 1 63 465 7984
15311 2 2 5 1 5285 5287 8349
15312 2 2 5 1 6743 8062 8279
15313 2 2 5 1 1558 5681 7992
15314 2 2 5 1 5544 4810 8400
15315 2 2 5 1 4605 4606 8014
15316 2 2 5 1 4609 4608 8015
15317 2 2 5 1 1370 7034 8219
15318 2 2 5 1 2725 3153 8178
15319 2 2 5 1 3531 4235 8232
15320 2 2 5 1 651 605 8218
15321 2 2 5 1 5435 5004 8089
15322 2 2 5 1 5673 8471 8507
15323 2 2 5 1 5142 5140 7987
15324 2 2 5 1 3889 4579 8228
15325 2 2 5 1 8691 6986 8752
15326 2 2 5 1 5163 5162 8298
15327 2 2 5 1 5324 4997 8210
15328 2 2 5 1 2618 406 8233
15329 2 2 5 1 5015 5485 8825
15330 2 2 5 1 405 530 8233
15331 2 2 5 1 1225 1319 7988
15332 2 2 5 1 4569 7413 8158
15333 2 2 5 1 2096 7444 8204
15334 2 2 5 1 4486 4544 8066
15335 2 2 5 1 7866 5818 8653
15336 2 2 5 1 5542 5543 8400
15337 2 2 5 1 1877 586 8267
15338 2 2 5 1 1228 1227 7990
15339 2 2 5 1 435 1497 8237
15340 2 2 5 1 4095 6406 7989
15341 2 2 5 1 48 1285 8238
15342 2 2 5 1 7814 4847 8051
15343 2 2 5 1 4848 7815 8052
15344 2 2 5 1 4991 5121 7993
15345 2 2 5 1 2069 1008 7981
15346 2 2 5 1 5439 6322 8446
15347 2 2 5 1 7976 7361 7991
15348 2 2 5 1 2983 2985 8244
15349 2 2 5 1 3842 4265 7994
15350 2 2 5 1 3831 3832 7985
15351 2 2 5 1 7332 4569 8158
15352 2 2 5 1 7837 3810 8132
15353 2 2 5 1 7982 5043 8676
15354 2 2 5 1 7232 5005 8254
15355 2 2 5 1 3980 5167 8250
15356 2 2 5 1 7690 4413 7973
15357 2 2 5 1 2101 1964 8191
15358 2 2 5 1 6646 6645 8286
15359 2 2 5 1 6053 759 8260
15360 2 2 5 1 5320 2866 8754
15361 2 2 5 1 54 1360 8245
15362 2 2 5 1 6851 2210 8251
15363 2 2 5 1 2709 5408 8304
15364 2 2 5 1 5440 4869 8257
15365 2 2 5 1 7991 4677 7998
15366 2 2 5 1 6730 8049 8306
15367 2 2 5 1 4597 5313 8247
15368 2 2 5 1 7361 4677 7991
15369 2 2 5 1 4920 4659 8342
15370 2 2 5 1 4657 4918 8341
15371 2 2 5 1 6552 1717 8549
15372 2 2 5 1 5193 7212 8229
15373 2 2 5 1 5043 6917 8250
15374 2 2 5 1 2487 6671 7995
15375 2 2 5 1 2254 1785 8285
15376 2 2 5 1 6241 7822 8243
15377 2 2 5 1 5255 3453 8258
15378 2 2 5 1 7960 3471 7997
15379 2 2 5 1 7808 4663 8093
15380 2 2 5 1 214 215 7999
15381 2 2 5 1 520 5843 8303
15382 2 2 5 1 2467 8017 8071
15383 2 2 5 1 1558 7917 8074
15384 2 2 5 1 2759 6965 8258
15385 2 2 5 1 4677 5335 7998
15386 2 2 5 1 4952 4589 8290
15387 2 2 5 1 6435 6493 8016
15388 2 2 5 1 7262 2009 8097
15389 2 2 5 1 8146 1270 8153
15390 2 2 5 1 2008 7274 8099
15391 2 2 5 1 4128 3752 8259
15392 2 2 5 1 5457 5458 8484
15393 2 2 5 1 5456 5455 8483
15394 2 2 5 1 4578 7864 8215
15395 2 2 5 1 3504 7348 7996
15396 2 2 5 1 4095 7989 8017
15397 2 2 5 1 265 266 8265
15398 2 2 5 1 5080 4587 8273
15399 2 2 5 1 5271 7689 8145
15400 2 2 5 1 7853 2946 8162
15401 2 2 5 1 5286 498 8301
15402 2 2 5 1 3504 7996 8005
15403 2 2 5 1 7008 7552 7986
15404 2 2 5 1 5759 8716 8789
15405 2 2 5 1 5786 5056 8451
15406 2 2 5 1 4754 6244 8308
15407 2 2 5 1 401 1092 8309
15408 2 2 5 1 2519 3139 8280
15409 2 2 5 1 6440 6437 8002
15410 2 2 5 1 6436 6431 8007
15411 2 2 5 1 6444 6441 8003
15412 2 2 5 1 3374 3377 8001
15413 2 2 5 1 3878 4452 8256
15414 2 2 5 1 1436 1337 8271
15415 2 2 5 1 6626 6629 8276
15416 2 2 5 1 6035 6032 8313
15417 2 2 5 1 8315 2465 8323
15418 2 2 5 1 3368 3372 8006
15419 2 2 5 1 3888 4777 8266
15420 2 2 5 1 4152 4154 8292
15421 2 2 5 1 1236 1270 8008
15422 2 2 5 1 3362 3366 8009
15423 2 2 5 1 2908 2976 8281
15424 2 2 5 1 6961 6960 8102
15425 2 2 5 1 753 752 8283
15426 2 2 5 1 6599 8050 8322
15427 2 2 5 1 6364 6362 8288
15428 2 2 5 1 2448 8170 8175
15429 2 2 5 1 3644 6534 8290
15430 2 2 5 1 7688 5270 8149
15431 2 2 5 1 6200 3162 8010
15432 2 2 5 1 4253 6993 8266
15433 2 2 5 1 3360 3362 8011
15434 2 2 5 1 3362 8009 8011
15435 2 2 5 1 7939 3166 8082
15436 2 2 5 1 2414 6781 8294
15437 2 2 5 1 1280 5132 8202
15438 2 2 5 1 2857 6927 8292
15439 2 2 5 1 5329 482 8524
15440 2 2 5 1 7093 4477 8004
15441 2 2 5 1 5261 5263 8466
15442 2 2 5 1 5006 5003 8252
15443 2 2 5 1 7420 3504 8005
15444 2 2 5 1 2445 402 8309
15445 2 2 5 1 7530 1574 8324
15446 2 2 5 1 5123 6182 8387
15447 2 2 5 1 5893 5892 8453
15448 2 2 5 1 5087 3905 8289
15449 2 2 5 1 1693 7183 8371
15450 2 2 5 1 3441 3443 8289
15451 2 2 5 1 3983 4685 8299
15452 2 2 5 1 7689 7276 8145
15453 2 2 5 1 6960 7455 8013
15454 2 2 5 1 4549 5173 8437
15455 2 2 5 1 6231 6233 8302
15456 2 2 5 1 6671 1379 8020
15457 2 2 5 1 184 185 8293
15458 2 2 5 1 8078 6169 8094
15459 2 2 5 1 22 2813 8234
15460 2 2 5 1 2814 93 8235
15461 2 2 5 1 6453 8043 8330
15462 2 2 5 1 344 2429 8369
15463 2 2 5 1 7995 6671 8020
15464 2 2 5 1 459 5560 8756
15465 2 2 5 1 498 167 8301
15466 2 2 5 1 5554 460 8757
15467 2 2 5 1 8023 7514 8073
15468 2 2 5 1 3776 3963 8300
15469 2 2 5 1 7275 7688 8149
15470 2 2 5 1 168 2553 8301
15471 2 2 5 1 8689 5185 8692
15472 2 2 5 1 6488 6484 8019
15473 2 2 5 1 7851 3782 8155
15474 2 2 5 1 13 14 8268
15475 2 2 5 1 5892 2811 8058
15476 2 2 5 1 7340 7918 8086
15477 2 2 5 1 6158 4095 8017
15478 2 2 5 1 4486 8066 8078
15479 2 2 5 1 5453 4753 8308
15480 2 2 5 1 7416 21 8234
15481 2 2 5 1 94 7418 8235
15482 2 2 5 1 8109 4947 8216
15483 2 2 5 1 6481 6477 8022
15484 2 2 5 1 3348 3350 8021
15485 2 2 5 1 504 343 8369
15486 2 2 5 1 6460 6457 8025
15487 2 2 5 1 6467 6464 8027
15488 2 2 5 1 3311 3314 8024
15489 2 2 5 1 6474 6470 8028
15490 2 2 5 1 472 6579 8611
15491 2 2 5 1 7425 3649 8419
15492 2 2 5 1 3309 3311 8026
15493 2 2 5 1 8004 4477 8047
15494 2 2 5 1 8021 3350 8029
15495 2 2 5 1 1618 1616 8030
15496 2 2 5 1 3311 8024 8026
15497 2 2 5 1 8609 5527 8727
15498 2 2 5 1 3350 3358 8029
15499 2 2 5 1 3102 3307 8031
15500 2 2 5 1 1906 1908 8051
15501 2 2 5 1 1918 1916 8052
15502 2 2 5 1 8020 1379 8066
15503 2 2 5 1 62 7984 8638
15504 2 2 5 1 3337 3346 8033
15505 2 2 5 1 242 243 8032
15506 2 2 5 1 1859 5543 8473
15507 2 2 5 1 6967 3645 8034
15508 2 2 5 1 6038 3458 8362
15509 2 2 5 1 7454 4407 8000
15510 2 2 5 1 4870 7644 8637
15511 2 2 5 1 6599 6596 8312
15512 2 2 5 1 3318 3321 8036
15513 2 2 5 1 5492 1645 8411
15514 2 2 5 1 3471 7641 7997
15515 2 2 5 1 4804 5246 8037
15516 2 2 5 1 5746 4463 8386
15517 2 2 5 1 3325 3333 8038
15518 2 2 5 1 4904 4905 8168
15519 2 2 5 1 7004 907 8291
15520 2 2 5 1 8163 5030 8712
15521 2 2 5 1 6452 485 8042
15522 2 2 5 1 4351 6850 8039
15523 2 2 5 1 4773 5250 8040
15524 2 2 5 1 250 251 8314
15525 2 2 5 1 5752 2349 8809
15526 2 2 5 1 789 6715 8316
15527 2 2 5 1 3857 3331 8195
15528 2 2 5 1 4951 4957 8318
15529 2 2 5 1 6592 6600 8046
15530 2 2 5 1 3655 3657 8043
15531 2 2 5 1 3520 3522 8044
15532 2 2 5 1 3318 8036 8053
15533 2 2 5 1 260 261 8045
15534 2 2 5 1 609 611 8074
15535 2 2 5 1 7864 4578 8201
15536 2 2 5 1 3328 3859 8196
15537 2 2 5 1 889 7484 8291
15538 2 2 5 1 3337 8033 8057
15539 2 2 5 1 4230 3519 8048
15540 2 2 5 1 4395 4350 8049
15541 2 2 5 1 3597 452 8336
15542 2 2 5 1 7438 4321 8300
15543 2 2 5 1 5819 520 8287
15544 2 2 5 1 4301 3820 8050
15545 2 2 5 1 101 102 8296
15546 2 2 5 1 379 7956 8593
15547 2 2 5 1 7237 5077 8294
15548 2 2 5 1 3316 3318 8053
15549 2 2 5 1 6747 188 8054
15550 2 2 5 1 8000 4407 8065
15551 2 2 5 1 3325 8038 8059
15552 2 2 5 1 4491 7514 8023
15553 2 2 5 1 4854 7939 8082
15554 2 2 5 1 4423 7953 8502
15555 2 2 5 1 4477 4663 8047
15556 2 2 5 1 245 246 8325
15557 2 2 5 1 3335 3337 8057
15558 2 2 5 1 3994 5746 8373
15559 2 2 5 1 4479 7222 8144
15560 2 2 5 1 7094 4860 8334
15561 2 2 5 1 7975 7093 8004
15562 2 2 5 1 4758 7335 8041
15563 2 2 5 1 2449 5819 8274
15564 2 2 5 1 7900 4298 8179
15565 2 2 5 1 2201 5274 8430
15566 2 2 5 1 6449 1495 8354
15567 2 2 5 1 3323 3325 8059
15568 2 2 5 1 4441 7595 8013
15569 2 2 5 1 4734 5272 8060
15570 2 2 5 1 4536 4472 8055
15571 2 2 5 1 6742 6744 8061
15572 2 2 5 1 4206 3518 8062
15573 2 2 5 1 5443 6581 8478
15574 2 2 5 1 4210 4208 8063
15575 2 2 5 1 270 271 8064
15576 2 2 5 1 1865 6197 8568
15577 2 2 5 1 430 429 8202
15578 2 2 5 1 4844 5492 8454
15579 2 2 5 1 451 535 8336
15580 2 2 5 1 907 891 8291
15581 2 2 5 1 4297 5883 8389
15582 2 2 5 1 5427 470 8608
15583 2 2 5 1 5972 467 8708
15584 2 2 5 1 7682 433 8374
15585 2 2 5 1 5120 6197 8516
15586 2 2 5 1 2976 2975 8335
15587 2 2 5 1 3757 4334 8335
15588 2 2 5 1 7956 471 8644
15589 2 2 5 1 4988 5609 8392
15590 2 2 5 1 7822 6241 8230
15591 2 2 5 1 7951 6797 8822
15592 2 2 5 1 100 101 8311
15593 2 2 5 1 1330 781 8018
15594 2 2 5 1 193 194 8067
15595 2 2 5 1 4552 4614 8194
15596 2 2 5 1 6803 5053 8435
15597 2 2 5 1 5264 4892 8401
15598 2 2 5 1 5955 8420 8434
15599 2 2 5 1 23 24 8069
15600 2 2 5 1 91 92 8070
15601 2 2 5 1 7977 5057 8359
15602 2 2 5 1 7953 4291 8527
15603 2 2 5 1 4536 8055 8068
15604 2 2 5 1 5290 4859 8305
15605 2 2 5 1 653 7934 8563
15606 2 2 5 1 4806 6570 8409
15607 2 2 5 1 5951 6081 8358
15608 2 2 5 1 5301 5302 8460
15609 2 2 5 1 4941 8448 8538
15610 2 2 5 1 5977 3053 8413
15611 2 2 5 1 1848 2254 8360
15612 2 2 5 1 3175 2785 8343
15613 2 2 5 1 7969 4491 8023
15614 2 2 5 1 3661 7650 8275
15615 2 2 5 1 1274 6599 8322
15616 2 2 5 1 4552 8194 8206
15617 2 2 5 1 1379 6408 8066
15618 2 2 5 1 2650 6860 8343
15619 2 2 5 1 1529 5669 8805
15620 2 2 5 1 2562 6453 8330
15621 2 2 5 1 5387 4536 8068
15622 2 2 5 1 5153 5154 8345
15623 2 2 5 1 4006 7866 8653
15624 2 2 5 1 4993 4565 8331
15625 2 2 5 1 5828 8089 8098
15626 2 2 5 1 5994 5996 8378
15627 2 2 5 1 5905 3019 8763
15628 2 2 5 1 2592 6730 8306
15629 2 2 5 1 4395 8049 8056
15630 2 2 5 1 5846 8185 8221
15631 2 2 5 1 4857 4498 8071
15632 2 2 5 1 3020 5407 8767
15633 2 2 5 1 340 341 8372
15634 2 2 5 1 744 5994 8378
15635 2 2 5 1 7600 4395 8056
15636 2 2 5 1 3958 3960 8355
15637 2 2 5 1 5983 7988 8127
15638 2 2 5 1 6243 7970 8377
15639 2 2 5 1 7847 4776 8223
15640 2 2 5 1 5518 5520 8815
15641 2 2 5 1 8173 3013 8183
15642 2 2 5 1 14 15 8333
15643 2 2 5 1 6 5032 8511
15644 2 2 5 1 759 726 8378
15645 2 2 5 1 1281 416 8359
15646 2 2 5 1 5823 5825 8076
15647 2 2 5 1 7903 4573 8182
15648 2 2 5 1 5901 5902 8402
15649 2 2 5 1 1279 6743 8279
15650 2 2 5 1 4407 7544 8065
15651 2 2 5 1 4335 3811 8365
15652 2 2 5 1 4760 7286 8326
15653 2 2 5 1 4891 7990 8137
15654 2 2 5 1 4261 4567 8198
15655 2 2 5 1 5326 4911 8422
15656 2 2 5 1 6361 6360 8384
15657 2 2 5 1 5004 5006 8098
15658 2 2 5 1 6358 6359 8384
15659 2 2 5 1 6182 762 8387
15660 2 2 5 1 432 481 8374
15661 2 2 5 1 4703 4624 8381
15662 2 2 5 1 8303 5843 8315
15663 2 2 5 1 5433 462 8830
15664 2 2 5 1 511 1818 8749
15665 2 2 5 1 3967 3965 8344
15666 2 2 5 1 461 5434 8831
15667 2 2 5 1 5147 7682 8374
15668 2 2 5 1 423 1282 8377
15669 2 2 5 1 5173 7999 8437
15670 2 2 5 1 5955 5954 8420
15671 2 2 5 1 5775 5778 8126
15672 2 2 5 1 1806 2290 8443
15673 2 2 5 1 3460 4490 8075
15674 2 2 5 1 8287 520 8303
15675 2 2 5 1 6634 6627 8276
15676 2 2 5 1 6408 4096 8078
15677 2 2 5 1 3611 6118 8077
15678 2 2 5 1 7090 3233 8079
15679 2 2 5 1 8066 6408 8078
15680 2 2 5 1 5787 1339 8150
15681 2 2 5 1 5849 5848 8427
15682 2 2 5 1 4650 5377 8532
15683 2 2 5 1 7994 6200 8010
15684 2 2 5 1 6806 483 8428
15685 2 2 5 1 4535 3823 8389
15686 2 2 5 1 3233 5340 8080
15687 2 2 5 1 4877 4552 8206
15688 2 2 5 1 5809 5813 8241
15689 2 2 5 1 4393 5054 8081
15690 2 2 5 1 6860 3055 8391
15691 2 2 5 1 1189 1409 8394
15692 2 2 5 1 8073 4855 8085
15693 2 2 5 1 6081 4195 8662
15694 2 2 5 1 5828 2775 8089
15695 2 2 5 1 5759 492 8796
15696 2 2 5 1 4190 1295 8394
15697 2 2 5 1 3607 7741 8130
15698 2 2 5 1 6746 2598 8395
15699 2 2 5 1 4846 5479 8594
15700 2 2 5 1 5913 8082 8178
15701 2 2 5 1 6266 4428 8455
15702 2 2 5 1 7514 4855 8073
15703 2 2 5 1 4667 4987 8422
15704 2 2 5 1 8274 5819 8287
15705 2 2 5 1 4199 6952 8403
15706 2 2 5 1 3590 6344 8404
15707 2 2 5 1 3629 4385 8346
15708 2 2 5 1 4386 3626 8347
15709 2 2 5 1 663 1789 8084
15710 2 2 5 1 8079 3233 8080
15711 2 2 5 1 1339 5812 8156
15712 2 2 5 1 774 2723 8076
15713 2 2 5 1 5783 1556 8112
15714 2 2 5 1 3954 4613 8405
15715 2 2 5 1 5030 8163 8231
15716 2 2 5 1 5278 3602 8406
15717 2 2 5 1 5794 5793 8087
15718 2 2 5 1 4685 7862 8299
15719 2 2 5 1 3906 3847 8385
15720 2 2 5 1 3300 4752 8528
15721 2 2 5 1 1930 5452 8626
15722 2 2 5 1 6517 6519 8415
15723 2 2 5 1 2532 5429 8536
15724 2 2 5 1 1642 1640 8418
15725 2 2 5 1 8075 5746 8386
15726 2 2 5 1 6738 4485 8449
15727 2 2 5 1 4855 5321 8085
15728 2 2 5 1 4851 5153 8414
15729 2 2 5 1 7670 5780 8784
15730 2 2 5 1 4926 4488 8091
15731 2 2 5 1 5797 6050 8459
15732 2 2 5 1 7934 3282 8734
15733 2 2 5 1 2789 4570 8088
15734 2 2 5 1 474 5893 8438
15735 2 2 5 1 4904 8008 8161
15736 2 2 5 1 27 2615 8397
15737 2 2 5 1 2614 88 8398
15738 2 2 5 1 6968 3593 8349
15739 2 2 5 1 5235 4450 8423
15740 2 2 5 1 5417 5114 8833
15741 2 2 5 1 5094 7340 8086
15742 2 2 5 1 7395 2401 8338
15743 2 2 5 1 2378 7396 8337
15744 2 2 5 1 4499 4182 8095
15745 2 2 5 1 3177 3686 8425
15746 2 2 5 1 4186 4501 8096
15747 2 2 5 1 6893 4611 8510
15748 2 2 5 1 6132 5301 8460
15749 2 2 5 1 3092 7720 8609
15750 2 2 5 1 7802 8220 8379
15751 2 2 5 1 6804 412 8429
15752 2 2 5 1 1580 1581 8407
15753 2 2 5 1 411 1390 8429
15754 2 2 5 1 6936 4322 8423
15755 2 2 5 1 7004 8291 8348
15756 2 2 5 1 3633 3634 8433
15757 2 2 5 1 8051 4847 8097
15758 2 2 5 1 4848 8052 8099
15759 2 2 5 1 2758 5544 8361
15760 2 2 5 1 7445 3524 8388
15761 2 2 5 1 1280 428 8435
15762 2 2 5 1 427 6803 8435
15763 2 2 5 1 7180 6834 8430
15764 2 2 5 1 7881 4546 8035
15765 2 2 5 1 287 7993 8709
15766 2 2 5 1 3819 4486 8094
15767 2 2 5 1 5549 2430 8104
15768 2 2 5 1 6198 2824 8758
15769 2 2 5 1 3801 3803 8092
15770 2 2 5 1 1773 1774 8432
15771 2 2 5 1 5299 5253 8737
15772 2 2 5 1 6144 5029 8791
15773 2 2 5 1 7816 4883 8569
15774 2 2 5 1 2805 3145 8421
15775 2 2 5 1 1970 2249 8282
15776 2 2 5 1 6876 4230 8101
15777 2 2 5 1 4873 8176 8183
15778 2 2 5 1 3547 3545 8396
15779 2 2 5 1 4769 3738 8367
15780 2 2 5 1 3732 4771 8368
15781 2 2 5 1 3245 5465 8827
15782 2 2 5 1 7734 4854 8082
15783 2 2 5 1 4039 3886 8440
15784 2 2 5 1 4847 4511 8097
15785 2 2 5 1 4512 4848 8099
15786 2 2 5 1 5443 4671 8552
15787 2 2 5 1 5835 474 8431
15788 2 2 5 1 4614 5828 8098
15789 2 2 5 1 5084 7984 8707
15790 2 2 5 1 4898 8225 8255
15791 2 2 5 1 3548 4147 8396
15792 2 2 5 1 7544 1085 8090
15793 2 2 5 1 4211 4461 8449
15794 2 2 5 1 431 430 8450
15795 2 2 5 1 8105 2444 8113
15796 2 2 5 1 7912 5082 8305
15797 2 2 5 1 2595 6843 8551
15798 2 2 5 1 5318 5319 8787
15799 2 2 5 1 7641 4827 8083
15800 2 2 5 1 4499 8095 8129
15801 2 2 5 1 8090 1085 8110
15802 2 2 5 1 4834 6359 8474
15803 2 2 5 1 1682 6770 8488
15804 2 2 5 1 6242 4820 8465
15805 2 2 5 1 8096 4501 8131
15806 2 2 5 1 3433 3437 8424
15807 2 2 5 1 4736 7226 8442
15808 2 2 5 1 5949 5698 8688
15809 2 2 5 1 5465 3245 8832
15810 2 2 5 1 6960 8013 8102
15811 2 2 5 1 7979 4506 8214
15812 2 2 5 1 7647 551 8328
15813 2 2 5 1 2981 6562 8477
15814 2 2 5 1 4048 3526 8458
15815 2 2 5 1 6908 4190 8461
15816 2 2 5 1 5042 7979 8214
15817 2 2 5 1 5954 2444 8105
15818 2 2 5 1 5851 5850 8514
15819 2 2 5 1 648 656 8468
15820 2 2 5 1 7773 2709 8304
15821 2 2 5 1 5374 4655 8376
15822 2 2 5 1 6144 3866 8690
15823 2 2 5 1 1409 1538 8466
15824 2 2 5 1 128 129 8100
15825 2 2 5 1 5259 4465 8463
15826 2 2 5 1 6173 540 8502
15827 2 2 5 1 2484 5744 8119
15828 2 2 5 1 368 367 8467
15829 2 2 5 1 7997 7641 8083
15830 2 2 5 1 5755 5754 8106
15831 2 2 5 1 4669 6819 8487
15832 2 2 5 1 8150 1339 8156
15833 2 2 5 1 4478 4760 8103
15834 2 2 5 1 8065 7544 8090
15835 2 2 5 1 4809 7649 8093
15836 2 2 5 1 347 348 8554
15837 2 2 5 1 2733 7442 8445
15838 2 2 5 1 114 115 8555
15839 2 2 5 1 5834 5835 8410
15840 2 2 5 1 6941 4039 8463
15841 2 2 5 1 5224 4373 8388
15842 2 2 5 1 4957 7951 8822
15843 2 2 5 1 7448 4347 8393
15844 2 2 5 1 1285 7670 8784
15845 2 2 5 1 5064 7973 8715
15846 2 2 5 1 4874 6054 8477
15847 2 2 5 1 535 6238 8684
15848 2 2 5 1 4570 4890 8246
15849 2 2 5 1 5702 5948 8687
15850 2 2 5 1 5883 5880 8488
15851 2 2 5 1 8119 5744 8139
15852 2 2 5 1 5995 3566 8542
15853 2 2 5 1 5082 4621 8470
15854 2 2 5 1 2444 5771 8113
15855 2 2 5 1 4823 6198 8340
15856 2 2 5 1 81 82 8107
15857 2 2 5 1 2869 7044 8589
15858 2 2 5 1 33 34 8108
15859 2 2 5 1 6172 6173 8530
15860 2 2 5 1 8093 7649 8114
15861 2 2 5 1 6197 4727 8516
15862 2 2 5 1 1325 1291 8540
15863 2 2 5 1 1289 1324 8539
15864 2 2 5 1 3691 6774 8486
15865 2 2 5 1 5602 5052 8628
15866 2 2 5 1 4837 4856 8494
15867 2 2 5 1 1282 8308 8797
15868 2 2 5 1 8807 5036 8810
15869 2 2 5 1 42 43 8111
15870 2 2 5 1 7720 5526 8609
15871 2 2 5 1 1536 1326 8518
15872 2 2 5 1 1328 1535 8519
15873 2 2 5 1 2553 6419 8571
15874 2 2 5 1 325 326 8521
15875 2 2 5 1 50 51 8493
15876 2 2 5 1 3851 5297 8499
15877 2 2 5 1 5152 7781 8441
15878 2 2 5 1 6240 4354 8513
15879 2 2 5 1 8410 5835 8431
15880 2 2 5 1 31 32 8490
15881 2 2 5 1 83 84 8491
15882 2 2 5 1 5757 5756 8122
15883 2 2 5 1 3836 4620 8479
15884 2 2 5 1 5585 906 8811
15885 2 2 5 1 6054 7128 8477
15886 2 2 5 1 5219 4979 8541
15887 2 2 5 1 5236 7143 8806
15888 2 2 5 1 4971 5220 8543
15889 2 2 5 1 376 375 8498
15890 2 2 5 1 1717 6553 8561
15891 2 2 5 1 6727 2593 8508
15892 2 2 5 1 7956 5449 8593
15893 2 2 5 1 84 85 8496
15894 2 2 5 1 30 31 8495
15895 2 2 5 1 6762 2953 8461
15896 2 2 5 1 2930 2735 8445
15897 2 2 5 1 5334 5201 8589
15898 2 2 5 1 7934 5276 8563
15899 2 2 5 1 7988 1319 8127
15900 2 2 5 1 8013 7595 8102
15901 2 2 5 1 7990 1227 8137
15902 2 2 5 1 4931 8226 8240
15903 2 2 5 1 3270 4819 8516
15904 2 2 5 1 5525 1360 8464
15905 2 2 5 1 4322 3897 8505
15906 2 2 5 1 491 5761 8753
15907 2 2 5 1 4917 5049 8602
15908 2 2 5 1 348 349 8735
15909 2 2 5 1 113 114 8733
15910 2 2 5 1 8522 5033 8555
15911 2 2 5 1 539 552 8117
15912 2 2 5 1 4931 7401 8226
15913 2 2 5 1 5031 8515 8554
15914 2 2 5 1 7984 5085 8638
15915 2 2 5 1 2563 6525 8529
15916 2 2 5 1 4983 4497 8118
15917 2 2 5 1 5201 4981 8624
15918 2 2 5 1 3998 7909 8072
15919 2 2 5 1 7595 2101 8102
15920 2 2 5 1 482 419 8524
15921 2 2 5 1 8140 5762 8612
15922 2 2 5 1 1105 1137 8595
15923 2 2 5 1 1138 1107 8596
15924 2 2 5 1 418 6807 8524
15925 2 2 5 1 8228 4570 8246
15926 2 2 5 1 1640 1638 8536
15927 2 2 5 1 4573 4571 8501
15928 2 2 5 1 5297 5298 8520
15929 2 2 5 1 538 1645 8328
15930 2 2 5 1 5415 3894 8821
15931 2 2 5 1 5939 1154 8595
15932 2 2 5 1 5382 4932 8339
15933 2 2 5 1 5269 5268 8544
15934 2 2 5 1 4806 3585 8534
15935 2 2 5 1 3638 3668 8547
15936 2 2 5 1 7781 7077 8650
15937 2 2 5 1 3299 3300 8534
15938 2 2 5 1 4798 4839 8592
15939 2 2 5 1 519 5955 8434
15940 2 2 5 1 2764 6207 8758
15941 2 2 5 1 4622 8251 8263
15942 2 2 5 1 1303 304 8556
15943 2 2 5 1 4295 4423 8500
15944 2 2 5 1 2947 5308 8403
15945 2 2 5 1 7884 6579 8588
15946 2 2 5 1 3463 5672 8507
15947 2 2 5 1 4601 4602 8115
15948 2 2 5 1 1085 7485 8110
15949 2 2 5 1 5078 4516 8123
15950 2 2 5 1 1717 514 8549
15951 2 2 5 1 5377 5378 8503
15952 2 2 5 1 6762 4517 8560
15953 2 2 5 1 5180 4956 8116
15954 2 2 5 1 337 475 8781
15955 2 2 5 1 3835 3834 8120
15956 2 2 5 1 658 301 8564
15957 2 2 5 1 306 546 8567
15958 2 2 5 1 303 1303 8570
15959 2 2 5 1 5182 5181 8771
15960 2 2 5 1 6843 4914 8551
15961 2 2 5 1 7571 7638 8376
15962 2 2 5 1 507 3602 8549
15963 2 2 5 1 6965 3105 8550
15964 2 2 5 1 1859 523 8361
15965 2 2 5 1 6524 6607 8823
15966 2 2 5 1 4946 3773 8277
15967 2 2 5 1 788 6728 8566
15968 2 2 5 1 6542 6545 8577
15969 2 2 5 1 7 5663 8623
15970 2 2 5 1 5195 4965 8583
15971 2 2 5 1 3583 4428 8553
15972 2 2 5 1 5928 5929 8661
15973 2 2 5 1 5931 5930 8660
15974 2 2 5 1 5175 6055 8707
15975 2 2 5 1 8114 4863 8124
15976 2 2 5 1 8064 271 8072
15977 2 2 5 1 6173 7953 8527
15978 2 2 5 1 5384 4492 8127
15979 2 2 5 1 5870 5718 8635
15980 2 2 5 1 4973 5196 8584
15981 2 2 5 1 2947 534 8561
15982 2 2 5 1 5332 4513 8125
15983 2 2 5 1 3648 4389 8527
15984 2 2 5 1 5995 4781 8829
15985 2 2 5 1 1156 5938 8596
15986 2 2 5 1 2201 569 8563
15987 2 2 5 1 5812 5811 8148
15988 2 2 5 1 522 1717 8561
15989 2 2 5 1 4669 4568 8573
15990 2 2 5 1 7967 3719 8138
15991 2 2 5 1 4863 4864 8124
15992 2 2 5 1 8220 4868 8379
15993 2 2 5 1 7917 5421 8074
15994 2 2 5 1 49 50 8572
15995 2 2 5 1 132 133 8621
15996 2 2 5 1 7065 4853 8545
15997 2 2 5 1 4932 4931 8240
15998 2 2 5 1 4772 4499 8129
15999 2 2 5 1 6855 6728 8417
16000 2 2 5 1 3066 3198 8128
16001 2 2 5 1 4969 5190 8557
16002 2 2 5 1 5191 4977 8558
16003 2 2 5 1 5007 4008 8633
16004 2 2 5 1 7638 504 8376
16005 2 2 5 1 4010 5009 8634
16006 2 2 5 1 65 66 8581
16007 2 2 5 1 4501 4770 8131
16008 2 2 5 1 3837 4479 8475
16009 2 2 5 1 5999 6000 8793
16010 2 2 5 1 7088 6336 8774
16011 2 2 5 1 3995 5429 8586
16012 2 2 5 1 1271 380 8593
16013 2 2 5 1 5073 5554 8757
16014 2 2 5 1 5560 5069 8756
16015 2 2 5 1 4762 3812 8586
16016 2 2 5 1 5039 7088 8774
16017 2 2 5 1 4881 5034 8569
16018 2 2 5 1 6274 6273 8600
16019 2 2 5 1 4672 4000 8598
16020 2 2 5 1 536 2758 8361
16021 2 2 5 1 1303 7816 8569
16022 2 2 5 1 5862 5861 8728
16023 2 2 5 1 5240 7647 8328
16024 2 2 5 1 4003 4675 8599
16025 2 2 5 1 5218 5036 8807
16026 2 2 5 1 906 835 8811
16027 2 2 5 1 7214 3863 8574
16028 2 2 5 1 8017 4857 8071
16029 2 2 5 1 133 134 8673
16030 2 2 5 1 517 3173 8411
16031 2 2 5 1 7131 6356 8476
16032 2 2 5 1 575 1590 8121
16033 2 2 5 1 6795 761 8601
16034 2 2 5 1 1885 3245 8827
16035 2 2 5 1 6001 6002 8741
16036 2 2 5 1 7635 4686 8380
16037 2 2 5 1 5689 5690 8135
16038 2 2 5 1 470 371 8608
16039 2 2 5 1 3385 3782 8132
16040 2 2 5 1 902 2442 8811
16041 2 2 5 1 7813 688 8591
16042 2 2 5 1 6578 468 8725
16043 2 2 5 1 755 753 8597
16044 2 2 5 1 335 336 8760
16045 2 2 5 1 370 6582 8608
16046 2 2 5 1 3894 749 8821
16047 2 2 5 1 751 754 8821
16048 2 2 5 1 6126 6128 8631
16049 2 2 5 1 690 7838 8617
16050 2 2 5 1 8091 2101 8191
16051 2 2 5 1 8060 265 8265
16052 2 2 5 1 1891 1887 8827
16053 2 2 5 1 3 190 8614
16054 2 2 5 1 189 3 8614
16055 2 2 5 1 8 4618 8616
16056 2 2 5 1 4 273 8615
16057 2 2 5 1 272 4 8615
16058 2 2 5 1 443 8 8616
16059 2 2 5 1 326 327 8761
16060 2 2 5 1 3469 2777 8819
16061 2 2 5 1 6444 8003 8433
16062 2 2 5 1 4841 4842 8134
16063 2 2 5 1 483 437 8610
16064 2 2 5 1 8438 5893 8453
16065 2 2 5 1 6000 992 8748
16066 2 2 5 1 4030 6133 8639
16067 2 2 5 1 3606 3607 8130
16068 2 2 5 1 1087 1057 8706
16069 2 2 5 1 3701 3860 8666
16070 2 2 5 1 6319 4199 8698
16071 2 2 5 1 7985 3835 8144
16072 2 2 5 1 7649 4863 8114
16073 2 2 5 1 555 6994 8485
16074 2 2 5 1 410 7 8623
16075 2 2 5 1 8124 4864 8133
16076 2 2 5 1 5744 1557 8139
16077 2 2 5 1 5983 4459 8137
16078 2 2 5 1 6090 6089 8722
16079 2 2 5 1 1152 1306 8711
16080 2 2 5 1 4950 6054 8630
16081 2 2 5 1 2210 7011 8263
16082 2 2 5 1 355 1 8697
16083 2 2 5 1 2 107 8696
16084 2 2 5 1 4889 4887 8606
16085 2 2 5 1 2174 1976 8798
16086 2 2 5 1 2265 5840 8766
16087 2 2 5 1 8263 7011 8264
16088 2 2 5 1 4947 4946 8216
16089 2 2 5 1 2349 6239 8809
16090 2 2 5 1 5452 5037 8626
16091 2 2 5 1 35 461 8831
16092 2 2 5 1 462 80 8830
16093 2 2 5 1 7759 3933 8726
16094 2 2 5 1 2866 152 8754
16095 2 2 5 1 2263 2855 8798
16096 2 2 5 1 3957 3624 8537
16097 2 2 5 1 478 291 8800
16098 2 2 5 1 293 3528 8802
16099 2 2 5 1 8253 5060 8689
16100 2 2 5 1 464 52 8629
16101 2 2 5 1 5122 5465 8832
16102 2 2 5 1 1283 61 8638
16103 2 2 5 1 1101 1058 8627
16104 2 2 5 1 4084 4964 8633
16105 2 2 5 1 4972 4086 8634
16106 2 2 5 1 4579 8088 8228
16107 2 2 5 1 5338 508 8473
16108 2 2 5 1 5147 5144 8724
16109 2 2 5 1 2974 3554 8806
16110 2 2 5 1 7870 2977 8665
16111 2 2 5 1 2306 2892 8665
16112 2 2 5 1 153 541 8754
16113 2 2 5 1 3159 2834 8452
16114 2 2 5 1 5168 4894 8656
16115 2 2 5 1 4018 6119 8648
16116 2 2 5 1 2436 2764 8758
16117 2 2 5 1 1034 1173 8651
16118 2 2 5 1 4262 4261 8198
16119 2 2 5 1 8008 1270 8161
16120 2 2 5 1 7011 2643 8264
16121 2 2 5 1 4909 4016 8671
16122 2 2 5 1 4232 4234 8692
16123 2 2 5 1 4916 6947 8663
16124 2 2 5 1 1541 1682 8672
16125 2 2 5 1 4781 4780 8829
16126 2 2 5 1 503 286 8709
16127 2 2 5 1 5114 3893 8833
16128 2 2 5 1 5276 7934 8734
16129 2 2 5 1 4246 5318 8787
16130 2 2 5 1 8130 7741 8769
16131 2 2 5 1 8264 2643 8270
16132 2 2 5 1 8270 7002 8272
16133 2 2 5 1 3502 4484 8136
16134 2 2 5 1 4906 6247 8611
16135 2 2 5 1 3917 3916 8787
16136 2 2 5 1 5025 5214 8755
16137 2 2 5 1 7143 3230 8806
16138 2 2 5 1 2643 7002 8270
16139 2 2 5 1 467 70 8708
16140 2 2 5 1 3849 3108 8718
16141 2 2 5 1 5079 4989 8744
16142 2 2 5 1 5685 1559 8160
16143 2 2 5 1 5300 5672 8820
16144 2 2 5 1 4864 7546 8133
16145 2 2 5 1 3688 7087 8625
16146 2 2 5 1 28 29 8141
16147 2 2 5 1 86 87 8142
16148 2 2 5 1 7444 6036 8204
16149 2 2 5 1 4250 4910 8537
16150 2 2 5 1 3942 3608 8590
16151 2 2 5 1 3846 3958 8785
16152 2 2 5 1 4927 4926 8231
16153 2 2 5 1 7002 3917 8272
16154 2 2 5 1 3019 77 8763
16155 2 2 5 1 5913 8178 8225
16156 2 2 5 1 38 3020 8767
16157 2 2 5 1 512 162 8143
16158 2 2 5 1 3617 3619 8140
16159 2 2 5 1 6925 2265 8766
16160 2 2 5 1 5810 5809 8159
16161 2 2 5 1 8050 6599 8312
16162 2 2 5 1 8431 474 8438
16163 2 2 5 1 8040 250 8314
16164 2 2 5 1 3895 4585 8703
16165 2 2 5 1 6101 3114 8278
16166 2 2 5 1 5810 8136 8148
16167 2 2 5 1 7028 3829 8417
16168 2 2 5 1 5560 459 8495
16169 2 2 5 1 460 5554 8496
16170 2 2 5 1 7984 465 8707
16171 2 2 5 1 7538 4485 8576
16172 2 2 5 1 7619 6000 8748
16173 2 2 5 1 7993 5121 8709
16174 2 2 5 1 2269 6308 8531
16175 2 2 5 1 4891 4541 8146
16176 2 2 5 1 5044 5320 8765
16177 2 2 5 1 8037 245 8325
16178 2 2 5 1 471 377 8151
16179 2 2 5 1 6300 1497 8724
16180 2 2 5 1 4755 6986 8691
16181 2 2 5 1 3965 3868 8826
16182 2 2 5 1 3579 7082 8659
16183 2 2 5 1 714 2233 8591
16184 2 2 5 1 1382 5563 8490
16185 2 2 5 1 5557 1383 8491
16186 2 2 5 1 7401 4877 8226
16187 2 2 5 1 5778 1249 8523
16188 2 2 5 1 5812 8148 8156
16189 2 2 5 1 7542 1688 8672
16190 2 2 5 1 5816 5171 8653
16191 2 2 5 1 6123 7085 8164
16192 2 2 5 1 5230 5231 8397
16193 2 2 5 1 5233 5232 8398
16194 2 2 5 1 3816 3850 8705
16195 2 2 5 1 4604 8150 8156
16196 2 2 5 1 1360 55 8464
16197 2 2 5 1 1233 1231 8153
16198 2 2 5 1 4765 7308 8657
16199 2 2 5 1 2232 716 8617
16200 2 2 5 1 6123 8164 8184
16201 2 2 5 1 6807 1281 8353
16202 2 2 5 1 7682 5147 8724
16203 2 2 5 1 4408 5225 8154
16204 2 2 5 1 7217 4298 8155
16205 2 2 5 1 4388 5300 8820
16206 2 2 5 1 429 1280 8202
16207 2 2 5 1 5059 5089 8152
16208 2 2 5 1 7576 5028 8726
16209 2 2 5 1 7794 658 8564
16210 2 2 5 1 6041 4135 8162
16211 2 2 5 1 7349 3566 8829
16212 2 2 5 1 7276 2718 8145
16213 2 2 5 1 6805 6827 8406
16214 2 2 5 1 8204 6036 8269
16215 2 2 5 1 4483 3605 8157
16216 2 2 5 1 470 6009 8592
16217 2 2 5 1 3828 4878 8221
16218 2 2 5 1 4484 4604 8156
16219 2 2 5 1 4899 8255 8390
16220 2 2 5 1 7721 4468 8317
16221 2 2 5 1 4926 8191 8231
16222 2 2 5 1 6424 4466 8161
16223 2 2 5 1 7816 1303 8556
16224 2 2 5 1 5787 8150 8170
16225 2 2 5 1 3440 7275 8149
16226 2 2 5 1 8162 4135 8166
16227 2 2 5 1 1645 525 8411
16228 2 2 5 1 4804 8037 8325
16229 2 2 5 1 6810 7870 8665
16230 2 2 5 1 804 8522 8555
16231 2 2 5 1 4486 8078 8094
16232 2 2 5 1 7756 1087 8706
16233 2 2 5 1 7485 2763 8147
16234 2 2 5 1 7806 5062 8780
16235 2 2 5 1 5746 8075 8373
16236 2 2 5 1 6534 4719 8172
16237 2 2 5 1 4420 4818 8716
16238 2 2 5 1 6002 7759 8726
16239 2 2 5 1 8148 4484 8156
16240 2 2 5 1 1003 7505 8248
16241 2 2 5 1 7459 1004 8249
16242 2 2 5 1 4773 8040 8314
16243 2 2 5 1 4595 7332 8158
16244 2 2 5 1 4135 6291 8166
16245 2 2 5 1 4762 6267 8455
16246 2 2 5 1 465 64 8165
16247 2 2 5 1 8110 7485 8147
16248 2 2 5 1 1253 1254 8364
16249 2 2 5 1 8515 803 8554
16250 2 2 5 1 56 5528 8464
16251 2 2 5 1 4301 8050 8312
16252 2 2 5 1 8147 2763 8185
16253 2 2 5 1 2299 2794 8167
16254 2 2 5 1 7029 1238 8168
16255 2 2 5 1 5121 4992 8169
16256 2 2 5 1 7533 4128 8619
16257 2 2 5 1 4024 5111 8171
16258 2 2 5 1 7781 4507 8441
16259 2 2 5 1 4502 6607 8458
16260 2 2 5 1 5112 4875 8731
16261 2 2 5 1 5228 4425 8808
16262 2 2 5 1 4556 4554 8173
16263 2 2 5 1 4392 3685 8177
16264 2 2 5 1 4929 4927 8163
16265 2 2 5 1 6713 6712 8486
16266 2 2 5 1 5223 5484 8174
16267 2 2 5 1 2489 2748 8702
16268 2 2 5 1 2749 2469 8704
16269 2 2 5 1 7733 4126 8727
16270 2 2 5 1 4468 7787 8317
16271 2 2 5 1 3880 7076 8176
16272 2 2 5 1 8082 3166 8178
16273 2 2 5 1 6124 6123 8184
16274 2 2 5 1 5049 7813 8591
16275 2 2 5 1 4734 8060 8265
16276 2 2 5 1 7943 6501 8718
16277 2 2 5 1 4879 4880 8175
16278 2 2 5 1 3482 3560 8179
16279 2 2 5 1 7695 2191 8812
16280 2 2 5 1 5429 5430 8536
16281 2 2 5 1 3166 2725 8178
16282 2 2 5 1 7838 5602 8617
16283 2 2 5 1 6583 470 8592
16284 2 2 5 1 6180 4603 8353
16285 2 2 5 1 7953 6173 8502
16286 2 2 5 1 5143 5139 8180
16287 2 2 5 1 8145 2718 8181
16288 2 2 5 1 2220 4873 8183
16289 2 2 5 1 7703 4651 8719
16290 2 2 5 1 6823 7971 8640
16291 2 2 5 1 3649 4429 8482
16292 2 2 5 1 2249 2243 8187
16293 2 2 5 1 1054 1012 8188
16294 2 2 5 1 5785 5784 8193
16295 2 2 5 1 5431 4807 8409
16296 2 2 5 1 8179 3560 8189
16297 2 2 5 1 5185 7870 8692
16298 2 2 5 1 501 5758 8769
16299 2 2 5 1 1566 7438 8742
16300 2 2 5 1 3440 8149 8186
16301 2 2 5 1 4418 7944 8109
16302 2 2 5 1 1054 8188 8200
16303 2 2 5 1 8087 4760 8326
16304 2 2 5 1 3463 7537 8820
16305 2 2 5 1 8170 4879 8175
16306 2 2 5 1 6311 7665 8644
16307 2 2 5 1 4604 7758 8150
16308 2 2 5 1 5578 505 8329
16309 2 2 5 1 8003 3633 8433
16310 2 2 5 1 7973 3952 8715
16311 2 2 5 1 5268 4646 8480
16312 2 2 5 1 5452 7113 8600
16313 2 2 5 1 7906 6821 8190
16314 2 2 5 1 341 8357 8372
16315 2 2 5 1 2451 6095 8762
16316 2 2 5 1 4869 5604 8257
16317 2 2 5 1 3560 3562 8189
16318 2 2 5 1 3093 7074 8194
16319 2 2 5 1 6403 6402 8192
16320 2 2 5 1 71 7797 8708
16321 2 2 5 1 468 7922 8725
16322 2 2 5 1 3773 5936 8277
16323 2 2 5 1 6145 8197 8201
16324 2 2 5 1 5102 7695 8812
16325 2 2 5 1 2763 2973 8185
16326 2 2 5 1 6145 3095 8197
16327 2 2 5 1 2718 7267 8181
16328 2 2 5 1 7369 5452 8600
16329 2 2 5 1 754 757 8356
16330 2 2 5 1 1095 1054 8200
16331 2 2 5 1 8086 7918 8492
16332 2 2 5 1 7871 3579 8659
16333 2 2 5 1 3187 6145 8201
16334 2 2 5 1 7134 2058 8199
16335 2 2 5 1 6669 4684 8705
16336 2 2 5 1 5762 2441 8612
16337 2 2 5 1 7263 3440 8186
16338 2 2 5 1 515 1859 8473
16339 2 2 5 1 5241 7645 8768
16340 2 2 5 1 4891 8146 8153
16341 2 2 5 1 5132 5135 8202
16342 2 2 5 1 8194 7074 8206
16343 2 2 5 1 4230 8012 8101
16344 2 2 5 1 366 472 8203
16345 2 2 5 1 7593 4335 8699
16346 2 2 5 1 5115 5414 8654
16347 2 2 5 1 1964 2257 8191
16348 2 2 5 1 8086 5849 8427
16349 2 2 5 1 7134 8199 8207
16350 2 2 5 1 3981 2970 8205
16351 2 2 5 1 3341 3529 8208
16352 2 2 5 1 7870 4548 8692
16353 2 2 5 1 8067 1264 8768
16354 2 2 5 1 420 482 8469
16355 2 2 5 1 7758 4879 8170
16356 2 2 5 1 8716 5759 8796
16357 2 2 5 1 4812 7799 8725
16358 2 2 5 1 605 648 8218
16359 2 2 5 1 2876 7134 8207
16360 2 2 5 1 3952 7973 8685
16361 2 2 5 1 2876 8207 8211
16362 2 2 5 1 5936 2096 8307
16363 2 2 5 1 8012 6605 8101
16364 2 2 5 1 7074 3340 8206
16365 2 2 5 1 5758 8130 8769
16366 2 2 5 1 1267 6107 8262
16367 2 2 5 1 4603 5385 8353
16368 2 2 5 1 8187 5006 8252
16369 2 2 5 1 4576 5518 8209
16370 2 2 5 1 5669 8355 8805
16371 2 2 5 1 5430 5431 8418
16372 2 2 5 1 5813 2449 8274
16373 2 2 5 1 8277 5936 8307
16374 2 2 5 1 7619 3937 8780
16375 2 2 5 1 1136 1970 8282
16376 2 2 5 1 4997 4994 8210
16377 2 2 5 1 7802 908 8220
16378 2 2 5 1 6366 6365 8212
16379 2 2 5 1 7110 2876 8211
16380 2 2 5 1 997 5686 8242
16381 2 2 5 1 3197 3065 8213
16382 2 2 5 1 5438 5193 8229
16383 2 2 5 1 5113 5112 8742
16384 2 2 5 1 5366 5363 8218
16385 2 2 5 1 4506 7110 8214
16386 2 2 5 1 4866 8419 8482
16387 2 2 5 1 3074 5455 8604
16388 2 2 5 1 5457 3075 8605
16389 2 2 5 1 8215 3525 8219
16390 2 2 5 1 5444 5443 8478
16391 2 2 5 1 5912 5913 8225
16392 2 2 5 1 3525 1370 8219
16393 2 2 5 1 5414 7631 8654
16394 2 2 5 1 4399 7386 8216
16395 2 2 5 1 7110 8211 8214
16396 2 2 5 1 3331 3923 8195
16397 2 2 5 1 5234 7943 8699
16398 2 2 5 1 7827 792 8731
16399 2 2 5 1 3924 3328 8196
16400 2 2 5 1 4560 5846 8221
16401 2 2 5 1 3084 4913 8222
16402 2 2 5 1 6579 2561 8588
16403 2 2 5 1 1254 1144 8227
16404 2 2 5 1 7352 3525 8215
16405 2 2 5 1 8075 4490 8373
16406 2 2 5 1 4463 6757 8224
16407 2 2 5 1 8181 7267 8217
16408 2 2 5 1 5285 8349 8723
16409 2 2 5 1 6000 7619 8780
16410 2 2 5 1 8191 2257 8231
16411 2 2 5 1 505 5594 8321
16412 2 2 5 1 4908 8577 8625
16413 2 2 5 1 8226 3529 8240
16414 2 2 5 1 7267 907 8217
16415 2 2 5 1 7263 8186 8220
16416 2 2 5 1 3202 5338 8701
16417 2 2 5 1 2694 5984 8239
16418 2 2 5 1 6982 3889 8228
16419 2 2 5 1 4776 5228 8223
16420 2 2 5 1 3535 3533 8230
16421 2 2 5 1 8230 3533 8232
16422 2 2 5 1 908 7263 8220
16423 2 2 5 1 21 22 8234
16424 2 2 5 1 93 94 8235
16425 2 2 5 1 8135 3906 8385
16426 2 2 5 1 7924 3576 8159
16427 2 2 5 1 4582 3920 8236
16428 2 2 5 1 4490 7967 8138
16429 2 2 5 1 3533 3531 8232
16430 2 2 5 1 8248 7505 8816
16431 2 2 5 1 7459 8249 8817
16432 2 2 5 1 406 405 8233
16433 2 2 5 1 8475 5778 8523
16434 2 2 5 1 47 48 8238
16435 2 2 5 1 436 435 8237
16436 2 2 5 1 8150 7758 8170
16437 2 2 5 1 5594 2431 8310
16438 2 2 5 1 8058 2811 8481
16439 2 2 5 1 4903 8297 8298
16440 2 2 5 1 53 54 8245
16441 2 2 5 1 3529 3654 8240
16442 2 2 5 1 5036 7847 8810
16443 2 2 5 1 4843 8447 8585
16444 2 2 5 1 3592 2983 8244
16445 2 2 5 1 4918 4919 8248
16446 2 2 5 1 4921 4920 8249
16447 2 2 5 1 8209 5518 8815
16448 2 2 5 1 7947 5112 8731
16449 2 2 5 1 6982 8228 8246
16450 2 2 5 1 757 2446 8356
16451 2 2 5 1 6917 3980 8250
16452 2 2 5 1 4235 6982 8246
16453 2 2 5 1 7103 4896 8415
16454 2 2 5 1 3768 7266 8243
16455 2 2 5 1 8088 4570 8228
16456 2 2 5 1 2257 5030 8231
16457 2 2 5 1 7222 7985 8144
16458 2 2 5 1 5094 8086 8427
16459 2 2 5 1 5393 4597 8247
16460 2 2 5 1 8115 491 8753
16461 2 2 5 1 3848 7903 8182
16462 2 2 5 1 5005 5325 8254
16463 2 2 5 1 8620 4909 8671
16464 2 2 5 1 1314 6872 8414
16465 2 2 5 1 8098 5006 8284
16466 2 2 5 1 5425 4943 8351
16467 2 2 5 1 4942 5426 8350
16468 2 2 5 1 7266 6851 8251
16469 2 2 5 1 4577 7943 8718
16470 2 2 5 1 584 8261 8267
16471 2 2 5 1 8227 4993 8331
16472 2 2 5 1 8666 6090 8722
16473 2 2 5 1 5003 7232 8252
16474 2 2 5 1 7993 2557 8744
16475 2 2 5 1 584 582 8261
16476 2 2 5 1 6097 6053 8260
16477 2 2 5 1 8243 7266 8251
16478 2 2 5 1 3453 2759 8258
16479 2 2 5 1 5510 4669 8487
16480 2 2 5 1 4586 3878 8256
16481 2 2 5 1 3752 4253 8259
16482 2 2 5 1 8278 3114 8472
16483 2 2 5 1 78 7964 8763
16484 2 2 5 1 326 8116 8521
16485 2 2 5 1 7968 37 8767
16486 2 2 5 1 4684 7911 8705
16487 2 2 5 1 6645 1278 8286
16488 2 2 5 1 5302 7906 8190
16489 2 2 5 1 7973 6950 8685
16490 2 2 5 1 5133 5131 8340
16491 2 2 5 1 6036 6035 8269
16492 2 2 5 1 4581 4622 8263
16493 2 2 5 1 7791 4840 8375
16494 2 2 5 1 8116 326 8761
16495 2 2 5 1 586 584 8267
16496 2 2 5 1 6943 4581 8264
16497 2 2 5 1 4581 8263 8264
16498 2 2 5 1 4556 8173 8183
16499 2 2 5 1 2446 7631 8356
16500 2 2 5 1 5794 8087 8326
16501 2 2 5 1 266 1279 8265
16502 2 2 5 1 6943 8264 8270
16503 2 2 5 1 6725 4839 8446
16504 2 2 5 1 4040 4535 8474
16505 2 2 5 1 4940 8270 8272
16506 2 2 5 1 1670 1436 8271
16507 2 2 5 1 4587 5174 8273
16508 2 2 5 1 2174 5247 8526
16509 2 2 5 1 6993 3888 8266
16510 2 2 5 1 8363 3942 8636
16511 2 2 5 1 4941 4940 8272
16512 2 2 5 1 8559 4889 8606
16513 2 2 5 1 4940 6943 8270
16514 2 2 5 1 505 8321 8329
16515 2 2 5 1 1670 8271 8285
16516 2 2 5 1 5562 5560 8495
16517 2 2 5 1 5554 5556 8496
16518 2 2 5 1 6180 8353 8799
16519 2 2 5 1 5749 6449 8354
16520 2 2 5 1 5365 5367 8278
16521 2 2 5 1 6627 6626 8276
16522 2 2 5 1 2596 8067 8755
16523 2 2 5 1 2517 2519 8280
16524 2 2 5 1 4535 7299 8474
16525 2 2 5 1 4926 8091 8191
16526 2 2 5 1 4520 4734 8279
16527 2 2 5 1 8286 1278 8293
16528 2 2 5 1 6814 8601 8656
16529 2 2 5 1 3591 2908 8281
16530 2 2 5 1 3153 7646 8255
16531 2 2 5 1 4991 7993 8744
16532 2 2 5 1 4479 8126 8475
16533 2 2 5 1 2517 8280 8283
16534 2 2 5 1 7979 5042 8777
16535 2 2 5 1 4421 8304 8363
16536 2 2 5 1 8118 4984 8713
16537 2 2 5 1 8106 3942 8590
16538 2 2 5 1 752 2517 8283
16539 2 2 5 1 1785 1670 8285
16540 2 2 5 1 5078 8123 8824
16541 2 2 5 1 5563 5562 8490
16542 2 2 5 1 5556 5557 8491
16543 2 2 5 1 6365 6364 8288
16544 2 2 5 1 8597 5168 8656
16545 2 2 5 1 475 8223 8781
16546 2 2 5 1 6344 3644 8290
16547 2 2 5 1 3905 3441 8289
16548 2 2 5 1 5480 5870 8504
16549 2 2 5 1 3935 6273 8440
16550 2 2 5 1 8603 4916 8663
16551 2 2 5 1 133 8152 8621
16552 2 2 5 1 8152 133 8673
16553 2 2 5 1 6927 4152 8292
16554 2 2 5 1 2431 5834 8295
16555 2 2 5 1 891 889 8291
16556 2 2 5 1 6781 7237 8294
16557 2 2 5 1 4586 8274 8287
16558 2 2 5 1 4656 4586 8287
16559 2 2 5 1 1278 184 8293
16560 2 2 5 1 1661 13 8268
16561 2 2 5 1 4421 7773 8304
16562 2 2 5 1 799 5479 8504
16563 2 2 5 1 5213 5163 8297
16564 2 2 5 1 6258 4529 8553
16565 2 2 5 1 7650 4795 8275
16566 2 2 5 1 6017 3983 8299
16567 2 2 5 1 6233 6236 8302
16568 2 2 5 1 8350 4944 8803
16569 2 2 5 1 4945 8351 8804
16570 2 2 5 1 4321 3776 8300
16571 2 2 5 1 5035 8567 8606
16572 2 2 5 1 167 168 8301
16573 2 2 5 1 8348 3402 8366
16574 2 2 5 1 3173 7810 8751
16575 2 2 5 1 5131 4823 8340
16576 2 2 5 1 5462 7017 8546
16577 2 2 5 1 4428 7289 8455
16578 2 2 5 1 4582 8277 8307
16579 2 2 5 1 4429 8058 8482
16580 2 2 5 1 5491 4645 8352
16581 2 2 5 1 5112 7962 8742
16582 2 2 5 1 7943 4577 8699
16583 2 2 5 1 4840 7905 8375
16584 2 2 5 1 8575 3688 8625
16585 2 2 5 1 4524 5248 8306
16586 2 2 5 1 6741 6738 8449
16587 2 2 5 1 8760 5228 8808
16588 2 2 5 1 4753 4754 8308
16589 2 2 5 1 4932 8240 8339
16590 2 2 5 1 5253 5252 8737
16591 2 2 5 1 1283 6057 8487
16592 2 2 5 1 402 401 8309
16593 2 2 5 1 4862 355 8697
16594 2 2 5 1 107 4861 8696
16595 2 2 5 1 4656 8287 8303
16596 2 2 5 1 1337 1253 8364
16597 2 2 5 1 5840 2265 8560
16598 2 2 5 1 8295 4827 8310
16599 2 2 5 1 6032 6031 8313
16600 2 2 5 1 106 2 8696
16601 2 2 5 1 1 9 8697
16602 2 2 5 1 5663 8125 8623
16603 2 2 5 1 6417 3594 8738
16604 2 2 5 1 7358 4582 8307
16605 2 2 5 1 7484 3402 8348
16606 2 2 5 1 4871 6582 8459
16607 2 2 5 1 1818 8441 8749
16608 2 2 5 1 6596 6597 8312
16609 2 2 5 1 102 1660 8296
16610 2 2 5 1 8319 348 8735
16611 2 2 5 1 5262 6762 8461
16612 2 2 5 1 5274 4636 8430
16613 2 2 5 1 114 8320 8733
16614 2 2 5 1 5594 8310 8321
16615 2 2 5 1 6264 6258 8553
16616 2 2 5 1 500 7916 8679
16617 2 2 5 1 251 1274 8314
16618 2 2 5 1 6715 6713 8316
16619 2 2 5 1 7620 4656 8303
16620 2 2 5 1 4618 6913 8345
16621 2 2 5 1 8116 4956 8521
16622 2 2 5 1 4827 4584 8310
16623 2 2 5 1 5201 5334 8818
16624 2 2 5 1 4684 4786 8662
16625 2 2 5 1 2265 6926 8560
16626 2 2 5 1 2249 8254 8282
16627 2 2 5 1 4765 6259 8505
16628 2 2 5 1 6539 4951 8318
16629 2 2 5 1 5849 8086 8492
16630 2 2 5 1 1004 100 8311
16631 2 2 5 1 4613 8324 8405
16632 2 2 5 1 5202 5284 8723
16633 2 2 5 1 8447 5172 8585
16634 2 2 5 1 4452 7924 8241
16635 2 2 5 1 4347 8269 8393
16636 2 2 5 1 4478 8103 8652
16637 2 2 5 1 5083 8067 8768
16638 2 2 5 1 8242 4573 8501
16639 2 2 5 1 5755 8106 8590
16640 2 2 5 1 4918 8248 8816
16641 2 2 5 1 8249 4920 8817
16642 2 2 5 1 5870 6813 8504
16643 2 2 5 1 4530 4773 8322
16644 2 2 5 1 6119 8222 8648
16645 2 2 5 1 6057 5510 8487
16646 2 2 5 1 1574 5063 8324
16647 2 2 5 1 2431 8295 8310
16648 2 2 5 1 8106 5754 8789
16649 2 2 5 1 246 2562 8325
16650 2 2 5 1 8136 4484 8148
16651 2 2 5 1 5861 8275 8728
16652 2 2 5 1 2774 6849 8678
16653 2 2 5 1 6849 8674 8678
16654 2 2 5 1 5373 5462 8546
16655 2 2 5 1 3145 8313 8421
16656 2 2 5 1 5405 4862 8604
16657 2 2 5 1 4861 5406 8605
16658 2 2 5 1 5164 8671 8674
16659 2 2 5 1 5333 4982 8818
16660 2 2 5 1 4934 4933 8323
16661 2 2 5 1 6849 5164 8674
16662 2 2 5 1 4933 8315 8323
16663 2 2 5 1 4944 4657 8341
16664 2 2 5 1 4659 4945 8342
16665 2 2 5 1 4584 4836 8321
16666 2 2 5 1 8225 3153 8255
16667 2 2 5 1 5309 7982 8698
16668 2 2 5 1 5217 5031 8319
16669 2 2 5 1 5033 5216 8320
16670 2 2 5 1 3402 7530 8366
16671 2 2 5 1 5180 8116 8761
16672 2 2 5 1 6128 8259 8631
16673 2 2 5 1 4934 8323 8327
16674 2 2 5 1 348 8319 8554
16675 2 2 5 1 8320 114 8555
16676 2 2 5 1 4936 4934 8327
16677 2 2 5 1 8310 4584 8321
16678 2 2 5 1 4533 4804 8330
16679 2 2 5 1 4933 7620 8315
16680 2 2 5 1 4860 5291 8334
16681 2 2 5 1 7286 3906 8326
16682 2 2 5 1 7620 8303 8315
16683 2 2 5 1 2975 3757 8335
16684 2 2 5 1 8184 4262 8198
16685 2 2 5 1 8180 2269 8531
16686 2 2 5 1 5092 8457 8479
16687 2 2 5 1 3506 4006 8693
16688 2 2 5 1 4836 4899 8329
16689 2 2 5 1 8321 4836 8329
16690 2 2 5 1 4614 8098 8284
16691 2 2 5 1 5130 4936 8332
16692 2 2 5 1 452 451 8336
16693 2 2 5 1 464 5517 8493
16694 2 2 5 1 8236 4946 8277
16695 2 2 5 1 4585 8262 8703
16696 2 2 5 1 81 8107 8830
16697 2 2 5 1 8108 34 8831
16698 2 2 5 1 4565 7094 8331
16699 2 2 5 1 4936 8327 8332
16700 2 2 5 1 3654 6976 8339
16701 2 2 5 1 4786 5255 8358
16702 2 2 5 1 551 538 8328
16703 2 2 5 1 1173 8273 8651
16704 2 2 5 1 4601 8115 8753
16705 2 2 5 1 4954 8015 8668
16706 2 2 5 1 8014 4953 8667
16707 2 2 5 1 4961 8691 8752
16708 2 2 5 1 5453 421 8469
16709 2 2 5 1 2785 2650 8343
16710 2 2 5 1 6607 6608 8458
16711 2 2 5 1 15 1003 8333
16712 2 2 5 1 4807 4806 8409
16713 2 2 5 1 8375 3200 8408
16714 2 2 5 1 1257 5352 8695
16715 2 2 5 1 5305 5289 8654
16716 2 2 5 1 5360 1256 8694
16717 2 2 5 1 4877 8208 8226
16718 2 2 5 1 5455 5405 8604
16719 2 2 5 1 5406 5457 8605
16720 2 2 5 1 7289 4762 8455
16721 2 2 5 1 5154 5921 8345
16722 2 2 5 1 8159 5809 8241
16723 2 2 5 1 4385 7395 8338
16724 2 2 5 1 7396 4386 8337
16725 2 2 5 1 7924 8159 8241
16726 2 2 5 1 4849 8348 8366
16727 2 2 5 1 5479 5480 8504
16728 2 2 5 1 4103 3629 8346
16729 2 2 5 1 3626 4102 8347
16730 2 2 5 1 8126 5778 8475
16731 2 2 5 1 4819 5234 8365
16732 2 2 5 1 4849 7004 8348
16733 2 2 5 1 3584 5368 8732
16734 2 2 5 1 6821 467 8618
16735 2 2 5 1 5689 8135 8385
16736 2 2 5 1 4134 5951 8358
16737 2 2 5 1 3602 6805 8406
16738 2 2 5 1 2758 7721 8317
16739 2 2 5 1 5015 3967 8344
16740 2 2 5 1 2190 1848 8360
16741 2 2 5 1 4868 5765 8379
16742 2 2 5 1 5434 461 8447
16743 2 2 5 1 416 415 8359
16744 2 2 5 1 1173 7067 8682
16745 2 2 5 1 8360 5082 8470
16746 2 2 5 1 5299 4910 8813
16747 2 2 5 1 4859 7912 8305
16748 2 2 5 1 5523 7670 8572
16749 2 2 5 1 6259 6260 8505
16750 2 2 5 1 4843 5434 8447
16751 2 2 5 1 8636 8106 8789
16752 2 2 5 1 7876 5334 8589
16753 2 2 5 1 4620 8362 8479
16754 2 2 5 1 3139 6127 8721
16755 2 2 5 1 3960 4845 8355
16756 2 2 5 1 2819 340 8372
16757 2 2 5 1 4613 4849 8366
16758 2 2 5 1 3458 5092 8362
16759 2 2 5 1 2597 7938 8607
16760 2 2 5 1 5313 3994 8373
16761 2 2 5 1 8457 4551 8479
16762 2 2 5 1 3811 6749 8365
16763 2 2 5 1 762 5564 8387
16764 2 2 5 1 468 7246 8650
16765 2 2 5 1 7503 6090 8714
16766 2 2 5 1 5365 8278 8472
16767 2 2 5 1 4818 4421 8363
16768 2 2 5 1 7971 4583 8640
16769 2 2 5 1 4897 7097 8582
16770 2 2 5 1 2858 6966 8669
16771 2 2 5 1 5284 5285 8723
16772 2 2 5 1 343 344 8369
16773 2 2 5 1 8669 6966 8675
16774 2 2 5 1 6255 8641 8681
16775 2 2 5 1 6986 4958 8752
16776 2 2 5 1 6136 6137 8680
16777 2 2 5 1 4900 6136 8670
16778 2 2 5 1 8645 6248 8677
16779 2 2 5 1 433 432 8374
16780 2 2 5 1 5046 7231 8834
16781 2 2 5 1 5076 5074 8658
16782 2 2 5 1 5110 5076 8655
16783 2 2 5 1 4929 8163 8828
16784 2 2 5 1 7911 4684 8662
16785 2 2 5 1 6966 2414 8675
16786 2 2 5 1 8152 5089 8621
16787 2 2 5 1 4958 5081 8764
16788 2 2 5 1 726 744 8378
16789 2 2 5 1 5859 1877 8786
16790 2 2 5 1 1585 5657 8436
16791 2 2 5 1 8670 6136 8680
16792 2 2 5 1 7183 5658 8371
16793 2 2 5 1 7055 968 8664
16794 2 2 5 1 424 423 8377
16795 2 2 5 1 3829 6855 8417
16796 2 2 5 1 4624 6539 8381
16797 2 2 5 1 8655 5076 8658
16798 2 2 5 1 8752 4958 8764
16799 2 2 5 1 5760 4449 8383
16800 2 2 5 1 6230 3604 8471
16801 2 2 5 1 6360 6358 8384
16802 2 2 5 1 3738 3737 8367
16803 2 2 5 1 3731 3732 8368
16804 2 2 5 1 523 536 8361
16805 2 2 5 1 4987 4988 8392
16806 2 2 5 1 4930 4929 8370
16807 2 2 5 1 8420 5093 8434
16808 2 2 5 1 4154 5095 8720
16809 2 2 5 1 8067 5083 8755
16810 2 2 5 1 7905 3200 8375
16811 2 2 5 1 5463 5971 8562
16812 2 2 5 1 1271 5493 8478
16813 2 2 5 1 5861 5859 8782
16814 2 2 5 1 7670 1285 8572
16815 2 2 5 1 7638 4930 8357
16816 2 2 5 1 4681 5760 8399
16817 2 2 5 1 1927 2869 8779
16818 2 2 5 1 6735 2559 8594
16819 2 2 5 1 1497 7682 8724
16820 2 2 5 1 5517 5523 8493
16821 2 2 5 1 8353 1281 8799
16822 2 2 5 1 6031 6030 8439
16823 2 2 5 1 7940 2560 8635
16824 2 2 5 1 4681 8399 8419
16825 2 2 5 1 6359 4040 8474
16826 2 2 5 1 5760 8383 8399
16827 2 2 5 1 4502 8213 8823
16828 2 2 5 1 6124 8184 8198
16829 2 2 5 1 5059 8152 8673
16830 2 2 5 1 3847 4591 8385
16831 2 2 5 1 8301 2553 8571
16832 2 2 5 1 8412 4672 8598
16833 2 2 5 1 3823 4297 8389
16834 2 2 5 1 4675 8413 8599
16835 2 2 5 1 7631 5305 8654
16836 2 2 5 1 4810 5542 8400
16837 2 2 5 1 7512 4522 8506
16838 2 2 5 1 3055 7103 8391
16839 2 2 5 1 436 8237 8610
16840 2 2 5 1 6446 3637 8386
16841 2 2 5 1 4892 5058 8401
16842 2 2 5 1 4655 7571 8376
16843 2 2 5 1 7710 4897 8582
16844 2 2 5 1 7097 7826 8582
16845 2 2 5 1 1295 1189 8394
16846 2 2 5 1 5765 3159 8416
16847 2 2 5 1 8421 6031 8439
16848 2 2 5 1 3593 7843 8349
16849 2 2 5 1 2598 6741 8395
16850 2 2 5 1 5308 5309 8403
16851 2 2 5 1 3845 6132 8460
16852 2 2 5 1 3052 5901 8402
16853 2 2 5 1 5611 8379 8416
16854 2 2 5 1 7644 5373 8546
16855 2 2 5 1 26 27 8397
16856 2 2 5 1 88 89 8398
16857 2 2 5 1 4373 7445 8388
16858 2 2 5 1 8379 5765 8416
16859 2 2 5 1 3145 7448 8393
16860 2 2 5 1 53 8245 8629
16861 2 2 5 1 5024 8410 8431
16862 2 2 5 1 8367 3737 8380
16863 2 2 5 1 3731 8368 8382
16864 2 2 5 1 3545 3548 8396
16865 2 2 5 1 8439 6030 8462
16866 2 2 5 1 6952 2947 8403
16867 2 2 5 1 5546 803 8515
16868 2 2 5 1 463 6820 8573
16869 2 2 5 1 4986 8796 8801
16870 2 2 5 1 8782 5859 8786
16871 2 2 5 1 3052 8402 8412
16872 2 2 5 1 4636 3590 8404
16873 2 2 5 1 8405 5063 8426
16874 2 2 5 1 3737 7635 8380
16875 2 2 5 1 7646 3731 8382
16876 2 2 5 1 1581 1585 8407
16877 2 2 5 1 4856 5278 8406
16878 2 2 5 1 6739 2597 8607
16879 2 2 5 1 467 7880 8618
16880 2 2 5 1 804 5550 8522
16881 2 2 5 1 8240 3654 8339
16882 2 2 5 1 8392 3159 8452
16883 2 2 5 1 6570 2234 8409
16884 2 2 5 1 7971 497 8710
16885 2 2 5 1 2249 8187 8252
16886 2 2 5 1 4839 5439 8446
16887 2 2 5 1 4234 5079 8689
16888 2 2 5 1 5609 5611 8416
16889 2 2 5 1 3956 3954 8405
16890 2 2 5 1 2246 7542 8544
16891 2 2 5 1 5063 7562 8426
16892 2 2 5 1 8015 495 8668
16893 2 2 5 1 496 8014 8667
16894 2 2 5 1 6582 1272 8459
16895 2 2 5 1 5199 3052 8412
16896 2 2 5 1 3053 5200 8413
16897 2 2 5 1 6525 6517 8415
16898 2 2 5 1 4853 4851 8414
16899 2 2 5 1 6728 6727 8417
16900 2 2 5 1 7857 5046 8834
16901 2 2 5 1 6030 6038 8462
16902 2 2 5 1 3915 7951 8630
16903 2 2 5 1 1766 1642 8418
16904 2 2 5 1 3200 3201 8408
16905 2 2 5 1 473 6580 8552
16906 2 2 5 1 494 7644 8546
16907 2 2 5 1 5589 2892 8480
16908 2 2 5 1 7982 6293 8698
16909 2 2 5 1 4866 4681 8419
16910 2 2 5 1 8083 4827 8295
16911 2 2 5 1 421 420 8469
16912 2 2 5 1 6273 6272 8440
16913 2 2 5 1 4911 4667 8422
16914 2 2 5 1 1254 8334 8364
16915 2 2 5 1 5848 519 8427
16916 2 2 5 1 5493 5444 8478
16917 2 2 5 1 8641 5418 8681
16918 2 2 5 1 5424 8645 8677
16919 2 2 5 1 2559 7800 8594
16920 2 2 5 1 7542 5879 8544
16921 2 2 5 1 4450 6936 8423
16922 2 2 5 1 8208 3529 8226
16923 2 2 5 1 8426 7562 8444
16924 2 2 5 1 3956 8405 8426
16925 2 2 5 1 3503 3177 8425
16926 2 2 5 1 5611 7802 8379
16927 2 2 5 1 4145 5466 8835
16928 2 2 5 1 2738 8118 8713
16929 2 2 5 1 3143 2805 8421
16930 2 2 5 1 8408 3201 8424
16931 2 2 5 1 4903 4902 8428
16932 2 2 5 1 1774 1792 8432
16933 2 2 5 1 7733 463 8573
16934 2 2 5 1 8432 1792 8443
16935 2 2 5 1 7922 468 8650
16936 2 2 5 1 412 411 8429
16937 2 2 5 1 5289 5115 8654
16938 2 2 5 1 6834 2201 8430
16939 2 2 5 1 7215 8489 8497
16940 2 2 5 1 5032 7961 8652
16941 2 2 5 1 3201 3433 8424
16942 2 2 5 1 8105 4551 8457
16943 2 2 5 1 3634 4549 8433
16944 2 2 5 1 428 427 8435
16945 2 2 5 1 4799 3956 8426
16946 2 2 5 1 525 517 8411
16947 2 2 5 1 6822 3019 8637
16948 2 2 5 1 6415 6417 8509
16949 2 2 5 1 5093 5094 8434
16950 2 2 5 1 5 511 8749
16951 2 2 5 1 7215 2190 8489
16952 2 2 5 1 2564 6444 8437
16953 2 2 5 1 7826 502 8582
16954 2 2 5 1 7703 473 8552
16955 2 2 5 1 7570 4986 8801
16956 2 2 5 1 2834 2930 8452
16957 2 2 5 1 8256 5813 8274
16958 2 2 5 1 5023 5024 8431
16959 2 2 5 1 7938 5018 8607
16960 2 2 5 1 3020 6823 8640
16961 2 2 5 1 3143 8421 8439
16962 2 2 5 1 7325 3430 8778
16963 2 2 5 1 1792 1806 8443
16964 2 2 5 1 55 56 8464
16965 2 2 5 1 7291 3143 8439
16966 2 2 5 1 5981 8190 8618
16967 2 2 5 1 4799 8426 8444
16968 2 2 5 1 3431 7339 8750
16969 2 2 5 1 4646 5589 8480
16970 2 2 5 1 8141 459 8756
16971 2 2 5 1 460 8142 8757
16972 2 2 5 1 7713 4862 8697
16973 2 2 5 1 4861 7711 8696
16974 2 2 5 1 3886 3935 8440
16975 2 2 5 1 4893 5264 8517
16976 2 2 5 1 4738 4736 8442
16977 2 2 5 1 6419 6415 8509
16978 2 2 5 1 7916 4880 8506
16979 2 2 5 1 6050 4871 8459
16980 2 2 5 1 8730 3431 8750
16981 2 2 5 1 7428 3431 8730
16982 2 2 5 1 1408 6725 8446
16983 2 2 5 1 4845 4844 8454
16984 2 2 5 1 2735 2733 8445
16985 2 2 5 1 2190 8470 8489
16986 2 2 5 1 7797 2771 8562
16987 2 2 5 1 4738 8442 8456
16988 2 2 5 1 5023 8431 8438
16989 2 2 5 1 5319 3528 8538
16990 2 2 5 1 4980 5786 8451
16991 2 2 5 1 4485 4211 8449
16992 2 2 5 1 481 431 8450
16993 2 2 5 1 8336 535 8684
16994 2 2 5 1 6267 6266 8455
16995 2 2 5 1 4985 4799 8444
16996 2 2 5 1 7291 8439 8462
16997 2 2 5 1 3114 7211 8472
16998 2 2 5 1 7562 1580 8444
16999 2 2 5 1 3513 7215 8497
17000 2 2 5 1 3513 8497 8512
17001 2 2 5 1 7588 5023 8438
17002 2 2 5 1 2748 8541 8702
17003 2 2 5 1 8543 2749 8704
17004 2 2 5 1 3430 7423 8759
17005 2 2 5 1 4880 4738 8456
17006 2 2 5 1 8194 4614 8284
17007 2 2 5 1 7325 8778 8794
17008 2 2 5 1 3526 4502 8458
17009 2 2 5 1 6534 8172 8548
17010 2 2 5 1 4002 5418 8641
17011 2 2 5 1 5717 7940 8635
17012 2 2 5 1 8750 7339 8776
17013 2 2 5 1 5092 5093 8457
17014 2 2 5 1 5424 4005 8645
17015 2 2 5 1 2953 6908 8461
17016 2 2 5 1 8407 1585 8436
17017 2 2 5 1 3093 8194 8284
17018 2 2 5 1 6330 4444 8520
17019 2 2 5 1 7895 6739 8607
17020 2 2 5 1 7231 3513 8512
17021 2 2 5 1 5528 5525 8464
17022 2 2 5 1 4820 4822 8465
17023 2 2 5 1 5485 3202 8825
17024 2 2 5 1 4465 6941 8463
17025 2 2 5 1 6356 6355 8476
17026 2 2 5 1 1538 1656 8466
17027 2 2 5 1 1272 368 8467
17028 2 2 5 1 6994 7204 8485
17029 2 2 5 1 5378 5381 8503
17030 2 2 5 1 5327 5453 8469
17031 2 2 5 1 4953 5488 8667
17032 2 2 5 1 5489 4954 8668
17033 2 2 5 1 4620 7291 8462
17034 2 2 5 1 5840 8177 8766
17035 2 2 5 1 656 2451 8468
17036 2 2 5 1 5364 5365 8472
17037 2 2 5 1 8297 5163 8298
17038 2 2 5 1 6355 6928 8476
17039 2 2 5 1 7204 4555 8485
17040 2 2 5 1 1495 7325 8794
17041 2 2 5 1 8492 4454 8500
17042 2 2 5 1 4621 5011 8470
17043 2 2 5 1 4984 5966 8713
17044 2 2 5 1 7339 1693 8776
17045 2 2 5 1 5902 5904 8587
17046 2 2 5 1 1254 8227 8331
17047 2 2 5 1 4429 7588 8453
17048 2 2 5 1 7128 2981 8477
17049 2 2 5 1 5996 5995 8542
17050 2 2 5 1 5172 5977 8585
17051 2 2 5 1 6581 1271 8478
17052 2 2 5 1 6928 4445 8476
17053 2 2 5 1 4586 8256 8274
17054 2 2 5 1 3604 7357 8471
17055 2 2 5 1 5672 5673 8507
17056 2 2 5 1 8123 5064 8715
17057 2 2 5 1 7588 8438 8453
17058 2 2 5 1 4582 8236 8277
17059 2 2 5 1 3566 6100 8542
17060 2 2 5 1 8257 4983 8700
17061 2 2 5 1 7299 4834 8474
17062 2 2 5 1 8489 7155 8497
17063 2 2 5 1 7662 6330 8520
17064 2 2 5 1 6816 2613 8532
17065 2 2 5 1 3430 8759 8778
17066 2 2 5 1 2892 6953 8480
17067 2 2 5 1 4551 3836 8479
17068 2 2 5 1 1819 509 8511
17069 2 2 5 1 4912 7669 8499
17070 2 2 5 1 5880 5881 8488
17071 2 2 5 1 4555 5311 8485
17072 2 2 5 1 6884 3691 8486
17073 2 2 5 1 5011 7155 8489
17074 2 2 5 1 8472 7211 8732
17075 2 2 5 1 4599 3837 8475
17076 2 2 5 1 8622 4937 8643
17077 2 2 5 1 5971 7797 8562
17078 2 2 5 1 8254 5325 8282
17079 2 2 5 1 6819 1283 8487
17080 2 2 5 1 6305 2174 8526
17081 2 2 5 1 540 5852 8502
17082 2 2 5 1 8238 1285 8784
17083 2 2 5 1 8502 5852 8514
17084 2 2 5 1 32 1382 8490
17085 2 2 5 1 1383 83 8491
17086 2 2 5 1 8297 4903 8428
17087 2 2 5 1 3202 8701 8825
17088 2 2 5 1 51 464 8493
17089 2 2 5 1 5109 4866 8481
17090 2 2 5 1 8030 1930 8626
17091 2 2 5 1 4902 4837 8494
17092 2 2 5 1 8470 5011 8489
17093 2 2 5 1 7951 4957 8630
17094 2 2 5 1 7442 1773 8535
17095 2 2 5 1 459 30 8495
17096 2 2 5 1 85 460 8496
17097 2 2 5 1 5136 7532 8814
17098 2 2 5 1 5381 7551 8503
17099 2 2 5 1 4862 7713 8604
17100 2 2 5 1 7711 4861 8605
17101 2 2 5 1 6308 6306 8531
17102 2 2 5 1 3850 3851 8499
17103 2 2 5 1 8357 4930 8372
17104 2 2 5 1 7785 6893 8510
17105 2 2 5 1 375 1408 8498
17106 2 2 5 1 5852 5851 8514
17107 2 2 5 1 8497 5129 8512
17108 2 2 5 1 7551 800 8503
17109 2 2 5 1 4454 4295 8500
17110 2 2 5 1 7155 5129 8497
17111 2 2 5 1 8222 4913 8648
17112 2 2 5 1 6813 799 8504
17113 2 2 5 1 2593 6718 8508
17114 2 2 5 1 7669 3850 8499
17115 2 2 5 1 3897 4765 8505
17116 2 2 5 1 5364 8472 8732
17117 2 2 5 1 1656 6240 8513
17118 2 2 5 1 4571 5016 8501
17119 2 2 5 1 4538 6568 8528
17120 2 2 5 1 8531 6306 8783
17121 2 2 5 1 6888 3849 8510
17122 2 2 5 1 8471 7357 8507
17123 2 2 5 1 1249 325 8521
17124 2 2 5 1 5135 5136 8814
17125 2 2 5 1 3528 6357 8538
17126 2 2 5 1 5129 5130 8512
17127 2 2 5 1 1317 1328 8519
17128 2 2 5 1 1326 1315 8518
17129 2 2 5 1 4599 8475 8523
17130 2 2 5 1 4727 3270 8516
17131 2 2 5 1 8272 3917 8448
17132 2 2 5 1 7532 481 8814
17133 2 2 5 1 803 347 8554
17134 2 2 5 1 115 804 8555
17135 2 2 5 1 6255 5199 8641
17136 2 2 5 1 7799 4650 8532
17137 2 2 5 1 8318 4957 8822
17138 2 2 5 1 7961 5181 8652
17139 2 2 5 1 8255 7646 8390
17140 2 2 5 1 1317 8519 8540
17141 2 2 5 1 8518 1315 8539
17142 2 2 5 1 8525 3913 8533
17143 2 2 5 1 5019 5259 8568
17144 2 2 5 1 7357 3463 8507
17145 2 2 5 1 6120 3913 8525
17146 2 2 5 1 419 418 8524
17147 2 2 5 1 5200 6248 8645
17148 2 2 5 1 6171 8530 8533
17149 2 2 5 1 5367 5366 8762
17150 2 2 5 1 6171 6172 8530
17151 2 2 5 1 6683 2563 8529
17152 2 2 5 1 3913 6171 8533
17153 2 2 5 1 5143 8531 8783
17154 2 2 5 1 508 515 8473
17155 2 2 5 1 4920 8342 8817
17156 2 2 5 1 8341 4918 8816
17157 2 2 5 1 4291 3648 8527
17158 2 2 5 1 1315 1289 8539
17159 2 2 5 1 5238 5326 8535
17160 2 2 5 1 1291 1317 8540
17161 2 2 5 1 6128 2774 8678
17162 2 2 5 1 5214 5215 8565
17163 2 2 5 1 4979 5257 8541
17164 2 2 5 1 8054 189 8614
17165 2 2 5 1 1638 2532 8536
17166 2 2 5 1 3585 3299 8534
17167 2 2 5 1 5258 4971 8543
17168 2 2 5 1 4752 7827 8528
17169 2 2 5 1 4147 5207 8517
17170 2 2 5 1 2613 7799 8532
17171 2 2 5 1 6120 8525 8559
17172 2 2 5 1 5520 7702 8815
17173 2 2 5 1 4956 4599 8523
17174 2 2 5 1 8107 1383 8736
17175 2 2 5 1 3282 8212 8734
17176 2 2 5 1 3019 7980 8637
17177 2 2 5 1 5411 2285 8676
17178 2 2 5 1 5879 5269 8544
17179 2 2 5 1 1382 8108 8740
17180 2 2 5 1 4671 7703 8552
17181 2 2 5 1 4445 3638 8547
17182 2 2 5 1 3624 4250 8537
17183 2 2 5 1 7936 2595 8551
17184 2 2 5 1 5311 7065 8545
17185 2 2 5 1 7646 8382 8390
17186 2 2 5 1 7017 494 8546
17187 2 2 5 1 514 507 8549
17188 2 2 5 1 3105 6888 8550
17189 2 2 5 1 4914 5241 8551
17190 2 2 5 1 997 8242 8501
17191 2 2 5 1 7983 3020 8640
17192 2 2 5 1 5031 4769 8515
17193 2 2 5 1 7678 7428 8730
17194 2 2 5 1 4529 3583 8553
17195 2 2 5 1 546 6120 8559
17196 2 2 5 1 8128 3952 8685
17197 2 2 5 1 5298 7662 8520
17198 2 2 5 1 8104 4899 8390
17199 2 2 5 1 304 305 8556
17200 2 2 5 1 4913 3506 8693
17201 2 2 5 1 4967 4969 8557
17202 2 2 5 1 4977 4975 8558
17203 2 2 5 1 8556 305 8567
17204 2 2 5 1 3997 7941 8565
17205 2 2 5 1 4517 5840 8560
17206 2 2 5 1 4771 5033 8522
17207 2 2 5 1 461 7968 8683
17208 2 2 5 1 7942 1865 8568
17209 2 2 5 1 534 522 8561
17210 2 2 5 1 301 302 8564
17211 2 2 5 1 8349 7843 8723
17212 2 2 5 1 569 653 8563
17213 2 2 5 1 6734 788 8566
17214 2 2 5 1 8223 5228 8781
17215 2 2 5 1 305 306 8567
17216 2 2 5 1 8564 302 8570
17217 2 2 5 1 5014 7503 8714
17218 2 2 5 1 2290 5299 8813
17219 2 2 5 1 8454 3173 8751
17220 2 2 5 1 5288 5286 8571
17221 2 2 5 1 302 303 8570
17222 2 2 5 1 6545 6544 8575
17223 2 2 5 1 4930 8370 8372
17224 2 2 5 1 8370 5218 8807
17225 2 2 5 1 4967 8557 8583
17226 2 2 5 1 7800 4846 8594
17227 2 2 5 1 4962 5172 8683
17228 2 2 5 1 3849 7785 8510
17229 2 2 5 1 8558 4975 8584
17230 2 2 5 1 5929 1138 8747
17231 2 2 5 1 1137 5931 8746
17232 2 2 5 1 7423 7676 8759
17233 2 2 5 1 4883 4881 8569
17234 2 2 5 1 7630 1661 8483
17235 2 2 5 1 1660 7712 8484
17236 2 2 5 1 1285 49 8572
17237 2 2 5 1 2558 8577 8578
17238 2 2 5 1 8579 499 8580
17239 2 2 5 1 6328 2558 8578
17240 2 2 5 1 5091 5709 8613
17241 2 2 5 1 6357 499 8579
17242 2 2 5 1 6328 8578 8580
17243 2 2 5 1 2558 6542 8577
17244 2 2 5 1 3863 6884 8574
17245 2 2 5 1 499 6328 8580
17246 2 2 5 1 4675 4843 8585
17247 2 2 5 1 4965 4967 8583
17248 2 2 5 1 5024 8083 8410
17249 2 2 5 1 502 7710 8582
17250 2 2 5 1 4975 4973 8584
17251 2 2 5 1 66 1284 8581
17252 2 2 5 1 6009 4798 8592
17253 2 2 5 1 5199 8598 8641
17254 2 2 5 1 7702 3501 8815
17255 2 2 5 1 8370 2819 8372
17256 2 2 5 1 3812 3995 8586
17257 2 2 5 1 8599 5200 8645
17258 2 2 5 1 5524 5526 8729
17259 2 2 5 1 8269 6035 8393
17260 2 2 5 1 5866 3092 8609
17261 2 2 5 1 1154 1105 8595
17262 2 2 5 1 1107 1156 8596
17263 2 2 5 1 7980 4870 8637
17264 2 2 5 1 380 379 8593
17265 2 2 5 1 7827 4538 8528
17266 2 2 5 1 5709 8602 8613
17267 2 2 5 1 8259 4253 8631
17268 2 2 5 1 5709 4917 8602
17269 2 2 5 1 4789 7538 8576
17270 2 2 5 1 761 755 8597
17271 2 2 5 1 4000 4002 8598
17272 2 2 5 1 4005 4003 8599
17273 2 2 5 1 7880 5981 8618
17274 2 2 5 1 3608 3841 8590
17275 2 2 5 1 4196 6795 8601
17276 2 2 5 1 4196 8601 8603
17277 2 2 5 1 789 8316 8772
17278 2 2 5 1 7113 6274 8600
17279 2 2 5 1 8538 6357 8579
17280 2 2 5 1 2441 132 8621
17281 2 2 5 1 6792 4196 8603
17282 2 2 5 1 5674 1529 8805
17283 2 2 5 1 5018 7895 8607
17284 2 2 5 1 5052 5051 8628
17285 2 2 5 1 4887 5035 8606
17286 2 2 5 1 7918 4454 8492
17287 2 2 5 1 6137 5080 8682
17288 2 2 5 1 371 370 8608
17289 2 2 5 1 688 714 8591
17290 2 2 5 1 8628 5051 8649
17291 2 2 5 1 437 436 8610
17292 2 2 5 1 5043 8250 8676
17293 2 2 5 1 8701 5226 8825
17294 2 2 5 1 7077 7922 8650
17295 2 2 5 1 3072 443 8616
17296 2 2 5 1 190 3997 8614
17297 2 2 5 1 273 3998 8615
17298 2 2 5 1 4981 5265 8624
17299 2 2 5 1 8404 6344 8790
17300 2 2 5 1 8234 2813 8739
17301 2 2 5 1 4583 7983 8640
17302 2 2 5 1 5954 8105 8420
17303 2 2 5 1 5029 1965 8791
17304 2 2 5 1 4922 7533 8619
17305 2 2 5 1 5164 3196 8620
17306 2 2 5 1 6746 8395 8792
17307 2 2 5 1 2814 8235 8743
17308 2 2 5 1 1965 1927 8779
17309 2 2 5 1 8273 5174 8651
17310 2 2 5 1 1390 410 8623
17311 2 2 5 1 4568 7733 8573
17312 2 2 5 1 5718 5717 8635
17313 2 2 5 1 7087 4908 8625
17314 2 2 5 1 4008 4084 8633
17315 2 2 5 1 5037 5235 8626
17316 2 2 5 1 4086 4010 8634
17317 2 2 5 1 7810 5674 8751
17318 2 2 5 1 6127 6126 8631
17319 2 2 5 1 1302 1101 8627
17320 2 2 5 1 4910 5237 8813
17321 2 2 5 1 52 53 8629
17322 2 2 5 1 6092 5958 8647
17323 2 2 5 1 6248 2749 8677
17324 2 2 5 1 6133 4018 8648
17325 2 2 5 1 8642 6092 8647
17326 2 2 5 1 5051 7159 8649
17327 2 2 5 1 4957 4950 8630
17328 2 2 5 1 4703 8381 8795
17329 2 2 5 1 5181 4478 8652
17330 2 2 5 1 5171 4030 8639
17331 2 2 5 1 3860 6092 8642
17332 2 2 5 1 5958 5959 8646
17333 2 2 5 1 5958 8646 8647
17334 2 2 5 1 61 62 8638
17335 2 2 5 1 7024 3899 8770
17336 2 2 5 1 5818 5816 8653
17337 2 2 5 1 2748 6255 8681
17338 2 2 5 1 716 690 8617
17339 2 2 5 1 8213 6522 8823
17340 2 2 5 1 5543 5226 8701
17341 2 2 5 1 8377 1282 8797
17342 2 2 5 1 1256 113 8733
17343 2 2 5 1 134 500 8673
17344 2 2 5 1 349 1257 8735
17345 2 2 5 1 5616 5012 8739
17346 2 2 5 1 5089 7301 8612
17347 2 2 5 1 1302 8627 8632
17348 2 2 5 1 1058 1034 8651
17349 2 2 5 1 5866 8609 8727
17350 2 2 5 1 5930 2433 8660
17351 2 2 5 1 2432 5928 8661
17352 2 2 5 1 1281 8359 8799
17353 2 2 5 1 5220 5424 8677
17354 2 2 5 1 8275 4795 8728
17355 2 2 5 1 4195 7911 8662
17356 2 2 5 1 5526 7720 8729
17357 2 2 5 1 7431 1302 8632
17358 2 2 5 1 5418 5219 8681
17359 2 2 5 1 7060 2857 8655
17360 2 2 5 1 4585 3701 8666
17361 2 2 5 1 4894 6814 8656
17362 2 2 5 1 5074 4900 8664
17363 2 2 5 1 6239 5721 8809
17364 2 2 5 1 2977 2306 8665
17365 2 2 5 1 6947 2858 8663
17366 2 2 5 1 8674 4922 8678
17367 2 2 5 1 4901 6792 8669
17368 2 2 5 1 968 7060 8658
17369 2 2 5 1 4901 8669 8675
17370 2 2 5 1 8671 4017 8674
17371 2 2 5 1 5095 4901 8675
17372 2 2 5 1 4016 4017 8671
17373 2 2 5 1 4017 4922 8674
17374 2 2 5 1 5948 2432 8687
17375 2 2 5 1 7060 8655 8658
17376 2 2 5 1 2432 8661 8687
17377 2 2 5 1 1688 1541 8672
17378 2 2 5 1 2860 8670 8680
17379 2 2 5 1 4982 5201 8818
17380 2 2 5 1 8288 6362 8770
17381 2 2 5 1 7082 6844 8659
17382 2 2 5 1 4937 7431 8643
17383 2 2 5 1 2860 7055 8670
17384 2 2 5 1 8660 2433 8688
17385 2 2 5 1 7431 8632 8643
17386 2 2 5 1 8262 6107 8703
17387 2 2 5 1 7308 4529 8657
17388 2 2 5 1 7067 2860 8680
17389 2 2 5 1 5804 5021 8736
17390 2 2 5 1 8659 6844 8686
17391 2 2 5 1 5259 7942 8568
17392 2 2 5 1 5673 5671 8684
17393 2 2 5 1 6950 4959 8685
17394 2 2 5 1 1535 2489 8702
17395 2 2 5 1 5216 5322 8694
17396 2 2 5 1 2469 1536 8704
17397 2 2 5 1 5323 5217 8695
17398 2 2 5 1 3866 4391 8690
17399 2 2 5 1 5022 5802 8740
17400 2 2 5 1 8420 8105 8457
17401 2 2 5 1 5057 6180 8799
17402 2 2 5 1 8690 4391 8712
17403 2 2 5 1 4548 4232 8692
17404 2 2 5 1 6844 3470 8686
17405 2 2 5 1 7964 462 8717
17406 2 2 5 1 6055 5084 8707
17407 2 2 5 1 8686 3470 8691
17408 2 2 5 1 475 5710 8810
17409 2 2 5 1 2433 5949 8688
17410 2 2 5 1 8111 2738 8713
17411 2 2 5 1 3470 4755 8691
17412 2 2 5 1 8072 272 8615
17413 2 2 5 1 4522 5059 8679
17414 2 2 5 1 8706 1100 8711
17415 2 2 5 1 2819 8370 8807
17416 2 2 5 1 492 5747 8796
17417 2 2 5 1 6293 6319 8698
17418 2 2 5 1 7027 466 8700
17419 2 2 5 1 1057 1100 8706
17420 2 2 5 1 8069 496 8667
17421 2 2 5 1 495 8070 8668
17422 2 2 5 1 1100 1152 8711
17423 2 2 5 1 7665 5448 8644
17424 2 2 5 1 5013 5617 8743
17425 2 2 5 1 7941 5214 8565
17426 2 2 5 1 7044 7876 8589
17427 2 2 5 1 5761 5762 8753
17428 2 2 5 1 286 287 8709
17429 2 2 5 1 8103 1819 8511
17430 2 2 5 1 70 71 8708
17431 2 2 5 1 4391 4417 8712
17432 2 2 5 1 8598 4002 8641
17433 2 2 5 1 4005 8599 8645
17434 2 2 5 1 695 7419 8804
17435 2 2 5 1 7417 696 8803
17436 2 2 5 1 3952 3527 8715
17437 2 2 5 1 4577 7593 8699
17438 2 2 5 1 5710 8807 8810
17439 2 2 5 1 4795 3895 8703
17440 2 2 5 1 5615 5102 8812
17441 2 2 5 1 6011 2443 8745
17442 2 2 5 1 3108 4577 8718
17443 2 2 5 1 8796 5747 8801
17444 2 2 5 1 5144 6300 8724
17445 2 2 5 1 5241 7936 8551
17446 2 2 5 1 6244 6243 8797
17447 2 2 5 1 6011 8745 8748
17448 2 2 5 1 6089 5990 8722
17449 2 2 5 1 5077 5110 8720
17450 2 2 5 1 6107 5862 8728
17451 2 2 5 1 4777 5097 8721
17452 2 2 5 1 5020 335 8760
17453 2 2 5 1 4126 5866 8727
17454 2 2 5 1 5380 7884 8588
17455 2 2 5 1 5488 8069 8667
17456 2 2 5 1 8070 5489 8668
17457 2 2 5 1 1965 8779 8791
17458 2 2 5 1 7916 8506 8679
17459 2 2 5 1 327 501 8761
17460 2 2 5 1 2443 8741 8745
17461 2 2 5 1 3677 6928 8795
17462 2 2 5 1 5069 5068 8756
17463 2 2 5 1 5072 5073 8757
17464 2 2 5 1 2443 6001 8741
17465 2 2 5 1 5522 5524 8729
17466 2 2 5 1 5710 2819 8807
17467 2 2 5 1 992 6011 8748
17468 2 2 5 1 1306 6042 8764
17469 2 2 5 1 5079 8253 8689
17470 2 2 5 1 5754 5759 8789
17471 2 2 5 1 8712 4417 8828
17472 2 2 5 1 5747 5020 8801
17473 2 2 5 1 8313 6031 8421
17474 2 2 5 1 5275 5276 8734
17475 2 2 5 1 4948 5091 8750
17476 2 2 5 1 5235 8030 8626
17477 2 2 5 1 4989 4991 8744
17478 2 2 5 1 5068 8141 8756
17479 2 2 5 1 8142 5072 8757
17480 2 2 5 1 7211 3584 8732
17481 2 2 5 1 5091 8730 8750
17482 2 2 5 1 5717 5182 8771
17483 2 2 5 1 4986 4420 8716
17484 2 2 5 1 152 153 8754
17485 2 2 5 1 8334 5291 8364
17486 2 2 5 1 2824 2436 8758
17487 2 2 5 1 6042 4961 8752
17488 2 2 5 1 5083 5025 8755
17489 2 2 5 1 497 7561 8710
17490 2 2 5 1 4964 5195 8746
17491 2 2 5 1 5196 4972 8747
17492 2 2 5 1 8774 784 8775
17493 2 2 5 1 77 78 8763
17494 2 2 5 1 37 38 8767
17495 2 2 5 1 8083 8295 8410
17496 2 2 5 1 784 6335 8775
17497 2 2 5 1 8775 6335 8777
17498 2 2 5 1 7987 5143 8783
17499 2 2 5 1 7645 5083 8768
17500 2 2 5 1 6336 784 8774
17501 2 2 5 1 4619 6925 8766
17502 2 2 5 1 6335 2555 8777
17503 2 2 5 1 4941 8272 8448
17504 2 2 5 1 336 337 8781
17505 2 2 5 1 4948 8750 8776
17506 2 2 5 1 5017 5018 8772
17507 2 2 5 1 6334 7088 8773
17508 2 2 5 1 6042 8752 8764
17509 2 2 5 1 5045 5044 8765
17510 2 2 5 1 5780 5050 8784
17511 2 2 5 1 4589 4590 8790
17512 2 2 5 1 6306 6305 8783
17513 2 2 5 1 2442 5999 8793
17514 2 2 5 1 7884 4906 8611
17515 2 2 5 1 835 902 8811
17516 2 2 5 1 3933 7576 8726
17517 2 2 5 1 3916 4246 8787
17518 2 2 5 1 1976 2263 8798
17519 2 2 5 1 4507 5 8749
17520 2 2 5 1 8800 292 8802
17521 2 2 5 1 291 292 8800
17522 2 2 5 1 8778 4963 8794
17523 2 2 5 1 292 293 8802
17524 2 2 5 1 1887 1885 8827
17525 2 2 5 1 2777 4145 8819
17526 2 2 5 1 4417 5218 8828
17527 2 2 5 1 749 751 8821
17528 2 2 5 1 7968 4962 8683
17529 2 2 5 1 3230 2974 8806
17530 2 2 5 1 6522 6524 8823
17531 2 2 5 1 4629 3846 8785
17532 2 2 5 1 6797 2585 8822
17533 2 2 5 1 80 81 8830
17534 2 2 5 1 34 35 8831
17535 2 2 5 1 7311 3661 8782
17536 2 2 5 1 8324 5063 8405
17537 2 2 5 1 5207 4948 8776
17538 2 2 5 1 7159 4963 8778
17539 2 2 5 1 8319 5031 8554
17540 2 2 5 1 5033 8320 8555
17541 2 2 5 1 5123 5122 8832
17542 2 2 5 1 5227 7311 8786
17543 2 2 5 1 8295 5834 8410
17544 2 2 5 1 3893 4781 8833
17545 2 2 5 1 5217 8319 8735
17546 2 2 5 1 8320 5216 8733
17547 2 2 5 1 5226 5015 8825
17548 2 2 5 1 4963 5224 8794
17549 2 2 5 1 5966 8111 8713
17550 2 2 5 1 5286 8301 8571
17551 2 2 5 1 3868 4617 8826
17552 2 2 5 1 5265 6144 8791
17553 2 2 5 1 8125 1390 8623
17554 2 2 5 1 8190 6821 8618
17555 2 2 5 1 4780 7349 8829
17556 2 2 5 1 7311 8782 8786
17557 2 2 5 1 5334 5333 8818
17558 2 2 5 1 3997 8054 8614
17559 2 2 5 1 3527 8123 8715
17560 2 2 5 1 4651 7800 8719
17561 2 2 5 1 8759 7159 8778
17562 2 2 5 1 7537 4388 8820
17563 2 2 5 1 463 7733 8788
17564 2 2 5 1 8177 4619 8766
17565 2 2 5 1 7713 3074 8604
17566 2 2 5 1 3075 7711 8605
17567 2 2 5 1 4425 7570 8808
17568 2 2 5 1 8779 5265 8791
17569 2 2 5 1 7843 5202 8723
17570 2 2 5 1 7741 5180 8769
17571 2 2 5 1 8819 4145 8835
17572 2 2 5 1 3998 8072 8615
17573 2 2 5 1 7505 2716 8816
17574 2 2 5 1 2715 7459 8817
17575 2 2 5 1 3937 7806 8780
17576 2 2 5 1 7911 3816 8705
17577 2 2 5 1 5021 8107 8736
17578 2 2 5 1 8456 7512 8506
17579 2 2 5 1 8108 5022 8740
17580 2 2 5 1 7711 106 8696
17581 2 2 5 1 9 7713 8697
17582 2 2 5 1 2190 8360 8470
17583 2 2 5 1 7922 4812 8725
17584 2 2 5 1 5904 7964 8717
17585 2 2 5 1 5130 7857 8834
17586 2 2 5 1 8481 4866 8482
17587 2 2 5 1 8362 5092 8479
17588 2 2 5 1 792 7947 8731
17589 2 2 5 1 5143 8180 8531
17590 2 2 5 1 2869 8624 8779
17591 2 2 5 1 4959 8128 8685
17592 2 2 5 1 8172 4588 8548
17593 2 2 5 1 3942 8106 8636
17594 2 2 5 1 4742 7909 8792
17595 2 2 5 1 5050 8238 8784
17596 2 2 5 1 7962 1566 8742
17597 2 2 5 1 8134 4842 8587
17598 2 2 5 1 3501 8209 8815
17599 2 2 5 1 546 8559 8606
17600 2 2 5 1 8506 4522 8679
17601 2 2 5 1 5164 8620 8671
17602 2 2 5 1 5671 8336 8684
17603 2 2 5 1 8355 4845 8805
17604 2 2 5 1 4987 8392 8452
17605 2 2 5 1 6305 7987 8783
17606 2 2 5 1 8212 5275 8734
17607 2 2 5 1 5093 8420 8457
17608 2 2 5 1 6545 8575 8625
17609 2 2 5 1 761 8597 8656
17610 2 2 5 1 6792 8603 8663
17611 2 2 5 1 8058 8481 8482
17612 2 2 5 1 4585 8666 8722
17613 2 2 5 1 462 8134 8717
17614 2 2 5 1 2585 8318 8822
17615 2 2 5 1 5012 8234 8739
17616 2 2 5 1 5199 8412 8598
17617 2 2 5 1 8235 5013 8743
17618 2 2 5 1 8413 5200 8599
17619 2 2 5 1 8450 5135 8814
17620 2 2 5 1 8250 5411 8676
17621 2 2 5 1 3899 8288 8770
17622 2 2 5 1 4880 8456 8506
17623 2 2 5 1 466 8257 8700
17624 2 2 5 1 8448 5319 8538
17625 2 2 5 1 5366 8468 8762
17626 2 2 5 1 696 8350 8803
17627 2 2 5 1 8351 695 8804
17628 2 2 5 1 5020 8760 8808
17629 2 2 5 1 2716 8341 8816
17630 2 2 5 1 8342 2715 8817
17631 2 2 5 1 8316 5017 8772
17632 2 2 5 1 5172 8447 8683
17633 2 2 5 1 4818 8363 8636
17634 2 2 5 1 8613 7678 8730
17635 2 2 5 1 4986 8716 8796
17636 2 2 5 1 7676 8649 8759
17637 2 2 5 1 8359 5057 8799
17638 2 2 5 1 7055 8664 8670
17639 2 2 5 1 8664 4900 8670
17640 2 2 5 1 8663 2858 8669
17641 2 2 5 1 6792 8663 8669
17642 2 2 5 1 8619 6128 8678
17643 2 2 5 1 8642 5014 8714
17644 2 2 5 1 6243 8377 8797
17645 2 2 5 1 8381 3677 8795
17646 2 2 5 1 4818 8636 8789
17647 2 2 5 1 7231 8512 8834
17648 2 2 5 1 8639 4913 8693
17649 2 2 5 1 8447 461 8683
17650 2 2 5 1 8587 5904 8717
17651 2 2 5 1 8134 8587 8717
17652 2 2 5 1 8395 4742 8792
17653 2 2 5 1 4590 8404 8790
17654 2 2 5 1 8509 6417 8738
17655 2 2 5 1 8441 4507 8749
17656 2 2 5 1 8512 5130 8834
17657 2 2 5 1 4845 8454 8751
17658 2 2 5 1 8541 5257 8702
17659 2 2 5 1 5258 8543 8704
17660 2 2 5 1 8468 2451 8762
17661 2 2 5 1 4922 8619 8678
17662 2 2 5 1 5288 8509 8738
17663 2 2 5 1 5171 8639 8693
17664 2 2 5 1 481 8450 8814
17665 2 2 5 1 3860 8642 8714
17666 2 2 5 1 5091 8613 8730
17667 2 2 5 1 7570 8801 8808
17668 2 2 5 1 8801 5020 8808
17669 2 2 5 1 8649 7159 8759
17670 2 2 5 1 8624 5265 8779
17671 2 2 6 2 9039 9226 9227
17672 2 2 6 2 9164 9313 9462
17673 2 2 6 2 9039 9227 9228
17674 2 2 6 2 9164 9131 9287
17675 2 2 6 2 9131 9134 9287
17676 2 2 6 2 9281 9041 9283
17677 2 2 6 2 9251 9128 9517
17678 2 2 6 2 9250 9128 9251
17679 2 2 6 2 9039 9034 9226
17680 2 2 6 2 9313 9164 9468
17681 2 2 6 2 9155 9153 9316
17682 2 2 6 2 9319 9379 9466
17683 2 2 6 2 9092 9347 9371
17684 2 2 6 2 9316 9153 9511
17685 2 2 6 2 9347 9092 9499
17686 2 2 6 2 9044 9040 9228
17687 2 2 6 2 9034 9033 9226
17688 2 2 6 2 9094 9096 9443
17689 2 2 6 2 9410 9194 9461
17690 2 2 6 2 8941 8937 9488
17691 2 2 6 2 9194 9410 9516
17692 2 2 6 2 8892 8955 9412
17693 2 2 6 2 9224 8838 9363
17694 2 2 6 2 8955 9179 9412
17695 2 2 6 2 9086 9178 9426
17696 2 2 6 2 9178 9425 9426
17697 2 2 6 2 8944 8941 9314
17698 2 2 6 2 9425 9008 9426
17699 2 2 6 2 9413 9338 9493
17700 2 2 6 2 9014 9269 9276
17701 2 2 6 2 8944 9314 9545
17702 2 2 6 2 9041 9281 9502
17703 2 2 6 2 9379 9319 9478
17704 2 2 6 2 9178 9086 9538
17705 2 2 6 2 9229 9230 9231
17706 2 2 6 2 9366 9220 9467
17707 2 2 6 2 9040 9039 9228
17708 2 2 6 2 9165 9170 9476
17709 2 2 6 2 9165 9476 9480
17710 2 2 6 2 9033 9223 9226
17711 2 2 6 2 8838 9224 9498
17712 2 2 6 2 8846 9165 9480
17713 2 2 6 2 9165 8846 9482
17714 2 2 6 2 9033 9222 9223
17715 2 2 6 2 9430 9268 9494
17716 2 2 6 2 9177 8857 9481
17717 2 2 6 2 9229 9228 9230
17718 2 2 6 2 9268 9430 9509
17719 2 2 6 2 443 444 9369
17720 2 2 6 2 9248 9094 9443
17721 2 2 6 2 8870 9169 9374
17722 2 2 6 2 9044 9228 9229
17723 2 2 6 2 9389 9338 9413
17724 2 2 6 2 9341 9004 9388
17725 2 2 6 2 9237 9232 9408
17726 2 2 6 2 9137 9093 9248
17727 2 2 6 2 9314 8941 9488
17728 2 2 6 2 8840 9361 9431
17729 2 2 6 2 8996 9391 9411
17730 2 2 6 2 9214 8837 9427
17731 2 2 6 2 9379 9151 9466
17732 2 2 6 2 9093 9094 9248
17733 2 2 6 2 9481 361 9489
17734 2 2 6 2 9251 9112 9252
17735 2 2 6 2 9008 9168 9422
17736 2 2 6 2 9269 9014 9506
17737 2 2 6 2 9419 8955 9422
17738 2 2 6 2 9283 9041 9284
17739 2 2 6 2 9233 9225 9512
17740 2 2 6 2 9168 9419 9422
17741 2 2 6 2 9173 9172 9483
17742 2 2 6 2 9173 9483 9486
17743 2 2 6 2 9033 9023 9222
17744 2 2 6 2 9410 8874 9516
17745 2 2 6 2 9168 9008 9425
17746 2 2 6 2 9344 8866 9355
17747 2 2 6 2 9460 9246 9465
17748 2 2 6 2 9169 8870 9526
17749 2 2 6 2 9252 9112 9394
17750 2 2 6 2 8837 9214 9534
17751 2 2 6 2 9247 9137 9248
17752 2 2 6 2 9220 9366 9498
17753 2 2 6 2 9007 9460 9465
17754 2 2 6 2 443 9369 9523
17755 2 2 6 2 9166 9197 9443
17756 2 2 6 2 8867 9233 9512
17757 2 2 6 2 8857 9177 9510
17758 2 2 6 2 9170 8856 9476
17759 2 2 6 2 9486 8853 9491
17760 2 2 6 2 9431 9361 9546
17761 2 2 6 2 8847 9174 9489
17762 2 2 6 2 9411 9391 9529
17763 2 2 6 2 9360 9297 9451
17764 2 2 6 2 9112 9251 9253
17765 2 2 6 2 9023 9022 9222
17766 2 2 6 2 8896 8894 9463
17767 2 2 6 2 9266 8968 9268
17768 2 2 6 2 9338 9339 9493
17769 2 2 6 2 9231 8839 9362
17770 2 2 6 2 9345 9475 9495
17771 2 2 6 2 9173 9486 9491
17772 2 2 6 2 9311 9400 9485
17773 2 2 6 2 9490 9200 9492
17774 2 2 6 2 8839 9231 9525
17775 2 2 6 2 9197 9166 9542
17776 2 2 6 2 9227 9225 9233
17777 2 2 6 2 8856 9170 9537
17778 2 2 6 2 8871 9366 9467
17779 2 2 6 2 9434 8841 9448
17780 2 2 6 2 9164 9287 9468
17781 2 2 6 2 9122 9341 9388
17782 2 2 6 2 9096 9166 9443
17783 2 2 6 2 8894 8892 9412
17784 2 2 6 2 9287 9134 9446
17785 2 2 6 2 9159 9385 9520
17786 2 2 6 2 9179 8955 9419
17787 2 2 6 2 9400 9311 9521
17788 2 2 6 2 8968 9266 9269
17789 2 2 6 2 8843 9312 9313
17790 2 2 6 2 425 426 9312
17791 2 2 6 2 9447 9148 9453
17792 2 2 6 2 9176 9481 9489
17793 2 2 6 2 9455 8961 9469
17794 2 2 6 2 9191 9252 9394
17795 2 2 6 2 9137 9247 9249
17796 2 2 6 2 9147 9188 9433
17797 2 2 6 2 8843 9313 9468
17798 2 2 6 2 9236 9237 9408
17799 2 2 6 2 8858 9410 9461
17800 2 2 6 2 9228 9227 9230
17801 2 2 6 2 8949 9447 9453
17802 2 2 6 2 9200 9490 9501
17803 2 2 6 2 9159 9383 9385
17804 2 2 6 2 9315 9294 9441
17805 2 2 6 2 9348 8876 9445
17806 2 2 6 2 8952 9191 9307
17807 2 2 6 2 9105 9112 9253
17808 2 2 6 2 9273 9154 9275
17809 2 2 6 2 9423 9324 9442
17810 2 2 6 2 9154 9273 9511
17811 2 2 6 2 9243 9107 9399
17812 2 2 6 2 9172 8846 9483
17813 2 2 6 2 9022 9219 9222
17814 2 2 6 2 9042 9360 9451
17815 2 2 6 2 9462 9313 9485
17816 2 2 6 2 8843 425 9312
17817 2 2 6 2 8846 9172 9482
17818 2 2 6 2 9475 9138 9495
17819 2 2 6 2 426 9310 9312
17820 2 2 6 2 9188 8926 9433
17821 2 2 6 2 9182 8853 9254
17822 2 2 6 2 9231 9230 9525
17823 2 2 6 2 9174 8847 9503
17824 2 2 6 2 9352 9499 9508
17825 2 2 6 2 9303 9302 9380
17826 2 2 6 2 8894 9412 9463
17827 2 2 6 2 9015 9210 9218
17828 2 2 6 2 9199 9198 9414
17829 2 2 6 2 9064 9457 9462
17830 2 2 6 2 9191 8952 9252
17831 2 2 6 2 9285 9434 9448
17832 2 2 6 2 9229 9231 9232
17833 2 2 6 2 9044 9229 9406
17834 2 2 6 2 426 427 9310
17835 2 2 6 2 9152 9330 9536
17836 2 2 6 2 9210 9212 9218
17837 2 2 6 2 9428 9353 9440
17838 2 2 6 2 9022 9218 9219
17839 2 2 6 2 9060 9280 9381
17840 2 2 6 2 9242 9243 9399
17841 2 2 6 2 9322 9115 9323
17842 2 2 6 2 9037 9315 9441
17843 2 2 6 2 9176 9177 9481
17844 2 2 6 2 9031 9303 9380
17845 2 2 6 2 9198 8930 9414
17846 2 2 6 2 8859 8879 8880
17847 2 2 6 2 8873 9398 9405
17848 2 2 6 2 9004 9341 9496
17849 2 2 6 2 9437 403 9439
17850 2 2 6 2 9036 9013 9190
17851 2 2 6 2 9115 9322 9324
17852 2 2 6 2 9208 8869 9418
17853 2 2 6 2 9209 9015 9215
17854 2 2 6 2 9174 9176 9489
17855 2 2 6 2 9250 8948 9540
17856 2 2 6 2 9045 9044 9406
17857 2 2 6 2 8879 8878 9183
17858 2 2 6 2 9289 9114 9302
17859 2 2 6 2 9068 9379 9478
17860 2 2 6 2 9270 8850 9308
17861 2 2 6 2 9355 8866 9505
17862 2 2 6 2 9015 9209 9210
17863 2 2 6 2 8876 9348 9544
17864 2 2 6 2 9232 9237 9406
17865 2 2 6 2 8850 428 9308
17866 2 2 6 2 8948 8944 9545
17867 2 2 6 2 8859 456 8879
17868 2 2 6 2 396 8860 9185
17869 2 2 6 2 9107 9243 9404
17870 2 2 6 2 9283 9284 9285
17871 2 2 6 2 9184 9148 9444
17872 2 2 6 2 9540 8948 9545
17873 2 2 6 2 9191 9190 9307
17874 2 2 6 2 8901 9423 9442
17875 2 2 6 2 8953 8950 9307
17876 2 2 6 2 9229 9232 9406
17877 2 2 6 2 8850 9270 9309
17878 2 2 6 2 9185 8860 9187
17879 2 2 6 2 9358 8922 9368
17880 2 2 6 2 8880 8879 9183
17881 2 2 6 2 9263 9274 9275
17882 2 2 6 2 400 401 9249
17883 2 2 6 2 9139 9238 9421
17884 2 2 6 2 9263 9275 9276
17885 2 2 6 2 9101 9158 9193
17886 2 2 6 2 9302 9114 9380
17887 2 2 6 2 9284 9455 9469
17888 2 2 6 2 9233 8867 9456
17889 2 2 6 2 9158 9159 9520
17890 2 2 6 2 9116 9199 9326
17891 2 2 6 2 9230 9227 9233
17892 2 2 6 2 9190 9013 9307
17893 2 2 6 2 9139 9358 9368
17894 2 2 6 2 9137 9249 9356
17895 2 2 6 2 8877 9185 9186
17896 2 2 6 2 9086 9195 9196
17897 2 2 6 2 9192 9078 9321
17898 2 2 6 2 9208 9204 9213
17899 2 2 6 2 9246 8949 9453
17900 2 2 6 2 9249 8845 9356
17901 2 2 6 2 8859 8881 9254
17902 2 2 6 2 9444 9148 9447
17903 2 2 6 2 9499 9092 9508
17904 2 2 6 2 9371 9347 9487
17905 2 2 6 2 8950 8952 9307
17906 2 2 6 2 9457 9163 9462
17907 2 2 6 2 9153 9154 9511
17908 2 2 6 2 9078 9192 9322
17909 2 2 6 2 427 8850 9310
17910 2 2 6 2 9324 9322 9442
17911 2 2 6 2 8881 9182 9254
17912 2 2 6 2 8880 9183 9195
17913 2 2 6 2 9078 9322 9323
17914 2 2 6 2 9086 8882 9195
17915 2 2 6 2 8860 397 9197
17916 2 2 6 2 9247 400 9249
17917 2 2 6 2 9253 9251 9517
17918 2 2 6 2 9408 9232 9504
17919 2 2 6 2 8898 8947 9242
17920 2 2 6 2 9099 9101 9193
17921 2 2 6 2 9181 9007 9465
17922 2 2 6 2 8861 9274 9359
17923 2 2 6 2 457 8878 8879
17924 2 2 6 2 8877 395 9185
17925 2 2 6 2 8853 454 9254
17926 2 2 6 2 457 458 8878
17927 2 2 6 2 394 395 8877
17928 2 2 6 2 9215 8976 9375
17929 2 2 6 2 401 8845 9249
17930 2 2 6 2 8936 9301 9484
17931 2 2 6 2 9282 9320 9328
17932 2 2 6 2 9241 8900 9242
17933 2 2 6 2 9242 8947 9243
17934 2 2 6 2 9274 9263 9359
17935 2 2 6 2 9199 9116 9327
17936 2 2 6 2 9214 9108 9216
17937 2 2 6 2 9326 9199 9414
17938 2 2 6 2 9217 9109 9234
17939 2 2 6 2 428 429 9308
17940 2 2 6 2 8903 8900 9241
17941 2 2 6 2 8936 8933 9301
17942 2 2 6 2 9269 9262 9276
17943 2 2 6 2 9204 9203 9213
17944 2 2 6 2 9095 9036 9190
17945 2 2 6 2 9203 9108 9213
17946 2 2 6 2 8937 8936 9488
17947 2 2 6 2 9239 9240 9329
17948 2 2 6 2 9209 9215 9375
17949 2 2 6 2 9114 9289 9376
17950 2 2 6 2 8932 9298 9299
17951 2 2 6 2 9055 9108 9203
17952 2 2 6 2 9289 9288 9376
17953 2 2 6 2 8932 8929 9298
17954 2 2 6 2 9198 9147 9433
17955 2 2 6 2 9098 9097 9099
17956 2 2 6 2 9103 9099 9193
17957 2 2 6 2 8924 8921 9292
17958 2 2 6 2 8859 8880 8881
17959 2 2 6 2 9396 9240 9399
17960 2 2 6 2 9262 9263 9276
17961 2 2 6 2 9438 9125 9454
17962 2 2 6 2 8924 9292 9293
17963 2 2 6 2 9109 9110 9234
17964 2 2 6 2 9200 9105 9492
17965 2 2 6 2 9013 8953 9307
17966 2 2 6 2 8928 9295 9296
17967 2 2 6 2 9218 9212 9219
17968 2 2 6 2 9050 9049 9235
17969 2 2 6 2 8882 8880 9195
17970 2 2 6 2 9155 9316 9449
17971 2 2 6 2 9298 9296 9300
17972 2 2 6 2 8946 8948 9202
17973 2 2 6 2 9099 9100 9101
17974 2 2 6 2 8881 8880 8882
17975 2 2 6 2 8928 8925 9295
17976 2 2 6 2 9081 9428 9440
17977 2 2 6 2 8884 8882 9086
17978 2 2 6 2 9096 9095 9097
17979 2 2 6 2 8900 8898 9242
17980 2 2 6 2 8920 9290 9291
17981 2 2 6 2 9103 9193 9194
17982 2 2 6 2 9083 9127 9201
17983 2 2 6 2 9238 8987 9244
17984 2 2 6 2 9098 9099 9103
17985 2 2 6 2 9078 9001 9321
17986 2 2 6 2 9239 8906 9240
17987 2 2 6 2 9305 9326 9372
17988 2 2 6 2 9184 8901 9442
17989 2 2 6 2 9235 9049 9237
17990 2 2 6 2 9294 9291 9303
17991 2 2 6 2 9292 9291 9294
17992 2 2 6 2 429 430 9393
17993 2 2 6 2 9326 8934 9372
17994 2 2 6 2 9241 9242 9399
17995 2 2 6 2 9158 9104 9159
17996 2 2 6 2 9099 9097 9100
17997 2 2 6 2 9182 9472 9491
17998 2 2 6 2 8869 9208 9524
17999 2 2 6 2 9291 9302 9303
18000 2 2 6 2 8920 8917 9290
18001 2 2 6 2 9297 9293 9315
18002 2 2 6 2 9108 9076 9216
18003 2 2 6 2 9132 9059 9245
18004 2 2 6 2 9358 9139 9421
18005 2 2 6 2 8836 9365 9429
18006 2 2 6 2 8975 8976 9215
18007 2 2 6 2 9107 9396 9399
18008 2 2 6 2 9150 9437 9439
18009 2 2 6 2 8926 9188 9452
18010 2 2 6 2 9101 9104 9158
18011 2 2 6 2 9295 9293 9297
18012 2 2 6 2 9049 9045 9406
18013 2 2 6 2 9299 9298 9300
18014 2 2 6 2 398 8854 9197
18015 2 2 6 2 9015 8978 9215
18016 2 2 6 2 8907 8906 9239
18017 2 2 6 2 8984 8982 9244
18018 2 2 6 2 9101 9102 9104
18019 2 2 6 2 455 456 8859
18020 2 2 6 2 396 397 8860
18021 2 2 6 2 9202 8948 9250
18022 2 2 6 2 9213 9108 9214
18023 2 2 6 2 8978 8975 9215
18024 2 2 6 2 8991 8987 9238
18025 2 2 6 2 9260 9267 9271
18026 2 2 6 2 9096 9097 9098
18027 2 2 6 2 9186 9185 9187
18028 2 2 6 2 8952 8946 9202
18029 2 2 6 2 8987 8984 9244
18030 2 2 6 2 9120 9156 9169
18031 2 2 6 2 9296 9295 9297
18032 2 2 6 2 9296 9297 9360
18033 2 2 6 2 9116 8993 9327
18034 2 2 6 2 8994 9015 9218
18035 2 2 6 2 9027 9055 9203
18036 2 2 6 2 8911 8971 9288
18037 2 2 6 2 8866 9344 9497
18038 2 2 6 2 8844 9255 9256
18039 2 2 6 2 8946 8944 8948
18040 2 2 6 2 8888 8886 9008
18041 2 2 6 2 8862 9286 9287
18042 2 2 6 2 9293 9292 9294
18043 2 2 6 2 8852 9277 9278
18044 2 2 6 2 9274 9273 9275
18045 2 2 6 2 8970 8989 9323
18046 2 2 6 2 9308 429 9393
18047 2 2 6 2 9135 9083 9201
18048 2 2 6 2 9272 8842 9273
18049 2 2 6 2 9083 9053 9127
18050 2 2 6 2 9320 419 9328
18051 2 2 6 2 9290 9289 9302
18052 2 2 6 2 9115 8970 9323
18053 2 2 6 2 9219 9212 9220
18054 2 2 6 2 9076 9109 9216
18055 2 2 6 2 9272 9273 9274
18056 2 2 6 2 9216 9109 9217
18057 2 2 6 2 9258 9260 9271
18058 2 2 6 2 9255 8861 9359
18059 2 2 6 2 9291 9290 9302
18060 2 2 6 2 9115 9324 9325
18061 2 2 6 2 8854 9247 9248
18062 2 2 6 2 9110 9120 9234
18063 2 2 6 2 9245 9145 9246
18064 2 2 6 2 395 396 9185
18065 2 2 6 2 456 457 8879
18066 2 2 6 2 9329 9240 9396
18067 2 2 6 2 8964 8967 9325
18068 2 2 6 2 9104 9105 9200
18069 2 2 6 2 9101 9100 9102
18070 2 2 6 2 9055 9076 9108
18071 2 2 6 2 8892 8890 8955
18072 2 2 6 2 9046 9203 9204
18073 2 2 6 2 9366 8838 9498
18074 2 2 6 2 9058 9133 9321
18075 2 2 6 2 8844 431 9255
18076 2 2 6 2 434 8842 9272
18077 2 2 6 2 8852 421 9277
18078 2 2 6 2 8862 423 9286
18079 2 2 6 2 9133 9192 9321
18080 2 2 6 2 9094 9036 9095
18081 2 2 6 2 8883 8882 8884
18082 2 2 6 2 9330 9152 9487
18083 2 2 6 2 9386 9267 9509
18084 2 2 6 2 9067 9145 9245
18085 2 2 6 2 8973 8974 8975
18086 2 2 6 2 9127 9235 9236
18087 2 2 6 2 453 454 8853
18088 2 2 6 2 398 399 8854
18089 2 2 6 2 8971 8972 8973
18090 2 2 6 2 9059 9067 9245
18091 2 2 6 2 9133 9132 9148
18092 2 2 6 2 8906 8903 9241
18093 2 2 6 2 9300 9296 9360
18094 2 2 6 2 9193 9158 9461
18095 2 2 6 2 8975 8974 8976
18096 2 2 6 2 9097 9095 9189
18097 2 2 6 2 9010 9027 9046
18098 2 2 6 2 8973 8972 8974
18099 2 2 6 2 9206 9204 9208
18100 2 2 6 2 9046 9027 9203
18101 2 2 6 2 8854 399 9247
18102 2 2 6 2 8994 8978 9015
18103 2 2 6 2 9022 8994 9218
18104 2 2 6 2 8971 8910 8972
18105 2 2 6 2 9195 9183 9405
18106 2 2 6 2 8898 8896 8947
18107 2 2 6 2 8916 9288 9289
18108 2 2 6 2 9053 9050 9235
18109 2 2 6 2 8852 9279 9328
18110 2 2 6 2 8921 8920 9292
18111 2 2 6 2 9058 9059 9132
18112 2 2 6 2 9058 9132 9133
18113 2 2 6 2 397 398 9197
18114 2 2 6 2 8942 8964 9325
18115 2 2 6 2 9279 9282 9328
18116 2 2 6 2 9117 9075 9139
18117 2 2 6 2 9133 9148 9184
18118 2 2 6 2 9174 9175 9176
18119 2 2 6 2 9205 9204 9206
18120 2 2 6 2 9067 9143 9145
18121 2 2 6 2 9054 9053 9083
18122 2 2 6 2 8850 9309 9310
18123 2 2 6 2 9118 9199 9327
18124 2 2 6 2 9257 9256 9258
18125 2 2 6 2 9156 9157 9174
18126 2 2 6 2 9084 9083 9135
18127 2 2 6 2 9118 9072 9147
18128 2 2 6 2 9104 9102 9105
18129 2 2 6 2 8916 8913 9288
18130 2 2 6 2 9159 9104 9200
18131 2 2 6 2 9189 9190 9191
18132 2 2 6 2 9267 9266 9268
18133 2 2 6 2 9161 9135 9162
18134 2 2 6 2 9261 9258 9271
18135 2 2 6 2 8933 8932 9301
18136 2 2 6 2 9062 9118 9327
18137 2 2 6 2 8977 8975 8978
18138 2 2 6 2 8911 8910 8971
18139 2 2 6 2 9202 9250 9251
18140 2 2 6 2 8913 8911 9288
18141 2 2 6 2 455 8859 9254
18142 2 2 6 2 8956 8958 9305
18143 2 2 6 2 417 8841 9317
18144 2 2 6 2 8861 9272 9274
18145 2 2 6 2 9120 9169 9234
18146 2 2 6 2 9258 9259 9260
18147 2 2 6 2 9260 9262 9266
18148 2 2 6 2 9146 9173 9181
18149 2 2 6 2 9318 9317 9319
18150 2 2 6 2 8844 9256 9257
18151 2 2 6 2 8979 8978 8994
18152 2 2 6 2 8995 8994 9022
18153 2 2 6 2 8999 9001 9078
18154 2 2 6 2 9094 9095 9096
18155 2 2 6 2 9147 9160 9188
18156 2 2 6 2 8885 8884 8886
18157 2 2 6 2 8905 8903 8906
18158 2 2 6 2 9118 9147 9198
18159 2 2 6 2 9062 9072 9118
18160 2 2 6 2 8929 8928 9298
18161 2 2 6 2 9120 9121 9156
18162 2 2 6 2 8909 8907 8910
18163 2 2 6 2 9279 9278 9280
18164 2 2 6 2 9340 9337 9341
18165 2 2 6 2 9223 9221 9224
18166 2 2 6 2 9257 9258 9261
18167 2 2 6 2 9076 9077 9109
18168 2 2 6 2 9260 9266 9267
18169 2 2 6 2 8945 8944 8946
18170 2 2 6 2 9062 9063 9072
18171 2 2 6 2 9052 9050 9053
18172 2 2 6 2 8943 8941 8944
18173 2 2 6 2 9210 9207 9211
18174 2 2 6 2 8952 9202 9252
18175 2 2 6 2 9070 9030 9306
18176 2 2 6 2 9334 9337 9340
18177 2 2 6 2 9027 9028 9055
18178 2 2 6 2 9003 9021 9058
18179 2 2 6 2 9332 9340 9342
18180 2 2 6 2 8976 9009 9010
18181 2 2 6 2 8852 9278 9279
18182 2 2 6 2 8881 8882 8883
18183 2 2 6 2 416 9317 9318
18184 2 2 6 2 9090 9075 9117
18185 2 2 6 2 8915 8913 8916
18186 2 2 6 2 9010 9026 9027
18187 2 2 6 2 9267 9386 9513
18188 2 2 6 2 9048 9045 9049
18189 2 2 6 2 9189 9095 9190
18190 2 2 6 2 8919 8917 8920
18191 2 2 6 2 9063 9130 9304
18192 2 2 6 2 9075 8991 9238
18193 2 2 6 2 9055 9056 9076
18194 2 2 6 2 8958 8980 9305
18195 2 2 6 2 8917 8916 9290
18196 2 2 6 2 8884 9086 9426
18197 2 2 6 2 9001 9003 9321
18198 2 2 6 2 8861 433 9272
18199 2 2 6 2 432 8861 9255
18200 2 2 6 2 422 8862 9277
18201 2 2 6 2 424 8843 9286
18202 2 2 6 2 8980 8993 9116
18203 2 2 6 2 9127 9053 9235
18204 2 2 6 2 8989 8999 9323
18205 2 2 6 2 8950 8946 8952
18206 2 2 6 2 8920 9291 9292
18207 2 2 6 2 9258 9256 9259
18208 2 2 6 2 9043 9040 9044
18209 2 2 6 2 8887 8886 8888
18210 2 2 6 2 8980 9116 9305
18211 2 2 6 2 9293 9294 9315
18212 2 2 6 2 9032 9023 9033
18213 2 2 6 2 9038 9034 9039
18214 2 2 6 2 8932 9299 9301
18215 2 2 6 2 9110 9119 9120
18216 2 2 6 2 9260 9259 9262
18217 2 2 6 2 9266 9262 9269
18218 2 2 6 2 8841 418 9320
18219 2 2 6 2 8925 8924 9295
18220 2 2 6 2 9046 9204 9205
18221 2 2 6 2 8910 8907 9239
18222 2 2 6 2 9019 9061 9062
18223 2 2 6 2 9219 9220 9221
18224 2 2 6 2 9310 9309 9311
18225 2 2 6 2 8889 8888 8890
18226 2 2 6 2 9017 8991 9075
18227 2 2 6 2 8967 9115 9325
18228 2 2 6 2 9309 9270 9407
18229 2 2 6 2 8924 9293 9295
18230 2 2 6 2 9299 9300 9471
18231 2 2 6 2 8842 435 9316
18232 2 2 6 2 9288 8971 9376
18233 2 2 6 2 427 428 8850
18234 2 2 6 2 432 433 8861
18235 2 2 6 2 430 431 8844
18236 2 2 6 2 434 435 8842
18237 2 2 6 2 417 418 8841
18238 2 2 6 2 420 421 8852
18239 2 2 6 2 422 423 8862
18240 2 2 6 2 424 425 8843
18241 2 2 6 2 9006 9129 9353
18242 2 2 6 2 8905 8906 8907
18243 2 2 6 2 9007 9181 9472
18244 2 2 6 2 8973 8975 8977
18245 2 2 6 2 9236 9235 9237
18246 2 2 6 2 9147 9072 9160
18247 2 2 6 2 9279 9280 9281
18248 2 2 6 2 9334 9336 9337
18249 2 2 6 2 8928 9296 9298
18250 2 2 6 2 9125 9089 9141
18251 2 2 6 2 8972 9239 9329
18252 2 2 6 2 9089 9070 9306
18253 2 2 6 2 8951 8954 9354
18254 2 2 6 2 9332 9334 9340
18255 2 2 6 2 8993 9019 9327
18256 2 2 6 2 9141 9089 9306
18257 2 2 6 2 9145 9143 9146
18258 2 2 6 2 8891 8890 8892
18259 2 2 6 2 9058 9021 9059
18260 2 2 6 2 9003 9058 9321
18261 2 2 6 2 9337 9336 9338
18262 2 2 6 2 9205 9206 9207
18263 2 2 6 2 8909 8910 8911
18264 2 2 6 2 8849 9331 9342
18265 2 2 6 2 8916 9289 9290
18266 2 2 6 2 8935 8933 8936
18267 2 2 6 2 8939 8937 8941
18268 2 2 6 2 8931 8929 8932
18269 2 2 6 2 8949 9246 9460
18270 2 2 6 2 8923 8921 8924
18271 2 2 6 2 9331 9332 9342
18272 2 2 6 2 8977 8978 8979
18273 2 2 6 2 8956 9305 9372
18274 2 2 6 2 9332 9333 9334
18275 2 2 6 2 9223 9224 9225
18276 2 2 6 2 8927 8925 8928
18277 2 2 6 2 9240 8906 9241
18278 2 2 6 2 9294 9303 9441
18279 2 2 6 2 9297 9315 9451
18280 2 2 6 2 8893 8892 8894
18281 2 2 6 2 9139 9075 9238
18282 2 2 6 2 8915 8916 8917
18283 2 2 6 2 416 417 9317
18284 2 2 6 2 8999 9078 9323
18285 2 2 6 2 9305 9116 9326
18286 2 2 6 2 8979 8994 8995
18287 2 2 6 2 8976 9010 9375
18288 2 2 6 2 9306 9030 9353
18289 2 2 6 2 8875 9343 9357
18290 2 2 6 2 9105 9253 9547
18291 2 2 6 2 9331 8864 9332
18292 2 2 6 2 8995 9022 9023
18293 2 2 6 2 9210 9211 9212
18294 2 2 6 2 8919 8920 8921
18295 2 2 6 2 399 400 9247
18296 2 2 6 2 431 432 9255
18297 2 2 6 2 433 434 9272
18298 2 2 6 2 421 422 9277
18299 2 2 6 2 423 424 9286
18300 2 2 6 2 9062 9061 9063
18301 2 2 6 2 8883 8884 8885
18302 2 2 6 2 8851 415 9318
18303 2 2 6 2 414 8851 9330
18304 2 2 6 2 9019 9062 9327
18305 2 2 6 2 8936 9484 9488
18306 2 2 6 2 9264 9261 9265
18307 2 2 6 2 9154 9085 9395
18308 2 2 6 2 9301 9299 9479
18309 2 2 6 2 9312 9311 9313
18310 2 2 6 2 9349 8856 9350
18311 2 2 6 2 418 419 9320
18312 2 2 6 2 9054 9083 9084
18313 2 2 6 2 9032 9033 9034
18314 2 2 6 2 420 8852 9328
18315 2 2 6 2 8972 8910 9239
18316 2 2 6 2 8849 438 9331
18317 2 2 6 2 8976 8974 9009
18318 2 2 6 2 8895 8894 8896
18319 2 2 6 2 9052 9053 9054
18320 2 2 6 2 9332 8864 9333
18321 2 2 6 2 401 402 8845
18322 2 2 6 2 450 451 8846
18323 2 2 6 2 9129 8962 9378
18324 2 2 6 2 8954 9024 9354
18325 2 2 6 2 9048 9049 9050
18326 2 2 6 2 9346 8863 9347
18327 2 2 6 2 9189 9191 9394
18328 2 2 6 2 9038 9039 9040
18329 2 2 6 2 415 416 9318
18330 2 2 6 2 435 436 9316
18331 2 2 6 2 441 8875 9357
18332 2 2 6 2 454 455 9254
18333 2 2 6 2 9334 9335 9336
18334 2 2 6 2 8897 8896 8898
18335 2 2 6 2 9017 9075 9090
18336 2 2 6 2 9243 8947 9458
18337 2 2 6 2 8865 9351 9352
18338 2 2 6 2 9030 9006 9353
18339 2 2 6 2 414 415 8851
18340 2 2 6 2 9046 9205 9375
18341 2 2 6 2 9043 9044 9045
18342 2 2 6 2 430 8844 9393
18343 2 2 6 2 8888 9008 9422
18344 2 2 6 2 9342 9384 9530
18345 2 2 6 2 8967 8970 9115
18346 2 2 6 2 8899 8898 8900
18347 2 2 6 2 437 438 8849
18348 2 2 6 2 9084 9135 9161
18349 2 2 6 2 9024 9081 9149
18350 2 2 6 2 8863 413 9330
18351 2 2 6 2 9282 9281 9283
18352 2 2 6 2 9346 9347 9348
18353 2 2 6 2 8999 9000 9001
18354 2 2 6 2 9118 9198 9199
18355 2 2 6 2 439 8864 9331
18356 2 2 6 2 412 8863 9346
18357 2 2 6 2 8973 8977 9376
18358 2 2 6 2 8885 8886 8887
18359 2 2 6 2 413 414 9330
18360 2 2 6 2 9001 9002 9003
18361 2 2 6 2 9010 9009 9026
18362 2 2 6 2 419 420 9328
18363 2 2 6 2 406 8865 9345
18364 2 2 6 2 438 439 9331
18365 2 2 6 2 8866 446 9349
18366 2 2 6 2 9133 9184 9192
18367 2 2 6 2 412 413 8863
18368 2 2 6 2 9334 9333 9335
18369 2 2 6 2 8989 8998 8999
18370 2 2 6 2 9091 9089 9125
18371 2 2 6 2 8902 8900 8903
18372 2 2 6 2 8855 405 9345
18373 2 2 6 2 439 440 8864
18374 2 2 6 2 404 405 8855
18375 2 2 6 2 447 8856 9349
18376 2 2 6 2 8980 8992 8993
18377 2 2 6 2 447 448 8856
18378 2 2 6 2 9027 9026 9028
18379 2 2 6 2 9333 8864 9357
18380 2 2 6 2 411 412 9346
18381 2 2 6 2 408 8876 9351
18382 2 2 6 2 9109 9077 9110
18383 2 2 6 2 9176 9175 9177
18384 2 2 6 2 406 407 8865
18385 2 2 6 2 9006 8962 9129
18386 2 2 6 2 8865 407 9351
18387 2 2 6 2 9343 9333 9357
18388 2 2 6 2 9008 8886 9426
18389 2 2 6 2 445 446 8866
18390 2 2 6 2 9153 9085 9154
18391 2 2 6 2 405 406 9345
18392 2 2 6 2 446 447 9349
18393 2 2 6 2 408 409 8876
18394 2 2 6 2 407 408 9351
18395 2 2 6 2 441 442 8875
18396 2 2 6 2 8904 8903 8905
18397 2 2 6 2 9088 9070 9089
18398 2 2 6 2 9055 9028 9056
18399 2 2 6 2 8955 8890 9422
18400 2 2 6 2 8887 8888 8889
18401 2 2 6 2 9127 9236 9431
18402 2 2 6 2 8889 8890 8891
18403 2 2 6 2 9261 9271 9411
18404 2 2 6 2 9024 9149 9354
18405 2 2 6 2 8993 9018 9019
18406 2 2 6 2 9076 9056 9077
18407 2 2 6 2 8935 8936 8937
18408 2 2 6 2 9205 9209 9375
18409 2 2 6 2 9011 8953 9013
18410 2 2 6 2 8958 8960 8980
18411 2 2 6 2 8931 8932 8933
18412 2 2 6 2 9072 9063 9304
18413 2 2 6 2 9035 9013 9036
18414 2 2 6 2 8939 8941 8943
18415 2 2 6 2 8908 8907 8909
18416 2 2 6 2 9256 9255 9359
18417 2 2 6 2 440 441 9357
18418 2 2 6 2 9257 9261 9264
18419 2 2 6 2 8943 8944 8945
18420 2 2 6 2 8927 8928 8929
18421 2 2 6 2 9156 9121 9157
18422 2 2 6 2 8912 8911 8913
18423 2 2 6 2 9202 9251 9252
18424 2 2 6 2 9338 9336 9339
18425 2 2 6 2 9063 9065 9130
18426 2 2 6 2 8891 8892 8893
18427 2 2 6 2 9170 9144 9171
18428 2 2 6 2 9019 9060 9061
18429 2 2 6 2 8977 9114 9376
18430 2 2 6 2 8923 8924 8925
18431 2 2 6 2 9279 9281 9282
18432 2 2 6 2 9310 9311 9312
18433 2 2 6 2 9174 9157 9175
18434 2 2 6 2 9003 9020 9021
18435 2 2 6 2 9120 9119 9121
18436 2 2 6 2 9059 9066 9067
18437 2 2 6 2 8864 440 9357
18438 2 2 6 2 8914 8913 8915
18439 2 2 6 2 9130 9131 9163
18440 2 2 6 2 8918 8917 8919
18441 2 2 6 2 9262 9259 9263
18442 2 2 6 2 9222 9221 9223
18443 2 2 6 2 8893 8894 8895
18444 2 2 6 2 8965 8963 9126
18445 2 2 6 2 9209 9207 9210
18446 2 2 6 2 9067 9142 9143
18447 2 2 6 2 9335 9343 9344
18448 2 2 6 2 9088 9089 9091
18449 2 2 6 2 9226 9225 9227
18450 2 2 6 2 9264 9265 9270
18451 2 2 6 2 8901 9184 9444
18452 2 2 6 2 9335 9333 9343
18453 2 2 6 2 9336 9335 9355
18454 2 2 6 2 9343 8875 9369
18455 2 2 6 2 8986 8984 8987
18456 2 2 6 2 8990 8987 8991
18457 2 2 6 2 9335 9344 9355
18458 2 2 6 2 9117 9139 9368
18459 2 2 6 2 8895 8896 8897
18460 2 2 6 2 9093 9036 9094
18461 2 2 6 2 8897 8898 8899
18462 2 2 6 2 9031 9023 9032
18463 2 2 6 2 9100 9097 9189
18464 2 2 6 2 8999 8998 9000
18465 2 2 6 2 9126 8963 9370
18466 2 2 6 2 8945 8946 8950
18467 2 2 6 2 9016 8991 9017
18468 2 2 6 2 8980 8960 8992
18469 2 2 6 2 8993 8992 9018
18470 2 2 6 2 9091 9125 9138
18471 2 2 6 2 9037 9034 9038
18472 2 2 6 2 9001 9000 9002
18473 2 2 6 2 9003 9002 9020
18474 2 2 6 2 8899 8900 8902
18475 2 2 6 2 8974 8972 9329
18476 2 2 6 2 9087 9070 9088
18477 2 2 6 2 9160 9072 9304
18478 2 2 6 2 9069 9087 9151
18479 2 2 6 2 9063 9061 9065
18480 2 2 6 2 9088 9091 9092
18481 2 2 6 2 9010 9046 9375
18482 2 2 6 2 9011 9013 9035
18483 2 2 6 2 8954 9012 9024
18484 2 2 6 2 8961 8959 8962
18485 2 2 6 2 8902 8903 8904
18486 2 2 6 2 8905 8907 8908
18487 2 2 6 2 8983 8985 9080
18488 2 2 6 2 9069 9030 9070
18489 2 2 6 2 9019 9018 9060
18490 2 2 6 2 8971 8973 9376
18491 2 2 6 2 8860 9197 9542
18492 2 2 6 2 9339 9336 9355
18493 2 2 6 2 9146 9172 9173
18494 2 2 6 2 8981 8983 9367
18495 2 2 6 2 8922 8921 8923
18496 2 2 6 2 8909 8911 8912
18497 2 2 6 2 9042 9040 9043
18498 2 2 6 2 8964 8966 8967
18499 2 2 6 2 9005 9029 9068
18500 2 2 6 2 9029 9006 9030
18501 2 2 6 2 8957 8940 9079
18502 2 2 6 2 9051 9050 9052
18503 2 2 6 2 9151 9087 9152
18504 2 2 6 2 9069 9070 9087
18505 2 2 6 2 9130 9065 9131
18506 2 2 6 2 380 381 8868
18507 2 2 6 2 378 379 8839
18508 2 2 6 2 375 376 9363
18509 2 2 6 2 379 380 9362
18510 2 2 6 2 381 382 9364
18511 2 2 6 2 376 377 8867
18512 2 2 6 2 374 375 8838
18513 2 2 6 2 382 383 8840
18514 2 2 6 2 366 367 8837
18515 2 2 6 2 370 371 8836
18516 2 2 6 2 368 369 8869
18517 2 2 6 2 371 372 9365
18518 2 2 6 2 372 373 8871
18519 2 2 6 2 373 374 9366
18520 2 2 6 2 8915 8917 8918
18521 2 2 6 2 9047 9045 9048
18522 2 2 6 2 8983 9080 9367
18523 2 2 6 2 9057 8997 9085
18524 2 2 6 2 9024 9025 9081
18525 2 2 6 2 8919 8921 8922
18526 2 2 6 2 9105 9102 9112
18527 2 2 6 2 9219 9221 9222
18528 2 2 6 2 9005 8962 9006
18529 2 2 6 2 9057 9106 9122
18530 2 2 6 2 9344 9343 9369
18531 2 2 6 2 9244 8982 9382
18532 2 2 6 2 9238 9244 9421
18533 2 2 6 2 8912 8913 8914
18534 2 2 6 2 8938 8940 8956
18535 2 2 6 2 8977 8979 9114
18536 2 2 6 2 9029 9030 9069
18537 2 2 6 2 8934 8933 8935
18538 2 2 6 2 9205 9207 9209
18539 2 2 6 2 9163 9131 9164
18540 2 2 6 2 9106 9085 9153
18541 2 2 6 2 8938 8937 8939
18542 2 2 6 2 8995 9023 9031
18543 2 2 6 2 8967 8969 8970
18544 2 2 6 2 9259 9256 9359
18545 2 2 6 2 9167 9082 9397
18546 2 2 6 2 9196 9195 9405
18547 2 2 6 2 8930 8929 8931
18548 2 2 6 2 9223 9225 9226
18549 2 2 6 2 9171 9144 9392
18550 2 2 6 2 8926 8925 8927
18551 2 2 6 2 8956 8957 8958
18552 2 2 6 2 8958 8959 8960
18553 2 2 6 2 8947 8896 9463
18554 2 2 6 2 383 384 9361
18555 2 2 6 2 8904 8905 9370
18556 2 2 6 2 8961 8962 9005
18557 2 2 6 2 8986 8987 8990
18558 2 2 6 2 9018 8992 9041
18559 2 2 6 2 8960 8959 8961
18560 2 2 6 2 9032 9034 9037
18561 2 2 6 2 9059 9021 9066
18562 2 2 6 2 9005 9006 9029
18563 2 2 6 2 9002 9000 9004
18564 2 2 6 2 8958 8957 8959
18565 2 2 6 2 9280 9060 9502
18566 2 2 6 2 8989 8997 8998
18567 2 2 6 2 9165 9144 9170
18568 2 2 6 2 8990 8991 9016
18569 2 2 6 2 9088 9092 9371
18570 2 2 6 2 9268 8968 9494
18571 2 2 6 2 9087 9088 9371
18572 2 2 6 2 9065 9061 9381
18573 2 2 6 2 8918 8919 9358
18574 2 2 6 2 9061 9060 9381
18575 2 2 6 2 9140 9082 9167
18576 2 2 6 2 9016 9017 9064
18577 2 2 6 2 9237 9049 9406
18578 2 2 6 2 8914 8915 9382
18579 2 2 6 2 8988 8969 9014
18580 2 2 6 2 8970 8988 8989
18581 2 2 6 2 9106 9153 9155
18582 2 2 6 2 9263 9259 9359
18583 2 2 6 2 8956 8940 8957
18584 2 2 6 2 9257 9264 9393
18585 2 2 6 2 9057 9085 9106
18586 2 2 6 2 9035 9036 9093
18587 2 2 6 2 9325 9324 9409
18588 2 2 6 2 8935 8937 8938
18589 2 2 6 2 384 385 8872
18590 2 2 6 2 364 365 8870
18591 2 2 6 2 8931 8933 8934
18592 2 2 6 2 8967 8966 8969
18593 2 2 6 2 9038 9040 9042
18594 2 2 6 2 9131 9065 9134
18595 2 2 6 2 8998 8997 9057
18596 2 2 6 2 9024 9012 9025
18597 2 2 6 2 8938 8939 8940
18598 2 2 6 2 9152 9087 9371
18599 2 2 6 2 8942 8904 8963
18600 2 2 6 2 8895 8897 8901
18601 2 2 6 2 9197 8854 9443
18602 2 2 6 2 9136 9123 9150
18603 2 2 6 2 8909 8912 9390
18604 2 2 6 2 9146 9143 9172
18605 2 2 6 2 9009 8974 9329
18606 2 2 6 2 8927 8929 8930
18607 2 2 6 2 9330 8851 9536
18608 2 2 6 2 8844 9257 9393
18609 2 2 6 2 8919 8922 9358
18610 2 2 6 2 8902 8904 8942
18611 2 2 6 2 8923 8925 8926
18612 2 2 6 2 8964 8963 8965
18613 2 2 6 2 8989 8988 8997
18614 2 2 6 2 9067 9066 9142
18615 2 2 6 2 9074 9123 9136
18616 2 2 6 2 9264 9270 9308
18617 2 2 6 2 8966 8965 8968
18618 2 2 6 2 9057 9122 9388
18619 2 2 6 2 9142 9144 9165
18620 2 2 6 2 9110 9111 9119
18621 2 2 6 2 8970 8969 8988
18622 2 2 6 2 8908 8909 9390
18623 2 2 6 2 385 386 9373
18624 2 2 6 2 363 364 9374
18625 2 2 6 2 8942 8963 8964
18626 2 2 6 2 8964 8965 8966
18627 2 2 6 2 8954 9011 9012
18628 2 2 6 2 8990 9016 9071
18629 2 2 6 2 9079 8940 9377
18630 2 2 6 2 9025 9073 9074
18631 2 2 6 2 9025 9012 9073
18632 2 2 6 2 9043 9045 9047
18633 2 2 6 2 8905 8908 9370
18634 2 2 6 2 9069 9151 9379
18635 2 2 6 2 8915 8918 9382
18636 2 2 6 2 9048 9050 9051
18637 2 2 6 2 8912 8914 8981
18638 2 2 6 2 9074 9073 9123
18639 2 2 6 2 8951 8950 8953
18640 2 2 6 2 8981 8914 8982
18641 2 2 6 2 8963 8904 9370
18642 2 2 6 2 9068 9029 9379
18643 2 2 6 2 8934 8935 9372
18644 2 2 6 2 8939 8943 9377
18645 2 2 6 2 8985 8984 8986
18646 2 2 6 2 8962 8959 9378
18647 2 2 6 2 9028 9026 9107
18648 2 2 6 2 9142 9066 9144
18649 2 2 6 2 8951 8953 8954
18650 2 2 6 2 8983 8982 8984
18651 2 2 6 2 9080 8985 9386
18652 2 2 6 2 8954 8953 9011
18653 2 2 6 2 8938 8956 9372
18654 2 2 6 2 8957 9079 9378
18655 2 2 6 2 9284 9041 9455
18656 2 2 6 2 9021 9020 9392
18657 2 2 6 2 8985 8986 8996
18658 2 2 6 2 8983 8984 8985
18659 2 2 6 2 9134 9065 9381
18660 2 2 6 2 9054 9084 9128
18661 2 2 6 2 386 387 8848
18662 2 2 6 2 362 363 8847
18663 2 2 6 2 8981 8982 8983
18664 2 2 6 2 8885 8887 9007
18665 2 2 6 2 9029 9069 9379
18666 2 2 6 2 9122 9106 9384
18667 2 2 6 2 9035 9093 9124
18668 2 2 6 2 8889 8891 8949
18669 2 2 6 2 380 8868 9362
18670 2 2 6 2 8839 379 9362
18671 2 2 6 2 8868 381 9364
18672 2 2 6 2 376 8867 9363
18673 2 2 6 2 382 8840 9364
18674 2 2 6 2 8838 375 9363
18675 2 2 6 2 8836 371 9365
18676 2 2 6 2 374 8838 9366
18677 2 2 6 2 372 8871 9365
18678 2 2 6 2 8871 373 9366
18679 2 2 6 2 387 388 9383
18680 2 2 6 2 8935 8938 9372
18681 2 2 6 2 8959 8957 9378
18682 2 2 6 2 8881 8883 9182
18683 2 2 6 2 9264 9308 9393
18684 2 2 6 2 9000 8998 9388
18685 2 2 6 2 8979 8995 9380
18686 2 2 6 2 8940 8939 9377
18687 2 2 6 2 9179 9111 9180
18688 2 2 6 2 8945 8950 8951
18689 2 2 6 2 8998 9057 9388
18690 2 2 6 2 8981 9367 9390
18691 2 2 6 2 9240 9241 9399
18692 2 2 6 2 8912 8981 9390
18693 2 2 6 2 9051 9052 9082
18694 2 2 6 2 8951 9354 9402
18695 2 2 6 2 9096 9098 9166
18696 2 2 6 2 8840 383 9361
18697 2 2 6 2 9124 9137 9356
18698 2 2 6 2 9124 9093 9137
18699 2 2 6 2 9020 9002 9389
18700 2 2 6 2 9106 9155 9384
18701 2 2 6 2 8982 8914 9382
18702 2 2 6 2 9066 9021 9392
18703 2 2 6 2 9004 9000 9388
18704 2 2 6 2 9085 8997 9395
18705 2 2 6 2 9110 9077 9111
18706 2 2 6 2 9002 9004 9389
18707 2 2 6 2 9140 9167 9314
18708 2 2 6 2 9047 9048 9401
18709 2 2 6 2 9051 9082 9113
18710 2 2 6 2 388 389 9385
18711 2 2 6 2 8934 9326 9414
18712 2 2 6 2 9300 9360 9464
18713 2 2 6 2 8930 9198 9433
18714 2 2 6 2 8841 9320 9448
18715 2 2 6 2 8995 9031 9380
18716 2 2 6 2 9144 9066 9392
18717 2 2 6 2 9114 8979 9380
18718 2 2 6 2 9306 9353 9428
18719 2 2 6 2 8985 8996 9386
18720 2 2 6 2 9270 9265 9407
18721 2 2 6 2 9011 9035 9387
18722 2 2 6 2 8988 9014 9395
18723 2 2 6 2 9048 9051 9401
18724 2 2 6 2 9073 9012 9387
18725 2 2 6 2 9113 9082 9140
18726 2 2 6 2 384 8872 9361
18727 2 2 6 2 9119 9111 9179
18728 2 2 6 2 389 390 8858
18729 2 2 6 2 359 360 8857
18730 2 2 6 2 9012 9011 9387
18731 2 2 6 2 8986 8990 9391
18732 2 2 6 2 9026 9009 9396
18733 2 2 6 2 8942 9325 9409
18734 2 2 6 2 8997 8988 9395
18735 2 2 6 2 9317 8841 9434
18736 2 2 6 2 9157 9121 9168
18737 2 2 6 2 8899 8902 9409
18738 2 2 6 2 8996 8986 9391
18739 2 2 6 2 9301 9479 9484
18740 2 2 6 2 9207 9206 9429
18741 2 2 6 2 9052 9054 9397
18742 2 2 6 2 8990 9071 9391
18743 2 2 6 2 9265 9261 9411
18744 2 2 6 2 8902 8942 9409
18745 2 2 6 2 9458 8947 9463
18746 2 2 6 2 8943 8945 9402
18747 2 2 6 2 9035 9124 9387
18748 2 2 6 2 8872 385 9373
18749 2 2 6 2 364 8870 9374
18750 2 2 6 2 9016 9064 9400
18751 2 2 6 2 8868 9364 9408
18752 2 2 6 2 8931 8934 9414
18753 2 2 6 2 9377 8943 9402
18754 2 2 6 2 9056 9028 9404
18755 2 2 6 2 9071 9016 9400
18756 2 2 6 2 9102 9100 9394
18757 2 2 6 2 9100 9189 9394
18758 2 2 6 2 9077 9056 9403
18759 2 2 6 2 8945 8951 9402
18760 2 2 6 2 9082 9052 9397
18761 2 2 6 2 366 8837 9416
18762 2 2 6 2 9107 9026 9396
18763 2 2 6 2 358 359 9398
18764 2 2 6 2 390 391 9410
18765 2 2 6 2 365 366 9416
18766 2 2 6 2 9009 9329 9396
18767 2 2 6 2 9051 9113 9401
18768 2 2 6 2 9171 9392 9413
18769 2 2 6 2 9177 9175 9178
18770 2 2 6 2 9112 9102 9394
18771 2 2 6 2 9392 9020 9413
18772 2 2 6 2 386 8848 9373
18773 2 2 6 2 8847 363 9374
18774 2 2 6 2 9028 9107 9404
18775 2 2 6 2 9179 9180 9412
18776 2 2 6 2 9054 9128 9397
18777 2 2 6 2 8870 365 9416
18778 2 2 6 2 9136 9438 9454
18779 2 2 6 2 9299 9471 9479
18780 2 2 6 2 8869 369 9418
18781 2 2 6 2 370 8836 9418
18782 2 2 6 2 8848 387 9383
18783 2 2 6 2 9180 9111 9403
18784 2 2 6 2 391 392 8874
18785 2 2 6 2 357 358 8873
18786 2 2 6 2 8908 9390 9415
18787 2 2 6 2 9356 8845 9420
18788 2 2 6 2 9111 9077 9403
18789 2 2 6 2 9073 9387 9417
18790 2 2 6 2 9020 9389 9413
18791 2 2 6 2 8930 8931 9414
18792 2 2 6 2 9126 9370 9415
18793 2 2 6 2 9383 388 9385
18794 2 2 6 2 8862 9287 9446
18795 2 2 6 2 9387 9124 9417
18796 2 2 6 2 9403 9056 9404
18797 2 2 6 2 9370 8908 9415
18798 2 2 6 2 9123 9417 9420
18799 2 2 6 2 8901 8897 9423
18800 2 2 6 2 9390 9367 9415
18801 2 2 6 2 9192 9184 9442
18802 2 2 6 2 369 370 9418
18803 2 2 6 2 9354 9149 9424
18804 2 2 6 2 9123 9073 9417
18805 2 2 6 2 9119 9179 9419
18806 2 2 6 2 9409 9324 9423
18807 2 2 6 2 9382 8918 9421
18808 2 2 6 2 9245 9246 9453
18809 2 2 6 2 389 8858 9385
18810 2 2 6 2 8837 367 9427
18811 2 2 6 2 368 8869 9427
18812 2 2 6 2 9278 9277 9446
18813 2 2 6 2 9086 9196 9538
18814 2 2 6 2 8899 9409 9423
18815 2 2 6 2 9417 9356 9420
18816 2 2 6 2 9124 9356 9417
18817 2 2 6 2 403 404 9439
18818 2 2 6 2 9300 9464 9471
18819 2 2 6 2 9129 9378 9432
18820 2 2 6 2 9303 9031 9441
18821 2 2 6 2 9492 9105 9547
18822 2 2 6 2 9283 9285 9448
18823 2 2 6 2 9121 9119 9419
18824 2 2 6 2 9353 9129 9440
18825 2 2 6 2 9424 9149 9432
18826 2 2 6 2 9377 9402 9424
18827 2 2 6 2 9168 9121 9419
18828 2 2 6 2 8890 8888 9422
18829 2 2 6 2 8927 8930 9433
18830 2 2 6 2 8858 390 9410
18831 2 2 6 2 359 8857 9398
18832 2 2 6 2 9402 9354 9424
18833 2 2 6 2 9429 9365 9535
18834 2 2 6 2 9148 9132 9453
18835 2 2 6 2 9201 9127 9431
18836 2 2 6 2 9150 9123 9420
18837 2 2 6 2 8897 8899 9423
18838 2 2 6 2 8918 9358 9421
18839 2 2 6 2 402 403 9437
18840 2 2 6 2 9472 9181 9491
18841 2 2 6 2 9157 9168 9425
18842 2 2 6 2 9316 436 9449
18843 2 2 6 2 9244 9382 9421
18844 2 2 6 2 9346 9348 9445
18845 2 2 6 2 410 411 9445
18846 2 2 6 2 8886 8884 9426
18847 2 2 6 2 9162 9135 9459
18848 2 2 6 2 9031 9032 9441
18849 2 2 6 2 9175 9157 9425
18850 2 2 6 2 367 368 9427
18851 2 2 6 2 9452 9188 9470
18852 2 2 6 2 9126 9415 9430
18853 2 2 6 2 391 8874 9410
18854 2 2 6 2 8873 358 9398
18855 2 2 6 2 9415 9367 9430
18856 2 2 6 2 9178 9175 9425
18857 2 2 6 2 9079 9377 9424
18858 2 2 6 2 9282 9283 9448
18859 2 2 6 2 437 8849 9449
18860 2 2 6 2 9434 9285 9478
18861 2 2 6 2 9141 9306 9428
18862 2 2 6 2 9211 9207 9429
18863 2 2 6 2 9079 9424 9432
18864 2 2 6 2 8849 9342 9530
18865 2 2 6 2 9315 9037 9451
18866 2 2 6 2 9246 9145 9465
18867 2 2 6 2 9398 8857 9543
18868 2 2 6 2 356 357 9435
18869 2 2 6 2 392 393 9436
18870 2 2 6 2 8895 8901 9444
18871 2 2 6 2 9367 9080 9430
18872 2 2 6 2 9208 9213 9524
18873 2 2 6 2 9037 9038 9451
18874 2 2 6 2 9081 9025 9450
18875 2 2 6 2 9146 9181 9465
18876 2 2 6 2 9125 9141 9454
18877 2 2 6 2 8926 8927 9433
18878 2 2 6 2 8949 8891 9447
18879 2 2 6 2 9378 9079 9432
18880 2 2 6 2 9319 9317 9434
18881 2 2 6 2 9287 9286 9468
18882 2 2 6 2 9129 9432 9440
18883 2 2 6 2 8845 402 9437
18884 2 2 6 2 8960 8961 9455
18885 2 2 6 2 9041 8992 9455
18886 2 2 6 2 8923 8926 9452
18887 2 2 6 2 378 8839 9456
18888 2 2 6 2 8867 377 9456
18889 2 2 6 2 9141 9450 9454
18890 2 2 6 2 9064 9017 9457
18891 2 2 6 2 9420 8845 9437
18892 2 2 6 2 8851 9318 9466
18893 2 2 6 2 9214 9216 9534
18894 2 2 6 2 9267 9268 9509
18895 2 2 6 2 9322 9192 9442
18896 2 2 6 2 9130 9163 9474
18897 2 2 6 2 9138 9125 9438
18898 2 2 6 2 8968 9269 9506
18899 2 2 6 2 9271 9267 9513
18900 2 2 6 2 9281 9280 9502
18901 2 2 6 2 8874 392 9436
18902 2 2 6 2 357 8873 9435
18903 2 2 6 2 404 8855 9439
18904 2 2 6 2 9360 9042 9464
18905 2 2 6 2 453 8853 9486
18906 2 2 6 2 9432 9149 9440
18907 2 2 6 2 9149 9081 9440
18908 2 2 6 2 9007 8887 9460
18909 2 2 6 2 9428 9081 9450
18910 2 2 6 2 8889 8949 9460
18911 2 2 6 2 9320 9282 9448
18912 2 2 6 2 9042 9043 9464
18913 2 2 6 2 8961 9005 9469
18914 2 2 6 2 9345 8865 9475
18915 2 2 6 2 8854 9248 9443
18916 2 2 6 2 8856 448 9476
18917 2 2 6 2 9032 9037 9441
18918 2 2 6 2 9473 9304 9474
18919 2 2 6 2 9090 9473 9474
18920 2 2 6 2 9141 9428 9450
18921 2 2 6 2 450 8846 9480
18922 2 2 6 2 9313 9311 9485
18923 2 2 6 2 9150 9420 9437
18924 2 2 6 2 8846 451 9483
18925 2 2 6 2 9368 9452 9470
18926 2 2 6 2 9234 9169 9526
18927 2 2 6 2 8893 8895 9444
18928 2 2 6 2 411 9346 9445
18929 2 2 6 2 9156 9174 9503
18930 2 2 6 2 9277 8862 9446
18931 2 2 6 2 360 361 9481
18932 2 2 6 2 9182 8883 9472
18933 2 2 6 2 8857 9510 9543
18934 2 2 6 2 8885 9007 9472
18935 2 2 6 2 8893 9444 9447
18936 2 2 6 2 8891 8893 9447
18937 2 2 6 2 9341 9337 9496
18938 2 2 6 2 9172 9143 9482
18939 2 2 6 2 9132 9245 9453
18940 2 2 6 2 9224 9221 9498
18941 2 2 6 2 9403 9404 9458
18942 2 2 6 2 9142 9165 9482
18943 2 2 6 2 8842 9316 9511
18944 2 2 6 2 436 437 9449
18945 2 2 6 2 361 362 9489
18946 2 2 6 2 9211 9429 9535
18947 2 2 6 2 9025 9074 9450
18948 2 2 6 2 9161 9253 9517
18949 2 2 6 2 9404 9243 9458
18950 2 2 6 2 9038 9042 9451
18951 2 2 6 2 9384 9342 9507
18952 2 2 6 2 445 8866 9497
18953 2 2 6 2 8866 9349 9505
18954 2 2 6 2 9368 8922 9452
18955 2 2 6 2 9450 9074 9454
18956 2 2 6 2 8968 8965 9494
18957 2 2 6 2 9381 9280 9518
18958 2 2 6 2 8922 8923 9452
18959 2 2 6 2 9212 9211 9467
18960 2 2 6 2 9477 8855 9495
18961 2 2 6 2 377 378 9456
18962 2 2 6 2 8992 8960 9455
18963 2 2 6 2 9311 9309 9521
18964 2 2 6 2 9074 9136 9454
18965 2 2 6 2 8853 9182 9491
18966 2 2 6 2 9018 9041 9502
18967 2 2 6 2 9014 8969 9506
18968 2 2 6 2 9091 9138 9508
18969 2 2 6 2 9369 8875 9523
18970 2 2 6 2 409 7 9522
18971 2 2 6 2 7 410 9522
18972 2 2 6 2 8 443 9523
18973 2 2 6 2 442 8 9523
18974 2 2 6 2 9351 8876 9544
18975 2 2 6 2 9188 9160 9470
18976 2 2 6 2 9194 9193 9461
18977 2 2 6 2 9416 8837 9534
18978 2 2 6 2 9135 9201 9459
18979 2 2 6 2 8966 8968 9506
18980 2 2 6 2 9014 9276 9500
18981 2 2 6 2 9017 9090 9457
18982 2 2 6 2 9470 9160 9473
18983 2 2 6 2 8863 9330 9487
18984 2 2 6 2 9405 9398 9543
18985 2 2 6 2 8868 9408 9504
18986 2 2 6 2 9084 9161 9517
18987 2 2 6 2 9071 9407 9529
18988 2 2 6 2 9160 9304 9473
18989 2 2 6 2 8887 8889 9460
18990 2 2 6 2 9265 9411 9529
18991 2 2 6 2 9163 9457 9474
18992 2 2 6 2 9166 9098 9531
18993 2 2 6 2 9391 9071 9529
18994 2 2 6 2 458 5 9533
18995 2 2 6 2 6 394 9532
18996 2 2 6 2 9439 8855 9477
18997 2 2 6 2 9217 9416 9534
18998 2 2 6 2 9128 9250 9540
18999 2 2 6 2 9180 9458 9463
19000 2 2 6 2 9180 9403 9458
19001 2 2 6 2 9163 9164 9462
19002 2 2 6 2 9162 9490 9492
19003 2 2 6 2 9231 9362 9504
19004 2 2 6 2 9126 9430 9494
19005 2 2 6 2 9145 9146 9465
19006 2 2 6 2 9280 9278 9518
19007 2 2 6 2 9275 9154 9500
19008 2 2 6 2 9430 9080 9509
19009 2 2 6 2 9318 9319 9466
19010 2 2 6 2 9220 9212 9467
19011 2 2 6 2 9043 9047 9464
19012 2 2 6 2 9183 8878 9528
19013 2 2 6 2 9407 9071 9521
19014 2 2 6 2 8870 9416 9526
19015 2 2 6 2 9286 8843 9468
19016 2 2 6 2 9412 9180 9463
19017 2 2 6 2 9071 9400 9521
19018 2 2 6 2 9154 9395 9500
19019 2 2 6 2 9397 9128 9540
19020 2 2 6 2 9186 9187 9515
19021 2 2 6 2 9339 9350 9493
19022 2 2 6 2 9005 9068 9469
19023 2 2 6 2 9201 9431 9546
19024 2 2 6 2 9416 9217 9526
19025 2 2 6 2 9304 9130 9474
19026 2 2 6 2 9117 9470 9473
19027 2 2 6 2 9464 9047 9471
19028 2 2 6 2 9361 8872 9546
19029 2 2 6 2 9342 9340 9507
19030 2 2 6 2 9090 9117 9473
19031 2 2 6 2 9350 9339 9505
19032 2 2 6 2 8883 8885 9472
19033 2 2 6 2 9136 9150 9477
19034 2 2 6 2 9117 9368 9470
19035 2 2 6 2 9047 9401 9471
19036 2 2 6 2 8865 9352 9475
19037 2 2 6 2 8855 9345 9495
19038 2 2 6 2 448 449 9476
19039 2 2 6 2 393 6 9532
19040 2 2 6 2 5 356 9533
19041 2 2 6 2 9338 9389 9496
19042 2 2 6 2 9476 449 9480
19043 2 2 6 2 9232 9231 9504
19044 2 2 6 2 9347 8863 9487
19045 2 2 6 2 9429 9206 9519
19046 2 2 6 2 449 450 9480
19047 2 2 6 2 9285 9284 9527
19048 2 2 6 2 9400 9064 9485
19049 2 2 6 2 9438 9477 9495
19050 2 2 6 2 9369 444 9497
19051 2 2 6 2 9471 9401 9479
19052 2 2 6 2 9478 9285 9527
19053 2 2 6 2 9374 9169 9503
19054 2 2 6 2 9483 452 9486
19055 2 2 6 2 9401 9113 9479
19056 2 2 6 2 9143 9142 9482
19057 2 2 6 2 451 452 9483
19058 2 2 6 2 9457 9090 9474
19059 2 2 6 2 8857 360 9481
19060 2 2 6 2 9138 9475 9508
19061 2 2 6 2 9515 9187 9531
19062 2 2 6 2 9479 9113 9484
19063 2 2 6 2 452 453 9486
19064 2 2 6 2 9341 9122 9507
19065 2 2 6 2 9181 9173 9491
19066 2 2 6 2 9224 9363 9512
19067 2 2 6 2 8836 9429 9519
19068 2 2 6 2 9350 8856 9537
19069 2 2 6 2 9408 9364 9514
19070 2 2 6 2 9150 9439 9477
19071 2 2 6 2 9461 9158 9520
19072 2 2 6 2 9113 9140 9484
19073 2 2 6 2 8878 458 9533
19074 2 2 6 2 394 8877 9532
19075 2 2 6 2 9438 9136 9477
19076 2 2 6 2 9319 9434 9478
19077 2 2 6 2 9166 9531 9542
19078 2 2 6 2 9152 9371 9487
19079 2 2 6 2 8872 9459 9546
19080 2 2 6 2 9236 9408 9514
19081 2 2 6 2 9339 9355 9505
19082 2 2 6 2 9484 9140 9488
19083 2 2 6 2 9340 9341 9507
19084 2 2 6 2 8873 9405 9528
19085 2 2 6 2 9405 9183 9528
19086 2 2 6 2 9140 9314 9488
19087 2 2 6 2 362 8847 9489
19088 2 2 6 2 9161 9162 9492
19089 2 2 6 2 9395 9014 9500
19090 2 2 6 2 8847 9374 9503
19091 2 2 6 2 9206 9208 9519
19092 2 2 6 2 9373 8848 9490
19093 2 2 6 2 8877 9186 9541
19094 2 2 6 2 9389 9004 9496
19095 2 2 6 2 9337 9338 9496
19096 2 2 6 2 8965 9126 9494
19097 2 2 6 2 9276 9275 9500
19098 2 2 6 2 9278 9446 9518
19099 2 2 6 2 444 445 9497
19100 2 2 6 2 9364 8840 9514
19101 2 2 6 2 9159 9200 9501
19102 2 2 6 2 9221 9220 9498
19103 2 2 6 2 9344 9369 9497
19104 2 2 6 2 9171 9413 9493
19105 2 2 6 2 9493 9350 9537
19106 2 2 6 2 9348 9347 9499
19107 2 2 6 2 9169 9156 9503
19108 2 2 6 2 9064 9462 9485
19109 2 2 6 2 9499 9352 9544
19110 2 2 6 2 9431 9236 9514
19111 2 2 6 2 9427 8869 9524
19112 2 2 6 2 9349 9350 9505
19113 2 2 6 2 9490 8848 9501
19114 2 2 6 2 8840 9431 9514
19115 2 2 6 2 8878 9435 9528
19116 2 2 6 2 9060 9018 9502
19117 2 2 6 2 9383 9159 9501
19118 2 2 6 2 9208 9418 9519
19119 2 2 6 2 9362 8868 9504
19120 2 2 6 2 9092 9091 9508
19121 2 2 6 2 8969 8966 9506
19122 2 2 6 2 9171 9493 9537
19123 2 2 6 2 9411 9271 9513
19124 2 2 6 2 9253 9161 9547
19125 2 2 6 2 9122 9384 9507
19126 2 2 6 2 8848 9383 9501
19127 2 2 6 2 8996 9411 9513
19128 2 2 6 2 9363 8867 9512
19129 2 2 6 2 9273 8842 9511
19130 2 2 6 2 9386 8996 9513
19131 2 2 6 2 9225 9224 9512
19132 2 2 6 2 9217 9234 9526
19133 2 2 6 2 9080 9386 9509
19134 2 2 6 2 410 9445 9522
19135 2 2 6 2 9284 9469 9527
19136 2 2 6 2 9138 9438 9495
19137 2 2 6 2 9456 8839 9525
19138 2 2 6 2 9151 9152 9536
19139 2 2 6 2 9103 9194 9515
19140 2 2 6 2 9230 9233 9525
19141 2 2 6 2 9214 9427 9524
19142 2 2 6 2 9162 9459 9539
19143 2 2 6 2 9213 9214 9524
19144 2 2 6 2 9384 9155 9530
19145 2 2 6 2 9435 8878 9533
19146 2 2 6 2 8877 9436 9532
19147 2 2 6 2 9187 8860 9542
19148 2 2 6 2 9309 9407 9521
19149 2 2 6 2 9385 8858 9520
19150 2 2 6 2 8876 409 9522
19151 2 2 6 2 8872 9373 9539
19152 2 2 6 2 8875 442 9523
19153 2 2 6 2 9128 9084 9517
19154 2 2 6 2 8851 9466 9536
19155 2 2 6 2 9216 9217 9534
19156 2 2 6 2 9449 8849 9530
19157 2 2 6 2 9103 9515 9531
19158 2 2 6 2 9134 9381 9518
19159 2 2 6 2 9418 8836 9519
19160 2 2 6 2 9446 9134 9518
19161 2 2 6 2 9098 9103 9531
19162 2 2 6 2 9365 8871 9535
19163 2 2 6 2 9167 9540 9545
19164 2 2 6 2 9407 9265 9529
19165 2 2 6 2 9170 9171 9537
19166 2 2 6 2 9167 9397 9540
19167 2 2 6 2 9352 9351 9544
19168 2 2 6 2 9475 9352 9508
19169 2 2 6 2 9196 9405 9543
19170 2 2 6 2 9436 8877 9541
19171 2 2 6 2 9177 9178 9538
19172 2 2 6 2 9445 8876 9522
19173 2 2 6 2 9314 9167 9545
19174 2 2 6 2 9155 9449 9530
19175 2 2 6 2 8874 9436 9541
19176 2 2 6 2 9435 8873 9528
19177 2 2 6 2 8858 9461 9520
19178 2 2 6 2 9233 9456 9525
19179 2 2 6 2 356 9435 9533
19180 2 2 6 2 9436 393 9532
19181 2 2 6 2 9348 9499 9544
19182 2 2 6 2 9459 8872 9539
19183 2 2 6 2 9467 9211 9535
19184 2 2 6 2 9516 8874 9541
19185 2 2 6 2 9466 9151 9536
19186 2 2 6 2 9373 9490 9539
19187 2 2 6 2 9490 9162 9539
19188 2 2 6 2 8871 9467 9535
19189 2 2 6 2 9469 9068 9527
19190 2 2 6 2 9068 9478 9527
19191 2 2 6 2 9531 9187 9542
19192 2 2 6 2 9459 9201 9546
19193 2 2 6 2 9515 9194 9516
19194 2 2 6 2 9161 9492 9547
19195 2 2 6 2 9186 9515 9516
19196 2 2 6 2 9510 9177 9538
19197 2 2 6 2 9196 9510 9538
19198 2 2 6 2 9186 9516 9541
19199 2 2 6 2 9510 9196 9543
$EndElements
